# Blender 4.4.3
# www.blender.org
mtllib GBman.mtl
o GBman
v -1.742250 0.353959 9.175642
v -0.011499 0.358667 9.175642
v -0.011499 0.354808 8.177660
v 1.719253 0.353959 9.175642
v 1.762546 0.340454 8.144244
v -0.011499 0.354808 7.029065
v 2.360111 0.345856 7.029065
v 2.311235 0.345856 7.687827
v 2.276946 0.345856 8.080218
v 2.164198 0.353959 9.175642
v 2.215620 0.345856 10.182652
v 1.760437 0.345856 10.186023
v 1.391402 0.345856 10.191914
v -0.011499 0.354808 9.929736
v 1.100594 0.345856 10.396058
v -0.011499 0.354808 10.218049
v 1.047346 0.345856 10.584100
v -0.011499 0.354808 10.598016
v -0.011499 0.364609 12.671743
v 1.539546 0.345856 10.776565
v 2.095618 0.345856 11.246334
v 2.435790 0.345856 11.900439
v 2.539535 0.345856 12.681081
v 2.415468 0.345856 13.487343
v 2.094872 0.345856 14.203881
v 1.585720 0.345856 14.741097
v 0.868025 0.345856 15.060768
v -0.011499 0.345856 15.164974
v -0.891022 0.345856 15.060768
v -1.608717 0.345856 14.741097
v -2.117869 0.345856 14.203881
v -2.438466 0.345856 13.487343
v -2.562531 0.345856 12.681055
v -2.458787 0.345856 11.900439
v -2.118590 0.345856 11.246231
v -1.562543 0.345856 10.776565
v -1.070343 0.345856 10.584100
v -1.123592 0.345856 10.396058
v -1.414400 0.345856 10.191914
v -1.783434 0.345856 10.186023
v -2.238591 0.345856 10.182652
v -2.187195 0.353959 9.175642
v -2.539920 0.345856 10.188055
v -2.559136 0.353959 9.175642
v -3.291828 0.345856 10.145482
v -3.291828 0.353959 9.175642
v -3.291828 0.345856 8.141106
v -3.729982 0.345856 8.160013
v -3.729957 0.353959 9.175642
v -4.125692 0.353934 9.175642
v -4.125692 0.345856 8.150599
v -4.871992 0.353959 9.175642
v -4.871992 0.345856 8.094057
v -5.447588 0.345856 8.104321
v -5.447512 0.353959 9.175642
v -5.934978 0.345856 8.465485
v -6.158493 0.345856 9.175874
v -5.934850 0.345856 9.840989
v -5.447460 0.345856 10.184994
v -4.871992 0.345856 10.194332
v -4.125692 0.345856 10.136787
v -3.729931 0.345856 10.126961
v 2.516923 0.345856 10.188055
v 2.536139 0.353959 9.175642
v 3.268831 0.345856 10.145482
v 3.268831 0.353959 9.175642
v 3.268831 0.345856 8.141106
v 3.706985 0.345856 8.160013
v 3.706959 0.353959 9.175642
v 4.102695 0.353934 9.175642
v 4.102695 0.345856 8.150599
v 4.849020 0.353959 9.175642
v 4.849020 0.345856 8.094057
v 5.424592 0.345856 8.104321
v 5.424541 0.353959 9.175642
v 5.911982 0.345856 8.465485
v 6.135496 0.345856 9.175874
v 5.911852 0.345856 9.840989
v 5.424463 0.345856 10.184994
v 4.849020 0.345856 10.194357
v 4.102695 0.345856 10.136787
v 3.706934 0.345856 10.126961
v -0.011499 0.354808 5.581275
v 2.553400 0.345857 5.748352
v 2.642198 0.345857 5.057770
v -0.011499 0.345857 4.359033
v 2.719473 0.345857 4.405002
v 0.101609 0.345857 3.960519
v 2.875359 0.345857 3.350041
v 0.208260 0.345857 2.884414
v 2.934190 0.345857 2.896993
v 0.267091 0.345857 2.431366
v 0.329908 0.345857 2.030563
v 2.997007 0.345857 2.496190
v 3.156727 0.345857 1.697851
v 0.409626 0.345857 1.218255
v 3.215094 0.345857 1.031372
v 0.549693 0.345857 0.554400
v 0.893466 0.345857 0.116066
v 3.080893 0.345857 0.534207
v 1.482388 0.345857 -0.039177
v 2.632758 0.345857 0.178318
v 2.555329 0.345856 8.110855
v -1.785543 0.340454 8.144244
v -2.299943 0.345856 8.080218
v -2.578326 0.345856 8.110855
v -2.334233 0.345856 7.687827
v -2.383108 0.345856 7.029065
v -2.576397 0.345857 5.748352
v -2.665195 0.345857 5.057770
v -2.742470 0.345857 4.405002
v -0.124606 0.345857 3.960519
v -2.898356 0.345857 3.350041
v -0.231257 0.345857 2.884414
v -2.957187 0.345857 2.896993
v -0.290088 0.345857 2.431366
v -0.352905 0.345857 2.030563
v -3.020004 0.345857 2.496190
v -3.179749 0.345857 1.697851
v -0.432624 0.345857 1.218255
v -3.238091 0.345857 1.031372
v -0.572690 0.345857 0.554400
v -0.905376 0.345857 0.127307
v -3.092751 0.345857 0.521628
v -1.508394 0.345857 -0.038586
v -2.605516 0.345857 0.168054
v -0.003035 -1.146615 7.406922
v -0.003035 -0.961198 7.896884
v -0.337677 -0.961198 7.741589
v 0.331606 -0.961198 7.741589
v 0.486927 -0.961198 7.406922
v 0.331606 -0.961198 7.072281
v -0.003035 -0.961198 6.916960
v -0.337677 -0.961198 7.072281
v -0.492997 -0.961198 7.406922
v -0.612588 -0.446927 7.406922
v -0.419376 -0.446927 6.990607
v -0.003035 -0.446927 6.797370
v 0.413305 -0.446927 6.990607
v 0.606517 -0.446927 7.406922
v 0.413305 -0.446927 7.823263
v -0.003035 -0.446927 8.016475
v -0.419376 -0.446927 7.823263
v -0.003035 -1.146615 9.155500
v 0.331606 -0.961198 9.490141
v -0.003035 -0.961198 9.645462
v 0.486927 -0.961198 9.155500
v 0.331606 -0.961198 8.820859
v -0.003035 -0.961198 8.665538
v -0.337677 -0.961198 8.820859
v -0.492997 -0.961198 9.155500
v -0.337677 -0.961198 9.490141
v -0.419376 -0.446927 9.571840
v -0.003035 -0.446927 9.765052
v 0.413305 -0.446927 9.571840
v 0.606517 -0.446927 9.155500
v 0.413305 -0.446927 8.739160
v -0.003035 -0.446927 8.545948
v -0.419376 -0.446927 8.739160
v -0.612588 -0.446927 9.155500
v -0.590979 -0.940696 11.923977
v -0.268891 -1.008144 12.054037
v -0.342899 -0.953018 12.178720
v -0.011499 -1.011540 12.116262
v -0.011499 -0.957828 12.262220
v 0.319902 -0.953018 12.178720
v 0.245868 -1.008144 12.054037
v -0.011499 -0.945146 11.975502
v -0.194627 -0.942677 11.934627
v -0.461974 -0.998575 11.854136
v -0.664267 -0.929815 11.627150
v -0.518567 -0.990112 11.624525
v -0.332506 -0.935834 11.789544
v -0.163655 -0.794971 11.890432
v -0.278435 -0.789286 11.768039
v -0.372893 -0.929815 11.627150
v -0.460508 -0.981623 11.392265
v -0.334693 -0.923770 11.467662
v -0.266113 -0.972053 11.191516
v -0.192080 -0.916953 11.316200
v -0.011499 -0.967989 11.134563
v -0.011499 -0.914046 11.278488
v 0.169083 -0.916953 11.316200
v 0.243090 -0.972053 11.191516
v 0.311696 -0.923770 11.467662
v 0.437511 -0.981623 11.392265
v 0.349870 -0.929789 11.626995
v 0.495570 -0.990112 11.624525
v 0.309509 -0.935834 11.789544
v 0.438977 -0.998575 11.854136
v 0.171629 -0.942677 11.934627
v -0.011499 -0.797543 11.922356
v -0.011499 -0.655161 11.988029
v 0.140658 -0.794971 11.890432
v 0.255438 -0.789286 11.768039
v 0.289548 -0.784269 11.633504
v 0.260248 -0.779228 11.504112
v 0.138651 -0.773543 11.373100
v -0.011499 -0.771125 11.343210
v -0.161649 -0.773543 11.373100
v -0.283245 -0.779228 11.504112
v -0.312545 -0.784269 11.633504
v -0.331400 -0.644743 11.802200
v -0.194086 -0.651560 11.947334
v 0.171089 -0.651560 11.947334
v 0.308403 -0.644743 11.802200
v 0.349870 -0.638724 11.639857
v 0.313342 -0.632679 11.480267
v 0.169649 -0.625862 11.328908
v -0.011499 -0.622955 11.290836
v -0.192646 -0.625862 11.328908
v -0.336339 -0.632679 11.480267
v -0.372893 -0.638724 11.639857
v 0.567982 -0.940696 11.923977
v 0.620948 -0.796154 11.958163
v 0.350333 -0.809633 12.235620
v -0.011499 -0.815447 12.327841
v -0.373330 -0.809633 12.235620
v -0.643945 -0.796154 11.958163
v -0.724615 -0.784269 11.633504
v -0.640138 -0.772359 11.298244
v -0.587044 -0.918908 11.322091
v -0.340352 -0.906586 11.072106
v -0.011499 -0.901339 10.995758
v 0.317355 -0.906586 11.072106
v 0.564047 -0.918908 11.322091
v 0.641270 -0.929815 11.627150
v 0.701592 -0.784269 11.633504
v 0.641270 -0.638724 11.639857
v 0.565693 -0.627817 11.334695
v 0.617141 -0.772359 11.298244
v 0.348327 -0.758906 11.027912
v -0.011499 -0.753169 10.943358
v -0.371324 -0.758906 11.027912
v -0.340892 -0.615495 11.084814
v -0.588690 -0.627817 11.334695
v -0.664267 -0.638724 11.639857
v -0.589873 -0.649605 11.936633
v -0.342333 -0.661927 12.191401
v -0.011499 -0.667818 12.274748
v 0.319336 -0.661927 12.191401
v 0.566876 -0.649605 11.936633
v 0.317895 -0.615495 11.084814
v -0.011499 -0.610248 11.008105
v 2.315171 -0.945506 1.313716
v 1.695793 -0.749876 1.569180
v 1.890496 -0.994124 1.391222
v 2.273010 -0.719907 1.023063
v 1.896207 -0.759934 1.142498
v 1.567071 -0.954560 1.163026
v 1.450130 -0.712808 1.369923
v 1.696719 -0.696190 2.262283
v 2.192494 -0.702158 1.535636
v 2.681993 -0.918470 1.503301
v 2.974885 -0.659842 1.439506
v 3.018538 -0.592472 1.042356
v 2.902987 -0.597488 0.636588
v 2.534287 -0.600806 0.349252
v 1.545128 -0.727239 0.868051
v 1.131026 -0.922045 1.140672
v 0.981236 -0.674582 1.436368
v 0.547661 -0.568934 2.059579
v 1.627496 -0.685412 2.669080
v 2.701337 -0.568934 2.861391
v 2.780644 -0.568934 2.458479
v 2.659896 -0.668949 1.758970
v 2.997033 -0.366899 2.496190
v 3.156752 -0.366282 1.697851
v 3.215094 -0.372739 1.031372
v 3.080893 -0.385883 0.534207
v 2.632783 -0.393343 0.178318
v 1.512073 -0.585475 0.155655
v 1.016477 -0.600806 0.276711
v 0.742261 -0.597488 0.607288
v 1.114305 -0.692743 0.932824
v 0.774982 -0.653386 0.872475
v 0.727985 -0.635199 1.216043
v 0.486746 -0.502670 1.230063
v 0.549693 -0.393343 0.554400
v 0.893466 -0.393343 0.116066
v 1.482388 -0.393343 -0.039177
v 1.482388 0.345857 -0.039177
v 2.632758 0.345857 0.178318
v 3.080893 0.345857 0.534207
v 3.215094 0.345857 1.031372
v 3.156727 0.345857 1.697851
v 2.997007 0.345857 2.496190
v 2.934190 -0.366899 2.896993
v 2.875359 -0.366899 3.350041
v 2.658147 -0.561140 3.318555
v 1.559482 -0.677618 3.117240
v 0.426038 -0.568934 2.911861
v 0.499943 -0.568934 2.466942
v 0.329908 -0.366899 2.030563
v 0.267091 -0.366899 2.431340
v 0.208260 -0.366899 2.884414
v 0.295464 -0.568935 3.980070
v 1.367505 -0.685412 4.170400
v 2.526235 -0.568935 4.380178
v 1.111373 -0.685412 4.791605
v 0.214382 -0.568935 4.338120
v 0.101609 -0.366899 3.960519
v 0.208260 0.345857 2.884414
v 0.267091 0.345857 2.431366
v 0.329908 0.345857 2.030563
v 0.409626 -0.366899 1.218255
v 0.409626 0.345857 1.218255
v 0.549693 0.345857 0.554400
v 0.893466 0.345857 0.116066
v -0.011499 -0.568935 4.514765
v -0.011499 -0.717773 5.146852
v -1.134396 -0.685412 4.791605
v -2.471726 -0.568935 5.034850
v -1.600537 -0.662364 5.553417
v -0.780564 -0.710416 5.672518
v -1.539237 -0.934650 5.817549
v -0.760088 -0.974265 5.942310
v -1.475571 -0.662467 6.091817
v -0.739869 -0.693695 6.208886
v -0.011499 -0.717773 5.949306
v -0.011499 -0.990034 5.708711
v 0.750133 -0.963410 5.969140
v 0.741438 -0.693695 5.647335
v 1.579881 -0.937403 5.803504
v 1.492806 -0.668229 6.100537
v 0.758107 -0.688833 6.264347
v -0.011499 -0.717773 6.732675
v 2.144494 -0.568935 7.007868
v 2.072724 -0.574851 7.791339
v -0.011499 -0.741413 8.177660
v 1.724681 -0.684126 8.288350
v -0.011499 -0.742931 9.702466
v 1.727407 -0.694673 9.175642
v 1.293343 -0.568935 10.000709
v 1.791074 -0.576549 9.993171
v 2.108969 -0.659534 9.175642
v 2.083425 -0.574260 8.308414
v 2.276946 -0.366900 8.080218
v 2.555329 -0.366900 8.110855
v 2.548023 -0.568935 8.315128
v 2.527264 -0.659534 9.175642
v 3.260342 -0.561475 8.333880
v 3.254323 -0.652100 9.175642
v 3.705082 -0.561295 8.353045
v 3.704078 -0.651920 9.175642
v 4.119261 -0.659534 9.175642
v 4.112907 -0.568935 8.343347
v 4.307071 -0.663290 8.840769
v 4.566341 -0.661129 8.455760
v 4.571718 -0.906740 8.857284
v 4.753869 -0.921660 9.244222
v 4.550908 -0.676126 9.257341
v 4.352036 -0.662853 9.650247
v 4.620670 -0.905557 9.576368
v 4.551087 -0.639007 9.890893
v 4.906668 -0.644692 9.861003
v 4.861265 -0.682840 9.527081
v 4.986438 -0.698454 9.265624
v 4.806782 -0.672113 8.876885
v 5.005267 -0.680988 8.571029
v 5.384900 -0.583417 8.296633
v 5.752956 -0.593115 8.582810
v 5.921293 -0.607958 9.175718
v 5.752956 -0.593115 9.723483
v 5.384900 -0.583418 9.992682
v 4.851593 -0.502670 10.117161
v 4.113164 -0.568935 9.944038
v 3.705210 -0.561295 9.933928
v 3.259108 -0.561475 9.952785
v 2.513116 -0.568935 9.995023
v 2.198514 -0.568935 9.989647
v 1.828450 -0.366900 10.185353
v 2.215620 -0.366900 10.182652
v 2.516923 -0.366900 10.188055
v 3.268831 -0.359440 10.145482
v 3.706934 -0.359260 10.126961
v 4.102695 -0.366900 10.136787
v 4.849020 -0.366900 10.194357
v 5.424463 -0.366900 10.184994
v 5.911852 -0.366900 9.840989
v 6.135496 -0.366900 9.175874
v 5.911982 -0.366900 8.465458
v 5.424592 -0.366900 8.104321
v 4.851465 -0.502670 8.171281
v 4.840969 -0.667972 8.394203
v -2.167491 -0.568935 7.007868
v -2.092197 -0.651122 6.331357
v -2.169806 -0.651122 6.058710
v -2.383416 -0.568935 5.721393
v -2.383108 -0.366900 7.029065
v -2.317667 -0.366900 7.737396
v -2.095721 -0.574851 7.791339
v -1.747678 -0.684126 8.288350
v -1.750404 -0.694673 9.175642
v -1.316340 -0.568935 10.000709
v -1.814071 -0.576549 9.993171
v -2.131966 -0.659534 9.175642
v -2.106422 -0.574260 8.308414
v -2.299943 -0.366900 8.080218
v -2.334233 0.345856 7.687827
v -2.299943 0.345856 8.080218
v -2.578326 0.345856 8.110855
v -2.578326 -0.366900 8.110855
v -2.571020 -0.568935 8.315128
v -2.550261 -0.659534 9.175642
v -2.221511 -0.568935 9.989647
v -1.851448 -0.366900 10.185353
v -2.238617 -0.366900 10.182652
v -2.536113 -0.568935 9.995023
v -3.282104 -0.561475 9.952785
v -3.277320 -0.652100 9.175642
v -3.283417 -0.561475 8.333880
v -3.291828 -0.359440 8.141132
v -3.291828 0.345856 8.141106
v -3.729982 0.345856 8.160013
v -3.729982 -0.359260 8.160013
v -3.728079 -0.561295 8.353045
v -3.727076 -0.651920 9.175642
v -4.142258 -0.659534 9.175642
v -4.135930 -0.568935 8.343347
v -4.571203 -0.698454 8.980244
v -4.136162 -0.568935 9.944038
v -4.728221 -0.668255 9.343206
v -4.878449 -0.957030 9.145957
v -5.016174 -0.909724 9.488289
v -5.246943 -0.685618 9.535801
v -5.262068 -0.701361 9.210600
v -5.054348 -0.706712 8.822145
v -4.867722 -0.931487 8.732188
v -4.760711 -0.644692 8.386769
v -4.960919 -0.503931 8.174238
v -4.982810 -0.813491 8.393071
v -5.259058 -0.647315 8.400917
v -5.407845 -0.583417 8.296556
v -5.775954 -0.593115 8.582810
v -5.944290 -0.607958 9.175718
v -5.775954 -0.593115 9.723483
v -5.437659 -0.589951 9.996644
v -5.342687 -0.660512 9.820230
v -4.945537 -0.651946 9.844925
v -4.874590 -0.502670 10.117134
v -5.447486 -0.366900 10.184994
v -5.934850 -0.366900 9.840989
v -6.158493 -0.366900 9.175874
v -5.934978 -0.366900 8.465458
v -5.447588 -0.366900 8.104321
v -4.871992 -0.366900 8.094032
v -4.125692 -0.366900 8.150599
v -4.125692 0.345856 8.150599
v -4.871992 0.345856 8.094057
v -5.447588 0.345856 8.104321
v -5.934978 0.345856 8.465485
v -6.158493 0.345856 9.175874
v -5.934850 0.345856 9.840989
v -5.447460 0.345856 10.184994
v -4.871992 0.345856 10.194332
v -4.872018 -0.366900 10.194357
v -4.125692 -0.366900 10.136787
v -3.729931 -0.359260 10.126961
v -3.728233 -0.561295 9.933928
v -3.291828 -0.359440 10.145482
v -3.291828 0.345856 10.145482
v -2.539920 -0.366900 10.188055
v -2.238591 0.345856 10.182652
v -1.783434 0.345856 10.186023
v -1.414400 -0.366900 10.191914
v -1.123592 -0.355170 10.396058
v -0.938663 -0.562684 10.304662
v -0.011499 -0.703111 10.121970
v 0.915666 -0.562684 10.304662
v 1.100594 -0.355170 10.396058
v 1.047346 -0.355067 10.584100
v 0.901286 -0.601038 10.628936
v -0.011499 -0.704217 10.446812
v -0.924283 -0.601038 10.628936
v -0.902289 -0.741259 11.254333
v -0.011499 -0.761581 11.028556
v -0.011499 -0.808347 12.671743
v -1.527199 -0.715638 11.952556
v -1.684191 -0.697554 12.675062
v -1.543739 -0.660589 13.460384
v -0.884411 -0.608885 14.172857
v -0.011499 -0.574980 14.379445
v 0.861414 -0.608885 14.172857
v 1.520742 -0.660589 13.460384
v 1.661194 -0.697554 12.675062
v 1.504201 -0.715638 11.952607
v 0.879292 -0.741259 11.254359
v 1.483005 -0.595739 10.879383
v 1.985572 -0.564356 11.338656
v 2.247029 -0.555276 11.958833
v 2.342721 -0.538787 12.679074
v 2.226758 -0.514529 13.432783
v 1.930111 -0.487339 14.095763
v 1.470272 -0.463982 14.580966
v 0.815266 -0.448496 14.872725
v -0.011499 -0.443069 14.970656
v -0.838263 -0.448496 14.872725
v -1.493269 -0.463982 14.580966
v -1.953134 -0.487339 14.095763
v -2.249755 -0.514529 13.432783
v -2.365719 -0.538787 12.679074
v -2.270026 -0.555302 11.958936
v -2.008569 -0.564356 11.338656
v -1.506002 -0.595739 10.879383
v -1.562543 -0.366540 10.776487
v -2.118615 -0.364405 11.246334
v -2.458813 -0.358257 11.900466
v -2.562531 -0.346038 12.681055
v -2.438466 -0.327826 13.487343
v -2.117869 -0.306887 14.203881
v -1.608717 -0.288263 14.741097
v -0.891022 -0.275992 15.060768
v -0.011499 -0.271799 15.164974
v 0.868025 -0.275992 15.060768
v 1.585720 -0.288263 14.741097
v 2.094872 -0.306887 14.203881
v 2.415468 -0.327826 13.487343
v 2.539535 -0.346038 12.681055
v 2.435790 -0.358257 11.900466
v 2.095618 -0.364405 11.246334
v 1.539546 -0.366540 10.776565
v 1.539546 0.345856 10.776565
v 1.047346 0.345856 10.584100
v 1.100594 0.345856 10.396058
v 1.391402 -0.366900 10.191914
v 1.760437 0.345856 10.186023
v 2.215620 0.345856 10.182652
v 2.516923 0.345856 10.188055
v 3.268831 0.345856 10.145482
v 3.706934 0.345856 10.126961
v 4.102695 0.345856 10.136787
v 4.849020 0.345856 10.194357
v 5.424463 0.345856 10.184994
v 5.911852 0.345856 9.840989
v 6.135496 0.345856 9.175874
v 5.911982 0.345856 8.465485
v 5.424592 0.345856 8.104321
v 4.849020 -0.366900 8.094057
v 4.102695 -0.366900 8.150599
v 3.706985 -0.359260 8.160013
v 3.268831 -0.359440 8.141132
v 2.555329 0.345856 8.110855
v 2.276946 0.345856 8.080218
v 2.311235 0.345856 7.687827
v 2.294669 -0.366900 7.737396
v 2.360111 -0.366900 7.029065
v 2.360420 -0.568935 5.721393
v 2.187247 -0.646518 5.893717
v 1.666159 -0.662081 5.509223
v -0.011499 -0.717773 5.423280
v 2.448729 -0.568935 5.034850
v 2.553400 -0.366900 5.748352
v 2.553400 0.345857 5.748352
v 2.360111 0.345856 7.029065
v 2.642198 -0.366900 5.057770
v 2.642198 0.345857 5.057770
v 2.719473 0.345857 4.405002
v 2.719499 -0.366900 4.405002
v 2.875359 0.345857 3.350041
v 2.934190 0.345857 2.896993
v -2.576397 -0.366900 5.748352
v -2.576397 0.345857 5.748352
v -2.665195 0.345857 5.057770
v -2.665221 -0.366900 5.057770
v -2.549232 -0.568935 4.380178
v -1.390502 -0.685412 4.170400
v -0.237380 -0.568935 4.338120
v -0.011499 -0.366900 4.359033
v -0.011499 0.345857 4.359033
v -0.124606 -0.366899 3.960519
v -0.318487 -0.568935 3.980070
v -1.582479 -0.677618 3.117240
v -2.681144 -0.561140 3.318555
v -2.742496 -0.366900 4.405002
v -2.742470 0.345857 4.405002
v -2.898356 0.345857 3.350041
v -2.898356 -0.366899 3.350041
v -2.724335 -0.568934 2.861391
v -1.650493 -0.685412 2.669080
v -1.719716 -0.696190 2.262283
v -2.803641 -0.568934 2.458479
v -2.691357 -0.668949 1.858059
v -2.341178 -0.702158 1.581604
v -2.719113 -0.918470 1.588781
v -2.378323 -0.945506 1.366039
v -1.877120 -0.749876 1.621579
v -1.558607 -0.712808 1.369563
v -1.913494 -0.994124 1.391222
v -2.415777 -0.719907 1.120427
v -1.952388 -0.759934 1.168248
v -1.590093 -0.954560 1.163026
v -1.069520 -0.674582 1.363595
v -1.154023 -0.922045 1.140672
v -1.620756 -0.727239 0.893466
v -2.507045 -0.600806 0.338989
v -2.914819 -0.597488 0.624009
v -3.041561 -0.592446 1.042356
v -3.005676 -0.659842 1.538105
v -3.020030 -0.366899 2.496190
v -3.179749 -0.366282 1.697851
v -3.238091 -0.372739 1.031372
v -3.092751 -0.385883 0.521628
v -2.605542 -0.393343 0.168054
v -1.538080 -0.585475 0.156247
v -1.028388 -0.600806 0.287953
v -0.765258 -0.597488 0.607288
v -1.235645 -0.692743 0.925338
v -0.876257 -0.653386 0.831960
v -0.789696 -0.635199 1.156184
v -0.570658 -0.568934 2.059579
v -0.522940 -0.568934 2.466942
v -0.449035 -0.568934 2.911861
v -0.231257 -0.366899 2.884414
v -0.231257 0.345857 2.884414
v -0.124606 0.345857 3.960519
v 0.101609 0.345857 3.960519
v -4.125692 0.345856 10.136787
v -3.729931 0.345856 10.126961
v -2.539920 0.345856 10.188055
v 2.017675 -0.646518 6.293131
v -0.905376 -0.393343 0.127307
v -0.572690 -0.393343 0.554400
v -0.509744 -0.502670 1.230063
v -0.432624 -0.366899 1.218255
v -0.432624 0.345857 1.218255
v -0.572690 0.345857 0.554400
v -0.905376 0.345857 0.127307
v -1.508394 -0.393343 -0.038586
v -1.508394 0.345857 -0.038586
v -2.605516 0.345857 0.168054
v -3.092751 0.345857 0.521628
v -3.238091 0.345857 1.031372
v -3.179749 0.345857 1.697851
v -3.020004 0.345857 2.496190
v -2.957187 -0.366899 2.896993
v -2.957187 0.345857 2.896993
v -1.070343 -0.355067 10.584100
v -1.562543 0.345856 10.776565
v -2.118590 0.345856 11.246231
v -2.458787 0.345856 11.900439
v -2.562531 0.345856 12.681055
v -2.438466 0.345856 13.487343
v -2.117869 0.345856 14.203881
v -1.608717 0.345856 14.741097
v -0.891022 0.345856 15.060768
v -0.011499 0.345856 15.164974
v 0.868025 0.345856 15.060768
v 1.585720 0.345856 14.741097
v 2.094872 0.345856 14.203881
v 2.415468 0.345856 13.487343
v 2.539535 0.345856 12.681081
v 2.435790 0.345856 11.900439
v 2.095618 0.345856 11.246334
v -1.123592 0.345856 10.396058
v -1.414400 0.345856 10.191914
v -0.352905 -0.366899 2.030563
v -0.290088 -0.366899 2.431340
v -0.290088 0.345857 2.431366
v -0.352905 0.345857 2.030563
v -1.070343 0.345856 10.584100
v -2.383108 0.345856 7.029065
v 1.391402 0.345856 10.191914
v 3.268831 0.345856 8.141106
v 3.706985 0.345856 8.160013
v 4.102695 0.345856 8.150599
v 4.849020 0.345856 8.094057
v -0.849401 -0.916953 12.877663
v -0.614748 -0.863165 12.707216
v -0.559365 -0.863165 12.877663
v -0.759779 -0.863164 12.601851
v -0.939023 -0.863164 12.601851
v -1.084028 -0.863165 12.707216
v -1.139412 -0.863165 12.877663
v -1.084028 -0.863165 13.048134
v -0.939023 -0.863165 13.153500
v -0.759779 -0.863165 13.153500
v -0.614748 -0.863165 13.048134
v -0.449267 -0.714712 12.877663
v -0.525692 -0.714712 12.642495
v -0.725747 -0.714712 12.497232
v -0.973030 -0.714687 12.497078
v -1.173110 -0.714712 12.642495
v -1.249510 -0.714712 12.877663
v -1.173110 -0.714712 13.112856
v -0.973030 -0.714712 13.258222
v -0.725747 -0.714712 13.258222
v -0.525692 -0.714712 13.112856
v -0.449267 -0.375158 12.877663
v -0.525692 -0.375158 12.642495
v -0.725747 -0.375158 12.497130
v -0.973030 -0.375158 12.497130
v -1.173110 -0.375158 12.642495
v -1.249510 -0.375158 12.877663
v -1.173110 -0.375158 13.112856
v -0.973030 -0.375158 13.258222
v -0.725747 -0.375158 13.258222
v -0.525692 -0.375158 13.112856
v 0.635970 -0.863165 12.709223
v 0.870598 -0.916953 12.879695
v 0.580561 -0.863165 12.879695
v 0.780976 -0.863164 12.603883
v 0.960220 -0.863164 12.603883
v 1.105225 -0.863165 12.709223
v 1.160608 -0.863165 12.879695
v 1.105225 -0.863165 13.050167
v 0.960220 -0.863165 13.155531
v 0.780976 -0.863165 13.155531
v 0.635970 -0.863165 13.050167
v 0.470463 -0.714712 12.879695
v 0.546889 -0.714712 13.114887
v 0.746943 -0.714712 13.260253
v 0.994226 -0.714712 13.260253
v 1.194306 -0.714712 13.114887
v 1.270706 -0.714712 12.879695
v 1.194306 -0.714712 12.644526
v 0.994226 -0.714712 12.499162
v 0.746943 -0.714712 12.499162
v 0.546889 -0.714712 12.644526
v 0.546889 -0.375158 12.644526
v 0.470463 -0.375158 12.879695
v 0.546889 -0.375158 13.114887
v 0.746943 -0.375158 13.260253
v 0.994226 -0.375158 13.260253
v 1.194306 -0.375158 13.114887
v 1.270706 -0.375158 12.879695
v 1.194306 -0.375158 12.644526
v 0.994226 -0.375158 12.499162
v 0.746943 -0.375158 12.499162
v 0.821902 -0.818714 13.973267
v 1.080839 -0.818379 13.743270
v 1.118884 -0.818328 13.927195
v 0.781439 -0.818765 13.798781
v 0.608523 -0.815061 13.831862
v 0.626556 -0.814752 13.952508
v 0.588073 -0.812720 13.913845
v 0.513113 -0.749697 13.883850
v 0.602967 -0.749491 14.027081
v 0.827150 -0.749362 14.039170
v 1.134601 -0.749079 14.002257
v 1.402078 -0.817711 13.822731
v 1.352405 -0.817582 13.659564
v 1.496613 -0.812180 13.579306
v 1.553746 -0.812334 13.721893
v 1.565193 -0.810019 13.629493
v 1.609386 -0.747819 13.780672
v 1.635959 -0.747407 13.598959
v 1.671895 -0.452715 13.791733
v 1.428316 -0.748411 13.888943
v 1.477526 -0.453230 13.904660
v 1.139823 -0.454053 14.052959
v 0.805053 -0.454258 14.080329
v 0.557693 -0.454439 14.054862
v 0.429382 -0.454722 13.904172
v 1.061957 -0.749105 13.668465
v 0.776654 -0.749671 13.709854
v 0.575571 -0.749825 13.733803
v 0.588073 -0.812720 13.913845
v 0.513113 -0.749697 13.883850
v 0.429382 -0.454722 13.904172
v 0.520290 -0.454876 13.707925
v 0.723457 -0.454799 13.672632
v 1.057970 -0.454181 13.630497
v 1.324906 -0.748179 13.581235
v 1.495172 -0.747433 13.497916
v 1.635959 -0.747407 13.598959
v 1.565193 -0.810019 13.629493
v 1.714622 -0.452226 13.568990
v 1.529797 -0.452278 13.451304
v 1.334476 -0.452689 13.514610
v 1.714622 -0.452226 13.568990
v -1.340984 -0.816913 13.638495
v -1.497539 -0.812592 13.571100
v -1.496227 -0.748282 13.489349
v -1.317241 -0.747896 13.565749
v -1.074510 -0.816399 13.733057
v -1.045185 -0.747433 13.659359
v -0.785709 -0.816167 13.776325
v -0.777503 -0.747150 13.694652
v -0.612150 -0.812231 13.794743
v -0.573745 -0.747073 13.721893
v -0.588304 -0.809711 13.866435
v -0.511287 -0.746661 13.871812
v -0.427916 -0.451583 13.888892
v -0.517358 -0.452098 13.699796
v -0.721734 -0.452201 13.660285
v -1.047037 -0.452484 13.619949
v -1.335916 -0.453152 13.504295
v -1.531417 -0.453435 13.441144
v -1.716217 -0.453075 13.558779
v -1.637014 -0.747948 13.590393
v -1.566119 -0.810251 13.621262
v -1.396856 -0.816424 13.798010
v -1.118704 -0.815807 13.917368
v -1.133547 -0.746353 13.992020
v -1.427467 -0.746867 13.868287
v -1.554672 -0.812051 13.713661
v -1.566119 -0.810251 13.621262
v -1.610415 -0.747279 13.772055
v -1.673464 -0.452252 13.781469
v -1.637014 -0.747948 13.590393
v -1.716217 -0.453075 13.558779
v -1.479069 -0.451789 13.894346
v -1.145122 -0.451172 14.037421
v -0.803330 -0.451094 14.067698
v -0.825478 -0.746224 14.026926
v -0.820153 -0.815704 13.954823
v -0.624163 -0.811691 13.932752
v -0.599674 -0.746276 14.008868
v -0.556047 -0.451172 14.042361
v -0.511287 -0.746661 13.871812
v -0.588304 -0.809711 13.866435
v -0.427916 -0.451583 13.888892
vn -0.0023 1.0000 -0.0017
vn -0.0000 1.0000 0.0013
vn -0.0000 1.0000 -0.0035
vn 0.0023 1.0000 -0.0017
vn -0.0005 1.0000 -0.0042
vn 0.0002 1.0000 0.0012
vn 0.0018 1.0000 0.0024
vn -0.0105 0.9999 -0.0008
vn -0.0071 1.0000 -0.0053
vn -0.0008 1.0000 -0.0009
vn -0.0001 1.0000 0.0080
vn 0.0009 1.0000 0.0087
vn 0.0018 0.9999 0.0104
vn -0.0000 1.0000 0.0033
vn 0.0062 1.0000 0.0048
vn -0.0000 1.0000 0.0001
vn 0.0062 1.0000 -0.0031
vn -0.0000 1.0000 -0.0024
vn -0.0000 1.0000 0.0002
vn 0.0040 1.0000 -0.0066
vn 0.0058 1.0000 -0.0046
vn 0.0070 1.0000 -0.0022
vn 0.0074 1.0000 0.0001
vn 0.0070 1.0000 0.0021
vn 0.0060 1.0000 0.0040
vn 0.0042 1.0000 0.0058
vn 0.0020 1.0000 0.0071
vn -0.0000 1.0000 0.0075
vn -0.0020 1.0000 0.0071
vn -0.0042 1.0000 0.0058
vn -0.0060 1.0000 0.0040
vn -0.0070 1.0000 0.0021
vn -0.0074 1.0000 0.0001
vn -0.0070 1.0000 -0.0022
vn -0.0058 1.0000 -0.0046
vn -0.0040 1.0000 -0.0066
vn -0.0062 1.0000 -0.0031
vn -0.0062 1.0000 0.0048
vn -0.0018 0.9999 0.0104
vn -0.0009 1.0000 0.0087
vn 0.0001 1.0000 0.0080
vn 0.0008 1.0000 -0.0009
vn -0.0002 1.0000 0.0080
vn -0.0001 1.0000 0.0002
vn -0.0003 1.0000 0.0082
vn -0.0000 1.0000 0.0003
vn -0.0003 1.0000 -0.0078
vn -0.0001 1.0000 -0.0079
vn 0.0003 1.0000 -0.0078
vn 0.0001 1.0000 0.0002
vn 0.0002 1.0000 -0.0075
vn -0.0021 1.0000 -0.0075
vn -0.0046 1.0000 0.0002
vn -0.0077 1.0000 -0.0061
vn -0.0114 0.9999 0.0001
vn -0.0078 0.9999 0.0064
vn -0.0022 1.0000 0.0080
vn 0.0002 1.0000 0.0080
vn 0.0003 1.0000 0.0083
vn -0.0001 1.0000 0.0084
vn 0.0003 1.0000 0.0082
vn 0.0001 1.0000 -0.0079
vn -0.0002 1.0000 -0.0075
vn 0.0021 1.0000 -0.0075
vn 0.0046 1.0000 0.0002
vn 0.0077 1.0000 -0.0061
vn 0.0114 0.9999 0.0001
vn 0.0078 0.9999 0.0064
vn 0.0022 1.0000 0.0080
vn -0.0003 1.0000 0.0083
vn 0.0001 1.0000 0.0084
vn -0.0000 1.0000 -0.0031
vn 0.0035 1.0000 0.0005
vn 0.0017 1.0000 -0.0009
vn -0.0000 1.0000 -0.0034
vn -0.0000 1.0000 -0.0000
vn 0.0005 1.0000 -0.0075
vn 0.0007 1.0000 -0.0021
vn 0.0071 1.0000 -0.0053
vn -0.0005 1.0000 -0.0075
vn 0.0009 1.0000 0.0037
vn -0.0037 1.0000 0.0003
vn -0.0035 1.0000 0.0005
vn -0.0017 1.0000 -0.0009
vn -0.0000 -1.0000 -0.0000
vn -0.0000 -0.6015 0.7989
vn -0.5634 -0.6043 0.5634
vn 0.5634 -0.6043 0.5634
vn 0.7989 -0.6015 -0.0000
vn 0.5634 -0.6043 -0.5634
vn -0.0000 -0.6015 -0.7989
vn -0.5634 -0.6043 -0.5634
vn -0.7989 -0.6015 -0.0000
vn -0.9740 -0.2265 -0.0000
vn -0.6899 -0.2192 -0.6899
vn -0.0000 -0.2265 -0.9740
vn 0.6899 -0.2192 -0.6899
vn 0.9740 -0.2265 -0.0000
vn 0.6899 -0.2192 0.6899
vn -0.0000 -0.2265 0.9740
vn -0.6899 -0.2192 0.6899
vn -0.6457 -0.6884 0.3304
vn -0.0367 -0.9992 0.0178
vn -0.3718 -0.6975 0.6125
vn -0.0000 -0.9999 0.0156
vn -0.0000 -0.7068 0.7074
vn 0.3718 -0.6975 0.6125
vn 0.0367 -0.9992 0.0178
vn -0.0000 -0.7001 -0.7140
vn 0.3259 -0.7154 -0.6181
vn -0.0567 -0.9984 -0.0077
vn -0.7344 -0.6781 -0.0271
vn -0.0592 -0.9976 -0.0371
vn 0.5900 -0.7261 -0.3530
vn 0.4891 0.0388 -0.8714
vn 0.8767 0.0184 -0.4807
vn 0.6758 -0.7365 -0.0296
vn -0.0528 -0.9961 -0.0713
vn 0.5941 -0.7505 0.2896
vn -0.0289 -0.9937 -0.1084
vn 0.3319 -0.7664 0.5500
vn -0.0000 -0.9952 -0.0983
vn -0.0000 -0.7529 0.6582
vn -0.3319 -0.7664 0.5501
vn 0.0288 -0.9937 -0.1084
vn -0.5941 -0.7505 0.2896
vn 0.0528 -0.9961 -0.0712
vn -0.6759 -0.7364 -0.0294
vn 0.0592 -0.9976 -0.0371
vn -0.5900 -0.7261 -0.3530
vn 0.0567 -0.9984 -0.0077
vn -0.3259 -0.7154 -0.6181
vn -0.0000 0.0451 -0.9990
vn -0.0000 0.4131 -0.9107
vn -0.4891 0.0388 -0.8714
vn -0.8767 0.0185 -0.4807
vn -0.9999 0.0017 -0.0121
vn -0.8852 -0.0141 0.4649
vn -0.4853 -0.0377 0.8736
vn -0.0000 -0.0437 0.9990
vn 0.4853 -0.0377 0.8736
vn 0.8852 -0.0141 0.4649
vn 0.9999 0.0017 -0.0120
vn 0.8104 0.3989 -0.4291
vn 0.4627 0.4110 -0.7855
vn -0.4627 0.4110 -0.7855
vn -0.8104 0.3988 -0.4291
vn -0.9240 0.3824 0.0023
vn -0.8148 0.3653 0.4501
vn -0.4498 0.3438 0.8243
vn -0.0000 0.3333 0.9428
vn 0.4498 0.3438 0.8243
vn 0.8148 0.3653 0.4502
vn 0.9239 0.3825 0.0022
vn 0.6457 -0.6883 0.3304
vn 0.8745 -0.0170 0.4848
vn 0.5014 -0.0368 0.8644
vn -0.0000 -0.0453 0.9990
vn -0.5014 -0.0368 0.8644
vn -0.8745 -0.0170 0.4848
vn -1.0000 -0.0002 -0.0011
vn -0.8704 0.0153 -0.4922
vn -0.6386 -0.6641 -0.3888
vn -0.3602 -0.6422 -0.6766
vn -0.0000 -0.6389 -0.7693
vn 0.3602 -0.6422 -0.6766
vn 0.6386 -0.6641 -0.3888
vn 0.7345 -0.6781 -0.0271
vn 1.0000 -0.0002 -0.0011
vn 0.9237 0.3828 0.0155
vn 0.8065 0.3985 -0.4368
vn 0.8704 0.0153 -0.4922
vn 0.4904 0.0367 -0.8707
vn -0.0000 0.0447 -0.9990
vn -0.4904 0.0367 -0.8707
vn -0.4508 0.4105 -0.7926
vn -0.8065 0.3985 -0.4368
vn -0.9236 0.3829 0.0156
vn -0.8052 0.3651 0.4673
vn -0.4617 0.3428 0.8181
vn -0.0000 0.3384 0.9410
vn 0.4617 0.3428 0.8181
vn 0.8052 0.3651 0.4673
vn 0.4508 0.4105 -0.7926
vn -0.0000 0.4116 -0.9113
vn 0.1191 -0.9904 -0.0694
vn -0.1639 -0.9314 0.3249
vn 0.0227 -0.9667 0.2549
vn 0.1204 -0.9339 -0.3366
vn 0.1060 -0.8570 -0.5042
vn 0.0055 -0.9946 -0.1034
vn -0.1737 -0.8647 0.4713
vn -0.0095 -0.9988 0.0481
vn -0.0062 -0.8847 0.4661
vn 0.3165 -0.9405 0.1237
vn 0.6264 -0.7795 -0.0038
vn 0.5333 -0.8414 -0.0873
vn 0.4295 -0.8584 -0.2804
vn 0.2061 -0.8609 -0.4651
vn 0.0302 -0.9299 -0.3665
vn -0.2369 -0.9704 -0.0479
vn -0.1907 -0.9442 0.2687
vn -0.4218 -0.9064 -0.0211
vn -0.0015 -0.9998 0.0194
vn 0.3843 -0.9207 0.0673
vn 0.4045 -0.9068 0.1186
vn 0.1233 -0.9436 0.3072
vn 0.9019 -0.3954 0.1737
vn 0.9386 -0.3167 0.1365
vn 0.9351 -0.3453 -0.0789
vn 0.7852 -0.3542 -0.5080
vn 0.3922 -0.3546 -0.8488
vn 0.0015 -0.8655 -0.5009
vn -0.2629 -0.8640 -0.4294
vn -0.4510 -0.8566 -0.2506
vn -0.0739 -0.8581 -0.5081
vn -0.4667 -0.8671 -0.1744
vn -0.4692 -0.8823 0.0364
vn -0.7162 -0.6950 -0.0638
vn -0.8480 -0.3523 -0.3960
vn -0.5156 -0.3503 -0.7819
vn -0.0312 -0.3643 -0.9308
vn -0.0354 -0.0000 -0.9994
vn 0.4160 -0.0000 -0.9094
vn 0.8356 -0.0000 -0.5494
vn 0.9961 -0.0000 -0.0880
vn 0.9899 -0.0000 0.1419
vn 0.9845 -0.0000 0.1756
vn 0.8996 -0.4159 0.1331
vn 0.9032 -0.4111 0.1236
vn 0.4044 -0.9130 0.0538
vn 0.0036 -1.0000 0.0068
vn -0.4053 -0.9126 -0.0532
vn -0.3890 -0.9193 -0.0589
vn -0.9062 -0.4079 -0.1110
vn -0.9007 -0.4135 -0.1330
vn -0.9110 -0.3981 -0.1078
vn -0.4211 -0.9042 -0.0709
vn 0.0029 -1.0000 -0.0021
vn 0.4299 -0.9014 0.0511
vn 0.0150 -0.9997 0.0208
vn -0.3394 -0.9201 -0.1954
vn -0.9071 -0.3864 -0.1668
vn -0.9935 -0.0000 -0.1137
vn -0.9899 -0.0000 -0.1418
vn -0.9920 -0.0000 -0.1263
vn -0.9558 -0.2683 -0.1205
vn -0.9883 -0.0000 -0.1523
vn -0.9062 -0.0000 -0.4228
vn -0.5495 -0.0000 -0.8355
vn -0.0000 -0.9201 -0.3917
vn 0.0024 -0.9955 -0.0949
vn -0.0150 -0.9997 0.0208
vn -0.4292 -0.9018 0.0495
vn -0.1428 -0.9387 -0.3139
vn -0.0665 -0.8935 -0.4442
vn -0.1610 -0.9796 -0.1200
vn -0.0169 -0.9921 0.1240
vn 0.0084 -0.8891 0.4577
vn -0.0156 -0.9337 0.3578
vn -0.0053 -0.8778 0.4789
vn -0.0005 -0.9955 -0.0949
vn 0.0007 -0.9898 0.1426
vn 0.0608 -0.9180 -0.3919
vn 0.1380 -0.9851 -0.1027
vn 0.0172 -0.8988 0.4381
vn 0.0065 -0.9567 0.2910
vn -0.0009 -1.0000 0.0041
vn 0.3966 -0.9156 0.0664
vn 0.4181 -0.9084 -0.0100
vn -0.0000 -0.9997 -0.0225
vn 0.1289 -0.9880 -0.0849
vn -0.0000 -0.9971 0.0767
vn 0.0617 -0.9961 0.0633
vn 0.1332 -0.9124 0.3870
vn 0.0142 -0.8894 0.4570
vn 0.0560 -0.9981 0.0254
vn 0.2654 -0.9499 -0.1649
vn 0.6387 -0.5826 -0.5026
vn 0.0617 -0.3971 -0.9157
vn 0.0199 -0.9030 -0.4292
vn 0.0061 -1.0000 0.0033
vn 0.0199 -0.8962 -0.4432
vn 0.0061 -1.0000 0.0045
vn -0.0043 -0.8993 -0.4373
vn -0.0090 -0.9999 0.0046
vn -0.0588 -0.9983 0.0020
vn -0.0727 -0.8848 -0.4603
vn -0.3498 -0.9336 -0.0777
vn -0.1792 -0.8747 -0.4503
vn -0.1650 -0.9804 -0.1077
vn 0.1485 -0.9888 -0.0160
vn -0.5383 -0.8427 0.0134
vn -0.3376 -0.9311 0.1382
vn -0.1194 -0.9737 0.1942
vn -0.1142 -0.8448 0.5227
vn 0.1238 -0.9264 0.3555
vn 0.4646 -0.8693 0.1687
vn 0.3369 -0.9414 0.0186
vn 0.4427 -0.8966 0.0144
vn 0.2291 -0.9692 -0.0907
vn 0.2158 -0.8488 -0.4828
vn 0.4166 -0.8582 -0.3001
vn 0.5016 -0.8651 0.0049
vn 0.4142 -0.8537 0.3157
vn 0.1816 -0.8492 0.4959
vn 0.0129 -0.6852 0.7283
vn -0.0861 -0.8834 0.4606
vn -0.0046 -0.8973 0.4414
vn 0.0259 -0.8957 0.4438
vn 0.0131 -0.8934 0.4491
vn 0.0043 -0.8963 0.4433
vn 0.0125 -0.3654 0.9308
vn -0.0052 -0.3731 0.9278
vn 0.0198 -0.3702 0.9288
vn 0.0478 -0.3716 0.9271
vn 0.0046 -0.3729 0.9278
vn -0.0631 -0.3687 0.9274
vn -0.0095 -0.2695 0.9630
vn 0.2876 -0.3380 0.8961
vn 0.7572 -0.3308 0.5633
vn 0.9425 -0.3340 0.0088
vn 0.7691 -0.3307 -0.5469
vn 0.3096 -0.3281 -0.8925
vn -0.0532 -0.6588 -0.7504
vn 0.0148 -0.8811 -0.4726
vn -0.3956 -0.9160 0.0663
vn -0.2224 -0.9637 0.1475
vn -0.4361 -0.8997 0.0213
vn -0.4701 -0.8819 0.0350
vn -0.9096 -0.3997 0.1135
vn -0.9133 -0.4024 0.0627
vn -0.4181 -0.9084 -0.0100
vn -0.1289 -0.9880 -0.0849
vn -0.0617 -0.9961 0.0633
vn -0.1332 -0.9124 0.3870
vn -0.0142 -0.8894 0.4570
vn -0.0560 -0.9981 0.0254
vn -0.2654 -0.9499 -0.1649
vn -0.6387 -0.5826 -0.5026
vn -0.9971 -0.0121 0.0753
vn -0.7731 -0.0000 -0.6342
vn -0.0759 -0.0000 -0.9971
vn -0.0617 -0.3971 -0.9157
vn -0.0199 -0.9030 -0.4292
vn -0.0061 -1.0000 0.0033
vn -0.0043 -0.8963 0.4433
vn -0.0125 -0.3654 0.9308
vn 0.0052 -0.3731 0.9278
vn -0.0131 -0.8934 0.4491
vn -0.0259 -0.8957 0.4438
vn -0.0061 -1.0000 0.0045
vn -0.0199 -0.8962 -0.4432
vn -0.0393 -0.3726 -0.9272
vn -0.0427 -0.0000 -0.9991
vn -0.0097 -0.0000 -1.0000
vn -0.0054 -0.3729 -0.9279
vn 0.0043 -0.8993 -0.4373
vn 0.0090 -0.9999 0.0046
vn 0.0471 -0.9987 0.0200
vn 0.0624 -0.8895 -0.4526
vn 0.3715 -0.9284 -0.0032
vn 0.0569 -0.8968 0.4387
vn 0.4170 -0.8766 0.2400
vn 0.0994 -0.9917 0.0815
vn -0.0412 -0.9784 0.2026
vn -0.4402 -0.8968 -0.0439
vn -0.3295 -0.9434 -0.0374
vn -0.5292 -0.8451 -0.0757
vn 0.0039 -0.9810 -0.1938
vn 0.3109 -0.8094 -0.4982
vn 0.0238 -0.6125 -0.7901
vn -0.0924 -0.8704 -0.4836
vn -0.3570 -0.9046 -0.2330
vn -0.2268 -0.8371 -0.4978
vn -0.4244 -0.8518 -0.3071
vn -0.5159 -0.8567 0.0054
vn -0.4280 -0.8460 0.3181
vn -0.2389 -0.8095 0.5363
vn -0.3722 -0.9082 0.1916
vn 0.1210 -0.9029 0.4125
vn 0.0035 -0.6956 0.7185
vn -0.2889 -0.3232 0.9012
vn -0.7572 -0.3308 0.5632
vn -0.9425 -0.3340 0.0088
vn -0.7691 -0.3307 -0.5469
vn -0.3111 -0.3266 -0.8925
vn 0.0510 -0.2883 -0.9562
vn 0.0497 -0.3762 -0.9252
vn 0.0497 -0.0000 -0.9988
vn 0.0289 -0.0000 -0.9996
vn -0.3219 -0.0000 -0.9468
vn -0.8145 -0.0000 -0.5802
vn -1.0000 -0.0000 0.0098
vn -0.8019 -0.0000 0.5974
vn -0.3102 -0.0000 0.9507
vn 0.0304 -0.0000 0.9995
vn 0.0125 -0.2671 0.9636
vn 0.0630 -0.3687 0.9274
vn -0.0046 -0.3729 0.9278
vn 0.0046 -0.8973 0.4414
vn -0.0478 -0.3716 0.9271
vn -0.0494 -0.0000 0.9988
vn -0.0198 -0.3702 0.9288
vn 0.0053 -0.0001 1.0000
vn -0.0118 -0.0000 0.9999
vn -0.2593 -0.4232 0.8682
vn -0.7384 -0.4163 0.5306
vn -0.3562 -0.9200 0.1632
vn -0.0000 -0.9987 0.0518
vn 0.3562 -0.9200 0.1632
vn 0.7384 -0.4163 0.5306
vn 0.7962 -0.3478 -0.4951
vn 0.3450 -0.8900 -0.2982
vn -0.0000 -0.9970 -0.0777
vn -0.3449 -0.8900 -0.2982
vn -0.0951 -0.9900 -0.1039
vn -0.0000 -0.9976 -0.0688
vn -0.0000 -0.9990 0.0454
vn -0.1383 -0.9895 -0.0409
vn -0.1542 -0.9874 0.0350
vn -0.1282 -0.9855 0.1113
vn -0.0509 -0.9837 0.1726
vn -0.0000 -0.9828 0.1846
vn 0.0509 -0.9837 0.1726
vn 0.1282 -0.9855 0.1113
vn 0.1542 -0.9874 0.0350
vn 0.1383 -0.9895 -0.0409
vn 0.0951 -0.9900 -0.1039
vn 0.3518 -0.7807 -0.5165
vn 0.4716 -0.8198 -0.3248
vn 0.4848 -0.8669 -0.1157
vn 0.4958 -0.8679 0.0289
vn 0.4612 -0.8723 0.1622
vn 0.3809 -0.8754 0.2977
vn 0.2598 -0.8777 0.4027
vn 0.1120 -0.8789 0.4637
vn -0.0000 -0.8833 0.4688
vn -0.1120 -0.8789 0.4637
vn -0.2598 -0.8777 0.4027
vn -0.3809 -0.8754 0.2977
vn -0.4612 -0.8723 0.1622
vn -0.4958 -0.8679 0.0289
vn -0.4848 -0.8669 -0.1157
vn -0.4716 -0.8198 -0.3248
vn -0.3518 -0.7808 -0.5164
vn -0.5031 -0.2243 -0.8346
vn -0.7547 -0.2883 -0.5893
vn -0.8935 -0.3617 -0.2663
vn -0.9267 -0.3755 0.0171
vn -0.8835 -0.3822 0.2708
vn -0.7607 -0.3865 0.5215
vn -0.5252 -0.3894 0.7566
vn -0.2394 -0.3953 0.8868
vn -0.0000 -0.3990 0.9169
vn 0.2394 -0.3953 0.8868
vn 0.5252 -0.3894 0.7566
vn 0.7607 -0.3865 0.5215
vn 0.8835 -0.3821 0.2708
vn 0.9267 -0.3755 0.0171
vn 0.8935 -0.3617 -0.2663
vn 0.7547 -0.2883 -0.5893
vn 0.5031 -0.2242 -0.8346
vn 0.5117 -0.0000 -0.8592
vn 0.8956 -0.0000 -0.4449
vn 0.8154 -0.0000 0.5789
vn 0.2593 -0.4232 0.8682
vn 0.0118 -0.0000 0.9999
vn -0.0053 -0.0001 1.0000
vn 0.0193 -0.0000 0.9998
vn 0.0494 -0.0000 0.9988
vn 0.0087 -0.0000 1.0000
vn -0.0509 -0.0000 0.9987
vn -0.0304 -0.0000 0.9995
vn 0.3102 -0.0000 0.9507
vn 0.8019 -0.0000 0.5974
vn 1.0000 -0.0000 0.0098
vn 0.8145 -0.0000 -0.5802
vn 0.3219 -0.0000 -0.9468
vn -0.0457 -0.2670 -0.9626
vn -0.0496 -0.3762 -0.9252
vn 0.0054 -0.3729 -0.9279
vn 0.0393 -0.3726 -0.9272
vn 0.0759 -0.0000 -0.9971
vn 0.7731 -0.0000 -0.6342
vn 0.9971 -0.0121 0.0753
vn 0.9133 -0.4024 0.0627
vn 0.9096 -0.3997 0.1135
vn 0.4939 -0.8691 0.0249
vn 0.3755 -0.9255 -0.0488
vn 0.1298 -0.9413 -0.3116
vn 0.0077 -0.9511 -0.3087
vn 0.4308 -0.9012 0.0480
vn 0.9187 -0.3734 0.1284
vn 0.9904 -0.0000 0.1384
vn 0.9932 -0.0045 0.1162
vn 0.9205 -0.3738 0.1137
vn 0.9925 -0.0000 0.1225
vn 0.9913 -0.0000 0.1319
vn 0.9181 -0.3786 0.1172
vn 0.9905 -0.0000 0.1375
vn 0.9899 -0.0000 0.1418
vn -0.9187 -0.3734 0.1284
vn -0.9904 -0.0000 0.1384
vn -0.9925 -0.0000 0.1226
vn -0.9205 -0.3739 0.1137
vn -0.4299 -0.9014 0.0511
vn -0.0029 -1.0000 -0.0021
vn 0.3394 -0.9201 -0.1954
vn -0.0000 -0.7314 -0.6819
vn -0.0000 -0.0000 -1.0000
vn 0.9071 -0.3865 -0.1668
vn 0.4211 -0.9042 -0.0709
vn -0.0036 -1.0000 0.0068
vn -0.4044 -0.9130 0.0538
vn -0.9181 -0.3786 0.1172
vn -0.9913 -0.0000 0.1319
vn -0.9905 -0.0000 0.1375
vn -0.9032 -0.4111 0.1236
vn -0.3843 -0.9207 0.0673
vn 0.0015 -0.9998 0.0194
vn 0.0147 -0.9987 0.0486
vn -0.4017 -0.9064 0.1305
vn -0.1083 -0.9511 0.2891
vn 0.0700 -0.8702 0.4877
vn -0.2758 -0.9477 0.1609
vn -0.1434 -0.9870 -0.0724
vn 0.0995 -0.9298 0.3544
vn 0.2439 -0.8537 0.4601
vn 0.0768 -0.9871 0.1404
vn -0.1776 -0.9215 -0.3453
vn -0.1465 -0.8534 -0.5003
vn 0.0118 -0.9976 -0.0686
vn 0.2089 -0.9199 0.3319
vn 0.2534 -0.9669 0.0306
vn -0.0488 -0.9276 -0.3703
vn -0.1925 -0.8624 -0.4682
vn -0.4222 -0.8540 -0.3038
vn -0.5376 -0.8387 -0.0868
vn -0.6535 -0.7568 0.0167
vn -0.9025 -0.3918 0.1791
vn -0.9469 -0.2936 0.1312
vn -0.9346 -0.3451 -0.0857
vn -0.7706 -0.3537 -0.5302
vn -0.3736 -0.3557 -0.8567
vn 0.0029 -0.8666 -0.4990
vn 0.2652 -0.8662 -0.4235
vn 0.4477 -0.8615 -0.2396
vn 0.0541 -0.8664 -0.4964
vn 0.2625 -0.9433 -0.2033
vn 0.4443 -0.8953 0.0329
vn 0.4193 -0.9075 -0.0249
vn 0.3890 -0.9193 -0.0589
vn 0.4053 -0.9126 -0.0532
vn 0.9110 -0.3981 -0.1078
vn 0.9935 -0.0000 -0.1137
vn 0.9824 -0.0000 -0.1866
vn -0.9824 -0.0000 -0.1866
vn 0.0509 -0.0000 0.9987
vn -0.0087 -0.0000 1.0000
vn -0.0193 -0.0000 0.9998
vn 0.1298 -0.9786 0.1600
vn 0.5208 -0.3507 -0.7783
vn 0.8486 -0.3525 -0.3946
vn 0.7007 -0.7109 -0.0612
vn 0.9558 -0.2683 -0.1205
vn 0.9883 -0.0000 -0.1523
vn 0.9069 -0.0000 -0.4213
vn 0.5553 -0.0000 -0.8316
vn 0.0368 -0.3644 -0.9305
vn 0.0411 -0.0000 -0.9992
vn -0.3958 -0.0000 -0.9183
vn -0.8194 -0.0000 -0.5732
vn -0.9955 -0.0000 -0.0951
vn -0.9899 -0.0000 0.1419
vn -0.9845 -0.0000 0.1756
vn -0.8996 -0.4159 0.1331
vn -0.9899 -0.0000 0.1418
vn -0.7962 -0.3478 -0.4952
vn -0.5116 0.0001 -0.8592
vn -0.7810 -0.0000 -0.6245
vn -0.9536 -0.0000 -0.3011
vn -0.9999 -0.0000 0.0103
vn -0.9592 -0.0000 0.2828
vn -0.8311 -0.0000 0.5561
vn -0.5775 -0.0000 0.8164
vn -0.2653 -0.0000 0.9642
vn -0.0000 -0.0000 1.0000
vn 0.2653 -0.0000 0.9642
vn 0.5775 -0.0000 0.8164
vn 0.8311 -0.0000 0.5561
vn 0.9592 -0.0000 0.2828
vn 0.9999 -0.0000 0.0103
vn 0.9536 -0.0000 -0.3011
vn 0.7810 -0.0000 -0.6245
vn -0.8154 -0.0000 0.5789
vn -0.3089 -0.0000 0.9511
vn 0.9062 -0.4079 -0.1110
vn 0.9007 -0.4135 -0.1330
vn 0.9899 -0.0000 -0.1418
vn 0.9920 -0.0000 -0.1263
vn -0.8956 -0.0000 -0.4449
vn -0.9932 -0.0045 0.1162
vn 0.3089 -0.0000 0.9511
vn 0.0427 -0.0000 -0.9991
vn 0.0097 -0.0000 -1.0000
vn -0.0497 -0.0000 -0.9988
vn -0.0289 -0.0000 -0.9996
vn 0.4676 -0.8160 -0.3398
vn 0.5780 -0.8160 -0.0000
vn 0.1787 -0.8159 -0.5498
vn -0.1787 -0.8161 -0.5497
vn -0.4676 -0.8160 -0.3397
vn -0.5780 -0.8160 -0.0000
vn -0.4676 -0.8160 0.3397
vn -0.1786 -0.8160 0.5497
vn 0.1786 -0.8160 0.5497
vn 0.4677 -0.8160 0.3398
vn 0.9550 -0.2967 -0.0000
vn 0.7725 -0.2967 -0.5614
vn 0.2952 -0.2967 -0.9082
vn -0.2949 -0.2966 -0.9083
vn -0.7726 -0.2967 -0.5613
vn -0.9550 -0.2967 -0.0000
vn -0.7726 -0.2967 0.5613
vn -0.2951 -0.2967 0.9082
vn 0.2951 -0.2967 0.9082
vn 0.7726 -0.2967 0.5613
vn 1.0000 -0.0000 -0.0000
vn 0.8090 -0.0000 -0.5878
vn 0.3090 -0.0002 -0.9511
vn -0.3089 -0.0000 -0.9511
vn -0.8090 -0.0000 -0.5877
vn -1.0000 -0.0000 -0.0000
vn -0.8090 -0.0000 0.5878
vn -0.3090 -0.0000 0.9511
vn 0.3090 -0.0000 0.9510
vn 0.8090 -0.0000 0.5878
vn -0.4676 -0.8160 -0.3398
vn -0.1786 -0.8160 -0.5497
vn 0.1786 -0.8160 -0.5497
vn 0.4676 -0.8160 0.3397
vn -0.4676 -0.8160 0.3398
vn 0.7726 -0.2967 -0.5613
vn 0.2951 -0.2967 -0.9082
vn -0.2951 -0.2967 -0.9082
vn -0.8090 -0.0000 -0.5878
vn -0.3090 -0.0000 0.9510
vn 0.3090 -0.0000 0.9511
vn 0.3090 -0.0000 -0.9511
vn -0.3090 -0.0000 -0.9510
vn 0.0128 -0.9106 0.4130
vn -0.0830 -0.9390 -0.3339
vn 0.0929 -0.9241 0.3707
vn -0.0659 -0.9444 -0.3222
vn -0.3619 -0.8994 -0.2452
vn -0.2585 -0.8969 0.3588
vn -0.4255 -0.8212 0.3803
vn -0.7615 -0.3588 0.5397
vn -0.4368 -0.4428 0.7830
vn 0.0324 -0.4261 0.9041
vn 0.2152 -0.4603 0.8613
vn 0.1975 -0.9166 0.3476
vn -0.1071 -0.9469 -0.3030
vn 0.0584 -0.9024 -0.4270
vn 0.3899 -0.9006 0.1922
vn 0.3888 -0.9206 0.0370
vn 0.7175 -0.4792 0.5055
vn 0.8865 -0.4413 0.1395
vn 0.8171 -0.2007 0.5404
vn 0.3960 -0.4427 0.8045
vn 0.4437 -0.1319 0.8864
vn 0.2396 -0.1686 0.9561
vn -0.0054 -0.1476 0.9890
vn -0.4850 -0.1972 0.8520
vn -0.7365 -0.2523 0.6276
vn -0.2062 -0.4769 -0.8544
vn -0.1196 -0.5097 -0.8520
vn -0.4940 -0.5159 -0.6999
vn -0.6316 -0.7446 -0.2162
vn -0.7869 -0.5232 -0.3271
vn -0.8920 -0.2112 -0.3995
vn -0.6183 -0.1829 -0.7643
vn -0.1382 -0.1361 -0.9810
vn -0.2431 -0.1502 -0.9583
vn -0.3300 -0.5043 -0.7980
vn 0.0573 -0.4827 -0.8739
vn 0.5259 -0.4455 -0.7245
vn 0.4166 -0.7331 -0.5377
vn 0.5409 -0.2058 -0.8155
vn 0.1485 -0.1712 -0.9740
vn -0.3642 -0.1638 -0.9168
vn 0.9545 -0.2358 0.1826
vn 0.1192 -0.9376 -0.3265
vn -0.0825 -0.9069 -0.4131
vn -0.0764 -0.4807 -0.8736
vn 0.3227 -0.4797 -0.8160
vn 0.0824 -0.9431 -0.3222
vn 0.2005 -0.4808 -0.8536
vn 0.0518 -0.9412 -0.3338
vn 0.1143 -0.4828 -0.8682
vn 0.3231 -0.8962 -0.3041
vn 0.5150 -0.4804 -0.7099
vn 0.6538 -0.7161 -0.2444
vn 0.8196 -0.4609 -0.3402
vn 0.8900 -0.2108 -0.4042
vn 0.6253 -0.1765 -0.7602
vn 0.1471 -0.1282 -0.9808
vn 0.2398 -0.1412 -0.9605
vn 0.3499 -0.1500 -0.9247
vn -0.1486 -0.1768 -0.9730
vn -0.5405 -0.2112 -0.8144
vn -0.5251 -0.4505 -0.7220
vn -0.4153 -0.7369 -0.5334
vn -0.1688 -0.9289 0.3296
vn -0.1016 -0.9200 0.3785
vn -0.2212 -0.4589 0.8605
vn -0.3822 -0.4693 0.7960
vn -0.3816 -0.8998 0.2116
vn -0.3874 -0.9209 0.0421
vn -0.7029 -0.4751 0.5294
vn -0.8097 -0.2100 0.5480
vn -0.8856 -0.4422 0.1422
vn -0.9540 -0.2365 0.1840
vn -0.4454 -0.1572 0.8814
vn -0.2409 -0.1568 0.9578
vn 0.0053 -0.1431 0.9897
vn -0.0172 -0.4441 0.8958
vn -0.0005 -0.9194 0.3934
vn 0.2695 -0.9016 0.3384
vn 0.4402 -0.4561 0.7734
vn 0.4865 -0.1993 0.8507
vn 0.7484 -0.4367 0.4993
vn 0.3253 -0.9340 0.1480
vn 0.7437 -0.2461 0.6216
vt 1.749381 0.539675
vt 1.683622 0.604088
vt 1.749381 0.604088
vt 1.815139 0.604088
vt 1.812845 0.533276
vt 1.749381 0.465539
vt 1.840247 0.465561
vt 1.837987 0.513729
vt 1.835920 0.534535
vt 1.832044 0.604088
vt 1.833678 0.665820
vt 1.816260 0.666040
vt 1.805144 0.671416
vt 1.749381 0.652760
vt 1.795589 0.681424
vt 1.749381 0.671369
vt 1.788685 0.700887
vt 1.749381 0.695893
vt 1.749381 0.829739
vt 1.805355 0.717627
vt 1.824862 0.744973
vt 1.835581 0.777022
vt 1.844814 0.832332
vt 1.842989 0.880369
vt 1.828757 0.926481
vt 1.809716 0.966043
vt 1.783337 0.982396
vt 1.748665 0.992966
vt 1.715782 0.985224
vt 1.689074 0.963541
vt 1.668298 0.930413
vt 1.653910 0.884555
vt 1.652673 0.825391
vt 1.656692 0.778817
vt 1.670504 0.735060
vt 1.689955 0.711900
vt 1.707570 0.698766
vt 1.703875 0.685892
vt 1.695407 0.675657
vt 1.680712 0.670988
vt 1.663293 0.673596
vt 1.666717 0.604088
vt 1.652025 0.673940
vt 1.652585 0.604088
vt 1.623677 0.671212
vt 1.624748 0.604088
vt 1.623320 0.536007
vt 1.606430 0.537245
vt 1.608101 0.604088
vt 1.593066 0.604089
vt 1.590960 0.536619
vt 1.564710 0.604088
vt 1.563192 0.535567
vt 1.537806 0.537242
vt 1.542843 0.604088
vt 1.513414 0.551200
vt 1.500305 0.605357
vt 1.512977 0.653671
vt 1.540567 0.671672
vt 1.563055 0.674346
vt 1.591260 0.670648
vt 1.606734 0.669996
vt 1.844946 0.666164
vt 1.846176 0.604088
vt 1.873294 0.663437
vt 1.874014 0.604088
vt 1.874417 0.544809
vt 1.891307 0.546046
vt 1.890661 0.604088
vt 1.905696 0.604089
vt 1.906776 0.545421
vt 1.934052 0.604088
vt 1.934980 0.541791
vt 1.955872 0.543816
vt 1.955918 0.604088
vt 1.976014 0.553551
vt 1.993596 0.593485
vt 1.979448 0.659227
vt 1.953898 0.666017
vt 1.933917 0.666570
vt 1.905711 0.662872
vt 1.890238 0.662220
vt 1.749381 0.372094
vt 1.848955 0.381659
vt 1.851450 0.337348
vt 1.748937 0.287918
vt 1.851931 0.293707
vt 1.751647 0.267882
vt 1.857135 0.228957
vt 1.759238 0.194261
vt 1.859378 0.199626
vt 1.760999 0.168001
vt 1.763408 0.141891
vt 1.861795 0.173433
vt 1.868259 0.122324
vt 1.765086 0.095920
vt 1.872568 0.080895
vt 1.766894 0.056345
vt 1.776786 0.024960
vt 1.868720 0.053598
vt 1.795189 0.007877
vt 1.849826 0.020106
vt 1.847064 0.542837
vt 1.681978 0.537518
vt 1.659914 0.534119
vt 1.651108 0.536614
vt 1.655814 0.513071
vt 1.653941 0.470163
vt 1.646565 0.387138
vt 1.641905 0.335951
vt 1.638960 0.293696
vt 1.744320 0.266181
vt 1.633026 0.225468
vt 1.738104 0.192646
vt 1.630783 0.196137
vt 1.735899 0.169771
vt 1.733490 0.143661
vt 1.628366 0.169944
vt 1.622346 0.124851
vt 1.730481 0.091555
vt 1.622432 0.082580
vt 1.725565 0.051979
vt 1.716996 0.020801
vt 1.626263 0.051037
vt 1.696025 0.009012
vt 1.648517 0.016978
vt 1.061290 0.478913
vt 1.033311 0.466212
vt 1.061550 0.438588
vt 1.090603 0.466072
vt 1.100787 0.438881
vt 1.089023 0.410148
vt 1.061536 0.398535
vt 1.033573 0.410516
vt 1.021470 0.437864
vt 1.001847 0.438362
vt 1.014898 0.391269
vt 1.061550 0.378658
vt 1.107015 0.390984
vt 1.121254 0.438362
vt 1.111496 0.483916
vt 1.061550 0.498066
vt 1.014685 0.485516
vt 0.913285 0.352070
vt 0.909113 0.359114
vt 0.889736 0.338613
vt 0.934996 0.357480
vt 0.934996 0.365836
vt 0.960880 0.359114
vt 0.956707 0.352070
vt 0.934996 0.348956
vt 0.917540 0.344940
vt 0.896997 0.334695
vt 0.884012 0.314736
vt 0.892223 0.314747
vt 0.904397 0.330691
vt 0.921264 0.338633
vt 0.910903 0.327251
vt 0.900549 0.314749
vt 0.897120 0.294571
vt 0.904190 0.299093
vt 0.913520 0.277124
vt 0.917783 0.284218
vt 0.934996 0.272168
vt 0.934996 0.280509
vt 0.952210 0.284218
vt 0.956473 0.277124
vt 0.965803 0.299093
vt 0.972873 0.294571
vt 0.969443 0.314749
vt 0.977770 0.314747
vt 0.965596 0.330691
vt 0.972996 0.334695
vt 0.952453 0.344940
vt 0.934996 0.341609
vt 0.934996 0.348942
vt 0.948729 0.338633
vt 0.959090 0.327251
vt 0.962168 0.314746
vt 0.959525 0.302719
vt 0.948549 0.290536
vt 0.934996 0.287753
vt 0.921444 0.290536
vt 0.910468 0.302719
vt 0.907825 0.314746
vt 0.904502 0.330686
vt 0.917593 0.344938
vt 0.952400 0.344938
vt 0.965491 0.330686
vt 0.965961 0.299082
vt 0.952263 0.284217
vt 0.934996 0.280474
vt 0.917730 0.284217
vt 0.904032 0.299082
vt 0.980257 0.338613
vt 0.988347 0.342950
vt 0.965518 0.367067
vt 0.934996 0.375089
vt 0.904475 0.367067
vt 0.881646 0.342950
vt 0.874843 0.314747
vt 0.881968 0.285623
vt 0.890043 0.290199
vt 0.909312 0.270080
vt 0.934996 0.263929
vt 0.960681 0.270080
vt 0.979949 0.290199
vt 0.985981 0.314736
vt 0.995150 0.314747
vt 0.980079 0.290190
vt 0.988024 0.285623
vt 0.965350 0.262125
vt 0.934996 0.254771
vt 0.904643 0.262125
vt 0.909268 0.270079
vt 0.889914 0.290190
vt 0.889822 0.338609
vt 0.909156 0.359113
vt 0.934996 0.365825
vt 0.960837 0.359113
vt 0.980171 0.338609
vt 0.960725 0.270079
vt 0.934996 0.263900
vt 1.310366 0.117135
vt 1.318417 0.106352
vt 1.334127 0.101409
vt 1.332285 0.087122
vt 1.315799 0.092473
vt 1.306453 0.091797
vt 1.302127 0.104993
vt 1.311249 0.161911
vt 1.329872 0.116413
vt 1.347697 0.113501
vt 1.357018 0.103947
vt 1.360147 0.084100
vt 1.357260 0.059688
vt 1.332004 0.042239
vt 1.302568 0.079533
vt 1.290322 0.090371
vt 1.283932 0.109799
vt 1.268742 0.148983
vt 1.308688 0.187857
vt 1.348412 0.200124
vt 1.351346 0.174426
vt 1.346278 0.129967
vt 1.359785 0.176395
vt 1.366129 0.126782
vt 1.367418 0.083400
vt 1.363842 0.053158
vt 1.337716 0.024919
vt 1.300027 0.027544
vt 1.284319 0.038155
vt 1.275941 0.056351
vt 1.288289 0.081649
vt 1.277152 0.075815
vt 1.273433 0.096029
vt 1.266489 0.096074
vt 1.268382 0.052978
vt 1.279334 0.028090
vt 1.298930 0.015117
vt 1.298060 0.001601
vt 1.344025 0.003120
vt 1.376895 0.040515
vt 1.379601 0.079476
vt 1.378312 0.127654
vt 1.377190 0.180755
vt 1.357896 0.202394
vt 1.355720 0.231728
vt 1.346815 0.229283
vt 1.306172 0.216442
vt 1.264243 0.203344
vt 1.266977 0.174964
vt 1.260687 0.147131
vt 1.258363 0.172695
vt 1.256187 0.201593
vt 1.260936 0.271040
vt 1.299070 0.283617
vt 1.341935 0.296997
vt 1.289251 0.324620
vt 1.256413 0.294314
vt 1.256158 0.269794
vt 1.260651 0.200010
vt 1.247485 0.170079
vt 1.248503 0.144952
vt 1.263636 0.095320
vt 1.251452 0.093140
vt 1.255329 0.047746
vt 1.270632 0.011523
vt 1.248057 0.305581
vt 1.248402 0.353136
vt 1.206519 0.323239
vt 1.157047 0.338753
vt 1.188992 0.374665
vt 1.220457 0.383113
vt 1.191542 0.388679
vt 1.220365 0.396634
vt 1.194746 0.406174
vt 1.219133 0.414489
vt 1.247774 0.396797
vt 1.248057 0.381735
vt 1.276232 0.398345
vt 1.276193 0.378671
vt 1.306927 0.387784
vt 1.299746 0.407582
vt 1.276244 0.416040
vt 1.248057 0.447047
vt 1.327813 0.464598
vt 1.325158 0.514571
vt 1.248057 0.539213
vt 1.312283 0.546272
vt 1.248057 0.619668
vt 1.312384 0.602866
vt 1.296327 0.655492
vt 1.314739 0.655011
vt 1.326499 0.602866
vt 1.325554 0.547552
vt 1.331103 0.537835
vt 1.343815 0.538578
vt 1.342741 0.547979
vt 1.341973 0.602866
vt 1.369094 0.549175
vt 1.368868 0.602866
vt 1.385543 0.550398
vt 1.385506 0.602866
vt 1.400865 0.602866
vt 1.400630 0.549780
vt 1.407246 0.581507
vt 1.416838 0.556667
vt 1.417603 0.582560
vt 1.424341 0.607241
vt 1.415135 0.606661
vt 1.408628 0.633422
vt 1.419413 0.628425
vt 1.415515 0.650699
vt 1.428228 0.647465
vt 1.427749 0.626136
vt 1.430297 0.607118
vt 1.424885 0.584666
vt 1.432227 0.564589
vt 1.447683 0.546797
vt 1.461301 0.565056
vt 1.463178 0.602871
vt 1.461209 0.637991
vt 1.447684 0.654980
vt 1.427955 0.662918
vt 1.400639 0.651877
vt 1.385548 0.651231
vt 1.369045 0.652434
vt 1.341449 0.655129
vt 1.329812 0.654786
vt 1.316122 0.667268
vt 1.330444 0.667096
vt 1.342644 0.666385
vt 1.369405 0.664725
vt 1.386666 0.663015
vt 1.400252 0.664170
vt 1.427860 0.667843
vt 1.450729 0.665133
vt 1.468787 0.645304
vt 1.475450 0.602880
vt 1.466981 0.558577
vt 1.449152 0.534535
vt 1.427951 0.538805
vt 1.427562 0.553024
vt 1.168302 0.464598
vt 1.174765 0.421450
vt 1.167871 0.401986
vt 1.160314 0.383235
vt 1.161631 0.465950
vt 1.162746 0.511130
vt 1.170956 0.514571
vt 1.183832 0.546272
vt 1.183730 0.602866
vt 1.199969 0.655129
vt 1.181376 0.655011
vt 1.169616 0.602866
vt 1.170561 0.547552
vt 1.164464 0.536896
vt 1.147983 0.509032
vt 1.146423 0.517047
vt 1.143907 0.526443
vt 1.152397 0.538140
vt 1.153547 0.547979
vt 1.154142 0.602866
vt 1.166303 0.654786
vt 1.179993 0.667268
vt 1.165671 0.667096
vt 1.154665 0.655129
vt 1.127069 0.652434
vt 1.127247 0.602866
vt 1.127021 0.549175
vt 1.127064 0.538653
vt 1.126710 0.527665
vt 1.111209 0.527098
vt 1.110501 0.540213
vt 1.110399 0.550398
vt 1.110609 0.602866
vt 1.095250 0.602866
vt 1.095485 0.549780
vt 1.077968 0.590971
vt 1.095476 0.651877
vt 1.072088 0.615183
vt 1.068016 0.600973
vt 1.066419 0.622812
vt 1.054666 0.625275
vt 1.055391 0.603258
vt 1.061508 0.580038
vt 1.068413 0.574581
vt 1.073786 0.551699
vt 1.063266 0.541832
vt 1.064156 0.552952
vt 1.054502 0.556571
vt 1.048432 0.546797
vt 1.034814 0.565056
vt 1.032937 0.602871
vt 1.034815 0.637809
vt 1.047330 0.655233
vt 1.052304 0.644263
vt 1.064827 0.645130
vt 1.068160 0.662918
vt 1.046967 0.667246
vt 1.029114 0.644773
vt 1.020664 0.602880
vt 1.028756 0.558278
vt 1.046255 0.535598
vt 1.067547 0.536360
vt 1.096217 0.539967
vt 1.096571 0.526143
vt 1.067901 0.522891
vt 1.041656 0.524965
vt 1.014606 0.545341
vt 1.000855 0.602881
vt 1.013726 0.656115
vt 1.042014 0.684260
vt 1.066133 0.684148
vt 1.068255 0.667843
vt 1.095863 0.664170
vt 1.110503 0.663544
vt 1.110566 0.651231
vt 1.126710 0.664725
vt 1.125295 0.679258
vt 1.154525 0.667441
vt 1.164610 0.683401
vt 1.176850 0.685389
vt 1.195807 0.665190
vt 1.206741 0.679113
vt 1.214030 0.674697
vt 1.248057 0.663226
vt 1.282577 0.674989
vt 1.288976 0.678373
vt 1.285903 0.692702
vt 1.281824 0.695562
vt 1.248057 0.683945
vt 1.214291 0.695562
vt 1.215105 0.735455
vt 1.248057 0.721053
vt 1.248057 0.825858
vt 1.191988 0.779990
vt 1.186180 0.826069
vt 1.191376 0.876161
vt 1.215766 0.921604
vt 1.248057 0.934781
vt 1.280349 0.921604
vt 1.304739 0.876161
vt 1.309934 0.826069
vt 1.304127 0.779990
vt 1.281010 0.735455
vt 1.303343 0.711536
vt 1.321935 0.740830
vt 1.331606 0.780392
vt 1.335146 0.826326
vt 1.330857 0.874400
vt 1.319883 0.916686
vt 1.302872 0.947635
vt 1.278642 0.966244
vt 1.248057 0.972490
vt 1.217473 0.966244
vt 1.193243 0.947635
vt 1.176232 0.916686
vt 1.165258 0.874400
vt 1.160969 0.826326
vt 1.164509 0.780392
vt 1.174180 0.740830
vt 1.192772 0.711536
vt 1.190680 0.704977
vt 1.170110 0.734941
vt 1.157526 0.776664
vt 1.153688 0.826453
vt 1.158278 0.877880
vt 1.170138 0.923582
vt 1.188972 0.957848
vt 1.215521 0.978238
vt 1.248057 0.984883
vt 1.281035 0.977354
vt 1.307584 0.956522
vt 1.325977 0.922256
vt 1.337396 0.877438
vt 1.342868 0.826453
vt 1.338148 0.777106
vt 1.326005 0.735825
vt 1.306759 0.707188
vt 1.312055 0.698787
vt 1.292523 0.689607
vt 1.295155 0.683583
vt 1.301535 0.666103
vt 1.315714 0.682627
vt 1.330971 0.683467
vt 1.345280 0.683285
vt 1.369932 0.683737
vt 1.387193 0.683084
vt 1.400779 0.685823
vt 1.425225 0.690552
vt 1.459162 0.680977
vt 1.481058 0.655182
vt 1.491946 0.603284
vt 1.478850 0.548096
vt 1.450762 0.521634
vt 1.427860 0.535895
vt 1.400654 0.539502
vt 1.384809 0.540908
vt 1.369405 0.538494
vt 1.346229 0.524469
vt 1.342771 0.521709
vt 1.339614 0.510387
vt 1.333369 0.511130
vt 1.335790 0.465950
vt 1.335801 0.382545
vt 1.327697 0.388716
vt 1.308421 0.369861
vt 1.246643 0.368632
vt 1.339068 0.338753
vt 1.344245 0.383826
vt 1.362084 0.386442
vt 1.349713 0.467258
vt 1.346442 0.339780
vt 1.364065 0.342614
vt 1.369534 0.299888
vt 1.349084 0.298580
vt 1.371384 0.235216
vt 1.375301 0.205446
vt 1.152741 0.384262
vt 1.134901 0.386878
vt 1.137054 0.341524
vt 1.149455 0.340216
vt 1.154180 0.296997
vt 1.197044 0.283617
vt 1.239702 0.294314
vt 1.248365 0.290028
vt 1.249272 0.287594
vt 1.239522 0.269794
vt 1.234526 0.271258
vt 1.189943 0.216442
vt 1.149300 0.229283
vt 1.147031 0.298580
vt 1.132673 0.301196
vt 1.119945 0.234780
vt 1.138654 0.230856
vt 1.147703 0.200124
vt 1.187427 0.187857
vt 1.184866 0.161911
vt 1.144769 0.174426
vt 1.144123 0.135349
vt 1.162725 0.119346
vt 1.147896 0.118954
vt 1.160503 0.104745
vt 1.179043 0.120194
vt 1.192240 0.104971
vt 1.177698 0.106352
vt 1.158268 0.092766
vt 1.173713 0.094114
vt 1.189662 0.091797
vt 1.206939 0.105157
vt 1.205793 0.090371
vt 1.187635 0.070131
vt 1.162065 0.043504
vt 1.138855 0.059688
vt 1.136141 0.083755
vt 1.136459 0.112125
vt 1.136765 0.176831
vt 1.130421 0.126346
vt 1.128697 0.083400
vt 1.132273 0.053158
vt 1.158399 0.026445
vt 1.196844 0.040573
vt 1.211795 0.037465
vt 1.220174 0.056351
vt 1.202773 0.076637
vt 1.213804 0.070397
vt 1.217290 0.090794
vt 1.227373 0.148983
vt 1.229138 0.174964
vt 1.230213 0.203397
vt 1.235577 0.203773
vt 1.235783 0.199735
vt 1.246484 0.269358
vt 1.250067 0.270230
vt 1.094802 0.684374
vt 1.108381 0.681621
vt 1.153110 0.681265
vt 1.321707 0.422697
vt 1.215911 0.028962
vt 1.226428 0.052542
vt 1.229626 0.096074
vt 1.232479 0.095320
vt 1.242052 0.092268
vt 1.242092 0.047310
vt 1.227224 0.007163
vt 1.196315 0.016860
vt 1.197620 0.000730
vt 1.154918 0.007172
vt 1.121396 0.043130
vt 1.118255 0.082528
vt 1.114322 0.125038
vt 1.118055 0.182499
vt 1.139089 0.201522
vt 1.119944 0.206754
vt 1.209242 0.693411
vt 1.188558 0.703914
vt 1.163742 0.727143
vt 1.149144 0.773130
vt 1.142750 0.826895
vt 1.145661 0.883801
vt 1.158137 0.936494
vt 1.177768 0.976151
vt 1.210225 0.999906
vt 1.247616 0.999918
vt 1.287655 0.999906
vt 1.319941 0.982170
vt 1.340541 0.935964
vt 1.352401 0.886282
vt 1.356549 0.826011
vt 1.346533 0.774011
vt 1.328212 0.730519
vt 1.192953 0.694513
vt 1.190147 0.689663
vt 1.235428 0.147131
vt 1.237752 0.172695
vt 1.245584 0.170079
vt 1.246741 0.145388
vt 1.145967 0.469002
vt 1.307333 0.679306
vt 1.369807 0.523174
vt 1.385212 0.524783
vt 1.400654 0.522167
vt 1.428665 0.522995
vt 1.965924 0.416227
vt 1.973178 0.439701
vt 1.935195 0.439701
vt 1.946933 0.401719
vt 1.923458 0.401719
vt 1.904467 0.416227
vt 1.897213 0.439701
vt 1.904467 0.463176
vt 1.923458 0.477684
vt 1.946933 0.477684
vt 1.965924 0.463176
vt 1.995981 0.439701
vt 1.984372 0.402134
vt 1.953979 0.378916
vt 1.916411 0.378916
vt 1.886019 0.402134
vt 1.877349 0.439995
vt 1.886019 0.477269
vt 1.916705 0.497841
vt 1.954273 0.497841
vt 1.984372 0.477269
vt 1.953979 0.498135
vt 1.916411 0.498135
vt 1.877643 0.440583
vt 1.062915 0.331903
vt 1.063024 0.354787
vt 1.089064 0.353367
vt 1.089842 0.331879
vt 1.103800 0.332467
vt 1.103622 0.351330
vt 1.108346 0.346029
vt 1.112646 0.348425
vt 1.105475 0.356660
vt 1.089514 0.359752
vt 1.063496 0.361196
vt 1.036767 0.353365
vt 1.036765 0.332547
vt 1.023054 0.332937
vt 1.023351 0.351745
vt 1.017520 0.345872
vt 1.022080 0.357473
vt 1.012266 0.348791
vt 1.015925 0.364604
vt 1.037280 0.358286
vt 1.033143 0.368647
vt 1.063392 0.370262
vt 1.091553 0.368522
vt 1.110456 0.363882
vt 1.122527 0.351005
vt 1.062414 0.324768
vt 1.091338 0.324743
vt 1.105946 0.326156
vt 1.107773 0.336802
vt 1.111790 0.333415
vt 1.121282 0.330967
vt 1.110886 0.319440
vt 1.094766 0.318440
vt 1.063034 0.317829
vt 1.035727 0.325412
vt 1.020198 0.325503
vt 1.012888 0.333781
vt 1.018063 0.337143
vt 1.004507 0.330967
vt 1.016425 0.319794
vt 1.032784 0.318427
vt 1.003262 0.351005
s 1
usemtl GBMan_tx_GBMan_tx.png
f 3/1/3 1/2/1 2/3/2
f 3/1/3 2/3/2 4/4/4
f 4/4/4 5/5/5 3/1/3
f 6/6/6 3/1/3 5/5/5
f 5/5/5 7/7/7 6/6/6
f 5/5/5 8/8/8 7/7/7
f 8/8/8 5/5/5 9/9/9
f 10/10/10 9/9/9 5/5/5
f 5/5/5 4/4/4 10/10/10
f 4/4/4 11/11/11 10/10/10
f 4/4/4 12/12/12 11/11/11
f 2/3/2 12/12/12 4/4/4
f 2/3/2 13/13/13 12/12/12
f 2/3/2 14/14/14 13/13/13
f 15/15/15 13/13/13 14/14/14
f 14/14/14 16/16/16 15/15/15
f 17/17/17 15/15/15 16/16/16
f 16/16/16 18/18/18 17/17/17
f 17/17/17 18/18/18 19/19/19
f 20/20/20 17/17/17 19/19/19
f 21/21/21 20/20/20 19/19/19
f 22/22/22 21/21/21 19/19/19
f 23/23/23 22/22/22 19/19/19
f 24/24/24 23/23/23 19/19/19
f 25/25/25 24/24/24 19/19/19
f 26/26/26 25/25/25 19/19/19
f 27/27/27 26/26/26 19/19/19
f 28/28/28 27/27/27 19/19/19
f 29/29/29 28/28/28 19/19/19
f 30/30/30 29/29/29 19/19/19
f 31/31/31 30/30/30 19/19/19
f 32/32/32 31/31/31 19/19/19
f 33/33/33 32/32/32 19/19/19
f 34/34/34 33/33/33 19/19/19
f 35/35/35 34/34/34 19/19/19
f 36/36/36 35/35/35 19/19/19
f 37/37/37 36/36/36 19/19/19
f 18/18/18 37/37/37 19/19/19
f 18/18/18 16/16/16 37/37/37
f 38/38/38 37/37/37 16/16/16
f 16/16/16 14/14/14 38/38/38
f 39/39/39 38/38/38 14/14/14
f 14/14/14 2/3/2 39/39/39
f 39/39/39 2/3/2 40/40/40
f 2/3/2 1/2/1 40/40/40
f 40/40/40 1/2/1 41/41/41
f 41/41/41 1/2/1 42/42/42
f 41/41/41 42/42/42 43/43/43
f 44/44/44 43/43/43 42/42/42
f 43/43/43 44/44/44 45/45/45
f 46/46/46 45/45/45 44/44/44
f 46/46/46 44/44/44 47/47/47
f 47/47/47 48/48/48 46/46/46
f 49/49/46 46/46/46 48/48/48
f 49/49/46 48/48/48 50/50/46
f 51/51/49 50/50/46 48/48/48
f 50/50/46 51/51/49 52/52/50
f 53/53/51 52/52/50 51/51/49
f 53/53/51 54/54/52 52/52/50
f 55/55/53 52/52/50 54/54/52
f 54/54/52 56/56/54 55/55/53
f 57/57/55 55/55/53 56/56/54
f 57/57/55 58/58/56 55/55/53
f 59/59/57 55/55/53 58/58/56
f 55/55/53 59/59/57 52/52/50
f 60/60/58 52/52/50 59/59/57
f 60/60/58 61/61/59 52/52/50
f 50/50/46 52/52/50 61/61/59
f 61/61/59 62/62/60 50/50/46
f 49/49/46 50/50/46 62/62/60
f 49/49/46 62/62/60 46/46/46
f 45/45/45 46/46/46 62/62/60
f 10/10/10 11/11/11 63/63/58
f 63/63/58 64/64/50 10/10/10
f 64/64/50 63/63/58 65/65/61
f 65/65/61 66/66/46 64/64/50
f 64/64/50 66/66/46 67/67/49
f 68/68/62 67/67/49 66/66/46
f 66/66/46 69/69/46 68/68/62
f 68/68/62 69/69/46 70/70/46
f 70/70/46 71/71/47 68/68/62
f 71/71/47 70/70/46 72/72/44
f 72/72/44 73/73/63 71/71/47
f 74/74/64 73/73/63 72/72/44
f 72/72/44 75/75/65 74/74/64
f 76/76/66 74/74/64 75/75/65
f 75/75/65 77/77/67 76/76/66
f 78/78/68 77/77/67 75/75/65
f 75/75/65 79/79/69 78/78/68
f 79/79/69 75/75/65 72/72/44
f 72/72/44 80/80/43 79/79/69
f 81/81/70 80/80/43 72/72/44
f 72/72/44 70/70/46 81/81/70
f 82/82/71 81/81/70 70/70/46
f 70/70/46 69/69/46 82/82/71
f 82/82/71 69/69/46 66/66/46
f 66/66/46 65/65/61 82/82/71
f 83/83/72 6/6/6 7/7/7
f 7/7/7 84/84/73 83/83/72
f 83/83/72 84/84/73 85/85/74
f 85/85/74 86/86/75 83/83/72
f 86/86/75 85/85/74 87/87/76
f 87/87/76 88/88/76 86/86/75
f 88/88/76 87/87/76 89/89/76
f 89/89/76 90/90/76 88/88/76
f 90/90/76 89/89/76 91/91/76
f 91/91/76 92/92/76 90/90/76
f 93/93/76 92/92/76 91/91/76
f 91/91/76 94/94/76 93/93/76
f 93/93/76 94/94/76 95/95/76
f 95/95/76 96/96/76 93/93/76
f 96/96/76 95/95/76 97/97/76
f 97/97/76 98/98/76 96/96/76
f 99/99/76 98/98/76 97/97/76
f 97/97/76 100/100/76 99/99/76
f 101/101/76 99/99/76 100/100/76
f 100/100/76 102/102/76 101/101/76
f 103/103/77 9/9/9 10/10/10
f 10/10/10 64/64/50 103/103/77
f 67/67/49 103/103/77 64/64/50
f 3/1/3 6/6/6 104/104/78
f 104/104/78 1/2/1 3/1/3
f 1/2/1 104/104/78 42/42/42
f 105/105/79 42/42/42 104/104/78
f 105/105/79 106/106/80 42/42/42
f 44/44/44 42/42/42 106/106/80
f 106/106/80 47/47/47 44/44/44
f 107/107/81 104/104/78 6/6/6
f 104/104/78 107/107/81 105/105/79
f 108/108/82 107/107/81 6/6/6
f 6/6/6 83/83/72 108/108/82
f 109/109/83 108/108/82 83/83/72
f 109/109/83 83/83/72 110/110/84
f 86/86/75 110/110/84 83/83/72
f 111/111/76 110/110/84 86/86/75
f 112/112/76 111/111/76 86/86/75
f 111/111/76 112/112/76 113/113/76
f 114/114/76 113/113/76 112/112/76
f 113/113/76 114/114/76 115/115/76
f 116/116/76 115/115/76 114/114/76
f 116/116/76 117/117/76 115/115/76
f 118/118/76 115/115/76 117/117/76
f 118/118/76 117/117/76 119/119/76
f 120/120/76 119/119/76 117/117/76
f 119/119/76 120/120/76 121/121/76
f 122/122/76 121/121/76 120/120/76
f 122/122/76 123/123/76 121/121/76
f 124/124/76 121/121/76 123/123/76
f 123/123/76 125/125/76 124/124/76
f 126/126/76 124/124/76 125/125/76
f 128/127/86 129/128/87 127/129/85
f 130/130/88 128/127/86 127/129/85
f 131/131/89 130/130/88 127/129/85
f 132/132/90 131/131/89 127/129/85
f 133/133/91 132/132/90 127/129/85
f 134/134/92 133/133/91 127/129/85
f 135/135/93 134/134/92 127/129/85
f 129/128/87 135/135/93 127/129/85
f 136/136/94 135/135/93 129/128/87
f 136/136/94 137/137/95 135/135/93
f 137/137/95 134/134/92 135/135/93
f 137/137/95 138/138/96 134/134/92
f 138/138/96 133/133/91 134/134/92
f 138/138/96 139/139/97 133/133/91
f 139/139/97 132/132/90 133/133/91
f 139/139/97 140/140/98 132/132/90
f 140/140/98 131/131/89 132/132/90
f 140/140/98 141/141/99 131/131/89
f 141/141/99 130/130/88 131/131/89
f 141/141/99 142/142/100 130/130/88
f 142/142/100 128/127/86 130/130/88
f 142/142/100 143/143/101 128/127/86
f 143/143/101 129/128/87 128/127/86
f 143/143/101 136/136/94 129/128/87
f 145/130/88 146/127/86 144/129/85
f 147/131/89 145/130/88 144/129/85
f 148/132/90 147/131/89 144/129/85
f 149/133/91 148/132/90 144/129/85
f 150/134/92 149/133/91 144/129/85
f 151/135/93 150/134/92 144/129/85
f 152/128/87 151/135/93 144/129/85
f 146/127/86 152/128/87 144/129/85
f 153/143/101 152/128/87 146/127/86
f 154/142/100 153/143/101 146/127/86
f 154/142/100 146/127/86 145/130/88
f 155/141/99 154/142/100 145/130/88
f 155/141/99 145/130/88 147/131/89
f 156/140/98 155/141/99 147/131/89
f 156/140/98 147/131/89 148/132/90
f 157/139/97 156/140/98 148/132/90
f 157/139/97 148/132/90 149/133/91
f 158/138/96 157/139/97 149/133/91
f 158/138/96 149/133/91 150/134/92
f 159/137/95 158/138/96 150/134/92
f 159/137/95 150/134/92 151/135/93
f 160/136/94 159/137/95 151/135/93
f 160/136/94 151/135/93 152/128/87
f 153/143/101 160/136/94 152/128/87
f 162/144/103 163/145/104 161/146/102
f 162/144/103 164/147/105 163/145/104
f 164/147/105 165/148/106 163/145/104
f 165/148/106 164/147/105 166/149/107
f 164/147/105 167/150/108 166/149/107
f 164/147/105 168/151/109 167/150/108
f 168/151/109 164/147/105 162/144/103
f 169/152/110 168/151/109 162/144/103
f 169/152/110 162/144/103 170/153/111
f 170/153/111 162/144/103 161/146/102
f 170/153/111 161/146/102 171/154/112
f 172/155/113 170/153/111 171/154/112
f 173/156/114 170/153/111 172/155/113
f 173/156/114 169/152/110 170/153/111
f 174/157/115 169/152/110 173/156/114
f 175/158/116 174/157/115 173/156/114
f 175/158/116 173/156/114 176/159/117
f 176/159/117 173/156/114 172/155/113
f 176/159/117 172/155/113 177/160/118
f 178/161/119 176/159/117 177/160/118
f 178/161/119 177/160/118 179/162/120
f 180/163/121 178/161/119 179/162/120
f 180/163/121 179/162/120 181/164/122
f 182/165/123 180/163/121 181/164/122
f 183/166/124 182/165/123 181/164/122
f 184/167/125 183/166/124 181/164/122
f 185/168/126 183/166/124 184/167/125
f 186/169/127 185/168/126 184/167/125
f 187/170/128 185/168/126 186/169/127
f 188/171/129 187/170/128 186/169/127
f 189/172/130 187/170/128 188/171/129
f 190/173/131 189/172/130 188/171/129
f 191/174/132 189/172/130 190/173/131
f 167/150/108 191/174/132 190/173/131
f 168/151/109 191/174/132 167/150/108
f 168/151/109 192/175/133 191/174/132
f 192/175/133 168/151/109 169/152/110
f 174/157/115 192/175/133 169/152/110
f 193/176/134 192/175/133 174/157/115
f 192/175/133 193/176/134 194/177/135
f 192/175/133 194/177/135 191/174/132
f 191/174/132 194/177/135 189/172/130
f 194/177/135 195/178/136 189/172/130
f 189/172/130 195/178/136 187/170/128
f 195/178/136 196/179/137 187/170/128
f 187/170/128 196/179/137 185/168/126
f 196/179/137 197/180/138 185/168/126
f 185/168/126 197/180/138 183/166/124
f 197/180/138 198/181/139 183/166/124
f 183/166/124 198/181/139 182/165/123
f 198/181/139 199/182/140 182/165/123
f 199/182/140 200/183/141 182/165/123
f 200/183/141 180/163/121 182/165/123
f 200/183/141 201/184/142 180/163/121
f 201/184/142 178/161/119 180/163/121
f 201/184/142 202/185/143 178/161/119
f 202/185/143 176/159/117 178/161/119
f 202/185/143 175/158/116 176/159/117
f 203/186/144 175/158/116 202/185/143
f 203/186/144 204/187/145 175/158/116
f 204/187/145 174/157/115 175/158/116
f 204/187/145 193/176/134 174/157/115
f 193/176/134 205/188/146 194/177/135
f 194/177/135 205/188/146 195/178/136
f 205/188/146 206/189/147 195/178/136
f 195/178/136 206/189/147 196/179/137
f 206/189/147 207/170/148 196/179/137
f 196/179/137 207/170/148 197/180/138
f 207/170/148 208/190/149 197/180/138
f 197/180/138 208/190/149 198/181/139
f 208/190/149 209/191/150 198/181/139
f 198/181/139 209/191/150 199/182/140
f 209/191/150 210/192/151 199/182/140
f 210/192/151 211/193/152 199/182/140
f 211/193/152 200/183/141 199/182/140
f 211/193/152 212/194/153 200/183/141
f 212/194/153 201/184/142 200/183/141
f 212/194/153 213/159/154 201/184/142
f 213/159/154 202/185/143 201/184/142
f 213/159/154 203/186/144 202/185/143
f 167/150/108 190/173/131 214/195/155
f 166/149/107 167/150/108 214/195/155
f 166/149/107 214/195/155 215/196/156
f 216/197/157 166/149/107 215/196/156
f 165/148/106 166/149/107 216/197/157
f 217/198/158 165/148/106 216/197/157
f 165/148/106 217/198/158 218/199/159
f 163/145/104 165/148/106 218/199/159
f 163/145/104 218/199/159 219/200/160
f 161/146/102 163/145/104 219/200/160
f 161/146/102 219/200/160 220/201/161
f 171/154/112 161/146/102 220/201/161
f 171/154/112 220/201/161 221/202/162
f 222/203/163 171/154/112 221/202/162
f 172/155/113 171/154/112 222/203/163
f 177/160/118 172/155/113 222/203/163
f 177/160/118 222/203/163 223/204/164
f 179/162/120 177/160/118 223/204/164
f 179/162/120 223/204/164 224/205/165
f 181/164/122 179/162/120 224/205/165
f 184/167/125 181/164/122 224/205/165
f 225/206/166 184/167/125 224/205/165
f 186/169/127 184/167/125 225/206/166
f 226/207/167 186/169/127 225/206/166
f 188/171/129 186/169/127 226/207/167
f 227/208/168 188/171/129 226/207/167
f 190/173/131 188/171/129 227/208/168
f 214/195/155 190/173/131 227/208/168
f 214/195/155 227/208/168 228/209/169
f 215/196/156 214/195/155 228/209/169
f 215/196/156 228/209/169 229/208/170
f 229/208/170 228/209/169 230/210/171
f 228/209/169 231/211/172 230/210/171
f 228/209/169 227/208/168 231/211/172
f 227/208/168 226/207/167 231/211/172
f 231/211/172 226/207/167 232/212/173
f 226/207/167 225/206/166 232/212/173
f 232/212/173 225/206/166 233/213/174
f 225/206/166 224/205/165 233/213/174
f 224/205/165 223/204/164 233/213/174
f 223/204/164 234/214/175 233/213/174
f 223/204/164 222/203/163 234/214/175
f 222/203/163 221/202/162 234/214/175
f 234/214/175 221/202/162 235/215/176
f 221/202/162 236/216/177 235/215/176
f 221/202/162 220/201/161 236/216/177
f 220/201/161 237/154/178 236/216/177
f 220/201/161 219/200/160 237/154/178
f 219/200/160 238/217/179 237/154/178
f 219/200/160 218/199/159 238/217/179
f 218/199/159 239/218/180 238/217/179
f 218/199/159 217/198/158 239/218/180
f 217/198/158 240/219/181 239/218/180
f 240/219/181 217/198/158 241/220/182
f 217/198/158 216/197/157 241/220/182
f 241/220/182 216/197/157 242/221/183
f 216/197/157 215/196/156 242/221/183
f 242/221/183 215/196/156 229/208/170
f 231/211/172 232/212/173 243/222/184
f 230/210/171 231/211/172 243/222/184
f 243/222/184 232/212/173 244/223/185
f 232/212/173 233/213/174 244/223/185
f 233/213/174 234/214/175 244/223/185
f 234/214/175 235/215/176 244/223/185
f 246/224/187 247/225/188 245/226/186
f 245/226/186 247/225/188 248/227/189
f 247/225/188 249/228/190 248/227/189
f 247/225/188 250/229/191 249/228/190
f 251/230/192 250/229/191 247/225/188
f 247/225/188 246/224/187 251/230/192
f 246/224/187 252/231/193 251/230/192
f 252/231/193 246/224/187 253/232/194
f 245/226/186 253/232/194 246/224/187
f 253/232/194 245/226/186 254/233/195
f 254/233/195 245/226/186 255/234/196
f 245/226/186 248/227/189 255/234/196
f 255/234/196 248/227/189 256/235/197
f 257/236/198 256/235/197 248/227/189
f 258/237/199 257/236/198 248/227/189
f 249/228/190 258/237/199 248/227/189
f 249/228/190 259/238/200 258/237/199
f 250/229/191 259/238/200 249/228/190
f 250/229/191 260/239/201 259/238/200
f 261/240/202 260/239/201 250/229/191
f 250/229/191 251/230/192 261/240/202
f 262/241/203 261/240/202 251/230/192
f 262/241/203 251/230/192 252/231/193
f 262/241/203 252/231/193 263/242/204
f 264/243/205 263/242/204 252/231/193
f 252/231/193 265/244/206 264/243/205
f 252/231/193 266/245/207 265/244/206
f 252/231/193 253/232/194 266/245/207
f 254/233/195 266/245/207 253/232/194
f 266/245/207 254/233/195 255/234/196
f 255/234/196 265/244/206 266/245/207
f 267/246/208 265/244/206 255/234/196
f 255/234/196 268/247/209 267/246/208
f 268/247/209 255/234/196 256/235/197
f 256/235/197 269/248/210 268/247/209
f 269/248/210 256/235/197 257/236/198
f 257/236/198 270/249/211 269/248/210
f 270/249/211 257/236/198 258/237/199
f 258/237/199 271/250/212 270/249/211
f 271/250/212 258/237/199 272/251/213
f 259/238/200 272/251/213 258/237/199
f 259/238/200 273/252/214 272/251/213
f 259/238/200 274/253/215 273/252/214
f 275/254/216 274/253/215 259/238/200
f 260/239/201 275/254/216 259/238/200
f 275/254/216 260/239/201 276/255/217
f 276/255/217 274/253/215 275/254/216
f 274/253/215 276/255/217 277/256/218
f 277/256/218 276/255/217 260/239/201
f 260/239/201 261/240/202 277/256/218
f 262/241/203 277/256/218 261/240/202
f 278/257/219 277/256/218 262/241/203
f 277/256/218 278/257/219 274/253/215
f 279/258/220 274/253/215 278/257/219
f 274/253/215 279/258/220 280/259/221
f 280/259/221 273/252/214 274/253/215
f 273/252/214 280/259/221 281/260/222
f 281/260/222 272/251/213 273/252/214
f 272/251/213 281/260/222 271/250/212
f 271/250/212 281/260/222 282/261/223
f 282/261/223 283/262/224 271/250/212
f 270/249/211 271/250/212 283/262/224
f 283/262/224 284/263/225 270/249/211
f 269/248/210 270/249/211 284/263/225
f 284/263/225 285/264/226 269/248/210
f 268/247/209 269/248/210 285/264/226
f 285/264/226 286/265/227 268/247/209
f 267/246/208 268/247/209 286/265/227
f 286/265/227 287/266/228 267/246/208
f 288/267/229 267/246/208 287/266/228
f 265/244/206 267/246/208 288/267/229
f 288/267/229 264/243/205 265/244/206
f 264/243/205 288/267/229 289/268/230
f 289/268/230 290/269/231 264/243/205
f 264/243/205 290/269/231 291/270/232
f 291/270/232 263/242/204 264/243/205
f 263/242/204 291/270/232 292/271/233
f 292/271/233 293/272/234 263/242/204
f 263/242/204 293/272/234 262/241/203
f 294/273/235 262/241/203 293/272/234
f 293/272/234 295/274/236 294/273/235
f 295/274/236 293/272/234 292/271/233
f 292/271/233 296/275/237 295/274/236
f 296/275/237 292/271/233 297/276/238
f 297/276/238 292/271/233 291/270/232
f 291/270/232 298/277/239 297/276/238
f 298/277/239 291/270/232 290/269/231
f 290/269/231 299/278/240 298/277/239
f 300/279/241 298/277/239 299/278/240
f 298/277/239 300/279/241 301/280/242
f 301/280/242 297/276/238 298/277/239
f 302/281/243 297/276/238 301/280/242
f 297/276/238 302/281/243 296/275/237
f 303/282/244 296/275/237 302/281/243
f 295/274/236 296/275/237 303/282/244
f 303/282/244 304/283/245 295/274/236
f 294/273/235 295/274/236 304/283/245
f 304/283/245 305/284/246 294/273/235
f 306/285/247 294/273/235 305/284/246
f 262/241/203 294/273/235 306/285/247
f 306/285/247 278/257/219 262/241/203
f 278/257/219 306/285/247 279/258/220
f 279/258/220 306/285/247 307/286/248
f 305/284/246 307/286/248 306/285/247
f 307/286/248 308/287/249 279/258/220
f 280/259/221 279/258/220 308/287/249
f 308/287/249 309/288/250 280/259/221
f 281/260/222 280/259/221 309/288/250
f 309/288/250 282/261/223 281/260/222
f 310/289/251 301/280/242 300/279/241
f 311/290/252 310/289/251 300/279/241
f 310/289/251 311/290/252 312/291/253
f 312/291/253 311/290/252 313/292/254
f 314/293/255 313/292/254 311/290/252
f 315/294/256 314/293/255 311/290/252
f 316/295/257 314/293/255 315/294/256
f 317/296/258 316/295/257 315/294/256
f 317/296/258 318/297/259 316/295/257
f 319/298/260 318/297/259 317/296/258
f 317/296/258 320/299/261 319/298/260
f 321/300/262 320/299/261 317/296/258
f 322/301/263 320/299/261 321/300/262
f 322/301/263 321/300/262 323/302/264
f 324/303/265 322/301/263 323/302/264
f 324/303/265 325/304/266 322/301/263
f 325/304/266 326/305/267 322/301/263
f 326/305/267 320/299/261 322/301/263
f 327/306/268 320/299/261 326/305/267
f 327/306/268 326/305/267 325/304/266
f 328/307/269 327/306/268 325/304/266
f 329/308/270 327/306/268 328/307/269
f 327/306/268 329/308/270 330/309/271
f 331/310/272 330/309/271 329/308/270
f 332/311/273 330/309/271 331/310/272
f 331/310/272 333/312/274 332/311/273
f 332/311/273 333/312/274 334/313/275
f 333/312/274 335/314/276 334/313/275
f 333/312/274 336/315/277 335/314/276
f 333/312/274 331/310/272 336/315/277
f 337/316/278 336/315/277 331/310/272
f 331/310/272 329/308/270 337/316/278
f 338/317/279 337/316/278 329/308/270
f 337/316/278 338/317/279 339/318/280
f 339/318/280 340/319/281 337/316/278
f 336/315/277 337/316/278 340/319/281
f 340/319/281 341/320/282 336/315/277
f 341/320/282 340/319/281 342/321/283
f 342/321/283 343/322/284 341/320/282
f 343/322/284 342/321/283 344/323/285
f 344/323/285 345/324/286 343/322/284
f 346/325/287 345/324/286 344/323/285
f 344/323/285 347/326/288 346/325/287
f 348/327/289 346/325/287 347/326/288
f 347/326/288 349/328/290 348/327/289
f 350/329/291 348/327/289 349/328/290
f 348/327/289 350/329/291 351/330/292
f 351/330/292 352/331/293 348/327/289
f 346/325/287 348/327/289 352/331/293
f 353/332/294 346/325/287 352/331/293
f 351/330/292 353/332/294 352/331/293
f 351/330/292 354/333/295 353/332/294
f 353/332/294 354/333/295 355/334/296
f 354/333/295 356/335/297 355/334/296
f 354/333/295 357/336/298 356/335/297
f 358/337/299 357/336/298 354/333/295
f 358/337/299 354/333/295 351/330/292
f 358/337/299 351/330/292 350/329/291
f 350/329/291 359/338/300 358/337/299
f 350/329/291 360/339/301 359/338/300
f 358/337/299 359/338/300 360/339/301
f 358/337/299 360/339/301 361/340/302
f 358/337/299 361/340/302 362/341/303
f 363/342/304 358/337/299 362/341/303
f 358/337/299 363/342/304 364/343/305
f 364/343/305 365/344/306 358/337/299
f 365/344/306 357/336/298 358/337/299
f 365/344/306 356/335/297 357/336/298
f 366/345/307 356/335/297 365/344/306
f 366/345/307 355/334/296 356/335/297
f 355/334/296 366/345/307 367/346/308
f 353/332/294 355/334/296 367/346/308
f 346/325/287 353/332/294 367/346/308
f 346/325/287 367/346/308 368/347/309
f 368/347/309 345/324/286 346/325/287
f 343/322/284 345/324/286 368/347/309
f 368/347/309 369/348/310 343/322/284
f 341/320/282 343/322/284 369/348/310
f 369/348/310 370/349/311 341/320/282
f 341/320/282 370/349/311 371/350/312
f 371/350/312 336/315/277 341/320/282
f 336/315/277 371/350/312 335/314/276
f 372/351/313 335/314/276 371/350/312
f 371/350/312 373/352/314 372/351/313
f 373/352/314 371/350/312 370/349/311
f 370/349/311 374/353/315 373/352/314
f 374/353/315 370/349/311 369/348/310
f 369/348/310 375/354/316 374/353/315
f 375/354/316 369/348/310 368/347/309
f 368/347/309 376/355/317 375/354/316
f 376/355/317 368/347/309 367/346/308
f 367/346/308 377/356/318 376/355/317
f 377/356/318 367/346/308 366/345/307
f 366/345/307 378/357/319 377/356/318
f 378/357/319 366/345/307 365/344/306
f 365/344/306 379/358/320 378/357/319
f 379/358/320 365/344/306 364/343/305
f 364/343/305 380/359/321 379/358/320
f 380/359/321 364/343/305 363/342/304
f 363/342/304 381/360/322 380/359/321
f 382/361/323 381/360/322 363/342/304
f 363/342/304 362/341/303 382/361/323
f 382/361/323 362/341/303 361/340/302
f 361/340/302 383/362/324 382/361/323
f 383/362/324 361/340/302 384/363/325
f 385/364/326 384/363/325 361/340/302
f 384/363/325 385/364/326 349/328/290
f 385/364/326 350/329/291 349/328/290
f 350/329/291 385/364/326 360/339/301
f 360/339/301 385/364/326 361/340/302
f 320/299/261 327/306/268 319/298/260
f 327/306/268 386/365/327 319/298/260
f 386/365/327 318/297/259 319/298/260
f 386/365/327 387/366/328 318/297/259
f 318/297/259 387/366/328 316/295/257
f 316/295/257 387/366/328 388/367/329
f 316/295/257 388/367/329 314/293/255
f 314/293/255 388/367/329 389/368/330
f 388/367/329 387/366/328 389/368/330
f 387/366/328 386/365/327 389/368/330
f 386/365/327 390/369/331 389/368/330
f 390/369/331 386/365/327 391/370/332
f 392/371/333 391/370/332 386/365/327
f 327/306/268 392/371/333 386/365/327
f 392/371/333 327/306/268 330/309/271
f 330/309/271 393/372/334 392/371/333
f 330/309/271 332/311/273 393/372/334
f 394/373/335 393/372/334 332/311/273
f 394/373/335 332/311/273 395/374/336
f 396/375/337 394/373/335 395/374/336
f 397/376/338 394/373/335 396/375/337
f 393/372/334 394/373/335 397/376/338
f 397/376/338 398/377/339 393/372/334
f 392/371/333 393/372/334 398/377/339
f 398/377/339 399/378/340 392/371/333
f 391/370/332 392/371/333 399/378/340
f 391/370/332 399/378/340 400/379/341
f 401/380/342 400/379/341 399/378/340
f 401/380/342 399/378/340 402/381/343
f 403/382/344 402/381/343 399/378/340
f 399/378/340 398/377/339 403/382/344
f 404/383/345 403/382/344 398/377/339
f 398/377/339 397/376/338 404/383/345
f 405/384/346 404/383/345 397/376/338
f 397/376/338 406/385/347 405/384/346
f 406/385/347 397/376/338 396/375/337
f 396/375/337 407/386/348 406/385/347
f 408/387/349 406/385/347 407/386/348
f 406/385/347 408/387/349 409/388/350
f 409/388/350 405/384/346 406/385/347
f 409/388/350 410/389/351 405/384/346
f 411/390/352 405/384/346 410/389/351
f 411/390/352 412/391/353 405/384/346
f 404/383/345 405/384/346 412/391/353
f 412/391/353 413/392/354 404/383/345
f 403/382/344 404/383/345 413/392/354
f 403/382/344 413/392/354 402/381/343
f 414/393/355 402/381/343 413/392/354
f 414/393/355 413/392/354 415/394/356
f 416/395/357 415/394/356 413/392/354
f 413/392/354 412/391/353 416/395/357
f 417/396/358 416/395/357 412/391/353
f 412/391/353 411/390/352 417/396/358
f 418/397/359 417/396/358 411/390/352
f 418/397/359 419/398/360 417/396/358
f 420/399/361 417/396/358 419/398/360
f 419/398/360 421/400/362 420/399/361
f 419/398/360 422/401/363 421/400/362
f 423/402/364 421/400/362 422/401/363
f 424/403/365 421/400/362 423/402/364
f 425/404/366 424/403/365 423/402/364
f 424/403/365 425/404/366 426/405/367
f 427/406/368 424/403/365 426/405/367
f 427/406/368 428/407/369 424/403/365
f 424/403/365 428/407/369 429/408/370
f 429/408/370 421/400/362 424/403/365
f 421/400/362 429/408/370 430/409/371
f 430/409/371 420/399/361 421/400/362
f 430/409/371 431/410/372 420/399/361
f 431/410/372 430/409/371 432/411/373
f 429/408/370 432/411/373 430/409/371
f 429/408/370 428/407/369 432/411/373
f 428/407/369 433/412/374 432/411/373
f 433/412/374 431/410/372 432/411/373
f 431/410/372 433/412/374 434/413/375
f 433/412/374 428/407/369 434/413/375
f 427/406/368 434/413/375 428/407/369
f 434/413/375 427/406/368 435/414/376
f 436/415/377 435/414/376 427/406/368
f 427/406/368 437/416/378 436/415/377
f 438/417/379 437/416/378 427/406/368
f 427/406/368 439/418/380 438/417/379
f 427/406/368 426/405/367 439/418/380
f 425/404/366 439/418/380 426/405/367
f 425/404/366 440/419/381 439/418/380
f 425/404/366 423/402/364 440/419/381
f 440/419/381 423/402/364 422/401/363
f 441/420/382 440/419/381 422/401/363
f 438/417/379 440/419/381 441/420/382
f 440/419/381 438/417/379 439/418/380
f 438/417/379 442/421/383 437/416/378
f 443/422/384 437/416/378 442/421/383
f 437/416/378 443/422/384 436/415/377
f 444/423/385 436/415/377 443/422/384
f 444/423/385 445/424/386 436/415/377
f 435/414/376 436/415/377 445/424/386
f 435/414/376 445/424/386 434/413/375
f 446/425/387 434/413/375 445/424/386
f 434/413/375 446/425/387 431/410/372
f 447/426/388 431/410/372 446/425/387
f 431/410/372 447/426/388 420/399/361
f 448/427/389 420/399/361 447/426/388
f 420/399/361 448/427/389 417/396/358
f 416/395/357 417/396/358 448/427/389
f 416/395/357 448/427/389 415/394/356
f 449/428/390 415/394/356 448/427/389
f 448/427/389 447/426/388 449/428/390
f 450/429/391 449/428/390 447/426/388
f 450/429/391 447/426/388 451/430/392
f 446/425/387 451/430/392 447/426/388
f 446/425/387 445/424/386 451/430/392
f 452/431/393 451/430/392 445/424/386
f 445/424/386 444/423/385 452/431/393
f 453/432/394 452/431/393 444/423/385
f 444/423/385 443/422/384 453/432/394
f 454/433/395 453/432/394 443/422/384
f 443/422/384 442/421/383 454/433/395
f 455/434/396 454/433/395 442/421/383
f 455/434/396 442/421/383 456/435/397
f 457/436/398 456/435/397 442/421/383
f 442/421/383 438/417/379 457/436/398
f 441/420/382 457/436/398 438/417/379
f 457/436/398 441/420/382 458/437/399
f 422/401/363 458/437/399 441/420/382
f 458/437/399 422/401/363 459/438/400
f 460/439/401 459/438/400 422/401/363
f 422/401/363 419/398/360 460/439/401
f 418/397/359 460/439/401 419/398/360
f 418/397/359 411/390/352 460/439/401
f 410/389/351 460/439/401 411/390/352
f 410/389/351 461/440/402 460/439/401
f 459/438/400 460/439/401 461/440/402
f 461/440/402 462/441/403 459/438/400
f 461/440/402 463/442/404 462/441/403
f 461/440/402 410/389/351 463/442/404
f 409/388/350 463/442/404 410/389/351
f 463/442/404 409/388/350 408/387/349
f 408/387/349 464/443/405 463/442/404
f 408/387/349 407/386/348 464/443/405
f 465/444/406 464/443/405 407/386/348
f 465/444/406 407/386/348 466/445/407
f 407/386/348 396/375/337 466/445/407
f 395/374/336 466/445/407 396/375/337
f 466/445/407 395/374/336 467/446/408
f 468/447/409 467/446/408 395/374/336
f 395/374/336 332/311/273 468/447/409
f 469/448/410 468/447/409 332/311/273
f 470/449/411 469/448/410 332/311/273
f 332/311/273 334/313/275 470/449/411
f 471/450/412 470/449/411 334/313/275
f 470/449/411 471/450/412 472/451/413
f 472/451/413 473/452/414 470/449/411
f 470/449/411 473/452/414 474/453/415
f 474/453/415 469/448/410 470/449/411
f 469/448/410 474/453/415 468/447/409
f 475/454/416 468/447/409 474/453/415
f 475/454/416 474/453/415 476/455/417
f 476/455/417 474/453/415 477/456/418
f 476/455/417 477/456/418 478/457/419
f 479/458/420 476/455/417 478/457/419
f 480/459/421 479/458/420 478/457/419
f 481/460/422 480/459/421 478/457/419
f 482/461/423 481/460/422 478/457/419
f 483/462/424 482/461/423 478/457/419
f 484/463/425 483/462/424 478/457/419
f 485/464/426 484/463/425 478/457/419
f 486/465/427 485/464/426 478/457/419
f 487/466/428 486/465/427 478/457/419
f 488/467/429 487/466/428 478/457/419
f 477/456/418 488/467/429 478/457/419
f 474/453/415 488/467/429 477/456/418
f 474/453/415 473/452/414 488/467/429
f 473/452/414 489/468/430 488/467/429
f 489/468/430 487/466/428 488/467/429
f 489/468/430 490/469/431 487/466/428
f 490/469/431 491/470/432 487/466/428
f 491/470/432 486/465/427 487/466/428
f 491/470/432 492/471/433 486/465/427
f 492/471/433 485/464/426 486/465/427
f 492/471/433 493/472/434 485/464/426
f 493/472/434 494/473/435 485/464/426
f 494/473/435 484/463/425 485/464/426
f 494/473/435 495/474/436 484/463/425
f 495/474/436 496/475/437 484/463/425
f 496/475/437 483/462/424 484/463/425
f 496/475/437 497/476/438 483/462/424
f 497/476/438 498/477/439 483/462/424
f 483/462/424 498/477/439 482/461/423
f 498/477/439 499/478/440 482/461/423
f 499/478/440 500/479/441 482/461/423
f 482/461/423 500/479/441 481/460/422
f 500/479/441 501/480/442 481/460/422
f 501/480/442 502/481/443 481/460/422
f 481/460/422 502/481/443 480/459/421
f 502/481/443 503/482/444 480/459/421
f 480/459/421 503/482/444 479/458/420
f 503/482/444 504/483/445 479/458/420
f 504/483/445 505/484/446 479/458/420
f 479/458/420 505/484/446 476/455/417
f 505/484/446 475/454/416 476/455/417
f 505/484/446 506/485/447 475/454/416
f 506/485/447 505/484/446 507/486/448
f 504/483/445 507/486/448 505/484/446
f 507/486/448 504/483/445 508/487/449
f 503/482/444 508/487/449 504/483/445
f 508/487/449 503/482/444 509/488/450
f 502/481/443 509/488/450 503/482/444
f 509/488/450 502/481/443 510/489/451
f 501/480/442 510/489/451 502/481/443
f 510/489/451 501/480/442 511/490/452
f 500/479/441 511/490/452 501/480/442
f 511/490/452 500/479/441 512/491/453
f 499/478/440 512/491/453 500/479/441
f 512/491/453 499/478/440 513/492/454
f 498/477/439 513/492/454 499/478/440
f 513/492/454 498/477/439 514/493/455
f 497/476/438 514/493/455 498/477/439
f 514/493/455 497/476/438 496/475/437
f 496/475/437 515/494/456 514/493/455
f 515/494/456 496/475/437 495/474/436
f 495/474/436 516/495/457 515/494/456
f 516/495/457 495/474/436 494/473/435
f 494/473/435 517/496/458 516/495/457
f 517/496/458 494/473/435 493/472/434
f 493/472/434 518/497/459 517/496/458
f 518/497/459 493/472/434 492/471/433
f 492/471/433 519/498/460 518/497/459
f 519/498/460 492/471/433 491/470/432
f 491/470/432 520/499/461 519/498/460
f 520/499/461 491/470/432 490/469/431
f 490/469/431 521/500/462 520/499/461
f 521/500/462 490/469/431 489/468/430
f 489/468/430 522/501/463 521/500/462
f 522/501/463 489/468/430 473/452/414
f 473/452/414 472/451/413 522/501/463
f 523/502/464 522/501/463 472/451/413
f 472/451/413 524/503/465 523/502/464
f 525/504/466 524/503/465 472/451/413
f 472/451/413 471/450/412 525/504/466
f 525/504/466 471/450/412 526/505/467
f 334/313/275 526/505/467 471/450/412
f 526/505/467 334/313/275 335/314/276
f 335/314/276 372/351/313 526/505/467
f 372/351/313 527/506/468 526/505/467
f 528/507/469 527/506/468 372/351/313
f 372/351/313 373/352/314 528/507/469
f 528/507/469 373/352/314 374/353/315
f 374/353/315 529/508/470 528/507/469
f 530/509/471 529/508/470 374/353/315
f 374/353/315 375/354/316 530/509/471
f 530/509/471 375/354/316 376/355/317
f 376/355/317 531/510/472 530/509/471
f 532/511/473 531/510/472 376/355/317
f 376/355/317 377/356/318 532/511/473
f 533/512/474 532/511/473 377/356/318
f 377/356/318 378/357/319 533/512/474
f 533/512/474 378/357/319 379/358/320
f 379/358/320 534/513/475 533/512/474
f 535/514/476 534/513/475 379/358/320
f 379/358/320 380/359/321 535/514/476
f 536/515/477 535/514/476 380/359/321
f 380/359/321 381/360/322 536/515/477
f 537/516/478 536/515/477 381/360/322
f 381/360/322 382/361/323 537/516/478
f 538/517/479 537/516/478 382/361/323
f 382/361/323 383/362/324 538/517/479
f 538/517/479 383/362/324 539/518/480
f 384/363/325 539/518/480 383/362/324
f 539/518/480 384/363/325 347/326/288
f 349/328/290 347/326/288 384/363/325
f 347/326/288 540/519/481 539/518/480
f 540/519/481 347/326/288 344/323/285
f 344/323/285 541/520/482 540/519/481
f 541/520/482 344/323/285 342/321/283
f 342/321/283 542/521/483 541/520/482
f 542/521/483 342/321/283 340/319/281
f 340/319/281 339/318/280 542/521/483
f 542/521/483 339/318/280 543/522/484
f 543/522/484 339/318/280 338/317/279
f 338/317/279 544/523/485 543/522/484
f 545/524/486 544/523/485 338/317/279
f 338/317/279 546/525/487 545/524/486
f 329/308/270 546/525/487 338/317/279
f 546/525/487 329/308/270 328/307/269
f 328/307/269 547/526/488 546/525/487
f 547/526/488 328/307/269 548/527/489
f 549/528/490 548/527/489 328/307/269
f 548/527/489 549/528/490 550/529/491
f 549/528/490 324/303/265 550/529/491
f 550/529/491 324/303/265 323/302/264
f 550/529/491 323/302/264 311/290/252
f 323/302/264 551/530/492 311/290/252
f 321/300/262 551/530/492 323/302/264
f 551/530/492 321/300/262 317/296/258
f 551/530/492 317/296/258 315/294/256
f 311/290/252 551/530/492 315/294/256
f 311/290/252 300/279/241 552/531/493
f 552/531/493 550/529/491 311/290/252
f 552/531/493 548/527/489 550/529/491
f 553/532/494 548/527/489 552/531/493
f 548/527/489 553/532/494 547/526/488
f 547/526/488 553/532/494 554/533/495
f 554/533/495 555/534/496 547/526/488
f 546/525/487 547/526/488 555/534/496
f 545/524/486 546/525/487 555/534/496
f 299/278/240 552/531/493 300/279/241
f 556/535/497 552/531/493 299/278/240
f 552/531/493 556/535/497 553/532/494
f 553/532/494 556/535/497 557/536/498
f 557/536/498 554/533/495 553/532/494
f 558/537/499 557/536/498 556/535/497
f 556/535/497 559/538/500 558/537/499
f 299/278/240 559/538/500 556/535/497
f 559/538/500 299/278/240 290/269/231
f 290/269/231 289/268/230 559/538/500
f 559/538/500 289/268/230 560/539/501
f 560/539/501 558/537/499 559/538/500
f 561/540/502 560/539/501 289/268/230
f 289/268/230 288/267/229 561/540/502
f 287/266/228 561/540/502 288/267/229
f 389/368/330 313/292/254 314/293/255
f 389/368/330 562/541/503 313/292/254
f 562/541/503 389/368/330 390/369/331
f 562/541/503 390/369/331 563/542/504
f 563/542/504 564/543/505 562/541/503
f 565/544/506 562/541/503 564/543/505
f 565/544/506 313/292/254 562/541/503
f 313/292/254 565/544/506 566/545/507
f 313/292/254 566/545/507 312/291/253
f 567/546/508 312/291/253 566/545/507
f 312/291/253 567/546/508 568/547/509
f 568/547/509 310/289/251 312/291/253
f 568/547/509 569/548/510 310/289/251
f 569/548/510 301/280/242 310/289/251
f 301/280/242 569/548/510 302/281/243
f 302/281/243 569/548/510 570/549/511
f 569/548/510 571/550/512 570/549/511
f 569/548/510 568/547/509 571/550/512
f 572/551/513 571/550/512 568/547/509
f 572/551/513 568/547/509 567/546/508
f 567/546/508 573/552/514 572/551/513
f 573/552/514 567/546/508 574/553/515
f 566/545/507 574/553/515 567/546/508
f 566/545/507 575/554/516 574/553/515
f 575/554/516 566/545/507 565/544/506
f 575/554/516 565/544/506 576/555/517
f 564/543/505 576/555/517 565/544/506
f 576/555/517 577/556/518 575/554/516
f 578/557/519 575/554/516 577/556/518
f 578/557/519 574/553/515 575/554/516
f 574/553/515 578/557/519 579/558/520
f 574/553/515 579/558/520 573/552/514
f 580/559/521 573/552/514 579/558/520
f 580/559/521 579/558/520 581/560/522
f 582/561/523 581/560/522 579/558/520
f 583/562/524 581/560/522 582/561/523
f 584/563/525 581/560/522 583/562/524
f 583/562/524 585/564/526 584/563/525
f 586/565/527 584/563/525 585/564/526
f 584/563/525 586/565/527 587/566/528
f 587/566/528 581/560/522 584/563/525
f 581/560/522 587/566/528 588/567/529
f 587/566/528 589/568/530 588/567/529
f 589/568/530 587/566/528 586/565/527
f 589/568/530 586/565/527 590/569/531
f 591/570/532 589/568/530 590/569/531
f 592/571/533 589/568/530 591/570/532
f 592/571/533 588/567/529 589/568/530
f 588/567/529 592/571/533 593/572/534
f 594/573/535 593/572/534 592/571/533
f 594/573/535 592/571/533 595/574/536
f 595/574/536 592/571/533 591/570/532
f 595/574/536 591/570/532 596/575/537
f 596/575/537 591/570/532 590/569/531
f 590/569/531 597/576/538 596/575/537
f 597/576/538 590/569/531 598/577/539
f 590/569/531 599/578/540 598/577/539
f 590/569/531 586/565/527 599/578/540
f 586/565/527 585/564/526 599/578/540
f 585/564/526 583/562/524 599/578/540
f 582/561/523 599/578/540 583/562/524
f 582/561/523 600/579/541 599/578/540
f 601/580/542 599/578/540 600/579/541
f 599/578/540 601/580/542 598/577/539
f 602/581/543 598/577/539 601/580/542
f 598/577/539 602/581/543 597/576/538
f 603/582/544 597/576/538 602/581/543
f 597/576/538 603/582/544 596/575/537
f 604/583/545 596/575/537 603/582/544
f 596/575/537 604/583/545 605/584/546
f 605/584/546 595/574/536 596/575/537
f 605/584/546 606/585/547 595/574/536
f 606/585/547 607/586/548 595/574/536
f 607/586/548 608/587/549 595/574/536
f 608/587/549 594/573/535 595/574/536
f 594/573/535 608/587/549 609/588/550
f 607/586/548 609/588/550 608/587/549
f 609/588/550 607/586/548 610/589/551
f 609/588/550 610/589/551 594/573/535
f 593/572/534 594/573/535 610/589/551
f 610/589/551 611/590/552 593/572/534
f 593/572/534 611/590/552 588/567/529
f 588/567/529 611/590/552 581/560/522
f 581/560/522 611/590/552 580/559/521
f 612/591/553 580/559/521 611/590/552
f 612/591/553 613/592/554 580/559/521
f 573/552/514 580/559/521 613/592/554
f 613/592/554 572/551/513 573/552/514
f 613/592/554 614/593/555 572/551/513
f 571/550/512 572/551/513 614/593/555
f 614/593/555 615/594/556 571/550/512
f 616/595/557 571/550/512 615/594/556
f 616/595/557 570/549/511 571/550/512
f 570/549/511 617/596/558 302/281/243
f 302/281/243 617/596/558 303/282/244
f 457/436/398 458/437/399 456/435/397
f 618/597/559 456/435/397 458/437/399
f 458/437/399 459/438/400 618/597/559
f 619/598/560 618/597/559 459/438/400
f 619/598/560 459/438/400 462/441/403
f 620/599/561 462/441/403 463/442/404
f 620/599/561 463/442/404 464/443/405
f 549/528/490 621/600/562 324/303/265
f 324/303/265 621/600/562 325/304/266
f 621/600/562 328/307/269 325/304/266
f 328/307/269 621/600/562 549/528/490
f 606/585/547 622/601/563 607/586/548
f 623/602/564 607/586/548 622/601/563
f 607/586/548 623/602/564 624/603/565
f 624/603/565 610/589/551 607/586/548
f 610/589/551 624/603/565 611/590/552
f 624/603/565 625/604/566 611/590/552
f 625/604/566 624/603/565 623/602/564
f 625/604/566 623/602/564 626/605/567
f 627/606/568 626/605/567 623/602/564
f 623/602/564 622/601/563 627/606/568
f 628/607/569 627/606/568 622/601/563
f 622/601/563 629/608/570 628/607/569
f 622/601/563 606/585/547 629/608/570
f 605/584/546 629/608/570 606/585/547
f 629/608/570 605/584/546 604/583/545
f 629/608/570 604/583/545 630/609/571
f 630/609/571 628/607/569 629/608/570
f 631/610/572 630/609/571 604/583/545
f 604/583/545 603/582/544 631/610/572
f 632/611/573 631/610/572 603/582/544
f 603/582/544 602/581/543 632/611/573
f 633/612/574 632/611/573 602/581/543
f 602/581/543 601/580/542 633/612/574
f 634/613/575 633/612/574 601/580/542
f 601/580/542 600/579/541 634/613/575
f 635/614/576 634/613/575 600/579/541
f 600/579/541 636/615/577 635/614/576
f 600/579/541 582/561/523 636/615/577
f 579/558/520 636/615/577 582/561/523
f 636/615/577 579/558/520 578/557/519
f 636/615/577 578/557/519 637/616/578
f 637/616/578 635/614/576 636/615/577
f 577/556/518 637/616/578 578/557/519
f 475/454/416 638/617/579 468/447/409
f 638/617/579 475/454/416 506/485/447
f 506/485/447 639/618/580 638/617/579
f 639/618/580 506/485/447 640/619/581
f 507/486/448 640/619/581 506/485/447
f 640/619/581 507/486/448 641/620/582
f 508/487/449 641/620/582 507/486/448
f 641/620/582 508/487/449 642/621/583
f 509/488/450 642/621/583 508/487/449
f 642/621/583 509/488/450 643/622/584
f 510/489/451 643/622/584 509/488/450
f 643/622/584 510/489/451 644/623/585
f 511/490/452 644/623/585 510/489/451
f 644/623/585 511/490/452 645/624/586
f 512/491/453 645/624/586 511/490/452
f 645/624/586 512/491/453 646/625/587
f 513/492/454 646/625/587 512/491/453
f 646/625/587 513/492/454 647/626/588
f 514/493/455 647/626/588 513/492/454
f 647/626/588 514/493/455 515/494/456
f 515/494/456 648/627/589 647/626/588
f 648/627/589 515/494/456 516/495/457
f 516/495/457 649/628/590 648/627/589
f 649/628/590 516/495/457 517/496/458
f 517/496/458 650/629/591 649/628/590
f 650/629/591 517/496/458 518/497/459
f 518/497/459 651/630/592 650/629/591
f 651/630/592 518/497/459 519/498/460
f 519/498/460 652/631/593 651/630/592
f 652/631/593 519/498/460 520/499/461
f 520/499/461 653/632/594 652/631/593
f 653/632/594 520/499/461 521/500/462
f 521/500/462 654/633/595 653/632/594
f 654/633/595 521/500/462 522/501/463
f 522/501/463 523/502/464 654/633/595
f 467/446/408 468/447/409 638/617/579
f 467/446/408 638/617/579 655/634/596
f 467/446/408 655/634/596 466/445/407
f 656/635/597 466/445/407 655/634/596
f 656/635/597 465/444/406 466/445/407
f 657/636/598 611/590/552 625/604/566
f 611/590/552 657/636/598 612/591/553
f 658/637/599 612/591/553 657/636/598
f 612/591/553 658/637/599 613/592/554
f 614/593/555 613/592/554 658/637/599
f 614/593/555 658/637/599 615/594/556
f 659/638/600 615/594/556 658/637/599
f 658/637/599 657/636/598 659/638/600
f 660/639/601 659/638/600 657/636/598
f 657/636/598 625/604/566 660/639/601
f 626/605/567 660/639/601 625/604/566
f 661/634/602 655/634/596 638/617/579
f 661/634/602 638/617/579 639/618/580
f 390/369/331 391/370/332 662/640/603
f 391/370/332 400/379/341 662/640/603
f 662/640/603 563/542/504 390/369/331
f 527/506/468 663/641/604 526/505/467
f 526/505/467 663/641/604 525/504/466
f 543/522/484 664/642/605 542/521/483
f 542/521/483 664/642/605 665/643/606
f 665/643/606 541/520/482 542/521/483
f 540/519/481 541/520/482 665/643/606
f 665/643/606 666/644/607 540/519/481
f 539/518/480 540/519/481 666/644/607
f 666/644/607 667/645/608 539/518/480
f 539/518/480 667/645/608 538/517/479
f 669/646/609 670/647/610 668/648/85
f 671/649/611 669/646/609 668/648/85
f 672/650/612 671/649/611 668/648/85
f 673/651/613 672/650/612 668/648/85
f 674/652/614 673/651/613 668/648/85
f 675/653/615 674/652/614 668/648/85
f 676/654/616 675/653/615 668/648/85
f 677/655/617 676/654/616 668/648/85
f 678/656/618 677/655/617 668/648/85
f 670/647/610 678/656/618 668/648/85
f 678/656/618 670/647/610 679/657/619
f 679/657/619 670/647/610 680/658/620
f 670/647/610 669/646/609 680/658/620
f 680/658/620 669/646/609 681/659/621
f 669/646/609 671/649/611 681/659/621
f 681/659/621 671/649/611 682/660/622
f 671/649/611 672/650/612 682/660/622
f 682/660/622 672/650/612 683/661/623
f 672/650/612 673/651/613 683/661/623
f 683/661/623 673/651/613 684/662/624
f 673/651/613 674/652/614 684/662/624
f 684/662/624 674/652/614 685/663/625
f 674/652/614 675/653/615 685/663/625
f 685/663/625 675/653/615 686/664/626
f 675/653/615 676/654/616 686/664/626
f 686/664/626 676/654/616 687/665/627
f 676/654/616 677/655/617 687/665/627
f 687/665/627 677/655/617 688/666/628
f 677/655/617 678/656/618 688/666/628
f 688/666/628 678/656/618 679/657/619
f 688/666/628 679/657/619 689/657/629
f 689/657/629 679/657/619 690/658/630
f 679/657/619 680/658/620 690/658/630
f 690/658/630 680/658/620 691/659/631
f 680/658/620 681/659/621 691/659/631
f 691/659/631 681/659/621 692/660/632
f 681/659/621 682/660/622 692/660/632
f 692/660/632 682/660/622 693/661/633
f 682/660/622 683/661/623 693/661/633
f 693/661/633 683/661/623 694/662/634
f 683/661/623 684/662/624 694/662/634
f 694/662/634 684/662/624 695/663/635
f 684/662/624 685/663/625 695/663/635
f 695/663/635 685/663/625 696/664/636
f 685/663/625 686/664/626 696/664/636
f 696/664/636 686/664/626 697/665/637
f 686/664/626 687/665/627 697/665/637
f 697/665/637 687/665/627 698/666/638
f 687/665/627 688/666/628 698/666/638
f 698/666/638 688/666/628 689/657/629
f 700/648/85 701/647/614 699/646/639
f 700/648/85 699/646/639 702/649/640
f 700/648/85 702/649/640 703/650/641
f 700/648/85 703/650/641 704/651/609
f 700/648/85 704/651/609 705/652/610
f 700/648/85 705/652/610 706/653/642
f 700/648/85 706/653/642 707/654/617
f 700/648/85 707/654/617 708/655/616
f 700/648/85 708/655/616 709/656/643
f 700/648/85 709/656/643 701/647/614
f 710/657/624 701/647/614 709/656/643
f 710/657/624 709/656/643 711/666/625
f 711/666/625 709/656/643 708/655/616
f 711/666/625 708/655/616 712/667/626
f 712/667/626 708/655/616 707/654/617
f 712/667/626 707/654/617 713/668/627
f 713/668/627 707/654/617 706/653/642
f 713/668/627 706/653/642 714/663/628
f 714/663/628 706/653/642 705/652/610
f 714/663/628 705/652/610 715/669/619
f 715/669/619 705/652/610 704/651/609
f 715/669/619 704/651/609 716/661/644
f 716/661/644 704/651/609 703/650/641
f 716/661/644 703/650/641 717/660/645
f 717/660/645 703/650/641 702/649/640
f 717/660/645 702/649/640 718/659/646
f 718/659/646 702/649/640 699/646/639
f 718/659/646 699/646/639 719/658/623
f 719/658/623 699/646/639 701/647/614
f 719/658/623 701/647/614 710/657/624
f 720/658/647 719/658/623 710/657/624
f 720/658/647 710/657/624 721/657/634
f 721/657/634 710/657/624 711/666/625
f 721/657/634 711/666/625 722/666/635
f 722/666/635 711/666/625 712/667/626
f 722/666/635 712/667/626 723/667/648
f 723/667/648 712/667/626 713/668/627
f 723/667/648 713/668/627 724/668/649
f 724/668/649 713/668/627 714/663/628
f 724/668/649 714/663/628 725/663/638
f 725/663/638 714/663/628 715/669/619
f 725/663/638 715/669/619 726/669/629
f 726/669/629 715/669/619 716/661/644
f 726/669/629 716/661/644 727/661/630
f 727/661/630 716/661/644 717/660/645
f 727/661/630 717/660/645 728/660/650
f 728/660/650 717/660/645 718/659/646
f 728/660/650 718/659/646 729/659/651
f 729/659/651 718/659/646 719/658/623
f 729/659/651 719/658/623 720/658/647
f 731/670/653 732/671/654 730/672/652
f 730/672/652 733/673/655 731/670/653
f 730/672/652 734/674/656 733/673/655
f 730/672/652 735/675/657 734/674/656
f 735/675/657 736/676/658 734/674/656
f 737/677/659 736/676/658 735/675/657
f 735/675/657 738/678/660 737/677/659
f 738/678/660 735/675/657 730/672/652
f 730/672/652 739/679/661 738/678/660
f 739/679/661 730/672/652 732/671/654
f 732/671/654 740/680/662 739/679/661
f 740/680/662 732/671/654 741/681/663
f 732/671/654 731/670/653 741/681/663
f 742/682/664 741/681/663 731/670/653
f 743/683/665 741/681/663 742/682/664
f 744/684/666 741/681/663 743/683/665
f 745/685/667 744/684/666 743/683/665
f 746/686/668 744/684/666 745/685/667
f 745/685/667 747/687/669 746/686/668
f 746/686/668 747/687/669 748/688/670
f 746/686/668 748/688/670 749/689/671
f 744/684/666 746/686/668 749/689/671
f 749/689/671 741/681/663 744/684/666
f 741/681/663 749/689/671 740/680/662
f 749/689/671 750/690/672 740/680/662
f 750/690/672 749/689/671 748/688/670
f 751/691/673 740/680/662 750/690/672
f 740/680/662 751/691/673 752/692/674
f 752/692/674 739/679/661 740/680/662
f 739/679/661 752/692/674 753/693/675
f 753/693/675 738/678/660 739/679/661
f 737/677/659 738/678/660 753/693/675
f 753/693/675 754/694/676 737/677/659
f 755/695/677 731/670/653 733/673/655
f 733/673/655 756/696/678 755/695/677
f 756/696/678 733/673/655 734/674/656
f 734/674/656 757/697/679 756/696/678
f 757/697/679 734/674/656 758/698/680
f 758/698/680 759/699/681 757/697/679
f 757/697/679 759/699/681 760/700/682
f 760/700/682 761/701/683 757/697/679
f 757/697/679 761/701/683 762/702/684
f 762/702/684 756/696/678 757/697/679
f 756/696/678 762/702/684 763/703/685
f 763/703/685 755/695/677 756/696/678
f 755/695/677 763/703/685 764/704/686
f 731/670/653 755/695/677 764/704/686
f 764/704/686 742/682/664 731/670/653
f 742/682/664 764/704/686 765/705/687
f 765/705/687 743/683/665 742/682/664
f 743/683/665 765/705/687 766/706/688
f 766/706/688 767/707/689 743/683/665
f 766/706/688 765/705/687 768/708/690
f 769/709/691 768/708/690 765/705/687
f 769/709/691 765/705/687 770/710/692
f 764/704/686 770/710/692 765/705/687
f 770/710/692 764/704/686 763/703/685
f 771/711/693 748/688/670 747/687/669
f 773/683/695 774/705/696 772/682/694
f 775/704/697 772/682/694 774/705/696
f 772/682/694 775/704/697 776/670/698
f 777/695/699 776/670/698 775/704/697
f 776/670/698 777/695/699 778/673/700
f 779/696/701 778/673/700 777/695/699
f 778/673/700 779/696/701 780/674/702
f 781/697/703 780/674/702 779/696/701
f 780/674/702 781/697/703 782/698/704
f 783/699/705 782/698/704 781/697/703
f 783/699/705 781/697/703 784/700/706
f 785/701/707 784/700/706 781/697/703
f 785/701/707 781/697/703 786/702/708
f 779/696/701 786/702/708 781/697/703
f 786/702/708 779/696/701 787/703/709
f 777/695/699 787/703/709 779/696/701
f 787/703/709 777/695/699 775/704/697
f 775/704/697 788/710/710 787/703/709
f 788/710/710 775/704/697 774/705/696
f 774/705/696 789/709/711 788/710/710
f 790/708/712 789/709/711 774/705/696
f 774/705/696 791/706/713 790/708/712
f 774/705/696 773/683/695 791/706/713
f 792/707/714 791/706/713 773/683/695
f 793/681/715 773/683/695 772/682/694
f 793/681/715 772/682/694 776/670/698
f 776/670/698 794/671/716 793/681/715
f 794/671/716 795/680/717 793/681/715
f 796/689/718 793/681/715 795/680/717
f 793/681/715 796/689/718 797/684/719
f 793/681/715 797/684/719 773/683/695
f 797/684/719 798/685/720 773/683/695
f 797/684/719 799/686/721 798/685/720
f 799/686/721 797/684/719 796/689/718
f 800/688/722 799/686/721 796/689/718
f 801/687/723 799/686/721 800/688/722
f 801/687/723 798/685/720 799/686/721
f 800/688/722 802/711/724 801/687/723
f 796/689/718 803/690/725 800/688/722
f 803/690/725 796/689/718 795/680/717
f 795/680/717 804/691/726 803/690/725
f 804/691/726 795/680/717 805/692/727
f 806/679/728 805/692/727 795/680/717
f 795/680/717 794/671/716 806/679/728
f 807/672/729 806/679/728 794/671/716
f 794/671/716 776/670/698 807/672/729
f 778/673/700 807/672/729 776/670/698
f 780/674/702 807/672/729 778/673/700
f 808/675/730 807/672/729 780/674/702
f 808/675/730 809/678/731 807/672/729
f 806/679/728 807/672/729 809/678/731
f 809/678/731 810/693/732 806/679/728
f 805/692/727 806/679/728 810/693/732
f 809/678/731 811/677/733 810/693/732
f 809/678/731 808/675/730 811/677/733
f 812/676/734 811/677/733 808/675/730
f 812/676/734 808/675/730 780/674/702
f 813/694/735 810/693/732 811/677/733
