# Blender 4.4.3
# www.blender.org
mtllib MERLINWIZARDVACATION.mtl
o merlinVacation_lod0
v 1.323823 1.009219 14.250474
v 1.212099 1.346684 14.100968
v 1.225261 1.352612 13.936527
v 1.386210 0.885091 14.088045
v 1.477461 0.820920 14.605989
v 1.300182 0.901415 13.675884
v 1.140950 1.286433 13.605087
v 1.554862 0.628786 14.574265
v 1.648454 0.694595 14.963710
v 1.343421 0.877273 13.154983
v 1.217273 1.198534 13.100137
v 1.603106 0.474229 14.962922
v 1.585581 0.736960 15.377851
v 1.492119 0.435413 15.353528
v 1.319694 0.651788 15.671625
v 1.577619 0.253713 14.973756
v 1.698201 0.342808 14.532490
v 1.678550 0.460068 14.139882
v 1.564871 0.862936 12.454427
v 1.367040 1.109033 12.453646
v 1.458819 0.545647 15.758066
v 1.483556 0.701753 15.855535
v 1.711719 0.860487 11.853288
v 1.481960 1.140896 11.847829
v 1.392034 0.663900 15.972034
v 1.724727 0.810508 15.967891
v 1.987694 1.030802 11.173350
v 1.832794 1.387210 11.171958
v 1.590365 0.863132 16.157202
v 1.937452 0.973931 15.976624
v 2.145025 1.137943 10.765267
v 1.926571 1.475523 10.778892
v 1.786359 1.067239 16.184774
v 2.102813 1.229708 15.885501
v 1.941797 1.336098 16.151705
v 1.263011 1.376321 16.555475
v 1.250456 1.054330 16.501358
v 0.547717 1.197971 16.798937
v 0.694852 0.991237 16.749969
v 0.660771 0.790810 16.683125
v 1.194368 0.765621 16.334148
v 0.729730 0.233973 16.386232
v 0.581407 0.570641 16.588142
v 0.478798 0.297312 16.447783
v 1.198207 0.608420 16.150829
v 0.859934 0.366645 16.224106
v 1.278398 0.410999 15.816515
v 0.542569 0.152192 16.259951
v 0.336559 0.034876 16.303059
v 0.979573 0.185112 15.858830
v 1.387917 0.224260 15.427987
v 0.663303 -0.066203 15.886312
v 1.104985 -0.006752 15.439224
v 1.258595 -0.215898 14.955606
v 1.487213 0.062753 14.953194
v 0.779127 -0.251145 15.469121
v 0.337533 -0.285540 15.923608
v 1.573131 -0.050808 14.519789
v 0.216996 -0.044511 16.309483
v 0.188491 0.118042 16.508627
v 0.026963 0.026958 16.501543
v 0.006517 -0.002907 16.530807
v 0.212247 -0.082577 16.325779
v -0.042445 0.038834 16.583937
v 1.789042 0.259247 14.128190
v 0.029703 -0.177771 16.336899
v -0.197911 -0.021029 16.519787
v 1.652217 0.522847 13.695126
v 1.669350 0.539959 13.149312
v 0.009747 -0.156904 16.311613
v -0.472351 -0.046800 16.545637
v -0.258875 -0.268514 16.303059
v 0.130064 -0.393965 15.926450
v 0.167990 -0.415635 15.944486
v 1.824824 0.223873 13.657854
v 1.792503 0.517094 12.477422
v 0.326190 -0.317843 15.936628
v 1.835447 0.202840 13.140904
v 1.864993 0.550305 11.842585
v 0.423437 -0.471794 15.497332
v 2.118140 0.659126 11.181857
v 2.343586 0.709393 10.759052
v 1.790558 -0.187903 13.090747
v 1.916556 0.188133 12.464746
v 1.992048 0.194134 11.848952
v 2.263931 0.211293 11.176784
v 1.887956 -0.270048 12.456357
v 2.027644 -0.299034 11.836161
v 2.459336 0.263369 10.725846
v 1.695560 -0.148986 13.619643
v 1.705982 -0.739766 12.454629
v 2.245294 -0.298701 11.156515
v 1.646876 -0.119995 14.080821
v 1.605324 -0.655425 13.062605
v 1.763846 -0.808089 11.803486
v 1.543738 -0.569509 13.593136
v 1.452984 -0.448448 14.061448
v 1.382008 -1.186461 12.443324
v 1.286021 -1.067590 13.034657
v 1.345845 -0.331910 14.513928
v 1.195566 -0.930705 13.553627
v 1.102964 -0.780951 14.046942
v 1.029996 -0.627070 14.537423
v 0.918599 -0.454011 14.959645
v 0.537151 -0.704074 14.975986
v 0.622485 -0.880557 14.529058
v 0.703454 -1.055668 14.062239
v 0.775300 -1.200397 13.572075
v 0.844414 -1.353066 13.042341
v 0.424021 -0.518039 15.515582
v 0.533307 -0.743950 14.996524
v 0.621147 -0.922762 14.533490
v 0.694528 -1.095161 14.064054
v 0.260879 -0.617519 15.512772
v 0.371689 -0.843254 14.997171
v 0.470245 -1.018677 14.532604
v 0.219088 -0.590555 15.481233
v 0.333698 -0.815354 14.970755
v -0.256349 -0.786563 15.465219
v 0.420851 -0.989457 14.525588
v 0.545424 -1.186881 14.068997
v -0.357983 -0.584727 15.893979
v -0.161072 -1.019903 14.962096
v -0.597952 -1.161859 14.955606
v 0.499609 -1.156696 14.059009
v -0.086393 -1.200812 14.517248
v -0.676865 -0.914653 15.439224
v -0.471894 -0.357310 16.260925
v -0.605246 -0.204891 16.458439
v -0.758371 -0.700418 15.858830
v -0.844224 -0.476399 16.233551
v -1.141731 0.019861 16.546284
v -0.836236 -0.151687 16.588142
v -1.061006 -0.086482 16.683125
v -1.282871 -0.630603 16.194992
v -1.138036 -0.813089 15.829420
v -1.423942 -0.428809 16.483425
v -1.069551 -1.021564 15.445542
v -1.741432 -0.290396 16.633705
v -1.243187 0.003753 16.749969
v -1.323956 0.244303 16.798937
v -1.999259 -0.069474 16.658161
v -2.340112 -0.593945 16.198284
v -2.572477 -0.346203 16.189798
v -2.657121 -0.384254 15.855298
v -2.455015 -0.648527 15.899259
v -2.048176 -0.736488 16.215630
v -2.199254 -0.788279 15.921798
v -1.732335 -0.828163 16.115900
v -1.888910 -0.839094 15.919609
v -1.440896 -0.920834 15.829914
v -1.602009 -0.858491 15.810299
v -1.362819 -1.023090 15.424009
v -1.571298 -0.917247 15.415995
v -1.366638 -1.028811 15.042610
v -1.528544 -0.910192 15.072434
v -1.190036 -1.153648 14.983687
v -1.432407 -0.958576 14.625433
v -1.532117 -0.790975 14.675744
v -0.970913 -1.189414 14.957391
v -1.502187 -0.705563 14.161293
v -1.551918 -0.558278 14.360605
v -1.302516 -1.198703 14.543925
v -0.916391 -1.319287 14.519789
v -1.691032 -0.224442 14.088390
v -1.745186 -0.230983 14.211186
v -1.468579 -0.648767 13.764503
v -1.550263 -0.231349 13.790408
v -1.372704 -1.136926 14.172500
v -1.292168 -1.310714 14.130297
v -0.555380 -1.300636 14.513928
v -0.014639 -1.361516 14.055255
v -0.524073 -1.455813 14.061448
v 0.570900 -1.304642 13.563328
v -1.414663 -0.653013 13.267941
v -1.387815 -0.225715 13.373496
v -1.350186 -1.045039 13.744040
v -1.397416 -1.087663 13.176471
v -1.638936 -0.794976 12.449567
v -1.655690 -0.423666 12.416601
v 0.040897 -1.518777 13.548825
v 0.619114 -1.339307 13.571813
v -1.286554 -1.361459 13.657854
v -1.581711 -1.196460 12.477566
v -1.872106 -0.978938 11.805240
v -1.975271 -0.607484 11.799240
v 0.641913 -1.454847 13.035260
v 0.770740 -1.245272 13.572154
v 0.685273 -1.489641 13.040474
v 0.840349 -1.397009 13.039917
v -1.645256 -1.299880 11.771476
v -2.109214 -1.086514 11.138582
v -2.198598 -0.682182 11.114528
v 0.740732 -1.628554 12.426938
v 0.901839 -1.494542 12.419141
v 0.893720 -1.537106 12.423660
v 0.956293 -1.561147 11.718734
v -1.827021 -1.430374 11.138439
v -2.211049 -1.153847 10.737543
v -2.345328 -0.698318 10.737550
v 1.454169 -1.257035 11.772930
v -1.967782 -1.491005 10.722047
v -2.333940 -1.207661 10.338632
v -2.466658 -0.721594 10.381272
v -2.372734 -0.695279 10.370705
v -2.221738 -1.159343 10.313659
v -2.092948 -1.516609 10.308258
v -1.984358 -1.464753 10.288362
v -1.681119 -1.829411 10.227908
v -1.634628 -1.734110 10.210773
v -1.558089 -1.779359 10.666380
v -1.259637 -2.093721 10.133668
v -1.226512 -1.990464 10.129034
v -0.972680 -2.040896 10.071724
v -1.408710 -1.694400 11.104777
v -1.157231 -2.055050 10.616827
v -0.992030 -1.973780 11.065020
v -1.248884 -1.534466 11.733362
v -0.857519 -2.107121 10.567345
v -0.981119 -2.153341 10.070557
v -0.659477 -2.122028 9.994267
v -0.673219 -2.000246 10.002212
v -0.543084 -2.072987 10.505372
v -0.082959 -1.969537 9.875670
v -0.128412 -1.866505 9.887651
v 0.040066 -1.939696 10.409256
v 0.291130 -1.841700 9.812108
v 0.257072 -1.723181 9.835934
v -0.462481 -2.005887 11.016165
v 0.167659 -1.908921 10.979207
v 0.467154 -1.782246 10.352121
v 0.482814 -1.775350 9.768424
v 0.460562 -1.661673 9.781572
v 0.499433 -1.779356 10.350057
v 0.648501 -1.707071 10.332408
v 0.613253 -1.574682 10.386487
v 0.772752 -1.538994 10.912485
v 0.685333 -1.729157 10.966503
v 0.826730 -1.631953 10.987642
v 0.870241 -1.443927 10.353103
v 0.654988 -1.712273 10.967372
v 0.197745 -1.862176 11.720620
v 0.976072 -1.570170 10.324540
v 1.037463 -1.370100 9.780968
v -0.381291 -1.917957 11.751778
v 1.094252 -1.465191 9.766384
v 1.211667 -1.233501 9.832820
v 1.264365 -1.350801 9.811338
v 1.551161 -1.025469 9.885490
v -0.840156 -1.808411 11.747303
v 1.139899 -1.458219 10.358941
v 1.635715 -1.115566 9.869534
v 1.988673 -0.659961 9.982497
v 1.569827 -1.185460 10.438319
v 2.073545 -0.727944 9.977262
v 2.404377 -0.275467 10.091466
v 2.298878 -0.230179 10.102541
v 1.972128 -0.761859 10.529265
v 2.512783 0.019982 10.170036
v 2.399359 0.056683 10.173587
v 2.374039 -0.282496 10.641466
v 2.529523 0.358028 10.235118
v 2.413351 0.356364 10.230212
v 1.499434 -1.249998 11.045039
v 1.870710 -0.795775 11.081269
v 2.468206 0.738126 10.304840
v 2.356483 0.696487 10.282448
v 2.273765 1.204051 10.338907
v 2.170462 1.147676 10.318349
v 2.020348 1.563835 10.385824
v 1.921183 1.487347 10.374193
v 1.024729 -1.520254 11.015439
v 0.952508 -1.599566 11.716304
v 1.019342 -1.562393 11.010271
v 0.793273 -1.705778 11.707767
v 0.854953 -1.665589 10.981420
v 0.823648 -1.696624 11.307509
v 0.797721 -1.681972 11.302118
v 0.700999 -1.599113 12.420131
v 0.750435 -1.705417 11.310942
v 0.762747 -1.674095 11.698813
v 0.726729 -1.690267 11.314165
v 0.175155 -1.771925 12.423235
v 0.110003 -1.651011 13.038944
v -0.397052 -1.794828 12.454605
v -0.479476 -1.600391 13.593136
v -0.446167 -1.700716 13.062605
v -0.831844 -1.697792 12.447515
v -0.903764 -1.419615 14.080821
v -0.908925 -1.476042 13.619643
v -0.861959 -1.545998 13.076103
v -1.234896 -1.484986 12.458997
v -1.265630 -1.407363 13.134736
v 2.108374 1.502684 15.805809
v 1.907016 1.593365 16.049973
v 1.870200 1.899420 15.710052
v 0.988027 1.614627 16.525484
v 1.583716 1.936522 15.983690
v 1.577272 2.138403 15.482400
v 0.569683 1.489003 16.698870
v 0.292274 1.358282 16.819757
v -0.066878 1.450102 16.853500
v 1.102199 2.219699 15.814548
v 0.936063 2.310305 15.439728
v 0.775475 1.882719 16.360611
v 0.290201 1.727864 16.523634
v 0.674334 2.316953 15.523911
v 0.846824 2.205262 15.007104
v 0.442338 2.108131 16.076424
v -0.274278 1.670453 16.643936
v -0.333840 1.448337 16.880278
v -0.691827 1.317195 16.889706
v 0.668623 2.240118 14.987052
v 0.921356 1.996777 14.544576
v 0.787640 2.037082 14.414808
v 0.938678 1.756485 14.275743
v 0.329185 2.199619 15.588378
v 0.040387 1.964038 16.107670
v 0.343647 2.134123 15.013152
v -0.103963 2.080274 15.576313
v 1.079311 1.730197 13.974754
v -0.412870 1.865137 16.137596
v -0.529018 1.962463 15.564689
v -0.907345 1.787608 15.582201
v -0.666743 1.569098 16.695164
v -0.126884 2.052322 14.994542
v -0.772103 1.722889 16.151564
v -1.072050 1.305306 16.631351
v -1.008342 1.104660 16.880278
v -1.166685 0.889720 16.853500
v -1.158977 1.532434 16.143326
v -0.551466 1.936960 14.997049
v -0.126765 2.000241 14.437681
v -0.523829 1.861082 14.436038
v 0.354472 2.142708 14.414597
v -0.105069 1.934609 13.861773
v 0.330166 1.947026 13.812504
v 0.721839 1.913222 13.690191
v 1.074008 1.634064 13.565800
v 1.038761 1.511822 13.094175
v 0.743743 1.797278 13.135947
v 0.352576 1.847866 13.221674
v 1.081840 1.464022 12.471929
v 0.745578 1.705860 12.505982
v 1.156611 1.518099 11.841603
v 0.382325 1.840476 12.527692
v -0.059434 1.827930 13.257921
v 0.830961 1.810013 11.859294
v 1.463667 1.810574 11.126965
v -0.019233 1.781432 12.530171
v 0.440044 1.831252 11.841858
v 0.936981 2.082805 11.089473
v 1.522708 1.903521 10.754425
v 1.581748 1.996468 10.381885
v 1.406340 1.982130 10.375403
v 0.969244 2.232394 10.717622
v 1.001505 2.381983 10.345772
v 0.959587 2.256278 10.361808
v 0.485687 2.157283 11.054628
v 0.060610 1.763452 11.842267
v 0.514560 2.492882 10.305572
v 0.509609 2.365823 10.308489
v 0.500123 2.325083 10.680099
v 0.010889 2.410314 10.245102
v 0.052469 2.298683 10.252350
v 0.033146 2.093811 11.020550
v 0.022017 2.252062 10.632827
v -0.400385 1.638777 12.551237
v -0.457129 2.216710 10.189995
v -0.380454 2.115819 10.205768
v -0.673586 1.978449 10.180371
v -0.343219 1.593678 11.829139
v -0.767477 1.459440 12.555022
v -0.455060 1.723025 13.284877
v -0.430799 2.075132 10.594689
v -0.404469 1.933554 10.999378
v -0.730621 2.078903 10.164136
v -0.484511 1.776691 13.887703
v -1.004852 1.943394 10.159982
v -0.945577 1.831757 10.178989
v -0.882098 1.859907 10.583548
v -1.340129 1.769422 10.169320
v -1.276930 1.661421 10.187508
v -0.813215 1.557059 13.274397
v -0.838434 1.605002 13.883718
v -1.612687 1.626551 10.196134
v -1.546140 1.511020 10.215662
v -1.432805 1.575306 10.596750
v -1.964390 1.411938 10.253046
v -1.876789 1.315340 10.251280
v -2.354432 1.027385 10.320459
v -2.254443 0.946791 10.311424
v -0.887997 1.702198 14.445003
v -0.897188 1.710243 10.999360
v -1.890271 1.295173 10.649004
v -2.571164 0.458661 10.368265
v -2.433657 0.451141 10.369503
v -0.750498 1.424005 11.836911
v -1.366417 1.446614 11.025510
v -2.235955 0.953430 10.681704
v -2.582236 -0.069095 10.386681
v -2.469628 -0.071052 10.372359
v -1.150614 1.242873 11.838978
v -1.748048 1.163251 11.061394
v -2.451135 0.416584 10.703719
v -2.462687 -0.103755 10.705717
v -2.066111 0.866229 11.059962
v -1.496893 0.971025 11.845060
v -2.281078 0.382629 11.069206
v -2.290715 -0.132758 11.072155
v -1.779041 0.677986 11.837675
v -1.149635 1.272736 12.552064
v -2.022174 -0.140243 11.807994
v -1.938084 0.314074 11.829201
v -1.502600 1.039079 12.564727
v -1.158876 1.323979 13.261322
v -1.783210 -0.069220 12.476541
v -1.844434 0.376960 12.501263
v -1.748776 0.745679 12.533690
v -1.785481 0.016580 13.096602
v -1.485845 1.108521 13.253504
v -1.176670 1.402478 13.885087
v -1.900082 0.436940 13.146098
v -1.797327 0.786376 13.211857
v -1.911124 0.060219 13.572859
v -1.505163 1.161553 13.862998
v -1.240088 1.501828 14.436275
v -2.021008 0.529838 13.696752
v -1.737442 0.248652 14.280611
v -2.143835 0.543416 14.414808
v -1.744302 0.269350 14.541396
v -2.133862 0.432510 14.607003
v -1.859984 0.860003 13.788015
v -1.982841 0.951410 14.415016
v -2.238138 0.759044 14.987051
v -2.305113 0.610947 14.997990
v -1.575224 1.259804 14.429611
v -1.997746 1.045291 15.004991
v -2.303823 0.801143 15.525473
v -2.349094 0.707514 15.566359
v -1.636519 1.315157 14.992202
v -1.998907 1.063485 15.553785
v -2.348302 0.706353 16.029394
v -2.455331 0.630699 15.914038
v -1.653601 1.344123 15.588282
v -1.978636 0.977514 16.087269
v -1.289089 1.593214 15.017907
v -2.504231 0.385552 16.251043
v -2.630246 0.317473 15.988818
v -1.281995 1.595476 15.584013
v -0.930944 1.786486 15.020565
v -1.563027 1.265783 16.126713
v -1.488899 0.986783 16.555588
v -1.938772 0.655325 16.456264
v -1.458242 0.549855 16.749453
v -1.303505 0.545189 16.819757
v -1.964674 0.263327 16.621662
v -2.608681 -0.065777 16.187233
v -2.709840 -0.101204 15.896264
v 1.102980 1.433752 14.163256
v 0.910205 1.080129 14.347274
v 0.426031 1.188992 13.998333
v 1.568929 0.951627 14.583361
v 0.334522 0.835894 14.190673
v 1.102713 0.744025 15.072119
v 0.568487 0.630360 13.860964
v 0.662921 0.999960 13.654266
v 1.546666 1.013889 14.500665
v 1.348481 0.721750 15.368695
v 1.464395 0.831580 14.298600
v 0.799840 0.403118 13.544094
v 0.885189 0.798037 13.326095
v 0.783477 0.475348 14.826353
v 1.249020 0.592937 15.544858
v 1.033339 0.254941 14.503730
v 1.119634 0.288820 13.879758
v 1.022401 0.167030 13.227365
v 1.084076 0.550693 12.997486
v 1.052338 0.341748 15.084245
v 1.522195 0.634121 15.717505
v 1.299657 0.118149 14.769736
v 1.260893 -0.017024 14.203583
v 1.189789 -0.090255 13.520902
v 1.233591 -0.074010 12.906579
v 1.317598 0.336049 12.675339
v 1.436706 0.312795 12.777408
v 1.369106 -0.017788 12.963627
v 1.387543 -0.393445 13.228658
v 1.500072 -0.288542 13.234429
v 1.675118 -0.579506 13.592644
v 1.756117 -0.453878 13.560985
v 1.478326 -0.289582 13.897277
v 2.012225 -0.643719 13.874420
v 2.063139 -0.512513 13.817190
v 1.778585 -0.377376 14.165268
v 2.325634 -0.627342 14.081471
v 2.340718 -0.498269 14.000062
v 1.538181 -0.125479 14.463283
v 2.095083 -0.375485 14.379494
v 2.614918 -0.508733 14.212259
v 2.588528 -0.396099 14.112841
v 1.862269 -0.145551 14.692800
v 2.383069 -0.292073 14.515507
v 2.874628 -0.334910 14.271551
v 2.810046 -0.248084 14.163173
v 1.626023 0.082539 15.005495
v 2.155780 -0.071608 14.819721
v 2.649367 -0.111994 14.566960
v 3.077977 -0.116204 14.255277
v 2.977381 -0.068885 14.149292
v 1.384045 0.345450 15.284015
v 1.936132 0.176113 15.107316
v 2.421463 0.106686 14.863484
v 1.705187 0.429787 15.382762
v 2.190942 0.340556 15.146613
v 2.851950 0.095041 14.551177
v 3.209815 0.144632 14.165757
v 3.084696 0.143879 14.076532
v 1.976519 0.524336 15.449349
v 2.624377 0.305744 14.846491
v 2.983380 0.340526 14.463529
v 3.244879 0.416070 14.014579
v 3.112118 0.366242 13.954937
v 2.779068 0.538206 14.775676
v 2.416792 0.508589 15.160984
v 1.795961 0.704063 15.783149
v 3.014550 0.623611 14.306130
v 3.178972 0.681175 13.754492
v 3.057550 0.589566 13.732841
v 2.562286 0.743278 15.074243
v 2.216827 0.694587 15.464868
v 2.028772 0.867580 15.766783
v 2.201886 1.116794 15.695536
v 2.353952 0.940027 15.384540
v 2.219431 1.426974 15.600372
v 2.792670 0.830147 14.604995
v 2.582717 1.029985 14.916245
v 2.089227 1.793152 15.476075
v 2.380711 1.233457 15.231865
v 2.932629 0.883581 14.062407
v 1.789904 2.079327 15.255455
v 2.707970 1.097650 14.378918
v 2.326107 1.535667 15.048413
v 2.512009 1.316752 14.710479
v 2.968936 0.899085 13.448381
v 2.874403 0.779579 13.465956
v 1.246682 2.322058 15.219680
v 2.707996 1.076266 13.786364
v 2.626912 1.011808 13.120072
v 2.569412 0.880034 13.172981
v 2.056222 1.732744 14.811212
v 2.237639 1.468005 14.478652
v 2.460034 1.261304 14.129755
v 1.131981 2.159591 14.813308
v 2.398254 1.195830 13.476497
v 2.216075 0.990583 12.858198
v 2.200136 0.861631 12.938908
v 1.762823 1.907705 14.507566
v 1.926492 1.573781 14.200442
v 2.144398 1.357171 13.845792
v 1.009911 1.988720 14.505773
v 1.989357 1.166288 13.223767
v 1.860676 0.858187 12.700203
v 1.890420 0.746403 12.801420
v 1.365776 1.810610 14.282388
v 1.582223 1.639204 13.896894
v 1.774365 1.356657 13.590200
v 1.654086 1.053853 13.062699
v 1.570642 0.632288 12.641255
v 1.640205 0.550472 12.749625
v 1.458662 1.266998 13.416456
v 1.230612 1.443969 13.777709
v 1.364443 0.822880 12.999818
v 1.156186 1.019146 13.354130
v 0.930339 1.227746 13.701838
v 1.021388 1.624315 14.148552
v 0.698695 1.438582 14.020297
v 1.037350 1.755575 14.289625
v 0.166131 0.126921 16.873203
v 0.290879 0.072073 16.802763
v 0.193007 0.121833 16.879099
v 0.205322 0.112748 16.855726
v 0.248653 0.082370 16.571787
v -0.483994 0.909299 7.525842
v -0.376203 0.697749 7.516033
v 0.017891 0.047623 6.924207
v -0.146630 0.421479 6.644932
v -0.609058 1.154750 7.669585
v 0.013548 0.262796 6.187396
v 0.225257 -0.144088 6.209806
v -0.258140 0.760877 6.842432
v -0.767490 1.465689 7.845971
v 0.172726 0.094503 4.998760
v 0.521954 -0.490470 5.175557
v -0.184449 0.690418 6.055044
v 0.302645 0.144733 5.010525
v 0.642871 -0.400461 5.174339
v 0.128596 0.608931 4.925244
v -0.002281 0.582902 4.917450
v 0.116651 1.093079 4.863013
v -0.025992 1.110682 4.844072
v 0.255190 1.502369 4.816512
v -0.141349 1.218158 5.916852
v 0.139853 1.566013 4.803319
v 0.535956 1.841886 4.833340
v 0.465709 1.947688 4.833411
v 0.955422 1.983391 4.941977
v 0.111837 1.515437 5.810498
v -0.225094 1.377700 6.542596
v 0.932639 2.121980 4.945858
v 1.649268 1.897360 5.214242
v 0.432027 1.949072 5.774693
v 1.682533 2.021138 5.229510
v 2.198061 1.716501 5.469538
v -0.442163 1.264060 7.123940
v -1.028925 1.978784 8.064886
v -0.053726 1.645311 6.490871
v 0.857449 2.268344 5.862244
v 2.251292 1.818109 5.477904
v 2.757620 1.440189 5.735428
v -0.784215 2.049819 7.845244
v -1.089988 2.098626 8.503198
v -0.149377 1.722255 6.930560
v 0.359641 2.068413 6.435230
v 1.491367 2.123156 6.060080
v 2.825861 1.531582 5.746088
v 3.036054 1.206438 5.883067
v 0.814222 2.364255 6.547657
v 1.301401 2.210303 6.993970
v 2.041059 1.889493 6.245178
v 0.292790 2.179023 6.809233
v 3.116219 1.291314 5.893566
v 3.203767 1.004938 5.955546
v 2.512780 1.547468 6.452587
v 2.938125 1.166103 6.644822
v 3.297218 1.088143 5.973140
v 3.350134 0.673970 6.016923
v 3.461225 0.701228 6.052008
v 3.360437 0.270832 6.055173
v 1.772738 1.946015 7.096428
v 3.477689 0.262072 6.101519
v 3.222447 -0.463447 6.067398
v 3.126591 0.402896 6.783200
v 2.903320 0.522076 7.508324
v 3.100171 -0.338086 6.860268
v 3.338367 -0.490637 6.115851
v 2.933030 -1.073447 6.057681
v 2.278091 1.610529 7.215004
v 3.063582 -1.149404 6.111433
v 2.927853 -1.373693 6.100913
v 2.827627 -1.274270 6.027729
v 2.636970 -1.473966 5.990657
v 2.609385 1.260176 7.314661
v 2.788171 -0.970927 6.864295
v 2.638379 -0.831387 7.640525
v 2.891130 -0.189732 7.572671
v 2.729344 -1.606150 6.076657
v 2.423395 -1.537102 5.936083
v 2.351307 -1.497666 6.805538
v 2.457114 -1.703696 6.015234
v 2.033172 -1.446203 5.799390
v 1.987342 -1.600443 5.852328
v 1.438972 -1.223983 5.552738
v 1.689316 -1.349025 6.684531
v 1.354087 -1.365332 5.602323
v 0.984007 -0.821043 5.328041
v 2.736618 -0.057496 8.262621
v 2.016864 -1.312079 7.571742
v 1.068319 -1.208416 6.514715
v 0.876808 -0.931931 5.351197
v 0.553712 -0.649363 6.259449
v 0.314412 -0.406000 7.207950
v -0.126426 0.207535 7.564171
v 0.642353 -0.889104 7.540900
v 0.053142 -0.144884 7.761641
v 1.342132 -1.185759 7.578475
v 0.727130 -0.954044 8.086636
v 0.228410 -0.488868 8.040106
v 1.390326 -1.207088 8.162204
v 0.927033 -1.145939 8.538570
v 0.481061 -0.984721 8.303862
v 1.888329 -1.141385 8.137404
v 0.970981 -1.289776 8.711817
v 0.608801 -1.235424 8.521821
v 1.346091 -1.219949 8.543497
v 0.986307 -1.318320 9.043070
v 0.704425 -1.429802 8.928285
v 1.305178 -1.205699 8.794208
v 1.810375 -1.070913 8.624344
v 2.192525 -1.022120 8.195515
v 2.502514 -0.758417 8.245990
v 2.326960 -0.608820 8.738213
v 0.965412 -1.299507 9.609549
v 0.714623 -1.436138 9.518409
v 0.724799 -1.463081 9.998423
v 1.652064 -0.934299 8.984739
v 1.255168 -1.103586 9.103374
v 2.208190 -0.559558 9.296097
v 1.228566 -1.114952 9.640119
v 1.618814 -0.889987 9.150829
v 1.531829 -0.920348 9.666207
v 2.590410 0.087618 8.833508
v 2.481194 0.120132 9.328583
v 2.057382 -0.566377 9.762938
v 2.770808 0.225527 8.255313
v 2.762560 0.564922 8.149293
v 2.565577 0.659068 8.772819
v 2.304008 1.373063 7.967741
v 2.056548 1.681214 7.879940
v 2.104954 1.459058 8.635077
v 2.366027 0.701340 9.342206
v 1.610791 2.107173 7.887267
v 1.813771 1.793805 8.669708
v 1.159731 2.306594 7.882233
v 2.364712 0.021517 9.878418
v 1.949600 1.555981 9.321155
v 1.488607 2.203854 8.678651
v 2.251408 0.621702 10.015264
v 1.771551 1.786102 9.329581
v 1.869655 1.335945 10.114151
v 2.130664 -0.101242 10.331216
v 2.194769 0.249218 10.405388
v 1.881715 -0.575065 10.208567
v 1.448627 -0.934467 10.078423
v 1.141434 -1.194819 10.028778
v 0.981999 -1.310226 10.005152
v 0.871640 -1.382239 10.378934
v 0.746184 -1.491427 10.372591
v 2.172057 0.552180 10.455173
v 1.903203 1.192398 10.542894
v 1.647751 1.504410 10.555539
v 1.685451 1.607335 10.146700
v 1.317779 1.847521 10.560539
v 1.424714 2.178775 9.327249
v 1.362762 2.004939 10.118468
v 0.914457 2.079869 10.513850
v 1.030732 2.419754 8.693656
v 0.970201 2.385223 9.319322
v 0.937342 2.223554 10.027713
v 0.513582 2.210146 10.460920
v 0.507325 2.558553 9.288141
v 0.578198 2.558304 8.005571
v 0.515721 2.317351 10.018824
v 0.098256 2.124370 10.425229
v 0.519721 2.654426 8.720146
v 0.739365 2.424948 7.148767
v 0.037730 2.605432 8.114912
v -0.006572 2.590217 8.747456
v -0.009770 2.472581 9.291552
v 0.050888 2.265538 9.968670
v -0.275155 1.964088 10.392941
v 0.780952 2.386186 6.891503
v 0.068382 2.571693 7.566102
v -0.422923 2.427662 8.176632
v -0.373120 2.301965 7.671144
v -0.820967 2.200037 8.233044
v -0.442322 2.434406 8.797218
v -0.789431 2.211948 8.834684
v -1.087708 2.094151 8.934931
v -1.033198 1.987170 9.440073
v -0.741429 2.165956 9.301306
v -0.932069 1.797327 9.935004
v -0.419265 2.358807 9.286136
v -0.337620 2.130655 9.931580
v -0.637018 1.962967 9.923167
v -0.843353 1.615007 10.357205
v -0.544741 1.792811 10.376169
v -1.586264 -0.111028 14.487230
v -1.159578 -0.309407 14.770615
v -0.510592 0.538687 14.931033
v -1.117793 -0.511645 15.044870
v -0.418358 0.137340 14.952491
v -1.271906 -0.732748 15.302450
v -0.494717 0.126424 14.505566
v -0.588330 0.549261 14.479284
v -0.567796 -0.168181 15.037477
v -1.508365 -0.871703 15.483204
v -0.568524 0.090302 14.059677
v -0.654954 0.540741 14.039557
v -0.691069 0.493442 13.586591
v -0.643993 -0.204673 14.583453
v -0.966013 -0.498518 15.129709
v -1.620323 -0.814636 15.655049
v -0.713905 -0.255120 14.135238
v -0.633748 0.053854 13.658998
v -0.767640 0.470840 13.141608
v -1.056562 -0.525933 14.675677
v -1.286290 -0.766117 15.187823
v -1.936806 -0.835962 15.691558
v -1.123566 -0.609052 14.223530
v -0.759122 -0.322950 13.712661
v -0.683713 0.000630 13.164742
v -1.361456 -0.780313 14.727894
v -1.643136 -0.846117 15.217377
v -1.424213 -0.838865 14.277328
v -0.838316 0.019350 13.187701
v -0.905923 0.398324 13.169257
v -0.993284 -0.352127 13.229950
v -0.866823 -0.438946 13.216872
v -1.302049 -0.661786 13.321098
v -1.186511 -0.682693 13.808280
v -1.212676 -0.785640 13.316838
v -1.656600 -0.844085 13.387444
v -1.497098 -0.900612 13.833339
v -1.573201 -0.987850 13.385709
v -1.974714 -0.926198 13.439946
v -1.961558 -1.078647 13.450018
v -2.259941 -0.896813 13.488418
v -1.887292 -1.011754 13.892073
v -2.294127 -1.044473 13.505594
v -2.509932 -0.796080 13.517905
v -1.811523 -0.971498 14.336901
v -2.587361 -0.926266 13.540528
v -2.695384 -0.635576 13.530240
v -2.225836 -1.016144 13.941443
v -1.725047 -0.945690 14.789801
v -2.813088 -0.730710 13.556437
v -2.812975 -0.415930 13.532956
v -2.511728 -0.883006 13.964921
v -2.151960 -0.977965 14.363190
v -2.075604 -0.914347 14.788751
v -2.433178 -0.843947 14.389175
v -1.988913 -0.825371 15.219462
v -2.350900 -0.784988 14.810780
v -2.734684 -0.697751 13.976004
v -2.957405 -0.461277 13.559411
v -2.842782 -0.162779 13.530067
v -2.280229 -0.779223 15.218670
v -2.654557 -0.664952 14.395406
v -2.876295 -0.442489 13.973393
v -2.994415 -0.150867 13.553097
v -2.765137 0.142686 13.476766
v -2.820604 -0.429585 14.391710
v -2.597522 -0.648770 14.819235
v -2.252209 -0.806601 15.644975
v -2.902302 0.209943 13.493095
v -2.547504 0.442904 13.418624
v -2.909950 -0.118868 13.968992
v -2.750469 -0.403348 14.807142
v -2.541094 -0.641758 15.223823
v -2.492681 -0.645013 15.616365
v -2.678922 -0.395097 15.613504
v -2.690278 -0.390284 15.224998
v -2.726449 -0.079742 15.676250
v -2.835440 -0.091492 14.387210
v -2.774621 -0.076241 14.807878
v -2.677622 0.298049 15.759580
v -2.723253 -0.060124 15.230871
v -2.807045 0.229298 13.925548
v -2.481067 0.640206 15.731438
v -2.736863 0.254218 14.362503
v -2.672542 0.293674 15.245797
v -2.699046 0.275671 14.803466
v -2.652706 0.554259 13.426384
v -2.191320 0.679889 13.341706
v -2.400158 0.708706 15.517246
v -2.548432 0.536697 13.876419
v -2.253356 0.819958 13.340352
v -1.771088 0.784925 13.279516
v -2.459415 0.523086 14.329778
v -2.384708 0.585379 15.246426
v -2.400028 0.525197 14.788451
v -2.069889 0.669879 15.251743
v -1.785237 0.936907 13.269638
v -1.418049 0.757176 13.227593
v -2.168347 0.782068 13.799841
v -2.092723 0.748670 14.266264
v -2.034313 0.907448 15.207712
v -2.043712 0.759301 14.728148
v -1.824004 0.541223 14.981058
v -1.721139 0.903877 13.728674
v -1.665107 0.915980 14.203332
v -1.591879 0.924785 15.109811
v -1.626191 0.969967 14.636035
v -1.380016 0.905034 13.209793
v -1.131802 0.616064 13.184808
v -1.337490 0.890650 13.668435
v -1.048789 0.741958 13.161644
v -1.004439 0.725198 13.614593
v -1.476291 0.946166 14.163354
v -1.239510 0.865957 14.580877
v -1.287610 0.886538 14.126818
v -0.957926 0.715494 14.067551
v -0.895313 0.719865 14.527423
v -1.194227 0.834150 15.039966
v -0.818621 0.741047 14.966964
v -1.748706 0.234917 14.662586
v -0.606665 1.130620 6.974238
v -0.853582 1.460361 7.194105
v -1.008218 1.855466 6.632613
v -0.752548 1.366733 6.363021
v -1.085334 1.882849 7.532469
v -1.188569 2.098348 5.714402
v -0.898707 1.480291 5.493162
v -1.034320 1.420957 5.506766
v -1.304075 2.028831 5.722786
v -1.391162 2.376592 5.874947
v -1.490876 2.285780 5.880277
v -1.258547 2.133945 6.877680
v -1.670055 2.649209 6.071201
v -1.764808 2.540187 6.050179
v -1.703083 2.294564 7.011507
v -1.990152 2.798331 6.193481
v -2.045775 2.671866 6.158978
v -2.452798 2.861147 6.324452
v -2.457428 2.730417 6.277480
v -2.741438 2.805918 6.399620
v -2.713754 2.706621 6.337835
v -2.876511 2.630153 6.372076
v -2.166531 2.421721 7.153656
v -2.669850 2.326766 7.240293
v -2.917815 2.730908 6.436620
v -3.026691 2.503594 6.394020
v -1.555940 2.112038 7.723345
v -3.095439 2.599856 6.471856
v -3.333302 2.280303 6.484192
v -3.208657 2.191901 6.422716
v -3.578610 1.677241 6.477942
v -3.452000 1.601130 6.418431
v -1.302641 2.011888 8.237103
v -1.762583 2.102517 8.280350
v -1.939536 2.185494 7.802686
v -1.323430 2.096865 8.241733
v -3.061969 1.960205 7.329860
v -2.497581 2.068377 7.857425
v -3.716601 1.026003 6.467516
v -3.574978 1.021013 6.407184
v -3.282833 1.396771 7.257819
v -2.885556 1.693551 7.856630
v -3.713373 0.323141 6.377385
v -3.603301 0.341812 6.329126
v -3.495068 0.782058 7.173512
v -3.596975 -0.345087 6.219469
v -3.503863 -0.247406 6.178367
v -2.441783 1.973032 8.195888
v -2.176848 1.585782 8.116781
v -2.956070 1.124536 8.039768
v -2.801904 1.584631 8.147111
v -3.491054 0.222762 6.974692
v -3.456435 -0.618528 6.054149
v -3.378590 -0.522018 6.037935
v -3.164458 -0.734432 5.892003
v -1.830899 1.942472 8.231676
v -1.423695 2.095008 8.721486
v -3.035098 0.610040 7.962734
v -2.744095 0.851929 8.707417
v -3.369802 -0.359012 6.770397
v -1.807580 1.863017 8.669979
v -1.382543 1.967203 9.045881
v -1.761304 1.799589 9.077752
v -1.364225 1.850861 9.522077
v -3.208896 -0.323451 7.120434
v -3.234231 0.203207 7.352470
v -3.119905 0.101694 7.799822
v -2.861358 0.397398 8.683518
v -2.888530 -0.929649 7.043750
v -3.008961 -0.336274 7.643234
v -2.819558 -0.023675 8.496498
v -3.049260 -0.897509 6.635225
v -3.235729 -0.833023 5.911007
v -2.903248 -1.029432 5.743611
v -2.877134 -0.908477 5.743621
v -2.531055 -1.035562 5.572795
v -2.714899 -0.973718 7.397449
v -2.544829 -1.210573 7.246466
v -2.240313 -1.359187 6.299278
v -2.544799 -1.156394 5.570381
v -1.842565 -1.296155 5.279776
v -1.868667 -1.159353 5.304128
v -2.779532 -0.421485 8.342546
v -1.538897 -1.245950 5.210223
v -1.593808 -1.111797 5.226515
v -1.347756 -0.950284 5.182858
v -1.592529 -1.450173 6.129182
v -2.478058 -1.080630 8.003239
v -2.030505 -1.511696 6.950746
v -2.222425 -1.430211 7.826586
v -2.237429 -1.210637 8.613013
v -2.571922 -0.540066 8.956633
v -2.631879 -0.249486 8.975680
v -2.685580 0.192746 9.029803
v -1.426868 -1.549540 6.835719
v -1.843511 -1.643760 7.593576
v -1.042338 -1.143278 6.012277
v -1.259338 -1.066607 5.163603
v -0.865970 -0.566300 5.127380
v -0.988684 -0.467330 5.141628
v -0.657189 0.137628 5.200763
v -0.823440 0.155222 5.207909
v -0.725245 0.853541 5.328510
v -0.867700 0.828090 5.332921
v -0.504992 0.654956 6.169868
v -0.467627 0.029181 6.070852
v -0.269965 0.378304 7.001821
v -0.158702 -0.139462 7.260874
v -0.669499 -0.667060 6.010876
v 0.031990 -0.613945 7.659368
v -0.840093 -1.193675 6.799688
v -0.348957 -0.775512 6.949803
v 0.137147 -0.892352 7.962359
v -0.192750 -0.900308 7.404424
v -1.256083 -1.701122 7.444316
v 0.280218 -1.221645 8.310747
v -0.164927 -1.116275 7.867983
v -0.680724 -1.327107 7.378455
v -0.516616 -1.557507 7.915832
v -1.108940 -1.896084 8.032523
v -0.007395 -1.383227 8.409695
v 0.429351 -1.512330 8.822985
v -1.664174 -1.800036 8.278356
v -1.914249 -1.661545 8.392003
v -1.563754 -1.899112 8.994697
v -1.992503 -1.352189 9.217876
v -0.911653 -1.958918 8.757406
v -0.380278 -1.691010 8.563186
v 0.068062 -1.607850 8.790951
v -0.328412 -1.745675 8.778611
v 0.140123 -1.668637 9.544504
v -0.181331 -1.811321 9.580273
v -0.724948 -1.980224 9.578051
v -2.377847 -0.678492 9.373125
v -1.333465 -1.968633 9.814368
v 0.450521 -1.547675 9.571144
v -2.457798 -0.366394 9.411186
v -1.832339 -1.414364 9.992485
v -2.201810 -0.735533 10.043432
v 0.167038 -1.659288 10.087931
v 0.394937 -1.588994 10.059882
v -0.132999 -1.754020 10.105145
v 0.554850 -1.541422 10.395151
v -0.651186 -1.919857 10.184250
v -0.907129 -1.917105 10.246561
v -1.167677 -1.911237 10.306825
v -1.530643 -1.628067 10.396608
v -1.754548 -1.371757 10.444177
v -2.079079 -0.809782 10.492891
v -2.325444 -0.454977 10.086910
v -2.192024 -0.494227 10.527020
v -2.556338 0.108197 9.459247
v -2.398166 0.048932 10.083724
v -2.281328 0.015248 10.528910
v -2.645563 0.668343 9.053308
v -2.269743 0.449152 10.501322
v -2.526529 0.559238 9.461480
v -2.369744 0.463759 10.057101
v -2.163884 0.839363 10.453585
v -2.390207 1.063948 9.475132
v -2.276963 0.955721 10.000865
v -1.809695 1.204908 10.381479
v -1.932214 1.328448 9.933193
v -1.494515 1.376090 10.347852
v -2.042038 1.447929 9.486509
v -1.579997 1.518543 9.912688
v -1.195755 1.484679 10.341568
v -1.275513 1.640965 9.918679
v -1.681423 1.691155 9.493589
v -2.148654 1.554971 9.100321
v -2.509883 1.195557 9.099399
v -2.259540 1.636745 8.628952
v -2.581661 1.293527 8.705679
v -2.599032 1.285647 8.508525
v -2.738189 1.486652 8.422591
v -0.233167 -0.076532 16.873203
v -0.629927 -0.021892 16.883556
v -0.244847 -0.101266 16.879099
v -0.244736 -0.116568 16.855726
v -0.245629 -0.169480 16.571787
v 3.119302 -4.083938 1.369108
v 3.288999 -4.012097 1.372514
v 3.362907 -3.866693 1.308887
v 3.391654 -3.722926 1.237555
v 2.876986 -4.030303 1.297976
v 3.407365 -3.513468 1.135470
v 2.655803 -3.898909 1.193024
v 3.384315 -3.296354 1.033211
v 2.433303 -3.704693 1.065023
v 3.293186 -3.003219 0.910053
v 2.272428 -3.478300 0.933710
v 3.068825 -2.635869 0.742993
v 2.150959 -3.118139 0.759728
v 2.055527 -2.636719 0.576073
v 2.805103 -2.226140 0.568934
v 1.863888 -2.245777 0.419984
v 2.579715 -1.869600 0.410466
v 1.612988 -1.921074 0.276754
v 2.396027 -1.523999 0.270628
v 1.427370 -1.648097 0.169024
v 2.248314 -1.233474 0.164801
v 1.347771 -1.391743 0.093846
v 2.084704 -0.995430 0.091993
v 1.366775 -1.166033 0.048318
v 1.881808 -0.878086 0.050319
v 1.452327 -0.995499 0.028458
v 1.656752 -0.883923 0.029204
v 1.456665 -0.965846 0.223985
v 1.642057 -0.859906 0.230896
v 1.606850 -0.807685 0.419731
v 1.425585 -0.906753 0.424366
v 1.405420 -0.862838 0.646611
v 1.860475 -0.856510 0.250685
v 1.828355 -0.800247 0.441601
v 1.582241 -0.765462 0.646201
v 1.409301 -0.844732 0.864098
v 2.064022 -0.971383 0.294245
v 2.037920 -0.915264 0.506155
v 1.794962 -0.758726 0.675395
v 1.573244 -0.755821 0.863193
v 2.219867 -1.192413 0.375552
v 2.171974 -1.145959 0.591978
v 1.988360 -0.871991 0.740888
v 1.561924 -0.750455 1.078583
v 1.412055 -0.827886 1.084876
v 1.760187 -0.744471 0.889913
v 1.519795 -0.666091 1.326874
v 1.375314 -0.748108 1.323733
v 1.725671 -0.734440 1.098648
v 1.544270 -0.753778 1.408365
v 1.431123 -0.817581 1.406830
v 1.664370 -0.728159 1.425044
v 1.687426 -0.653854 1.340740
v 1.787049 -0.797233 1.450481
v 1.860202 -0.746166 1.382161
v 1.885730 -0.822646 1.137594
v 1.938758 -0.850395 0.936218
v 1.981166 -0.953386 1.425749
v 1.875134 -0.958515 1.483479
v 1.990601 -1.005816 1.192805
v 2.122256 -1.082368 0.843556
v 1.982340 -1.198271 1.477917
v 1.882435 -1.147014 1.524303
v 2.025335 -1.050689 1.010456
v 1.984756 -1.218481 1.267529
v 2.273218 -1.432669 0.691355
v 1.912459 -1.290095 1.508113
v 1.838692 -1.210179 1.538498
v 2.139107 -1.431910 0.937463
v 2.020312 -1.282596 1.100341
v 1.918252 -1.314794 1.306231
v 1.797495 -1.367195 1.519354
v 1.757207 -1.263392 1.543281
v 2.358097 -1.462391 0.474384
v 2.548314 -1.811485 0.613082
v 2.445716 -1.772167 0.818630
v 2.761919 -2.176442 0.764159
v 3.024466 -2.570430 0.942722
v 2.673754 -2.151325 0.983212
v 2.318827 -1.775633 0.980558
v 2.027030 -1.480530 1.043445
v 1.943836 -1.373083 1.136947
v 3.255095 -2.951169 1.106830
v 2.962016 -2.530028 1.178109
v 2.555101 -2.165045 1.151949
v 2.208034 -1.810058 1.070731
v 1.886905 -1.561477 1.081771
v 1.828147 -1.452488 1.148072
v 3.335464 -3.227883 1.208681
v 3.232367 -2.939377 1.370896
v 2.839026 -2.541178 1.378756
v 2.429565 -2.191994 1.242247
v 2.066633 -1.883924 1.113791
v 3.361169 -3.457070 1.320232
v 3.313347 -3.175039 1.412731
v 3.170248 -2.965286 1.591877
v 2.699362 -2.582397 1.520920
v 3.349210 -3.645217 1.417867
v 3.341190 -3.415402 1.463981
v 3.253758 -3.170081 1.620100
v 3.322951 -3.779392 1.483023
v 3.332134 -3.599629 1.507407
v 3.237020 -3.914663 1.546673
v 2.258466 -2.259268 1.290595
v 3.030923 -3.036129 1.761164
v 3.286612 -3.380270 1.637182
v 3.293412 -3.730985 1.573530
v 3.091922 -3.967744 1.544018
v 3.122283 -3.247552 1.792349
v 3.288594 -3.525801 1.630801
v 3.197779 -3.848443 1.617535
v 2.860985 -3.922720 1.468985
v 3.181444 -3.442831 1.772830
v 3.236152 -3.617596 1.688646
v 3.063021 -3.893609 1.615183
v 3.129051 -3.716941 1.720744
v 2.643130 -3.802078 1.375526
v 3.042265 -3.548258 1.804275
v 2.994479 -3.777406 1.705235
v 2.859264 -3.869606 1.561710
v 2.428359 -3.620367 1.247068
v 2.931675 -3.360679 1.847255
v 2.854132 -3.627085 1.778798
v 2.856179 -3.791745 1.657008
v 2.662423 -3.750592 1.529737
v 2.717450 -3.692060 1.670603
v 2.253408 -3.409532 1.130230
v 2.707120 -3.467591 1.812751
v 2.815333 -3.150866 1.837399
v 2.528526 -3.514676 1.668603
v 2.445964 -3.572295 1.466892
v 2.576483 -3.253725 1.806282
v 2.131251 -3.066342 0.967729
v 2.278527 -3.384130 1.419076
v 2.514543 -2.674488 1.608948
v 2.384613 -3.330449 1.655125
v 2.360267 -2.794757 1.560919
v 2.139352 -2.331429 1.273997
v 2.220923 -2.896329 1.445329
v 2.138212 -2.988439 1.257237
v 1.959906 -1.955138 1.096534
v 2.003538 -2.509849 1.016803
v 2.042259 -2.431236 1.176257
v 1.770490 -1.625206 1.060352
v 2.016451 -2.588279 0.786199
v 1.813454 -2.119565 0.835762
v 1.857432 -2.044897 0.991444
v 1.608097 -1.689863 0.905579
v 1.836576 -2.190370 0.616248
v 1.584825 -1.804048 0.698005
v 1.597587 -1.862323 0.466213
v 1.382173 -1.533108 0.580278
v 1.412135 -1.585425 0.352438
v 1.347332 -1.342446 0.277828
v 1.301065 -1.276789 0.495928
v 1.369346 -1.129658 0.240390
v 1.327775 -1.072626 0.445237
v 1.345166 -1.471830 0.835481
v 1.310328 -1.020213 0.670942
v 1.285620 -1.208276 0.715542
v 1.318640 -0.983020 0.893212
v 1.382524 -1.360473 1.033264
v 1.296678 -1.156759 0.940912
v 1.319687 -0.947567 1.118338
v 1.297086 -1.107416 1.160465
v 1.280542 -0.891098 1.340613
v 1.361038 -0.913385 1.417623
v 1.265468 -1.057408 1.376847
v 1.345148 -1.021865 1.439061
v 1.377676 -1.292269 1.229634
v 1.358510 -1.250623 1.438014
v 1.424138 -1.184335 1.481945
v 1.576841 -1.510676 1.103122
v 1.555031 -1.422689 1.296607
v 1.555287 -1.399411 1.491092
v 1.582792 -1.283036 1.525120
v 1.710385 -1.499567 1.137028
v 1.686556 -1.430034 1.320437
v 1.679989 -1.406991 1.513617
v 1.671600 -1.290456 1.539237
v 1.805127 -1.391886 1.323631
v 1.691430 -1.143101 1.209995
v 1.615213 -1.155854 1.197724
v 1.731185 -1.082560 1.201744
v 1.583015 -1.097393 1.180221
v 1.690940 -1.014355 1.192435
v 1.650683 -1.020771 1.164663
v 1.594216 -1.044638 1.174592
v -1.007210 -0.186056 -0.133758
v -1.331033 -0.246560 -0.091617
v -1.161315 -0.284969 -0.112831
v -1.475433 -0.170191 -0.075409
v -0.918722 0.055990 -0.126780
v -1.668011 -0.039014 -0.047815
v -0.908428 0.331501 -0.100679
v -1.842399 0.127284 -0.018087
v -0.946284 0.645135 -0.046552
v -2.035660 0.394188 0.030364
v -1.043599 0.927040 0.021002
v -2.208612 0.815632 0.114505
v -1.272769 1.262331 0.114633
v -1.611979 1.642403 0.237448
v -2.386730 1.281765 0.251313
v -1.817189 2.038139 0.360767
v -2.546154 1.687981 0.363587
v -1.933273 2.440921 0.475604
v -2.719036 2.049216 0.474749
v -2.043519 2.754510 0.576023
v -2.865520 2.341965 0.576061
v -2.200033 2.966358 0.667286
v -2.955004 2.605858 0.681351
v -2.388666 3.077089 0.741686
v -2.923443 2.828372 0.759870
v -2.572324 3.101193 0.791526
v -2.782618 3.001280 0.797303
v -2.545352 3.011034 0.965516
v -2.737896 2.919358 0.978303
v -2.704176 2.871696 1.168610
v -2.516219 2.957514 1.167747
v -2.477164 2.877980 1.377216
v -2.873096 2.750891 0.940228
v -2.843728 2.701718 1.133530
v -2.659971 2.792489 1.381799
v -2.435712 2.771710 1.563312
v -2.906377 2.528044 0.864359
v -2.875191 2.463633 1.073201
v -2.791540 2.624867 1.354594
v -2.604340 2.692098 1.566423
v -2.822170 2.273108 0.776786
v -2.768986 2.217989 0.989919
v -2.813826 2.398918 1.300082
v -2.545094 2.593451 1.745752
v -2.392311 2.665140 1.749427
v -2.723650 2.546679 1.546187
v -2.516415 2.537655 2.001888
v -2.366070 2.608009 1.994217
v -2.654885 2.470453 1.728716
v -2.446786 2.439054 2.017860
v -2.329122 2.493878 2.012817
v -2.536956 2.354126 2.014207
v -2.627466 2.413174 1.977068
v -2.557187 2.219948 1.968959
v -2.658117 2.223578 1.920374
v -2.681434 2.293863 1.674165
v -2.746966 2.344718 1.483584
v -2.571487 2.018900 1.820047
v -2.486115 2.065438 1.891827
v -2.599278 2.106074 1.599426
v -2.717922 2.153867 1.241092
v -2.379550 1.880700 1.738011
v -2.342199 1.953956 1.827738
v -2.636006 2.153401 1.418694
v -2.420662 1.976232 1.553777
v -2.597638 1.964268 0.897219
v -2.260489 1.875083 1.733834
v -2.264720 1.950234 1.818379
v -2.448878 1.936515 1.133134
v -2.440032 2.006908 1.373764
v -2.298235 1.961790 1.553309
v -2.128685 1.918820 1.732995
v -2.173156 1.983467 1.815868
v -2.686527 2.000107 0.682792
v -2.515519 1.633111 0.567222
v -2.425442 1.620404 0.781808
v -2.344454 1.235532 0.447586
v -2.175895 0.775012 0.322883
v -2.249583 1.198964 0.662180
v -2.300266 1.628649 0.944892
v -2.314803 1.942355 1.223395
v -2.316109 2.003491 1.376592
v -1.989554 0.348464 0.228722
v -2.088579 0.720322 0.570693
v -2.120338 1.193087 0.823425
v -2.181509 1.648027 1.029229
v -2.157198 1.988915 1.248871
v -2.182202 2.046814 1.374367
v -1.800601 0.112135 0.170499
v -1.897792 0.241310 0.463368
v -1.948632 0.705251 0.753615
v -1.997695 1.226545 0.915503
v -2.027022 1.696271 1.062556
v -1.611345 -0.063848 0.142283
v -1.749877 0.056787 0.375590
v -1.762621 0.170764 0.648866
v -1.790051 0.718759 0.880438
v -1.434709 -0.184753 0.122491
v -1.576038 -0.096157 0.285458
v -1.639502 0.008209 0.560322
v -1.299383 -0.254799 0.105214
v -1.422393 -0.191829 0.223082
v -1.129312 -0.279332 0.090812
v -1.827875 1.296768 0.964167
v -1.558316 0.166325 0.780062
v -1.504074 -0.118764 0.454136
v -1.279839 -0.251005 0.209987
v -1.003133 -0.191068 0.077908
v -1.446874 -0.009058 0.676485
v -1.402002 -0.181836 0.370012
v -1.123041 -0.251045 0.191347
v -0.917760 0.040050 0.074770
v -1.344785 -0.129311 0.545920
v -1.281437 -0.208782 0.374098
v -1.008626 -0.167238 0.181820
v -1.132078 -0.185684 0.359108
v -0.901504 0.300888 0.104151
v -1.170635 -0.084483 0.533816
v -1.012547 -0.103304 0.330610
v -0.918658 0.023205 0.180698
v -0.942123 0.599638 0.150592
v -1.226824 0.059506 0.690318
v -1.007222 0.034987 0.496909
v -0.935837 0.016819 0.303297
v -0.893701 0.238378 0.255343
v -0.917742 0.158213 0.393968
v -1.022464 0.874890 0.222123
v -1.023123 0.197609 0.639662
v -1.313589 0.242247 0.818029
v -0.933692 0.375369 0.529131
v -0.912339 0.504992 0.350145
v -1.105680 0.388471 0.779216
v -1.243493 1.193307 0.316411
v -0.965751 0.729037 0.459926
v -1.581762 0.769895 0.946675
v -0.987086 0.566269 0.652628
v -1.411362 0.853934 0.879798
v -1.704371 1.360069 0.943902
v -1.283177 0.969189 0.764130
v -1.215772 1.085256 0.578428
v -1.912203 1.751270 1.039064
v -1.555977 1.511316 0.676449
v -1.595910 1.436469 0.837409
v -2.042816 2.056497 1.228325
v -1.567467 1.584956 0.444196
v -1.768241 1.918418 0.778637
v -1.809606 1.839887 0.933129
v -1.933744 2.225711 1.110102
v -1.788828 1.982319 0.556765
v -1.890249 2.297973 0.887497
v -1.916661 2.381376 0.664712
v -1.990877 2.628241 0.983062
v -2.031459 2.699704 0.762172
v -2.187408 2.894431 0.843203
v -2.148822 2.845882 1.067196
v -2.366390 2.993010 0.916774
v -2.327956 2.943953 1.124282
v -1.945200 2.551919 1.232745
v -2.295909 2.864469 1.340266
v -2.131385 2.775282 1.285999
v -2.269925 2.761066 1.538986
v -1.998097 2.473101 1.442277
v -2.116771 2.674709 1.493941
v -2.237851 2.661787 1.739115
v -2.095972 2.585115 1.697076
v -2.197297 2.604179 1.959316
v -2.212019 2.496398 1.990715
v -2.056736 2.521574 1.908216
v -2.117054 2.448012 1.957205
v -1.993651 2.407286 1.639110
v -1.958210 2.334841 1.836556
v -2.036868 2.294716 1.889863
v -1.992865 2.227666 1.372035
v -1.992740 2.184234 1.582554
v -1.959681 2.096195 1.754631
v -2.053498 2.111712 1.835053
v -2.076394 2.117532 1.371238
v -2.064136 2.072363 1.564994
v -2.026951 1.989892 1.737763
v -2.100415 2.036051 1.820433
v -2.165989 2.001044 1.556984
v -2.305637 2.254479 1.619502
v -2.251421 2.310823 1.622306
v -2.377128 2.256890 1.633580
v -2.278414 2.369758 1.646018
v -2.404015 2.321917 1.671082
v -2.381163 2.362677 1.655223
v -2.325512 2.388240 1.665530
v 0.975586 -0.848832 17.735199
v 1.020550 -0.885683 17.886936
v 1.029206 -0.951807 17.869392
v 0.984195 -0.914924 17.717676
v 0.902751 -0.885087 17.538990
v 0.894830 -0.819252 17.556581
v 1.053374 -0.908235 17.713621
v 1.100332 -0.955212 17.936699
v 0.749253 -0.873103 17.426512
v 0.742384 -0.806999 17.443825
v 0.954120 -0.863408 17.493839
v 1.044249 -0.842167 17.731195
v 1.090776 -0.889168 17.954432
v 0.557203 -0.886091 17.405069
v 0.551062 -0.819860 17.422112
v 0.945577 -0.797567 17.511866
v 0.771788 -0.847733 17.356298
v 0.764479 -0.781795 17.374187
v 0.539012 -0.798748 17.349434
v 0.370232 -0.845280 17.488180
v 0.545416 -0.864910 17.332214
v 0.322307 -0.824620 17.428326
v 0.246199 -0.885500 17.638247
v 0.375840 -0.911581 17.470886
v 0.328018 -0.890846 17.410786
v 0.174825 -0.876131 17.611294
v 0.251340 -0.952188 17.621153
v 0.179853 -0.943133 17.594131
v 0.136285 -0.930464 17.842281
v 0.212145 -0.924391 17.828714
v 0.223782 -0.959633 17.967207
v 0.217017 -0.991828 17.811869
v 0.141024 -0.998084 17.826010
v 0.145547 -0.984836 18.046591
v 0.407318 -0.969475 17.957195
v 0.230745 -1.028450 17.958113
v 0.152987 -1.053963 18.040234
v 0.412841 -1.035446 17.937050
v 0.604662 -0.961831 17.941811
v 0.376557 -0.993577 18.036892
v 0.610409 -1.027791 17.921497
v 0.826760 -0.929498 17.917633
v 0.382057 -1.059527 18.016634
v 0.611471 -0.985041 18.012911
v 0.617185 -1.050918 17.991905
v 0.834062 -0.994714 17.895668
v 0.880876 -1.009675 17.966955
v 0.872814 -0.944606 17.989233
v 0.387403 -0.991074 17.981340
v 0.181680 -0.976950 17.986937
v 0.177403 -0.938146 17.820757
v 0.393836 -0.968651 17.823652
v 0.609326 -0.981909 17.960468
v 0.206921 -0.894139 17.617113
v 0.602403 -0.968545 17.826916
v 0.858999 -0.945965 17.936401
v 0.406617 -0.941399 17.702135
v 0.818733 -0.928536 17.792706
v 1.066129 -0.896683 17.898777
v 1.006387 -0.855358 17.710114
v 0.472919 -0.924428 17.618252
v 0.344811 -0.851097 17.448053
v 0.546792 -0.823387 17.374836
v 0.585198 -0.941581 17.697901
v 0.764427 -0.903405 17.658157
v 0.926928 -0.822184 17.524626
v 0.572398 -0.905546 17.582499
v 0.758697 -0.809076 17.397917
v 0.681855 -0.898148 17.594170
v 1.049928 -0.887583 17.783808
v 0.928478 -0.390376 17.908375
v 1.003931 -0.887339 17.788448
v 0.976554 -0.390730 17.902025
v 0.892177 0.111459 18.016127
v 1.070074 -0.921266 17.907875
v 0.938956 0.111797 18.009085
v 0.954153 0.066341 18.144890
v 0.883923 0.525915 18.076630
v 0.929957 0.529496 18.070736
v 0.853201 0.914439 18.079313
v 0.997027 -0.423639 18.029263
v 0.949940 -0.421378 18.036112
v 1.025173 -0.918844 17.913467
v 0.908542 0.066471 18.150982
v 0.903386 0.500877 18.237293
v 0.947968 0.502205 18.232094
v 0.898780 0.920814 18.074268
v 0.808760 1.274457 17.975229
v 0.924276 0.914076 18.275293
v 0.880420 0.909171 18.280069
v 0.855065 1.280975 17.969782
v 0.810158 1.310077 18.003548
v 0.896213 1.220843 18.248707
v 0.852137 1.215492 18.252220
v 0.856200 1.316207 17.998121
v 0.886313 1.275565 18.204708
v 0.842255 1.269374 18.210360
v 0.389093 -1.017242 17.973162
v 0.179016 -0.966007 17.818235
v 0.184508 -1.004933 17.986137
v 0.395370 -0.995275 17.819302
v 0.208358 -0.920742 17.610207
v 0.604087 -0.995001 17.821846
v 0.611203 -1.007897 17.951281
v 0.821540 -0.954963 17.787804
v 0.862283 -0.971519 17.926624
v 1.069869 -0.922824 17.891611
v 1.011116 -0.882202 17.706297
v 0.930094 -0.848192 17.517235
v 0.408268 -0.967604 17.695303
v 0.766079 -0.929667 17.651379
v 0.761221 -0.835158 17.390661
v 0.586656 -0.967875 17.690994
v 0.474553 -0.950668 17.611425
v 0.346555 -0.877318 17.440933
v 0.573961 -0.931852 17.575745
v 0.548896 -0.849570 17.367882
v 0.683498 -0.924441 17.587465
v 0.099546 -0.951785 17.749090
v 0.186048 -0.906633 17.713562
v 0.189848 -0.952296 17.951855
v 0.111963 -0.995195 17.983030
v 0.013640 -0.973628 17.773380
v 0.191861 -0.976278 17.944006
v 0.039320 -1.013659 17.990969
v -0.077954 -0.970088 17.766670
v 0.115415 -1.039713 17.969803
v 0.187298 -0.929504 17.702658
v 0.102667 -0.995760 17.734652
v 0.017221 -1.023111 17.758015
v 0.042900 -1.063275 17.975460
v -0.074865 -1.014066 17.752235
v -0.177012 -0.944070 17.749523
v -0.175707 -0.966936 17.738613
v -0.123780 -1.008825 17.975271
v -0.032570 -1.054972 17.984459
v -0.035685 -1.010420 17.997654
v -0.125171 -0.984779 17.983059
v -0.942395 -1.046604 17.925177
v -0.947005 -1.155583 18.065136
v -0.948654 -1.088736 18.081987
v -0.940704 -1.113410 17.908342
v -0.903242 -1.071311 17.717875
v -0.905528 -1.004896 17.734907
v -1.009251 -1.120922 17.917925
v -1.001526 -1.171945 18.144888
v -0.780152 -1.030807 17.577999
v -0.783556 -0.964346 17.594973
v -0.965700 -1.061369 17.683998
v -1.010431 -1.054035 17.934713
v -1.002258 -1.104990 18.161749
v -0.597335 -1.005141 17.519430
v -0.601517 -0.938708 17.536274
v -0.967306 -0.994813 17.701338
v -0.820541 -1.011926 17.514023
v -0.823379 -0.945526 17.531466
v -0.608325 -0.917055 17.463078
v -0.409969 -0.925730 17.565458
v -0.604445 -0.983478 17.446108
v -0.379759 -0.897013 17.497864
v -0.253645 -0.937041 17.687752
v -0.405310 -0.992129 17.548262
v -0.375262 -0.963364 17.480446
v -0.192256 -0.913983 17.647654
v -0.248420 -1.003721 17.670656
v -0.186873 -0.980948 17.630457
v -0.099437 -0.954770 17.865629
v -0.176120 -0.964427 17.867170
v -0.153282 -0.998514 18.004557
v -0.170437 -1.031781 17.850248
v -0.093480 -1.022265 17.849237
v -0.057678 -1.005791 18.066721
v -0.329419 -1.045444 18.030170
v -0.147824 -1.067486 17.995609
v -0.052083 -1.075108 18.060547
v -0.325298 -1.111559 18.010164
v -0.523387 -1.078150 18.053547
v -0.279547 -1.061231 18.101879
v -0.519517 -1.144303 18.033417
v -0.747814 -1.091860 18.073595
v -0.275431 -1.127324 18.081760
v -0.511430 -1.100829 18.124134
v -0.507679 -1.166907 18.103323
v -0.745908 -1.157631 18.052166
v -0.773984 -1.180315 18.130869
v -0.775070 -1.114527 18.152456
v -0.996491 -1.098599 17.986504
v -0.951486 -1.088972 17.982134
v -0.956209 -0.584715 18.095055
v -1.003519 -0.594904 18.098154
v -1.001865 -0.083844 18.203733
v -0.984937 -1.133167 18.111425
v -1.048205 -0.093108 18.205915
v -1.027242 -0.137969 18.341148
v -1.065958 0.324854 18.269764
v -1.112015 0.318939 18.272993
v -1.114465 0.711544 18.274212
v -0.991821 -0.628718 18.226259
v -0.945748 -0.616851 18.223881
v -0.941240 -1.121610 18.108240
v -0.982302 -0.128501 18.338268
v -1.048391 0.299621 18.430618
v -1.092464 0.291807 18.434200
v -1.160486 0.708474 18.278236
v -1.164769 1.070958 18.170708
v -1.144573 0.700749 18.480209
v -1.100556 0.704904 18.476284
v -1.211594 1.067873 18.174486
v -1.167812 1.106120 18.199467
v -1.184794 1.006262 18.454828
v -1.140720 1.010000 18.449610
v -1.214302 1.102709 18.203205
v -1.194890 1.060963 18.410851
v -1.150249 1.063918 18.407717
v -0.137942 -0.998690 17.849630
v -0.299171 -1.088213 18.041336
v -0.102752 -1.034553 18.014591
v -0.339504 -1.071052 17.892090
v -0.215641 -0.964462 17.652203
v -0.539420 -1.112914 17.935110
v -0.518517 -1.124387 18.063179
v -0.381550 -1.049046 17.773533
v -0.762861 -1.118338 17.944738
v -0.771676 -1.140004 18.088469
v -0.987583 -1.134977 18.095402
v -0.975369 -1.087038 17.903059
v -0.464886 -1.047538 17.704477
v -0.389937 -0.953261 17.513884
v -0.603961 -0.968446 17.482075
v -0.553572 -1.085449 17.803934
v -0.741219 -1.085092 17.800676
v -0.941170 -1.041146 17.702583
v -0.571040 -1.049919 17.689157
v -0.806269 -0.996789 17.545921
v -0.675411 -1.064565 17.722065
v 0.878691 -0.269135 18.522707
v 0.858643 -0.282213 18.453655
v 1.145917 -2.480567 18.132170
v 1.197000 -2.487472 18.238400
v 1.082026 -3.050017 18.190090
v 1.167486 -2.491652 18.330494
v 0.874471 -0.280180 18.576893
v 0.758190 -0.534675 18.632206
v 1.097506 -2.985514 18.389990
v 0.583847 -0.718342 18.688467
v 1.131777 -3.061128 18.284918
v 0.903188 -3.379423 18.306694
v 0.938091 -3.339815 18.490276
v 0.373503 -0.837948 18.734758
v 0.957619 -3.400226 18.391685
v 0.706207 -3.536080 18.414032
v 0.728489 -3.495748 18.586483
v 0.742701 -3.562674 18.505116
v 0.351832 -3.650797 18.509914
v 0.362188 -3.608037 18.677670
v 0.094635 -0.902178 18.775339
v -0.194181 -0.895878 18.784569
v 0.361599 -3.677451 18.590231
v -0.029307 -3.573078 18.652975
v -0.043622 -3.642915 18.574110
v -0.029458 -3.611151 18.478582
v -0.303009 -3.528867 18.502296
v -0.269336 -3.499073 18.409575
v -0.279292 -3.464044 18.597092
v -0.428996 -0.821698 18.777336
v -0.557350 -3.233495 18.433126
v -0.527941 -3.214308 18.331352
v -0.521345 -3.150710 18.532034
v -0.643653 -0.677727 18.755207
v -0.743266 -2.685467 18.408644
v -0.713695 -2.670333 18.295338
v -0.698090 -2.682026 18.494184
v -0.816347 -0.452721 18.725250
v -0.831970 -0.443701 18.672806
v -0.821915 -0.453707 18.601112
v 0.966262 0.131191 18.484486
v 0.940473 0.131644 18.643818
v 1.014690 0.537921 18.523014
v 0.991791 0.516796 18.715307
v 0.923292 0.938695 18.567299
v 0.901677 0.899990 18.752003
v 0.634620 1.299850 18.621065
v 0.618217 1.240810 18.799171
v 0.387207 1.451468 18.650595
v 0.365943 1.391051 18.833466
v 0.194394 1.510360 18.667610
v 0.188864 1.464099 18.844721
v 0.157650 1.439651 18.948593
v 0.347220 1.303418 19.012148
v 0.071919 1.383086 19.045155
v 0.578162 1.151833 19.013569
v 0.851837 0.841355 18.977642
v 0.942142 0.484286 18.941832
v 0.151117 1.245656 19.166441
v 0.522454 1.057623 19.153028
v 0.911021 0.134622 18.866301
v 0.773777 0.782232 19.131792
v -0.091171 1.277056 19.192196
v -0.106385 1.351701 19.105623
v -0.295059 1.345637 19.077354
v 0.840699 -0.176139 18.842987
v 0.862170 0.456567 19.097492
v 0.714306 -0.476245 18.844639
v 0.835465 0.151522 19.065098
v 0.541579 -0.640116 18.885689
v 0.767149 -0.126490 19.047441
v 0.349336 -0.749424 18.913877
v 0.646736 -0.395480 19.023561
v 0.498086 -0.545404 19.013681
v 0.665977 0.692486 19.256603
v 0.741811 0.416038 19.230093
v 0.728886 0.167971 19.198606
v 0.680176 -0.088789 19.179466
v 0.572190 -0.300318 19.147217
v 0.448244 0.941383 19.264410
v 0.147349 1.094241 19.269655
v -0.066660 1.115831 19.284044
v -0.322984 1.197276 19.208040
v -0.550284 1.211832 19.090897
v -0.405723 1.382161 18.998026
v -0.616706 1.290775 18.919685
v -0.458630 1.398025 18.901535
v -0.503764 1.439116 18.728868
v -0.680845 1.342478 18.744307
v -0.835797 1.092434 18.926752
v -0.894151 1.143845 18.755203
v -0.742377 1.017078 19.129436
v -1.048980 0.700934 18.923161
v -1.109421 0.731265 18.745655
v -1.065397 0.306868 18.895809
v -1.124861 0.319589 18.710745
v -0.950267 0.657458 19.135765
v -0.645727 0.938415 19.255529
v -0.951019 -0.061375 18.809784
v -1.003263 -0.069791 18.657297
v -0.971954 0.288960 19.109779
v -0.884864 -0.048640 19.023876
v -0.836563 0.617904 19.273090
v -0.271207 1.051529 19.306381
v -0.758767 -0.339358 18.983330
v -0.862440 0.280578 19.248816
v -0.531658 0.841388 19.350389
v -0.038013 0.915531 19.377573
v -0.576427 -0.607958 18.957891
v -0.781119 -0.013444 19.206942
v -0.693095 0.553798 19.375853
v -0.369920 -0.733131 18.965666
v -0.662546 -0.272384 19.172888
v -0.715382 0.267338 19.357952
v -0.157746 -0.801169 18.958370
v -0.496611 -0.512154 19.123882
v -0.658617 0.026382 19.320349
v 0.100050 -0.818870 18.933945
v -0.324899 -0.629387 19.085892
v -0.563470 -0.215698 19.288588
v 0.310361 -0.655134 19.024147
v -0.120052 -0.699056 19.061913
v -0.422480 -0.401819 19.234493
v 0.433364 -0.425800 19.139412
v 0.097935 -0.707316 19.039581
v -0.264785 -0.497043 19.200670
v 0.259001 -0.513683 19.147902
v -0.077545 -0.548026 19.177431
v 0.091852 -0.550084 19.153111
v 0.082728 -0.358303 19.272175
v 0.223394 -0.330752 19.260588
v 0.074263 -0.209640 19.348589
v -0.060453 -0.359718 19.285494
v -0.176400 -0.327426 19.308464
v 0.332703 -0.275475 19.263794
v -0.331123 -0.244870 19.342205
v -0.078064 -0.200395 19.373785
v 0.223659 -0.169606 19.347311
v 0.471187 -0.162998 19.271809
v -0.417150 -0.137275 19.377460
v 0.538661 -0.039738 19.293594
v -0.260445 -0.056230 19.421799
v -0.512712 0.086570 19.418222
v 0.378927 0.009015 19.365698
v 0.592976 0.199400 19.321207
v -0.542567 0.244488 19.439749
v 0.593823 0.360451 19.340040
v -0.338984 0.200748 19.460205
v -0.510425 0.520090 19.449970
v 0.409778 0.277157 19.394508
v 0.509339 0.624152 19.360495
v -0.396794 0.704162 19.433029
v 0.359931 0.781384 19.366632
v -0.280374 0.516555 19.475985
v -0.197479 0.868591 19.395704
v 0.292666 0.575032 19.425705
v 0.128312 0.901837 19.367119
v -0.009631 0.693072 19.442326
v 0.020882 0.405742 19.455912
v -0.069189 0.357578 19.460312
v 0.118161 0.376696 19.443872
v -0.108327 0.260615 19.448866
v 0.173372 0.289361 19.424149
v -0.093038 0.164510 19.443155
v 0.176908 0.192057 19.419468
v -0.029639 0.110716 19.433783
v 0.124933 0.126490 19.420219
v 0.048876 0.103613 19.423571
v 0.178657 1.488909 18.651773
v 0.349860 1.369449 18.619776
v 0.557300 1.232578 18.592012
v 0.163018 1.172463 18.734461
v 0.167058 1.426871 18.639734
v -0.009490 1.496906 18.678015
v -0.008515 1.433766 18.662451
v -0.157292 1.492558 18.689257
v 0.827703 0.890092 18.545614
v 0.552711 0.917517 18.652695
v 0.906866 0.537244 18.505363
v 0.868048 0.159705 18.465454
v 0.698254 0.549789 18.607697
v 0.783204 -0.215782 18.442177
v 0.298148 0.670301 18.659367
v -0.072288 0.692952 18.728090
v 0.585765 0.059586 18.614660
v 0.660761 -0.482872 18.479498
v 0.333850 -0.000724 18.617468
v -0.120764 1.194010 18.758352
v -0.394246 1.115596 18.783358
v -0.152977 1.436310 18.673016
v -0.293611 1.404673 18.687466
v -0.302644 1.466991 18.703737
v -0.465470 1.362325 18.695236
v -0.487016 1.420980 18.710182
v -0.633697 1.269082 18.706076
v -0.811105 1.092938 18.712080
v -1.011227 0.702437 18.706968
v -0.733062 0.786309 18.765512
v -1.023780 0.340230 18.674763
v -0.436848 0.595298 18.723858
v -0.917540 -0.022507 18.622126
v -0.807467 0.396137 18.739813
v -0.764456 -0.373714 18.577972
v -0.599513 -0.061366 18.718660
v -0.343987 -0.069894 18.676945
v -0.586396 -0.610139 18.588926
v -0.001381 -0.042193 18.681231
v -0.646493 -0.672607 18.607054
v -0.405089 -0.489105 18.698879
v 0.063365 -0.649015 18.713385
v -0.421558 -0.750732 18.610706
v -0.440687 -0.801234 18.639511
v -0.155549 -0.630948 18.722017
v 0.075681 -0.865235 18.602285
v -0.189869 -0.849100 18.612391
v -0.194636 -0.899109 18.649191
v 0.083922 -0.915483 18.637770
v 0.351255 -0.843403 18.601294
v 0.272355 -0.587283 18.684471
v 0.330289 -0.796020 18.566751
v 0.567263 -0.698377 18.551069
v 0.480594 -0.398725 18.621166
v 0.533726 -0.653249 18.526886
v 0.734367 -0.531696 18.485893
v 1.941118 -1.289854 1.137108
v 1.920486 -1.260015 1.216074
v 1.943420 -1.296747 1.233487
v 1.964317 -1.326705 1.153637
v 1.959074 -1.282353 1.140695
v 1.944391 -1.313470 1.239946
v 1.983963 -1.323116 1.159634
v 1.964879 -1.274092 1.155148
v 1.964992 -1.343625 1.160062
v 1.912354 -1.366778 1.255647
v 1.990588 -1.316620 1.175077
v 1.960448 -1.262512 1.182713
v 1.930707 -1.397184 1.175434
v 1.864555 -1.410398 1.264803
v 1.984530 -1.342503 1.167030
v 1.947194 -1.405090 1.184899
v 1.986479 -1.305568 1.203131
v 1.949647 -1.253685 1.208895
v 1.991141 -1.337037 1.182878
v 1.987138 -1.326298 1.211066
v 1.975188 -1.295808 1.228939
v 1.936971 -1.252829 1.219060
v 1.961664 -1.293025 1.238103
v 1.976001 -1.316132 1.236740
v 1.962571 -1.312179 1.245476
v 1.927660 -1.373990 1.263693
v 1.948917 -1.394852 1.230906
v 1.876055 -1.424406 1.274441
v 1.825029 -1.432837 1.266575
v 1.939213 -1.382823 1.256239
v 1.952605 -1.404139 1.202145
v 1.893775 -1.456143 1.195410
v 1.897380 -1.458854 1.213558
v 1.893567 -1.450727 1.242746
v 1.847530 -1.478004 1.244841
v 1.885220 -1.437135 1.267862
v 1.833264 -1.449323 1.276406
v 1.881352 -1.441077 1.184341
v 1.851450 -1.485935 1.215600
v 1.840529 -1.464113 1.186110
v 1.783323 -1.450916 1.264904
v 1.849427 -1.481925 1.197339
v 1.797566 -1.482870 1.184445
v 1.802151 -1.501845 1.195524
v 1.732796 -1.495901 1.175680
v 1.719707 -1.462870 1.255888
v 1.669357 -1.491087 1.160431
v 1.657819 -1.456412 1.240304
v 1.802184 -1.506337 1.213677
v 1.729213 -1.513818 1.185171
v 1.656232 -1.480376 1.154021
v 1.645031 -1.445583 1.233859
v 1.640717 -1.439693 1.137482
v 1.629596 -1.405529 1.215765
v 1.623930 -1.449522 1.141113
v 1.641560 -1.493906 1.160061
v 1.613868 -1.449175 1.155586
v 1.656721 -1.506013 1.167439
v 1.632416 -1.495274 1.175524
v 1.607339 -1.438642 1.183153
v 1.725232 -1.517551 1.202428
v 1.648409 -1.507991 1.183306
v 1.626115 -1.485316 1.203581
v 1.606967 -1.424988 1.208604
v 1.720090 -1.508990 1.231191
v 1.642295 -1.498305 1.211496
v 1.625162 -1.470399 1.229376
v 1.613950 -1.414387 1.218781
v 1.640924 -1.483267 1.237158
v 1.631092 -1.457913 1.238515
v 1.645863 -1.470152 1.245871
v 1.716276 -1.479427 1.263956
v 1.716368 -1.493977 1.256517
v 1.787615 -1.468520 1.274552
v 1.798044 -1.498374 1.242865
v 1.792257 -1.483505 1.267978
v 1.840372 -1.463590 1.269934
v 2.451423 -2.204466 1.195254
v 2.410645 -2.136122 1.160239
v 2.407309 -2.118865 1.203533
v 2.448669 -2.187907 1.238763
v 2.469559 -2.191402 1.196573
v 2.397808 -2.116588 1.219012
v 2.465515 -2.172850 1.244364
v 2.472091 -2.173919 1.191923
v 2.438825 -2.185841 1.254286
v 2.337663 -2.129528 1.252655
v 2.467560 -2.154527 1.241670
v 2.460906 -2.148540 1.179892
v 2.376665 -2.200147 1.287148
v 2.270414 -2.153141 1.270533
v 2.454032 -2.170544 1.262057
v 2.383925 -2.186116 1.301674
v 2.456213 -2.128689 1.230260
v 2.443296 -2.127916 1.167473
v 2.455421 -2.152106 1.260285
v 2.443972 -2.126176 1.249204
v 2.438741 -2.108400 1.216784
v 2.427568 -2.124334 1.161179
v 2.423553 -2.105643 1.208375
v 2.426883 -2.105841 1.235431
v 2.412495 -2.103149 1.226011
v 2.344793 -2.117136 1.266017
v 2.369501 -2.141789 1.293791
v 2.270312 -2.142638 1.288304
v 2.223508 -2.174644 1.273047
v 2.354706 -2.120675 1.278985
v 2.381571 -2.168034 1.303425
v 2.307611 -2.212799 1.323721
v 2.301564 -2.195584 1.327956
v 2.288668 -2.169288 1.319310
v 2.233511 -2.194574 1.323261
v 2.275909 -2.147390 1.303707
v 2.219231 -2.166023 1.291586
v 2.307986 -2.224748 1.304577
v 2.246615 -2.220824 1.331780
v 2.259630 -2.246979 1.307048
v 2.178109 -2.199183 1.270648
v 2.254738 -2.237121 1.327083
v 2.212779 -2.272237 1.304695
v 2.203498 -2.264730 1.323851
v 2.151779 -2.312320 1.287429
v 2.118757 -2.238717 1.252928
v 2.102893 -2.353403 1.254705
v 2.072173 -2.279013 1.219419
v 2.193392 -2.249540 1.328091
v 2.136232 -2.309664 1.301983
v 2.098591 -2.362525 1.239199
v 2.068247 -2.287988 1.203956
v 2.110075 -2.374729 1.195680
v 2.079939 -2.301078 1.160652
v 2.088733 -2.381357 1.197048
v 2.076440 -2.366919 1.244849
v 2.073235 -2.372867 1.192420
v 2.081541 -2.356341 1.262522
v 2.060568 -2.357533 1.242177
v 2.059665 -2.348678 1.180392
v 2.123207 -2.296905 1.303747
v 2.065973 -2.346362 1.260771
v 2.046730 -2.332938 1.230771
v 2.053757 -2.322216 1.167959
v 2.109483 -2.271485 1.294115
v 2.052125 -2.321628 1.249693
v 2.041005 -2.306789 1.217280
v 2.060344 -2.307504 1.161636
v 2.046133 -2.295758 1.235906
v 2.047922 -2.293007 1.208843
v 2.052617 -2.282655 1.226460
v 2.104596 -2.236945 1.266316
v 2.101486 -2.246981 1.279301
v 2.169816 -2.192765 1.288429
v 2.180125 -2.223429 1.319446
v 2.170275 -2.200079 1.303839
v 2.222215 -2.171967 1.307450
v 2.601518 -2.468380 1.369642
v 2.564830 -2.409456 1.317231
v 2.557667 -2.383428 1.355408
v 2.594920 -2.442976 1.408231
v 2.621025 -2.454425 1.370014
v 2.546195 -2.378312 1.369037
v 2.612720 -2.426201 1.412223
v 2.624867 -2.437943 1.362094
v 2.583073 -2.438076 1.421914
v 2.478916 -2.386506 1.398442
v 2.615886 -2.408496 1.405982
v 2.615317 -2.415703 1.343973
v 2.513693 -2.447866 1.450644
v 2.405301 -2.408860 1.414029
v 2.598936 -2.420672 1.427802
v 2.520454 -2.430624 1.462570
v 2.606122 -2.385678 1.388353
v 2.598841 -2.398517 1.325824
v 2.601326 -2.402689 1.422368
v 2.591422 -2.379714 1.405030
v 2.589884 -2.369039 1.369259
v 2.583046 -2.396894 1.317378
v 2.574835 -2.368655 1.358983
v 2.575620 -2.363077 1.385676
v 2.561513 -2.362935 1.374510
v 2.485590 -2.371138 1.409565
v 2.507841 -2.388841 1.444203
v 2.403835 -2.394733 1.429111
v 2.354750 -2.431526 1.416267
v 2.494592 -2.371556 1.423911
v 2.518530 -2.412404 1.460262
v 2.436744 -2.455513 1.481945
v 2.430644 -2.437781 1.481866
v 2.418988 -2.413993 1.466674
v 2.359445 -2.440438 1.470274
v 2.407996 -2.396015 1.445647
v 2.348732 -2.419270 1.432071
v 2.438576 -2.471351 1.465856
v 2.371336 -2.464198 1.485352
v 2.386473 -2.494804 1.468058
v 2.306158 -2.458168 1.414511
v 2.379706 -2.481033 1.484999
v 2.336315 -2.522210 1.466353
v 2.324917 -2.511128 1.482489
v 2.272146 -2.567996 1.451819
v 2.243793 -2.503441 1.399585
v 2.222252 -2.617524 1.423669
v 2.196435 -2.552260 1.370739
v 2.314458 -2.495565 1.482431
v 2.254410 -2.562937 1.463864
v 2.218905 -2.629982 1.410060
v 2.193486 -2.564548 1.357179
v 2.234880 -2.650721 1.371426
v 2.209622 -2.586113 1.318958
v 2.211985 -2.657855 1.372003
v 2.194819 -2.634037 1.414255
v 2.196461 -2.651004 1.364178
v 2.198848 -2.619650 1.429748
v 2.178741 -2.625903 1.408108
v 2.184349 -2.630038 1.346069
v 2.241024 -2.550417 1.461611
v 2.183024 -2.610724 1.424402
v 2.166300 -2.604416 1.390492
v 2.180443 -2.606601 1.327858
v 2.228559 -2.527737 1.445561
v 2.170544 -2.589031 1.407077
v 2.162681 -2.581501 1.371337
v 2.188615 -2.593058 1.319297
v 2.166661 -2.566466 1.387665
v 2.171375 -2.569309 1.360946
v 2.174973 -2.555175 1.376390
v 2.227598 -2.499447 1.410820
v 2.222611 -2.506821 1.425234
v 2.295894 -2.448416 1.429636
v 2.302402 -2.471975 1.467241
v 2.294536 -2.452443 1.446199
v 2.350044 -2.421742 1.449044
v 2.296175 -1.918544 1.041142
v 2.254564 -1.847735 1.012676
v 2.252576 -1.833790 1.057201
v 2.294766 -1.905315 1.085809
v 2.313214 -1.906163 1.042749
v 2.244037 -1.832458 1.073137
v 2.310687 -1.891251 1.091875
v 2.315073 -1.888648 1.039292
v 2.285906 -1.904187 1.101786
v 2.188245 -1.846325 1.107903
v 2.312136 -1.873039 1.090446
v 2.303427 -1.862511 1.029546
v 2.228196 -1.919299 1.135749
v 2.125348 -1.869412 1.126438
v 2.300338 -1.890007 1.110093
v 2.235331 -1.906683 1.150982
v 2.300348 -1.846492 1.081360
v 2.285749 -1.840891 1.019302
v 2.301194 -1.871736 1.109614
v 2.289317 -1.845119 1.100866
v 2.282771 -1.825129 1.070032
v 2.270461 -1.836557 1.013856
v 2.267937 -1.821467 1.062399
v 2.272093 -1.823698 1.089231
v 2.257988 -1.820042 1.080557
v 2.195250 -1.835236 1.121862
v 2.220334 -1.862097 1.146864
v 2.125664 -1.860346 1.144917
v 2.081227 -1.889756 1.129078
v 2.205241 -1.839884 1.134173
v 2.232755 -1.888932 1.154124
v 2.164016 -1.932898 1.173777
v 2.158032 -1.916102 1.179467
v 2.144859 -1.889269 1.173223
v 2.093012 -1.913263 1.177320
v 2.131659 -1.866270 1.159722
v 2.077636 -1.882507 1.148335
v 2.163942 -1.943296 1.153816
v 2.106379 -1.940046 1.183431
v 2.118454 -1.964321 1.156412
v 2.038430 -1.912767 1.126547
v 2.114304 -1.955949 1.177274
v 2.074291 -1.988014 1.153927
v 2.065979 -1.981799 1.173899
v 2.016434 -2.024925 1.136013
v 1.982115 -1.949142 1.108160
v 1.969579 -2.061970 1.102181
v 1.937406 -1.985404 1.073519
v 2.056173 -1.966909 1.179594
v 2.002093 -2.023021 1.151273
v 1.965118 -2.069743 1.086220
v 1.933303 -1.993042 1.057599
v 1.974749 -2.078870 1.041543
v 1.943157 -2.003063 1.013065
v 1.954612 -2.085032 1.043196
v 1.944318 -2.073995 1.092332
v 1.939495 -2.075985 1.039760
v 1.949586 -2.064961 1.110531
v 1.928895 -2.064198 1.090924
v 1.925602 -2.050968 1.030017
v 1.989469 -2.010283 1.154428
v 1.934474 -2.054654 1.110071
v 1.914761 -2.038821 1.081841
v 1.918944 -2.023852 1.019759
v 1.975490 -1.984224 1.147169
v 1.920338 -2.029164 1.101326
v 1.908246 -2.011940 1.070499
v 1.924668 -2.009037 1.014287
v 1.913564 -2.002531 1.089678
v 1.914228 -1.997895 1.062840
v 1.919112 -1.989072 1.080980
v 1.969071 -1.948053 1.122144
v 1.966799 -1.958818 1.134471
v 2.031034 -1.907547 1.145035
v 2.042650 -1.940251 1.173351
v 2.032190 -1.915885 1.159846
v 2.081184 -1.889583 1.163609
v 2.102434 -1.594777 0.986313
v 2.054619 -1.522217 0.987590
v 2.060452 -1.521876 1.033905
v 2.108872 -1.595119 1.032450
v 2.118299 -1.582536 0.988586
v 2.055300 -1.525673 1.050730
v 2.124441 -1.582627 1.039603
v 2.118635 -1.564893 0.990203
v 2.103433 -1.599139 1.049309
v 2.009656 -1.551992 1.088803
v 2.124737 -1.564930 1.043401
v 2.104640 -1.538108 0.990758
v 2.055880 -1.626520 1.086585
v 1.954664 -1.582807 1.110101
v 2.118008 -1.587266 1.058855
v 2.064919 -1.618530 1.103421
v 2.110713 -1.537954 1.044721
v 2.085048 -1.515804 0.990534
v 2.117918 -1.569818 1.063666
v 2.103870 -1.542878 1.065340
v 2.091024 -1.515577 1.043387
v 2.069378 -1.511057 0.989301
v 2.075406 -1.510813 1.039821
v 2.084455 -1.520337 1.063674
v 2.069331 -1.515241 1.059004
v 2.018401 -1.545090 1.104012
v 2.047990 -1.576123 1.115294
v 1.958019 -1.579500 1.130098
v 1.914333 -1.605381 1.114074
v 2.030359 -1.552407 1.112506
v 2.062285 -1.602812 1.112064
v 2.002903 -1.654012 1.129231
v 1.997564 -1.640125 1.140566
v 1.982749 -1.613772 1.144879
v 1.935547 -1.640667 1.150456
v 1.966721 -1.588971 1.141240
v 1.914219 -1.604245 1.134930
v 1.999558 -1.658139 1.107404
v 1.950517 -1.666922 1.146001
v 1.957957 -1.681426 1.111368
v 1.874406 -1.628921 1.112172
v 1.957564 -1.679719 1.134159
v 1.916775 -1.705703 1.109541
v 1.912377 -1.706026 1.131567
v 1.860343 -1.738870 1.091632
v 1.819319 -1.661355 1.093715
v 1.811342 -1.766967 1.056848
v 1.772163 -1.688355 1.058038
v 1.903510 -1.694166 1.142994
v 1.849552 -1.742274 1.108980
v 1.804482 -1.770014 1.040306
v 1.765641 -1.691267 1.041513
v 1.805635 -1.765310 0.993973
v 1.767072 -1.687434 0.995012
v 1.787174 -1.772791 0.997132
v 1.786144 -1.777004 1.048334
v 1.771833 -1.764156 0.999153
v 1.794130 -1.773357 1.067214
v 1.770860 -1.768258 1.052534
v 1.755764 -1.738563 0.999762
v 1.837639 -1.731888 1.117862
v 1.779296 -1.764381 1.072405
v 1.754670 -1.742527 1.053910
v 1.746347 -1.710412 0.999276
v 1.821907 -1.706025 1.121129
v 1.763162 -1.738640 1.074133
v 1.745196 -1.714280 1.052312
v 1.750080 -1.694517 0.997542
v 1.753397 -1.710555 1.072218
v 1.748798 -1.698473 1.048251
v 1.756420 -1.695031 1.067080
v 1.809551 -1.665089 1.109402
v 1.810186 -1.678913 1.118189
v 1.870639 -1.629706 1.132353
v 1.888371 -1.667999 1.147315
v 1.874873 -1.641744 1.143610
v 1.920746 -1.615081 1.146590
v -2.375074 2.042746 1.420372
v -2.346189 1.988532 1.494992
v -2.363079 2.030730 1.505598
v -2.358496 2.000754 1.408915
v -2.390943 2.031131 1.422571
v -2.332905 1.977004 1.491392
v -2.371945 1.984911 1.410631
v -2.396841 2.023177 1.437157
v -2.344890 1.989372 1.405261
v -2.269658 1.968474 1.484928
v -2.376813 1.975058 1.424906
v -2.395252 2.017477 1.466797
v -2.280127 1.982544 1.398974
v -2.205247 1.979183 1.482155
v -2.356216 1.972004 1.406525
v -2.282284 1.962075 1.398403
v -2.374914 1.968634 1.454591
v -2.387997 2.015913 1.495520
v -2.360217 1.961489 1.420604
v -2.358122 1.954779 1.450209
v -2.368128 1.968039 1.483615
v -2.377948 2.020359 1.507520
v -2.359213 1.974484 1.496008
v -2.351765 1.954322 1.479294
v -2.343874 1.961443 1.491917
v -2.271949 1.949910 1.483857
v -2.278761 1.941810 1.440845
v -2.199757 1.959538 1.479855
v -2.163451 1.997131 1.482157
v -2.274757 1.941315 1.470245
v -2.281867 1.949697 1.411601
v -2.208545 1.972867 1.394343
v -2.204078 1.959704 1.406852
v -2.199934 1.951169 1.435878
v -2.150414 1.971544 1.435317
v -2.197985 1.950494 1.465559
v -2.154041 1.978663 1.479573
v -2.214600 1.994396 1.396256
v -2.154781 1.980115 1.406321
v -2.171550 2.013026 1.396281
v -2.124364 2.020395 1.482155
v -2.161225 1.992762 1.393985
v -2.131174 2.036904 1.396256
v -2.117315 2.019351 1.394343
v -2.083069 2.082950 1.398974
v -2.077840 2.066211 1.484928
v -2.050527 2.139358 1.405261
v -2.047565 2.122392 1.491392
v -2.109292 2.008000 1.406852
v -2.065242 2.072664 1.398403
v -2.051738 2.157056 1.408915
v -2.049084 2.139915 1.494992
v -2.075966 2.195150 1.420372
v -2.073295 2.178383 1.505598
v -2.057242 2.201161 1.422572
v -2.031016 2.158624 1.410631
v -2.047340 2.201257 1.437157
v -2.029818 2.138312 1.406525
v -2.020183 2.156770 1.424906
v -2.043662 2.196622 1.466797
v -2.055473 2.065051 1.411601
v -2.018960 2.135369 1.420604
v -2.016102 2.151459 1.454591
v -2.046662 2.189833 1.495520
v -2.050918 2.057902 1.440845
v -2.014763 2.129730 1.450209
v -2.019609 2.145618 1.483615
v -2.056165 2.184316 1.507520
v -2.018130 2.124319 1.479294
v -2.030064 2.142194 1.496008
v -2.028529 2.122120 1.491917
v -2.061475 2.057153 1.483857
v -2.052871 2.054372 1.470245
v -2.111697 2.004406 1.479855
v -2.104823 1.999632 1.435878
v -2.105422 1.997657 1.465559
v -2.149820 1.970380 1.465099
v -2.014738 1.229057 0.865056
v -2.047162 1.295505 0.927310
v -2.048048 1.307526 0.882164
v -2.013655 1.216186 0.909866
v -2.035375 1.220970 0.868226
v -2.038760 1.295540 0.943571
v -2.033807 1.207742 0.917895
v -2.050950 1.229349 0.872799
v -2.004870 1.216354 0.926143
v -1.982506 1.316491 0.979809
v -2.049175 1.215849 0.924625
v -2.065563 1.255093 0.878931
v -1.946552 1.238568 0.961555
v -1.918118 1.345938 0.999476
v -2.023592 1.208104 0.936490
v -1.957558 1.232100 0.978807
v -2.063857 1.241599 0.931543
v -2.072752 1.283605 0.883940
v -2.038387 1.216270 0.944200
v -2.052985 1.241969 0.951462
v -2.071166 1.270402 0.935480
v -2.067088 1.299950 0.884676
v -2.065795 1.287067 0.933925
v -2.060647 1.270664 0.955081
v -2.056001 1.287233 0.952460
v -1.992540 1.309981 0.995296
v -1.982861 1.266591 0.998938
v -1.921049 1.341611 1.019446
v -1.872150 1.369325 1.002460
v -1.992812 1.294487 1.001526
v -1.968805 1.241040 0.990173
v -1.884112 1.264665 1.002621
v -1.891742 1.274643 1.016517
v -1.905055 1.300315 1.026328
v -1.850740 1.327305 1.030649
v -1.917073 1.327482 1.028148
v -1.870871 1.366815 1.023157
v -1.880659 1.268848 0.980712
v -1.837626 1.301567 1.020705
v -1.833256 1.292992 0.983657
v -1.826210 1.392768 0.999476
v -1.832098 1.290719 1.006373
v -1.785861 1.317150 0.980712
v -1.780447 1.317485 1.002621
v -1.722633 1.352660 0.961556
v -1.764542 1.427550 0.979809
v -1.670384 1.386785 0.926143
v -1.714526 1.460746 0.943571
v -1.784035 1.329522 1.016517
v -1.710931 1.357763 0.978807
v -1.665083 1.393793 0.909866
v -1.709560 1.467523 0.927310
v -1.674859 1.402234 0.865056
v -1.718764 1.475305 0.882164
v -1.656188 1.414177 0.868226
v -1.646407 1.405133 0.917895
v -1.653811 1.431702 0.872799
v -1.652704 1.397082 0.936490
v -1.643934 1.422331 0.924625
v -1.666049 1.458656 0.878931
v -1.711552 1.372117 0.990173
v -1.650615 1.413851 0.944200
v -1.656136 1.449344 0.931543
v -1.684891 1.481232 0.883940
v -1.723962 1.398507 0.998938
v -1.662825 1.440766 0.951462
v -1.675142 1.472187 0.935480
v -1.701444 1.486256 0.884676
v -1.681536 1.463832 0.955081
v -1.691781 1.477637 0.933925
v -1.697672 1.469811 0.952460
v -1.753377 1.431842 0.995296
v -1.740681 1.422954 1.001526
v -1.820987 1.392596 1.019447
v -1.796979 1.355383 1.026328
v -1.811893 1.381074 1.028148
v -1.864253 1.353827 1.032290
v -1.866789 0.913028 0.834668
v -1.904701 0.990604 0.878109
v -1.900542 0.993130 0.831605
v -1.870741 0.909596 0.881042
v -1.889161 0.904791 0.837330
v -1.897518 0.994368 0.894775
v -1.893113 0.902033 0.888555
v -1.905701 0.913411 0.838451
v -1.863150 0.913512 0.897735
v -1.841172 1.025058 0.931399
v -1.909666 0.910841 0.891850
v -1.920708 0.939645 0.837576
v -1.804496 0.945371 0.933504
v -1.774232 1.061086 0.950967
v -1.884247 0.906683 0.907608
v -1.818105 0.942069 0.950507
v -1.924826 0.937241 0.891732
v -1.927674 0.968705 0.835790
v -1.900295 0.915776 0.911903
v -1.915404 0.942199 0.912137
v -1.931798 0.966362 0.888831
v -1.921144 0.985330 0.833685
v -1.925330 0.982816 0.884400
v -1.922718 0.971133 0.908913
v -1.916908 0.987241 0.903394
v -1.853578 1.021389 0.946795
v -1.845459 0.979451 0.960343
v -1.779533 1.060813 0.970993
v -1.725218 1.086859 0.953690
v -1.855109 1.007280 0.956049
v -1.830762 0.952839 0.958560
v -1.741930 0.982435 0.974384
v -1.750995 0.994913 0.985050
v -1.765013 1.021892 0.987900
v -1.707205 1.051872 0.992025
v -1.776790 1.048753 0.982799
v -1.726088 1.088718 0.974474
v -1.735887 0.982184 0.952555
v -1.693386 1.024791 0.989038
v -1.685328 1.008761 0.955228
v -1.675619 1.111447 0.950594
v -1.686523 1.011270 0.977916
v -1.634173 1.034129 0.952170
v -1.630702 1.039238 0.973962
v -1.564241 1.068067 0.932594
v -1.607306 1.144491 0.930513
v -1.504261 1.096793 0.896375
v -1.549630 1.172031 0.893456
v -1.635431 1.053930 0.984612
v -1.553486 1.077208 0.949504
v -1.496739 1.100596 0.879625
v -1.542470 1.175592 0.876736
v -1.502115 1.099264 0.833286
v -1.547235 1.173561 0.830266
v -1.482310 1.112566 0.835788
v -1.477450 1.114308 0.886980
v -1.479589 1.131023 0.836836
v -1.486301 1.109910 0.906100
v -1.474861 1.132892 0.890202
v -1.492048 1.158558 0.835952
v -1.554742 1.093800 0.957514
v -1.484233 1.128255 0.910326
v -1.487360 1.160651 0.890074
v -1.511516 1.181233 0.834212
v -1.567672 1.121314 0.959290
v -1.496779 1.155987 0.910550
v -1.506882 1.183363 0.887220
v -1.528825 1.185684 0.832198
v -1.515949 1.178867 0.907371
v -1.524030 1.187757 0.882879
v -1.532437 1.183587 0.901936
v -1.596967 1.152438 0.945822
v -1.584585 1.145435 0.955024
v -1.672170 1.115642 0.970586
v -1.649052 1.081113 0.987461
v -1.663937 1.106385 0.982372
v -1.720563 1.077991 0.986732
v -2.165786 1.550020 0.926463
v -2.195874 1.611722 0.994504
v -2.198648 1.626847 0.950409
v -2.162818 1.534077 0.970156
v -2.185156 1.542283 0.929797
v -2.187269 1.610394 1.010405
v -2.181539 1.525626 0.978290
v -2.200017 1.550555 0.935533
v -2.153850 1.532872 0.986068
v -2.132792 1.627168 1.045967
v -2.196116 1.533471 0.986149
v -2.214291 1.575806 0.944043
v -2.097465 1.550902 1.020822
v -2.071364 1.653328 1.065327
v -2.171128 1.524412 0.996474
v -2.107175 1.543529 1.037953
v -2.210428 1.558671 0.995445
v -2.221593 1.603698 0.951360
v -2.185125 1.532231 1.005292
v -2.199342 1.557354 1.014924
v -2.217890 1.586931 1.001718
v -2.216531 1.619625 0.953066
v -2.213200 1.603344 1.001174
v -2.207150 1.585539 1.020886
v -2.203188 1.601950 1.019300
v -2.141640 1.619858 1.061302
v -2.131315 1.576624 1.061442
v -2.073326 1.647688 1.085027
v -2.027968 1.675134 1.068298
v -2.141325 1.604146 1.066403
v -2.117674 1.551767 1.050342
v -2.037030 1.572261 1.061339
v -2.044012 1.581259 1.076191
v -2.056910 1.606143 1.088313
v -2.005591 1.631216 1.092572
v -2.068901 1.633048 1.092533
v -2.025931 1.671137 1.088698
v -2.034639 1.577888 1.039678
v -1.992886 1.606281 1.080318
v -1.989894 1.600410 1.042612
v -1.984820 1.697425 1.065327
v -1.987904 1.596503 1.065047
v -1.945374 1.623371 1.039678
v -1.939415 1.621999 1.061339
v -1.886614 1.658337 1.020822
v -1.927549 1.731745 1.045967
v -1.838884 1.693356 0.986068
v -1.881958 1.765959 1.010405
v -1.942591 1.632935 1.076191
v -1.874941 1.661858 1.037954
v -1.834588 1.701319 0.970156
v -1.877974 1.773700 0.994504
v -1.845742 1.713091 0.926463
v -1.888581 1.784835 0.950409
v -1.828097 1.724214 0.929797
v -1.816747 1.711497 0.978290
v -1.826054 1.741099 0.935533
v -1.821885 1.702361 0.996474
v -1.814525 1.727902 0.986149
v -1.838093 1.767489 0.944043
v -1.875435 1.675195 1.050342
v -1.819983 1.718281 1.005292
v -1.826501 1.754292 0.995445
v -1.856366 1.789791 0.951360
v -1.887526 1.700841 1.061442
v -1.831951 1.744550 1.014924
v -1.844977 1.776940 1.001718
v -1.872226 1.795058 0.953066
v -1.850164 1.767433 1.020886
v -1.861013 1.782793 1.001174
v -1.865770 1.773874 1.019300
v -1.916435 1.734606 1.061302
v -1.903908 1.725116 1.066403
v -1.979103 1.695697 1.085027
v -1.955141 1.657997 1.088313
v -1.969860 1.683512 1.092533
v -2.018999 1.657531 1.096620
v -2.294065 1.865211 1.098410
v -2.308246 1.904236 1.185691
v -2.316477 1.932107 1.149159
v -2.285765 1.836681 1.134290
v -2.312418 1.857928 1.102518
v -2.297804 1.897672 1.198804
v -2.302832 1.827224 1.142591
v -2.325078 1.864770 1.112857
v -2.274970 1.830210 1.147388
v -2.239782 1.899736 1.228040
v -2.314933 1.833001 1.154752
v -2.335636 1.886746 1.130722
v -2.215178 1.833603 1.175915
v -2.176983 1.915226 1.243644
v -2.290330 1.819975 1.157581
v -2.222293 1.821937 1.191480
v -2.325413 1.854692 1.173347
v -2.339597 1.911208 1.147073
v -2.301740 1.825403 1.170539
v -2.312085 1.846914 1.189412
v -2.329657 1.879826 1.188853
v -2.333490 1.925437 1.152532
v -2.324207 1.895222 1.192402
v -2.316709 1.872091 1.204661
v -2.312103 1.887842 1.207352
v -2.246346 1.888632 1.241790
v -2.239426 1.847266 1.227409
v -2.176262 1.903998 1.260833
v -2.134002 1.932573 1.245581
v -2.246328 1.872241 1.241890
v -2.229828 1.826484 1.207331
v -2.150468 1.838161 1.210163
v -2.154252 1.842485 1.227963
v -2.162992 1.862940 1.248886
v -2.112099 1.882553 1.251666
v -2.171922 1.887665 1.262821
v -2.129282 1.922468 1.263242
v -2.151077 1.849952 1.191054
v -2.103566 1.862101 1.230638
v -2.106777 1.867913 1.192941
v -2.092115 1.952204 1.242116
v -2.101789 1.857276 1.212549
v -2.063540 1.888092 1.189478
v -2.054743 1.879869 1.208441
v -2.008411 1.923693 1.172194
v -2.038514 1.987430 1.224418
v -1.966104 1.964785 1.141829
v -1.998406 2.028122 1.193416
v -2.054796 1.885819 1.226173
v -1.994557 1.921163 1.187382
v -1.963893 1.976923 1.128497
v -1.996504 2.040065 1.180080
v -1.980220 2.001956 1.092762
v -2.012415 2.064589 1.143687
v -1.962275 2.010488 1.096216
v -1.945105 1.983089 1.136152
v -1.958358 2.024553 1.106257
v -1.947851 1.969196 1.151417
v -1.940732 1.996043 1.148017
v -1.966723 2.047484 1.124083
v -1.992280 1.929986 1.203056
v -1.943669 1.981417 1.164095
v -1.948921 2.018732 1.166571
v -1.981444 2.067258 1.140627
v -2.000358 1.951430 1.223106
v -1.951809 2.003889 1.182927
v -1.963967 2.039160 1.182271
v -1.995853 2.072548 1.146456
v -1.966636 2.024620 1.198359
v -1.978841 2.045701 1.186186
v -1.981221 2.032010 1.201397
v -2.025502 1.984856 1.237815
v -2.013509 1.973681 1.237701
v -2.083864 1.944257 1.259170
v -2.063193 1.906422 1.247090
v -2.074799 1.929982 1.261073
v -2.122436 1.906849 1.265506
v -0.442953 1.373001 18.887777
v -0.280959 1.428659 18.868053
v -0.384268 1.314582 18.957371
v -0.422308 1.329849 18.892860
v -0.278489 1.301009 19.042183
v -0.103933 1.292155 19.064310
v -0.280965 1.358284 18.872364
v -0.131405 1.389134 18.864010
v -0.139236 1.457480 18.854242
v 0.005603 1.457901 18.842909
v 0.176391 1.436203 18.833435
v 0.020459 1.389043 18.845917
v 0.143500 1.368438 18.911062
v 0.058823 1.335430 19.012587
v 0.166006 1.389883 18.841240
v 0.024636 0.408847 19.502312
v 0.133605 0.386024 19.495199
v -0.077105 0.364522 19.513687
v 0.202065 0.285047 19.486984
v 0.032368 0.375806 19.552000
v -0.124304 0.251742 19.515619
v 0.197247 0.180614 19.480528
v 0.122094 0.351113 19.546303
v 0.047091 0.250903 19.574535
v 0.165629 0.276672 19.539400
v -0.050198 0.333532 19.561420
v -0.099835 0.150298 19.506596
v -0.078451 0.251764 19.560816
v 0.135212 0.102545 19.477797
v 0.161204 0.189076 19.533644
v 0.113726 0.127365 19.529680
v -0.024829 0.086214 19.491838
v -0.057616 0.166746 19.552843
v -0.000139 0.115746 19.539671
v 0.057794 0.110472 19.533192
v 0.056286 0.077371 19.477509
v -2.319673 1.495934 6.941845
v -1.842420 1.681448 6.810331
v -1.391510 0.333682 7.791523
v -2.628125 0.842191 6.927740
v -2.435582 -0.179296 6.820605
v -1.352598 1.466483 6.575891
v -1.806716 -0.740120 6.373869
v -1.076635 1.047665 6.165309
v -1.133838 -0.455482 5.966431
v -0.921090 0.354484 5.956774
v 0.771359 1.200904 5.956896
v 0.495779 0.656495 5.958583
v 1.001457 0.457178 7.507066
v 0.745365 -0.092836 6.043095
v 1.331036 1.242675 6.251054
v 1.881576 1.062425 6.399990
v 1.193423 -0.600022 6.218058
v 1.823809 -0.819482 6.486825
v 2.342636 0.585144 6.670268
v 2.192992 -0.529915 6.758435
v 2.472229 0.092605 6.766088
v -0.268486 -0.049915 16.923281
v -0.062849 0.083958 16.607464
v -0.503495 -0.087881 16.935211
v -0.379455 -0.024497 16.628933
v -0.285119 -0.092879 16.944351
v -0.528523 -0.124719 16.955269
v -0.278679 -0.137915 16.914343
v -0.746119 -0.086652 16.985680
v -0.652583 -0.041478 16.696547
v -0.744707 -0.119158 17.006603
v -0.907309 -0.052383 17.042736
v -0.824615 -0.001788 16.753977
v -0.535996 -0.154479 16.927443
v -0.271428 -0.219940 16.589697
v -0.917747 -0.090861 17.057457
v -1.064113 0.051101 17.104570
v -0.972181 0.102914 16.818613
v -0.559924 -0.195527 16.707855
v -0.280074 -0.337179 16.327328
v -0.606974 -0.240351 16.481853
v -0.845061 -0.209464 16.601507
v -0.797557 -0.178776 16.801241
v -1.088854 -0.155583 16.702538
v -0.754271 -0.150815 16.983238
v -1.268717 -0.039119 16.770582
v -1.009466 -0.137452 16.874992
v -0.937128 -0.120931 17.032131
v -1.374788 0.181534 16.819458
v -1.196226 -0.020841 16.938328
v -1.095646 0.024911 17.122030
v -1.343274 0.540538 16.848101
v -1.124196 -0.003521 17.097425
v -1.311296 0.195169 16.994017
v -1.220109 0.216273 17.177242
v -1.210640 0.882950 16.886454
v -1.253441 0.207593 17.153067
v -1.303622 0.531772 17.037247
v -1.175808 0.239416 17.158051
v -1.070206 0.297759 16.874052
v -1.036575 1.131061 16.911802
v -1.186328 0.860736 17.070978
v -1.267491 0.523785 17.209599
v -1.238817 0.518422 17.230871
v -1.197719 0.523349 17.212790
v -1.096632 0.520169 16.905239
v -1.138459 0.825207 17.258623
v -1.102107 0.809363 17.231464
v -1.047264 0.771438 16.926699
v -1.164959 0.841417 17.236330
v -0.954116 1.067073 17.271095
v -0.934406 1.041166 17.240692
v -0.906732 1.023672 16.954439
v -0.638449 1.212434 16.957081
v -1.006619 1.111919 17.090553
v -0.649767 1.234647 17.254976
v -0.979323 1.094476 17.253426
v -0.665638 1.265796 17.277775
v -0.325930 1.351201 17.240692
v -0.328044 1.318529 16.954439
v -0.041380 1.283963 16.926699
v -0.680306 1.294583 17.259666
v -0.697013 1.327373 17.098806
v -0.335305 1.382374 17.271095
v -0.039826 1.350624 17.231464
v 0.190919 1.176211 16.905239
v -0.342658 1.418875 17.253426
v 0.247764 1.259862 17.212790
v 0.355320 1.024103 16.874052
v -0.340725 1.451210 17.090553
v -0.715349 1.363360 16.922272
v -0.338605 1.486696 16.911802
v -0.028815 1.420313 17.236330
v -0.035566 1.481683 16.886454
v -0.031884 1.448956 17.070978
v -0.031277 1.389347 17.258623
v 0.319413 1.387722 16.848101
v 0.288422 1.316566 17.209599
v 0.303197 1.350490 17.037247
v 0.275906 1.290215 17.230871
v 0.659681 1.197410 16.804682
v 0.535969 1.119346 17.153067
v 0.580026 1.158849 16.994017
v 0.464591 1.075244 17.158051
v 0.455336 0.830273 16.818613
v 0.744543 0.986692 16.770582
v 0.687146 0.938789 16.938328
v 0.630795 0.890695 17.097425
v 0.509354 1.097481 17.177242
v 0.551290 0.874192 17.104570
v 0.453305 0.649347 16.753977
v 0.747868 0.765538 16.689833
v 0.671712 0.719154 16.874992
v 0.615827 0.670342 17.032131
v 0.591012 0.884310 17.122030
v 0.542844 0.686510 17.042736
v 0.384298 0.486841 16.696547
v 0.633336 0.543820 16.601507
v 0.580588 0.523426 16.801241
v 0.532523 0.504842 16.983238
v 0.580108 0.672337 17.057457
v 0.475823 0.535961 16.985680
v 0.210020 0.275856 16.628933
v 0.501291 0.515712 17.006603
v 0.334207 0.338951 16.935211
v 0.407190 0.326100 16.927443
v 0.454462 0.321331 16.707855
v 0.378721 0.337547 16.955269
v 0.165358 0.171140 16.923281
v 0.209893 0.159343 16.944351
v 0.242543 0.127661 16.914343
v 0.304641 0.073582 16.589697
v 0.509577 0.288033 16.473162
v 0.404570 0.011666 16.327328
v -0.342569 -1.044585 17.896593
v -0.301249 -1.062084 18.049553
v -0.520184 -1.098378 18.072348
v -0.105537 -1.006567 18.015385
v -0.141534 -0.971033 17.852346
v -0.218296 -0.937985 17.659231
v -0.542167 -1.086567 17.940287
v -0.771790 -1.114123 18.097931
v -0.383935 -1.022917 17.780441
v -0.764556 -1.091797 17.949530
v -0.987885 -1.108482 18.102226
v -0.975514 -1.059721 17.906422
v -0.941952 -1.014893 17.709740
v -0.467295 -1.021378 17.711380
v -0.392181 -0.927092 17.521055
v -0.556146 -1.059271 17.810951
v -0.743624 -1.058907 17.807529
v -0.807709 -0.970595 17.553070
v -0.573544 -1.023710 17.696005
v -0.605883 -0.942244 17.489008
v -0.677846 -1.038353 17.728848
v -1.864874 -0.778748 14.085324
v -2.116874 -0.752808 14.127963
v -1.711368 -0.004239 14.679507
v -1.583570 -0.706062 14.040539
v -2.337858 -0.663899 14.153191
v -1.270021 -0.544848 13.983784
v -2.501825 -0.522188 14.163316
v -0.997359 -0.271350 13.902744
v -2.605665 -0.328140 14.165902
v -0.860022 0.057028 13.867833
v -2.631675 -0.104349 14.165082
v -0.919647 0.391854 13.852080
v -2.563295 0.165385 14.116874
v -1.119299 0.584140 13.865174
v -2.370826 0.430700 14.066693
v -1.372098 0.708827 13.903311
v -2.055945 0.640167 14.000031
v -1.684190 0.733225 13.947959
v 2.565896 0.290443 14.540025
v 2.660595 0.478490 14.475881
v 1.638892 0.830168 14.445669
v 2.683890 0.675816 14.369677
v 2.417665 0.132542 14.552826
v 2.636290 0.872513 14.172699
v 2.221543 0.002216 14.508936
v 2.473868 1.040977 13.937763
v 2.002534 -0.087945 14.409434
v 2.203759 1.130382 13.679853
v 1.756475 -0.099706 14.249003
v 1.876008 1.115608 13.475079
v 1.484261 -0.046949 14.023969
v 1.601758 1.014448 13.354475
v 1.258355 0.098835 13.735135
v 1.380907 0.841192 13.308484
v 1.141369 0.339260 13.497600
v 1.200798 0.631566 13.333475
v 0.232736 -0.186039 16.194649
v 0.190853 -0.220400 16.178404
v 0.195761 -0.230030 16.213774
v 0.226858 -0.206399 16.223488
v 0.236559 -0.149575 16.237709
v 0.227353 -0.181076 16.254772
v 0.204812 -0.131235 16.280773
v 0.158363 -0.241299 16.223488
v 0.138437 -0.234087 16.194649
v 0.206575 -0.166591 16.286047
v 0.152396 -0.144922 16.297016
v 0.187439 -0.213699 16.262589
v 0.137586 -0.226814 16.254772
v 0.106690 -0.215747 16.237709
v 0.169178 -0.177860 16.295761
v 0.110513 -0.179283 16.280773
v 0.138080 -0.201491 16.286047
v 0.476675 -0.720287 15.108375
v 0.433411 -0.751936 15.090340
v 0.441070 -0.766968 15.123256
v 0.472994 -0.744958 15.134042
v 0.484160 -0.691010 15.156184
v 0.476148 -0.724855 15.168769
v 0.456074 -0.679857 15.203989
v 0.404499 -0.779858 15.134042
v 0.382376 -0.768335 15.108375
v 0.458030 -0.715591 15.203493
v 0.405040 -0.696255 15.222022
v 0.436782 -0.758553 15.174533
v 0.386381 -0.770594 15.168769
v 0.354290 -0.757182 15.156184
v 0.421459 -0.728481 15.214277
v 0.361776 -0.727904 15.203989
v 0.389535 -0.750491 15.203493
v 0.675814 -1.137351 14.023828
v 0.632045 -1.168009 14.005310
v 0.640599 -1.184796 14.037138
v 0.672825 -1.163378 14.048217
v 0.684638 -1.110700 14.072927
v 0.676951 -1.145184 14.083876
v 0.657891 -1.102175 14.122024
v 0.604330 -1.198278 14.048217
v 0.581515 -1.185398 14.023828
v 0.659806 -1.137828 14.119538
v 0.607361 -1.119564 14.140544
v 0.637734 -1.179174 14.088895
v 0.587184 -1.190923 14.083876
v 0.554768 -1.176872 14.072927
v 0.623537 -1.151311 14.130613
v 0.563592 -1.150222 14.122024
v 0.591311 -1.172728 14.119538
v 0.817354 -1.440735 12.939566
v 0.772498 -1.469259 12.920255
v 0.782805 -1.489488 12.949454
v 0.815682 -1.469347 12.961002
v 0.829060 -1.419741 12.990762
v 0.821902 -1.455261 12.998189
v 0.805196 -1.416872 13.041956
v 0.747187 -1.504247 12.961002
v 0.723055 -1.488782 12.939566
v 0.806850 -1.452014 13.035376
v 0.755753 -1.436396 13.061267
v 0.782927 -1.489726 13.001594
v 0.732135 -1.501000 12.998189
v 0.699191 -1.485913 12.990762
v 0.771231 -1.466773 13.046923
v 0.710897 -1.464920 13.041956
v 0.738355 -1.486914 13.035376
v 0.909676 -1.621926 11.856164
v 0.863684 -1.648221 11.836367
v 0.875597 -1.671601 11.862434
v 0.909152 -1.652793 11.874273
v 0.924394 -1.606843 11.908648
v 0.917560 -1.643000 11.912396
v 0.903541 -1.609885 11.961132
v 0.840657 -1.687693 11.874273
v 0.815377 -1.669974 11.856164
v 0.904696 -1.644047 11.950520
v 0.855235 -1.631638 11.980930
v 0.878734 -1.677757 11.914114
v 0.827793 -1.688739 11.912396
v 0.794524 -1.673015 11.908648
v 0.869757 -1.660139 11.962357
v 0.809242 -1.657933 11.961132
v 0.836201 -1.678947 11.950520
v 0.907638 -0.511448 18.236532
v 0.832956 -0.721743 18.282001
v 0.857692 -0.594728 18.311499
v 0.908280 -0.557525 18.186745
v 0.779219 -0.715432 18.157829
v 0.924793 -0.478316 18.108095
v 0.924365 -0.441276 18.138052
v 0.937879 -0.373195 17.988447
v 0.898827 -0.490630 18.078899
v 0.843871 -0.493551 18.091873
v 0.824424 -0.603319 18.114622
v 0.836079 -0.507856 18.018250
v 0.846252 -0.409920 17.918882
v 0.799039 -0.481087 18.007559
v 0.761724 -0.569435 18.079008
v 0.700147 -0.682832 18.138849
v 0.653754 -0.778118 18.185349
v 0.781740 -0.856585 18.236910
v 0.864652 -0.700980 18.172426
v 0.589729 -0.863488 18.239784
v 0.883474 -0.775832 18.195675
v 1.000990 -0.673518 18.165113
v 0.908486 -0.753695 18.257759
v 0.889304 -0.725120 18.269466
v 0.826909 -0.840854 18.329519
v 0.814575 -0.780496 18.329714
v 0.683571 -0.936400 18.295885
v 0.729484 -0.914281 18.391697
v 0.567156 -1.004950 18.331102
v 0.501489 -0.916159 18.258469
v 0.744909 -0.891860 18.412714
v 0.561638 -1.001853 18.427109
v 0.425824 -1.021342 18.304932
v 0.404161 -0.959837 18.261833
v 0.424016 -1.037258 18.366505
v 0.314139 -1.037771 18.267607
v 0.297270 -0.994417 18.235926
v 0.208263 -1.030316 18.222658
v 0.308700 -1.045753 18.298780
v 0.287305 -1.005378 18.308636
v 0.388299 -0.959580 18.401453
v 0.518560 -0.935761 18.473434
v 0.501120 -0.895776 18.438839
v 0.710320 -0.894839 18.470470
v 0.677939 -0.829181 18.506105
v 0.648558 -0.792767 18.453726
v 0.822860 -0.821434 18.384617
v 0.815518 -0.797268 18.440434
v 0.782282 -0.727098 18.475792
v 0.907195 -0.669208 18.392488
v 0.891654 -0.638226 18.414434
v 0.988200 -0.557502 18.341648
v 0.916888 -0.692189 18.363413
v 0.896158 -0.675871 18.331779
v 0.892272 -0.628256 18.354418
v 0.810108 -0.668320 18.390734
v 0.868992 -0.711591 18.239407
v 0.699903 -0.710491 18.304317
v 0.610707 -0.806033 18.358318
v 0.772434 -0.613482 18.235664
v 0.494488 -0.893330 18.361294
v 0.822261 -0.530774 18.160439
v 0.389157 -0.949501 18.318245
v 0.295270 -0.993366 18.278517
v -0.860639 -0.691893 18.391685
v -0.782853 -0.762138 18.455448
v -0.738620 -0.882115 18.419895
v -0.860602 -0.738032 18.341955
v -0.709462 -0.867345 18.288452
v -0.905962 -0.665136 18.268732
v -0.907811 -0.628242 18.298815
v -0.960278 -0.566894 18.154999
v -0.883484 -0.672507 18.235287
v -0.827661 -0.664124 18.238539
v -0.782981 -0.767348 18.255661
v -0.829969 -0.677869 18.164434
v -0.876540 -0.585724 18.070045
v -0.801456 -0.644410 18.147993
v -0.735442 -0.722214 18.210377
v -0.643010 -0.819898 18.256702
v -0.571152 -0.903116 18.292826
v -0.669968 -1.004726 18.364288
v -0.792237 -0.870058 18.317808
v -0.482909 -0.972945 18.333902
v -0.791376 -0.946744 18.342634
v -0.930490 -0.870617 18.334587
v -0.809235 -0.928981 18.408478
v -0.794447 -0.896939 18.417204
v -0.700720 -0.996741 18.463560
v -0.700892 -0.935143 18.462687
v -0.549127 -1.062191 18.404047
v -0.581326 -1.048044 18.506712
v -0.417041 -1.105383 18.417459
v -0.384029 -1.006522 18.336168
v -0.597074 -1.028804 18.530460
v -0.395793 -1.099555 18.511116
v -0.281962 -1.093569 18.367035
v -0.280829 -1.029738 18.321936
v -0.266415 -1.107713 18.427088
v -0.177392 -1.087930 18.310736
v -0.175275 -1.042637 18.277388
v -0.084524 -1.060195 18.248346
v -0.165173 -1.094110 18.340357
v -0.150934 -1.050099 18.347088
v -0.241518 -1.023850 18.456713
v -0.359512 -1.025364 18.550480
v -0.356671 -0.983310 18.514105
v -0.553163 -1.023772 18.581333
v -0.528954 -0.952339 18.612003
v -0.516945 -0.911702 18.555992
v -0.691212 -0.975939 18.517466
v -0.679354 -0.949814 18.571600
v -0.655273 -0.873794 18.601929
v -0.801705 -0.843593 18.542433
v -0.789145 -0.809744 18.561913
v -0.910984 -0.751305 18.508289
v -0.811458 -0.868560 18.515064
v -0.800189 -0.848976 18.480623
v -0.802084 -0.801157 18.503084
v -0.708553 -0.823293 18.523985
v -0.782752 -0.880144 18.384335
v -0.608711 -0.844029 18.419140
v -0.494228 -0.918787 18.455271
v -0.709940 -0.764751 18.365732
v -0.364131 -0.980950 18.436630
v -0.787540 -0.695047 18.301689
v -0.258707 -1.015612 18.375090
v -0.166215 -1.040459 18.319010
v 0.875953 -0.210761 16.850531
v 0.730810 -0.338366 17.077723
v 0.785336 -0.226050 17.202469
v 0.876795 -0.076642 17.105467
v 0.909780 0.255325 16.791973
v 0.821929 0.315433 17.031179
v 0.616153 0.381889 16.682714
v 0.630246 0.526359 16.955597
v 0.658682 0.623384 17.094822
v 0.804087 -0.165432 17.351641
v 0.740010 0.449587 17.351891
v 0.876011 -0.001493 17.299326
v 0.795126 -0.105777 17.520285
v 0.847016 0.218267 17.292734
v 0.835001 0.090942 17.547729
v 0.780281 -0.011698 17.780807
v 0.840620 0.239218 17.512913
v 0.759534 0.423694 17.472698
v 0.791141 0.408022 17.647808
v 0.829043 0.154229 17.743675
v 0.838156 0.296181 17.696629
v 0.826059 0.487740 17.797739
v 0.837423 0.415482 17.841343
v 0.837198 0.270488 17.906700
v 0.797131 0.080165 18.002069
v 0.880743 0.283130 18.120647
v 0.898907 0.582975 18.125175
v 0.847174 0.203901 18.264439
v 0.958376 0.524783 18.256033
v 0.906680 0.803938 18.104826
v 0.950814 0.545872 18.380318
v 0.907514 0.281297 18.497095
v 0.937190 0.541581 18.524353
v 1.020195 0.820206 18.204882
v 0.964891 0.785613 18.377876
v 0.940163 0.778064 18.519802
v 1.059266 0.992830 18.039562
v 0.877025 0.883363 17.965235
v 1.033577 1.139394 18.267998
v 0.830811 0.965939 18.555210
v 1.008143 1.045528 18.138454
v 1.075397 1.120802 17.812084
v 0.818814 0.944378 17.742382
v 1.021870 1.364141 17.481030
v 0.811069 1.129936 17.400715
v 1.039461 1.197844 17.897549
v 0.757178 0.860917 17.546602
v 1.054673 1.290291 17.963898
v 0.901330 1.388392 18.003403
v 0.903892 1.278581 18.292143
v 0.726812 1.361683 18.304592
v 0.683926 1.152542 18.599325
v 0.468565 1.325760 18.619987
v 0.732625 1.519771 18.020252
v 0.534235 1.549226 18.358343
v 0.242528 1.409420 18.636772
v 0.917943 1.543807 17.581228
v 0.984011 1.632657 17.260693
v 0.567279 1.663099 17.966024
v 0.786337 1.693864 17.611664
v 0.254732 1.551057 18.370008
v 0.009375 1.445991 18.659597
v 0.210161 1.665064 17.970440
v 0.049452 1.600258 18.371742
v -0.145134 1.448610 18.667391
v -0.194313 1.595537 18.386566
v 0.010317 1.685216 17.958025
v -0.238731 1.692766 17.993937
v -0.284982 1.879008 17.683426
v -0.032105 1.847176 17.640512
v -0.318091 2.065552 17.523031
v 0.145774 1.867821 17.624836
v 0.057722 2.043208 17.478498
v -0.345775 2.281960 17.459204
v 0.603745 1.775398 17.655388
v 0.209390 2.085011 17.471420
v 0.251669 2.289351 17.370913
v 0.392610 2.034652 17.450691
v 0.758827 1.774410 17.262697
v 0.620154 1.937646 17.379057
v 0.678213 2.250083 17.297201
v 0.995202 1.817936 17.114069
v 1.061817 1.740009 17.144089
v 1.249409 1.883517 17.112867
v 1.157879 1.653286 17.138510
v 1.018992 1.625409 16.981300
v 1.104048 1.501667 17.213457
v 0.747284 1.378096 17.181801
v 0.758271 1.027094 17.315222
v 0.747123 1.267843 17.164755
v 0.831481 1.503644 17.046013
v 0.755807 1.218182 17.078156
v 0.587337 1.305303 16.952297
v 0.754283 0.910131 17.209274
v 0.741195 0.733699 17.424610
v 0.317474 1.277406 16.995562
v 0.608270 0.795887 17.175358
v 0.350420 1.083911 16.990013
v -0.527154 1.432336 17.031416
v -0.478462 1.812128 17.134575
v -0.672765 1.369677 17.035027
v -0.179705 1.801329 17.162439
v -0.365841 1.450590 17.030012
v 0.005806 1.864964 17.081814
v 0.083860 1.786002 17.225946
v 0.184020 1.557897 16.947590
v -0.021806 1.356897 16.959785
v 0.300097 1.425479 16.943455
v 0.310325 1.842752 17.029617
v 0.360755 1.665806 17.052120
v 0.380759 1.644497 16.954908
v 0.985779 1.735235 17.006426
v 0.411078 1.427576 16.952225
v -1.129253 -0.415384 17.026474
v -0.978133 -0.406005 17.357203
v -0.924534 -0.507287 17.222967
v -1.113008 -0.279693 17.280060
v -1.176843 -0.203596 16.922207
v -1.126525 -0.023368 17.171955
v -1.025291 0.211282 16.826155
v -1.023456 0.185336 17.063660
v -1.068983 0.316434 17.218187
v -0.982657 -0.347762 17.508415
v -1.044105 0.267526 17.508434
v -1.093903 -0.202515 17.472174
v -0.956905 -0.284564 17.674013
v -1.111128 0.018446 17.464548
v -1.030065 -0.099380 17.711376
v -0.916543 -0.184852 17.929691
v -1.071210 0.044123 17.680662
v -1.036921 0.240373 17.630327
v -1.034079 0.221765 17.807961
v -1.003232 -0.032747 17.904444
v -1.048586 0.103647 17.862177
v -1.057892 0.295490 17.963043
v -1.046851 0.223199 18.006676
v -1.006303 0.082366 18.068455
v -0.913072 -0.094354 18.152126
v -1.013956 0.089784 18.286894
v -1.090801 0.379934 18.299759
v -0.940915 0.021434 18.421329
v -1.113934 0.313313 18.437862
v -1.146099 0.594460 18.284945
v -1.089446 0.337671 18.559336
v -0.974522 0.089243 18.662231
v -1.050621 0.338733 18.698769
v -1.241590 0.589400 18.403339
v -1.144680 0.572375 18.561037
v -1.089481 0.573009 18.724201
v -1.342371 0.747752 18.250290
v -1.157482 0.675750 18.143749
v -1.307603 0.900487 18.473419
v -1.029146 0.781844 18.732592
v -1.286586 0.811361 18.339802
v -1.422791 0.865872 18.031282
v -1.151985 0.743267 17.915306
v -1.477011 1.109141 17.700289
v -1.240604 0.920571 17.580734
v -1.388847 0.950045 18.110617
v -1.109556 0.670425 17.710396
v -1.410614 1.038719 18.180210
v -1.275582 1.166247 18.194412
v -1.206273 1.063247 18.477295
v -1.050006 1.180367 18.460495
v -0.921805 0.991135 18.752657
v -0.750053 1.201883 18.726816
v -1.136313 1.329053 18.184238
v -0.892611 1.403622 18.483540
v -0.538291 1.332999 18.712618
v -1.395526 1.307727 17.784220
v -1.532303 1.375877 17.481482
v -1.014928 1.501641 18.104853
v -1.293438 1.481632 17.794151
v -0.621409 1.461651 18.446884
v -0.311886 1.410016 18.688372
v -0.670149 1.575232 18.047682
v -0.432997 1.551026 18.414074
v -0.483595 1.634815 18.001362
v -0.529876 1.796380 17.684189
v -0.708268 1.780670 17.699772
v -0.683730 1.967546 17.543554
v -1.126150 1.598869 17.807175
v -0.839069 1.954619 17.542379
v -0.938663 2.167882 17.475355
v -1.009781 1.891544 17.573740
v -1.343202 1.559907 17.447138
v -1.220914 1.764690 17.572048
v -1.357074 2.083267 17.497688
v -1.605510 1.552544 17.342264
v -1.648960 1.463386 17.381941
v -1.864041 1.561434 17.380817
v -1.725181 1.359082 17.391478
v -1.612744 1.356851 17.212217
v -1.629953 1.222673 17.453346
v -1.327753 1.097424 17.349066
v -1.183805 0.828913 17.485626
v -1.293441 1.002049 17.331278
v -1.471396 1.180126 17.229965
v -1.301995 0.950796 17.246115
v -1.280606 0.933051 17.087637
v -1.174773 0.713279 17.378536
v -1.089668 0.546867 17.585257
v -1.148616 0.715749 17.084772
v -1.053703 0.547381 17.304680
v -1.117503 0.343639 16.990839
v -0.814575 1.298770 17.034187
v -0.546553 1.802485 17.158155
v -0.697579 1.686961 17.221367
v -0.932608 1.187210 17.035482
v -0.856603 1.618497 17.137264
v -0.890999 1.526425 17.255341
v -0.949842 1.363764 17.029669
v -1.083753 0.863403 16.970036
v -1.077801 1.493534 17.067110
v -1.099150 1.377880 17.130093
v -1.119184 1.361908 17.075899
v -1.061301 1.155511 17.034962
v -1.598398 1.471530 17.233170
v -1.195735 1.074159 17.053764
v 0.626635 -0.472366 16.967333
v 0.842396 -0.440111 16.665829
v 0.507625 -0.581098 16.884464
v 1.014776 -0.035171 16.465406
v 0.695737 -0.646716 16.646078
v 0.455159 -0.631415 16.877548
v 0.806555 0.207853 16.356903
v 0.117194 0.310240 16.447493
v 0.499815 -0.784620 16.675379
v 0.154905 -0.749023 16.872915
v 0.161352 0.235330 16.266026
v -0.235306 0.245292 16.349543
v -0.240335 0.191721 16.229925
v 0.241717 0.054512 15.864285
v -0.257063 0.015964 15.834870
v 0.825186 0.006286 15.929501
v 0.277956 -0.164153 15.361327
v -0.279789 -0.210574 15.312384
v -0.301086 -0.435274 14.808331
v 0.173491 -0.875125 16.689281
v -0.083110 -0.786549 16.884071
v 1.039401 -0.408848 16.203648
v 0.864235 -0.221199 15.434676
v 0.832649 -0.827323 16.303902
v 0.516606 -0.974213 16.431652
v 0.190235 -1.115152 16.474352
v -0.071846 -0.913011 16.709492
v 1.111581 -0.654216 15.630295
v 0.929290 -1.079327 15.816769
v 0.608330 -1.310551 15.935653
v -0.320079 -0.930997 16.731146
v -0.322101 -0.797699 16.914768
v -0.681651 -0.905183 16.779043
v -0.634449 -0.742605 16.973154
v -0.351476 -1.170431 16.521885
v -0.903297 -0.809891 16.786383
v -0.693942 -0.703713 16.989893
v 0.273967 -1.488512 16.032530
v -0.075554 -1.177997 16.514927
v -0.064764 -1.618254 16.125864
v -0.701848 -1.098552 16.538561
v -1.082749 -0.636564 16.834747
v -0.816231 -0.619604 17.093933
v -0.433539 -1.560710 16.094608
v -0.075989 -1.949827 15.612316
v 0.307481 -1.824732 15.528687
v -1.058112 -1.020268 16.469803
v -0.808378 -1.455120 16.059958
v -0.485305 -1.905633 15.598249
v -1.364717 -0.277989 16.674191
v -1.358675 -0.653562 16.414062
v -1.184761 -1.295057 16.002262
v -1.231323 -0.000104 16.535713
v -0.571401 0.239972 16.507912
v -1.282554 -0.208800 16.114441
v -0.630249 0.154550 16.335484
v -0.740754 -0.045745 15.950490
v -1.477926 -0.918464 15.857507
v -0.878624 -1.786466 15.551034
v -1.359901 -0.448163 15.629828
v -0.818560 -0.276048 15.457538
v -1.239296 -1.575875 15.462075
v -1.513379 -1.193179 15.284906
v -1.355765 -0.719669 15.065384
v -0.858257 -0.503286 14.958578
v -0.880216 -0.787905 14.349430
v -0.323658 -0.720596 14.219250
v -1.362922 -0.977865 14.455998
v -1.555912 -1.449438 14.677958
v -1.289660 -1.851202 14.867908
v -0.929939 -2.068219 14.963521
v -0.897517 -1.031735 13.712462
v -0.355117 -0.962615 13.579237
v -1.335569 -1.260664 13.845008
v -1.534364 -1.711672 14.044110
v -1.334709 -2.150738 14.237082
v -0.934188 -1.228474 13.103225
v -0.380444 -1.152964 13.069208
v -1.366644 -1.463387 13.208882
v -1.522635 -1.923421 13.387749
v -0.942017 -1.427465 12.453485
v -0.420129 -1.337899 12.401847
v -1.354064 -1.667286 12.542422
v -0.952411 -1.542136 11.757324
v -0.464930 -1.440117 11.772365
v -0.972394 -2.376530 14.329455
v -1.334060 -2.357188 13.553720
v -1.550211 -2.117749 12.690038
v -1.349960 -1.782272 11.822980
v -0.963701 -1.673449 11.023520
v -0.520140 -1.560137 11.003559
v -0.573042 -1.703749 10.233620
v -1.008555 -2.599829 13.628736
v -1.348529 -2.526425 12.821061
v -1.550891 -2.235037 11.944870
v -1.345389 -1.884652 11.098635
v -1.358736 -2.658944 12.057179
v -1.516488 -2.333809 11.227007
v -1.030004 -2.767005 12.875550
v -1.046191 -2.918762 12.104255
v -1.362339 -2.765565 11.338291
v -1.488679 -2.425312 10.536520
v -1.333411 -1.978253 10.380425
v -0.969407 -1.799090 10.271828
v -1.005141 -1.941564 9.481490
v -0.625299 -1.913606 9.393975
v -1.340870 -2.093710 9.643550
v -1.454045 -2.495959 9.790281
v -1.051629 -2.129017 8.770291
v -0.672099 -2.059413 8.691027
v -1.282854 -2.280584 9.003313
v -1.128453 -2.347521 8.044909
v -0.721536 -2.232736 7.926024
v -1.409507 -2.556786 9.147692
v -1.275613 -2.398721 8.537770
v -1.371952 -2.841641 10.640755
v -1.073150 -2.552202 6.941599
v -0.784695 -2.501295 6.893861
v -1.034883 -2.896962 6.042943
v -0.822287 -2.878098 6.027193
v -0.823324 -3.207645 5.632115
v -0.975923 -3.212318 5.673256
v -0.810211 -3.460381 5.487624
v -1.372473 -2.859430 9.231992
v -1.401239 -2.876962 9.863734
v -1.139921 -3.071844 9.135956
v -1.413320 -2.600361 8.586568
v -1.101827 -3.101389 10.658560
v -1.355080 -2.822699 8.699810
v -1.346947 -2.688009 8.023567
v -1.109023 -3.066715 9.832535
v -1.058021 -2.998776 11.359185
v -0.736874 -3.210554 10.630301
v -0.666330 -3.049030 12.112990
v -1.224929 -3.010306 8.243876
v -1.272933 -2.869328 7.127270
v -1.110744 -3.163213 7.253729
v -1.207903 -3.097716 6.324655
v -1.088491 -3.326275 5.885212
v -1.058786 -3.335999 6.387191
v -0.902668 -3.330468 7.224188
v -1.021291 -3.622570 5.643293
v -0.867085 -3.823282 5.713645
v -0.891193 -3.182662 8.143133
v -0.932066 -3.491437 5.493505
v -0.856489 -3.983709 5.317513
v -0.775139 -3.986959 5.274920
v -0.915647 -4.050011 5.455419
v -0.817701 -4.300190 5.257068
v -0.747990 -4.295203 5.225851
v -0.713582 -4.585387 5.280511
v -0.757656 -4.589418 5.290259
v -0.706331 -4.632384 5.308489
v -0.844953 -4.352259 5.343976
v -0.836975 -4.094244 5.560570
v -0.739001 -4.094013 5.562284
v -0.769773 -4.402747 5.414844
v -0.772916 -4.602052 5.316618
v -0.723963 -4.646200 5.330142
v -0.731899 -4.634563 5.311295
v -0.718379 -4.420119 5.418043
v -0.703173 -4.646608 5.327933
v -0.680753 -4.629344 5.306807
v -0.682825 -4.642002 5.326532
v -0.668587 -4.580329 5.282444
v -0.672848 -4.392856 5.406340
v -0.646794 -4.589181 5.305552
v -0.622679 -4.329576 5.324472
v -0.674379 -4.285565 5.244493
v -0.644761 -4.074631 5.543705
v -0.643655 -3.800483 5.694041
v -0.595879 -4.017380 5.427361
v -0.689993 -3.966718 5.302906
v -0.547298 -3.574201 5.601704
v -0.685453 -3.466272 5.471868
v -0.668126 -3.180910 5.646249
v -0.610761 -2.853683 6.005730
v -0.500186 -3.266242 5.833593
v -0.488070 -2.492497 6.890262
v -0.440363 -3.272892 6.332930
v -0.355096 -3.010690 6.249826
v -0.285595 -2.261511 7.970953
v -0.199821 -2.759823 7.033112
v -0.275530 -3.077984 7.180445
v -0.278458 -2.050118 8.702451
v -0.010299 -2.551611 7.906286
v -0.238284 -1.863309 9.414204
v -0.048456 -2.273495 8.430096
v 0.015088 -2.148134 8.889427
v -0.447765 -3.284049 7.184275
v -0.025394 -2.887898 8.138623
v -0.576057 -3.428066 6.412683
v -0.165081 -1.717012 10.201254
v 0.143933 -1.942193 9.513268
v 0.217489 -2.390759 9.004935
v 0.133184 -2.442547 8.450874
v -0.066206 -1.581863 10.944771
v 0.240605 -1.817632 10.242317
v 0.141105 -2.670020 8.568530
v 0.058721 -2.949528 9.030785
v 0.256971 -2.693152 9.089019
v 0.359008 -2.310945 9.631201
v 0.023064 -1.442593 11.671733
v 0.357187 -1.710911 10.949246
v 0.110046 -1.320107 12.361174
v -0.330070 -3.125402 8.093898
v 0.397117 -2.693448 9.705941
v 0.506872 -2.221675 10.361425
v 0.465923 -1.596969 11.663649
v 0.174597 -1.115327 13.005937
v 0.495723 -2.651053 10.476880
v 0.634363 -2.114325 11.038285
v 0.570837 -1.470859 12.373527
v 0.204803 -0.919248 13.615741
v 0.591430 -2.566192 11.166862
v 0.290346 -2.959324 10.536407
v 0.771476 -1.998050 11.741099
v 0.656969 -1.256887 13.031325
v 0.249029 -0.672671 14.250347
v 0.690493 -2.449830 11.877376
v 0.875748 -1.870190 12.477177
v 0.696006 -1.053351 13.666752
v 0.275791 -0.387562 14.859074
v 0.930459 -1.673094 13.172508
v 0.785750 -2.308632 12.633795
v 0.449266 -2.766158 11.973039
v 0.771008 -0.760107 14.268761
v 0.817383 -0.497909 14.874704
v 1.012456 -1.451780 13.820645
v 0.864154 -2.132870 13.360843
v 1.102147 -0.926275 15.055412
v 1.089922 -1.179442 14.445806
v 0.945070 -1.352970 15.270411
v 0.941181 -1.918493 14.037390
v 0.946422 -1.623020 14.671707
v 0.536176 -2.607184 12.738130
v 0.654779 -1.629989 15.416488
v 0.611800 -2.434478 13.486563
v 0.659483 -1.906025 14.824060
v 0.652942 -2.210672 14.186845
v 0.304037 -2.104473 14.940451
v 0.282765 -2.395921 14.300754
v 0.243358 -2.624355 13.597976
v 0.185609 -2.803717 12.834089
v -0.101095 -2.210910 15.022530
v -0.130355 -2.480568 14.375444
v -0.527297 -2.189307 15.013394
v -0.558619 -2.481781 14.374578
v -0.170532 -2.697253 13.665538
v -0.595955 -2.710003 13.671618
v -0.217408 -2.876113 12.923280
v -0.635971 -2.887556 12.906178
v -0.269857 -3.062809 12.108399
v -0.327348 -3.171117 11.327202
v 0.110539 -2.969754 12.044826
v 0.348292 -2.855268 11.235791
v 0.019023 -3.051389 11.284831
v -0.044608 -3.139911 10.569560
v -0.692700 -3.124017 11.347281
v -0.381846 -3.269074 10.592171
v 0.147960 -2.938446 9.722243
v -0.140752 -3.166536 9.727584
v -0.783941 -3.232170 9.784019
v -0.243793 -3.185966 9.014530
v -0.453999 -3.287349 9.748596
v -0.803574 -3.243089 9.063646
v -0.517904 -3.291331 9.015644
v -0.603077 -3.254130 8.088197
v -0.673858 -3.339648 7.182048
v -0.883066 -3.459395 6.439621
v -0.727816 -3.460310 6.426757
v -0.752343 -3.831939 5.715014
v 0.444853 -0.580620 16.943987
v 0.246470 -0.617881 17.161705
v 0.373088 -0.566786 17.045530
v 0.378001 -0.715587 17.092613
v 0.539419 -0.633190 16.800159
v 0.099266 -0.730325 17.192032
v 0.495057 -0.805193 16.958740
v 0.605889 -0.668679 16.662899
v 0.251803 -0.858468 17.161116
v 0.613448 -0.887944 16.802132
v 0.743664 -0.796947 16.514305
v 0.098853 -0.970312 17.153395
v -0.052994 -0.824565 17.186577
v -0.052413 -0.831534 17.185429
v -0.044745 -0.973533 17.103851
v 0.382159 -0.970187 17.031534
v 0.738189 -0.969531 16.624374
v 0.859848 -0.887400 16.310463
v 0.027035 -1.020398 17.088470
v -0.048759 -1.035475 16.986113
v 0.209392 -1.079890 17.024391
v 0.494151 -1.070075 16.868258
v 0.060049 -1.092090 16.973602
v -0.062389 -1.047327 16.816992
v 0.301540 -1.180235 16.846092
v 0.082289 -1.177721 16.765463
v -0.075560 -1.055736 16.657103
v 0.639405 -1.148027 16.673264
v -0.010062 -1.119120 16.569365
v -0.076153 -1.043550 16.664511
v 0.463866 -1.264882 16.635265
v 0.850542 -1.033235 16.416204
v 0.180344 -0.740391 16.630766
v -0.096196 -0.834103 16.679668
v 0.128578 -0.678264 16.716732
v 0.288354 -0.816605 16.522980
v 0.268157 -1.285192 16.543066
v 0.791174 -1.196050 16.463831
v 0.951336 -1.054205 16.228128
v 0.944125 -0.908089 16.174517
v 1.005551 -0.885271 16.031389
v 0.435350 -0.923640 16.380676
v 0.168586 -1.218704 16.400585
v 0.632510 -1.309932 16.417654
v 0.924569 -1.188174 16.250942
v 0.591119 -1.002682 16.237032
v 0.467347 -1.322266 16.331461
v 0.344578 -1.263209 16.240732
v 0.815845 -1.302749 16.196623
v 0.740211 -1.024768 16.087427
v 0.584707 -1.288512 16.047075
v 0.677665 -1.326616 16.110613
v 0.886636 -0.984134 15.945216
v 0.863153 -1.205661 15.921618
v 0.825704 -1.199352 15.861280
v 0.960181 -1.191756 15.996160
v 1.012564 -0.891585 15.828855
v 1.061106 -0.857093 15.921045
v 1.028975 -1.021046 15.775173
v 1.000665 -1.007050 15.747073
v 1.012614 -1.114325 16.057362
v 1.158684 -0.750504 15.712678
v 1.167275 -0.757243 15.801837
v 1.313705 -0.620737 15.617392
v 1.138690 -0.845349 15.680227
v 1.087545 -1.017055 15.835322
v 1.183883 -0.842029 15.717578
v 1.205170 -0.815953 15.757264
v 1.109798 -0.976615 15.887868
v 1.015805 -1.027895 16.068686
v -0.217531 -0.762673 17.220043
v -0.177360 -0.998596 17.178652
v -0.107330 -1.034113 17.100290
v -0.144502 -1.112968 16.991564
v -0.282223 -1.130062 17.067541
v -0.345563 -0.919613 17.215506
v -0.184660 -1.204967 16.788898
v -0.506129 -0.805814 17.170238
v -0.386942 -0.682524 17.217312
v -0.623241 -0.689614 17.037704
v -0.539299 -0.659892 17.125587
v -0.728694 -0.762595 16.911427
v -0.624099 -0.919400 17.056942
v -0.809352 -0.813103 16.787090
v -0.469637 -1.057118 17.106327
v -0.748689 -1.026949 16.921661
v -0.942122 -0.968977 16.662235
v -0.585729 -1.180277 16.963022
v -0.883272 -1.134997 16.766661
v -1.071172 -1.084453 16.479910
v -0.381708 -1.249962 16.906055
v -0.743795 -1.289180 16.794643
v -1.014737 -1.223579 16.579884
v -0.557628 -1.369124 16.724907
v -1.140156 -1.267631 16.411659
v -1.171733 -1.124002 16.360182
v -1.260216 -1.116481 16.230209
v -0.916634 -1.370326 16.613693
v -1.083553 -1.393094 16.427158
v -0.380703 -1.351409 16.600012
v -0.748745 -1.450883 16.538864
v -0.965093 -1.484485 16.352901
v -0.141142 -1.132501 16.580877
v -0.390110 -0.798608 16.680834
v -0.337824 -0.725863 16.757669
v -0.497577 -0.896811 16.591953
v -0.322561 -1.268827 16.443693
v -0.642412 -1.033624 16.475256
v -0.601842 -1.431373 16.425287
v -0.801551 -1.144799 16.359243
v -0.510918 -1.350509 16.315811
v -0.841869 -1.481677 16.243958
v -0.770809 -1.426836 16.166027
v -0.966696 -1.198950 16.237209
v -1.077579 -1.403703 16.091919
v -1.140567 -1.191000 16.123102
v -1.053127 -1.391076 16.026152
v -1.161094 -1.408222 16.182301
v -1.300623 -1.127634 16.031834
v -1.338462 -1.101957 16.131605
v -1.299751 -1.258680 15.979517
v -1.280098 -1.239790 15.947208
v -1.216634 -1.341808 16.252979
v -1.489850 -1.020773 15.945083
v -1.481417 -1.027529 16.034256
v -1.681793 -0.926413 15.880239
v -1.457148 -1.110241 15.908007
v -1.346669 -1.265454 16.048923
v -1.494961 -1.115392 15.952641
v -1.513877 -1.093418 15.995855
v -1.367180 -1.229378 16.105219
v -1.235086 -1.257587 16.266197
v 4.412971 -2.012000 11.512981
v 4.411026 -1.950112 11.707407
v 4.460349 -2.032085 11.644509
v 4.358305 -1.915512 11.606034
v 3.851068 -1.426866 12.327631
v 4.368568 -1.745006 11.468436
v 4.440526 -1.812093 11.382769
v 4.572641 -1.611823 11.313166
v 3.786505 -1.363327 12.186060
v 3.453505 -1.093084 12.772588
v 4.489157 -1.551003 11.410332
v 4.784302 -1.507637 11.401599
v 3.807397 -1.208884 12.057544
v 3.359562 -0.996352 12.627048
v 2.918385 -0.611453 13.117012
v 3.022772 -0.738370 13.263622
v 2.773320 -0.430149 13.645553
v 3.341060 -0.799241 12.504031
v 3.920953 -1.008744 12.013727
v 4.682893 -1.443047 11.497542
v 2.681687 -0.320228 13.496230
v 2.923876 -0.387403 12.998007
v 3.471806 -0.577718 12.511063
v 4.107420 -0.903079 12.115464
v 2.602097 -0.202869 13.615468
v 2.682172 -0.307540 13.745348
v 2.529947 -0.115630 13.732793
v 2.601255 -0.220033 13.856215
v 2.306791 0.043979 14.230246
v 4.904741 -1.551531 11.543162
v 4.818660 -1.473098 11.640419
v 4.952490 -1.621002 11.461161
v 4.884195 -1.550848 11.316807
v 5.281210 -1.729026 11.051971
v 5.242090 -1.609104 10.924798
v 5.508228 -1.747713 10.517986
v 5.587653 -1.863626 10.651309
v 5.599778 -1.766295 10.457853
v 5.265963 -1.950599 11.129352
v 4.956270 -1.731303 11.564704
v 4.232139 -0.948008 12.278203
v 4.824368 -1.602718 11.744387
v 4.902911 -1.675366 11.647264
v 3.652737 -0.437255 12.631198
v 3.083094 -0.190470 12.988011
v 2.684044 -0.127375 13.365700
v 2.599992 -0.030481 13.492949
v 2.532279 0.048674 13.619057
v 4.904322 -1.878020 11.635209
v 4.846012 -1.824444 11.713215
v 5.185632 -2.180360 11.201105
v 5.457620 -2.495603 10.749979
v 5.570447 -2.143193 10.695331
v 5.055866 -2.413972 11.262360
v 5.292107 -2.803179 10.824190
v 4.868398 -2.613192 11.466208
v 4.521422 -2.269944 11.614041
v 4.771499 -2.027371 11.673585
v 4.711824 -1.968896 11.743443
v 4.767841 -1.752002 11.811310
v 4.642025 -1.898118 11.829742
v 4.276543 -1.086441 12.401857
v 4.243504 -1.250607 12.493871
v 3.837918 -0.488633 12.781033
v 3.916880 -0.694162 12.878761
v 3.299104 -0.063185 13.064864
v 3.480833 -0.099790 13.237784
v 2.824582 0.055076 13.342832
v 3.041328 0.191936 13.410312
v 2.746179 0.154660 13.460398
v 2.958000 0.284704 13.517049
v 2.670374 0.224107 13.587891
v 2.871503 0.346633 13.642435
v 3.152510 0.276466 13.693316
v 3.054315 0.340864 13.808109
v 2.622512 0.554301 13.989047
v 2.421970 0.457413 13.955432
v 3.226323 0.178976 13.582836
v 2.285490 0.305998 14.002691
v 2.260556 0.155181 14.109552
v 1.276054 1.101409 15.526926
v 1.309056 1.069938 15.586750
v 1.243776 1.243793 15.404609
v 1.290057 1.463504 15.374804
v 1.431502 1.604601 15.436172
v 2.808789 0.537956 14.119246
v 1.566873 1.605822 15.658109
v 3.087662 0.154401 13.948360
v 2.832629 0.402924 14.294797
v 1.631354 1.434549 15.789224
v 3.180965 0.075482 13.839811
v 3.022084 -0.040834 14.032674
v 2.744034 0.226611 14.388386
v 1.580191 1.243490 15.830160
v 3.256052 -0.014784 13.724990
v 3.116351 -0.125814 13.929877
v 2.890710 -0.198853 14.043963
v 2.599091 0.076624 14.412378
v 1.454893 1.090668 15.794809
v 3.518568 -0.286449 13.385228
v 3.202322 -0.232632 13.825275
v 2.981138 -0.288269 13.941835
v 2.728227 -0.254307 13.968238
v 2.429860 0.007328 14.345981
v 1.340644 1.039033 15.647539
v 2.814150 -0.341638 13.860957
v 3.045473 -0.407865 13.843888
v 2.926089 -0.458161 13.776009
v 3.186094 -0.779499 13.394466
v 3.512515 -0.509846 13.484618
v 3.592872 -1.135761 12.900531
v 3.386268 -0.719859 13.498078
v 3.903759 -0.902685 12.971112
v 3.777444 -1.090983 12.996543
v 3.973800 -1.457399 12.431680
v 4.129243 -1.406721 12.510102
v 4.502380 -1.959254 11.778950
v 4.557819 -2.039463 11.713104
v 4.420444 -2.165566 11.558063
v 4.400858 -2.100902 11.422069
v 4.358784 -2.268564 11.376493
v 4.496520 -2.220559 11.239134
v 4.483346 -2.318348 11.243074
v 4.351820 -2.337569 11.459857
v 4.364343 -2.430791 11.199548
v 4.474512 -2.455652 11.151890
v 4.437464 -2.456375 11.521483
v 4.359628 -2.523246 11.132679
v 4.475793 -2.517978 11.067780
v 4.324552 -2.493757 11.294812
v 4.309032 -2.731881 10.978218
v 4.384569 -2.742112 10.898726
v 4.274962 -2.775134 10.932302
v 4.350181 -2.773793 10.865269
v 4.312976 -2.811004 10.824316
v 4.290026 -2.769522 11.041228
v 4.326105 -2.602936 11.202775
v 4.254342 -2.816630 10.995654
v 4.389498 -2.583685 11.380148
v 4.374692 -2.670694 11.281325
v 4.292173 -2.821925 11.083345
v 4.707352 -2.657626 11.455786
v 4.259803 -2.861206 11.039660
v 4.596239 -2.710425 11.350335
v 4.213783 -2.865408 10.944872
v 4.223217 -2.934511 10.994476
v 4.230081 -2.818768 10.889161
v 4.195178 -2.884074 10.814172
v 4.259825 -2.866562 10.747304
v 4.185674 -2.935489 10.871995
v 4.187099 -2.999311 10.922776
v 4.313235 -3.005546 10.999792
v 4.155195 -2.958819 10.752122
v 4.204094 -2.941332 10.686929
v 4.124124 -3.038345 10.622556
v 4.147563 -2.996799 10.803982
v 4.059383 -3.043733 10.683579
v 4.100958 -3.086651 10.642795
v 4.103358 -3.131476 10.679749
v 4.064241 -3.061964 10.735662
v 4.096463 -3.151176 10.722915
v 4.139048 -3.049976 10.849114
v 4.056715 -3.107668 10.765464
v 4.119867 -3.161234 10.766588
v 4.185325 -3.174610 10.723071
v 4.189254 -3.125550 10.862556
v 4.273624 -3.152058 10.812996
v 4.345978 -3.094734 10.888175
v 4.252499 -3.073538 10.938406
v 4.420335 -3.024059 10.948232
v 4.366534 -2.945899 11.057731
v 4.475176 -2.961050 10.990371
v 4.407939 -2.895209 11.108833
v 4.495190 -2.928436 11.017760
v 4.534116 -2.768408 11.266468
v 4.612254 -2.777294 11.227410
v 4.659719 -2.739478 11.266965
v 4.719682 -2.795683 11.308349
v 4.803529 -2.863843 11.234698
v 4.974059 -3.069927 10.916845
v 5.172642 -2.970700 10.953221
v 5.201398 -3.165855 10.754428
v 5.030000 -3.192707 10.748974
v 4.941068 -3.266172 10.505213
v 5.286775 -3.069024 10.675386
v 5.090698 -3.262550 10.536344
v 4.838129 -3.356849 10.264318
v 4.977910 -3.369657 10.244064
v 4.791108 -3.392373 10.165955
v 5.194336 -3.180804 10.465298
v 4.929801 -3.420844 10.138355
v 4.759239 -3.410440 10.069180
v 5.065507 -3.308827 10.183714
v 5.164777 -3.066584 10.407884
v 5.261789 -2.957490 10.534202
v 5.074102 -3.204944 10.132704
v 5.031075 -3.344552 10.075745
v 5.045683 -3.229419 10.029414
v 4.889500 -3.438607 10.052305
v 4.691399 -3.469799 9.890862
v 4.988383 -3.360616 9.983311
v 4.997878 -3.262098 9.946980
v 4.815712 -3.489077 9.866779
v 4.674798 -3.483589 9.841306
v 4.918561 -3.405925 9.810758
v 4.905152 -3.316631 9.733560
v 4.897748 -3.330044 9.692768
v 4.897496 -3.418831 9.756413
v 4.882802 -3.346826 9.654738
v 4.779370 -3.515141 9.818813
v 4.870325 -3.445070 9.721384
v 4.776559 -3.525924 9.772379
v 4.658641 -3.499577 9.787291
v 4.671397 -3.580352 9.642510
v 4.754256 -3.566281 9.629037
v 4.717415 -3.589583 9.556495
v 4.794195 -3.517275 9.509353
v 4.824664 -3.502619 9.584594
v 4.835010 -3.441807 9.528880
v 4.210971 -3.150699 10.682958
v 4.321274 -3.119255 10.746923
v 4.400519 -3.068243 10.816608
v 4.467680 -3.000822 10.887539
v 4.496990 -2.926447 10.944823
v 4.470886 -2.946832 10.829320
v 4.405049 -3.002476 10.751033
v 4.410832 -2.869050 10.801523
v 4.325154 -3.058753 10.685490
v 4.509419 -2.898437 10.891443
v 4.208488 -3.103190 10.639040
v 4.347435 -2.921720 10.726701
v 4.184757 -3.072995 10.620414
v 4.278912 -2.986963 10.656167
v 4.456322 -2.831396 10.850925
v 4.473157 -2.798295 10.881790
v 4.515282 -2.869953 10.914220
v 4.517534 -2.904581 10.961614
v 4.604621 -2.713269 11.140644
v 4.612965 -2.750451 11.192420
v 4.662018 -2.717411 11.218438
v 4.554583 -2.602171 11.088281
v 4.618220 -2.687830 11.177633
v 4.678298 -2.763593 11.232740
v 4.552858 -2.568837 11.152979
v 4.586681 -2.552482 11.125160
v 4.660102 -2.720602 11.153535
v 4.745884 -2.901164 11.105040
v 4.637007 -2.809052 11.048648
v 4.865445 -3.059252 10.866332
v 4.925854 -3.156642 10.706125
v 4.679039 -2.513303 10.970170
v 4.954359 -2.780483 10.579993
v 4.824686 -3.032294 10.740678
v 4.848815 -2.208075 10.824251
v 4.597945 -2.036771 11.129232
v 4.498826 -1.859573 11.306841
v 4.612992 -1.627700 11.259578
v 4.756337 -1.733931 10.978417
v 4.980257 -1.886520 10.718964
v 5.296339 -2.046990 10.376738
v 5.164999 -2.406327 10.469404
v 4.732479 -1.539116 11.183350
v 5.080895 -1.629929 10.693356
v 4.887362 -1.523774 10.960468
v 4.791306 -1.510167 11.232670
v 4.957127 -1.489292 11.014109
v 5.150950 -1.557047 10.788673
v 5.454040 -1.744221 10.432413
v 5.395935 -1.775138 10.383360
v 5.525294 -1.751634 10.394980
v 5.644080 -1.767845 10.383647
v 5.477342 -1.780670 10.339841
v 5.558308 -1.747822 10.359550
v 5.559729 -1.744306 10.309421
v 5.642660 -1.760206 10.286278
v 5.632264 -1.728836 10.104989
v 5.429070 -1.937550 10.296244
v 5.438311 -2.098966 10.315529
v 5.494584 -1.780330 10.325864
v 5.536564 -1.717545 10.107320
v 5.631786 -1.718684 10.047202
v 5.450108 -1.920738 10.291493
v 5.499131 -1.780191 10.315548
v 5.532359 -1.718131 10.041354
v 5.616522 -1.711906 9.975831
v 5.453967 -1.904027 10.292953
v 5.473985 -1.756676 10.101411
v 5.477419 -2.045444 10.298432
v 5.450151 -1.993176 10.302373
v 5.433783 -1.865504 10.089619
v 5.532366 -1.705249 9.980971
v 5.624866 -1.703078 9.788074
v 5.476862 -1.749772 10.036831
v 5.544117 -1.684934 9.785661
v 5.626010 -1.700717 9.751814
v 5.467361 -1.740356 9.968115
v 5.436521 -1.852722 10.028433
v 5.453818 -1.926941 10.072191
v 5.603420 -2.032593 10.258664
v 5.632331 -2.060114 10.345974
v 5.559528 -2.129554 10.369773
v 5.546681 -1.980147 10.083643
v 5.512619 -2.211955 10.274705
v 5.449718 -1.909754 10.011909
v 5.537448 -1.973907 10.019960
v 5.427383 -1.843310 9.964324
v 5.436933 -1.889399 9.949007
v 5.542666 -1.967970 9.940710
v 5.436740 -2.178194 10.270968
v 5.498601 -2.235414 10.209627
v 5.482855 -1.723171 9.795254
v 5.462574 -1.889940 9.771607
v 5.540987 -1.933932 9.758071
v 5.445363 -1.825759 9.789027
v 5.465945 -1.886698 9.722148
v 5.540977 -1.929579 9.720426
v 5.540967 -1.925229 9.682782
v 5.448678 -1.822797 9.739967
v 5.481261 -1.722410 9.739502
v 5.469311 -1.883456 9.672683
v 5.538696 -1.681461 9.733388
v 5.627016 -1.703393 9.714669
v 5.539676 -1.685769 9.676889
v 5.644002 -1.720714 9.585931
v 5.451128 -1.818510 9.683908
v 5.518818 -1.873921 9.572086
v 5.598444 -1.910376 9.574602
v 5.480055 -1.728668 9.684546
v 5.573004 -1.714022 9.574689
v 5.503205 -1.819340 9.572778
v 5.552295 -1.831058 9.531442
v 5.639343 -1.862490 9.525152
v 5.528405 -1.747119 9.571329
v 5.573263 -1.756866 9.532400
v 5.656552 -1.771818 9.537060
v 0.875208 -0.239675 8.798162
v 0.493623 -0.026706 8.071325
v 0.424256 0.154230 8.592494
v 0.973178 -0.411218 8.266907
v 1.240535 -0.127640 8.821441
v 0.571495 -0.161340 7.370103
v 1.337656 -0.280165 8.287244
v 1.429593 0.126513 8.814445
v 1.088127 -0.636951 7.538248
v 0.741365 -0.316835 6.779182
v 1.528407 -0.026798 8.293437
v 1.264766 0.775324 8.587669
v 1.185011 -0.804154 6.883677
v 0.920526 -0.502666 6.216767
v 1.463757 -0.477940 7.558033
v 1.366627 0.619783 8.073836
v 0.678709 1.160614 8.409816
v 1.280190 -0.877465 6.247425
v 0.970568 -0.599816 5.898932
v 1.565558 -0.652555 6.901017
v 1.614564 -0.213718 7.568919
v 0.795503 0.977231 7.889534
v 0.281411 0.870254 8.404418
v 1.416818 0.377427 7.415300
v 1.671854 -0.397011 6.892686
v 1.678348 -0.714449 6.234350
v 1.309100 -0.910758 5.944519
v 0.374052 0.691577 7.881371
v 0.915113 0.703137 7.290575
v 0.538536 0.481163 7.268188
v 1.458397 0.108901 6.819416
v 1.707246 -0.391386 6.232033
v 0.719351 0.266416 6.715937
v 1.019015 0.431866 6.739366
v 0.887827 -0.089573 6.190079
v 1.522757 -0.109653 6.208593
v 1.143918 0.109838 6.182527
v 1.718961 -0.747903 5.935682
v 0.986611 -0.295957 5.863222
v 1.265646 -0.083306 5.850477
v 1.742877 -0.434745 5.917507
v 1.590761 -0.198700 5.882189
v 1.027357 -0.392597 5.599669
v 1.043367 -0.703858 5.632281
v 1.279488 -0.159817 5.592452
v 1.582604 -0.281536 5.612137
v 1.743289 -0.453091 5.628856
v 1.058207 -0.459434 5.336797
v 1.109747 -0.732087 5.313485
v 1.187916 -0.783718 5.141947
v 1.291165 -0.206030 5.333068
v 1.557427 -0.287927 5.324311
v 1.064143 -0.510820 5.123546
v 1.757419 -0.649055 5.606609
v 1.721240 -0.891164 5.463645
v 1.704995 -0.470283 5.298386
v 1.727094 -0.627845 5.286974
v 1.249144 -0.085663 5.015365
v 1.006861 -0.493412 4.637507
v 1.200279 -0.878706 4.795577
v 1.562268 -0.261066 5.112545
v 1.719033 -0.519048 5.104604
v 1.218786 0.015708 4.517787
v 0.935304 -0.544936 4.191571
v 1.159432 -0.964397 4.327493
v 1.629277 -0.190517 4.638864
v 1.249811 -0.000807 4.078239
v 0.945693 -0.649996 3.726065
v 1.135060 -1.032037 3.903055
v 1.682379 -0.775060 5.148980
v 1.453150 -0.879151 5.148275
v 1.819457 -0.556441 4.762707
v 1.723214 -0.167264 4.206438
v 1.316337 -0.148164 3.619430
v 1.020558 -0.727311 3.346723
v 1.170139 -1.059489 3.493296
v 1.260244 -1.064277 3.032282
v 1.705337 -0.819759 4.805800
v 1.910803 -0.569054 4.323211
v 1.768646 -0.254238 3.735796
v 1.380155 -0.308821 3.264128
v 1.134947 -0.796265 2.918420
v 1.348317 -1.067129 2.621309
v 1.770597 -0.381555 3.354663
v 1.942094 -0.617684 3.897642
v 1.725658 -0.852580 4.365011
v 1.441918 -0.463596 2.858500
v 1.247908 -0.864600 2.539874
v 1.920432 -0.683679 3.487684
v 1.748507 -0.893252 3.945705
v 1.746649 -0.503531 2.921683
v 1.751740 -0.926335 3.539205
v 1.357359 -0.963057 1.807196
v 1.437935 -1.119089 1.865860
v 1.492433 -0.598068 2.493575
v 1.882350 -0.749471 3.027682
v 1.474868 -1.144006 0.969054
v 1.528029 -1.284739 1.018021
v 1.541587 -1.360851 0.762127
v 1.474236 -1.182467 0.791826
v 1.636860 -1.000771 0.950564
v 1.646142 -1.020823 0.815734
v 1.556279 -0.780402 1.780349
v 1.731179 -0.609943 2.535528
v 1.719071 -0.793026 1.808518
v 1.777723 -0.992942 0.968740
v 1.817731 -1.057182 0.779653
v 1.859215 -0.812666 2.619986
v 1.814144 -0.935832 1.864914
v 1.858246 -1.120024 1.017674
v 1.891658 -1.186542 0.778503
v 1.764227 -0.966460 3.077316
v 1.774847 -1.005045 2.666004
v 1.782459 -1.099524 1.908914
v 1.836016 -1.288967 1.064284
v 1.869802 -1.350341 0.837322
v 1.487049 -1.043682 3.536178
v 1.516812 -1.074667 3.073671
v 1.544628 -1.103976 2.661801
v 1.605586 -1.181319 1.907985
v 1.697326 -1.358143 1.064430
v 1.717796 -1.428307 0.832892
v 1.478081 -1.009734 3.942664
v 1.477983 -0.956385 4.362446
v 1.441849 -0.936410 4.805665
v 1.239427 -0.867697 5.297095
v 1.489172 -0.952421 5.470978
v 1.227754 -0.900397 5.619269
v 1.475510 -0.949190 5.789155
v 1.708898 -0.849433 5.784666
v 0.850356 0.000238 18.478590
v 0.786953 -0.046503 18.259850
v 0.792781 -0.249328 18.470572
v 0.740820 -0.264319 18.295975
v 0.738212 -0.469297 18.467199
v 0.751882 -0.186552 18.047190
v 0.713235 -0.540484 18.337929
v 0.665852 -0.681319 18.482668
v 0.733997 -0.287288 17.890909
v 0.720793 -0.390297 18.146906
v 0.649801 -0.734001 18.401003
v 0.476153 -0.829678 18.497372
v 0.750964 -0.246317 17.676746
v 0.729575 -0.504512 18.049971
v 0.709219 -0.595475 18.213778
v 0.492268 -0.854001 18.439924
v 0.305159 -0.924692 18.508539
v 0.704648 -0.658601 18.128414
v 0.634975 -0.789529 18.273451
v 0.297458 -0.965161 18.406101
v 0.145366 -0.969511 18.523970
v 0.628241 -0.807137 18.189772
v 0.138483 -1.027397 18.358263
v 0.080600 -0.975808 18.529745
v 0.072040 -1.034298 18.364164
v 0.128428 -1.047811 18.201401
v 0.060340 -1.054437 18.207397
v 0.045440 -0.998083 18.103123
v 0.282136 -1.005731 18.314932
v 0.482798 -0.919539 18.315340
v 0.118827 -0.989863 18.099514
v 0.090678 -0.888621 17.912415
v 0.019045 -0.900212 17.916122
v 0.011277 -0.919802 17.800255
v 0.462145 -0.944220 18.238668
v 0.291864 -1.005025 18.226166
v 0.188749 -0.900719 18.075006
v 0.539402 -0.794838 18.108202
v 0.418842 -0.860913 18.150551
v 0.297379 -0.891924 18.149040
v 0.622719 -0.707547 18.039627
v 0.672477 -0.588479 17.951412
v 0.695392 -0.464594 17.863035
v 0.684890 -0.448444 17.767624
v 0.292462 -0.748580 18.067858
v 0.390191 -0.713742 18.090925
v 0.496453 -0.684318 18.059021
v 0.575503 -0.665508 18.004496
v 0.630613 -0.612258 17.923861
v 0.393608 -0.731038 18.063055
v 0.212528 -0.730339 17.990736
v 0.646744 -0.537529 17.843678
v 0.494102 -0.702601 18.036787
v 0.300814 -0.753415 18.042543
v 0.397025 -0.748335 18.035189
v 0.175839 -0.720490 17.901594
v 0.223121 -0.733062 17.974709
v 0.309167 -0.758251 18.017227
v 0.143728 -0.817218 17.914461
v 0.142390 -0.819191 17.796503
v 0.093963 -0.899026 17.794226
v 0.108168 -1.129642 17.677294
v 0.025810 -1.149487 17.689575
v 0.162216 -0.878256 17.694082
v 0.098999 -1.219548 17.523386
v 0.020482 -1.229597 17.534468
v 0.004484 -1.263647 17.341934
v 0.080036 -1.254316 17.331173
v -0.018390 -1.230828 17.144083
v 0.056959 -1.220734 17.133427
v -0.028648 -1.196994 17.072886
v 0.050431 -1.182504 17.064735
v -0.045078 -1.001262 17.067829
v 0.033409 -0.982210 17.065142
v -0.061822 -0.795756 17.115974
v 0.004406 -0.782783 17.110622
v 0.202584 -0.859308 17.131569
v 0.176551 -0.739978 17.131779
v 0.121621 -1.001554 17.101498
v 0.154079 -1.133100 17.091490
v 0.150942 -1.167913 17.164660
v 0.240235 -1.057973 17.208792
v 0.174978 -1.173357 17.308531
v 0.196332 -0.913304 17.124640
v 0.237511 -1.018400 17.140945
v 0.292723 -0.884003 17.172146
v 0.272258 -0.722345 17.148592
v 0.174738 -1.150520 17.507246
v 0.312288 -0.905472 17.250290
v 0.238303 -1.062142 17.302546
v 0.168227 -1.086606 17.617992
v 0.304481 -0.734822 17.269320
v 0.334412 -0.694730 17.100582
v 0.301530 -0.920053 17.320723
v 0.216300 -1.045521 17.455482
v 0.278622 -0.775573 17.381546
v 0.250135 -0.947348 17.415514
v 0.220708 -0.986565 17.527308
v 0.207861 -0.820155 17.609703
v 0.244544 -0.872496 17.476976
v 0.279758 -0.759596 17.526743
v 0.168164 -0.806338 17.713335
v 0.380991 -0.744627 17.461853
v 0.233990 -0.737617 17.638083
v 0.166412 -0.734941 17.815891
v 0.326351 -0.733612 17.561419
v 0.191073 -0.717679 17.762743
v 0.183649 -0.710812 17.890089
v 0.245487 -0.699430 17.710478
v 0.171325 -0.721349 17.818571
v 0.233716 -0.735788 17.958685
v 0.191458 -0.701134 17.878584
v 0.317126 -0.764627 17.990868
v 0.244365 -0.739631 17.943476
v 0.195457 -0.709980 17.767889
v 0.176262 -0.707756 17.821241
v 0.252184 -0.696658 17.721052
v 0.200830 -0.689522 17.864771
v 0.199865 -0.702279 17.773022
v 0.205154 -0.693037 17.779173
v 0.182185 -0.691442 17.824442
v 0.258897 -0.693884 17.731600
v 0.342948 -0.692500 17.680676
v 0.343927 -0.687976 17.695612
v 0.341974 -0.697022 17.665728
v 0.461764 -0.708539 17.539070
v 0.196138 -0.672548 17.827700
v 0.220903 -0.686429 17.787428
v 0.266955 -0.690555 17.744265
v 0.345102 -0.682547 17.713533
v 0.211340 -0.689490 17.854788
v 0.272430 -0.684437 17.757460
v 0.220870 -0.663474 17.824606
v 0.220304 -0.678221 17.858187
v 0.243339 -0.678022 17.794661
v 0.266844 -0.740712 17.923279
v 0.275159 -0.717321 17.922895
v 0.325209 -0.764635 17.957016
v 0.317670 -0.719368 17.949923
v 0.298823 -0.679316 17.909386
v 0.390104 -0.708300 17.964098
v 0.401234 -0.771595 17.971519
v 0.335444 -0.624996 17.868561
v 0.401691 -0.769573 18.007416
v 0.363440 -0.653836 17.917482
v 0.440268 -0.639784 17.905746
v 0.457904 -0.702837 17.947838
v 0.491752 -0.720885 18.014557
v 0.474497 -0.756792 17.957644
v 0.565544 -0.679149 17.988655
v 0.489496 -0.743307 17.993546
v 0.617455 -0.624686 17.913361
v 0.632421 -0.554975 17.836510
v 0.636418 -0.527292 17.786434
v 0.665564 -0.519401 17.651680
v 0.712467 -0.459185 17.576450
v 0.755137 -0.388884 17.487352
v 0.555584 -0.692791 17.972818
v 0.604297 -0.637115 17.902863
v 0.544974 -0.709141 17.954950
v 0.618099 -0.572421 17.829344
v 0.589847 -0.652010 17.891399
v 0.524757 -0.721535 17.926388
v 0.600911 -0.593355 17.820742
v 0.561417 -0.672465 17.868406
v 0.491403 -0.669595 17.926796
v 0.527383 -0.641752 17.882021
v 0.497593 -0.631540 17.885082
v 0.559161 -0.594853 17.814623
v 0.443830 -0.599326 17.855965
v 0.329132 -0.613755 17.819498
v 0.576520 -0.603749 17.812752
v 0.441614 -0.584417 17.810642
v 0.337208 -0.630655 17.780525
v 0.564584 -0.585788 17.799026
v 0.580645 -0.584733 17.797743
v 0.436816 -0.604473 17.773144
v 0.547644 -0.597812 17.778210
v 0.292113 -0.660300 17.773298
v 0.350058 -0.649931 17.751759
v 0.347582 -0.675835 17.731123
v 0.433398 -0.662900 17.721779
v 0.428732 -0.631110 17.744410
v 0.501898 -0.614211 17.758093
v 0.571754 -0.604376 17.767868
v 0.511295 -0.634908 17.742990
v 0.435930 -0.670945 17.701262
v 0.521407 -0.633322 17.721437
v 0.440762 -0.675308 17.682064
v 0.582174 -0.594936 17.750965
v 0.444789 -0.678944 17.666069
v 0.527837 -0.631559 17.703066
v 0.599572 -0.573980 17.796188
v 0.448816 -0.682581 17.650072
v 0.533195 -0.630089 17.687756
v 0.592198 -0.585885 17.735138
v 0.613389 -0.556472 17.792528
v 0.600551 -0.578341 17.721947
v 0.624904 -0.541882 17.789482
v 0.608905 -0.570797 17.708757
v 0.538552 -0.628619 17.672445
v 0.581159 -0.628619 17.572815
v 0.544792 -0.684964 17.439953
v 0.629671 -0.611376 17.489902
v 0.695187 -0.541082 17.400398
v 0.445556 -0.729900 17.346645
v 0.781371 -0.320104 17.367790
v 0.760979 -0.374380 17.272085
v 0.631920 -0.621948 17.326477
v 0.696553 -0.495450 17.180094
v 0.382571 -0.693343 17.138771
v 0.433486 -0.642211 16.969189
v 0.533654 -0.678781 17.223991
v 0.593988 -0.583325 17.086811
v 0.451769 -0.631650 17.011108
v 0.151497 -0.660986 16.928959
v -0.088395 -0.685754 16.941061
v 0.503006 0.940018 16.836014
v 0.883808 0.704294 17.464405
v 0.890714 0.654025 17.572245
v 0.953433 0.826894 17.562582
v 0.959453 0.751033 17.633068
v 0.916423 0.620145 17.886080
v 1.025451 0.901536 17.715530
v 1.006078 0.797809 17.731621
v 0.964361 0.715107 17.871037
v 0.952889 0.571146 17.958721
v 1.072441 0.842667 17.942743
v 1.031602 0.750673 17.904940
v 1.010949 0.678369 17.964865
v 1.033085 0.725521 18.074633
v 0.975417 0.567241 18.068142
v -2.845922 -0.986881 9.987665
v -2.932428 -1.069540 10.063647
v -2.920935 -1.028502 10.166065
v -2.844820 -0.947705 10.121797
v -2.686650 -0.886747 11.109528
v -2.840863 -0.731034 10.088088
v -2.863132 -0.748267 9.966454
v -2.997010 -0.538340 9.951364
v -2.594468 -0.759821 11.049237
v -2.516876 -0.822468 11.768599
v -2.969652 -0.533714 10.085418
v -3.242090 -0.489662 9.981696
v -2.603140 -0.561655 11.011027
v -2.402412 -0.664754 11.731336
v -2.216692 -0.579046 12.466869
v -2.335508 -0.763376 12.486985
v -2.280242 -0.690018 13.029798
v -2.384206 -0.432384 11.731959
v -2.733129 -0.367589 11.028549
v -3.198087 -0.483696 10.129988
v -2.169247 -0.519027 12.994884
v -2.227175 -0.325628 12.474664
v -2.550070 -0.245777 11.794281
v -2.958465 -0.329178 11.091973
v -2.154407 -0.477925 13.174933
v -2.249583 -0.634466 13.200894
v -2.140214 -0.461870 13.336575
v -2.225255 -0.614851 13.360634
v -2.117444 -0.575778 13.892716
v -3.394423 -0.597015 10.024635
v -3.365350 -0.581166 10.177013
v -3.391700 -0.612973 9.905556
v -3.282999 -0.480313 9.850645
v -3.503997 -0.491972 9.391807
v -3.441886 -0.326166 9.364695
v -3.496353 -0.237439 8.870433
v -3.597939 -0.401723 8.887199
v -3.540106 -0.224966 8.788148
v -3.478476 -0.723198 9.357206
v -3.412632 -0.760072 9.934384
v -3.116786 -0.451143 11.156087
v -3.380676 -0.745516 10.196994
v -3.406031 -0.756372 10.050048
v -2.782522 -0.186683 11.891093
v -2.409614 -0.151741 12.501363
v -2.167329 -0.286630 12.979899
v -2.146954 -0.267203 13.158383
v -2.138090 -0.262587 13.321651
v -3.363766 -0.923538 9.943792
v -3.348880 -0.919185 10.056182
v -3.390556 -0.960786 9.342595
v -3.394556 -1.011824 8.749962
v -3.534812 -0.673515 8.818273
v -3.253253 -1.198072 9.339413
v -3.216402 -1.296563 8.738683
v -3.093431 -1.404905 9.360310
v -3.071370 -1.202015 9.881783
v -3.229043 -1.075087 9.960485
v -3.209322 -1.061107 10.067762
v -3.322406 -0.908411 10.202559
v -3.184752 -1.044388 10.197849
v -3.170457 -0.633416 11.174108
v -3.137261 -0.821379 11.182851
v -2.991878 -0.308005 11.919946
v -3.056940 -0.535148 11.873028
v -2.658782 -0.082249 12.544417
v -2.874896 -0.202527 12.600035
v -2.325627 -0.118594 12.996247
v -2.574382 -0.036106 13.036004
v -2.308013 -0.091970 13.166162
v -2.547523 -0.009839 13.195798
v -2.290205 -0.096376 13.328920
v -2.517688 -0.019608 13.357265
v -2.781944 -0.107451 13.262774
v -2.738393 -0.109667 13.421121
v -2.433048 -0.015408 13.824423
v -2.217474 -0.080701 13.824815
v -2.797891 -0.135837 13.101219
v -2.076406 -0.234389 13.841146
v -2.057884 -0.418441 13.865004
v -1.790036 -0.349792 15.816151
v -1.816761 -0.397378 15.849216
v -1.786504 -0.176478 15.762958
v -1.880874 0.022534 15.751244
v -2.074051 0.149713 15.832478
v -2.643948 -0.096626 13.853456
v -2.250997 0.078757 15.960814
v -2.777806 -0.341716 13.433887
v -2.695210 -0.302225 13.922167
v -2.262823 -0.128580 16.012896
v -2.815987 -0.355126 13.275545
v -2.706013 -0.552379 13.433551
v -2.608442 -0.501152 13.946539
v -2.168450 -0.324942 16.002146
v -2.833139 -0.375095 13.113441
v -2.745737 -0.573924 13.276675
v -2.557262 -0.693521 13.416050
v -2.452519 -0.641746 13.947934
v -1.985286 -0.439072 15.984445
v -2.920592 -0.438392 12.616961
v -2.773072 -0.613396 13.111053
v -2.592787 -0.719222 13.259039
v -2.371874 -0.701942 13.388285
v -2.261131 -0.666798 13.923588
v -1.842654 -0.444539 15.882920
v -2.402006 -0.723242 13.229725
v -2.599622 -0.772963 13.100620
v -2.457801 -0.781196 13.065848
v -2.520535 -0.866110 12.513352
v -2.903609 -0.681294 12.593913
v -2.678399 -0.924929 11.800623
v -2.750483 -0.868397 12.551842
v -3.033998 -0.761623 11.853895
v -2.888639 -0.936082 11.831691
v -2.827592 -0.966530 11.133990
v -3.006361 -0.963509 11.164129
v -3.027426 -1.072121 10.183240
v -3.044323 -1.108995 10.073871
v -2.923806 -1.131104 9.970924
v -2.806457 -1.020207 9.892521
v -2.763512 -1.188224 9.887105
v -2.715280 -1.049580 9.642409
v -2.661301 -1.197329 9.686753
v -2.863129 -1.260624 9.921157
v -2.680907 -1.355715 9.853638
v -2.597891 -1.371563 9.712586
v -2.981287 -1.345116 9.825684
v -2.633364 -1.459374 9.847645
v -2.567456 -1.454341 9.732034
v -2.787020 -1.402857 9.887424
v -2.522997 -1.698290 9.873799
v -2.446223 -1.715590 9.796755
v -2.486737 -1.753068 9.902515
v -2.419936 -1.756694 9.827168
v -2.387400 -1.804953 9.859705
v -2.592326 -1.724778 9.889308
v -2.717976 -1.527041 9.873124
v -2.557168 -1.783419 9.919217
v -2.887533 -1.466924 9.814074
v -2.807693 -1.572578 9.818357
v -2.643808 -1.767440 9.881975
v -2.975739 -1.490197 9.492657
v -2.608948 -1.817728 9.909453
v -2.880573 -1.574059 9.594565
v -2.517280 -1.845231 9.953736
v -2.579280 -1.901931 9.937441
v -2.453388 -1.808842 9.941968
v -2.392913 -1.890866 9.968825
v -2.323239 -1.879835 9.905731
v -2.459734 -1.930765 9.973347
v -2.521947 -1.982953 9.965594
v -2.597367 -1.960448 9.840348
v -2.347022 -1.980124 9.999851
v -2.279159 -1.970489 9.952429
v -2.235741 -2.086218 10.020782
v -2.405358 -2.007883 10.003899
v -2.297331 -2.086577 10.085213
v -2.265240 -2.131874 10.038820
v -2.310182 -2.168125 10.031998
v -2.351909 -2.093693 10.078975
v -2.356426 -2.179676 10.037190
v -2.460064 -2.051864 10.007111
v -2.390113 -2.133264 10.081848
v -2.400971 -2.178461 10.013304
v -2.360199 -2.192911 9.946326
v -2.487422 -2.117515 9.949197
v -2.443081 -2.143907 9.861937
v -2.504899 -2.065589 9.796993
v -2.551030 -2.045229 9.892740
v -2.549266 -1.976981 9.731334
v -2.642025 -1.885276 9.794412
v -2.577756 -1.901440 9.684058
v -2.681847 -1.821446 9.759259
v -2.598065 -1.862156 9.667968
v -2.810451 -1.653546 9.649179
v -2.737824 -1.660257 9.551226
v -2.777578 -1.606953 9.507293
v -2.832465 -1.596695 9.366582
v -2.891160 -1.588431 9.210317
v -2.917563 -1.590345 8.817235
v -3.131367 -1.508159 8.817544
v -3.094236 -1.564038 8.621132
v -2.919843 -1.617878 8.629455
v -2.884704 -1.667741 8.415042
v -3.147166 -1.432736 8.566041
v -3.018840 -1.609367 8.459445
v -2.838575 -1.765530 8.159782
v -2.972815 -1.720633 8.151029
v -2.814573 -1.806029 8.055227
v -3.085058 -1.486719 8.404277
v -2.954401 -1.775115 8.037881
v -2.797458 -1.824821 7.954915
v -3.032074 -1.624496 8.103470
v -3.015608 -1.387714 8.353372
v -3.059427 -1.295951 8.459371
v -3.001371 -1.520748 8.061500
v -3.020181 -1.659262 7.990467
v -2.990294 -1.543371 7.954536
v -2.928890 -1.798039 7.947506
v -2.767898 -1.886848 7.767298
v -2.992132 -1.680896 7.893669
v -2.963633 -1.583249 7.865949
v -2.890719 -1.853496 7.752880
v -2.760673 -1.900732 7.715561
v -2.954890 -1.731447 7.712671
v -2.911135 -1.646873 7.641635
v -2.911747 -1.657749 7.599447
v -2.943467 -1.745760 7.655850
v -2.906637 -1.674935 7.559076
v -2.870186 -1.886472 7.700043
v -2.930749 -1.776680 7.616659
v -2.874251 -1.892558 7.652853
v -2.754956 -1.915985 7.659266
v -2.806051 -1.969711 7.510432
v -2.877113 -1.923122 7.505442
v -2.856280 -1.951186 7.428365
v -2.900398 -1.850151 7.393843
v -2.918681 -1.832765 7.472377
v -2.906898 -1.767247 7.422604
v -2.315934 -2.174639 9.922980
v -2.371388 -2.119645 9.817398
v -2.428974 -2.047807 9.744864
v -2.484715 -1.961032 9.686125
v -2.526118 -1.874215 9.665617
v -2.417072 -1.919379 9.688137
v -2.351810 -1.995959 9.746750
v -2.375308 -1.855430 9.755925
v -2.299317 -2.072195 9.819407
v -2.468179 -1.855954 9.655708
v -2.263638 -2.137135 9.930100
v -2.312838 -1.928174 9.812469
v -2.239741 -2.113879 9.956749
v -2.257075 -2.012895 9.872803
v -2.415954 -1.804201 9.715288
v -2.439608 -1.764110 9.702451
v -2.484916 -1.823121 9.653193
v -2.538115 -1.847416 9.647727
v -2.609685 -1.597157 9.521672
v -2.670725 -1.628755 9.521123
v -2.705698 -1.577597 9.471029
v -2.552121 -1.510600 9.599547
v -2.633541 -1.541066 9.473051
v -2.735822 -1.553442 9.354531
v -2.582737 -1.437645 9.549709
v -2.627467 -1.314270 9.387086
v -2.639177 -1.510190 9.342480
v -2.756003 -1.570367 9.122876
v -2.643782 -1.473762 9.175651
v -2.797001 -1.562655 8.821472
v -2.795516 -1.588052 8.614384
v -2.699179 -1.160012 9.202345
v -2.825386 -1.182216 8.684752
v -2.715336 -1.483330 8.745955
v -2.934919 -0.809191 9.182446
v -2.859993 -0.818790 9.606225
v -2.876840 -0.753129 9.864404
v -3.007148 -0.525986 9.886121
v -3.001307 -0.476223 9.559085
v -3.073217 -0.473688 9.190897
v -3.193799 -0.433877 8.714252
v -3.043809 -0.796182 8.679119
v -3.096480 -0.408913 9.817795
v -3.202496 -0.234949 9.244878
v -3.152176 -0.280671 9.584658
v -3.174194 -0.406291 9.843965
v -3.242474 -0.275035 9.611995
v -3.316556 -0.216526 9.322048
v -3.414675 -0.193626 8.828470
v -3.337550 -0.197968 8.801003
v -3.451498 -0.177284 8.762739
v -3.561595 -0.195320 8.725529
v -3.384341 -0.172208 8.715306
v -3.472660 -0.154066 8.718222
v -3.489601 -0.125115 8.669450
v -3.576926 -0.150747 8.666547
v -3.637848 -0.041649 8.531110
v -3.296945 -0.283419 8.617307
v -3.323310 -0.422949 8.522944
v -3.397458 -0.159967 8.685302
v -3.549616 -0.008099 8.511602
v -3.659905 -0.007477 8.488817
v -3.323303 -0.258798 8.593434
v -3.410573 -0.147726 8.655297
v -3.570335 0.021383 8.456185
v -3.673084 0.033579 8.429546
v -3.349658 -0.234177 8.569560
v -3.490581 -0.022934 8.469445
v -3.342301 -0.366291 8.517886
v -3.360570 -0.309091 8.513181
v -3.448246 -0.100993 8.393860
v -3.594049 0.058913 8.413278
v -3.751740 0.121243 8.282822
v -3.517987 0.010545 8.420922
v -3.679686 0.158889 8.267102
v -3.766553 0.138860 8.254682
v -3.535727 0.051213 8.366774
v -3.474771 -0.063905 8.351016
v -3.467823 -0.151440 8.354470
v -3.526922 -0.362893 8.496280
v -3.506793 -0.424082 8.544394
v -3.443363 -0.502575 8.567616
v -3.544578 -0.226364 8.363426
v -3.425409 -0.537931 8.476661
v -3.488087 -0.109181 8.312643
v -3.560408 -0.190705 8.311872
v -3.491127 -0.025353 8.300736
v -3.501591 -0.060792 8.267803
v -3.595368 -0.152240 8.251532
v -3.326180 -0.474878 8.457277
v -3.439050 -0.521051 8.394774
v -3.616158 0.137687 8.238441
v -3.591520 0.009780 8.129743
v -3.665088 -0.042516 8.118800
v -3.574795 0.061859 8.171299
v -3.613402 0.033359 8.091882
v -3.679531 -0.022280 8.090197
v -3.693975 -0.002047 8.061599
v -3.596452 0.085035 8.133612
v -3.635588 0.163175 8.192787
v -3.635283 0.056938 8.054019
v -3.694524 0.186180 8.224568
v -3.781130 0.152562 8.223255
v -3.716165 0.206961 8.176494
v -3.843392 0.189628 8.114111
v -3.620043 0.112641 8.090616
v -3.719429 0.096347 7.990554
v -3.788790 0.043188 7.996855
v -3.654457 0.182173 8.144373
v -3.782631 0.218751 8.088191
v -3.709584 0.147074 8.014070
v -3.769323 0.142343 7.988284
v -3.849266 0.095437 7.992008
v -3.739782 0.203320 8.056229
v -3.794887 0.200331 8.032203
v -3.868723 0.163791 8.052077
v -2.231114 2.535492 1.477062
v -2.149088 2.408183 1.431309
v -1.995996 2.123236 2.236738
v -2.074544 2.282820 2.287252
v -2.442795 2.490777 1.494127
v -1.784104 1.833473 2.909473
v -2.340598 2.233308 2.307275
v -1.890208 2.040487 2.969635
v -2.426730 2.093883 2.283222
v -2.532665 2.381843 1.477062
v -1.772169 1.964578 3.345178
v -1.625423 1.693139 3.272503
v -2.251519 2.005558 3.004412
v -2.367593 1.930816 2.233867
v -2.477884 2.240652 1.431309
v -1.640935 1.865017 3.762490
v -1.454061 1.530055 3.678355
v -1.347112 1.362601 4.039476
v -2.224797 1.920754 3.386379
v -1.553274 1.764807 4.133646
v -1.303318 1.162411 4.418055
v -2.195446 1.833033 3.815037
v -1.504497 1.586601 4.573765
v -1.271956 0.936428 4.837651
v -2.182008 1.774772 4.205611
v -2.364874 1.467494 3.754979
v -2.371287 1.646888 3.341822
v -1.473104 1.333594 4.950109
v -1.245137 0.814996 5.174841
v -2.130595 1.660466 4.675650
v -2.359345 1.335600 4.134518
v -2.382457 1.803636 2.973063
v -2.203667 1.152851 3.674751
v -2.292840 1.574715 2.908357
v -2.249294 1.381815 3.271175
v -1.371908 1.039512 5.328386
v -2.010552 1.470088 5.054838
v -2.273918 1.172321 4.578560
v -2.160668 0.961174 4.041221
v -1.906293 1.140315 3.637272
v -2.003076 1.344768 3.232378
v -2.086854 1.525898 2.870505
v -1.353943 0.962301 5.530735
v -1.191077 0.811462 5.362762
v -1.090517 0.716338 5.658740
v -1.320869 0.888327 5.789455
v -1.056928 0.688717 5.951376
v -1.687288 0.907628 5.595716
v -1.302258 0.834265 6.066938
v -1.019412 0.615559 6.277309
v -2.216346 1.857377 2.195581
v -2.328283 2.157055 1.388389
v -2.045196 1.950529 2.198001
v -2.190191 2.227417 1.388389
v -1.870376 1.652083 2.874983
v -1.768821 1.479079 3.236959
v -1.654295 1.282845 3.642094
v -1.569395 1.100810 3.997226
v -1.824368 0.953664 3.990538
v -1.500902 0.914424 4.370899
v -2.067583 0.792654 4.425134
v -1.732370 0.778456 4.363142
v -1.379236 0.727534 4.756150
v -1.340358 0.573201 5.065373
v -2.086912 1.013620 4.947614
v -1.630706 0.587023 4.748891
v -1.906694 0.644850 4.817472
v -1.828723 1.151653 5.405474
v -1.560995 0.451869 5.060708
v -1.418710 0.212654 5.254515
v -1.871625 0.792851 5.320111
v -1.783060 0.563606 5.143625
v -1.796177 0.678152 5.480553
v -1.661070 0.416232 5.237875
v -1.760595 0.498804 5.331271
v -1.652234 0.811225 5.834869
v -1.745786 0.521187 5.715662
v -1.713933 0.314787 5.604842
v -1.636788 0.730529 6.090849
v -1.583519 0.225545 5.485193
v -1.744639 0.420247 5.979610
v -1.312374 0.841610 6.465726
v -0.905425 0.557699 6.882789
v -1.655502 0.182283 5.854974
v -1.621514 0.746312 6.493214
v -1.340457 0.871473 7.121438
v -0.767488 0.465154 7.494876
v -1.687639 0.352069 6.312727
v -1.403892 0.048060 5.722125
v -1.249357 0.833076 7.733020
v -0.643691 0.240725 8.165854
v -1.643743 0.713129 7.147257
v -1.587374 0.074945 6.148082
v -1.149958 0.750713 8.389277
v -0.604622 0.119366 8.707066
v -1.094271 0.644677 8.936765
v -1.657228 0.200211 6.945992
v -1.642683 0.643971 7.766472
v -1.622007 0.564361 8.430861
v -1.555485 0.479759 8.984381
v -1.681719 0.061638 7.585591
v -1.665761 -0.113205 8.266828
v -1.589470 -0.218448 8.797581
v -1.396140 -0.225255 6.705807
v -1.231557 -0.636305 8.092770
v -1.153712 -0.748347 8.627657
v -1.327522 -0.430493 7.374634
v -1.329026 -0.052311 5.998842
v -0.926431 -0.607416 8.011028
v -0.845760 -0.727538 8.556122
v -1.138283 -0.267170 6.614027
v -1.040351 -0.433912 7.273674
v -0.607605 -0.386765 8.020844
v -0.541256 -0.496129 8.573018
v -0.693702 -0.218026 7.273028
v -0.793466 -0.045449 6.620288
v -0.957186 0.162356 6.029301
v -1.025757 0.273265 5.751874
v -1.063382 0.495750 5.503427
v -1.360261 0.081572 5.545558
v -1.139458 0.206190 5.558157
v -1.226279 0.352283 5.288236
v -1.176338 0.661922 5.249189
v -0.866246 -0.174934 18.629210
v -0.833431 -0.211856 18.402027
v -0.762073 -0.407994 18.606998
v -0.739049 -0.415333 18.425821
v -0.665932 -0.612584 18.590403
v -0.808189 -0.345751 18.184074
v -0.649854 -0.679582 18.457531
v -0.550978 -0.805491 18.589436
v -0.797683 -0.443590 18.025305
v -0.720175 -0.537341 18.273342
v -0.539012 -0.855314 18.505316
v -0.335754 -0.912530 18.568609
v -0.859173 -0.410625 17.818026
v -0.722457 -0.652685 18.177376
v -0.656356 -0.734826 18.333597
v -0.356320 -0.940596 18.514383
v -0.149872 -0.971126 18.548464
v -0.654007 -0.797248 18.247627
v -0.535568 -0.908979 18.376160
v -0.151988 -1.011026 18.445536
v 0.015879 -0.982724 18.535332
v -0.539967 -0.926349 18.292274
v 0.005560 -1.040962 18.369926
v -0.007687 -1.061702 18.213345
v -0.144794 -1.049299 18.352392
v -0.355524 -1.005086 18.388895
v -0.027606 -1.004805 18.112362
v -0.053002 -0.903283 17.925022
v -0.343873 -1.026471 18.309389
v -0.169617 -1.052116 18.266657
v -0.117134 -0.931933 18.101847
v -0.470814 -0.897926 18.196844
v -0.333998 -0.937738 18.216608
v -0.210901 -0.943792 18.193638
v -0.580485 -0.830330 18.145199
v -0.667547 -0.725223 18.068991
v -0.729713 -0.610020 17.988079
v -0.739268 -0.593774 17.892584
v -0.248886 -0.803823 18.115356
v -0.346146 -0.788882 18.155533
v -0.460025 -0.781922 18.142944
v -0.549432 -0.780303 18.103201
v -0.627154 -0.740608 18.034222
v -0.350779 -0.806998 18.128368
v -0.188746 -0.771287 18.025946
v -0.671512 -0.672052 17.959345
v -0.457926 -0.799749 18.120321
v -0.260336 -0.810677 18.091780
v -0.355411 -0.825114 18.101206
v -0.170703 -0.755853 17.931999
v -0.201180 -0.776361 18.011940
v -0.271787 -0.817532 18.068199
v -0.118126 -0.843939 17.937437
v -0.136359 -0.847652 17.821129
v -0.073720 -0.916155 17.809120
v -0.059174 -1.146813 17.692980
v -0.160971 -0.911280 17.722908
v -0.059463 -1.235885 17.539059
v -0.071951 -1.270022 17.346594
v -0.094735 -1.236380 17.148495
v -0.108996 -1.198935 17.080442
v -0.125072 -0.998385 17.079054
v -0.129246 -0.796424 17.122360
v -0.301601 -0.910780 17.176010
v -0.300911 -0.788757 17.174265
v -0.201276 -1.034569 17.130491
v -0.212569 -1.170846 17.127159
v -0.188820 -1.202908 17.197891
v -0.287029 -1.112106 17.258524
v -0.183095 -1.210215 17.343325
v -0.286936 -0.962719 17.168068
v -0.304516 -1.074006 17.191622
v -0.377992 -0.952674 17.233398
v -0.393195 -0.790264 17.207081
v -0.149787 -1.183896 17.538467
v -0.378570 -0.976218 17.313522
v -0.266976 -1.114016 17.350195
v -0.136464 -1.117873 17.646580
v -0.401387 -0.806974 17.332531
v -0.466865 -0.776498 17.170893
v -0.352547 -0.987001 17.380245
v -0.220915 -1.090385 17.496462
v -0.348513 -0.839645 17.437372
v -0.280616 -1.001706 17.464163
v -0.224667 -1.032105 17.567360
v -0.231655 -0.865036 17.648596
v -0.279416 -0.926076 17.524136
v -0.327467 -0.821623 17.580688
v -0.177854 -0.841690 17.744143
v -0.439428 -0.828401 17.534412
v -0.268420 -0.788927 17.682602
v -0.173460 -0.769624 17.845724
v -0.371615 -0.804892 17.623255
v -0.209865 -0.758593 17.797937
v -0.182158 -0.748141 17.922184
v -0.275014 -0.752545 17.756168
v -0.180487 -0.757250 17.849442
v -0.213613 -0.781435 17.997932
v -0.193613 -0.740429 17.912369
v -0.282729 -0.825835 18.043497
v -0.225736 -0.787601 17.984718
v -0.214775 -0.751840 17.803883
v -0.187512 -0.744877 17.853161
v -0.280227 -0.750985 17.767767
v -0.207359 -0.731173 17.900585
v -0.219686 -0.745088 17.809834
v -0.225578 -0.736986 17.816967
v -0.195944 -0.730027 17.857618
v -0.285440 -0.749425 17.779364
v -0.375555 -0.765816 17.743719
v -0.374833 -0.761315 17.758678
v -0.376278 -0.770318 17.728760
v -0.511321 -0.807843 17.624500
v -0.212626 -0.714260 17.863565
v -0.240670 -0.733524 17.827930
v -0.291695 -0.747554 17.793285
v -0.373965 -0.755915 17.776627
v -0.219223 -0.733425 17.892565
v -0.295929 -0.742425 17.807331
v -0.238830 -0.710384 17.864941
v -0.229541 -0.724122 17.897657
v -0.262746 -0.729664 17.839067
v -0.250680 -0.793518 17.968685
v -0.263454 -0.772279 17.970152
v -0.296357 -0.828056 18.011551
v -0.299384 -0.782330 18.004059
v -0.296222 -0.740035 17.961596
v -0.369016 -0.785758 18.030701
v -0.365782 -0.849859 18.038815
v -0.349465 -0.694888 17.928658
v -0.360441 -0.847339 18.074284
v -0.362251 -0.727890 17.981157
v -0.441185 -0.729733 17.983088
v -0.438301 -0.794284 18.026470
v -0.441798 -0.850289 18.038040
v -0.455826 -0.817577 18.097698
v -0.452778 -0.839456 18.076221
v -0.539823 -0.791945 18.085644
v -0.613783 -0.750326 18.021393
v -0.655437 -0.686394 17.949511
v -0.673473 -0.660961 17.901367
v -0.726390 -0.661444 17.773815
v -0.796661 -0.613185 17.708866
v -0.867264 -0.554443 17.629705
v -0.530214 -0.803587 18.068087
v -0.600412 -0.760045 18.008564
v -0.519784 -0.817788 18.048370
v -0.639363 -0.700736 17.939674
v -0.585467 -0.771939 17.994520
v -0.502725 -0.826379 18.016541
v -0.620074 -0.717948 17.927870
v -0.557910 -0.786682 17.966614
v -0.480899 -0.768809 18.012106
v -0.528897 -0.749538 17.974697
v -0.501686 -0.733513 17.972761
v -0.580562 -0.711155 17.914623
v -0.461312 -0.691692 17.935385
v -0.354088 -0.683474 17.879446
v -0.595843 -0.723380 17.915615
v -0.469975 -0.677441 17.890627
v -0.365206 -0.702333 17.842157
v -0.590298 -0.703637 17.900358
v -0.606220 -0.705846 17.901882
v -0.467791 -0.696783 17.852514
v -0.575138 -0.712384 17.876728
v -0.317020 -0.722450 17.826746
v -0.378695 -0.724284 17.815701
v -0.374671 -0.749524 17.794495
v -0.461637 -0.754221 17.800312
v -0.459609 -0.721748 17.822355
v -0.531200 -0.719624 17.848740
v -0.598857 -0.723824 17.870581
v -0.538718 -0.742047 17.835121
v -0.466002 -0.762973 17.780399
v -0.552503 -0.742901 17.815666
v -0.473096 -0.768557 17.762247
v -0.613713 -0.716964 17.855894
v -0.479008 -0.773211 17.747124
v -0.562223 -0.742789 17.798710
v -0.626897 -0.699134 17.903801
v -0.484919 -0.777864 17.732000
v -0.570324 -0.742695 17.784580
v -0.627922 -0.710387 17.842194
v -0.644363 -0.684819 17.902887
v -0.639764 -0.704907 17.830776
v -0.658918 -0.672890 17.902130
v -0.651605 -0.699426 17.819359
v -0.578424 -0.742601 17.770451
v -0.636687 -0.752895 17.679672
v -0.613216 -0.803137 17.541594
v -0.701220 -0.747188 17.606680
v -0.793924 -0.693039 17.531057
v -0.524658 -0.828982 17.432579
v -0.926960 -0.494432 17.517685
v -0.912910 -0.545193 17.418957
v -0.729442 -0.760872 17.445963
v -0.842361 -0.652490 17.315123
v -0.507527 -0.784260 17.217785
v -0.595588 -0.747224 17.059484
v -0.640963 -0.798653 17.327133
v -0.741931 -0.719655 17.204079
v -0.608161 -0.739818 17.104177
v -0.326803 -0.709794 16.970926
v -1.089046 0.129958 16.836330
v -1.214452 0.490175 17.648512
v -1.192448 0.441447 17.755028
v -1.289255 0.598037 17.759361
v -1.267704 0.523761 17.828484
v -1.156356 0.408627 18.067953
v -1.347310 0.659405 17.923725
v -1.305060 0.561967 17.934406
v -1.224218 0.491771 18.063068
v -1.169182 0.354597 18.144918
v -1.341664 0.596318 18.154566
v -1.290352 0.513727 18.108677
v -1.245612 0.448097 18.162863
v -1.257492 0.491777 18.275616
v -1.171266 0.348181 18.256498
v -3.320358 -0.474307 8.388600
v -3.525841 -0.462875 8.148627
v -3.436823 -0.399529 8.138947
v -3.558295 -0.440149 8.064254
v -3.259154 -0.518864 8.397899
v -3.470717 -0.374193 8.055860
v -3.543146 -0.381629 7.951301
v -3.342823 -0.434033 8.092813
v -3.482228 -0.344464 7.959262
v -3.587007 -0.296623 7.747558
v -3.360961 -0.400947 8.012317
v -3.503037 -0.260432 7.733955
v -3.598491 -0.282199 7.706368
v -3.382293 -0.365479 7.928538
v -3.511912 -0.238311 7.673073
v -3.609169 -0.273335 7.662277
v -3.527513 -0.225010 7.605797
v -3.659421 -0.254381 7.509420
v -3.440447 -0.277945 7.652833
v -3.426950 -0.297370 7.717937
v -3.300563 -0.555074 8.037799
v -3.311865 -0.519471 7.957804
v -3.329574 -0.489950 7.869821
v -3.209014 -0.635770 8.367359
v -3.238974 -0.517526 8.457287
v -3.218794 -0.516188 8.516677
v -3.179671 -0.659001 8.420687
v -3.150322 -0.682230 8.474018
v -3.163022 -0.819877 8.422030
v -3.232803 -0.739739 8.314654
v -3.208994 -0.770993 8.372561
v -3.317680 -0.632083 8.018113
v -3.326514 -0.799115 8.318906
v -3.318239 -0.833040 8.385451
v -3.405874 -0.693201 8.023238
v -3.301626 -0.901612 8.452530
v -3.334325 -0.600128 7.935667
v -3.443889 -0.671487 7.954113
v -3.348971 -0.559432 7.847924
v -3.413738 -0.610413 7.829931
v -3.369508 -0.408365 7.665062
v -3.381484 -0.480549 7.624978
v -3.462612 -0.541248 7.610022
v -3.399124 -0.461167 7.569190
v -3.473572 -0.523846 7.567694
v -3.484534 -0.506446 7.525370
v -3.386931 -0.389431 7.609629
v -3.416764 -0.441786 7.513401
v -3.405545 -0.366512 7.546326
v -3.499578 -0.406456 7.410220
v -3.579026 -0.463836 7.417002
v -3.492156 -0.340274 7.427619
v -3.554670 -0.349061 7.385705
v -3.645474 -0.399007 7.385658
v -3.590486 -0.266543 7.418484
v -3.677174 -0.300192 7.436424
v -3.452899 -0.267037 7.586172
v -3.532876 -0.260014 7.457777
v -3.586407 -0.230377 7.483430
v -3.280462 -0.959234 8.394159
v -3.172931 -0.859599 8.380909
v -3.183169 -0.899066 8.339636
v -3.275695 -0.988672 8.316187
v -3.286521 -0.950998 7.970069
v -3.196612 -0.897766 7.946794
v -3.303382 -0.940171 7.854082
v -3.070899 -0.923143 8.326851
v -3.056285 -0.903194 8.393285
v -3.206061 -0.893432 7.830442
v -3.291516 -0.933992 7.722410
v -3.093850 -0.903171 7.915356
v -3.200194 -0.889040 7.732880
v -3.295185 -0.921160 7.465710
v -3.041668 -0.883244 8.459718
v -2.962903 -1.069102 8.324015
v -3.081510 -0.916712 7.814765
v -3.219181 -0.889704 7.455495
v -3.299866 -0.920190 7.418434
v -2.944577 -1.080975 8.388714
v -2.991127 -1.058742 7.904440
v -3.097387 -0.904959 7.718751
v -2.926248 -1.092846 8.453414
v -2.979201 -1.187926 8.303111
v -3.008438 -1.055360 7.813334
v -2.948217 -1.207472 8.372558
v -2.917235 -1.227019 8.442005
v -3.014807 -1.150960 7.906327
v -2.794429 -1.305166 8.499331
v -3.136558 -1.234324 8.314367
v -3.101654 -1.245456 8.388573
v -3.121935 -1.230675 7.909349
v -2.894434 -1.343472 8.313240
v -3.029882 -1.149313 7.805262
v -3.136866 -1.230986 7.806648
v -2.725774 -1.500675 8.580433
v -3.007998 -1.049217 7.704806
v -3.025033 -1.132826 7.701471
v -3.121266 -1.210473 7.694056
v -3.122637 -0.914011 7.465094
v -3.051704 -1.138284 7.437388
v -3.137931 -1.214405 7.429317
v -3.047045 -1.046510 7.456831
v -3.061795 -1.137706 7.368738
v -3.142953 -1.210897 7.376694
v -3.147971 -1.207389 7.324075
v -3.056952 -1.046278 7.388749
v -3.132114 -0.923323 7.389865
v -3.071888 -1.137128 7.300088
v -3.227560 -0.892680 7.404725
v -3.304547 -0.919221 7.371155
v -3.229203 -0.888736 7.352862
v -3.344831 -0.955801 7.191558
v -3.066864 -1.044523 7.310761
v -3.146322 -1.140351 7.165123
v -3.234619 -1.205438 7.179199
v -3.145239 -0.927232 7.309608
v -3.259566 -0.933444 7.167632
v -3.142563 -1.063020 7.161878
v -3.204405 -1.091266 7.110347
v -3.304268 -1.151546 7.112770
v -3.194880 -0.969878 7.159436
v -3.251783 -0.994454 7.110698
v -3.350615 -1.030889 7.127204
v -2.769259 -1.631451 8.396165
v -2.723603 -1.707632 8.119110
v -2.711454 -1.727846 8.041466
v -2.699123 -1.753435 7.966849
v -2.672668 -1.807374 7.756486
v -2.677325 -1.829381 7.713007
v -2.680656 -1.695062 7.737002
v -2.683561 -1.634711 7.947375
v -2.692076 -1.599683 8.016430
v -2.703881 -1.589379 8.085485
v -2.717522 -1.517300 8.419209
v -2.811223 -1.358224 8.329476
v -2.791728 -1.491403 8.035057
v -2.775755 -1.505917 7.969920
v -2.760533 -1.532599 7.907136
v -2.738806 -1.611665 7.696686
v -2.922420 -1.477848 8.040473
v -2.901179 -1.500561 7.947839
v -2.876078 -1.526525 7.866991
v -2.837841 -1.586968 7.663240
v -2.826962 -1.601618 7.611691
v -2.735687 -1.627910 7.659047
v -2.826641 -1.629713 7.549543
v -2.679334 -1.717640 7.688466
v -2.678720 -1.846243 7.659781
v -2.674240 -1.731078 7.651262
v -2.730135 -1.644865 7.614614
v -2.828752 -1.750324 7.408828
v -2.727360 -1.914129 7.491231
v -2.770570 -1.778463 7.423826
v -2.811808 -1.818279 7.383576
v -2.724359 -1.850975 7.464026
v -2.769396 -1.895057 7.421954
v -3.298488 -1.238579 8.549607
v -3.387277 -1.095035 8.527126
v -3.250966 -1.225063 8.399703
v -3.337102 -1.084553 8.396116
v -3.248218 -1.205348 8.294194
v -3.314588 -1.082405 8.285229
v -3.269541 -1.196722 7.944626
v -3.279690 -1.192642 7.828278
v -3.328923 -1.058870 7.961994
v -3.265063 -1.185059 7.696274
v -3.343461 -1.054245 7.845753
v -3.337826 -1.049200 7.714799
v -3.259613 -1.186035 7.433829
v -3.336614 -1.034423 7.454523
v -3.339229 -1.035079 7.415444
v -3.264683 -1.185117 7.391876
v -3.341846 -1.035735 7.376366
v -3.271966 -1.179718 7.342499
v -3.309960 -1.153624 7.207852
v -3.354167 -1.044787 7.218954
v 5.373794 -2.214064 10.226314
v 5.501875 -2.296842 9.949392
v 5.398957 -2.259108 9.945560
v 5.504714 -2.315157 9.858039
v 5.332098 -2.255666 10.274776
v 5.402699 -2.274355 9.853648
v 5.446209 -2.323313 9.744360
v 5.310386 -2.324045 9.955202
v 5.381131 -2.295519 9.756520
v 5.412488 -2.346265 9.523009
v 5.297958 -2.333434 9.867677
v 5.321029 -2.333091 9.525797
v 5.408883 -2.352928 9.478520
v 5.286999 -2.341999 9.775273
v 5.307972 -2.343320 9.462553
v 5.405405 -2.365907 9.434293
v 5.302084 -2.363404 9.395412
v 5.408962 -2.419248 9.281351
v 5.248104 -2.396776 9.487970
v 5.257150 -2.382743 9.555195
v 5.292252 -2.460746 9.976359
v 5.272898 -2.468628 9.890582
v 5.259246 -2.484860 9.798514
v 5.311505 -2.377660 10.317282
v 5.350773 -2.227809 10.311826
v 5.367630 -2.202203 10.321735
v 5.323724 -2.375803 10.356399
v 5.328772 -2.377162 10.359842
v 5.295429 -2.527341 10.319589
v 5.350253 -2.489885 10.309719
v 5.386858 -2.491865 10.343573
v 5.325244 -2.534289 9.987020
v 5.455050 -2.526306 10.305675
v 5.471597 -2.525114 10.356759
v 5.425644 -2.572492 9.986400
v 5.452012 -2.560561 10.375301
v 5.311278 -2.545816 9.898889
v 5.437670 -2.583340 9.906196
v 5.291661 -2.552757 9.803302
v 5.361783 -2.596883 9.787378
v 5.222614 -2.511768 9.579175
v 5.244451 -2.592023 9.572622
v 5.333250 -2.640809 9.557620
v 5.241544 -2.600902 9.511698
v 5.328030 -2.645553 9.511093
v 5.322810 -2.650299 9.464569
v 5.219721 -2.520883 9.518812
v 5.238637 -2.609784 9.450772
v 5.214860 -2.530350 9.449779
v 5.279899 -2.620045 9.320600
v 5.371538 -2.655371 9.322838
v 5.258414 -2.555641 9.309263
v 5.308528 -2.575835 9.256131
v 5.406884 -2.606700 9.245490
v 5.326217 -2.484075 9.235305
v 5.420535 -2.492551 9.234074
v 5.240134 -2.419021 9.423474
v 5.280647 -2.466476 9.285499
v 5.328084 -2.421250 9.275204
v 5.299139 -2.582411 10.280304
v 5.433750 -2.642902 10.345866
v 5.276627 -2.638187 10.247620
v 5.382138 -2.714473 10.233947
v 5.296316 -2.853302 9.926223
v 5.192115 -2.831131 9.915750
v 5.280327 -2.899626 9.819202
v 5.176351 -2.679970 10.286953
v 5.206607 -2.630615 10.329510
v 5.171025 -2.884175 9.813828
v 5.235192 -2.961532 9.711276
v 5.090736 -2.864964 9.928203
v 5.140344 -2.929818 9.732909
v 5.171813 -3.078017 9.491076
v 5.204246 -2.583149 10.370616
v 5.117265 -2.820666 10.385386
v 5.058436 -2.928335 9.854749
v 5.089922 -3.066161 9.495903
v 5.164251 -3.100136 9.449708
v 5.143610 -2.802472 10.415680
v 5.037292 -3.017227 10.022186
v 5.046178 -2.964036 9.764281
v 5.132016 -2.784667 10.467097
v 5.161132 -2.930754 10.413280
v 5.029962 -3.057468 9.938883
v 5.169928 -2.918713 10.458073
v 5.143267 -2.899373 10.484169
v 5.086012 -3.092187 10.054993
v 5.017118 -2.947086 10.546861
v 5.322907 -2.944183 10.387026
v 5.317218 -2.920491 10.472732
v 5.208735 -3.144879 10.053927
v 5.067407 -2.981136 10.369561
v 5.074650 -3.139170 9.964950
v 5.197403 -3.194375 9.963416
v 4.887390 -3.082343 10.637400
v 5.001112 -3.106361 9.846182
v 5.039931 -3.177420 9.873300
v 5.149411 -3.234980 9.866513
v 5.009786 -3.094915 9.548393
v 5.001266 -3.310230 9.646700
v 5.100878 -3.368124 9.642243
v 4.975540 -3.222515 9.625097
v 4.993568 -3.342627 9.585820
v 5.091591 -3.390689 9.595221
v 5.082303 -3.413255 9.548199
v 4.967911 -3.254951 9.564905
v 5.002722 -3.139147 9.486507
v 4.985876 -3.375025 9.524942
v 5.086051 -3.092918 9.452020
v 5.156684 -3.122257 9.408337
v 5.073692 -3.115175 9.406631
v 5.160283 -3.237824 9.260530
v 4.957418 -3.291019 9.495822
v 5.022562 -3.435267 9.387858
v 5.126389 -3.472393 9.396347
v 4.996264 -3.180775 9.416837
v 5.069034 -3.241819 9.261133
v 4.996214 -3.371117 9.353283
v 5.048890 -3.412866 9.300749
v 5.159194 -3.450162 9.293402
v 5.017498 -3.285642 9.292792
v 5.065241 -3.323502 9.242747
v 5.171246 -3.333481 9.237234
v 4.847726 -3.188649 10.488540
v 4.751719 -3.261407 10.223708
v 4.725846 -3.281015 10.149338
v 4.697980 -3.305238 10.078547
v 4.634132 -3.360164 9.876635
v 4.625986 -3.385467 9.835528
v 4.683515 -3.262066 9.845084
v 4.728278 -3.191938 10.047535
v 4.755833 -3.157991 10.112002
v 4.776771 -3.147971 10.178900
v 4.846834 -3.061943 10.502078
v 4.986814 -2.960404 10.391479
v 4.891037 -3.097008 10.114050
v 4.864985 -3.108931 10.051702
v 4.835086 -3.132102 9.992926
v 4.765769 -3.211898 9.793323
v 5.016598 -3.136003 10.111341
v 4.980093 -3.155439 10.022813
v 4.939825 -3.175416 9.946526
v 4.863225 -3.231117 9.752463
v 4.842991 -3.244144 9.703359
v 4.753257 -3.228401 9.757807
v 4.826261 -3.274469 9.644603
v 4.669219 -3.285905 9.799321
v 4.615991 -3.405511 9.784365
v 4.656028 -3.299024 9.764040
v 4.737636 -3.245104 9.715740
v 4.768758 -3.396397 9.517406
v 4.619236 -3.499774 9.621615
v 4.705780 -3.397931 9.538220
v 4.724506 -3.453778 9.500327
v 4.638702 -3.442882 9.588119
v 4.659088 -3.504280 9.548665
v 5.485486 -2.805639 10.604557
v 5.566241 -2.677901 10.515789
v 5.447225 -2.878646 10.413610
v 5.498905 -2.744636 10.362304
v 5.413114 -2.914709 10.318406
v 5.437303 -2.805098 10.234736
v 5.344453 -3.078768 10.016580
v 5.324084 -3.131936 9.914525
v 5.364395 -2.944176 9.950866
v 5.275911 -3.193166 9.806695
v 5.347957 -2.996244 9.847117
v 5.309096 -3.057942 9.738077
v 5.206611 -3.325547 9.590868
v 5.239763 -3.175186 9.515791
v 5.232765 -3.194886 9.482665
v 5.200731 -3.345005 9.553809
v 5.225767 -3.214583 9.449538
v 5.193796 -3.364036 9.507873
v 5.188437 -3.403794 9.371328
v 5.201062 -3.299186 9.318221
v -3.853488 0.122607 8.102107
v -3.833747 0.060466 8.048501
v -3.818219 0.080791 8.197184
v -3.779756 -0.000306 8.110126
v -3.809511 0.067879 8.225112
v -3.764497 -0.020439 8.135661
v -3.751999 -0.035291 8.158860
v -3.794644 0.049408 8.247236
v -3.742869 -0.047560 8.395207
v -3.708543 -0.145502 8.307880
v -3.738306 -0.092432 8.446396
v -3.707575 -0.185980 8.367507
v -3.712890 -0.127319 8.500899
v -3.683681 -0.219997 8.416806
v -3.654618 -0.244188 8.638115
v -3.633069 -0.338384 8.561870
v -3.635505 -0.293201 8.695659
v -3.614446 -0.388541 8.622693
v -3.632141 -0.365548 8.780532
v -3.608208 -0.476145 8.705211
v -3.541992 -0.710600 8.610106
v -3.508276 -0.667553 8.481154
v -3.455037 -0.852160 8.575828
v -3.439867 -0.800614 8.443689
v -3.505948 -0.631687 8.362024
v -3.462827 -0.744266 8.319268
v -3.517683 -0.661710 8.068647
v -3.553210 -0.556078 8.112327
v -3.530702 -0.634279 7.985253
v -3.582756 -0.527271 8.025272
v -3.538062 -0.587143 7.858748
v -3.591507 -0.476156 7.920697
v -3.567075 -0.516475 7.638444
v -3.629599 -0.389138 7.714264
v -3.642194 -0.372082 7.680061
v -3.576858 -0.504170 7.604343
v -3.646914 -0.363596 7.641556
v -3.589278 -0.486018 7.565551
v -3.638372 -0.426605 7.465346
v -3.669316 -0.336908 7.509873
v 5.667336 -1.783523 9.601695
v 5.650082 -1.865633 9.592460
v 5.672527 -1.774957 9.710927
v 5.633447 -1.891809 9.689639
v 5.675740 -1.772834 9.742671
v 5.631810 -1.897683 9.725039
v 5.630691 -1.899937 9.755182
v 5.673071 -1.778952 9.774405
v 5.692315 -1.792785 9.957212
v 5.661353 -1.923905 9.941536
v 5.714236 -1.806138 10.020425
v 5.687841 -1.928928 10.008379
v 5.715254 -1.811079 10.089767
v 5.688564 -1.935596 10.072517
v 5.730618 -1.848011 10.274920
v 5.713618 -1.969220 10.261890
v 5.725098 -1.856728 10.404634
v 5.721638 -1.977069 10.391018
v 5.689067 -1.876284 10.541037
v 5.691856 -2.011351 10.529786
v 5.664477 -2.279012 10.432531
v 5.621823 -2.309536 10.312971
v 5.610013 -2.430448 10.479319
v 5.585385 -2.451714 10.358216
v 5.584090 -2.337728 10.206300
v 5.565760 -2.461182 10.234317
v 5.531395 -2.508154 9.971164
v 5.544899 -2.391194 9.949578
v 5.515129 -2.524506 9.885465
v 5.542649 -2.406016 9.854412
v 5.477396 -2.546213 9.757464
v 5.510462 -2.413198 9.742443
v 5.429935 -2.591660 9.533742
v 5.470161 -2.436526 9.520026
v 5.468549 -2.437305 9.479823
v 5.427103 -2.596827 9.496657
v 5.461030 -2.448606 9.442505
v 5.423889 -2.598978 9.452230
v 5.427773 -2.591556 9.326093
v 5.441790 -2.488431 9.313671
v -0.469799 -0.546645 18.153234
v -0.466939 -0.629361 18.160995
v -0.539859 -0.632437 18.121202
v -0.537168 -0.549487 18.116472
v -0.592243 -0.631249 18.056664
v -0.393713 -0.540297 18.161545
v -0.384584 -0.622490 18.169992
v -0.585565 -0.548389 18.056845
v -0.616116 -0.625979 17.977213
v -0.320494 -0.531409 18.140135
v -0.305333 -0.612869 18.146816
v -0.607620 -0.543521 17.983440
v -0.607843 -0.617429 17.894939
v -0.261289 -0.521334 18.092266
v -0.241250 -0.601965 18.095001
v -0.599977 -0.535621 17.907431
v -0.568685 -0.606900 17.822372
v -0.225112 -0.511607 18.025217
v -0.202092 -0.591436 18.022430
v -0.563800 -0.525893 17.840387
v -0.504602 -0.595995 17.770555
v -0.217469 -0.503707 17.949207
v -0.193819 -0.582885 17.940159
v -0.504595 -0.515819 17.792517
v -0.425351 -0.586375 17.747383
v -0.239525 -0.498838 17.875803
v -0.217692 -0.577615 17.860706
v -0.431376 -0.506931 17.771105
v -0.342996 -0.579504 17.756374
v -0.287921 -0.497741 17.816181
v -0.270076 -0.576428 17.796171
v -0.355290 -0.500583 17.779417
v -0.269664 -0.439863 17.959700
v -0.286545 -0.436137 17.903519
v -0.323586 -0.435297 17.857883
v -0.375148 -0.437472 17.829744
v -0.433381 -0.442330 17.823385
v -0.489421 -0.449133 17.839771
v -0.275513 -0.445909 18.017879
v -0.534734 -0.456844 17.876410
v -0.303203 -0.453354 18.069189
v -0.562423 -0.464289 17.927725
v -0.348516 -0.461065 18.105829
v -0.568273 -0.470335 17.985899
v -0.404555 -0.467868 18.122215
v -0.551392 -0.474062 18.042086
v -0.462788 -0.472726 18.115856
v -0.514351 -0.474901 18.087713
v -0.360608 -0.408375 18.029295
v -0.385132 -0.412548 18.049118
v -0.424767 -0.393243 17.978645
v -0.345623 -0.404346 18.001520
v -0.415460 -0.416230 18.057987
v -0.342457 -0.401074 17.970036
v -0.446976 -0.418859 18.054544
v -0.351593 -0.399057 17.939629
v -0.474881 -0.420037 18.039320
v -0.371640 -0.398603 17.914934
v -0.494927 -0.419582 18.014622
v -0.399545 -0.399780 17.899704
v -0.504063 -0.417565 17.984215
v -0.431061 -0.402409 17.896263
v -0.500898 -0.414293 17.952728
v -0.461389 -0.406091 17.905130
v -0.485912 -0.410264 17.924961
v 0.460488 -0.451713 18.071609
v 0.539732 -0.522269 18.026478
v 0.475649 -0.533174 18.078291
v 0.519693 -0.441639 18.023743
v 0.578891 -0.511740 17.953907
v 0.387269 -0.460601 18.093021
v 0.396398 -0.542794 18.101467
v 0.555870 -0.431911 17.956692
v 0.587163 -0.503190 17.871634
v 0.311184 -0.466949 18.084711
v 0.314043 -0.549665 18.092472
v 0.563513 -0.424011 17.880684
v 0.563290 -0.497919 17.792183
v 0.243815 -0.469791 18.047949
v 0.241123 -0.552741 18.052677
v 0.541457 -0.419142 17.807278
v 0.510906 -0.496732 17.727648
v 0.195418 -0.468693 17.988319
v 0.188740 -0.551553 17.988140
v 0.493061 -0.418045 17.747656
v 0.437986 -0.499808 17.687851
v 0.173362 -0.463825 17.914917
v 0.164866 -0.546283 17.908688
v 0.425692 -0.420887 17.710894
v 0.355632 -0.506679 17.678858
v 0.181005 -0.455925 17.838905
v 0.173139 -0.537733 17.826416
v 0.349606 -0.427235 17.702581
v 0.276380 -0.516299 17.702030
v 0.217182 -0.446198 17.771864
v 0.212297 -0.527204 17.753847
v 0.276388 -0.436123 17.723993
v 0.212710 -0.390639 17.917376
v 0.218559 -0.384593 17.859201
v 0.246248 -0.377148 17.807886
v 0.291562 -0.369437 17.771246
v 0.347601 -0.362635 17.754862
v 0.405834 -0.357776 17.761221
v 0.229591 -0.394366 17.973560
v 0.457396 -0.355601 17.789360
v 0.266632 -0.395205 18.019192
v 0.494438 -0.356441 17.834995
v 0.318194 -0.393030 18.047333
v 0.511318 -0.360167 17.891174
v 0.376427 -0.388172 18.053690
v 0.505469 -0.366214 17.949354
v 0.432466 -0.381370 18.037306
v 0.477780 -0.373658 18.000664
v 0.306101 -0.340341 17.970797
v 0.334006 -0.339163 17.986021
v 0.356215 -0.313548 17.910120
v 0.286055 -0.339886 17.946096
v 0.365522 -0.336534 17.989464
v 0.276919 -0.337869 17.915691
v 0.395850 -0.332852 17.980595
v 0.280084 -0.334597 17.884205
v 0.420374 -0.328680 17.960770
v 0.295070 -0.330568 17.856436
v 0.435359 -0.324650 17.932997
v 0.319594 -0.326395 17.836607
v 0.438525 -0.321378 17.901510
v 0.349922 -0.322713 17.827740
v 0.429389 -0.319361 17.871105
v 0.381437 -0.320084 17.831181
v 0.409343 -0.318907 17.846411
v -0.454644 -0.708282 18.137959
v -0.522013 -0.711124 18.101196
v -0.570410 -0.710026 18.041569
v -0.378559 -0.701934 18.146269
v -0.592466 -0.705157 17.968164
v -0.305340 -0.693046 18.124859
v -0.584823 -0.697258 17.892155
v -0.246135 -0.682971 18.076990
v -0.548646 -0.687530 17.825111
v -0.209958 -0.673244 18.009941
v -0.489441 -0.677456 17.777241
v -0.202315 -0.665344 17.933931
v -0.416222 -0.668568 17.755829
v -0.224371 -0.660475 17.860527
v -0.340136 -0.662220 17.764141
v -0.272767 -0.659378 17.800905
v -0.461419 -0.747799 17.811546
v -0.405380 -0.740997 17.795160
v -0.347146 -0.736138 17.801519
v -0.295584 -0.733963 17.829659
v -0.258543 -0.734803 17.875294
v -0.241663 -0.738529 17.931475
v -0.506733 -0.755510 17.848185
v -0.247512 -0.744576 17.989653
v -0.534422 -0.762955 17.899500
v -0.275201 -0.752021 18.040962
v -0.540271 -0.769001 17.957674
v -0.320514 -0.759732 18.077604
v -0.523390 -0.772728 18.013861
v -0.376554 -0.766534 18.093990
v -0.486349 -0.773568 18.059488
v -0.434787 -0.771393 18.087631
v -0.464312 -0.804519 17.915852
v -0.467478 -0.807791 17.947338
v -0.385168 -0.815621 17.938730
v -0.449327 -0.800490 17.888083
v -0.458342 -0.809808 17.977743
v -0.424803 -0.796317 17.868254
v -0.438295 -0.810262 18.002441
v -0.394475 -0.792635 17.859386
v -0.410390 -0.809085 18.017668
v -0.362959 -0.790006 17.862825
v -0.378875 -0.806456 18.021111
v -0.335054 -0.788829 17.878057
v -0.348547 -0.802774 18.012239
v -0.315008 -0.789283 17.902752
v -0.324023 -0.798601 17.992414
v -0.305872 -0.791299 17.933157
v -0.309037 -0.794572 17.964643
v 0.534847 -0.603276 18.008465
v 0.475642 -0.613350 18.056334
v 0.571024 -0.593547 17.941416
v 0.402423 -0.622238 18.077745
v 0.578667 -0.585648 17.865408
v 0.326338 -0.628586 18.069433
v 0.556612 -0.580779 17.792002
v 0.258969 -0.631428 18.032673
v 0.508215 -0.579682 17.732380
v 0.210572 -0.630330 17.973043
v 0.440846 -0.582524 17.695616
v 0.188516 -0.625461 17.899641
v 0.364760 -0.588872 17.687304
v 0.196159 -0.617562 17.823629
v 0.291542 -0.597760 17.708717
v 0.232337 -0.607834 17.756586
v 0.433836 -0.656442 17.732994
v 0.375602 -0.661301 17.726635
v 0.319563 -0.668103 17.743021
v 0.274250 -0.675814 17.779661
v 0.246561 -0.683260 17.830976
v 0.240711 -0.689305 17.889151
v 0.485398 -0.654267 17.761133
v 0.257592 -0.693032 17.945335
v 0.522439 -0.655107 17.806768
v 0.294633 -0.693872 17.990967
v 0.539320 -0.658834 17.862949
v 0.346195 -0.691697 18.019106
v 0.533470 -0.664880 17.921129
v 0.404428 -0.686838 18.025465
v 0.505781 -0.672325 17.972439
v 0.460468 -0.680036 18.009081
v 0.465974 -0.709587 17.834227
v 0.475110 -0.711604 17.864634
v 0.395815 -0.735925 17.870205
v 0.445928 -0.709133 17.809532
v 0.471945 -0.714876 17.896118
v 0.418023 -0.710310 17.794304
v 0.456959 -0.718905 17.923891
v 0.386507 -0.712939 17.790861
v 0.432436 -0.723078 17.943718
v 0.356179 -0.716621 17.799728
v 0.402108 -0.726760 17.952585
v 0.331656 -0.720794 17.819559
v 0.370592 -0.729389 17.949142
v 0.316670 -0.724823 17.847326
v 0.342687 -0.730566 17.933916
v 0.313504 -0.728095 17.878813
v 0.322640 -0.730112 17.909220
v 6.533027 -1.101171 0.452433
v 6.516796 -1.002931 0.458950
v 6.446830 -0.932070 0.452580
v 6.489322 -1.189266 0.435515
v 6.349853 -0.915656 0.435754
v 6.402377 -1.233567 0.414662
v 6.262908 -0.959957 0.414900
v 6.305398 -1.217153 0.397836
v 6.219202 -1.048053 0.397983
v 6.235433 -1.146292 0.391466
v 4.822983 -2.429690 10.450156
v 4.691289 -2.407400 10.427308
v 4.941052 -2.369530 10.478476
v 4.596279 -2.311172 10.418657
v 5.000402 -2.249899 10.501448
v 4.574237 -2.177766 10.427507
v 4.978361 -2.116492 10.510299
v 4.633588 -2.058134 10.450480
v 4.751657 -1.997975 10.478800
v 4.517647 -1.998769 10.661894
v 4.701972 -1.904851 10.706104
v 4.424993 -2.185532 10.626031
v 4.459404 -2.393800 10.612213
v 4.419182 -2.003315 11.018429
v 4.626689 -1.897585 11.068200
v 4.637956 -2.097594 11.161236
v 4.314875 -2.213568 10.978055
v 4.534201 -2.150460 11.136349
v 4.658838 -2.292657 11.203665
v 4.353611 -2.448032 10.962500
v 4.482047 -2.255587 11.116163
v 4.607731 -2.544025 10.625718
v 4.520595 -2.617151 10.977703
v 4.501418 -2.372817 11.108386
v 4.813322 -2.578825 10.661386
v 4.752045 -2.656327 11.017859
v 4.584907 -2.457378 11.115987
v 4.997647 -2.484907 10.705597
v 4.700633 -2.476965 11.136064
v 4.959552 -2.550596 11.067630
v 4.804388 -2.424099 11.160951
v 4.856540 -2.318974 11.181139
v 5.063859 -2.340344 11.108006
v 5.090301 -2.298144 10.741463
v 4.837173 -2.201741 11.188916
v 5.055892 -2.089874 10.755280
v 5.025124 -2.105879 11.123561
v 4.753679 -2.117183 11.181314
v 4.858140 -1.936760 11.108356
v 4.907563 -1.939650 10.741775
v 4.883349 -2.020265 10.501648
vn -0.4838 0.5794 0.6560
vn 0.9366 0.1773 -0.3022
vn 0.2006 0.0884 0.9757
vn 0.8486 0.5103 -0.1395
vn 0.5967 0.4763 -0.6458
vn 0.8273 0.5574 -0.0699
vn 0.9855 0.1384 -0.0982
vn 0.8303 0.5507 -0.0855
vn -0.6518 0.6624 0.3692
vn 0.7907 0.5584 0.2510
vn 0.8978 0.3465 0.2719
vn 0.9890 -0.1446 0.0306
vn -0.9557 0.2942 -0.0021
vn 0.8665 -0.1029 0.4884
vn -0.2354 0.9500 -0.2054
vn 0.9523 -0.1316 0.2753
vn 0.9223 0.2780 0.2685
vn 0.6643 0.7447 0.0643
vn 0.7902 0.5427 0.2847
vn 0.7579 0.6174 0.2107
vn 0.9508 0.2460 -0.1883
vn 0.2927 -0.9530 0.0785
vn 0.8031 0.5006 0.3232
vn 0.7225 0.5870 0.3653
vn 0.5417 -0.7644 0.3497
vn 0.1015 -0.8545 0.5094
vn 0.8163 0.3557 0.4552
vn 0.7205 0.5163 0.4629
vn 0.3260 -0.7484 0.5776
vn 0.4229 -0.8175 0.3910
vn 0.8375 0.4210 0.3483
vn 0.7401 0.5977 0.3084
vn 0.5473 -0.5667 0.6159
vn 0.6246 -0.7591 0.1834
vn 0.8125 -0.2889 0.5063
vn 0.7097 0.2484 0.6593
vn 0.5192 -0.3990 0.7558
vn 0.5364 0.3562 0.7651
vn 0.4337 0.6620 0.6113
vn 0.6718 -0.0424 0.7395
vn 0.5956 -0.5225 0.6102
vn 0.0378 -0.9993 0.0068
vn 0.5416 0.8116 0.2192
vn 0.6191 -0.3457 0.7051
vn 0.6981 -0.6220 0.3546
vn 0.6782 -0.7345 -0.0216
vn 0.6634 -0.6030 0.4431
vn 0.5112 -0.6473 0.5654
vn 0.4855 -0.7301 0.4808
vn 0.5675 -0.6543 0.4998
vn 0.7817 -0.4547 0.4268
vn 0.5400 -0.6722 0.5065
vn 0.5745 -0.6697 0.4706
vn 0.6318 -0.6674 0.3943
vn 0.8113 -0.4905 0.3183
vn 0.5277 -0.7207 0.4496
vn 0.5589 -0.6645 0.4961
vn 0.8528 -0.4374 0.2853
vn 0.4628 -0.5600 0.6872
vn 0.7573 -0.6061 -0.2431
vn 0.4111 -0.7684 0.4905
vn -0.3070 -0.1675 -0.9369
vn 0.5205 -0.4910 0.6985
vn -0.1199 -0.9392 0.3217
vn 0.9844 0.1057 0.1407
vn 0.2576 -0.8235 0.5054
vn 0.0651 -0.8168 0.5732
vn 0.6226 0.7805 0.0563
vn 0.6598 0.7416 0.1211
vn 0.0509 -0.8538 0.5181
vn 0.7178 -0.6294 0.2976
vn 0.3416 -0.6841 0.6445
vn 0.2174 -0.8395 0.4981
vn 0.2944 -0.8122 0.5036
vn 0.9735 0.2077 0.0955
vn 0.8425 0.5059 0.1852
vn 0.5634 -0.6611 0.4955
vn 0.9670 0.2318 0.1058
vn 0.8837 0.3779 0.2762
vn 0.5772 -0.6945 0.4296
vn 0.8588 0.2897 0.4226
vn 0.8907 0.2837 0.3553
vn 0.9505 -0.2658 0.1611
vn 0.9855 0.1130 0.1268
vn 0.9460 0.1688 0.2767
vn 0.9180 0.1195 0.3782
vn 0.9600 -0.2085 0.1870
vn 0.9377 -0.2280 0.2621
vn 0.9660 0.0199 0.2579
vn 0.9252 -0.3475 0.1523
vn 0.8533 -0.4900 0.1782
vn 0.8987 -0.3663 0.2412
vn 0.8900 -0.4160 0.1868
vn 0.8460 -0.4932 0.2028
vn 0.8302 -0.5386 0.1438
vn 0.8088 -0.5399 0.2331
vn 0.7222 -0.6199 0.3068
vn 0.6611 -0.7269 0.1859
vn 0.6365 -0.7267 0.2585
vn 0.6917 -0.6490 0.3167
vn 0.5937 -0.7415 0.3126
vn 0.5921 -0.7371 0.3258
vn 0.5619 -0.7401 0.3694
vn 0.5095 -0.7444 0.4315
vn 0.5733 -0.7076 0.4131
vn 0.5460 -0.7396 0.3935
vn 0.5755 -0.7496 0.3269
vn 0.5794 -0.7548 0.3075
vn 0.5773 -0.7738 0.2607
vn 0.6245 -0.6490 0.4346
vn 0.6167 -0.6755 0.4043
vn 0.6294 -0.6843 0.3683
vn 0.6080 -0.7201 0.3342
vn 0.2360 -0.8643 0.4442
vn 0.2613 -0.8722 0.4135
vn 0.2831 -0.8819 0.3770
vn 0.2448 -0.8667 0.4346
vn 0.2568 -0.8708 0.4193
vn 0.2866 -0.8440 0.4533
vn 0.2744 -0.8833 0.3801
vn 0.2771 -0.8980 0.3418
vn 0.2464 -0.8263 0.5065
vn 0.3098 -0.8500 0.4261
vn 0.1870 -0.9032 0.3864
vn 0.2746 -0.9013 0.3352
vn 0.2863 -0.8841 0.3694
vn 0.2292 -0.8500 0.4743
vn 0.1886 -0.7614 0.6203
vn -0.2398 -0.6299 0.7387
vn 0.2145 -0.8366 0.5040
vn 0.0533 -0.5829 0.8108
vn 0.3948 -0.9187 -0.0126
vn -0.7178 -0.0525 -0.6942
vn 0.1717 -0.0768 -0.9822
vn 0.2833 -0.6320 0.7213
vn 0.2428 -0.8519 0.4641
vn 0.3709 -0.5822 0.7235
vn 0.1161 -0.8970 0.4265
vn -0.1954 -0.5912 0.7825
vn -0.0470 -0.4179 0.9073
vn -0.2985 -0.1021 0.9489
vn -0.6164 -0.3024 0.7270
vn -0.7864 -0.6124 0.0813
vn -0.8602 -0.5096 0.0172
vn -0.5057 -0.4296 -0.7481
vn -0.4823 -0.5672 -0.6676
vn -0.5764 -0.6844 0.4465
vn -0.3122 -0.8201 -0.4795
vn -0.1410 -0.8576 0.4946
vn -0.0959 -0.9099 -0.4037
vn 0.0592 -0.9452 0.3212
vn -0.5900 -0.5773 -0.5645
vn -0.2485 -0.9404 0.2323
vn 0.1851 0.9782 0.0946
vn -0.7114 -0.6978 -0.0837
vn 0.6131 0.7633 0.2038
vn -0.4161 -0.8957 0.1567
vn -0.9446 -0.3246 -0.0482
vn 0.5255 0.7794 0.3412
vn -0.0342 -0.9579 0.2850
vn -0.9816 -0.1620 -0.1007
vn -0.0525 0.5962 0.8011
vn -0.7349 -0.6564 0.1702
vn -0.1239 -0.9556 0.2673
vn -0.8424 0.1225 -0.5247
vn -0.4595 -0.0672 0.8856
vn -0.9894 -0.0237 -0.1436
vn -0.8260 -0.5504 -0.1216
vn -0.9970 -0.0723 -0.0292
vn -0.6712 -0.7331 0.1097
vn 0.1332 -0.9371 0.3226
vn 0.2690 -0.9050 0.3297
vn 0.0812 -0.9491 0.3043
vn 0.2712 -0.9134 0.3036
vn -0.9637 0.2100 0.1647
vn -0.8122 -0.5765 -0.0897
vn -0.9993 -0.0017 0.0366
vn -0.9783 0.0053 0.2073
vn -0.9159 -0.0602 0.3968
vn -0.8316 -0.1962 0.5195
vn 0.2644 -0.9182 0.2950
vn 0.2612 -0.9159 0.3047
vn -0.7718 -0.6300 0.0864
vn -0.8787 -0.4268 0.2138
vn -0.8232 -0.4021 0.4008
vn -0.9043 -0.1772 0.3883
vn 0.2627 -0.9280 0.2642
vn 0.6332 -0.7140 0.2987
vn 0.2681 -0.9267 0.2633
vn 0.6296 -0.7340 0.2548
vn -0.6408 -0.7110 0.2896
vn -0.8499 -0.4088 0.3326
vn -0.9287 -0.1594 0.3347
vn 0.2998 -0.9376 0.1764
vn 0.5757 -0.7990 0.1737
vn 0.6291 -0.7580 0.1723
vn 0.5664 -0.8213 0.0686
vn -0.6131 -0.7186 0.3283
vn -0.8556 -0.4155 0.3086
vn -0.9142 -0.2047 0.3499
vn 0.6652 -0.7405 0.0959
vn -0.6446 -0.7121 0.2782
vn -0.8982 -0.4370 0.0482
vn -0.9730 -0.2188 0.0739
vn 0.3259 0.1414 -0.9348
vn 0.2439 0.2275 -0.9428
vn -0.6974 -0.7162 0.0243
vn 0.2073 0.3123 -0.9271
vn -0.5746 -0.8184 0.0103
vn 0.2078 0.5220 -0.8273
vn -0.5191 -0.8074 0.2805
vn -0.4116 -0.9111 -0.0224
vn 0.0858 0.6076 -0.7896
vn -0.1436 0.5784 -0.8030
vn -0.4978 -0.8061 0.3200
vn -0.3802 -0.8946 0.2347
vn -0.2983 -0.9167 0.2659
vn -0.5189 -0.8238 0.2281
vn -0.0119 -0.9884 0.1514
vn -0.0678 -0.9933 -0.0940
vn 0.1496 -0.9736 -0.1723
vn -0.2997 0.6341 -0.7128
vn 0.1811 -0.9816 0.0609
vn 0.2408 -0.9500 -0.1988
vn -0.3107 0.6454 -0.6978
vn 0.2787 -0.9604 -0.0034
vn 0.2893 -0.9310 -0.2224
vn -0.3458 0.7176 -0.6045
vn 0.0687 -0.9905 0.1188
vn 0.2678 -0.9628 0.0350
vn 0.3363 -0.9417 -0.0085
vn 0.6365 -0.6982 -0.3276
vn 0.4689 0.6805 -0.5631
vn 0.3723 -0.9279 -0.0202
vn 0.8622 -0.4663 -0.1982
vn 0.7814 0.5588 -0.2777
vn 0.5223 -0.6038 -0.6022
vn 0.4325 -0.9013 -0.0252
vn 0.3118 -0.9166 -0.2504
vn -0.8626 -0.4347 -0.2587
vn 0.3234 -0.9460 0.0241
vn 0.2154 -0.9716 0.0976
vn -0.0395 -0.9823 -0.1833
vn -0.8223 0.0228 -0.5686
vn -0.0298 -0.9876 0.1544
vn 0.1523 -0.9318 -0.3296
vn -0.3294 0.6830 -0.6520
vn 0.5588 -0.7992 -0.2217
vn -0.3020 0.5653 -0.7676
vn -0.3850 -0.8942 0.2285
vn 0.5404 -0.8410 -0.0261
vn 0.6224 -0.7495 -0.2257
vn -0.3636 0.5623 -0.7427
vn 0.6341 -0.7732 -0.0037
vn 0.7610 -0.6399 -0.1070
vn 0.8471 -0.5203 -0.1082
vn -0.4308 0.4294 -0.7938
vn 0.7469 -0.6604 0.0776
vn 0.9880 -0.1521 -0.0272
vn -0.4457 0.2706 -0.8533
vn 0.8794 -0.4574 0.1323
vn 0.9990 0.0417 0.0159
vn -0.4617 0.1311 -0.8773
vn 0.6396 -0.7682 0.0275
vn 0.7775 -0.6207 0.1008
vn 0.9586 0.2802 0.0508
vn -0.4602 -0.0492 -0.8865
vn 0.8853 0.4608 0.0623
vn -0.4558 -0.1329 -0.8801
vn 0.7607 0.6488 0.0227
vn -0.3702 -0.2687 -0.8893
vn 0.5511 -0.8342 0.0180
vn 0.6693 -0.7383 0.0834
vn 0.6700 -0.7423 0.0102
vn 0.3488 -0.9340 0.0774
vn 0.3346 -0.9396 -0.0723
vn 0.5050 -0.8631 0.0009
vn 0.2079 -0.9772 -0.0434
vn 0.2475 -0.9537 0.1709
vn 0.1454 -0.9875 0.0610
vn 0.2472 -0.9655 0.0817
vn 0.2754 -0.9613 0.0073
vn 0.1941 -0.9666 0.1675
vn 0.2221 -0.9463 0.2350
vn -0.0786 -0.9826 0.1684
vn -0.0202 -0.9728 0.2306
vn -0.1017 -0.9819 0.1595
vn -0.3526 -0.9216 0.1623
vn -0.1892 -0.9640 0.1866
vn -0.2802 -0.9531 0.1147
vn -0.3308 -0.9362 0.1186
vn -0.5384 -0.8381 0.0879
vn -0.6650 -0.7338 0.1387
vn 0.8896 -0.4389 -0.1261
vn 0.9555 0.0586 0.2891
vn 0.9389 0.2181 -0.2661
vn 0.5703 0.5518 0.6085
vn 0.7969 0.5815 0.1635
vn 0.8849 0.4551 -0.0995
vn 0.2999 0.4838 0.8222
vn 0.2441 0.5188 0.8193
vn 0.1201 0.7504 0.6500
vn 0.5635 0.8180 0.1154
vn 0.4812 0.8590 -0.1749
vn 0.4066 0.7256 0.5551
vn 0.1239 0.7291 0.6731
vn 0.0131 0.9912 0.1318
vn 0.1366 0.9578 -0.2528
vn 0.0531 0.8769 0.4778
vn 0.0369 0.8172 0.5751
vn -0.1965 0.8088 0.5543
vn -0.4145 0.6904 0.5929
vn -0.1621 0.9523 -0.2585
vn 0.2978 0.8635 -0.4070
vn 0.3874 0.8956 -0.2185
vn 0.9371 0.2380 0.2552
vn -0.2864 0.9529 0.0993
vn -0.1484 0.9023 0.4047
vn -0.2026 0.9747 -0.0943
vn -0.2491 0.9594 0.1324
vn 0.8529 0.5173 0.0708
vn -0.1778 0.9478 0.2647
vn -0.3169 0.9409 0.1192
vn -0.4097 0.9066 0.1014
vn -0.2386 0.7651 0.5981
vn -0.2195 0.9733 -0.0671
vn -0.3399 0.9108 0.2345
vn -0.5134 0.6585 0.5503
vn -0.6408 0.6217 0.4503
vn -0.6128 0.4341 0.6603
vn -0.4669 0.8314 0.3013
vn -0.3233 0.9427 -0.0828
vn -0.2929 0.9521 -0.0882
vn -0.3638 0.9204 -0.1431
vn -0.0088 0.9923 -0.1237
vn -0.2275 0.9577 -0.1762
vn 0.0068 0.9755 -0.2199
vn 0.3052 0.9356 -0.1774
vn 0.9447 0.3159 -0.0877
vn 0.8731 0.4875 -0.0111
vn 0.4165 0.8996 -0.1311
vn 0.0050 0.9948 -0.1019
vn 0.7134 0.6895 0.1246
vn 0.4982 0.8657 0.0493
vn 0.6596 0.6510 0.3758
vn 0.0450 0.9990 -0.0063
vn -0.1692 0.9765 -0.1334
vn 0.3732 0.8765 0.3040
vn 0.5598 0.7251 0.4011
vn -0.2481 0.9673 -0.0535
vn -0.0511 0.9783 0.2009
vn 0.2918 0.8839 0.3655
vn 0.5734 0.7644 0.2949
vn 0.6068 0.7938 -0.0408
vn -0.2834 -0.3925 -0.8750
vn 0.3414 0.8634 0.3714
vn 0.3910 0.9120 0.1243
vn -0.1051 -0.4431 -0.8903
vn -0.0150 0.9210 0.3893
vn -0.2842 0.9411 0.1833
vn 0.0162 0.9904 0.1375
vn 0.0903 -0.4305 -0.8981
vn -0.0088 0.9153 0.4028
vn -0.2770 0.9548 0.1077
vn 0.2323 -0.4364 -0.8692
vn -0.2523 0.8920 0.3751
vn -0.2712 0.8890 0.3690
vn -0.3912 0.9150 -0.0988
vn -0.4154 0.9075 0.0623
vn 0.2886 -0.4338 -0.8536
vn 0.2765 -0.4345 -0.8572
vn -0.3808 0.9069 0.1803
vn -0.4387 0.8942 -0.0887
vn -0.3522 0.9263 -0.1336
vn -0.3970 0.8584 0.3250
vn -0.3644 0.8605 0.3560
vn -0.4376 0.8949 0.0878
vn -0.4082 0.9033 -0.1317
vn -0.4534 0.8912 0.0120
vn 0.2124 -0.4239 -0.8805
vn -0.4215 0.8564 0.2981
vn -0.4596 0.8845 0.0799
vn 0.1758 -0.4383 -0.8815
vn -0.4835 0.8660 -0.1274
vn -0.4657 0.8742 -0.1374
vn -0.4985 0.8668 0.0112
vn 0.1431 -0.4489 -0.8820
vn -0.4490 0.8382 0.3094
vn -0.6050 0.7941 0.0583
vn 0.1677 -0.3814 -0.9091
vn -0.8362 0.5450 0.0612
vn 0.2447 -0.2929 -0.9243
vn -0.4371 0.8822 -0.1753
vn -0.4163 0.8439 0.3384
vn -0.5570 0.7456 0.3659
vn -0.9762 0.2151 0.0290
vn 0.3684 -0.1199 -0.9219
vn -0.4006 0.8981 0.1814
vn -0.4791 0.8079 0.3430
vn -0.7619 0.5063 0.4038
vn -0.9967 -0.0773 0.0251
vn 0.3692 0.0307 -0.9289
vn -0.5055 0.8453 0.1731
vn -0.5835 0.7174 0.3806
vn -0.8955 0.2024 0.3963
vn -0.9215 -0.0796 0.3801
vn -0.7547 0.5099 0.4129
vn -0.6497 0.7383 0.1814
vn -0.8856 0.1991 0.4197
vn -0.9223 -0.0494 0.3833
vn -0.8169 0.5304 0.2268
vn -0.5020 0.8627 -0.0605
vn -0.9491 -0.0040 0.3150
vn -0.9354 0.2398 0.2597
vn -0.6504 0.7563 -0.0706
vn -0.5421 0.8340 -0.1028
vn -0.8636 -0.3432 0.3693
vn -0.9953 0.0575 0.0774
vn -0.8741 0.4841 -0.0412
vn -0.4802 -0.8766 0.0307
vn -0.6252 0.7757 -0.0862
vn -0.5471 0.8221 -0.1577
vn -0.9885 0.0176 -0.1504
vn -0.8292 0.5427 -0.1336
vn -0.5548 -0.7324 0.3948
vn -0.5940 0.7884 -0.1598
vn -0.5357 0.8241 -0.1840
vn -0.9845 -0.1574 0.0769
vn -0.6941 -0.6910 0.2019
vn -0.7870 -0.5956 -0.1611
vn -0.2359 -0.7931 0.5615
vn 0.7492 -0.1928 0.6337
vn -0.7610 0.6245 -0.1757
vn -0.7813 0.5994 -0.1738
vn -0.7985 0.5432 -0.2594
vn 0.7326 -0.5905 0.3386
vn -0.5829 0.7933 -0.1755
vn -0.6963 0.7079 -0.1185
vn -0.7886 0.6133 -0.0452
vn -0.7371 0.6517 0.1789
vn -0.5971 0.7958 -0.1008
vn -0.6563 0.7540 0.0282
vn -0.6394 0.6664 0.3835
vn -0.8828 0.4688 -0.0282
vn -0.5833 0.8109 0.0473
vn -0.6099 0.7023 0.3672
vn -0.5506 0.8306 -0.0829
vn -0.8783 0.1384 0.4576
vn -0.9248 0.1751 -0.3377
vn -0.5058 0.8592 0.0773
vn -0.4244 0.9025 -0.0736
vn -0.5432 0.7678 0.3397
vn -0.5416 0.5176 0.6624
vn -0.5433 0.4250 0.7240
vn -0.4107 0.2084 0.8876
vn -0.6382 0.1018 0.7631
vn -0.5555 0.1139 0.8237
vn -0.9435 -0.2830 0.1723
vn -0.7366 0.0532 -0.6742
vn -0.0310 0.4121 -0.9106
vn 0.1336 -0.6146 -0.7774
vn 0.6149 0.4922 -0.6162
vn -0.7020 0.6163 0.3570
vn 0.9882 0.1104 0.1065
vn 0.5820 -0.7221 -0.3740
vn -0.0336 0.3077 0.9509
vn -0.5299 0.8128 -0.2419
vn -0.6474 -0.5714 0.5044
vn 0.3979 -0.9170 0.0274
vn -0.4484 0.8382 0.3104
vn -0.5710 0.5215 0.6341
vn -0.5315 0.8172 -0.2228
vn 0.9756 0.2148 0.0456
vn 0.8075 -0.0963 0.5820
vn 0.3785 0.9244 -0.0467
vn 0.5868 0.1325 0.7988
vn -0.6898 0.5812 0.4316
vn -0.5569 0.8160 -0.1548
vn 0.5883 -0.0207 0.8084
vn -0.0500 -0.4824 0.8745
vn -0.4502 -0.0917 0.8882
vn -0.1394 0.7509 0.6455
vn -0.2325 0.3638 0.9020
vn -0.8642 0.4145 0.2852
vn -0.7339 0.6293 -0.2556
vn 0.2156 -0.9738 -0.0722
vn 0.3441 -0.7782 -0.5253
vn -0.7312 0.1312 0.6694
vn 0.3104 -0.4788 -0.8212
vn -0.5863 -0.0799 0.8062
vn 0.2082 -0.2238 -0.9521
vn -0.3113 0.1540 0.9377
vn -0.4819 -0.3173 0.8168
vn 0.0650 -0.0193 -0.9977
vn -0.3314 -0.1283 0.9347
vn -0.3011 -0.5341 0.7900
vn -0.1267 0.1532 -0.9800
vn -0.3903 -0.1033 0.9149
vn -0.1777 -0.3538 0.9183
vn -0.1171 -0.7428 0.6592
vn -0.3373 0.3320 -0.8809
vn -0.2269 -0.3383 0.9133
vn 0.0559 -0.5888 0.8064
vn 0.1011 -0.8732 0.4768
vn -0.5494 0.4345 -0.7137
vn -0.1726 -0.3422 0.9236
vn 0.0820 -0.5815 0.8094
vn 0.3098 -0.7262 0.6137
vn 0.2965 -0.9316 0.2105
vn -0.7493 0.4732 -0.4633
vn -0.1275 -0.2849 0.9500
vn 0.1501 -0.5624 0.8131
vn 0.3247 -0.7118 0.6228
vn -0.0027 -0.5515 0.8342
vn 0.2440 -0.6991 0.6721
vn 0.5000 -0.7891 0.3567
vn 0.4530 -0.8835 -0.1193
vn -0.8842 0.4310 -0.1800
vn 0.0712 -0.6928 0.7176
vn 0.4704 -0.7844 0.4043
vn 0.6615 -0.7499 -0.0094
vn 0.5372 -0.7191 -0.4408
vn -0.9429 0.2904 0.1629
vn 0.6619 -0.7496 0.0004
vn 0.4021 -0.8150 0.4171
vn 0.0010 -0.6981 0.7160
vn 0.7470 -0.5603 -0.3578
vn 0.5067 -0.4806 -0.7157
vn -0.9019 0.0706 0.4261
vn 0.6488 -0.7608 -0.0164
vn 0.3565 -0.8368 0.4156
vn 0.3157 -0.8367 0.4476
vn 0.5638 -0.8240 0.0559
vn 0.5935 -0.8037 -0.0423
vn 0.7157 -0.6493 -0.2573
vn 0.7325 -0.5666 -0.3773
vn 0.7072 -0.6118 -0.3542
vn 0.8608 -0.2743 -0.4287
vn 0.6676 -0.6599 -0.3447
vn 0.7116 -0.2927 -0.6388
vn 0.7596 0.1296 -0.6374
vn 0.6705 -0.2958 -0.6804
vn 0.6626 -0.3850 -0.6424
vn 0.6388 -0.3135 -0.7026
vn 0.4242 -0.1663 -0.8902
vn -0.7805 -0.1650 0.6030
vn 0.8299 0.5165 -0.2110
vn 0.6143 0.0049 -0.7891
vn 0.2482 0.0768 -0.9657
vn -0.6140 -0.4040 0.6781
vn 0.5867 -0.0905 -0.8048
vn 0.4839 -0.0136 -0.8750
vn 0.5645 0.0370 -0.8246
vn 0.4421 0.6765 -0.5890
vn 0.4662 0.2653 -0.8440
vn 0.0543 0.3297 -0.9425
vn -0.4227 -0.6160 0.6647
vn 0.5663 0.0958 -0.8186
vn 0.3555 0.0194 -0.9345
vn 0.4452 0.2412 -0.8623
vn 0.2088 0.7198 -0.6620
vn 0.2667 0.4837 -0.8336
vn -0.1907 0.5230 -0.8307
vn -0.1900 -0.8229 0.5355
vn 0.0994 0.5178 -0.8497
vn 0.1760 0.4063 -0.8966
vn 0.2409 0.3473 -0.9063
vn 0.0004 0.6783 -0.7348
vn -0.4445 0.6487 -0.6177
vn 0.0163 -0.9447 0.3274
vn -0.0310 0.6681 -0.7434
vn -0.0438 0.7387 -0.6726
vn -0.2340 0.8040 -0.5467
vn -0.2019 0.7773 -0.5958
vn -0.1697 0.7379 -0.6532
vn -0.0657 0.6213 -0.7808
vn 0.1917 0.9230 0.3335
vn -0.9115 0.3976 0.1055
vn -0.5478 -0.5494 0.6310
vn -0.8031 0.4606 -0.3781
vn 0.0117 -0.4901 0.8716
vn 0.4665 0.6990 -0.5421
vn 0.1096 -0.9844 0.1374
vn -0.7736 0.2364 -0.5879
vn -0.8729 -0.4877 0.0134
vn 0.9135 0.3644 -0.1812
vn -0.9080 -0.4050 -0.1072
vn 0.2147 0.5318 -0.8192
vn -0.8771 -0.4720 -0.0893
vn -0.8429 -0.5363 -0.0435
vn -0.9254 -0.1302 -0.3558
vn -0.4836 0.3325 -0.8097
vn -0.8467 -0.5036 -0.1717
vn -0.7635 -0.6326 -0.1302
vn -0.9548 -0.2237 -0.1958
vn 0.9153 0.1718 -0.3644
vn 0.8624 0.3109 -0.3995
vn 0.9440 -0.0216 -0.3292
vn -0.9140 -0.2980 -0.2753
vn 0.8801 -0.3624 -0.3067
vn -0.9146 0.0326 -0.4031
vn 0.7781 -0.5477 -0.3075
vn -0.9295 0.1796 -0.3222
vn -0.7946 0.4440 -0.4141
vn 0.5915 -0.7407 -0.3185
vn -0.5499 0.7246 -0.4154
vn 0.3489 -0.8739 -0.3384
vn -0.7514 0.5344 -0.3871
vn -0.9069 0.0943 -0.4107
vn -0.0114 0.8674 -0.4974
vn 0.1537 -0.9258 -0.3455
vn -0.6322 0.6437 -0.4312
vn 0.3526 0.8427 -0.4069
vn 0.0698 -0.9147 -0.3980
vn -0.8886 -0.0833 -0.4510
vn -0.8695 0.0677 -0.4893
vn -0.7125 0.4697 -0.5213
vn -0.0743 0.8991 -0.4314
vn 0.4706 0.8322 -0.2933
vn -0.0357 -0.8697 -0.4923
vn -0.6270 0.3784 -0.6809
vn 0.0308 0.9969 -0.0728
vn -0.6693 0.2618 -0.6953
vn -0.5706 0.6402 -0.5143
vn 0.3447 0.9048 -0.2500
vn 0.5569 0.8200 -0.1323
vn -0.1062 -0.8020 -0.5878
vn 0.0371 0.9262 -0.3752
vn 0.4269 0.8707 -0.2442
vn 0.4620 0.8797 -0.1125
vn -0.4150 0.4709 -0.7784
vn 0.6283 0.7778 0.0148
vn -0.2524 -0.6469 -0.7195
vn 0.5500 0.8350 0.0193
vn 0.7396 0.6179 0.2669
vn 0.7902 0.5844 0.1847
vn -0.3404 -0.4776 -0.8100
vn 0.8411 0.3679 0.3965
vn -0.3846 -0.2192 -0.8967
vn 0.5276 0.8332 -0.1655
vn 0.8809 0.0290 0.4724
vn -0.3492 -0.1221 -0.9291
vn 0.8684 0.2285 0.4400
vn 0.8904 0.3315 0.3120
vn 0.8694 -0.0791 0.4878
vn 0.8954 -0.1515 0.4187
vn -0.2182 0.0538 -0.9744
vn 0.6178 0.7858 -0.0287
vn 0.8326 -0.3445 0.4337
vn 0.6793 -0.4720 0.5620
vn -0.0311 0.0040 -0.9995
vn 0.0795 0.0942 -0.9924
vn 0.7567 0.6059 0.2456
vn 0.7215 -0.3897 0.5724
vn 0.7032 -0.4270 0.5685
vn 0.8954 -0.0560 0.4417
vn 0.5071 -0.7007 0.5019
vn 0.3572 0.2852 -0.8894
vn 0.1694 -0.7890 0.5906
vn -0.1096 -0.9269 0.3590
vn 0.5433 0.4089 -0.7332
vn -0.2712 -0.9380 0.2158
vn 0.6598 0.3886 -0.6432
vn -0.3102 -0.8709 0.3811
vn -0.4899 -0.8707 0.0441
vn 0.8043 0.3641 -0.4697
vn 0.8636 -0.1411 0.4840
vn 0.1436 -0.8094 0.5695
vn -0.5457 -0.8089 0.2188
vn -0.6524 -0.7560 -0.0542
vn -0.7658 -0.6428 0.0218
vn -0.8131 -0.5732 0.1009
vn -0.1036 -0.6523 -0.7509
vn -0.7053 -0.6968 0.1307
vn -0.3773 -0.7325 -0.5667
vn -0.3802 -0.8929 0.2413
vn -0.6551 -0.7256 0.2106
vn 0.0659 -0.6352 -0.7695
vn -0.2080 -0.9386 0.2754
vn -0.2728 -0.9339 -0.2311
vn 0.6405 -0.1764 -0.7474
vn 0.2596 -0.7684 0.5849
vn -0.0934 -0.9909 -0.0969
vn 0.4178 -0.6476 -0.6372
vn 0.0477 -0.9194 0.3905
vn 0.3448 -0.9341 0.0928
vn 0.4061 -0.8718 -0.2740
vn 0.2818 -0.7969 0.5344
vn 0.3313 -0.6535 0.6806
vn 0.4166 -0.7014 0.5784
vn 0.7127 -0.3530 0.6061
vn 0.7000 -0.4177 0.5792
vn 0.5338 -0.8456 -0.0042
vn 0.4495 -0.8919 -0.0495
vn 0.4286 -0.9023 -0.0465
vn 0.2079 -0.7012 0.6820
vn 0.4934 -0.8252 0.2750
vn 0.7288 -0.5433 0.4167
vn 0.5806 -0.8138 0.0256
vn 0.4407 -0.8595 0.2591
vn 0.5341 -0.8391 0.1037
vn 0.8742 -0.1223 0.4700
vn 0.9274 -0.0862 0.3639
vn 0.7153 -0.6454 0.2680
vn 0.9244 0.0853 0.3719
vn 0.8676 0.4498 0.2121
vn 0.8563 0.4409 0.2689
vn 0.7859 0.5975 0.1593
vn 0.7248 0.6873 0.0472
vn 0.8298 0.5477 0.1073
vn 0.8824 0.4023 0.2438
vn 0.5733 0.7960 -0.1941
vn 0.7747 0.6320 -0.0178
vn 0.4425 0.8469 -0.2949
vn 0.9470 -0.2108 0.2425
vn 0.8470 0.5115 0.1446
vn 0.6039 0.7902 -0.1046
vn 0.9258 0.3144 0.2100
vn 0.7583 0.6397 0.1255
vn 0.8582 0.4822 0.1762
vn 0.9332 -0.3573 -0.0379
vn 0.9876 0.1171 -0.1050
vn -0.6919 0.0425 -0.7207
vn 0.5449 -0.7001 -0.4614
vn 0.5420 -0.7113 -0.4474
vn 0.2229 -0.9370 -0.2689
vn 0.3203 -0.9307 -0.1764
vn 0.4445 -0.8905 -0.0971
vn 0.8286 0.3311 -0.4514
vn 0.7993 0.4869 -0.3523
vn 0.5701 0.3970 -0.7193
vn 0.7717 0.5990 0.2136
vn 0.6435 0.7521 -0.1425
vn 0.5810 0.8065 0.1096
vn 0.6030 0.7620 0.2359
vn 0.4089 0.9046 -0.1207
vn 0.4402 0.8841 -0.1567
vn 0.3704 0.9243 0.0917
vn 0.3296 0.9152 0.2319
vn 0.0799 0.9795 -0.1852
vn 0.0872 0.9873 0.1331
vn 0.3035 0.8642 -0.4014
vn 0.0207 0.9657 0.2588
vn -0.2199 0.9569 -0.1896
vn 0.2028 0.9720 -0.1184
vn 0.4466 0.8365 -0.3175
vn -0.0144 0.9630 -0.2693
vn -0.1939 0.9783 -0.0731
vn -0.2060 0.9641 0.1674
vn -0.2300 0.9319 0.2806
vn -0.4286 0.9008 -0.0700
vn 0.0724 0.8448 -0.5302
vn -0.2617 0.7137 -0.6497
vn -0.4052 0.8750 -0.2648
vn -0.5056 0.5200 -0.6884
vn -0.4661 0.8178 -0.3375
vn -0.4032 0.9126 -0.0672
vn -0.3964 0.9180 -0.0155
vn -0.2496 0.9650 0.0804
vn -0.2340 0.9283 0.2890
vn -0.4503 0.8747 0.1795
vn -0.3732 0.8387 0.3967
vn -0.3850 0.9063 0.1743
vn -0.4034 0.8601 0.3122
vn -0.4652 0.8234 0.3251
vn -0.4184 0.9060 -0.0645
vn -0.5151 0.8520 -0.0933
vn 0.8289 0.5133 -0.2225
vn 0.7613 0.2555 -0.5959
vn -0.5931 -0.4390 -0.6749
vn 0.8533 -0.4503 -0.2630
vn -0.8009 -0.4091 -0.4372
vn 0.8457 -0.3098 0.4346
vn 0.5261 -0.3211 0.7874
vn 0.2518 0.2585 0.9326
vn -0.5522 -0.6506 0.5213
vn 0.8545 0.2062 0.4768
vn 0.5135 -0.3358 0.7896
vn 0.2417 0.2419 0.9397
vn 0.2926 0.1835 0.9385
vn 0.5351 -0.7678 0.3524
vn 0.5067 -0.7834 0.3599
vn -0.4109 -0.7620 -0.5005
vn 0.5142 -0.7585 0.4003
vn 0.4978 -0.3506 0.7933
vn 0.4918 0.2506 0.8339
vn 0.4931 -0.8477 0.1954
vn 0.4601 -0.8777 0.1342
vn 0.2353 -0.8475 -0.4757
vn 0.4472 -0.8683 0.2145
vn 0.4954 -0.7508 0.4370
vn 0.6816 -0.2424 0.6904
vn 0.4855 -0.8714 0.0703
vn 0.2471 -0.9086 -0.3367
vn 0.4114 -0.9111 0.0258
vn -0.0976 0.5069 -0.8565
vn 0.0943 0.0450 -0.9945
vn -0.1659 0.8078 -0.5656
vn 0.6910 -0.6433 0.3296
vn -0.1537 0.9438 -0.2925
vn 0.4234 -0.8780 0.2233
vn 0.6247 -0.7688 0.1370
vn -0.0777 0.9955 -0.0540
vn 0.3681 -0.9297 -0.0147
vn 0.5812 -0.7963 -0.1678
vn 0.0543 0.9847 0.1656
vn 0.4671 -0.7828 -0.4113
vn 0.1964 0.8923 0.4065
vn 0.3018 -0.9130 -0.2744
vn 0.3661 -0.6546 -0.6614
vn 0.3696 0.7320 0.5723
vn 0.3488 -0.9042 -0.2465
vn 0.1822 -0.4734 -0.8618
vn 0.5555 0.4880 0.6732
vn 0.1502 -0.8080 -0.5697
vn 0.3003 -0.9175 -0.2609
vn 0.0048 -0.2216 -0.9751
vn 0.7047 0.2090 0.6780
vn -0.0706 -0.6112 -0.7883
vn 0.1204 -0.8091 -0.5751
vn 0.0316 -0.8126 -0.5820
vn -0.0863 -0.6225 -0.7779
vn 0.1988 -0.8215 -0.5345
vn -0.0132 -0.6740 -0.7386
vn -0.2276 -0.3725 -0.8997
vn -0.1664 0.1041 -0.9805
vn 0.8134 -0.1318 0.5667
vn 0.1792 -0.7079 -0.6832
vn -0.1997 -0.4191 -0.8857
vn -0.4025 -0.0107 -0.9154
vn -0.3060 0.4238 -0.8525
vn 0.8491 -0.3965 0.3489
vn -0.4028 -0.0206 -0.9150
vn -0.1251 -0.4300 -0.8941
vn 0.1498 -0.7468 -0.6480
vn -0.3552 0.7001 -0.6194
vn 0.8106 -0.5785 0.0910
vn -0.5505 0.3356 -0.7644
vn -0.3867 -0.0043 -0.9222
vn -0.0777 -0.4183 -0.9050
vn -0.0873 -0.5036 -0.8595
vn -0.3144 -0.0851 -0.9455
vn -0.3207 0.0257 -0.9468
vn -0.4688 0.3635 -0.8051
vn -0.5353 0.3556 -0.7662
vn -0.4968 0.3332 -0.8013
vn -0.5637 0.6045 -0.5629
vn -0.4213 0.3347 -0.8429
vn -0.6051 0.6183 -0.5017
vn -0.5276 0.7751 -0.3477
vn -0.5661 0.6610 -0.4926
vn -0.4442 0.6763 -0.5877
vn -0.5311 0.6840 -0.5001
vn -0.3762 0.8777 -0.2968
vn 0.7268 -0.6613 -0.1856
vn -0.7908 0.5413 -0.2856
vn -0.6080 0.7758 -0.1685
vn -0.3127 0.9498 0.0088
vn 0.6074 -0.6572 -0.4463
vn -0.5633 0.8147 -0.1376
vn -0.3595 0.8570 -0.3692
vn -0.4779 0.8621 -0.1687
vn -0.3299 0.6197 -0.7122
vn -0.1888 0.9406 0.2822
vn 0.4475 -0.5349 -0.7167
vn -0.5482 0.8295 0.1069
vn -0.5067 0.8609 0.0465
vn -0.3425 0.6417 0.6863
vn -0.3708 0.9232 -0.1011
vn 0.0805 0.8789 -0.4702
vn -0.4096 0.8476 0.3373
vn -0.3882 0.9078 0.1588
vn -0.8152 -0.5132 0.2685
vn -0.3351 0.8765 0.3456
vn 0.0028 0.8373 0.5468
vn 0.2760 -0.3380 -0.8998
vn -0.2055 0.7340 0.6473
vn 0.2053 0.6293 0.7496
vn -0.0349 0.5548 0.8313
vn -0.2394 0.8289 0.5056
vn -0.1988 0.6714 0.7139
vn -0.1335 0.6432 0.7540
vn -0.0579 0.6030 0.7956
vn -0.0792 0.6595 0.7475
vn -0.8724 -0.4442 -0.2041
vn -0.5010 -0.4534 -0.7372
vn 0.8062 0.5251 -0.2726
vn 0.8829 0.4695 -0.0092
vn 0.8778 0.4786 0.0211
vn 0.8450 0.5295 0.0750
vn 0.8937 0.4393 -0.0915
vn 0.7827 0.6152 0.0939
vn 0.7991 0.5830 -0.1469
vn 0.8404 0.4769 -0.2574
vn -0.9446 -0.1137 -0.3079
vn -0.9080 -0.2003 -0.3680
vn 0.7196 0.6944 0.0053
vn -0.8314 -0.2832 -0.4781
vn 0.6730 0.6908 0.2644
vn 0.5874 0.7770 0.2264
vn -0.6658 -0.2613 -0.6988
vn 0.4185 0.7992 0.4315
vn 0.3682 0.8121 0.4528
vn -0.4896 -0.2796 -0.8259
vn 0.1736 0.8305 0.5293
vn -0.3207 -0.2284 -0.9192
vn -0.0744 0.7785 0.6232
vn -0.2268 -0.1740 -0.9583
vn -0.0714 -0.1159 -0.9907
vn 0.1793 0.8080 0.5613
vn -0.2709 0.6738 0.6874
vn -0.3312 0.7110 0.6203
vn 0.0489 -0.0128 -0.9987
vn 0.3839 0.8808 0.2772
vn -0.5814 0.5093 0.6345
vn -0.7619 0.3885 0.5183
vn 0.1637 0.0645 -0.9844
vn -0.8859 0.2017 0.4177
vn 0.2181 0.1200 -0.9685
vn -0.0201 0.7545 -0.6560
vn 0.0630 -0.5362 0.8417
vn 0.0524 0.8702 0.4900
vn -0.0786 0.8814 -0.4658
vn -0.6709 0.3695 0.6429
vn -0.3143 0.7107 0.6294
vn -0.9430 0.0580 0.3277
vn 0.2702 0.2400 -0.9324
vn -0.8101 0.1315 0.5713
vn -0.7224 0.2871 0.6290
vn -0.9593 -0.1666 0.2281
vn 0.2946 0.3988 -0.8685
vn -0.8520 -0.0701 0.5188
vn -0.8999 -0.3912 0.1926
vn 0.2685 0.5752 -0.7727
vn 0.0223 -0.2609 0.9651
vn -0.2795 0.0675 0.9578
vn -0.8190 0.0270 0.5731
vn -0.4048 0.3507 0.8445
vn -0.8407 -0.3145 0.4409
vn -0.7859 -0.6158 0.0564
vn 0.1843 0.7840 -0.5928
vn 0.0823 0.8623 -0.4997
vn -0.5551 -0.0444 0.8306
vn -0.0255 0.9389 0.3432
vn -0.8601 -0.0476 0.5079
vn -0.7666 0.1369 0.6274
vn -0.7915 -0.5099 0.3369
vn -0.5085 0.8178 0.2696
vn -0.2042 0.9235 0.3249
vn -0.4439 0.8239 0.3524
vn -0.3116 0.8663 0.3903
vn -0.7990 -0.4768 0.3666
vn -0.8353 -0.3310 0.4389
vn -0.9054 -0.2210 0.3626
vn -0.8157 0.0020 0.5784
vn -0.7421 -0.6253 0.2415
vn -0.8307 -0.4830 0.2770
vn -0.8764 -0.3098 0.3688
vn -0.6126 -0.7904 -0.0000
vn -0.6246 -0.7603 -0.1782
vn -0.5065 -0.8358 -0.2118
vn 0.0844 0.9013 -0.4248
vn -0.0320 0.9637 -0.2652
vn -0.7736 -0.5984 0.2085
vn -0.5780 -0.8099 -0.0992
vn -0.3735 -0.8933 -0.2499
vn -0.3856 -0.8185 -0.4258
vn -0.2001 -0.8531 -0.4819
vn -0.1685 0.9560 -0.2402
vn -0.8567 -0.4536 0.2456
vn 0.2840 -0.7932 -0.5388
vn -0.4974 0.8486 -0.1801
vn -0.6935 0.6944 -0.1921
vn 0.0967 -0.9054 -0.4135
vn -0.7845 -0.5967 0.1689
vn -0.3445 -0.8969 -0.2774
vn -0.6473 -0.7608 -0.0477
vn -0.7893 -0.5963 0.1464
vn -0.8473 -0.4516 0.2796
vn -0.8741 -0.2287 0.4285
vn -0.8593 -0.1380 0.4925
vn 0.1674 -0.8672 -0.4691
vn -0.3653 -0.8751 -0.3174
vn 0.5865 -0.6658 -0.4613
vn 0.5759 -0.5621 -0.5936
vn 0.7744 -0.2901 -0.5623
vn -0.8690 0.4669 -0.1639
vn 0.8751 0.0466 -0.4816
vn -0.9465 0.2502 -0.2037
vn 0.8675 0.3259 -0.3758
vn -0.9597 -0.0087 -0.2809
vn 0.9233 0.2964 -0.2444
vn 0.9173 -0.0293 -0.3970
vn 0.9162 0.2867 -0.2799
vn 0.8663 -0.0166 -0.4993
vn 0.8247 -0.3244 -0.4633
vn 0.7855 -0.0570 -0.6163
vn 0.5424 -0.6496 -0.5327
vn 0.7867 -0.2624 -0.5589
vn 0.7131 -0.1734 -0.6792
vn 0.6366 -0.4632 -0.6166
vn 0.0999 -0.8083 -0.5802
vn 0.4279 -0.5503 -0.7170
vn 0.5387 -0.5035 -0.6755
vn 0.4829 -0.6032 -0.6348
vn 0.4632 -0.6341 -0.6192
vn 0.0879 -0.8771 -0.4723
vn 0.3843 -0.6809 -0.6235
vn 0.3401 -0.8522 -0.3977
vn -0.3738 -0.8814 -0.2886
vn -0.6894 -0.7244 -0.0069
vn -0.4666 -0.8824 -0.0612
vn -0.7836 -0.6097 0.1195
vn 0.0783 -0.9567 -0.2803
vn 0.3534 -0.7888 -0.5029
vn 0.3001 -0.8845 -0.3571
vn 0.3208 -0.9036 -0.2839
vn 0.3574 -0.9291 -0.0949
vn 0.3462 -0.9340 -0.0884
vn 0.1297 -0.9886 -0.0759
vn -0.8595 -0.4686 0.2042
vn -0.4134 -0.9088 0.0565
vn 0.3587 -0.9315 -0.0599
vn -0.9300 -0.2571 0.2627
vn -0.7911 -0.5956 0.1394
vn -0.8711 -0.4585 0.1759
vn 0.2193 -0.9009 -0.3745
vn 0.5189 -0.8130 -0.2641
vn 0.3311 -0.9145 -0.2326
vn 0.5824 -0.7851 -0.2108
vn 0.1535 -0.9829 -0.1021
vn 0.0260 -0.9981 -0.0551
vn -0.4177 -0.9084 0.0151
vn -0.7534 -0.6494 -0.1035
vn -0.8216 -0.4484 -0.3521
vn -0.7648 -0.3759 -0.5233
vn -0.9433 -0.2587 0.2081
vn -0.8125 -0.2164 -0.5413
vn -0.9550 -0.0894 0.2828
vn -0.9652 -0.0465 0.2572
vn -0.9476 -0.1017 -0.3030
vn -0.8677 0.1453 0.4754
vn -0.9715 0.0973 -0.2163
vn -0.9277 0.1474 0.3431
vn -0.9541 0.1478 0.2604
vn -0.8746 0.4847 -0.0155
vn -0.8192 0.4180 0.3926
vn -0.8316 0.4611 0.3097
vn -0.6110 0.7824 0.1205
vn -0.5637 0.7359 0.3750
vn -0.4153 0.9068 0.0720
vn -0.6026 0.6954 0.3916
vn -0.3912 0.8154 0.4268
vn -0.3596 0.9331 0.0003
vn -0.3597 0.8096 0.4639
vn -0.4724 0.7826 0.4055
vn -0.5461 0.7190 0.4298
vn -0.7712 0.4254 0.4736
vn -0.5328 0.8286 0.1721
vn -0.7413 0.4987 0.4491
vn 0.0844 0.4939 0.8654
vn -0.0273 0.3005 0.9534
vn 0.0304 -0.9970 -0.0711
vn 0.1955 -0.9766 -0.0899
vn 0.4573 0.7075 -0.5388
vn 0.4850 0.8647 -0.1305
vn 0.5499 0.7480 -0.3717
vn 0.1360 -0.9691 -0.2056
vn 0.8399 -0.5369 -0.0788
vn 0.6459 -0.6655 0.3741
vn 0.5609 -0.6416 -0.5232
vn 0.0480 -0.8933 -0.4468
vn 0.4652 -0.6244 -0.6275
vn 0.0597 -0.8253 -0.5616
vn 0.3937 -0.5726 -0.7191
vn 0.0818 -0.7758 -0.6257
vn 0.4073 -0.5043 -0.7614
vn 0.0975 -0.7282 -0.6784
vn 0.4488 -0.4669 -0.7620
vn 0.0934 -0.6747 -0.7321
vn 0.0834 -0.6417 -0.7624
vn 0.4826 -0.4352 -0.7601
vn 0.0715 -0.6717 -0.7373
vn 0.4845 -0.4496 -0.7504
vn 0.0661 -0.6752 -0.7346
vn 0.4708 -0.4452 -0.7617
vn 0.0473 -0.6288 -0.7761
vn 0.4608 -0.4023 -0.7911
vn 0.0181 -0.5378 -0.8429
vn 0.4485 -0.2806 -0.8486
vn -0.0554 -0.4086 -0.9110
vn 0.3617 -0.0090 -0.9323
vn -0.2329 0.0415 -0.9716
vn -0.0812 0.6040 -0.7928
vn -0.6271 0.5917 -0.5065
vn -0.1725 0.8313 -0.5283
vn -0.1716 0.8131 -0.5562
vn -0.6098 0.5683 -0.5524
vn -0.6289 0.6354 -0.4481
vn 0.3376 0.8592 -0.3844
vn 0.3272 0.8511 -0.4106
vn -0.1912 0.8699 -0.4546
vn -0.6291 0.6827 -0.3717
vn 0.7295 0.6684 -0.1451
vn 0.7422 0.6573 -0.1311
vn 0.3078 0.8961 -0.3199
vn -0.2247 0.8953 -0.3846
vn 0.8529 0.5205 0.0399
vn 0.8829 0.4640 0.0723
vn 0.7092 0.7017 -0.0679
vn -0.2104 0.8289 -0.5183
vn -0.5861 0.6266 -0.5137
vn 0.2775 0.9209 -0.2737
vn -0.2529 0.8909 -0.3773
vn -0.6351 0.6947 -0.3377
vn 0.2964 0.8719 -0.3898
vn -0.1122 -0.0256 0.9934
vn 0.0524 0.0937 0.9942
vn -0.3298 0.0347 0.9434
vn 0.2509 0.9253 -0.2845
vn -0.5421 0.1190 0.8319
vn 0.6707 0.7413 0.0247
vn 0.7386 0.6623 -0.1254
vn 0.6998 0.7143 -0.0055
vn 0.8759 0.3830 0.2936
vn -0.6828 0.2456 0.6881
vn 0.9506 0.2857 0.1211
vn 0.8497 0.4470 0.2795
vn 0.8726 -0.0106 0.4882
vn -0.6335 0.5048 0.5864
vn 0.8589 0.3737 0.3502
vn 0.9457 -0.0778 0.3157
vn 0.7940 0.5341 0.2903
vn 0.5516 -0.4329 0.7130
vn -0.4613 0.8198 0.3393
vn 0.6953 0.4679 0.5456
vn 0.8226 0.1417 0.5507
vn 0.6460 -0.5726 0.5048
vn 0.2924 -0.5896 0.7529
vn -0.0926 0.1831 0.9787
vn 0.8371 0.5364 0.1075
vn 0.8229 0.5583 0.1057
vn 0.6894 0.6530 0.3136
vn 0.7895 0.6075 0.0871
vn 0.8159 0.5780 0.0152
vn 0.6596 0.7118 0.2414
vn 0.5072 0.6855 0.5223
vn 0.3314 0.3725 0.8668
vn 0.5090 -0.2978 0.8076
vn 0.8771 0.4797 0.0241
vn 0.6975 0.7012 0.1473
vn 0.4398 0.7934 0.4208
vn 0.1695 0.6578 0.7339
vn -0.0615 0.2588 0.9640
vn 0.2475 -0.4612 0.8521
vn 0.9481 0.2929 0.1235
vn 0.7997 0.5914 0.1032
vn 0.4748 0.8114 0.3408
vn 0.0923 0.7981 0.5954
vn -0.1807 0.5443 0.8192
vn 0.9624 0.1623 0.2178
vn 0.9329 0.3230 0.1596
vn 0.5811 0.7383 0.3424
vn 0.1564 0.8302 0.5351
vn 0.9499 0.0636 0.3059
vn 0.9502 0.1673 0.2628
vn 0.7798 0.4508 0.4344
vn 0.8688 -0.0966 0.4856
vn 0.9232 0.0699 0.3780
vn 0.5229 -0.3521 0.7763
vn -0.2471 0.7088 0.6607
vn 0.2100 0.7452 0.6329
vn 0.8221 0.2742 0.4989
vn 0.7603 -0.0381 0.6484
vn -0.1615 -0.5618 0.8113
vn 0.3819 0.4749 0.7929
vn 0.8135 0.1283 0.5673
vn 0.3502 -0.1881 0.9176
vn -0.5117 -0.5770 0.6366
vn 0.4517 0.2560 0.8547
vn 0.5796 0.0400 0.8139
vn -0.1723 -0.3977 0.9012
vn 0.2188 -0.0778 0.9727
vn -0.7046 -0.5401 0.4602
vn 0.0715 0.0928 0.9931
vn -0.1406 -0.2495 0.9581
vn -0.4641 -0.5591 0.6871
vn -0.8039 -0.5066 0.3115
vn -0.0337 0.2964 0.9545
vn -0.2450 -0.0946 0.9649
vn -0.3719 -0.4013 0.8370
vn -0.6567 -0.5403 0.5261
vn -0.5572 -0.3593 0.7486
vn -0.9211 -0.3758 0.1018
vn -0.3987 0.0318 0.9165
vn -0.1573 0.6021 0.7828
vn -0.6808 -0.2771 0.6780
vn -0.7533 -0.5130 0.4114
vn -0.5161 0.3984 0.7582
vn -0.9652 -0.2605 -0.0236
vn -0.9228 -0.2671 0.2776
vn -0.2826 0.6740 0.6825
vn -0.8155 0.0684 0.5747
vn -0.6612 0.4028 0.6329
vn -0.6862 0.4096 0.6011
vn -0.8814 0.1652 0.4426
vn -0.9790 -0.1156 0.1678
vn -0.6300 0.2540 0.7339
vn -0.9710 -0.2104 0.1136
vn -0.9249 0.0476 0.3771
vn -0.5635 -0.0336 0.8255
vn -0.9404 -0.3349 -0.0590
vn -0.9177 -0.3479 0.1918
vn -0.8688 -0.0752 0.4895
vn -0.7952 -0.3561 0.4907
vn -0.8842 -0.4636 0.0571
vn -0.8653 -0.4377 0.2441
vn -0.8500 -0.5113 0.1269
vn -0.8822 -0.4680 0.0525
vn -0.9077 -0.4194 0.0128
vn -0.9713 -0.1484 -0.1860
vn -0.9626 -0.1716 -0.2095
vn -0.9136 0.1854 -0.3619
vn -0.8890 0.1857 -0.4186
vn -0.8741 -0.4312 0.2236
vn -0.9124 0.2582 -0.3175
vn -0.9915 -0.0783 -0.1042
vn -0.9161 0.2984 -0.2677
vn -0.8692 -0.4009 0.2895
vn -0.9897 -0.1341 -0.0507
vn -0.8834 0.2606 -0.3895
vn -0.9733 -0.1930 -0.1243
vn -0.9199 0.3369 -0.2005
vn 0.2042 0.2679 0.9416
vn -0.9919 -0.1072 0.0681
vn 0.3149 0.5352 0.7839
vn -0.8207 -0.5470 0.1653
vn -0.8276 -0.4278 0.3635
vn 0.2357 0.7533 0.6139
vn -0.5591 -0.5811 0.5914
vn -0.5200 -0.7633 0.3835
vn -0.5292 -0.6314 0.5668
vn 0.0144 0.8678 0.4968
vn -0.1385 -0.5783 0.8040
vn 0.0234 -0.8473 0.5307
vn -0.0313 -0.6904 0.7228
vn -0.3316 0.8970 0.2922
vn 0.3808 -0.7468 0.5452
vn -0.4951 0.8645 0.0867
vn 0.2570 0.9384 0.2309
vn -0.9171 0.2176 0.3340
vn 0.6447 0.4956 0.5820
vn -0.7292 -0.2676 0.6298
vn -0.0340 -0.3611 0.9319
vn 0.3892 -0.1222 0.9130
vn 0.1330 -0.0360 -0.9905
vn 0.0052 -0.7754 -0.6315
vn -0.4320 -0.5942 -0.6785
vn -0.4544 -0.0967 -0.8855
vn 0.0293 0.2319 -0.9723
vn -0.4298 0.0341 -0.9023
vn -0.0533 0.3578 -0.9323
vn -0.3983 0.1452 -0.9057
vn -0.0724 0.4350 -0.8975
vn -0.3904 0.2315 -0.8911
vn -0.0577 0.5117 -0.8572
vn -0.4047 0.3233 -0.8554
vn -0.0410 0.5679 -0.8221
vn -0.0478 0.5503 -0.8336
vn -0.4489 0.3476 -0.8232
vn -0.0124 0.5335 -0.8457
vn -0.4386 0.3376 -0.8329
vn -0.0056 0.5340 -0.8455
vn -0.4357 0.3547 -0.8272
vn -0.0339 0.5822 -0.8123
vn -0.4634 0.3877 -0.7968
vn -0.0891 0.6604 -0.7456
vn -0.5433 0.4513 -0.7079
vn -0.1322 0.7662 -0.6289
vn -0.6588 0.5872 -0.4703
vn -0.2658 0.9441 -0.1950
vn -0.5979 0.7516 0.2785
vn -0.0685 0.8046 0.5898
vn -0.5380 0.5948 0.5973
vn -0.5409 0.6165 0.5722
vn -0.0885 0.8322 0.5474
vn -0.0653 0.7595 0.6472
vn -0.8658 0.2010 0.4583
vn -0.8650 0.2280 0.4469
vn -0.5132 0.5456 0.6625
vn -0.0574 0.6983 0.7135
vn -0.9504 -0.2244 0.2153
vn -0.9479 -0.2437 0.2053
vn -0.8358 0.1656 0.5234
vn -0.4719 0.5062 0.7219
vn -0.8839 -0.4566 0.1012
vn -0.8622 -0.5039 0.0518
vn -0.9202 -0.2759 0.2777
vn -0.5073 0.6121 0.6066
vn -0.1216 0.7966 0.5922
vn -0.8069 0.1445 0.5728
vn -0.4522 0.5280 0.7188
vn -0.0502 0.6865 0.7254
vn -0.8464 0.2341 0.4783
vn 0.5150 -0.7697 0.3772
vn 0.3315 -0.8498 0.4098
vn 0.6210 -0.6043 0.4992
vn -0.7986 0.1800 0.5743
vn 0.6837 -0.3888 0.6176
vn -0.8762 -0.3238 0.3570
vn -0.9463 -0.2447 0.2114
vn -0.8930 -0.3230 0.3136
vn -0.7205 -0.6903 0.0662
vn 0.6563 -0.1817 0.7323
vn -0.7959 -0.5953 -0.1098
vn -0.7405 -0.6611 0.1208
vn -0.4240 -0.8848 -0.1931
vn 0.4387 -0.1020 0.8928
vn -0.6777 -0.7311 0.0791
vn -0.5155 -0.7842 -0.3454
vn -0.7410 -0.6340 0.2212
vn 0.1310 -0.9325 -0.3365
vn 0.0406 0.0378 0.9985
vn -0.5245 -0.7998 0.2919
vn -0.4425 -0.8961 -0.0346
vn 0.0478 -0.8199 -0.5705
vn 0.4211 -0.8379 -0.3472
vn 0.3835 -0.7502 0.5386
vn -0.8518 -0.5037 0.1439
vn -0.8538 -0.4929 0.1677
vn -0.7170 -0.5889 0.3730
vn -0.8632 -0.4560 0.2169
vn -0.8800 -0.4368 0.1864
vn -0.7564 -0.5115 0.4077
vn -0.5113 -0.6637 0.5459
vn -0.0699 -0.8802 0.4694
vn 0.1292 -0.9736 -0.1884
vn -0.8416 -0.5262 0.1215
vn -0.7825 -0.4853 0.3901
vn -0.5604 -0.5390 0.6288
vn -0.1585 -0.6614 0.7331
vn 0.3200 -0.7580 0.5684
vn 0.4263 -0.8814 -0.2034
vn -0.7239 -0.6898 0.0145
vn -0.7796 -0.5609 0.2785
vn -0.5863 -0.5069 0.6319
vn -0.2363 -0.4949 0.8362
vn 0.1950 -0.5523 0.8106
vn -0.6152 -0.7877 -0.0325
vn -0.6633 -0.7455 0.0654
vn -0.5455 -0.6119 0.5727
vn -0.2648 -0.4799 0.8364
vn -0.5057 -0.8601 -0.0676
vn -0.5718 -0.8203 -0.0089
vn -0.4594 -0.8268 0.3245
vn -0.2820 -0.9517 -0.1216
vn -0.4360 -0.8991 -0.0399
vn 0.2234 -0.9552 -0.1941
vn 0.0806 -0.3710 0.9251
vn -0.1102 -0.5624 0.8195
vn -0.3966 -0.8986 0.1876
vn -0.1244 -0.9922 -0.0005
vn 0.8069 -0.5394 -0.2409
vn -0.0084 -0.8095 0.5870
vn -0.2707 -0.9583 0.0913
vn 0.3761 -0.9258 0.0371
vn 0.9587 -0.1682 -0.2292
vn 0.0848 -0.9149 0.3947
vn 0.0687 -0.9851 0.1577
vn 0.8125 -0.5804 -0.0537
vn 0.4604 -0.8668 0.1915
vn 0.9799 0.0936 -0.1764
vn 0.4952 -0.7732 0.3962
vn 0.7686 -0.6303 0.1092
vn 0.9540 -0.2322 -0.1897
vn 0.9632 0.2436 -0.1139
vn 0.4291 -0.6816 0.5927
vn 0.7750 -0.5580 0.2967
vn 0.9220 -0.3871 -0.0104
vn 0.9903 0.0248 -0.1368
vn 0.9794 -0.1896 0.0697
vn 0.8884 0.4578 0.0346
vn 0.7942 -0.4131 0.4457
vn 0.2696 -0.4561 0.8481
vn 0.9812 -0.0624 0.1825
vn 0.9820 0.1717 -0.0785
vn 0.6088 -0.2182 0.7627
vn 0.8155 0.5597 0.1472
vn 0.9173 0.3616 0.1667
vn 0.1624 -0.3579 0.9196
vn 0.8561 0.0974 0.5075
vn 0.5554 -0.0860 0.8271
vn 0.5355 -0.0987 0.8388
vn 0.7393 0.1764 0.6499
vn 0.8317 0.4469 0.3294
vn 0.6416 -0.2589 0.7220
vn 0.8655 0.4274 0.2612
vn 0.8022 0.1951 0.5643
vn 0.7838 -0.3917 0.4819
vn 0.8419 0.5327 0.0856
vn 0.9392 0.3090 0.1495
vn 0.8863 0.0518 0.4601
vn 0.9813 -0.0085 0.1924
vn 0.9183 0.3959 -0.0075
vn 0.9706 0.2306 0.0694
vn 0.9481 0.3156 -0.0385
vn 0.9171 0.3984 -0.0136
vn 0.8932 0.4490 0.0247
vn 0.7118 0.6691 0.2135
vn 0.7078 0.6825 0.1824
vn 0.4181 0.8091 0.4130
vn 0.3757 0.8434 0.3840
vn 0.9648 0.2531 0.0717
vn 0.3976 0.7763 0.4891
vn 0.7246 0.6162 0.3087
vn 0.4006 0.7391 0.5415
vn 0.9735 0.1959 0.1182
vn 0.7758 0.5661 0.2787
vn 0.3429 0.8257 0.4479
vn 0.7632 0.6161 0.1948
vn 0.4072 0.6967 0.5906
vn 0.1055 -0.8736 0.4750
vn 0.8116 0.4740 0.3415
vn -0.1846 -0.7798 0.5982
vn 0.9626 0.2627 -0.0658
vn 0.9877 0.1110 0.1097
vn -0.3153 -0.5767 0.7537
vn 0.9697 -0.2368 -0.0605
vn 0.9502 -0.0998 -0.2952
vn 0.9648 -0.2382 -0.1116
vn -0.2642 -0.3485 0.8993
vn 0.7499 -0.6420 -0.1596
vn 0.6602 -0.5257 -0.5364
vn 0.6984 -0.6452 -0.3098
vn -0.1143 0.0135 0.9934
vn 0.3532 -0.7233 -0.5934
vn -0.0652 0.2716 0.9602
vn -0.5926 -0.2531 0.7647
vn 0.6946 0.2390 0.6786
vn -0.4880 -0.7958 0.3585
vn 0.9416 -0.1513 0.3007
vn 0.6126 -0.7891 0.0456
vn 0.1691 -0.9835 0.0643
vn -0.3191 0.8127 0.4876
vn -0.4633 -0.7404 -0.4870
vn -0.1407 0.9840 0.1092
vn -0.8263 -0.5536 0.1038
vn -0.6448 -0.7517 0.1383
vn -0.3041 0.6839 0.6632
vn 0.5873 -0.6485 -0.4844
vn 0.5450 -0.8187 0.1810
vn -0.4157 -0.8759 0.2449
vn 0.0378 0.6192 0.7844
vn 0.4260 -0.5648 -0.7068
vn 0.8600 0.5012 -0.0963
vn 0.8090 0.2436 0.5350
vn -0.1791 -0.9452 0.2730
vn 0.3361 0.4678 0.8174
vn 0.7583 0.5581 -0.3368
vn 0.0734 -0.4267 -0.9014
vn 0.4371 0.7799 -0.4481
vn 0.0946 0.8561 -0.5081
vn 0.6297 0.4373 0.6421
vn -0.3158 -0.3355 -0.8875
vn -0.1797 0.9351 -0.3054
vn 0.7873 0.4839 0.3822
vn -0.0296 -0.9949 0.0966
vn -0.6560 -0.2639 -0.7071
vn -0.3832 0.9237 -0.0034
vn 0.2141 -0.9761 -0.0383
vn -0.8948 -0.2330 -0.3808
vn -0.5055 0.8354 0.2156
vn 0.8572 0.4888 0.1620
vn 0.5770 0.8151 0.0516
vn 0.2946 -0.9225 -0.2495
vn -0.9223 -0.3581 -0.1456
vn -0.2735 0.5699 0.7749
vn 0.2739 0.9184 -0.2855
vn -0.2074 -0.7644 -0.6105
vn -0.6627 -0.5518 0.5063
vn -0.3586 -0.4400 -0.8233
vn 0.1712 0.9278 -0.3315
vn 0.3611 0.3899 0.8471
vn -0.3204 -0.4271 -0.8455
vn 0.0913 0.9422 -0.3223
vn -0.2482 -0.8949 0.3709
vn 0.2961 0.3301 0.8963
vn -0.1650 -0.9098 0.3809
vn -0.3015 -0.4729 -0.8279
vn -0.0738 -0.9302 0.3595
vn 0.2759 0.3397 0.8991
vn 0.4203 0.8868 0.1920
vn 0.4876 0.8416 0.2325
vn 0.4475 0.8583 0.2513
vn 0.4424 0.8726 0.2068
vn 0.3070 0.9383 0.1592
vn 0.4888 0.8213 0.2941
vn 0.3046 0.9300 0.2058
vn 0.2125 0.9528 0.2169
vn 0.4497 0.8536 0.2628
vn 0.1937 0.9394 0.2830
vn 0.1623 0.9371 0.3091
vn 0.1474 0.9287 0.3403
vn 0.4145 0.8394 0.3516
vn 0.4345 0.8154 0.3825
vn 0.3281 0.8459 0.4204
vn 0.3025 0.9079 0.2904
vn 0.1922 0.9212 0.3382
vn 0.1727 0.9138 0.3676
vn 0.2990 0.8670 0.3987
vn 0.2389 0.8795 0.4116
vn 0.2426 0.8898 0.3864
vn 0.8689 -0.0808 -0.4883
vn -0.9528 0.2832 -0.1099
vn -0.9494 0.3041 -0.0791
vn 0.8347 -0.0888 -0.5435
vn -0.9308 0.3603 -0.0613
vn 0.9609 -0.2726 0.0490
vn 0.8402 -0.1841 -0.5100
vn 0.9264 -0.3670 0.0845
vn -0.9422 0.3339 -0.0286
vn 0.8514 -0.2357 -0.4686
vn -0.9626 0.2662 0.0507
vn 0.9471 -0.3088 0.0880
vn -0.8406 0.0851 0.5349
vn -0.8293 0.0427 0.5572
vn -0.8480 0.1769 0.4996
vn -0.8411 0.2089 0.4989
vn 0.9345 -0.3549 0.0287
vn 0.8566 -0.2697 -0.4399
vn -0.9708 0.2398 -0.0031
vn 0.9537 -0.2972 -0.0461
vn -0.8513 0.2354 0.4689
vn 0.8140 -0.2758 -0.5113
vn -0.4728 0.8475 0.2412
vn 0.9608 -0.2567 -0.1046
vn -0.8725 0.2746 0.4042
vn 0.9215 0.3582 -0.1501
vn 0.9385 0.3402 0.0594
vn -0.6005 0.6733 0.4313
vn -0.4287 -0.8839 -0.1869
vn -0.4473 -0.8589 -0.2494
vn -0.4849 -0.8429 -0.2334
vn -0.4445 -0.8707 -0.2104
vn -0.4870 -0.8224 -0.2943
vn -0.2977 -0.9319 -0.2071
vn -0.2909 -0.9427 -0.1634
vn -0.1979 -0.9397 -0.2788
vn -0.2241 -0.9491 -0.2212
vn -0.1638 -0.9364 -0.3104
vn -0.1494 -0.9287 -0.3395
vn -0.1806 -0.9116 -0.3692
vn -0.4490 -0.8544 -0.2615
vn -0.1973 -0.9171 -0.3463
vn -0.2461 -0.8781 -0.4103
vn -0.3025 -0.9082 -0.2893
vn -0.4143 -0.8394 -0.3518
vn -0.4317 -0.8202 -0.3755
vn -0.3221 -0.8580 -0.4000
vn -0.3369 -0.8470 -0.4112
vn -0.2520 -0.8851 -0.3913
vn -0.0159 0.9961 0.0867
vn -0.0016 0.9435 0.3314
vn -0.0866 0.9866 0.1382
vn 0.1549 0.8736 0.4613
vn 0.2620 0.9645 0.0333
vn 0.2869 -0.9432 -0.1675
vn 0.3306 0.8297 0.4497
vn 0.5295 0.8471 -0.0463
vn 0.1100 -0.9876 -0.1123
vn 0.1431 -0.8929 -0.4270
vn 0.0233 -0.9072 -0.4200
vn -0.3231 -0.8612 -0.3924
vn -0.2689 -0.9620 -0.0477
vn -0.6293 -0.7327 -0.2592
vn 0.5938 0.8043 -0.0220
vn -0.7092 -0.6723 -0.2123
vn -0.7361 -0.6743 0.0587
vn -0.6032 -0.7958 0.0534
vn 0.4922 0.7848 0.3766
vn 0.5882 0.7855 0.1925
vn 0.8370 0.5030 0.2154
vn 0.6223 0.7796 -0.0704
vn -0.1967 -0.8118 -0.5497
vn 0.4200 -0.8875 -0.1896
vn 0.1998 -0.9780 -0.0605
vn 0.8376 0.3781 0.3943
vn -0.9653 -0.2325 -0.1189
vn -0.7355 -0.4757 0.4825
vn 0.0078 -0.9894 0.1451
vn 0.5926 0.4705 0.6538
vn -0.8935 -0.2114 -0.3962
vn -0.4678 0.8569 0.2163
vn -0.2871 0.5373 0.7930
vn -0.1966 -0.9405 0.2771
vn 0.3034 0.4765 0.8251
vn -0.4627 0.8852 -0.0493
vn -0.6361 -0.2367 -0.7344
vn -0.1550 0.9384 -0.3087
vn 0.1213 0.8489 -0.5144
vn -0.0116 0.6091 0.7930
vn -0.2857 -0.3436 -0.8946
vn 0.4561 0.7649 -0.4549
vn -0.2200 0.7537 0.6193
vn -0.4097 -0.8930 0.1861
vn 0.0872 -0.4630 -0.8821
vn 0.7344 0.6242 -0.2665
vn -0.6457 -0.7457 0.1641
vn 0.4230 -0.5861 -0.6911
vn 0.8786 0.4647 -0.1102
vn -0.3638 0.8159 0.4494
vn -0.0377 0.9798 0.1964
vn -0.7709 -0.6370 0.0014
vn 0.4826 -0.7341 -0.4777
vn 0.8063 0.2807 0.5207
vn 0.1052 0.9636 -0.2459
vn -0.4578 -0.6973 -0.5516
vn 0.4624 -0.8532 0.2414
vn -0.2752 -0.4623 -0.8429
vn 0.1699 0.9281 -0.3312
vn 0.2595 0.4172 0.8710
vn -0.3081 -0.4304 -0.8484
vn 0.2425 0.9017 -0.3579
vn -0.0783 -0.9404 0.3308
vn 0.3018 0.3285 0.8950
vn -0.1456 -0.9149 0.3764
vn -0.3372 -0.4634 -0.8195
vn -0.2348 -0.8871 0.3974
vn 0.3233 0.3270 0.8880
vn -0.9151 0.3973 -0.0682
vn 0.8466 -0.1771 -0.5019
vn 0.8264 -0.1937 -0.5288
vn -0.9156 0.3801 -0.1314
vn 0.8663 -0.1213 -0.4845
vn -0.8531 0.2136 0.4761
vn -0.9511 0.2959 -0.0882
vn -0.8564 0.1107 0.5043
vn 0.8762 -0.1533 -0.4570
vn -0.9670 0.2515 -0.0403
vn 0.8930 -0.2311 -0.3862
vn -0.8433 0.1710 0.5096
vn 0.9148 -0.3852 0.1215
vn 0.8951 -0.4194 0.1512
vn 0.9494 -0.3047 0.0765
vn 0.9590 -0.2733 0.0751
vn -0.8802 0.1314 0.4560
vn -0.9752 0.2212 -0.0085
vn 0.8643 -0.2521 -0.4352
vn -0.8989 0.1993 0.3902
vn 0.9669 -0.2518 0.0406
vn -0.9749 0.2035 -0.0900
vn 0.8697 0.4878 -0.0749
vn -0.9096 0.2445 0.3358
vn 0.9749 -0.2203 -0.0309
vn -0.6059 0.7675 0.2094
vn -0.5402 0.7363 0.4076
vn 0.9653 0.2537 0.0626
vn -0.1226 -0.9399 -0.3187
vn -0.1661 -0.9343 -0.3155
vn -0.1664 -0.9542 -0.2487
vn -0.1576 -0.9475 -0.2781
vn -0.1368 -0.9162 -0.3767
vn -0.2990 -0.9316 -0.2068
vn -0.2912 -0.9426 -0.1634
vn -0.1677 -0.9298 -0.3278
vn -0.4074 -0.8845 -0.2275
vn -0.3700 -0.9101 -0.1868
vn -0.4480 -0.8603 -0.2434
vn -0.4675 -0.8434 -0.2649
vn -0.2252 -0.8901 -0.3962
vn -0.2120 -0.8751 -0.4351
vn -0.3238 -0.8471 -0.4214
vn -0.3183 -0.9040 -0.2856
vn -0.4296 -0.8580 -0.2817
vn -0.4531 -0.8390 -0.3012
vn -0.3470 -0.8541 -0.3874
vn -0.4046 -0.8353 -0.3723
vn -0.3962 -0.8488 -0.3500
vn 0.9346 -0.2815 -0.2175
vn -0.3700 0.2382 -0.8980
vn 0.3893 0.0124 -0.9210
vn 0.9383 -0.2535 -0.2351
vn -0.5418 0.2317 -0.8080
vn 0.7489 -0.3004 0.5907
vn 0.8338 -0.4418 0.3310
vn 0.5222 -0.3419 0.7813
vn 0.6088 -0.2869 0.7397
vn 0.3761 -0.2921 0.8793
vn 0.7826 -0.6028 -0.1555
vn -0.5175 0.2060 -0.8305
vn 0.5082 -0.2694 0.8180
vn 0.2682 -0.2376 0.9336
vn 0.4943 -0.8573 -0.1439
vn -0.3871 0.1680 -0.9066
vn 0.3623 -0.2314 0.9029
vn 0.1320 -0.9880 0.0802
vn -0.1773 0.1120 -0.9778
vn 0.1560 -0.1848 0.9703
vn 0.1545 -0.1900 0.9695
vn 0.0282 -0.1727 0.9846
vn -0.2146 -0.9552 0.2040
vn -0.0548 -0.1189 0.9914
vn -0.5508 -0.8037 0.2252
vn 0.0423 0.0520 -0.9977
vn -0.8587 -0.4921 0.1432
vn 0.1924 0.0142 -0.9812
vn -0.2204 -0.0729 0.9727
vn -0.1039 -0.1625 0.9812
vn -0.9677 -0.1303 0.2159
vn 0.2326 0.0226 -0.9723
vn -0.3380 -0.0314 0.9406
vn -0.2805 -0.1253 0.9516
vn -0.9521 0.2567 0.1661
vn 0.0659 0.1205 -0.9905
vn -0.5118 0.0398 0.8582
vn -0.7456 -0.0154 0.6662
vn -0.9560 0.2288 0.1837
vn -0.6509 0.2932 -0.7003
vn 0.7684 -0.4051 -0.4954
vn 0.8580 -0.5133 0.0184
vn 0.8705 -0.2325 -0.4338
vn 0.9369 -0.3446 0.0588
vn 0.9283 0.1509 -0.3398
vn 0.9841 0.0550 0.1689
vn 0.8548 0.4599 -0.2405
vn 0.8917 0.3466 0.2912
vn 0.7215 0.6874 -0.0836
vn 0.7575 0.5543 0.3448
vn 0.5421 0.8244 0.1630
vn 0.5883 0.7593 0.2780
vn 0.5019 0.7210 0.4777
vn 0.7000 0.4554 0.5501
vn 0.4614 0.6868 0.5617
vn 0.8321 0.3290 0.4465
vn 0.9507 0.0408 0.3073
vn 0.9151 -0.3491 0.2018
vn 0.5395 0.4231 0.7280
vn 0.7050 0.2899 0.6473
vn 0.8440 -0.5235 0.1170
vn 0.8345 0.0047 0.5510
vn 0.3061 0.4945 0.8135
vn 0.3030 0.9164 0.2614
vn 0.1809 0.7625 0.6211
vn 0.7614 -0.6241 0.1754
vn 0.8263 -0.3415 0.4478
vn 0.5961 -0.7587 0.2628
vn 0.7756 -0.5153 0.3645
vn 0.3370 -0.8593 0.3848
vn 0.6963 -0.6187 0.3639
vn 0.1056 -0.8802 0.4627
vn 0.5045 -0.7265 0.4666
vn 0.2719 -0.7596 0.5908
vn 0.6882 -0.0392 0.7245
vn 0.7022 -0.3061 0.6428
vn 0.6523 -0.4684 0.5959
vn 0.5719 -0.5564 0.6028
vn 0.3570 -0.6505 0.6704
vn 0.5774 0.2121 0.7884
vn 0.4585 0.3168 0.8303
vn 0.2852 0.3578 0.8892
vn 0.0549 0.5537 0.8309
vn -0.1234 0.6777 0.7249
vn 0.1337 0.8205 0.5558
vn -0.1991 0.8126 0.5478
vn 0.0082 0.9160 0.4011
vn 0.0324 0.9620 0.2711
vn -0.2690 0.9548 0.1266
vn -0.4260 0.7027 0.5699
vn -0.5435 0.8376 0.0563
vn -0.3281 0.6422 0.6928
vn -0.6859 0.5058 0.5232
vn -0.7885 0.6145 0.0247
vn -0.8834 0.1469 0.4450
vn -0.9639 0.2627 -0.0444
vn -0.6138 0.4632 0.6393
vn -0.1705 0.5262 0.8331
vn -0.9180 -0.0339 0.3952
vn -0.9901 0.0697 -0.1221
vn -0.8141 0.1177 0.5687
vn -0.8743 -0.0596 0.4817
vn -0.4470 0.3507 0.8229
vn 0.1064 0.4118 0.9050
vn -0.8356 -0.1930 0.5143
vn -0.6469 0.0561 0.7605
vn -0.0539 0.3825 0.9224
vn 0.2652 0.2504 0.9311
vn -0.7370 -0.3989 0.5457
vn -0.7225 -0.1110 0.6824
vn -0.2869 0.2240 0.9314
vn -0.5348 -0.6240 0.5698
vn -0.7100 -0.2391 0.6624
vn -0.4579 0.0070 0.8890
vn -0.3328 -0.7619 0.5557
vn -0.5717 -0.4360 0.6950
vn -0.5147 -0.1536 0.8435
vn -0.1220 -0.8520 0.5091
vn -0.3571 -0.5898 0.7243
vn -0.4911 -0.2695 0.8284
vn 0.1126 -0.7453 0.6571
vn -0.1993 -0.6612 0.7233
vn -0.3413 -0.4620 0.8186
vn 0.2177 -0.6662 0.7133
vn -0.0406 -0.7064 0.7067
vn -0.2226 -0.5473 0.8068
vn 0.0961 -0.6499 0.7539
vn -0.1033 -0.5960 0.7963
vn -0.0034 -0.6258 0.7800
vn 0.0208 -0.5691 0.8220
vn 0.0900 -0.5898 0.8025
vn 0.0789 -0.4189 0.9046
vn -0.0512 -0.5517 0.8325
vn -0.1320 -0.5194 0.8443
vn 0.1739 -0.6019 0.7794
vn -0.1989 -0.4416 0.8749
vn 0.0482 -0.3948 0.9175
vn 0.1197 -0.4141 0.9023
vn 0.2759 -0.5696 0.7742
vn -0.2666 -0.2918 0.9186
vn 0.4182 -0.4767 0.7732
vn 0.0098 -0.2926 0.9562
vn -0.2761 -0.1949 0.9412
vn 0.2140 -0.3476 0.9129
vn 0.4811 -0.3993 0.7805
vn -0.1913 -0.0515 0.9802
vn 0.4982 -0.2376 0.8339
vn 0.0287 -0.1646 0.9859
vn -0.0967 0.0926 0.9910
vn 0.2722 -0.2302 0.9343
vn 0.4972 -0.0677 0.8650
vn 0.0661 0.2266 0.9717
vn 0.4262 0.1294 0.8953
vn 0.1016 -0.0160 0.9947
vn 0.1577 0.2394 0.9580
vn 0.2897 -0.0668 0.9548
vn 0.3549 0.1861 0.9162
vn 0.2206 0.0515 0.9740
vn 0.2040 -0.0138 0.9789
vn 0.0693 -0.0434 0.9967
vn 0.3029 -0.1064 0.9471
vn -0.0575 -0.1349 0.9892
vn 0.3559 -0.2465 0.9014
vn -0.1062 -0.2374 0.9656
vn 0.3357 -0.3567 0.8718
vn -0.0621 -0.4022 0.9134
vn 0.2015 -0.4734 0.8575
vn 0.0542 -0.4849 0.8729
vn 0.2484 0.8987 -0.3614
vn -0.3076 0.0353 -0.9508
vn -0.2979 0.1047 -0.9488
vn -0.2693 0.0921 -0.9587
vn -0.3168 -0.0719 -0.9457
vn 0.3730 0.9265 -0.0491
vn -0.2805 -0.1073 -0.9538
vn 0.2530 0.9667 -0.0377
vn -0.2516 0.2009 -0.9468
vn -0.3258 0.1533 -0.9329
vn -0.2618 0.2425 -0.9342
vn -0.3494 0.3006 -0.8875
vn -0.3308 0.2091 -0.9202
vn -0.3912 0.3055 -0.8681
vn -0.2056 0.1995 -0.9581
vn -0.1553 0.1872 -0.9700
vn -0.3069 0.2467 -0.9192
vn -0.4771 0.3040 -0.8246
vn -0.2082 0.1357 -0.9686
vn -0.1987 0.0337 -0.9795
vn -0.1070 0.0483 -0.9931
vn -0.2318 -0.0978 -0.9678
vn -0.1925 -0.1311 -0.9725
vn 0.1346 0.9909 0.0016
vn -0.1437 -0.1186 -0.9825
vn 0.1009 0.9385 -0.3301
vn -0.1012 -0.0204 -0.9947
vn -0.0745 0.0444 -0.9962
vn -0.0639 0.1502 -0.9866
vn -0.0231 0.0716 -0.9972
vn -0.0310 0.1800 -0.9832
vn -0.1052 0.1724 -0.9794
vn 0.0840 0.1836 -0.9794
vn 0.0127 0.1164 -0.9931
vn 0.1266 0.1656 -0.9780
vn 0.0123 0.1606 -0.9869
vn -0.1379 0.1168 -0.9835
vn 0.2101 0.1184 -0.9705
vn -0.1758 0.1171 -0.9774
vn 0.1486 0.1177 -0.9819
vn 0.1286 0.1210 -0.9843
vn -0.1536 0.1928 -0.9691
vn 0.0770 0.1695 -0.9825
vn 0.0944 0.1094 -0.9895
vn 0.0077 0.1789 -0.9838
vn -0.1163 0.3107 -0.9434
vn 0.0329 0.2502 -0.9676
vn -0.0469 0.1343 -0.9898
vn -0.1645 0.1564 -0.9739
vn -0.2740 0.1956 -0.9416
vn -0.2932 0.2602 -0.9200
vn -0.2724 0.3327 -0.9028
vn -0.3973 0.2423 -0.8851
vn -0.4167 0.2682 -0.8686
vn -0.3518 0.2855 -0.8915
vn -0.4332 0.2748 -0.8584
vn -0.7724 -0.6234 -0.1217
vn -0.9477 -0.3007 0.1074
vn -0.8982 -0.4101 0.1580
vn -0.7508 -0.5911 -0.2947
vn 0.7050 -0.2416 -0.6668
vn -0.8780 0.3043 -0.3694
vn 0.7969 -0.2213 -0.5621
vn 0.9136 0.3488 -0.2090
vn -0.6710 -0.0356 -0.7406
vn -0.7228 0.5169 -0.4586
vn 0.9591 0.2616 -0.1077
vn 0.8462 0.5327 0.0086
vn -0.5628 0.2050 -0.8008
vn -0.5487 0.6862 -0.4775
vn 0.7551 -0.6071 -0.2475
vn 0.6358 -0.7295 -0.2521
vn 0.8927 0.4391 0.1009
vn 0.6883 0.6835 0.2431
vn 0.8890 -0.3055 0.3410
vn 0.8249 -0.1312 0.5499
vn 0.7492 0.5882 0.3046
vn -0.0557 0.7076 0.7044
vn 0.0899 0.7189 0.6893
vn 0.6951 0.0475 0.7173
vn 0.0964 0.4785 0.8728
vn -0.0109 0.4431 0.8964
vn 0.6962 -0.3380 0.6333
vn -0.0876 0.3979 0.9132
vn -0.3841 0.7874 -0.4821
vn 0.5645 -0.1238 0.8161
vn 0.7566 -0.5150 0.4028
vn 0.5181 -0.8087 -0.2785
vn 0.5897 -0.6866 0.4252
vn 0.5206 -0.5125 0.6828
vn 0.3124 -0.6410 0.7011
vn 0.3856 -0.2694 0.8825
vn -0.1784 0.3637 0.9143
vn -0.3901 0.3552 -0.8495
vn 0.3950 -0.8095 0.4343
vn -0.2260 0.4642 -0.8564
vn -0.2033 0.8549 -0.4773
vn 0.4181 -0.8556 -0.3051
vn -0.0391 0.5266 -0.8492
vn 0.3195 -0.9057 -0.2787
vn 0.1855 0.5704 -0.8002
vn 0.0374 0.8882 -0.4579
vn 0.4416 0.5077 -0.7397
vn 0.3004 0.8798 -0.3685
vn 0.1783 -0.8875 0.4249
vn 0.1847 -0.9498 -0.2525
vn 0.9282 0.2288 -0.2933
vn 0.8129 0.5722 0.1083
vn 0.9670 0.2244 -0.1208
vn 0.8721 0.4663 0.1485
vn -0.2421 -0.7041 -0.6676
vn -0.3148 -0.7642 -0.5630
vn -0.8366 -0.5058 -0.2105
vn 0.0148 -0.9686 -0.2480
vn -0.7960 -0.5954 -0.1092
vn -0.9410 -0.3384 0.0099
vn -0.0596 -0.9136 0.4023
vn -0.3062 -0.8892 0.3400
vn -0.8957 -0.4334 0.0996
vn -0.9652 -0.1144 0.2353
vn -0.1625 -0.7572 0.6326
vn -0.4045 -0.7316 0.5488
vn -0.9270 -0.2265 0.2990
vn -0.5402 0.4936 0.6816
vn -0.4658 -0.5194 0.7164
vn -0.6319 0.3796 0.6757
vn -0.4378 0.2176 0.8723
vn -0.3439 0.2806 0.8961
vn -0.2506 -0.5219 0.8154
vn -0.2610 0.3132 0.9131
vn 0.0831 -0.7262 0.6824
vn -0.0258 -0.4703 0.8821
vn 0.1848 -0.3800 0.9063
vn -0.8007 -0.5457 0.2470
vn -0.9337 -0.3179 -0.1647
vn -0.9625 -0.2698 -0.0275
vn -0.6790 -0.6998 0.2219
vn 0.7347 -0.4148 0.5368
vn -0.3786 -0.6031 -0.7021
vn 0.7737 -0.2822 0.5672
vn 0.9729 0.2101 0.0970
vn -0.1704 -0.9471 -0.2721
vn -0.1381 -0.5803 -0.8026
vn 0.9264 0.3143 0.2071
vn 0.8874 0.4448 -0.1210
vn 0.0195 -0.8930 -0.4497
vn 0.0555 -0.4987 -0.8650
vn 0.4460 -0.0560 0.8933
vn 0.3137 -0.1423 0.9388
vn 0.8433 0.5375 -0.0014
vn 0.6872 0.6401 -0.3436
vn 0.4009 0.5892 0.7015
vn 0.3211 0.7955 0.5138
vn 0.6735 0.7066 -0.2170
vn -0.1068 0.7460 -0.6573
vn 0.0109 0.7948 -0.6068
vn 0.2102 0.9338 0.2895
vn -0.1463 0.9203 -0.3628
vn -0.2534 0.8825 -0.3963
vn 0.1065 0.7670 0.6327
vn -0.3275 0.8598 -0.3917
vn 0.2081 -0.4247 -0.8811
vn 0.0026 0.9264 0.3765
vn 0.1916 0.5415 0.8186
vn 0.2145 -0.2228 0.9510
vn -0.0007 0.4629 0.8864
vn -0.1043 0.7051 0.7014
vn -0.3045 0.6224 0.7211
vn -0.2058 0.8829 0.4221
vn -0.4026 0.8250 -0.3966
vn 0.2163 -0.8358 -0.5046
vn -0.1865 0.3803 0.9059
vn 0.3734 -0.7638 -0.5265
vn 0.3602 -0.3498 -0.8648
vn 0.1387 -0.2857 0.9482
vn 0.5268 -0.6843 -0.5043
vn 0.0426 -0.3068 0.9508
vn 0.6928 -0.5642 -0.4491
vn 0.5436 -0.2473 -0.8021
vn 0.8520 -0.4478 -0.2713
vn 0.7094 -0.0717 -0.7011
vn -0.3657 0.2846 0.8861
vn -0.0820 -0.3355 0.9385
vn 0.9691 0.1050 0.2233
vn 0.8251 0.5409 -0.1632
vn 0.9224 0.2957 0.2484
vn 0.8047 0.5931 -0.0261
vn -0.1253 -0.8349 0.5360
vn -0.2540 -0.7841 0.5663
vn -0.7640 -0.6381 0.0956
vn -0.2313 -0.3868 0.8927
vn -0.8178 -0.5375 0.2057
vn -0.8963 -0.4262 -0.1225
vn -0.5459 0.1813 0.8180
vn -0.7121 0.0457 0.7006
vn -0.9424 -0.3345 -0.0030
vn -0.9269 -0.1481 -0.3449
vn -0.6712 0.3873 0.6320
vn -0.8255 0.2355 0.5129
vn -0.9711 -0.0965 -0.2185
vn -0.5218 0.5434 -0.6576
vn -0.8660 0.4083 0.2886
vn -0.6327 0.4805 -0.6074
vn -0.6352 0.6816 -0.3633
vn -0.5395 0.7428 -0.3965
vn -0.7327 0.5674 0.3758
vn -0.4761 0.7873 -0.3919
vn -0.4929 0.5154 0.7010
vn -0.5703 0.7049 0.4218
vn -0.3960 0.8102 0.4322
vn -0.8202 -0.4894 0.2963
vn -0.9174 -0.3459 -0.1969
vn -0.9619 -0.2652 -0.0672
vn -0.6888 -0.6522 0.3166
vn 0.6545 -0.3059 0.6914
vn -0.2872 -0.7384 -0.6102
vn 0.6930 -0.1694 0.7007
vn 0.9637 0.2179 0.1544
vn -0.1227 -0.9895 -0.0770
vn -0.0446 -0.7340 -0.6777
vn 0.9050 0.3518 0.2390
vn 0.9001 0.4143 -0.1347
vn 0.0740 -0.9653 -0.2503
vn 0.1428 -0.6668 -0.7315
vn 0.3368 0.1367 0.9316
vn 0.2066 0.0540 0.9769
vn 0.8425 0.5375 -0.0356
vn 0.7085 0.5624 -0.4262
vn 0.3101 0.7286 0.6107
vn 0.2493 0.8934 0.3736
vn 0.6839 0.6596 -0.3117
vn -0.0484 0.5848 -0.8097
vn 0.0589 0.6453 -0.7617
vn 0.1619 0.9805 0.1113
vn -0.1150 0.8241 -0.5546
vn -0.2150 0.7723 -0.5977
vn 0.0298 0.8821 0.4701
vn -0.2827 0.7511 -0.5966
vn 0.2860 -0.5996 -0.7475
vn -0.0468 0.9838 0.1730
vn 0.0960 0.6989 0.7088
vn 0.1140 -0.0211 0.9933
vn -0.0917 0.6345 0.7675
vn -0.1754 0.8326 0.5254
vn -0.3639 0.7581 0.5412
vn -0.2469 0.9472 0.2045
vn -0.3518 0.7192 -0.5992
vn 0.2635 -0.9181 -0.2962
vn -0.2672 0.5611 0.7834
vn 0.4120 -0.8547 -0.3158
vn 0.4274 -0.5289 -0.7332
vn 0.0439 -0.0789 0.9959
vn 0.5540 -0.7775 -0.2978
vn -0.0449 -0.0981 0.9942
vn 0.7090 -0.6579 -0.2539
vn 0.5970 -0.4233 -0.6815
vn 0.8515 -0.5178 -0.0825
vn 0.7518 -0.2354 -0.6160
vn -0.4337 0.4690 0.7694
vn -0.1614 -0.1243 0.9790
vn 0.9417 0.1372 0.3073
vn 0.8385 0.5041 -0.2070
vn 0.8953 0.3412 0.2865
vn 0.8039 0.5897 -0.0773
vn -0.1595 -0.7001 0.6960
vn -0.2904 -0.6455 0.7064
vn -0.7671 -0.6201 0.1643
vn -0.3075 -0.1752 0.9353
vn -0.8350 -0.4907 0.2490
vn -0.8844 -0.4498 -0.1246
vn -0.6012 0.3612 0.7128
vn -0.7582 0.2115 0.6168
vn -0.9445 -0.3276 -0.0254
vn -0.8845 -0.2089 -0.4171
vn -0.7061 0.5259 0.4742
vn -0.8520 0.3602 0.3799
vn -0.9445 -0.1288 -0.3023
vn -0.4362 0.3971 -0.8075
vn -0.8685 0.4817 0.1172
vn -0.5498 0.3505 -0.7582
vn -0.5803 0.5989 -0.5519
vn -0.4781 0.6449 -0.5963
vn -0.7411 0.6477 0.1769
vn -0.4193 0.6850 -0.5958
vn -0.5395 0.6563 0.5275
vn -0.5880 0.7821 0.2065
vn -0.4249 0.8802 0.2114
vn -0.7998 -0.5576 0.2222
vn -0.9381 -0.3143 -0.1452
vn -0.9604 -0.2783 -0.0123
vn -0.6869 -0.7030 0.1841
vn 0.7686 -0.4324 0.4715
vn -0.4277 -0.5568 -0.7120
vn 0.8076 -0.3013 0.5070
vn 0.9733 0.2177 0.0730
vn -0.2102 -0.9194 -0.3326
vn -0.1875 -0.5253 -0.8300
vn 0.9331 0.3076 0.1865
vn 0.8843 0.4530 -0.1128
vn -0.0178 -0.8604 -0.5093
vn 0.0138 -0.4369 -0.8994
vn 0.4944 -0.1175 0.8613
vn 0.3588 -0.2023 0.9112
vn 0.8467 0.5321 0.0075
vn 0.6909 0.6556 -0.3048
vn 0.4494 0.5392 0.7123
vn 0.3654 0.7546 0.5451
vn 0.6808 0.7100 -0.1800
vn -0.1156 0.7955 -0.5949
vn 0.0091 0.8389 -0.5442
vn 0.2478 0.9075 0.3392
vn -0.1449 0.9439 -0.2969
vn -0.2549 0.9124 -0.3202
vn 0.1516 0.7221 0.6749
vn -0.3347 0.8887 -0.3133
vn 0.1760 -0.3588 -0.9167
vn 0.0394 0.8980 0.4383
vn 0.2409 0.4867 0.8397
vn 0.2529 -0.2862 0.9242
vn 0.0421 0.4020 0.9147
vn -0.0664 0.6558 0.7520
vn -0.2779 0.5678 0.7749
vn -0.1777 0.8524 0.4918
vn -0.4155 0.8514 -0.3200
vn 0.1876 -0.8004 -0.5693
vn -0.1538 0.3133 0.9371
vn 0.3535 -0.7230 -0.5935
vn 0.3371 -0.2791 -0.8992
vn 0.1716 -0.3532 0.9197
vn 0.5166 -0.6398 -0.5691
vn 0.0689 -0.3762 0.9240
vn 0.6902 -0.5147 -0.5086
vn 0.5305 -0.1746 -0.8295
vn 0.8547 -0.3994 -0.3317
vn 0.7032 -0.0045 -0.7110
vn -0.3441 0.2134 0.9144
vn -0.0623 -0.4079 0.9109
vn 0.9766 0.1093 0.1854
vn 0.8250 0.5466 -0.1438
vn 0.9313 0.2877 0.2236
vn 0.8101 0.5862 -0.0109
vn -0.1322 -0.8723 0.4708
vn -0.2596 -0.8225 0.5061
vn -0.7703 -0.6337 0.0716
vn -0.2124 -0.4626 0.8607
vn -0.8166 -0.5468 0.1850
vn -0.9009 -0.4188 -0.1143
vn -0.5330 0.1087 0.8391
vn -0.7025 -0.0233 0.7113
vn -0.9402 -0.3405 0.0060
vn -0.9414 -0.1414 -0.3061
vn -0.6637 0.3240 0.6742
vn -0.8205 0.1755 0.5440
vn -0.9783 -0.1002 -0.1813
vn -0.5554 0.5807 -0.5953
vn -0.8685 0.3623 0.3383
vn -0.6664 0.5091 -0.5447
vn -0.6548 0.6948 -0.2974
vn -0.5623 0.7623 -0.3205
vn -0.7329 0.5208 0.4378
vn -0.4946 0.8106 -0.3134
vn -0.4774 0.4552 0.7516
vn -0.5636 0.6639 0.4916
vn -0.3793 0.7759 0.5041
vn -0.7412 -0.6440 0.1892
vn -0.9421 -0.3318 -0.0488
vn -0.9382 -0.3357 0.0841
vn -0.6416 -0.7611 0.0948
vn 0.8624 -0.4760 0.1722
vn -0.5684 -0.3722 -0.7338
vn 0.9045 -0.3565 0.2342
vn 0.9630 0.2651 -0.0487
vn -0.2833 -0.7983 -0.5314
vn -0.3561 -0.2891 -0.8886
vn 0.9457 0.3136 0.0856
vn 0.8412 0.5237 -0.1346
vn -0.1231 -0.6860 -0.7171
vn -0.1666 -0.1678 -0.9716
vn 0.6675 -0.3152 0.6746
vn 0.5430 -0.4176 0.7285
vn 0.8275 0.5614 0.0019
vn 0.6232 0.7511 -0.2179
vn 0.5900 0.3531 0.7261
vn 0.4741 0.5969 0.6472
vn 0.6357 0.7668 -0.0885
vn -0.2287 0.9238 -0.3072
vn -0.0927 0.9583 -0.2704
vn 0.3181 0.7912 0.5223
vn -0.2025 0.9792 0.0127
vn -0.3144 0.9492 0.0102
vn 0.2893 0.5175 0.8053
vn -0.3955 0.9181 0.0264
vn -0.0041 -0.0739 -0.9973
vn 0.1315 0.7423 0.6571
vn 0.4102 0.2543 0.8758
vn 0.4378 -0.5120 0.7390
vn 0.2251 0.1361 0.9648
vn 0.0848 0.4164 0.9052
vn -0.1265 0.3072 0.9432
vn -0.0778 0.6689 0.7393
vn -0.4806 0.8766 0.0230
vn 0.0738 -0.5977 -0.7983
vn 0.0302 0.0265 0.9992
vn 0.2383 -0.5017 -0.8316
vn 0.1636 0.0135 -0.9864
vn 0.3536 -0.5841 0.7306
vn 0.4094 -0.4133 -0.8134
vn 0.2485 -0.6159 0.7476
vn 0.5946 -0.2918 -0.7492
vn 0.3726 0.1113 -0.9213
vn 0.7875 -0.2102 -0.5794
vn 0.5668 0.2515 -0.7846
vn -0.1686 -0.0802 0.9824
vn 0.1121 -0.6544 0.7478
vn 0.9905 0.1356 0.0216
vn 0.7792 0.6140 -0.1259
vn 0.9515 0.2860 0.1133
vn 0.7896 0.6136 0.0066
vn -0.0475 -0.9759 0.2130
vn -0.1664 -0.9449 0.2821
vn -0.7409 -0.6710 0.0277
vn -0.0444 -0.7063 0.7065
vn -0.7633 -0.6254 0.1621
vn -0.8997 -0.4328 -0.0566
vn -0.3731 -0.1760 0.9109
vn -0.5627 -0.2801 0.7778
vn -0.9149 -0.3958 0.0799
vn -0.9807 -0.1300 -0.1461
vn -0.5352 0.0645 0.8423
vn -0.7118 -0.0545 0.7003
vn -0.9918 -0.1272 -0.0156
vn -0.6774 0.6772 -0.2871
vn -0.8007 0.1766 0.5724
vn -0.7767 0.5825 -0.2397
vn -0.7161 0.6971 0.0359
vn -0.6314 0.7751 0.0244
vn -0.6506 0.3126 0.6921
vn -0.5607 0.8273 0.0338
vn -0.3340 0.1863 0.9240
vn -0.4713 0.4526 0.7570
vn -0.2816 0.5752 0.7680
vn 0.8442 0.4746 -0.2490
vn 0.9433 0.3226 0.0775
vn 0.9003 0.3993 0.1735
vn 0.7374 0.6106 -0.2887
vn -0.6745 0.1630 -0.7200
vn 0.3260 0.8044 0.4966
vn -0.7080 0.0270 -0.7057
vn -0.9440 -0.2923 -0.1528
vn 0.1951 0.9808 -0.0013
vn 0.0618 0.8105 0.5824
vn -0.8882 -0.4080 -0.2114
vn -0.8989 -0.4258 0.1038
vn -0.0370 0.9898 0.1373
vn -0.1637 0.7444 0.6474
vn -0.3392 -0.2416 -0.9092
vn -0.1890 -0.1821 -0.9650
vn -0.8441 -0.5350 0.0363
vn -0.7625 -0.5269 0.3755
vn -0.3456 -0.7866 -0.5116
vn -0.3014 -0.9152 -0.2674
vn -0.7305 -0.6181 0.2904
vn -0.0320 -0.5118 0.8585
vn -0.1514 -0.5767 0.8028
vn -0.2290 -0.9734 -0.0062
vn 0.0492 -0.7511 0.6584
vn 0.1567 -0.7156 0.6807
vn -0.0621 -0.9305 -0.3610
vn 0.2440 -0.6917 0.6797
vn -0.3397 0.6668 0.6633
vn -0.0005 -0.9979 -0.0640
vn -0.1112 -0.7820 -0.6133
vn -0.0721 -0.1019 -0.9922
vn 0.1113 -0.7228 -0.6820
vn 0.1801 -0.8897 -0.4195
vn 0.4085 -0.8018 -0.4361
vn 0.2360 -0.9675 -0.0908
vn 0.3292 -0.6460 0.6887
vn -0.2639 0.9482 0.1767
vn 0.3231 -0.6341 -0.7025
vn -0.4448 0.8733 0.1988
vn -0.5060 0.5700 0.6474
vn 0.0148 -0.0291 -0.9995
vn -0.6120 0.7709 0.1766
vn 0.1248 -0.0016 -0.9922
vn -0.7791 0.6117 0.1373
vn -0.6920 0.4265 0.5824
vn -0.9081 0.4186 -0.0014
vn -0.8424 0.2090 0.4966
vn 0.5193 -0.5150 -0.6820
vn 0.2584 0.0458 -0.9649
vn -0.9274 -0.2378 -0.2888
vn -0.8522 -0.4936 0.1735
vn -0.8802 -0.4040 -0.2490
vn -0.8164 -0.5723 0.0778
vn 0.2645 0.6416 -0.7200
vn 0.3943 0.5886 -0.7057
vn 0.7914 0.5919 -0.1528
vn 0.3949 0.1324 -0.9091
vn 0.8521 0.4787 -0.2114
vn 0.8728 0.4769 0.1038
vn 0.6980 -0.3696 -0.6133
vn 0.8396 -0.1827 -0.5116
vn 0.9290 0.3684 0.0364
vn 0.8744 0.3072 0.3755
vn 0.7893 -0.4967 -0.3610
vn 0.9176 -0.2941 -0.2674
vn 0.9294 0.2277 0.2904
vn 0.4329 -0.2749 0.8585
vn 0.9221 -0.3869 -0.0063
vn 0.5556 -0.2164 0.8028
vn 0.5788 -0.4813 0.6583
vn 0.4868 -0.5474 0.6807
vn 0.8077 -0.5861 -0.0639
vn 0.4161 -0.6040 0.6797
vn 0.6139 -0.6686 -0.4196
vn 0.6440 -0.7596 -0.0909
vn 0.4520 -0.8871 -0.0934
vn 0.9814 0.1858 -0.0478
vn 0.8372 0.5228 0.1604
vn 0.7829 0.6191 0.0618
vn 0.9627 0.1305 -0.2369
vn -0.0910 -0.8755 -0.4746
vn 0.2967 0.7513 -0.5895
vn -0.1767 -0.9128 -0.3682
vn -0.7836 -0.5909 -0.1919
vn 0.5089 0.2541 -0.8224
vn 0.0651 0.7077 -0.7035
vn -0.7576 -0.6510 -0.0474
vn -0.9380 -0.3453 -0.0312
vn 0.2653 0.3047 -0.9148
vn -0.1468 0.6615 -0.7354
vn 0.0836 -0.9942 0.0683
vn 0.2457 -0.9672 0.0652
vn -0.9035 -0.4154 0.1057
vn -0.9892 -0.0369 0.1420
vn -0.3060 -0.7637 0.5685
vn -0.4366 -0.5486 0.7131
vn -0.9603 -0.1310 0.2465
vn -0.5963 0.6616 0.4546
vn -0.6869 0.5592 0.4642
vn -0.5239 -0.2909 0.8005
vn -0.5336 0.4480 0.7173
vn -0.4492 0.5311 0.7184
vn -0.2132 -0.5347 0.8177
vn -0.3810 0.5655 0.7314
vn -0.3047 0.5980 -0.7413
vn -0.3305 -0.2524 0.9094
vn -0.0772 -0.7525 0.6540
vn 0.3663 -0.9295 0.0423
vn 0.1345 -0.7114 0.6898
vn 0.0036 -0.4833 0.8755
vn 0.2026 -0.3977 0.8949
vn -0.1350 -0.1816 0.9741
vn -0.3096 0.6077 0.7314
vn 0.0671 0.2487 -0.9662
vn 0.3228 -0.6335 0.7032
vn -0.0956 0.1876 -0.9776
vn -0.4489 0.5076 -0.7354
vn 0.4539 -0.8908 0.0195
vn -0.2407 0.0918 -0.9662
vn 0.5367 -0.8427 0.0423
vn -0.4023 -0.0355 -0.9148
vn -0.6109 0.3633 -0.7034
vn -0.5048 -0.2625 -0.8224
vn -0.7823 0.2015 -0.5895
vn 0.4965 -0.5270 0.6898
vn 0.6380 -0.7672 0.0654
vn -0.6715 -0.7021 -0.2369
vn -0.9610 -0.2695 0.0617
vn -0.7272 -0.6848 -0.0478
vn -0.9161 -0.3696 0.1554
vn 0.7618 -0.4410 -0.4746
vn 0.8423 -0.3936 -0.3682
vn 0.9386 0.2867 -0.1919
vn 0.7552 -0.6519 0.0682
vn 0.9720 0.2303 -0.0474
vn 0.8307 0.5559 -0.0312
vn 0.6542 -0.3799 0.6540
vn 0.7977 -0.2013 0.5685
vn 0.8671 0.4868 0.1057
vn 0.6113 0.7786 0.1420
vn 0.5579 -0.1419 0.8177
vn 0.7004 0.0306 0.7131
vn 0.6703 0.6999 0.2465
vn -0.1848 0.8713 0.4547
vn 0.5432 0.2529 0.8006
vn -0.0487 0.8844 0.4642
vn -0.0488 0.6951 0.7173
vn -0.1656 0.6756 0.7184
vn 0.3986 0.1190 0.9094
vn -0.2336 0.6407 0.7313
vn 0.3889 -0.2869 0.8755
vn 0.2263 0.0025 0.9741
vn 0.0472 -0.0928 0.9946
vn 0.9860 0.1659 0.0136
vn 0.8149 0.5626 0.1394
vn 0.7676 0.6409 0.0092
vn 0.9830 0.0658 -0.1712
vn -0.0199 -0.9562 -0.2921
vn 0.3286 0.6141 -0.7176
vn -0.1150 -0.9754 -0.1881
vn -0.7536 -0.6397 -0.1511
vn 0.5708 0.0614 -0.8188
vn 0.1185 0.5384 -0.8343
vn -0.7432 -0.6689 0.0151
vn -0.9352 -0.3498 -0.0555
vn 0.3383 0.1004 -0.9357
vn -0.0776 0.4856 -0.8707
vn 0.0881 -0.9519 0.2935
vn 0.2465 -0.9245 0.2907
vn -0.9137 -0.3923 0.1060
vn -0.9987 0.0086 0.0499
vn -0.3401 -0.6275 0.7004
vn -0.4846 -0.3848 0.7855
vn -0.9812 -0.0667 0.1811
vn -0.6218 0.7437 0.2454
vn -0.7112 0.6492 0.2697
vn -0.5801 -0.1120 0.8068
vn -0.5860 0.5840 0.5617
vn -0.5045 0.6710 0.5433
vn -0.2754 -0.3462 0.8968
vn -0.4433 0.7056 0.5529
vn -0.2245 0.4255 -0.8766
vn -0.4016 -0.0492 0.9145
vn -0.1245 -0.5947 0.7943
vn 0.3607 -0.8928 0.2698
vn 0.0723 -0.5456 0.8349
vn -0.0748 -0.2839 0.9559
vn 0.1092 -0.1993 0.9738
vn -0.2220 0.0311 0.9745
vn -0.3771 0.7431 0.5528
vn 0.1547 0.0387 -0.9872
vn 0.2463 -0.4683 0.8486
vn 0.0041 -0.0215 -0.9998
vn -0.3589 0.3413 -0.8687
vn 0.4434 -0.8608 0.2497
vn -0.1324 -0.1086 -0.9852
vn 0.5178 -0.8122 0.2687
vn -0.2893 -0.2215 -0.9312
vn -0.5157 0.2129 -0.8299
vn -0.3922 -0.4326 -0.8118
vn -0.6985 0.0872 -0.7102
vn 0.4104 -0.3722 0.8325
vn 0.6104 -0.7379 0.2881
vn -0.6288 -0.7610 -0.1596
vn -0.9682 -0.2494 0.0215
vn -0.7098 -0.7039 0.0257
vn -0.9307 -0.3328 0.1520
vn 0.7849 -0.5434 -0.2978
vn 0.8571 -0.4767 -0.1952
vn 0.9574 0.2380 -0.1634
vn 0.7251 -0.6251 0.2889
vn 0.9769 0.2135 0.0026
vn 0.8290 0.5551 -0.0682
vn 0.5645 -0.2412 0.7894
vn 0.7160 -0.0858 0.6928
vn 0.8528 0.5138 0.0933
vn 0.5762 0.8164 0.0386
vn 0.4520 0.0269 0.8916
vn 0.6042 0.1736 0.7777
vn 0.6286 0.7590 0.1695
vn -0.2385 0.9403 0.2427
vn 0.4385 0.4104 0.7996
vn -0.1093 0.9579 0.2654
vn -0.1261 0.8200 0.5583
vn -0.2445 0.8044 0.5414
vn 0.2846 0.3028 0.9096
vn -0.3082 0.7748 0.5520
vn 0.2851 -0.0993 0.9533
vn 0.1153 0.2041 0.9721
vn -0.0533 0.1178 0.9916
vn 0.9764 0.2053 -0.0665
vn 0.8467 0.5082 0.1575
vn 0.7926 0.6053 0.0732
vn 0.9541 0.1663 -0.2491
vn -0.1344 -0.8402 -0.5253
vn 0.3041 0.7893 -0.5334
vn -0.2171 -0.8818 -0.4186
vn -0.7981 -0.5705 -0.1937
vn 0.4978 0.3281 -0.8028
vn 0.0606 0.7612 -0.6457
vn -0.7677 -0.6377 -0.0629
vn -0.9365 -0.3500 -0.0203
vn 0.2500 0.3770 -0.8918
vn -0.1635 0.7171 -0.6775
vn 0.0670 -0.9977 -0.0144
vn 0.2325 -0.9725 -0.0134
vn -0.8993 -0.4251 0.1027
vn -0.9835 -0.0704 0.1667
vn -0.3106 -0.8023 0.5097
vn -0.4341 -0.6016 0.6706
vn -0.9516 -0.1659 0.2588
vn -0.5893 0.6175 0.5210
vn -0.6821 0.5108 0.5232
vn -0.5164 -0.3548 0.7794
vn -0.5190 0.3934 0.7589
vn -0.4315 0.4701 0.7699
vn -0.2046 -0.5977 0.7752
vn -0.3575 0.5056 0.7852
vn -0.3311 0.6498 -0.6842
vn -0.3161 -0.3262 0.8909
vn -0.0754 -0.8007 0.5943
vn 0.3601 -0.9322 -0.0362
vn 0.1472 -0.7624 0.6301
vn 0.0234 -0.5496 0.8351
vn 0.2349 -0.4609 0.8558
vn -0.1098 -0.2575 0.9600
vn -0.2813 0.5522 0.7848
vn 0.0419 0.3211 -0.9461
vn 0.3475 -0.6820 0.6435
vn -0.1309 0.2575 -0.9574
vn -0.4840 0.5539 -0.6775
vn 0.4531 -0.8894 -0.0607
vn -0.2843 0.1548 -0.9462
vn 0.5425 -0.8393 -0.0362
vn -0.4520 0.0193 -0.8918
vn -0.6514 0.3985 -0.6457
vn -0.5583 -0.2099 -0.8027
vn -0.8173 0.2179 -0.5334
vn 0.5303 -0.5673 0.6301
vn 0.6501 -0.7598 -0.0134
vn -0.6954 -0.6741 -0.2491
vn -0.9556 -0.2855 0.0730
vn -0.7400 -0.6693 -0.0666
vn -0.9097 -0.3857 0.1541
vn 0.7588 -0.3851 -0.5253
vn 0.8411 -0.3427 -0.4185
vn 0.9307 0.3104 -0.1937
vn 0.7677 -0.6406 -0.0144
vn 0.9672 0.2463 -0.0628
vn 0.8336 0.5520 -0.0203
vn 0.6921 -0.4097 0.5943
vn 0.8317 -0.2202 0.5097
vn 0.8725 0.4777 0.1027
vn 0.6350 0.7543 0.1667
vn 0.6038 -0.1857 0.7752
vn 0.7418 -0.0024 0.6706
vn 0.6935 0.6724 0.2588
vn -0.1532 0.8396 0.5211
vn 0.5905 0.2092 0.7795
vn -0.0123 0.8521 0.5233
vn -0.0133 0.6511 0.7589
vn -0.1267 0.6254 0.7699
vn 0.4497 0.0639 0.8909
vn -0.1989 0.5864 0.7852
vn 0.4309 -0.3420 0.8351
vn 0.2729 -0.0625 0.9600
vn 0.0838 -0.1645 0.9828
vn 0.9650 0.1954 -0.1750
vn 0.9018 0.4114 0.1321
vn 0.8459 0.5253 0.0925
vn 0.9134 0.2130 -0.3470
vn -0.3080 -0.6427 -0.7015
vn 0.3005 0.8963 -0.3262
vn -0.3755 -0.7089 -0.5970
vn -0.8676 -0.4594 -0.1902
vn 0.4027 0.5430 -0.7368
vn 0.0347 0.9177 -0.3957
vn -0.8232 -0.5595 -0.0969
vn -0.9515 -0.3035 0.0500
vn 0.1466 0.6205 -0.7704
vn -0.2040 0.8938 -0.3994
vn -0.0354 -0.9481 -0.3161
vn 0.1330 -0.9334 -0.3332
vn -0.9032 -0.4080 0.1335
vn -0.9472 -0.1000 0.3047
vn -0.3095 -0.9027 0.2988
vn -0.3872 -0.7569 0.5265
vn -0.9094 -0.2144 0.3563
vn -0.4511 0.4459 0.7731
vn -0.5536 0.3441 0.7584
vn -0.4283 -0.5545 0.7135
vn -0.3631 0.1670 0.9167
vn -0.2663 0.2273 0.9367
vn -0.1418 -0.7957 0.5889
vn -0.1833 0.2552 0.9493
vn -0.3838 0.8344 -0.3956
vn -0.2081 -0.5705 0.7945
vn -0.0615 -0.9385 0.3398
vn 0.2646 -0.8922 -0.3660
vn 0.1748 -0.9217 0.3462
vn 0.1043 -0.7764 0.6215
vn 0.3333 -0.7022 0.6291
vn 0.0194 -0.5320 0.8465
vn -0.1005 0.3010 0.9483
vn -0.0794 0.5888 -0.8044
vn 0.3904 -0.8533 0.3457
vn -0.2651 0.5348 -0.8023
vn -0.5484 0.7411 -0.3874
vn 0.3609 -0.8448 -0.3950
vn -0.4296 0.4335 -0.7922
vn 0.4621 -0.8046 -0.3728
vn -0.6023 0.2884 -0.7444
vn -0.7257 0.5805 -0.3693
vn -0.7146 0.0475 -0.6980
vn -0.8838 0.3711 -0.2850
vn 0.5855 -0.7396 0.3320
vn 0.5826 -0.7341 -0.3487
vn -0.7894 -0.5423 -0.2877
vn -0.9500 -0.2711 0.1551
vn -0.8010 -0.5878 -0.1135
vn -0.9008 -0.3880 0.1949
vn 0.6413 -0.2217 -0.7345
vn 0.7417 -0.2135 -0.6359
vn 0.9101 0.3289 -0.2521
vn 0.7073 -0.6187 -0.3420
vn 0.9598 0.2312 -0.1590
vn 0.8648 0.5019 -0.0132
vn 0.7558 -0.5761 0.3114
vn 0.8930 -0.3695 0.2569
vn 0.9147 0.3981 0.0702
vn 0.7261 0.6419 0.2464
vn 0.7183 -0.4143 0.5590
vn 0.8502 -0.2083 0.4835
vn 0.7885 0.5385 0.2972
vn 0.0169 0.6535 0.7567
vn 0.7389 -0.0369 0.6728
vn 0.1601 0.6606 0.7334
vn 0.1728 0.4046 0.8980
vn 0.0645 0.3740 0.9252
vn 0.6079 -0.2086 0.7661
vn -0.0110 0.3317 0.9433
vn 0.5412 -0.5828 0.6062
vn 0.4300 -0.3498 0.8323
vn 0.2307 -0.4527 0.8613
vn 0.4692 0.8087 0.3548
vn 0.1942 0.7884 0.5838
vn 0.7757 0.5220 -0.3547
vn 0.4478 0.7151 0.5367
vn 0.4399 0.8961 0.0586
vn 0.2721 0.9604 0.0601
vn 0.2832 0.7062 0.6489
vn 0.3231 0.6772 0.6610
vn 0.3242 0.7805 0.5346
vn 0.4492 0.7195 0.5296
vn 0.1552 0.8934 0.4216
vn 0.3640 0.6844 0.6318
vn -0.4945 0.8650 -0.0851
vn 0.1080 0.9857 0.1292
vn 0.1960 0.7831 0.5902
vn 0.3089 0.8980 0.3133
vn 0.8481 0.5199 0.1023
vn -0.3793 0.8512 0.3627
vn 0.9940 -0.1031 -0.0360
vn 0.2905 0.3887 0.8744
vn -0.8478 0.3942 0.3547
vn 0.7545 -0.6548 -0.0449
vn 0.5735 0.1407 0.8070
vn 0.1660 -0.1512 0.9745
vn 0.5944 -0.2075 0.7769
vn -0.0782 0.3166 0.9453
vn -0.9286 -0.2004 0.3123
vn -0.2743 0.0269 0.9613
vn 0.2579 -0.9641 -0.0627
vn 0.4427 -0.4598 0.7699
vn 0.2282 -0.6007 0.7662
vn -0.6930 -0.7074 0.1391
vn -0.2790 -0.2650 0.9230
vn -0.1793 -0.4907 0.8527
vn 0.0012 -0.6154 0.7882
vn -0.2672 -0.9631 -0.0338
vn 0.1372 -0.1354 -0.9813
vn -0.4018 -0.3893 -0.8289
vn -0.4237 0.4562 -0.7825
vn 0.4026 0.2189 -0.8888
vn 0.3147 0.6809 -0.6613
vn -0.8263 -0.3439 -0.4460
vn -0.2262 0.9305 -0.2881
vn -0.9686 -0.1717 -0.1796
vn -0.8071 0.5854 -0.0769
vn -0.9907 0.1084 -0.0827
vn 0.6473 -0.7396 -0.1842
vn 0.9726 -0.1345 -0.1895
vn 0.5538 -0.2837 -0.7828
vn 0.8963 0.3357 -0.2898
vn 0.1490 -0.9556 -0.2543
vn -0.1312 -0.9003 -0.4151
vn 0.6853 0.5233 -0.5065
vn 0.3673 0.5232 -0.7690
vn -0.3041 -0.6987 -0.6475
vn -0.1533 0.1966 -0.9684
vn -0.4034 -0.2027 -0.8923
vn -0.0451 0.9131 0.4052
vn -0.4093 0.7899 0.4566
vn -0.0551 0.9561 0.2878
vn -0.2409 0.9659 0.0954
vn 0.1856 -0.0572 0.9810
vn 0.1532 -0.2418 0.9582
vn 0.1354 -0.9377 0.3198
vn 0.1819 0.9332 0.3098
vn 0.0484 0.9842 0.1705
vn 0.2413 -0.0851 0.9667
vn 0.5270 0.7494 0.4008
vn 0.4243 0.8616 0.2785
vn 0.0538 -0.9657 0.2540
vn 0.1496 -0.9430 0.2971
vn 0.1935 -0.2957 0.9355
vn 0.7625 0.4667 0.4481
vn 0.7549 0.5502 0.3568
vn 0.0069 -0.9839 0.1784
vn 0.0163 -0.9987 0.0479
vn -0.1422 -0.9861 0.0862
vn -0.1549 -0.9858 -0.0650
vn -0.0637 -0.9835 0.1695
vn -0.4046 -0.9106 -0.0837
vn -0.0169 -0.9629 0.2693
vn -0.7208 -0.6815 0.1264
vn -0.2880 -0.9292 0.2316
vn -0.2474 -0.9080 0.3381
vn -0.9805 -0.1750 0.0897
vn -0.6367 -0.6883 0.3477
vn 0.0740 -0.3003 0.9510
vn -0.9797 0.1949 0.0460
vn -0.5655 -0.6937 0.4461
vn -0.9140 -0.2206 0.3404
vn -0.0665 -0.2269 0.9716
vn -0.8938 0.4482 -0.0136
vn -0.8708 -0.2671 0.4127
vn -0.9643 0.1533 0.2158
vn 0.8716 0.1132 0.4770
vn 0.9147 0.1780 0.3629
vn -0.6970 0.7170 0.0060
vn -0.8861 0.4300 0.1730
vn -0.9450 0.1129 0.3070
vn -0.1166 -0.1132 0.9867
vn 0.8863 -0.1832 0.4253
vn 0.9522 -0.1082 0.2856
vn -0.0402 -0.0496 0.9980
vn 0.8340 -0.4345 0.3399
vn 0.9101 -0.3705 0.1857
vn -0.8633 0.4120 0.2916
vn 0.0372 -0.1022 0.9941
vn 0.6830 -0.6960 0.2218
vn 0.7280 -0.6764 0.1117
vn 0.4520 -0.8871 0.0934
vn -0.6804 0.7075 0.1909
vn 0.4453 -0.8739 0.1950
vn -0.6464 0.6840 0.3381
vn 0.0083 -0.0162 0.9998
vn 0.1616 -0.9616 0.2217
vn 0.1194 -0.9865 0.1117
vn -0.2352 -0.9540 0.1857
vn -0.4269 0.8379 0.3402
vn -0.4431 0.8697 0.2175
vn 0.0608 -0.0902 0.9941
vn -0.1387 -0.9302 0.3398
vn -0.4722 -0.8340 0.2856
vn -0.1735 0.9250 0.3381
vn -0.3727 -0.8248 0.4253
vn -0.6817 -0.6353 0.3629
vn -0.1725 0.9663 0.1909
vn -0.4539 0.8908 -0.0215
vn -0.1704 0.9854 0.0059
vn 0.1741 0.9406 0.2916
vn 0.1628 0.9866 -0.0137
vn 0.1729 0.9696 0.1730
vn 0.0637 0.0033 0.9980
vn 0.4163 0.9075 0.0562
vn 0.4641 0.8309 0.3070
vn 0.4428 0.8703 0.2158
vn 0.1601 0.0278 0.9867
vn 0.7842 0.6198 0.0281
vn 0.7279 0.5475 0.4128
vn 0.6803 0.6152 0.3983
vn -0.6039 -0.6386 0.4770
vn -0.8889 -0.2874 0.3568
vn 0.9862 0.1209 0.1130
vn 0.9276 0.0786 0.3652
vn 0.8936 0.0498 0.4461
vn 0.2226 -0.0796 0.9717
vn -0.8257 -0.3426 0.4482
vn -0.9465 0.1632 0.2785
vn 0.9650 -0.2250 -0.1346
vn 0.9065 -0.3089 0.2877
vn 0.8800 -0.3336 0.3381
vn 0.1995 -0.2364 0.9510
vn -0.9160 0.0141 0.4008
vn -0.8247 0.5393 0.1705
vn 0.8890 -0.4521 -0.0727
vn 0.8196 -0.5439 0.1801
vn 0.7890 -0.5523 0.2692
vn 0.1255 -0.3303 0.9355
vn -0.8619 0.4014 0.3099
vn -0.6402 0.7622 0.0956
vn -0.0730 -0.2453 0.9667
vn -0.7413 0.6063 0.2879
vn 0.7496 -0.6112 0.2539
vn 0.7833 -0.5774 0.2304
vn 0.1056 -0.2661 0.9582
vn -0.7123 0.5735 0.4046
vn -0.0628 -0.1837 0.9810
vn 0.6790 -0.6608 0.3198
vn 0.6407 -0.7062 0.3013
vn 0.8668 -0.4547 0.2045
vn 0.7524 -0.6575 0.0398
vn 0.1702 0.9449 0.2795
vn 0.2748 0.9469 0.1668
vn 0.1918 0.9553 0.2248
vn 0.1223 0.9463 0.2992
vn 0.1087 0.9357 0.3357
vn 0.1347 0.9162 0.3774
vn 0.2922 0.9333 0.2087
vn 0.3790 0.9082 0.1777
vn 0.1673 0.9293 0.3293
vn 0.4169 0.8789 0.2320
vn 0.4488 0.8603 0.2417
vn 0.4699 0.8423 0.2640
vn 0.4489 0.8393 0.3066
vn 0.2249 0.8900 0.3966
vn 0.2115 0.8792 0.4270
vn 0.3187 0.9035 0.2866
vn 0.4282 0.8550 0.2927
vn 0.3987 0.8370 0.3748
vn 0.3255 0.8572 0.3992
vn 0.3133 0.8533 0.4168
vn 0.3893 0.8483 0.3590
vn 0.3231 0.8926 0.3145
vn 0.1532 0.9815 0.1152
vn 0.8225 0.4077 -0.3966
vn 0.0445 0.9941 -0.0990
vn 0.4883 0.7411 0.4608
vn -0.0108 0.9424 -0.3344
vn 0.6565 0.5186 0.5478
vn -0.0298 0.8133 -0.5811
vn 0.7885 0.2697 0.5528
vn 0.0715 0.5356 -0.8414
vn 0.8969 -0.0347 0.4409
vn 0.2483 0.1371 -0.9589
vn 0.9115 -0.3089 0.2716
vn 0.4334 -0.1973 -0.8793
vn 0.8775 -0.4785 0.0329
vn 0.5688 -0.3902 -0.7240
vn 0.7976 -0.5596 -0.2250
vn 0.7026 -0.5299 -0.4749
vn -0.8071 0.3240 -0.4936
vn -0.9269 0.2878 -0.2410
vn -0.6743 -0.6265 -0.3909
vn -0.9869 0.1475 0.0654
vn -0.6273 0.2926 -0.7217
vn -0.9409 -0.0205 0.3380
vn -0.4296 0.2041 -0.8796
vn -0.8303 -0.2383 0.5038
vn -0.2109 0.0669 -0.9752
vn -0.6735 -0.4607 0.5781
vn -0.0424 -0.1049 -0.9936
vn -0.5088 -0.6696 0.5411
vn 0.0837 -0.3107 -0.9468
vn -0.3097 -0.8652 0.3944
vn 0.1818 -0.5389 -0.8225
vn -0.1392 -0.9705 0.1967
vn 0.1728 -0.8190 -0.5472
vn 0.0544 -0.9879 -0.1453
vn 0.8872 -0.4467 -0.1153
vn 0.5068 -0.8614 0.0341
vn 0.4634 -0.8319 -0.3053
vn 0.7881 -0.5984 0.1443
vn 0.9254 -0.0508 0.3755
vn 0.8026 -0.3570 0.4780
vn 0.5592 0.1342 0.8181
vn 0.0492 -0.9919 0.1175
vn -0.1272 -0.9822 -0.1384
vn 0.5461 -0.1765 0.8189
vn -0.0222 -0.0338 0.9992
vn 0.3695 -0.7251 0.5812
vn -0.1870 -0.8512 0.4904
vn -0.4843 -0.8149 0.3183
vn 0.1077 -0.3445 0.9326
vn -0.4552 -0.4012 0.7949
vn -0.1904 -0.5746 0.7960
vn 0.8723 -0.4175 -0.2545
vn 0.5024 -0.8528 -0.1422
vn 0.4322 -0.7708 -0.4681
vn 0.7933 -0.6086 -0.0149
vn 0.9521 -0.1033 0.2878
vn 0.8360 -0.4225 0.3503
vn 0.6237 0.0077 0.7816
vn 0.0522 -0.9977 -0.0439
vn -0.1440 -0.9491 -0.2803
vn 0.6087 -0.2994 0.7347
vn 0.0575 -0.1903 0.9800
vn 0.4102 -0.8050 0.4287
vn -0.1525 -0.9188 0.3641
vn -0.4624 -0.8578 0.2242
vn 0.1797 -0.4860 0.8553
vn -0.3927 -0.5238 0.7559
vn -0.1297 -0.6936 0.7086
vn 0.8646 -0.4024 -0.3007
vn 0.4977 -0.8435 -0.2021
vn 0.4185 -0.7440 -0.5209
vn 0.7922 -0.6063 -0.0697
vn 0.9596 -0.1180 0.2553
vn 0.8450 -0.4402 0.3037
vn 0.6450 -0.0341 0.7634
vn 0.0502 -0.9938 -0.0993
vn -0.1524 -0.9326 -0.3272
vn 0.6285 -0.3383 0.7004
vn 0.0844 -0.2431 0.9663
vn 0.4212 -0.8267 0.3730
vn -0.1431 -0.9373 0.3179
vn -0.4567 -0.8691 0.1901
vn 0.2029 -0.5314 0.8224
vn -0.3721 -0.5643 0.7370
vn -0.1106 -0.7311 0.6733
vn 0.8447 -0.3633 -0.3930
vn 0.4825 -0.8139 -0.3237
vn 0.3856 -0.6794 -0.6243
vn 0.7849 -0.5921 -0.1827
vn 0.9723 -0.1428 0.1851
vn 0.8596 -0.4688 0.2034
vn 0.6875 -0.1176 0.7166
vn 0.0412 -0.9762 -0.2130
vn -0.1740 -0.8904 -0.4206
vn 0.6665 -0.4128 0.6208
vn 0.1388 -0.3499 0.9265
vn 0.4392 -0.8620 0.2531
vn -0.1277 -0.9675 0.2182
vn -0.4479 -0.8864 0.1171
vn 0.2479 -0.6198 0.7445
vn -0.3311 -0.6447 0.6890
vn -0.0743 -0.8025 0.5921
vn 0.8194 -0.3135 -0.4800
vn 0.4604 -0.7702 -0.4413
vn 0.3466 -0.6028 -0.7187
vn 0.7710 -0.5650 -0.2938
vn 0.9809 -0.1597 0.1111
vn 0.8683 -0.4860 0.0988
vn 0.7275 -0.1959 0.6575
vn 0.0256 -0.9455 -0.3245
vn -0.2009 -0.8375 -0.5082
vn 0.7000 -0.4784 0.5303
vn 0.1910 -0.4524 0.8711
vn 0.4503 -0.8837 0.1277
vn -0.1181 -0.9864 0.1140
vn -0.4432 -0.8955 0.0414
vn 0.2886 -0.6995 0.6537
vn -0.2928 -0.7199 0.6293
vn -0.0425 -0.8647 0.5004
vn 0.5682 0.4376 0.6969
vn 0.6043 0.2938 0.7406
vn 0.8446 -0.5352 -0.0171
vn 0.6489 -0.7110 -0.2708
vn 0.0988 -0.4934 -0.8642
vn 0.7580 -0.6008 -0.2539
vn 0.1149 0.8501 0.5140
vn -0.1980 0.9605 0.1953
vn 0.0582 -0.6403 -0.7659
vn -0.1978 0.9655 0.1693
vn 0.2122 -0.6419 -0.7369
vn 0.4200 -0.6925 -0.5866
vn 0.4681 0.8761 0.1157
vn -0.5931 0.7915 0.1475
vn -0.7796 0.5642 -0.2720
vn -0.7063 0.6424 -0.2975
vn -0.6668 0.2904 -0.6863
vn -0.0303 -0.7318 -0.6808
vn -0.0027 0.5165 -0.8563
vn -0.5226 0.2419 -0.8175
vn 0.0143 -0.7213 -0.6925
vn 0.5797 -0.1483 -0.8012
vn 0.5359 -0.8290 0.1597
vn 0.6477 0.2596 0.7163
vn 0.4868 -0.8720 0.0523
vn 0.8478 -0.5277 -0.0531
vn -0.0444 -0.8347 -0.5490
vn 0.1915 -0.9804 -0.0461
vn -0.0666 -0.8584 -0.5086
vn -0.2071 0.2569 -0.9440
vn 0.3640 -0.9079 0.2079
vn -0.0674 -0.8963 0.4382
vn -0.1127 -0.7295 -0.6747
vn -0.0256 0.2513 -0.9676
vn -0.4120 -0.8022 0.4322
vn -0.0715 -0.7094 -0.7012
vn 0.0792 0.5507 -0.8309
vn -0.6279 0.7656 -0.1401
vn -0.5320 -0.7328 0.4242
vn -0.5240 0.3470 0.7778
vn -0.4951 0.2637 0.8278
vn -0.2006 -0.2389 0.9501
vn -0.2203 0.8224 0.5246
vn 0.2214 -0.7444 0.6300
vn 0.0931 -0.0109 0.9956
vn -0.1903 0.8509 0.4897
vn 0.4163 -0.8892 -0.1896
vn 0.5306 -0.6289 0.5683
vn 0.2833 0.3394 0.8970
vn 0.6223 -0.5432 0.5636
vn 0.3926 0.4454 0.8046
vn 0.7243 0.6640 -0.1858
vn 0.5805 -0.7871 -0.2084
vn 0.0458 -0.1264 -0.9909
vn -0.3161 0.8724 -0.3728
vn -0.0405 0.9417 0.3339
vn 0.3014 0.8988 0.3183
vn -0.3476 0.8932 0.2853
vn -0.3526 0.9305 0.0986
vn -0.3448 0.8488 0.4008
vn -0.1914 0.9814 0.0145
vn -0.2627 0.8731 0.4107
vn -0.0860 0.9956 0.0366
vn -0.0744 0.9928 0.0944
vn 0.0277 0.5834 0.8117
vn -0.9314 -0.0556 0.3598
vn -0.0538 0.4714 0.8803
vn -0.9583 -0.2771 0.0703
vn -0.6443 -0.2929 -0.7064
vn -0.9847 -0.1303 0.1160
vn 0.5152 0.7420 0.4290
vn 0.6944 0.7196 0.0060
vn -0.6459 -0.4502 -0.6165
vn 0.6866 0.7268 -0.0184
vn -0.7571 -0.3803 -0.5312
vn -0.8885 -0.3393 -0.3089
vn 0.0991 0.9760 0.1938
vn 0.9063 0.3866 -0.1708
vn 0.7843 0.1419 -0.6040
vn 0.7546 0.2477 -0.6077
vn 0.4059 0.0010 -0.9139
vn -0.5880 -0.5813 -0.5624
vn -0.0735 0.5357 -0.8412
vn 0.2188 0.0418 -0.9749
vn -0.6226 -0.5493 -0.5574
vn -0.8332 0.2333 -0.5013
vn -0.7625 -0.4785 0.4354
vn -0.1138 0.4651 0.8779
vn -0.7853 -0.5285 0.3224
vn -0.9439 -0.0440 0.3272
vn -0.5765 -0.6910 -0.4361
vn -0.6421 -0.7553 0.1309
vn -0.5551 -0.7266 -0.4049
vn -0.0709 0.2201 -0.9729
vn -0.6467 -0.6351 0.4225
vn -0.2131 -0.8570 0.4692
vn -0.5195 -0.6195 -0.5884
vn -0.2258 0.3054 -0.9251
vn 0.1017 -0.9409 0.3231
vn -0.5524 -0.5795 -0.5992
vn -0.1121 0.6023 -0.7903
vn 0.8120 0.3768 -0.4457
vn 0.2269 -0.9377 0.2632
vn 0.8764 -0.0311 0.4806
vn 0.8323 -0.0947 0.5462
vn 0.4036 -0.4021 0.8218
vn 0.7701 0.5550 0.3144
vn -0.2949 -0.6050 0.7396
vn 0.2993 -0.0665 0.9518
vn 0.7470 0.5978 0.2908
vn -0.8299 -0.5528 0.0750
vn -0.5066 -0.3489 0.7884
vn 0.2809 0.3400 0.8975
vn -0.5394 -0.2296 0.8102
vn 0.2108 0.4945 0.8432
vn -0.3211 0.9464 0.0360
vn -0.9173 -0.3828 0.1095
vn -0.4733 0.0138 -0.8808
vn 0.5293 0.6442 -0.5521
vn 0.6136 0.7652 0.1951
vn 0.3172 0.8945 0.3150
vn 0.8140 0.5796 0.0388
vn 0.7650 0.6289 -0.1386
vn 0.8342 0.5306 0.1505
vn 0.6304 0.7596 -0.1599
vn 0.7849 0.5902 0.1885
vn 0.5626 0.8206 -0.1010
vn 0.5740 0.8177 -0.0433
vn 0.7971 -0.5911 0.1236
vn 0.6951 -0.7164 -0.0594
vn 0.5797 -0.8070 -0.1125
vn 0.8892 -0.4569 -0.0254
vn 0.9347 0.3079 -0.1774
vn 0.9838 0.1651 -0.0700
vn 0.4986 0.7745 -0.3892
vn 0.8844 0.1573 -0.4394
vn 0.9134 0.0483 -0.4042
vn 0.7906 -0.6119 -0.0236
vn 0.9564 -0.0595 -0.2860
vn 0.9165 -0.3966 -0.0520
vn 0.8314 -0.5551 0.0244
vn 0.9812 -0.0820 -0.1749
vn 0.8840 -0.4676 -0.0005
vn 0.8427 -0.5337 -0.0705
vn 0.9772 -0.1723 -0.1243
vn 0.8577 -0.4169 -0.3010
vn 0.8637 -0.4203 -0.2783
vn 0.8528 -0.5202 -0.0459
vn 0.9459 -0.2729 -0.1753
vn 0.7238 -0.6218 -0.2990
vn 0.8070 -0.4266 -0.4084
vn 0.8290 -0.5054 -0.2393
vn 0.8181 -0.5501 -0.1678
vn 0.8027 -0.5465 -0.2389
vn 0.8471 -0.5166 -0.1245
vn 0.7848 -0.5755 -0.2299
vn 0.8006 -0.5343 -0.2714
vn 0.7718 -0.5145 -0.3736
vn 0.8518 -0.5199 -0.0643
vn 0.8046 -0.5251 -0.2773
vn 0.8963 -0.4430 -0.0194
vn 0.8227 -0.5060 -0.2593
vn 0.8961 -0.4381 0.0714
vn 0.9103 -0.2629 0.3197
vn 0.6888 -0.6756 -0.2629
vn 0.8549 -0.3730 -0.3606
vn 0.9531 -0.0987 0.2862
vn 0.8202 0.0746 0.5671
vn 0.9038 -0.4271 -0.0254
vn 0.5479 -0.6797 -0.4876
vn 0.6448 -0.4966 -0.5810
vn 0.7168 -0.5726 -0.3978
vn 0.5394 -0.6102 -0.5802
vn 0.9487 -0.3079 -0.0722
vn 0.8675 -0.1641 -0.4697
vn 0.9729 0.2176 0.0780
vn 0.8779 0.4315 0.2074
vn 0.7820 0.3459 0.5185
vn 0.8132 0.3556 0.4607
vn 0.8695 0.2367 0.4336
vn 0.7305 0.3677 0.5755
vn 0.8274 0.4551 0.3291
vn 0.6997 0.5883 0.4055
vn 0.5255 0.6525 0.5460
vn 0.9683 0.1534 0.1973
vn 0.8594 0.2955 0.4173
vn 0.5976 0.7080 0.3764
vn 0.8543 0.4592 0.2437
vn 0.4629 0.8021 0.3774
vn 0.4778 0.7248 0.4963
vn 0.4014 0.8140 0.4198
vn 0.4822 0.8099 0.3340
vn 0.3213 0.7911 0.5205
vn 0.3143 0.8723 0.3745
vn 0.4587 0.8060 0.3741
vn 0.3188 0.8474 0.4246
vn 0.3237 0.6924 0.6448
vn 0.4447 0.6382 0.6284
vn 0.2786 0.3206 0.9053
vn 0.3914 0.6655 0.6355
vn 0.1441 0.9867 0.0749
vn 0.2061 0.8955 -0.3945
vn 0.6496 0.6346 0.4188
vn 0.3477 0.3472 0.8710
vn 0.2308 0.6398 -0.7330
vn 0.3101 0.9244 0.2220
vn 0.6670 0.6598 -0.3460
vn 0.8003 0.0672 0.5958
vn 0.3558 0.7461 -0.5628
vn 0.2546 0.9619 -0.0993
vn 0.4065 0.1770 0.8964
vn 0.8783 0.0419 -0.4763
vn 0.7668 -0.6159 -0.1808
vn 0.0079 -0.4755 -0.8797
vn 0.2986 -0.8868 -0.3528
vn 0.1406 -0.7795 -0.6104
vn 0.8630 -0.4007 -0.3078
vn 0.9488 -0.3113 -0.0545
vn 0.5837 0.7980 -0.1503
vn 0.2214 -0.3896 -0.8940
vn -0.3431 -0.1709 -0.9236
vn 0.0531 -0.4944 -0.8676
vn 0.7628 -0.1870 -0.6190
vn -0.4799 -0.7777 -0.4061
vn 0.5325 0.1697 -0.8292
vn 0.6181 0.1832 -0.7644
vn -0.1270 0.4640 -0.8767
vn -0.2348 0.5059 -0.8300
vn 0.0822 0.4729 -0.8773
vn 0.1641 0.6471 -0.7445
vn 0.0356 0.7226 -0.6903
vn 0.2916 0.2976 -0.9091
vn 0.2457 0.4074 -0.8796
vn 0.0887 0.5735 -0.8144
vn -0.2428 0.2758 -0.9301
vn -0.1232 -0.3129 -0.9418
vn -0.0732 0.7675 -0.6368
vn 0.4984 0.1464 -0.8545
vn 0.1712 0.3757 -0.9108
vn 0.0765 0.6200 -0.7809
vn -0.0027 0.7470 -0.6648
vn -0.8835 -0.0891 0.4599
vn -0.8899 -0.4104 0.1993
vn -0.9170 -0.2813 0.2827
vn -0.9486 0.1378 0.2848
vn -0.7456 0.5302 0.4037
vn -0.8754 0.4810 0.0478
vn -0.6046 0.5856 0.5400
vn -0.9201 0.1853 0.3450
vn -0.9072 0.4093 0.0975
vn -0.9283 -0.1478 0.3412
vn -0.9408 0.3366 0.0406
vn -0.9406 0.1123 0.3203
vn -0.9148 -0.0838 0.3951
vn -0.8720 0.4590 0.1703
vn -0.9235 0.0204 0.3830
vn -0.9495 -0.0500 0.3099
vn -0.9015 0.3347 0.2745
vn -0.9924 0.0826 0.0917
vn -0.9901 0.0800 0.1152
vn -0.9416 -0.0359 0.3348
vn -0.9447 0.2375 0.2260
vn -0.9850 -0.1605 0.0637
vn -0.9978 0.0607 -0.0253
vn -0.9891 -0.0147 0.1466
vn -0.9749 -0.0661 0.2127
vn -0.9880 -0.0632 0.1411
vn -0.9652 -0.0275 0.2601
vn -0.9845 -0.0979 0.1454
vn -0.9927 -0.0504 0.1092
vn -0.9993 -0.0364 0.0023
vn -0.9458 -0.0249 0.3239
vn -0.9938 -0.0396 0.1043
vn -0.9267 0.0679 0.3696
vn -0.9887 -0.0105 0.1496
vn -0.8909 0.0422 0.4523
vn -0.7588 0.1752 0.6274
vn -0.9696 -0.2279 0.0891
vn -0.9916 0.1256 0.0313
vn -0.7034 0.3434 0.6224
vn -0.4167 0.4206 0.8059
vn -0.9268 0.0621 0.3705
vn -0.9458 -0.2764 -0.1705
vn -0.9692 -0.0607 -0.2385
vn -0.9880 -0.0679 0.1388
vn -0.9325 -0.3564 -0.0590
vn -0.9247 0.1978 0.3254
vn -0.9420 0.3244 -0.0857
vn -0.6330 0.6510 0.4189
vn -0.4056 0.7780 0.4798
vn -0.2596 0.6365 0.7263
vn -0.2969 0.6659 0.6845
vn -0.4172 0.6029 0.6800
vn -0.1887 0.6282 0.7548
vn -0.3083 0.7616 0.5701
vn -0.1142 0.8125 0.5716
vn 0.1181 0.7778 0.6174
vn -0.6150 0.5809 0.5332
vn -0.3769 0.6293 0.6797
vn 0.0134 0.8657 0.5004
vn -0.3598 0.7869 0.5013
vn 0.1679 0.8846 0.4350
vn 0.1749 0.8109 0.5585
vn 0.2358 0.8588 0.4549
vn 0.1378 0.9014 0.4104
vn 0.1693 0.8841 0.4355
vn 0.1959 0.7053 0.6813
vn 0.2531 0.7111 0.6559
vn 0.1157 0.9888 -0.0942
vn -0.0477 0.8156 0.5767
vn 0.2270 0.3749 0.8989
vn -0.2509 0.8124 -0.5264
vn 0.0027 0.9915 0.1305
vn -0.5958 0.7852 -0.1686
vn -0.3703 0.3477 0.8614
vn 0.0358 0.8405 -0.5407
vn 0.3476 0.9308 -0.1134
vn 0.0954 0.2705 0.9580
vn -0.8554 0.5047 -0.1167
vn -0.9688 -0.1525 0.1956
vn -0.7212 -0.1226 -0.6818
vn -0.9457 -0.3222 0.0439
vn -0.8611 -0.3782 -0.3399
vn -0.9736 -0.0642 0.2192
vn -0.8977 -0.1509 0.4140
vn 0.1379 0.9352 -0.3263
vn -0.9229 -0.2102 0.3226
vn -0.9575 0.1158 -0.2640
vn -0.9694 -0.0904 0.2284
vn -0.9515 0.2787 -0.1301
vn -0.9020 -0.0585 0.4277
vn -0.9577 0.1681 0.2336
vn -0.4338 -0.2744 0.8582
vn -0.6202 0.7164 -0.3194
vn -0.4524 0.8454 -0.2841
vn -0.1105 0.7694 -0.6291
vn 0.5119 0.0345 -0.8584
vn -0.2499 0.6034 -0.7573
vn 0.1969 0.7746 -0.6010
vn 0.8191 0.0219 -0.5733
vn -0.9173 0.0245 -0.3974
vn 0.0230 0.5426 -0.8397
vn -0.6476 0.5537 -0.5235
vn -0.1977 0.4294 -0.8812
vn -0.6930 0.3389 -0.6363
vn -0.0482 0.6434 -0.7640
vn -0.3548 0.6525 -0.6696
vn 0.4478 -0.8938 0.0248
vn 0.6730 -0.6874 0.2732
vn 0.3259 -0.9233 0.2033
vn 0.9658 -0.2229 -0.1326
vn 0.3948 -0.7909 0.4676
vn 0.1422 -0.9012 0.4093
vn 0.6357 0.6674 -0.3879
vn 0.3402 0.8692 -0.3589
vn 0.1742 -0.8339 0.5238
vn -0.0474 -0.8091 0.5857
vn 0.3317 0.8737 -0.3558
vn 0.1777 0.9242 -0.3381
vn 0.1753 0.9216 -0.3462
vn 0.3407 0.8663 -0.3654
vn 0.1782 0.9247 -0.3363
vn 0.7540 0.5459 -0.3654
vn 0.3520 0.8592 -0.3712
vn 0.1781 0.9247 -0.3365
vn 0.1729 0.9190 -0.3543
vn -0.0082 -0.7870 0.6169
vn -0.0626 -0.7753 0.6285
vn 0.9349 -0.3548 -0.0041
vn 0.7626 0.5238 -0.3796
vn 0.5458 -0.7700 0.3305
vn 0.2423 -0.8418 0.4823
vn 0.1263 -0.7858 0.6055
vn -0.0525 -0.7587 0.6493
vn 0.9534 -0.2846 -0.1000
vn 0.6228 -0.7557 0.2026
vn 0.3273 -0.8602 0.3910
vn -0.1326 -0.7577 0.6390
vn -0.1275 -0.7917 0.5975
vn -0.3391 -0.6976 0.6312
vn -0.3922 -0.7571 0.5226
vn -0.2462 -0.6838 0.6869
vn -0.5159 -0.5451 0.6609
vn -0.6259 -0.6663 0.4053
vn 0.2164 -0.8607 0.4609
vn -0.0399 -0.7012 0.7119
vn -0.1030 -0.8219 0.5602
vn -0.4146 -0.6645 0.6217
vn -0.7593 -0.3008 0.5771
vn -0.7756 -0.5635 0.2845
vn -0.4114 -0.6912 0.5941
vn -0.1528 -0.8952 0.4187
vn 0.1707 -0.9218 0.3479
vn -0.6769 -0.4399 0.5901
vn -0.5252 -0.6302 0.5719
vn -0.4478 -0.7549 0.4791
vn -0.7927 0.4726 0.3850
vn -0.9106 0.1434 0.3876
vn -0.7794 -0.3772 0.5002
vn -0.3329 0.9429 0.0077
vn 0.0157 0.9583 -0.2853
vn -0.4699 0.8764 -0.1056
vn 0.0251 0.9565 -0.2907
vn 0.0108 0.9553 -0.2955
vn -0.9277 0.2233 0.2992
vn -0.6234 -0.6197 0.4768
vn -0.4929 0.8627 -0.1131
vn -0.0039 0.9553 -0.2956
vn -0.8453 -0.3391 0.4129
vn -0.9420 0.2541 0.2194
vn -0.4996 0.8554 -0.1363
vn -0.0173 0.9544 -0.2979
vn -0.0088 0.9545 -0.2980
vn 0.1809 0.9275 -0.3272
vn -0.4829 0.8598 -0.1662
vn -0.9378 0.3046 0.1667
vn -0.8645 -0.3161 0.3908
vn -0.6524 -0.6266 0.4263
vn -0.0255 0.9762 -0.2152
vn 0.1966 0.9420 -0.2719
vn -0.5048 0.8561 -0.1104
vn -0.9352 0.3402 0.0987
vn -0.9100 -0.2803 0.3055
vn -0.0089 0.9806 -0.1960
vn 0.2031 0.9472 -0.2480
vn -0.5228 0.8514 -0.0419
vn -0.9333 0.3300 0.1415
vn -0.0081 0.9927 -0.1206
vn 0.2274 0.9619 -0.1520
vn -0.5017 0.8646 -0.0271
vn -0.0078 0.9980 -0.0635
vn 0.2393 0.9657 -0.1007
vn -0.6580 -0.6573 0.3674
vn -0.9409 -0.2509 0.2276
vn -0.9334 0.3317 0.1366
vn -0.4913 0.8708 0.0158
vn -0.0151 0.9981 -0.0605
vn 0.2391 0.9657 -0.1012
vn 0.2341 0.9643 -0.1237
vn -0.7044 -0.6611 0.2584
vn -0.9384 -0.2739 0.2108
vn -0.9281 0.3599 0.0959
vn -0.5036 0.8637 0.0204
vn -0.9545 -0.2513 0.1604
vn -0.9237 0.3724 0.0904
vn -0.7267 -0.6539 0.2106
vn -0.7519 -0.6395 0.1605
vn -0.9643 -0.2167 0.1523
vn -0.9178 0.3878 0.0852
vn -0.5073 0.8615 0.0202
vn -0.0060 0.9978 -0.0653
vn 0.0237 0.9903 -0.1372
vn 0.2222 0.9595 -0.1734
vn -0.5119 0.8589 -0.0187
vn -0.9016 0.4246 0.0830
vn -0.0613 0.9906 -0.1226
vn 0.2239 0.9603 -0.1666
vn -0.5310 0.8456 -0.0553
vn -0.2456 0.9652 -0.0902
vn 0.2266 0.9616 -0.1549
vn -0.8805 0.4717 0.0462
vn -0.5104 0.8597 -0.0218
vn -0.9805 -0.1468 0.1307
vn -0.3249 0.9369 -0.1290
vn 0.2036 0.9477 -0.2456
vn -0.3663 0.8788 -0.3058
vn 0.1514 0.8933 -0.4232
vn 0.0458 0.7167 -0.6959
vn -0.5512 0.6894 -0.4699
vn -0.0487 0.4995 -0.8649
vn -0.9941 -0.1018 0.0372
vn -0.9829 -0.1632 0.0853
vn -0.8152 -0.5788 0.0214
vn -0.8569 0.5137 0.0420
vn -0.7565 -0.6487 0.0826
vn -0.9867 -0.1512 0.0594
vn -0.9000 0.4358 -0.0050
vn -0.7676 -0.6401 0.0321
vn -0.7399 -0.6581 0.1395
vn -0.5642 -0.8237 0.0564
vn -0.5094 -0.8494 0.1379
vn -0.9194 -0.3902 0.0501
vn -0.9012 0.4314 0.0411
vn -0.9492 -0.2925 0.1160
vn -0.9134 0.4066 -0.0177
vn -0.9446 0.3227 -0.0598
vn -0.9302 -0.3120 0.1934
vn -0.6606 -0.7411 0.1199
vn -0.9968 0.0689 0.0401
vn -0.7727 -0.4305 0.4665
vn -0.6594 -0.7484 0.0706
vn -0.5986 0.5115 -0.6165
vn -0.7287 0.4155 -0.5444
vn -0.0927 0.3802 -0.9203
vn -0.9841 0.1538 0.0889
vn -0.7904 0.2473 -0.5604
vn -0.1818 0.0959 -0.9787
vn -0.2286 -0.0844 -0.9699
vn -0.6731 0.0529 -0.7377
vn -0.3017 -0.4622 -0.8339
vn -0.9805 0.0459 0.1913
vn -0.5992 -0.2813 0.7495
vn 0.0331 -0.5390 0.8417
vn -0.6197 -0.2254 0.7518
vn -0.8086 -0.0655 0.5847
vn -0.4613 -0.2942 0.8370
vn -0.6415 -0.4533 -0.6189
vn 0.0633 -0.4612 0.8850
vn 0.0287 -0.5497 0.8349
vn 0.0523 -0.6405 -0.7662
vn 0.5396 -0.5647 0.6245
vn 0.2766 -0.2035 -0.9392
vn 0.6656 -0.5723 0.4791
vn 0.8284 -0.5074 0.2372
vn 0.8685 -0.4531 -0.2011
vn 0.5304 -0.1092 -0.8407
vn 0.6209 -0.6110 0.4910
vn 0.5789 -0.7954 0.1797
vn 0.8845 -0.3506 -0.3077
vn 0.5689 0.0652 -0.8198
vn 0.8351 -0.4255 -0.3487
vn 0.4853 0.2189 -0.8465
vn 0.5895 0.3815 -0.7120
vn 0.5973 0.6187 -0.5103
vn 0.8786 -0.1694 -0.4466
vn 0.6598 0.6711 -0.3379
vn 0.6567 -0.7404 -0.1434
vn 0.9104 -0.0857 -0.4047
vn 0.6256 0.7300 -0.2751
vn 0.9351 -0.0641 -0.3486
vn 0.6518 -0.7247 -0.2236
vn 0.4802 0.8444 -0.2375
vn 0.9187 -0.0550 -0.3910
vn 0.4074 0.8867 -0.2186
vn 0.8096 0.5034 -0.3019
vn 0.8063 0.4847 -0.3391
vn 0.2088 -0.9758 -0.0647
vn 0.5559 -0.7885 -0.2630
vn 0.2673 -0.9601 0.0818
vn 0.4619 0.8715 -0.1646
vn 0.8116 0.5016 -0.2996
vn 0.9401 -0.0197 -0.3402
vn 0.9402 0.0287 -0.3394
vn 0.4709 0.8669 -0.1637
vn 0.8240 0.5023 -0.2623
vn 0.7281 -0.6141 -0.3046
vn 0.3718 -0.8992 -0.2305
vn 0.7493 -0.5725 -0.3328
vn 0.9479 -0.0747 -0.3096
vn 0.4639 0.8706 -0.1636
vn 0.8222 0.5059 -0.2609
vn 0.4400 0.8717 -0.2157
vn 0.1857 -0.9766 -0.1087
vn 0.7292 -0.6253 -0.2780
vn 0.9438 -0.1147 -0.3099
vn 0.8142 0.5185 -0.2612
vn 0.4062 0.8685 -0.2841
vn 0.7523 -0.6146 -0.2371
vn 0.9430 -0.1314 -0.3058
vn 0.8031 0.5124 -0.3041
vn 0.4098 0.8587 -0.3076
vn 0.7140 -0.6697 -0.2039
vn 0.3150 -0.9380 -0.1448
vn 0.9425 -0.1450 -0.3011
vn 0.8078 0.4922 -0.3243
vn 0.3547 0.8564 -0.3752
vn 0.6927 -0.6960 -0.1891
vn 0.9486 -0.1764 -0.2629
vn 0.7699 0.5120 -0.3810
vn 0.3614 0.8522 -0.3783
vn 0.9495 -0.1783 -0.2581
vn 0.6881 -0.7130 -0.1344
vn 0.3453 -0.9357 -0.0724
vn 0.7331 0.5317 -0.4242
vn 0.7556 0.5166 -0.4027
vn 0.9396 -0.1660 -0.2992
vn 0.7076 -0.6960 -0.1223
vn 0.9493 -0.2565 -0.1820
vn 0.9504 -0.2051 -0.2340
vn 0.6601 -0.7454 0.0934
vn 0.6987 -0.7145 -0.0360
vn 0.6779 -0.7325 0.0634
vn 0.3375 -0.9412 -0.0152
vn 0.3737 -0.8888 0.2652
vn 0.3346 -0.9416 0.0379
vn 0.3741 -0.9037 0.2085
vn 0.3413 -0.9270 0.1553
vn 0.1226 -0.9523 0.2795
vn 0.0601 -0.9702 0.2347
vn 0.0201 -0.9893 0.1447
vn 0.0235 -0.9959 0.0874
vn -0.1775 -0.9239 0.3390
vn -0.1937 -0.9395 0.2826
vn -0.4505 -0.7975 0.4012
vn -0.4269 -0.8387 0.3381
vn -0.2150 -0.9555 0.2022
vn -0.4387 -0.8654 0.2421
vn -0.2258 -0.9611 0.1588
vn -0.4663 -0.8637 0.1914
vn -0.2379 -0.9654 0.1070
vn -0.2509 -0.9668 0.0478
vn 0.0440 -0.9988 0.0205
vn 0.3190 -0.9439 -0.0852
vn 0.0712 -0.9969 -0.0326
vn 0.0687 -0.9946 -0.0779
vn -0.5501 -0.8292 0.0993
vn -0.2594 -0.9658 0.0062
vn 0.3088 -0.9306 -0.1964
vn 0.1402 -0.9808 -0.1357
vn -0.6358 -0.7713 0.0289
vn 0.1448 -0.9734 -0.1774
vn -0.2703 -0.9614 -0.0508
vn -0.6518 -0.7583 -0.0084
vn -0.2785 -0.9556 -0.0967
vn -0.2627 -0.9648 -0.0112
vn -0.2482 -0.9669 0.0600
vn -0.6435 -0.7142 0.2752
vn -0.2037 -0.9477 0.2456
vn -0.1127 -0.8376 0.5346
vn 0.8071 0.5857 0.0748
vn 0.5251 -0.7254 0.4450
vn 0.5167 -0.2544 0.8175
vn 0.7111 -0.2110 0.6707
vn 0.6662 0.7324 -0.1403
vn 0.2294 -0.2281 0.9462
vn 0.8068 -0.2893 0.5152
vn 0.6390 0.7349 -0.2271
vn 0.3602 -0.3923 0.8464
vn 0.8298 -0.2965 0.4728
vn 0.7157 0.6492 -0.2577
vn 0.0048 -0.5362 0.8441
vn 0.0991 -0.2547 0.9619
vn 0.1137 -0.4017 0.9087
vn -0.0244 -0.6774 0.7352
vn 0.4303 -0.6242 0.6520
vn 0.8231 -0.3761 0.4255
vn 0.5803 0.7991 -0.1571
vn -0.4236 -0.7138 0.5577
vn -0.2230 -0.9599 0.1700
vn -0.0320 -0.8118 0.5831
vn 0.3911 -0.7396 0.5477
vn -0.5491 -0.7551 0.3582
vn -0.2424 -0.9663 0.0868
vn -0.1843 -0.8939 0.4085
vn -0.6523 -0.7271 0.2138
vn -0.2739 -0.9592 -0.0700
vn 0.4065 -0.7699 0.4919
vn -0.7901 0.2334 -0.5669
vn -0.0703 0.4427 -0.8939
vn -0.1362 -0.9273 0.3487
vn 0.8595 -0.3351 0.3859
vn -0.0472 0.7362 -0.6751
vn -0.1381 0.2434 -0.9600
vn 0.1361 0.8402 -0.5249
vn -0.1281 0.7411 -0.6590
vn -0.5724 -0.8129 0.1078
vn 0.4674 -0.7809 0.4144
vn 0.8912 -0.3137 0.3276
vn 0.5040 0.8615 0.0615
vn 0.5284 0.7838 0.3263
vn -0.1262 0.7449 -0.6551
vn -0.7251 0.2402 -0.6453
vn -0.0908 -0.9731 0.2117
vn 0.5847 -0.7803 0.2221
vn -0.1781 0.8066 -0.5636
vn -0.4949 -0.8675 -0.0504
vn -0.6680 0.2959 -0.6828
vn 0.0760 -0.9970 -0.0137
vn -0.3098 0.8490 -0.4280
vn -0.6420 0.2999 -0.7056
vn -0.3158 -0.9138 -0.2554
vn -0.4383 0.8550 -0.2771
vn -0.0332 -0.9049 -0.4244
vn -0.6031 0.4129 -0.6825
vn 0.2498 -0.9289 -0.2734
vn -0.4852 0.8596 -0.1599
vn 0.5687 0.5644 0.5984
vn 0.1225 -0.7809 -0.6125
vn -0.6026 0.5098 -0.6139
vn 0.6809 -0.7285 0.0749
vn -0.4788 0.8608 -0.1723
vn 0.6108 0.3585 0.7060
vn 0.7066 0.6689 -0.2309
vn -0.4641 0.1949 -0.8641
vn 0.3823 -0.8466 -0.3702
vn 0.3847 -0.7776 -0.4974
vn 0.7880 -0.5585 0.2592
vn 0.8128 -0.5284 0.2452
vn 0.9006 -0.2958 0.3186
vn 0.0756 -0.1745 0.9818
vn 0.0601 -0.5523 0.8315
vn 0.2026 -0.8818 0.4259
vn 0.2046 -0.9585 0.1983
vn -0.1463 -0.7845 0.6026
vn -0.1548 -0.2474 0.9565
vn 0.2448 -0.9693 0.0235
vn -0.4093 0.1033 0.9065
vn -0.2210 -0.0530 0.9738
vn -0.3252 0.8917 0.3148
vn -0.5959 -0.4221 0.6831
vn -0.2251 0.9731 0.0488
vn -0.5835 0.0864 0.8075
vn -0.2355 0.9710 -0.0416
vn -0.4003 -0.4079 0.8206
vn -0.6184 0.0944 0.7802
vn -0.3490 0.9366 -0.0318
vn -0.4580 -0.5106 0.7277
vn -0.6696 0.0268 0.7422
vn -0.1316 0.9913 -0.0061
vn -0.1310 -0.9083 0.3973
vn -0.5059 -0.5237 0.6854
vn -0.6936 0.0841 0.7155
vn -0.2078 -0.9079 0.3640
vn -0.7304 0.1240 0.6717
vn 0.0419 0.9863 0.1596
vn 0.0856 0.9033 0.4203
vn -0.5886 -0.4958 0.6385
vn -0.7538 -0.4190 0.5062
vn 0.1001 -0.9944 -0.0350
vn -0.3179 -0.9118 0.2599
vn -0.5467 -0.8289 0.1185
vn 0.5209 -0.1205 -0.8451
vn 0.1364 0.6867 -0.7140
vn 0.0991 0.8502 -0.5170
vn 0.2088 0.6502 -0.7305
vn 0.4430 -0.0752 -0.8934
vn 0.2106 0.6540 -0.7266
vn -0.0476 -0.9882 -0.1453
vn 0.3160 0.6733 -0.6684
vn 0.4107 0.0045 -0.9118
vn -0.2891 -0.9210 -0.2611
vn 0.3835 0.0229 -0.9232
vn 0.4919 0.6326 -0.5982
vn -0.5720 -0.7594 -0.3101
vn 0.6536 0.5603 -0.5088
vn 0.4161 0.1378 -0.8988
vn -0.7495 -0.6591 -0.0613
vn 0.7373 0.5297 -0.4193
vn 0.0510 0.7041 0.7082
vn -0.7063 -0.5572 -0.4366
vn 0.4885 0.2151 -0.8456
vn -0.8606 -0.3125 0.4021
vn 0.7281 0.5352 -0.4284
vn -0.0406 0.5345 0.8442
vn -0.3221 0.9466 -0.0125
vn 0.1322 0.0339 -0.9906
vn -0.8511 -0.5137 -0.1084
vn -0.8679 -0.4395 -0.2315
vn -0.7931 -0.1317 0.5946
vn -0.8035 -0.0921 0.5882
vn -0.7324 0.1450 0.6652
vn -0.3671 0.8261 0.4275
vn -0.0596 0.3776 0.9240
vn -0.4617 -0.0210 0.8868
vn -0.7376 0.4481 0.5051
vn -0.5565 0.0372 0.8300
vn -0.7258 0.6872 -0.0319
vn -0.6701 0.7416 -0.0317
vn -0.2612 0.7847 -0.5622
vn -0.7662 0.4222 0.4844
vn -0.5953 0.0544 0.8017
vn -0.3883 0.6837 -0.6178
vn 0.3090 0.3963 -0.8646
vn -0.7370 0.6720 -0.0731
vn -0.7706 0.3963 0.4992
vn -0.7287 0.4977 0.4705
vn -0.5636 0.0939 0.8207
vn -0.4756 0.1207 0.8713
vn -0.7066 0.6987 -0.1118
vn -0.3702 0.6590 -0.6548
vn 0.1730 0.3451 -0.9225
vn -0.6654 0.5198 0.5357
vn -0.6281 0.7683 -0.1232
vn -0.3173 0.6657 -0.6754
vn 0.2139 0.2906 -0.9326
vn -0.6516 0.5342 0.5386
vn -0.5028 0.1620 0.8491
vn -0.7120 0.5118 0.4808
vn -0.5944 0.1037 0.7974
vn -0.6054 0.1840 0.7743
vn 0.6385 -0.2868 -0.7142
vn 0.6680 -0.2327 -0.7069
vn 0.7764 -0.3865 -0.4979
vn 0.8126 0.1043 -0.5734
vn 0.8022 -0.5316 -0.2719
vn 0.8033 -0.1615 -0.5732
vn 0.7462 -0.0091 -0.6657
vn 0.7876 -0.5583 -0.2607
vn 0.8390 -0.0904 -0.5365
vn 0.6289 -0.7775 -0.0069
vn 0.6627 -0.7330 -0.1533
vn 0.6347 -0.2312 -0.7373
vn 0.7429 -0.6569 -0.1289
vn 0.6880 -0.7140 -0.1301
vn 0.1375 0.3376 -0.9312
vn -0.2904 0.7063 -0.6456
vn -0.6166 0.7850 -0.0595
vn -0.5858 0.8097 -0.0353
vn -0.5961 0.8019 -0.0399
vn 0.5417 -0.8192 0.1884
vn 0.5518 -0.7925 0.2598
vn 0.5241 -0.8427 0.1234
vn 0.4526 -0.8913 0.0263
vn 0.4618 -0.8825 -0.0890
vn 0.6220 -0.7452 0.2404
vn 0.4328 -0.8986 0.0719
vn 0.5932 -0.6973 0.4023
vn 0.1699 -0.4273 0.8880
vn 0.3486 -0.7669 0.5389
vn 0.3859 -0.6813 0.6220
vn 0.5691 -0.7778 0.2667
vn 0.2763 -0.7193 0.6374
vn 0.7384 -0.5951 -0.3172
vn 0.6164 -0.7736 0.1469
vn 0.5843 -0.2183 -0.7817
vn 0.7284 -0.6034 -0.3246
vn 0.1429 0.3794 -0.9141
vn 0.6186 -0.2317 -0.7508
vn -0.3028 0.7325 -0.6097
vn 0.1078 0.4129 -0.9044
vn -0.2764 0.7677 -0.5781
vn 0.1337 0.4730 -0.8709
vn -0.2636 0.7858 -0.5594
vn 0.1733 0.5141 -0.8401
vn 0.6339 -0.1768 -0.7529
vn 0.6735 -0.1153 -0.7302
vn 0.1444 0.4575 -0.8774
vn -0.2981 0.7453 -0.5963
vn 0.5886 -0.2389 -0.7723
vn -0.6120 0.7840 -0.1041
vn -0.7198 0.5742 0.3900
vn -0.7222 0.4175 0.5515
vn -0.6725 0.2411 0.6998
vn -0.7881 0.5369 0.3013
vn -0.4888 0.7656 -0.4182
vn 0.3826 0.4342 -0.8155
vn 0.6216 -0.1048 -0.7763
vn 0.7281 -0.1366 -0.6717
vn 0.7427 -0.6427 -0.1882
vn 0.7604 -0.6054 -0.2352
vn 0.8382 -0.3885 -0.3829
vn 0.7228 -0.6606 -0.2027
vn 0.5852 -0.7672 0.2624
vn 0.5768 -0.7681 0.2783
vn 0.7016 -0.6505 0.2910
vn 0.7164 -0.6569 -0.2351
vn 0.6296 -0.7399 0.2369
vn 0.2358 -0.6662 0.7075
vn 0.2524 -0.6951 0.6731
vn 0.1291 -0.5989 0.7903
vn 0.7445 -0.5979 -0.2971
vn 0.6293 -0.7429 0.2281
vn 0.3156 -0.6155 0.7222
vn -0.2458 -0.3264 0.9127
vn -0.2203 -0.3457 0.9121
vn -0.5247 -0.1386 0.8400
vn -0.1948 -0.2205 0.9557
vn 0.3040 -0.6256 0.7185
vn -0.1927 -0.2418 0.9510
vn -0.2524 -0.2865 0.9242
vn 0.6683 -0.7339 0.1215
vn -0.3087 -0.2934 0.9048
vn 0.2637 -0.6643 0.6994
vn 0.6314 -0.7685 0.1036
vn 0.2181 -0.7002 0.6798
vn -0.2609 -0.3205 0.9106
vn 0.2286 -0.7036 0.6728
vn -0.1208 -0.4246 0.8973
vn 0.2800 -0.1371 0.9502
vn 0.2499 0.6231 0.7411
vn -0.2998 0.9019 0.3109
vn -0.2989 0.9499 0.0910
vn -0.8001 0.5843 -0.1355
vn -0.3387 0.7929 -0.5065
vn -0.4929 0.4896 0.7193
vn -0.1288 0.9799 0.1526
vn 0.8754 0.4822 -0.0341
vn -0.5103 -0.3605 0.7808
vn -0.1386 0.9872 0.0790
vn 0.8724 0.4560 0.1759
vn -0.7119 0.5038 0.4893
vn -0.1422 0.9764 0.1623
vn 0.4004 0.8959 -0.1924
vn -0.0334 0.9082 0.4172
vn 0.4905 0.8698 -0.0542
vn 0.4729 0.8811 0.0034
vn -0.6409 0.6492 0.4095
vn -0.7952 0.4806 0.3698
vn -0.5083 0.5706 0.6451
vn -0.8676 -0.2912 0.4031
vn -0.8655 -0.3612 0.3471
vn -0.8815 -0.1884 0.4330
vn -0.4012 -0.5922 0.6988
vn -0.7635 -0.1763 0.6213
vn -0.7974 -0.5796 0.1682
vn -0.6050 0.5324 0.5921
vn -0.7879 -0.2031 0.5813
vn -0.1336 0.9049 0.4041
vn -0.2193 0.8919 0.3954
vn 0.4141 0.9100 -0.0192
vn -0.6271 0.5538 0.5478
vn -0.8172 -0.0517 0.5740
vn -0.5886 -0.7553 0.2881
vn -0.1909 0.8609 0.4716
vn 0.2628 0.9636 -0.0490
vn 0.1883 0.9589 -0.2125
vn -0.4729 0.5550 0.6843
vn -0.3154 0.9034 0.2905
vn -0.5045 0.4585 -0.7316
vn -0.6757 0.2057 -0.7078
vn -0.6284 0.5474 0.5526
vn -0.8814 0.0364 -0.4710
vn -0.7611 0.0350 0.6477
vn -0.8759 0.0306 0.4815
vn -0.8173 -0.5761 0.0124
vn -0.4952 -0.6020 -0.6264
vn -0.7753 -0.6093 0.1662
vn -0.3822 -0.8273 -0.4117
vn -0.2585 -0.9371 -0.2345
vn -0.6541 -0.7078 0.2668
vn -0.1968 -0.9683 -0.1541
vn -0.5809 -0.7666 0.2734
vn -0.0571 -0.9861 -0.1561
vn -0.6469 -0.7469 0.1537
vn -0.0323 -0.9600 -0.2780
vn -0.6641 -0.7324 0.1504
vn -0.1580 -0.8706 -0.4660
vn -0.8307 -0.2410 -0.5018
vn -0.8684 -0.1394 0.4758
vn -0.2436 -0.7141 0.6563
vn -0.0380 -0.6264 0.7786
vn 0.3661 -0.8879 0.2784
vn -0.2247 -0.9454 0.2360
vn -0.1812 -0.6626 0.7268
vn -0.2518 -0.5059 0.8250
vn -0.2853 -0.9339 -0.2153
vn -0.6230 -0.7187 0.3087
vn -0.0335 -0.5306 0.8470
vn -0.5518 -0.7627 0.3375
vn -0.0426 -0.4803 0.8761
vn -0.7408 -0.5678 -0.3590
vn -0.5641 -0.7304 0.3850
vn -0.0439 -0.4269 0.9032
vn -0.7340 -0.5720 -0.3662
vn -0.4627 -0.2150 -0.8600
vn -0.5090 -0.7243 -0.4651
vn -0.5222 -0.1181 -0.8446
vn -0.7889 -0.5279 -0.3146
vn -0.5395 -0.0396 -0.8410
vn -0.6395 -0.6806 0.3576
vn -0.0108 -0.4367 0.8995
vn -0.8174 -0.4954 -0.2939
vn -0.5348 0.0146 -0.8449
vn -0.6393 -0.7000 0.3181
vn -0.0175 -0.4188 0.9079
vn -0.7975 -0.4757 -0.3710
vn -0.4830 -0.0337 -0.8750
vn -0.4847 -0.0515 -0.8732
vn -0.7956 -0.5106 -0.3261
vn -0.5576 -0.0195 -0.8299
vn -0.5397 -0.7560 0.3704
vn -0.7326 -0.5901 -0.3392
vn -0.5461 -0.7898 0.2794
vn 0.0199 -0.3325 0.9429
vn -0.2670 -0.3302 0.9054
vn -0.6833 -0.7226 0.1048
vn -0.8495 0.0145 0.5274
vn -0.9779 0.1885 -0.0900
vn -0.7403 -0.5763 -0.3462
vn -0.6489 0.1552 -0.7449
vn -0.1207 -0.2591 -0.9583
vn 0.1064 -0.5646 -0.8185
vn 0.2163 -0.7043 -0.6762
vn 0.3478 -0.7516 -0.5605
vn 0.4803 -0.7209 -0.4996
vn 0.7375 -0.1462 -0.6594
vn 0.6381 -0.0887 -0.7648
vn 0.7727 0.4693 -0.4273
vn 0.4596 -0.0561 -0.8863
vn 0.7457 -0.2711 -0.6087
vn 0.0842 0.0497 -0.9952
vn 0.7261 0.5017 -0.4701
vn 0.3127 0.5595 -0.7676
vn 0.5678 0.5720 -0.5920
vn 0.7631 0.4290 -0.4833
vn 0.8846 0.3151 -0.3437
vn 0.9054 -0.0901 -0.4150
vn 0.5861 -0.6126 -0.5304
vn 0.9436 0.0215 -0.3304
vn 0.6233 -0.2769 -0.7313
vn -0.4882 -0.8193 -0.3007
vn 0.9808 0.0193 0.1939
vn -0.4465 0.1897 -0.8744
vn -0.2890 0.8630 0.4144
vn 0.3457 0.6687 -0.6583
vn -0.7477 0.6558 0.1045
vn -0.4988 0.5737 0.6496
vn -0.3935 0.1926 0.8989
vn -0.2419 0.9542 0.1758
vn -0.3878 0.1092 0.9153
vn -0.1450 -0.1258 0.9814
vn -0.6312 0.7747 -0.0383
vn -0.6166 0.7712 -0.1582
vn -0.5482 0.8073 0.2185
vn -0.6057 0.7832 -0.1405
vn -0.6359 0.7656 -0.0971
vn -0.5118 0.8583 -0.0361
vn -0.2298 0.9364 -0.2651
vn -0.5177 0.8400 -0.1623
vn -0.6067 0.7731 -0.1848
vn -0.6081 0.7478 -0.2663
vn -0.5880 0.7854 -0.1933
vn 0.1286 0.9602 -0.2481
vn -0.3803 0.8058 -0.4539
vn -0.1749 0.8938 -0.4130
vn 0.7477 0.5542 -0.3657
vn 0.7341 0.2601 -0.6273
vn 0.4829 0.3620 -0.7973
vn 0.3589 0.4351 -0.8257
vn -0.3980 0.7834 -0.4773
vn 0.6658 0.5285 -0.5267
vn 0.4538 -0.2770 -0.8470
vn -0.1693 0.7495 -0.6400
vn 0.7030 0.4761 -0.5283
vn 0.3208 0.4982 -0.8055
vn 0.0135 -0.0996 -0.9949
vn 0.0403 -0.0414 -0.9983
vn -0.6022 0.6619 -0.4463
vn -0.7456 0.4587 -0.4834
vn -0.1526 0.9542 -0.2572
vn 0.2107 0.5776 -0.7887
vn -0.0083 -0.0211 -0.9997
vn -0.1860 0.4555 -0.8706
vn 0.2543 0.9545 0.1557
vn 0.2078 0.5932 -0.7778
vn -0.0306 -0.0020 -0.9995
vn 0.4499 0.8839 0.1279
vn 0.3615 0.9227 -0.1339
vn -0.8330 0.2818 -0.4762
vn 0.5235 0.8515 -0.0290
vn 0.3494 0.8701 0.3475
vn 0.2113 0.5669 -0.7962
vn -0.0086 -0.1685 -0.9857
vn 0.3481 0.9243 -0.1567
vn 0.1741 0.5043 -0.8458
vn -0.0585 -0.1090 -0.9923
vn 0.2784 0.9433 -0.1807
vn 0.3286 0.8959 0.2991
vn -0.0294 0.2876 0.9573
vn -0.5583 -0.4249 0.7126
vn -0.5049 -0.8492 0.1549
vn -0.4076 -0.6580 -0.6332
vn -0.2314 -0.3399 0.9115
vn -0.7366 0.1213 -0.6653
vn 0.0640 0.3700 0.9268
vn -0.1130 -0.3102 0.9439
vn 0.2536 0.9316 0.2605
vn 0.0621 0.4128 0.9087
vn -0.1719 -0.3038 0.9371
vn -0.4498 0.6459 -0.6168
vn -0.4190 0.1062 -0.9018
vn 0.2286 0.9579 -0.1737
vn 0.0111 0.3627 0.9318
vn -0.2214 -0.3581 0.9070
vn 0.1675 0.9329 0.3188
vn 0.0555 0.4085 0.9111
vn -0.1609 -0.3561 0.9205
vn -0.1899 -0.3013 0.9344
vn 0.2109 0.9154 0.3428
vn 0.2430 0.9613 -0.1299
vn -0.1495 0.4702 0.8698
vn 0.1012 0.5824 -0.8066
vn -0.1445 -0.0816 -0.9861
vn -0.1061 0.6211 -0.7765
vn -0.3110 -0.1059 -0.9445
vn -0.0365 0.9355 0.3514
vn -0.4180 0.3238 0.8488
vn -0.4507 -0.3857 0.8050
vn -0.0468 0.9969 -0.0634
vn -0.3325 0.6229 -0.7081
vn -0.3118 0.8897 0.3335
vn -0.8266 0.4400 0.3509
vn -0.9265 -0.3208 0.1969
vn -0.2860 0.9553 -0.0750
vn -0.8317 0.5146 -0.2085
vn -0.8665 -0.2053 -0.4550
vn -0.4138 -0.8052 0.4248
vn -0.8979 -0.4397 0.0216
vn -0.8754 -0.4834 0.0060
vn -0.3905 -0.8253 0.4079
vn 0.4587 -0.6502 0.6056
vn -0.8822 -0.4668 -0.0625
vn 0.4680 -0.6533 0.5951
vn 0.9497 0.0943 0.2986
vn -0.4068 -0.8330 0.3749
vn -0.8714 -0.4767 -0.1155
vn 0.9567 0.0704 0.2825
vn 0.8144 0.5764 -0.0673
vn -0.3905 -0.8611 0.3257
vn -0.8564 -0.5107 -0.0759
vn 0.5216 -0.6375 0.5670
vn 0.8296 0.5456 -0.1184
vn 0.1729 0.8288 -0.5321
vn -0.2617 -0.9127 0.3138
vn -0.8893 -0.4567 -0.0254
vn 0.5577 -0.6531 0.5123
vn 0.9750 0.0997 0.1987
vn 0.1985 0.8004 -0.5656
vn -0.8864 0.1393 -0.4415
vn 0.8254 0.5256 -0.2059
vn 0.9743 0.1470 0.1705
vn 0.6905 -0.5838 0.4271
vn -0.3311 -0.8755 0.3519
vn -0.8805 0.1084 -0.4615
vn 0.2289 0.7646 -0.6025
vn -0.8433 0.1449 -0.5176
vn 0.8062 0.5542 -0.2071
vn 0.9583 0.2685 0.0978
vn -0.7867 0.1548 -0.5977
vn 0.2788 0.7469 -0.6037
vn -0.7916 0.0910 -0.6043
vn 0.7119 0.6551 -0.2531
vn 0.1285 0.6883 -0.7140
vn 0.7636 -0.4450 0.4679
vn -0.7914 0.2340 -0.5647
vn -0.0071 0.7360 -0.6770
vn 0.9560 0.2680 0.1195
vn 0.6471 0.7091 -0.2800
vn -0.8508 0.2647 -0.4540
vn -0.8925 -0.4374 -0.1101
vn -0.1361 0.8454 -0.5165
vn 0.5852 0.7501 -0.3080
vn 0.9202 0.3848 -0.0721
vn -0.8945 0.2075 -0.3960
vn -0.8477 -0.4815 -0.2225
vn -0.7624 -0.6180 0.1917
vn -0.3846 0.8942 -0.2290
vn 0.5592 0.8204 -0.1190
vn -0.9897 0.1267 -0.0661
vn 0.9858 -0.0469 0.1610
vn 0.7234 -0.6622 0.1954
vn 0.9024 0.4270 -0.0575
vn 0.9975 -0.0528 0.0462
vn -0.4239 0.9021 -0.0815
vn -0.9866 0.1461 -0.0727
vn -0.7560 -0.6051 0.2495
vn 0.6401 0.7674 0.0374
vn 0.9462 0.2540 0.2005
vn -0.4128 0.8727 -0.2607
vn -0.9777 0.1212 -0.1717
vn -0.6938 -0.6719 0.2592
vn 0.6371 0.7691 0.0513
vn -0.3847 0.7833 -0.4883
vn -0.9426 0.0910 -0.3213
vn -0.6261 -0.7467 0.2245
vn 0.7726 -0.5949 0.2218
vn 0.0286 -0.9624 0.2701
vn 0.9331 0.2003 0.2986
vn 0.6594 0.7453 -0.0985
vn -0.3533 0.6854 -0.6368
vn -0.9008 0.0779 -0.4271
vn -0.5810 -0.8042 0.1254
vn -0.5940 -0.8028 0.0518
vn 0.6738 -0.6000 0.4313
vn 0.9579 0.1027 0.2680
vn 0.6742 0.6817 -0.2842
vn -0.3049 0.6789 -0.6680
vn -0.8643 0.1100 -0.4908
vn -0.6126 -0.7857 0.0862
vn 0.6855 0.6317 -0.3620
vn 0.9864 0.0289 0.1618
vn 0.6292 -0.6514 0.4241
vn -0.2811 0.7062 -0.6498
vn -0.8947 0.1238 -0.4291
vn 0.9932 -0.0579 0.1007
vn 0.6109 -0.6813 0.4032
vn 0.6565 0.6624 -0.3609
vn 0.6075 -0.6995 0.3764
vn -0.8962 0.1991 -0.3964
vn -0.6852 -0.7134 0.1468
vn -0.3626 0.7228 -0.5883
vn 0.9961 -0.0088 0.0873
vn -0.8930 0.2297 -0.3871
vn -0.7459 -0.6415 0.1790
vn -0.7022 -0.6477 0.2955
vn -0.9703 0.1046 -0.2180
vn -0.3737 0.7430 -0.5553
vn -0.2629 0.8017 -0.5368
vn -0.3597 0.7480 -0.5577
vn 0.6183 0.7036 -0.3503
vn 0.5903 0.7351 -0.3333
vn 0.5417 0.7711 -0.3346
vn 0.7046 0.6697 -0.2347
vn 0.9962 0.0504 0.0706
vn 0.9808 0.1826 0.0684
vn 0.9688 0.2210 0.1125
vn 0.9608 0.2043 0.1872
vn 0.6275 -0.6761 0.3862
vn 0.6439 -0.6603 0.3865
vn 0.7189 -0.5498 0.4253
vn 0.7733 -0.4335 0.4628
vn 0.7553 -0.3911 0.5258
vn 0.1681 -0.9047 0.3915
vn 0.1457 -0.9143 0.3779
vn 0.0934 -0.9206 0.3792
vn -0.0227 -0.8991 0.4371
vn -0.1118 -0.8656 0.4882
vn -0.1564 -0.8224 0.5470
vn 0.1614 -0.8976 0.4103
vn 0.1520 -0.9021 0.4038
vn 0.0657 -0.9018 0.4272
vn -0.4544 -0.8835 -0.1140
vn 0.0110 -0.9827 0.1848
vn -0.5501 -0.8176 0.1698
vn 0.0602 -0.8866 0.4587
vn 0.4732 -0.6678 0.5745
vn 0.7863 -0.5171 -0.3381
vn 0.8041 -0.5366 -0.2559
vn 0.7646 -0.5278 -0.3699
vn 0.8212 -0.5146 -0.2466
vn 0.8099 -0.5300 -0.2513
vn 0.8554 -0.4973 -0.1447
vn 0.8365 -0.5285 -0.1447
vn 0.6432 -0.7657 0.0009
vn 0.8496 -0.5035 -0.1569
vn 0.8873 -0.4542 -0.0794
vn 0.5678 -0.8210 0.0601
vn 0.2719 -0.9031 0.3324
vn 0.8329 -0.5512 -0.0491
vn 0.8498 -0.4964 -0.1772
vn 0.8450 -0.5282 -0.0837
vn 0.2574 -0.9298 0.2632
vn 0.0571 -0.9689 0.2406
vn 0.7082 -0.6672 -0.2309
vn 0.5553 -0.8317 0.0005
vn 0.0221 -0.9768 0.2128
vn -0.1006 -0.9634 0.2486
vn 0.3809 -0.8571 -0.3469
vn -0.0927 -0.9880 0.1233
vn -0.1987 -0.9437 0.2644
vn -0.2230 -0.9598 0.1704
vn -0.0264 -0.9464 -0.3220
vn -0.2945 -0.9348 -0.1984
vn -0.3239 -0.7885 -0.5229
vn -0.1100 -0.9851 0.1322
vn 0.2099 -0.9605 0.1825
vn 0.0163 -0.7921 -0.6102
vn 0.1719 -0.9019 -0.3963
vn -0.3078 -0.9021 -0.3024
vn -0.0438 -0.7189 0.6937
vn 0.0450 -0.9043 -0.4245
vn -0.1204 -0.8988 -0.4215
vn 0.2984 -0.6420 -0.7063
vn -0.1601 -0.5926 -0.7894
vn -0.1596 -0.4884 -0.8579
vn 0.0628 -0.5272 -0.8474
vn 0.1372 -0.7331 -0.6661
vn 0.5586 -0.6836 -0.4698
vn 0.7569 -0.5630 -0.3320
vn 0.7559 -0.6419 -0.1285
vn 0.1316 -0.5398 -0.8314
vn -0.1516 -0.4532 -0.8784
vn -0.3994 -0.4959 -0.7711
vn -0.2376 -0.7427 -0.6260
vn 0.3651 -0.8339 -0.4140
vn -0.0105 -0.8907 0.4545
vn 0.4500 -0.6283 -0.6346
vn 0.5544 -0.7435 -0.3740
vn 0.1901 -0.8735 0.4482
vn -0.4296 -0.8916 0.1433
vn -0.0753 -0.8686 0.4898
vn 0.6593 -0.6444 -0.3875
vn -0.6022 -0.7977 -0.0309
vn -0.4750 -0.8698 0.1338
vn 0.6028 -0.6890 -0.4024
vn 0.6934 -0.7193 0.0423
vn 0.4738 -0.7536 0.4557
vn 0.3733 -0.7246 0.5793
vn -0.0315 -0.7083 0.7052
vn 0.7776 -0.5290 0.3399
vn 0.1586 -0.9758 0.1503
vn -0.1953 -0.9485 0.2496
vn -0.2698 -0.9615 -0.0527
vn 0.0669 -0.9914 -0.1122
vn -0.3113 -0.9042 -0.2924
vn -0.0397 -0.9324 -0.3592
vn -0.2737 -0.2014 -0.9405
vn -0.0321 -0.2557 -0.9662
vn -0.1496 0.2080 -0.9666
vn 0.0969 0.1525 -0.9835
vn -0.1150 0.3150 -0.9421
vn 0.0684 0.2327 -0.9701
vn 0.2099 0.0927 -0.9733
vn 0.0595 0.0125 -0.9981
vn 0.1994 0.0236 -0.9796
vn 0.3046 -0.3756 -0.8753
vn 0.3354 -0.8848 -0.3234
vn 0.6123 -0.7396 -0.2794
vn 0.4613 -0.8757 -0.1425
vn 0.2471 0.0336 -0.9684
vn 0.5399 -0.3790 -0.7516
vn 0.6364 -0.2891 -0.7151
vn 0.4171 -0.5231 -0.7432
vn 0.5746 -0.8162 0.0598
vn 0.8484 -0.4900 -0.2003
vn 0.6852 -0.7269 -0.0459
vn 0.7329 -0.6005 0.3197
vn 0.4243 -0.8636 -0.2723
vn -0.1713 -0.9467 -0.2727
vn 0.8165 -0.5610 0.1365
vn 0.7880 -0.6141 0.0433
vn 0.6124 -0.7900 -0.0302
vn 0.8136 -0.5602 0.1556
vn 0.8207 -0.5389 0.1900
vn 0.7592 -0.5558 0.3386
vn 0.8329 -0.5499 -0.0627
vn 0.4711 -0.8644 0.1755
vn 0.7485 -0.6308 0.2046
vn -0.1099 -0.9938 -0.0180
vn 0.4267 -0.8581 0.2857
vn 0.7695 -0.6375 -0.0391
vn -0.0865 -0.9734 0.2122
vn 0.6167 -0.7596 0.2068
vn 0.1956 -0.9120 -0.3606
vn 0.0628 -0.9723 0.2250
vn 0.7279 -0.6834 -0.0563
vn -0.6687 -0.7420 -0.0481
vn 0.0445 -0.8833 -0.4667
vn -0.5177 -0.8513 0.0854
vn -0.6820 -0.7073 -0.1859
vn 0.4221 -0.8585 0.2913
vn 0.7093 -0.7021 -0.0627
vn -0.1466 -0.9862 0.0765
vn -0.2081 -0.8628 -0.4607
vn 0.3660 -0.8741 0.3193
vn 0.1499 -0.9530 0.2633
vn 0.6099 -0.7920 -0.0280
vn -0.1830 -0.9775 0.1045
vn -0.1735 -0.9620 0.2108
vn -0.1680 -0.9633 0.2096
vn -0.1506 -0.9634 0.2216
vn 0.0278 -0.9928 0.1162
vn 0.2862 -0.9581 0.0076
vn -0.0382 -0.9529 0.3008
vn -0.1548 -0.9724 0.1748
vn -0.1481 -0.9611 0.2330
vn -0.1961 -0.7005 -0.6862
vn 0.0454 -0.9146 0.4019
vn 0.0739 -0.9956 -0.0569
vn 0.1200 -0.7690 -0.6279
vn 0.1294 -0.8679 0.4796
vn -0.2802 -0.6824 -0.6751
vn 0.2628 -0.5088 -0.8198
vn -0.2622 -0.6145 -0.7441
vn 0.0776 -0.3906 -0.9173
vn 0.0489 -0.6688 -0.7418
vn -0.2062 -0.3010 -0.9310
vn -0.2967 -0.5857 -0.7543
vn -0.0956 -0.8557 -0.5086
vn -0.1975 -0.9200 0.3385
vn -0.1640 -0.6456 -0.7459
vn -0.3677 -0.5752 -0.7307
vn -0.4112 -0.2318 -0.8816
vn 0.2262 -0.8537 0.4691
vn -0.2282 -0.7367 -0.6366
vn 0.3795 -0.9211 0.0871
vn 0.1888 -0.9391 0.2870
vn 0.4434 -0.8488 -0.2879
vn 0.5052 -0.7526 -0.4223
vn 0.5573 -0.8229 -0.1103
vn 0.6268 -0.7792 -0.0073
vn 0.7254 -0.6866 0.0485
vn 0.7942 -0.6068 0.0334
vn 0.4113 -0.9094 0.0614
vn 0.4602 -0.8380 -0.2932
vn 0.3553 -0.9326 -0.0630
vn 0.5050 -0.7413 -0.4420
vn 0.4209 -0.8398 -0.3430
vn -0.3046 -0.6372 -0.7079
vn 0.3874 -0.7435 -0.5451
vn -0.2737 -0.6735 -0.6867
vn -0.5323 -0.2842 -0.7974
vn -0.7436 -0.2313 -0.6273
vn -0.5098 -0.5686 -0.6456
vn -0.5691 -0.5830 -0.5799
vn -0.3442 -0.7859 -0.5136
vn -0.0272 -0.9992 -0.0283
vn -0.1632 -0.5965 -0.7858
vn -0.2566 -0.9663 -0.0195
vn 0.0493 -0.9017 0.4295
vn -0.3807 -0.9241 -0.0330
vn 0.0467 -0.9817 -0.1848
vn -0.1172 -0.8760 0.4679
vn -0.2359 -0.8500 0.4711
vn 0.1550 -0.8709 0.4664
vn 0.0633 -0.7813 0.6209
vn -0.0086 -0.8568 0.5155
vn -0.0586 -0.8162 0.5747
vn -0.0477 -0.7203 0.6920
vn -0.1877 -0.7206 0.6674
vn 0.1118 -0.9773 0.1799
vn -0.0922 -0.8868 0.4529
vn -0.0866 -0.9643 0.2504
vn 0.0654 -0.9978 0.0102
vn -0.0710 -0.9784 0.1942
vn 0.2971 -0.9470 -0.1222
vn -0.0495 -0.9790 0.1979
vn 0.1368 -0.9905 -0.0129
vn 0.3772 -0.8900 -0.2561
vn 0.0027 -0.9867 0.1624
vn 0.1754 -0.9845 -0.0000
vn 0.3419 -0.9324 -0.1169
vn 0.4774 -0.8500 -0.2227
vn 0.3691 -0.9247 -0.0936
vn 0.4780 -0.8569 -0.1928
vn 0.3759 -0.9229 -0.0836
vn 0.2546 -0.9621 0.0980
vn 0.3281 -0.9362 0.1264
vn 0.1646 -0.9849 -0.0527
vn 0.4682 -0.8832 0.0252
vn 0.6112 -0.7843 -0.1061
vn -0.1009 -0.9806 -0.1682
vn 0.8130 -0.5713 -0.1126
vn 0.7352 -0.6322 -0.2447
vn 0.4004 -0.8921 -0.2095
vn 0.5904 -0.7462 -0.3076
vn -0.1209 -0.9348 -0.3341
vn -0.0078 -0.9999 0.0117
vn 0.0941 -0.9365 -0.3377
vn 0.2965 -0.8765 -0.3792
vn 0.0786 -0.9635 -0.2559
vn -0.1204 -0.5690 0.8135
vn 0.0173 -0.5776 0.8162
vn 0.8071 0.5805 -0.1076
vn 0.5713 -0.0629 -0.8183
vn 0.6332 -0.7172 -0.2910
vn 0.5877 0.4667 -0.6609
vn 0.6348 -0.7026 -0.3216
vn 0.6047 -0.6865 -0.4038
vn 0.7687 0.6120 -0.1856
vn 0.6703 -0.6604 -0.3385
vn 0.5011 -0.7824 -0.3697
vn 0.6233 -0.6437 -0.4441
vn 0.9093 0.3764 0.1776
vn 0.5948 -0.6998 -0.3956
vn 0.6358 -0.7055 -0.3131
vn 0.7336 -0.2732 0.6223
vn 0.6086 -0.7178 0.3382
vn 0.1690 -0.4633 0.8700
vn 0.4665 -0.8727 0.1441
vn 0.1239 -0.9460 0.2995
vn 0.5694 -0.4859 0.6631
vn 0.5418 -0.8129 0.2137
vn 0.4918 0.0373 0.8699
vn 0.3589 0.0226 0.9331
vn -0.0399 0.5336 0.8448
vn 0.6152 -0.4619 0.6389
vn 0.5714 -0.7844 0.2413
vn 0.1375 0.6331 0.7617
vn -0.4460 0.8557 0.2624
vn 0.4975 0.0965 0.8621
vn 0.6271 -0.4763 0.6164
vn 0.5550 -0.4484 0.7007
vn 0.5290 -0.8046 0.2700
vn 0.4384 -0.8574 0.2695
vn 0.4594 0.1338 0.8781
vn 0.1363 0.6675 0.7320
vn -0.2908 0.9178 0.2704
vn 0.4897 -0.5152 0.7034
vn 0.3625 0.1433 0.9209
vn 0.0839 0.6866 0.7222
vn -0.3138 0.9275 0.2031
vn 0.4722 -0.5187 0.7127
vn 0.4512 -0.8343 0.3168
vn 0.5348 -0.4593 0.7092
vn 0.5552 -0.7803 0.2881
vn 0.5468 -0.7513 0.3696
vn -0.4886 0.7159 -0.4989
vn -0.5769 0.6835 -0.4472
vn -0.5401 0.5264 -0.6566
vn -0.7614 0.6216 -0.1841
vn -0.5138 0.3042 -0.8022
vn -0.6641 0.5931 -0.4552
vn -0.6470 0.6945 -0.3147
vn -0.4633 0.3021 -0.8331
vn -0.8036 0.5242 -0.2818
vn -0.2530 0.0475 -0.9663
vn -0.3005 0.2014 -0.9323
vn -0.5526 0.7215 -0.4171
vn -0.5001 0.1349 -0.8554
vn -0.3794 0.1632 -0.9107
vn -0.2561 0.9284 0.2693
vn 0.0464 0.6561 0.7533
vn 0.3479 0.0794 0.9342
vn 0.3117 0.0542 0.9486
vn 0.3230 0.0588 0.9446
vn -0.1714 -0.1375 -0.9756
vn -0.2296 -0.2363 -0.9442
vn -0.1383 -0.0893 -0.9864
vn -0.1044 -0.0965 -0.9898
vn -0.1734 0.0267 -0.9845
vn -0.1053 -0.2493 -0.9627
vn -0.0678 -0.1565 -0.9854
vn -0.1016 -0.3602 -0.9273
vn -0.1640 -0.5803 -0.7977
vn -0.0840 -0.4547 -0.8867
vn -0.1264 -0.6281 -0.7678
vn -0.2961 -0.2655 -0.9175
vn -0.0122 -0.6462 -0.7631
vn -0.5343 0.2966 -0.7915
vn -0.3524 -0.1709 -0.9201
vn -0.5107 0.7643 -0.3939
vn -0.5207 0.3018 -0.7986
vn -0.2741 0.9113 0.3073
vn -0.5377 0.7327 -0.4171
vn 0.0511 0.6205 0.7825
vn -0.2505 0.9026 0.3501
vn 0.0158 0.5882 0.8086
vn -0.2927 0.8685 0.4001
vn -0.0018 0.5686 0.8226
vn -0.3424 0.8364 0.4280
vn -0.5691 0.7347 -0.3693
vn -0.6249 0.7111 -0.3222
vn -0.2928 0.8697 0.3974
vn 0.0069 0.5753 0.8179
vn -0.5075 0.7551 -0.4150
vn 0.2934 0.1131 0.9493
vn 0.5068 -0.3624 0.7822
vn 0.6445 -0.1958 0.7391
vn 0.7594 -0.4711 0.4487
vn 0.4169 0.0076 0.9089
vn 0.2897 0.3404 0.8945
vn -0.0899 0.8726 0.4800
vn -0.5567 0.7710 -0.3092
vn -0.7640 0.4345 -0.4770
vn -0.5170 0.1659 -0.8398
vn -0.5233 0.2062 -0.8268
vn -0.5192 0.0163 -0.8545
vn -0.4934 0.1806 -0.8508
vn -0.3178 -0.2806 -0.9057
vn -0.3138 -0.2928 -0.9032
vn -0.2878 -0.3858 -0.8766
vn -0.4894 0.2129 -0.8457
vn -0.3696 -0.2566 -0.8931
vn -0.0042 -0.7155 -0.6986
vn -0.0270 -0.6845 -0.7285
vn -0.2276 -0.7228 -0.6525
vn -0.5355 0.2745 -0.7986
vn -0.3687 -0.2480 -0.8958
vn -0.0958 -0.7327 -0.6737
vn 0.3565 -0.9065 -0.2264
vn 0.3262 -0.9097 -0.2569
vn 0.1356 -0.9807 -0.1411
vn 0.2766 -0.9507 -0.1399
vn -0.0820 -0.7289 -0.6797
vn 0.2808 -0.9462 -0.1609
vn 0.3504 -0.9180 -0.1857
vn -0.4113 -0.1426 -0.9003
vn 0.4059 -0.8969 -0.1756
vn -0.0322 -0.7089 -0.7046
vn -0.3674 -0.1247 -0.9217
vn 0.0215 -0.6887 -0.7248
vn 0.3686 -0.9043 -0.2155
vn 0.0092 -0.6829 -0.7305
vn 0.2605 -0.8965 -0.3583
vn -0.1084 -0.9244 -0.3658
vn -0.3927 -0.9057 0.1598
vn -0.1184 -0.1989 0.9729
vn -0.4441 -0.3471 0.8260
vn 0.0274 0.1179 0.9927
vn -0.0372 -0.0712 0.9968
vn -0.7344 -0.6750 -0.0714
vn -0.5006 -0.3246 0.8025
vn -0.0480 -0.0775 0.9958
vn -0.3483 -0.4523 -0.8210
vn -0.6097 -0.2684 0.7458
vn -0.0893 -0.0375 0.9953
vn -0.8080 -0.5848 -0.0709
vn -0.6658 -0.1438 0.7322
vn -0.0971 0.0417 0.9944
vn -0.7552 0.1133 0.6456
vn -0.1348 0.2024 0.9700
vn -0.1897 0.2252 0.9557
vn -0.9368 -0.3064 0.1689
vn -0.9059 -0.4225 -0.0296
vn -0.9951 -0.0428 0.0891
vn -0.4065 -0.4379 -0.8019
vn -0.5138 -0.3659 -0.7760
vn -0.6671 -0.3476 -0.6589
vn -0.0849 -0.4240 -0.9017
vn -0.7443 -0.1387 -0.6533
vn -0.0402 -0.3893 -0.9202
vn -0.9891 -0.1438 0.0309
vn -0.7157 -0.1792 -0.6751
vn -0.7961 0.0305 0.6044
vn -0.8279 -0.0371 0.5596
vn -0.2186 0.1624 0.9622
vn -0.9800 -0.1921 0.0528
vn -0.7999 -0.2279 -0.5552
vn -0.1363 -0.1402 -0.9807
vn -0.8516 0.0381 0.5228
vn -0.3021 0.0225 0.9530
vn -0.2234 -0.1386 0.9648
vn -0.9968 0.0113 0.0794
vn -0.8096 -0.1784 0.5592
vn 0.0284 -0.9192 0.3929
vn 0.0472 -0.9942 0.0965
vn -0.9809 -0.1890 0.0452
vn -0.1423 -0.9685 -0.2042
vn -0.8651 -0.1509 -0.4784
vn -0.8056 -0.3439 -0.4824
vn -0.1485 -0.5164 -0.8434
vn 0.4791 -0.6881 -0.5449
vn -0.2187 -0.3801 -0.8987
vn 0.4969 -0.4312 -0.7531
vn 0.4903 -0.2076 -0.8465
vn -0.1783 -0.2099 -0.9613
vn 0.4809 -0.1047 -0.8705
vn -0.1166 -0.1424 -0.9829
vn 0.5633 0.0006 -0.8262
vn -0.0762 -0.2723 -0.9592
vn 0.6367 -0.1318 -0.7597
vn 0.0244 -0.2559 -0.9664
vn 0.6614 -0.1651 -0.7317
vn 0.4982 -0.6144 -0.6119
vn 0.2849 -0.7614 -0.5823
vn 0.1668 -0.6029 -0.7802
vn 0.1644 -0.7765 -0.6083
vn -0.0864 -0.3883 -0.9175
vn 0.0897 -0.4371 -0.8950
vn 0.1780 -0.8674 -0.4647
vn 0.1029 -0.9262 -0.3628
vn 0.0697 0.3161 -0.9462
vn 0.0255 -0.3886 -0.9211
vn 0.0405 -0.9686 -0.2454
vn -0.0702 -0.5192 -0.8517
vn 0.0938 -0.9708 -0.2208
vn -0.0352 0.3520 -0.9353
vn -0.0192 -0.5449 -0.8383
vn 0.1441 -0.9715 -0.1883
vn -0.1619 0.2184 -0.9623
vn 0.0095 0.8815 -0.4721
vn 0.5050 0.2478 -0.8268
vn -0.1838 0.7946 -0.5786
vn -0.0771 0.2025 -0.9762
vn -0.1180 0.8288 -0.5470
vn 0.0445 -0.4846 -0.8736
vn 0.1174 -0.9789 -0.1674
vn -0.0293 0.2040 -0.9785
vn -0.0846 0.8545 -0.5125
vn 0.0127 -0.4582 -0.8887
vn 0.1376 -0.9772 -0.1617
vn -0.0623 0.2764 -0.9590
vn -0.1606 0.8502 -0.5014
vn -0.1713 0.8412 -0.5128
vn -0.0670 0.2214 -0.9729
vn -0.0888 0.8311 -0.5490
vn -0.0571 -0.5478 -0.8347
vn -0.1628 0.1866 -0.9689
vn -0.1190 -0.4808 -0.8687
vn 0.1932 -0.9780 -0.0781
vn 0.3354 -0.8884 -0.3134
vn -0.0771 -0.2712 -0.9594
vn 0.7218 -0.2937 -0.6267
vn 0.6287 0.3501 -0.6944
vn -0.1521 0.2002 -0.9679
vn 0.1220 0.8491 -0.5139
vn 0.7375 -0.6753 0.0035
vn 0.9064 -0.3703 -0.2034
vn 0.9316 -0.1754 -0.3184
vn 0.9415 0.0049 -0.3369
vn 0.9522 0.1387 -0.2724
vn 0.9156 0.1419 0.3763
vn 0.9101 -0.0092 0.4142
vn 0.4692 0.2288 0.8529
vn 0.8872 -0.2260 0.4022
vn 0.9455 0.1992 0.2577
vn 0.7179 -0.5920 0.3662
vn 0.4592 0.1616 0.8735
vn 0.4264 -0.3486 0.8346
vn 0.4286 -0.0460 0.9023
vn 0.5233 0.1912 0.8304
vn 0.5208 0.0992 0.8479
vn 0.9269 0.0807 0.3666
vn 0.9730 -0.0360 -0.2278
vn 0.9019 0.0148 0.4316
vn 0.9657 -0.0846 -0.2453
vn 0.7921 -0.5933 -0.1435
vn 0.4389 0.0485 0.8972
vn 0.6907 -0.3816 0.6142
vn 0.4987 -0.8665 -0.0205
vn 0.3423 -0.0869 0.9356
vn 0.2580 -0.0606 0.9642
vn 0.4698 -0.6162 0.6321
vn 0.4990 -0.8665 -0.0146
vn 0.4506 -0.2334 0.8617
vn 0.4777 -0.8739 0.0899
vn 0.2970 -0.9428 0.1512
vn 0.2502 0.1420 0.9577
vn 0.2575 0.1474 0.9550
vn 0.3578 -0.2143 0.9089
vn 0.2206 0.1753 0.9595
vn 0.1507 0.0888 0.9846
vn 0.1411 -0.0051 0.9900
vn -0.1645 0.2095 0.9639
vn 0.1328 0.1220 0.9836
vn 0.2437 0.1529 0.9577
vn 0.2482 0.1879 0.9503
vn 0.2505 0.1680 0.9534
vn -0.4951 0.2192 0.8407
vn 0.0256 0.4254 0.9046
vn -0.1975 0.3874 0.9005
vn -0.9049 0.3666 0.2163
vn -0.7716 0.6349 -0.0392
vn -0.5815 0.7976 0.1602
vn -0.5051 0.8157 0.2821
vn 0.0539 0.3887 0.9198
vn -0.7131 0.6329 0.3015
vn -0.8644 0.4442 -0.2355
vn -0.1402 0.5160 0.8450
vn -0.7905 0.5155 0.3306
vn -0.7994 0.4103 0.4389
vn -0.9222 0.3486 -0.1676
vn -0.9319 0.3441 -0.1147
vn 0.3113 0.2196 0.9246
vn 0.6016 0.5610 0.5687
vn -0.1975 0.4321 0.8800
vn -0.7315 0.4322 0.5274
vn -0.9063 0.4044 -0.1225
vn 0.3136 0.3174 0.8949
vn -0.1804 0.2819 0.9423
vn -0.7185 0.4400 0.5386
vn -0.8949 0.4308 -0.1165
vn 0.2550 0.1571 0.9541
vn -0.1341 0.2815 0.9501
vn 0.9394 0.2703 0.2111
vn 0.9439 -0.0460 0.3269
vn 0.3255 0.1264 0.9371
vn -0.7398 0.4322 0.5157
vn -0.9110 0.3285 -0.2492
vn -0.1716 0.2360 0.9565
vn -0.7773 0.4514 0.4382
vn -0.8899 0.3984 -0.2223
vn -0.1633 0.3091 0.9369
vn 0.2461 0.0514 0.9679
vn 0.9306 -0.1878 0.3141
vn 0.8777 -0.1826 -0.4431
vn 0.7557 -0.0500 -0.6530
vn 0.2959 0.4879 -0.8212
vn 0.8797 -0.3550 -0.3164
vn -0.3286 0.8405 -0.4308
vn 0.8595 -0.2509 0.4453
vn 0.8650 -0.4459 -0.2301
vn 0.2456 0.1427 0.9588
vn 0.8490 -0.2215 0.4798
vn 0.8833 -0.3942 -0.2537
vn -0.0643 0.9515 0.3007
vn -0.7083 0.6575 -0.2570
vn -0.1350 0.3518 0.9263
vn 0.8845 -0.2153 0.4139
vn 0.8695 -0.3696 -0.3278
vn 0.3333 0.1863 0.9242
vn 0.8533 -0.2195 0.4729
vn 0.8575 -0.4212 -0.2955
vn 0.8883 -0.3782 -0.2605
vn 0.3355 0.1344 0.9324
vn -0.1009 0.3245 0.9405
vn 0.9058 -0.0137 0.4235
vn -0.7029 0.5296 0.4748
vn -0.8463 0.4758 -0.2394
vn -0.5875 0.6969 0.4114
vn -0.7444 0.5766 -0.3369
vn 0.4453 0.3331 0.8311
vn 0.9773 0.1334 0.1643
vn 0.8664 -0.1723 -0.4686
vn 0.0806 0.5397 0.8380
vn -0.4340 0.8458 0.3102
vn 0.5346 0.5323 0.6564
vn 0.7041 0.7099 0.0181
vn 0.5136 0.4861 -0.7070
vn 0.1614 0.7104 0.6850
vn 0.2075 0.9779 0.0248
vn -0.0883 0.7609 -0.6428
vn 0.3436 0.8443 0.4113
vn 0.9462 0.1873 -0.2637
vn 0.9584 0.2164 -0.1863
vn 0.3793 0.8393 0.3894
vn -0.3661 0.7354 0.5702
vn 0.9072 0.1911 -0.3748
vn -0.3760 0.7297 0.5711
vn 0.4044 0.8593 0.3131
vn -0.9674 0.0214 0.2525
vn -0.9500 0.0598 0.3065
vn 0.3639 0.8924 0.2669
vn 0.8884 0.2081 -0.4093
vn -0.3739 0.7555 0.5380
vn -0.7844 -0.5782 -0.2246
vn -0.7861 -0.5906 -0.1823
vn 0.4346 0.8566 0.2782
vn 0.9106 0.1397 -0.3889
vn 0.9542 0.0874 -0.2863
vn -0.4500 0.7601 0.4688
vn 0.5026 0.7927 0.3449
vn 0.9777 0.1027 -0.1834
vn -0.4257 0.7856 0.4490
vn 0.5748 0.6905 0.4390
vn 0.9828 0.1513 -0.1055
vn -0.3806 0.7869 0.4857
vn -0.9932 -0.0165 0.1157
vn -0.9881 0.0014 0.1537
vn 0.6095 0.6156 0.4995
vn 0.9714 0.1978 -0.1316
vn -0.3482 0.6901 0.6345
vn -0.9792 -0.0702 0.1904
vn -0.9781 0.0175 0.2075
vn -0.6502 -0.6342 -0.4183
vn -0.7235 -0.6007 -0.3400
vn -0.6845 -0.6202 -0.3833
vn 0.6264 0.6081 0.4876
vn -0.2796 0.5247 0.8041
vn -0.9246 -0.2105 0.3174
vn -0.6664 -0.6731 -0.3207
vn 0.0935 -0.7115 -0.6964
vn 0.0703 -0.7284 -0.6815
vn 0.0500 -0.7362 -0.6749
vn 0.3655 0.8477 0.3845
vn 0.7840 0.6064 -0.1331
vn 0.8403 0.5411 -0.0338
vn 0.2701 0.8813 0.3878
vn 0.8815 0.4719 -0.0139
vn -0.3141 0.4970 0.8089
vn 0.1964 0.9346 0.2967
vn 0.8667 0.4907 -0.0902
vn -0.0478 -0.7985 -0.6001
vn -0.1346 -0.8352 -0.5332
vn 0.6855 -0.4343 -0.5844
vn 0.7499 -0.4074 -0.5212
vn 0.5888 -0.4524 -0.6698
vn 0.5468 -0.4793 -0.6865
vn 0.5309 -0.5020 -0.6827
vn 0.5398 -0.5133 -0.6671
vn 0.0925 -0.7340 -0.6728
vn 0.5465 -0.5033 -0.6693
vn -0.6421 -0.7378 -0.2080
vn 0.0717 -0.7585 -0.6477
vn 0.6189 -0.4750 -0.6255
vn 0.6151 -0.3329 -0.7147
vn -0.8583 -0.3205 0.4008
vn 0.0130 -0.7840 -0.6206
vn -0.6630 -0.7411 -0.1057
vn -0.2142 0.3813 0.8993
vn -0.1432 -0.6665 -0.7317
vn -0.0738 -0.6312 -0.7721
vn -0.8663 -0.3100 0.3918
vn -0.7420 -0.6624 -0.1036
vn -0.9098 -0.1264 0.3954
vn -0.6730 -0.5962 -0.4377
vn -0.9114 -0.4091 -0.0446
vn -0.5967 0.5939 0.5396
vn -0.9689 0.0027 0.2473
vn -0.9038 -0.4173 -0.0947
vn -0.6946 0.6360 0.3362
vn -0.6123 -0.6919 -0.3825
vn -0.9782 -0.0606 0.1985
vn 0.2606 0.9510 0.1663
vn 0.8416 0.5352 -0.0725
vn -0.7828 -0.6084 -0.1308
vn -0.7778 0.5858 0.2278
vn 0.2239 0.9497 0.2189
vn 0.8658 0.4989 -0.0391
vn -0.9827 -0.1229 0.1388
vn -0.0953 -0.8661 -0.4907
vn 0.3031 0.9151 0.2661
vn 0.8989 0.4372 -0.0283
vn -0.8718 0.4170 0.2570
vn -0.7936 -0.5919 -0.1408
vn 0.3736 0.8862 0.2739
vn 0.8969 0.4417 0.0230
vn 0.3689 0.8764 0.3095
vn -0.9735 -0.2259 0.0358
vn -0.8457 0.4460 0.2929
vn -0.8290 0.4367 0.3493
vn -0.8127 0.4269 0.3966
vn -0.9706 -0.2408 0.0048
vn -0.9483 -0.3127 0.0540
vn -0.9335 -0.3426 0.1057
vn -0.7060 -0.6736 -0.2188
vn -0.6036 -0.7635 -0.2297
vn -0.6053 -0.7702 -0.2010
vn -0.6680 -0.7022 -0.2465
vn 0.0160 -0.8033 -0.5953
vn 0.2833 -0.8212 -0.4953
vn 0.2926 -0.8243 -0.4847
vn 0.1847 -0.8040 -0.5652
vn 0.2245 -0.8268 -0.5158
vn 0.9140 -0.2022 -0.3519
vn 0.9262 -0.2006 -0.3192
vn 0.9162 -0.1667 -0.3645
vn 0.8999 -0.1386 -0.4136
vn 0.8331 -0.2086 -0.5122
vn 0.8788 -0.2017 -0.4325
vn 0.9220 0.0811 -0.3787
vn 0.2548 -0.8200 -0.5125
vn 0.6464 -0.5125 -0.5652
vn 0.6113 -0.2574 -0.7483
vn 0.7682 0.2578 -0.5860
vn -0.9986 -0.0352 0.0406
vn -0.9908 -0.0522 0.1250
vn -0.9986 -0.0518 0.0043
vn -0.9901 -0.0256 0.1378
vn -0.9904 -0.0439 0.1308
vn -0.9701 -0.0046 0.2427
vn -0.9702 -0.0409 0.2387
vn -0.8770 -0.3553 0.3235
vn -0.9732 -0.0114 0.2299
vn -0.9497 0.0415 0.3105
vn -0.8217 -0.4459 0.3550
vn -0.5245 -0.6881 0.5014
vn -0.9421 -0.0720 0.3276
vn -0.9776 -0.0032 0.2106
vn -0.9536 -0.0427 0.2981
vn -0.5522 -0.7112 0.4350
vn -0.4217 -0.8396 0.3423
vn -0.9687 -0.2144 0.1250
vn -0.8396 -0.4551 0.2966
vn -0.4084 -0.8606 0.3042
vn -0.2915 -0.9118 0.2892
vn -0.8462 -0.5258 -0.0865
vn -0.3573 -0.9166 0.1794
vn -0.5585 -0.8027 -0.2091
vn -0.3388 -0.9233 0.1808
vn -0.5602 -0.7526 0.3460
vn -0.6271 -0.6185 -0.4736
vn -0.7221 -0.6596 -0.2085
vn -0.6334 -0.7211 -0.2806
vn -0.4992 -0.7965 -0.3411
vn -0.8136 -0.3418 -0.4703
vn -0.4595 -0.5118 -0.7259
vn -0.4357 -0.4138 -0.7993
vn -0.6258 -0.3413 -0.7013
vn -0.7151 -0.5031 -0.4853
vn -0.9492 -0.2766 -0.1498
vn -0.9951 -0.0900 0.0399
vn -0.9553 -0.1800 0.2346
vn -0.6803 -0.3205 -0.6591
vn -0.4327 -0.3773 -0.8188
vn -0.2172 -0.5450 -0.8098
vn -0.4090 -0.6964 -0.5897
vn -0.8479 -0.5065 -0.1565
vn -0.2494 -0.8263 0.5051
vn -0.8995 -0.2639 -0.3482
vn -0.9385 -0.3405 -0.0573
vn -0.4016 -0.7139 0.5736
vn -0.0371 -0.9975 0.0600
vn -0.1741 -0.8420 0.5107
vn -0.9784 -0.2028 -0.0413
vn 0.0782 -0.9814 -0.1754
vn 0.0054 -0.9995 0.0317
vn -0.9611 -0.2664 -0.0728
vn -0.8789 -0.2985 0.3721
vn -0.5653 -0.4773 0.6728
vn -0.4083 -0.5156 0.7533
vn -0.7380 -0.1258 0.6630
vn -0.5225 -0.7952 0.3077
vn -0.5736 -0.8181 0.0409
vn -0.5649 -0.7907 -0.2358
vn -0.4959 -0.1286 -0.8588
vn -0.3726 0.2798 -0.8848
vn -0.3110 0.3359 -0.8891
vn -0.4993 0.2827 -0.8190
vn -0.4257 0.1409 -0.8938
vn -0.5301 0.2179 -0.8195
vn -0.7781 -0.0847 -0.6224
vn -0.8211 -0.5684 -0.0523
vn -0.9480 -0.3087 0.0777
vn -0.8388 -0.5199 0.1618
vn -0.5667 0.2394 -0.7884
vn -0.9032 0.0182 -0.4288
vn -0.9180 0.1388 -0.3716
vn -0.8602 -0.1870 -0.4745
vn -0.8131 -0.4449 0.3755
vn -0.9796 0.0151 0.2006
vn -0.9029 -0.2904 0.3169
vn -0.7345 -0.2067 0.6464
vn -0.8566 -0.5160 0.0006
vn -0.4261 -0.8781 -0.2178
vn -0.8545 -0.0999 0.5097
vn -0.8922 -0.1615 0.4217
vn -0.8740 -0.3853 0.2960
vn -0.8458 -0.1042 0.5233
vn -0.8277 -0.0956 0.5529
vn -0.7359 -0.1539 0.6593
vn -0.9446 -0.0685 0.3211
vn -0.7213 -0.5425 0.4306
vn -0.8167 -0.2109 0.5371
vn -0.4004 -0.9152 0.0452
vn -0.6414 -0.5691 0.5145
vn -0.9294 -0.1846 0.3197
vn -0.3219 -0.9090 0.2646
vn -0.7738 -0.3878 0.5008
vn -0.7316 -0.6617 -0.1639
vn -0.4331 -0.8377 0.3328
vn -0.9254 -0.2387 0.2943
vn 0.1510 -0.9633 -0.2220
vn -0.6390 -0.6987 -0.3217
vn 0.0297 -0.9991 -0.0309
vn 0.1260 -0.9254 -0.3573
vn -0.6368 -0.5730 0.5159
vn -0.9225 -0.2616 0.2837
vn -0.3315 -0.9363 0.1163
vn -0.4275 -0.8036 -0.4141
vn -0.5898 -0.6160 0.5222
vn -0.4785 -0.7834 0.3967
vn -0.8744 -0.3912 0.2869
vn -0.2881 -0.9491 0.1271
vn -0.2477 -0.9418 0.2273
vn -0.2530 -0.9402 0.2280
vn -0.2628 -0.9324 0.2480
vn -0.4580 -0.8614 0.2195
vn -0.6857 -0.6958 0.2139
vn -0.3159 -0.8780 0.3596
vn -0.2810 -0.9382 0.2019
vn -0.2588 -0.9312 0.2568
vn -0.4443 -0.6334 -0.6335
vn -0.3249 -0.8146 0.4805
vn -0.5608 -0.8243 0.0778
vn -0.7046 -0.5463 -0.4529
vn -0.3391 -0.7416 0.5789
vn -0.3648 -0.6595 -0.6572
vn -0.7643 -0.2315 -0.6019
vn -0.3725 -0.5847 -0.7207
vn -0.5981 -0.2082 -0.7739
vn -0.6431 -0.4820 -0.5950
vn -0.3360 -0.2660 -0.9035
vn -0.3352 -0.5753 -0.7461
vn -0.5309 -0.7382 -0.4162
vn -0.1600 -0.9302 0.3305
vn -0.4655 -0.5642 -0.6819
vn -0.2650 -0.6029 -0.7525
vn -0.1221 -0.3098 -0.9429
vn -0.4175 -0.6856 -0.5963
vn -0.4127 -0.6814 0.6045
vn -0.4936 -0.7549 0.4318
vn -0.7112 -0.6268 0.3184
vn -0.8691 -0.4945 -0.0095
vn -0.9224 -0.3672 -0.1193
vn -0.8791 -0.4351 0.1945
vn -0.8736 -0.3742 0.3111
vn -0.8856 -0.2519 0.3903
vn -0.9071 -0.1476 0.3943
vn -0.7404 -0.5986 0.3057
vn -0.8792 -0.4763 -0.0090
vn -0.7547 -0.6330 0.1725
vn -0.9243 -0.3555 -0.1385
vn -0.8679 -0.4919 -0.0696
vn -0.3362 -0.6287 -0.7012
vn -0.8717 -0.4037 -0.2779
vn -0.3700 -0.6475 -0.6663
vn -0.0201 -0.4226 -0.9061
vn 0.2368 -0.4960 -0.8354
vn -0.1175 -0.6746 -0.7288
vn -0.0526 -0.7224 -0.6895
vn -0.3030 -0.7971 -0.5224
vn -0.4716 -0.8793 0.0662
vn -0.4576 -0.5170 -0.7234
vn -0.2715 -0.9623 -0.0163
vn -0.3114 -0.8045 0.5058
vn -0.1584 -0.9841 -0.0803
vn -0.5812 -0.8121 -0.0517
vn -0.1530 -0.8664 0.4753
vn -0.0456 -0.9015 0.4304
vn -0.3660 -0.7305 0.5765
vn -0.1916 -0.7127 0.6748
vn -0.2113 -0.8020 0.5587
vn -0.1295 -0.7971 0.5898
vn -0.0475 -0.7205 0.6918
vn 0.0534 -0.7858 0.6162
vn -0.4919 -0.8144 0.3079
vn -0.1834 -0.8621 0.4723
vn -0.3022 -0.9059 0.2965
vn -0.5295 -0.8372 0.1366
vn -0.3426 -0.9050 0.2522
vn -0.7381 -0.6676 0.0975
vn -0.3584 -0.8955 0.2638
vn -0.5910 -0.7941 0.1419
vn -0.8247 -0.5656 -0.0012
vn -0.4171 -0.8733 0.2516
vn -0.6137 -0.7715 0.1678
vn -0.7644 -0.6339 0.1180
vn -0.8717 -0.4858 0.0637
vn -0.7732 -0.6164 0.1490
vn -0.8642 -0.4947 0.0920
vn -0.7741 -0.6124 0.1605
vn -0.6283 -0.7237 0.2855
vn -0.6630 -0.6686 0.3368
vn -0.6259 -0.7712 0.1159
vn -0.7864 -0.5445 0.2916
vn -0.9014 -0.3759 0.2150
vn -0.4582 -0.8842 -0.0905
vn -0.9601 -0.0927 0.2637
vn -0.9783 -0.1698 0.1189
vn -0.8264 -0.5608 0.0512
vn -0.9430 -0.3322 0.0178
vn -0.4829 -0.8370 -0.2575
vn -0.4721 -0.8748 0.1089
vn -0.6547 -0.7342 -0.1797
vn -0.8014 -0.5801 -0.1458
vn -0.6253 -0.7728 -0.1084
vn 0.1290 -0.6364 0.7605
vn 0.8719 -0.3914 0.2942
vn -0.7918 0.3051 -0.5291
vn -0.9565 -0.2880 0.0464
vn -0.4892 0.7576 -0.4322
vn -0.9623 -0.2714 0.0174
vn -0.9620 -0.2635 -0.0713
vn -0.3813 0.9226 0.0585
vn -0.9763 -0.2159 0.0109
vn -0.9136 -0.4006 -0.0695
vn -0.9713 -0.2132 -0.1056
vn -0.4682 0.7483 0.4699
vn -0.9575 -0.2808 -0.0663
vn -0.9613 -0.2743 0.0259
vn -0.4746 0.0529 0.8786
vn -0.6985 -0.3650 0.6156
vn -0.4864 0.7236 0.4898
vn -0.7665 0.4826 -0.4237
vn -0.6491 0.6590 0.3800
vn -0.6868 0.5333 -0.4939
vn 0.1082 0.2678 0.9574
vn -0.6758 0.6701 0.3071
vn -0.6948 0.5788 -0.4269
vn -0.0272 0.3077 0.9511
vn -0.6675 0.6298 0.3972
vn -0.7487 0.5739 -0.3317
vn -0.1622 0.2903 0.9431
vn -0.6079 0.6315 0.4813
vn -0.7429 0.6087 -0.2786
vn -0.1530 0.2955 0.9430
vn -0.5512 0.6716 0.4951
vn -0.6799 0.6698 -0.2986
vn -0.4060 0.8041 0.4343
vn -0.5536 0.7394 -0.3831
vn -0.0423 0.2931 0.9551
vn -0.0795 0.2637 0.9613
vn 0.3665 -0.0695 0.9278
vn 0.2869 -0.1165 0.9509
vn 0.2919 -0.0807 0.9530
vn 0.3944 -0.0196 0.9187
vn 0.1919 0.4128 0.8904
vn 0.2999 0.3489 0.8879
vn 0.4867 0.0805 0.8698
vn 0.4169 0.1005 0.9034
vn 0.6151 0.3498 0.7066
vn 0.7429 -0.4435 0.5014
vn 0.8946 -0.2035 0.3978
vn 0.7469 -0.5179 0.4171
vn 0.6837 -0.6117 -0.3979
vn 0.8097 -0.3535 -0.4684
vn 0.6770 -0.6535 -0.3385
vn 0.3652 0.3082 -0.8784
vn 0.7603 -0.5483 0.3484
vn 0.6839 -0.5356 -0.4954
vn 0.6783 -0.5469 0.4908
vn 0.6785 -0.6893 -0.2539
vn 0.2460 -0.0517 0.9679
vn 0.6757 -0.5088 0.5335
vn 0.6877 -0.6649 -0.2915
vn 0.7237 -0.4207 0.5470
vn 0.7299 -0.6188 -0.2905
vn 0.7642 -0.5913 -0.2578
vn 0.2952 0.0246 0.9551
vn 0.8297 -0.2477 0.5003
vn 0.4464 0.1752 0.8775
vn 0.9615 -0.1169 0.2488
vn 0.8038 -0.3768 -0.4604
vn 0.5894 0.3428 0.7315
vn 0.8572 0.5050 0.1008
vn 0.6350 0.3384 -0.6945
vn 0.4504 0.8887 0.0862
vn 0.1261 0.7475 -0.6522
vn 0.1711 0.4473 0.8779
vn 0.2975 0.5906 0.7501
vn -0.2053 0.9117 0.3558
vn 0.2485 0.9677 0.0428
vn 0.0609 0.8610 -0.5050
vn -0.3591 0.9236 0.1340
vn -0.4459 0.7409 -0.5023
vn -0.5103 0.7529 -0.4157
vn -0.4465 0.8610 0.2436
vn -0.4955 0.7534 -0.4323
vn -0.0588 0.4831 0.8736
vn 0.2522 0.4861 0.8368
vn -0.4237 0.8668 0.2630
vn -0.4560 0.7852 -0.4189
vn -0.1133 0.4634 0.8789
vn -0.4161 0.8551 0.3093
vn -0.4798 0.7712 -0.4184
vn 0.2077 0.3319 0.9202
vn 0.1981 0.0081 0.9801
vn -0.0555 0.4211 0.9053
vn -0.3568 0.8612 0.3621
vn -0.5135 0.7405 -0.4336
vn 0.3328 0.0678 0.9406
vn 0.2144 -0.0225 0.9765
vn -0.0707 0.4688 0.8805
vn 0.3248 0.1174 0.9385
vn 0.5962 -0.7376 0.3168
vn 0.2529 -0.0890 0.9634
vn 0.8216 -0.4747 0.3156
vn 0.5455 0.4478 0.7084
vn 0.5107 -0.7515 0.4177
vn 0.2580 0.1865 0.9480
vn 0.4623 -0.8127 -0.3546
vn 0.6262 -0.5972 -0.5013
vn 0.4239 -0.8871 -0.1825
vn 0.0842 0.9706 0.2255
vn 0.5190 -0.7232 0.4557
vn 0.4860 -0.8136 -0.3191
vn 0.2896 -0.3318 0.8978
vn 0.2231 -0.0155 0.9747
vn 0.4971 -0.6949 0.5196
vn 0.4534 -0.8689 -0.1985
vn 0.0061 0.4603 0.8877
vn 0.4880 -0.6639 0.5667
vn 0.4357 -0.8744 -0.2135
vn 0.2638 -0.0085 0.9645
vn 0.5219 -0.5957 0.6105
vn 0.4907 -0.8450 -0.2125
vn 0.5309 -0.8281 -0.1798
vn 0.2529 0.0191 0.9673
vn 0.0468 0.4442 0.8947
vn 0.6812 -0.4714 0.5601
vn -0.3713 0.8314 0.4135
vn -0.4635 0.7833 -0.4143
vn -0.2372 0.8940 0.3802
vn -0.2918 0.8477 -0.4430
vn 0.4198 0.1119 0.9007
vn 0.8578 -0.4102 0.3097
vn 0.6472 -0.6539 -0.3918
vn 0.1682 0.5414 0.8238
vn 0.0149 0.9540 0.2995
vn 0.6441 0.1805 0.7433
vn 0.9726 0.1987 0.1206
vn 0.7353 0.0578 -0.6752
vn 0.4276 0.5112 0.7456
vn 0.7182 0.6932 0.0611
vn 0.3915 0.6140 -0.6853
vn 0.2423 -0.9058 0.3476
vn 0.1435 -0.8010 0.5813
vn 0.1362 -0.7957 0.5902
vn 0.2191 -0.7692 0.6002
vn 0.1994 -0.6976 0.6882
vn 0.2814 -0.6907 0.6661
vn 0.1954 -0.0628 0.9787
vn 0.2017 -0.1081 0.9735
vn 0.0955 -0.0698 0.9930
vn 0.1601 -0.0689 0.9847
vn 0.1906 -0.1844 0.9642
vn 0.1409 0.3874 0.9111
vn 0.0900 0.6465 0.7576
vn -0.0539 0.6480 0.7597
vn 0.0577 0.5661 0.8223
vn 0.1020 0.5303 0.8417
vn -0.0344 0.9887 0.1458
vn -0.1006 0.9753 0.1968
vn -0.0949 0.9766 0.1928
vn -0.0834 0.9687 0.2337
vn -0.0181 0.9337 0.3575
vn 0.1045 0.5140 0.8514
vn 0.2561 0.8861 0.3864
vn 0.2092 -0.0936 0.9734
vn 0.4402 -0.5596 0.7022
vn 0.4324 -0.0068 0.9017
vn 0.3754 0.4186 0.8269
vn 0.4275 0.8529 0.2996
vn 0.5824 -0.6840 0.4393
vn 0.5425 0.3764 0.7510
vn 0.9320 0.3564 0.0658
vn 0.5890 -0.0379 0.8072
vn 0.9661 -0.1918 0.1730
vn 0.2041 -0.4231 -0.8828
vn -0.1393 0.2105 -0.9676
vn 0.3375 -0.4070 -0.8488
vn 0.0777 0.3218 -0.9436
vn 0.1525 -0.4619 -0.8737
vn -0.2186 0.2113 -0.9527
vn 0.1142 -0.4695 -0.8755
vn 0.1390 -0.3775 -0.9155
vn -0.2956 0.2385 -0.9250
vn 0.1502 -0.4440 -0.8833
vn -0.2555 0.2272 -0.9397
vn -0.2101 0.2459 -0.9463
vn 0.1110 -0.4273 -0.8973
vn -0.2203 0.2069 -0.9532
vn -0.2814 0.1736 -0.9438
vn 0.0710 -0.4371 -0.8966
vn -0.3226 0.2161 -0.9215
vn 0.0072 -0.4603 -0.8877
vn -0.0401 -0.2278 -0.9729
vn -0.2821 0.1930 -0.9398
vn -0.0727 0.8244 -0.5614
vn -0.2102 -0.1930 -0.9584
vn -0.0529 0.6061 -0.7937
vn -0.3162 -0.2276 -0.9210
vn 0.4115 0.9052 0.1064
vn -0.0810 0.5453 -0.8343
vn -0.3191 -0.1475 -0.9362
vn 0.1846 0.9828 0.0051
vn -0.0146 0.6070 -0.7946
vn -0.2494 -0.0685 -0.9660
vn 0.2561 0.9605 -0.1088
vn -0.0064 0.6854 -0.7281
vn -0.2563 -0.0051 -0.9666
vn 0.2479 0.9633 -0.1027
vn -0.0574 0.7191 -0.6925
vn -0.3412 0.0087 -0.9400
vn -0.2530 0.7342 -0.6301
vn -0.4893 -0.0273 -0.8717
vn 0.2046 0.9788 -0.0012
vn 0.2472 0.9687 -0.0207
vn 0.2889 0.8090 0.5119
vn 0.3716 0.8035 0.4651
vn 0.3427 0.8221 0.4547
vn 0.5481 0.7596 0.3500
vn 0.3966 0.8304 -0.3913
vn -0.6795 0.7250 -0.1127
vn 0.8897 0.4105 -0.1999
vn -0.7462 0.6656 -0.0136
vn -0.1645 0.9816 -0.0970
vn 0.6013 0.4153 0.6826
vn -0.7055 0.0790 -0.7043
vn 0.2436 0.1698 0.9549
vn -0.0884 -0.5773 0.8117
vn -0.6837 -0.7261 -0.0724
vn 0.0540 -0.5655 0.8230
vn -0.3897 -0.7111 -0.5852
vn 0.2313 0.0956 0.9682
vn -0.1087 -0.6496 0.7525
vn 0.3294 0.2181 0.9187
vn 0.1141 -0.5107 0.8522
vn 0.3475 0.8462 0.4040
vn 0.3195 0.2733 0.9073
vn 0.0782 -0.5285 0.8453
vn 0.2350 0.3286 0.9148
vn 0.0238 -0.5040 0.8634
vn 0.0009 -0.4607 0.8876
vn 0.2600 0.8728 0.4131
vn 0.0320 0.3727 0.9274
vn 0.0402 0.8816 0.4703
vn -0.2388 0.2176 0.9464
vn -0.2718 -0.5389 0.7973
vn -0.2183 0.8372 0.5014
vn -0.7394 0.3679 0.5638
vn -0.8530 -0.4249 0.3031
vn -0.8592 0.5104 0.0364
vn -0.9215 -0.2257 -0.3161
vn -0.0458 0.9929 0.1098
vn -0.2702 0.9526 0.1395
vn -0.4621 0.7250 -0.5107
vn -0.7086 0.5281 -0.4679
vn -0.6342 -0.2636 -0.7269
vn -0.4843 0.7650 -0.4246
vn -0.5676 -0.0931 -0.8181
vn -0.5337 -0.0476 -0.8443
vn -0.3614 0.5895 -0.7224
vn -0.5481 -0.0614 -0.8341
vn 0.2137 0.9752 0.0583
vn -0.0866 0.9613 0.2616
vn -0.3678 0.6106 -0.7013
vn -0.5850 -0.0326 -0.8104
vn 0.0717 0.9861 -0.1497
vn -0.3421 0.6465 -0.6819
vn -0.5630 -0.0400 -0.8255
vn -0.6211 0.7782 -0.0932
vn 0.7017 0.6949 0.1574
vn 0.0895 0.9931 -0.0758
vn -0.3510 0.6992 -0.6228
vn -0.5303 -0.0694 -0.8450
vn 0.3025 0.8691 0.3914
vn 0.3429 0.8656 0.3650
vn 0.0487 0.9923 -0.1138
vn -0.8788 0.4505 -0.1573
vn 0.5297 0.1630 0.8324
vn 0.3715 0.8253 0.4253
vn -0.1246 0.0306 0.9917
vn -0.4893 0.7367 -0.4668
vn 0.5333 0.0501 0.8445
vn -0.3405 0.9349 -0.1001
vn 0.2160 -0.6780 0.7026
vn -0.0801 -0.8302 0.5517
vn 0.4183 -0.5486 0.7239
vn -0.0286 0.6682 -0.7434
vn 0.5240 0.0971 0.8462
vn 0.2738 -0.6324 0.7246
vn 0.0726 0.8433 0.5325
vn 0.3378 0.8639 0.3737
vn 0.5395 0.1657 0.8255
vn 0.3839 -0.5528 0.7396
vn 0.0234 0.9989 -0.0410
vn 0.5400 0.2212 0.8121
vn 0.3898 -0.5695 0.7237
vn 0.3041 0.8641 0.4010
vn 0.4904 0.2933 0.8207
vn 0.3423 -0.5522 0.7602
vn 0.3249 -0.5132 0.7944
vn 0.2889 0.8788 0.3799
vn 0.0206 0.9998 0.0031
vn 0.2994 0.3144 0.9008
vn -0.2990 0.7303 -0.6142
vn -0.5780 -0.0299 -0.8155
vn -0.4231 0.7368 -0.5274
vn -0.7187 -0.0163 -0.6951
vn 0.1117 0.8715 0.4775
vn 0.0630 0.1303 0.9895
vn 0.0449 -0.6143 0.7878
vn -0.1411 0.9883 0.0580
vn -0.6196 0.7063 -0.3425
vn -0.1117 0.7756 0.6212
vn -0.5448 0.2501 0.8004
vn -0.6718 -0.5323 0.5150
vn -0.2695 0.9189 0.2882
vn -0.8397 0.4122 0.3535
vn -0.9527 -0.3025 -0.0292
vn 0.3475 -0.0144 0.9376
vn 0.5478 0.0889 0.8319
vn 0.5581 0.0912 0.8247
vn 0.5153 0.1660 0.8408
vn 0.5838 0.2337 0.7775
vn 0.5194 0.2809 0.8071
vn 0.6985 0.6719 0.2461
vn 0.6996 0.6537 0.2885
vn 0.7666 0.6076 0.2078
vn 0.7241 0.6481 0.2360
vn 0.8950 0.3958 0.2056
vn 0.7158 0.6700 -0.1968
vn 0.4381 0.7817 -0.4438
vn 0.5207 0.6788 -0.5177
vn 0.5258 0.7572 -0.3876
vn 0.5240 0.7837 -0.3336
vn -0.0545 0.4862 -0.8722
vn 0.0260 0.4637 -0.8856
vn 0.0194 0.4658 -0.8847
vn 0.0476 0.4942 -0.8680
vn 0.1190 0.5956 -0.7944
vn 0.5337 0.7840 -0.3169
vn 0.0006 0.7823 -0.6229
vn 0.6926 0.6651 0.2791
vn 0.4356 0.4687 0.7685
vn 0.4947 0.8163 0.2982
vn 0.3829 0.9172 -0.1105
vn -0.1579 0.8373 -0.5235
vn 0.1679 0.3627 0.9167
vn 0.2373 0.9714 -0.0040
vn -0.5294 0.8394 0.1229
vn 0.3374 0.8576 0.3883
vn -0.3550 0.6885 0.6324
vn 0.2739 -0.9492 0.1548
vn 0.1781 -0.8458 -0.5028
vn -0.1005 -0.9945 -0.0303
vn -0.5005 -0.7360 -0.4558
vn -0.0883 -0.9788 0.1848
vn -0.4615 -0.7572 -0.4622
vn -0.0657 -0.9859 0.1538
vn -0.1657 -0.9776 0.1298
vn -0.4518 -0.7247 -0.5204
vn -0.1053 -0.9792 0.1735
vn -0.4674 -0.7408 -0.4824
vn -0.5055 -0.7355 -0.4511
vn -0.1066 -0.9859 0.1293
vn -0.4735 -0.7602 -0.4448
vn -0.4157 -0.7705 -0.4833
vn -0.0804 -0.9920 0.0978
vn -0.4204 -0.7334 -0.5342
vn -0.0294 -0.9982 0.0525
vn -0.2257 -0.9687 -0.1029
vn -0.4287 -0.7581 -0.4915
vn -0.4420 0.0490 -0.8957
vn 0.0099 -0.2129 -0.9770
vn -0.4638 0.0525 -0.8844
vn 0.1999 -0.3915 -0.8982
vn -0.4559 -0.0088 -0.8900
vn 0.2361 -0.3312 -0.9135
vn 0.2619 -0.2298 -0.9373
vn -0.4346 0.0331 -0.9000
vn -0.5102 0.2198 -0.8315
vn 0.2816 -0.1496 -0.9478
vn -0.5108 0.2001 -0.8361
vn 0.3115 -0.2104 -0.9266
vn -0.6084 0.1247 -0.7837
vn 0.3425 -0.2496 -0.9058
vn -0.5963 0.1642 -0.7858
vn 0.2537 -0.1169 -0.9602
vn -0.5555 0.3131 -0.7703
vn 0.2255 0.0375 -0.9735
vn -0.5335 0.2978 -0.7916
vn 0.1773 0.0204 -0.9839
vn -0.1911 0.2743 -0.9425
vn -0.1433 0.4285 -0.8921
vn 0.3020 -0.1212 -0.9456
vn 0.3049 -0.1633 -0.9383
vn -0.4199 0.2912 -0.8596
vn 0.1992 -0.3343 -0.9212
vn 0.1376 -0.3143 -0.9393
vn -0.4151 0.1360 -0.8996
vn 0.1987 -0.2323 -0.9521
vn -0.2838 0.1049 -0.9531
vn 0.2496 -0.3258 -0.9119
vn -0.3180 0.2128 -0.9239
vn 0.1947 -0.3230 -0.9261
vn -0.3314 0.1223 -0.9355
vn -0.3764 0.1134 -0.9195
vn 0.1604 -0.3342 -0.9287
vn -0.3685 0.1685 -0.9142
vn 0.1134 -0.3798 -0.9181
vn -0.0101 -0.1726 -0.9849
vn -0.3496 0.1592 -0.9233
vn -0.2929 -0.8084 -0.5106
vn -0.3107 -0.9505 -0.0016
vn -0.2815 -0.7995 -0.5306
vn -0.2105 -0.9447 0.2515
vn -0.2397 -0.8328 -0.4990
vn -0.2793 -0.9248 0.2582
vn -0.3800 -0.8939 0.2378
vn -0.2857 -0.8188 -0.4979
vn -0.3675 -0.6789 -0.6357
vn -0.4553 -0.8623 0.2219
vn -0.3542 -0.6923 -0.6287
vn -0.4099 -0.8694 0.2760
vn -0.2309 -0.6947 -0.6813
vn -0.3817 -0.8663 0.3222
vn -0.2292 -0.6887 -0.6879
vn -0.4484 -0.8684 0.2115
vn 0.1763 -0.7363 -0.6533
vn -0.1979 -0.9754 -0.0968
vn 0.6986 -0.6221 -0.3534
vn 0.0777 -0.9968 0.0158
vn 0.1431 -0.5926 -0.7927
vn -0.5897 -0.4572 -0.6657
vn -0.0805 -0.9795 0.1844
vn -0.3271 -0.9439 0.0462
vn -0.3891 -0.7057 -0.5920
vn -0.2240 -0.9631 0.1492
vn -0.2246 -0.9695 0.0977
vn -0.3065 -0.7557 -0.5787
vn -0.3218 -0.9398 0.1150
vn -0.3653 -0.8105 -0.4578
vn -0.2548 -0.9446 0.2068
vn -0.4209 -0.7367 -0.5292
vn -0.2382 -0.9589 0.1544
vn -0.3494 -0.7896 -0.5045
vn -0.3152 -0.7818 -0.5380
vn -0.2150 -0.9682 0.1283
vn -0.3594 -0.7513 -0.5536
vn -0.1537 -0.9822 0.1076
vn -0.2876 -0.9524 -0.1015
vn -0.3646 -0.7626 -0.5343
vn -0.1058 0.2712 0.9567
vn -0.5611 0.0410 0.8267
vn -0.2213 -0.0845 0.9715
vn -0.4209 0.3881 0.8199
vn -0.8155 0.1604 0.5561
vn 0.2414 0.1661 0.9561
vn 0.1523 -0.1972 0.9685
vn -0.6559 0.4988 0.5665
vn -0.9458 0.2553 0.2007
vn 0.5680 0.0886 0.8183
vn 0.5026 -0.2799 0.8179
vn -0.7750 0.5866 0.2352
vn -0.9321 0.3114 -0.1852
vn 0.8242 0.0506 0.5640
vn 0.7764 -0.3200 0.5429
vn -0.7601 0.6380 -0.1237
vn -0.7764 0.3200 -0.5430
vn 0.9709 0.0579 0.2322
vn 0.9321 -0.3113 0.1852
vn -0.6134 0.6453 -0.4554
vn -0.5026 0.2799 -0.8180
vn 0.9859 0.1094 -0.1266
vn 0.9458 -0.2553 -0.2007
vn -0.3571 0.6074 -0.7096
vn -0.1523 0.1972 -0.9685
vn 0.8669 0.1971 -0.4579
vn 0.8156 -0.1604 -0.5560
vn -0.0306 0.5299 -0.8475
vn 0.2213 0.0845 -0.9715
vn 0.6318 0.3080 -0.7113
vn 0.5611 -0.0410 -0.8267
vn 0.3167 0.4248 -0.8481
vn 0.8866 0.4612 -0.0358
vn 0.7950 0.5296 -0.2959
vn 0.6123 0.6160 -0.4955
vn 0.3664 0.7075 -0.6043
vn 0.0946 0.7901 -0.6056
vn -0.1616 0.8512 -0.4994
vn 0.8731 0.4214 0.2452
vn -0.3633 0.8815 -0.3017
vn 0.7566 0.4163 0.5042
vn -0.4798 0.8763 -0.0427
vn 0.5549 0.4466 0.7019
vn -0.4933 0.8366 0.2383
vn 0.2986 0.5078 0.8081
vn -0.4017 0.7683 0.4984
vn 0.0269 0.5903 0.8067
vn -0.2191 0.6818 0.6979
vn 0.5792 0.7272 0.3683
vn 0.4626 0.7451 0.4804
vn 0.2869 0.9465 0.1477
vn 0.6473 0.7297 0.2205
vn 0.3153 0.7804 0.5399
vn 0.6565 0.7520 0.0596
vn 0.1597 0.8280 0.5376
vn 0.6054 0.7908 -0.0900
vn 0.0195 0.8804 0.4738
vn 0.5018 0.8402 -0.2054
vn -0.0840 0.9298 0.3584
vn 0.3617 0.8926 -0.2691
vn -0.1350 0.9686 0.2088
vn 0.2058 0.9408 -0.2693
vn -0.1259 0.9909 0.0479
vn 0.0588 0.9755 -0.2120
vn -0.0577 0.9933 -0.0999
vn 0.5777 0.0867 0.8116
vn 0.7765 -0.3200 0.5429
vn 0.8309 0.0501 0.5542
vn 0.9321 -0.3114 0.1852
vn 0.2527 0.1631 0.9537
vn 0.9736 0.0589 0.2207
vn 0.9458 -0.2552 -0.2008
vn -0.0948 0.2675 0.9589
vn -0.2212 -0.0845 0.9716
vn 0.9841 0.1117 -0.1381
vn 0.8155 -0.1604 -0.5561
vn -0.4117 0.3842 0.8264
vn 0.8609 0.2005 -0.4676
vn -0.6500 0.4954 0.5763
vn 0.6226 0.3117 -0.7178
vn 0.2212 0.0845 -0.9716
vn -0.7732 0.5843 0.2467
vn 0.3056 0.4284 -0.8503
vn -0.1523 0.1971 -0.9685
vn -0.7627 0.6370 -0.1122
vn -0.0418 0.5329 -0.8451
vn -0.5026 0.2799 -0.8179
vn -0.6200 0.6458 -0.4456
vn -0.7764 0.3200 -0.5429
vn -0.3668 0.6093 -0.7030
vn -0.4904 0.8329 0.2564
vn -0.4839 0.8748 -0.0244
vn -0.3739 0.8822 -0.2862
vn -0.1769 0.8541 -0.4890
vn 0.0769 0.7949 -0.6019
vn 0.3489 0.7133 -0.6078
vn -0.3923 0.7630 0.5137
vn 0.5978 0.6220 -0.5057
vn -0.2045 0.6758 0.7082
vn 0.7856 0.5348 -0.3112
vn 0.0444 0.5844 0.8102
vn 0.8837 0.4649 -0.0540
vn 0.3164 0.5030 0.8043
vn 0.8772 0.4231 0.2269
vn 0.5702 0.4436 0.6914
vn 0.7671 0.4156 0.4887
vn 0.0341 0.8744 0.4840
vn 0.1772 0.8221 0.5410
vn -0.0746 0.9246 0.3737
vn 0.3331 0.7757 0.5361
vn -0.1322 0.9649 0.2269
vn 0.4779 0.7421 0.4700
vn -0.1300 0.9893 0.0661
vn 0.5897 0.7265 0.3528
vn -0.0683 0.9941 -0.0844
vn 0.6514 0.7313 0.2023
vn 0.0435 0.9785 -0.2016
vn 0.6536 0.7557 0.0414
vn 0.1884 0.9449 -0.2677
vn 0.5960 0.7961 -0.1053
vn 0.3442 0.8985 -0.2726
vn 0.4873 0.8462 -0.2156
vn -0.6226 -0.3117 0.7178
vn -0.3056 -0.4284 0.8503
vn -0.8609 -0.2006 0.4677
vn 0.0418 -0.5329 0.8451
vn -0.9841 -0.1117 0.1381
vn 0.3668 -0.6091 0.7031
vn -0.9736 -0.0589 -0.2207
vn 0.6199 -0.6458 0.4457
vn -0.8309 -0.0501 -0.5542
vn 0.7626 -0.6370 0.1122
vn -0.5778 -0.0867 -0.8116
vn 0.7732 -0.5843 -0.2467
vn -0.2526 -0.1631 -0.9537
vn 0.6499 -0.4955 -0.5763
vn 0.0949 -0.2675 -0.9589
vn 0.4118 -0.3843 -0.8263
vn -0.5702 -0.4437 -0.6914
vn -0.3164 -0.5029 -0.8043
vn -0.0444 -0.5845 -0.8102
vn 0.2045 -0.6758 -0.7081
vn 0.3923 -0.7630 -0.5137
vn 0.4904 -0.8329 -0.2564
vn -0.7671 -0.4156 -0.4887
vn 0.4839 -0.8748 0.0245
vn -0.8773 -0.4230 -0.2269
vn 0.3739 -0.8822 0.2862
vn -0.8837 -0.4649 0.0540
vn 0.1769 -0.8541 0.4890
vn -0.7856 -0.5348 0.3112
vn -0.0769 -0.7949 0.6019
vn -0.5978 -0.6220 0.5057
vn -0.3490 -0.7134 0.6077
vn -0.6514 -0.7313 -0.2023
vn -0.6536 -0.7557 -0.0414
vn -0.2868 -0.9466 -0.1476
vn -0.5897 -0.7265 -0.3527
vn -0.5960 -0.7961 0.1053
vn -0.4780 -0.7421 -0.4700
vn -0.4873 -0.8462 0.2156
vn -0.3331 -0.7757 -0.5361
vn -0.3441 -0.8985 0.2726
vn -0.1772 -0.8221 -0.5410
vn -0.1883 -0.9449 0.2677
vn -0.0340 -0.8744 -0.4840
vn -0.0435 -0.9785 0.2016
vn 0.0746 -0.9245 -0.3737
vn 0.0682 -0.9941 0.0844
vn 0.1322 -0.9649 -0.2270
vn 0.1300 -0.9893 -0.0662
vn 0.6133 -0.6453 0.4555
vn 0.3571 -0.6072 0.7097
vn 0.7600 -0.6381 0.1237
vn 0.0306 -0.5299 0.8475
vn 0.7750 -0.5866 -0.2352
vn -0.3167 -0.4247 0.8481
vn 0.6559 -0.4988 -0.5666
vn -0.6318 -0.3080 0.7113
vn 0.4209 -0.3881 -0.8199
vn -0.8668 -0.1971 0.4580
vn 0.1059 -0.2712 -0.9567
vn -0.9859 -0.1094 0.1266
vn -0.2415 -0.1661 -0.9561
vn -0.9709 -0.0579 -0.2323
vn -0.5681 -0.0886 -0.8182
vn -0.8241 -0.0506 -0.5641
vn -0.0269 -0.5903 -0.8067
vn -0.2986 -0.5077 -0.8081
vn -0.5548 -0.4466 -0.7019
vn -0.7566 -0.4163 -0.5042
vn -0.8731 -0.4214 -0.2452
vn -0.8866 -0.4612 0.0358
vn 0.2191 -0.6817 -0.6980
vn -0.7950 -0.5295 0.2959
vn 0.4017 -0.7683 -0.4983
vn -0.6123 -0.6160 0.4955
vn 0.4932 -0.8366 -0.2383
vn -0.3664 -0.7075 0.6043
vn 0.4798 -0.8763 0.0428
vn -0.0947 -0.7901 0.6056
vn 0.3633 -0.8815 0.3017
vn 0.1616 -0.8512 0.4994
vn 0.0841 -0.9298 -0.3584
vn 0.1350 -0.9686 -0.2088
vn -0.2869 -0.9465 -0.1476
vn -0.0195 -0.8804 -0.4738
vn 0.1258 -0.9909 -0.0479
vn -0.1597 -0.8280 -0.5375
vn 0.0577 -0.9933 0.0999
vn -0.3154 -0.7805 -0.5398
vn -0.0587 -0.9755 0.2120
vn -0.4626 -0.7451 -0.4804
vn -0.2062 -0.9401 0.2714
vn -0.5792 -0.7272 -0.3683
vn -0.3617 -0.8926 0.2691
vn -0.6473 -0.7297 -0.2205
vn -0.5019 -0.8402 0.2054
vn -0.6565 -0.7520 -0.0596
vn -0.6054 -0.7908 0.0899
vn 0.9423 -0.1764 0.2845
vn 0.3929 0.8662 0.3089
vn 0.8213 0.4250 0.3806
vn 0.7030 -0.7078 0.0696
vn -0.1832 0.9760 0.1176
vn 0.1940 -0.9654 -0.1743
vn -0.6872 0.7163 -0.1207
vn -0.3878 -0.8511 -0.3539
vn -0.9304 0.1871 -0.3152
vn -0.8191 -0.4116 -0.3996
vn 0.2014 -0.9659 -0.1626
vn -0.3770 -0.8583 -0.3482
vn 0.7040 -0.7060 0.0770
vn -0.8106 -0.4199 -0.4081
vn 0.9431 -0.1790 0.2802
vn -0.9303 0.1829 -0.3180
vn 0.8292 0.4179 0.3711
vn -0.6879 0.7171 -0.1121
vn -0.1775 0.9755 0.1299
vn -0.5851 0.7362 -0.3402
vn -0.0952 0.9905 -0.0996
vn -0.8144 0.2152 -0.5389
vn -0.6937 -0.3689 -0.6186
vn -0.7561 0.6483 0.0890
vn -0.2704 0.9028 0.3345
vn -0.4261 0.2396 0.8724
vn -0.9856 0.1295 -0.1088
vn -0.6320 0.1193 0.7658
vn -0.3633 -0.1869 0.9127
vn -0.8712 -0.4555 -0.1831
vn -0.7224 -0.1113 0.6825
vn -0.2731 -0.7900 -0.5489
vn -0.4566 -0.8834 -0.1056
vn -0.6626 -0.3641 0.6545
vn 0.2830 -0.8895 -0.3588
vn 0.0998 -0.9906 0.0940
vn -0.4755 -0.5426 0.6925
vn 0.7636 -0.6342 -0.1212
vn -0.2326 -0.5785 0.7818
vn 0.5855 -0.7361 0.3397
vn -0.0267 -0.4581 0.8885
vn 0.0490 -0.2479 0.9675
vn 0.8285 -0.2188 0.5155
vn 0.9897 -0.1221 0.0746
vn 0.0221 0.0096 0.9997
vn 0.8766 0.4556 0.1552
vn 0.6898 0.3561 0.6304
vn -0.1832 0.2037 0.9617
vn 0.2860 0.7956 0.5341
vn 0.4636 0.8815 0.0895
vn 0.4024 0.8598 0.3144
vt 0.653320 0.840332
vt 0.676758 0.825195
vt 0.676758 0.834961
vt 0.646484 0.830078
vt 0.636719 0.856934
vt 0.647461 0.806641
vt 0.676758 0.805664
vt 0.625977 0.854004
vt 0.624512 0.875488
vt 0.650879 0.777832
vt 0.676758 0.778809
vt 0.613281 0.872070
vt 0.617188 0.891602
vt 0.603516 0.889160
vt 0.610352 0.911621
vt 0.598145 0.868652
vt 0.609863 0.849609
vt 0.620117 0.832520
vt 0.656738 0.741211
vt 0.676758 0.745117
vt 0.596191 0.909668
vt 0.606934 0.930176
vt 0.653809 0.704590
vt 0.676758 0.709961
vt 0.594238 0.928711
vt 0.605469 0.947754
vt 0.655273 0.663086
vt 0.676758 0.665039
vt 0.593262 0.948242
vt 0.605957 0.963379
vt 0.655762 0.638672
vt 0.676758 0.641602
vt 0.594238 0.964355
vt 0.605957 0.984863
vt 0.594727 0.984863
vt 0.576660 0.984863
vt 0.574707 0.966309
vt 0.552246 0.984863
vt 0.553223 0.969727
vt 0.547363 0.959961
vt 0.573730 0.948730
vt 0.547363 0.943848
vt 0.539062 0.949219
vt 0.529785 0.936035
vt 0.574707 0.928223
vt 0.550781 0.925293
vt 0.576660 0.907715
vt 0.529297 0.921875
vt 0.517578 0.921387
vt 0.554199 0.904785
vt 0.584473 0.887695
vt 0.531738 0.901367
vt 0.558105 0.882812
vt 0.559570 0.859863
vt 0.583984 0.864258
vt 0.534668 0.881348
vt 0.510742 0.900879
vt 0.582031 0.844727
vt 0.510742 0.921387
vt 0.518066 0.937500
vt 0.510254 0.937500
vt 0.508301 0.937500
vt 0.508789 0.920898
vt 0.499268 0.937500
vt 0.608398 0.831543
vt 0.499512 0.921387
vt 0.497070 0.937500
vt 0.623535 0.808105
vt 0.627930 0.777344
vt 0.497559 0.920898
vt 0.482910 0.937500
vt 0.483154 0.921387
vt 0.497803 0.900879
vt 0.500000 0.900879
vt 0.605957 0.806152
vt 0.631348 0.738281
vt 0.509277 0.900391
vt 0.607910 0.776855
vt 0.634277 0.701172
vt 0.511719 0.880859
vt 0.635254 0.662598
vt 0.634277 0.638184
vt 0.585449 0.770020
vt 0.611328 0.735352
vt 0.613281 0.700195
vt 0.612793 0.661133
vt 0.584961 0.733398
vt 0.586914 0.698730
vt 0.614746 0.638672
vt 0.583984 0.801270
vt 0.559082 0.733887
vt 0.588867 0.663574
vt 0.582520 0.825684
vt 0.558594 0.767090
vt 0.558594 0.702148
vt 0.558594 0.795410
vt 0.558594 0.820801
vt 0.533203 0.736328
vt 0.533203 0.765625
vt 0.558594 0.840820
vt 0.533203 0.792969
vt 0.531738 0.816895
vt 0.533691 0.837891
vt 0.534180 0.857422
vt 0.510254 0.856934
vt 0.508789 0.836914
vt 0.506836 0.816406
vt 0.507812 0.793945
vt 0.507812 0.768555
vt 0.509277 0.880859
vt 0.508301 0.857422
vt 0.506836 0.836914
vt 0.504395 0.816406
vt 0.499023 0.880371
vt 0.498291 0.856934
vt 0.497559 0.836426
vt 0.496094 0.879883
vt 0.495605 0.856934
vt 0.468506 0.880371
vt 0.494629 0.836914
vt 0.495361 0.816406
vt 0.470703 0.900879
vt 0.467529 0.857422
vt 0.441895 0.859375
vt 0.492676 0.816895
vt 0.465820 0.838379
vt 0.444092 0.881836
vt 0.471191 0.921387
vt 0.468994 0.935547
vt 0.447021 0.903320
vt 0.449707 0.924316
vt 0.450684 0.942871
vt 0.458984 0.948242
vt 0.450684 0.958984
vt 0.424561 0.926270
vt 0.424316 0.906250
vt 0.424561 0.947266
vt 0.420654 0.885742
vt 0.422852 0.965820
vt 0.444092 0.969238
vt 0.445557 0.984863
vt 0.421387 0.984863
vt 0.403809 0.964355
vt 0.402100 0.984863
vt 0.390625 0.984863
vt 0.392578 0.964355
vt 0.405273 0.947754
vt 0.393311 0.948242
vt 0.406006 0.927734
vt 0.393555 0.929688
vt 0.406250 0.908203
vt 0.392822 0.911621
vt 0.403076 0.888184
vt 0.389893 0.892090
vt 0.395508 0.871094
vt 0.384521 0.875977
vt 0.408691 0.867188
vt 0.382812 0.855957
vt 0.373535 0.860352
vt 0.421387 0.862305
vt 0.366699 0.834961
vt 0.360352 0.846191
vt 0.397949 0.849609
vt 0.420410 0.844727
vt 0.343262 0.835449
vt 0.343262 0.844727
vt 0.363770 0.811523
vt 0.343262 0.814453
vt 0.388184 0.833984
vt 0.398193 0.832031
vt 0.440186 0.841309
vt 0.463867 0.818848
vt 0.437988 0.821777
vt 0.493164 0.793945
vt 0.362549 0.782227
vt 0.343262 0.786621
vt 0.384033 0.811035
vt 0.382080 0.779297
vt 0.361328 0.743652
vt 0.343262 0.751465
vt 0.464355 0.794922
vt 0.496338 0.793457
vt 0.398926 0.807617
vt 0.382080 0.739258
vt 0.362793 0.695801
vt 0.343262 0.705078
vt 0.493652 0.768555
vt 0.505371 0.793457
vt 0.496582 0.768066
vt 0.505859 0.768066
vt 0.382812 0.694824
vt 0.363525 0.660156
vt 0.343262 0.663086
vt 0.496826 0.739746
vt 0.507812 0.738770
vt 0.505859 0.738770
vt 0.507324 0.705078
vt 0.384521 0.658203
vt 0.364990 0.636230
vt 0.343262 0.638672
vt 0.533691 0.704102
vt 0.381348 0.635742
vt 0.363525 0.615234
vt 0.343262 0.615723
vt 0.343262 0.609863
vt 0.362793 0.609863
vt 0.376953 0.615234
vt 0.377197 0.610352
vt 0.395508 0.613770
vt 0.393799 0.608887
vt 0.399902 0.635742
vt 0.413086 0.614258
vt 0.411621 0.609375
vt 0.421143 0.609375
vt 0.404297 0.658691
vt 0.416992 0.636230
vt 0.423584 0.658203
vt 0.406250 0.694336
vt 0.427979 0.637207
vt 0.422607 0.614746
vt 0.433594 0.614746
vt 0.431885 0.609375
vt 0.438965 0.638184
vt 0.460693 0.614258
vt 0.458008 0.609375
vt 0.464844 0.640137
vt 0.481445 0.615234
vt 0.479736 0.609375
vt 0.444092 0.661621
vt 0.468994 0.664551
vt 0.486328 0.642090
vt 0.490967 0.615723
vt 0.493896 0.610352
vt 0.487061 0.642090
vt 0.494873 0.642578
vt 0.496826 0.633789
vt 0.499756 0.654297
vt 0.492432 0.666504
vt 0.499512 0.665527
vt 0.501465 0.637695
vt 0.490967 0.666504
vt 0.470459 0.702148
vt 0.504883 0.642578
vt 0.506348 0.609863
vt 0.446533 0.699219
vt 0.509766 0.614746
vt 0.520996 0.609375
vt 0.519043 0.614746
vt 0.544434 0.610352
vt 0.427002 0.695801
vt 0.515137 0.642578
vt 0.542969 0.615723
vt 0.572266 0.610352
vt 0.541504 0.642090
vt 0.570801 0.615234
vt 0.593262 0.616211
vt 0.594238 0.610840
vt 0.565918 0.641602
vt 0.604980 0.615723
vt 0.607422 0.610352
vt 0.590820 0.639648
vt 0.618652 0.615723
vt 0.620117 0.610352
vt 0.535645 0.668457
vt 0.561035 0.667480
vt 0.634277 0.615723
vt 0.635254 0.609863
vt 0.655273 0.615723
vt 0.656250 0.610352
vt 0.676758 0.618164
vt 0.676758 0.611816
vt 0.512207 0.667480
vt 0.505371 0.704590
vt 0.510254 0.667969
vt 0.497314 0.705566
vt 0.500977 0.666504
vt 0.499023 0.687500
vt 0.497803 0.687012
vt 0.494141 0.739746
vt 0.496338 0.687012
vt 0.495361 0.705078
vt 0.495117 0.687012
vt 0.468506 0.738281
vt 0.465332 0.770020
vt 0.443604 0.737305
vt 0.438477 0.798828
vt 0.440430 0.770020
vt 0.424561 0.735352
vt 0.418457 0.826172
vt 0.417725 0.802734
vt 0.419678 0.772461
vt 0.403320 0.736816
vt 0.399658 0.777344
vt 0.067444 0.985840
vt 0.055359 0.982422
vt 0.055939 0.968750
vt 0.067261 0.971680
vt 0.057587 0.949219
vt 0.088135 0.973145
vt 0.086853 0.987793
vt 0.111389 0.987305
vt 0.068481 0.953613
vt 0.059692 0.927734
vt 0.111511 0.968262
vt 0.119324 0.971191
vt 0.135376 0.957520
vt 0.069153 0.930664
vt 0.060425 0.904785
vt 0.087219 0.954590
vt 0.114014 0.947266
vt 0.068237 0.905273
vt 0.060059 0.877930
vt 0.087891 0.930664
vt 0.146484 0.937500
vt 0.149170 0.951660
vt 0.169922 0.949219
vt 0.069214 0.876953
vt 0.055969 0.851562
vt 0.064148 0.846191
vt 0.040802 0.834473
vt 0.086853 0.905762
vt 0.112183 0.924316
vt 0.086609 0.876953
vt 0.109863 0.900879
vt 0.041931 0.821777
vt 0.015869 0.824219
vt 0.017761 0.815430
vt 0.019531 0.796875
vt 0.141968 0.915527
vt 0.138306 0.894531
vt 0.168579 0.892090
vt 0.169189 0.935547
vt 0.112122 0.873535
vt 0.168701 0.913086
vt 0.191895 0.937988
vt 0.190552 0.952637
vt 0.204346 0.958496
vt 0.194946 0.916016
vt 0.140259 0.871582
vt 0.118530 0.846680
vt 0.145630 0.845215
vt 0.089722 0.846680
vt 0.117737 0.816895
vt 0.091553 0.814941
vt 0.068115 0.809082
vt 0.043701 0.801270
vt 0.045135 0.775879
vt 0.021408 0.772949
vt 0.068420 0.778809
vt 0.092407 0.782715
vt 0.045868 0.740234
vt 0.020813 0.739746
vt 0.020828 0.705078
vt 0.070496 0.742188
vt 0.047821 0.701660
vt 0.019196 0.660156
vt 0.094360 0.744141
vt 0.118164 0.784180
vt 0.073303 0.700684
vt 0.046906 0.653809
vt 0.019836 0.635742
vt 0.120056 0.743652
vt 0.096558 0.701660
vt 0.076477 0.651855
vt 0.048248 0.632324
vt 0.018661 0.612793
vt 0.047241 0.612793
vt 0.019058 0.606445
vt 0.052612 0.606934
vt 0.077271 0.631348
vt 0.077209 0.612793
vt 0.075867 0.606934
vt 0.099731 0.652344
vt 0.119934 0.704102
vt 0.097229 0.612793
vt 0.096252 0.606934
vt 0.098572 0.631348
vt 0.118896 0.612305
vt 0.117493 0.606934
vt 0.122437 0.653320
vt 0.120911 0.632812
vt 0.145996 0.744141
vt 0.142578 0.612793
vt 0.140503 0.606445
vt 0.156738 0.607422
vt 0.147705 0.704102
vt 0.173096 0.743652
vt 0.144531 0.784668
vt 0.144409 0.633789
vt 0.145874 0.655762
vt 0.157471 0.613281
vt 0.145264 0.816895
vt 0.172241 0.613770
vt 0.172119 0.607422
vt 0.168945 0.635254
vt 0.190308 0.613770
vt 0.190430 0.607422
vt 0.172119 0.783203
vt 0.172363 0.815918
vt 0.204590 0.613281
vt 0.205200 0.606934
vt 0.198853 0.634277
vt 0.223145 0.613281
vt 0.223389 0.607422
vt 0.245972 0.614258
vt 0.247192 0.608887
vt 0.171997 0.845215
vt 0.173096 0.656738
vt 0.223999 0.633301
vt 0.271973 0.614258
vt 0.271729 0.607910
vt 0.173218 0.704102
vt 0.200073 0.657227
vt 0.246094 0.631836
vt 0.295654 0.614258
vt 0.296387 0.608398
vt 0.198486 0.703613
vt 0.223755 0.655762
vt 0.272217 0.630859
vt 0.327881 0.613770
vt 0.327637 0.608398
vt 0.296387 0.631348
vt 0.325439 0.634766
vt 0.244995 0.652344
vt 0.226196 0.702148
vt 0.271240 0.651367
vt 0.297119 0.652832
vt 0.325195 0.657715
vt 0.250977 0.700684
vt 0.200928 0.743652
vt 0.300537 0.696289
vt 0.325439 0.697266
vt 0.274170 0.699219
vt 0.227905 0.745117
vt 0.202148 0.782715
vt 0.304199 0.737793
vt 0.326416 0.738770
vt 0.325439 0.770996
vt 0.276855 0.740234
vt 0.252441 0.743164
vt 0.303711 0.772949
vt 0.326172 0.795410
vt 0.226685 0.783203
vt 0.199829 0.815918
vt 0.277832 0.777832
vt 0.254639 0.781738
vt 0.303223 0.798828
vt 0.226562 0.815430
vt 0.199219 0.845215
vt 0.276611 0.808105
vt 0.302979 0.820801
vt 0.279541 0.844727
vt 0.326660 0.813965
vt 0.327637 0.821777
vt 0.303955 0.832031
vt 0.287598 0.850586
vt 0.254639 0.812988
vt 0.254395 0.845703
vt 0.272949 0.876953
vt 0.281494 0.876953
vt 0.225220 0.845215
vt 0.253418 0.876953
vt 0.271973 0.906250
vt 0.279785 0.906250
vt 0.229492 0.874512
vt 0.252441 0.905273
vt 0.269775 0.932617
vt 0.279541 0.929688
vt 0.229492 0.903320
vt 0.250977 0.932617
vt 0.202881 0.873535
vt 0.269043 0.957031
vt 0.280518 0.954102
vt 0.199585 0.895020
vt 0.171143 0.871094
vt 0.225342 0.924805
vt 0.224365 0.947754
vt 0.250244 0.957031
vt 0.227783 0.968262
vt 0.220459 0.972168
vt 0.228149 0.987793
vt 0.249756 0.976074
vt 0.251465 0.990234
vt 0.270752 0.991211
vt 0.270508 0.977051
vt 0.281982 0.975098
vt 0.282471 0.990234
vt 0.855469 0.634766
vt 0.855469 0.612305
vt 0.869629 0.612305
vt 0.868652 0.634766
vt 0.855469 0.660645
vt 0.892578 0.612305
vt 0.867676 0.659668
vt 0.855469 0.687500
vt 0.892578 0.636230
vt 0.866211 0.687012
vt 0.855469 0.707520
vt 0.916016 0.636719
vt 0.915527 0.612305
vt 0.891113 0.658691
vt 0.867188 0.707520
vt 0.855469 0.729004
vt 0.916016 0.659668
vt 0.938965 0.636230
vt 0.937500 0.612305
vt 0.891113 0.687012
vt 0.868164 0.729004
vt 0.855469 0.749512
vt 0.915527 0.687012
vt 0.938965 0.659180
vt 0.959473 0.637207
vt 0.959473 0.612305
vt 0.892090 0.708984
vt 0.867676 0.749512
vt 0.855469 0.766602
vt 0.916504 0.709473
vt 0.937988 0.687500
vt 0.959961 0.660645
vt 0.979492 0.638184
vt 0.979004 0.612305
vt 0.987305 0.612305
vt 0.987305 0.638184
vt 0.979004 0.664551
vt 0.987305 0.665527
vt 0.979492 0.689941
vt 0.987305 0.690430
vt 0.959961 0.688477
vt 0.979492 0.712402
vt 0.987305 0.712891
vt 0.959961 0.710449
vt 0.978516 0.731934
vt 0.987305 0.731934
vt 0.937988 0.709473
vt 0.959473 0.731445
vt 0.978516 0.749512
vt 0.987305 0.749512
vt 0.938965 0.731445
vt 0.960938 0.749023
vt 0.979004 0.766602
vt 0.987305 0.766602
vt 0.918457 0.731445
vt 0.942383 0.748535
vt 0.962402 0.766113
vt 0.979004 0.782715
vt 0.987305 0.782227
vt 0.892578 0.730957
vt 0.923340 0.749023
vt 0.943848 0.766113
vt 0.895996 0.749512
vt 0.925293 0.765625
vt 0.962891 0.782227
vt 0.979004 0.799316
vt 0.987305 0.798828
vt 0.899414 0.765137
vt 0.945312 0.781738
vt 0.962891 0.798828
vt 0.978516 0.817383
vt 0.987305 0.816895
vt 0.945801 0.797852
vt 0.926758 0.781250
vt 0.868164 0.765625
vt 0.855469 0.780762
vt 0.961914 0.817383
vt 0.978027 0.839355
vt 0.987305 0.838867
vt 0.927734 0.797363
vt 0.899414 0.780762
vt 0.868164 0.780762
vt 0.855469 0.796387
vt 0.867188 0.796387
vt 0.855469 0.810059
vt 0.898438 0.796875
vt 0.866211 0.812012
vt 0.855469 0.829102
vt 0.944336 0.817383
vt 0.925781 0.815918
vt 0.865723 0.830566
vt 0.855469 0.849609
vt 0.897461 0.814941
vt 0.959961 0.838867
vt 0.866211 0.852539
vt 0.855469 0.872559
vt 0.941406 0.838379
vt 0.894531 0.833984
vt 0.921875 0.836426
vt 0.978027 0.862305
vt 0.987305 0.862305
vt 0.867676 0.875488
vt 0.855469 0.899414
vt 0.958008 0.861816
vt 0.978516 0.887207
vt 0.987305 0.887207
vt 0.889648 0.855957
vt 0.916016 0.858398
vt 0.937012 0.860840
vt 0.868164 0.902344
vt 0.855469 0.927734
vt 0.959473 0.886230
vt 0.979004 0.912109
vt 0.987305 0.911133
vt 0.889648 0.880371
vt 0.915039 0.882324
vt 0.937988 0.885254
vt 0.868652 0.927246
vt 0.855469 0.953613
vt 0.958984 0.912109
vt 0.978516 0.932617
vt 0.987305 0.931152
vt 0.891113 0.905762
vt 0.915527 0.907227
vt 0.937500 0.910156
vt 0.958496 0.933594
vt 0.979492 0.955078
vt 0.987305 0.955078
vt 0.937500 0.932129
vt 0.915527 0.930664
vt 0.958496 0.955566
vt 0.978516 0.980957
vt 0.987305 0.980957
vt 0.958008 0.980957
vt 0.937012 0.956055
vt 0.935547 0.980957
vt 0.914062 0.956055
vt 0.912598 0.980957
vt 0.891113 0.929688
vt 0.891113 0.955078
vt 0.889160 0.980957
vt 0.867188 0.980957
vt 0.867676 0.955078
vt 0.855469 0.980957
vt 0.017883 0.525391
vt 0.038025 0.513184
vt 0.037964 0.525391
vt 0.026688 0.532227
vt 0.017624 0.527832
vt 0.016525 0.530273
vt 0.027588 0.543457
vt 0.038055 0.537109
vt 0.040192 0.527832
vt 0.037872 0.557617
vt 0.513184 0.124329
vt 0.528809 0.092896
vt 0.528809 0.123230
vt 0.509277 0.095825
vt 0.499268 0.128052
vt 0.506836 0.070496
vt 0.528809 0.063599
vt 0.492188 0.111572
vt 0.486572 0.138306
vt 0.499268 0.024368
vt 0.528809 0.024368
vt 0.485107 0.074890
vt 0.498535 0.016037
vt 0.528809 0.015915
vt 0.477051 0.016037
vt 0.477783 0.024368
vt 0.455811 0.016037
vt 0.456299 0.024368
vt 0.436768 0.016037
vt 0.460449 0.072144
vt 0.437256 0.024368
vt 0.417725 0.016037
vt 0.418213 0.024368
vt 0.397949 0.016037
vt 0.442383 0.066101
vt 0.459717 0.104980
vt 0.398682 0.024368
vt 0.366455 0.016037
vt 0.418457 0.062805
vt 0.366455 0.024368
vt 0.339600 0.016037
vt 0.473877 0.131958
vt 0.473145 0.159058
vt 0.444336 0.102234
vt 0.394531 0.063538
vt 0.339355 0.024368
vt 0.310059 0.016037
vt 0.462158 0.156006
vt 0.467773 0.180298
vt 0.446289 0.125732
vt 0.416260 0.096436
vt 0.364990 0.062927
vt 0.309814 0.024368
vt 0.292236 0.016037
vt 0.389648 0.096863
vt 0.360107 0.109924
vt 0.337646 0.061066
vt 0.413574 0.116455
vt 0.292725 0.024368
vt 0.278320 0.016068
vt 0.309814 0.061401
vt 0.278320 0.059906
vt 0.278320 0.024368
vt 0.261230 0.016113
vt 0.260254 0.024368
vt 0.241577 0.016113
vt 0.333984 0.104736
vt 0.240967 0.024368
vt 0.207520 0.016113
vt 0.241821 0.058411
vt 0.239746 0.099609
vt 0.207031 0.060913
vt 0.207275 0.024368
vt 0.174316 0.016113
vt 0.304932 0.103394
vt 0.173828 0.024368
vt 0.161499 0.024368
vt 0.162109 0.016113
vt 0.146362 0.016113
vt 0.278320 0.100647
vt 0.173950 0.061523
vt 0.173828 0.105164
vt 0.206665 0.099548
vt 0.147461 0.024368
vt 0.133057 0.016113
vt 0.140991 0.060547
vt 0.134888 0.024368
vt 0.110046 0.016113
vt 0.110718 0.024368
vt 0.075012 0.016113
vt 0.108154 0.064575
vt 0.075989 0.024368
vt 0.041016 0.016113
vt 0.206055 0.137329
vt 0.135620 0.103088
vt 0.075684 0.065857
vt 0.041656 0.024368
vt 0.007610 0.016113
vt 0.007610 0.024368
vt 0.037262 0.063843
vt 0.007610 0.067078
vt 0.037109 0.110779
vt 0.007610 0.107849
vt 0.007610 0.133545
vt 0.031738 0.131958
vt 0.072144 0.121460
vt 0.049927 0.140503
vt 0.103455 0.111511
vt 0.083130 0.148315
vt 0.065857 0.154785
vt 0.114319 0.140747
vt 0.098389 0.172485
vt 0.084351 0.178223
vt 0.137451 0.134399
vt 0.103271 0.191284
vt 0.090088 0.195557
vt 0.115295 0.166626
vt 0.105469 0.216919
vt 0.092224 0.220459
vt 0.118591 0.191895
vt 0.139404 0.166626
vt 0.152832 0.135742
vt 0.170898 0.137451
vt 0.170776 0.171509
vt 0.102722 0.255615
vt 0.090210 0.252197
vt 0.086060 0.276367
vt 0.137695 0.200073
vt 0.120361 0.214722
vt 0.170044 0.211304
vt 0.119690 0.253174
vt 0.138184 0.212769
vt 0.138062 0.250488
vt 0.207153 0.172852
vt 0.204834 0.207031
vt 0.169922 0.246704
vt 0.219238 0.137695
vt 0.235474 0.134033
vt 0.233887 0.171265
vt 0.278564 0.138916
vt 0.301025 0.142090
vt 0.278320 0.178467
vt 0.233521 0.207520
vt 0.330322 0.142822
vt 0.298584 0.179932
vt 0.354004 0.147949
vt 0.203613 0.248291
vt 0.278564 0.209351
vt 0.325195 0.180298
vt 0.235596 0.252686
vt 0.295898 0.210571
vt 0.278320 0.253418
vt 0.199341 0.275391
vt 0.218872 0.275879
vt 0.170776 0.275879
vt 0.140137 0.276367
vt 0.118591 0.281006
vt 0.105530 0.286377
vt 0.082581 0.291016
vt 0.071716 0.286133
vt 0.056335 0.295410
vt 0.082825 0.295166
vt 0.117676 0.295166
vt 0.122803 0.290771
vt 0.140747 0.289795
vt 0.168701 0.290283
vt 0.193726 0.289551
vt 0.207886 0.290283
vt 0.222412 0.290283
vt 0.236694 0.275635
vt 0.240479 0.290039
vt 0.278320 0.276123
vt 0.266602 0.290283
vt 0.286377 0.289551
vt 0.297852 0.276123
vt 0.324463 0.289307
vt 0.297363 0.251465
vt 0.322754 0.275879
vt 0.351807 0.289307
vt 0.324463 0.211426
vt 0.323486 0.249634
vt 0.348877 0.274902
vt 0.378174 0.289307
vt 0.352051 0.180786
vt 0.352051 0.211426
vt 0.351318 0.248169
vt 0.376465 0.274658
vt 0.405029 0.289307
vt 0.379395 0.210693
vt 0.383545 0.156738
vt 0.377197 0.248047
vt 0.404785 0.272705
vt 0.432373 0.289307
vt 0.381592 0.184448
vt 0.385742 0.128296
vt 0.410400 0.162964
vt 0.408936 0.189941
vt 0.409668 0.213867
vt 0.406738 0.245972
vt 0.430664 0.271484
vt 0.387207 0.114807
vt 0.412842 0.134644
vt 0.434814 0.170166
vt 0.438477 0.146362
vt 0.457520 0.175049
vt 0.433105 0.194214
vt 0.454590 0.197632
vt 0.467773 0.200073
vt 0.467773 0.223999
vt 0.452148 0.219360
vt 0.467773 0.249023
vt 0.432861 0.215576
vt 0.432373 0.244873
vt 0.450684 0.246338
vt 0.467773 0.271240
vt 0.449951 0.270508
vt 0.450928 0.289307
vt 0.467773 0.289307
vt 0.699219 0.963867
vt 0.712402 0.982422
vt 0.699219 0.982422
vt 0.709473 0.963867
vt 0.699219 0.936523
vt 0.733398 0.982422
vt 0.708008 0.937988
vt 0.699219 0.912598
vt 0.731445 0.960449
vt 0.708008 0.912598
vt 0.699219 0.893066
vt 0.754395 0.958984
vt 0.754395 0.982422
vt 0.730469 0.938965
vt 0.708496 0.891602
vt 0.699219 0.871582
vt 0.777344 0.958496
vt 0.776367 0.982422
vt 0.800293 0.982422
vt 0.753418 0.937500
vt 0.731445 0.910156
vt 0.709473 0.870605
vt 0.699219 0.851562
vt 0.777344 0.937012
vt 0.798340 0.959961
vt 0.824219 0.982422
vt 0.754883 0.908691
vt 0.731934 0.887695
vt 0.709473 0.851074
vt 0.699219 0.833984
vt 0.778320 0.907227
vt 0.799316 0.937988
vt 0.822754 0.959961
vt 0.756836 0.886719
vt 0.733398 0.867676
vt 0.779297 0.886230
vt 0.833008 0.959473
vt 0.833008 0.982422
vt 0.833008 0.933105
vt 0.823242 0.933594
vt 0.833008 0.906250
vt 0.800293 0.906250
vt 0.823730 0.906738
vt 0.833008 0.882324
vt 0.801758 0.885254
vt 0.822754 0.884277
vt 0.833008 0.863281
vt 0.822754 0.863281
vt 0.833008 0.844238
vt 0.800781 0.862793
vt 0.823242 0.844727
vt 0.833008 0.826660
vt 0.779297 0.863281
vt 0.823242 0.826660
vt 0.833008 0.811523
vt 0.801758 0.844238
vt 0.757812 0.864746
vt 0.823242 0.811523
vt 0.833008 0.797363
vt 0.802734 0.827148
vt 0.780273 0.844727
vt 0.759277 0.846191
vt 0.780273 0.828125
vt 0.734375 0.848145
vt 0.757812 0.829102
vt 0.802246 0.812012
vt 0.823242 0.796875
vt 0.833008 0.780762
vt 0.734375 0.831543
vt 0.779785 0.812500
vt 0.801758 0.796387
vt 0.822754 0.779785
vt 0.833008 0.759766
vt 0.780762 0.796875
vt 0.757324 0.813477
vt 0.710938 0.833496
vt 0.699219 0.817871
vt 0.824707 0.759277
vt 0.833008 0.736328
vt 0.803711 0.778320
vt 0.759277 0.797363
vt 0.733398 0.814941
vt 0.710938 0.817383
vt 0.699219 0.799316
vt 0.710938 0.798828
vt 0.699219 0.782715
vt 0.732910 0.797852
vt 0.709961 0.780762
vt 0.699219 0.761230
vt 0.783203 0.778320
vt 0.761719 0.779297
vt 0.711426 0.760742
vt 0.699219 0.739746
vt 0.735352 0.779785
vt 0.806152 0.758301
vt 0.712402 0.737793
vt 0.699219 0.717285
vt 0.785156 0.758301
vt 0.737305 0.759766
vt 0.762695 0.759277
vt 0.825195 0.735840
vt 0.833008 0.709961
vt 0.714844 0.715820
vt 0.699219 0.689941
vt 0.806152 0.735352
vt 0.825684 0.708984
vt 0.833008 0.684082
vt 0.785645 0.735352
vt 0.738281 0.737305
vt 0.764160 0.737305
vt 0.717285 0.688965
vt 0.699219 0.662598
vt 0.826172 0.682617
vt 0.833008 0.662598
vt 0.806641 0.708984
vt 0.786621 0.709961
vt 0.738770 0.711914
vt 0.765625 0.711914
vt 0.717773 0.663574
vt 0.699219 0.634766
vt 0.806641 0.681641
vt 0.785645 0.682129
vt 0.740723 0.687012
vt 0.766113 0.684082
vt 0.824219 0.660645
vt 0.833008 0.639160
vt 0.806152 0.658203
vt 0.825195 0.636230
vt 0.833008 0.611816
vt 0.825684 0.611816
vt 0.805664 0.632812
vt 0.804688 0.611816
vt 0.785645 0.670898
vt 0.764648 0.659180
vt 0.785645 0.658203
vt 0.784668 0.630859
vt 0.782227 0.611816
vt 0.762695 0.631348
vt 0.761230 0.611816
vt 0.741211 0.662109
vt 0.740723 0.633789
vt 0.739746 0.611816
vt 0.716797 0.611816
vt 0.717773 0.634766
vt 0.699219 0.611816
vt 0.032166 0.410400
vt 0.018005 0.409180
vt 0.018005 0.379883
vt 0.037018 0.381836
vt 0.045380 0.417480
vt 0.045746 0.352783
vt 0.018005 0.351807
vt 0.056763 0.391113
vt 0.061005 0.429443
vt 0.047607 0.312744
vt 0.018005 0.312256
vt 0.018005 0.305420
vt 0.048462 0.305420
vt 0.062378 0.312988
vt 0.063293 0.305420
vt 0.064270 0.357422
vt 0.079773 0.313477
vt 0.080933 0.305420
vt 0.086365 0.358643
vt 0.095337 0.312744
vt 0.095947 0.305420
vt 0.114807 0.312500
vt 0.114746 0.305420
vt 0.126709 0.312500
vt 0.126587 0.305420
vt 0.135376 0.305420
vt 0.110596 0.357422
vt 0.135376 0.354492
vt 0.134521 0.312744
vt 0.145386 0.305420
vt 0.083557 0.395508
vt 0.143799 0.312988
vt 0.161499 0.312988
vt 0.163452 0.305420
vt 0.190674 0.312744
vt 0.193481 0.305420
vt 0.073914 0.422363
vt 0.097351 0.422363
vt 0.072388 0.449463
vt 0.104553 0.395020
vt 0.081909 0.447998
vt 0.074219 0.469727
vt 0.159424 0.355957
vt 0.135742 0.389160
vt 0.219727 0.312744
vt 0.220459 0.305420
vt 0.191162 0.353271
vt 0.164429 0.385986
vt 0.245605 0.312744
vt 0.245361 0.305420
vt 0.222412 0.349609
vt 0.267578 0.313232
vt 0.267578 0.305420
vt 0.135254 0.406738
vt 0.132812 0.428467
vt 0.192139 0.398682
vt 0.164795 0.402588
vt 0.245728 0.344727
vt 0.285400 0.313965
vt 0.284424 0.305420
vt 0.301514 0.305420
vt 0.106140 0.440918
vt 0.088379 0.468506
vt 0.219360 0.397949
vt 0.190918 0.442871
vt 0.267578 0.344971
vt 0.109314 0.462402
vt 0.090637 0.487549
vt 0.074219 0.488525
vt 0.074219 0.511719
vt 0.111450 0.484863
vt 0.093628 0.509277
vt 0.074219 0.535156
vt 0.267578 0.365234
vt 0.244263 0.368896
vt 0.246582 0.393311
vt 0.222046 0.438232
vt 0.305176 0.376709
vt 0.267578 0.394775
vt 0.248291 0.433105
vt 0.301270 0.351807
vt 0.301270 0.313965
vt 0.322266 0.313965
vt 0.321045 0.305420
vt 0.343018 0.305420
vt 0.307861 0.396484
vt 0.322510 0.391357
vt 0.347900 0.350098
vt 0.343750 0.313965
vt 0.381348 0.313965
vt 0.380859 0.305420
vt 0.267578 0.432617
vt 0.394775 0.313965
vt 0.395508 0.305420
vt 0.410400 0.305420
vt 0.378662 0.351562
vt 0.309570 0.428955
vt 0.350830 0.384033
vt 0.333008 0.426270
vt 0.312012 0.462646
vt 0.267578 0.465820
vt 0.249512 0.466064
vt 0.220947 0.469238
vt 0.376221 0.384766
vt 0.353027 0.417969
vt 0.406982 0.350098
vt 0.409180 0.313965
vt 0.436035 0.313965
vt 0.438232 0.305420
vt 0.467285 0.313965
vt 0.468018 0.305420
vt 0.498535 0.313965
vt 0.499023 0.305420
vt 0.527832 0.313965
vt 0.527832 0.305420
vt 0.494141 0.352539
vt 0.527832 0.356445
vt 0.465820 0.352295
vt 0.492432 0.400391
vt 0.527832 0.396973
vt 0.527832 0.422363
vt 0.506836 0.421875
vt 0.471924 0.409668
vt 0.490967 0.427002
vt 0.433594 0.351318
vt 0.458496 0.433105
vt 0.479492 0.438232
vt 0.406982 0.386963
vt 0.435791 0.397217
vt 0.456055 0.452148
vt 0.469482 0.460449
vt 0.438232 0.421631
vt 0.377197 0.416260
vt 0.454346 0.472412
vt 0.469482 0.478516
vt 0.469482 0.501465
vt 0.434814 0.445557
vt 0.406982 0.417236
vt 0.408447 0.446045
vt 0.378418 0.447266
vt 0.434814 0.473145
vt 0.453857 0.499023
vt 0.355957 0.457031
vt 0.341064 0.458740
vt 0.350342 0.490234
vt 0.312988 0.495361
vt 0.385010 0.484619
vt 0.413086 0.479004
vt 0.434814 0.494629
vt 0.415527 0.490967
vt 0.436523 0.533691
vt 0.416260 0.531250
vt 0.386475 0.524414
vt 0.267578 0.496338
vt 0.352295 0.526855
vt 0.456787 0.538086
vt 0.469482 0.535156
vt 0.469482 0.562988
vt 0.250488 0.496338
vt 0.310791 0.533203
vt 0.267578 0.532227
vt 0.433105 0.563965
vt 0.453857 0.574707
vt 0.414795 0.560059
vt 0.479248 0.579102
vt 0.488281 0.573242
vt 0.503418 0.583496
vt 0.471436 0.583496
vt 0.438232 0.583496
vt 0.432373 0.576660
vt 0.413818 0.569824
vt 0.384277 0.569824
vt 0.384521 0.558594
vt 0.369141 0.569824
vt 0.369873 0.557129
vt 0.355225 0.569824
vt 0.354736 0.558105
vt 0.328369 0.569824
vt 0.327148 0.558105
vt 0.304199 0.569824
vt 0.307373 0.556641
vt 0.283203 0.569824
vt 0.267578 0.555176
vt 0.258057 0.569824
vt 0.251465 0.533203
vt 0.252441 0.555176
vt 0.226807 0.569824
vt 0.221924 0.498535
vt 0.221924 0.533691
vt 0.222534 0.556641
vt 0.191406 0.472412
vt 0.197144 0.557617
vt 0.198242 0.569824
vt 0.193726 0.499512
vt 0.196899 0.533691
vt 0.171265 0.558594
vt 0.167603 0.569824
vt 0.163086 0.501465
vt 0.166504 0.532715
vt 0.137451 0.557617
vt 0.136230 0.569824
vt 0.137207 0.531738
vt 0.114807 0.557617
vt 0.113953 0.569824
vt 0.135010 0.503906
vt 0.114075 0.532715
vt 0.095154 0.556641
vt 0.096436 0.569824
vt 0.074219 0.556152
vt 0.074219 0.569824
vt 0.095703 0.534180
vt 0.113098 0.505859
vt 0.134033 0.481934
vt 0.159912 0.477051
vt 0.135010 0.454590
vt 0.161987 0.449707
vt 0.165039 0.435547
vt 0.164673 0.417725
vt 0.038361 0.491455
vt 0.039337 0.471191
vt 0.040161 0.489746
vt 0.015038 0.486816
vt 0.027634 0.475830
vt 0.014595 0.483643
vt 0.013062 0.480713
vt 0.029846 0.464600
vt 0.039612 0.451416
vt 0.862793 0.491455
vt 0.890137 0.487305
vt 0.876953 0.494873
vt 0.895996 0.479248
vt 0.854004 0.481689
vt 0.902832 0.468018
vt 0.848633 0.468750
vt 0.905273 0.455078
vt 0.844727 0.451416
vt 0.905273 0.437744
vt 0.844727 0.435059
vt 0.905273 0.412842
vt 0.844727 0.412842
vt 0.844727 0.385742
vt 0.905273 0.385010
vt 0.844727 0.360840
vt 0.905273 0.360840
vt 0.844727 0.337891
vt 0.905273 0.338623
vt 0.844727 0.319336
vt 0.905273 0.320068
vt 0.844727 0.304443
vt 0.905273 0.304199
vt 0.854980 0.291504
vt 0.896484 0.290771
vt 0.865723 0.285400
vt 0.882324 0.285156
vt 0.987793 0.226562
vt 0.990234 0.243408
vt 0.981445 0.243408
vt 0.978516 0.229614
vt 0.986328 0.211792
vt 0.967773 0.230835
vt 0.970215 0.243408
vt 0.957520 0.243408
vt 0.977051 0.214722
vt 0.986328 0.196289
vt 0.966797 0.218628
vt 0.957031 0.231567
vt 0.949219 0.243408
vt 0.978027 0.198730
vt 0.986328 0.177124
vt 0.966797 0.202759
vt 0.956055 0.220215
vt 0.948730 0.231689
vt 0.977539 0.179932
vt 0.986328 0.153809
vt 0.966309 0.184204
vt 0.954590 0.207275
vt 0.940430 0.232422
vt 0.941406 0.243408
vt 0.947266 0.221558
vt 0.930176 0.233643
vt 0.930664 0.243408
vt 0.938965 0.223389
vt 0.925293 0.235107
vt 0.925293 0.243408
vt 0.925293 0.229004
vt 0.930176 0.226440
vt 0.924316 0.223389
vt 0.928223 0.220215
vt 0.937012 0.213623
vt 0.945801 0.210083
vt 0.924805 0.213135
vt 0.921875 0.217773
vt 0.933594 0.204102
vt 0.952148 0.190430
vt 0.919434 0.207886
vt 0.917480 0.212769
vt 0.942871 0.197021
vt 0.925293 0.198364
vt 0.961914 0.163330
vt 0.916016 0.207275
vt 0.914551 0.211914
vt 0.941895 0.170044
vt 0.932129 0.187134
vt 0.918945 0.197388
vt 0.911621 0.207275
vt 0.910645 0.211792
vt 0.976074 0.157959
vt 0.974609 0.134766
vt 0.986328 0.132080
vt 0.958496 0.138916
vt 0.973145 0.109497
vt 0.986328 0.108215
vt 0.972168 0.082275
vt 0.986328 0.080750
vt 0.980957 0.056213
vt 0.956543 0.110596
vt 0.942871 0.142334
vt 0.927734 0.172485
vt 0.923340 0.185181
vt 0.968262 0.057770
vt 0.957031 0.082703
vt 0.941406 0.111023
vt 0.931641 0.143433
vt 0.912109 0.172852
vt 0.910645 0.184082
vt 0.960449 0.041718
vt 0.971191 0.037018
vt 0.952148 0.057281
vt 0.941406 0.082336
vt 0.929688 0.111938
vt 0.917969 0.143555
vt 0.948242 0.029343
vt 0.958984 0.022461
vt 0.948242 0.045410
vt 0.938965 0.056183
vt 0.926270 0.081543
vt 0.935059 0.022705
vt 0.942871 0.013123
vt 0.940430 0.034485
vt 0.936035 0.047302
vt 0.925781 0.018875
vt 0.931152 0.008705
vt 0.931641 0.026917
vt 0.915039 0.016953
vt 0.917480 0.005192
vt 0.913574 0.112610
vt 0.925781 0.055328
vt 0.931641 0.038788
vt 0.923340 0.023926
vt 0.904297 0.016830
vt 0.901855 0.004929
vt 0.923828 0.047028
vt 0.928223 0.033081
vt 0.914062 0.021790
vt 0.885254 0.021439
vt 0.878906 0.011826
vt 0.921875 0.039429
vt 0.921875 0.031433
vt 0.904297 0.022171
vt 0.912598 0.029984
vt 0.868652 0.032562
vt 0.856934 0.026718
vt 0.911621 0.038239
vt 0.903320 0.029343
vt 0.890137 0.025909
vt 0.855957 0.046448
vt 0.843750 0.042145
vt 0.839844 0.058746
vt 0.911133 0.046143
vt 0.900391 0.037933
vt 0.895020 0.030518
vt 0.878418 0.035400
vt 0.888672 0.037598
vt 0.852051 0.060516
vt 0.835449 0.082520
vt 0.897949 0.046234
vt 0.910645 0.054657
vt 0.885254 0.047974
vt 0.871582 0.047668
vt 0.897461 0.055420
vt 0.850098 0.082092
vt 0.835449 0.110291
vt 0.870117 0.058777
vt 0.910645 0.080200
vt 0.883789 0.057373
vt 0.896484 0.079529
vt 0.902832 0.112488
vt 0.883301 0.080078
vt 0.869141 0.080933
vt 0.905762 0.143066
vt 0.872070 0.111694
vt 0.888184 0.111816
vt 0.899902 0.172852
vt 0.851074 0.110596
vt 0.835449 0.135498
vt 0.870117 0.140259
vt 0.888184 0.141846
vt 0.880859 0.172119
vt 0.850586 0.137451
vt 0.835449 0.165405
vt 0.863770 0.168213
vt 0.847168 0.167236
vt 0.835449 0.191528
vt 0.862793 0.198364
vt 0.847656 0.195435
vt 0.835449 0.211914
vt 0.847168 0.215454
vt 0.835449 0.227661
vt 0.861816 0.220093
vt 0.846191 0.230835
vt 0.835449 0.243408
vt 0.844727 0.243408
vt 0.856934 0.243408
vt 0.859375 0.231689
vt 0.876465 0.203125
vt 0.871582 0.232666
vt 0.869629 0.243408
vt 0.872559 0.221313
vt 0.881836 0.232544
vt 0.881348 0.243408
vt 0.888184 0.243408
vt 0.886230 0.207275
vt 0.882812 0.222046
vt 0.889160 0.232788
vt 0.895020 0.243408
vt 0.890625 0.222900
vt 0.896484 0.234253
vt 0.899414 0.243408
vt 0.899414 0.233521
vt 0.896973 0.224487
vt 0.899902 0.226929
vt 0.893066 0.211182
vt 0.898926 0.216309
vt 0.901367 0.219849
vt 0.893066 0.189209
vt 0.899414 0.201782
vt 0.903809 0.209717
vt 0.905273 0.214722
vt 0.899902 0.185303
vt 0.904785 0.198975
vt 0.907715 0.207886
vt 0.907715 0.212891
vt 0.910156 0.197266
vt 0.052429 0.245728
vt 0.042236 0.245483
vt 0.031738 0.242065
vt 0.047028 0.219849
vt 0.051361 0.218750
vt 0.060516 0.242676
vt 0.074768 0.225220
vt 0.043732 0.217041
vt 0.026199 0.237305
vt 0.019302 0.216064
vt 0.052216 0.215210
vt 0.074768 0.204590
vt 0.069153 0.195557
vt 0.044556 0.212524
vt 0.025040 0.196777
vt 0.035675 0.187622
vt 0.047363 0.212402
vt 0.047394 0.186523
vt 0.050720 0.212524
vt 0.059814 0.189087
vt 0.615234 0.436768
vt 0.609375 0.424316
vt 0.615234 0.424316
vt 0.609375 0.436768
vt 0.609375 0.447510
vt 0.615234 0.447510
vt 0.603516 0.436523
vt 0.603516 0.424316
vt 0.609375 0.457520
vt 0.615234 0.457520
vt 0.603516 0.447510
vt 0.597656 0.436523
vt 0.597656 0.424316
vt 0.609375 0.468018
vt 0.615234 0.467773
vt 0.597656 0.447510
vt 0.591797 0.436768
vt 0.591797 0.424316
vt 0.591797 0.447266
vt 0.591797 0.457031
vt 0.603516 0.457520
vt 0.597656 0.457520
vt 0.597656 0.468018
vt 0.591797 0.467773
vt 0.591797 0.479248
vt 0.603516 0.468018
vt 0.597656 0.479492
vt 0.591797 0.492676
vt 0.609375 0.479736
vt 0.615234 0.479736
vt 0.603516 0.479492
vt 0.597656 0.492920
vt 0.609375 0.492676
vt 0.615234 0.492676
vt 0.603516 0.492920
vt 0.597656 0.507324
vt 0.591797 0.507324
vt 0.591797 0.517578
vt 0.609375 0.507324
vt 0.615234 0.507324
vt 0.615234 0.517578
vt 0.603516 0.507324
vt 0.597656 0.517578
vt 0.591797 0.530762
vt 0.609375 0.518555
vt 0.615234 0.530762
vt 0.603516 0.518066
vt 0.609375 0.530762
vt 0.615234 0.546387
vt 0.597656 0.530762
vt 0.609375 0.546875
vt 0.615234 0.564453
vt 0.603516 0.530762
vt 0.597656 0.546387
vt 0.591797 0.546387
vt 0.603516 0.546387
vt 0.609375 0.564453
vt 0.615234 0.583008
vt 0.609375 0.583008
vt 0.603516 0.564941
vt 0.603516 0.583008
vt 0.597656 0.564941
vt 0.591797 0.564453
vt 0.597656 0.583008
vt 0.591797 0.583008
vt 0.884766 0.586426
vt 0.898438 0.572266
vt 0.899414 0.586426
vt 0.883301 0.574707
vt 0.869141 0.586426
vt 0.894531 0.557617
vt 0.868652 0.576660
vt 0.851074 0.586426
vt 0.880859 0.565918
vt 0.853027 0.575684
vt 0.835938 0.586426
vt 0.838379 0.570801
vt 0.875488 0.560547
vt 0.882812 0.546387
vt 0.868164 0.542969
vt 0.868652 0.567383
vt 0.855469 0.565430
vt 0.842285 0.556641
vt 0.868164 0.558594
vt 0.853027 0.546387
vt 0.860840 0.560547
vt 0.722168 0.437256
vt 0.726074 0.437256
vt 0.726074 0.472412
vt 0.721191 0.471924
vt 0.726074 0.507812
vt 0.709961 0.437256
vt 0.721191 0.507324
vt 0.709961 0.505371
vt 0.726074 0.534668
vt 0.722168 0.535156
vt 0.726074 0.560059
vt 0.709473 0.471191
vt 0.705566 0.471680
vt 0.705566 0.437256
vt 0.705566 0.505371
vt 0.705566 0.534180
vt 0.708496 0.534180
vt 0.722168 0.560547
vt 0.726074 0.582031
vt 0.708984 0.560547
vt 0.705566 0.560547
vt 0.722168 0.582031
vt 0.721680 0.586914
vt 0.709961 0.582031
vt 0.705566 0.582031
vt 0.720215 0.583984
vt 0.710938 0.583984
vt 0.708984 0.586914
vt 0.533203 0.475830
vt 0.517090 0.448975
vt 0.532715 0.448730
vt 0.517090 0.477051
vt 0.533203 0.501953
vt 0.517090 0.504395
vt 0.533203 0.523926
vt 0.517090 0.525879
vt 0.517090 0.545898
vt 0.532715 0.545410
vt 0.532715 0.565430
vt 0.517090 0.565430
vt 0.530762 0.567871
vt 0.519043 0.567871
vt 0.768555 0.511230
vt 0.753906 0.511230
vt 0.755371 0.497803
vt 0.770508 0.500000
vt 0.759277 0.482666
vt 0.785156 0.501953
vt 0.784668 0.511230
vt 0.800781 0.500977
vt 0.802734 0.511230
vt 0.818359 0.511230
vt 0.815918 0.496338
vt 0.811523 0.481445
vt 0.772461 0.490967
vt 0.798340 0.490723
vt 0.800781 0.471191
vt 0.785156 0.492432
vt 0.777832 0.485596
vt 0.770996 0.471436
vt 0.785156 0.483887
vt 0.785645 0.468018
vt 0.792969 0.485596
vt 0.518555 0.963379
vt 0.500977 0.955566
vt 0.518555 0.955566
vt 0.500977 0.963379
vt 0.518555 0.969238
vt 0.498779 0.955566
vt 0.501465 0.969238
vt 0.518555 0.975586
vt 0.498535 0.963867
vt 0.483643 0.955566
vt 0.483887 0.963379
vt 0.484131 0.969238
vt 0.480957 0.955566
vt 0.480957 0.963379
vt 0.480957 0.969238
vt 0.480957 0.975098
vt 0.498535 0.969238
vt 0.483887 0.975098
vt 0.480957 0.982910
vt 0.483643 0.982910
vt 0.498779 0.982910
vt 0.498535 0.974609
vt 0.500977 0.975098
vt 0.500977 0.982910
vt 0.518555 0.982910
vt 0.572754 0.569824
vt 0.572754 0.583008
vt 0.565430 0.583008
vt 0.565430 0.569824
vt 0.565430 0.559570
vt 0.572754 0.559570
vt 0.558594 0.570312
vt 0.558594 0.583008
vt 0.565430 0.549316
vt 0.572754 0.549316
vt 0.558594 0.559570
vt 0.553711 0.570312
vt 0.553711 0.583008
vt 0.565430 0.538086
vt 0.572754 0.538086
vt 0.553711 0.559570
vt 0.548828 0.569824
vt 0.548828 0.583008
vt 0.548828 0.560059
vt 0.548828 0.549805
vt 0.558594 0.549316
vt 0.553711 0.549316
vt 0.553711 0.538086
vt 0.548828 0.538086
vt 0.548828 0.526367
vt 0.558594 0.538086
vt 0.553711 0.526367
vt 0.548828 0.513672
vt 0.565430 0.526367
vt 0.572754 0.526367
vt 0.558594 0.526367
vt 0.553711 0.513184
vt 0.565430 0.513184
vt 0.572754 0.512695
vt 0.558594 0.513672
vt 0.553711 0.498779
vt 0.548828 0.499268
vt 0.548828 0.488281
vt 0.565430 0.499268
vt 0.572754 0.499023
vt 0.572754 0.488525
vt 0.558594 0.498779
vt 0.553711 0.488525
vt 0.548828 0.475098
vt 0.565430 0.487793
vt 0.572754 0.475098
vt 0.558594 0.488037
vt 0.565430 0.474854
vt 0.572754 0.459717
vt 0.553711 0.475830
vt 0.565430 0.459473
vt 0.572754 0.441650
vt 0.558594 0.475586
vt 0.553711 0.459717
vt 0.548828 0.459717
vt 0.558594 0.459717
vt 0.565430 0.441895
vt 0.572754 0.423096
vt 0.565430 0.423096
vt 0.558594 0.440918
vt 0.558594 0.423096
vt 0.553711 0.440918
vt 0.548828 0.441650
vt 0.553711 0.423096
vt 0.548828 0.423096
vt 0.684082 0.591797
vt 0.687988 0.555176
vt 0.687988 0.591797
vt 0.683105 0.555664
vt 0.687988 0.519043
vt 0.672852 0.591797
vt 0.683105 0.519043
vt 0.671875 0.520996
vt 0.687988 0.490967
vt 0.683105 0.490723
vt 0.687988 0.465332
vt 0.671875 0.555664
vt 0.668457 0.555176
vt 0.668457 0.591797
vt 0.668457 0.520508
vt 0.668457 0.491699
vt 0.671387 0.491455
vt 0.684570 0.464844
vt 0.687988 0.441895
vt 0.671387 0.464844
vt 0.668457 0.464844
vt 0.684570 0.442627
vt 0.684570 0.437988
vt 0.672363 0.444336
vt 0.668457 0.443359
vt 0.682617 0.440674
vt 0.674316 0.440674
vt 0.672363 0.437988
vt 0.626953 0.484131
vt 0.626953 0.457031
vt 0.643066 0.457031
vt 0.643066 0.484619
vt 0.626953 0.509766
vt 0.643066 0.511719
vt 0.626953 0.532715
vt 0.643066 0.533691
vt 0.643066 0.554688
vt 0.626953 0.555176
vt 0.626953 0.573242
vt 0.643066 0.573242
vt 0.629883 0.576172
vt 0.641113 0.576172
vt 0.805176 0.573242
vt 0.805664 0.586426
vt 0.791504 0.586426
vt 0.789551 0.575684
vt 0.800781 0.558105
vt 0.774902 0.576660
vt 0.775391 0.586426
vt 0.787598 0.566406
vt 0.758789 0.576172
vt 0.757812 0.586426
vt 0.742676 0.586426
vt 0.744141 0.572266
vt 0.782227 0.560547
vt 0.789551 0.546387
vt 0.774414 0.542969
vt 0.774902 0.567383
vt 0.761230 0.565918
vt 0.748047 0.557129
vt 0.774902 0.559082
vt 0.759766 0.546387
vt 0.767090 0.560547
vt 0.687500 0.017029
vt 0.683105 0.139038
vt 0.683105 0.017853
vt 0.689453 0.138428
vt 0.692871 0.169312
vt 0.694336 0.137817
vt 0.690918 0.017395
vt 0.702637 0.030334
vt 0.703125 0.161987
vt 0.715820 0.039093
vt 0.698242 0.167114
vt 0.707520 0.186523
vt 0.715332 0.177246
vt 0.730469 0.044312
vt 0.711426 0.182129
vt 0.723145 0.193481
vt 0.727539 0.182739
vt 0.725586 0.187866
vt 0.746094 0.196045
vt 0.746094 0.185059
vt 0.746094 0.046051
vt 0.762207 0.044312
vt 0.746094 0.190918
vt 0.765137 0.182739
vt 0.767090 0.187866
vt 0.769531 0.193481
vt 0.780762 0.182129
vt 0.785156 0.186523
vt 0.777344 0.177246
vt 0.776367 0.039246
vt 0.794434 0.167114
vt 0.799805 0.169312
vt 0.789551 0.161987
vt 0.790039 0.030655
vt 0.803223 0.138428
vt 0.809570 0.139038
vt 0.797852 0.137817
vt 0.801270 0.017929
vt 0.804688 0.017609
vt 0.809570 0.018463
vt 0.727539 0.217285
vt 0.703125 0.227905
vt 0.700684 0.223877
vt 0.729980 0.227173
vt 0.754395 0.215576
vt 0.703613 0.231445
vt 0.752930 0.227661
vt 0.779785 0.221680
vt 0.775391 0.232178
vt 0.804199 0.236450
vt 0.797363 0.245117
vt 0.817871 0.249146
vt 0.809570 0.257812
vt 0.826172 0.259277
vt 0.816895 0.266846
vt 0.812988 0.272461
vt 0.800293 0.265137
vt 0.808594 0.280518
vt 0.788574 0.255127
vt 0.770508 0.244141
vt 0.751953 0.240601
vt 0.796387 0.279297
vt 0.782715 0.261963
vt 0.732910 0.239746
vt 0.767090 0.252441
vt 0.799805 0.292725
vt 0.806641 0.292725
vt 0.808594 0.305176
vt 0.715820 0.244385
vt 0.689941 0.244385
vt 0.750977 0.249390
vt 0.699707 0.254150
vt 0.681152 0.258789
vt 0.736328 0.250488
vt 0.692383 0.265869
vt 0.675293 0.273926
vt 0.722168 0.254639
vt 0.687500 0.277832
vt 0.673340 0.292725
vt 0.708496 0.261719
vt 0.700684 0.270020
vt 0.763184 0.260254
vt 0.750000 0.257812
vt 0.738281 0.258789
vt 0.726074 0.261963
vt 0.715332 0.267334
vt 0.776367 0.268311
vt 0.786621 0.281738
vt 0.789551 0.292725
vt 0.796387 0.306396
vt 0.800293 0.320557
vt 0.812988 0.312988
vt 0.809570 0.327881
vt 0.816895 0.318848
vt 0.826172 0.326416
vt 0.817871 0.336670
vt 0.797363 0.340576
vt 0.804199 0.349121
vt 0.788574 0.330566
vt 0.775391 0.353516
vt 0.779785 0.364014
vt 0.753418 0.357910
vt 0.754395 0.370117
vt 0.770508 0.341553
vt 0.782715 0.323730
vt 0.729980 0.358398
vt 0.727539 0.368408
vt 0.751953 0.344971
vt 0.703125 0.357666
vt 0.700684 0.361816
vt 0.703613 0.354248
vt 0.732910 0.345947
vt 0.767090 0.333252
vt 0.786621 0.303955
vt 0.715820 0.341309
vt 0.689941 0.341309
vt 0.750977 0.336182
vt 0.776367 0.317383
vt 0.777832 0.292725
vt 0.699707 0.331543
vt 0.681152 0.326904
vt 0.736328 0.335205
vt 0.763184 0.325439
vt 0.692383 0.319824
vt 0.675293 0.311768
vt 0.722168 0.330811
vt 0.750000 0.327637
vt 0.687500 0.307861
vt 0.708496 0.323975
vt 0.738281 0.326904
vt 0.685059 0.292725
vt 0.700684 0.315674
vt 0.726074 0.323730
vt 0.695312 0.280762
vt 0.695312 0.304932
vt 0.715332 0.318359
vt 0.709473 0.274658
vt 0.693848 0.292725
vt 0.709473 0.311035
vt 0.705566 0.283936
vt 0.705566 0.301758
vt 0.704102 0.292725
vt 0.715820 0.292725
vt 0.716309 0.285645
vt 0.723633 0.292725
vt 0.716309 0.300049
vt 0.718750 0.305420
vt 0.718750 0.280273
vt 0.724121 0.312500
vt 0.725098 0.300049
vt 0.725098 0.285645
vt 0.724121 0.273193
vt 0.729980 0.315674
vt 0.729980 0.270020
vt 0.733398 0.307861
vt 0.741211 0.318604
vt 0.733398 0.277832
vt 0.740723 0.267090
vt 0.748535 0.319092
vt 0.748535 0.266602
vt 0.745605 0.310059
vt 0.760742 0.316650
vt 0.745605 0.275635
vt 0.760742 0.269043
vt 0.768555 0.310791
vt 0.768555 0.274902
vt 0.759766 0.306152
vt 0.776367 0.301025
vt 0.759766 0.279541
vt 0.776367 0.284668
vt 0.766602 0.292725
vt 0.753418 0.292725
vt 0.751465 0.297119
vt 0.751465 0.288574
vt 0.747070 0.299316
vt 0.747070 0.286377
vt 0.742676 0.299072
vt 0.742676 0.286621
vt 0.739746 0.296387
vt 0.739746 0.289307
vt 0.739258 0.292725
vt 0.633301 0.011879
vt 0.622559 0.009087
vt 0.623535 0.007828
vt 0.630859 0.016144
vt 0.640625 0.024155
vt 0.619629 0.025635
vt 0.645020 0.020844
vt 0.622070 0.012245
vt 0.613281 0.007599
vt 0.612793 0.010918
vt 0.605469 0.007072
vt 0.652832 0.042969
vt 0.658203 0.040771
vt 0.638184 0.040192
vt 0.656738 0.061493
vt 0.662109 0.061768
vt 0.658691 0.080811
vt 0.664062 0.082581
vt 0.644531 0.059479
vt 0.657715 0.099731
vt 0.662598 0.103394
vt 0.624023 0.051392
vt 0.605469 0.048248
vt 0.641602 0.084229
vt 0.647461 0.113647
vt 0.625488 0.086426
vt 0.605469 0.023102
vt 0.591797 0.025635
vt 0.605469 0.010063
vt 0.598145 0.010918
vt 0.598145 0.007599
vt 0.589355 0.012245
vt 0.588379 0.009087
vt 0.580566 0.016144
vt 0.578125 0.011879
vt 0.587402 0.007828
vt 0.570312 0.024155
vt 0.565918 0.020844
vt 0.558105 0.042969
vt 0.553223 0.040771
vt 0.573242 0.040192
vt 0.554688 0.061401
vt 0.549316 0.061676
vt 0.586914 0.051392
vt 0.553223 0.080322
vt 0.548340 0.082092
vt 0.566895 0.059448
vt 0.555176 0.098938
vt 0.550293 0.102539
vt 0.570312 0.083801
vt 0.585938 0.086243
vt 0.564941 0.113037
vt 0.605469 0.087158
vt 0.561523 0.115967
vt 0.551270 0.216919
vt 0.559570 0.245605
vt 0.578613 0.107666
vt 0.605469 0.119629
vt 0.575684 0.122131
vt 0.574707 0.125000
vt 0.573242 0.261475
vt 0.593262 0.117065
vt 0.605469 0.132690
vt 0.590332 0.129395
vt 0.589844 0.132568
vt 0.585938 0.268311
vt 0.605469 0.136108
vt 0.605469 0.272217
vt 0.625488 0.268311
vt 0.621582 0.132690
vt 0.639160 0.261230
vt 0.618164 0.117249
vt 0.621094 0.129639
vt 0.637207 0.125366
vt 0.653809 0.245361
vt 0.633789 0.108093
vt 0.636230 0.122498
vt 0.650879 0.116516
vt 0.664551 0.216675
vt 0.667480 0.983887
vt 0.682617 0.975586
vt 0.682617 0.983887
vt 0.667480 0.975586
vt 0.663574 0.983887
vt 0.682617 0.972168
vt 0.663574 0.975586
vt 0.660156 0.983887
vt 0.667480 0.972168
vt 0.682617 0.958496
vt 0.660156 0.975586
vt 0.655273 0.983887
vt 0.667480 0.958496
vt 0.682617 0.944336
vt 0.663574 0.972168
vt 0.663574 0.958496
vt 0.655273 0.975586
vt 0.649902 0.983887
vt 0.660156 0.972168
vt 0.655273 0.972168
vt 0.649902 0.975586
vt 0.646973 0.983887
vt 0.646973 0.975586
vt 0.643555 0.983887
vt 0.643555 0.975586
vt 0.649902 0.972168
vt 0.646973 0.972168
vt 0.643555 0.972168
vt 0.643555 0.958496
vt 0.646973 0.958496
vt 0.643555 0.944336
vt 0.655273 0.958496
vt 0.646973 0.944336
vt 0.643555 0.934570
vt 0.649902 0.958496
vt 0.660156 0.958496
vt 0.663574 0.944336
vt 0.660156 0.944336
vt 0.655273 0.944336
vt 0.655273 0.934570
vt 0.649902 0.944336
vt 0.646973 0.934570
vt 0.667480 0.944336
vt 0.660156 0.934570
vt 0.667480 0.934570
vt 0.682617 0.934570
vt 0.682617 0.924805
vt 0.663574 0.934570
vt 0.667480 0.924805
vt 0.663574 0.924805
vt 0.667480 0.910645
vt 0.682617 0.910645
vt 0.667480 0.896973
vt 0.682617 0.896973
vt 0.660156 0.924805
vt 0.663574 0.910645
vt 0.667480 0.893555
vt 0.682617 0.893555
vt 0.667480 0.885254
vt 0.682617 0.885254
vt 0.663574 0.885254
vt 0.663574 0.893555
vt 0.660156 0.885254
vt 0.663574 0.896973
vt 0.660156 0.893555
vt 0.655273 0.885254
vt 0.660156 0.910645
vt 0.660156 0.896973
vt 0.655273 0.893555
vt 0.649902 0.885254
vt 0.655273 0.910645
vt 0.655273 0.896973
vt 0.649902 0.893555
vt 0.646973 0.885254
vt 0.649902 0.896973
vt 0.646973 0.893555
vt 0.643555 0.885254
vt 0.643555 0.893555
vt 0.646973 0.896973
vt 0.643555 0.896973
vt 0.643555 0.910645
vt 0.646973 0.910645
vt 0.643555 0.924805
vt 0.649902 0.910645
vt 0.646973 0.924805
vt 0.655273 0.924805
vt 0.649902 0.924805
vt 0.649902 0.934570
vt 0.535645 0.231812
vt 0.532715 0.240601
vt 0.532715 0.231812
vt 0.535645 0.240601
vt 0.522949 0.231812
vt 0.531738 0.250244
vt 0.522949 0.240601
vt 0.514648 0.231812
vt 0.528809 0.248291
vt 0.524902 0.255615
vt 0.530762 0.244019
vt 0.522949 0.252930
vt 0.514648 0.254639
vt 0.514648 0.258545
vt 0.504395 0.255615
vt 0.522949 0.244019
vt 0.514648 0.244019
vt 0.514648 0.240601
vt 0.505859 0.240601
vt 0.505859 0.231812
vt 0.496826 0.240601
vt 0.496826 0.231812
vt 0.493896 0.231812
vt 0.493896 0.240601
vt 0.497070 0.250000
vt 0.505859 0.244019
vt 0.500977 0.247681
vt 0.506348 0.252930
vt 0.499268 0.244019
vt 0.510254 0.175903
vt 0.506348 0.182129
vt 0.504395 0.179932
vt 0.499756 0.185181
vt 0.506836 0.175171
vt 0.510254 0.167847
vt 0.499268 0.181763
vt 0.491699 0.184326
vt 0.505371 0.169556
vt 0.504395 0.161743
vt 0.502441 0.177856
vt 0.493896 0.179932
vt 0.486328 0.177979
vt 0.501953 0.166016
vt 0.496826 0.160034
vt 0.503906 0.174438
vt 0.499023 0.173950
vt 0.502930 0.171143
vt 0.499023 0.178955
vt 0.490723 0.176025
vt 0.485596 0.170288
vt 0.495850 0.177734
vt 0.497070 0.165283
vt 0.489258 0.162964
vt 0.500488 0.168701
vt 0.497314 0.168213
vt 0.490723 0.171021
vt 0.493652 0.174927
vt 0.493652 0.171509
vt 0.495117 0.169556
vt 0.492920 0.167114
vt 0.583496 0.348877
vt 0.580078 0.370117
vt 0.574707 0.369141
vt 0.583496 0.369873
vt 0.587402 0.368652
vt 0.593750 0.364746
vt 0.604492 0.355469
vt 0.575195 0.349121
vt 0.579102 0.333008
vt 0.591797 0.341553
vt 0.592773 0.325928
vt 0.610840 0.343994
vt 0.615234 0.330078
vt 0.614746 0.316162
vt 0.613770 0.309326
vt 0.610352 0.302979
vt 0.565918 0.365723
vt 0.605957 0.296875
vt 0.567383 0.344238
vt 0.560059 0.362061
vt 0.553711 0.355957
vt 0.548340 0.350098
vt 0.584473 0.312012
vt 0.598633 0.291260
vt 0.583496 0.283447
vt 0.577148 0.282471
vt 0.559570 0.335938
vt 0.542969 0.334229
vt 0.569336 0.309326
vt 0.570312 0.284180
vt 0.557617 0.291260
vt 0.548340 0.303467
vt 0.559082 0.322021
vt 0.543457 0.319092
vt 0.660645 0.424805
vt 0.650879 0.426270
vt 0.651367 0.405518
vt 0.668945 0.419922
vt 0.640625 0.423584
vt 0.660156 0.402100
vt 0.677246 0.412598
vt 0.683105 0.403076
vt 0.651855 0.388916
vt 0.667969 0.391846
vt 0.643555 0.399902
vt 0.687012 0.388184
vt 0.627441 0.412598
vt 0.687012 0.375244
vt 0.637207 0.393066
vt 0.620605 0.400635
vt 0.615723 0.386230
vt 0.668457 0.379883
vt 0.661133 0.368652
vt 0.682617 0.360840
vt 0.672852 0.348145
vt 0.666504 0.341553
vt 0.662109 0.339600
vt 0.656250 0.339844
vt 0.651367 0.341309
vt 0.637207 0.381592
vt 0.615723 0.377686
vt 0.616211 0.372070
vt 0.618164 0.364746
vt 0.651367 0.368896
vt 0.636719 0.346436
vt 0.623535 0.357422
vt 0.640625 0.373535
vt 0.972656 0.262451
vt 0.988770 0.258789
vt 0.988770 0.262451
vt 0.972656 0.258789
vt 0.970703 0.258789
vt 0.971680 0.279053
vt 0.988281 0.279785
vt 0.970215 0.262451
vt 0.968262 0.258789
vt 0.968750 0.280029
vt 0.968262 0.262451
vt 0.955566 0.258789
vt 0.970703 0.296631
vt 0.988281 0.296875
vt 0.967773 0.295654
vt 0.970215 0.308350
vt 0.988281 0.307129
vt 0.966309 0.279541
vt 0.955566 0.262451
vt 0.936035 0.258789
vt 0.967773 0.307373
vt 0.970215 0.318115
vt 0.988281 0.317139
vt 0.954102 0.276611
vt 0.939941 0.262451
vt 0.936035 0.274902
vt 0.939941 0.275391
vt 0.940918 0.290283
vt 0.936035 0.290283
vt 0.954102 0.292236
vt 0.940918 0.304443
vt 0.936035 0.303711
vt 0.965332 0.294678
vt 0.940430 0.314209
vt 0.936035 0.314453
vt 0.952637 0.305664
vt 0.964355 0.306641
vt 0.940430 0.324463
vt 0.936035 0.326416
vt 0.951660 0.315674
vt 0.967285 0.318115
vt 0.939941 0.340332
vt 0.936035 0.340576
vt 0.964355 0.317383
vt 0.951660 0.326660
vt 0.967285 0.328857
vt 0.940430 0.357178
vt 0.936035 0.358398
vt 0.964355 0.328613
vt 0.951172 0.341797
vt 0.970215 0.329346
vt 0.988281 0.329834
vt 0.940430 0.371338
vt 0.936035 0.371338
vt 0.952637 0.357910
vt 0.964355 0.343018
vt 0.966797 0.343018
vt 0.969727 0.343506
vt 0.988281 0.342529
vt 0.967285 0.358154
vt 0.970215 0.358154
vt 0.988281 0.356934
vt 0.964355 0.358398
vt 0.967285 0.373047
vt 0.970215 0.372559
vt 0.988281 0.372559
vt 0.988281 0.390625
vt 0.952637 0.372314
vt 0.970703 0.390381
vt 0.964844 0.373047
vt 0.968262 0.390381
vt 0.971191 0.408691
vt 0.988281 0.409180
vt 0.988281 0.425781
vt 0.965820 0.390381
vt 0.951660 0.390625
vt 0.967773 0.408203
vt 0.971191 0.423584
vt 0.988281 0.440674
vt 0.964844 0.408203
vt 0.971191 0.438965
vt 0.988281 0.454590
vt 0.952637 0.408936
vt 0.940430 0.390625
vt 0.936035 0.390869
vt 0.936035 0.410400
vt 0.939941 0.410156
vt 0.936035 0.422852
vt 0.964844 0.423340
vt 0.940918 0.423828
vt 0.936035 0.440430
vt 0.952148 0.423340
vt 0.967773 0.423584
vt 0.940430 0.440918
vt 0.936035 0.455078
vt 0.965332 0.439209
vt 0.952148 0.439941
vt 0.968262 0.439209
vt 0.940918 0.457275
vt 0.936035 0.467529
vt 0.965332 0.454346
vt 0.953125 0.455811
vt 0.972168 0.453857
vt 0.988281 0.468262
vt 0.940918 0.468018
vt 0.936035 0.478516
vt 0.952148 0.467285
vt 0.964844 0.466309
vt 0.968750 0.454102
vt 0.972168 0.465820
vt 0.988770 0.479492
vt 0.941406 0.478271
vt 0.936035 0.492188
vt 0.952637 0.478271
vt 0.965332 0.478271
vt 0.968750 0.465820
vt 0.972168 0.477295
vt 0.988770 0.490234
vt 0.940918 0.492188
vt 0.936035 0.509766
vt 0.954102 0.491455
vt 0.966797 0.491455
vt 0.969727 0.478027
vt 0.972168 0.490479
vt 0.988770 0.509277
vt 0.969238 0.490967
vt 0.971191 0.508789
vt 0.988770 0.525879
vt 0.966309 0.507812
vt 0.954102 0.509277
vt 0.968750 0.507324
vt 0.972656 0.525391
vt 0.988770 0.529785
vt 0.972168 0.529785
vt 0.969727 0.529785
vt 0.970215 0.525391
vt 0.968262 0.529785
vt 0.968262 0.525879
vt 0.955566 0.529785
vt 0.954590 0.525879
vt 0.936035 0.529785
vt 0.939941 0.509277
vt 0.939941 0.524414
vt 0.945801 0.575195
vt 0.959961 0.586426
vt 0.943848 0.586426
vt 0.929199 0.586426
vt 0.930176 0.574219
vt 0.934570 0.558105
vt 0.960449 0.577148
vt 0.978027 0.586426
vt 0.947754 0.566406
vt 0.976074 0.576172
vt 0.993164 0.586426
vt 0.990723 0.571777
vt 0.986816 0.557129
vt 0.953125 0.560547
vt 0.945801 0.546387
vt 0.960449 0.567383
vt 0.973633 0.565918
vt 0.975586 0.546387
vt 0.960449 0.558594
vt 0.960938 0.542969
vt 0.968262 0.560547
vt 0.727051 0.419678
vt 0.733398 0.408691
vt 0.735840 0.411133
vt 0.742188 0.404053
vt 0.738770 0.412598
vt 0.733887 0.424561
vt 0.723145 0.414062
vt 0.744141 0.426270
vt 0.732422 0.406250
vt 0.721191 0.408447
vt 0.743164 0.413574
vt 0.754883 0.423584
vt 0.731934 0.403564
vt 0.720703 0.403076
vt 0.748047 0.412842
vt 0.762207 0.416748
vt 0.732422 0.400879
vt 0.721680 0.397705
vt 0.751953 0.410156
vt 0.733887 0.398682
vt 0.753906 0.406494
vt 0.765137 0.408203
vt 0.724121 0.392578
vt 0.765137 0.401123
vt 0.736328 0.396240
vt 0.729004 0.387207
vt 0.753418 0.403076
vt 0.762695 0.394043
vt 0.739746 0.394775
vt 0.736816 0.382812
vt 0.751953 0.399658
vt 0.757324 0.387451
vt 0.744629 0.394531
vt 0.747559 0.383057
vt 0.749023 0.396973
vt 0.824219 0.398438
vt 0.824707 0.403809
vt 0.813477 0.403809
vt 0.812988 0.401123
vt 0.821777 0.393066
vt 0.803223 0.403809
vt 0.812012 0.398682
vt 0.817383 0.387451
vt 0.812988 0.406250
vt 0.823730 0.408936
vt 0.809570 0.395996
vt 0.809570 0.382812
vt 0.811523 0.408936
vt 0.821289 0.414551
vt 0.805664 0.394531
vt 0.798828 0.382568
vt 0.809082 0.411133
vt 0.817383 0.419922
vt 0.800781 0.394287
vt 0.806152 0.412598
vt 0.796875 0.396240
vt 0.789062 0.386230
vt 0.810547 0.424561
vt 0.783203 0.392822
vt 0.801758 0.413330
vt 0.800293 0.425781
vt 0.793457 0.398926
vt 0.780273 0.399658
vt 0.796875 0.412354
vt 0.789551 0.422607
vt 0.791992 0.402100
vt 0.780273 0.406738
vt 0.792969 0.409424
vt 0.782715 0.415527
vt 0.791504 0.405518
vt 0.359619 0.885254
vt 0.334961 0.895508
vt 0.334961 0.875000
vt 0.346191 0.898438
vt 0.369873 0.909668
vt 0.349365 0.909668
vt 0.359619 0.934082
vt 0.323975 0.898438
vt 0.310547 0.885254
vt 0.346191 0.920898
vt 0.334961 0.944336
vt 0.334961 0.909668
vt 0.320801 0.909668
vt 0.300293 0.909668
vt 0.334961 0.923828
vt 0.310547 0.934082
vt 0.323975 0.920898
vt 0.644531 0.873535
vt 0.634766 0.882324
vt 0.624512 0.874023
vt 0.639648 0.867676
vt 0.617188 0.865234
vt 0.649414 0.860352
vt 0.652832 0.864258
vt 0.663574 0.852539
vt 0.646973 0.856445
vt 0.642578 0.852051
vt 0.630371 0.858887
vt 0.638184 0.846680
vt 0.640137 0.831543
vt 0.634766 0.842773
vt 0.627441 0.851074
vt 0.614746 0.856445
vt 0.603027 0.858398
vt 0.602539 0.875488
vt 0.622559 0.873535
vt 0.589844 0.858398
vt 0.616211 0.879395
vt 0.632324 0.885742
vt 0.615723 0.887207
vt 0.615234 0.891113
vt 0.600586 0.886719
vt 0.603027 0.892578
vt 0.587891 0.872559
vt 0.585938 0.884277
vt 0.573730 0.867188
vt 0.578125 0.853516
vt 0.586914 0.887695
vt 0.567871 0.874512
vt 0.562500 0.856445
vt 0.566406 0.848633
vt 0.558594 0.862305
vt 0.553223 0.847656
vt 0.555176 0.841797
vt 0.544922 0.838379
vt 0.551270 0.850586
vt 0.546387 0.851562
vt 0.550293 0.868164
vt 0.561035 0.880371
vt 0.556152 0.883301
vt 0.579590 0.890137
vt 0.574219 0.897461
vt 0.566895 0.900391
vt 0.595703 0.895020
vt 0.591797 0.899902
vt 0.587402 0.908203
vt 0.605469 0.911133
vt 0.603516 0.915039
vt 0.619141 0.918945
vt 0.607422 0.907715
vt 0.610840 0.904785
vt 0.616699 0.906250
vt 0.616699 0.893066
vt 0.457031 0.820312
vt 0.464355 0.810547
vt 0.471191 0.816895
vt 0.458252 0.814453
vt 0.456055 0.797852
vt 0.454102 0.814941
vt 0.451416 0.826660
vt 0.464111 0.831543
vt 0.471191 0.821289
vt 0.576660 0.850098
vt 0.586426 0.846680
vt 0.589355 0.851074
vt 0.594727 0.845703
vt 0.602051 0.850586
vt 0.612305 0.843262
vt 0.614746 0.848633
vt 0.600098 0.834473
vt 0.611816 0.834473
vt 0.625977 0.835938
vt 0.587891 0.833008
vt 0.585449 0.842773
vt 0.623535 0.830078
vt 0.634766 0.829102
vt 0.578125 0.830566
vt 0.575195 0.839844
vt 0.571777 0.827637
vt 0.566406 0.835449
vt 0.555176 0.828125
vt 0.580566 0.821289
vt 0.570801 0.818848
vt 0.561035 0.815430
vt 0.592285 0.822266
vt 0.602051 0.822266
vt 0.612305 0.822754
vt 0.621094 0.821289
vt 0.631836 0.822754
vt 0.629395 0.818359
vt 0.641113 0.818848
vt 0.639160 0.816406
vt 0.637695 0.813477
vt 0.645020 0.809570
vt 1.644531 0.873535
vt 1.624023 0.874023
vt 1.634766 0.882324
vt 1.639648 0.867676
vt 1.617188 0.865234
vt 1.649414 0.860352
vt 1.652344 0.864258
vt 1.664062 0.852539
vt 1.647461 0.856445
vt 1.642578 0.852051
vt 1.630859 0.858887
vt 1.638672 0.846680
vt 1.640625 0.831543
vt 1.634766 0.842773
vt 1.626953 0.851074
vt 1.614258 0.856445
vt 1.602539 0.858398
vt 1.602539 0.875488
vt 1.623047 0.873535
vt 1.589844 0.858398
vt 1.616211 0.879395
vt 1.631836 0.885742
vt 1.615234 0.887207
vt 1.615234 0.891113
vt 1.600586 0.886719
vt 1.603516 0.892578
vt 1.587891 0.872559
vt 1.585938 0.884277
vt 1.574219 0.867188
vt 1.578125 0.853516
vt 1.586914 0.887695
vt 1.568359 0.874512
vt 1.562500 0.856445
vt 1.566406 0.848633
vt 1.558594 0.862305
vt 1.552734 0.847656
vt 1.555664 0.841797
vt 1.544922 0.838379
vt 1.550781 0.850586
vt 1.545898 0.851562
vt 1.550781 0.868164
vt 1.561523 0.880371
vt 1.556641 0.883301
vt 1.580078 0.890137
vt 1.574219 0.897461
vt 1.567383 0.900391
vt 1.595703 0.895020
vt 1.591797 0.899902
vt 1.587891 0.908203
vt 1.605469 0.911133
vt 1.603516 0.915039
vt 1.619141 0.918945
vt 1.607422 0.907715
vt 1.611328 0.904785
vt 1.616211 0.906250
vt 1.617188 0.893066
vt 1.457031 0.820312
vt 1.470703 0.816895
vt 1.463867 0.810547
vt 1.458008 0.814453
vt 1.456055 0.797852
vt 1.454102 0.814941
vt 1.451172 0.826660
vt 1.463867 0.831543
vt 1.471680 0.821289
vt 1.577148 0.850098
vt 1.588867 0.851074
vt 1.585938 0.846680
vt 1.594727 0.845703
vt 1.602539 0.850586
vt 1.612305 0.843262
vt 1.614258 0.848633
vt 1.599609 0.834473
vt 1.612305 0.834473
vt 1.625977 0.835938
vt 1.587891 0.833008
vt 1.584961 0.842773
vt 1.624023 0.830078
vt 1.634766 0.829102
vt 1.578125 0.830566
vt 1.575195 0.839844
vt 1.572266 0.827637
vt 1.566406 0.835449
vt 1.555664 0.828125
vt 1.580078 0.821289
vt 1.570312 0.818848
vt 1.560547 0.815430
vt 1.592773 0.822266
vt 1.602539 0.822266
vt 1.612305 0.822754
vt 1.621094 0.821289
vt 1.631836 0.822754
vt 1.629883 0.818359
vt 1.640625 0.818848
vt 1.638672 0.816406
vt 1.637695 0.813477
vt 1.644531 0.809570
vt 0.105408 0.826172
vt 0.115662 0.854004
vt 0.101807 0.849609
vt 0.124573 0.840332
vt 0.124329 0.807129
vt 0.144287 0.821289
vt 0.148926 0.786621
vt 0.160034 0.804688
vt 0.174072 0.812500
vt 0.125854 0.863281
vt 0.175049 0.837402
vt 0.136841 0.852051
vt 0.135864 0.874512
vt 0.153320 0.843262
vt 0.151978 0.868164
vt 0.152100 0.891113
vt 0.161865 0.859863
vt 0.175171 0.849121
vt 0.178711 0.864258
vt 0.163452 0.881348
vt 0.171875 0.872559
vt 0.188232 0.874023
vt 0.185425 0.879395
vt 0.178833 0.890137
vt 0.167847 0.904297
vt 0.189331 0.905762
vt 0.211914 0.897949
vt 0.187866 0.919434
vt 0.213867 0.909180
vt 0.229126 0.887695
vt 0.219727 0.917969
vt 0.202637 0.934570
vt 0.223633 0.929199
vt 0.237305 0.895996
vt 0.239502 0.911621
vt 0.244385 0.924316
vt 0.248901 0.877441
vt 0.232300 0.872559
vt 0.267578 0.892090
vt 0.266113 0.924805
vt 0.256592 0.884766
vt 0.254639 0.855469
vt 0.229370 0.851074
vt 0.265625 0.821777
vt 0.234863 0.817871
vt 0.263428 0.861328
vt 0.216309 0.835938
vt 0.273926 0.863770
vt 0.287354 0.867188
vt 0.281250 0.892090
vt 0.295410 0.894531
vt 0.287354 0.924316
vt 0.311768 0.924805
vt 0.302002 0.867676
vt 0.319824 0.895508
vt 0.333496 0.929199
vt 0.285645 0.828613
vt 0.287109 0.798340
vt 0.324951 0.870117
vt 0.306396 0.832520
vt 0.342285 0.902344
vt 0.353027 0.934570
vt 0.353271 0.876953
vt 0.361084 0.905273
vt 0.366699 0.938965
vt 0.380127 0.912109
vt 0.370117 0.878418
vt 0.392334 0.886230
vt 0.404297 0.848633
vt 0.381836 0.840332
vt 0.415771 0.815918
vt 0.368164 0.834961
vt 0.383545 0.799805
vt 0.438232 0.767578
vt 0.327393 0.837891
vt 0.368652 0.802734
vt 0.374023 0.762207
vt 0.352539 0.803711
vt 0.309082 0.800293
vt 0.332764 0.804199
vt 0.342773 0.755371
vt 0.295654 0.772461
vt 0.288086 0.773926
vt 0.284424 0.745117
vt 0.278564 0.770508
vt 0.266357 0.766602
vt 0.272949 0.792480
vt 0.242065 0.786621
vt 0.222900 0.812988
vt 0.231934 0.787598
vt 0.242554 0.765625
vt 0.224609 0.784180
vt 0.219360 0.776367
vt 0.210205 0.808594
vt 0.200928 0.831055
vt 0.203247 0.784180
vt 0.193359 0.810059
vt 0.189209 0.791504
vt 0.207642 0.533691
vt 0.202026 0.533203
vt 0.200317 0.510254
vt 0.216919 0.520996
vt 0.198120 0.481689
vt 0.224731 0.509766
vt 0.210693 0.535156
vt 0.227783 0.526367
vt 0.246704 0.517090
vt 0.229248 0.540527
vt 0.245483 0.545410
vt 0.211670 0.550781
vt 0.198242 0.546387
vt 0.201538 0.554688
vt 0.227173 0.558594
vt 0.253418 0.572266
vt 0.215698 0.563477
vt 0.221191 0.581055
vt 0.209961 0.562500
vt 0.205933 0.590820
vt 0.199707 0.589355
vt 0.194336 0.604492
vt 0.194702 0.587402
vt 0.190430 0.569824
vt 0.193115 0.558105
vt 0.178955 0.568848
vt 0.181274 0.555176
vt 0.179565 0.544922
vt 1.105469 0.826172
vt 1.101562 0.849609
vt 1.115234 0.854004
vt 1.125000 0.840332
vt 1.124023 0.807129
vt 1.144531 0.821289
vt 1.149414 0.786621
vt 1.160156 0.804688
vt 1.173828 0.812500
vt 1.125977 0.863281
vt 1.174805 0.837402
vt 1.136719 0.852051
vt 1.135742 0.874512
vt 1.153320 0.843262
vt 1.152344 0.868164
vt 1.152344 0.891113
vt 1.162109 0.859863
vt 1.174805 0.849121
vt 1.178711 0.864258
vt 1.163086 0.881348
vt 1.171875 0.872559
vt 1.188477 0.874023
vt 1.185547 0.879395
vt 1.178711 0.890137
vt 1.167969 0.904297
vt 1.189453 0.905762
vt 1.211914 0.897949
vt 1.187500 0.919434
vt 1.213867 0.909180
vt 1.229492 0.887695
vt 1.219727 0.917969
vt 1.202148 0.934570
vt 1.223633 0.929199
vt 1.237305 0.895996
vt 1.239258 0.911621
vt 1.244141 0.924316
vt 1.249023 0.877441
vt 1.232422 0.872559
vt 1.267578 0.892090
vt 1.266602 0.924805
vt 1.256836 0.884766
vt 1.254883 0.855469
vt 1.229492 0.851074
vt 1.265625 0.821777
vt 1.235352 0.817871
vt 1.263672 0.861328
vt 1.216797 0.835938
vt 1.274414 0.863770
vt 1.287109 0.867188
vt 1.281250 0.892090
vt 1.295898 0.894531
vt 1.287109 0.924316
vt 1.311523 0.924805
vt 1.301758 0.867676
vt 1.320312 0.895508
vt 1.333008 0.929199
vt 1.286133 0.828613
vt 1.287109 0.798340
vt 1.325195 0.870117
vt 1.306641 0.832520
vt 1.341797 0.902344
vt 1.352539 0.934570
vt 1.353516 0.876953
vt 1.361328 0.905273
vt 1.366211 0.938965
vt 1.379883 0.912109
vt 1.370117 0.878418
vt 1.392578 0.886230
vt 1.404297 0.848633
vt 1.381836 0.840332
vt 1.416016 0.815918
vt 1.368164 0.834961
vt 1.383789 0.799805
vt 1.438477 0.767578
vt 1.327148 0.837891
vt 1.369141 0.802734
vt 1.374023 0.762207
vt 1.352539 0.803711
vt 1.308594 0.800293
vt 1.333008 0.804199
vt 1.342773 0.755371
vt 1.295898 0.772461
vt 1.288086 0.773926
vt 1.284180 0.745117
vt 1.278320 0.770508
vt 1.266602 0.766602
vt 1.273438 0.792480
vt 1.242188 0.786621
vt 1.222656 0.812988
vt 1.231445 0.787598
vt 1.242188 0.765625
vt 1.224609 0.784180
vt 1.219727 0.776367
vt 1.209961 0.808594
vt 1.201172 0.831055
vt 1.203125 0.784180
vt 1.193359 0.810059
vt 1.189453 0.791504
vt 1.208008 0.533691
vt 1.200195 0.510254
vt 1.202148 0.533203
vt 1.203125 0.509766
vt 1.198242 0.481689
vt 1.224609 0.509766
vt 1.216797 0.521484
vt 1.247070 0.517090
vt 1.210938 0.535156
vt 1.224609 0.528320
vt 1.245117 0.545410
vt 1.225586 0.539551
vt 1.252930 0.572266
vt 1.211914 0.550781
vt 1.198242 0.546387
vt 1.220703 0.555176
vt 1.214844 0.559570
vt 1.220703 0.581055
vt 1.210938 0.559082
vt 1.206055 0.590820
vt 1.201172 0.554688
vt 1.199219 0.589355
vt 1.194336 0.604492
vt 1.194336 0.587402
vt 1.190430 0.569824
vt 1.193359 0.558105
vt 1.178711 0.568848
vt 1.181641 0.555176
vt 1.179688 0.544922
vt 0.489258 0.784668
vt 0.508789 0.789551
vt 0.493652 0.793945
vt 0.505371 0.775391
vt 0.483887 0.777832
vt 0.528320 0.780273
vt 0.525391 0.795898
vt 0.495850 0.768066
vt 0.480713 0.775391
vt 0.542969 0.785645
vt 0.543945 0.805176
vt 0.572754 0.803223
vt 0.484619 0.763672
vt 0.465332 0.769531
vt 0.574219 0.793457
vt 0.591797 0.803711
vt 0.594238 0.797852
vt 0.577637 0.772461
vt 0.602539 0.777832
vt 0.549805 0.765137
vt 0.583984 0.747070
vt 0.611816 0.750977
vt 0.619141 0.725098
vt 0.467773 0.758789
vt 0.453125 0.766602
vt 0.524414 0.760742
vt 0.556152 0.742188
vt 0.504395 0.751465
vt 0.487305 0.750000
vt 0.471436 0.744629
vt 0.455566 0.756348
vt 0.533691 0.735352
vt 0.513672 0.729004
vt 0.496094 0.725098
vt 0.443359 0.753906
vt 0.440918 0.764648
vt 0.425781 0.751953
vt 0.424072 0.764160
vt 0.446045 0.739746
vt 0.413818 0.751465
vt 0.420654 0.764648
vt 0.479736 0.720703
vt 0.458984 0.741699
vt 0.464355 0.717773
vt 0.429443 0.738281
vt 0.401611 0.754395
vt 0.412354 0.769043
vt 0.448975 0.714844
vt 0.469727 0.693848
vt 0.486328 0.697266
vt 0.413086 0.732910
vt 0.432129 0.711914
vt 0.453369 0.690430
vt 0.392822 0.766113
vt 0.404541 0.775879
vt 0.378906 0.750000
vt 0.374756 0.765137
vt 0.390869 0.733398
vt 0.414551 0.708984
vt 0.363037 0.749023
vt 0.353760 0.766602
vt 0.328613 0.753906
vt 0.365967 0.728027
vt 0.331299 0.744141
vt 0.310547 0.746582
vt 0.311035 0.740234
vt 0.337158 0.723633
vt 0.312256 0.719238
vt 0.393311 0.707031
vt 0.436035 0.687012
vt 0.369873 0.704102
vt 0.342529 0.698242
vt 0.315186 0.690918
vt 0.319580 0.664551
vt 0.417969 0.684082
vt 0.397217 0.680664
vt 0.373535 0.677246
vt 0.347168 0.673340
vt 0.354004 0.642578
vt 0.326904 0.633301
vt 0.378418 0.648438
vt 0.401855 0.653809
vt 0.423096 0.658203
vt 0.441162 0.662109
vt 0.361328 0.611816
vt 0.335693 0.601562
vt 0.384766 0.619141
vt 0.407471 0.625488
vt 0.428711 0.631348
vt 0.370117 0.583496
vt 0.343506 0.576660
vt 0.392578 0.590332
vt 0.414307 0.597168
vt 0.379395 0.553711
vt 0.354736 0.545898
vt 0.400879 0.560547
vt 0.389404 0.523926
vt 0.365723 0.518066
vt 0.447021 0.635742
vt 0.435303 0.604004
vt 0.421875 0.567871
vt 0.410156 0.530762
vt 0.401367 0.492432
vt 0.380127 0.485352
vt 0.396729 0.451660
vt 0.453125 0.608398
vt 0.441895 0.574707
vt 0.430176 0.537598
vt 0.420654 0.500000
vt 0.449707 0.544434
vt 0.439697 0.507812
vt 0.459717 0.579590
vt 0.467529 0.549805
vt 0.458740 0.514648
vt 0.449707 0.477295
vt 0.432129 0.468750
vt 0.414795 0.459473
vt 0.430664 0.428223
vt 0.415527 0.417480
vt 0.444824 0.439941
vt 0.459961 0.448730
vt 0.447754 0.400635
vt 0.432861 0.389404
vt 0.457764 0.414551
vt 0.470459 0.369629
vt 0.453125 0.356689
vt 0.470215 0.422607
vt 0.469238 0.394531
vt 0.467285 0.483643
vt 0.491943 0.322510
vt 0.479492 0.314941
vt 0.512207 0.284180
vt 0.504395 0.278564
vt 0.520508 0.261230
vt 0.525879 0.266357
vt 0.530273 0.251709
vt 0.483643 0.427490
vt 0.475586 0.454834
vt 0.499268 0.426025
vt 0.480225 0.399170
vt 0.483887 0.488037
vt 0.489746 0.405273
vt 0.490967 0.373291
vt 0.491699 0.457764
vt 0.475830 0.519043
vt 0.500000 0.491455
vt 0.484131 0.554199
vt 0.505859 0.388184
vt 0.507812 0.333740
vt 0.522949 0.342285
vt 0.522461 0.297363
vt 0.530762 0.273682
vt 0.538086 0.301025
vt 0.536621 0.344238
vt 0.545898 0.259033
vt 0.561035 0.259521
vt 0.524414 0.387939
vt 0.536133 0.254639
vt 0.554199 0.234619
vt 0.551270 0.231567
vt 0.560059 0.239502
vt 0.564941 0.223755
vt 0.562988 0.221191
vt 0.573730 0.217651
vt 0.573730 0.219849
vt 0.577637 0.219238
vt 0.568848 0.227173
vt 0.566895 0.242920
vt 0.571777 0.244507
vt 0.572754 0.230225
vt 0.574219 0.221191
vt 0.576172 0.220703
vt 0.575684 0.219849
vt 0.574707 0.230713
vt 0.577148 0.220459
vt 0.579102 0.220581
vt 0.578125 0.221069
vt 0.580566 0.221313
vt 0.581543 0.219360
vt 0.577148 0.231079
vt 0.579590 0.222290
vt 0.582031 0.229858
vt 0.586914 0.228271
vt 0.589844 0.226562
vt 0.596191 0.240601
vt 0.577148 0.244873
vt 0.574707 0.262207
vt 0.584473 0.244507
vt 0.592285 0.242310
vt 0.606445 0.267334
vt 0.588867 0.267822
vt 0.600098 0.267578
vt 0.604004 0.282227
vt 0.611328 0.279785
vt 0.608398 0.303711
vt 0.618164 0.301758
vt 0.625488 0.344482
vt 0.596191 0.286865
vt 0.610840 0.346680
vt 0.631348 0.392822
vt 0.578125 0.309082
vt 0.593750 0.311768
vt 0.609863 0.397949
vt 0.635254 0.430420
vt 0.591309 0.350586
vt 0.573730 0.352539
vt 0.617188 0.434814
vt 0.639160 0.462646
vt 0.589355 0.393311
vt 0.620605 0.466553
vt 0.641602 0.500977
vt 0.600098 0.420898
vt 0.602051 0.443848
vt 0.560547 0.349121
vt 0.569824 0.401123
vt 0.566406 0.306641
vt 0.621582 0.501465
vt 0.602539 0.471924
vt 0.586914 0.446289
vt 0.588379 0.420898
vt 0.619629 0.536621
vt 0.642090 0.538574
vt 0.640625 0.574219
vt 0.601562 0.502930
vt 0.576660 0.422852
vt 0.559082 0.438232
vt 0.572754 0.445557
vt 0.584961 0.474121
vt 0.616699 0.569824
vt 0.638672 0.603027
vt 0.598633 0.536133
vt 0.612793 0.601074
vt 0.635742 0.635742
vt 0.552734 0.393799
vt 0.568359 0.473389
vt 0.582031 0.503906
vt 0.594727 0.567871
vt 0.608398 0.631836
vt 0.632324 0.661621
vt 0.562988 0.502930
vt 0.578125 0.535645
vt 0.590332 0.599121
vt 0.604004 0.661133
vt 0.626465 0.693848
vt 0.557617 0.534668
vt 0.545898 0.500488
vt 0.573730 0.566895
vt 0.584961 0.629395
vt 0.597656 0.691895
vt 0.552734 0.565430
vt 0.567871 0.597168
vt 0.579590 0.658691
vt 0.590332 0.722656
vt 0.562012 0.626953
vt 0.546875 0.595703
vt 0.534180 0.563477
vt 0.572754 0.687988
vt 0.564941 0.715820
vt 0.556152 0.655762
vt 0.540039 0.625000
vt 0.541504 0.709961
vt 0.548828 0.683594
vt 0.520996 0.705078
vt 0.534180 0.652832
vt 0.527832 0.679688
vt 0.528320 0.593750
vt 0.503418 0.700684
vt 0.521973 0.622559
vt 0.509766 0.675781
vt 0.515625 0.649902
vt 0.492188 0.672363
vt 0.498047 0.646973
vt 0.503906 0.620117
vt 0.510742 0.591797
vt 0.475342 0.669434
vt 0.480957 0.644043
vt 0.458496 0.665527
vt 0.464355 0.640137
vt 0.487061 0.617676
vt 0.470459 0.613281
vt 0.493408 0.589844
vt 0.476807 0.584961
vt 0.500488 0.558594
vt 0.507812 0.526367
vt 0.517090 0.561035
vt 0.540039 0.531738
vt 0.523438 0.529297
vt 0.530273 0.497559
vt 0.492188 0.522949
vt 0.515137 0.493896
vt 0.552246 0.469971
vt 0.536133 0.466553
vt 0.507812 0.460693
vt 0.542480 0.434082
vt 0.521973 0.463623
vt 0.516113 0.428711
vt 0.529297 0.431152
vt 0.539062 0.389404
vt 0.548828 0.345459
vt 0.549805 0.303223
vt 0.558105 0.304688
vt 0.567871 0.261230
vt 0.117676 0.649414
vt 0.117737 0.657227
vt 0.113892 0.667480
vt 0.108887 0.658203
vt 0.115051 0.638184
vt 0.105347 0.676270
vt 0.104431 0.646973
vt 0.112366 0.627441
vt 0.100098 0.666016
vt 0.099304 0.635254
vt 0.101929 0.615234
vt 0.091125 0.672363
vt 0.096558 0.683594
vt 0.095276 0.683594
vt 0.085144 0.679688
vt 0.094727 0.654785
vt 0.092957 0.623047
vt 0.091492 0.601074
vt 0.084839 0.674316
vt 0.076355 0.676270
vt 0.085449 0.663086
vt 0.089111 0.644043
vt 0.078247 0.669434
vt 0.064575 0.672363
vt 0.078857 0.652832
vt 0.067627 0.661133
vt 0.053772 0.666016
vt 0.083923 0.630859
vt 0.054016 0.659180
vt 0.051453 0.666504
vt 0.074280 0.638184
vt 0.085449 0.609375
vt 0.029236 0.658691
vt 0.040649 0.671875
vt 0.026489 0.664551
vt 0.006611 0.649414
vt 0.003368 0.659668
vt 0.030838 0.648438
vt 0.009972 0.640625
vt 0.064087 0.644531
vt 0.078491 0.616699
vt 0.078125 0.597656
vt 0.083740 0.590820
vt 0.075989 0.581055
vt 0.033264 0.634277
vt 0.013939 0.626465
vt 0.054016 0.644531
vt 0.069702 0.623535
vt 0.073242 0.603516
vt 0.035492 0.620605
vt 0.020416 0.611328
vt 0.061066 0.628906
vt 0.052979 0.631348
vt 0.066040 0.608887
vt 0.037445 0.606934
vt 0.024445 0.600098
vt 0.053101 0.614258
vt 0.058502 0.612793
vt 0.039032 0.593262
vt 0.029541 0.589355
vt 0.055603 0.597168
vt 0.052002 0.597656
vt 0.062042 0.594727
vt 0.040680 0.581055
vt 0.034119 0.580566
vt 0.052094 0.582031
vt 0.049042 0.582520
vt 0.067810 0.591797
vt 0.043640 0.566895
vt 0.038422 0.568359
vt 0.046722 0.553711
vt 0.048523 0.570312
vt 0.057587 0.580566
vt 0.052032 0.568359
vt 0.054932 0.567383
vt 0.059418 0.564941
vt 0.062195 0.579102
vt 0.068359 0.574219
vt 0.071655 0.588379
vt 1.105469 0.676270
vt 1.095703 0.683594
vt 1.096680 0.683594
vt 1.090820 0.672363
vt 1.084961 0.679688
vt 1.084961 0.674316
vt 1.076172 0.676270
vt 1.078125 0.669434
vt 1.064453 0.672363
vt 1.084961 0.663086
vt 1.099609 0.666016
vt 1.067383 0.661133
vt 1.053711 0.666016
vt 1.109375 0.658203
vt 1.114258 0.667480
vt 1.118164 0.649414
vt 1.118164 0.657227
vt 1.115234 0.638184
vt 1.104492 0.646973
vt 1.112305 0.627441
vt 1.094727 0.654785
vt 1.099609 0.635254
vt 1.101562 0.615234
vt 1.088867 0.644043
vt 1.092773 0.623047
vt 1.091797 0.601074
vt 1.079102 0.652832
vt 1.083984 0.630859
vt 1.085938 0.609375
vt 1.074219 0.638184
vt 1.078125 0.597656
vt 1.083984 0.590820
vt 1.076172 0.581055
vt 1.078125 0.616699
vt 1.073242 0.603516
vt 1.064453 0.644531
vt 1.069336 0.623535
vt 1.066406 0.608887
vt 1.053711 0.659180
vt 1.051758 0.666504
vt 1.029297 0.658691
vt 1.041016 0.671875
vt 1.026367 0.664551
vt 1.006836 0.649414
vt 1.002930 0.659668
vt 1.031250 0.648438
vt 1.009766 0.640625
vt 1.053711 0.644531
vt 1.033203 0.634277
vt 1.013672 0.626465
vt 1.061523 0.628906
vt 1.035156 0.620605
vt 1.020508 0.611328
vt 1.052734 0.631348
vt 1.058594 0.612793
vt 1.052734 0.614258
vt 1.037109 0.606934
vt 1.024414 0.600098
vt 1.055664 0.597168
vt 1.039062 0.593262
vt 1.029297 0.589355
vt 1.051758 0.597656
vt 1.062500 0.594727
vt 1.041016 0.581055
vt 1.034180 0.580566
vt 1.051758 0.582031
vt 1.048828 0.582520
vt 1.067383 0.591797
vt 1.043945 0.566895
vt 1.038086 0.568359
vt 1.046875 0.553711
vt 1.048828 0.570312
vt 1.057617 0.580566
vt 1.051758 0.568359
vt 1.054688 0.567383
vt 1.059570 0.564941
vt 1.062500 0.579102
vt 1.068359 0.574219
vt 1.071289 0.588379
vt 0.655762 0.848145
vt 0.649902 0.845703
vt 0.650391 0.840332
vt 0.656250 0.841309
vt 0.648926 0.792969
vt 0.666504 0.840820
vt 0.666992 0.847168
vt 0.678223 0.847656
vt 0.656738 0.793457
vt 0.645508 0.760742
vt 0.678223 0.840820
vt 0.689941 0.848145
vt 0.666504 0.793457
vt 0.654785 0.759766
vt 0.653809 0.725098
vt 0.643555 0.726074
vt 0.644531 0.700195
vt 0.665527 0.757812
vt 0.677734 0.792480
vt 0.689453 0.840820
vt 0.654297 0.700684
vt 0.665039 0.723633
vt 0.676758 0.755371
vt 0.689453 0.791504
vt 0.655273 0.691895
vt 0.646484 0.691406
vt 0.655762 0.684082
vt 0.647461 0.683594
vt 0.648926 0.657227
vt 0.699219 0.848145
vt 0.699707 0.841309
vt 0.698242 0.854004
vt 0.689453 0.854004
vt 0.687012 0.878418
vt 0.678711 0.876465
vt 0.666504 0.896484
vt 0.674805 0.900879
vt 0.664551 0.900391
vt 0.697754 0.882812
vt 0.706055 0.854492
vt 0.699707 0.791016
vt 0.707520 0.841797
vt 0.707031 0.848633
vt 0.687988 0.752441
vt 0.676270 0.722656
vt 0.665039 0.700684
vt 0.665527 0.692383
vt 0.665527 0.684570
vt 0.714844 0.855469
vt 0.715820 0.849609
vt 0.709961 0.886230
vt 0.705566 0.916992
vt 0.687012 0.908691
vt 0.723633 0.889648
vt 0.722656 0.920898
vt 0.736816 0.891602
vt 0.736816 0.860840
vt 0.726074 0.855469
vt 0.726074 0.849609
vt 0.716309 0.842285
vt 0.726562 0.842773
vt 0.708984 0.791992
vt 0.718262 0.792480
vt 0.699219 0.753906
vt 0.709473 0.757812
vt 0.687988 0.722168
vt 0.699219 0.722168
vt 0.675781 0.700195
vt 0.687500 0.699707
vt 0.676270 0.692383
vt 0.687500 0.692383
vt 0.676270 0.684570
vt 0.687500 0.685059
vt 0.699219 0.691406
vt 0.699219 0.684082
vt 0.687500 0.662109
vt 0.676758 0.660156
vt 0.699219 0.699219
vt 0.666504 0.658691
vt 0.657227 0.657715
vt 0.653809 0.558105
vt 0.649902 0.557617
vt 0.663086 0.558594
vt 0.673828 0.559570
vt 0.687012 0.559082
vt 0.700195 0.558594
vt 0.710449 0.684570
vt 0.709961 0.660645
vt 0.711426 0.558105
vt 0.710449 0.692383
vt 0.721191 0.685059
vt 0.720703 0.659180
vt 0.722168 0.557617
vt 0.710449 0.700195
vt 0.721191 0.692871
vt 0.731445 0.685059
vt 0.730957 0.658203
vt 0.732422 0.557129
vt 0.709961 0.723145
vt 0.721680 0.701172
vt 0.731445 0.693359
vt 0.740723 0.684570
vt 0.740234 0.657715
vt 0.743164 0.557617
vt 0.746582 0.557617
vt 0.748535 0.657227
vt 0.749023 0.683594
vt 0.740723 0.692383
vt 0.749512 0.691895
vt 0.732910 0.701172
vt 0.739746 0.701172
vt 0.749512 0.700684
vt 0.752441 0.726562
vt 0.742188 0.727539
vt 0.720703 0.725586
vt 0.740234 0.761230
vt 0.749023 0.761230
vt 0.744629 0.793457
vt 0.731445 0.727539
vt 0.719727 0.760254
vt 0.729980 0.761230
vt 0.736816 0.793457
vt 0.740234 0.841309
vt 0.728027 0.793457
vt 0.734375 0.842285
vt 0.740723 0.846191
vt 0.735352 0.848145
vt 0.743652 0.852051
vt 0.750488 0.845703
vt 0.746094 0.843750
vt 0.753906 0.853027
vt 0.761230 0.842285
vt 0.763672 0.848633
vt 0.750000 0.857910
vt 0.761230 0.858887
vt 0.768066 0.854980
vt 0.745605 0.867188
vt 0.766113 0.862793
vt 0.770508 0.858398
vt 0.756836 0.863770
vt 0.777832 0.870117
vt 0.781250 0.866699
vt 0.780762 0.872070
vt 0.783691 0.868164
vt 0.786133 0.869629
vt 0.775391 0.873535
vt 0.763672 0.868164
vt 0.778809 0.875488
vt 0.753418 0.870605
vt 0.760254 0.873535
vt 0.774414 0.876953
vt 0.745605 0.886719
vt 0.777832 0.877930
vt 0.753418 0.884277
vt 0.782227 0.876953
vt 0.781250 0.880371
vt 0.783691 0.874023
vt 0.788086 0.875488
vt 0.790039 0.872070
vt 0.786621 0.878418
vt 0.785645 0.881836
vt 0.780273 0.885254
vt 0.791992 0.877441
vt 0.794434 0.874512
vt 0.798828 0.878906
vt 0.790527 0.879883
vt 0.796387 0.880859
vt 0.798828 0.881836
vt 0.797852 0.884277
vt 0.794922 0.882324
vt 0.796387 0.885254
vt 0.790039 0.882812
vt 0.794434 0.883789
vt 0.793945 0.886230
vt 0.794922 0.889648
vt 0.789551 0.886719
vt 0.789062 0.891113
vt 0.783691 0.890625
vt 0.784668 0.886230
vt 0.778320 0.890625
vt 0.775391 0.884766
vt 0.774414 0.890625
vt 0.771484 0.883789
vt 0.772461 0.890137
vt 0.759766 0.883789
vt 0.759766 0.889160
vt 0.756348 0.890137
vt 0.751953 0.895508
vt 0.748047 0.901855
vt 0.744629 0.918945
vt 0.734375 0.918457
vt 0.736816 0.928223
vt 0.745117 0.927734
vt 0.748047 0.937500
vt 0.729492 0.931152
vt 0.740723 0.936035
vt 0.753906 0.948730
vt 0.747559 0.950684
vt 0.756348 0.953613
vt 0.733887 0.939453
vt 0.750488 0.955566
vt 0.758301 0.958008
vt 0.742676 0.953125
vt 0.729492 0.943848
vt 0.724609 0.939453
vt 0.737793 0.956055
vt 0.744629 0.958008
vt 0.739746 0.960938
vt 0.752441 0.959473
vt 0.762207 0.966309
vt 0.746582 0.962402
vt 0.742188 0.964844
vt 0.756348 0.968262
vt 0.763184 0.968750
vt 0.750000 0.970703
vt 0.746094 0.974609
vt 0.747070 0.976562
vt 0.750977 0.973145
vt 0.748047 0.978516
vt 0.758301 0.970703
vt 0.752441 0.975098
vt 0.758789 0.972656
vt 0.764160 0.971191
vt 0.764160 0.979004
vt 0.760254 0.979492
vt 0.762207 0.982910
vt 0.757324 0.984863
vt 0.755859 0.981445
vt 0.753418 0.984375
vt 0.797363 0.833984
vt 0.795898 0.839355
vt 0.794922 0.834473
vt 0.798340 0.839355
vt 0.800293 0.833008
vt 0.799805 0.845215
vt 0.795898 0.846191
vt 0.801758 0.850098
vt 0.797852 0.852051
vt 0.805176 0.854492
vt 0.801758 0.856934
vt 0.805176 0.859863
vt 0.808105 0.858398
vt 0.806641 0.861328
vt 0.808105 0.852539
vt 0.805664 0.848145
vt 0.812012 0.850098
vt 0.803223 0.843262
vt 0.810059 0.856445
vt 0.800781 0.837891
vt 0.809570 0.845215
vt 0.802246 0.836426
vt 0.803223 0.833496
vt 0.809570 0.837891
vt 0.806152 0.840820
vt 0.813477 0.842285
vt 0.816406 0.846680
vt 0.817871 0.849609
vt 0.813477 0.853516
vt 0.818848 0.852051
vt 0.814941 0.854980
vt 0.829102 0.860840
vt 0.811035 0.857422
vt 0.809082 0.859375
vt 0.819336 0.869141
vt 0.816895 0.870605
vt 0.813477 0.871582
vt 0.817871 0.874023
vt 0.813965 0.874023
vt 0.824707 0.865723
vt 0.821777 0.872559
vt 0.818848 0.879883
vt 0.813965 0.880371
vt 0.827637 0.869141
vt 0.832520 0.862305
vt 0.839844 0.864258
vt 0.832520 0.877930
vt 0.846191 0.866699
vt 0.823730 0.879395
vt 0.819336 0.890625
vt 0.812500 0.887207
vt 0.813965 0.904785
vt 0.825684 0.887695
vt 0.819824 0.904785
vt 0.812988 0.911621
vt 0.818359 0.914062
vt 0.810059 0.919922
vt 0.840332 0.887207
vt 0.840820 0.913574
vt 0.825195 0.908691
vt 0.859863 0.889648
vt 0.858398 0.868164
vt 0.848633 0.854004
vt 0.861816 0.855469
vt 0.850586 0.849121
vt 0.861816 0.850586
vt 0.874512 0.854492
vt 0.873535 0.851074
vt 0.884766 0.847656
vt 0.889160 0.852539
vt 0.875000 0.870605
vt 0.876465 0.888184
vt 0.882324 0.911133
vt 0.862793 0.914551
vt 0.880859 0.858398
vt 0.888672 0.884766
vt 0.885742 0.869629
vt 0.883789 0.856445
vt 0.888672 0.867676
vt 0.900391 0.876953
vt 0.893555 0.880859
vt 0.901855 0.900391
vt 0.897949 0.903320
vt 0.903809 0.902344
vt 0.895020 0.905762
vt 0.900391 0.905762
vt 0.905273 0.903809
vt 0.897949 0.908691
vt 0.901855 0.907227
vt 0.903809 0.908691
vt 0.906738 0.905762
vt 0.914062 0.908691
vt 0.892090 0.914551
vt 0.887695 0.921387
vt 0.898926 0.909668
vt 0.912109 0.913086
vt 0.916504 0.909668
vt 0.894043 0.915039
vt 0.900391 0.910645
vt 0.914551 0.914062
vt 0.919434 0.911621
vt 0.896973 0.916016
vt 0.910645 0.916016
vt 0.891602 0.920410
vt 0.895020 0.919922
vt 0.907715 0.920410
vt 0.917480 0.915527
vt 0.928223 0.915527
vt 0.913086 0.916992
vt 0.926270 0.918945
vt 0.930176 0.916504
vt 0.916016 0.918457
vt 0.910645 0.921387
vt 0.906738 0.923340
vt 0.896484 0.927734
vt 0.895020 0.927734
vt 0.892090 0.927246
vt 0.904785 0.927734
vt 0.890137 0.927734
vt 0.910156 0.924316
vt 0.907227 0.928711
vt 0.913574 0.922852
vt 0.913086 0.924805
vt 0.911133 0.930664
vt 0.885254 0.925293
vt 0.890137 0.928711
vt 0.923828 0.921387
vt 0.920410 0.929199
vt 0.919922 0.933594
vt 0.920898 0.926270
vt 0.922852 0.930176
vt 0.921875 0.934570
vt 0.924805 0.934570
vt 0.922852 0.927246
vt 0.925781 0.922852
vt 0.924805 0.930664
vt 0.927734 0.920410
vt 0.932129 0.918457
vt 0.929688 0.921875
vt 0.936523 0.923828
vt 0.925293 0.927734
vt 0.930176 0.932129
vt 0.931152 0.935547
vt 0.927246 0.924316
vt 0.933594 0.925293
vt 0.930176 0.929688
vt 0.932617 0.931152
vt 0.936035 0.933594
vt 0.932129 0.926758
vt 0.934082 0.928223
vt 0.937988 0.928223
vt 0.662109 0.542480
vt 0.649902 0.541504
vt 0.650391 0.520020
vt 0.663574 0.520996
vt 0.673340 0.542969
vt 0.650879 0.494629
vt 0.674316 0.521484
vt 0.684082 0.544434
vt 0.665039 0.495850
vt 0.653320 0.471680
vt 0.684570 0.522949
vt 0.698242 0.543945
vt 0.666016 0.472656
vt 0.652344 0.446777
vt 0.676270 0.496338
vt 0.697266 0.522949
vt 0.716797 0.543457
vt 0.667480 0.445068
vt 0.653809 0.435059
vt 0.678223 0.473389
vt 0.686035 0.497803
vt 0.714844 0.522461
vt 0.731445 0.541016
vt 0.697754 0.498047
vt 0.687988 0.474365
vt 0.680176 0.444824
vt 0.668457 0.435303
vt 0.729004 0.520020
vt 0.749023 0.537598
vt 0.747070 0.516113
vt 0.712891 0.497559
vt 0.725098 0.495361
vt 0.741699 0.490723
vt 0.697754 0.474609
vt 0.690430 0.447021
vt 0.720703 0.472656
vt 0.735352 0.468750
vt 0.710938 0.474365
vt 0.719727 0.447754
vt 0.729004 0.445801
vt 0.699707 0.448486
vt 0.710449 0.448730
vt 0.680664 0.435059
vt 0.719238 0.437256
vt 0.729492 0.436035
vt 0.709961 0.437744
vt 0.689941 0.436768
vt 0.698730 0.437744
vt 0.719727 0.427246
vt 0.729492 0.425781
vt 0.709961 0.427734
vt 0.700684 0.427246
vt 0.692383 0.426025
vt 0.719727 0.417725
vt 0.729004 0.416504
vt 0.730469 0.408936
vt 0.710449 0.418213
vt 0.701172 0.417969
vt 0.720703 0.409180
vt 0.685547 0.424072
vt 0.680176 0.420166
vt 0.693359 0.416504
vt 0.687012 0.415283
vt 0.709961 0.409668
vt 0.720703 0.391846
vt 0.730957 0.392090
vt 0.699707 0.409912
vt 0.692871 0.407715
vt 0.709473 0.392334
vt 0.721191 0.374756
vt 0.731934 0.375488
vt 0.698730 0.393311
vt 0.708984 0.375000
vt 0.719727 0.360352
vt 0.730957 0.360107
vt 0.682129 0.407959
vt 0.672852 0.407471
vt 0.691406 0.392578
vt 0.698242 0.376709
vt 0.708496 0.361084
vt 0.718750 0.345703
vt 0.729980 0.344482
vt 0.725586 0.330566
vt 0.681641 0.392578
vt 0.690430 0.377441
vt 0.698242 0.362305
vt 0.708008 0.347168
vt 0.716309 0.332031
vt 0.721680 0.316406
vt 0.697754 0.348145
vt 0.689941 0.363037
vt 0.681152 0.377197
vt 0.707031 0.333496
vt 0.714355 0.318359
vt 0.689453 0.348633
vt 0.681641 0.362793
vt 0.698242 0.334229
vt 0.681641 0.348389
vt 0.708008 0.286865
vt 0.713379 0.285645
vt 0.706055 0.319580
vt 0.690430 0.334717
vt 0.704590 0.255127
vt 0.708984 0.254395
vt 0.708496 0.244629
vt 0.703613 0.248535
vt 0.699707 0.255859
vt 0.699219 0.250977
vt 0.702637 0.287598
vt 0.698242 0.320312
vt 0.696777 0.288330
vt 0.694824 0.256592
vt 0.693848 0.249146
vt 0.691406 0.320557
vt 0.691406 0.288330
vt 0.689941 0.256592
vt 0.689941 0.247314
vt 0.683105 0.334229
vt 0.684570 0.320312
vt 0.686523 0.288330
vt 0.685059 0.256348
vt 0.685547 0.247559
vt 0.674316 0.347900
vt 0.676270 0.333740
vt 0.677734 0.319824
vt 0.682129 0.288086
vt 0.682129 0.256104
vt 0.681641 0.247192
vt 0.677246 0.256348
vt 0.676758 0.246582
vt 0.677246 0.287842
vt 0.671875 0.319092
vt 0.669434 0.333008
vt 0.666992 0.346924
vt 0.674316 0.362305
vt 0.666992 0.361572
vt 0.674316 0.376709
vt 0.666992 0.376221
vt 0.673828 0.392090
vt 0.665527 0.391846
vt 0.664062 0.407715
vt 0.659668 0.413818
vt 0.666504 0.414307
vt 0.656250 0.423340
vt 0.672852 0.419922
vt 0.666016 0.423340
vt 0.671875 0.429443
vt 0.679199 0.429932
vt 0.181152 0.942383
vt 0.168457 0.928223
vt 0.162598 0.951660
vt 0.153687 0.939453
vt 0.146240 0.960938
vt 0.149414 0.917480
vt 0.135864 0.954102
vt 0.130127 0.971680
vt 0.135010 0.909668
vt 0.138794 0.933105
vt 0.123413 0.967285
vt 0.112000 0.982910
vt 0.129883 0.892090
vt 0.126587 0.930664
vt 0.127319 0.946777
vt 0.109802 0.978027
vt 0.096191 0.989746
vt 0.119812 0.943359
vt 0.115295 0.959961
vt 0.090942 0.982422
vt 0.083313 0.996094
vt 0.111511 0.954590
vt 0.076111 0.983398
vt 0.078491 0.998535
vt 0.071167 0.985840
vt 0.070007 0.971680
vt 0.064880 0.974121
vt 0.061127 0.964355
vt 0.085449 0.976074
vt 0.102173 0.970215
vt 0.066895 0.962402
vt 0.060577 0.944336
vt 0.055328 0.947266
vt 0.049805 0.940430
vt 0.097656 0.965820
vt 0.083374 0.969727
vt 0.073059 0.955078
vt 0.104187 0.949707
vt 0.094238 0.957031
vt 0.083740 0.958984
vt 0.110352 0.939453
vt 0.115234 0.927246
vt 0.119568 0.915039
vt 0.116394 0.906738
vt 0.084656 0.946289
vt 0.092773 0.944824
vt 0.100708 0.940918
vt 0.106750 0.935059
vt 0.110657 0.926270
vt 0.092529 0.943359
vt 0.077576 0.940918
vt 0.111694 0.916504
vt 0.100220 0.938965
vt 0.084839 0.944336
vt 0.092224 0.941895
vt 0.072998 0.935059
vt 0.077881 0.939941
vt 0.085022 0.942383
vt 0.066895 0.940918
vt 0.062012 0.931641
vt 0.054688 0.935059
vt 0.034790 0.926270
vt 0.030426 0.931641
vt 0.055878 0.923828
vt 0.024246 0.916504
vt 0.019135 0.920410
vt 0.010262 0.905273
vt 0.015991 0.902832
vt 0.006092 0.886719
vt 0.012131 0.886230
vt 0.007477 0.877930
vt 0.013252 0.879883
vt 0.018372 0.863770
vt 0.024048 0.867188
vt 0.031677 0.851562
vt 0.036102 0.855469
vt 0.041931 0.872070
vt 0.048706 0.864746
vt 0.028259 0.873535
vt 0.021774 0.882324
vt 0.020950 0.887695
vt 0.032745 0.887695
vt 0.025192 0.898438
vt 0.037994 0.874023
vt 0.033417 0.881836
vt 0.044983 0.879883
vt 0.055237 0.871582
vt 0.031769 0.912598
vt 0.046448 0.886230
vt 0.034912 0.894531
vt 0.038513 0.919922
vt 0.059601 0.881836
vt 0.059631 0.867188
vt 0.047272 0.891602
vt 0.039734 0.905762
vt 0.060150 0.893066
vt 0.047180 0.900391
vt 0.045929 0.910156
vt 0.060120 0.915039
vt 0.054871 0.903809
vt 0.065247 0.905273
vt 0.061707 0.924316
vt 0.070435 0.896484
vt 0.067261 0.915527
vt 0.068848 0.930176
vt 0.070740 0.906250
vt 0.069702 0.925293
vt 0.073303 0.934082
vt 0.072083 0.919434
vt 0.069641 0.929688
vt 0.078247 0.938477
vt 0.073608 0.932617
vt 0.085205 0.940430
vt 0.078796 0.937500
vt 0.070374 0.924805
vt 0.070557 0.929199
vt 0.073059 0.919434
vt 0.073914 0.931152
vt 0.070984 0.924805
vt 0.071777 0.924805
vt 0.071594 0.928711
vt 0.073975 0.919922
vt 0.078003 0.913086
vt 0.078796 0.914062
vt 0.077087 0.912598
vt 0.080444 0.899414
vt 0.073059 0.928223
vt 0.073181 0.924805
vt 0.075012 0.919922
vt 0.079529 0.915039
vt 0.074341 0.930664
vt 0.075867 0.920410
vt 0.074768 0.927246
vt 0.075073 0.929688
vt 0.075073 0.924316
vt 0.080200 0.936035
vt 0.080811 0.934082
vt 0.085266 0.937988
vt 0.084534 0.934570
vt 0.082092 0.931152
vt 0.089844 0.933594
vt 0.091309 0.937500
vt 0.084167 0.925781
vt 0.091858 0.939941
vt 0.087036 0.929199
vt 0.092468 0.926270
vt 0.094666 0.931641
vt 0.099426 0.937988
vt 0.096619 0.935059
vt 0.105347 0.934082
vt 0.098450 0.936523
vt 0.108765 0.925781
vt 0.109192 0.916992
vt 0.109375 0.911621
vt 0.106628 0.899902
vt 0.110046 0.891602
vt 0.113342 0.881836
vt 0.103943 0.933105
vt 0.107056 0.925293
vt 0.102356 0.932129
vt 0.106934 0.916992
vt 0.105225 0.925293
vt 0.100037 0.931152
vt 0.104553 0.917480
vt 0.102173 0.924805
vt 0.096313 0.928223
vt 0.098633 0.924316
vt 0.096497 0.924316
vt 0.100647 0.917480
vt 0.092102 0.921875
vt 0.082825 0.922363
vt 0.102234 0.917969
vt 0.091187 0.918945
vt 0.082031 0.919922
vt 0.100586 0.916016
vt 0.102051 0.915527
vt 0.089661 0.916504
vt 0.098389 0.915039
vt 0.078369 0.921387
vt 0.081665 0.917480
vt 0.080261 0.915527
vt 0.086731 0.912109
vt 0.087830 0.914551
vt 0.093994 0.914551
vt 0.099731 0.913574
vt 0.093811 0.912598
vt 0.086182 0.911133
vt 0.094055 0.911133
vt 0.085815 0.909668
vt 0.100464 0.912109
vt 0.085388 0.908691
vt 0.094116 0.909668
vt 0.103943 0.915039
vt 0.084717 0.907715
vt 0.094055 0.908203
vt 0.101196 0.910156
vt 0.105774 0.914062
vt 0.101807 0.908691
vt 0.107483 0.913086
vt 0.102478 0.907227
vt 0.093872 0.906738
vt 0.093262 0.897949
vt 0.083740 0.889648
vt 0.093994 0.890137
vt 0.098328 0.880371
vt 0.072510 0.885742
vt 0.114807 0.870117
vt 0.107300 0.864746
vt 0.088501 0.877930
vt 0.094116 0.862793
vt 0.085205 0.846680
vt 0.063904 0.869141
vt 0.065063 0.854004
vt 0.077209 0.873535
vt 0.081177 0.859375
vt 0.070496 0.845215
vt 0.067749 0.856934
vt 0.064758 0.846680
vt 0.041229 0.842285
vt 0.044708 0.849609
vt 0.027130 0.846680
vt 0.023132 0.837891
vt 0.168457 0.786133
vt 0.199463 0.842773
vt 0.197021 0.852051
vt 0.209839 0.849121
vt 0.205811 0.854980
vt 0.201538 0.877930
vt 0.217285 0.858398
vt 0.211426 0.860840
vt 0.208008 0.873535
vt 0.202515 0.885254
vt 0.218750 0.874512
vt 0.212036 0.875488
vt 0.210083 0.881836
vt 0.218506 0.885742
vt 0.208252 0.892090
vt 1.656250 0.848145
vt 1.650391 0.840332
vt 1.649414 0.845703
vt 1.656250 0.841309
vt 1.649414 0.792969
vt 1.666992 0.840820
vt 1.666992 0.847168
vt 1.678711 0.847656
vt 1.657227 0.793457
vt 1.645508 0.760742
vt 1.677734 0.840820
vt 1.690430 0.848145
vt 1.666992 0.793457
vt 1.655273 0.759766
vt 1.653320 0.725098
vt 1.643555 0.726074
vt 1.644531 0.700195
vt 1.665039 0.757812
vt 1.677734 0.792480
vt 1.689453 0.840820
vt 1.654297 0.700684
vt 1.665039 0.723633
vt 1.676758 0.755371
vt 1.689453 0.791504
vt 1.655273 0.691895
vt 1.646484 0.691406
vt 1.656250 0.684082
vt 1.647461 0.683594
vt 1.648438 0.657227
vt 1.699219 0.848145
vt 1.699219 0.841309
vt 1.698242 0.854004
vt 1.689453 0.854004
vt 1.686523 0.878418
vt 1.678711 0.876465
vt 1.666016 0.896484
vt 1.674805 0.900879
vt 1.664062 0.900391
vt 1.697266 0.882812
vt 1.706055 0.854492
vt 1.699219 0.791016
vt 1.708008 0.841797
vt 1.707031 0.848633
vt 1.688477 0.752441
vt 1.675781 0.722656
vt 1.665039 0.700684
vt 1.665039 0.692383
vt 1.665039 0.684570
vt 1.714844 0.855469
vt 1.715820 0.849609
vt 1.709961 0.886230
vt 1.705078 0.916992
vt 1.687500 0.908691
vt 1.723633 0.889648
vt 1.722656 0.920898
vt 1.736328 0.891602
vt 1.737305 0.860840
vt 1.725586 0.855469
vt 1.726562 0.849609
vt 1.716797 0.842285
vt 1.726562 0.842773
vt 1.708984 0.791992
vt 1.718750 0.792480
vt 1.699219 0.753906
vt 1.708984 0.757812
vt 1.687500 0.722168
vt 1.699219 0.722168
vt 1.675781 0.700195
vt 1.687500 0.699707
vt 1.676758 0.692383
vt 1.687500 0.692383
vt 1.675781 0.684570
vt 1.687500 0.685059
vt 1.699219 0.691406
vt 1.699219 0.684082
vt 1.687500 0.662109
vt 1.676758 0.660156
vt 1.699219 0.699219
vt 1.666016 0.658691
vt 1.657227 0.657715
vt 1.653320 0.558105
vt 1.650391 0.557617
vt 1.663086 0.558594
vt 1.673828 0.559570
vt 1.686523 0.559082
vt 1.699219 0.662598
vt 1.700195 0.558594
vt 1.709961 0.684570
vt 1.709961 0.660645
vt 1.710938 0.558105
vt 1.709961 0.692383
vt 1.720703 0.685059
vt 1.720703 0.659180
vt 1.721680 0.557617
vt 1.709961 0.700195
vt 1.720703 0.692871
vt 1.731445 0.685059
vt 1.730469 0.658203
vt 1.732422 0.557129
vt 1.709961 0.723145
vt 1.721680 0.701172
vt 1.731445 0.693359
vt 1.740234 0.684570
vt 1.740234 0.657715
vt 1.743164 0.557617
vt 1.747070 0.557617
vt 1.749023 0.657227
vt 1.749023 0.683594
vt 1.741211 0.692383
vt 1.750000 0.691895
vt 1.733398 0.701172
vt 1.740234 0.701172
vt 1.749023 0.700684
vt 1.751953 0.726562
vt 1.742188 0.727539
vt 1.720703 0.725586
vt 1.740234 0.761230
vt 1.749023 0.761230
vt 1.744141 0.793457
vt 1.731445 0.727539
vt 1.719727 0.760254
vt 1.730469 0.761230
vt 1.736328 0.793457
vt 1.740234 0.841309
vt 1.727539 0.793457
vt 1.734375 0.842285
vt 1.741211 0.846191
vt 1.735352 0.848145
vt 1.744141 0.852051
vt 1.750000 0.845703
vt 1.746094 0.843750
vt 1.753906 0.853027
vt 1.761719 0.842285
vt 1.763672 0.848633
vt 1.750000 0.857910
vt 1.761719 0.858887
vt 1.767578 0.854980
vt 1.745117 0.867188
vt 1.765625 0.862793
vt 1.770508 0.858398
vt 1.756836 0.863770
vt 1.777344 0.870117
vt 1.781250 0.866699
vt 1.781250 0.872070
vt 1.783203 0.868164
vt 1.786133 0.869629
vt 1.775391 0.873535
vt 1.763672 0.868164
vt 1.779297 0.875488
vt 1.753906 0.870605
vt 1.760742 0.873535
vt 1.774414 0.876953
vt 1.746094 0.886719
vt 1.777344 0.877930
vt 1.753906 0.884277
vt 1.782227 0.876953
vt 1.781250 0.880371
vt 1.784180 0.874023
vt 1.788086 0.875488
vt 1.790039 0.872070
vt 1.787109 0.878418
vt 1.786133 0.881836
vt 1.780273 0.885254
vt 1.791992 0.877441
vt 1.793945 0.874512
vt 1.798828 0.878906
vt 1.791016 0.879883
vt 1.795898 0.880859
vt 1.798828 0.881836
vt 1.797852 0.884277
vt 1.794922 0.882324
vt 1.795898 0.885254
vt 1.790039 0.882812
vt 1.793945 0.883789
vt 1.793945 0.886230
vt 1.794922 0.889648
vt 1.789062 0.886719
vt 1.789062 0.891113
vt 1.784180 0.890625
vt 1.785156 0.886230
vt 1.778320 0.890625
vt 1.775391 0.884766
vt 1.774414 0.890625
vt 1.771484 0.883789
vt 1.772461 0.890137
vt 1.759766 0.883789
vt 1.759766 0.889160
vt 1.756836 0.890137
vt 1.751953 0.895508
vt 1.748047 0.901855
vt 1.745117 0.918945
vt 1.734375 0.918457
vt 1.736328 0.928223
vt 1.745117 0.927734
vt 1.748047 0.937500
vt 1.729492 0.931152
vt 1.741211 0.936035
vt 1.753906 0.948730
vt 1.747070 0.950684
vt 1.756836 0.953613
vt 1.734375 0.939453
vt 1.750000 0.955566
vt 1.758789 0.958008
vt 1.742188 0.953125
vt 1.729492 0.943848
vt 1.724609 0.939453
vt 1.738281 0.956055
vt 1.745117 0.958008
vt 1.739258 0.960938
vt 1.751953 0.959473
vt 1.761719 0.966309
vt 1.746094 0.962402
vt 1.742188 0.964844
vt 1.755859 0.968262
vt 1.762695 0.968750
vt 1.750000 0.970703
vt 1.746094 0.974609
vt 1.747070 0.976562
vt 1.750977 0.973145
vt 1.748047 0.978516
vt 1.757812 0.970703
vt 1.752930 0.975098
vt 1.758789 0.972656
vt 1.763672 0.971191
vt 1.763672 0.979004
vt 1.759766 0.979492
vt 1.761719 0.982910
vt 1.756836 0.984863
vt 1.755859 0.981445
vt 1.752930 0.984375
vt 1.796875 0.833984
vt 1.794922 0.834473
vt 1.795898 0.839355
vt 1.797852 0.839355
vt 1.799805 0.833008
vt 1.799805 0.845215
vt 1.795898 0.846191
vt 1.801758 0.850098
vt 1.797852 0.852051
vt 1.804688 0.854492
vt 1.801758 0.856934
vt 1.805664 0.859863
vt 1.807617 0.858398
vt 1.806641 0.861328
vt 1.807617 0.852539
vt 1.805664 0.848145
vt 1.811523 0.850098
vt 1.803711 0.843262
vt 1.809570 0.856445
vt 1.800781 0.837891
vt 1.809570 0.845215
vt 1.801758 0.836426
vt 1.803711 0.833496
vt 1.809570 0.837891
vt 1.806641 0.840820
vt 1.813477 0.842285
vt 1.816406 0.846680
vt 1.818359 0.849609
vt 1.813477 0.853516
vt 1.819336 0.852051
vt 1.814453 0.854980
vt 1.829102 0.860840
vt 1.811523 0.857422
vt 1.809570 0.859375
vt 1.819336 0.869141
vt 1.816406 0.870605
vt 1.813477 0.871582
vt 1.818359 0.874023
vt 1.814453 0.874023
vt 1.824219 0.865723
vt 1.821289 0.872559
vt 1.818359 0.879883
vt 1.813477 0.880371
vt 1.827148 0.869141
vt 1.832031 0.862305
vt 1.839844 0.864258
vt 1.833008 0.877930
vt 1.845703 0.866699
vt 1.823242 0.879395
vt 1.819336 0.890625
vt 1.812500 0.887207
vt 1.814453 0.904785
vt 1.825195 0.887695
vt 1.820312 0.904785
vt 1.813477 0.911621
vt 1.818359 0.914062
vt 1.810547 0.919922
vt 1.839844 0.887207
vt 1.840820 0.913574
vt 1.825195 0.908691
vt 1.860352 0.889648
vt 1.858398 0.868164
vt 1.848633 0.854004
vt 1.861328 0.855469
vt 1.850586 0.849121
vt 1.861328 0.850586
vt 1.874023 0.854492
vt 1.873047 0.851074
vt 1.884766 0.847656
vt 1.888672 0.852539
vt 1.875000 0.870605
vt 1.876953 0.888184
vt 1.881836 0.911133
vt 1.863281 0.914551
vt 1.880859 0.858398
vt 1.888672 0.884766
vt 1.885742 0.869629
vt 1.883789 0.856445
vt 1.888672 0.867676
vt 1.900391 0.876953
vt 1.893555 0.880859
vt 1.901367 0.900391
vt 1.898438 0.903320
vt 1.904297 0.902344
vt 1.894531 0.905762
vt 1.900391 0.905762
vt 1.905273 0.903809
vt 1.897461 0.908691
vt 1.902344 0.907227
vt 1.903320 0.908691
vt 1.907227 0.905762
vt 1.914062 0.908691
vt 1.891602 0.914551
vt 1.887695 0.921387
vt 1.899414 0.909668
vt 1.912109 0.913086
vt 1.916992 0.909668
vt 1.894531 0.915039
vt 1.900391 0.910645
vt 1.915039 0.914062
vt 1.919922 0.911621
vt 1.896484 0.916016
vt 1.910156 0.916016
vt 1.891602 0.920410
vt 1.895508 0.919922
vt 1.908203 0.920410
vt 1.916992 0.915527
vt 1.927734 0.915527
vt 1.913086 0.916992
vt 1.925781 0.918945
vt 1.929688 0.916504
vt 1.916016 0.918457
vt 1.911133 0.921387
vt 1.907227 0.923340
vt 1.896484 0.927734
vt 1.894531 0.927734
vt 1.892578 0.927246
vt 1.904297 0.927734
vt 1.890625 0.927734
vt 1.910156 0.924316
vt 1.907227 0.928711
vt 1.913086 0.922852
vt 1.913086 0.924805
vt 1.911133 0.930664
vt 1.885742 0.925293
vt 1.889648 0.928711
vt 1.923828 0.921387
vt 1.920898 0.929199
vt 1.919922 0.933594
vt 1.920898 0.926270
vt 1.922852 0.930176
vt 1.921875 0.934570
vt 1.924805 0.934570
vt 1.922852 0.927246
vt 1.925781 0.922852
vt 1.924805 0.930664
vt 1.927734 0.920410
vt 1.932617 0.918457
vt 1.929688 0.921875
vt 1.936523 0.923828
vt 1.924805 0.927734
vt 1.929688 0.932129
vt 1.931641 0.935547
vt 1.926758 0.924316
vt 1.933594 0.925293
vt 1.930664 0.929688
vt 1.932617 0.931152
vt 1.935547 0.933594
vt 1.931641 0.926758
vt 1.934570 0.928223
vt 1.938477 0.928223
vt 1.704102 0.255127
vt 1.712891 0.285645
vt 1.708984 0.254395
vt 1.708008 0.286865
vt 1.699219 0.255859
vt 1.721680 0.316406
vt 1.702148 0.287598
vt 1.713867 0.318359
vt 1.697266 0.288330
vt 1.695312 0.256592
vt 1.716797 0.332031
vt 1.725586 0.330566
vt 1.706055 0.319580
vt 1.691406 0.288330
vt 1.690430 0.256592
vt 1.718750 0.345703
vt 1.729492 0.344482
vt 1.730469 0.360107
vt 1.707031 0.333496
vt 1.719727 0.360352
vt 1.731445 0.375488
vt 1.708008 0.347168
vt 1.720703 0.374756
vt 1.731445 0.392090
vt 1.708008 0.361084
vt 1.698242 0.348145
vt 1.698242 0.334229
vt 1.720703 0.391846
vt 1.730469 0.408936
vt 1.708984 0.375000
vt 1.698242 0.362305
vt 1.698242 0.320312
vt 1.689453 0.348633
vt 1.691406 0.320557
vt 1.690430 0.334717
vt 1.720703 0.409180
vt 1.708984 0.392334
vt 1.698242 0.376709
vt 1.690430 0.363037
vt 1.681641 0.348389
vt 1.683594 0.334229
vt 1.684570 0.320312
vt 1.719727 0.417725
vt 1.728516 0.416504
vt 1.729492 0.425781
vt 1.719727 0.427246
vt 1.729492 0.436035
vt 1.709961 0.418213
vt 1.719727 0.437256
vt 1.729492 0.445801
vt 1.686523 0.288330
vt 1.685547 0.256348
vt 1.681641 0.288086
vt 1.681641 0.256104
vt 1.677734 0.256348
vt 1.676758 0.287842
vt 1.677734 0.319824
vt 1.671875 0.319092
vt 1.668945 0.333008
vt 1.675781 0.333740
vt 1.666992 0.346924
vt 1.674805 0.347900
vt 1.674805 0.362305
vt 1.666992 0.361572
vt 1.681641 0.362793
vt 1.674805 0.376709
vt 1.666992 0.376221
vt 1.690430 0.377441
vt 1.681641 0.377197
vt 1.673828 0.392090
vt 1.665039 0.391846
vt 1.672852 0.407471
vt 1.664062 0.407715
vt 1.659180 0.413818
vt 1.699219 0.393311
vt 1.681641 0.392578
vt 1.691406 0.392578
vt 1.709961 0.409668
vt 1.682617 0.407959
vt 1.679688 0.420166
vt 1.700195 0.409912
vt 1.692383 0.407715
vt 1.701172 0.417969
vt 1.687500 0.415283
vt 1.693359 0.416504
vt 1.709961 0.427734
vt 1.700195 0.427246
vt 1.692383 0.426025
vt 1.709961 0.437744
vt 1.685547 0.424072
vt 1.699219 0.437744
vt 1.719727 0.447754
vt 1.735352 0.468750
vt 1.690430 0.436768
vt 1.710938 0.448730
vt 1.720703 0.472656
vt 1.742188 0.490723
vt 1.700195 0.448486
vt 1.680664 0.435059
vt 1.724609 0.495361
vt 1.747070 0.516113
vt 1.710938 0.474365
vt 1.690430 0.447021
vt 1.729492 0.520020
vt 1.749023 0.537598
vt 1.731445 0.541016
vt 1.698242 0.474609
vt 1.712891 0.497559
vt 1.714844 0.522461
vt 1.716797 0.543457
vt 1.697266 0.498047
vt 1.697266 0.522949
vt 1.698242 0.543945
vt 1.687500 0.474365
vt 1.684570 0.522949
vt 1.683594 0.544434
vt 1.686523 0.497803
vt 1.680664 0.444824
vt 1.674805 0.521484
vt 1.672852 0.542969
vt 1.677734 0.473389
vt 1.676758 0.496338
vt 1.663086 0.520996
vt 1.662109 0.542480
vt 1.665039 0.495850
vt 1.650391 0.520020
vt 1.649414 0.541504
vt 1.651367 0.494629
vt 1.653320 0.471680
vt 1.666016 0.472656
vt 1.652344 0.446777
vt 1.667969 0.445068
vt 1.653320 0.435059
vt 1.668945 0.435303
vt 1.666016 0.423340
vt 1.656250 0.423340
vt 1.679688 0.429932
vt 1.671875 0.429443
vt 1.672852 0.419922
vt 1.666992 0.414307
vt 1.181641 0.942383
vt 1.167969 0.928223
vt 1.163086 0.951660
vt 1.153320 0.939453
vt 1.146484 0.960938
vt 1.149414 0.917480
vt 1.135742 0.954102
vt 1.129883 0.971680
vt 1.134766 0.909668
vt 1.138672 0.933105
vt 1.123047 0.967285
vt 1.112305 0.982910
vt 1.129883 0.892090
vt 1.126953 0.930664
vt 1.126953 0.946777
vt 1.109375 0.978027
vt 1.095703 0.989746
vt 1.120117 0.943359
vt 1.115234 0.959961
vt 1.090820 0.982422
vt 1.083008 0.996094
vt 1.111328 0.954590
vt 1.076172 0.983398
vt 1.078125 0.998535
vt 1.071289 0.985840
vt 1.070312 0.971680
vt 1.064453 0.974121
vt 1.061523 0.964355
vt 1.084961 0.976074
vt 1.102539 0.970215
vt 1.066406 0.962402
vt 1.060547 0.944336
vt 1.055664 0.947266
vt 1.049805 0.940430
vt 1.097656 0.965820
vt 1.083008 0.969727
vt 1.073242 0.955078
vt 1.104492 0.949707
vt 1.094727 0.957031
vt 1.083984 0.958984
vt 1.110352 0.939453
vt 1.115234 0.927246
vt 1.119141 0.915039
vt 1.116211 0.906738
vt 1.084961 0.946289
vt 1.092773 0.944824
vt 1.100586 0.940918
vt 1.106445 0.935059
vt 1.110352 0.926270
vt 1.092773 0.943359
vt 1.077148 0.940918
vt 1.111328 0.916504
vt 1.100586 0.938965
vt 1.084961 0.944336
vt 1.091797 0.941895
vt 1.073242 0.935059
vt 1.078125 0.939941
vt 1.084961 0.942383
vt 1.066406 0.940918
vt 1.061523 0.931641
vt 1.054688 0.935059
vt 1.035156 0.926270
vt 1.030273 0.931641
vt 1.055664 0.923828
vt 1.024414 0.916504
vt 1.019531 0.920410
vt 1.010742 0.905273
vt 1.015625 0.902832
vt 1.005859 0.886719
vt 1.011719 0.886230
vt 1.007812 0.877930
vt 1.013672 0.879883
vt 1.018555 0.863770
vt 1.024414 0.867188
vt 1.031250 0.851562
vt 1.036133 0.855469
vt 1.041992 0.872070
vt 1.048828 0.864746
vt 1.028320 0.873535
vt 1.021484 0.882324
vt 1.020508 0.887695
vt 1.033203 0.887695
vt 1.025391 0.898438
vt 1.038086 0.874023
vt 1.033203 0.881836
vt 1.044922 0.879883
vt 1.055664 0.871582
vt 1.032227 0.912598
vt 1.046875 0.886230
vt 1.035156 0.894531
vt 1.038086 0.919922
vt 1.059570 0.881836
vt 1.059570 0.867188
vt 1.046875 0.891602
vt 1.040039 0.905762
vt 1.060547 0.893066
vt 1.046875 0.900391
vt 1.045898 0.910156
vt 1.060547 0.915039
vt 1.054688 0.903809
vt 1.065430 0.905273
vt 1.061523 0.924316
vt 1.070312 0.896484
vt 1.067383 0.915527
vt 1.068359 0.930176
vt 1.070312 0.906250
vt 1.069336 0.925293
vt 1.073242 0.934082
vt 1.072266 0.919434
vt 1.069336 0.929688
vt 1.078125 0.938477
vt 1.073242 0.932617
vt 1.084961 0.940430
vt 1.079102 0.937500
vt 1.070312 0.924805
vt 1.070312 0.929199
vt 1.073242 0.919434
vt 1.074219 0.931152
vt 1.071289 0.924805
vt 1.071289 0.928711
vt 1.074219 0.919922
vt 1.078125 0.913086
vt 1.079102 0.914062
vt 1.077148 0.912598
vt 1.080078 0.899414
vt 1.073242 0.928223
vt 1.073242 0.924805
vt 1.075195 0.919922
vt 1.079102 0.915039
vt 1.074219 0.930664
vt 1.076172 0.920410
vt 1.075195 0.927246
vt 1.075195 0.929688
vt 1.075195 0.924316
vt 1.080078 0.936035
vt 1.081055 0.934082
vt 1.084961 0.937988
vt 1.084961 0.934570
vt 1.082031 0.931152
vt 1.089844 0.933594
vt 1.091797 0.937500
vt 1.083984 0.925781
vt 1.091797 0.939941
vt 1.086914 0.929199
vt 1.092773 0.926270
vt 1.094727 0.931641
vt 1.096680 0.935059
vt 1.099609 0.937988
vt 1.098633 0.936523
vt 1.105469 0.934082
vt 1.108398 0.925781
vt 1.109375 0.916992
vt 1.109375 0.911621
vt 1.106445 0.899902
vt 1.110352 0.891602
vt 1.113281 0.881836
vt 1.103516 0.933105
vt 1.107422 0.925293
vt 1.102539 0.932129
vt 1.107422 0.916992
vt 1.105469 0.925293
vt 1.099609 0.931152
vt 1.104492 0.917480
vt 1.102539 0.924805
vt 1.096680 0.928223
vt 1.098633 0.924316
vt 1.096680 0.924316
vt 1.100586 0.917480
vt 1.091797 0.921875
vt 1.083008 0.922363
vt 1.102539 0.917969
vt 1.090820 0.918945
vt 1.082031 0.919922
vt 1.100586 0.916016
vt 1.101562 0.915527
vt 1.089844 0.916504
vt 1.098633 0.915039
vt 1.078125 0.921387
vt 1.082031 0.917480
vt 1.080078 0.915527
vt 1.086914 0.912109
vt 1.087891 0.914551
vt 1.093750 0.914551
vt 1.099609 0.913574
vt 1.093750 0.912598
vt 1.085938 0.911133
vt 1.093750 0.911133
vt 1.085938 0.909668
vt 1.100586 0.912109
vt 1.084961 0.908691
vt 1.093750 0.909668
vt 1.103516 0.915039
vt 1.084961 0.907715
vt 1.093750 0.908203
vt 1.101562 0.910156
vt 1.105469 0.914062
vt 1.101562 0.908691
vt 1.107422 0.913086
vt 1.102539 0.907227
vt 1.093750 0.906738
vt 1.092773 0.897949
vt 1.083984 0.889648
vt 1.093750 0.890137
vt 1.098633 0.880371
vt 1.072266 0.885742
vt 1.115234 0.870117
vt 1.107422 0.864746
vt 1.088867 0.877930
vt 1.093750 0.862793
vt 1.084961 0.846680
vt 1.063477 0.869141
vt 1.065430 0.854004
vt 1.077148 0.873535
vt 1.081055 0.859375
vt 1.070312 0.845215
vt 1.067383 0.856934
vt 1.064453 0.846680
vt 1.041016 0.842285
vt 1.044922 0.849609
vt 1.027344 0.846680
vt 1.023438 0.837891
vt 1.167969 0.786133
vt 1.199219 0.842773
vt 1.197266 0.852051
vt 1.209961 0.849121
vt 1.206055 0.854980
vt 1.201172 0.877930
vt 1.216797 0.858398
vt 1.211914 0.860840
vt 1.208008 0.873535
vt 1.202148 0.885254
vt 1.218750 0.874512
vt 1.211914 0.875488
vt 1.209961 0.881836
vt 1.218750 0.885742
vt 1.208008 0.892090
vt 1.884766 0.929199
vt 1.897461 0.937012
vt 1.893555 0.939453
vt 1.900391 0.939941
vt 1.881836 0.928223
vt 1.896484 0.942871
vt 1.901367 0.945801
vt 1.889648 0.942383
vt 1.898438 0.947266
vt 1.907227 0.955566
vt 1.891602 0.945801
vt 1.903320 0.957520
vt 1.908203 0.958496
vt 1.893555 0.949707
vt 1.904297 0.960449
vt 1.909180 0.961426
vt 1.905273 0.963867
vt 1.910156 0.970215
vt 1.900391 0.961426
vt 1.899414 0.958984
vt 1.883789 0.945312
vt 1.885742 0.949219
vt 1.887695 0.953125
vt 1.875977 0.930176
vt 1.880859 0.924805
vt 1.880859 0.921387
vt 1.874023 0.927246
vt 1.871094 0.924316
vt 1.865234 0.928711
vt 1.872070 0.933594
vt 1.870117 0.930664
vt 1.879883 0.947266
vt 1.869141 0.937012
vt 1.867188 0.936035
vt 1.875977 0.949707
vt 1.866211 0.936035
vt 1.881836 0.951172
vt 1.876953 0.953613
vt 1.884766 0.955078
vt 1.881836 0.957520
vt 1.893555 0.961914
vt 1.890625 0.964844
vt 1.886719 0.967773
vt 1.892578 0.967285
vt 1.888672 0.970215
vt 1.890625 0.972656
vt 1.894531 0.964355
vt 1.893555 0.969238
vt 1.896484 0.966797
vt 1.898438 0.974121
vt 1.896484 0.978516
vt 1.900391 0.972168
vt 1.901367 0.975098
vt 1.903320 0.979492
vt 1.905273 0.972656
vt 1.908203 0.975586
vt 1.901367 0.964355
vt 1.904297 0.970215
vt 1.906250 0.969727
vt 1.863281 0.931152
vt 1.865234 0.936523
vt 1.861328 0.934082
vt 1.866211 0.937500
vt 1.866211 0.952637
vt 1.861328 0.953125
vt 1.866211 0.958496
vt 1.856445 0.933594
vt 1.857422 0.929199
vt 1.860352 0.958984
vt 1.864258 0.964844
vt 1.856445 0.953613
vt 1.860352 0.963379
vt 1.862305 0.977051
vt 1.858398 0.925781
vt 1.848633 0.932617
vt 1.854492 0.958496
vt 1.858398 0.976562
vt 1.861328 0.979980
vt 1.847656 0.928711
vt 1.847656 0.953125
vt 1.855469 0.962891
vt 1.846680 0.925293
vt 1.843750 0.933594
vt 1.847656 0.957520
vt 1.841797 0.929688
vt 1.838867 0.926758
vt 1.843750 0.953125
vt 1.833008 0.921875
vt 1.836914 0.936035
vt 1.837891 0.935059
vt 1.837891 0.934082
vt 1.836914 0.953125
vt 1.830078 0.932129
vt 1.834961 0.936035
vt 1.842773 0.958008
vt 1.836914 0.958008
vt 1.823242 0.916504
vt 1.846680 0.962402
vt 1.842773 0.962891
vt 1.837891 0.962891
vt 1.853516 0.975098
vt 1.841797 0.975098
vt 1.836914 0.976074
vt 1.846680 0.974121
vt 1.841797 0.978516
vt 1.836914 0.979004
vt 1.836914 0.982422
vt 1.846680 0.977051
vt 1.853516 0.978027
vt 1.841797 0.981445
vt 1.857422 0.979004
vt 1.860352 0.982910
vt 1.857422 0.981445
vt 1.856445 0.992188
vt 1.846680 0.980469
vt 1.842773 0.988281
vt 1.838867 0.991699
vt 1.852539 0.981445
vt 1.853516 0.989746
vt 1.845703 0.987793
vt 1.845703 0.991699
vt 1.843750 0.996582
vt 1.850586 0.988770
vt 1.850586 0.992188
vt 1.851562 0.996582
vt 1.814453 0.923340
vt 1.807617 0.935059
vt 1.803711 0.930176
vt 1.805664 0.937988
vt 1.800781 0.934570
vt 1.802734 0.940918
vt 1.797852 0.938477
vt 1.797852 0.949219
vt 1.792969 0.946777
vt 1.795898 0.951172
vt 1.791016 0.949707
vt 1.790039 0.953125
vt 1.802734 0.951660
vt 1.808594 0.943359
vt 1.810547 0.940918
vt 1.812500 0.937988
vt 1.821289 0.923828
vt 1.828125 0.929688
vt 1.818359 0.941895
vt 1.815430 0.944824
vt 1.813477 0.946777
vt 1.806641 0.955078
vt 1.823242 0.945312
vt 1.827148 0.947754
vt 1.823242 0.951660
vt 1.820312 0.948730
vt 1.820312 0.955078
vt 1.816406 0.951660
vt 1.811523 0.962891
vt 1.809570 0.958984
vt 1.809570 0.964844
vt 1.807617 0.960449
vt 1.806641 0.966797
vt 1.805664 0.956055
vt 1.804688 0.962891
vt 1.798828 0.970703
vt 1.800781 0.953125
vt 1.794922 0.953125
vt 1.799805 0.954102
vt 1.803711 0.957520
vt 1.797852 0.967285
vt 1.791016 0.960938
vt 1.786133 0.960938
vt 1.795898 0.964844
vt 1.793945 0.967285
vt 1.792969 0.971191
vt 1.787109 0.967285
vt 1.792969 0.961914
vt 1.791016 0.964355
vt 1.715820 0.929688
vt 1.720703 0.941895
vt 1.707031 0.929199
vt 1.714844 0.937988
vt 1.717773 0.943848
vt 1.706055 0.936523
vt 1.712891 0.943359
vt 1.714844 0.962402
vt 1.706055 0.942383
vt 1.708008 0.959473
vt 1.712891 0.967285
vt 1.707031 0.964844
vt 1.711914 0.972168
vt 1.701172 0.957520
vt 1.706055 0.970703
vt 1.708984 0.983887
vt 1.697266 0.934082
vt 1.701172 0.940430
vt 1.700195 0.937012
vt 1.696289 0.956055
vt 1.700195 0.962402
vt 1.695312 0.960938
vt 1.699219 0.968262
vt 1.693359 0.966797
vt 1.703125 0.982422
vt 1.708008 0.986328
vt 1.696289 0.979980
vt 1.690430 0.978516
vt 1.690430 0.980469
vt 1.695312 0.981934
vt 1.689453 0.982422
vt 1.703125 0.984375
vt 1.695312 0.983398
vt 1.702148 0.986816
vt 1.708008 0.988770
vt 1.703125 0.994629
vt 1.699219 0.992188
vt 1.698242 0.996582
vt 1.692383 0.994629
vt 1.694336 0.990723
vt 1.689453 0.991211
vt 0.884766 0.929199
vt 0.897949 0.937012
vt 0.893555 0.939453
vt 0.900879 0.939941
vt 0.881348 0.928223
vt 0.896484 0.942871
vt 0.901855 0.945801
vt 0.889160 0.942383
vt 0.898438 0.947266
vt 0.907227 0.955566
vt 0.891602 0.945801
vt 0.903320 0.957520
vt 0.908203 0.958496
vt 0.894043 0.949707
vt 0.904297 0.960449
vt 0.909668 0.961426
vt 0.904785 0.963867
vt 0.910156 0.970215
vt 0.900391 0.961426
vt 0.898926 0.958984
vt 0.883301 0.945312
vt 0.885742 0.949219
vt 0.887695 0.953125
vt 0.875977 0.930176
vt 0.880859 0.924805
vt 0.880371 0.921387
vt 0.874023 0.927246
vt 0.871094 0.924316
vt 0.865234 0.928711
vt 0.872559 0.933594
vt 0.869629 0.930664
vt 0.879883 0.947266
vt 0.868652 0.937012
vt 0.867188 0.936035
vt 0.875488 0.949707
vt 0.865723 0.936035
vt 0.882324 0.951172
vt 0.876465 0.953613
vt 0.884766 0.955078
vt 0.881836 0.957520
vt 0.893555 0.961914
vt 0.890625 0.964844
vt 0.886719 0.967773
vt 0.892090 0.967285
vt 0.888672 0.970215
vt 0.891113 0.972656
vt 0.894531 0.964355
vt 0.894043 0.969238
vt 0.896484 0.966797
vt 0.897949 0.974121
vt 0.896973 0.978516
vt 0.900391 0.972168
vt 0.901855 0.975098
vt 0.902832 0.979492
vt 0.905273 0.972656
vt 0.908691 0.975586
vt 0.900879 0.964355
vt 0.903809 0.970215
vt 0.906738 0.969727
vt 0.862793 0.931152
vt 0.865723 0.936523
vt 0.861816 0.934082
vt 0.865723 0.937500
vt 0.865723 0.952637
vt 0.860840 0.953125
vt 0.866211 0.958496
vt 0.856934 0.933594
vt 0.857422 0.929199
vt 0.860840 0.958984
vt 0.864746 0.964844
vt 0.856445 0.953613
vt 0.859863 0.963379
vt 0.862305 0.977051
vt 0.858398 0.925781
vt 0.848633 0.932617
vt 0.854980 0.958496
vt 0.858398 0.976562
vt 0.861328 0.979980
vt 0.847656 0.928711
vt 0.847656 0.953125
vt 0.854980 0.962891
vt 0.846191 0.925293
vt 0.843750 0.933594
vt 0.847656 0.957520
vt 0.841797 0.929688
vt 0.838867 0.926758
vt 0.843262 0.953125
vt 0.833008 0.921875
vt 0.836914 0.936035
vt 0.838379 0.935059
vt 0.838379 0.934082
vt 0.837402 0.953125
vt 0.830566 0.932129
vt 0.834961 0.936035
vt 0.842773 0.958008
vt 0.836426 0.958008
vt 0.823730 0.916504
vt 0.847168 0.962402
vt 0.843262 0.962891
vt 0.837402 0.962891
vt 0.853516 0.975098
vt 0.841797 0.975098
vt 0.836426 0.976074
vt 0.846191 0.974121
vt 0.841797 0.978516
vt 0.836914 0.979004
vt 0.837402 0.982422
vt 0.846191 0.977051
vt 0.853027 0.978027
vt 0.842285 0.981445
vt 0.857910 0.979004
vt 0.860840 0.982910
vt 0.856934 0.981445
vt 0.856445 0.992188
vt 0.846191 0.980469
vt 0.842773 0.988281
vt 0.838867 0.991699
vt 0.852539 0.981445
vt 0.853516 0.989746
vt 0.845703 0.987793
vt 0.845703 0.991699
vt 0.843750 0.996582
vt 0.850586 0.988770
vt 0.850098 0.992188
vt 0.851562 0.996582
vt 0.814941 0.923340
vt 0.807617 0.935059
vt 0.803223 0.930176
vt 0.805176 0.937988
vt 0.800293 0.934570
vt 0.803223 0.940918
vt 0.797852 0.938477
vt 0.797852 0.949219
vt 0.792480 0.946777
vt 0.795898 0.951172
vt 0.791016 0.949707
vt 0.790039 0.953125
vt 0.802734 0.951660
vt 0.808594 0.943359
vt 0.811035 0.940918
vt 0.812500 0.937988
vt 0.820801 0.923828
vt 0.828125 0.929688
vt 0.817871 0.941895
vt 0.815918 0.944824
vt 0.813477 0.946777
vt 0.806641 0.955078
vt 0.823242 0.945312
vt 0.827148 0.947754
vt 0.823730 0.951660
vt 0.819824 0.948730
vt 0.820312 0.955078
vt 0.816895 0.951660
vt 0.811523 0.962891
vt 0.809570 0.958984
vt 0.809570 0.964844
vt 0.807617 0.960449
vt 0.806641 0.966797
vt 0.805176 0.956055
vt 0.805176 0.962891
vt 0.798828 0.970703
vt 0.801270 0.953125
vt 0.794922 0.953125
vt 0.800293 0.954102
vt 0.804199 0.957520
vt 0.797852 0.967285
vt 0.790527 0.960938
vt 0.786621 0.960938
vt 0.796387 0.964844
vt 0.794434 0.967285
vt 0.792969 0.971191
vt 0.787109 0.967285
vt 0.793457 0.961914
vt 0.791016 0.964355
vt 0.715820 0.929688
vt 0.721191 0.941895
vt 0.707031 0.929199
vt 0.714844 0.937988
vt 0.718262 0.943848
vt 0.706543 0.936523
vt 0.712891 0.943359
vt 0.714844 0.962402
vt 0.705566 0.942383
vt 0.708008 0.959473
vt 0.712891 0.967285
vt 0.707031 0.964844
vt 0.712402 0.972168
vt 0.701660 0.957520
vt 0.706055 0.970703
vt 0.708984 0.983887
vt 0.697266 0.934082
vt 0.701172 0.940430
vt 0.699707 0.937012
vt 0.696777 0.956055
vt 0.700195 0.962402
vt 0.695312 0.960938
vt 0.699219 0.968262
vt 0.693359 0.966797
vt 0.703613 0.982422
vt 0.708496 0.986328
vt 0.695801 0.979980
vt 0.690430 0.978516
vt 0.689941 0.980469
vt 0.695312 0.981934
vt 0.689453 0.982422
vt 0.703125 0.984375
vt 0.695312 0.983398
vt 0.702148 0.986816
vt 0.707520 0.988770
vt 0.702637 0.994629
vt 0.698730 0.992188
vt 0.698242 0.996582
vt 0.692383 0.994629
vt 0.693848 0.990723
vt 0.689453 0.991211
vt 1.633789 0.924316
vt 1.635742 0.917480
vt 1.630859 0.921875
vt 1.630859 0.925293
vt 1.634766 0.927734
vt 1.631836 0.929199
vt 1.635742 0.930664
vt 1.637695 0.921387
vt 1.639648 0.926758
vt 1.641602 0.931152
vt 1.642578 0.930176
vt 1.638672 0.920410
vt 1.636719 0.916504
vt 1.641602 0.926270
vt 1.642578 0.925781
vt 1.644531 0.929688
vt 1.640625 0.919922
vt 1.638672 0.916016
vt 1.645508 0.910645
vt 1.648438 0.915527
vt 1.649414 0.909180
vt 1.650391 0.921387
vt 1.653320 0.927246
vt 1.651367 0.914551
vt 1.651367 0.908203
vt 1.653320 0.919434
vt 1.656250 0.926270
vt 1.654297 0.913086
vt 1.659180 0.904297
vt 1.656250 0.918457
vt 1.659180 0.924805
vt 1.662109 0.909180
vt 1.662109 0.902832
vt 1.665039 0.914551
vt 1.666992 0.920410
vt 1.666016 0.907715
vt 1.668945 0.913086
vt 1.669922 0.919922
vt 1.670898 0.905273
vt 1.674805 0.911133
vt 1.674805 0.921875
vt 1.685547 0.919922
vt 1.682617 0.926758
vt 1.674805 0.926270
vt 1.694336 0.924316
vt 1.689453 0.930664
vt 1.693359 0.936035
vt 1.691406 0.938477
vt 1.679688 0.932617
vt 1.673828 0.929688
vt 1.685547 0.936035
vt 1.682617 0.950195
vt 1.677734 0.946777
vt 1.679688 0.952637
vt 1.673828 0.943848
vt 1.669922 0.940918
vt 1.675781 0.950195
vt 1.677734 0.958984
vt 1.670898 0.947754
vt 1.667969 0.944824
vt 1.672852 0.955566
vt 1.671875 0.967773
vt 1.667969 0.951660
vt 1.664062 0.948730
vt 1.667969 0.964844
vt 1.670898 0.969238
vt 1.662109 0.960449
vt 1.658203 0.957520
vt 1.657227 0.958984
vt 1.661133 0.961914
vt 1.656250 0.960938
vt 1.666992 0.966309
vt 1.660156 0.963379
vt 1.665039 0.967773
vt 1.669922 0.971191
vt 1.664062 0.974609
vt 1.661133 0.971680
vt 1.659180 0.975098
vt 1.655273 0.972168
vt 1.657227 0.969238
vt 1.653320 0.968262
vt 0.633301 0.924316
vt 0.631348 0.921875
vt 0.635742 0.917480
vt 0.630371 0.925293
vt 0.634766 0.927734
vt 0.632324 0.929199
vt 0.635742 0.930664
vt 0.637695 0.921387
vt 0.639648 0.926758
vt 0.641602 0.931152
vt 0.643066 0.930176
vt 0.638672 0.920410
vt 0.637207 0.916504
vt 0.641113 0.926270
vt 0.642578 0.925781
vt 0.644531 0.929688
vt 0.640137 0.919922
vt 0.638672 0.916016
vt 0.645996 0.910645
vt 0.648438 0.915527
vt 0.648926 0.909180
vt 0.650879 0.921387
vt 0.652832 0.927246
vt 0.651367 0.914551
vt 0.651367 0.908203
vt 0.653320 0.919434
vt 0.656250 0.926270
vt 0.653809 0.913086
vt 0.659180 0.904297
vt 0.656250 0.918457
vt 0.659180 0.924805
vt 0.662109 0.909180
vt 0.662109 0.902832
vt 0.665039 0.914551
vt 0.666504 0.920410
vt 0.666016 0.907715
vt 0.668945 0.913086
vt 0.670410 0.919922
vt 0.670898 0.905273
vt 0.674805 0.911133
vt 0.674316 0.921875
vt 0.686035 0.919922
vt 0.682617 0.926758
vt 0.674805 0.926270
vt 0.694336 0.924316
vt 0.689941 0.930664
vt 0.693848 0.936035
vt 0.691406 0.938477
vt 0.679688 0.932617
vt 0.673828 0.929688
vt 0.685059 0.936035
vt 0.682617 0.950195
vt 0.678223 0.946777
vt 0.679688 0.952637
vt 0.673340 0.943848
vt 0.669434 0.940918
vt 0.675781 0.950195
vt 0.678223 0.958984
vt 0.670898 0.947754
vt 0.667480 0.944824
vt 0.672852 0.955566
vt 0.671875 0.967773
vt 0.667969 0.951660
vt 0.663574 0.948730
vt 0.667480 0.964844
vt 0.670898 0.969238
vt 0.662109 0.960449
vt 0.657715 0.957520
vt 0.656738 0.958984
vt 0.660645 0.961914
vt 0.656250 0.960938
vt 0.666504 0.966309
vt 0.660156 0.963379
vt 0.665527 0.967773
vt 0.669434 0.971191
vt 0.663574 0.974609
vt 0.661133 0.971680
vt 0.659180 0.975098
vt 0.657227 0.969238
vt 0.653809 0.968262
vt 1.518555 0.814941
vt 1.530273 0.812988
vt 1.522461 0.807129
vt 1.524414 0.818359
vt 1.535156 0.820801
vt 1.512695 0.813477
vt 1.512695 0.805176
vt 1.527344 0.823730
vt 1.537109 0.830078
vt 1.506836 0.814941
vt 1.502930 0.807129
vt 1.528320 0.830078
vt 1.535156 0.838867
vt 1.500977 0.818359
vt 1.495117 0.812500
vt 1.527344 0.835938
vt 1.530273 0.847168
vt 1.498047 0.823730
vt 1.490234 0.820801
vt 1.524414 0.841309
vt 1.522461 0.852051
vt 1.497070 0.830078
vt 1.488281 0.830078
vt 1.518555 0.844727
vt 1.512695 0.854492
vt 1.498047 0.835938
vt 1.490234 0.838867
vt 1.512695 0.845703
vt 1.502930 0.852051
vt 1.500977 0.841309
vt 1.495117 0.846680
vt 1.506836 0.844727
vt 1.502930 0.829590
vt 1.502930 0.833496
vt 1.505859 0.836914
vt 1.508789 0.838867
vt 1.512695 0.839844
vt 1.516602 0.838867
vt 1.502930 0.826172
vt 1.519531 0.836914
vt 1.505859 0.822754
vt 1.522461 0.833496
vt 1.508789 0.820801
vt 1.522461 0.829590
vt 1.512695 0.819824
vt 1.521484 0.826172
vt 1.516602 0.820312
vt 1.519531 0.822754
vt 1.508789 0.826172
vt 1.510742 0.825195
vt 1.512695 0.829590
vt 1.507812 0.828125
vt 1.512695 0.824707
vt 1.507812 0.829590
vt 1.514648 0.825195
vt 1.507812 0.831543
vt 1.515625 0.826172
vt 1.508789 0.833496
vt 1.517578 0.827637
vt 1.510742 0.834473
vt 1.517578 0.829590
vt 1.512695 0.834473
vt 1.517578 0.831543
vt 1.514648 0.834473
vt 1.516602 0.833008
vt 0.519043 0.814941
vt 0.522461 0.807129
vt 0.530273 0.812988
vt 0.524414 0.818359
vt 0.535156 0.820801
vt 0.512695 0.813477
vt 0.512695 0.805176
vt 0.527832 0.823730
vt 0.537109 0.830078
vt 0.506348 0.814941
vt 0.503418 0.807129
vt 0.528809 0.830078
vt 0.535156 0.838867
vt 0.500977 0.818359
vt 0.495117 0.812500
vt 0.527832 0.835938
vt 0.530273 0.847168
vt 0.497559 0.823730
vt 0.490234 0.820801
vt 0.523926 0.841309
vt 0.521973 0.852051
vt 0.496582 0.830078
vt 0.488281 0.830078
vt 0.519043 0.844727
vt 0.512695 0.854492
vt 0.497803 0.835938
vt 0.490479 0.838867
vt 0.512695 0.845703
vt 0.502930 0.852051
vt 0.500977 0.841309
vt 0.495361 0.846680
vt 0.506348 0.844727
vt 0.502441 0.829590
vt 0.503418 0.833496
vt 0.505371 0.836914
vt 0.508789 0.838867
vt 0.512695 0.839844
vt 0.516602 0.838867
vt 0.503418 0.826172
vt 0.520020 0.836914
vt 0.505371 0.822754
vt 0.521973 0.833496
vt 0.508789 0.820801
vt 0.522949 0.829590
vt 0.512695 0.819824
vt 0.521973 0.826172
vt 0.516602 0.820312
vt 0.519531 0.822754
vt 0.509277 0.826172
vt 0.510742 0.825195
vt 0.512695 0.829590
vt 0.508301 0.828125
vt 0.512695 0.824707
vt 0.507812 0.829590
vt 0.514648 0.825195
vt 0.508301 0.831543
vt 0.516113 0.826172
vt 0.509277 0.833496
vt 0.517090 0.827637
vt 0.510742 0.834473
vt 0.517578 0.829590
vt 0.512695 0.834473
vt 0.517090 0.831543
vt 0.514648 0.834473
vt 0.516113 0.833008
vt 1.470703 0.933105
vt 1.479492 0.917480
vt 1.467773 0.925781
vt 1.485352 0.923340
vt 1.454102 0.936523
vt 1.487305 0.905762
vt 1.495117 0.908691
vt 1.453125 0.928223
vt 1.436523 0.933105
vt 1.490234 0.891602
vt 1.498047 0.891602
vt 1.439453 0.925781
vt 1.421875 0.923340
vt 1.487305 0.877930
vt 1.495117 0.875000
vt 1.427734 0.917969
vt 1.412109 0.909180
vt 1.479492 0.866211
vt 1.485352 0.860352
vt 1.419922 0.905762
vt 1.409180 0.892090
vt 1.467773 0.858398
vt 1.470703 0.850586
vt 1.416992 0.892090
vt 1.412109 0.875000
vt 1.453125 0.855469
vt 1.453125 0.847656
vt 1.419922 0.877930
vt 1.421875 0.860352
vt 1.439453 0.858398
vt 1.436523 0.851074
vt 1.427734 0.866211
vt 1.464844 0.865234
vt 1.453125 0.862793
vt 1.442383 0.865234
vt 1.432617 0.871582
vt 1.426758 0.880859
vt 1.424805 0.892090
vt 1.473633 0.871582
vt 1.426758 0.902832
vt 1.480469 0.880859
vt 1.432617 0.912598
vt 1.482422 0.892090
vt 1.442383 0.918457
vt 1.480469 0.902832
vt 1.453125 0.920898
vt 1.473633 0.912109
vt 1.464844 0.918457
vt 1.470703 0.885254
vt 1.471680 0.892090
vt 1.453125 0.892090
vt 1.466797 0.878906
vt 1.470703 0.898926
vt 1.460938 0.875000
vt 1.466797 0.904785
vt 1.453125 0.873535
vt 1.460938 0.908691
vt 1.446289 0.875000
vt 1.453125 0.910156
vt 1.440430 0.878906
vt 1.446289 0.908691
vt 1.436523 0.885254
vt 1.440430 0.904785
vt 1.435547 0.892090
vt 1.436523 0.898926
vt 0.470703 0.933105
vt 0.479492 0.917480
vt 0.485107 0.923340
vt 0.467529 0.925781
vt 0.453613 0.936523
vt 0.487305 0.905762
vt 0.494629 0.908691
vt 0.453613 0.928223
vt 0.436523 0.933105
vt 0.489990 0.891602
vt 0.498047 0.891602
vt 0.439697 0.925781
vt 0.422119 0.923340
vt 0.487305 0.877930
vt 0.494629 0.875000
vt 0.427734 0.917969
vt 0.412354 0.909180
vt 0.479248 0.866211
vt 0.484863 0.860352
vt 0.419922 0.905762
vt 0.408936 0.892090
vt 0.467529 0.858398
vt 0.470459 0.850586
vt 0.416992 0.892090
vt 0.412354 0.875000
vt 0.453369 0.855469
vt 0.453369 0.847656
vt 0.419678 0.877930
vt 0.422119 0.860352
vt 0.439453 0.858398
vt 0.436523 0.851074
vt 0.427734 0.866211
vt 0.464600 0.865234
vt 0.453613 0.862793
vt 0.442383 0.865234
vt 0.433105 0.871582
vt 0.426758 0.880859
vt 0.424561 0.892090
vt 0.474121 0.871582
vt 0.426758 0.902832
vt 0.480225 0.880859
vt 0.433105 0.912598
vt 0.482666 0.892090
vt 0.442383 0.918457
vt 0.480469 0.902832
vt 0.453613 0.920898
vt 0.474121 0.912109
vt 0.464600 0.918457
vt 0.470459 0.885254
vt 0.471680 0.892090
vt 0.453613 0.892090
vt 0.466553 0.878906
vt 0.470459 0.898926
vt 0.460449 0.875000
vt 0.466553 0.904785
vt 0.453613 0.873535
vt 0.460693 0.908691
vt 0.446533 0.875000
vt 0.453613 0.910156
vt 0.440674 0.878906
vt 0.446533 0.908691
vt 0.436768 0.885254
vt 0.440674 0.904785
vt 0.435303 0.892090
vt 0.436768 0.898926
vt 0.637695 0.974609
vt 0.644043 0.970703
vt 0.641602 0.973633
vt 0.634277 0.973145
vt 0.644043 0.966309
vt 0.631836 0.968750
vt 0.642090 0.963379
vt 0.632324 0.964355
vt 0.638184 0.961914
vt 0.634766 0.962891
vt 0.336670 0.968750
vt 0.336426 0.964355
vt 0.632324 0.959473
vt 0.336670 0.973633
vt 0.631836 0.973633
vt 0.336182 0.959473
vt 0.632324 0.954590
vt 0.335938 0.978516
vt 0.631836 0.978516
vt 0.335449 0.954590
vt 0.632324 0.949219
vt 0.334961 0.983398
vt 0.631836 0.983398
vt 0.334717 0.949219
vt 0.632324 0.943359
vt 0.334717 0.943359
vt 0.325928 0.949219
vt 0.324219 0.943359
vt 0.327393 0.954590
vt 0.328369 0.959473
vt 0.316895 0.953613
vt 0.310303 0.947266
vt 0.307373 0.958008
vt 0.320068 0.958008
vt 0.312988 0.958984
vt 0.311768 0.967773
vt 0.321777 0.961426
vt 0.316162 0.960938
vt 0.328857 0.964355
vt 0.322754 0.964844
vt 0.318115 0.963379
vt 0.329102 0.968750
vt 0.322998 0.968262
vt 0.318848 0.965820
vt 0.328613 0.973633
vt 0.319092 0.968262
vt 0.322510 0.971680
vt 0.318848 0.970215
vt 0.317627 0.972656
vt 0.321289 0.975098
vt 0.327881 0.978516
vt 0.315674 0.974609
vt 0.326660 0.983398
vt 0.319336 0.978516
vt 0.312500 0.976562
vt 0.307129 0.977051
vt 0.308594 0.987305
vt 0.315430 0.982422
vt 0.324951 0.988770
vt 0.322754 0.995117
vt 0.334229 0.988770
vt 0.333984 0.995117
vt 0.631836 0.988770
vt 0.632324 0.995117
s 1
usemtl mat_merlinVacation_skin.001
f 1/1/1 3/2/2 2/3/3
f 1/1/1 4/4/4 3/2/2
f 5/5/5 4/4/4 1/1/1
f 3/2/2 4/4/4 6/6/6
f 3/2/2 6/6/6 7/7/7
f 5/5/5 8/8/8 4/4/4
f 9/9/9 8/8/8 5/5/5
f 7/7/7 6/6/6 10/10/10
f 7/7/7 10/10/10 11/11/11
f 9/9/9 12/12/12 8/8/8
f 13/13/13 12/12/12 9/9/9
f 13/13/13 14/14/14 12/12/12
f 15/15/15 14/14/14 13/13/13
f 8/8/8 12/12/12 16/16/16
f 14/14/14 16/16/16 12/12/12
f 4/4/4 8/8/8 17/17/17
f 8/8/8 16/16/16 17/17/17
f 6/6/6 4/4/4 18/18/18
f 4/4/4 17/17/17 18/18/18
f 11/11/11 10/10/10 19/19/19
f 11/11/11 19/19/19 20/20/20
f 15/15/15 21/21/21 14/14/14
f 22/22/22 21/21/21 15/15/15
f 20/20/20 19/19/19 23/23/23
f 20/20/20 23/23/23 24/24/24
f 22/22/22 25/25/25 21/21/21
f 26/26/26 25/25/25 22/22/22
f 24/24/24 23/23/23 27/27/27
f 24/24/24 27/27/27 28/28/28
f 26/26/26 29/29/29 25/25/25
f 30/30/30 29/29/29 26/26/26
f 28/28/28 27/27/27 31/31/31
f 28/28/28 31/31/31 32/32/32
f 30/30/30 33/33/33 29/29/29
f 33/33/33 30/30/30 34/34/34
f 33/33/33 34/34/34 35/35/35
f 33/33/33 35/35/35 36/36/36
f 33/33/33 36/36/36 37/37/37
f 29/29/29 33/33/33 37/37/37
f 37/37/37 36/36/36 38/38/38
f 37/37/37 38/38/38 39/39/39
f 37/37/37 39/39/39 40/40/40
f 29/29/29 37/37/37 41/41/41
f 37/37/37 40/40/40 41/41/41
f 25/25/25 29/29/29 41/41/41
f 42/42/42 41/41/41 40/40/40
f 42/42/42 40/40/40 43/43/43
f 42/42/42 43/43/43 44/44/44
f 25/25/25 41/41/41 45/45/45
f 45/45/45 41/41/41 42/42/42
f 21/21/21 25/25/25 45/45/45
f 46/46/46 42/42/42 44/44/44
f 45/45/45 42/42/42 46/46/46
f 21/21/21 45/45/45 47/47/47
f 14/14/14 21/21/21 47/47/47
f 46/46/46 44/44/44 48/48/48
f 48/48/48 44/44/44 49/49/49
f 45/45/45 46/46/46 50/50/50
f 50/50/50 46/46/46 48/48/48
f 45/45/45 50/50/50 47/47/47
f 14/14/14 47/47/47 51/51/51
f 14/14/14 51/51/51 16/16/16
f 50/50/50 48/48/48 52/52/52
f 52/52/52 48/48/48 49/49/49
f 47/47/47 50/50/50 53/53/53
f 47/47/47 53/53/53 51/51/51
f 53/53/53 50/50/50 52/52/52
f 51/51/51 53/53/53 54/54/54
f 16/16/16 51/51/51 55/55/55
f 51/51/51 54/54/54 55/55/55
f 17/17/17 16/16/16 55/55/55
f 53/53/53 52/52/52 56/56/56
f 56/56/56 54/54/54 53/53/53
f 52/52/52 49/49/49 57/57/57
f 56/56/56 52/52/52 57/57/57
f 17/17/17 55/55/55 58/58/58
f 58/58/58 55/55/55 54/54/54
f 57/57/57 49/49/49 59/59/59
f 59/59/59 49/49/49 60/60/60
f 59/59/59 60/60/60 61/61/61
f 59/59/59 61/61/61 62/62/62
f 59/59/59 62/62/62 63/63/63
f 57/57/57 59/59/59 63/63/63
f 63/63/63 62/62/62 64/64/64
f 65/65/65 17/17/17 58/58/58
f 18/18/18 17/17/17 65/65/65
f 63/63/63 64/64/64 66/66/66
f 67/67/67 66/66/66 64/64/64
f 68/68/68 18/18/18 65/65/65
f 6/6/6 18/18/18 68/68/68
f 6/6/6 68/68/68 69/69/69
f 6/6/6 69/69/69 10/10/10
f 67/67/67 70/70/70 66/66/66
f 70/70/70 67/67/67 71/71/71
f 70/70/70 71/71/71 72/72/72
f 66/66/66 70/70/70 73/73/73
f 73/73/73 70/70/70 72/72/72
f 63/63/63 66/66/66 74/74/74
f 66/66/66 73/73/73 74/74/74
f 68/68/68 65/65/65 75/75/75
f 69/69/69 68/68/68 75/75/75
f 10/10/10 69/69/69 76/76/76
f 10/10/10 76/76/76 19/19/19
f 63/63/63 74/74/74 77/77/77
f 57/57/57 63/63/63 77/77/77
f 69/69/69 75/75/75 78/78/78
f 76/76/76 69/69/69 78/78/78
f 19/19/19 76/76/76 79/79/79
f 19/19/19 79/79/79 23/23/23
f 80/80/80 57/57/57 77/77/77
f 56/56/56 57/57/57 80/80/80
f 23/23/23 79/79/79 81/81/81
f 23/23/23 81/81/81 27/27/27
f 27/27/27 81/81/81 82/82/82
f 27/27/27 82/82/82 31/31/31
f 83/83/83 78/78/78 75/75/75
f 76/76/76 78/78/78 84/84/84
f 84/84/84 78/78/78 83/83/83
f 76/76/76 85/85/85 79/79/79
f 76/76/76 84/84/84 85/85/85
f 79/79/79 86/86/86 81/81/81
f 79/79/79 85/85/85 86/86/86
f 87/87/87 85/85/85 84/84/84
f 84/84/84 83/83/83 87/87/87
f 87/87/87 88/88/88 85/85/85
f 88/88/88 86/86/86 85/85/85
f 81/81/81 86/86/86 89/89/89
f 81/81/81 89/89/89 82/82/82
f 83/83/83 75/75/75 90/90/90
f 90/90/90 75/75/75 65/65/65
f 83/83/83 91/91/91 87/87/87
f 91/91/91 88/88/88 87/87/87
f 88/88/88 92/92/92 86/86/86
f 89/89/89 86/86/86 92/92/92
f 90/90/90 65/65/65 93/93/93
f 65/65/65 58/58/58 93/93/93
f 90/90/90 94/94/94 83/83/83
f 83/83/83 94/94/94 91/91/91
f 91/91/91 95/95/95 88/88/88
f 95/95/95 92/92/92 88/88/88
f 93/93/93 96/96/96 90/90/90
f 90/90/90 96/96/96 94/94/94
f 58/58/58 97/97/97 93/93/93
f 93/93/93 97/97/97 96/96/96
f 94/94/94 98/98/98 91/91/91
f 98/98/98 95/95/95 91/91/91
f 96/96/96 99/99/99 94/94/94
f 94/94/94 99/99/99 98/98/98
f 58/58/58 100/100/100 97/97/97
f 58/58/58 54/54/54 100/100/100
f 97/97/97 101/101/101 96/96/96
f 96/96/96 101/101/101 99/99/99
f 100/100/100 102/102/102 97/97/97
f 97/97/97 102/102/102 101/101/101
f 54/54/54 103/103/103 100/100/100
f 100/100/100 103/103/103 102/102/102
f 54/54/54 104/104/104 103/103/103
f 56/56/56 104/104/104 54/54/54
f 56/56/56 105/105/105 104/104/104
f 56/56/56 80/80/80 105/105/105
f 104/104/104 106/106/106 103/103/103
f 104/104/104 105/105/105 106/106/106
f 103/103/103 107/107/107 102/102/102
f 103/103/103 106/106/106 107/107/107
f 102/102/102 108/108/108 101/101/101
f 102/102/102 107/107/107 108/108/108
f 101/101/101 109/109/109 99/99/99
f 101/101/101 108/108/108 109/109/109
f 105/105/105 80/80/80 110/110/110
f 80/80/80 77/77/77 110/110/110
f 106/106/106 105/105/105 111/111/111
f 105/105/105 110/110/110 111/111/111
f 107/107/107 106/106/106 112/112/112
f 106/106/106 111/111/111 112/112/112
f 108/108/108 107/107/107 113/113/113
f 107/107/107 112/112/112 113/113/113
f 77/77/77 114/114/114 110/110/110
f 77/77/77 74/74/74 114/114/114
f 110/110/110 115/115/115 111/111/111
f 110/110/110 114/114/114 115/115/115
f 111/111/111 116/116/116 112/112/112
f 111/111/111 115/115/115 116/116/116
f 74/74/74 117/117/117 114/114/114
f 74/74/74 73/73/73 117/117/117
f 114/114/114 118/118/118 115/115/115
f 114/114/114 117/117/117 118/118/118
f 119/119/119 117/117/117 73/73/73
f 119/119/119 118/118/118 117/117/117
f 120/120/120 115/115/115 118/118/118
f 120/120/120 116/116/116 115/115/115
f 112/112/112 116/116/116 121/121/121
f 112/112/112 121/121/121 113/113/113
f 119/119/119 73/73/73 122/122/122
f 122/122/122 73/73/73 72/72/72
f 119/119/119 123/123/123 118/118/118
f 123/123/123 120/120/120 118/118/118
f 119/119/119 124/124/124 123/123/123
f 125/125/125 116/116/116 120/120/120
f 125/125/125 121/121/121 116/116/116
f 123/123/123 126/126/126 120/120/120
f 124/124/124 126/126/126 123/123/123
f 126/126/126 125/125/125 120/120/120
f 127/127/127 119/119/119 122/122/122
f 119/119/119 127/127/127 124/124/124
f 122/122/122 72/72/72 128/128/128
f 128/128/128 72/72/72 129/129/129
f 130/130/130 122/122/122 128/128/128
f 127/127/127 122/122/122 130/130/130
f 131/131/131 128/128/128 129/129/129
f 130/130/130 128/128/128 131/131/131
f 131/131/131 129/129/129 132/132/132
f 132/132/132 129/129/129 133/133/133
f 132/132/132 133/133/133 134/134/134
f 135/135/135 130/130/130 131/131/131
f 135/135/135 131/131/131 132/132/132
f 136/136/136 127/127/127 130/130/130
f 135/135/135 136/136/136 130/130/130
f 132/132/132 134/134/134 137/137/137
f 135/135/135 132/132/132 137/137/137
f 138/138/138 124/124/124 127/127/127
f 136/136/136 138/138/138 127/127/127
f 139/139/139 137/137/137 134/134/134
f 139/139/139 134/134/134 140/140/140
f 139/139/139 140/140/140 141/141/141
f 139/139/139 141/141/141 142/142/142
f 143/143/143 139/139/139 142/142/142
f 143/143/143 142/142/142 144/144/144
f 143/143/143 144/144/144 145/145/145
f 143/143/143 145/145/145 146/146/146
f 147/147/147 139/139/139 143/143/143
f 146/146/146 147/147/147 143/143/143
f 147/147/147 137/137/137 139/139/139
f 146/146/146 148/148/148 147/147/147
f 149/149/149 137/137/137 147/147/147
f 148/148/148 149/149/149 147/147/147
f 149/149/149 135/135/135 137/137/137
f 148/148/148 150/150/150 149/149/149
f 151/151/151 135/135/135 149/149/149
f 150/150/150 151/151/151 149/149/149
f 151/151/151 136/136/136 135/135/135
f 150/150/150 152/152/152 151/151/151
f 153/153/153 136/136/136 151/151/151
f 152/152/152 153/153/153 151/151/151
f 152/152/152 154/154/154 153/153/153
f 153/153/153 138/138/138 136/136/136
f 154/154/154 155/155/155 153/153/153
f 154/154/154 156/156/156 155/155/155
f 153/153/153 157/157/157 138/138/138
f 153/153/153 155/155/155 157/157/157
f 156/156/156 158/158/158 155/155/155
f 158/158/158 157/157/157 155/155/155
f 156/156/156 159/159/159 158/158/158
f 157/157/157 160/160/160 138/138/138
f 138/138/138 160/160/160 124/124/124
f 159/159/159 161/161/161 158/158/158
f 159/159/159 162/162/162 161/161/161
f 158/158/158 163/163/163 157/157/157
f 163/163/163 160/160/160 157/157/157
f 161/161/161 163/163/163 158/158/158
f 164/164/164 124/124/124 160/160/160
f 163/163/163 164/164/164 160/160/160
f 162/162/162 165/165/165 161/161/161
f 162/162/162 166/166/166 165/165/165
f 165/165/165 167/167/167 161/161/161
f 165/165/165 168/168/168 167/167/167
f 161/161/161 169/169/169 163/163/163
f 167/167/167 169/169/169 161/161/161
f 169/169/169 170/170/170 163/163/163
f 170/170/170 164/164/164 163/163/163
f 164/164/164 171/171/171 124/124/124
f 124/124/124 171/171/171 126/126/126
f 171/171/171 172/172/172 126/126/126
f 126/126/126 172/172/172 125/125/125
f 164/164/164 173/173/173 171/171/171
f 171/171/171 173/173/173 172/172/172
f 172/172/172 174/174/174 125/125/125
f 174/174/174 121/121/121 125/125/125
f 168/168/168 175/175/175 167/167/167
f 168/168/168 176/176/176 175/175/175
f 167/167/167 177/177/177 169/169/169
f 177/177/177 170/170/170 169/169/169
f 167/167/167 178/178/178 177/177/177
f 167/167/167 175/175/175 178/178/178
f 176/176/176 179/179/179 175/175/175
f 176/176/176 180/180/180 179/179/179
f 173/173/173 181/181/181 172/172/172
f 172/172/172 181/181/181 174/174/174
f 174/174/174 182/182/182 121/121/121
f 113/113/113 121/121/121 182/182/182
f 177/177/177 183/183/183 170/170/170
f 178/178/178 183/183/183 177/177/177
f 175/175/175 184/184/184 178/178/178
f 175/175/175 179/179/179 184/184/184
f 180/180/180 185/185/185 179/179/179
f 180/180/180 186/186/186 185/185/185
f 181/181/181 187/187/187 174/174/174
f 187/187/187 182/182/182 174/174/174
f 113/113/113 182/182/182 188/188/188
f 108/108/108 113/113/113 188/188/188
f 109/109/109 108/108/108 188/188/188
f 188/188/188 182/182/182 189/189/189
f 187/187/187 189/189/189 182/182/182
f 109/109/109 188/188/188 190/190/190
f 188/188/188 189/189/189 190/190/190
f 179/179/179 191/191/191 184/184/184
f 179/179/179 185/185/185 191/191/191
f 186/186/186 192/192/192 185/185/185
f 186/186/186 193/193/193 192/192/192
f 187/187/187 194/194/194 189/189/189
f 190/190/190 189/189/189 194/194/194
f 195/195/195 109/109/109 190/190/190
f 99/99/99 109/109/109 195/195/195
f 99/99/99 195/195/195 98/98/98
f 195/195/195 190/190/190 196/196/196
f 190/190/190 194/194/194 196/196/196
f 98/98/98 195/195/195 197/197/197
f 197/197/197 195/195/195 196/196/196
f 185/185/185 198/198/198 191/191/191
f 185/185/185 192/192/192 198/198/198
f 193/193/193 199/199/199 192/192/192
f 193/193/193 200/200/200 199/199/199
f 98/98/98 197/197/197 201/201/201
f 98/98/98 201/201/201 95/95/95
f 192/192/192 202/202/202 198/198/198
f 192/192/192 199/199/199 202/202/202
f 200/200/200 203/203/203 199/199/199
f 200/200/200 204/204/204 203/203/203
f 203/203/203 204/204/204 205/205/205
f 203/203/203 205/205/205 206/206/206
f 199/199/199 203/203/203 207/207/207
f 207/207/207 203/203/203 206/206/206
f 199/199/199 207/207/207 202/202/202
f 207/207/207 206/206/206 208/208/208
f 209/209/209 207/207/207 208/208/208
f 202/202/202 207/207/207 209/209/209
f 209/209/209 208/208/208 210/210/210
f 198/198/198 202/202/202 211/211/211
f 202/202/202 209/209/209 211/211/211
f 212/212/212 209/209/209 210/210/210
f 212/212/212 210/210/210 213/213/213
f 214/214/214 212/212/212 213/213/213
f 198/198/198 211/211/211 215/215/215
f 191/191/191 198/198/198 215/215/215
f 216/216/216 211/211/211 209/209/209
f 216/216/216 209/209/209 212/212/212
f 217/217/217 211/211/211 216/216/216
f 217/217/217 215/215/215 211/211/211
f 191/191/191 215/215/215 218/218/218
f 184/184/184 191/191/191 218/218/218
f 212/212/212 219/219/219 216/216/216
f 216/216/216 219/219/219 217/217/217
f 214/214/214 220/220/220 212/212/212
f 212/212/212 220/220/220 219/219/219
f 221/221/221 220/220/220 214/214/214
f 221/221/221 214/214/214 222/222/222
f 220/220/220 223/223/223 219/219/219
f 220/220/220 221/221/221 223/223/223
f 224/224/224 221/221/221 222/222/222
f 224/224/224 222/222/222 225/225/225
f 226/226/226 221/221/221 224/224/224
f 226/226/226 223/223/223 221/221/221
f 227/227/227 224/224/224 225/225/225
f 226/226/226 224/224/224 227/227/227
f 227/227/227 225/225/225 228/228/228
f 219/219/219 223/223/223 229/229/229
f 217/217/217 219/219/219 229/229/229
f 230/230/230 223/223/223 226/226/226
f 230/230/230 229/229/229 223/223/223
f 226/226/226 227/227/227 231/231/231
f 230/230/230 226/226/226 231/231/231
f 232/232/232 227/227/227 228/228/228
f 232/232/232 228/228/228 233/233/233
f 232/232/232 234/234/234 227/227/227
f 234/234/234 231/231/231 227/227/227
f 235/235/235 232/232/232 233/233/233
f 232/232/232 235/235/235 234/234/234
f 235/235/235 233/233/233 236/236/236
f 235/235/235 236/236/236 237/237/237
f 238/238/238 231/231/231 234/234/234
f 235/235/235 238/238/238 234/234/234
f 235/235/235 237/237/237 239/239/239
f 235/235/235 239/239/239 238/238/238
f 240/240/240 239/239/239 237/237/237
f 230/230/230 231/231/231 241/241/241
f 238/238/238 241/241/241 231/231/231
f 242/242/242 229/229/229 230/230/230
f 242/242/242 230/230/230 241/241/241
f 240/240/240 243/243/243 239/239/239
f 244/244/244 243/243/243 240/240/240
f 242/242/242 245/245/245 229/229/229
f 245/245/245 217/217/217 229/229/229
f 244/244/244 246/246/246 243/243/243
f 246/246/246 244/244/244 247/247/247
f 246/246/246 247/247/247 248/248/248
f 248/248/248 247/247/247 249/249/249
f 245/245/245 250/250/250 217/217/217
f 250/250/250 215/215/215 217/217/217
f 250/250/250 218/218/218 215/215/215
f 246/246/246 251/251/251 243/243/243
f 246/246/246 248/248/248 251/251/251
f 248/248/248 249/249/249 252/252/252
f 252/252/252 249/249/249 253/253/253
f 254/254/254 248/248/248 252/252/252
f 254/254/254 251/251/251 248/248/248
f 252/252/252 253/253/253 255/255/255
f 254/254/254 252/252/252 255/255/255
f 256/256/256 255/255/255 253/253/253
f 256/256/256 253/253/253 257/257/257
f 254/254/254 255/255/255 258/258/258
f 258/258/258 255/255/255 256/256/256
f 259/259/259 256/256/256 257/257/257
f 259/259/259 257/257/257 260/260/260
f 259/259/259 261/261/261 256/256/256
f 258/258/258 256/256/256 261/261/261
f 262/262/262 259/259/259 260/260/260
f 261/261/261 259/259/259 262/262/262
f 262/262/262 260/260/260 263/263/263
f 264/264/264 254/254/254 258/258/258
f 264/264/264 251/251/251 254/254/254
f 265/265/265 258/258/258 261/261/261
f 264/264/264 258/258/258 265/265/265
f 266/266/266 262/262/262 263/263/263
f 266/266/266 263/263/263 267/267/267
f 268/268/268 266/266/266 267/267/267
f 268/268/268 267/267/267 269/269/269
f 270/270/270 268/268/268 269/269/269
f 270/270/270 269/269/269 271/271/271
f 32/32/32 268/268/268 270/270/270
f 32/32/32 31/31/31 268/268/268
f 31/31/31 266/266/266 268/268/268
f 31/31/31 82/82/82 266/266/266
f 82/82/82 262/262/262 266/266/266
f 82/82/82 89/89/89 262/262/262
f 261/261/261 262/262/262 89/89/89
f 261/261/261 89/89/89 92/92/92
f 265/265/265 261/261/261 92/92/92
f 95/95/95 265/265/265 92/92/92
f 201/201/201 265/265/265 95/95/95
f 201/201/201 264/264/264 265/265/265
f 201/201/201 272/272/272 264/264/264
f 201/201/201 197/197/197 272/272/272
f 264/264/264 272/272/272 251/251/251
f 272/272/272 197/197/197 273/273/273
f 197/197/197 196/196/196 273/273/273
f 274/274/274 251/251/251 272/272/272
f 272/272/272 273/273/273 274/274/274
f 243/243/243 251/251/251 274/274/274
f 196/196/196 275/275/275 273/273/273
f 196/196/196 194/194/194 275/275/275
f 243/243/243 274/274/274 276/276/276
f 243/243/243 276/276/276 239/239/239
f 274/274/274 273/273/273 277/277/277
f 274/274/274 277/277/277 276/276/276
f 277/277/277 273/273/273 275/275/275
f 278/278/278 239/239/239 276/276/276
f 278/278/278 276/276/276 277/277/277
f 275/275/275 278/278/278 277/277/277
f 238/238/238 239/239/239 278/278/278
f 275/275/275 194/194/194 279/279/279
f 187/187/187 279/279/279 194/194/194
f 238/238/238 278/278/278 280/280/280
f 241/241/241 238/238/238 280/280/280
f 275/275/275 281/281/281 278/278/278
f 280/280/280 278/278/278 281/281/281
f 275/275/275 279/279/279 281/281/281
f 241/241/241 280/280/280 282/282/282
f 282/282/282 280/280/280 281/281/281
f 242/242/242 241/241/241 282/282/282
f 282/282/282 281/281/281 242/242/242
f 283/283/283 242/242/242 281/281/281
f 283/283/283 281/281/281 279/279/279
f 283/283/283 245/245/245 242/242/242
f 284/284/284 279/279/279 187/187/187
f 284/284/284 283/283/283 279/279/279
f 181/181/181 284/284/284 187/187/187
f 283/283/283 285/285/285 245/245/245
f 285/285/285 250/250/250 245/245/245
f 286/286/286 284/284/284 181/181/181
f 173/173/173 286/286/286 181/181/181
f 287/287/287 283/283/283 284/284/284
f 287/287/287 285/285/285 283/283/283
f 286/286/286 287/287/287 284/284/284
f 285/285/285 288/288/288 250/250/250
f 288/288/288 218/218/218 250/250/250
f 289/289/289 286/286/286 173/173/173
f 164/164/164 289/289/289 173/173/173
f 170/170/170 289/289/289 164/164/164
f 289/289/289 290/290/290 286/286/286
f 290/290/290 289/289/289 170/170/170
f 290/290/290 287/287/287 286/286/286
f 290/290/290 170/170/170 183/183/183
f 291/291/291 285/285/285 287/287/287
f 290/290/290 291/291/291 287/287/287
f 291/291/291 288/288/288 285/285/285
f 291/291/291 290/290/290 183/183/183
f 288/288/288 292/292/292 218/218/218
f 292/292/292 288/288/288 291/291/291
f 184/184/184 218/218/218 292/292/292
f 291/291/291 183/183/183 293/293/293
f 292/292/292 291/291/291 293/293/293
f 184/184/184 292/292/292 293/293/293
f 178/178/178 293/293/293 183/183/183
f 184/184/184 293/293/293 178/178/178
f 35/294/35 34/295/34 294/296/294
f 35/294/35 294/296/294 295/297/295
f 295/297/295 294/296/294 296/298/296
f 35/294/35 295/297/295 297/299/297
f 35/294/35 297/299/297 36/300/36
f 297/299/297 38/301/38 36/300/36
f 295/297/295 296/298/296 298/302/298
f 298/302/298 297/299/297 295/297/295
f 298/302/298 296/298/296 299/303/299
f 297/299/297 300/304/300 38/301/38
f 300/304/300 301/305/301 38/301/38
f 300/304/300 302/306/302 301/305/301
f 298/302/298 299/303/299 303/307/303
f 303/307/303 299/303/299 304/308/304
f 298/302/298 305/309/305 297/299/297
f 305/309/305 300/304/300 297/299/297
f 303/307/303 305/309/305 298/302/298
f 306/310/306 302/306/302 300/304/300
f 305/309/305 306/310/306 300/304/300
f 303/307/303 304/308/304 307/311/307
f 307/311/307 304/308/304 308/312/308
f 303/307/303 309/313/309 305/309/305
f 309/313/309 306/310/306 305/309/305
f 307/311/307 309/313/309 303/307/303
f 306/310/306 310/314/310 302/306/302
f 310/314/310 311/315/311 302/306/302
f 310/314/310 312/316/312 311/315/311
f 307/311/307 308/312/308 313/317/313
f 313/317/313 308/312/308 314/318/314
f 313/317/313 314/318/314 315/319/315
f 315/319/315 314/318/314 316/320/316
f 313/317/313 317/321/317 307/311/307
f 307/311/307 317/321/317 309/313/309
f 309/313/309 318/322/318 306/310/306
f 318/322/318 310/314/310 306/310/306
f 313/317/313 319/323/319 317/321/317
f 315/319/315 319/323/319 313/317/313
f 309/313/309 317/321/317 320/324/320
f 309/313/309 320/324/320 318/322/318
f 320/324/320 317/321/317 319/323/319
f 315/319/315 316/320/316 321/325/321
f 2/326/3 321/325/321 316/320/316
f 2/326/3 3/327/2 321/325/321
f 321/325/321 3/327/2 7/328/7
f 318/322/318 322/329/322 310/314/310
f 318/322/318 320/324/320 323/330/323
f 318/322/318 323/330/323 322/329/322
f 322/329/322 323/330/323 324/331/324
f 322/329/322 325/332/325 310/314/310
f 310/314/310 325/332/325 312/316/312
f 323/330/323 320/324/320 326/333/326
f 320/324/320 319/323/319 326/333/326
f 322/329/322 324/331/324 327/334/327
f 322/329/322 327/334/327 325/332/325
f 328/335/328 312/316/312 325/332/325
f 328/335/328 329/336/329 312/316/312
f 328/335/328 330/337/330 329/336/329
f 331/338/331 325/332/325 327/334/327
f 331/338/331 327/334/327 324/331/324
f 331/338/331 328/335/328 325/332/325
f 324/331/324 323/330/323 332/339/332
f 323/330/323 326/333/326 332/339/332
f 319/323/319 333/340/333 326/333/326
f 326/333/326 334/341/334 332/339/332
f 326/333/326 333/340/333 334/341/334
f 319/323/319 335/342/335 333/340/333
f 315/319/315 335/342/335 319/323/319
f 335/342/335 336/343/336 333/340/333
f 334/341/334 333/340/333 336/343/336
f 315/319/315 337/344/337 335/342/335
f 335/342/335 337/344/337 336/343/336
f 315/319/315 338/345/338 337/344/337
f 321/325/321 338/345/338 315/319/315
f 321/325/321 339/346/339 338/345/338
f 321/325/321 7/328/7 339/346/339
f 7/328/7 340/347/340 339/346/339
f 7/328/7 11/348/11 340/347/340
f 339/346/339 341/349/341 338/345/338
f 339/346/339 340/347/340 341/349/341
f 338/345/338 342/350/342 337/344/337
f 338/345/338 341/349/341 342/350/342
f 11/348/11 343/351/343 340/347/340
f 11/348/11 20/352/20 343/351/343
f 343/351/343 20/352/20 24/353/24
f 340/347/340 344/354/344 341/349/341
f 340/347/340 343/351/343 344/354/344
f 343/351/343 24/353/24 345/355/345
f 344/354/344 343/351/343 345/355/345
f 345/355/345 24/353/24 28/356/28
f 341/349/341 344/354/344 346/357/346
f 341/349/341 346/357/346 342/350/342
f 337/344/337 342/350/342 347/358/347
f 337/344/337 347/358/347 336/343/336
f 344/354/344 345/355/345 348/359/348
f 346/357/346 344/354/344 348/359/348
f 345/355/345 28/356/28 349/360/349
f 348/359/348 345/355/345 349/360/349
f 349/360/349 28/356/28 32/361/32
f 342/350/342 346/357/346 350/362/350
f 342/350/342 350/362/350 347/358/347
f 346/357/346 348/359/348 351/363/351
f 350/362/350 346/357/346 351/363/351
f 348/359/348 349/360/349 352/364/352
f 352/364/352 351/363/351 348/359/348
f 349/360/349 32/361/32 353/365/353
f 352/364/352 349/360/349 353/365/353
f 353/365/353 32/361/32 270/366/270
f 353/365/353 270/366/270 354/367/354
f 354/367/354 270/366/270 271/368/271
f 354/367/354 271/368/271 355/369/355
f 352/364/352 353/365/353 356/370/356
f 356/370/356 353/365/353 354/367/354
f 357/371/357 354/367/354 355/369/355
f 356/370/356 354/367/354 357/371/357
f 357/371/357 355/369/355 358/372/358
f 352/364/352 359/373/359 351/363/351
f 356/370/356 359/373/359 352/364/352
f 350/362/350 351/363/351 360/374/360
f 359/373/359 360/374/360 351/363/351
f 361/375/361 357/371/357 358/372/358
f 361/375/361 358/372/358 362/376/362
f 357/371/357 363/377/363 356/370/356
f 356/370/356 363/377/363 359/373/359
f 357/371/357 361/375/361 363/377/363
f 364/378/364 361/375/361 362/376/362
f 364/378/364 362/376/362 365/379/365
f 363/377/363 366/380/366 359/373/359
f 359/373/359 366/380/366 360/374/360
f 361/375/361 367/381/367 363/377/363
f 361/375/361 364/378/364 367/381/367
f 363/377/363 367/381/367 366/380/366
f 368/382/368 350/362/350 360/374/360
f 347/358/347 350/362/350 368/382/368
f 369/383/369 364/378/364 365/379/365
f 369/383/369 365/379/365 370/384/370
f 371/385/371 369/383/369 370/384/370
f 372/386/372 360/374/360 366/380/366
f 368/382/368 360/374/360 372/386/372
f 373/387/373 368/382/368 372/386/372
f 347/358/347 368/382/368 374/388/374
f 374/388/374 368/382/368 373/387/373
f 336/343/336 347/358/347 374/388/374
f 375/389/375 367/381/367 364/378/364
f 375/389/375 364/378/364 369/383/369
f 376/390/376 366/380/366 367/381/367
f 372/386/372 366/380/366 376/390/376
f 376/390/376 367/381/367 375/389/375
f 371/385/371 377/391/377 369/383/369
f 377/391/377 375/389/375 369/383/369
f 336/343/336 374/388/374 378/392/378
f 334/341/334 336/343/336 378/392/378
f 379/393/379 377/391/377 371/385/371
f 379/393/379 371/385/371 380/394/380
f 377/391/377 381/395/381 375/389/375
f 381/395/381 377/391/377 379/393/379
f 381/395/381 376/390/376 375/389/375
f 382/396/382 379/393/379 380/394/380
f 381/395/381 379/393/379 382/396/382
f 382/396/382 380/394/380 383/397/383
f 378/392/378 374/388/374 384/398/384
f 374/388/374 373/387/373 384/398/384
f 334/341/334 378/392/378 385/399/385
f 378/392/378 384/398/384 385/399/385
f 386/400/386 382/396/382 383/397/383
f 386/400/386 383/397/383 387/401/387
f 381/395/381 382/396/382 388/402/388
f 388/402/388 382/396/382 386/400/386
f 389/403/389 386/400/386 387/401/387
f 388/402/388 386/400/386 389/403/389
f 389/403/389 387/401/387 390/404/390
f 391/405/391 389/403/389 390/404/390
f 391/405/391 390/404/390 392/406/392
f 334/341/334 385/399/385 393/407/393
f 332/339/332 334/341/334 393/407/393
f 394/408/394 381/395/381 388/402/388
f 381/395/381 394/408/394 376/390/376
f 388/402/388 389/403/389 395/409/395
f 391/405/391 395/409/395 389/403/389
f 396/410/396 391/405/391 392/406/392
f 396/410/396 392/406/392 397/411/397
f 398/412/398 376/390/376 394/408/394
f 398/412/398 372/386/372 376/390/376
f 373/387/373 372/386/372 398/412/398
f 394/408/394 388/402/388 399/413/399
f 398/412/398 394/408/394 399/413/399
f 399/413/399 388/402/388 395/409/395
f 391/405/391 400/414/400 395/409/395
f 396/410/396 400/414/400 391/405/391
f 401/415/401 396/410/396 397/411/397
f 401/415/401 397/411/397 402/416/402
f 398/412/398 399/413/399 403/417/403
f 373/387/373 398/412/398 403/417/403
f 399/413/399 395/409/395 404/418/404
f 400/414/400 404/418/404 395/409/395
f 403/417/403 399/413/399 404/418/404
f 396/410/396 405/419/405 400/414/400
f 405/419/405 396/410/396 401/415/401
f 204/420/204 401/415/401 402/416/402
f 204/420/204 402/416/402 205/421/205
f 406/422/406 401/415/401 204/420/204
f 405/419/405 401/415/401 406/422/406
f 406/422/406 204/420/204 200/423/200
f 400/414/400 407/424/407 404/418/404
f 405/419/405 407/424/407 400/414/400
f 403/417/403 404/418/404 408/425/408
f 407/424/407 408/425/408 404/418/404
f 409/426/409 405/419/405 406/422/406
f 405/419/405 409/426/409 407/424/407
f 410/427/410 406/422/406 200/423/200
f 409/426/409 406/422/406 410/427/410
f 410/427/410 200/423/200 193/428/193
f 409/426/409 411/429/411 407/424/407
f 407/424/407 411/429/411 408/425/408
f 412/430/412 403/417/403 408/425/408
f 373/387/373 403/417/403 412/430/412
f 413/431/413 410/427/410 193/428/193
f 413/431/413 193/428/193 186/432/186
f 414/433/414 409/426/409 410/427/410
f 409/426/409 414/433/414 411/429/411
f 414/433/414 410/427/410 413/431/413
f 415/434/415 408/425/408 411/429/411
f 412/430/412 408/425/408 415/434/415
f 416/435/416 373/387/373 412/430/412
f 416/435/416 384/398/384 373/387/373
f 417/436/417 413/431/413 186/432/186
f 417/436/417 186/432/186 180/437/180
f 176/438/176 417/436/417 180/437/180
f 418/439/418 414/433/414 413/431/413
f 418/439/418 413/431/413 417/436/417
f 419/440/419 411/429/411 414/433/414
f 415/434/415 411/429/411 419/440/419
f 419/440/419 414/433/414 418/439/418
f 176/438/176 420/441/420 417/436/417
f 420/441/420 418/439/418 417/436/417
f 168/442/168 420/441/420 176/438/176
f 421/443/421 412/430/412 415/434/415
f 421/443/421 416/435/416 412/430/412
f 422/444/422 384/398/384 416/435/416
f 422/444/422 385/399/385 384/398/384
f 423/445/423 419/440/419 418/439/418
f 420/441/420 423/445/423 418/439/418
f 424/446/424 415/434/415 419/440/419
f 424/446/424 421/443/421 415/434/415
f 423/445/423 424/446/424 419/440/419
f 168/442/168 425/447/425 420/441/420
f 425/447/425 423/445/423 420/441/420
f 426/448/426 416/435/416 421/443/421
f 426/448/426 422/444/422 416/435/416
f 427/449/427 385/399/385 422/444/422
f 427/449/427 422/444/422 426/448/426
f 427/449/427 393/407/393 385/399/385
f 428/450/428 424/446/424 423/445/423
f 425/447/425 428/450/428 423/445/423
f 429/451/429 425/447/425 168/442/168
f 429/451/429 428/450/428 425/447/425
f 429/451/429 430/452/430 428/450/428
f 429/451/429 168/442/168 165/453/165
f 166/454/166 429/451/429 165/453/165
f 166/454/166 431/455/431 429/451/429
f 430/452/430 429/451/429 431/455/431
f 430/452/430 431/455/431 432/456/432
f 428/450/428 433/457/433 424/446/424
f 430/452/430 433/457/433 428/450/428
f 433/457/433 421/443/421 424/446/424
f 433/457/433 426/448/426 421/443/421
f 434/458/434 426/448/426 433/457/433
f 430/452/430 434/458/434 433/457/433
f 435/459/435 430/452/430 432/456/432
f 435/459/435 432/456/432 436/460/436
f 434/458/434 437/461/437 426/448/426
f 427/449/427 426/448/426 437/461/437
f 430/452/430 438/462/438 434/458/434
f 438/462/438 437/461/437 434/458/434
f 430/452/430 435/459/435 438/462/438
f 439/463/439 435/459/435 436/460/436
f 439/463/439 436/460/436 440/464/440
f 441/465/441 427/449/427 437/461/437
f 438/462/438 441/465/441 437/461/437
f 435/459/435 442/466/442 438/462/438
f 435/459/435 439/463/439 442/466/442
f 443/467/443 439/463/439 440/464/440
f 443/467/443 440/464/440 444/468/444
f 445/469/445 438/462/438 442/466/442
f 445/469/445 441/465/441 438/462/438
f 439/463/439 446/470/446 442/466/442
f 439/463/439 443/467/443 446/470/446
f 446/470/446 445/469/445 442/466/442
f 441/465/441 447/471/447 427/449/427
f 447/471/447 393/407/393 427/449/427
f 448/472/448 443/467/443 444/468/444
f 448/472/448 444/468/444 449/473/449
f 450/474/450 441/465/441 445/469/445
f 450/474/450 447/471/447 441/465/441
f 447/471/447 451/475/451 393/407/393
f 332/339/332 393/407/393 451/475/451
f 324/331/324 332/339/332 451/475/451
f 324/331/324 451/475/451 447/471/447
f 324/331/324 447/471/447 450/474/450
f 331/338/331 324/331/324 450/474/450
f 452/476/452 450/474/450 445/469/445
f 452/476/452 331/338/331 450/474/450
f 452/476/452 328/335/328 331/338/331
f 446/470/446 452/476/452 445/469/445
f 452/476/452 453/477/453 328/335/328
f 446/470/446 453/477/453 452/476/452
f 453/477/453 330/337/330 328/335/328
f 446/470/446 454/478/454 453/477/453
f 443/467/443 454/478/454 446/470/446
f 443/467/443 448/472/448 454/478/454
f 453/477/453 455/479/455 330/337/330
f 454/478/454 455/479/455 453/477/453
f 455/479/455 456/480/456 330/337/330
f 455/479/455 141/481/141 456/480/456
f 454/478/454 457/482/457 455/479/455
f 457/482/457 141/481/141 455/479/455
f 448/472/448 457/482/457 454/478/454
f 457/482/457 142/483/142 141/481/141
f 144/484/144 142/483/142 457/482/457
f 448/472/448 458/485/458 457/482/457
f 144/484/144 457/482/457 458/485/458
f 458/485/458 448/472/448 449/473/449
f 458/485/458 449/473/449 459/486/459
f 144/484/144 458/485/458 459/486/459
f 144/484/144 459/486/459 145/487/145
f 1/488/1 2/489/3 460/490/460
f 1/488/1 460/490/460 461/491/461
f 5/492/5 1/488/1 461/491/461
f 461/491/461 460/490/460 462/493/462
f 5/492/5 461/491/461 463/494/463
f 9/495/9 5/492/5 463/494/463
f 461/491/461 462/493/462 464/496/464
f 463/494/463 461/491/461 464/496/464
f 9/495/9 463/494/463 465/497/465
f 13/498/13 9/495/9 465/497/465
f 462/493/462 466/499/466 464/496/464
f 462/493/462 467/500/467 466/499/466
f 463/494/463 464/496/464 468/501/468
f 465/497/465 463/494/463 468/501/468
f 13/498/13 465/497/465 469/502/469
f 15/503/15 13/498/13 469/502/469
f 464/496/464 466/499/466 470/504/470
f 464/496/464 470/504/470 468/501/468
f 467/500/467 471/505/471 466/499/466
f 467/500/467 472/506/472 471/505/471
f 465/497/465 468/501/468 473/507/473
f 469/502/469 465/497/465 473/507/473
f 15/503/15 469/502/469 474/508/474
f 22/509/22 15/503/15 474/508/474
f 468/501/468 470/504/470 475/510/475
f 468/501/468 475/510/475 473/507/473
f 466/499/466 476/511/476 470/504/470
f 466/499/466 471/505/471 476/511/476
f 472/506/472 477/512/477 471/505/471
f 472/506/472 478/513/478 477/512/477
f 469/502/469 473/507/473 479/514/479
f 474/508/474 469/502/469 479/514/479
f 22/509/22 474/508/474 480/515/480
f 26/516/26 22/509/22 480/515/480
f 473/507/473 475/510/475 481/517/481
f 473/507/473 481/517/481 479/514/479
f 470/504/470 482/518/482 475/510/475
f 470/504/470 476/511/476 482/518/482
f 471/505/471 483/519/483 476/511/476
f 471/505/471 477/512/477 483/519/483
f 478/513/478 484/520/484 477/512/477
f 478/513/478 485/521/485 484/520/484
f 486/522/486 484/520/484 485/521/485
f 486/522/486 487/523/487 484/520/484
f 477/512/477 484/520/484 488/524/488
f 487/523/487 488/524/488 484/520/484
f 477/512/477 488/524/488 483/519/483
f 487/523/487 489/525/489 488/524/488
f 489/525/489 490/526/490 488/524/488
f 483/519/483 488/524/488 490/526/490
f 489/525/489 491/527/491 490/526/490
f 476/511/476 483/519/483 492/528/492
f 483/519/483 490/526/490 492/528/492
f 476/511/476 492/528/492 482/518/482
f 491/527/491 493/529/493 490/526/490
f 492/528/492 490/526/490 493/529/493
f 491/527/491 494/530/494 493/529/493
f 482/518/482 492/528/492 495/531/495
f 492/528/492 493/529/493 495/531/495
f 494/530/494 496/532/496 493/529/493
f 495/531/495 493/529/493 496/532/496
f 494/530/494 497/533/497 496/532/496
f 482/518/482 495/531/495 498/534/498
f 475/510/475 482/518/482 498/534/498
f 475/510/475 498/534/498 481/517/481
f 495/531/495 496/532/496 499/535/499
f 498/534/498 495/531/495 499/535/499
f 497/533/497 500/536/500 496/532/496
f 499/535/499 496/532/496 500/536/500
f 497/533/497 501/537/501 500/536/500
f 481/517/481 498/534/498 502/538/502
f 498/534/498 499/535/499 502/538/502
f 499/535/499 500/536/500 503/539/503
f 502/538/502 499/535/499 503/539/503
f 501/537/501 504/540/504 500/536/500
f 503/539/503 500/536/500 504/540/504
f 501/537/501 505/541/505 504/540/504
f 481/517/481 502/538/502 506/542/506
f 479/514/479 481/517/481 506/542/506
f 502/538/502 503/539/503 507/543/507
f 506/542/506 502/538/502 507/543/507
f 503/539/503 504/540/504 508/544/508
f 507/543/507 503/539/503 508/544/508
f 505/541/505 509/545/509 504/540/504
f 508/544/508 504/540/504 509/545/509
f 505/541/505 510/546/510 509/545/509
f 479/514/479 506/542/506 511/547/511
f 474/508/474 479/514/479 511/547/511
f 480/515/480 474/508/474 511/547/511
f 506/542/506 507/543/507 512/548/512
f 511/547/511 506/542/506 512/548/512
f 507/543/507 508/544/508 513/549/513
f 512/548/512 507/543/507 513/549/513
f 511/547/511 512/548/512 514/550/514
f 480/515/480 511/547/511 514/550/514
f 514/550/514 512/548/512 515/551/515
f 512/548/512 513/549/513 515/551/515
f 513/549/513 508/544/508 516/552/516
f 508/544/508 509/545/509 516/552/516
f 510/546/510 517/553/517 509/545/509
f 510/546/510 518/554/518 517/553/517
f 480/515/480 514/550/514 519/555/519
f 514/550/514 515/551/515 519/555/519
f 515/551/515 513/549/513 520/556/520
f 513/549/513 516/552/516 520/556/520
f 521/557/521 509/545/509 517/553/517
f 521/557/521 516/552/516 509/545/509
f 518/554/518 522/558/522 517/553/517
f 521/557/521 517/553/517 522/558/522
f 518/554/518 523/559/523 522/558/522
f 524/560/524 516/552/516 521/557/521
f 524/560/524 520/556/520 516/552/516
f 515/551/515 520/556/520 525/561/525
f 519/555/519 515/551/515 525/561/525
f 480/515/480 519/555/519 526/562/526
f 26/516/26 480/515/480 526/562/526
f 30/563/30 26/516/26 526/562/526
f 521/557/521 522/558/522 527/564/527
f 524/560/524 521/557/521 527/564/527
f 523/559/523 528/565/528 522/558/522
f 527/564/527 522/558/522 528/565/528
f 523/559/523 529/566/529 528/565/528
f 530/567/530 520/556/520 524/560/524
f 530/567/530 525/561/525 520/556/520
f 526/562/526 519/555/519 531/568/531
f 519/555/519 525/561/525 531/568/531
f 30/563/30 526/562/526 532/569/532
f 526/562/526 531/568/531 532/569/532
f 34/570/34 30/563/30 532/569/532
f 34/570/34 532/569/532 533/571/533
f 533/571/533 532/569/532 531/568/531
f 294/572/294 34/570/34 533/571/533
f 534/573/534 531/568/531 525/561/525
f 533/571/533 531/568/531 534/573/534
f 534/573/534 525/561/525 530/567/530
f 294/572/294 533/571/533 535/574/535
f 535/574/535 533/571/533 534/573/534
f 296/575/296 294/572/294 535/574/535
f 530/567/530 524/560/524 536/576/536
f 524/560/524 527/564/527 536/576/536
f 534/573/534 530/567/530 537/577/537
f 530/567/530 536/576/536 537/577/537
f 296/575/296 535/574/535 538/578/538
f 299/579/299 296/575/296 538/578/538
f 535/574/535 534/573/534 539/580/539
f 534/573/534 537/577/537 539/580/539
f 538/578/538 535/574/535 539/580/539
f 536/576/536 527/564/527 540/581/540
f 527/564/527 528/565/528 540/581/540
f 299/579/299 538/578/538 541/582/541
f 304/583/304 299/579/299 541/582/541
f 537/577/537 536/576/536 542/584/542
f 536/576/536 540/581/540 542/584/542
f 538/578/538 539/580/539 543/585/543
f 541/582/541 538/578/538 543/585/543
f 539/580/539 537/577/537 544/586/544
f 537/577/537 542/584/542 544/586/544
f 539/580/539 544/586/544 543/585/543
f 540/581/540 528/565/528 545/587/545
f 529/566/529 545/587/545 528/565/528
f 529/566/529 546/588/546 545/587/545
f 304/583/304 541/582/541 547/589/547
f 308/590/308 304/583/304 547/589/547
f 542/584/542 540/581/540 548/591/548
f 540/581/540 545/587/545 548/591/548
f 546/588/546 549/592/549 545/587/545
f 548/591/548 545/587/545 549/592/549
f 546/588/546 550/593/550 549/592/549
f 541/582/541 543/585/543 551/594/551
f 547/589/547 541/582/541 551/594/551
f 543/585/543 544/586/544 552/595/552
f 543/585/543 552/595/552 551/594/551
f 544/586/544 542/584/542 553/596/553
f 542/584/542 548/591/548 553/596/553
f 544/586/544 553/596/553 552/595/552
f 308/590/308 547/589/547 554/597/554
f 314/598/314 308/590/308 554/597/554
f 548/591/548 549/592/549 555/599/555
f 553/596/553 548/591/548 555/599/555
f 550/593/550 556/600/556 549/592/549
f 555/599/555 549/592/549 556/600/556
f 550/593/550 557/601/557 556/600/556
f 547/589/547 551/594/551 558/602/558
f 554/597/554 547/589/547 558/602/558
f 551/594/551 552/595/552 559/603/559
f 551/594/551 559/603/559 558/602/558
f 552/595/552 553/596/553 560/604/560
f 553/596/553 555/599/555 560/604/560
f 552/595/552 560/604/560 559/603/559
f 314/598/314 554/597/554 561/605/561
f 316/606/316 314/598/314 561/605/561
f 555/599/555 556/600/556 562/607/562
f 560/604/560 555/599/555 562/607/562
f 557/601/557 563/608/563 556/600/556
f 562/607/562 556/600/556 563/608/563
f 557/601/557 564/609/564 563/608/563
f 554/597/554 558/602/558 565/610/565
f 561/605/561 554/597/554 565/610/565
f 558/602/558 559/603/559 566/611/566
f 565/610/565 558/602/558 566/611/566
f 559/603/559 560/604/560 567/612/567
f 560/604/560 562/607/562 567/612/567
f 559/603/559 567/612/567 566/611/566
f 562/607/562 563/608/563 568/613/568
f 567/612/567 562/607/562 568/613/568
f 564/609/564 569/614/569 563/608/563
f 568/613/568 563/608/563 569/614/569
f 564/609/564 570/615/570 569/614/569
f 566/611/566 567/612/567 571/616/571
f 567/612/567 568/613/568 571/616/571
f 565/610/565 566/611/566 572/617/572
f 566/611/566 571/616/571 572/617/572
f 568/613/568 569/614/569 573/618/573
f 571/616/571 568/613/568 573/618/573
f 570/615/570 485/619/485 569/614/569
f 573/618/573 569/614/569 485/619/485
f 570/615/570 486/620/486 485/619/485
f 573/618/573 485/619/485 478/621/478
f 571/616/571 573/618/573 574/622/574
f 574/622/574 573/618/573 478/621/478
f 572/617/572 571/616/571 574/622/574
f 574/622/574 478/621/478 472/623/472
f 575/624/575 574/622/574 472/623/472
f 572/617/572 574/622/574 575/624/575
f 575/624/575 472/623/472 467/625/467
f 565/610/565 572/617/572 576/626/576
f 576/626/576 572/617/572 575/624/575
f 561/605/561 565/610/565 576/626/576
f 577/627/577 575/624/575 467/625/467
f 576/626/576 575/624/575 577/627/577
f 561/605/561 576/626/576 577/627/577
f 577/627/577 467/625/467 462/628/462
f 460/629/460 577/627/577 462/628/462
f 561/605/561 577/627/577 578/630/578
f 460/629/460 578/630/578 577/627/577
f 316/606/316 561/605/561 578/630/578
f 2/631/3 578/630/578 460/629/460
f 2/631/3 316/606/316 578/630/578
f 579/632/579 64/633/64 62/634/62
f 579/632/579 62/634/62 580/635/580
f 581/636/581 579/632/579 580/635/580
f 582/637/582 581/636/581 580/635/580
f 580/635/580 583/638/583 582/637/582
f 580/635/580 62/634/62 60/639/60
f 580/635/580 60/639/60 583/638/583
f 61/640/61 60/639/60 62/634/62
f 583/638/583 60/639/60 49/641/49
f 584/642/584 586/643/585 585/644/586
f 584/642/584 587/645/587 586/643/585
f 588/646/588 587/645/587 584/642/584
f 586/643/585 587/645/587 589/647/589
f 586/643/585 589/647/589 590/648/590
f 588/646/588 591/649/591 587/645/587
f 592/650/592 591/649/591 588/646/588
f 590/648/590 589/647/589 593/651/593
f 590/648/590 593/651/593 594/652/594
f 587/645/587 595/653/595 589/647/589
f 587/645/587 591/649/591 595/653/595
f 596/654/596 594/652/594 593/651/593
f 596/654/596 597/655/597 594/652/594
f 598/656/598 596/654/596 593/651/593
f 589/647/589 599/657/599 593/651/593
f 598/656/598 593/651/593 599/657/599
f 589/647/589 595/653/595 599/657/599
f 600/658/600 598/656/598 599/657/599
f 600/658/600 599/657/599 601/659/601
f 595/653/595 601/659/601 599/657/599
f 602/660/602 600/658/600 601/659/601
f 595/653/595 603/661/603 601/659/601
f 591/649/591 603/661/603 595/653/595
f 602/660/602 601/659/601 604/662/604
f 603/661/603 604/662/604 601/659/601
f 605/663/605 602/660/602 604/662/604
f 605/663/605 604/662/604 606/664/606
f 607/665/607 605/663/605 606/664/606
f 603/661/603 608/666/608 604/662/604
f 608/666/608 606/664/606 604/662/604
f 591/649/591 609/667/609 603/661/603
f 609/667/609 608/666/608 603/661/603
f 607/665/607 606/664/606 610/668/610
f 611/669/611 607/665/607 610/668/610
f 608/666/608 612/670/612 606/664/606
f 612/670/612 610/668/610 606/664/606
f 611/669/611 610/668/610 613/671/613
f 614/672/614 611/669/611 613/671/613
f 615/673/615 609/667/609 591/649/591
f 592/650/592 615/673/615 591/649/591
f 616/674/616 615/673/615 592/650/592
f 609/667/609 617/675/617 608/666/608
f 617/675/617 612/670/612 608/666/608
f 612/670/612 618/676/618 610/668/610
f 618/676/618 613/671/613 610/668/610
f 614/672/614 613/671/613 619/677/619
f 620/678/620 614/672/614 619/677/619
f 616/674/616 621/679/621 615/673/615
f 622/680/622 621/679/621 616/674/616
f 615/673/615 623/681/623 609/667/609
f 623/681/623 617/675/617 609/667/609
f 621/679/621 623/681/623 615/673/615
f 617/675/617 624/682/624 612/670/612
f 624/682/624 618/676/618 612/670/612
f 623/681/623 624/682/624 617/675/617
f 618/676/618 625/683/625 613/671/613
f 625/683/625 619/677/619 613/671/613
f 620/678/620 619/677/619 626/684/626
f 627/685/627 620/678/620 626/684/626
f 624/682/624 628/686/628 618/676/618
f 628/686/628 625/683/625 618/676/618
f 628/686/628 629/687/629 625/683/625
f 625/683/625 630/688/630 619/677/619
f 630/688/630 626/684/626 619/677/619
f 629/687/629 630/688/630 625/683/625
f 623/681/623 631/689/631 624/682/624
f 631/689/631 628/686/628 624/682/624
f 627/685/627 626/684/626 632/690/632
f 633/691/633 627/685/627 632/690/632
f 630/688/630 634/692/634 626/684/626
f 634/692/634 632/690/632 626/684/626
f 634/692/634 635/693/635 632/690/632
f 633/691/633 632/690/632 636/694/636
f 635/693/635 636/694/636 632/690/632
f 637/695/637 633/691/633 636/694/636
f 637/695/637 636/694/636 638/696/638
f 635/693/635 638/696/638 636/694/636
f 639/697/639 637/695/637 638/696/638
f 640/698/640 634/692/634 630/688/630
f 629/687/629 640/698/640 630/688/630
f 639/697/639 638/696/638 641/699/641
f 642/700/642 639/697/639 641/699/641
f 638/696/638 643/701/643 641/699/641
f 638/696/638 635/693/635 643/701/643
f 644/702/644 643/701/643 635/693/635
f 644/702/644 645/703/645 643/701/643
f 642/700/642 641/699/641 646/704/646
f 643/701/643 646/704/646 641/699/641
f 643/701/643 645/703/645 646/704/646
f 647/705/647 642/700/642 646/704/646
f 648/706/648 635/693/635 634/692/634
f 640/698/640 648/706/648 634/692/634
f 647/705/647 646/704/646 649/707/649
f 645/703/645 649/707/649 646/704/646
f 650/708/650 647/705/647 649/707/649
f 650/708/650 651/709/651 647/705/647
f 652/710/652 651/709/651 650/708/650
f 653/711/653 644/702/644 635/693/635
f 648/706/648 653/711/653 635/693/635
f 645/703/645 654/712/654 649/707/649
f 654/712/654 650/708/650 649/707/649
f 645/703/645 655/713/655 654/712/654
f 656/714/656 655/713/655 645/703/645
f 644/702/644 656/714/656 645/703/645
f 652/710/652 650/708/650 657/715/657
f 658/716/658 652/710/652 657/715/657
f 654/712/654 659/717/659 650/708/650
f 650/708/650 659/717/659 657/715/657
f 655/713/655 659/717/659 654/712/654
f 658/716/658 657/715/657 660/718/660
f 659/717/659 660/718/660 657/715/657
f 661/719/661 658/716/658 660/718/660
f 661/719/661 660/718/660 662/720/662
f 663/721/663 661/719/661 662/720/662
f 664/722/664 660/718/660 659/717/659
f 664/722/664 662/720/662 660/718/660
f 663/721/663 662/720/662 665/723/665
f 666/724/666 663/721/663 665/723/665
f 667/725/667 655/713/655 656/714/656
f 644/702/644 667/725/667 656/714/656
f 668/726/668 664/722/664 659/717/659
f 655/713/655 668/726/668 659/717/659
f 669/727/669 662/720/662 664/722/664
f 669/727/669 665/723/665 662/720/662
f 666/724/666 665/723/665 670/728/670
f 597/729/597 666/724/666 670/728/670
f 597/729/597 670/728/670 594/730/594
f 671/731/671 670/728/670 665/723/665
f 671/731/671 594/730/594 670/728/670
f 671/731/671 665/723/665 669/727/669
f 671/731/671 590/732/590 594/730/594
f 672/733/672 590/732/590 671/731/671
f 672/733/672 671/731/671 669/727/669
f 672/733/672 586/734/585 590/732/590
f 672/733/672 585/735/586 586/734/585
f 672/733/672 673/736/673 585/735/586
f 672/733/672 669/727/669 674/737/674
f 674/737/674 673/736/673 672/733/672
f 674/737/674 669/727/669 664/722/664
f 674/737/674 675/738/675 673/736/673
f 674/737/674 664/722/664 676/739/676
f 668/726/668 676/739/676 664/722/664
f 677/740/677 675/738/675 674/737/674
f 677/740/677 674/737/674 676/739/676
f 677/740/677 678/741/678 675/738/675
f 679/742/679 676/739/676 668/726/668
f 677/740/677 676/739/676 679/742/679
f 680/743/680 678/741/678 677/740/677
f 680/743/680 677/740/677 679/742/679
f 680/743/680 681/744/681 678/741/678
f 682/745/682 679/742/679 668/726/668
f 655/713/655 682/745/682 668/726/668
f 683/746/683 681/744/681 680/743/680
f 683/746/683 684/747/684 681/744/681
f 685/748/685 680/743/680 679/742/679
f 685/748/685 679/742/679 682/745/682
f 685/748/685 683/746/683 680/743/680
f 686/749/686 684/747/684 683/746/683
f 686/749/686 687/750/687 684/747/684
f 685/748/685 688/751/688 683/746/683
f 688/751/688 686/749/686 683/746/683
f 685/748/685 682/745/682 689/752/689
f 689/752/689 688/751/688 685/748/685
f 655/713/655 690/753/690 682/745/682
f 689/752/689 682/745/682 690/753/690
f 691/754/691 690/753/690 655/713/655
f 667/725/667 691/754/691 655/713/655
f 690/753/690 691/754/691 692/755/692
f 690/753/690 692/755/692 689/752/689
f 692/755/692 691/754/691 667/725/667
f 693/756/693 687/750/687 686/749/686
f 693/756/693 694/757/694 687/750/687
f 693/756/693 695/758/695 694/757/694
f 689/752/689 696/759/696 688/751/688
f 688/751/688 697/760/697 686/749/686
f 696/759/696 697/760/697 688/751/688
f 698/761/698 696/759/696 689/752/689
f 698/761/698 689/752/689 692/755/692
f 686/749/686 699/762/699 693/756/693
f 686/749/686 697/760/697 699/762/699
f 696/759/696 700/763/700 697/760/697
f 700/763/700 696/759/696 698/761/698
f 697/760/697 700/763/700 701/764/701
f 697/760/697 701/764/701 699/762/699
f 698/761/698 701/764/701 700/763/700
f 692/755/692 667/725/667 702/765/702
f 692/755/692 703/766/703 698/761/698
f 692/755/692 702/765/702 703/766/703
f 698/761/698 704/767/704 701/764/701
f 703/766/703 704/767/704 698/761/698
f 705/768/705 702/765/702 667/725/667
f 644/702/644 705/768/705 667/725/667
f 702/765/702 705/768/705 706/769/706
f 706/769/706 705/768/705 644/702/644
f 702/765/702 706/769/706 707/770/707
f 703/766/703 702/765/702 707/770/707
f 708/771/708 706/769/706 644/702/644
f 708/771/708 707/770/707 706/769/706
f 708/771/708 644/702/644 653/711/653
f 709/772/709 708/771/708 653/711/653
f 709/772/709 653/711/653 648/706/648
f 708/771/708 710/773/710 707/770/707
f 710/773/710 708/771/708 709/772/709
f 703/766/703 707/770/707 711/774/711
f 710/773/710 711/774/711 707/770/707
f 712/775/712 709/772/709 648/706/648
f 712/775/712 648/706/648 640/698/640
f 710/773/710 709/772/709 713/776/713
f 713/776/713 709/772/709 712/775/712
f 714/777/714 712/775/712 640/698/640
f 714/777/714 640/698/640 629/687/629
f 711/774/711 715/778/715 703/766/703
f 703/766/703 715/778/715 704/767/704
f 710/773/710 716/779/716 711/774/711
f 716/779/716 710/773/710 713/776/713
f 713/776/713 712/775/712 717/780/717
f 717/780/717 712/775/712 714/777/714
f 711/774/711 718/781/718 715/778/715
f 718/781/718 711/774/711 716/779/716
f 716/779/716 713/776/713 719/782/719
f 719/782/719 713/776/713 717/780/717
f 718/781/718 716/779/716 720/783/720
f 719/782/719 720/783/720 716/779/716
f 704/767/704 715/778/715 721/784/721
f 718/781/718 722/785/722 715/778/715
f 715/778/715 722/785/722 721/784/721
f 704/767/704 721/784/721 723/786/723
f 701/764/701 704/767/704 723/786/723
f 701/764/701 723/786/723 724/787/724
f 699/762/699 701/764/701 724/787/724
f 699/762/699 724/787/724 725/788/725
f 693/756/693 699/762/699 725/788/725
f 693/756/693 725/788/725 726/789/726
f 693/756/693 726/789/726 695/758/695
f 695/758/695 726/789/726 727/790/727
f 695/758/695 727/790/727 728/791/728
f 728/791/728 727/790/727 237/792/237
f 727/790/727 240/793/240 237/792/237
f 726/789/726 240/793/240 727/790/727
f 726/789/726 244/794/244 240/793/240
f 725/788/725 244/794/244 726/789/726
f 725/788/725 247/795/247 244/794/244
f 725/788/725 249/796/249 247/795/247
f 725/788/725 724/787/724 249/796/249
f 724/787/724 253/797/253 249/796/249
f 724/787/724 723/786/723 253/797/253
f 723/786/723 257/798/257 253/797/253
f 723/786/723 721/784/721 257/798/257
f 257/798/257 721/784/721 260/799/260
f 260/799/260 721/784/721 722/785/722
f 260/799/260 722/785/722 263/800/263
f 263/800/263 722/785/722 729/801/729
f 263/800/263 729/801/729 267/802/267
f 718/781/718 729/801/729 722/785/722
f 730/803/730 267/802/267 729/801/729
f 718/781/718 730/803/730 729/801/729
f 730/803/730 269/804/269 267/802/267
f 271/805/271 269/804/269 730/803/730
f 718/781/718 720/783/720 730/803/730
f 731/806/731 271/805/271 730/803/730
f 720/783/720 731/806/731 730/803/730
f 731/806/731 355/807/355 271/805/271
f 720/783/720 732/808/732 731/806/731
f 719/782/719 732/808/732 720/783/720
f 731/806/731 733/809/733 355/807/355
f 732/808/732 733/809/733 731/806/731
f 733/809/733 358/810/358 355/807/355
f 734/811/734 732/808/732 719/782/719
f 719/782/719 717/780/717 734/811/734
f 732/808/732 735/812/735 733/809/733
f 734/811/734 735/812/735 732/808/732
f 733/809/733 736/813/736 358/810/358
f 735/812/735 736/813/736 733/809/733
f 736/813/736 362/814/362 358/810/358
f 734/811/734 717/780/717 737/815/737
f 717/780/717 714/777/714 737/815/737
f 738/816/738 735/812/735 734/811/734
f 734/811/734 737/815/737 738/816/738
f 735/812/735 739/817/739 736/813/736
f 738/816/738 739/817/739 735/812/735
f 736/813/736 740/818/740 362/814/362
f 739/817/739 740/818/740 736/813/736
f 740/818/740 365/819/365 362/814/362
f 741/820/741 739/817/739 738/816/738
f 737/815/737 741/820/741 738/816/738
f 737/815/737 714/777/714 742/821/742
f 742/821/742 714/777/714 629/687/629
f 739/817/739 743/822/743 740/818/740
f 741/820/741 743/822/743 739/817/739
f 740/818/740 744/823/744 365/819/365
f 743/822/743 744/823/744 740/818/740
f 744/823/744 370/824/370 365/819/365
f 737/815/737 745/825/745 741/820/741
f 737/815/737 742/821/742 745/825/745
f 742/821/742 629/687/629 746/826/746
f 745/825/745 742/821/742 747/827/747
f 747/827/747 742/821/742 746/826/746
f 741/820/741 745/825/745 748/828/748
f 745/825/745 747/827/747 748/828/748
f 749/829/749 743/822/743 741/820/741
f 741/820/741 748/828/748 749/829/749
f 743/822/743 750/830/750 744/823/744
f 749/829/749 750/830/750 743/822/743
f 744/823/744 751/831/751 370/824/370
f 750/830/750 751/831/751 744/823/744
f 746/826/746 629/687/629 752/832/752
f 752/832/752 629/687/629 628/686/628
f 631/689/631 752/832/752 628/686/628
f 753/833/753 746/826/746 752/832/752
f 747/827/747 746/826/746 753/833/753
f 753/833/753 752/832/752 631/689/631
f 748/828/748 747/827/747 754/834/754
f 754/834/754 747/827/747 753/833/753
f 755/835/755 753/833/753 631/689/631
f 754/834/754 753/833/753 755/835/755
f 755/835/755 631/689/631 623/681/623
f 621/679/621 755/835/755 623/681/623
f 756/836/756 755/835/755 621/679/621
f 756/836/756 754/834/754 755/835/755
f 622/680/622 756/836/756 621/679/621
f 748/828/748 754/834/754 757/837/757
f 757/837/757 754/834/754 756/836/756
f 749/829/749 748/828/748 757/837/757
f 758/838/758 756/836/756 622/680/622
f 757/837/757 756/836/756 758/838/758
f 758/838/758 622/680/622 759/839/759
f 758/838/758 759/839/759 760/840/760
f 758/838/758 760/840/760 761/841/761
f 757/837/757 758/838/758 761/841/761
f 761/841/761 760/840/760 762/842/762
f 749/829/749 757/837/757 763/843/763
f 757/837/757 761/841/761 763/843/763
f 763/843/763 750/830/750 749/829/749
f 763/843/763 764/844/764 750/830/750
f 761/841/761 764/844/764 763/843/763
f 750/830/750 764/844/764 751/831/751
f 761/841/761 762/842/762 765/845/765
f 761/841/761 765/845/765 764/844/764
f 765/845/765 762/842/762 766/846/766
f 764/844/764 767/847/767 751/831/751
f 764/844/764 765/845/765 767/847/767
f 765/845/765 766/846/766 767/847/767
f 767/847/767 370/824/370 751/831/751
f 767/847/767 371/848/371 370/824/370
f 766/846/766 371/848/371 767/847/767
f 766/846/766 380/849/380 371/848/371
f 162/850/162 768/851/768 166/852/166
f 162/850/162 769/853/769 768/851/768
f 159/854/159 769/853/769 162/850/162
f 769/853/769 770/855/770 768/851/768
f 159/854/159 771/856/771 769/853/769
f 156/857/156 771/856/771 159/854/159
f 769/853/769 772/858/772 770/855/770
f 771/856/771 772/858/772 769/853/769
f 156/857/156 773/859/773 771/856/771
f 154/860/154 773/859/773 156/857/156
f 770/855/770 772/858/772 774/861/774
f 770/855/770 774/861/774 775/862/775
f 771/856/771 776/863/776 772/858/772
f 773/859/773 776/863/776 771/856/771
f 154/860/154 777/864/777 773/859/773
f 152/865/152 777/864/777 154/860/154
f 775/862/775 774/861/774 778/866/778
f 775/862/775 778/866/778 779/867/779
f 778/866/778 780/868/780 779/867/779
f 772/858/772 781/869/781 774/861/774
f 772/858/772 776/863/776 781/869/781
f 773/859/773 782/870/782 776/863/776
f 777/864/777 782/870/782 773/859/773
f 152/865/152 783/871/783 777/864/777
f 150/872/150 783/871/783 152/865/152
f 774/861/774 784/873/784 778/866/778
f 774/861/774 781/869/781 784/873/784
f 778/866/778 785/874/785 780/868/780
f 784/873/784 785/874/785 778/866/778
f 785/874/785 786/875/786 780/868/780
f 776/863/776 787/876/787 781/869/781
f 776/863/776 782/870/782 787/876/787
f 777/864/777 788/877/788 782/870/782
f 783/871/783 788/877/788 777/864/777
f 150/872/150 789/878/789 783/871/783
f 148/879/148 789/878/789 150/872/150
f 781/869/781 790/880/790 784/873/784
f 781/869/781 787/876/787 790/880/790
f 784/873/784 791/881/791 785/874/785
f 790/880/790 791/881/791 784/873/784
f 785/874/785 792/882/792 786/875/786
f 791/881/791 792/882/792 785/874/785
f 782/870/782 793/883/793 787/876/787
f 782/870/782 788/877/788 793/883/793
f 783/871/783 794/884/794 788/877/788
f 789/878/789 794/884/794 783/871/783
f 787/876/787 795/885/795 790/880/790
f 787/876/787 793/883/793 795/885/795
f 796/886/796 786/875/786 792/882/792
f 796/886/796 797/887/797 786/875/786
f 798/888/798 796/886/796 792/882/792
f 798/888/798 792/882/792 799/889/799
f 800/890/800 798/888/798 799/889/799
f 791/881/791 799/889/799 792/882/792
f 790/880/790 801/891/801 791/881/791
f 801/891/801 799/889/799 791/881/791
f 795/885/795 801/891/801 790/880/790
f 800/890/800 799/889/799 802/892/802
f 801/891/801 802/892/802 799/889/799
f 803/893/803 800/890/800 802/892/802
f 804/894/804 802/892/802 801/891/801
f 795/885/795 804/894/804 801/891/801
f 803/893/803 802/892/802 805/895/805
f 804/894/804 805/895/805 802/892/802
f 806/896/806 803/893/803 805/895/805
f 806/896/806 805/895/805 807/897/807
f 804/894/804 807/897/807 805/895/805
f 808/898/808 806/896/806 807/897/807
f 795/885/795 809/899/809 804/894/804
f 804/894/804 809/899/809 807/897/807
f 808/898/808 807/897/807 810/900/810
f 809/899/809 810/900/810 807/897/807
f 811/901/811 808/898/808 810/900/810
f 795/885/795 812/902/812 809/899/809
f 793/883/793 812/902/812 795/885/795
f 811/901/811 810/900/810 813/903/813
f 814/904/814 811/901/811 813/903/813
f 809/899/809 815/905/815 810/900/810
f 812/902/812 815/905/815 809/899/809
f 815/905/815 813/903/813 810/900/810
f 793/883/793 816/906/816 812/902/812
f 788/877/788 816/906/816 793/883/793
f 788/877/788 794/884/794 816/906/816
f 814/904/814 813/903/813 817/907/817
f 818/908/818 814/904/814 817/907/817
f 815/905/815 819/909/819 813/903/813
f 819/909/819 817/907/817 813/903/813
f 812/902/812 820/910/820 815/905/815
f 816/906/816 820/910/820 812/902/812
f 820/910/820 819/909/819 815/905/815
f 794/884/794 821/911/821 816/906/816
f 816/906/816 821/911/821 820/910/820
f 820/910/820 822/912/822 819/909/819
f 821/911/821 822/912/822 820/910/820
f 794/884/794 823/913/823 821/911/821
f 789/878/789 823/913/823 794/884/794
f 823/913/823 824/914/824 821/911/821
f 821/911/821 824/914/824 822/912/822
f 822/912/822 825/915/825 819/909/819
f 819/909/819 825/915/825 817/907/817
f 818/908/818 817/907/817 826/916/826
f 827/917/827 818/908/818 826/916/826
f 789/878/789 828/918/828 823/913/823
f 823/913/823 828/918/828 824/914/824
f 824/914/824 829/919/829 822/912/822
f 822/912/822 829/919/829 825/915/825
f 830/920/830 817/907/817 825/915/825
f 830/920/830 826/916/826 817/907/817
f 827/917/827 826/916/826 831/921/831
f 830/920/830 831/921/831 826/916/826
f 832/922/832 827/917/827 831/921/831
f 833/923/833 830/920/830 825/915/825
f 833/923/833 825/915/825 829/919/829
f 824/914/824 834/924/834 829/919/829
f 828/918/828 834/924/834 824/914/824
f 789/878/789 835/925/835 828/918/828
f 148/879/148 835/925/835 789/878/789
f 146/926/146 835/925/835 148/879/148
f 832/922/832 831/921/831 836/927/836
f 837/928/837 832/922/832 836/927/836
f 830/920/830 838/929/838 831/921/831
f 833/923/833 838/929/838 830/920/830
f 838/929/838 836/927/836 831/921/831
f 839/930/839 833/923/833 829/919/829
f 839/930/839 829/919/829 834/924/834
f 835/925/835 840/931/840 828/918/828
f 828/918/828 840/931/840 834/924/834
f 146/926/146 841/932/841 835/925/835
f 835/925/835 841/932/841 840/931/840
f 145/933/145 841/932/841 146/926/146
f 145/933/145 842/934/842 841/932/841
f 842/934/842 840/931/840 841/932/841
f 459/935/459 842/934/842 145/933/145
f 843/936/843 834/924/834 840/931/840
f 842/934/842 843/936/843 840/931/840
f 843/936/843 839/930/839 834/924/834
f 459/935/459 844/937/844 842/934/842
f 844/937/844 843/936/843 842/934/842
f 449/938/449 844/937/844 459/935/459
f 839/930/839 845/939/845 833/923/833
f 833/923/833 845/939/845 838/929/838
f 843/936/843 846/940/846 839/930/839
f 839/930/839 846/940/846 845/939/845
f 449/938/449 847/941/847 844/937/844
f 444/942/444 847/941/847 449/938/449
f 844/937/844 848/943/848 843/936/843
f 843/936/843 848/943/848 846/940/846
f 847/941/847 848/943/848 844/937/844
f 845/939/845 849/944/849 838/929/838
f 838/929/838 849/944/849 836/927/836
f 444/942/444 850/945/850 847/941/847
f 440/946/440 850/945/850 444/942/444
f 846/940/846 851/947/851 845/939/845
f 845/939/845 851/947/851 849/944/849
f 847/941/847 852/948/852 848/943/848
f 850/945/850 852/948/852 847/941/847
f 848/943/848 853/949/853 846/940/846
f 846/940/846 853/949/853 851/947/851
f 848/943/848 852/948/852 853/949/853
f 849/944/849 854/950/854 836/927/836
f 837/928/837 836/927/836 854/950/854
f 855/951/855 837/928/837 854/950/854
f 440/946/440 856/952/856 850/945/850
f 436/953/436 856/952/856 440/946/440
f 851/947/851 857/954/857 849/944/849
f 849/944/849 857/954/857 854/950/854
f 855/951/855 854/950/854 858/955/858
f 857/954/857 858/955/858 854/950/854
f 859/956/859 855/951/855 858/955/858
f 853/949/853 860/957/860 851/947/851
f 851/947/851 860/957/860 857/954/857
f 850/945/850 861/958/861 852/948/852
f 856/952/856 861/958/861 850/945/850
f 852/948/852 862/959/862 853/949/853
f 853/949/853 862/959/862 860/957/860
f 852/948/852 861/958/861 862/959/862
f 436/953/436 863/960/863 856/952/856
f 432/961/432 863/960/863 436/953/436
f 859/956/859 858/955/858 864/962/864
f 865/963/865 859/956/859 864/962/864
f 857/954/857 866/964/866 858/955/858
f 860/957/860 866/964/866 857/954/857
f 866/964/866 864/962/864 858/955/858
f 862/959/862 867/965/867 860/957/860
f 860/957/860 867/965/867 866/964/866
f 856/952/856 868/966/868 861/958/861
f 863/960/863 868/966/868 856/952/856
f 861/958/861 869/967/869 862/959/862
f 862/959/862 869/967/869 867/965/867
f 861/958/861 868/966/868 869/967/869
f 432/961/432 870/968/870 863/960/863
f 431/969/431 870/968/870 432/961/432
f 866/964/866 871/970/871 864/962/864
f 867/965/867 871/970/871 866/964/866
f 869/967/869 872/971/872 867/965/867
f 867/965/867 872/971/872 871/970/871
f 863/960/863 873/972/873 868/966/868
f 870/968/870 873/972/873 863/960/863
f 868/966/868 874/973/874 869/967/869
f 869/967/869 874/973/874 872/971/872
f 874/973/874 868/966/868 873/972/873
f 871/970/871 875/974/875 864/962/864
f 865/963/865 864/962/864 875/974/875
f 876/975/876 865/963/865 875/974/875
f 872/971/872 877/976/877 871/970/871
f 871/970/871 877/976/877 875/974/875
f 876/975/876 875/974/875 878/977/878
f 877/976/877 878/977/878 875/974/875
f 797/978/797 876/975/876 878/977/878
f 797/978/797 878/977/878 786/979/786
f 879/980/879 786/979/786 878/977/878
f 877/976/877 879/980/879 878/977/878
f 879/980/879 780/981/780 786/979/786
f 874/973/874 880/982/880 872/971/872
f 872/971/872 880/982/880 877/976/877
f 873/972/873 881/983/881 874/973/874
f 880/982/880 874/973/874 881/983/881
f 877/976/877 880/982/880 882/984/882
f 882/984/882 879/980/879 877/976/877
f 880/982/880 881/983/881 882/984/882
f 883/985/883 780/981/780 879/980/879
f 882/984/882 883/985/883 879/980/879
f 881/983/881 883/985/883 882/984/882
f 883/985/883 779/986/779 780/981/780
f 884/987/884 779/986/779 883/985/883
f 881/983/881 884/987/884 883/985/883
f 884/987/884 775/988/775 779/986/779
f 873/972/873 885/989/885 881/983/881
f 885/989/885 884/987/884 881/983/881
f 870/968/870 885/989/885 873/972/873
f 886/990/886 775/988/775 884/987/884
f 885/989/885 886/990/886 884/987/884
f 870/968/870 886/990/886 885/989/885
f 886/990/886 770/991/770 775/988/775
f 768/992/768 770/991/770 886/990/886
f 870/968/870 887/993/887 886/990/886
f 768/992/768 886/990/886 887/993/887
f 431/969/431 887/993/887 870/968/870
f 166/994/166 768/992/768 887/993/887
f 166/994/166 887/993/887 431/969/431
f 584/995/584 585/996/586 888/997/888
f 584/995/584 888/997/888 889/998/889
f 588/999/588 584/995/584 889/998/889
f 888/997/888 890/1000/890 889/998/889
f 888/997/888 891/1001/891 890/1000/890
f 588/999/588 889/998/889 892/1002/892
f 592/1003/592 588/999/588 892/1002/892
f 891/1001/891 893/1004/893 890/1000/890
f 891/1001/891 894/1005/894 893/1004/893
f 895/1006/895 893/1004/893 894/1005/894
f 895/1006/895 896/1007/896 893/1004/893
f 896/1007/896 897/1008/897 893/1004/893
f 890/1000/890 893/1004/893 897/1008/897
f 896/1007/896 898/1009/898 897/1008/897
f 889/998/889 890/1000/890 899/1010/899
f 890/1000/890 897/1008/897 899/1010/899
f 889/998/889 899/1010/899 892/1002/892
f 898/1009/898 900/1011/900 897/1008/897
f 899/1010/899 897/1008/897 900/1011/900
f 898/1009/898 901/1012/901 900/1011/900
f 902/1013/902 899/1010/899 900/1011/900
f 892/1002/892 899/1010/899 902/1013/902
f 901/1012/901 903/1014/903 900/1011/900
f 902/1013/902 900/1011/900 903/1014/903
f 901/1012/901 904/1015/904 903/1014/903
f 904/1015/904 905/1016/905 903/1014/903
f 902/1013/902 903/1014/903 905/1016/905
f 904/1015/904 906/1017/906 905/1016/905
f 906/1017/906 907/1018/907 905/1016/905
f 906/1017/906 908/1019/908 907/1018/907
f 909/1020/909 907/1018/907 908/1019/908
f 902/1013/902 905/1016/905 910/1021/910
f 910/1021/910 905/1016/905 907/1018/907
f 910/1021/910 907/1018/907 911/1022/911
f 909/1020/909 912/1023/912 907/1018/907
f 907/1018/907 912/1023/912 911/1022/911
f 913/1024/913 912/1023/912 909/1020/909
f 892/1002/892 902/1013/902 914/1025/914
f 914/1025/914 902/1013/902 910/1021/910
f 913/1024/913 915/1026/915 912/1023/912
f 911/1022/911 912/1023/912 915/1026/915
f 913/1024/913 916/1027/916 915/1026/915
f 911/1022/911 915/1026/915 916/1027/916
f 913/1024/913 917/1028/917 916/1027/916
f 917/1028/917 918/1029/918 916/1027/916
f 917/1028/917 919/1030/919 918/1029/918
f 920/1031/920 892/1002/892 914/1025/914
f 921/1032/921 920/1031/920 914/1025/914
f 592/1003/592 892/1002/892 920/1031/920
f 616/1033/616 592/1003/592 920/1031/920
f 914/1025/914 910/1021/910 922/1034/922
f 922/1034/922 910/1021/910 911/1022/911
f 921/1032/921 914/1025/914 922/1034/922
f 616/1033/616 920/1031/920 923/1035/923
f 923/1035/923 920/1031/920 921/1032/921
f 622/1036/622 616/1033/616 923/1035/923
f 911/1022/911 916/1027/916 924/1037/924
f 924/1037/924 916/1027/916 918/1029/918
f 922/1034/922 911/1022/911 925/1038/925
f 921/1032/921 922/1034/922 925/1038/925
f 925/1038/925 911/1022/911 924/1037/924
f 919/1030/919 926/1039/926 918/1029/918
f 919/1030/919 927/1040/927 926/1039/926
f 924/1037/924 918/1029/918 928/1041/928
f 928/1041/928 918/1029/918 926/1039/926
f 925/1038/925 924/1037/924 929/1042/929
f 929/1042/929 924/1037/924 928/1041/928
f 927/1040/927 930/1043/930 926/1039/926
f 927/1040/927 931/1044/931 930/1043/930
f 928/1041/928 926/1039/926 932/1045/932
f 932/1045/932 926/1039/926 930/1043/930
f 931/1044/931 933/1046/933 930/1043/930
f 931/1044/931 934/1047/934 933/1046/933
f 921/1032/921 925/1038/925 935/1048/935
f 935/1048/935 925/1038/925 929/1042/929
f 936/1049/936 921/1032/921 935/1048/935
f 929/1042/929 928/1041/928 937/1050/937
f 937/1050/937 928/1041/928 932/1045/932
f 935/1048/935 929/1042/929 938/1051/938
f 936/1049/936 935/1048/935 938/1051/938
f 938/1051/938 929/1042/929 937/1050/937
f 932/1045/932 930/1043/930 939/1052/939
f 939/1052/939 930/1043/930 933/1046/933
f 934/1047/934 940/1053/940 933/1046/933
f 934/1047/934 941/1054/941 940/1053/940
f 940/1053/940 941/1054/941 942/1055/942
f 943/1056/943 921/1032/921 936/1049/936
f 943/1056/943 923/1035/923 921/1032/921
f 944/1057/944 923/1035/923 943/1056/943
f 622/1036/622 923/1035/923 944/1057/944
f 937/1050/937 932/1045/932 945/1058/945
f 945/1058/945 932/1045/932 939/1052/939
f 946/1059/946 937/1050/937 945/1058/945
f 939/1052/939 933/1046/933 947/1060/947
f 940/1053/940 947/1060/947 933/1046/933
f 948/1061/948 943/1056/943 936/1049/936
f 944/1057/944 943/1056/943 948/1061/948
f 949/1062/949 622/1036/622 944/1057/944
f 949/1062/949 759/1063/759 622/1036/622
f 949/1062/949 760/1064/760 759/1063/759
f 950/1065/950 949/1062/949 944/1057/944
f 950/1065/950 944/1057/944 948/1061/948
f 949/1062/949 951/1066/951 760/1064/760
f 950/1065/950 951/1066/951 949/1062/949
f 951/1066/951 762/1067/762 760/1064/760
f 952/1068/952 939/1052/939 947/1060/947
f 952/1068/952 953/1069/953 939/1052/939
f 945/1058/945 939/1052/939 953/1069/953
f 953/1069/953 954/1070/954 945/1058/945
f 954/1070/954 953/1069/953 952/1068/952
f 955/1071/955 945/1058/945 954/1070/954
f 946/1059/946 945/1058/945 955/1071/955
f 956/1072/956 952/1068/952 947/1060/947
f 954/1070/954 952/1068/952 957/1073/957
f 957/1073/957 952/1068/952 956/1072/956
f 955/1071/955 954/1070/954 958/1074/958
f 958/1074/958 954/1070/954 957/1073/957
f 956/1072/956 947/1060/947 959/1075/959
f 947/1060/947 940/1053/940 959/1075/959
f 959/1075/959 940/1053/940 960/1076/960
f 940/1053/940 942/1055/942 960/1076/960
f 942/1055/942 961/1077/961 960/1076/960
f 959/1075/959 960/1076/960 961/1077/961
f 942/1055/942 962/1078/962 961/1077/961
f 961/1077/961 962/1078/962 963/1079/963
f 957/1073/957 956/1072/956 964/1080/964
f 965/1081/965 956/1072/956 959/1075/959
f 964/1080/964 956/1072/956 965/1081/965
f 966/1082/966 959/1075/959 961/1077/961
f 965/1081/965 959/1075/959 966/1082/966
f 961/1077/961 963/1079/963 967/1083/967
f 961/1077/961 967/1083/967 966/1082/966
f 963/1079/963 968/1084/968 967/1083/967
f 966/1082/966 967/1083/967 968/1084/968
f 963/1079/963 969/1085/969 968/1084/968
f 970/1086/970 957/1073/957 964/1080/964
f 958/1074/958 957/1073/957 970/1086/970
f 969/1085/969 971/1087/971 968/1084/968
f 969/1085/969 972/1088/972 971/1087/971
f 971/1087/971 972/1088/972 973/1089/973
f 966/1082/966 968/1084/968 974/1090/974
f 971/1087/971 974/1090/974 968/1084/968
f 975/1091/975 964/1080/964 965/1081/965
f 970/1086/970 964/1080/964 975/1091/975
f 965/1081/965 966/1082/966 976/1092/976
f 976/1092/976 966/1082/966 974/1090/974
f 975/1091/975 965/1081/965 977/1093/977
f 977/1093/977 965/1081/965 976/1092/976
f 978/1094/978 970/1086/970 975/1091/975
f 977/1093/977 978/1094/978 975/1091/975
f 979/1095/979 958/1074/958 970/1086/970
f 978/1094/978 979/1095/979 970/1086/970
f 979/1095/979 980/1096/980 958/1074/958
f 980/1096/980 955/1071/955 958/1074/958
f 980/1096/980 981/1097/981 955/1071/955
f 981/1097/981 946/1059/946 955/1071/955
f 976/1092/976 974/1090/974 982/1098/982
f 977/1093/977 976/1092/976 983/1099/983
f 983/1099/983 976/1092/976 982/1098/982
f 982/1098/982 974/1090/974 984/1100/984
f 974/1090/974 971/1087/971 984/1100/984
f 984/1100/984 971/1087/971 985/1101/985
f 971/1087/971 973/1089/973 985/1101/985
f 973/1089/973 986/1102/986 985/1101/985
f 984/1100/984 985/1101/985 986/1102/986
f 973/1089/973 987/1103/987 986/1102/986
f 987/1103/987 988/1104/988 986/1102/986
f 987/1103/987 989/1105/989 988/1104/988
f 989/1105/989 990/1106/990 988/1104/988
f 989/1105/989 991/1107/991 990/1106/990
f 991/1107/991 894/1108/894 990/1106/990
f 991/1107/991 895/1109/895 894/1108/894
f 992/1110/992 990/1106/990 894/1108/894
f 992/1110/992 988/1104/988 990/1106/990
f 992/1110/992 894/1108/894 891/1111/891
f 993/1112/993 986/1102/986 988/1104/988
f 992/1110/992 993/1112/993 988/1104/988
f 994/1113/994 992/1110/992 891/1111/891
f 994/1113/994 993/1112/993 992/1110/992
f 994/1113/994 891/1111/891 888/1114/888
f 994/1113/994 888/1114/888 585/1115/586
f 994/1113/994 585/1115/586 673/1116/673
f 995/1117/995 994/1113/994 673/1116/673
f 994/1113/994 995/1117/995 993/1112/993
f 995/1117/995 673/1116/673 675/1118/675
f 993/1112/993 996/1119/996 986/1102/986
f 995/1117/995 996/1119/996 993/1112/993
f 984/1100/984 986/1102/986 996/1119/996
f 997/1120/997 995/1117/995 675/1118/675
f 997/1120/997 675/1118/675 678/1121/678
f 998/1122/998 984/1100/984 996/1119/996
f 982/1098/982 984/1100/984 998/1122/998
f 995/1117/995 999/1123/999 996/1119/996
f 997/1120/997 999/1123/999 995/1117/995
f 998/1122/998 996/1119/996 999/1123/999
f 1000/1124/1000 997/1120/997 678/1121/678
f 1000/1124/1000 678/1121/678 681/1125/681
f 997/1120/997 1001/1126/1001 999/1123/999
f 1001/1126/1001 998/1122/998 999/1123/999
f 997/1120/997 1000/1124/1000 1001/1126/1001
f 1002/1127/1002 982/1098/982 998/1122/998
f 983/1099/983 982/1098/982 1002/1127/1002
f 1003/1128/1003 1000/1124/1000 681/1125/681
f 1003/1128/1003 681/1125/681 684/1129/684
f 687/1130/687 1003/1128/1003 684/1129/684
f 1000/1124/1000 1004/1131/1004 1001/1126/1001
f 1004/1131/1004 1000/1124/1000 1003/1128/1003
f 1001/1126/1001 1005/1132/1005 998/1122/998
f 1002/1127/1002 998/1122/998 1005/1132/1005
f 1004/1131/1004 1005/1132/1005 1001/1126/1001
f 1006/1133/1006 1002/1127/1002 1005/1132/1005
f 1004/1131/1004 1006/1133/1006 1005/1132/1005
f 1007/1134/1007 983/1099/983 1002/1127/1002
f 1006/1133/1006 1007/1134/1007 1002/1127/1002
f 1004/1131/1004 1003/1128/1003 1008/1135/1008
f 1006/1133/1006 1004/1131/1004 1008/1135/1008
f 687/1130/687 1009/1136/1009 1003/1128/1003
f 1008/1135/1008 1003/1128/1003 1009/1136/1009
f 1007/1134/1007 1010/1137/1010 983/1099/983
f 1010/1137/1010 977/1093/977 983/1099/983
f 1010/1137/1010 1011/1138/1011 977/1093/977
f 977/1093/977 1011/1138/1011 978/1094/978
f 1007/1134/1007 1012/1139/1012 1010/1137/1010
f 1012/1139/1012 1011/1138/1011 1010/1137/1010
f 1011/1138/1011 1013/1140/1013 978/1094/978
f 1011/1138/1011 1012/1139/1012 1013/1140/1013
f 1013/1140/1013 979/1095/979 978/1094/978
f 1014/1141/1014 1007/1134/1007 1006/1133/1006
f 1007/1134/1007 1014/1141/1014 1012/1139/1012
f 1006/1133/1006 1008/1135/1008 1015/1142/1015
f 1014/1141/1014 1006/1133/1006 1015/1142/1015
f 1015/1142/1015 1008/1135/1008 1016/1143/1016
f 1008/1135/1008 1009/1136/1009 1016/1143/1016
f 1015/1142/1015 1016/1143/1016 1017/1144/1017
f 1017/1144/1017 1014/1141/1014 1015/1142/1015
f 1009/1136/1009 1018/1145/1018 1016/1143/1016
f 1017/1144/1017 1016/1143/1016 1018/1145/1018
f 1014/1141/1014 1017/1144/1017 1019/1146/1019
f 1017/1144/1017 1018/1145/1018 1019/1146/1019
f 1012/1139/1012 1014/1141/1014 1020/1147/1020
f 1014/1141/1014 1019/1146/1019 1020/1147/1020
f 1013/1140/1013 1021/1148/1021 979/1095/979
f 1021/1148/1021 980/1096/980 979/1095/979
f 1013/1140/1013 1012/1139/1012 1022/1149/1022
f 1012/1139/1012 1020/1147/1020 1022/1149/1022
f 1009/1136/1009 1023/1150/1023 1018/1145/1018
f 1023/1150/1023 1009/1136/1009 687/1130/687
f 1023/1150/1023 687/1130/687 694/1151/694
f 1023/1150/1023 694/1151/694 695/1152/695
f 1021/1148/1021 1024/1153/1024 980/1096/980
f 1024/1153/1024 981/1097/981 980/1096/980
f 1021/1148/1021 1013/1140/1013 1025/1154/1025
f 1013/1140/1013 1022/1149/1022 1025/1154/1025
f 1024/1153/1024 1021/1148/1021 1026/1155/1026
f 1021/1148/1021 1025/1154/1025 1026/1155/1026
f 1027/1156/1027 1018/1145/1018 1023/1150/1023
f 1023/1150/1023 695/1152/695 1028/1157/1028
f 1027/1156/1027 1023/1150/1023 1028/1157/1028
f 1029/1158/1029 1018/1145/1018 1027/1156/1027
f 1029/1158/1029 1019/1146/1019 1018/1145/1018
f 695/1152/695 1030/1159/1030 1028/1157/1028
f 695/1152/695 728/1160/728 1030/1159/1030
f 728/1160/728 237/1161/237 1030/1159/1030
f 236/1162/236 1030/1159/1030 237/1161/237
f 233/1163/233 1030/1159/1030 236/1162/236
f 233/1163/233 1028/1157/1028 1030/1159/1030
f 1028/1157/1028 233/1163/233 228/1164/228
f 1028/1157/1028 228/1164/228 1027/1156/1027
f 1027/1156/1027 228/1164/228 225/1165/225
f 1027/1156/1027 225/1165/225 1029/1158/1029
f 1029/1158/1029 225/1165/225 222/1166/222
f 1019/1146/1019 1029/1158/1029 1031/1167/1031
f 1029/1158/1029 222/1166/222 1031/1167/1031
f 1019/1146/1019 1031/1167/1031 1020/1147/1020
f 1031/1167/1031 222/1166/222 214/1168/214
f 1020/1147/1020 1031/1167/1031 1032/1169/1032
f 1031/1167/1031 214/1168/214 1032/1169/1032
f 1032/1169/1032 214/1168/214 213/1170/213
f 1022/1149/1022 1020/1147/1020 1032/1169/1032
f 1032/1169/1032 213/1170/213 1033/1171/1033
f 1032/1169/1032 1033/1171/1033 1022/1149/1022
f 1033/1171/1033 213/1170/213 210/1172/210
f 1022/1149/1022 1033/1171/1033 1034/1173/1034
f 1033/1171/1033 210/1172/210 1034/1173/1034
f 1025/1154/1025 1022/1149/1022 1034/1173/1034
f 1034/1173/1034 210/1172/210 208/1174/208
f 1025/1154/1025 1034/1173/1034 1035/1175/1035
f 1034/1173/1034 208/1174/208 1035/1175/1035
f 1035/1175/1035 208/1174/208 206/1176/206
f 1026/1155/1026 1025/1154/1025 1035/1175/1035
f 1035/1175/1035 206/1176/206 1036/1177/1036
f 1026/1155/1026 1035/1175/1035 1036/1177/1036
f 1036/1177/1036 206/1176/206 205/1178/205
f 1037/1179/1037 1026/1155/1026 1036/1177/1036
f 1024/1153/1024 1026/1155/1026 1037/1179/1037
f 1038/1180/1038 1036/1177/1036 205/1178/205
f 1037/1179/1037 1036/1177/1036 1038/1180/1038
f 402/1181/402 1038/1180/1038 205/1178/205
f 1039/1182/1039 1024/1153/1024 1037/1179/1037
f 1024/1153/1024 1039/1182/1039 981/1097/981
f 1040/1183/1040 1037/1179/1037 1038/1180/1038
f 1039/1182/1039 1037/1179/1037 1040/1183/1040
f 402/1181/402 1041/1184/1041 1038/1180/1038
f 1040/1183/1040 1038/1180/1038 1041/1184/1041
f 1039/1182/1039 1042/1185/1042 981/1097/981
f 981/1097/981 1042/1185/1042 946/1059/946
f 402/1181/402 1043/1186/1043 1041/1184/1041
f 402/1181/402 397/1187/397 1043/1186/1043
f 1044/1188/1044 1039/1182/1039 1040/1183/1040
f 1039/1182/1039 1044/1188/1044 1042/1185/1042
f 1045/1189/1045 1040/1183/1040 1041/1184/1041
f 1044/1188/1044 1040/1183/1040 1045/1189/1045
f 1045/1189/1045 1041/1184/1041 1043/1186/1043
f 397/1187/397 1046/1190/1046 1043/1186/1043
f 397/1187/397 392/1191/392 1046/1190/1046
f 1047/1192/1047 1044/1188/1044 1045/1189/1045
f 1042/1185/1042 1044/1188/1044 1047/1192/1047
f 1048/1193/1048 1045/1189/1045 1043/1186/1043
f 1048/1193/1048 1043/1186/1043 1046/1190/1046
f 1047/1192/1047 1045/1189/1045 1048/1193/1048
f 1049/1194/1049 1046/1190/1046 392/1191/392
f 1049/1194/1049 392/1191/392 390/1195/390
f 1050/1196/1050 1048/1193/1048 1046/1190/1046
f 1050/1196/1050 1046/1190/1046 1049/1194/1049
f 1051/1197/1051 1049/1194/1049 390/1195/390
f 1051/1197/1051 390/1195/390 387/1198/387
f 1052/1199/1052 1047/1192/1047 1048/1193/1048
f 1052/1199/1052 1048/1193/1048 1050/1196/1050
f 1053/1200/1053 1050/1196/1050 1049/1194/1049
f 1053/1200/1053 1049/1194/1049 1051/1197/1051
f 1054/1201/1054 1051/1197/1051 387/1198/387
f 1054/1201/1054 387/1198/387 383/1202/383
f 766/1203/766 1054/1201/1054 383/1202/383
f 766/1203/766 383/1202/383 380/1204/380
f 762/1067/762 1054/1201/1054 766/1203/766
f 1055/1205/1055 1051/1197/1051 1054/1201/1054
f 762/1067/762 1055/1205/1055 1054/1201/1054
f 1055/1205/1055 1053/1200/1053 1051/1197/1051
f 951/1066/951 1055/1205/1055 762/1067/762
f 951/1066/951 1053/1200/1053 1055/1205/1055
f 1056/1206/1056 1050/1196/1050 1053/1200/1053
f 951/1066/951 1056/1206/1056 1053/1200/1053
f 1056/1206/1056 1052/1199/1052 1050/1196/1050
f 950/1065/950 1056/1206/1056 951/1066/951
f 1052/1199/1052 1056/1206/1056 950/1065/950
f 1052/1199/1052 950/1065/950 1057/1207/1057
f 1047/1192/1047 1052/1199/1052 1057/1207/1057
f 1057/1207/1057 950/1065/950 948/1061/948
f 1047/1192/1047 1057/1207/1057 1058/1208/1058
f 1042/1185/1042 1047/1192/1047 1058/1208/1058
f 1057/1207/1057 948/1061/948 1059/1209/1059
f 1058/1208/1058 1057/1207/1057 1059/1209/1059
f 948/1061/948 936/1049/936 1059/1209/1059
f 1042/1185/1042 1058/1208/1058 1060/1210/1060
f 1058/1208/1058 1059/1209/1059 1060/1210/1060
f 1042/1185/1042 1060/1210/1060 946/1059/946
f 1059/1209/1059 1061/1211/1061 1060/1210/1060
f 1059/1209/1059 936/1049/936 1061/1211/1061
f 1060/1210/1060 1061/1211/1061 946/1059/946
f 1061/1211/1061 936/1049/936 1062/1212/1062
f 946/1059/946 1061/1211/1061 1062/1212/1062
f 936/1049/936 938/1051/938 1062/1212/1062
f 946/1059/946 1062/1212/1062 937/1050/937
f 1062/1212/1062 938/1051/938 937/1050/937
f 64/1213/64 71/1214/71 67/1215/67
f 1063/1216/1063 71/1214/71 64/1213/64
f 1063/1216/1063 1064/1217/1064 71/1214/71
f 1065/1218/1065 1064/1217/1064 1063/1216/1063
f 1066/1219/1066 1064/1217/1064 1065/1218/1065
f 1064/1217/1064 1066/1219/1066 1067/1220/1067
f 1067/1220/1067 71/1214/71 1064/1217/1064
f 72/1221/72 71/1214/71 1067/1220/1067
f 1068/1222/1068 1070/1223/1069 1069/1224/1070
f 1068/1222/1068 1071/1225/1071 1070/1223/1069
f 1068/1222/1068 1072/1226/1072 1071/1225/1071
f 1072/1226/1072 1073/1227/1073 1071/1225/1071
f 1072/1226/1072 1074/1228/1074 1073/1227/1073
f 1074/1228/1074 1075/1229/1075 1073/1227/1073
f 1074/1228/1074 1076/1230/1076 1075/1229/1075
f 1076/1230/1076 1077/1231/1077 1075/1229/1075
f 1076/1230/1076 1078/1232/1078 1077/1231/1077
f 1078/1232/1078 1079/1233/1079 1077/1231/1077
f 1078/1232/1078 1080/1234/1080 1079/1233/1079
f 1079/1233/1079 1080/1234/1080 1081/1235/1081
f 1079/1233/1079 1081/1235/1081 1082/1236/1082
f 1082/1236/1082 1081/1235/1081 1083/1237/1083
f 1082/1236/1082 1083/1237/1083 1084/1238/1084
f 1084/1238/1084 1083/1237/1083 1085/1239/1085
f 1084/1238/1084 1085/1239/1085 1086/1240/1086
f 1086/1240/1086 1085/1239/1085 1087/1241/1087
f 1086/1240/1086 1087/1241/1087 1088/1242/1088
f 1088/1242/1088 1087/1241/1087 1089/1243/1089
f 1088/1242/1088 1089/1243/1089 1090/1244/1090
f 1090/1244/1090 1089/1243/1089 1091/1245/1091
f 1090/1244/1090 1091/1245/1091 1092/1246/1092
f 1092/1246/1092 1091/1245/1091 1093/1247/1093
f 1092/1246/1092 1093/1247/1093 1094/1248/1094
f 1094/1249/1094 1093/1250/1093 1095/1251/1095
f 1094/1249/1094 1095/1251/1095 1096/1252/1096
f 1092/1253/1092 1094/1249/1094 1096/1252/1096
f 1095/1251/1095 1097/1254/1097 1096/1252/1096
f 1095/1251/1095 1098/1255/1098 1097/1254/1097
f 1097/1254/1097 1098/1255/1098 1099/1256/1099
f 1092/1253/1092 1096/1252/1096 1100/1257/1100
f 1090/1258/1090 1092/1253/1092 1100/1257/1100
f 1096/1252/1096 1097/1254/1097 1101/1259/1101
f 1096/1252/1096 1101/1259/1101 1100/1257/1100
f 1097/1254/1097 1099/1256/1099 1102/1260/1102
f 1101/1259/1101 1097/1254/1097 1102/1260/1102
f 1102/1260/1102 1099/1256/1099 1103/1261/1103
f 1090/1258/1090 1100/1257/1100 1104/1262/1104
f 1088/1263/1088 1090/1258/1090 1104/1262/1104
f 1100/1257/1100 1101/1259/1101 1105/1264/1105
f 1100/1257/1100 1105/1264/1105 1104/1262/1104
f 1101/1259/1101 1102/1260/1102 1106/1265/1106
f 1105/1264/1105 1101/1259/1101 1106/1265/1106
f 1102/1260/1102 1103/1261/1103 1107/1266/1107
f 1106/1265/1106 1102/1260/1102 1107/1266/1107
f 1088/1263/1088 1104/1262/1104 1108/1267/1108
f 1086/1268/1086 1088/1263/1088 1108/1267/1108
f 1104/1262/1104 1105/1264/1105 1109/1269/1109
f 1104/1262/1104 1109/1269/1109 1108/1267/1108
f 1105/1264/1105 1106/1265/1106 1110/1270/1110
f 1109/1269/1109 1105/1264/1105 1110/1270/1110
f 1103/1261/1103 1111/1271/1111 1107/1266/1107
f 1103/1261/1103 1112/1272/1112 1111/1271/1111
f 1106/1265/1106 1107/1266/1107 1113/1273/1113
f 1110/1270/1110 1106/1265/1106 1113/1273/1113
f 1112/1272/1112 1114/1274/1114 1111/1271/1111
f 1112/1272/1112 1115/1275/1115 1114/1274/1114
f 1107/1266/1107 1111/1271/1111 1116/1276/1116
f 1107/1266/1107 1116/1276/1116 1113/1273/1113
f 1115/1275/1115 1117/1277/1117 1114/1274/1114
f 1115/1275/1115 1118/1278/1118 1117/1277/1117
f 1114/1274/1114 1117/1277/1117 1119/1279/1119
f 1111/1271/1111 1114/1274/1114 1120/1280/1120
f 1114/1274/1114 1119/1279/1119 1120/1280/1120
f 1111/1271/1111 1120/1280/1120 1116/1276/1116
f 1120/1280/1120 1119/1279/1119 1121/1281/1121
f 1116/1276/1116 1120/1280/1120 1122/1282/1122
f 1120/1280/1120 1121/1281/1121 1122/1282/1122
f 1113/1273/1113 1116/1276/1116 1123/1283/1123
f 1116/1276/1116 1122/1282/1122 1123/1283/1123
f 1110/1270/1110 1113/1273/1113 1124/1284/1124
f 1113/1273/1113 1123/1283/1123 1124/1284/1124
f 1125/1285/1125 1122/1282/1122 1121/1281/1121
f 1125/1285/1125 1121/1281/1121 1126/1286/1126
f 1127/1287/1127 1123/1283/1123 1122/1282/1122
f 1124/1284/1124 1123/1283/1123 1127/1287/1127
f 1127/1287/1127 1122/1282/1122 1125/1285/1125
f 1128/1288/1128 1110/1270/1110 1124/1284/1124
f 1109/1269/1109 1110/1270/1110 1128/1288/1128
f 1129/1289/1129 1125/1285/1125 1126/1286/1126
f 1129/1289/1129 1126/1286/1126 1130/1290/1130
f 1124/1284/1124 1127/1287/1127 1131/1291/1131
f 1128/1288/1128 1124/1284/1124 1131/1291/1131
f 1132/1292/1132 1127/1287/1127 1125/1285/1125
f 1132/1292/1132 1125/1285/1125 1129/1289/1129
f 1131/1291/1131 1127/1287/1127 1132/1292/1132
f 1133/1293/1133 1109/1269/1109 1128/1288/1128
f 1108/1267/1108 1109/1269/1109 1133/1293/1133
f 1134/1294/1134 1129/1289/1129 1130/1290/1130
f 1134/1294/1134 1130/1290/1130 1135/1295/1135
f 1136/1296/1136 1128/1288/1128 1131/1291/1131
f 1133/1293/1133 1128/1288/1128 1136/1296/1136
f 1131/1291/1131 1132/1292/1132 1137/1297/1137
f 1136/1296/1136 1131/1291/1131 1137/1297/1137
f 1138/1298/1138 1132/1292/1132 1129/1289/1129
f 1138/1298/1138 1129/1289/1129 1134/1294/1134
f 1137/1297/1137 1132/1292/1132 1138/1298/1138
f 1139/1299/1139 1134/1294/1134 1135/1295/1135
f 1139/1299/1139 1135/1295/1135 1140/1300/1140
f 1108/1267/1108 1133/1293/1133 1141/1301/1141
f 1086/1268/1086 1108/1267/1108 1141/1301/1141
f 1142/1302/1142 1086/1268/1086 1141/1301/1141
f 1142/1302/1142 1141/1301/1141 1133/1293/1133
f 1142/1302/1142 1084/1303/1084 1086/1268/1086
f 1142/1302/1142 1133/1293/1133 1143/1304/1143
f 1143/1304/1143 1133/1293/1133 1136/1296/1136
f 1144/1305/1144 1084/1303/1084 1142/1302/1142
f 1144/1305/1144 1142/1302/1142 1143/1304/1143
f 1144/1305/1144 1082/1306/1082 1084/1303/1084
f 1145/1307/1145 1082/1306/1082 1144/1305/1144
f 1145/1307/1145 1079/1308/1079 1082/1306/1082
f 1145/1307/1145 1077/1309/1077 1079/1308/1079
f 1144/1305/1144 1143/1304/1143 1146/1310/1146
f 1145/1307/1145 1144/1305/1144 1146/1310/1146
f 1143/1304/1143 1136/1296/1136 1147/1311/1147
f 1146/1310/1146 1143/1304/1143 1147/1311/1147
f 1147/1311/1147 1136/1296/1136 1148/1312/1148
f 1148/1312/1148 1136/1296/1136 1137/1297/1137
f 1148/1312/1148 1137/1297/1137 1149/1313/1149
f 1137/1297/1137 1138/1298/1138 1149/1313/1149
f 1145/1307/1145 1150/1314/1150 1077/1309/1077
f 1145/1307/1145 1146/1310/1146 1151/1315/1151
f 1151/1315/1151 1150/1314/1150 1145/1307/1145
f 1146/1310/1146 1147/1311/1147 1152/1316/1152
f 1151/1315/1151 1146/1310/1146 1152/1316/1152
f 1147/1311/1147 1148/1312/1148 1153/1317/1153
f 1152/1316/1152 1147/1311/1147 1153/1317/1153
f 1154/1318/1154 1148/1312/1148 1149/1313/1149
f 1154/1318/1154 1153/1317/1153 1148/1312/1148
f 1155/1319/1155 1149/1313/1149 1138/1298/1138
f 1154/1318/1154 1149/1313/1149 1155/1319/1155
f 1156/1320/1156 1077/1309/1077 1150/1314/1150
f 1156/1320/1156 1075/1321/1075 1077/1309/1077
f 1151/1315/1151 1157/1322/1157 1150/1314/1150
f 1157/1322/1157 1156/1320/1156 1150/1314/1150
f 1151/1315/1151 1152/1316/1152 1158/1323/1158
f 1158/1323/1158 1157/1322/1157 1151/1315/1151
f 1152/1316/1152 1153/1317/1153 1159/1324/1159
f 1158/1323/1158 1152/1316/1152 1159/1324/1159
f 1154/1318/1154 1160/1325/1160 1153/1317/1153
f 1159/1324/1159 1153/1317/1153 1160/1325/1160
f 1161/1326/1161 1075/1321/1075 1156/1320/1156
f 1161/1326/1161 1073/1327/1073 1075/1321/1075
f 1157/1322/1157 1162/1328/1162 1156/1320/1156
f 1162/1328/1162 1161/1326/1161 1156/1320/1156
f 1158/1323/1158 1163/1329/1163 1157/1322/1157
f 1163/1329/1163 1162/1328/1162 1157/1322/1157
f 1158/1323/1158 1159/1324/1159 1164/1330/1164
f 1164/1330/1164 1163/1329/1163 1158/1323/1158
f 1165/1331/1165 1073/1327/1073 1161/1326/1161
f 1165/1331/1165 1071/1332/1071 1073/1327/1073
f 1162/1328/1162 1166/1333/1166 1161/1326/1161
f 1166/1333/1166 1165/1331/1165 1161/1326/1161
f 1163/1329/1163 1167/1334/1167 1162/1328/1162
f 1167/1334/1167 1166/1333/1166 1162/1328/1162
f 1168/1335/1168 1071/1332/1071 1165/1331/1165
f 1168/1335/1168 1070/1336/1069 1071/1332/1071
f 1166/1333/1166 1169/1337/1169 1165/1331/1165
f 1169/1337/1169 1168/1335/1168 1165/1331/1165
f 1170/1338/1170 1070/1336/1069 1168/1335/1168
f 1170/1338/1170 1069/1339/1070 1070/1336/1069
f 1164/1330/1164 1159/1324/1159 1171/1340/1171
f 1159/1324/1159 1160/1325/1160 1171/1340/1171
f 1164/1330/1164 1172/1341/1172 1163/1329/1163
f 1172/1341/1172 1167/1334/1167 1163/1329/1163
f 1167/1334/1167 1173/1342/1173 1166/1333/1166
f 1173/1342/1173 1169/1337/1169 1166/1333/1166
f 1169/1337/1169 1174/1343/1174 1168/1335/1168
f 1174/1343/1174 1170/1338/1170 1168/1335/1168
f 1175/1344/1175 1069/1339/1070 1170/1338/1170
f 1175/1344/1175 1068/1345/1068 1069/1339/1070
f 1172/1341/1172 1176/1346/1176 1167/1334/1167
f 1176/1346/1176 1173/1342/1173 1167/1334/1167
f 1173/1342/1173 1177/1347/1177 1169/1337/1169
f 1177/1347/1177 1174/1343/1174 1169/1337/1169
f 1174/1343/1174 1178/1348/1178 1170/1338/1170
f 1178/1348/1178 1175/1344/1175 1170/1338/1170
f 1179/1349/1179 1068/1345/1068 1175/1344/1175
f 1179/1349/1179 1072/1350/1072 1068/1345/1068
f 1180/1351/1180 1177/1347/1177 1173/1342/1173
f 1176/1346/1176 1180/1351/1180 1173/1342/1173
f 1177/1347/1177 1181/1352/1181 1174/1343/1174
f 1181/1352/1181 1178/1348/1178 1174/1343/1174
f 1180/1351/1180 1181/1352/1181 1177/1347/1177
f 1178/1348/1178 1182/1353/1182 1175/1344/1175
f 1182/1353/1182 1179/1349/1179 1175/1344/1175
f 1181/1352/1181 1183/1354/1183 1178/1348/1178
f 1180/1351/1180 1183/1354/1183 1181/1352/1181
f 1183/1354/1183 1182/1353/1182 1178/1348/1178
f 1184/1355/1184 1072/1350/1072 1179/1349/1179
f 1184/1355/1184 1074/1356/1074 1072/1350/1072
f 1176/1346/1176 1185/1357/1185 1180/1351/1180
f 1180/1351/1180 1185/1357/1185 1183/1354/1183
f 1183/1354/1183 1186/1358/1186 1182/1353/1182
f 1185/1357/1185 1186/1358/1186 1183/1354/1183
f 1182/1353/1182 1187/1359/1187 1179/1349/1179
f 1187/1359/1187 1184/1355/1184 1179/1349/1179
f 1186/1358/1186 1187/1359/1187 1182/1353/1182
f 1188/1360/1188 1074/1356/1074 1184/1355/1184
f 1188/1360/1188 1076/1361/1076 1074/1356/1074
f 1188/1360/1188 1078/1362/1078 1076/1361/1076
f 1176/1346/1176 1189/1363/1189 1185/1357/1185
f 1172/1341/1172 1189/1363/1189 1176/1346/1176
f 1185/1357/1185 1190/1364/1190 1186/1358/1186
f 1189/1363/1189 1190/1364/1190 1185/1357/1185
f 1186/1358/1186 1191/1365/1191 1187/1359/1187
f 1190/1364/1190 1191/1365/1191 1186/1358/1186
f 1187/1359/1187 1192/1366/1192 1184/1355/1184
f 1192/1366/1192 1188/1360/1188 1184/1355/1184
f 1193/1367/1193 1187/1359/1187 1191/1365/1191
f 1190/1364/1190 1193/1367/1193 1191/1365/1191
f 1193/1367/1193 1192/1366/1192 1187/1359/1187
f 1188/1360/1188 1194/1368/1194 1078/1362/1078
f 1194/1368/1194 1080/1369/1080 1078/1362/1078
f 1195/1370/1195 1193/1367/1193 1190/1364/1190
f 1189/1363/1189 1195/1370/1195 1190/1364/1190
f 1172/1341/1172 1196/1371/1196 1189/1363/1189
f 1196/1371/1196 1172/1341/1172 1164/1330/1164
f 1197/1372/1197 1192/1366/1192 1193/1367/1193
f 1195/1370/1195 1197/1372/1197 1193/1367/1193
f 1192/1366/1192 1198/1373/1198 1188/1360/1188
f 1198/1373/1198 1194/1368/1194 1188/1360/1188
f 1197/1372/1197 1198/1373/1198 1192/1366/1192
f 1189/1363/1189 1199/1374/1199 1195/1370/1195
f 1189/1363/1189 1196/1371/1196 1199/1374/1199
f 1199/1374/1199 1197/1372/1197 1195/1370/1195
f 1194/1368/1194 1200/1375/1200 1080/1369/1080
f 1081/1376/1081 1080/1369/1080 1200/1375/1200
f 1198/1373/1198 1201/1377/1201 1194/1368/1194
f 1197/1372/1197 1201/1377/1201 1198/1373/1198
f 1201/1377/1201 1200/1375/1200 1194/1368/1194
f 1196/1371/1196 1164/1330/1164 1202/1378/1202
f 1164/1330/1164 1171/1340/1171 1202/1378/1202
f 1197/1372/1197 1203/1379/1203 1201/1377/1201
f 1199/1374/1199 1203/1379/1203 1197/1372/1197
f 1196/1371/1196 1204/1380/1204 1199/1374/1199
f 1196/1371/1196 1202/1378/1202 1204/1380/1204
f 1202/1378/1202 1171/1340/1171 1205/1381/1205
f 1202/1378/1202 1205/1381/1205 1204/1380/1204
f 1199/1374/1199 1204/1380/1204 1206/1382/1206
f 1199/1374/1199 1206/1382/1206 1203/1379/1203
f 1206/1382/1206 1204/1380/1204 1205/1381/1205
f 1203/1379/1203 1207/1383/1207 1201/1377/1201
f 1201/1377/1201 1207/1383/1207 1200/1375/1200
f 1203/1379/1203 1206/1382/1206 1207/1383/1207
f 1171/1340/1171 1208/1384/1208 1205/1381/1205
f 1171/1340/1171 1160/1325/1160 1208/1384/1208
f 1200/1375/1200 1207/1383/1207 1209/1385/1209
f 1209/1385/1209 1207/1383/1207 1206/1382/1206
f 1206/1382/1206 1205/1381/1205 1210/1386/1210
f 1210/1386/1210 1205/1381/1205 1208/1384/1208
f 1209/1385/1209 1206/1382/1206 1210/1386/1210
f 1211/1387/1211 1208/1384/1208 1160/1325/1160
f 1211/1387/1211 1160/1325/1160 1154/1318/1154
f 1211/1387/1211 1154/1318/1154 1155/1319/1155
f 1200/1375/1200 1209/1385/1209 1212/1388/1212
f 1081/1376/1081 1200/1375/1200 1212/1388/1212
f 1083/1389/1083 1081/1376/1081 1212/1388/1212
f 1213/1390/1213 1209/1385/1209 1210/1386/1210
f 1212/1388/1212 1209/1385/1209 1213/1390/1213
f 1210/1386/1210 1208/1384/1208 1214/1391/1214
f 1214/1391/1214 1208/1384/1208 1211/1387/1211
f 1213/1390/1213 1210/1386/1210 1214/1391/1214
f 1214/1391/1214 1211/1387/1211 1215/1392/1215
f 1083/1389/1083 1212/1388/1212 1216/1393/1216
f 1212/1388/1212 1213/1390/1213 1216/1393/1216
f 1085/1394/1085 1083/1389/1083 1216/1393/1216
f 1217/1395/1217 1213/1390/1213 1214/1391/1214
f 1216/1393/1216 1213/1390/1213 1217/1395/1217
f 1217/1395/1217 1214/1391/1214 1215/1392/1215
f 1085/1394/1085 1216/1393/1216 1218/1396/1218
f 1216/1393/1216 1217/1395/1217 1218/1396/1218
f 1087/1397/1087 1085/1394/1085 1218/1396/1218
f 1218/1396/1218 1217/1395/1217 1219/1398/1219
f 1219/1398/1219 1217/1395/1217 1215/1392/1215
f 1087/1397/1087 1218/1396/1218 1220/1399/1220
f 1218/1396/1218 1219/1398/1219 1220/1399/1220
f 1089/1400/1089 1087/1397/1087 1220/1399/1220
f 1089/1400/1089 1220/1399/1220 1221/1401/1221
f 1091/1402/1091 1089/1400/1089 1221/1401/1221
f 1220/1399/1220 1219/1398/1219 1222/1403/1222
f 1220/1399/1220 1222/1403/1222 1221/1401/1221
f 1091/1402/1091 1221/1401/1221 1223/1404/1223
f 1093/1405/1093 1091/1402/1091 1223/1404/1223
f 1093/1405/1093 1223/1404/1223 1095/1406/1095
f 1223/1404/1223 1098/1407/1098 1095/1406/1095
f 1221/1401/1221 1224/1408/1224 1223/1404/1223
f 1223/1404/1223 1224/1408/1224 1098/1407/1098
f 1221/1401/1221 1222/1403/1222 1224/1408/1224
f 1222/1403/1222 1219/1398/1219 1225/1409/1225
f 1219/1398/1219 1215/1392/1215 1225/1409/1225
f 1098/1407/1098 1224/1408/1224 1226/1410/1226
f 1098/1407/1098 1226/1410/1226 1099/1411/1099
f 1224/1408/1224 1222/1403/1222 1227/1412/1227
f 1222/1403/1222 1225/1409/1225 1227/1412/1227
f 1224/1408/1224 1227/1412/1227 1226/1410/1226
f 1099/1411/1099 1226/1410/1226 1228/1413/1228
f 1099/1411/1099 1228/1413/1228 1103/1414/1103
f 1228/1413/1228 1112/1415/1112 1103/1414/1103
f 1227/1412/1227 1225/1409/1225 1229/1416/1229
f 1215/1392/1215 1229/1416/1229 1225/1409/1225
f 1226/1410/1226 1227/1412/1227 1230/1417/1230
f 1226/1410/1226 1230/1417/1230 1228/1413/1228
f 1227/1412/1227 1229/1416/1229 1230/1417/1230
f 1228/1413/1228 1231/1418/1231 1112/1415/1112
f 1230/1417/1230 1231/1418/1231 1228/1413/1228
f 1231/1418/1231 1115/1419/1115 1112/1415/1112
f 1230/1417/1230 1232/1420/1232 1231/1418/1231
f 1229/1416/1229 1232/1420/1232 1230/1417/1230
f 1231/1418/1231 1233/1421/1233 1115/1419/1115
f 1232/1420/1232 1233/1421/1233 1231/1418/1231
f 1233/1421/1233 1118/1422/1118 1115/1419/1115
f 1233/1421/1233 1234/1423/1234 1118/1422/1118
f 1235/1424/1235 1234/1423/1234 1233/1421/1233
f 1232/1420/1232 1235/1424/1235 1233/1421/1233
f 1235/1424/1235 1236/1425/1236 1234/1423/1234
f 1229/1416/1229 1237/1426/1237 1232/1420/1232
f 1237/1426/1237 1235/1424/1235 1232/1420/1232
f 1238/1427/1238 1236/1425/1236 1235/1424/1235
f 1237/1426/1237 1238/1427/1238 1235/1424/1235
f 1238/1427/1238 1239/1428/1239 1236/1425/1236
f 1240/1429/1240 1237/1426/1237 1229/1416/1229
f 1215/1392/1215 1240/1429/1240 1229/1416/1229
f 1241/1430/1241 1238/1427/1238 1237/1426/1237
f 1240/1429/1240 1241/1430/1241 1237/1426/1237
f 1242/1431/1242 1239/1428/1239 1238/1427/1238
f 1241/1430/1241 1242/1431/1242 1238/1427/1238
f 1242/1431/1242 1243/1432/1243 1239/1428/1239
f 1215/1392/1215 1244/1433/1244 1240/1429/1240
f 1244/1433/1244 1241/1430/1241 1240/1429/1240
f 1215/1392/1215 1211/1387/1211 1244/1433/1244
f 1211/1387/1211 1155/1319/1155 1244/1433/1244
f 1245/1434/1245 1242/1431/1242 1241/1430/1241
f 1244/1433/1244 1245/1434/1245 1241/1430/1241
f 1246/1435/1246 1243/1432/1243 1242/1431/1242
f 1245/1434/1245 1246/1435/1246 1242/1431/1242
f 1246/1435/1246 1247/1436/1247 1243/1432/1243
f 1246/1435/1246 1140/1300/1140 1247/1436/1247
f 1246/1435/1246 1139/1299/1139 1140/1300/1140
f 1245/1434/1245 1139/1299/1139 1246/1435/1246
f 1244/1433/1244 1155/1319/1155 1248/1437/1248
f 1244/1433/1244 1248/1437/1248 1245/1434/1245
f 1245/1434/1245 1248/1437/1248 1139/1299/1139
f 1155/1319/1155 1138/1298/1138 1248/1437/1248
f 1248/1437/1248 1134/1294/1134 1139/1299/1139
f 1248/1437/1248 1138/1298/1138 1134/1294/1134
f 1247/1438/1247 1140/1439/1140 1135/1440/1135
f 1247/1438/1247 1135/1440/1135 1249/1441/1249
f 1247/1438/1247 1249/1441/1249 1250/1442/1250
f 1247/1438/1247 1250/1442/1250 1243/1443/1243
f 1243/1443/1243 1250/1442/1250 1239/1444/1239
f 1135/1440/1135 1251/1445/1251 1249/1441/1249
f 1135/1440/1135 1130/1446/1130 1251/1445/1251
f 1130/1446/1130 1126/1447/1126 1251/1445/1251
f 1239/1444/1239 1250/1442/1250 1252/1448/1252
f 1239/1444/1239 1252/1448/1252 1236/1449/1236
f 1234/1450/1234 1236/1449/1236 1252/1448/1252
f 1126/1447/1126 1253/1451/1253 1251/1445/1251
f 1126/1447/1126 1121/1452/1121 1253/1451/1253
f 1121/1452/1121 1119/1453/1119 1253/1451/1253
f 1119/1453/1119 1254/1454/1254 1253/1451/1253
f 1119/1453/1119 1117/1455/1117 1254/1454/1254
f 1234/1450/1234 1252/1448/1252 1255/1456/1255
f 1117/1455/1117 1255/1456/1255 1254/1454/1254
f 1118/1457/1118 1234/1450/1234 1255/1456/1255
f 1117/1455/1117 1118/1457/1118 1255/1456/1255
f 1256/1222/1256 1258/1224/1257 1257/1223/1258
f 1256/1222/1256 1257/1223/1258 1259/1225/1259
f 1256/1222/1256 1259/1225/1259 1260/1226/1260
f 1260/1226/1260 1259/1225/1259 1261/1227/1261
f 1260/1226/1260 1261/1227/1261 1262/1228/1262
f 1262/1228/1262 1261/1227/1261 1263/1229/1263
f 1262/1228/1262 1263/1229/1263 1264/1230/1264
f 1264/1230/1264 1263/1229/1263 1265/1231/1265
f 1264/1230/1264 1265/1231/1265 1266/1232/1266
f 1266/1232/1266 1265/1231/1265 1267/1233/1267
f 1266/1232/1266 1267/1233/1267 1268/1234/1268
f 1267/1233/1267 1269/1235/1269 1268/1234/1268
f 1267/1233/1267 1270/1236/1270 1269/1235/1269
f 1270/1236/1270 1271/1237/1271 1269/1235/1269
f 1270/1236/1270 1272/1238/1272 1271/1237/1271
f 1272/1238/1272 1273/1239/1273 1271/1237/1271
f 1272/1238/1272 1274/1240/1274 1273/1239/1273
f 1274/1240/1274 1275/1241/1275 1273/1239/1273
f 1274/1240/1274 1276/1242/1276 1275/1241/1275
f 1276/1242/1276 1277/1243/1277 1275/1241/1275
f 1276/1242/1276 1278/1244/1278 1277/1243/1277
f 1278/1244/1278 1279/1245/1279 1277/1243/1277
f 1278/1244/1278 1280/1246/1280 1279/1245/1279
f 1280/1246/1280 1281/1247/1281 1279/1245/1279
f 1280/1246/1280 1282/1248/1282 1281/1247/1281
f 1282/1249/1282 1283/1251/1283 1281/1250/1281
f 1282/1249/1282 1284/1252/1284 1283/1251/1283
f 1280/1253/1280 1284/1252/1284 1282/1249/1282
f 1283/1251/1283 1284/1252/1284 1285/1254/1285
f 1283/1251/1283 1285/1254/1285 1286/1255/1286
f 1285/1254/1285 1287/1256/1287 1286/1255/1286
f 1280/1253/1280 1288/1257/1288 1284/1252/1284
f 1278/1258/1278 1288/1257/1288 1280/1253/1280
f 1284/1252/1284 1289/1259/1289 1285/1254/1285
f 1284/1252/1284 1288/1257/1288 1289/1259/1289
f 1285/1254/1285 1290/1260/1290 1287/1256/1287
f 1289/1259/1289 1290/1260/1290 1285/1254/1285
f 1290/1260/1290 1291/1261/1291 1287/1256/1287
f 1278/1258/1278 1292/1262/1292 1288/1257/1288
f 1276/1263/1276 1292/1262/1292 1278/1258/1278
f 1288/1257/1288 1293/1264/1293 1289/1259/1289
f 1288/1257/1288 1292/1262/1292 1293/1264/1293
f 1289/1259/1289 1294/1265/1294 1290/1260/1290
f 1293/1264/1293 1294/1265/1294 1289/1259/1289
f 1290/1260/1290 1295/1266/1295 1291/1261/1291
f 1294/1265/1294 1295/1266/1295 1290/1260/1290
f 1276/1263/1276 1296/1267/1296 1292/1262/1292
f 1274/1268/1274 1296/1267/1296 1276/1263/1276
f 1292/1262/1292 1297/1269/1297 1293/1264/1293
f 1292/1262/1292 1296/1267/1296 1297/1269/1297
f 1293/1264/1293 1298/1270/1298 1294/1265/1294
f 1297/1269/1297 1298/1270/1298 1293/1264/1293
f 1291/1261/1291 1295/1266/1295 1299/1271/1299
f 1291/1261/1291 1299/1271/1299 1300/1272/1300
f 1294/1265/1294 1301/1273/1301 1295/1266/1295
f 1298/1270/1298 1301/1273/1301 1294/1265/1294
f 1300/1272/1300 1299/1271/1299 1302/1274/1302
f 1300/1272/1300 1302/1274/1302 1303/1275/1303
f 1295/1266/1295 1304/1276/1304 1299/1271/1299
f 1295/1266/1295 1301/1273/1301 1304/1276/1304
f 1303/1275/1303 1302/1274/1302 1305/1277/1305
f 1303/1275/1303 1305/1277/1305 1306/1278/1306
f 1302/1274/1302 1307/1279/1307 1305/1277/1305
f 1299/1271/1299 1308/1280/1308 1302/1274/1302
f 1302/1274/1302 1308/1280/1308 1307/1279/1307
f 1299/1271/1299 1304/1276/1304 1308/1280/1308
f 1308/1280/1308 1309/1281/1309 1307/1279/1307
f 1304/1276/1304 1310/1282/1310 1308/1280/1308
f 1308/1280/1308 1310/1282/1310 1309/1281/1309
f 1301/1273/1301 1311/1283/1311 1304/1276/1304
f 1304/1276/1304 1311/1283/1311 1310/1282/1310
f 1298/1270/1298 1312/1284/1312 1301/1273/1301
f 1301/1273/1301 1312/1284/1312 1311/1283/1311
f 1313/1285/1313 1309/1281/1309 1310/1282/1310
f 1313/1285/1313 1314/1286/1314 1309/1281/1309
f 1315/1287/1315 1310/1282/1310 1311/1283/1311
f 1312/1284/1312 1315/1287/1315 1311/1283/1311
f 1315/1287/1315 1313/1285/1313 1310/1282/1310
f 1316/1288/1316 1312/1284/1312 1298/1270/1298
f 1297/1269/1297 1316/1288/1316 1298/1270/1298
f 1317/1289/1317 1314/1286/1314 1313/1285/1313
f 1317/1289/1317 1318/1290/1318 1314/1286/1314
f 1312/1284/1312 1319/1291/1319 1315/1287/1315
f 1316/1288/1316 1319/1291/1319 1312/1284/1312
f 1320/1292/1320 1313/1285/1313 1315/1287/1315
f 1320/1292/1320 1317/1289/1317 1313/1285/1313
f 1319/1291/1319 1320/1292/1320 1315/1287/1315
f 1321/1293/1321 1316/1288/1316 1297/1269/1297
f 1296/1267/1296 1321/1293/1321 1297/1269/1297
f 1322/1294/1322 1318/1290/1318 1317/1289/1317
f 1322/1294/1322 1323/1295/1323 1318/1290/1318
f 1324/1296/1324 1319/1291/1319 1316/1288/1316
f 1321/1293/1321 1324/1296/1324 1316/1288/1316
f 1319/1291/1319 1325/1297/1325 1320/1292/1320
f 1324/1296/1324 1325/1297/1325 1319/1291/1319
f 1326/1298/1326 1317/1289/1317 1320/1292/1320
f 1326/1298/1326 1322/1294/1322 1317/1289/1317
f 1325/1297/1325 1326/1298/1326 1320/1292/1320
f 1327/1299/1327 1323/1295/1323 1322/1294/1322
f 1327/1299/1327 1328/1300/1328 1323/1295/1323
f 1296/1267/1296 1329/1301/1329 1321/1293/1321
f 1274/1268/1274 1329/1301/1329 1296/1267/1296
f 1330/1302/1330 1329/1301/1329 1274/1268/1274
f 1330/1302/1330 1321/1293/1321 1329/1301/1329
f 1330/1302/1330 1274/1268/1274 1272/1303/1272
f 1330/1302/1330 1331/1304/1331 1321/1293/1321
f 1331/1304/1331 1324/1296/1324 1321/1293/1321
f 1332/1305/1332 1330/1302/1330 1272/1303/1272
f 1332/1305/1332 1331/1304/1331 1330/1302/1330
f 1332/1305/1332 1272/1303/1272 1270/1306/1270
f 1333/1307/1333 1332/1305/1332 1270/1306/1270
f 1333/1307/1333 1270/1306/1270 1267/1308/1267
f 1333/1307/1333 1267/1308/1267 1265/1309/1265
f 1332/1305/1332 1334/1310/1334 1331/1304/1331
f 1333/1307/1333 1334/1310/1334 1332/1305/1332
f 1331/1304/1331 1335/1311/1335 1324/1296/1324
f 1334/1310/1334 1335/1311/1335 1331/1304/1331
f 1335/1311/1335 1336/1312/1336 1324/1296/1324
f 1336/1312/1336 1325/1297/1325 1324/1296/1324
f 1336/1312/1336 1337/1313/1337 1325/1297/1325
f 1325/1297/1325 1337/1313/1337 1326/1298/1326
f 1333/1307/1333 1265/1309/1265 1338/1314/1338
f 1333/1307/1333 1339/1315/1339 1334/1310/1334
f 1339/1315/1339 1333/1307/1333 1338/1314/1338
f 1334/1310/1334 1340/1316/1340 1335/1311/1335
f 1339/1315/1339 1340/1316/1340 1334/1310/1334
f 1335/1311/1335 1341/1317/1341 1336/1312/1336
f 1340/1316/1340 1341/1317/1341 1335/1311/1335
f 1342/1318/1342 1337/1313/1337 1336/1312/1336
f 1342/1318/1342 1336/1312/1336 1341/1317/1341
f 1343/1319/1343 1326/1298/1326 1337/1313/1337
f 1342/1318/1342 1343/1319/1343 1337/1313/1337
f 1344/1320/1344 1338/1314/1338 1265/1309/1265
f 1344/1320/1344 1265/1309/1265 1263/1321/1263
f 1339/1315/1339 1338/1314/1338 1345/1322/1345
f 1345/1322/1345 1338/1314/1338 1344/1320/1344
f 1339/1315/1339 1346/1323/1346 1340/1316/1340
f 1346/1323/1346 1339/1315/1339 1345/1322/1345
f 1340/1316/1340 1347/1324/1347 1341/1317/1341
f 1346/1323/1346 1347/1324/1347 1340/1316/1340
f 1342/1318/1342 1341/1317/1341 1348/1325/1348
f 1347/1324/1347 1348/1325/1348 1341/1317/1341
f 1349/1326/1349 1344/1320/1344 1263/1321/1263
f 1349/1326/1349 1263/1321/1263 1261/1327/1261
f 1345/1322/1345 1344/1320/1344 1350/1328/1350
f 1350/1328/1350 1344/1320/1344 1349/1326/1349
f 1346/1323/1346 1345/1322/1345 1351/1329/1351
f 1351/1329/1351 1345/1322/1345 1350/1328/1350
f 1346/1323/1346 1352/1330/1352 1347/1324/1347
f 1352/1330/1352 1346/1323/1346 1351/1329/1351
f 1353/1331/1353 1349/1326/1349 1261/1327/1261
f 1353/1331/1353 1261/1327/1261 1259/1332/1259
f 1350/1328/1350 1349/1326/1349 1354/1333/1354
f 1354/1333/1354 1349/1326/1349 1353/1331/1353
f 1351/1329/1351 1350/1328/1350 1355/1334/1355
f 1355/1334/1355 1350/1328/1350 1354/1333/1354
f 1356/1335/1356 1353/1331/1353 1259/1332/1259
f 1356/1335/1356 1259/1332/1259 1257/1336/1258
f 1354/1333/1354 1353/1331/1353 1357/1337/1357
f 1357/1337/1357 1353/1331/1353 1356/1335/1356
f 1358/1338/1358 1356/1335/1356 1257/1336/1258
f 1358/1338/1358 1257/1336/1258 1258/1339/1257
f 1352/1330/1352 1359/1340/1359 1347/1324/1347
f 1347/1324/1347 1359/1340/1359 1348/1325/1348
f 1352/1330/1352 1351/1329/1351 1360/1341/1360
f 1360/1341/1360 1351/1329/1351 1355/1334/1355
f 1355/1334/1355 1354/1333/1354 1361/1342/1361
f 1361/1342/1361 1354/1333/1354 1357/1337/1357
f 1357/1337/1357 1356/1335/1356 1362/1343/1362
f 1362/1343/1362 1356/1335/1356 1358/1338/1358
f 1363/1344/1363 1358/1338/1358 1258/1339/1257
f 1363/1344/1363 1258/1339/1257 1256/1345/1256
f 1360/1341/1360 1355/1334/1355 1364/1346/1364
f 1364/1346/1364 1355/1334/1355 1361/1342/1361
f 1361/1342/1361 1357/1337/1357 1365/1347/1365
f 1365/1347/1365 1357/1337/1357 1362/1343/1362
f 1362/1343/1362 1358/1338/1358 1366/1348/1366
f 1366/1348/1366 1358/1338/1358 1363/1344/1363
f 1367/1349/1367 1363/1344/1363 1256/1345/1256
f 1367/1349/1367 1256/1345/1256 1260/1350/1260
f 1368/1351/1368 1361/1342/1361 1365/1347/1365
f 1364/1346/1364 1361/1342/1361 1368/1351/1368
f 1365/1347/1365 1362/1343/1362 1369/1352/1369
f 1369/1352/1369 1362/1343/1362 1366/1348/1366
f 1368/1351/1368 1365/1347/1365 1369/1352/1369
f 1366/1348/1366 1363/1344/1363 1370/1353/1370
f 1370/1353/1370 1363/1344/1363 1367/1349/1367
f 1369/1352/1369 1366/1348/1366 1371/1354/1371
f 1368/1351/1368 1369/1352/1369 1371/1354/1371
f 1371/1354/1371 1366/1348/1366 1370/1353/1370
f 1372/1355/1372 1367/1349/1367 1260/1350/1260
f 1372/1355/1372 1260/1350/1260 1262/1356/1262
f 1364/1346/1364 1368/1351/1368 1373/1357/1373
f 1368/1351/1368 1371/1354/1371 1373/1357/1373
f 1371/1354/1371 1370/1353/1370 1374/1358/1374
f 1373/1357/1373 1371/1354/1371 1374/1358/1374
f 1370/1353/1370 1367/1349/1367 1375/1359/1375
f 1375/1359/1375 1367/1349/1367 1372/1355/1372
f 1374/1358/1374 1370/1353/1370 1375/1359/1375
f 1376/1360/1376 1372/1355/1372 1262/1356/1262
f 1376/1360/1376 1262/1356/1262 1264/1361/1264
f 1376/1360/1376 1264/1361/1264 1266/1362/1266
f 1364/1346/1364 1373/1357/1373 1377/1363/1377
f 1360/1341/1360 1364/1346/1364 1377/1363/1377
f 1373/1357/1373 1374/1358/1374 1378/1364/1378
f 1377/1363/1377 1373/1357/1373 1378/1364/1378
f 1374/1358/1374 1375/1359/1375 1379/1365/1379
f 1378/1364/1378 1374/1358/1374 1379/1365/1379
f 1375/1359/1375 1372/1355/1372 1380/1366/1380
f 1380/1366/1380 1372/1355/1372 1376/1360/1376
f 1381/1367/1381 1379/1365/1379 1375/1359/1375
f 1378/1364/1378 1379/1365/1379 1381/1367/1381
f 1381/1367/1381 1375/1359/1375 1380/1366/1380
f 1376/1360/1376 1266/1362/1266 1382/1368/1382
f 1382/1368/1382 1266/1362/1266 1268/1369/1268
f 1383/1370/1383 1378/1364/1378 1381/1367/1381
f 1377/1363/1377 1378/1364/1378 1383/1370/1383
f 1360/1341/1360 1377/1363/1377 1384/1371/1384
f 1384/1371/1384 1352/1330/1352 1360/1341/1360
f 1385/1372/1385 1381/1367/1381 1380/1366/1380
f 1383/1370/1383 1381/1367/1381 1385/1372/1385
f 1380/1366/1380 1376/1360/1376 1386/1373/1386
f 1386/1373/1386 1376/1360/1376 1382/1368/1382
f 1385/1372/1385 1380/1366/1380 1386/1373/1386
f 1377/1363/1377 1383/1370/1383 1387/1374/1387
f 1377/1363/1377 1387/1374/1387 1384/1371/1384
f 1387/1374/1387 1383/1370/1383 1385/1372/1385
f 1382/1368/1382 1268/1369/1268 1388/1375/1388
f 1269/1376/1269 1388/1375/1388 1268/1369/1268
f 1386/1373/1386 1382/1368/1382 1389/1377/1389
f 1385/1372/1385 1386/1373/1386 1389/1377/1389
f 1389/1377/1389 1382/1368/1382 1388/1375/1388
f 1384/1371/1384 1390/1378/1390 1352/1330/1352
f 1352/1330/1352 1390/1378/1390 1359/1340/1359
f 1385/1372/1385 1389/1377/1389 1391/1379/1391
f 1387/1374/1387 1385/1372/1385 1391/1379/1391
f 1384/1371/1384 1392/1380/1392 1390/1378/1390
f 1384/1371/1384 1387/1374/1387 1392/1380/1392
f 1390/1378/1390 1393/1381/1393 1359/1340/1359
f 1390/1378/1390 1392/1380/1392 1393/1381/1393
f 1387/1374/1387 1394/1382/1394 1392/1380/1392
f 1387/1374/1387 1391/1379/1391 1394/1382/1394
f 1394/1382/1394 1393/1381/1393 1392/1380/1392
f 1391/1379/1391 1389/1377/1389 1395/1383/1395
f 1389/1377/1389 1388/1375/1388 1395/1383/1395
f 1391/1379/1391 1395/1383/1395 1394/1382/1394
f 1359/1340/1359 1393/1381/1393 1396/1384/1396
f 1359/1340/1359 1396/1384/1396 1348/1325/1348
f 1388/1375/1388 1397/1385/1397 1395/1383/1395
f 1397/1385/1397 1394/1382/1394 1395/1383/1395
f 1394/1382/1394 1398/1386/1398 1393/1381/1393
f 1398/1386/1398 1396/1384/1396 1393/1381/1393
f 1397/1385/1397 1398/1386/1398 1394/1382/1394
f 1399/1387/1399 1348/1325/1348 1396/1384/1396
f 1399/1387/1399 1342/1318/1342 1348/1325/1348
f 1399/1387/1399 1343/1319/1343 1342/1318/1342
f 1388/1375/1388 1400/1388/1400 1397/1385/1397
f 1269/1376/1269 1400/1388/1400 1388/1375/1388
f 1271/1389/1271 1400/1388/1400 1269/1376/1269
f 1401/1390/1401 1398/1386/1398 1397/1385/1397
f 1400/1388/1400 1401/1390/1401 1397/1385/1397
f 1398/1386/1398 1402/1391/1402 1396/1384/1396
f 1402/1391/1402 1399/1387/1399 1396/1384/1396
f 1401/1390/1401 1402/1391/1402 1398/1386/1398
f 1402/1391/1402 1403/1392/1403 1399/1387/1399
f 1271/1389/1271 1404/1393/1404 1400/1388/1400
f 1400/1388/1400 1404/1393/1404 1401/1390/1401
f 1273/1394/1273 1404/1393/1404 1271/1389/1271
f 1405/1395/1405 1402/1391/1402 1401/1390/1401
f 1404/1393/1404 1405/1395/1405 1401/1390/1401
f 1405/1395/1405 1403/1392/1403 1402/1391/1402
f 1273/1394/1273 1406/1396/1406 1404/1393/1404
f 1404/1393/1404 1406/1396/1406 1405/1395/1405
f 1275/1397/1275 1406/1396/1406 1273/1394/1273
f 1406/1396/1406 1407/1398/1407 1405/1395/1405
f 1407/1398/1407 1403/1392/1403 1405/1395/1405
f 1275/1397/1275 1408/1399/1408 1406/1396/1406
f 1406/1396/1406 1408/1399/1408 1407/1398/1407
f 1277/1400/1277 1408/1399/1408 1275/1397/1275
f 1277/1400/1277 1409/1401/1409 1408/1399/1408
f 1279/1402/1279 1409/1401/1409 1277/1400/1277
f 1408/1399/1408 1410/1403/1410 1407/1398/1407
f 1408/1399/1408 1409/1401/1409 1410/1403/1410
f 1279/1402/1279 1411/1404/1411 1409/1401/1409
f 1281/1405/1281 1411/1404/1411 1279/1402/1279
f 1281/1405/1281 1283/1406/1283 1411/1404/1411
f 1411/1404/1411 1283/1406/1283 1286/1407/1286
f 1409/1401/1409 1411/1404/1411 1412/1408/1412
f 1411/1404/1411 1286/1407/1286 1412/1408/1412
f 1409/1401/1409 1412/1408/1412 1410/1403/1410
f 1410/1403/1410 1413/1409/1413 1407/1398/1407
f 1407/1398/1407 1413/1409/1413 1403/1392/1403
f 1286/1407/1286 1414/1410/1414 1412/1408/1412
f 1286/1407/1286 1287/1411/1287 1414/1410/1414
f 1412/1408/1412 1415/1412/1415 1410/1403/1410
f 1410/1403/1410 1415/1412/1415 1413/1409/1413
f 1412/1408/1412 1414/1410/1414 1415/1412/1415
f 1287/1411/1287 1416/1413/1416 1414/1410/1414
f 1287/1411/1287 1291/1414/1291 1416/1413/1416
f 1416/1413/1416 1291/1414/1291 1300/1415/1300
f 1415/1412/1415 1417/1416/1417 1413/1409/1413
f 1403/1392/1403 1413/1409/1413 1417/1416/1417
f 1414/1410/1414 1418/1417/1418 1415/1412/1415
f 1414/1410/1414 1416/1413/1416 1418/1417/1418
f 1415/1412/1415 1418/1417/1418 1417/1416/1417
f 1416/1413/1416 1300/1415/1300 1419/1418/1419
f 1418/1417/1418 1416/1413/1416 1419/1418/1419
f 1419/1418/1419 1300/1415/1300 1303/1419/1303
f 1418/1417/1418 1419/1418/1419 1420/1420/1420
f 1417/1416/1417 1418/1417/1418 1420/1420/1420
f 1419/1418/1419 1303/1419/1303 1421/1421/1421
f 1420/1420/1420 1419/1418/1419 1421/1421/1421
f 1421/1421/1421 1303/1419/1303 1306/1422/1306
f 1421/1421/1421 1306/1422/1306 1422/1423/1422
f 1423/1424/1423 1421/1421/1421 1422/1423/1422
f 1420/1420/1420 1421/1421/1421 1423/1424/1423
f 1423/1424/1423 1422/1423/1422 1424/1425/1424
f 1417/1416/1417 1420/1420/1420 1425/1426/1425
f 1425/1426/1425 1420/1420/1420 1423/1424/1423
f 1426/1427/1426 1423/1424/1423 1424/1425/1424
f 1425/1426/1425 1423/1424/1423 1426/1427/1426
f 1426/1427/1426 1424/1425/1424 1427/1428/1427
f 1428/1429/1428 1417/1416/1417 1425/1426/1425
f 1403/1392/1403 1417/1416/1417 1428/1429/1428
f 1429/1430/1429 1425/1426/1425 1426/1427/1426
f 1428/1429/1428 1425/1426/1425 1429/1430/1429
f 1430/1431/1430 1426/1427/1426 1427/1428/1427
f 1429/1430/1429 1426/1427/1426 1430/1431/1430
f 1430/1431/1430 1427/1428/1427 1431/1432/1431
f 1403/1392/1403 1428/1429/1428 1432/1433/1432
f 1432/1433/1432 1428/1429/1428 1429/1430/1429
f 1403/1392/1403 1432/1433/1432 1399/1387/1399
f 1399/1387/1399 1432/1433/1432 1343/1319/1343
f 1433/1434/1433 1429/1430/1429 1430/1431/1430
f 1432/1433/1432 1429/1430/1429 1433/1434/1433
f 1434/1435/1434 1430/1431/1430 1431/1432/1431
f 1433/1434/1433 1430/1431/1430 1434/1435/1434
f 1434/1435/1434 1431/1432/1431 1435/1436/1435
f 1434/1435/1434 1435/1436/1435 1328/1300/1328
f 1434/1435/1434 1328/1300/1328 1327/1299/1327
f 1433/1434/1433 1434/1435/1434 1327/1299/1327
f 1432/1433/1432 1436/1437/1436 1343/1319/1343
f 1432/1433/1432 1433/1434/1433 1436/1437/1436
f 1433/1434/1433 1327/1299/1327 1436/1437/1436
f 1343/1319/1343 1436/1437/1436 1326/1298/1326
f 1436/1437/1436 1327/1299/1327 1322/1294/1322
f 1436/1437/1436 1322/1294/1322 1326/1298/1326
f 1435/1438/1435 1323/1440/1323 1328/1439/1328
f 1435/1438/1435 1437/1441/1437 1323/1440/1323
f 1435/1438/1435 1438/1442/1438 1437/1441/1437
f 1435/1438/1435 1431/1443/1431 1438/1442/1438
f 1431/1443/1431 1427/1444/1427 1438/1442/1438
f 1323/1440/1323 1437/1441/1437 1439/1445/1439
f 1323/1440/1323 1439/1445/1439 1318/1446/1318
f 1318/1446/1318 1439/1445/1439 1314/1447/1314
f 1427/1444/1427 1440/1448/1440 1438/1442/1438
f 1427/1444/1427 1424/1449/1424 1440/1448/1440
f 1422/1450/1422 1440/1448/1440 1424/1449/1424
f 1314/1447/1314 1439/1445/1439 1441/1451/1441
f 1314/1447/1314 1441/1451/1441 1309/1452/1309
f 1309/1452/1309 1441/1451/1441 1307/1453/1307
f 1307/1453/1307 1441/1451/1441 1442/1454/1442
f 1307/1453/1307 1442/1454/1442 1305/1455/1305
f 1422/1450/1422 1443/1456/1443 1440/1448/1440
f 1305/1455/1305 1442/1454/1442 1443/1456/1443
f 1306/1457/1306 1443/1456/1443 1422/1450/1422
f 1305/1455/1305 1443/1456/1443 1306/1457/1306
f 1444/1458/1444 1446/1459/1445 1445/1460/1446
f 1444/1458/1444 1447/1461/1447 1446/1459/1445
f 1444/1458/1444 1448/1462/1448 1447/1461/1447
f 1444/1458/1444 1449/1463/1449 1448/1462/1448
f 1450/1464/1450 1446/1459/1445 1447/1461/1447
f 1448/1462/1448 1450/1464/1450 1447/1461/1447
f 1450/1464/1450 1451/1465/1451 1446/1459/1445
f 1452/1466/1452 1448/1462/1448 1449/1463/1449
f 1452/1466/1452 1449/1463/1449 1453/1467/1453
f 1448/1462/1448 1454/1468/1454 1450/1464/1450
f 1454/1468/1454 1448/1462/1448 1452/1466/1452
f 1455/1469/1455 1451/1465/1451 1450/1464/1450
f 1455/1469/1455 1456/1470/1456 1451/1465/1451
f 1453/1467/1453 1457/1471/1457 1452/1466/1452
f 1453/1467/1453 1458/1472/1458 1457/1471/1457
f 1450/1464/1450 1459/1473/1459 1455/1469/1455
f 1450/1464/1450 1454/1468/1454 1459/1473/1459
f 1444/1474/1444 1456/1470/1456 1455/1469/1455
f 1459/1473/1459 1444/1474/1444 1455/1469/1455
f 1444/1474/1444 1445/1475/1446 1456/1470/1456
f 1459/1473/1459 1449/1476/1449 1444/1474/1444
f 1459/1473/1459 1453/1477/1453 1449/1476/1449
f 1454/1468/1454 1452/1466/1452 1460/1478/1460
f 1457/1471/1457 1460/1478/1460 1452/1466/1452
f 1461/1479/1461 1459/1473/1459 1454/1468/1454
f 1459/1473/1459 1461/1479/1461 1453/1477/1453
f 1461/1479/1461 1454/1468/1454 1460/1478/1460
f 1462/1480/1462 1453/1477/1453 1461/1479/1461
f 1462/1480/1462 1461/1479/1461 1460/1478/1460
f 1462/1480/1462 1458/1481/1458 1453/1477/1453
f 1462/1480/1462 1463/1482/1463 1458/1481/1458
f 1457/1471/1457 1464/1483/1464 1460/1478/1460
f 1462/1480/1462 1460/1478/1460 1464/1483/1464
f 1462/1480/1462 1465/1484/1465 1463/1482/1463
f 1464/1483/1464 1465/1484/1465 1462/1480/1462
f 1465/1484/1465 1466/1485/1466 1463/1482/1463
f 1464/1483/1464 1457/1471/1457 1467/1486/1467
f 1467/1486/1467 1457/1471/1457 1458/1472/1458
f 1467/1486/1467 1458/1472/1458 1463/1487/1463
f 1464/1483/1464 1468/1488/1468 1465/1484/1465
f 1464/1483/1464 1467/1486/1467 1468/1488/1468
f 1465/1484/1465 1469/1489/1469 1466/1485/1466
f 1468/1488/1468 1469/1489/1469 1465/1484/1465
f 1463/1487/1463 1470/1490/1470 1467/1486/1467
f 1463/1487/1463 1466/1491/1466 1470/1490/1470
f 1471/1492/1471 1468/1488/1468 1467/1486/1467
f 1468/1488/1468 1471/1492/1471 1469/1489/1469
f 1471/1492/1471 1467/1486/1467 1470/1490/1470
f 1472/1493/1472 1466/1485/1466 1469/1489/1469
f 1472/1493/1472 1469/1489/1469 1471/1492/1471
f 1472/1493/1472 1473/1494/1473 1466/1485/1466
f 1472/1493/1472 1474/1495/1474 1473/1494/1473
f 1475/1496/1475 1470/1490/1470 1466/1491/1466
f 1471/1492/1471 1470/1490/1470 1475/1496/1475
f 1475/1496/1475 1466/1491/1466 1473/1497/1473
f 1475/1496/1475 1473/1497/1473 1474/1498/1474
f 1472/1493/1472 1471/1492/1471 1476/1499/1476
f 1471/1492/1471 1475/1496/1475 1476/1499/1476
f 1472/1493/1472 1477/1500/1477 1474/1495/1474
f 1476/1499/1476 1477/1500/1477 1472/1493/1472
f 1477/1500/1477 1478/1501/1478 1474/1495/1474
f 1475/1496/1475 1474/1498/1474 1479/1502/1479
f 1476/1499/1476 1475/1496/1475 1479/1502/1479
f 1479/1502/1479 1474/1498/1474 1478/1503/1478
f 1476/1499/1476 1480/1504/1480 1477/1500/1477
f 1476/1499/1476 1479/1502/1479 1480/1504/1480
f 1479/1502/1479 1478/1503/1478 1481/1505/1481
f 1480/1504/1480 1479/1502/1479 1481/1505/1481
f 1481/1505/1481 1478/1503/1478 1482/1506/1482
f 1477/1500/1477 1483/1507/1483 1478/1501/1478
f 1480/1504/1480 1483/1507/1483 1477/1500/1477
f 1481/1505/1481 1482/1506/1482 1484/1508/1484
f 1484/1508/1484 1482/1506/1482 1485/1509/1485
f 1480/1504/1480 1481/1505/1481 1486/1510/1486
f 1480/1504/1480 1486/1510/1486 1483/1507/1483
f 1486/1510/1486 1481/1505/1481 1484/1508/1484
f 1478/1501/1478 1483/1507/1483 1487/1511/1487
f 1478/1501/1478 1487/1511/1487 1482/1512/1482
f 1483/1507/1483 1486/1510/1486 1488/1513/1488
f 1486/1510/1486 1484/1508/1484 1488/1513/1488
f 1483/1507/1483 1488/1513/1488 1487/1511/1487
f 1484/1508/1484 1485/1509/1485 1489/1514/1489
f 1488/1513/1488 1484/1508/1484 1489/1514/1489
f 1489/1514/1489 1485/1509/1485 1445/1515/1446
f 1489/1514/1489 1445/1515/1446 1446/1516/1445
f 1488/1513/1488 1489/1514/1489 1490/1517/1490
f 1490/1517/1490 1489/1514/1489 1446/1516/1445
f 1487/1511/1487 1488/1513/1488 1490/1517/1490
f 1490/1517/1490 1446/1516/1445 1451/1518/1451
f 1482/1512/1482 1487/1511/1487 1491/1519/1491
f 1487/1511/1487 1490/1517/1490 1491/1519/1491
f 1491/1519/1491 1490/1517/1490 1451/1518/1451
f 1482/1512/1482 1491/1519/1491 1485/1520/1485
f 1491/1519/1491 1451/1518/1451 1456/1521/1456
f 1491/1519/1491 1445/1522/1446 1485/1520/1485
f 1491/1519/1491 1456/1521/1456 1445/1522/1446
f 1492/1523/1492 1494/1524/1493 1493/1525/1494
f 1492/1523/1492 1495/1526/1495 1494/1524/1493
f 1495/1526/1495 1492/1523/1492 1496/1527/1496
f 1497/1528/1497 1494/1524/1493 1495/1526/1495
f 1495/1526/1495 1496/1527/1496 1498/1529/1498
f 1498/1529/1498 1496/1527/1496 1499/1530/1499
f 1497/1528/1497 1495/1526/1495 1500/1531/1500
f 1500/1531/1500 1495/1526/1495 1498/1529/1498
f 1498/1529/1498 1499/1530/1499 1501/1532/1501
f 1501/1532/1501 1499/1530/1499 1502/1533/1502
f 1501/1532/1501 1502/1533/1502 1503/1534/1503
f 1504/1535/1504 1497/1528/1497 1500/1531/1500
f 1504/1535/1504 1505/1536/1505 1497/1528/1497
f 1504/1535/1504 1506/1537/1506 1505/1536/1505
f 1500/1531/1500 1498/1529/1498 1507/1538/1507
f 1507/1538/1507 1498/1529/1498 1501/1532/1501
f 1504/1535/1504 1500/1531/1500 1507/1538/1507
f 1508/1539/1508 1501/1532/1501 1503/1534/1503
f 1507/1538/1507 1501/1532/1501 1508/1539/1508
f 1508/1539/1508 1503/1534/1503 1509/1540/1509
f 1504/1535/1504 1510/1541/1510 1506/1537/1506
f 1504/1535/1504 1507/1538/1507 1510/1541/1510
f 1510/1541/1510 1507/1538/1507 1508/1539/1508
f 1510/1541/1510 1511/1542/1511 1506/1537/1506
f 1512/1543/1512 1509/1540/1509 1511/1542/1511
f 1512/1543/1512 1508/1539/1508 1509/1540/1509
f 1510/1541/1510 1512/1543/1512 1511/1542/1511
f 1510/1541/1510 1508/1539/1508 1512/1543/1512
f 1513/1544/1513 1515/1545/1514 1514/1546/1515
f 1513/1544/1513 1514/1546/1515 1516/1547/1516
f 1517/1548/1517 1516/1547/1516 1514/1546/1515
f 1518/1549/1518 1513/1544/1513 1516/1547/1516
f 1517/1548/1517 1519/1550/1519 1516/1547/1516
f 1520/1551/1520 1516/1547/1516 1519/1550/1519
f 1519/1550/1519 1517/1548/1517 1521/1552/1521
f 1519/1550/1519 1521/1552/1521 1522/1553/1522
f 1520/1551/1520 1519/1550/1519 1522/1553/1522
f 1522/1553/1522 1521/1552/1521 1523/1554/1523
f 1518/1549/1518 1516/1547/1516 1524/1555/1524
f 1520/1551/1520 1524/1555/1524 1516/1547/1516
f 1518/1549/1518 1524/1555/1524 1525/1556/1525
f 1520/1551/1520 1525/1556/1525 1524/1555/1524
f 1518/1549/1518 1525/1556/1525 1526/1557/1526
f 1520/1551/1520 1527/1558/1527 1525/1556/1525
f 1520/1551/1520 1528/1559/1528 1527/1558/1527
f 1520/1551/1520 1522/1553/1522 1529/1560/1529
f 1520/1551/1520 1529/1560/1529 1528/1559/1528
f 1522/1553/1522 1523/1554/1523 1530/1561/1530
f 1529/1560/1529 1522/1553/1522 1530/1561/1530
f 1530/1561/1530 1523/1554/1523 1531/1562/1531
f 1528/1559/1528 1529/1560/1529 1532/1563/1532
f 1529/1560/1529 1530/1561/1530 1532/1563/1532
f 1528/1559/1528 1532/1563/1532 1533/1564/1533
f 1530/1561/1530 1531/1562/1531 1534/1565/1534
f 1532/1563/1532 1530/1561/1530 1534/1565/1534
f 1534/1565/1534 1531/1562/1531 1535/1566/1535
f 1533/1564/1533 1532/1563/1532 1536/1567/1536
f 1532/1563/1532 1534/1565/1534 1536/1567/1536
f 1533/1564/1533 1536/1567/1536 1537/1568/1537
f 1534/1565/1534 1535/1566/1535 1538/1569/1538
f 1536/1567/1536 1534/1565/1534 1538/1569/1538
f 1537/1568/1537 1536/1567/1536 1539/1570/1539
f 1536/1567/1536 1538/1569/1538 1539/1570/1539
f 1539/1570/1539 1538/1569/1538 1535/1566/1535
f 1537/1568/1537 1539/1570/1539 1540/1571/1540
f 1539/1570/1539 1535/1566/1535 1540/1571/1540
f 1525/1572/1525 1515/1573/1514 1526/1574/1526
f 1525/1572/1525 1514/1575/1515 1515/1573/1514
f 1527/1576/1527 1514/1575/1515 1525/1572/1525
f 1527/1576/1527 1517/1577/1517 1514/1575/1515
f 1528/1578/1528 1517/1577/1517 1527/1576/1527
f 1528/1578/1528 1521/1579/1521 1517/1577/1517
f 1528/1578/1528 1523/1580/1523 1521/1579/1521
f 1528/1578/1528 1533/1581/1533 1523/1580/1523
f 1523/1580/1523 1533/1581/1533 1537/1582/1537
f 1523/1580/1523 1537/1582/1537 1531/1583/1531
f 1531/1583/1531 1537/1582/1537 1540/1584/1540
f 1531/1583/1531 1540/1584/1540 1535/1585/1535
f 1541/1586/1541 1543/1587/1542 1542/1588/1543
f 1541/1586/1541 1542/1588/1543 1544/1589/1544
f 1544/1589/1544 1542/1588/1543 1545/1590/1545
f 1546/1591/1546 1541/1586/1541 1544/1589/1544
f 1546/1591/1546 1547/1592/1547 1541/1586/1541
f 1547/1592/1547 1546/1591/1546 1548/1593/1548
f 1547/1592/1547 1548/1593/1548 1549/1594/1549
f 1548/1593/1548 1550/1595/1550 1549/1594/1549
f 1548/1593/1548 1551/1596/1551 1550/1595/1550
f 1548/1593/1548 1552/1597/1552 1551/1596/1551
f 1544/1589/1544 1545/1590/1545 1553/1598/1553
f 1553/1598/1553 1546/1591/1546 1544/1589/1544
f 1548/1593/1548 1554/1599/1554 1552/1597/1552
f 1554/1599/1554 1555/1600/1555 1552/1597/1552
f 1556/1601/1556 1548/1593/1548 1546/1591/1546
f 1553/1598/1553 1556/1601/1556 1546/1591/1546
f 1556/1601/1556 1554/1599/1554 1548/1593/1548
f 1545/1590/1545 1557/1602/1557 1553/1598/1553
f 1557/1602/1557 1556/1601/1556 1553/1598/1553
f 1545/1590/1545 1558/1603/1558 1557/1602/1557
f 1557/1602/1557 1559/1604/1559 1556/1601/1556
f 1559/1604/1559 1557/1602/1557 1558/1603/1558
f 1559/1604/1559 1554/1599/1554 1556/1601/1556
f 1559/1604/1559 1558/1603/1558 1560/1605/1560
f 1554/1599/1554 1561/1606/1561 1555/1600/1555
f 1559/1604/1559 1561/1606/1561 1554/1599/1554
f 1561/1606/1561 1560/1605/1560 1555/1600/1555
f 1561/1606/1561 1559/1604/1559 1560/1605/1560
f 1562/1607/1562 1564/1608/1563 1563/1609/1564
f 1562/1607/1562 1565/1610/1565 1564/1608/1563
f 1566/1611/1566 1565/1610/1565 1562/1607/1562
f 1565/1610/1565 1567/1612/1567 1564/1608/1563
f 1566/1611/1566 1568/1613/1568 1565/1610/1565
f 1569/1614/1569 1568/1613/1568 1566/1611/1566
f 1565/1610/1565 1570/1615/1570 1567/1612/1567
f 1568/1613/1568 1570/1615/1570 1565/1610/1565
f 1570/1615/1570 1571/1616/1571 1567/1612/1567
f 1570/1615/1570 1572/1617/1572 1571/1616/1571
f 1573/1618/1573 1572/1617/1572 1570/1615/1570
f 1572/1617/1572 1563/1619/1564 1571/1616/1571
f 1572/1617/1572 1562/1620/1562 1563/1619/1564
f 1573/1618/1573 1562/1620/1562 1572/1617/1572
f 1573/1618/1573 1566/1621/1566 1562/1620/1562
f 1573/1618/1573 1569/1622/1569 1566/1621/1566
f 1568/1613/1568 1574/1623/1574 1570/1615/1570
f 1573/1618/1573 1570/1615/1570 1574/1623/1574
f 1573/1618/1573 1575/1624/1575 1569/1622/1569
f 1575/1624/1575 1576/1625/1576 1569/1622/1569
f 1575/1624/1575 1577/1626/1577 1576/1625/1576
f 1578/1627/1578 1577/1626/1577 1575/1624/1575
f 1579/1628/1579 1573/1618/1573 1574/1623/1574
f 1579/1628/1579 1575/1624/1575 1573/1618/1573
f 1568/1613/1568 1579/1628/1579 1574/1623/1574
f 1578/1627/1578 1575/1624/1575 1579/1628/1579
f 1568/1613/1568 1580/1629/1580 1579/1628/1579
f 1580/1629/1580 1578/1627/1578 1579/1628/1579
f 1569/1614/1569 1580/1629/1580 1568/1613/1568
f 1580/1629/1580 1581/1630/1581 1578/1627/1578
f 1581/1630/1581 1580/1629/1580 1569/1614/1569
f 1581/1630/1581 1569/1614/1569 1576/1631/1576
f 1582/1632/1582 1584/1633/1583 1583/1634/1584
f 1582/1632/1582 1583/1634/1584 1585/1635/1585
f 1582/1632/1582 1585/1635/1585 1586/1636/1586
f 1582/1632/1582 1586/1636/1586 1587/1637/1587
f 1588/1638/1588 1585/1635/1585 1583/1634/1584
f 1586/1636/1586 1585/1635/1585 1588/1638/1588
f 1588/1638/1588 1583/1634/1584 1589/1639/1589
f 1590/1640/1590 1587/1637/1587 1586/1636/1586
f 1590/1640/1590 1591/1641/1591 1587/1637/1587
f 1586/1636/1586 1588/1638/1588 1592/1642/1592
f 1592/1642/1592 1590/1640/1590 1586/1636/1586
f 1593/1643/1593 1588/1638/1588 1589/1639/1589
f 1593/1643/1593 1589/1639/1589 1594/1644/1594
f 1591/1641/1591 1590/1640/1590 1595/1645/1595
f 1591/1641/1591 1595/1645/1595 1596/1646/1596
f 1588/1638/1588 1593/1643/1593 1597/1647/1597
f 1588/1638/1588 1597/1647/1597 1592/1642/1592
f 1582/1648/1582 1593/1643/1593 1594/1644/1594
f 1597/1647/1597 1593/1643/1593 1582/1648/1582
f 1582/1648/1582 1594/1644/1594 1584/1649/1583
f 1597/1647/1597 1582/1648/1582 1587/1650/1587
f 1597/1647/1597 1587/1650/1587 1591/1651/1591
f 1592/1642/1592 1598/1652/1598 1590/1640/1590
f 1595/1645/1595 1590/1640/1590 1598/1652/1598
f 1599/1653/1599 1592/1642/1592 1597/1647/1597
f 1597/1647/1597 1591/1651/1591 1599/1653/1599
f 1599/1653/1599 1598/1652/1598 1592/1642/1592
f 1600/1654/1600 1599/1653/1599 1591/1651/1591
f 1600/1654/1600 1598/1652/1598 1599/1653/1599
f 1600/1654/1600 1591/1651/1591 1596/1655/1596
f 1600/1654/1600 1596/1655/1596 1601/1656/1601
f 1595/1645/1595 1598/1652/1598 1602/1657/1602
f 1600/1654/1600 1602/1657/1602 1598/1652/1598
f 1600/1654/1600 1601/1656/1601 1603/1658/1603
f 1602/1657/1602 1600/1654/1600 1603/1658/1603
f 1603/1658/1603 1601/1656/1601 1604/1659/1604
f 1602/1657/1602 1605/1660/1605 1595/1645/1595
f 1605/1660/1605 1596/1646/1596 1595/1645/1595
f 1605/1660/1605 1601/1661/1601 1596/1646/1596
f 1602/1657/1602 1603/1658/1603 1606/1662/1606
f 1602/1657/1602 1606/1662/1606 1605/1660/1605
f 1603/1658/1603 1604/1659/1604 1607/1663/1607
f 1606/1662/1606 1603/1658/1603 1607/1663/1607
f 1601/1661/1601 1605/1660/1605 1608/1664/1608
f 1601/1661/1601 1608/1664/1608 1604/1665/1604
f 1609/1666/1609 1605/1660/1605 1606/1662/1606
f 1606/1662/1606 1607/1663/1607 1609/1666/1609
f 1609/1666/1609 1608/1664/1608 1605/1660/1605
f 1610/1667/1610 1607/1663/1607 1604/1659/1604
f 1610/1667/1610 1609/1666/1609 1607/1663/1607
f 1610/1667/1610 1604/1659/1604 1611/1668/1611
f 1610/1667/1610 1611/1668/1611 1612/1669/1612
f 1613/1670/1613 1604/1665/1604 1608/1664/1608
f 1609/1666/1609 1613/1670/1613 1608/1664/1608
f 1613/1670/1613 1611/1671/1611 1604/1665/1604
f 1613/1670/1613 1612/1672/1612 1611/1671/1611
f 1610/1667/1610 1614/1673/1614 1609/1666/1609
f 1609/1666/1609 1614/1673/1614 1613/1670/1613
f 1610/1667/1610 1612/1669/1612 1615/1674/1615
f 1614/1673/1614 1610/1667/1610 1615/1674/1615
f 1615/1674/1615 1612/1669/1612 1616/1675/1616
f 1613/1670/1613 1617/1676/1617 1612/1672/1612
f 1614/1673/1614 1617/1676/1617 1613/1670/1613
f 1617/1676/1617 1616/1677/1616 1612/1672/1612
f 1614/1673/1614 1615/1674/1615 1618/1678/1618
f 1614/1673/1614 1618/1678/1618 1617/1676/1617
f 1617/1676/1617 1619/1679/1619 1616/1677/1616
f 1618/1678/1618 1619/1679/1619 1617/1676/1617
f 1619/1679/1619 1620/1680/1620 1616/1677/1616
f 1615/1674/1615 1616/1675/1616 1621/1681/1621
f 1618/1678/1618 1615/1674/1615 1621/1681/1621
f 1619/1679/1619 1622/1682/1622 1620/1680/1620
f 1622/1682/1622 1623/1683/1623 1620/1680/1620
f 1618/1678/1618 1624/1684/1624 1619/1679/1619
f 1618/1678/1618 1621/1681/1621 1624/1684/1624
f 1624/1684/1624 1622/1682/1622 1619/1679/1619
f 1616/1675/1616 1625/1685/1625 1621/1681/1621
f 1616/1675/1616 1620/1686/1620 1625/1685/1625
f 1621/1681/1621 1626/1687/1626 1624/1684/1624
f 1624/1684/1624 1626/1687/1626 1622/1682/1622
f 1621/1681/1621 1625/1685/1625 1626/1687/1626
f 1622/1682/1622 1627/1688/1627 1623/1683/1623
f 1626/1687/1626 1627/1688/1627 1622/1682/1622
f 1627/1688/1627 1584/1689/1583 1623/1683/1623
f 1627/1688/1627 1583/1690/1584 1584/1689/1583
f 1626/1687/1626 1628/1691/1628 1627/1688/1627
f 1628/1691/1628 1583/1690/1584 1627/1688/1627
f 1625/1685/1625 1628/1691/1628 1626/1687/1626
f 1628/1691/1628 1589/1692/1589 1583/1690/1584
f 1620/1686/1620 1629/1693/1629 1625/1685/1625
f 1625/1685/1625 1629/1693/1629 1628/1691/1628
f 1629/1693/1629 1589/1692/1589 1628/1691/1628
f 1620/1686/1620 1623/1694/1623 1629/1693/1629
f 1629/1693/1629 1594/1695/1594 1589/1692/1589
f 1629/1693/1629 1623/1694/1623 1584/1696/1583
f 1629/1693/1629 1584/1696/1583 1594/1695/1594
f 1630/1697/1630 1632/1698/1631 1631/1699/1632
f 1630/1697/1630 1633/1700/1633 1632/1698/1631
f 1634/1701/1634 1632/1698/1631 1633/1700/1633
f 1635/1702/1635 1633/1700/1633 1630/1697/1630
f 1634/1701/1634 1633/1700/1633 1636/1703/1636
f 1637/1704/1637 1636/1703/1636 1633/1700/1633
f 1636/1703/1636 1638/1705/1638 1634/1701/1634
f 1636/1703/1636 1639/1706/1639 1638/1705/1638
f 1637/1704/1637 1639/1706/1639 1636/1703/1636
f 1639/1706/1639 1640/1707/1640 1638/1705/1638
f 1635/1702/1635 1641/1708/1641 1633/1700/1633
f 1637/1704/1637 1633/1700/1633 1641/1708/1641
f 1635/1702/1635 1642/1709/1642 1641/1708/1641
f 1637/1704/1637 1641/1708/1641 1642/1709/1642
f 1635/1702/1635 1643/1710/1643 1642/1709/1642
f 1637/1704/1637 1642/1709/1642 1644/1711/1644
f 1637/1704/1637 1644/1711/1644 1645/1712/1645
f 1637/1704/1637 1646/1713/1646 1639/1706/1639
f 1637/1704/1637 1645/1712/1645 1646/1713/1646
f 1639/1706/1639 1647/1714/1647 1640/1707/1640
f 1646/1713/1646 1647/1714/1647 1639/1706/1639
f 1647/1714/1647 1648/1715/1648 1640/1707/1640
f 1645/1712/1645 1649/1716/1649 1646/1713/1646
f 1646/1713/1646 1649/1716/1649 1647/1714/1647
f 1645/1712/1645 1650/1717/1650 1649/1716/1649
f 1647/1714/1647 1651/1718/1651 1648/1715/1648
f 1649/1716/1649 1651/1718/1651 1647/1714/1647
f 1651/1718/1651 1652/1719/1652 1648/1715/1648
f 1650/1717/1650 1653/1720/1653 1649/1716/1649
f 1649/1716/1649 1653/1720/1653 1651/1718/1651
f 1650/1717/1650 1654/1721/1654 1653/1720/1653
f 1651/1718/1651 1655/1722/1655 1652/1719/1652
f 1653/1720/1653 1655/1722/1655 1651/1718/1651
f 1654/1721/1654 1656/1723/1656 1653/1720/1653
f 1653/1720/1653 1656/1723/1656 1655/1722/1655
f 1656/1723/1656 1652/1719/1652 1655/1722/1655
f 1654/1721/1654 1657/1724/1657 1656/1723/1656
f 1656/1723/1656 1657/1724/1657 1652/1719/1652
f 1642/1725/1642 1643/1726/1643 1631/1727/1632
f 1642/1725/1642 1631/1727/1632 1632/1728/1631
f 1644/1729/1644 1642/1725/1642 1632/1728/1631
f 1644/1729/1644 1632/1728/1631 1634/1730/1634
f 1645/1731/1645 1644/1729/1644 1634/1730/1634
f 1645/1731/1645 1634/1730/1634 1638/1732/1638
f 1645/1731/1645 1638/1732/1638 1640/1733/1640
f 1645/1731/1645 1640/1733/1640 1650/1734/1650
f 1640/1733/1640 1654/1735/1654 1650/1734/1650
f 1640/1733/1640 1648/1736/1648 1654/1735/1654
f 1648/1736/1648 1657/1737/1657 1654/1735/1654
f 1648/1736/1648 1652/1738/1652 1657/1737/1657
f 1658/1739/1658 1660/1740/1659 1659/1741/1660
f 1658/1739/1658 1659/1741/1660 1661/1742/1661
f 1662/1743/1662 1658/1739/1658 1661/1742/1661
f 1663/1744/1663 1661/1742/1661 1659/1741/1660
f 1663/1744/1663 1659/1741/1660 1664/1745/1664
f 1662/1743/1662 1661/1742/1661 1665/1746/1665
f 1665/1746/1665 1661/1742/1661 1663/1744/1663
f 1666/1747/1666 1663/1744/1663 1664/1745/1664
f 1666/1747/1666 1664/1745/1664 1667/1748/1667
f 1666/1747/1666 1667/1748/1667 1668/1749/1668
f 1666/1747/1666 1668/1749/1668 1669/1750/1669
f 1670/1751/1670 1662/1743/1662 1665/1746/1665
f 1670/1751/1670 1671/1752/1671 1662/1743/1662
f 1670/1751/1670 1672/1753/1672 1671/1752/1671
f 1665/1746/1665 1663/1744/1663 1673/1754/1673
f 1673/1754/1673 1663/1744/1663 1666/1747/1666
f 1670/1751/1670 1665/1746/1665 1673/1754/1673
f 1674/1755/1674 1666/1747/1666 1669/1750/1669
f 1673/1754/1673 1666/1747/1666 1674/1755/1674
f 1674/1755/1674 1669/1750/1669 1675/1756/1675
f 1670/1751/1670 1676/1757/1676 1672/1753/1672
f 1670/1751/1670 1673/1754/1673 1676/1757/1676
f 1676/1757/1676 1673/1754/1673 1674/1755/1674
f 1676/1757/1676 1677/1758/1677 1672/1753/1672
f 1678/1759/1678 1675/1756/1675 1677/1758/1677
f 1678/1759/1678 1674/1755/1674 1675/1756/1675
f 1676/1757/1676 1674/1755/1674 1678/1759/1678
f 1676/1757/1676 1678/1759/1678 1677/1758/1677
f 1679/1760/1679 1681/1761/1680 1680/1762/1681
f 1679/1760/1679 1682/1763/1682 1681/1761/1680
f 1682/1763/1682 1683/1764/1683 1681/1761/1680
f 1684/1765/1684 1682/1763/1682 1679/1760/1679
f 1684/1765/1684 1679/1760/1679 1685/1766/1685
f 1686/1767/1686 1684/1765/1684 1685/1766/1685
f 1686/1767/1686 1687/1768/1687 1684/1765/1684
f 1687/1768/1687 1682/1763/1682 1684/1765/1684
f 1688/1769/1688 1687/1768/1687 1686/1767/1686
f 1682/1763/1682 1689/1770/1689 1683/1764/1683
f 1687/1768/1687 1689/1770/1689 1682/1763/1682
f 1689/1770/1689 1690/1771/1690 1683/1764/1683
f 1688/1769/1688 1691/1772/1691 1687/1768/1687
f 1691/1772/1691 1689/1770/1689 1687/1768/1687
f 1692/1773/1692 1691/1772/1691 1688/1769/1688
f 1689/1770/1689 1693/1774/1693 1690/1771/1690
f 1691/1772/1691 1693/1774/1693 1689/1770/1689
f 1693/1774/1693 1694/1775/1694 1690/1771/1690
f 1692/1773/1692 1695/1776/1695 1691/1772/1691
f 1695/1776/1695 1693/1774/1693 1691/1772/1691
f 1693/1774/1693 1696/1777/1696 1694/1775/1694
f 1695/1776/1695 1696/1777/1696 1693/1774/1693
f 1696/1777/1696 1697/1778/1697 1694/1775/1694
f 1692/1773/1692 1698/1779/1698 1695/1776/1695
f 1692/1773/1692 1699/1780/1699 1698/1779/1698
f 1700/1781/1700 1698/1779/1698 1699/1780/1699
f 1695/1776/1695 1701/1782/1701 1696/1777/1696
f 1696/1777/1696 1701/1782/1701 1697/1778/1697
f 1695/1776/1695 1698/1779/1698 1701/1782/1701
f 1700/1781/1700 1702/1783/1702 1698/1779/1698
f 1702/1783/1702 1701/1782/1701 1698/1779/1698
f 1703/1784/1703 1697/1778/1697 1701/1782/1701
f 1702/1783/1702 1703/1784/1703 1701/1782/1701
f 1703/1784/1703 1704/1785/1704 1697/1778/1697
f 1705/1786/1705 1704/1785/1704 1703/1784/1703
f 1702/1783/1702 1705/1786/1705 1703/1784/1703
f 1705/1786/1705 1706/1787/1706 1704/1785/1704
f 1700/1781/1700 1707/1788/1707 1702/1783/1702
f 1702/1783/1702 1707/1788/1707 1705/1786/1705
f 1700/1781/1700 1708/1789/1708 1707/1788/1707
f 1709/1790/1709 1706/1787/1706 1705/1786/1705
f 1707/1788/1707 1709/1790/1709 1705/1786/1705
f 1709/1790/1709 1710/1791/1710 1706/1787/1706
f 1708/1789/1708 1711/1792/1711 1707/1788/1707
f 1707/1788/1707 1711/1792/1711 1709/1790/1709
f 1708/1789/1708 1712/1793/1712 1711/1792/1711
f 1713/1794/1713 1710/1791/1710 1709/1790/1709
f 1711/1792/1711 1713/1794/1713 1709/1790/1709
f 1713/1794/1713 1714/1795/1714 1710/1791/1710
f 1712/1793/1712 1715/1796/1715 1711/1792/1711
f 1711/1792/1711 1715/1796/1715 1713/1794/1713
f 1712/1793/1712 1716/1797/1716 1715/1796/1715
f 1715/1796/1715 1716/1797/1716 1717/1798/1717
f 1715/1796/1715 1717/1798/1717 1713/1794/1713
f 1717/1798/1717 1714/1795/1714 1713/1794/1713
f 1717/1798/1717 1718/1799/1718 1714/1795/1714
f 1719/1800/1719 1679/1801/1679 1680/1802/1681
f 1720/1803/1720 1679/1801/1679 1719/1800/1719
f 1720/1803/1720 1719/1800/1719 1721/1804/1721
f 1720/1803/1720 1685/1805/1685 1679/1801/1679
f 1720/1803/1720 1721/1804/1721 1722/1806/1722
f 1722/1806/1722 1721/1804/1721 1723/1807/1723
f 1722/1806/1722 1723/1807/1723 1724/1808/1724
f 1724/1808/1724 1723/1807/1723 1725/1809/1725
f 1724/1808/1724 1725/1809/1725 1726/1810/1726
f 1726/1810/1726 1725/1809/1725 1727/1811/1727
f 1726/1810/1726 1727/1811/1727 1728/1812/1728
f 1729/1813/1729 1728/1812/1728 1727/1811/1727
f 1729/1813/1729 1730/1814/1730 1728/1812/1728
f 1728/1812/1728 1730/1814/1730 1731/1815/1731
f 1728/1812/1728 1731/1815/1731 1732/1816/1732
f 1726/1810/1726 1728/1812/1728 1732/1816/1732
f 1732/1816/1732 1731/1815/1731 1733/1817/1733
f 1724/1808/1724 1726/1810/1726 1734/1818/1734
f 1726/1810/1726 1732/1816/1732 1734/1818/1734
f 1722/1806/1722 1724/1808/1724 1735/1819/1735
f 1724/1808/1724 1734/1818/1734 1735/1819/1735
f 1720/1803/1720 1722/1806/1722 1736/1820/1736
f 1722/1806/1722 1735/1819/1735 1736/1820/1736
f 1737/1821/1737 1732/1816/1732 1733/1817/1733
f 1737/1821/1737 1734/1818/1734 1732/1816/1732
f 1738/1822/1738 1735/1819/1735 1734/1818/1734
f 1737/1821/1737 1738/1822/1738 1734/1818/1734
f 1720/1803/1720 1736/1820/1736 1739/1823/1739
f 1685/1805/1685 1720/1803/1720 1739/1823/1739
f 1740/1824/1740 1736/1820/1736 1735/1819/1735
f 1738/1822/1738 1740/1824/1740 1735/1819/1735
f 1741/1825/1741 1737/1821/1737 1733/1817/1733
f 1741/1825/1741 1733/1817/1733 1742/1826/1742
f 1741/1825/1741 1742/1826/1742 1743/1827/1743
f 1685/1805/1685 1739/1823/1739 1744/1828/1744
f 1686/1829/1686 1685/1805/1685 1744/1828/1744
f 1745/1830/1745 1739/1823/1739 1736/1820/1736
f 1740/1824/1740 1745/1830/1745 1736/1820/1736
f 1686/1829/1686 1744/1828/1744 1746/1831/1746
f 1688/1832/1688 1686/1829/1686 1746/1831/1746
f 1747/1833/1747 1744/1828/1744 1739/1823/1739
f 1745/1830/1745 1747/1833/1747 1739/1823/1739
f 1688/1832/1688 1746/1831/1746 1748/1834/1748
f 1692/1835/1692 1688/1832/1688 1748/1834/1748
f 1749/1836/1749 1746/1831/1746 1744/1828/1744
f 1747/1833/1747 1749/1836/1749 1744/1828/1744
f 1692/1835/1692 1748/1834/1748 1750/1837/1750
f 1699/1838/1699 1692/1835/1692 1750/1837/1750
f 1751/1839/1751 1748/1834/1748 1746/1831/1746
f 1749/1836/1749 1751/1839/1751 1746/1831/1746
f 1752/1840/1752 1750/1837/1750 1748/1834/1748
f 1751/1839/1751 1752/1840/1752 1748/1834/1748
f 1753/1841/1753 1745/1830/1745 1740/1824/1740
f 1754/1842/1754 1747/1833/1747 1745/1830/1745
f 1753/1841/1753 1754/1842/1754 1745/1830/1745
f 1755/1843/1755 1749/1836/1749 1747/1833/1747
f 1754/1842/1754 1755/1843/1755 1747/1833/1747
f 1756/1844/1756 1751/1839/1751 1749/1836/1749
f 1755/1843/1755 1756/1844/1756 1749/1836/1749
f 1757/1845/1757 1752/1840/1752 1751/1839/1751
f 1756/1844/1756 1757/1845/1757 1751/1839/1751
f 1758/1846/1758 1753/1841/1753 1740/1824/1740
f 1758/1846/1758 1740/1824/1740 1738/1822/1738
f 1759/1847/1759 1758/1846/1758 1738/1822/1738
f 1759/1847/1759 1738/1822/1738 1737/1821/1737
f 1760/1848/1760 1759/1847/1759 1737/1821/1737
f 1760/1848/1760 1737/1821/1737 1741/1825/1741
f 1760/1848/1760 1741/1825/1741 1761/1849/1761
f 1741/1825/1741 1743/1827/1743 1761/1849/1761
f 1761/1849/1761 1743/1827/1743 1762/1850/1762
f 1762/1850/1762 1743/1827/1743 1763/1851/1763
f 1764/1852/1764 1762/1850/1762 1763/1851/1763
f 1764/1852/1764 1763/1851/1763 1765/1853/1765
f 1766/1854/1766 1764/1852/1764 1765/1853/1765
f 1766/1854/1766 1767/1855/1767 1764/1852/1764
f 1768/1856/1768 1764/1852/1764 1767/1855/1767
f 1768/1856/1768 1762/1850/1762 1764/1852/1764
f 1768/1856/1768 1767/1855/1767 1769/1857/1769
f 1768/1856/1768 1770/1858/1770 1762/1850/1762
f 1761/1849/1761 1762/1850/1762 1770/1858/1770
f 1771/1859/1771 1768/1856/1768 1769/1857/1769
f 1771/1859/1771 1770/1858/1770 1768/1856/1768
f 1771/1859/1771 1769/1857/1769 1772/1860/1772
f 1773/1861/1773 1771/1859/1771 1772/1860/1772
f 1773/1861/1773 1772/1860/1772 1774/1862/1774
f 1771/1859/1771 1775/1863/1775 1770/1858/1770
f 1773/1861/1773 1775/1863/1775 1771/1859/1771
f 1761/1849/1761 1770/1858/1770 1776/1864/1776
f 1776/1864/1776 1770/1858/1770 1775/1863/1775
f 1777/1865/1777 1773/1861/1773 1774/1862/1774
f 1777/1865/1777 1774/1862/1774 1778/1866/1778
f 1773/1861/1773 1779/1867/1779 1775/1863/1775
f 1777/1865/1777 1779/1867/1779 1773/1861/1773
f 1777/1865/1777 1778/1866/1778 1717/1868/1717
f 1778/1866/1778 1718/1869/1718 1717/1868/1717
f 1777/1865/1777 1717/1868/1717 1716/1870/1716
f 1716/1870/1716 1780/1871/1780 1777/1865/1777
f 1777/1865/1777 1780/1871/1780 1779/1867/1779
f 1781/1872/1781 1775/1863/1775 1779/1867/1779
f 1776/1864/1776 1775/1863/1775 1781/1872/1781
f 1782/1873/1782 1761/1849/1761 1776/1864/1776
f 1760/1848/1760 1761/1849/1761 1782/1873/1782
f 1716/1870/1716 1783/1874/1783 1780/1871/1780
f 1712/1875/1712 1783/1874/1783 1716/1870/1716
f 1784/1876/1784 1779/1867/1779 1780/1871/1780
f 1781/1872/1781 1779/1867/1779 1784/1876/1784
f 1785/1877/1785 1776/1864/1776 1781/1872/1781
f 1782/1873/1782 1776/1864/1776 1785/1877/1785
f 1782/1873/1782 1786/1878/1786 1760/1848/1760
f 1759/1847/1759 1760/1848/1760 1786/1878/1786
f 1712/1875/1712 1787/1879/1787 1783/1874/1783
f 1708/1880/1708 1787/1879/1787 1712/1875/1712
f 1788/1881/1788 1780/1871/1780 1783/1874/1783
f 1784/1876/1784 1780/1871/1780 1788/1881/1788
f 1789/1882/1789 1781/1872/1781 1784/1876/1784
f 1785/1877/1785 1781/1872/1781 1789/1882/1789
f 1708/1880/1708 1790/1883/1790 1787/1879/1787
f 1700/1884/1700 1790/1883/1790 1708/1880/1708
f 1791/1885/1791 1783/1874/1783 1787/1879/1787
f 1788/1881/1788 1783/1874/1783 1791/1885/1791
f 1792/1886/1792 1784/1876/1784 1788/1881/1788
f 1789/1882/1789 1784/1876/1784 1792/1886/1792
f 1700/1884/1700 1793/1887/1793 1790/1883/1790
f 1699/1838/1699 1793/1887/1793 1700/1884/1700
f 1794/1888/1794 1787/1879/1787 1790/1883/1790
f 1791/1885/1791 1787/1879/1787 1794/1888/1794
f 1795/1889/1795 1788/1881/1788 1791/1885/1791
f 1792/1886/1792 1788/1881/1788 1795/1889/1795
f 1699/1838/1699 1796/1890/1796 1793/1887/1793
f 1699/1838/1699 1750/1837/1750 1796/1890/1796
f 1797/1891/1797 1790/1883/1790 1793/1887/1793
f 1794/1888/1794 1790/1883/1790 1797/1891/1797
f 1798/1892/1798 1791/1885/1791 1794/1888/1794
f 1795/1889/1795 1791/1885/1791 1798/1892/1798
f 1799/1893/1799 1796/1890/1796 1750/1837/1750
f 1752/1840/1752 1799/1893/1799 1750/1837/1750
f 1800/1894/1800 1793/1887/1793 1796/1890/1796
f 1797/1891/1797 1793/1887/1793 1800/1894/1800
f 1801/1895/1801 1794/1888/1794 1797/1891/1797
f 1798/1892/1798 1794/1888/1794 1801/1895/1801
f 1802/1896/1802 1799/1893/1799 1752/1840/1752
f 1757/1845/1757 1802/1896/1802 1752/1840/1752
f 1799/1893/1799 1803/1897/1803 1796/1890/1796
f 1800/1894/1800 1796/1890/1796 1803/1897/1803
f 1804/1898/1804 1797/1891/1797 1800/1894/1800
f 1801/1895/1801 1797/1891/1797 1804/1898/1804
f 1802/1896/1802 1805/1899/1805 1799/1893/1799
f 1805/1899/1805 1803/1897/1803 1799/1893/1799
f 1806/1900/1806 1800/1894/1800 1803/1897/1803
f 1804/1898/1804 1800/1894/1800 1806/1900/1806
f 1805/1899/1805 1807/1901/1807 1803/1897/1803
f 1806/1900/1806 1803/1897/1803 1807/1901/1807
f 1805/1899/1805 1808/1902/1808 1807/1901/1807
f 1806/1900/1806 1807/1901/1807 1808/1902/1808
f 1802/1896/1802 1809/1903/1809 1805/1899/1805
f 1805/1899/1805 1809/1903/1809 1808/1902/1808
f 1809/1903/1809 1810/1904/1810 1808/1902/1808
f 1806/1900/1806 1808/1902/1808 1811/1905/1811
f 1804/1898/1804 1806/1900/1806 1811/1905/1811
f 1811/1905/1811 1808/1902/1808 1810/1904/1810
f 1801/1895/1801 1804/1898/1804 1812/1906/1812
f 1804/1898/1804 1811/1905/1811 1812/1906/1812
f 1802/1896/1802 1813/1907/1813 1809/1903/1809
f 1757/1845/1757 1813/1907/1813 1802/1896/1802
f 1801/1895/1801 1812/1906/1812 1814/1908/1814
f 1798/1892/1798 1801/1895/1801 1814/1908/1814
f 1812/1906/1812 1811/1905/1811 1815/1909/1815
f 1811/1905/1811 1810/1904/1810 1815/1909/1815
f 1814/1908/1814 1812/1906/1812 1815/1909/1815
f 1813/1907/1813 1816/1910/1816 1809/1903/1809
f 1809/1903/1809 1816/1910/1816 1810/1904/1810
f 1757/1845/1757 1817/1911/1817 1813/1907/1813
f 1817/1911/1817 1816/1910/1816 1813/1907/1813
f 1756/1844/1756 1817/1911/1817 1757/1845/1757
f 1798/1892/1798 1814/1908/1814 1818/1912/1818
f 1795/1889/1795 1798/1892/1798 1818/1912/1818
f 1756/1844/1756 1819/1913/1819 1817/1911/1817
f 1755/1843/1755 1819/1913/1819 1756/1844/1756
f 1814/1908/1814 1820/1914/1820 1818/1912/1818
f 1814/1908/1814 1815/1909/1815 1820/1914/1820
f 1795/1889/1795 1818/1912/1818 1821/1915/1821
f 1821/1915/1821 1818/1912/1818 1820/1914/1820
f 1792/1886/1792 1795/1889/1795 1821/1915/1821
f 1817/1911/1817 1819/1913/1819 1822/1916/1822
f 1817/1911/1817 1822/1916/1822 1816/1910/1816
f 1755/1843/1755 1823/1917/1823 1819/1913/1819
f 1823/1917/1823 1822/1916/1822 1819/1913/1819
f 1754/1842/1754 1823/1917/1823 1755/1843/1755
f 1792/1886/1792 1821/1915/1821 1824/1918/1824
f 1789/1882/1789 1792/1886/1792 1824/1918/1824
f 1754/1842/1754 1825/1919/1825 1823/1917/1823
f 1753/1841/1753 1825/1919/1825 1754/1842/1754
f 1824/1918/1824 1821/1915/1821 1826/1920/1826
f 1821/1915/1821 1820/1914/1820 1826/1920/1826
f 1789/1882/1789 1824/1918/1824 1827/1921/1827
f 1827/1921/1827 1824/1918/1824 1826/1920/1826
f 1785/1877/1785 1789/1882/1789 1827/1921/1827
f 1825/1919/1825 1828/1922/1828 1823/1917/1823
f 1823/1917/1823 1828/1922/1828 1822/1916/1822
f 1753/1841/1753 1829/1923/1829 1825/1919/1825
f 1829/1923/1829 1828/1922/1828 1825/1919/1825
f 1758/1846/1758 1829/1923/1829 1753/1841/1753
f 1785/1877/1785 1827/1921/1827 1830/1924/1830
f 1782/1873/1782 1785/1877/1785 1830/1924/1830
f 1758/1846/1758 1831/1925/1831 1829/1923/1829
f 1759/1847/1759 1831/1925/1831 1758/1846/1758
f 1830/1924/1830 1827/1921/1827 1832/1926/1832
f 1827/1921/1827 1826/1920/1826 1832/1926/1832
f 1782/1873/1782 1830/1924/1830 1833/1927/1833
f 1833/1927/1833 1830/1924/1830 1832/1926/1832
f 1782/1873/1782 1833/1927/1833 1786/1878/1786
f 1831/1925/1831 1834/1928/1834 1829/1923/1829
f 1829/1923/1829 1834/1928/1834 1828/1922/1828
f 1759/1847/1759 1835/1929/1835 1831/1925/1831
f 1759/1847/1759 1786/1878/1786 1835/1929/1835
f 1835/1929/1835 1834/1928/1834 1831/1925/1831
f 1833/1927/1833 1836/1930/1836 1786/1878/1786
f 1835/1929/1835 1786/1878/1786 1836/1930/1836
f 1833/1927/1833 1832/1926/1832 1836/1930/1836
f 1835/1929/1835 1836/1930/1836 1834/1928/1834
f 1832/1926/1832 1837/1931/1837 1836/1930/1836
f 1834/1928/1834 1836/1930/1836 1837/1931/1837
f 1832/1926/1832 1838/1932/1838 1837/1931/1837
f 1826/1920/1826 1838/1932/1838 1832/1926/1832
f 1834/1928/1834 1837/1931/1837 1839/1933/1839
f 1828/1922/1828 1834/1928/1834 1839/1933/1839
f 1826/1920/1826 1840/1934/1840 1838/1932/1838
f 1828/1922/1828 1839/1933/1839 1841/1935/1841
f 1820/1914/1820 1840/1934/1840 1826/1920/1826
f 1822/1916/1822 1828/1922/1828 1841/1935/1841
f 1820/1914/1820 1842/1936/1842 1840/1934/1840
f 1822/1916/1822 1841/1935/1841 1843/1937/1843
f 1815/1909/1815 1842/1936/1842 1820/1914/1820
f 1816/1910/1816 1822/1916/1822 1843/1937/1843
f 1815/1909/1815 1844/1938/1844 1842/1936/1842
f 1816/1910/1816 1843/1937/1843 1845/1939/1845
f 1810/1904/1810 1844/1938/1844 1815/1909/1815
f 1810/1904/1810 1816/1910/1816 1845/1939/1845
f 1810/1904/1810 1846/1940/1846 1844/1938/1844
f 1810/1904/1810 1845/1939/1845 1846/1940/1846
f 1727/1941/1727 1847/1942/1847 1729/1943/1729
f 1848/1944/1848 1847/1942/1847 1727/1941/1727
f 1727/1941/1727 1849/1945/1849 1848/1944/1848
f 1850/1946/1850 1848/1944/1848 1849/1945/1849
f 1727/1941/1727 1725/1947/1725 1849/1945/1849
f 1848/1944/1848 1851/1948/1851 1847/1942/1847
f 1850/1946/1850 1851/1948/1851 1848/1944/1848
f 1851/1948/1851 1852/1949/1852 1847/1942/1847
f 1851/1948/1851 1853/1950/1853 1852/1949/1852
f 1850/1946/1850 1853/1950/1853 1851/1948/1851
f 1853/1950/1853 1854/1951/1854 1852/1949/1852
f 1725/1947/1725 1855/1952/1855 1849/1945/1849
f 1725/1947/1725 1723/1953/1723 1855/1952/1855
f 1856/1954/1856 1849/1945/1849 1855/1952/1855
f 1850/1946/1850 1849/1945/1849 1856/1954/1856
f 1723/1953/1723 1857/1955/1857 1855/1952/1855
f 1856/1954/1856 1855/1952/1855 1857/1955/1857
f 1723/1953/1723 1721/1956/1721 1857/1955/1857
f 1721/1956/1721 1858/1957/1858 1857/1955/1857
f 1721/1956/1721 1719/1958/1719 1858/1957/1858
f 1856/1954/1856 1857/1955/1857 1859/1959/1859
f 1859/1959/1859 1857/1955/1857 1858/1957/1858
f 1860/1960/1860 1858/1957/1858 1719/1958/1719
f 1860/1960/1860 1719/1958/1719 1680/1961/1681
f 1861/1962/1861 1856/1954/1856 1859/1959/1859
f 1861/1962/1861 1850/1946/1850 1856/1954/1856
f 1862/1963/1862 1850/1946/1850 1861/1962/1861
f 1859/1959/1859 1858/1957/1858 1863/1964/1863
f 1863/1964/1863 1858/1957/1858 1860/1960/1860
f 1861/1962/1861 1859/1959/1859 1863/1964/1863
f 1680/1961/1681 1864/1965/1864 1860/1960/1860
f 1863/1964/1863 1860/1960/1860 1864/1965/1864
f 1861/1962/1861 1863/1964/1863 1865/1966/1865
f 1865/1966/1865 1862/1963/1862 1861/1962/1861
f 1862/1963/1862 1866/1967/1866 1850/1946/1850
f 1862/1963/1862 1867/1968/1867 1866/1967/1866
f 1850/1946/1850 1866/1967/1866 1853/1950/1853
f 1853/1950/1853 1866/1967/1866 1868/1969/1868
f 1853/1950/1853 1868/1969/1868 1854/1951/1854
f 1869/1970/1869 1868/1969/1868 1866/1967/1866
f 1869/1970/1869 1854/1951/1854 1868/1969/1868
f 1867/1968/1867 1869/1970/1869 1866/1967/1866
f 1869/1970/1869 1870/1971/1870 1854/1951/1854
f 1871/1972/1871 1870/1971/1870 1869/1970/1869
f 1867/1968/1867 1871/1972/1871 1869/1970/1869
f 1871/1972/1871 1872/1973/1872 1870/1971/1870
f 1873/1974/1873 1872/1973/1872 1871/1972/1871
f 1867/1968/1867 1873/1974/1873 1871/1972/1871
f 1873/1974/1873 1767/1975/1767 1872/1973/1872
f 1767/1975/1767 1766/1976/1766 1872/1973/1872
f 1767/1975/1767 1873/1974/1873 1874/1977/1874
f 1867/1968/1867 1874/1977/1874 1873/1974/1873
f 1767/1975/1767 1874/1977/1874 1769/1978/1769
f 1769/1978/1769 1874/1977/1874 1875/1979/1875
f 1769/1978/1769 1875/1979/1875 1772/1980/1772
f 1867/1968/1867 1876/1981/1876 1874/1977/1874
f 1876/1981/1876 1875/1979/1875 1874/1977/1874
f 1772/1980/1772 1875/1979/1875 1877/1982/1877
f 1876/1981/1876 1877/1982/1877 1875/1979/1875
f 1772/1980/1772 1877/1982/1877 1774/1983/1774
f 1878/1984/1878 1876/1981/1876 1867/1968/1867
f 1862/1963/1862 1878/1984/1878 1867/1968/1867
f 1774/1983/1774 1877/1982/1877 1879/1985/1879
f 1774/1983/1774 1879/1985/1879 1778/1986/1778
f 1876/1981/1876 1880/1987/1880 1877/1982/1877
f 1878/1984/1878 1880/1987/1880 1876/1981/1876
f 1880/1987/1880 1879/1985/1879 1877/1982/1877
f 1881/1988/1881 1778/1986/1778 1879/1985/1879
f 1881/1988/1881 1718/1989/1718 1778/1986/1778
f 1880/1987/1880 1882/1990/1882 1879/1985/1879
f 1878/1984/1878 1882/1990/1882 1880/1987/1880
f 1882/1990/1882 1881/1988/1881 1879/1985/1879
f 1883/1991/1883 1878/1984/1878 1862/1963/1862
f 1878/1984/1878 1883/1991/1883 1882/1990/1882
f 1718/1989/1718 1881/1988/1881 1884/1992/1884
f 1882/1990/1882 1884/1992/1884 1881/1988/1881
f 1883/1991/1883 1862/1963/1862 1885/1993/1885
f 1865/1966/1865 1885/1993/1885 1862/1963/1862
f 1718/1989/1718 1884/1992/1884 1886/1994/1886
f 1886/1994/1886 1714/1995/1714 1718/1989/1718
f 1886/1994/1886 1710/1996/1710 1714/1995/1714
f 1882/1990/1882 1887/1997/1887 1884/1992/1884
f 1883/1991/1883 1887/1997/1887 1882/1990/1882
f 1883/1991/1883 1885/1993/1885 1888/1998/1888
f 1865/1966/1865 1888/1998/1888 1885/1993/1885
f 1886/1994/1886 1884/1992/1884 1889/1999/1889
f 1887/1997/1887 1889/1999/1889 1884/1992/1884
f 1890/2000/1890 1710/1996/1710 1886/1994/1886
f 1886/1994/1886 1889/1999/1889 1890/2000/1890
f 1890/2000/1890 1706/2001/1706 1710/1996/1710
f 1883/1991/1883 1891/2002/1891 1887/1997/1887
f 1883/1991/1883 1888/1998/1888 1891/2002/1891
f 1891/2002/1891 1888/1998/1888 1892/2003/1892
f 1887/1997/1887 1893/2004/1893 1889/1999/1889
f 1887/1997/1887 1891/2002/1891 1893/2004/1893
f 1890/2000/1890 1889/1999/1889 1893/2004/1893
f 1891/2002/1891 1892/2003/1892 1893/2004/1893
f 1894/2005/1894 1706/2001/1706 1890/2000/1890
f 1890/2000/1890 1893/2004/1893 1894/2005/1894
f 1894/2005/1894 1893/2004/1893 1892/2003/1892
f 1894/2005/1894 1704/2006/1704 1706/2001/1706
f 1895/2007/1895 1704/2006/1704 1894/2005/1894
f 1894/2005/1894 1892/2003/1892 1895/2007/1895
f 1895/2007/1895 1697/2008/1697 1704/2006/1704
f 1895/2007/1895 1694/2009/1694 1697/2008/1697
f 1895/2007/1895 1896/2010/1896 1694/2009/1694
f 1896/2010/1896 1895/2007/1895 1892/2003/1892
f 1896/2010/1896 1690/2011/1690 1694/2009/1694
f 1897/2012/1897 1892/2003/1892 1888/1998/1888
f 1865/1966/1865 1897/2012/1897 1888/1998/1888
f 1896/2010/1896 1892/2003/1892 1898/2013/1898
f 1897/2012/1897 1898/2013/1898 1892/2003/1892
f 1896/2010/1896 1899/2014/1899 1690/2011/1690
f 1899/2014/1899 1896/2010/1896 1898/2013/1898
f 1899/2014/1899 1683/2015/1683 1690/2011/1690
f 1865/1966/1865 1900/2016/1900 1897/2012/1897
f 1900/2016/1900 1898/2013/1898 1897/2012/1897
f 1865/1966/1865 1863/1964/1863 1900/2016/1900
f 1863/1964/1863 1864/1965/1864 1900/2016/1900
f 1900/2016/1900 1901/2017/1901 1898/2013/1898
f 1899/2014/1899 1898/2013/1898 1901/2017/1901
f 1900/2016/1900 1864/1965/1864 1901/2017/1901
f 1899/2014/1899 1902/2018/1902 1683/2015/1683
f 1902/2018/1902 1899/2014/1899 1901/2017/1901
f 1902/2018/1902 1901/2017/1901 1864/1965/1864
f 1902/2018/1902 1681/2019/1680 1683/2015/1683
f 1680/1961/1681 1902/2018/1902 1864/1965/1864
f 1902/2018/1902 1680/1961/1681 1681/2019/1680
f 1903/2020/1903 1905/2021/1904 1904/2022/1905
f 1903/2020/1903 1906/2023/1906 1905/2021/1904
f 1906/2023/1906 1903/2020/1903 1907/2024/1907
f 1908/2025/1908 1905/2021/1904 1906/2023/1906
f 1906/2023/1906 1907/2024/1907 1909/2026/1909
f 1909/2026/1909 1907/2024/1907 1910/2027/1910
f 1908/2025/1908 1906/2023/1906 1911/2028/1911
f 1911/2028/1911 1906/2023/1906 1909/2026/1909
f 1912/2029/1912 1908/2025/1908 1911/2028/1911
f 1909/2026/1909 1910/2027/1910 1913/2030/1913
f 1913/2030/1913 1910/2027/1910 1914/2031/1914
f 1912/2029/1912 1911/2028/1911 1915/2032/1915
f 1916/2033/1916 1912/2029/1912 1915/2032/1915
f 1911/2028/1911 1909/2026/1909 1917/2034/1917
f 1917/2034/1917 1909/2026/1909 1913/2030/1913
f 1911/2028/1911 1917/2034/1917 1918/2035/1918
f 1911/2028/1911 1918/2035/1918 1915/2032/1915
f 1913/2030/1913 1914/2031/1914 1919/2036/1919
f 1919/2036/1919 1914/2031/1914 1920/2037/1920
f 1917/2034/1917 1913/2030/1913 1921/2038/1921
f 1918/2035/1918 1917/2034/1917 1921/2038/1921
f 1913/2030/1913 1919/2036/1919 1922/2039/1922
f 1913/2030/1913 1922/2039/1922 1921/2038/1921
f 1919/2036/1919 1920/2037/1920 1923/2040/1923
f 1922/2039/1922 1919/2036/1919 1923/2040/1923
f 1923/2040/1923 1920/2037/1920 1924/2041/1924
f 1923/2040/1923 1924/2041/1924 1925/2042/1925
f 1925/2042/1925 1924/2041/1924 1904/2043/1905
f 1925/2042/1925 1904/2043/1905 1905/2044/1904
f 1922/2039/1922 1923/2040/1923 1926/2045/1926
f 1926/2045/1926 1923/2040/1923 1925/2042/1925
f 1927/2046/1927 1925/2042/1925 1905/2044/1904
f 1926/2045/1926 1925/2042/1925 1927/2046/1927
f 1927/2046/1927 1905/2044/1904 1908/2047/1908
f 1912/2048/1912 1927/2046/1927 1908/2047/1908
f 1912/2048/1912 1928/2049/1928 1927/2046/1927
f 1926/2045/1926 1927/2046/1927 1928/2049/1928
f 1928/2049/1928 1912/2048/1912 1916/2050/1916
f 1921/2038/1921 1922/2039/1922 1929/2051/1929
f 1929/2051/1929 1922/2039/1922 1926/2045/1926
f 1928/2049/1928 1916/2050/1916 1930/2052/1930
f 1931/2053/1931 1930/2052/1930 1916/2050/1916
f 1926/2045/1926 1928/2049/1928 1932/2054/1932
f 1929/2051/1929 1926/2045/1926 1932/2054/1932
f 1930/2052/1930 1932/2054/1932 1928/2049/1928
f 1921/2038/1921 1929/2051/1929 1933/2055/1933
f 1918/2035/1918 1921/2038/1921 1933/2055/1933
f 1933/2055/1933 1934/2056/1934 1918/2035/1918
f 1934/2056/1934 1915/2032/1915 1918/2035/1918
f 1935/2057/1935 1933/2055/1933 1929/2051/1929
f 1933/2055/1933 1935/2057/1935 1934/2056/1934
f 1936/2058/1936 1929/2051/1929 1932/2054/1932
f 1935/2057/1935 1929/2051/1929 1936/2058/1936
f 1937/2059/1937 1935/2057/1935 1936/2058/1936
f 1936/2058/1936 1932/2054/1932 1938/2060/1938
f 1930/2052/1930 1938/2060/1938 1932/2054/1932
f 1938/2060/1938 1937/2059/1937 1936/2058/1936
f 1931/2053/1931 1939/2061/1939 1930/2052/1930
f 1939/2061/1939 1938/2060/1938 1930/2052/1930
f 1934/2056/1934 1940/2062/1940 1915/2032/1915
f 1916/2033/1916 1915/2032/1915 1940/2062/1940
f 1934/2056/1934 1935/2057/1935 1941/2063/1941
f 1937/2059/1937 1941/2063/1941 1935/2057/1935
f 1916/2033/1916 1940/2062/1940 1942/2064/1942
f 1916/2033/1916 1942/2064/1942 1931/2065/1931
f 1943/2066/1943 1931/2065/1931 1942/2064/1942
f 1940/2062/1940 1934/2056/1934 1944/2067/1944
f 1940/2062/1940 1944/2067/1944 1942/2064/1942
f 1934/2056/1934 1941/2063/1941 1944/2067/1944
f 1943/2066/1943 1942/2064/1942 1945/2068/1945
f 1945/2068/1945 1942/2064/1942 1944/2067/1944
f 1946/2069/1946 1944/2067/1944 1941/2063/1941
f 1945/2068/1945 1944/2067/1944 1946/2069/1946
f 1943/2066/1943 1945/2068/1945 1947/2070/1947
f 1946/2069/1946 1947/2070/1947 1945/2068/1945
f 1943/2066/1943 1947/2070/1947 1948/2071/1948
f 1948/2071/1948 1947/2070/1947 1949/2072/1949
f 1948/2071/1948 1949/2072/1949 1950/2073/1950
f 1937/2059/1937 1951/2074/1951 1941/2063/1941
f 1946/2069/1946 1941/2063/1941 1951/2074/1951
f 1946/2069/1946 1952/2075/1952 1947/2070/1947
f 1949/2072/1949 1947/2070/1947 1952/2075/1952
f 1950/2073/1950 1949/2072/1949 1953/2076/1953
f 1950/2073/1950 1953/2076/1953 1954/2077/1954
f 1955/2078/1955 1954/2077/1954 1953/2076/1953
f 1955/2078/1955 1956/2079/1956 1954/2077/1954
f 1953/2076/1953 1957/2080/1957 1955/2078/1955
f 1953/2076/1953 1958/2081/1958 1957/2080/1957
f 1949/2072/1949 1958/2081/1958 1953/2076/1953
f 1958/2081/1958 1959/2082/1959 1957/2080/1957
f 1949/2072/1949 1960/2083/1960 1958/2081/1958
f 1949/2072/1949 1952/2075/1952 1960/2083/1960
f 1958/2081/1958 1961/2084/1961 1959/2082/1959
f 1960/2083/1960 1961/2084/1961 1958/2081/1958
f 1961/2084/1961 1962/2085/1962 1959/2082/1959
f 1963/2086/1963 1952/2075/1952 1946/2069/1946
f 1963/2086/1963 1946/2069/1946 1951/2074/1951
f 1952/2075/1952 1964/2087/1964 1960/2083/1960
f 1952/2075/1952 1963/2086/1963 1964/2087/1964
f 1960/2083/1960 1964/2087/1964 1961/2084/1961
f 1961/2084/1961 1965/2088/1965 1962/2085/1962
f 1965/2088/1965 1966/2089/1966 1962/2085/1962
f 1951/2074/1951 1967/2090/1967 1963/2086/1963
f 1964/2087/1964 1963/2086/1963 1967/2090/1967
f 1961/2084/1961 1964/2087/1964 1968/2091/1968
f 1961/2084/1961 1968/2091/1968 1965/2088/1965
f 1964/2087/1964 1967/2090/1967 1968/2091/1968
f 1965/2088/1965 1969/2092/1969 1966/2089/1966
f 1968/2091/1968 1969/2092/1969 1965/2088/1965
f 1969/2092/1969 1970/2093/1970 1966/2089/1966
f 1968/2091/1968 1971/2094/1971 1969/2092/1969
f 1967/2090/1967 1971/2094/1971 1968/2091/1968
f 1969/2092/1969 1972/2095/1972 1970/2093/1970
f 1971/2094/1971 1972/2095/1972 1969/2092/1969
f 1972/2095/1972 1956/2096/1956 1970/2093/1970
f 1972/2095/1972 1954/2097/1954 1956/2096/1956
f 1973/2098/1973 1954/2097/1954 1972/2095/1972
f 1971/2094/1971 1973/2098/1973 1972/2095/1972
f 1973/2098/1973 1950/2099/1950 1954/2097/1954
f 1948/2100/1948 1950/2099/1950 1973/2098/1973
f 1948/2100/1948 1973/2098/1973 1974/2101/1974
f 1971/2094/1971 1974/2101/1974 1973/2098/1973
f 1974/2101/1974 1943/2102/1943 1948/2100/1948
f 1967/2090/1967 1975/2103/1975 1971/2094/1971
f 1971/2094/1971 1975/2103/1975 1974/2101/1974
f 1974/2101/1974 1976/2104/1976 1943/2102/1943
f 1976/2104/1976 1974/2101/1974 1975/2103/1975
f 1931/2053/1931 1943/2102/1943 1976/2104/1976
f 1931/2053/1931 1976/2104/1976 1939/2061/1939
f 1977/2105/1977 1975/2103/1975 1967/2090/1967
f 1951/2074/1951 1977/2105/1977 1967/2090/1967
f 1937/2059/1937 1977/2105/1977 1951/2074/1951
f 1976/2104/1976 1975/2103/1975 1978/2106/1978
f 1977/2105/1977 1978/2106/1978 1975/2103/1975
f 1939/2061/1939 1976/2104/1976 1978/2106/1978
f 1978/2106/1978 1977/2105/1977 1937/2059/1937
f 1939/2061/1939 1978/2106/1978 1979/2107/1979
f 1978/2106/1978 1937/2059/1937 1979/2107/1979
f 1939/2061/1939 1979/2107/1979 1938/2060/1938
f 1938/2060/1938 1979/2107/1979 1937/2059/1937
f 1980/2020/1980 1982/2021/1981 1981/2022/1982
f 1980/2020/1980 1983/2023/1983 1982/2021/1981
f 1983/2023/1983 1980/2020/1980 1984/2024/1984
f 1985/2025/1985 1982/2021/1981 1983/2023/1983
f 1983/2023/1983 1984/2024/1984 1986/2026/1986
f 1986/2026/1986 1984/2024/1984 1987/2027/1987
f 1985/2025/1985 1983/2023/1983 1988/2028/1988
f 1988/2028/1988 1983/2023/1983 1986/2026/1986
f 1989/2029/1989 1985/2025/1985 1988/2028/1988
f 1986/2026/1986 1987/2027/1987 1990/2030/1990
f 1990/2030/1990 1987/2027/1987 1991/2031/1991
f 1989/2029/1989 1988/2028/1988 1992/2032/1992
f 1993/2033/1993 1989/2029/1989 1992/2032/1992
f 1988/2028/1988 1986/2026/1986 1994/2034/1994
f 1994/2034/1994 1986/2026/1986 1990/2030/1990
f 1988/2028/1988 1994/2034/1994 1995/2035/1995
f 1988/2028/1988 1995/2035/1995 1992/2032/1992
f 1990/2030/1990 1991/2031/1991 1996/2036/1996
f 1996/2036/1996 1991/2031/1991 1997/2037/1997
f 1994/2034/1994 1990/2030/1990 1998/2038/1998
f 1995/2035/1995 1994/2034/1994 1998/2038/1998
f 1990/2030/1990 1996/2036/1996 1999/2039/1999
f 1990/2030/1990 1999/2039/1999 1998/2038/1998
f 1996/2036/1996 1997/2037/1997 2000/2040/2000
f 1999/2039/1999 1996/2036/1996 2000/2040/2000
f 2000/2040/2000 1997/2037/1997 2001/2041/2001
f 2000/2040/2000 2001/2041/2001 2002/2042/2002
f 2002/2042/2002 2001/2041/2001 1981/2043/1982
f 2002/2042/2002 1981/2043/1982 1982/2044/1981
f 1999/2039/1999 2000/2040/2000 2003/2045/2003
f 2003/2045/2003 2000/2040/2000 2002/2042/2002
f 2004/2046/2004 2002/2042/2002 1982/2044/1981
f 2003/2045/2003 2002/2042/2002 2004/2046/2004
f 2004/2046/2004 1982/2044/1981 1985/2047/1985
f 1989/2048/1989 2004/2046/2004 1985/2047/1985
f 1989/2048/1989 2005/2049/2005 2004/2046/2004
f 2003/2045/2003 2004/2046/2004 2005/2049/2005
f 2005/2049/2005 1989/2048/1989 1993/2050/1993
f 1998/2038/1998 1999/2039/1999 2006/2051/2006
f 2006/2051/2006 1999/2039/1999 2003/2045/2003
f 2005/2049/2005 1993/2050/1993 2007/2052/2007
f 2008/2053/2008 2007/2052/2007 1993/2050/1993
f 2003/2045/2003 2005/2049/2005 2009/2054/2009
f 2006/2051/2006 2003/2045/2003 2009/2054/2009
f 2007/2052/2007 2009/2054/2009 2005/2049/2005
f 1998/2038/1998 2006/2051/2006 2010/2055/2010
f 1995/2035/1995 1998/2038/1998 2010/2055/2010
f 2010/2055/2010 2011/2056/2011 1995/2035/1995
f 2011/2056/2011 1992/2032/1992 1995/2035/1995
f 2012/2057/2012 2010/2055/2010 2006/2051/2006
f 2010/2055/2010 2012/2057/2012 2011/2056/2011
f 2013/2058/2013 2006/2051/2006 2009/2054/2009
f 2012/2057/2012 2006/2051/2006 2013/2058/2013
f 2014/2059/2014 2012/2057/2012 2013/2058/2013
f 2013/2058/2013 2009/2054/2009 2015/2060/2015
f 2007/2052/2007 2015/2060/2015 2009/2054/2009
f 2015/2060/2015 2014/2059/2014 2013/2058/2013
f 2008/2053/2008 2016/2061/2016 2007/2052/2007
f 2016/2061/2016 2015/2060/2015 2007/2052/2007
f 2011/2056/2011 2017/2062/2017 1992/2032/1992
f 1993/2033/1993 1992/2032/1992 2017/2062/2017
f 2011/2056/2011 2012/2057/2012 2018/2063/2018
f 2014/2059/2014 2018/2063/2018 2012/2057/2012
f 1993/2033/1993 2017/2062/2017 2019/2064/2019
f 1993/2033/1993 2019/2064/2019 2008/2065/2008
f 2020/2066/2020 2008/2065/2008 2019/2064/2019
f 2017/2062/2017 2011/2056/2011 2021/2067/2021
f 2017/2062/2017 2021/2067/2021 2019/2064/2019
f 2011/2056/2011 2018/2063/2018 2021/2067/2021
f 2020/2066/2020 2019/2064/2019 2022/2068/2022
f 2022/2068/2022 2019/2064/2019 2021/2067/2021
f 2023/2069/2023 2021/2067/2021 2018/2063/2018
f 2022/2068/2022 2021/2067/2021 2023/2069/2023
f 2020/2066/2020 2022/2068/2022 2024/2070/2024
f 2023/2069/2023 2024/2070/2024 2022/2068/2022
f 2020/2066/2020 2024/2070/2024 2025/2071/2025
f 2025/2071/2025 2024/2070/2024 2026/2072/2026
f 2025/2071/2025 2026/2072/2026 2027/2073/2027
f 2014/2059/2014 2028/2074/2028 2018/2063/2018
f 2023/2069/2023 2018/2063/2018 2028/2074/2028
f 2023/2069/2023 2029/2075/2029 2024/2070/2024
f 2026/2072/2026 2024/2070/2024 2029/2075/2029
f 2027/2073/2027 2026/2072/2026 2030/2076/2030
f 2027/2073/2027 2030/2076/2030 2031/2077/2031
f 2032/2078/2032 2031/2077/2031 2030/2076/2030
f 2032/2078/2032 2033/2079/2033 2031/2077/2031
f 2030/2076/2030 2034/2080/2034 2032/2078/2032
f 2030/2076/2030 2035/2081/2035 2034/2080/2034
f 2026/2072/2026 2035/2081/2035 2030/2076/2030
f 2035/2081/2035 2036/2082/2036 2034/2080/2034
f 2026/2072/2026 2037/2083/2037 2035/2081/2035
f 2026/2072/2026 2029/2075/2029 2037/2083/2037
f 2035/2081/2035 2038/2084/2038 2036/2082/2036
f 2037/2083/2037 2038/2084/2038 2035/2081/2035
f 2038/2084/2038 2039/2085/2039 2036/2082/2036
f 2040/2086/2040 2029/2075/2029 2023/2069/2023
f 2040/2086/2040 2023/2069/2023 2028/2074/2028
f 2029/2075/2029 2041/2087/2041 2037/2083/2037
f 2029/2075/2029 2040/2086/2040 2041/2087/2041
f 2037/2083/2037 2041/2087/2041 2038/2084/2038
f 2038/2084/2038 2042/2088/2042 2039/2085/2039
f 2042/2088/2042 2043/2089/2043 2039/2085/2039
f 2028/2074/2028 2044/2090/2044 2040/2086/2040
f 2041/2087/2041 2040/2086/2040 2044/2090/2044
f 2038/2084/2038 2041/2087/2041 2045/2091/2045
f 2038/2084/2038 2045/2091/2045 2042/2088/2042
f 2041/2087/2041 2044/2090/2044 2045/2091/2045
f 2042/2088/2042 2046/2092/2046 2043/2089/2043
f 2045/2091/2045 2046/2092/2046 2042/2088/2042
f 2046/2092/2046 2047/2093/2047 2043/2089/2043
f 2045/2091/2045 2048/2094/2048 2046/2092/2046
f 2044/2090/2044 2048/2094/2048 2045/2091/2045
f 2046/2092/2046 2049/2095/2049 2047/2093/2047
f 2048/2094/2048 2049/2095/2049 2046/2092/2046
f 2049/2095/2049 2033/2096/2033 2047/2093/2047
f 2049/2095/2049 2031/2097/2031 2033/2096/2033
f 2050/2098/2050 2031/2097/2031 2049/2095/2049
f 2048/2094/2048 2050/2098/2050 2049/2095/2049
f 2050/2098/2050 2027/2099/2027 2031/2097/2031
f 2025/2100/2025 2027/2099/2027 2050/2098/2050
f 2025/2100/2025 2050/2098/2050 2051/2101/2051
f 2048/2094/2048 2051/2101/2051 2050/2098/2050
f 2051/2101/2051 2020/2102/2020 2025/2100/2025
f 2044/2090/2044 2052/2103/2052 2048/2094/2048
f 2048/2094/2048 2052/2103/2052 2051/2101/2051
f 2051/2101/2051 2053/2104/2053 2020/2102/2020
f 2053/2104/2053 2051/2101/2051 2052/2103/2052
f 2008/2053/2008 2020/2102/2020 2053/2104/2053
f 2008/2053/2008 2053/2104/2053 2016/2061/2016
f 2054/2105/2054 2052/2103/2052 2044/2090/2044
f 2028/2074/2028 2054/2105/2054 2044/2090/2044
f 2014/2059/2014 2054/2105/2054 2028/2074/2028
f 2053/2104/2053 2052/2103/2052 2055/2106/2055
f 2054/2105/2054 2055/2106/2055 2052/2103/2052
f 2016/2061/2016 2053/2104/2053 2055/2106/2055
f 2055/2106/2055 2054/2105/2054 2014/2059/2014
f 2016/2061/2016 2055/2106/2055 2056/2107/2056
f 2055/2106/2055 2014/2059/2014 2056/2107/2056
f 2016/2061/2016 2056/2107/2056 2015/2060/2015
f 2015/2060/2015 2056/2107/2056 2014/2059/2014
f 2057/2020/2057 2059/2021/2058 2058/2022/2059
f 2057/2020/2057 2060/2023/2060 2059/2021/2058
f 2060/2023/2060 2057/2020/2057 2061/2024/2061
f 2062/2025/2062 2059/2021/2058 2060/2023/2060
f 2060/2023/2060 2061/2024/2061 2063/2026/2063
f 2063/2026/2063 2061/2024/2061 2064/2027/2064
f 2062/2025/2062 2060/2023/2060 2065/2028/2065
f 2065/2028/2065 2060/2023/2060 2063/2026/2063
f 2066/2029/2066 2062/2025/2062 2065/2028/2065
f 2063/2026/2063 2064/2027/2064 2067/2030/2067
f 2067/2030/2067 2064/2027/2064 2068/2031/2068
f 2066/2029/2066 2065/2028/2065 2069/2032/2069
f 2070/2033/2070 2066/2029/2066 2069/2032/2069
f 2065/2028/2065 2063/2026/2063 2071/2034/2071
f 2071/2034/2071 2063/2026/2063 2067/2030/2067
f 2065/2028/2065 2071/2034/2071 2072/2035/2072
f 2065/2028/2065 2072/2035/2072 2069/2032/2069
f 2067/2030/2067 2068/2031/2068 2073/2036/2073
f 2073/2036/2073 2068/2031/2068 2074/2037/2074
f 2071/2034/2071 2067/2030/2067 2075/2038/2075
f 2072/2035/2072 2071/2034/2071 2075/2038/2075
f 2067/2030/2067 2073/2036/2073 2076/2039/2076
f 2067/2030/2067 2076/2039/2076 2075/2038/2075
f 2073/2036/2073 2074/2037/2074 2077/2040/2077
f 2076/2039/2076 2073/2036/2073 2077/2040/2077
f 2077/2040/2077 2074/2037/2074 2078/2041/2078
f 2077/2040/2077 2078/2041/2078 2079/2042/2079
f 2079/2042/2079 2078/2041/2078 2058/2043/2059
f 2079/2042/2079 2058/2043/2059 2059/2044/2058
f 2076/2039/2076 2077/2040/2077 2080/2045/2080
f 2080/2045/2080 2077/2040/2077 2079/2042/2079
f 2081/2046/2081 2079/2042/2079 2059/2044/2058
f 2080/2045/2080 2079/2042/2079 2081/2046/2081
f 2081/2046/2081 2059/2044/2058 2062/2047/2062
f 2066/2048/2066 2081/2046/2081 2062/2047/2062
f 2066/2048/2066 2082/2049/2082 2081/2046/2081
f 2080/2045/2080 2081/2046/2081 2082/2049/2082
f 2082/2049/2082 2066/2048/2066 2070/2050/2070
f 2075/2038/2075 2076/2039/2076 2083/2051/2083
f 2083/2051/2083 2076/2039/2076 2080/2045/2080
f 2082/2049/2082 2070/2050/2070 2084/2052/2084
f 2085/2053/2085 2084/2052/2084 2070/2050/2070
f 2080/2045/2080 2082/2049/2082 2086/2054/2086
f 2083/2051/2083 2080/2045/2080 2086/2054/2086
f 2084/2052/2084 2086/2054/2086 2082/2049/2082
f 2075/2038/2075 2083/2051/2083 2087/2055/2087
f 2072/2035/2072 2075/2038/2075 2087/2055/2087
f 2087/2055/2087 2088/2056/2088 2072/2035/2072
f 2088/2056/2088 2069/2032/2069 2072/2035/2072
f 2089/2057/2089 2087/2055/2087 2083/2051/2083
f 2087/2055/2087 2089/2057/2089 2088/2056/2088
f 2090/2058/2090 2083/2051/2083 2086/2054/2086
f 2089/2057/2089 2083/2051/2083 2090/2058/2090
f 2091/2059/2091 2089/2057/2089 2090/2058/2090
f 2090/2058/2090 2086/2054/2086 2092/2060/2092
f 2084/2052/2084 2092/2060/2092 2086/2054/2086
f 2092/2060/2092 2091/2059/2091 2090/2058/2090
f 2085/2053/2085 2093/2061/2093 2084/2052/2084
f 2093/2061/2093 2092/2060/2092 2084/2052/2084
f 2088/2056/2088 2094/2062/2094 2069/2032/2069
f 2070/2033/2070 2069/2032/2069 2094/2062/2094
f 2088/2056/2088 2089/2057/2089 2095/2063/2095
f 2091/2059/2091 2095/2063/2095 2089/2057/2089
f 2070/2033/2070 2094/2062/2094 2096/2064/2096
f 2070/2033/2070 2096/2064/2096 2085/2065/2085
f 2097/2066/2097 2085/2065/2085 2096/2064/2096
f 2094/2062/2094 2088/2056/2088 2098/2067/2098
f 2094/2062/2094 2098/2067/2098 2096/2064/2096
f 2088/2056/2088 2095/2063/2095 2098/2067/2098
f 2097/2066/2097 2096/2064/2096 2099/2068/2099
f 2099/2068/2099 2096/2064/2096 2098/2067/2098
f 2100/2069/2100 2098/2067/2098 2095/2063/2095
f 2099/2068/2099 2098/2067/2098 2100/2069/2100
f 2097/2066/2097 2099/2068/2099 2101/2070/2101
f 2100/2069/2100 2101/2070/2101 2099/2068/2099
f 2097/2066/2097 2101/2070/2101 2102/2071/2102
f 2102/2071/2102 2101/2070/2101 2103/2072/2103
f 2102/2071/2102 2103/2072/2103 2104/2073/2104
f 2091/2059/2091 2105/2074/2105 2095/2063/2095
f 2100/2069/2100 2095/2063/2095 2105/2074/2105
f 2100/2069/2100 2106/2075/2106 2101/2070/2101
f 2103/2072/2103 2101/2070/2101 2106/2075/2106
f 2104/2073/2104 2103/2072/2103 2107/2076/2107
f 2104/2073/2104 2107/2076/2107 2108/2077/2108
f 2109/2078/2109 2108/2077/2108 2107/2076/2107
f 2109/2078/2109 2110/2079/2110 2108/2077/2108
f 2107/2076/2107 2111/2080/2111 2109/2078/2109
f 2107/2076/2107 2112/2081/2112 2111/2080/2111
f 2103/2072/2103 2112/2081/2112 2107/2076/2107
f 2112/2081/2112 2113/2082/2113 2111/2080/2111
f 2103/2072/2103 2114/2083/2114 2112/2081/2112
f 2103/2072/2103 2106/2075/2106 2114/2083/2114
f 2112/2081/2112 2115/2084/2115 2113/2082/2113
f 2114/2083/2114 2115/2084/2115 2112/2081/2112
f 2115/2084/2115 2116/2085/2116 2113/2082/2113
f 2117/2086/2117 2106/2075/2106 2100/2069/2100
f 2117/2086/2117 2100/2069/2100 2105/2074/2105
f 2106/2075/2106 2118/2087/2118 2114/2083/2114
f 2106/2075/2106 2117/2086/2117 2118/2087/2118
f 2114/2083/2114 2118/2087/2118 2115/2084/2115
f 2115/2084/2115 2119/2088/2119 2116/2085/2116
f 2119/2088/2119 2120/2089/2120 2116/2085/2116
f 2105/2074/2105 2121/2090/2121 2117/2086/2117
f 2118/2087/2118 2117/2086/2117 2121/2090/2121
f 2115/2084/2115 2118/2087/2118 2122/2091/2122
f 2115/2084/2115 2122/2091/2122 2119/2088/2119
f 2118/2087/2118 2121/2090/2121 2122/2091/2122
f 2119/2088/2119 2123/2092/2123 2120/2089/2120
f 2122/2091/2122 2123/2092/2123 2119/2088/2119
f 2123/2092/2123 2124/2093/2124 2120/2089/2120
f 2122/2091/2122 2125/2094/2125 2123/2092/2123
f 2121/2090/2121 2125/2094/2125 2122/2091/2122
f 2123/2092/2123 2126/2095/2126 2124/2093/2124
f 2125/2094/2125 2126/2095/2126 2123/2092/2123
f 2126/2095/2126 2110/2096/2110 2124/2093/2124
f 2126/2095/2126 2108/2097/2108 2110/2096/2110
f 2127/2098/2127 2108/2097/2108 2126/2095/2126
f 2125/2094/2125 2127/2098/2127 2126/2095/2126
f 2127/2098/2127 2104/2099/2104 2108/2097/2108
f 2102/2100/2102 2104/2099/2104 2127/2098/2127
f 2102/2100/2102 2127/2098/2127 2128/2101/2128
f 2125/2094/2125 2128/2101/2128 2127/2098/2127
f 2128/2101/2128 2097/2102/2097 2102/2100/2102
f 2121/2090/2121 2129/2103/2129 2125/2094/2125
f 2125/2094/2125 2129/2103/2129 2128/2101/2128
f 2128/2101/2128 2130/2104/2130 2097/2102/2097
f 2130/2104/2130 2128/2101/2128 2129/2103/2129
f 2085/2053/2085 2097/2102/2097 2130/2104/2130
f 2085/2053/2085 2130/2104/2130 2093/2061/2093
f 2131/2105/2131 2129/2103/2129 2121/2090/2121
f 2105/2074/2105 2131/2105/2131 2121/2090/2121
f 2091/2059/2091 2131/2105/2131 2105/2074/2105
f 2130/2104/2130 2129/2103/2129 2132/2106/2132
f 2131/2105/2131 2132/2106/2132 2129/2103/2129
f 2093/2061/2093 2130/2104/2130 2132/2106/2132
f 2132/2106/2132 2131/2105/2131 2091/2059/2091
f 2093/2061/2093 2132/2106/2132 2133/2107/2133
f 2132/2106/2132 2091/2059/2091 2133/2107/2133
f 2093/2061/2093 2133/2107/2133 2092/2060/2092
f 2092/2060/2092 2133/2107/2133 2091/2059/2091
f 2134/2020/2134 2136/2021/2135 2135/2022/2136
f 2134/2020/2134 2137/2023/2137 2136/2021/2135
f 2137/2023/2137 2134/2020/2134 2138/2024/2138
f 2139/2025/2139 2136/2021/2135 2137/2023/2137
f 2137/2023/2137 2138/2024/2138 2140/2026/2140
f 2140/2026/2140 2138/2024/2138 2141/2027/2141
f 2139/2025/2139 2137/2023/2137 2142/2028/2142
f 2142/2028/2142 2137/2023/2137 2140/2026/2140
f 2143/2029/2143 2139/2025/2139 2142/2028/2142
f 2140/2026/2140 2141/2027/2141 2144/2030/2144
f 2144/2030/2144 2141/2027/2141 2145/2031/2145
f 2143/2029/2143 2142/2028/2142 2146/2032/2146
f 2147/2033/2147 2143/2029/2143 2146/2032/2146
f 2142/2028/2142 2140/2026/2140 2148/2034/2148
f 2148/2034/2148 2140/2026/2140 2144/2030/2144
f 2142/2028/2142 2148/2034/2148 2149/2035/2149
f 2142/2028/2142 2149/2035/2149 2146/2032/2146
f 2144/2030/2144 2145/2031/2145 2150/2036/2150
f 2150/2036/2150 2145/2031/2145 2151/2037/2151
f 2148/2034/2148 2144/2030/2144 2152/2038/2152
f 2149/2035/2149 2148/2034/2148 2152/2038/2152
f 2144/2030/2144 2150/2036/2150 2153/2039/2153
f 2144/2030/2144 2153/2039/2153 2152/2038/2152
f 2150/2036/2150 2151/2037/2151 2154/2040/2154
f 2153/2039/2153 2150/2036/2150 2154/2040/2154
f 2154/2040/2154 2151/2037/2151 2155/2041/2155
f 2154/2040/2154 2155/2041/2155 2156/2042/2156
f 2156/2042/2156 2155/2041/2155 2135/2043/2136
f 2156/2042/2156 2135/2043/2136 2136/2044/2135
f 2153/2039/2153 2154/2040/2154 2157/2045/2157
f 2157/2045/2157 2154/2040/2154 2156/2042/2156
f 2158/2046/2158 2156/2042/2156 2136/2044/2135
f 2157/2045/2157 2156/2042/2156 2158/2046/2158
f 2158/2046/2158 2136/2044/2135 2139/2047/2139
f 2143/2048/2143 2158/2046/2158 2139/2047/2139
f 2143/2048/2143 2159/2049/2159 2158/2046/2158
f 2157/2045/2157 2158/2046/2158 2159/2049/2159
f 2159/2049/2159 2143/2048/2143 2147/2050/2147
f 2152/2038/2152 2153/2039/2153 2160/2051/2160
f 2160/2051/2160 2153/2039/2153 2157/2045/2157
f 2159/2049/2159 2147/2050/2147 2161/2052/2161
f 2162/2053/2162 2161/2052/2161 2147/2050/2147
f 2157/2045/2157 2159/2049/2159 2163/2054/2163
f 2160/2051/2160 2157/2045/2157 2163/2054/2163
f 2161/2052/2161 2163/2054/2163 2159/2049/2159
f 2152/2038/2152 2160/2051/2160 2164/2055/2164
f 2149/2035/2149 2152/2038/2152 2164/2055/2164
f 2164/2055/2164 2165/2056/2165 2149/2035/2149
f 2165/2056/2165 2146/2032/2146 2149/2035/2149
f 2166/2057/2166 2164/2055/2164 2160/2051/2160
f 2164/2055/2164 2166/2057/2166 2165/2056/2165
f 2167/2058/2167 2160/2051/2160 2163/2054/2163
f 2166/2057/2166 2160/2051/2160 2167/2058/2167
f 2168/2059/2168 2166/2057/2166 2167/2058/2167
f 2167/2058/2167 2163/2054/2163 2169/2060/2169
f 2161/2052/2161 2169/2060/2169 2163/2054/2163
f 2169/2060/2169 2168/2059/2168 2167/2058/2167
f 2162/2053/2162 2170/2061/2170 2161/2052/2161
f 2170/2061/2170 2169/2060/2169 2161/2052/2161
f 2165/2056/2165 2171/2062/2171 2146/2032/2146
f 2147/2033/2147 2146/2032/2146 2171/2062/2171
f 2165/2056/2165 2166/2057/2166 2172/2063/2172
f 2168/2059/2168 2172/2063/2172 2166/2057/2166
f 2147/2033/2147 2171/2062/2171 2173/2064/2173
f 2147/2033/2147 2173/2064/2173 2162/2065/2162
f 2174/2066/2174 2162/2065/2162 2173/2064/2173
f 2171/2062/2171 2165/2056/2165 2175/2067/2175
f 2171/2062/2171 2175/2067/2175 2173/2064/2173
f 2165/2056/2165 2172/2063/2172 2175/2067/2175
f 2174/2066/2174 2173/2064/2173 2176/2068/2176
f 2176/2068/2176 2173/2064/2173 2175/2067/2175
f 2177/2069/2177 2175/2067/2175 2172/2063/2172
f 2176/2068/2176 2175/2067/2175 2177/2069/2177
f 2174/2066/2174 2176/2068/2176 2178/2070/2178
f 2177/2069/2177 2178/2070/2178 2176/2068/2176
f 2174/2066/2174 2178/2070/2178 2179/2071/2179
f 2179/2071/2179 2178/2070/2178 2180/2072/2180
f 2179/2071/2179 2180/2072/2180 2181/2073/2181
f 2168/2059/2168 2182/2074/2182 2172/2063/2172
f 2177/2069/2177 2172/2063/2172 2182/2074/2182
f 2177/2069/2177 2183/2075/2183 2178/2070/2178
f 2180/2072/2180 2178/2070/2178 2183/2075/2183
f 2181/2073/2181 2180/2072/2180 2184/2076/2184
f 2181/2073/2181 2184/2076/2184 2185/2077/2185
f 2186/2078/2186 2185/2077/2185 2184/2076/2184
f 2186/2078/2186 2187/2079/2187 2185/2077/2185
f 2184/2076/2184 2188/2080/2188 2186/2078/2186
f 2184/2076/2184 2189/2081/2189 2188/2080/2188
f 2180/2072/2180 2189/2081/2189 2184/2076/2184
f 2189/2081/2189 2190/2082/2190 2188/2080/2188
f 2180/2072/2180 2191/2083/2191 2189/2081/2189
f 2180/2072/2180 2183/2075/2183 2191/2083/2191
f 2189/2081/2189 2192/2084/2192 2190/2082/2190
f 2191/2083/2191 2192/2084/2192 2189/2081/2189
f 2192/2084/2192 2193/2085/2193 2190/2082/2190
f 2194/2086/2194 2183/2075/2183 2177/2069/2177
f 2194/2086/2194 2177/2069/2177 2182/2074/2182
f 2183/2075/2183 2195/2087/2195 2191/2083/2191
f 2183/2075/2183 2194/2086/2194 2195/2087/2195
f 2191/2083/2191 2195/2087/2195 2192/2084/2192
f 2192/2084/2192 2196/2088/2196 2193/2085/2193
f 2196/2088/2196 2197/2089/2197 2193/2085/2193
f 2182/2074/2182 2198/2090/2198 2194/2086/2194
f 2195/2087/2195 2194/2086/2194 2198/2090/2198
f 2192/2084/2192 2195/2087/2195 2199/2091/2199
f 2192/2084/2192 2199/2091/2199 2196/2088/2196
f 2195/2087/2195 2198/2090/2198 2199/2091/2199
f 2196/2088/2196 2200/2092/2200 2197/2089/2197
f 2199/2091/2199 2200/2092/2200 2196/2088/2196
f 2200/2092/2200 2201/2093/2201 2197/2089/2197
f 2199/2091/2199 2202/2094/2202 2200/2092/2200
f 2198/2090/2198 2202/2094/2202 2199/2091/2199
f 2200/2092/2200 2203/2095/2203 2201/2093/2201
f 2202/2094/2202 2203/2095/2203 2200/2092/2200
f 2203/2095/2203 2187/2096/2187 2201/2093/2201
f 2203/2095/2203 2185/2097/2185 2187/2096/2187
f 2204/2098/2204 2185/2097/2185 2203/2095/2203
f 2202/2094/2202 2204/2098/2204 2203/2095/2203
f 2204/2098/2204 2181/2099/2181 2185/2097/2185
f 2179/2100/2179 2181/2099/2181 2204/2098/2204
f 2179/2100/2179 2204/2098/2204 2205/2101/2205
f 2202/2094/2202 2205/2101/2205 2204/2098/2204
f 2205/2101/2205 2174/2102/2174 2179/2100/2179
f 2198/2090/2198 2206/2103/2206 2202/2094/2202
f 2202/2094/2202 2206/2103/2206 2205/2101/2205
f 2205/2101/2205 2207/2104/2207 2174/2102/2174
f 2207/2104/2207 2205/2101/2205 2206/2103/2206
f 2162/2053/2162 2174/2102/2174 2207/2104/2207
f 2162/2053/2162 2207/2104/2207 2170/2061/2170
f 2208/2105/2208 2206/2103/2206 2198/2090/2198
f 2182/2074/2182 2208/2105/2208 2198/2090/2198
f 2168/2059/2168 2208/2105/2208 2182/2074/2182
f 2207/2104/2207 2206/2103/2206 2209/2106/2209
f 2208/2105/2208 2209/2106/2209 2206/2103/2206
f 2170/2061/2170 2207/2104/2207 2209/2106/2209
f 2209/2106/2209 2208/2105/2208 2168/2059/2168
f 2170/2061/2170 2209/2106/2209 2210/2107/2210
f 2209/2106/2209 2168/2059/2168 2210/2107/2210
f 2170/2061/2170 2210/2107/2210 2169/2060/2169
f 2169/2060/2169 2210/2107/2210 2168/2059/2168
f 2211/2020/2211 2213/2021/2212 2212/2022/2213
f 2211/2020/2211 2214/2023/2214 2213/2021/2212
f 2214/2023/2214 2211/2020/2211 2215/2024/2215
f 2216/2025/2216 2213/2021/2212 2214/2023/2214
f 2214/2023/2214 2215/2024/2215 2217/2026/2217
f 2217/2026/2217 2215/2024/2215 2218/2027/2218
f 2216/2025/2216 2214/2023/2214 2219/2028/2219
f 2219/2028/2219 2214/2023/2214 2217/2026/2217
f 2220/2029/2220 2216/2025/2216 2219/2028/2219
f 2217/2026/2217 2218/2027/2218 2221/2030/2221
f 2221/2030/2221 2218/2027/2218 2222/2031/2222
f 2220/2029/2220 2219/2028/2219 2223/2032/2223
f 2224/2033/2224 2220/2029/2220 2223/2032/2223
f 2219/2028/2219 2217/2026/2217 2225/2034/2225
f 2225/2034/2225 2217/2026/2217 2221/2030/2221
f 2219/2028/2219 2225/2034/2225 2226/2035/2226
f 2219/2028/2219 2226/2035/2226 2223/2032/2223
f 2221/2030/2221 2222/2031/2222 2227/2036/2227
f 2227/2036/2227 2222/2031/2222 2228/2037/2228
f 2225/2034/2225 2221/2030/2221 2229/2038/2229
f 2226/2035/2226 2225/2034/2225 2229/2038/2229
f 2221/2030/2221 2227/2036/2227 2230/2039/2230
f 2221/2030/2221 2230/2039/2230 2229/2038/2229
f 2227/2036/2227 2228/2037/2228 2231/2040/2231
f 2230/2039/2230 2227/2036/2227 2231/2040/2231
f 2231/2040/2231 2228/2037/2228 2232/2041/2232
f 2231/2040/2231 2232/2041/2232 2233/2042/2233
f 2233/2042/2233 2232/2041/2232 2212/2043/2213
f 2233/2042/2233 2212/2043/2213 2213/2044/2212
f 2230/2039/2230 2231/2040/2231 2234/2045/2234
f 2234/2045/2234 2231/2040/2231 2233/2042/2233
f 2235/2046/2235 2233/2042/2233 2213/2044/2212
f 2234/2045/2234 2233/2042/2233 2235/2046/2235
f 2235/2046/2235 2213/2044/2212 2216/2047/2216
f 2220/2048/2220 2235/2046/2235 2216/2047/2216
f 2220/2048/2220 2236/2049/2236 2235/2046/2235
f 2234/2045/2234 2235/2046/2235 2236/2049/2236
f 2236/2049/2236 2220/2048/2220 2224/2050/2224
f 2229/2038/2229 2230/2039/2230 2237/2051/2237
f 2237/2051/2237 2230/2039/2230 2234/2045/2234
f 2236/2049/2236 2224/2050/2224 2238/2052/2238
f 2239/2053/2239 2238/2052/2238 2224/2050/2224
f 2234/2045/2234 2236/2049/2236 2240/2054/2240
f 2237/2051/2237 2234/2045/2234 2240/2054/2240
f 2238/2052/2238 2240/2054/2240 2236/2049/2236
f 2229/2038/2229 2237/2051/2237 2241/2055/2241
f 2226/2035/2226 2229/2038/2229 2241/2055/2241
f 2241/2055/2241 2242/2056/2242 2226/2035/2226
f 2242/2056/2242 2223/2032/2223 2226/2035/2226
f 2243/2057/2243 2241/2055/2241 2237/2051/2237
f 2241/2055/2241 2243/2057/2243 2242/2056/2242
f 2244/2058/2244 2237/2051/2237 2240/2054/2240
f 2243/2057/2243 2237/2051/2237 2244/2058/2244
f 2245/2059/2245 2243/2057/2243 2244/2058/2244
f 2244/2058/2244 2240/2054/2240 2246/2060/2246
f 2238/2052/2238 2246/2060/2246 2240/2054/2240
f 2246/2060/2246 2245/2059/2245 2244/2058/2244
f 2239/2053/2239 2247/2061/2247 2238/2052/2238
f 2247/2061/2247 2246/2060/2246 2238/2052/2238
f 2242/2056/2242 2248/2062/2248 2223/2032/2223
f 2224/2033/2224 2223/2032/2223 2248/2062/2248
f 2242/2056/2242 2243/2057/2243 2249/2063/2249
f 2245/2059/2245 2249/2063/2249 2243/2057/2243
f 2224/2033/2224 2248/2062/2248 2250/2064/2250
f 2224/2033/2224 2250/2064/2250 2239/2065/2239
f 2251/2066/2251 2239/2065/2239 2250/2064/2250
f 2248/2062/2248 2242/2056/2242 2252/2067/2252
f 2248/2062/2248 2252/2067/2252 2250/2064/2250
f 2242/2056/2242 2249/2063/2249 2252/2067/2252
f 2251/2066/2251 2250/2064/2250 2253/2068/2253
f 2253/2068/2253 2250/2064/2250 2252/2067/2252
f 2254/2069/2254 2252/2067/2252 2249/2063/2249
f 2253/2068/2253 2252/2067/2252 2254/2069/2254
f 2251/2066/2251 2253/2068/2253 2255/2070/2255
f 2254/2069/2254 2255/2070/2255 2253/2068/2253
f 2251/2066/2251 2255/2070/2255 2256/2071/2256
f 2256/2071/2256 2255/2070/2255 2257/2072/2257
f 2256/2071/2256 2257/2072/2257 2258/2073/2258
f 2245/2059/2245 2259/2074/2259 2249/2063/2249
f 2254/2069/2254 2249/2063/2249 2259/2074/2259
f 2254/2069/2254 2260/2075/2260 2255/2070/2255
f 2257/2072/2257 2255/2070/2255 2260/2075/2260
f 2258/2073/2258 2257/2072/2257 2261/2076/2261
f 2258/2073/2258 2261/2076/2261 2262/2077/2262
f 2263/2078/2263 2262/2077/2262 2261/2076/2261
f 2263/2078/2263 2264/2079/2264 2262/2077/2262
f 2261/2076/2261 2265/2080/2265 2263/2078/2263
f 2261/2076/2261 2266/2081/2266 2265/2080/2265
f 2257/2072/2257 2266/2081/2266 2261/2076/2261
f 2266/2081/2266 2267/2082/2267 2265/2080/2265
f 2257/2072/2257 2268/2083/2268 2266/2081/2266
f 2257/2072/2257 2260/2075/2260 2268/2083/2268
f 2266/2081/2266 2269/2084/2269 2267/2082/2267
f 2268/2083/2268 2269/2084/2269 2266/2081/2266
f 2269/2084/2269 2270/2085/2270 2267/2082/2267
f 2271/2086/2271 2260/2075/2260 2254/2069/2254
f 2271/2086/2271 2254/2069/2254 2259/2074/2259
f 2260/2075/2260 2272/2087/2272 2268/2083/2268
f 2260/2075/2260 2271/2086/2271 2272/2087/2272
f 2268/2083/2268 2272/2087/2272 2269/2084/2269
f 2269/2084/2269 2273/2088/2273 2270/2085/2270
f 2273/2088/2273 2274/2089/2274 2270/2085/2270
f 2259/2074/2259 2275/2090/2275 2271/2086/2271
f 2272/2087/2272 2271/2086/2271 2275/2090/2275
f 2269/2084/2269 2272/2087/2272 2276/2091/2276
f 2269/2084/2269 2276/2091/2276 2273/2088/2273
f 2272/2087/2272 2275/2090/2275 2276/2091/2276
f 2273/2088/2273 2277/2092/2277 2274/2089/2274
f 2276/2091/2276 2277/2092/2277 2273/2088/2273
f 2277/2092/2277 2278/2093/2278 2274/2089/2274
f 2276/2091/2276 2279/2094/2279 2277/2092/2277
f 2275/2090/2275 2279/2094/2279 2276/2091/2276
f 2277/2092/2277 2280/2095/2280 2278/2093/2278
f 2279/2094/2279 2280/2095/2280 2277/2092/2277
f 2280/2095/2280 2264/2096/2264 2278/2093/2278
f 2280/2095/2280 2262/2097/2262 2264/2096/2264
f 2281/2098/2281 2262/2097/2262 2280/2095/2280
f 2279/2094/2279 2281/2098/2281 2280/2095/2280
f 2281/2098/2281 2258/2099/2258 2262/2097/2262
f 2256/2100/2256 2258/2099/2258 2281/2098/2281
f 2256/2100/2256 2281/2098/2281 2282/2101/2282
f 2279/2094/2279 2282/2101/2282 2281/2098/2281
f 2282/2101/2282 2251/2102/2251 2256/2100/2256
f 2275/2090/2275 2283/2103/2283 2279/2094/2279
f 2279/2094/2279 2283/2103/2283 2282/2101/2282
f 2282/2101/2282 2284/2104/2284 2251/2102/2251
f 2284/2104/2284 2282/2101/2282 2283/2103/2283
f 2239/2053/2239 2251/2102/2251 2284/2104/2284
f 2239/2053/2239 2284/2104/2284 2247/2061/2247
f 2285/2105/2285 2283/2103/2283 2275/2090/2275
f 2259/2074/2259 2285/2105/2285 2275/2090/2275
f 2245/2059/2245 2285/2105/2285 2259/2074/2259
f 2284/2104/2284 2283/2103/2283 2286/2106/2286
f 2285/2105/2285 2286/2106/2286 2283/2103/2283
f 2247/2061/2247 2284/2104/2284 2286/2106/2286
f 2286/2106/2286 2285/2105/2285 2245/2059/2245
f 2247/2061/2247 2286/2106/2286 2287/2107/2287
f 2286/2106/2286 2245/2059/2245 2287/2107/2287
f 2247/2061/2247 2287/2107/2287 2246/2060/2246
f 2246/2060/2246 2287/2107/2287 2245/2059/2245
f 2288/2020/2288 2290/2022/2289 2289/2021/2290
f 2288/2020/2288 2289/2021/2290 2291/2023/2291
f 2291/2023/2291 2292/2024/2292 2288/2020/2288
f 2293/2025/2293 2291/2023/2291 2289/2021/2290
f 2291/2023/2291 2294/2026/2294 2292/2024/2292
f 2294/2026/2294 2295/2027/2295 2292/2024/2292
f 2293/2025/2293 2296/2028/2296 2291/2023/2291
f 2296/2028/2296 2294/2026/2294 2291/2023/2291
f 2297/2029/2297 2296/2028/2296 2293/2025/2293
f 2294/2026/2294 2298/2030/2298 2295/2027/2295
f 2298/2030/2298 2299/2031/2299 2295/2027/2295
f 2297/2029/2297 2300/2032/2300 2296/2028/2296
f 2301/2033/2301 2300/2032/2300 2297/2029/2297
f 2296/2028/2296 2302/2034/2302 2294/2026/2294
f 2302/2034/2302 2298/2030/2298 2294/2026/2294
f 2296/2028/2296 2303/2035/2303 2302/2034/2302
f 2296/2028/2296 2300/2032/2300 2303/2035/2303
f 2298/2030/2298 2304/2036/2304 2299/2031/2299
f 2304/2036/2304 2305/2037/2305 2299/2031/2299
f 2302/2034/2302 2306/2038/2306 2298/2030/2298
f 2303/2035/2303 2306/2038/2306 2302/2034/2302
f 2298/2030/2298 2307/2039/2307 2304/2036/2304
f 2298/2030/2298 2306/2038/2306 2307/2039/2307
f 2304/2036/2304 2308/2040/2308 2305/2037/2305
f 2307/2039/2307 2308/2040/2308 2304/2036/2304
f 2308/2040/2308 2309/2041/2309 2305/2037/2305
f 2308/2040/2308 2310/2042/2310 2309/2041/2309
f 2310/2042/2310 2290/2043/2289 2309/2041/2309
f 2310/2042/2310 2289/2044/2290 2290/2043/2289
f 2307/2039/2307 2311/2045/2311 2308/2040/2308
f 2311/2045/2311 2310/2042/2310 2308/2040/2308
f 2312/2046/2312 2289/2044/2290 2310/2042/2310
f 2311/2045/2311 2312/2046/2312 2310/2042/2310
f 2312/2046/2312 2293/2047/2293 2289/2044/2290
f 2297/2048/2297 2293/2047/2293 2312/2046/2312
f 2297/2048/2297 2312/2046/2312 2313/2049/2313
f 2311/2045/2311 2313/2049/2313 2312/2046/2312
f 2313/2049/2313 2301/2050/2301 2297/2048/2297
f 2306/2038/2306 2314/2051/2314 2307/2039/2307
f 2314/2051/2314 2311/2045/2311 2307/2039/2307
f 2313/2049/2313 2315/2052/2315 2301/2050/2301
f 2316/2053/2316 2301/2050/2301 2315/2052/2315
f 2311/2045/2311 2317/2054/2317 2313/2049/2313
f 2314/2051/2314 2317/2054/2317 2311/2045/2311
f 2315/2052/2315 2313/2049/2313 2317/2054/2317
f 2306/2038/2306 2318/2055/2318 2314/2051/2314
f 2303/2035/2303 2318/2055/2318 2306/2038/2306
f 2318/2055/2318 2303/2035/2303 2319/2056/2319
f 2319/2056/2319 2303/2035/2303 2300/2032/2300
f 2320/2057/2320 2314/2051/2314 2318/2055/2318
f 2318/2055/2318 2319/2056/2319 2320/2057/2320
f 2321/2058/2321 2317/2054/2317 2314/2051/2314
f 2320/2057/2320 2321/2058/2321 2314/2051/2314
f 2322/2059/2322 2321/2058/2321 2320/2057/2320
f 2321/2058/2321 2323/2060/2323 2317/2054/2317
f 2315/2052/2315 2317/2054/2317 2323/2060/2323
f 2323/2060/2323 2321/2058/2321 2322/2059/2322
f 2316/2053/2316 2315/2052/2315 2324/2061/2324
f 2324/2061/2324 2315/2052/2315 2323/2060/2323
f 2319/2056/2319 2300/2032/2300 2325/2062/2325
f 2301/2033/2301 2325/2062/2325 2300/2032/2300
f 2319/2056/2319 2326/2063/2326 2320/2057/2320
f 2322/2059/2322 2320/2057/2320 2326/2063/2326
f 2301/2033/2301 2327/2064/2327 2325/2062/2325
f 2301/2033/2301 2316/2065/2316 2327/2064/2327
f 2328/2066/2328 2327/2064/2327 2316/2065/2316
f 2325/2062/2325 2329/2067/2329 2319/2056/2319
f 2325/2062/2325 2327/2064/2327 2329/2067/2329
f 2319/2056/2319 2329/2067/2329 2326/2063/2326
f 2328/2066/2328 2330/2068/2330 2327/2064/2327
f 2330/2068/2330 2329/2067/2329 2327/2064/2327
f 2331/2069/2331 2326/2063/2326 2329/2067/2329
f 2330/2068/2330 2331/2069/2331 2329/2067/2329
f 2328/2066/2328 2332/2070/2332 2330/2068/2330
f 2331/2069/2331 2330/2068/2330 2332/2070/2332
f 2328/2066/2328 2333/2071/2333 2332/2070/2332
f 2333/2071/2333 2334/2072/2334 2332/2070/2332
f 2333/2071/2333 2335/2073/2335 2334/2072/2334
f 2322/2059/2322 2326/2063/2326 2336/2074/2336
f 2331/2069/2331 2336/2074/2336 2326/2063/2326
f 2331/2069/2331 2332/2070/2332 2337/2075/2337
f 2334/2072/2334 2337/2075/2337 2332/2070/2332
f 2335/2073/2335 2338/2076/2338 2334/2072/2334
f 2335/2073/2335 2339/2077/2339 2338/2076/2338
f 2340/2078/2340 2338/2076/2338 2339/2077/2339
f 2340/2078/2340 2339/2077/2339 2341/2079/2341
f 2338/2076/2338 2340/2078/2340 2342/2080/2342
f 2338/2076/2338 2342/2080/2342 2343/2081/2343
f 2334/2072/2334 2338/2076/2338 2343/2081/2343
f 2343/2081/2343 2342/2080/2342 2344/2082/2344
f 2334/2072/2334 2343/2081/2343 2345/2083/2345
f 2334/2072/2334 2345/2083/2345 2337/2075/2337
f 2343/2081/2343 2344/2082/2344 2346/2084/2346
f 2345/2083/2345 2343/2081/2343 2346/2084/2346
f 2346/2084/2346 2344/2082/2344 2347/2085/2347
f 2348/2086/2348 2331/2069/2331 2337/2075/2337
f 2348/2086/2348 2336/2074/2336 2331/2069/2331
f 2337/2075/2337 2345/2083/2345 2349/2087/2349
f 2337/2075/2337 2349/2087/2349 2348/2086/2348
f 2345/2083/2345 2346/2084/2346 2349/2087/2349
f 2346/2084/2346 2347/2085/2347 2350/2088/2350
f 2350/2088/2350 2347/2085/2347 2351/2089/2351
f 2336/2074/2336 2348/2086/2348 2352/2090/2352
f 2349/2087/2349 2352/2090/2352 2348/2086/2348
f 2346/2084/2346 2353/2091/2353 2349/2087/2349
f 2346/2084/2346 2350/2088/2350 2353/2091/2353
f 2349/2087/2349 2353/2091/2353 2352/2090/2352
f 2350/2088/2350 2351/2089/2351 2354/2092/2354
f 2353/2091/2353 2350/2088/2350 2354/2092/2354
f 2354/2092/2354 2351/2089/2351 2355/2093/2355
f 2353/2091/2353 2354/2092/2354 2356/2094/2356
f 2352/2090/2352 2353/2091/2353 2356/2094/2356
f 2354/2092/2354 2355/2093/2355 2357/2095/2357
f 2356/2094/2356 2354/2092/2354 2357/2095/2357
f 2357/2095/2357 2355/2093/2355 2341/2096/2341
f 2357/2095/2357 2341/2096/2341 2339/2097/2339
f 2358/2098/2358 2357/2095/2357 2339/2097/2339
f 2356/2094/2356 2357/2095/2357 2358/2098/2358
f 2358/2098/2358 2339/2097/2339 2335/2099/2335
f 2333/2100/2333 2358/2098/2358 2335/2099/2335
f 2333/2100/2333 2359/2101/2359 2358/2098/2358
f 2356/2094/2356 2358/2098/2358 2359/2101/2359
f 2359/2101/2359 2333/2100/2333 2328/2102/2328
f 2352/2090/2352 2356/2094/2356 2360/2103/2360
f 2356/2094/2356 2359/2101/2359 2360/2103/2360
f 2359/2101/2359 2328/2102/2328 2361/2104/2361
f 2361/2104/2361 2360/2103/2360 2359/2101/2359
f 2316/2053/2316 2361/2104/2361 2328/2102/2328
f 2316/2053/2316 2324/2061/2324 2361/2104/2361
f 2362/2105/2362 2352/2090/2352 2360/2103/2360
f 2336/2074/2336 2352/2090/2352 2362/2105/2362
f 2322/2059/2322 2336/2074/2336 2362/2105/2362
f 2361/2104/2361 2363/2106/2363 2360/2103/2360
f 2362/2105/2362 2360/2103/2360 2363/2106/2363
f 2324/2061/2324 2363/2106/2363 2361/2104/2361
f 2363/2106/2363 2322/2059/2322 2362/2105/2362
f 2324/2061/2324 2364/2107/2364 2363/2106/2363
f 2363/2106/2363 2364/2107/2364 2322/2059/2322
f 2324/2061/2324 2323/2060/2323 2364/2107/2364
f 2323/2060/2323 2322/2059/2322 2364/2107/2364
f 2365/2020/2365 2367/2022/2366 2366/2021/2367
f 2365/2020/2365 2366/2021/2367 2368/2023/2368
f 2368/2023/2368 2369/2024/2369 2365/2020/2365
f 2370/2025/2370 2368/2023/2368 2366/2021/2367
f 2368/2023/2368 2371/2026/2371 2369/2024/2369
f 2371/2026/2371 2372/2027/2372 2369/2024/2369
f 2370/2025/2370 2373/2028/2373 2368/2023/2368
f 2373/2028/2373 2371/2026/2371 2368/2023/2368
f 2374/2029/2374 2373/2028/2373 2370/2025/2370
f 2371/2026/2371 2375/2030/2375 2372/2027/2372
f 2375/2030/2375 2376/2031/2376 2372/2027/2372
f 2374/2029/2374 2377/2032/2377 2373/2028/2373
f 2378/2033/2378 2377/2032/2377 2374/2029/2374
f 2373/2028/2373 2379/2034/2379 2371/2026/2371
f 2379/2034/2379 2375/2030/2375 2371/2026/2371
f 2373/2028/2373 2380/2035/2380 2379/2034/2379
f 2373/2028/2373 2377/2032/2377 2380/2035/2380
f 2375/2030/2375 2381/2036/2381 2376/2031/2376
f 2381/2036/2381 2382/2037/2382 2376/2031/2376
f 2379/2034/2379 2383/2038/2383 2375/2030/2375
f 2380/2035/2380 2383/2038/2383 2379/2034/2379
f 2375/2030/2375 2384/2039/2384 2381/2036/2381
f 2375/2030/2375 2383/2038/2383 2384/2039/2384
f 2381/2036/2381 2385/2040/2385 2382/2037/2382
f 2384/2039/2384 2385/2040/2385 2381/2036/2381
f 2385/2040/2385 2386/2041/2386 2382/2037/2382
f 2385/2040/2385 2387/2042/2387 2386/2041/2386
f 2387/2042/2387 2367/2043/2366 2386/2041/2386
f 2387/2042/2387 2366/2044/2367 2367/2043/2366
f 2384/2039/2384 2388/2045/2388 2385/2040/2385
f 2388/2045/2388 2387/2042/2387 2385/2040/2385
f 2389/2046/2389 2366/2044/2367 2387/2042/2387
f 2388/2045/2388 2389/2046/2389 2387/2042/2387
f 2389/2046/2389 2370/2047/2370 2366/2044/2367
f 2374/2048/2374 2370/2047/2370 2389/2046/2389
f 2374/2048/2374 2389/2046/2389 2390/2049/2390
f 2388/2045/2388 2390/2049/2390 2389/2046/2389
f 2390/2049/2390 2378/2050/2378 2374/2048/2374
f 2383/2038/2383 2391/2051/2391 2384/2039/2384
f 2391/2051/2391 2388/2045/2388 2384/2039/2384
f 2390/2049/2390 2392/2052/2392 2378/2050/2378
f 2393/2053/2393 2378/2050/2378 2392/2052/2392
f 2388/2045/2388 2394/2054/2394 2390/2049/2390
f 2391/2051/2391 2394/2054/2394 2388/2045/2388
f 2392/2052/2392 2390/2049/2390 2394/2054/2394
f 2383/2038/2383 2395/2055/2395 2391/2051/2391
f 2380/2035/2380 2395/2055/2395 2383/2038/2383
f 2395/2055/2395 2380/2035/2380 2396/2056/2396
f 2396/2056/2396 2380/2035/2380 2377/2032/2377
f 2397/2057/2397 2391/2051/2391 2395/2055/2395
f 2395/2055/2395 2396/2056/2396 2397/2057/2397
f 2398/2058/2398 2394/2054/2394 2391/2051/2391
f 2397/2057/2397 2398/2058/2398 2391/2051/2391
f 2399/2059/2399 2398/2058/2398 2397/2057/2397
f 2398/2058/2398 2400/2060/2400 2394/2054/2394
f 2392/2052/2392 2394/2054/2394 2400/2060/2400
f 2400/2060/2400 2398/2058/2398 2399/2059/2399
f 2393/2053/2393 2392/2052/2392 2401/2061/2401
f 2401/2061/2401 2392/2052/2392 2400/2060/2400
f 2396/2056/2396 2377/2032/2377 2402/2062/2402
f 2378/2033/2378 2402/2062/2402 2377/2032/2377
f 2396/2056/2396 2403/2063/2403 2397/2057/2397
f 2399/2059/2399 2397/2057/2397 2403/2063/2403
f 2378/2033/2378 2404/2064/2404 2402/2062/2402
f 2378/2033/2378 2393/2065/2393 2404/2064/2404
f 2405/2066/2405 2404/2064/2404 2393/2065/2393
f 2402/2062/2402 2406/2067/2406 2396/2056/2396
f 2402/2062/2402 2404/2064/2404 2406/2067/2406
f 2396/2056/2396 2406/2067/2406 2403/2063/2403
f 2405/2066/2405 2407/2068/2407 2404/2064/2404
f 2407/2068/2407 2406/2067/2406 2404/2064/2404
f 2408/2069/2408 2403/2063/2403 2406/2067/2406
f 2407/2068/2407 2408/2069/2408 2406/2067/2406
f 2405/2066/2405 2409/2070/2409 2407/2068/2407
f 2408/2069/2408 2407/2068/2407 2409/2070/2409
f 2405/2066/2405 2410/2071/2410 2409/2070/2409
f 2410/2071/2410 2411/2072/2411 2409/2070/2409
f 2410/2071/2410 2412/2073/2412 2411/2072/2411
f 2399/2059/2399 2403/2063/2403 2413/2074/2413
f 2408/2069/2408 2413/2074/2413 2403/2063/2403
f 2408/2069/2408 2409/2070/2409 2414/2075/2414
f 2411/2072/2411 2414/2075/2414 2409/2070/2409
f 2412/2073/2412 2415/2076/2415 2411/2072/2411
f 2412/2073/2412 2416/2077/2416 2415/2076/2415
f 2417/2078/2417 2415/2076/2415 2416/2077/2416
f 2417/2078/2417 2416/2077/2416 2418/2079/2418
f 2415/2076/2415 2417/2078/2417 2419/2080/2419
f 2415/2076/2415 2419/2080/2419 2420/2081/2420
f 2411/2072/2411 2415/2076/2415 2420/2081/2420
f 2420/2081/2420 2419/2080/2419 2421/2082/2421
f 2411/2072/2411 2420/2081/2420 2422/2083/2422
f 2411/2072/2411 2422/2083/2422 2414/2075/2414
f 2420/2081/2420 2421/2082/2421 2423/2084/2423
f 2422/2083/2422 2420/2081/2420 2423/2084/2423
f 2423/2084/2423 2421/2082/2421 2424/2085/2424
f 2425/2086/2425 2408/2069/2408 2414/2075/2414
f 2425/2086/2425 2413/2074/2413 2408/2069/2408
f 2414/2075/2414 2422/2083/2422 2426/2087/2426
f 2414/2075/2414 2426/2087/2426 2425/2086/2425
f 2422/2083/2422 2423/2084/2423 2426/2087/2426
f 2423/2084/2423 2424/2085/2424 2427/2088/2427
f 2427/2088/2427 2424/2085/2424 2428/2089/2428
f 2413/2074/2413 2425/2086/2425 2429/2090/2429
f 2426/2087/2426 2429/2090/2429 2425/2086/2425
f 2423/2084/2423 2430/2091/2430 2426/2087/2426
f 2423/2084/2423 2427/2088/2427 2430/2091/2430
f 2426/2087/2426 2430/2091/2430 2429/2090/2429
f 2427/2088/2427 2428/2089/2428 2431/2092/2431
f 2430/2091/2430 2427/2088/2427 2431/2092/2431
f 2431/2092/2431 2428/2089/2428 2432/2093/2432
f 2430/2091/2430 2431/2092/2431 2433/2094/2433
f 2429/2090/2429 2430/2091/2430 2433/2094/2433
f 2431/2092/2431 2432/2093/2432 2434/2095/2434
f 2433/2094/2433 2431/2092/2431 2434/2095/2434
f 2434/2095/2434 2432/2093/2432 2418/2096/2418
f 2434/2095/2434 2418/2096/2418 2416/2097/2416
f 2435/2098/2435 2434/2095/2434 2416/2097/2416
f 2433/2094/2433 2434/2095/2434 2435/2098/2435
f 2435/2098/2435 2416/2097/2416 2412/2099/2412
f 2410/2100/2410 2435/2098/2435 2412/2099/2412
f 2410/2100/2410 2436/2101/2436 2435/2098/2435
f 2433/2094/2433 2435/2098/2435 2436/2101/2436
f 2436/2101/2436 2410/2100/2410 2405/2102/2405
f 2429/2090/2429 2433/2094/2433 2437/2103/2437
f 2433/2094/2433 2436/2101/2436 2437/2103/2437
f 2436/2101/2436 2405/2102/2405 2438/2104/2438
f 2438/2104/2438 2437/2103/2437 2436/2101/2436
f 2393/2053/2393 2438/2104/2438 2405/2102/2405
f 2393/2053/2393 2401/2061/2401 2438/2104/2438
f 2439/2105/2439 2429/2090/2429 2437/2103/2437
f 2413/2074/2413 2429/2090/2429 2439/2105/2439
f 2399/2059/2399 2413/2074/2413 2439/2105/2439
f 2438/2104/2438 2440/2106/2440 2437/2103/2437
f 2439/2105/2439 2437/2103/2437 2440/2106/2440
f 2401/2061/2401 2440/2106/2440 2438/2104/2438
f 2440/2106/2440 2399/2059/2399 2439/2105/2439
f 2401/2061/2401 2441/2107/2441 2440/2106/2440
f 2440/2106/2440 2441/2107/2441 2399/2059/2399
f 2401/2061/2401 2400/2060/2400 2441/2107/2441
f 2400/2060/2400 2399/2059/2399 2441/2107/2441
f 2442/2020/2442 2444/2022/2443 2443/2021/2444
f 2442/2020/2442 2443/2021/2444 2445/2023/2445
f 2445/2023/2445 2446/2024/2446 2442/2020/2442
f 2447/2025/2447 2445/2023/2445 2443/2021/2444
f 2445/2023/2445 2448/2026/2448 2446/2024/2446
f 2448/2026/2448 2449/2027/2449 2446/2024/2446
f 2447/2025/2447 2450/2028/2450 2445/2023/2445
f 2450/2028/2450 2448/2026/2448 2445/2023/2445
f 2451/2029/2451 2450/2028/2450 2447/2025/2447
f 2448/2026/2448 2452/2030/2452 2449/2027/2449
f 2452/2030/2452 2453/2031/2453 2449/2027/2449
f 2451/2029/2451 2454/2032/2454 2450/2028/2450
f 2455/2033/2455 2454/2032/2454 2451/2029/2451
f 2450/2028/2450 2456/2034/2456 2448/2026/2448
f 2456/2034/2456 2452/2030/2452 2448/2026/2448
f 2450/2028/2450 2457/2035/2457 2456/2034/2456
f 2450/2028/2450 2454/2032/2454 2457/2035/2457
f 2452/2030/2452 2458/2036/2458 2453/2031/2453
f 2458/2036/2458 2459/2037/2459 2453/2031/2453
f 2456/2034/2456 2460/2038/2460 2452/2030/2452
f 2457/2035/2457 2460/2038/2460 2456/2034/2456
f 2452/2030/2452 2461/2039/2461 2458/2036/2458
f 2452/2030/2452 2460/2038/2460 2461/2039/2461
f 2458/2036/2458 2462/2040/2462 2459/2037/2459
f 2461/2039/2461 2462/2040/2462 2458/2036/2458
f 2462/2040/2462 2463/2041/2463 2459/2037/2459
f 2462/2040/2462 2464/2042/2464 2463/2041/2463
f 2464/2042/2464 2444/2043/2443 2463/2041/2463
f 2464/2042/2464 2443/2044/2444 2444/2043/2443
f 2461/2039/2461 2465/2045/2465 2462/2040/2462
f 2465/2045/2465 2464/2042/2464 2462/2040/2462
f 2466/2046/2466 2443/2044/2444 2464/2042/2464
f 2465/2045/2465 2466/2046/2466 2464/2042/2464
f 2466/2046/2466 2447/2047/2447 2443/2044/2444
f 2451/2048/2451 2447/2047/2447 2466/2046/2466
f 2451/2048/2451 2466/2046/2466 2467/2049/2467
f 2465/2045/2465 2467/2049/2467 2466/2046/2466
f 2467/2049/2467 2455/2050/2455 2451/2048/2451
f 2460/2038/2460 2468/2051/2468 2461/2039/2461
f 2468/2051/2468 2465/2045/2465 2461/2039/2461
f 2467/2049/2467 2469/2052/2469 2455/2050/2455
f 2470/2053/2470 2455/2050/2455 2469/2052/2469
f 2465/2045/2465 2471/2054/2471 2467/2049/2467
f 2468/2051/2468 2471/2054/2471 2465/2045/2465
f 2469/2052/2469 2467/2049/2467 2471/2054/2471
f 2460/2038/2460 2472/2055/2472 2468/2051/2468
f 2457/2035/2457 2472/2055/2472 2460/2038/2460
f 2472/2055/2472 2457/2035/2457 2473/2056/2473
f 2473/2056/2473 2457/2035/2457 2454/2032/2454
f 2474/2057/2474 2468/2051/2468 2472/2055/2472
f 2472/2055/2472 2473/2056/2473 2474/2057/2474
f 2475/2058/2475 2471/2054/2471 2468/2051/2468
f 2474/2057/2474 2475/2058/2475 2468/2051/2468
f 2476/2059/2476 2475/2058/2475 2474/2057/2474
f 2475/2058/2475 2477/2060/2477 2471/2054/2471
f 2469/2052/2469 2471/2054/2471 2477/2060/2477
f 2477/2060/2477 2475/2058/2475 2476/2059/2476
f 2470/2053/2470 2469/2052/2469 2478/2061/2478
f 2478/2061/2478 2469/2052/2469 2477/2060/2477
f 2473/2056/2473 2454/2032/2454 2479/2062/2479
f 2455/2033/2455 2479/2062/2479 2454/2032/2454
f 2473/2056/2473 2480/2063/2480 2474/2057/2474
f 2476/2059/2476 2474/2057/2474 2480/2063/2480
f 2455/2033/2455 2481/2064/2481 2479/2062/2479
f 2455/2033/2455 2470/2065/2470 2481/2064/2481
f 2482/2066/2482 2481/2064/2481 2470/2065/2470
f 2479/2062/2479 2483/2067/2483 2473/2056/2473
f 2479/2062/2479 2481/2064/2481 2483/2067/2483
f 2473/2056/2473 2483/2067/2483 2480/2063/2480
f 2482/2066/2482 2484/2068/2484 2481/2064/2481
f 2484/2068/2484 2483/2067/2483 2481/2064/2481
f 2485/2069/2485 2480/2063/2480 2483/2067/2483
f 2484/2068/2484 2485/2069/2485 2483/2067/2483
f 2482/2066/2482 2486/2070/2486 2484/2068/2484
f 2485/2069/2485 2484/2068/2484 2486/2070/2486
f 2482/2066/2482 2487/2071/2487 2486/2070/2486
f 2487/2071/2487 2488/2072/2488 2486/2070/2486
f 2487/2071/2487 2489/2073/2489 2488/2072/2488
f 2476/2059/2476 2480/2063/2480 2490/2074/2490
f 2485/2069/2485 2490/2074/2490 2480/2063/2480
f 2485/2069/2485 2486/2070/2486 2491/2075/2491
f 2488/2072/2488 2491/2075/2491 2486/2070/2486
f 2489/2073/2489 2492/2076/2492 2488/2072/2488
f 2489/2073/2489 2493/2077/2493 2492/2076/2492
f 2494/2078/2494 2492/2076/2492 2493/2077/2493
f 2494/2078/2494 2493/2077/2493 2495/2079/2495
f 2492/2076/2492 2494/2078/2494 2496/2080/2496
f 2492/2076/2492 2496/2080/2496 2497/2081/2497
f 2488/2072/2488 2492/2076/2492 2497/2081/2497
f 2497/2081/2497 2496/2080/2496 2498/2082/2498
f 2488/2072/2488 2497/2081/2497 2499/2083/2499
f 2488/2072/2488 2499/2083/2499 2491/2075/2491
f 2497/2081/2497 2498/2082/2498 2500/2084/2500
f 2499/2083/2499 2497/2081/2497 2500/2084/2500
f 2500/2084/2500 2498/2082/2498 2501/2085/2501
f 2502/2086/2502 2485/2069/2485 2491/2075/2491
f 2502/2086/2502 2490/2074/2490 2485/2069/2485
f 2491/2075/2491 2499/2083/2499 2503/2087/2503
f 2491/2075/2491 2503/2087/2503 2502/2086/2502
f 2499/2083/2499 2500/2084/2500 2503/2087/2503
f 2500/2084/2500 2501/2085/2501 2504/2088/2504
f 2504/2088/2504 2501/2085/2501 2505/2089/2505
f 2490/2074/2490 2502/2086/2502 2506/2090/2506
f 2503/2087/2503 2506/2090/2506 2502/2086/2502
f 2500/2084/2500 2507/2091/2507 2503/2087/2503
f 2500/2084/2500 2504/2088/2504 2507/2091/2507
f 2503/2087/2503 2507/2091/2507 2506/2090/2506
f 2504/2088/2504 2505/2089/2505 2508/2092/2508
f 2507/2091/2507 2504/2088/2504 2508/2092/2508
f 2508/2092/2508 2505/2089/2505 2509/2093/2509
f 2507/2091/2507 2508/2092/2508 2510/2094/2510
f 2506/2090/2506 2507/2091/2507 2510/2094/2510
f 2508/2092/2508 2509/2093/2509 2511/2095/2511
f 2510/2094/2510 2508/2092/2508 2511/2095/2511
f 2511/2095/2511 2509/2093/2509 2495/2096/2495
f 2511/2095/2511 2495/2096/2495 2493/2097/2493
f 2512/2098/2512 2511/2095/2511 2493/2097/2493
f 2510/2094/2510 2511/2095/2511 2512/2098/2512
f 2512/2098/2512 2493/2097/2493 2489/2099/2489
f 2487/2100/2487 2512/2098/2512 2489/2099/2489
f 2487/2100/2487 2513/2101/2513 2512/2098/2512
f 2510/2094/2510 2512/2098/2512 2513/2101/2513
f 2513/2101/2513 2487/2100/2487 2482/2102/2482
f 2506/2090/2506 2510/2094/2510 2514/2103/2514
f 2510/2094/2510 2513/2101/2513 2514/2103/2514
f 2513/2101/2513 2482/2102/2482 2515/2104/2515
f 2515/2104/2515 2514/2103/2514 2513/2101/2513
f 2470/2053/2470 2515/2104/2515 2482/2102/2482
f 2470/2053/2470 2478/2061/2478 2515/2104/2515
f 2516/2105/2516 2506/2090/2506 2514/2103/2514
f 2490/2074/2490 2506/2090/2506 2516/2105/2516
f 2476/2059/2476 2490/2074/2490 2516/2105/2516
f 2515/2104/2515 2517/2106/2517 2514/2103/2514
f 2516/2105/2516 2514/2103/2514 2517/2106/2517
f 2478/2061/2478 2517/2106/2517 2515/2104/2515
f 2517/2106/2517 2476/2059/2476 2516/2105/2516
f 2478/2061/2478 2518/2107/2518 2517/2106/2517
f 2517/2106/2517 2518/2107/2518 2476/2059/2476
f 2478/2061/2478 2477/2060/2477 2518/2107/2518
f 2477/2060/2477 2476/2059/2476 2518/2107/2518
f 2519/2020/2519 2521/2022/2520 2520/2021/2521
f 2519/2020/2519 2520/2021/2521 2522/2023/2522
f 2522/2023/2522 2523/2024/2523 2519/2020/2519
f 2524/2025/2524 2522/2023/2522 2520/2021/2521
f 2522/2023/2522 2525/2026/2525 2523/2024/2523
f 2525/2026/2525 2526/2027/2526 2523/2024/2523
f 2524/2025/2524 2527/2028/2527 2522/2023/2522
f 2527/2028/2527 2525/2026/2525 2522/2023/2522
f 2528/2029/2528 2527/2028/2527 2524/2025/2524
f 2525/2026/2525 2529/2030/2529 2526/2027/2526
f 2529/2030/2529 2530/2031/2530 2526/2027/2526
f 2528/2029/2528 2531/2032/2531 2527/2028/2527
f 2532/2033/2532 2531/2032/2531 2528/2029/2528
f 2527/2028/2527 2533/2034/2533 2525/2026/2525
f 2533/2034/2533 2529/2030/2529 2525/2026/2525
f 2527/2028/2527 2534/2035/2534 2533/2034/2533
f 2527/2028/2527 2531/2032/2531 2534/2035/2534
f 2529/2030/2529 2535/2036/2535 2530/2031/2530
f 2535/2036/2535 2536/2037/2536 2530/2031/2530
f 2533/2034/2533 2537/2038/2537 2529/2030/2529
f 2534/2035/2534 2537/2038/2537 2533/2034/2533
f 2529/2030/2529 2538/2039/2538 2535/2036/2535
f 2529/2030/2529 2537/2038/2537 2538/2039/2538
f 2535/2036/2535 2539/2040/2539 2536/2037/2536
f 2538/2039/2538 2539/2040/2539 2535/2036/2535
f 2539/2040/2539 2540/2041/2540 2536/2037/2536
f 2539/2040/2539 2541/2042/2541 2540/2041/2540
f 2541/2042/2541 2521/2043/2520 2540/2041/2540
f 2541/2042/2541 2520/2044/2521 2521/2043/2520
f 2538/2039/2538 2542/2045/2542 2539/2040/2539
f 2542/2045/2542 2541/2042/2541 2539/2040/2539
f 2543/2046/2543 2520/2044/2521 2541/2042/2541
f 2542/2045/2542 2543/2046/2543 2541/2042/2541
f 2543/2046/2543 2524/2047/2524 2520/2044/2521
f 2528/2048/2528 2524/2047/2524 2543/2046/2543
f 2528/2048/2528 2543/2046/2543 2544/2049/2544
f 2542/2045/2542 2544/2049/2544 2543/2046/2543
f 2544/2049/2544 2532/2050/2532 2528/2048/2528
f 2537/2038/2537 2545/2051/2545 2538/2039/2538
f 2545/2051/2545 2542/2045/2542 2538/2039/2538
f 2544/2049/2544 2546/2052/2546 2532/2050/2532
f 2547/2053/2547 2532/2050/2532 2546/2052/2546
f 2542/2045/2542 2548/2054/2548 2544/2049/2544
f 2545/2051/2545 2548/2054/2548 2542/2045/2542
f 2546/2052/2546 2544/2049/2544 2548/2054/2548
f 2537/2038/2537 2549/2055/2549 2545/2051/2545
f 2534/2035/2534 2549/2055/2549 2537/2038/2537
f 2549/2055/2549 2534/2035/2534 2550/2056/2550
f 2550/2056/2550 2534/2035/2534 2531/2032/2531
f 2551/2057/2551 2545/2051/2545 2549/2055/2549
f 2549/2055/2549 2550/2056/2550 2551/2057/2551
f 2552/2058/2552 2548/2054/2548 2545/2051/2545
f 2551/2057/2551 2552/2058/2552 2545/2051/2545
f 2553/2059/2553 2552/2058/2552 2551/2057/2551
f 2552/2058/2552 2554/2060/2554 2548/2054/2548
f 2546/2052/2546 2548/2054/2548 2554/2060/2554
f 2554/2060/2554 2552/2058/2552 2553/2059/2553
f 2547/2053/2547 2546/2052/2546 2555/2061/2555
f 2555/2061/2555 2546/2052/2546 2554/2060/2554
f 2550/2056/2550 2531/2032/2531 2556/2062/2556
f 2532/2033/2532 2556/2062/2556 2531/2032/2531
f 2550/2056/2550 2557/2063/2557 2551/2057/2551
f 2553/2059/2553 2551/2057/2551 2557/2063/2557
f 2532/2033/2532 2558/2064/2558 2556/2062/2556
f 2532/2033/2532 2547/2065/2547 2558/2064/2558
f 2559/2066/2559 2558/2064/2558 2547/2065/2547
f 2556/2062/2556 2560/2067/2560 2550/2056/2550
f 2556/2062/2556 2558/2064/2558 2560/2067/2560
f 2550/2056/2550 2560/2067/2560 2557/2063/2557
f 2559/2066/2559 2561/2068/2561 2558/2064/2558
f 2561/2068/2561 2560/2067/2560 2558/2064/2558
f 2562/2069/2562 2557/2063/2557 2560/2067/2560
f 2561/2068/2561 2562/2069/2562 2560/2067/2560
f 2559/2066/2559 2563/2070/2563 2561/2068/2561
f 2562/2069/2562 2561/2068/2561 2563/2070/2563
f 2559/2066/2559 2564/2071/2564 2563/2070/2563
f 2564/2071/2564 2565/2072/2565 2563/2070/2563
f 2564/2071/2564 2566/2073/2566 2565/2072/2565
f 2553/2059/2553 2557/2063/2557 2567/2074/2567
f 2562/2069/2562 2567/2074/2567 2557/2063/2557
f 2562/2069/2562 2563/2070/2563 2568/2075/2568
f 2565/2072/2565 2568/2075/2568 2563/2070/2563
f 2566/2073/2566 2569/2076/2569 2565/2072/2565
f 2566/2073/2566 2570/2077/2570 2569/2076/2569
f 2571/2078/2571 2569/2076/2569 2570/2077/2570
f 2571/2078/2571 2570/2077/2570 2572/2079/2572
f 2569/2076/2569 2571/2078/2571 2573/2080/2573
f 2569/2076/2569 2573/2080/2573 2574/2081/2574
f 2565/2072/2565 2569/2076/2569 2574/2081/2574
f 2574/2081/2574 2573/2080/2573 2575/2082/2575
f 2565/2072/2565 2574/2081/2574 2576/2083/2576
f 2565/2072/2565 2576/2083/2576 2568/2075/2568
f 2574/2081/2574 2575/2082/2575 2577/2084/2577
f 2576/2083/2576 2574/2081/2574 2577/2084/2577
f 2577/2084/2577 2575/2082/2575 2578/2085/2578
f 2579/2086/2579 2562/2069/2562 2568/2075/2568
f 2579/2086/2579 2567/2074/2567 2562/2069/2562
f 2568/2075/2568 2576/2083/2576 2580/2087/2580
f 2568/2075/2568 2580/2087/2580 2579/2086/2579
f 2576/2083/2576 2577/2084/2577 2580/2087/2580
f 2577/2084/2577 2578/2085/2578 2581/2088/2581
f 2581/2088/2581 2578/2085/2578 2582/2089/2582
f 2567/2074/2567 2579/2086/2579 2583/2090/2583
f 2580/2087/2580 2583/2090/2583 2579/2086/2579
f 2577/2084/2577 2584/2091/2584 2580/2087/2580
f 2577/2084/2577 2581/2088/2581 2584/2091/2584
f 2580/2087/2580 2584/2091/2584 2583/2090/2583
f 2581/2088/2581 2582/2089/2582 2585/2092/2585
f 2584/2091/2584 2581/2088/2581 2585/2092/2585
f 2585/2092/2585 2582/2089/2582 2586/2093/2586
f 2584/2091/2584 2585/2092/2585 2587/2094/2587
f 2583/2090/2583 2584/2091/2584 2587/2094/2587
f 2585/2092/2585 2586/2093/2586 2588/2095/2588
f 2587/2094/2587 2585/2092/2585 2588/2095/2588
f 2588/2095/2588 2586/2093/2586 2572/2096/2572
f 2588/2095/2588 2572/2096/2572 2570/2097/2570
f 2589/2098/2589 2588/2095/2588 2570/2097/2570
f 2587/2094/2587 2588/2095/2588 2589/2098/2589
f 2589/2098/2589 2570/2097/2570 2566/2099/2566
f 2564/2100/2564 2589/2098/2589 2566/2099/2566
f 2564/2100/2564 2590/2101/2590 2589/2098/2589
f 2587/2094/2587 2589/2098/2589 2590/2101/2590
f 2590/2101/2590 2564/2100/2564 2559/2102/2559
f 2583/2090/2583 2587/2094/2587 2591/2103/2591
f 2587/2094/2587 2590/2101/2590 2591/2103/2591
f 2590/2101/2590 2559/2102/2559 2592/2104/2592
f 2592/2104/2592 2591/2103/2591 2590/2101/2590
f 2547/2053/2547 2592/2104/2592 2559/2102/2559
f 2547/2053/2547 2555/2061/2555 2592/2104/2592
f 2593/2105/2593 2583/2090/2583 2591/2103/2591
f 2567/2074/2567 2583/2090/2583 2593/2105/2593
f 2553/2059/2553 2567/2074/2567 2593/2105/2593
f 2592/2104/2592 2594/2106/2594 2591/2103/2591
f 2593/2105/2593 2591/2103/2591 2594/2106/2594
f 2555/2061/2555 2594/2106/2594 2592/2104/2592
f 2594/2106/2594 2553/2059/2553 2593/2105/2593
f 2555/2061/2555 2595/2107/2595 2594/2106/2594
f 2594/2106/2594 2595/2107/2595 2553/2059/2553
f 2555/2061/2555 2554/2060/2554 2595/2107/2595
f 2554/2060/2554 2553/2059/2553 2595/2107/2595
f 2596/2020/2596 2598/2022/2597 2597/2021/2598
f 2596/2020/2596 2597/2021/2598 2599/2023/2599
f 2599/2023/2599 2600/2024/2600 2596/2020/2596
f 2601/2025/2601 2599/2023/2599 2597/2021/2598
f 2599/2023/2599 2602/2026/2602 2600/2024/2600
f 2602/2026/2602 2603/2027/2603 2600/2024/2600
f 2601/2025/2601 2604/2028/2604 2599/2023/2599
f 2604/2028/2604 2602/2026/2602 2599/2023/2599
f 2605/2029/2605 2604/2028/2604 2601/2025/2601
f 2602/2026/2602 2606/2030/2606 2603/2027/2603
f 2606/2030/2606 2607/2031/2607 2603/2027/2603
f 2605/2029/2605 2608/2032/2608 2604/2028/2604
f 2609/2033/2609 2608/2032/2608 2605/2029/2605
f 2604/2028/2604 2610/2034/2610 2602/2026/2602
f 2610/2034/2610 2606/2030/2606 2602/2026/2602
f 2604/2028/2604 2611/2035/2611 2610/2034/2610
f 2604/2028/2604 2608/2032/2608 2611/2035/2611
f 2606/2030/2606 2612/2036/2612 2607/2031/2607
f 2612/2036/2612 2613/2037/2613 2607/2031/2607
f 2610/2034/2610 2614/2038/2614 2606/2030/2606
f 2611/2035/2611 2614/2038/2614 2610/2034/2610
f 2606/2030/2606 2615/2039/2615 2612/2036/2612
f 2606/2030/2606 2614/2038/2614 2615/2039/2615
f 2612/2036/2612 2616/2040/2616 2613/2037/2613
f 2615/2039/2615 2616/2040/2616 2612/2036/2612
f 2616/2040/2616 2617/2041/2617 2613/2037/2613
f 2616/2040/2616 2618/2042/2618 2617/2041/2617
f 2618/2042/2618 2598/2043/2597 2617/2041/2617
f 2618/2042/2618 2597/2044/2598 2598/2043/2597
f 2615/2039/2615 2619/2045/2619 2616/2040/2616
f 2619/2045/2619 2618/2042/2618 2616/2040/2616
f 2620/2046/2620 2597/2044/2598 2618/2042/2618
f 2619/2045/2619 2620/2046/2620 2618/2042/2618
f 2620/2046/2620 2601/2047/2601 2597/2044/2598
f 2605/2048/2605 2601/2047/2601 2620/2046/2620
f 2605/2048/2605 2620/2046/2620 2621/2049/2621
f 2619/2045/2619 2621/2049/2621 2620/2046/2620
f 2621/2049/2621 2609/2050/2609 2605/2048/2605
f 2614/2038/2614 2622/2051/2622 2615/2039/2615
f 2622/2051/2622 2619/2045/2619 2615/2039/2615
f 2621/2049/2621 2623/2052/2623 2609/2050/2609
f 2624/2053/2624 2609/2050/2609 2623/2052/2623
f 2619/2045/2619 2625/2054/2625 2621/2049/2621
f 2622/2051/2622 2625/2054/2625 2619/2045/2619
f 2623/2052/2623 2621/2049/2621 2625/2054/2625
f 2614/2038/2614 2626/2055/2626 2622/2051/2622
f 2611/2035/2611 2626/2055/2626 2614/2038/2614
f 2626/2055/2626 2611/2035/2611 2627/2056/2627
f 2627/2056/2627 2611/2035/2611 2608/2032/2608
f 2628/2057/2628 2622/2051/2622 2626/2055/2626
f 2626/2055/2626 2627/2056/2627 2628/2057/2628
f 2629/2058/2629 2625/2054/2625 2622/2051/2622
f 2628/2057/2628 2629/2058/2629 2622/2051/2622
f 2630/2059/2630 2629/2058/2629 2628/2057/2628
f 2629/2058/2629 2631/2060/2631 2625/2054/2625
f 2623/2052/2623 2625/2054/2625 2631/2060/2631
f 2631/2060/2631 2629/2058/2629 2630/2059/2630
f 2624/2053/2624 2623/2052/2623 2632/2061/2632
f 2632/2061/2632 2623/2052/2623 2631/2060/2631
f 2627/2056/2627 2608/2032/2608 2633/2062/2633
f 2609/2033/2609 2633/2062/2633 2608/2032/2608
f 2627/2056/2627 2634/2063/2634 2628/2057/2628
f 2630/2059/2630 2628/2057/2628 2634/2063/2634
f 2609/2033/2609 2635/2064/2635 2633/2062/2633
f 2609/2033/2609 2624/2065/2624 2635/2064/2635
f 2636/2066/2636 2635/2064/2635 2624/2065/2624
f 2633/2062/2633 2637/2067/2637 2627/2056/2627
f 2633/2062/2633 2635/2064/2635 2637/2067/2637
f 2627/2056/2627 2637/2067/2637 2634/2063/2634
f 2636/2066/2636 2638/2068/2638 2635/2064/2635
f 2638/2068/2638 2637/2067/2637 2635/2064/2635
f 2639/2069/2639 2634/2063/2634 2637/2067/2637
f 2638/2068/2638 2639/2069/2639 2637/2067/2637
f 2636/2066/2636 2640/2070/2640 2638/2068/2638
f 2639/2069/2639 2638/2068/2638 2640/2070/2640
f 2636/2066/2636 2641/2071/2641 2640/2070/2640
f 2641/2071/2641 2642/2072/2642 2640/2070/2640
f 2641/2071/2641 2643/2073/2643 2642/2072/2642
f 2630/2059/2630 2634/2063/2634 2644/2074/2644
f 2639/2069/2639 2644/2074/2644 2634/2063/2634
f 2639/2069/2639 2640/2070/2640 2645/2075/2645
f 2642/2072/2642 2645/2075/2645 2640/2070/2640
f 2643/2073/2643 2646/2076/2646 2642/2072/2642
f 2643/2073/2643 2647/2077/2647 2646/2076/2646
f 2648/2078/2648 2646/2076/2646 2647/2077/2647
f 2648/2078/2648 2647/2077/2647 2649/2079/2649
f 2646/2076/2646 2648/2078/2648 2650/2080/2650
f 2646/2076/2646 2650/2080/2650 2651/2081/2651
f 2642/2072/2642 2646/2076/2646 2651/2081/2651
f 2651/2081/2651 2650/2080/2650 2652/2082/2652
f 2642/2072/2642 2651/2081/2651 2653/2083/2653
f 2642/2072/2642 2653/2083/2653 2645/2075/2645
f 2651/2081/2651 2652/2082/2652 2654/2084/2654
f 2653/2083/2653 2651/2081/2651 2654/2084/2654
f 2654/2084/2654 2652/2082/2652 2655/2085/2655
f 2656/2086/2656 2639/2069/2639 2645/2075/2645
f 2656/2086/2656 2644/2074/2644 2639/2069/2639
f 2645/2075/2645 2653/2083/2653 2657/2087/2657
f 2645/2075/2645 2657/2087/2657 2656/2086/2656
f 2653/2083/2653 2654/2084/2654 2657/2087/2657
f 2654/2084/2654 2655/2085/2655 2658/2088/2658
f 2658/2088/2658 2655/2085/2655 2659/2089/2659
f 2644/2074/2644 2656/2086/2656 2660/2090/2660
f 2657/2087/2657 2660/2090/2660 2656/2086/2656
f 2654/2084/2654 2661/2091/2661 2657/2087/2657
f 2654/2084/2654 2658/2088/2658 2661/2091/2661
f 2657/2087/2657 2661/2091/2661 2660/2090/2660
f 2658/2088/2658 2659/2089/2659 2662/2092/2662
f 2661/2091/2661 2658/2088/2658 2662/2092/2662
f 2662/2092/2662 2659/2089/2659 2663/2093/2663
f 2661/2091/2661 2662/2092/2662 2664/2094/2664
f 2660/2090/2660 2661/2091/2661 2664/2094/2664
f 2662/2092/2662 2663/2093/2663 2665/2095/2665
f 2664/2094/2664 2662/2092/2662 2665/2095/2665
f 2665/2095/2665 2663/2093/2663 2649/2096/2649
f 2665/2095/2665 2649/2096/2649 2647/2097/2647
f 2666/2098/2666 2665/2095/2665 2647/2097/2647
f 2664/2094/2664 2665/2095/2665 2666/2098/2666
f 2666/2098/2666 2647/2097/2647 2643/2099/2643
f 2641/2100/2641 2666/2098/2666 2643/2099/2643
f 2641/2100/2641 2667/2101/2667 2666/2098/2666
f 2664/2094/2664 2666/2098/2666 2667/2101/2667
f 2667/2101/2667 2641/2100/2641 2636/2102/2636
f 2660/2090/2660 2664/2094/2664 2668/2103/2668
f 2664/2094/2664 2667/2101/2667 2668/2103/2668
f 2667/2101/2667 2636/2102/2636 2669/2104/2669
f 2669/2104/2669 2668/2103/2668 2667/2101/2667
f 2624/2053/2624 2669/2104/2669 2636/2102/2636
f 2624/2053/2624 2632/2061/2632 2669/2104/2669
f 2670/2105/2670 2660/2090/2660 2668/2103/2668
f 2644/2074/2644 2660/2090/2660 2670/2105/2670
f 2630/2059/2630 2644/2074/2644 2670/2105/2670
f 2669/2104/2669 2671/2106/2671 2668/2103/2668
f 2670/2105/2670 2668/2103/2668 2671/2106/2671
f 2632/2061/2632 2671/2106/2671 2669/2104/2669
f 2671/2106/2671 2630/2059/2630 2670/2105/2670
f 2632/2061/2632 2672/2107/2672 2671/2106/2671
f 2671/2106/2671 2672/2107/2672 2630/2059/2630
f 2632/2061/2632 2631/2060/2631 2672/2107/2672
f 2631/2060/2631 2630/2059/2630 2672/2107/2672
f 1766/2108/1766 2673/2109/2673 1872/2110/1872
f 1766/2108/1766 1765/2111/1765 2673/2109/2673
f 2673/2109/2673 1870/2112/1870 1872/2110/1872
f 1763/2113/1763 2673/2109/2673 1765/2111/1765
f 2673/2109/2673 2674/2114/2674 1870/2112/1870
f 2674/2114/2674 1854/2115/1854 1870/2112/1870
f 2675/2116/2675 2673/2109/2673 1763/2113/1763
f 1743/2117/1743 2675/2116/2675 1763/2113/1763
f 2675/2116/2675 2676/2118/2676 2673/2109/2673
f 1743/2117/1743 2677/2119/2677 2675/2116/2675
f 2677/2119/2677 2676/2118/2676 2675/2116/2675
f 1743/2117/1743 2678/2120/2678 2677/2119/2677
f 1743/2117/1743 1742/2121/1742 2678/2120/2678
f 1733/2122/1733 2678/2120/2678 1742/2121/1742
f 2679/2123/2679 2673/2109/2673 2676/2118/2676
f 2677/2119/2677 2679/2123/2679 2676/2118/2676
f 2679/2123/2679 2674/2114/2674 2673/2109/2673
f 2678/2120/2678 2679/2123/2679 2677/2119/2677
f 2680/2124/2680 2674/2114/2674 2679/2123/2679
f 2678/2120/2678 2680/2124/2680 2679/2123/2679
f 2674/2114/2674 2681/2125/2681 1854/2115/1854
f 2680/2124/2680 2681/2125/2681 2674/2114/2674
f 2682/2126/2682 1854/2115/1854 2681/2125/2681
f 2680/2124/2680 2682/2126/2682 2681/2125/2681
f 2682/2126/2682 1852/2127/1852 1854/2115/1854
f 2683/2128/2683 1852/2127/1852 2682/2126/2682
f 2683/2128/2683 1847/2129/1847 1852/2127/1852
f 1729/2130/1729 1847/2129/1847 2683/2128/2683
f 1729/2130/1729 2683/2128/2683 1730/2131/1730
f 1731/2132/1731 1730/2131/1730 2683/2128/2683
f 2680/2124/2680 2684/2133/2684 2682/2126/2682
f 2678/2120/2678 2684/2133/2684 2680/2124/2680
f 2684/2133/2684 2683/2128/2683 2682/2126/2682
f 2685/2134/2685 1731/2132/1731 2683/2128/2683
f 1733/2122/1733 1731/2132/1731 2685/2134/2685
f 1733/2122/1733 2686/2135/2686 2678/2120/2678
f 2678/2120/2678 2686/2135/2686 2684/2133/2684
f 1733/2122/1733 2685/2134/2685 2686/2135/2686
f 2685/2134/2685 2683/2128/2683 2687/2136/2687
f 2684/2133/2684 2687/2136/2687 2683/2128/2683
f 2686/2135/2686 2687/2136/2687 2684/2133/2684
f 2686/2135/2686 2685/2134/2685 2687/2136/2687
f 1839/2137/1839 1837/2138/1837 2688/2139/2688
f 1838/2140/1838 2688/2139/2688 1837/2138/1837
f 1839/2137/1839 2688/2139/2688 2689/2141/2689
f 1841/2142/1841 1839/2137/1839 2689/2141/2689
f 1838/2140/1838 2690/2143/2690 2688/2139/2688
f 1840/2144/1840 2690/2143/2690 1838/2140/1838
f 1841/2142/1841 2689/2141/2689 2691/2145/2691
f 1843/2146/1843 1841/2142/1841 2691/2145/2691
f 2689/2141/2689 2688/2139/2688 2692/2147/2692
f 2690/2143/2690 2692/2147/2692 2688/2139/2688
f 1840/2144/1840 2693/2148/2693 2690/2143/2690
f 1842/2149/1842 2693/2148/2693 1840/2144/1840
f 1843/2146/1843 2691/2145/2691 2694/2150/2694
f 1845/2151/1845 1843/2146/1843 2694/2150/2694
f 2691/2145/2691 2689/2141/2689 2695/2152/2695
f 2689/2141/2689 2692/2147/2692 2695/2152/2695
f 2695/2152/2695 2692/2147/2692 2696/2153/2696
f 2697/2154/2697 2695/2152/2695 2696/2153/2696
f 2691/2145/2691 2695/2152/2695 2697/2154/2697
f 2694/2150/2694 2691/2145/2691 2697/2154/2697
f 2698/2155/2698 2696/2153/2696 2692/2147/2692
f 2690/2143/2690 2698/2155/2698 2692/2147/2692
f 2693/2148/2693 2698/2155/2698 2690/2143/2690
f 1842/2149/1842 2699/2156/2699 2693/2148/2693
f 1844/2157/1844 2699/2156/2699 1842/2149/1842
f 2693/2148/2693 2700/2158/2700 2698/2155/2698
f 2700/2158/2700 2696/2153/2696 2698/2155/2698
f 2699/2156/2699 2700/2158/2700 2693/2148/2693
f 1845/2151/1845 2694/2150/2694 2701/2159/2701
f 1846/2160/1846 1845/2151/1845 2701/2159/2701
f 2694/2150/2694 2697/2154/2697 2702/2161/2702
f 2702/2161/2702 2697/2154/2697 2696/2153/2696
f 2694/2150/2694 2702/2161/2702 2703/2162/2703
f 2694/2150/2694 2703/2162/2703 2701/2159/2701
f 2703/2162/2703 2702/2161/2702 2696/2153/2696
f 1846/2160/1846 2704/2163/2704 1844/2157/1844
f 1844/2157/1844 2704/2163/2704 2699/2156/2699
f 2699/2156/2699 2705/2164/2705 2700/2158/2700
f 2705/2164/2705 2696/2153/2696 2700/2158/2700
f 2699/2156/2699 2706/2165/2706 2705/2164/2705
f 2706/2165/2706 2696/2153/2696 2705/2164/2705
f 2699/2156/2699 2704/2163/2704 2706/2165/2706
f 2707/2166/2707 2703/2162/2703 2696/2153/2696
f 2707/2166/2707 2696/2153/2696 2706/2165/2706
f 2701/2159/2701 2703/2162/2703 2707/2166/2707
f 2704/2163/2704 2707/2166/2707 2706/2165/2706
f 1846/2160/1846 2701/2159/2701 2708/2167/2708
f 1846/2160/1846 2708/2167/2708 2704/2163/2704
f 2701/2159/2701 2707/2166/2707 2708/2167/2708
f 2704/2163/2704 2708/2167/2708 2707/2166/2707
f 2709/2168/2709 908/2169/908 906/2170/906
f 2709/2168/2709 909/2171/909 908/2169/908
f 913/2172/913 909/2171/909 2709/2168/2709
f 917/2173/917 913/2172/913 2709/2168/2709
f 919/2174/919 917/2173/917 2709/2168/2709
f 2709/2168/2709 906/2170/906 2710/2175/2710
f 2709/2168/2709 2710/2175/2710 2711/2176/2711
f 2712/2177/2712 2709/2168/2709 2711/2176/2711
f 919/2174/919 2709/2168/2709 2712/2177/2712
f 2713/2178/2713 2712/2177/2712 2711/2176/2711
f 927/2179/927 919/2174/919 2712/2177/2712
f 931/2180/931 927/2179/927 2712/2177/2712
f 931/2180/931 2712/2177/2712 2713/2178/2713
f 934/2181/934 931/2180/931 2713/2178/2713
f 2713/2178/2713 941/2182/941 934/2181/934
f 942/2183/942 941/2182/941 2713/2178/2713
f 906/2170/906 904/2184/904 2710/2175/2710
f 2713/2178/2713 962/2185/962 942/2183/942
f 904/2184/904 2714/2186/2714 2710/2175/2710
f 2710/2175/2710 2714/2186/2714 2711/2176/2711
f 904/2184/904 901/2187/901 2714/2186/2714
f 901/2187/901 898/2188/898 2714/2186/2714
f 898/2188/898 896/2189/896 2714/2186/2714
f 2715/2190/2715 962/2185/962 2713/2178/2713
f 2715/2190/2715 2713/2178/2713 2711/2176/2711
f 963/2191/963 962/2185/962 2715/2190/2715
f 969/2192/969 963/2191/963 2715/2190/2715
f 2715/2190/2715 972/2193/972 969/2192/969
f 896/2189/896 2716/2194/2716 2714/2186/2714
f 2714/2186/2714 2716/2194/2716 2711/2176/2711
f 896/2189/896 895/2195/895 2716/2194/2716
f 2717/2196/2717 972/2193/972 2715/2190/2715
f 2717/2196/2717 2715/2190/2715 2711/2176/2711
f 973/2197/973 972/2193/972 2717/2196/2717
f 987/2198/987 973/2197/973 2717/2196/2717
f 989/2199/989 987/2198/987 2717/2196/2717
f 895/2195/895 2718/2200/2718 2716/2194/2716
f 2716/2194/2716 2718/2200/2718 2711/2176/2711
f 2718/2200/2718 2717/2196/2717 2711/2176/2711
f 989/2199/989 2717/2196/2717 2718/2200/2718
f 895/2195/895 991/2201/991 2718/2200/2718
f 991/2201/991 989/2199/989 2718/2200/2718
f 602/2202/602 605/2203/605 2719/2204/2719
f 600/2205/600 602/2202/602 2719/2204/2719
f 605/2203/605 607/2206/607 2719/2204/2719
f 600/2205/600 2719/2204/2719 2720/2207/2720
f 598/2208/598 600/2205/600 2720/2207/2720
f 596/2209/596 598/2208/598 2720/2207/2720
f 2721/2210/2721 2720/2207/2720 2719/2204/2719
f 2721/2210/2721 2722/2211/2722 2720/2207/2720
f 596/2209/596 2720/2207/2720 2722/2211/2722
f 2721/2210/2721 2719/2204/2719 2723/2212/2723
f 607/2206/607 2723/2212/2723 2719/2204/2719
f 597/2213/597 596/2209/596 2722/2211/2722
f 607/2206/607 611/2214/611 2723/2212/2723
f 666/2215/666 597/2213/597 2722/2211/2722
f 611/2214/611 2724/2216/2724 2723/2212/2723
f 2721/2210/2721 2723/2212/2723 2724/2216/2724
f 611/2214/611 614/2217/614 2724/2216/2724
f 614/2217/614 620/2218/620 2724/2216/2724
f 666/2215/666 2722/2211/2722 2725/2219/2725
f 2721/2210/2721 2725/2219/2725 2722/2211/2722
f 2721/2210/2721 2726/2220/2726 2725/2219/2725
f 663/2221/663 666/2215/666 2725/2219/2725
f 661/2222/661 663/2221/663 2725/2219/2725
f 661/2222/661 2725/2219/2725 2726/2220/2726
f 658/2223/658 661/2222/661 2726/2220/2726
f 652/2224/652 658/2223/658 2726/2220/2726
f 2726/2220/2726 651/2225/651 652/2224/652
f 647/2226/647 651/2225/651 2726/2220/2726
f 620/2218/620 2727/2227/2727 2724/2216/2724
f 2721/2210/2721 2724/2216/2724 2727/2227/2727
f 620/2218/620 627/2228/627 2727/2227/2727
f 627/2228/627 633/2229/633 2727/2227/2727
f 633/2229/633 637/2230/637 2727/2227/2727
f 647/2226/647 2726/2220/2726 2728/2231/2728
f 2721/2210/2721 2728/2231/2728 2726/2220/2726
f 642/2232/642 647/2226/647 2728/2231/2728
f 639/2233/639 642/2232/642 2728/2231/2728
f 637/2230/637 2729/2234/2729 2727/2227/2727
f 2721/2210/2721 2727/2227/2727 2729/2234/2729
f 637/2230/637 639/2233/639 2729/2234/2729
f 639/2233/639 2728/2231/2728 2729/2234/2729
f 2721/2210/2721 2729/2234/2729 2728/2231/2728
f 2730/2235/2730 64/2236/64 2731/2237/2731
f 2730/2235/2730 1063/2238/1063 64/2236/64
f 2730/2235/2730 1065/2239/1065 1063/2238/1063
f 2732/2240/2732 2730/2235/2730 2731/2237/2731
f 2732/2240/2732 2731/2237/2731 2733/2241/2733
f 2730/2235/2730 2734/2242/2734 1065/2239/1065
f 2734/2242/2734 1066/2243/1066 1065/2239/1065
f 2735/2244/2735 2734/2242/2734 2730/2235/2730
f 2735/2244/2735 2730/2235/2730 2732/2240/2732
f 2734/2242/2734 2736/2245/2736 1066/2243/1066
f 2736/2245/2736 2734/2242/2734 2735/2244/2735
f 2736/2245/2736 1067/2246/1067 1066/2243/1066
f 2737/2247/2737 2732/2240/2732 2733/2241/2733
f 2737/2247/2737 2733/2241/2733 2738/2248/2738
f 2739/2249/2739 2735/2244/2735 2732/2240/2732
f 2739/2249/2739 2732/2240/2732 2737/2247/2737
f 2740/2250/2740 2737/2247/2737 2738/2248/2738
f 2740/2250/2740 2738/2248/2738 2741/2251/2741
f 2736/2245/2736 2735/2244/2735 2742/2252/2742
f 2742/2252/2742 2735/2244/2735 2739/2249/2739
f 2736/2245/2736 2743/2253/2743 1067/2246/1067
f 2743/2253/2743 72/2254/72 1067/2246/1067
f 2744/2255/2744 2739/2249/2739 2737/2247/2737
f 2744/2255/2744 2737/2247/2737 2740/2250/2740
f 2745/2256/2745 2740/2250/2740 2741/2251/2741
f 2745/2256/2745 2741/2251/2741 2746/2257/2746
f 2747/2258/2747 2736/2245/2736 2742/2252/2742
f 2747/2258/2747 2743/2253/2743 2736/2245/2736
f 2743/2253/2743 2748/2259/2748 72/2254/72
f 129/2260/129 72/2254/72 2748/2259/2748
f 2749/2261/2749 2748/2259/2748 2743/2253/2743
f 129/2260/129 2748/2259/2748 2749/2261/2749
f 2749/2261/2749 2743/2253/2743 2747/2258/2747
f 129/2260/129 2749/2261/2749 2750/2262/2750
f 2750/2262/2750 2749/2261/2749 2747/2258/2747
f 129/2260/129 2750/2262/2750 133/2263/133
f 2751/2264/2751 2747/2258/2747 2742/2252/2742
f 2750/2262/2750 2747/2258/2747 2751/2264/2751
f 133/2263/133 2750/2262/2750 2752/2265/2752
f 2752/2265/2752 2750/2262/2750 2751/2264/2751
f 133/2263/133 2752/2265/2752 134/2266/134
f 2751/2264/2751 2742/2252/2742 2753/2267/2753
f 2742/2252/2742 2739/2249/2739 2753/2267/2753
f 2753/2267/2753 2739/2249/2739 2744/2255/2744
f 134/2266/134 2752/2265/2752 2754/2268/2754
f 134/2266/134 2754/2268/2754 140/2269/140
f 2752/2265/2752 2751/2264/2751 2755/2270/2755
f 2755/2270/2755 2751/2264/2751 2753/2267/2753
f 2754/2268/2754 2752/2265/2752 2755/2270/2755
f 2753/2267/2753 2744/2255/2744 2756/2271/2756
f 2755/2270/2755 2753/2267/2753 2756/2271/2756
f 140/2269/140 2754/2268/2754 2757/2272/2757
f 140/2269/140 2757/2272/2757 141/2273/141
f 2754/2268/2754 2755/2270/2755 2758/2274/2758
f 2758/2274/2758 2755/2270/2755 2756/2271/2756
f 2757/2272/2757 2754/2268/2754 2758/2274/2758
f 2756/2271/2756 2744/2255/2744 2759/2275/2759
f 2759/2275/2759 2744/2255/2744 2740/2250/2740
f 2759/2275/2759 2740/2250/2740 2745/2256/2745
f 141/2273/141 2757/2272/2757 2760/2276/2760
f 141/2273/141 2760/2276/2760 456/2277/456
f 2758/2274/2758 2756/2271/2756 2761/2278/2761
f 2756/2271/2756 2759/2275/2759 2761/2278/2761
f 2757/2272/2757 2758/2274/2758 2762/2279/2762
f 2760/2276/2760 2757/2272/2757 2762/2279/2762
f 2762/2279/2762 2758/2274/2758 2761/2278/2761
f 2763/2280/2763 2759/2275/2759 2745/2256/2745
f 2761/2278/2761 2759/2275/2759 2763/2280/2763
f 456/2277/456 2760/2276/2760 2764/2281/2764
f 456/2277/456 2764/2281/2764 330/2282/330
f 2762/2279/2762 2761/2278/2761 2765/2283/2765
f 2761/2278/2761 2763/2280/2763 2765/2283/2765
f 2760/2276/2760 2762/2279/2762 2766/2284/2766
f 2764/2281/2764 2760/2276/2760 2766/2284/2766
f 2766/2284/2766 2762/2279/2762 2765/2283/2765
f 2763/2280/2763 2745/2256/2745 2767/2285/2767
f 2767/2285/2767 2745/2256/2745 2746/2257/2746
f 2767/2285/2767 2746/2257/2746 2768/2286/2768
f 330/2282/330 2764/2281/2764 2769/2287/2769
f 330/2282/330 2769/2287/2769 329/2288/329
f 2764/2281/2764 2766/2284/2766 2770/2289/2770
f 2769/2287/2769 2764/2281/2764 2770/2289/2770
f 2766/2284/2766 2765/2283/2765 2771/2290/2771
f 2770/2289/2770 2766/2284/2766 2771/2290/2771
f 2765/2283/2765 2763/2280/2763 2772/2291/2772
f 2772/2291/2772 2763/2280/2763 2767/2285/2767
f 2765/2283/2765 2772/2291/2772 2771/2290/2771
f 2773/2292/2773 2767/2285/2767 2768/2286/2768
f 2772/2291/2772 2767/2285/2767 2773/2292/2773
f 2773/2292/2773 2768/2286/2768 2774/2293/2774
f 2771/2290/2771 2772/2291/2772 2775/2294/2775
f 2775/2294/2775 2772/2291/2772 2773/2292/2773
f 2776/2295/2776 2773/2292/2773 2774/2293/2774
f 2775/2294/2775 2773/2292/2773 2776/2295/2776
f 2776/2295/2776 2774/2293/2774 2777/2296/2777
f 2770/2289/2770 2771/2290/2771 2778/2297/2778
f 2771/2290/2771 2775/2294/2775 2778/2297/2778
f 2779/2298/2779 2775/2294/2775 2776/2295/2776
f 2778/2297/2778 2775/2294/2775 2779/2298/2779
f 2780/2299/2780 2776/2295/2776 2777/2296/2777
f 2779/2298/2779 2776/2295/2776 2780/2299/2780
f 2780/2299/2780 2777/2296/2777 2781/2300/2781
f 2780/2299/2780 2781/2300/2781 2782/2301/2782
f 2783/2302/2783 2770/2289/2770 2778/2297/2778
f 2769/2287/2769 2770/2289/2770 2783/2302/2783
f 2780/2299/2780 2782/2301/2782 2784/2303/2784
f 2779/2298/2779 2780/2299/2780 2784/2303/2784
f 2778/2297/2778 2779/2298/2779 2785/2304/2785
f 2783/2302/2783 2778/2297/2778 2785/2304/2785
f 2785/2304/2785 2779/2298/2779 2786/2305/2786
f 2779/2298/2779 2784/2303/2784 2786/2305/2786
f 2787/2306/2787 2784/2303/2784 2782/2301/2782
f 2787/2306/2787 2782/2301/2782 2788/2307/2788
f 2787/2306/2787 2788/2307/2788 2789/2308/2789
f 2783/2302/2783 2785/2304/2785 2790/2309/2790
f 2785/2304/2785 2786/2305/2786 2790/2309/2790
f 2769/2287/2769 2783/2302/2783 2791/2310/2791
f 2783/2302/2783 2790/2309/2790 2791/2310/2791
f 2792/2311/2792 2784/2303/2784 2787/2306/2787
f 2792/2311/2792 2786/2305/2786 2784/2303/2784
f 2787/2306/2787 2789/2308/2789 2793/2312/2793
f 2792/2311/2792 2787/2306/2787 2793/2312/2793
f 2793/2312/2793 2789/2308/2789 2794/2313/2794
f 2795/2314/2795 2790/2309/2790 2786/2305/2786
f 2795/2314/2795 2786/2305/2786 2792/2311/2792
f 2793/2312/2793 2794/2313/2794 2796/2315/2796
f 2796/2315/2796 2794/2313/2794 2797/2316/2797
f 2798/2317/2798 2790/2309/2790 2795/2314/2795
f 2798/2317/2798 2791/2310/2791 2790/2309/2790
f 2769/2287/2769 2791/2310/2791 2799/2318/2799
f 329/2288/329 2769/2287/2769 2799/2318/2799
f 329/2288/329 2799/2318/2799 312/2319/312
f 311/2320/311 312/2319/312 2799/2318/2799
f 2800/2321/2800 2799/2318/2799 2791/2310/2791
f 311/2320/311 2799/2318/2799 2800/2321/2800
f 2800/2321/2800 2791/2310/2791 2798/2317/2798
f 302/2322/302 311/2320/311 2800/2321/2800
f 2798/2317/2798 2795/2314/2795 2801/2323/2801
f 2801/2323/2801 2795/2314/2795 2792/2311/2792
f 302/2322/302 2800/2321/2800 2802/2324/2802
f 301/2325/301 302/2322/302 2802/2324/2802
f 2800/2321/2800 2798/2317/2798 2803/2326/2803
f 2798/2317/2798 2801/2323/2801 2803/2326/2803
f 2800/2321/2800 2803/2326/2803 2802/2324/2802
f 2801/2323/2801 2792/2311/2792 2804/2327/2804
f 2792/2311/2792 2793/2312/2793 2804/2327/2804
f 2804/2327/2804 2793/2312/2793 2796/2315/2796
f 301/2325/301 2802/2324/2802 2805/2328/2805
f 38/2329/38 301/2325/301 2805/2328/2805
f 2803/2326/2803 2801/2323/2801 2806/2330/2806
f 2806/2330/2806 2801/2323/2801 2804/2327/2804
f 2802/2324/2802 2803/2326/2803 2807/2331/2807
f 2802/2324/2802 2807/2331/2807 2805/2328/2805
f 2803/2326/2803 2806/2330/2806 2807/2331/2807
f 2804/2327/2804 2796/2315/2796 2808/2332/2808
f 2806/2330/2806 2804/2327/2804 2808/2332/2808
f 38/2329/38 2805/2328/2805 2809/2333/2809
f 39/2334/39 38/2329/38 2809/2333/2809
f 2807/2331/2807 2806/2330/2806 2810/2335/2810
f 2810/2335/2810 2806/2330/2806 2808/2332/2808
f 2805/2328/2805 2807/2331/2807 2811/2336/2811
f 2805/2328/2805 2811/2336/2811 2809/2333/2809
f 2807/2331/2807 2810/2335/2810 2811/2336/2811
f 2808/2332/2808 2796/2315/2796 2812/2337/2812
f 2796/2315/2796 2797/2316/2797 2812/2337/2812
f 2812/2337/2812 2797/2316/2797 2813/2338/2813
f 39/2334/39 2809/2333/2809 2814/2339/2814
f 40/2340/40 39/2334/39 2814/2339/2814
f 2809/2333/2809 2811/2336/2811 2815/2341/2815
f 2809/2333/2809 2815/2341/2815 2814/2339/2814
f 2811/2336/2811 2810/2335/2810 2816/2342/2816
f 2811/2336/2811 2816/2342/2816 2815/2341/2815
f 2810/2335/2810 2808/2332/2808 2817/2343/2817
f 2808/2332/2808 2812/2337/2812 2817/2343/2817
f 2816/2342/2816 2810/2335/2810 2817/2343/2817
f 2812/2337/2812 2813/2338/2813 2818/2344/2818
f 2817/2343/2817 2812/2337/2812 2818/2344/2818
f 2818/2344/2818 2813/2338/2813 2819/2345/2819
f 40/2340/40 2814/2339/2814 2820/2346/2820
f 43/2347/43 40/2340/40 2820/2346/2820
f 2814/2339/2814 2815/2341/2815 2821/2348/2821
f 2814/2339/2814 2821/2348/2821 2820/2346/2820
f 2815/2341/2815 2816/2342/2816 2822/2349/2822
f 2815/2341/2815 2822/2349/2822 2821/2348/2821
f 2816/2342/2816 2817/2343/2817 2823/2350/2823
f 2817/2343/2817 2818/2344/2818 2823/2350/2823
f 2822/2349/2822 2816/2342/2816 2823/2350/2823
f 2818/2344/2818 2819/2345/2819 2824/2351/2824
f 2823/2350/2823 2818/2344/2818 2824/2351/2824
f 2824/2351/2824 2819/2345/2819 2825/2352/2825
f 43/2347/43 2820/2346/2820 2826/2353/2826
f 44/2354/44 43/2347/43 2826/2353/2826
f 2820/2346/2820 2821/2348/2821 2827/2355/2827
f 2820/2346/2820 2827/2355/2827 2826/2353/2826
f 2821/2348/2821 2822/2349/2822 2828/2356/2828
f 2821/2348/2821 2828/2356/2828 2827/2355/2827
f 2822/2349/2822 2823/2350/2823 2829/2357/2829
f 2823/2350/2823 2824/2351/2824 2829/2357/2829
f 2828/2356/2828 2822/2349/2822 2829/2357/2829
f 2824/2351/2824 2825/2352/2825 2830/2358/2830
f 2829/2357/2829 2824/2351/2824 2830/2358/2830
f 2830/2358/2830 2825/2352/2825 2831/2359/2831
f 2828/2356/2828 2829/2357/2829 2832/2360/2832
f 2829/2357/2829 2830/2358/2830 2832/2360/2832
f 2830/2358/2830 2831/2359/2831 2833/2361/2833
f 2832/2360/2832 2830/2358/2830 2833/2361/2833
f 2833/2361/2833 2831/2359/2831 2731/2362/2731
f 2827/2355/2827 2828/2356/2828 2834/2363/2834
f 2834/2363/2834 2828/2356/2828 2832/2360/2832
f 2826/2353/2826 2827/2355/2827 2835/2364/2835
f 2827/2355/2827 2834/2363/2834 2835/2364/2835
f 2832/2360/2832 2833/2361/2833 2836/2365/2836
f 2834/2363/2834 2832/2360/2832 2836/2365/2836
f 2833/2361/2833 2731/2362/2731 2837/2366/2837
f 2836/2365/2836 2833/2361/2833 2837/2366/2837
f 2837/2366/2837 2731/2362/2731 64/2367/64
f 2837/2366/2837 64/2367/64 579/2368/579
f 2837/2366/2837 579/2368/579 581/2369/581
f 2837/2366/2837 581/2369/581 2838/2370/2838
f 2836/2365/2836 2837/2366/2837 2838/2370/2838
f 2838/2370/2838 581/2369/581 582/2371/582
f 2839/2372/2839 2834/2363/2834 2836/2365/2836
f 2839/2372/2839 2836/2365/2836 2838/2370/2838
f 2838/2370/2838 582/2371/582 2839/2372/2839
f 2835/2364/2835 2834/2363/2834 2839/2372/2839
f 2839/2372/2839 582/2371/582 583/2373/583
f 2839/2372/2839 583/2373/583 2840/2374/2840
f 2835/2364/2835 2839/2372/2839 2840/2374/2840
f 2840/2374/2840 583/2373/583 49/2375/49
f 2841/2376/2841 2835/2364/2835 2840/2374/2840
f 2826/2353/2826 2835/2364/2835 2841/2376/2841
f 44/2354/44 2826/2353/2826 2841/2376/2841
f 44/2354/44 2842/2377/2842 49/2375/49
f 2840/2374/2840 49/2375/49 2842/2377/2842
f 44/2354/44 2841/2376/2841 2842/2377/2842
f 2841/2376/2841 2840/2374/2840 2842/2377/2842
f 2843/2378/2843 2845/2379/2844 2844/2380/2845
f 2843/2378/2843 2844/2380/2845 2846/2381/2846
f 2843/2378/2843 2846/2381/2846 2847/2382/2847
f 2843/2378/2843 2847/2382/2847 2848/2383/2848
f 2843/2378/2843 2849/2384/2849 2845/2379/2844
f 2849/2384/2849 2850/2385/2850 2845/2379/2844
f 2843/2378/2843 2848/2383/2848 2851/2386/2851
f 2851/2386/2851 2849/2384/2849 2843/2378/2843
f 2849/2384/2849 2852/2387/2852 2850/2385/2850
f 2852/2387/2852 2853/2388/2853 2850/2385/2850
f 2852/2387/2852 2854/2389/2854 2853/2388/2853
f 2852/2387/2852 2855/2390/2855 2854/2389/2854
f 2848/2383/2848 2856/2391/2856 2851/2386/2851
f 2848/2383/2848 2857/2392/2857 2856/2391/2856
f 2851/2386/2851 2858/2393/2858 2849/2384/2849
f 2858/2393/2858 2852/2387/2852 2849/2384/2849
f 2856/2391/2856 2858/2393/2858 2851/2386/2851
f 2852/2387/2852 2859/2394/2859 2855/2390/2855
f 2858/2393/2858 2859/2394/2859 2852/2387/2852
f 2859/2394/2859 2860/2395/2860 2855/2390/2855
f 2861/2396/2861 2856/2391/2856 2857/2392/2857
f 2856/2391/2856 2861/2396/2861 2858/2393/2858
f 2861/2396/2861 2859/2394/2859 2858/2393/2858
f 2861/2396/2861 2857/2392/2857 2862/2397/2862
f 2863/2398/2863 2862/2397/2862 2860/2395/2860
f 2859/2394/2859 2863/2398/2863 2860/2395/2860
f 2863/2398/2863 2861/2396/2861 2862/2397/2862
f 2861/2396/2861 2863/2398/2863 2859/2394/2859
f 806/2399/806 2865/2400/2864 2864/2401/2865
f 2864/2401/2865 2865/2400/2864 2866/2402/2866
f 2867/2403/2867 2864/2401/2865 2866/2402/2866
f 803/2404/803 806/2399/806 2864/2401/2865
f 803/2404/803 2864/2401/2865 2867/2403/2867
f 806/2399/806 808/2405/808 2865/2400/2864
f 800/2406/800 803/2404/803 2867/2403/2867
f 808/2405/808 2868/2407/2868 2865/2400/2864
f 2865/2400/2864 2868/2407/2868 2866/2402/2866
f 808/2405/808 811/2408/811 2868/2407/2868
f 800/2406/800 2867/2403/2867 2869/2409/2869
f 2869/2409/2869 2867/2403/2867 2866/2402/2866
f 798/2410/798 800/2406/800 2869/2409/2869
f 811/2408/811 2870/2411/2870 2868/2407/2868
f 2868/2407/2868 2870/2411/2870 2866/2402/2866
f 811/2408/811 814/2412/814 2870/2411/2870
f 798/2410/798 2869/2409/2869 2871/2413/2871
f 2871/2413/2871 2869/2409/2869 2866/2402/2866
f 796/2414/796 798/2410/798 2871/2413/2871
f 814/2412/814 2872/2415/2872 2870/2411/2870
f 2870/2411/2870 2872/2415/2872 2866/2402/2866
f 814/2412/814 818/2416/818 2872/2415/2872
f 796/2414/796 2871/2413/2871 2873/2417/2873
f 2873/2417/2873 2871/2413/2871 2866/2402/2866
f 2872/2415/2872 2874/2418/2874 2866/2402/2866
f 818/2416/818 2874/2418/2874 2872/2415/2872
f 2875/2419/2875 2873/2417/2873 2866/2402/2866
f 797/2420/797 796/2414/796 2873/2417/2873
f 797/2420/797 2873/2417/2873 2875/2419/2875
f 818/2416/818 827/2421/827 2874/2418/2874
f 876/2422/876 797/2420/797 2875/2419/2875
f 827/2421/827 2876/2423/2876 2874/2418/2874
f 2874/2418/2874 2876/2423/2876 2866/2402/2866
f 827/2421/827 832/2424/832 2876/2423/2876
f 876/2422/876 2875/2419/2875 2877/2425/2877
f 2877/2425/2877 2875/2419/2875 2866/2402/2866
f 865/2426/865 876/2422/876 2877/2425/2877
f 832/2424/832 2878/2427/2878 2876/2423/2876
f 2876/2423/2876 2878/2427/2878 2866/2402/2866
f 832/2424/832 837/2428/837 2878/2427/2878
f 865/2426/865 2877/2425/2877 2879/2429/2879
f 2879/2429/2879 2877/2425/2877 2866/2402/2866
f 859/2430/859 865/2426/865 2879/2429/2879
f 837/2428/837 2880/2431/2880 2878/2427/2878
f 2878/2427/2878 2880/2431/2880 2866/2402/2866
f 837/2428/837 855/2432/855 2880/2431/2880
f 855/2432/855 859/2430/859 2881/2433/2881
f 859/2430/859 2879/2429/2879 2881/2433/2881
f 2881/2433/2881 2879/2429/2879 2866/2402/2866
f 2880/2431/2880 2881/2433/2881 2866/2402/2866
f 855/2432/855 2881/2433/2881 2880/2431/2880
f 518/2434/518 510/2435/510 2882/2436/2882
f 518/2434/518 2882/2436/2882 2883/2437/2883
f 523/2438/523 518/2434/518 2883/2437/2883
f 2883/2437/2883 2882/2436/2882 2884/2439/2884
f 2885/2440/2885 2883/2437/2883 2884/2439/2884
f 523/2438/523 2883/2437/2883 2885/2440/2885
f 529/2441/529 523/2438/523 2885/2440/2885
f 510/2435/510 2886/2442/2886 2882/2436/2882
f 2882/2436/2882 2886/2442/2886 2884/2439/2884
f 510/2435/510 505/2443/505 2886/2442/2886
f 529/2441/529 2885/2440/2885 2887/2444/2887
f 2887/2444/2887 2885/2440/2885 2884/2439/2884
f 546/2445/546 529/2441/529 2887/2444/2887
f 505/2443/505 2888/2446/2888 2886/2442/2886
f 2886/2442/2886 2888/2446/2888 2884/2439/2884
f 505/2443/505 501/2447/501 2888/2446/2888
f 546/2445/546 2887/2444/2887 2889/2448/2889
f 2889/2448/2889 2887/2444/2887 2884/2439/2884
f 550/2449/550 546/2445/546 2889/2448/2889
f 501/2447/501 2890/2450/2890 2888/2446/2888
f 2888/2446/2888 2890/2450/2890 2884/2439/2884
f 501/2447/501 497/2451/497 2890/2450/2890
f 550/2449/550 2889/2448/2889 2891/2452/2891
f 2891/2452/2891 2889/2448/2889 2884/2439/2884
f 2890/2450/2890 2892/2453/2892 2884/2439/2884
f 497/2451/497 2892/2453/2892 2890/2450/2890
f 2893/2454/2893 2891/2452/2891 2884/2439/2884
f 557/2455/557 550/2449/550 2891/2452/2891
f 557/2455/557 2891/2452/2891 2893/2454/2893
f 497/2451/497 494/2456/494 2892/2453/2892
f 564/2457/564 557/2455/557 2893/2454/2893
f 494/2456/494 2894/2458/2894 2892/2453/2892
f 2892/2453/2892 2894/2458/2894 2884/2439/2884
f 494/2456/494 491/2459/491 2894/2458/2894
f 564/2457/564 2893/2454/2893 2895/2460/2895
f 2895/2460/2895 2893/2454/2893 2884/2439/2884
f 570/2461/570 564/2457/564 2895/2460/2895
f 491/2459/491 2896/2462/2896 2894/2458/2894
f 2894/2458/2894 2896/2462/2896 2884/2439/2884
f 491/2459/491 489/2463/489 2896/2462/2896
f 570/2461/570 2895/2460/2895 2897/2464/2897
f 2897/2464/2897 2895/2460/2895 2884/2439/2884
f 486/2465/486 570/2461/570 2897/2464/2897
f 489/2463/489 2898/2466/2898 2896/2462/2896
f 2896/2462/2896 2898/2466/2898 2884/2439/2884
f 489/2463/489 487/2467/487 2898/2466/2898
f 487/2467/487 486/2465/486 2899/2468/2899
f 486/2465/486 2897/2464/2897 2899/2468/2899
f 2899/2468/2899 2897/2464/2897 2884/2439/2884
f 2898/2466/2898 2899/2468/2899 2884/2439/2884
f 487/2467/487 2899/2468/2899 2898/2466/2898
f 2900/2469/2900 2902/2470/2901 2901/2471/2902
f 2900/2469/2900 2903/2472/2903 2902/2470/2901
f 2904/2473/2904 2903/2472/2903 2900/2469/2900
f 2904/2473/2904 2905/2474/2905 2903/2472/2903
f 2905/2474/2905 2902/2470/2901 2903/2472/2903
f 2906/2475/2906 2905/2474/2905 2904/2473/2904
f 2901/2471/2902 2902/2470/2901 2907/2476/2907
f 2901/2471/2902 2907/2476/2907 2908/2477/2908
f 2906/2475/2906 2909/2478/2909 2905/2474/2905
f 2910/2479/2910 2909/2478/2909 2906/2475/2906
f 2905/2474/2905 2911/2480/2911 2902/2470/2901
f 2911/2480/2911 2907/2476/2907 2902/2470/2901
f 2909/2478/2909 2911/2480/2911 2905/2474/2905
f 2908/2477/2908 2907/2476/2907 2912/2481/2912
f 2911/2480/2911 2912/2481/2912 2907/2476/2907
f 2908/2477/2908 2912/2481/2912 2913/2482/2913
f 2910/2479/2910 2914/2483/2914 2909/2478/2909
f 2909/2478/2909 2914/2483/2914 2911/2480/2911
f 2914/2483/2914 2912/2481/2912 2911/2480/2911
f 2915/2484/2915 2914/2483/2914 2910/2479/2910
f 2913/2482/2913 2916/2485/2916 2915/2484/2915
f 2913/2482/2913 2912/2481/2912 2916/2485/2916
f 2915/2484/2915 2916/2485/2916 2914/2483/2914
f 2914/2483/2914 2916/2485/2916 2912/2481/2912
f 2917/2469/2917 2919/2470/2918 2918/2471/2919
f 2917/2469/2917 2920/2472/2920 2919/2470/2918
f 2921/2473/2921 2920/2472/2920 2917/2469/2917
f 2921/2473/2921 2922/2474/2922 2920/2472/2920
f 2922/2474/2922 2919/2470/2918 2920/2472/2920
f 2923/2475/2923 2922/2474/2922 2921/2473/2921
f 2918/2471/2919 2919/2470/2918 2924/2476/2924
f 2918/2471/2919 2924/2476/2924 2925/2477/2925
f 2923/2475/2923 2926/2478/2926 2922/2474/2922
f 2927/2479/2927 2926/2478/2926 2923/2475/2923
f 2922/2474/2922 2928/2480/2928 2919/2470/2918
f 2928/2480/2928 2924/2476/2924 2919/2470/2918
f 2926/2478/2926 2928/2480/2928 2922/2474/2922
f 2925/2477/2925 2924/2476/2924 2929/2481/2929
f 2928/2480/2928 2929/2481/2929 2924/2476/2924
f 2925/2477/2925 2929/2481/2929 2930/2482/2930
f 2927/2479/2927 2931/2483/2931 2926/2478/2926
f 2926/2478/2926 2931/2483/2931 2928/2480/2928
f 2931/2483/2931 2929/2481/2929 2928/2480/2928
f 2932/2484/2932 2931/2483/2931 2927/2479/2927
f 2930/2482/2930 2933/2485/2933 2932/2484/2932
f 2930/2482/2930 2929/2481/2929 2933/2485/2933
f 2932/2484/2932 2933/2485/2933 2931/2483/2931
f 2931/2483/2931 2933/2485/2933 2929/2481/2929
f 2934/2469/2934 2936/2470/2935 2935/2471/2936
f 2934/2469/2934 2937/2472/2937 2936/2470/2935
f 2938/2473/2938 2937/2472/2937 2934/2469/2934
f 2938/2473/2938 2939/2474/2939 2937/2472/2937
f 2939/2474/2939 2936/2470/2935 2937/2472/2937
f 2940/2475/2940 2939/2474/2939 2938/2473/2938
f 2935/2471/2936 2936/2470/2935 2941/2476/2941
f 2935/2471/2936 2941/2476/2941 2942/2477/2942
f 2940/2475/2940 2943/2478/2943 2939/2474/2939
f 2944/2479/2944 2943/2478/2943 2940/2475/2940
f 2939/2474/2939 2945/2480/2945 2936/2470/2935
f 2945/2480/2945 2941/2476/2941 2936/2470/2935
f 2943/2478/2943 2945/2480/2945 2939/2474/2939
f 2942/2477/2942 2941/2476/2941 2946/2481/2946
f 2945/2480/2945 2946/2481/2946 2941/2476/2941
f 2942/2477/2942 2946/2481/2946 2947/2482/2947
f 2944/2479/2944 2948/2483/2948 2943/2478/2943
f 2943/2478/2943 2948/2483/2948 2945/2480/2945
f 2948/2483/2948 2946/2481/2946 2945/2480/2945
f 2949/2484/2949 2948/2483/2948 2944/2479/2944
f 2947/2482/2947 2950/2485/2950 2949/2484/2949
f 2947/2482/2947 2946/2481/2946 2950/2485/2950
f 2949/2484/2949 2950/2485/2950 2948/2483/2948
f 2948/2483/2948 2950/2485/2950 2946/2481/2946
f 2951/2469/2951 2953/2470/2952 2952/2471/2953
f 2951/2469/2951 2954/2472/2954 2953/2470/2952
f 2955/2473/2955 2954/2472/2954 2951/2469/2951
f 2955/2473/2955 2956/2474/2956 2954/2472/2954
f 2956/2474/2956 2953/2470/2952 2954/2472/2954
f 2957/2475/2957 2956/2474/2956 2955/2473/2955
f 2952/2471/2953 2953/2470/2952 2958/2476/2958
f 2952/2471/2953 2958/2476/2958 2959/2477/2959
f 2957/2475/2957 2960/2478/2960 2956/2474/2956
f 2961/2479/2961 2960/2478/2960 2957/2475/2957
f 2956/2474/2956 2962/2480/2962 2953/2470/2952
f 2962/2480/2962 2958/2476/2958 2953/2470/2952
f 2960/2478/2960 2962/2480/2962 2956/2474/2956
f 2959/2477/2959 2958/2476/2958 2963/2481/2963
f 2962/2480/2962 2963/2481/2963 2958/2476/2958
f 2959/2477/2959 2963/2481/2963 2964/2482/2964
f 2961/2479/2961 2965/2483/2965 2960/2478/2960
f 2960/2478/2960 2965/2483/2965 2962/2480/2962
f 2965/2483/2965 2963/2481/2963 2962/2480/2962
f 2966/2484/2966 2965/2483/2965 2961/2479/2961
f 2964/2482/2964 2967/2485/2967 2966/2484/2966
f 2964/2482/2964 2963/2481/2963 2967/2485/2967
f 2966/2484/2966 2967/2485/2967 2965/2483/2965
f 2965/2483/2965 2967/2485/2967 2963/2481/2963
f 2968/2469/2968 2970/2470/2969 2969/2471/2970
f 2968/2469/2968 2971/2472/2971 2970/2470/2969
f 2972/2473/2972 2971/2472/2971 2968/2469/2968
f 2972/2473/2972 2973/2474/2973 2971/2472/2971
f 2973/2474/2973 2970/2470/2969 2971/2472/2971
f 2974/2475/2974 2973/2474/2973 2972/2473/2972
f 2969/2471/2970 2970/2470/2969 2975/2476/2975
f 2969/2471/2970 2975/2476/2975 2976/2477/2976
f 2974/2475/2974 2977/2478/2977 2973/2474/2973
f 2978/2479/2978 2977/2478/2977 2974/2475/2974
f 2973/2474/2973 2979/2480/2979 2970/2470/2969
f 2979/2480/2979 2975/2476/2975 2970/2470/2969
f 2977/2478/2977 2979/2480/2979 2973/2474/2973
f 2976/2477/2976 2975/2476/2975 2980/2481/2980
f 2979/2480/2979 2980/2481/2980 2975/2476/2975
f 2976/2477/2976 2980/2481/2980 2981/2482/2981
f 2978/2479/2978 2982/2483/2982 2977/2478/2977
f 2977/2478/2977 2982/2483/2982 2979/2480/2979
f 2982/2483/2982 2980/2481/2980 2979/2480/2979
f 2983/2484/2983 2982/2483/2982 2978/2479/2978
f 2981/2482/2981 2984/2485/2984 2983/2484/2983
f 2981/2482/2981 2980/2481/2980 2984/2485/2984
f 2983/2484/2983 2984/2485/2984 2982/2483/2982
f 2982/2483/2982 2984/2485/2984 2980/2481/2980
usemtl merlin_Mat.001
f 2985/2486/2985 2987/2487/2986 2986/2488/2987
f 2985/2486/2985 2986/2488/2987 2988/2489/2988
f 2988/2489/2988 2986/2488/2987 2989/2490/2989
f 2990/2491/2990 2985/2486/2985 2988/2489/2988
f 2990/2491/2990 2991/2492/2991 2985/2486/2985
f 2992/2493/2992 2991/2492/2991 2990/2491/2990
f 2992/2493/2992 2990/2491/2990 2993/2494/2993
f 2993/2494/2993 2990/2491/2990 2988/2489/2988
f 2994/2495/2994 2992/2493/2992 2993/2494/2993
f 2993/2494/2993 2988/2489/2988 2995/2496/2995
f 2994/2495/2994 2993/2494/2993 2995/2496/2995
f 2988/2489/2988 2989/2490/2989 2995/2496/2995
f 2994/2495/2994 2995/2496/2995 2996/2497/2996
f 2994/2495/2994 2996/2497/2996 2997/2498/2997
f 2996/2497/2996 2998/2499/2998 2997/2498/2997
f 2996/2497/2996 2999/2500/2999 2998/2499/2998
f 2996/2497/2996 2995/2496/2995 2999/2500/2999
f 2995/2496/2995 3000/2501/3000 2999/2500/2999
f 2995/2496/2995 2989/2490/2989 3000/2501/3000
f 2989/2490/2989 3001/2502/3001 3000/2501/3000
f 2989/2490/2989 3002/2503/3002 3001/2502/3001
f 3003/2504/3003 3002/2503/3002 2989/2490/2989
f 3002/2503/3002 3004/2505/3004 3001/2502/3001
f 3003/2504/3003 3005/2506/3005 3002/2503/3002
f 3005/2506/3005 3003/2504/3003 3006/2507/3006
f 3007/2508/3007 3005/2506/3005 3006/2507/3006
f 3007/2508/3007 3002/2503/3002 3005/2506/3005
f 3008/2509/3008 3007/2508/3007 3006/2507/3006
f 3008/2509/3008 3009/2510/3009 3007/2508/3007
f 3007/2508/3007 3009/2510/3009 3002/2503/3002
f 3008/2509/3008 3010/2511/3010 3009/2510/3009
f 3002/2503/3002 3011/2512/3011 3004/2505/3004
f 3012/2513/3012 3002/2503/3002 3009/2510/3009
f 3012/2513/3012 3011/2512/3011 3002/2503/3002
f 3004/2505/3004 3011/2512/3011 3013/2514/3013
f 3004/2505/3004 3013/2514/3013 3014/2515/3014
f 3015/2516/3015 3012/2513/3012 3009/2510/3009
f 3015/2516/3015 3009/2510/3009 3010/2511/3010
f 3011/2512/3011 3012/2513/3012 3016/2517/3016
f 3011/2512/3011 3016/2517/3016 3013/2514/3013
f 3015/2516/3015 3016/2517/3016 3012/2513/3012
f 3017/2518/3017 3014/2515/3014 3013/2514/3013
f 3017/2518/3017 3018/2519/3018 3014/2515/3014
f 3013/2514/3013 3016/2517/3016 3019/2520/3019
f 3013/2514/3013 3019/2520/3019 3017/2518/3017
f 3020/2521/3020 3018/2519/3018 3017/2518/3017
f 3020/2521/3020 3021/2522/3021 3018/2519/3018
f 3022/2523/3022 3021/2522/3021 3020/2521/3020
f 3017/2518/3017 3023/2524/3023 3020/2521/3020
f 3022/2523/3022 3020/2521/3020 3023/2524/3023
f 3017/2518/3017 3019/2520/3019 3023/2524/3023
f 3023/2524/3023 3024/2525/3024 3022/2523/3022
f 3019/2520/3019 3024/2525/3024 3023/2524/3023
f 3019/2520/3019 3025/2526/3025 3024/2525/3024
f 3026/2527/3026 3025/2526/3025 3019/2520/3019
f 3026/2527/3026 3019/2520/3019 3016/2517/3016
f 3027/2528/3027 3025/2526/3025 3026/2527/3026
f 3015/2516/3015 3028/2529/3028 3016/2517/3016
f 3028/2529/3028 3026/2527/3026 3016/2517/3016
f 3027/2528/3027 3026/2527/3026 3029/2530/3029
f 3028/2529/3028 3029/2530/3029 3026/2527/3026
f 3027/2528/3027 3029/2530/3029 3030/2531/3030
f 3028/2529/3028 3015/2516/3015 3031/2532/3031
f 3010/2511/3010 3031/2532/3031 3015/2516/3015
f 3032/2533/3032 3029/2530/3029 3028/2529/3028
f 3028/2529/3028 3031/2532/3031 3032/2533/3032
f 3032/2533/3032 3033/2534/3033 3029/2530/3029
f 3034/2535/3034 3033/2534/3033 3032/2533/3032
f 3034/2535/3034 3035/2536/3035 3033/2534/3033
f 3036/2537/3036 3035/2536/3035 3034/2535/3034
f 3032/2533/3032 3037/2538/3037 3034/2535/3034
f 3032/2533/3032 3031/2532/3031 3037/2538/3037
f 3036/2537/3036 3034/2535/3034 3037/2538/3037
f 3031/2532/3031 3038/2539/3038 3037/2538/3037
f 3038/2539/3038 3036/2537/3036 3037/2538/3037
f 3031/2532/3031 3010/2511/3010 3038/2539/3038
f 3036/2537/3036 3038/2539/3038 3039/2540/3039
f 3010/2511/3010 3039/2540/3039 3038/2539/3038
f 3010/2511/3010 3040/2541/3040 3039/2540/3039
f 2986/2542/2987 3003/2543/3003 2989/2544/2989
f 2986/2542/2987 3041/2545/3041 3003/2543/3003
f 3006/2546/3006 3003/2543/3003 3041/2545/3041
f 3008/2547/3008 3006/2546/3006 3041/2545/3041
f 2986/2542/2987 3008/2547/3008 3041/2545/3041
f 2986/2542/2987 3010/2548/3010 3008/2547/3008
f 3040/2549/3040 3010/2548/3010 2986/2542/2987
f 3040/2549/3040 2986/2542/2987 2987/2550/2986
f 3036/2551/3036 3039/2552/3039 3035/2553/3035
f 3040/2554/3040 3035/2553/3035 3039/2552/3039
f 3040/2554/3040 3033/2555/3033 3035/2553/3035
f 3033/2555/3033 3040/2554/3040 3030/2556/3030
f 3033/2555/3033 3030/2556/3030 3029/2557/3029
f 3030/2556/3030 3040/2554/3040 3042/2558/3042
f 3030/2556/3030 3042/2558/3042 3043/2559/3043
f 3043/2559/3043 3027/2560/3027 3030/2556/3030
f 3044/2561/3044 3042/2558/3042 3040/2554/3040
f 3044/2561/3044 3040/2554/3040 2987/2562/2986
f 3043/2559/3043 3045/2563/3045 3027/2560/3027
f 3025/2564/3025 3027/2560/3027 3045/2563/3045
f 3046/2565/3046 3044/2561/3044 2987/2562/2986
f 3046/2565/3046 2987/2562/2986 2985/2566/2985
f 2994/2567/2994 3046/2565/3046 2985/2566/2985
f 2994/2567/2994 2985/2566/2985 2991/2568/2991
f 2991/2568/2991 2992/2569/2992 2994/2567/2994
f 3044/2561/3044 3046/2565/3046 2999/2570/2999
f 2994/2567/2994 2999/2570/2999 3046/2565/3046
f 2994/2567/2994 2998/2571/2998 2999/2570/2999
f 2997/2572/2997 2998/2571/2998 2994/2567/2994
f 3044/2561/3044 2999/2570/2999 3000/2573/3000
f 3042/2558/3042 3044/2561/3044 3000/2573/3000
f 3042/2558/3042 3000/2573/3000 3001/2574/3001
f 3043/2559/3043 3042/2558/3042 3001/2574/3001
f 3043/2559/3043 3001/2574/3001 3004/2575/3004
f 3045/2563/3045 3043/2559/3043 3004/2575/3004
f 3045/2563/3045 3004/2575/3004 3014/2576/3014
f 3047/2577/3047 3045/2563/3045 3014/2576/3014
f 3025/2564/3025 3045/2563/3045 3047/2577/3047
f 3047/2577/3047 3014/2576/3014 3018/2578/3018
f 3047/2577/3047 3024/2579/3024 3025/2564/3025
f 3048/2580/3048 3047/2577/3047 3018/2578/3018
f 3047/2577/3047 3048/2580/3048 3024/2579/3024
f 3048/2580/3048 3018/2578/3018 3021/2581/3021
f 3021/2581/3021 3024/2579/3024 3048/2580/3048
f 3021/2581/3021 3022/2582/3022 3024/2579/3024
f 3049/2583/3049 3051/2584/3050 3050/2585/3051
f 3049/2583/3049 3052/2586/3052 3051/2584/3050
f 3052/2586/3052 3053/2587/3053 3051/2584/3050
f 3054/2588/3054 3052/2586/3052 3049/2583/3049
f 3054/2588/3054 3049/2583/3049 3055/2589/3055
f 3056/2590/3056 3054/2588/3054 3055/2589/3055
f 3056/2590/3056 3057/2591/3057 3054/2588/3054
f 3057/2591/3057 3052/2586/3052 3054/2588/3054
f 3058/2592/3058 3057/2591/3057 3056/2590/3056
f 3057/2591/3057 3059/2593/3059 3052/2586/3052
f 3058/2592/3058 3059/2593/3059 3057/2591/3057
f 3052/2586/3052 3059/2593/3059 3053/2587/3053
f 3058/2592/3058 3060/2594/3060 3059/2593/3059
f 3058/2592/3058 3061/2595/3061 3060/2594/3060
f 3060/2594/3060 3061/2595/3061 3062/2596/3062
f 3060/2594/3060 3062/2596/3062 3063/2597/3063
f 3060/2594/3060 3063/2597/3063 3059/2593/3059
f 3059/2593/3059 3063/2597/3063 3064/2598/3064
f 3059/2593/3059 3064/2598/3064 3053/2587/3053
f 3053/2587/3053 3064/2598/3064 3065/2599/3065
f 3053/2587/3053 3065/2599/3065 3066/2600/3066
f 3067/2601/3067 3053/2587/3053 3066/2600/3066
f 3066/2600/3066 3065/2599/3065 3068/2602/3068
f 3067/2601/3067 3066/2600/3066 3069/2603/3069
f 3069/2603/3069 3070/2604/3070 3067/2601/3067
f 3071/2605/3071 3070/2604/3070 3069/2603/3069
f 3071/2605/3071 3069/2603/3069 3066/2600/3066
f 3072/2606/3072 3070/2604/3070 3071/2605/3071
f 3072/2606/3072 3071/2605/3071 3073/2607/3073
f 3071/2605/3071 3066/2600/3066 3073/2607/3073
f 3072/2606/3072 3073/2607/3073 3074/2608/3074
f 3066/2600/3066 3068/2602/3068 3075/2609/3075
f 3076/2610/3076 3073/2607/3073 3066/2600/3066
f 3076/2610/3076 3066/2600/3066 3075/2609/3075
f 3068/2602/3068 3077/2611/3077 3075/2609/3075
f 3068/2602/3068 3078/2612/3078 3077/2611/3077
f 3079/2613/3079 3073/2607/3073 3076/2610/3076
f 3079/2613/3079 3074/2608/3074 3073/2607/3073
f 3075/2609/3075 3080/2614/3080 3076/2610/3076
f 3075/2609/3075 3077/2611/3077 3080/2614/3080
f 3079/2613/3079 3076/2610/3076 3080/2614/3080
f 3081/2615/3081 3077/2611/3077 3078/2612/3078
f 3081/2615/3081 3078/2612/3078 3082/2616/3082
f 3077/2611/3077 3083/2617/3083 3080/2614/3080
f 3077/2611/3077 3081/2615/3081 3083/2617/3083
f 3084/2618/3084 3081/2615/3081 3082/2616/3082
f 3084/2618/3084 3082/2616/3082 3085/2619/3085
f 3086/2620/3086 3084/2618/3084 3085/2619/3085
f 3081/2615/3081 3084/2618/3084 3087/2621/3087
f 3086/2620/3086 3087/2621/3087 3084/2618/3084
f 3081/2615/3081 3087/2621/3087 3083/2617/3083
f 3087/2621/3087 3086/2620/3086 3088/2622/3088
f 3083/2617/3083 3087/2621/3087 3088/2622/3088
f 3083/2617/3083 3088/2622/3088 3089/2623/3089
f 3090/2624/3090 3083/2617/3083 3089/2623/3089
f 3090/2624/3090 3080/2614/3080 3083/2617/3083
f 3091/2625/3091 3090/2624/3090 3089/2623/3089
f 3079/2613/3079 3080/2614/3080 3092/2626/3092
f 3092/2626/3092 3080/2614/3080 3090/2624/3090
f 3091/2625/3091 3093/2627/3093 3090/2624/3090
f 3092/2626/3092 3090/2624/3090 3093/2627/3093
f 3091/2625/3091 3094/2628/3094 3093/2627/3093
f 3092/2626/3092 3095/2629/3095 3079/2613/3079
f 3074/2608/3074 3079/2613/3079 3095/2629/3095
f 3096/2630/3096 3092/2626/3092 3093/2627/3093
f 3092/2626/3092 3096/2630/3096 3095/2629/3095
f 3096/2630/3096 3093/2627/3093 3097/2631/3097
f 3098/2632/3098 3096/2630/3096 3097/2631/3097
f 3098/2632/3098 3097/2631/3097 3099/2633/3099
f 3100/2634/3100 3098/2632/3098 3099/2633/3099
f 3096/2630/3096 3098/2632/3098 3101/2635/3101
f 3096/2630/3096 3101/2635/3101 3095/2629/3095
f 3100/2634/3100 3101/2635/3101 3098/2632/3098
f 3095/2629/3095 3101/2635/3101 3102/2636/3102
f 3102/2636/3102 3101/2635/3101 3100/2634/3100
f 3095/2629/3095 3102/2636/3102 3074/2608/3074
f 3100/2634/3100 3103/2637/3103 3102/2636/3102
f 3074/2608/3074 3102/2636/3102 3103/2637/3103
f 3074/2608/3074 3103/2637/3103 3104/2638/3104
f 3051/2639/3050 3053/2640/3053 3067/2641/3067
f 3051/2639/3050 3067/2641/3067 3105/2642/3105
f 3070/2643/3070 3105/2642/3105 3067/2641/3067
f 3072/2644/3072 3105/2642/3105 3070/2643/3070
f 3051/2639/3050 3105/2642/3105 3072/2644/3072
f 3051/2639/3050 3072/2644/3072 3074/2645/3074
f 3104/2646/3104 3051/2639/3050 3074/2645/3074
f 3104/2646/3104 3050/2647/3051 3051/2639/3050
f 3100/2648/3100 3099/2649/3099 3103/2650/3103
f 3104/2651/3104 3103/2650/3103 3099/2649/3099
f 3104/2651/3104 3099/2649/3099 3097/2652/3097
f 3097/2652/3097 3094/2653/3094 3104/2651/3104
f 3097/2652/3097 3093/2654/3093 3094/2653/3094
f 3094/2653/3094 3106/2655/3106 3104/2651/3104
f 3094/2653/3094 3107/2656/3107 3106/2655/3106
f 3107/2656/3107 3094/2653/3094 3091/2657/3091
f 3108/2658/3108 3104/2651/3104 3106/2655/3106
f 3108/2658/3108 3050/2659/3051 3104/2651/3104
f 3107/2656/3107 3091/2657/3091 3109/2660/3109
f 3089/2661/3089 3109/2660/3109 3091/2657/3091
f 3110/2662/3110 3050/2659/3051 3108/2658/3108
f 3110/2662/3110 3049/2663/3049 3050/2659/3051
f 3058/2664/3058 3049/2663/3049 3110/2662/3110
f 3058/2664/3058 3055/2665/3055 3049/2663/3049
f 3055/2665/3055 3058/2664/3058 3056/2666/3056
f 3108/2658/3108 3063/2667/3063 3110/2662/3110
f 3058/2664/3058 3110/2662/3110 3063/2667/3063
f 3058/2664/3058 3063/2667/3063 3062/2668/3062
f 3061/2669/3061 3058/2664/3058 3062/2668/3062
f 3108/2658/3108 3064/2670/3064 3063/2667/3063
f 3106/2655/3106 3064/2670/3064 3108/2658/3108
f 3106/2655/3106 3065/2671/3065 3064/2670/3064
f 3107/2656/3107 3065/2671/3065 3106/2655/3106
f 3107/2656/3107 3068/2672/3068 3065/2671/3065
f 3109/2660/3109 3068/2672/3068 3107/2656/3107
f 3109/2660/3109 3078/2673/3078 3068/2672/3068
f 3111/2674/3111 3078/2673/3078 3109/2660/3109
f 3089/2661/3089 3111/2674/3111 3109/2660/3109
f 3111/2674/3111 3082/2675/3082 3078/2673/3078
f 3111/2674/3111 3089/2661/3089 3088/2676/3088
f 3112/2677/3112 3082/2675/3082 3111/2674/3111
f 3111/2674/3111 3088/2676/3088 3112/2677/3112
f 3112/2677/3112 3085/2678/3085 3082/2675/3082
f 3085/2678/3085 3112/2677/3112 3088/2676/3088
f 3085/2678/3085 3088/2676/3088 3086/2679/3086
f 3113/2680/3113 3115/2681/3114 3114/2682/3115
f 3113/2680/3113 3116/2683/3116 3115/2681/3114
f 3117/2684/3117 3116/2683/3116 3113/2680/3113
f 3117/2684/3117 3118/2685/3118 3116/2683/3116
f 3119/2686/3119 3118/2685/3118 3117/2684/3117
f 3119/2686/3119 3120/2687/3120 3118/2685/3118
f 3118/2685/3118 3120/2687/3120 3121/2688/3121
f 3116/2683/3116 3122/2689/3122 3115/2681/3114
f 3118/2685/3118 3121/2688/3121 3123/2690/3123
f 3116/2683/3116 3124/2691/3124 3122/2689/3122
f 3118/2685/3118 3124/2691/3124 3116/2683/3116
f 3124/2691/3124 3125/2692/3125 3122/2689/3122
f 3123/2690/3123 3126/2693/3126 3118/2685/3118
f 3118/2685/3118 3126/2693/3126 3124/2691/3124
f 3124/2691/3124 3127/2694/3127 3125/2692/3125
f 3126/2693/3126 3127/2694/3127 3124/2691/3124
f 3127/2694/3127 3128/2695/3128 3125/2692/3125
f 3123/2690/3123 3129/2696/3129 3126/2693/3126
f 3126/2693/3126 3129/2696/3129 3127/2694/3127
f 3123/2690/3123 3130/2697/3130 3129/2696/3129
f 3129/2696/3129 3130/2697/3130 3131/2698/3131
f 3127/2694/3127 3132/2699/3132 3128/2695/3128
f 3129/2696/3129 3132/2699/3132 3127/2694/3127
f 3129/2696/3129 3131/2698/3131 3133/2700/3133
f 3129/2696/3129 3133/2700/3133 3132/2699/3132
f 3133/2700/3133 3131/2698/3131 3134/2701/3134
f 3133/2700/3133 3134/2701/3134 3135/2702/3135
f 3133/2700/3133 3135/2702/3135 3136/2703/3136
f 3133/2700/3133 3136/2703/3136 3132/2699/3132
f 3128/2695/3128 3132/2699/3132 3136/2703/3136
f 3128/2695/3128 3136/2703/3136 3137/2704/3137
f 3137/2704/3137 3136/2703/3136 3138/2705/3138
f 3139/2706/3139 3138/2705/3138 3136/2703/3136
f 3137/2704/3137 3138/2705/3138 3140/2707/3140
f 3139/2706/3139 3141/2708/3141 3138/2705/3138
f 3140/2707/3140 3138/2705/3138 3141/2708/3141
f 3141/2708/3141 3139/2706/3139 3142/2709/3142
f 3140/2707/3140 3141/2708/3141 3143/2710/3143
f 3144/2711/3144 3140/2707/3140 3143/2710/3143
f 3144/2711/3144 3143/2710/3143 3145/2712/3145
f 3141/2708/3141 3142/2709/3142 3146/2713/3146
f 3143/2710/3143 3141/2708/3141 3146/2713/3146
f 3147/2714/3147 3145/2712/3145 3143/2710/3143
f 3143/2710/3143 3146/2713/3146 3147/2714/3147
f 3147/2714/3147 3148/2715/3148 3145/2712/3145
f 3149/2716/3149 3146/2713/3146 3142/2709/3142
f 3149/2716/3149 3142/2709/3142 3150/2717/3150
f 3151/2718/3151 3148/2715/3148 3147/2714/3147
f 3151/2718/3151 3152/2719/3152 3148/2715/3148
f 3146/2713/3146 3153/2720/3153 3147/2714/3147
f 3146/2713/3146 3149/2716/3149 3153/2720/3153
f 3151/2718/3151 3147/2714/3147 3153/2720/3153
f 3154/2721/3154 3149/2716/3149 3150/2717/3150
f 3154/2721/3154 3150/2717/3150 3155/2722/3155
f 3156/2723/3156 3154/2721/3154 3155/2722/3155
f 3156/2723/3156 3155/2722/3155 3157/2724/3157
f 3158/2725/3158 3154/2721/3154 3156/2723/3156
f 3149/2716/3149 3154/2721/3154 3158/2725/3158
f 3149/2716/3149 3158/2725/3158 3153/2720/3153
f 3159/2726/3159 3157/2724/3157 3155/2722/3155
f 3160/2727/3160 3153/2720/3153 3158/2725/3158
f 3160/2727/3160 3151/2718/3151 3153/2720/3153
f 3160/2727/3160 3158/2725/3158 3156/2723/3156
f 3161/2728/3161 3151/2718/3151 3160/2727/3160
f 3156/2723/3156 3161/2728/3161 3160/2727/3160
f 3151/2718/3151 3162/2729/3162 3152/2719/3152
f 3161/2728/3161 3162/2729/3162 3151/2718/3151
f 3163/2730/3163 3152/2719/3152 3162/2729/3162
f 3163/2730/3163 3164/2731/3164 3152/2719/3152
f 3163/2730/3163 3165/2732/3165 3164/2731/3164
f 3162/2729/3162 3161/2728/3161 3166/2733/3166
f 3162/2729/3162 3166/2733/3166 3163/2730/3163
f 3163/2730/3163 3167/2734/3167 3165/2732/3165
f 3167/2734/3167 3168/2735/3168 3165/2732/3165
f 3156/2723/3156 3169/2736/3169 3161/2728/3161
f 3169/2736/3169 3166/2733/3166 3161/2728/3161
f 3156/2723/3156 3170/2737/3170 3169/2736/3169
f 3171/2738/3171 3163/2730/3163 3166/2733/3166
f 3171/2738/3171 3167/2734/3167 3163/2730/3163
f 3169/2736/3169 3172/2739/3172 3166/2733/3166
f 3170/2737/3170 3172/2739/3172 3169/2736/3169
f 3172/2739/3172 3171/2738/3171 3166/2733/3166
f 3167/2734/3167 3173/2740/3173 3168/2735/3168
f 3173/2740/3173 3174/2741/3174 3168/2735/3168
f 3167/2734/3167 3171/2738/3171 3175/2742/3175
f 3167/2734/3167 3175/2742/3175 3173/2740/3173
f 3173/2740/3173 3176/2743/3176 3174/2741/3174
f 3176/2743/3176 3177/2744/3177 3174/2741/3174
f 3176/2743/3176 3178/2745/3178 3177/2744/3177
f 3173/2740/3173 3179/2746/3179 3176/2743/3176
f 3178/2745/3178 3176/2743/3176 3179/2746/3179
f 3173/2740/3173 3175/2742/3175 3179/2746/3179
f 3178/2745/3178 3179/2746/3179 3180/2747/3180
f 3181/2748/3181 3180/2747/3180 3179/2746/3179
f 3181/2748/3181 3179/2746/3179 3182/2749/3182
f 3182/2749/3182 3179/2746/3179 3175/2742/3175
f 3183/2750/3183 3181/2748/3181 3182/2749/3182
f 3184/2751/3184 3175/2742/3175 3171/2738/3171
f 3182/2749/3182 3175/2742/3175 3184/2751/3184
f 3183/2750/3183 3182/2749/3182 3185/2752/3185
f 3185/2752/3185 3182/2749/3182 3184/2751/3184
f 3183/2750/3183 3185/2752/3185 3186/2753/3186
f 3184/2751/3184 3171/2738/3171 3187/2754/3187
f 3172/2739/3172 3187/2754/3187 3171/2738/3171
f 3188/2755/3188 3185/2752/3185 3184/2751/3184
f 3189/2756/3189 3185/2752/3185 3188/2755/3188
f 3188/2755/3188 3190/2757/3190 3189/2756/3189
f 3184/2751/3184 3190/2757/3190 3188/2755/3188
f 3190/2757/3190 3184/2751/3184 3187/2754/3187
f 3191/2758/3191 3187/2754/3187 3172/2739/3172
f 3170/2737/3170 3191/2758/3191 3172/2739/3172
f 3190/2757/3190 3187/2754/3187 3192/2759/3192
f 3191/2758/3191 3192/2759/3192 3187/2754/3187
f 3192/2759/3192 3193/2760/3193 3190/2757/3190
f 3191/2758/3191 3193/2760/3193 3192/2759/3192
f 3170/2737/3170 3194/2761/3194 3191/2758/3191
f 3170/2737/3170 3195/2762/3195 3194/2761/3194
f 3196/2763/3196 3194/2761/3194 3195/2762/3195
f 3196/2763/3196 3195/2762/3195 3197/2764/3197
f 3197/2764/3197 3195/2762/3195 3170/2737/3170
f 3197/2764/3197 3198/2765/3198 3196/2763/3196
f 3197/2764/3197 3170/2737/3170 3199/2766/3199
f 3198/2765/3198 3197/2764/3197 3199/2766/3199
f 3156/2723/3156 3199/2766/3199 3170/2737/3170
f 3198/2765/3198 3199/2766/3199 3200/2767/3200
f 3200/2767/3200 3199/2766/3199 3156/2723/3156
f 3200/2767/3200 3156/2723/3156 3157/2724/3157
f 3201/2768/3201 3200/2767/3200 3157/2724/3157
f 3159/2726/3159 3201/2768/3201 3157/2724/3157
f 3201/2768/3201 3202/2769/3202 3200/2767/3200
f 3202/2769/3202 3203/2770/3203 3200/2767/3200
f 3204/2771/3204 3203/2770/3203 3202/2769/3202
f 3204/2771/3204 3202/2769/3202 3201/2768/3201
f 3205/2772/3205 3203/2770/3203 3204/2771/3204
f 3206/2773/3206 3201/2768/3201 3159/2726/3159
f 3204/2771/3204 3201/2768/3201 3206/2773/3206
f 3206/2773/3206 3205/2772/3205 3204/2771/3204
f 3206/2773/3206 3159/2726/3159 3207/2774/3207
f 3206/2773/3206 3208/2775/3208 3205/2772/3205
f 3207/2774/3207 3209/2776/3209 3206/2773/3206
f 3208/2775/3208 3206/2773/3206 3209/2776/3209
f 3208/2775/3208 3209/2776/3209 3210/2777/3210
f 3211/2778/3211 3213/2779/3212 3212/2780/3213
f 3211/2778/3211 3212/2780/3213 3214/2781/3214
f 3214/2781/3214 3212/2780/3213 3186/2782/3186
f 3214/2781/3214 3186/2782/3186 3185/2783/3185
f 3215/2784/3215 3211/2778/3211 3214/2781/3214
f 3216/2785/3216 3214/2781/3214 3185/2783/3185
f 3215/2784/3215 3214/2781/3214 3216/2785/3216
f 3216/2785/3216 3185/2783/3185 3189/2786/3189
f 3217/2787/3217 3216/2785/3216 3189/2786/3189
f 3215/2784/3215 3216/2785/3216 3217/2787/3217
f 3217/2787/3217 3189/2786/3189 3190/2788/3190
f 3218/2789/3218 3215/2784/3215 3217/2787/3217
f 3218/2789/3218 3219/2790/3219 3215/2784/3215
f 3218/2789/3218 3220/2791/3220 3219/2790/3219
f 3221/2792/3221 3217/2787/3217 3190/2788/3190
f 3218/2789/3218 3217/2787/3217 3221/2792/3221
f 3221/2792/3221 3190/2788/3190 3193/2793/3193
f 3193/2793/3193 3222/2794/3222 3221/2792/3221
f 3221/2792/3221 3222/2794/3222 3218/2789/3218
f 3193/2793/3193 3191/2795/3191 3222/2794/3222
f 3222/2794/3222 3223/2796/3223 3218/2789/3218
f 3191/2795/3191 3223/2796/3223 3222/2794/3222
f 3223/2796/3223 3220/2791/3220 3218/2789/3218
f 3191/2795/3191 3194/2797/3194 3223/2796/3223
f 3220/2791/3220 3223/2796/3223 3194/2797/3194
f 3220/2791/3220 3194/2797/3194 3224/2798/3224
f 3194/2797/3194 3196/2799/3196 3224/2798/3224
f 3224/2798/3224 3196/2799/3196 3198/2800/3198
f 3198/2800/3198 3220/2791/3220 3224/2798/3224
f 3198/2800/3198 3200/2801/3200 3220/2791/3220
f 3225/2802/3225 3220/2791/3220 3200/2801/3200
f 3220/2791/3220 3225/2802/3225 3219/2790/3219
f 3225/2802/3225 3200/2801/3200 3203/2803/3203
f 3203/2803/3203 3205/2804/3205 3225/2802/3225
f 3219/2790/3219 3225/2802/3225 3205/2804/3205
f 3219/2790/3219 3205/2804/3205 3208/2805/3208
f 3226/2806/3226 3228/2807/3227 3227/2808/3228
f 3226/2806/3226 3227/2808/3228 3229/2809/3229
f 3230/2810/3230 3226/2806/3226 3229/2809/3229
f 3230/2810/3230 3229/2809/3229 3231/2811/3231
f 3232/2812/3232 3230/2810/3230 3231/2811/3231
f 3232/2812/3232 3231/2811/3231 3233/2813/3233
f 3231/2811/3231 3234/2814/3234 3233/2813/3233
f 3229/2809/3229 3227/2808/3228 3235/2815/3235
f 3231/2811/3231 3236/2816/3236 3234/2814/3234
f 3229/2809/3229 3235/2815/3235 3237/2817/3237
f 3231/2811/3231 3229/2809/3229 3237/2817/3237
f 3237/2817/3237 3235/2815/3235 3238/2818/3238
f 3236/2816/3236 3231/2811/3231 3239/2819/3239
f 3231/2811/3231 3237/2817/3237 3239/2819/3239
f 3237/2817/3237 3238/2818/3238 3240/2820/3240
f 3239/2819/3239 3237/2817/3237 3240/2820/3240
f 3240/2820/3240 3238/2818/3238 3241/2821/3241
f 3236/2816/3236 3239/2819/3239 3242/2822/3242
f 3239/2819/3239 3240/2820/3240 3242/2822/3242
f 3236/2816/3236 3242/2822/3242 3243/2823/3243
f 3242/2822/3242 3244/2824/3244 3243/2823/3243
f 3240/2820/3240 3241/2821/3241 3245/2825/3245
f 3242/2822/3242 3240/2820/3240 3245/2825/3245
f 3242/2822/3242 3246/2826/3246 3244/2824/3244
f 3242/2822/3242 3245/2825/3245 3246/2826/3246
f 3246/2826/3246 3247/2827/3247 3244/2824/3244
f 3246/2826/3246 3248/2828/3248 3247/2827/3247
f 3246/2826/3246 3249/2829/3249 3248/2828/3248
f 3246/2826/3246 3245/2825/3245 3249/2829/3249
f 3241/2821/3241 3249/2829/3249 3245/2825/3245
f 3241/2821/3241 3250/2830/3250 3249/2829/3249
f 3250/2830/3250 3251/2831/3251 3249/2829/3249
f 3252/2832/3252 3249/2829/3249 3251/2831/3251
f 3250/2830/3250 3253/2833/3253 3251/2831/3251
f 3252/2832/3252 3251/2831/3251 3254/2834/3254
f 3253/2833/3253 3254/2834/3254 3251/2831/3251
f 3254/2834/3254 3255/2835/3255 3252/2832/3252
f 3253/2833/3253 3256/2836/3256 3254/2834/3254
f 3257/2837/3257 3256/2836/3256 3253/2833/3253
f 3257/2837/3257 3258/2838/3258 3256/2836/3256
f 3254/2834/3254 3259/2839/3259 3255/2835/3255
f 3256/2836/3256 3259/2839/3259 3254/2834/3254
f 3260/2840/3260 3256/2836/3256 3258/2838/3258
f 3256/2836/3256 3260/2840/3260 3259/2839/3259
f 3260/2840/3260 3258/2838/3258 3261/2841/3261
f 3262/2842/3262 3255/2835/3255 3259/2839/3259
f 3262/2842/3262 3263/2843/3263 3255/2835/3255
f 3264/2844/3264 3260/2840/3260 3261/2841/3261
f 3264/2844/3264 3261/2841/3261 3265/2845/3265
f 3259/2839/3259 3260/2840/3260 3266/2846/3266
f 3259/2839/3259 3266/2846/3266 3262/2842/3262
f 3264/2844/3264 3266/2846/3266 3260/2840/3260
f 3267/2847/3267 3263/2843/3263 3262/2842/3262
f 3267/2847/3267 3268/2848/3268 3263/2843/3263
f 3269/2849/3269 3268/2848/3268 3267/2847/3267
f 3269/2849/3269 3270/2850/3270 3268/2848/3268
f 3271/2851/3271 3269/2849/3269 3267/2847/3267
f 3262/2842/3262 3271/2851/3271 3267/2847/3267
f 3262/2842/3262 3266/2846/3266 3271/2851/3271
f 3272/2852/3272 3268/2848/3268 3270/2850/3270
f 3273/2853/3273 3271/2851/3271 3266/2846/3266
f 3273/2853/3273 3266/2846/3266 3264/2844/3264
f 3273/2853/3273 3269/2849/3269 3271/2851/3271
f 3274/2854/3274 3273/2853/3273 3264/2844/3264
f 3269/2849/3269 3273/2853/3273 3274/2854/3274
f 3264/2844/3264 3265/2845/3265 3275/2855/3275
f 3274/2854/3274 3264/2844/3264 3275/2855/3275
f 3276/2856/3276 3275/2855/3275 3265/2845/3265
f 3276/2856/3276 3265/2845/3265 3277/2857/3277
f 3276/2856/3276 3277/2857/3277 3278/2858/3278
f 3275/2855/3275 3279/2859/3279 3274/2854/3274
f 3275/2855/3275 3276/2856/3276 3279/2859/3279
f 3276/2856/3276 3278/2858/3278 3280/2860/3280
f 3280/2860/3280 3278/2858/3278 3281/2861/3281
f 3269/2849/3269 3274/2854/3274 3282/2862/3282
f 3282/2862/3282 3274/2854/3274 3279/2859/3279
f 3269/2849/3269 3282/2862/3282 3283/2863/3283
f 3284/2864/3284 3279/2859/3279 3276/2856/3276
f 3284/2864/3284 3276/2856/3276 3280/2860/3280
f 3282/2862/3282 3279/2859/3279 3285/2865/3285
f 3283/2863/3283 3282/2862/3282 3285/2865/3285
f 3285/2865/3285 3279/2859/3279 3284/2864/3284
f 3280/2860/3280 3281/2861/3281 3286/2866/3286
f 3286/2866/3286 3281/2861/3281 3287/2867/3287
f 3280/2860/3280 3288/2868/3288 3284/2864/3284
f 3280/2860/3280 3286/2866/3286 3288/2868/3288
f 3286/2866/3286 3287/2867/3287 3289/2869/3289
f 3289/2869/3289 3287/2867/3287 3177/2870/3177
f 3289/2869/3289 3177/2870/3177 3178/2871/3178
f 3286/2866/3286 3289/2869/3289 3290/2872/3290
f 3178/2871/3178 3290/2872/3290 3289/2869/3289
f 3286/2866/3286 3290/2872/3290 3288/2868/3288
f 3178/2871/3178 3180/2873/3180 3290/2872/3290
f 3181/2874/3181 3290/2872/3290 3180/2873/3180
f 3181/2874/3181 3291/2875/3291 3290/2872/3290
f 3291/2875/3291 3288/2868/3288 3290/2872/3290
f 3183/2876/3183 3291/2875/3291 3181/2874/3181
f 3292/2877/3292 3284/2864/3284 3288/2868/3288
f 3291/2875/3291 3292/2877/3292 3288/2868/3288
f 3183/2876/3183 3293/2878/3293 3291/2875/3291
f 3293/2878/3293 3292/2877/3292 3291/2875/3291
f 3186/2879/3186 3293/2878/3293 3183/2876/3183
f 3292/2877/3292 3294/2880/3294 3284/2864/3284
f 3285/2865/3285 3284/2864/3284 3294/2880/3294
f 3295/2881/3295 3292/2877/3292 3293/2878/3293
f 3296/2882/3296 3295/2881/3295 3293/2878/3293
f 3295/2881/3295 3296/2882/3296 3297/2883/3297
f 3292/2877/3292 3295/2881/3295 3297/2883/3297
f 3297/2883/3297 3294/2880/3294 3292/2877/3292
f 3298/2884/3298 3285/2865/3285 3294/2880/3294
f 3283/2863/3283 3285/2865/3285 3298/2884/3298
f 3297/2883/3297 3299/2885/3299 3294/2880/3294
f 3298/2884/3298 3294/2880/3294 3299/2885/3299
f 3299/2885/3299 3297/2883/3297 3300/2886/3300
f 3298/2884/3298 3299/2885/3299 3300/2886/3300
f 3283/2863/3283 3298/2884/3298 3301/2887/3301
f 3283/2863/3283 3301/2887/3301 3302/2888/3302
f 3303/2889/3303 3302/2888/3302 3301/2887/3301
f 3303/2889/3303 3304/2890/3304 3302/2888/3302
f 3304/2890/3304 3283/2863/3283 3302/2888/3302
f 3304/2890/3304 3303/2889/3303 3305/2891/3305
f 3304/2890/3304 3306/2892/3306 3283/2863/3283
f 3305/2891/3305 3306/2892/3306 3304/2890/3304
f 3269/2849/3269 3283/2863/3283 3306/2892/3306
f 3305/2891/3305 3307/2893/3307 3306/2892/3306
f 3307/2893/3307 3269/2849/3269 3306/2892/3306
f 3307/2893/3307 3270/2850/3270 3269/2849/3269
f 3308/2894/3308 3270/2850/3270 3307/2893/3307
f 3272/2852/3272 3270/2850/3270 3308/2894/3308
f 3308/2894/3308 3307/2893/3307 3309/2895/3309
f 3309/2895/3309 3307/2893/3307 3310/2896/3310
f 3311/2897/3311 3309/2895/3309 3310/2896/3310
f 3311/2897/3311 3308/2894/3308 3309/2895/3309
f 3312/2898/3312 3311/2897/3311 3310/2896/3310
f 3313/2899/3313 3272/2852/3272 3308/2894/3308
f 3311/2897/3311 3313/2899/3313 3308/2894/3308
f 3313/2899/3313 3311/2897/3311 3312/2898/3312
f 3313/2899/3313 3314/2900/3314 3272/2852/3272
f 3313/2899/3313 3312/2898/3312 3315/2901/3315
f 3314/2900/3314 3313/2899/3313 3316/2902/3316
f 3315/2901/3315 3316/2902/3316 3313/2899/3313
f 3315/2901/3315 3317/2903/3317 3316/2902/3316
f 3318/2904/3318 3212/2905/3213 3213/2906/3212
f 3318/2904/3318 3319/2907/3319 3212/2905/3213
f 3212/2905/3213 3319/2907/3319 3186/2908/3186
f 3319/2907/3319 3293/2909/3293 3186/2908/3186
f 3318/2904/3318 3320/2910/3320 3319/2907/3319
f 3319/2907/3319 3320/2910/3320 3293/2909/3293
f 3320/2910/3320 3296/2911/3296 3293/2909/3293
f 3321/2912/3321 3320/2910/3320 3318/2904/3318
f 3320/2910/3320 3322/2913/3322 3296/2911/3296
f 3321/2912/3321 3322/2913/3322 3320/2910/3320
f 3322/2913/3322 3297/2914/3297 3296/2911/3296
f 3322/2913/3322 3323/2915/3323 3297/2914/3297
f 3321/2912/3321 3323/2915/3323 3322/2913/3322
f 3323/2915/3323 3300/2916/3300 3297/2914/3297
f 3324/2917/3324 3323/2915/3323 3321/2912/3321
f 3324/2917/3324 3321/2912/3321 3325/2918/3325
f 3323/2915/3323 3326/2919/3326 3300/2916/3300
f 3324/2917/3324 3326/2919/3326 3323/2915/3323
f 3300/2916/3300 3326/2919/3326 3327/2920/3327
f 3327/2920/3327 3326/2919/3326 3324/2917/3324
f 3300/2916/3300 3327/2920/3327 3298/2921/3298
f 3298/2921/3298 3327/2920/3327 3328/2922/3328
f 3328/2922/3328 3327/2920/3327 3324/2917/3324
f 3298/2921/3298 3328/2922/3328 3301/2923/3301
f 3329/2924/3329 3328/2922/3328 3324/2917/3324
f 3324/2917/3324 3325/2918/3325 3329/2924/3329
f 3328/2922/3328 3330/2925/3330 3301/2923/3301
f 3328/2922/3328 3329/2924/3329 3330/2925/3330
f 3301/2923/3301 3330/2925/3330 3303/2926/3303
f 3330/2925/3330 3305/2927/3305 3303/2926/3303
f 3305/2927/3305 3330/2925/3330 3329/2924/3329
f 3305/2927/3305 3329/2924/3329 3307/2928/3307
f 3331/2929/3331 3307/2928/3307 3329/2924/3329
f 3329/2924/3329 3325/2918/3325 3331/2929/3331
f 3331/2929/3331 3310/2930/3310 3307/2928/3307
f 3310/2930/3310 3331/2929/3331 3312/2931/3312
f 3325/2918/3325 3312/2931/3312 3331/2929/3331
f 3325/2918/3325 3315/2932/3315 3312/2931/3312
f 3332/2933/3332 3113/2934/3113 3114/2935/3115
f 3332/2933/3332 3333/2936/3333 3113/2934/3113
f 3334/2937/3334 3333/2936/3333 3332/2933/3332
f 3113/2934/3113 3333/2936/3333 3335/2938/3335
f 3113/2934/3113 3335/2938/3335 3117/2939/3117
f 3334/2937/3334 3336/2940/3336 3333/2936/3333
f 3336/2940/3336 3334/2937/3334 3337/2941/3337
f 3117/2939/3117 3335/2938/3335 3338/2942/3338
f 3117/2939/3117 3338/2942/3338 3119/2943/3119
f 3339/2944/3339 3119/2943/3119 3338/2942/3338
f 3336/2940/3336 3337/2941/3337 3340/2945/3340
f 3341/2946/3341 3340/2945/3340 3337/2941/3337
f 3339/2944/3339 3338/2942/3338 3342/2947/3342
f 3343/2948/3343 3339/2944/3339 3342/2947/3342
f 3343/2948/3343 3342/2947/3342 3344/2949/3344
f 3344/2949/3344 3342/2947/3342 3345/2950/3345
f 3338/2942/3338 3345/2950/3345 3342/2947/3342
f 3344/2949/3344 3345/2950/3345 3346/2951/3346
f 3335/2938/3335 3347/2952/3347 3338/2942/3338
f 3338/2942/3338 3347/2952/3347 3345/2950/3345
f 3346/2951/3346 3345/2950/3345 3348/2953/3348
f 3346/2951/3346 3348/2953/3348 3349/2954/3349
f 3348/2953/3348 3350/2955/3350 3349/2954/3349
f 3341/2946/3341 3351/2956/3351 3340/2945/3340
f 3351/2956/3351 3341/2946/3341 3352/2957/3352
f 3335/2938/3335 3353/2958/3353 3347/2952/3347
f 3335/2938/3335 3333/2936/3333 3353/2958/3353
f 3354/2959/3354 3345/2950/3345 3347/2952/3347
f 3354/2959/3354 3348/2953/3348 3345/2950/3345
f 3355/2960/3355 3353/2958/3353 3333/2936/3333
f 3355/2960/3355 3333/2936/3333 3336/2940/3336
f 3356/2961/3356 3336/2940/3336 3340/2945/3340
f 3356/2961/3356 3355/2960/3355 3336/2940/3336
f 3357/2962/3357 3340/2945/3340 3351/2956/3351
f 3357/2962/3357 3356/2961/3356 3340/2945/3340
f 3351/2956/3351 3352/2957/3352 3358/2963/3358
f 3358/2963/3358 3357/2962/3357 3351/2956/3351
f 3359/2964/3359 3347/2952/3347 3353/2958/3353
f 3359/2964/3359 3354/2959/3354 3347/2952/3347
f 3360/2965/3360 3353/2958/3353 3355/2960/3355
f 3360/2965/3360 3359/2964/3359 3353/2958/3353
f 3361/2966/3361 3355/2960/3355 3356/2961/3356
f 3361/2966/3361 3360/2965/3360 3355/2960/3355
f 3362/2967/3362 3358/2963/3358 3352/2957/3352
f 3362/2967/3362 3352/2957/3352 3363/2968/3363
f 3363/2968/3363 3364/2969/3364 3362/2967/3362
f 3363/2968/3363 3365/2970/3365 3364/2969/3364
f 3358/2963/3358 3362/2967/3362 3366/2971/3366
f 3366/2971/3366 3362/2967/3362 3364/2969/3364
f 3367/2972/3367 3364/2969/3364 3365/2970/3365
f 3367/2972/3367 3365/2970/3365 3368/2973/3368
f 3369/2974/3369 3361/2966/3361 3356/2961/3356
f 3369/2974/3369 3356/2961/3356 3357/2962/3357
f 3358/2963/3358 3370/2975/3370 3357/2962/3357
f 3358/2963/3358 3366/2971/3366 3370/2975/3370
f 3357/2962/3357 3370/2975/3370 3371/2976/3371
f 3357/2962/3357 3371/2976/3371 3369/2974/3369
f 3366/2971/3366 3371/2976/3371 3370/2975/3370
f 3366/2971/3366 3364/2969/3364 3372/2977/3372
f 3372/2977/3372 3364/2969/3364 3367/2972/3367
f 3368/2973/3368 3373/2978/3373 3367/2972/3367
f 3368/2973/3368 3374/2979/3374 3373/2978/3373
f 3366/2971/3366 3375/2980/3375 3371/2976/3371
f 3375/2980/3375 3366/2971/3366 3372/2977/3372
f 3369/2974/3369 3371/2976/3371 3376/2981/3376
f 3375/2980/3375 3376/2981/3376 3371/2976/3371
f 3377/2982/3377 3361/2966/3361 3369/2974/3369
f 3369/2974/3369 3376/2981/3376 3377/2982/3377
f 3372/2977/3372 3367/2972/3367 3378/2983/3378
f 3378/2983/3378 3367/2972/3367 3373/2978/3373
f 3375/2980/3375 3372/2977/3372 3379/2984/3379
f 3379/2984/3379 3372/2977/3372 3378/2983/3378
f 3375/2980/3375 3380/2985/3380 3376/2981/3376
f 3380/2985/3380 3375/2980/3375 3379/2984/3379
f 3374/2979/3374 3226/2986/3226 3373/2978/3373
f 3374/2979/3374 3228/2987/3227 3226/2986/3226
f 3226/2986/3226 3381/2988/3381 3373/2978/3373
f 3226/2986/3226 3230/2989/3230 3381/2988/3381
f 3378/2983/3378 3373/2978/3373 3382/2990/3382
f 3381/2988/3381 3382/2990/3382 3373/2978/3373
f 3379/2984/3379 3378/2983/3378 3383/2991/3383
f 3383/2991/3383 3378/2983/3378 3382/2990/3382
f 3230/2989/3230 3384/2992/3384 3381/2988/3381
f 3230/2989/3230 3232/2993/3232 3384/2992/3384
f 3385/2994/3385 3384/2992/3384 3232/2993/3232
f 3381/2988/3381 3386/2995/3386 3382/2990/3382
f 3381/2988/3381 3384/2992/3384 3386/2995/3386
f 3385/2994/3385 3387/2996/3387 3384/2992/3384
f 3343/2997/3343 3387/2996/3387 3385/2994/3385
f 3343/2997/3343 3344/2998/3344 3387/2996/3387
f 3384/2992/3384 3387/2996/3387 3388/2999/3388
f 3344/2998/3344 3388/2999/3388 3387/2996/3387
f 3384/2992/3384 3388/2999/3388 3386/2995/3386
f 3344/2998/3344 3346/3000/3346 3388/2999/3388
f 3389/3001/3389 3382/2990/3382 3386/2995/3386
f 3383/2991/3383 3382/2990/3382 3389/3001/3389
f 3390/3002/3390 3379/2984/3379 3383/2991/3383
f 3380/2985/3380 3379/2984/3379 3390/3002/3390
f 3391/3003/3391 3386/2995/3386 3388/2999/3388
f 3389/3001/3389 3386/2995/3386 3391/3003/3391
f 3346/3000/3346 3392/3004/3392 3388/2999/3388
f 3391/3003/3391 3388/2999/3388 3392/3004/3392
f 3346/3000/3346 3349/3005/3349 3392/3004/3392
f 3350/3006/3350 3392/3004/3392 3349/3005/3349
f 3393/3007/3393 3383/2991/3383 3389/3001/3389
f 3390/3002/3390 3383/2991/3383 3393/3007/3393
f 3394/3008/3394 3389/3001/3389 3391/3003/3391
f 3393/3007/3393 3389/3001/3389 3394/3008/3394
f 3395/3009/3395 3391/3003/3391 3392/3004/3392
f 3394/3008/3394 3391/3003/3391 3395/3009/3395
f 3350/3006/3350 3396/3010/3396 3392/3004/3392
f 3395/3009/3395 3392/3004/3392 3396/3010/3396
f 3397/3011/3397 3396/3010/3396 3350/3006/3350
f 3397/3011/3397 3350/3006/3350 3398/3012/3398
f 3399/3013/3399 3395/3009/3395 3396/3010/3396
f 3399/3013/3399 3396/3010/3396 3397/3011/3397
f 3400/3014/3400 3394/3008/3394 3395/3009/3395
f 3400/3014/3400 3395/3009/3395 3399/3013/3399
f 3401/3015/3401 3393/3007/3393 3394/3008/3394
f 3401/3015/3401 3394/3008/3394 3400/3014/3400
f 3402/3016/3402 3390/3002/3390 3393/3007/3393
f 3402/3016/3402 3393/3007/3393 3401/3015/3401
f 3403/3017/3403 3397/3011/3397 3398/3012/3398
f 3403/3017/3403 3398/3012/3398 3404/3018/3404
f 3405/3019/3405 3399/3013/3399 3397/3011/3397
f 3405/3019/3405 3397/3011/3397 3403/3017/3403
f 3406/3020/3406 3400/3014/3400 3399/3013/3399
f 3406/3020/3406 3399/3013/3399 3405/3019/3405
f 3407/3021/3407 3401/3015/3401 3400/3014/3400
f 3407/3021/3407 3400/3014/3400 3406/3020/3406
f 3408/3022/3408 3403/3017/3403 3404/3018/3404
f 3408/3022/3408 3404/3018/3404 3409/3023/3409
f 3410/3024/3410 3405/3019/3405 3403/3017/3403
f 3410/3024/3410 3403/3017/3403 3408/3022/3408
f 3411/3025/3411 3406/3020/3406 3405/3019/3405
f 3411/3025/3411 3405/3019/3405 3410/3024/3410
f 3412/3026/3412 3408/3022/3408 3409/3023/3409
f 3412/3026/3412 3409/3023/3409 3413/3027/3413
f 3414/3028/3414 3410/3024/3410 3408/3022/3408
f 3414/3028/3414 3408/3022/3408 3412/3026/3412
f 3415/3029/3415 3412/3026/3412 3413/3027/3413
f 3415/3029/3415 3413/3027/3413 3416/3030/3416
f 3417/3031/3417 3401/3015/3401 3407/3021/3407
f 3417/3031/3417 3402/3016/3402 3401/3015/3401
f 3418/3032/3418 3407/3021/3407 3406/3020/3406
f 3418/3032/3418 3406/3020/3406 3411/3025/3411
f 3419/3033/3419 3411/3025/3411 3410/3024/3410
f 3419/3033/3419 3410/3024/3410 3414/3028/3414
f 3420/3034/3420 3414/3028/3414 3412/3026/3412
f 3420/3034/3420 3412/3026/3412 3415/3029/3415
f 3416/3030/3416 3421/3035/3421 3415/3029/3415
f 3416/3030/3416 3422/3036/3422 3421/3035/3421
f 3421/3035/3421 3422/3036/3422 3423/3037/3423
f 3424/3038/3424 3407/3021/3407 3418/3032/3418
f 3424/3038/3424 3417/3031/3417 3407/3021/3407
f 3425/3039/3425 3418/3032/3418 3411/3025/3411
f 3425/3039/3425 3411/3025/3411 3419/3033/3419
f 3426/3040/3426 3419/3033/3419 3414/3028/3414
f 3426/3040/3426 3414/3028/3414 3420/3034/3420
f 3427/3041/3427 3420/3034/3420 3415/3029/3415
f 3427/3041/3427 3415/3029/3415 3421/3035/3421
f 3428/3042/3428 3419/3033/3419 3426/3040/3426
f 3428/3042/3428 3425/3039/3425 3419/3033/3419
f 3429/3043/3429 3426/3040/3426 3420/3034/3420
f 3429/3043/3429 3420/3034/3420 3427/3041/3427
f 3428/3042/3428 3426/3040/3426 3429/3043/3429
f 3430/3044/3430 3418/3032/3418 3425/3039/3425
f 3430/3044/3430 3424/3038/3424 3418/3032/3418
f 3431/3045/3431 3425/3039/3425 3428/3042/3428
f 3431/3045/3431 3430/3044/3430 3425/3039/3425
f 3428/3042/3428 3429/3043/3429 3432/3046/3432
f 3431/3045/3431 3428/3042/3428 3432/3046/3432
f 3433/3047/3433 3429/3043/3429 3427/3041/3427
f 3432/3046/3432 3429/3043/3429 3433/3047/3433
f 3434/3048/3434 3427/3041/3427 3421/3035/3421
f 3433/3047/3433 3427/3041/3427 3434/3048/3434
f 3434/3048/3434 3421/3035/3421 3435/3049/3435
f 3421/3035/3421 3423/3037/3423 3435/3049/3435
f 3423/3037/3423 3436/3050/3436 3435/3049/3435
f 3423/3037/3423 3437/3051/3437 3436/3050/3436
f 3438/3052/3438 3434/3048/3434 3435/3049/3435
f 3438/3052/3438 3435/3049/3435 3436/3050/3436
f 3439/3053/3439 3433/3047/3433 3434/3048/3434
f 3439/3053/3439 3434/3048/3434 3438/3052/3438
f 3437/3051/3437 3440/3054/3440 3436/3050/3436
f 3437/3051/3437 3441/3055/3441 3440/3054/3440
f 3442/3056/3442 3438/3052/3438 3436/3050/3436
f 3442/3056/3442 3436/3050/3436 3440/3054/3440
f 3443/3057/3443 3440/3054/3440 3441/3055/3441
f 3443/3057/3443 3441/3055/3441 3444/3058/3444
f 3445/3059/3445 3438/3052/3438 3442/3056/3442
f 3445/3059/3445 3439/3053/3439 3438/3052/3438
f 3440/3054/3440 3446/3060/3446 3442/3056/3442
f 3440/3054/3440 3443/3057/3443 3446/3060/3446
f 3445/3059/3445 3442/3056/3442 3446/3060/3446
f 3447/3061/3447 3433/3047/3433 3439/3053/3439
f 3432/3046/3432 3433/3047/3433 3447/3061/3447
f 3448/3062/3448 3443/3057/3443 3444/3058/3444
f 3448/3062/3448 3444/3058/3444 3449/3063/3449
f 3450/3064/3450 3448/3062/3448 3449/3063/3449
f 3450/3064/3450 3449/3063/3449 3451/3065/3451
f 3452/3066/3452 3450/3064/3450 3451/3065/3451
f 3452/3066/3452 3453/3067/3453 3450/3064/3450
f 3453/3067/3453 3452/3066/3452 3454/3068/3454
f 3455/3069/3455 3439/3053/3439 3445/3059/3445
f 3447/3061/3447 3439/3053/3439 3456/3070/3456
f 3455/3069/3455 3456/3070/3456 3439/3053/3439
f 3457/3071/3457 3456/3070/3456 3455/3069/3455
f 3455/3069/3455 3445/3059/3445 3458/3072/3458
f 3445/3059/3445 3446/3060/3446 3458/3072/3458
f 3459/3073/3459 3447/3061/3447 3456/3070/3456
f 3459/3073/3459 3432/3046/3432 3447/3061/3447
f 3455/3069/3455 3458/3072/3458 3460/3074/3460
f 3457/3071/3457 3455/3069/3455 3460/3074/3460
f 3446/3060/3446 3461/3075/3461 3458/3072/3458
f 3461/3075/3461 3460/3074/3460 3458/3072/3458
f 3446/3060/3446 3443/3057/3443 3461/3075/3461
f 3459/3073/3459 3456/3070/3456 3462/3076/3462
f 3457/3071/3457 3462/3076/3462 3456/3070/3456
f 3459/3073/3459 3463/3077/3463 3432/3046/3432
f 3431/3045/3431 3432/3046/3432 3463/3077/3463
f 3464/3078/3464 3459/3073/3459 3462/3076/3462
f 3464/3078/3464 3463/3077/3463 3459/3073/3459
f 3465/3079/3465 3431/3045/3431 3463/3077/3463
f 3465/3079/3465 3430/3044/3430 3431/3045/3431
f 3457/3071/3457 3460/3074/3460 3466/3080/3466
f 3461/3075/3461 3466/3080/3466 3460/3074/3460
f 3467/3081/3467 3461/3075/3461 3443/3057/3443
f 3467/3081/3467 3443/3057/3443 3448/3062/3448
f 3468/3082/3468 3461/3075/3461 3467/3081/3467
f 3468/3082/3468 3466/3080/3466 3461/3075/3461
f 3469/3083/3469 3467/3081/3467 3448/3062/3448
f 3469/3083/3469 3468/3082/3468 3467/3081/3467
f 3469/3083/3469 3448/3062/3448 3450/3064/3450
f 3450/3064/3450 3470/3084/3470 3469/3083/3469
f 3450/3064/3450 3453/3067/3453 3470/3084/3470
f 3469/3083/3469 3471/3085/3471 3468/3082/3468
f 3470/3084/3470 3471/3085/3471 3469/3083/3469
f 3472/3086/3472 3466/3080/3466 3468/3082/3468
f 3471/3085/3471 3472/3086/3472 3468/3082/3468
f 3453/3067/3453 3473/3087/3473 3470/3084/3470
f 3470/3084/3470 3473/3087/3473 3471/3085/3471
f 3474/3088/3474 3471/3085/3471 3473/3087/3473
f 3457/3071/3457 3466/3080/3466 3475/3089/3475
f 3472/3086/3472 3475/3089/3475 3466/3080/3466
f 3453/3067/3453 3476/3090/3476 3473/3087/3473
f 3453/3067/3453 3454/3068/3454 3476/3090/3476
f 3477/3091/3477 3476/3090/3476 3454/3068/3454
f 3477/3091/3477 3473/3087/3473 3476/3090/3476
f 3477/3091/3477 3454/3068/3454 3478/3092/3478
f 3477/3091/3477 3479/3093/3479 3473/3087/3473
f 3479/3093/3479 3474/3088/3474 3473/3087/3473
f 3480/3094/3480 3477/3091/3477 3478/3092/3478
f 3480/3094/3480 3479/3093/3479 3477/3091/3477
f 3480/3094/3480 3478/3092/3478 3481/3095/3481
f 3480/3094/3480 3481/3095/3481 3482/3096/3482
f 3480/3094/3480 3482/3096/3482 3483/3097/3483
f 3484/3098/3484 3483/3097/3483 3482/3096/3482
f 3480/3094/3480 3485/3099/3485 3479/3093/3479
f 3483/3097/3483 3485/3099/3485 3480/3094/3480
f 3479/3093/3479 3486/3100/3486 3474/3088/3474
f 3485/3099/3485 3486/3100/3486 3479/3093/3479
f 3487/3101/3487 3474/3088/3474 3486/3100/3486
f 3485/3099/3485 3488/3102/3488 3486/3100/3486
f 3488/3102/3488 3487/3101/3487 3486/3100/3486
f 3483/3097/3483 3489/3103/3489 3485/3099/3485
f 3485/3099/3485 3490/3104/3490 3488/3102/3488
f 3485/3099/3485 3489/3103/3489 3490/3104/3490
f 3491/3105/3491 3489/3103/3489 3483/3097/3483
f 3484/3098/3484 3491/3105/3491 3483/3097/3483
f 3491/3105/3491 3490/3104/3490 3489/3103/3489
f 3490/3104/3490 3492/3106/3492 3488/3102/3488
f 3488/3102/3488 3492/3106/3492 3487/3101/3487
f 3491/3105/3491 3493/3107/3493 3490/3104/3490
f 3491/3105/3491 3484/3098/3484 3493/3107/3493
f 3490/3104/3490 3493/3107/3493 3492/3106/3492
f 3494/3108/3494 3493/3107/3493 3484/3098/3484
f 3495/3109/3495 3492/3106/3492 3493/3107/3493
f 3494/3108/3494 3495/3109/3495 3493/3107/3493
f 3484/3098/3484 3496/3110/3496 3494/3108/3494
f 3484/3098/3484 3482/3111/3482 3496/3110/3496
f 3497/3112/3497 3487/3101/3487 3492/3106/3492
f 3495/3109/3495 3497/3112/3497 3492/3106/3492
f 3494/3108/3494 3498/3113/3498 3495/3109/3495
f 3494/3108/3494 3496/3110/3496 3498/3113/3498
f 3499/3114/3499 3495/3109/3495 3498/3113/3498
f 3499/3114/3499 3497/3112/3497 3495/3109/3495
f 3496/3110/3496 3499/3114/3499 3498/3113/3498
f 3500/3115/3500 3496/3110/3496 3482/3111/3482
f 3496/3110/3496 3500/3115/3500 3499/3114/3499
f 3500/3115/3500 3482/3111/3482 3481/3116/3481
f 3500/3115/3500 3481/3116/3481 3478/3117/3478
f 3499/3114/3499 3501/3118/3501 3497/3112/3497
f 3497/3112/3497 3501/3118/3501 3487/3101/3487
f 3487/3101/3487 3501/3118/3501 3502/3119/3502
f 3499/3114/3499 3503/3120/3503 3501/3118/3501
f 3500/3115/3500 3503/3120/3503 3499/3114/3499
f 3503/3120/3503 3502/3119/3502 3501/3118/3501
f 3500/3115/3500 3478/3117/3478 3504/3121/3504
f 3500/3115/3500 3504/3121/3504 3503/3120/3503
f 3504/3121/3504 3478/3117/3478 3454/3122/3454
f 3504/3121/3504 3505/3123/3505 3503/3120/3503
f 3503/3120/3503 3505/3123/3505 3502/3119/3502
f 3504/3121/3504 3454/3122/3454 3506/3124/3506
f 3504/3121/3504 3506/3124/3506 3505/3123/3505
f 3507/3125/3507 3506/3124/3506 3454/3122/3454
f 3507/3125/3507 3505/3123/3505 3506/3124/3506
f 3507/3125/3507 3454/3122/3454 3452/3126/3452
f 3452/3126/3452 3508/3127/3508 3507/3125/3507
f 3452/3126/3452 3451/3128/3451 3508/3127/3508
f 3508/3127/3508 3451/3128/3451 3449/3129/3449
f 3507/3125/3507 3509/3130/3509 3505/3123/3505
f 3508/3127/3508 3509/3130/3509 3507/3125/3507
f 3508/3127/3508 3449/3129/3449 3510/3131/3510
f 3510/3131/3510 3449/3129/3449 3444/3132/3444
f 3509/3130/3509 3511/3133/3511 3505/3123/3505
f 3502/3119/3502 3505/3123/3505 3511/3133/3511
f 3508/3127/3508 3512/3134/3512 3509/3130/3509
f 3512/3134/3512 3508/3127/3508 3510/3131/3510
f 3509/3130/3509 3512/3134/3512 3511/3133/3511
f 3510/3131/3510 3444/3132/3444 3513/3135/3513
f 3513/3135/3513 3444/3132/3444 3441/3136/3441
f 3512/3134/3512 3510/3131/3510 3514/3137/3514
f 3514/3137/3514 3510/3131/3510 3513/3135/3513
f 3512/3134/3512 3514/3137/3514 3515/3138/3515
f 3512/3134/3512 3515/3138/3515 3511/3133/3511
f 3513/3135/3513 3441/3136/3441 3516/3139/3516
f 3437/3140/3437 3516/3139/3516 3441/3136/3441
f 3514/3137/3514 3513/3135/3513 3517/3141/3517
f 3515/3138/3515 3514/3137/3514 3517/3141/3517
f 3437/3140/3437 3518/3142/3518 3516/3139/3516
f 3423/3143/3423 3518/3142/3518 3437/3140/3437
f 3516/3139/3516 3519/3144/3519 3513/3135/3513
f 3519/3144/3519 3517/3141/3517 3513/3135/3513
f 3520/3145/3520 3516/3139/3516 3518/3142/3518
f 3516/3139/3516 3520/3145/3520 3519/3144/3519
f 3511/3133/3511 3515/3138/3515 3521/3146/3521
f 3515/3138/3515 3517/3141/3517 3522/3147/3522
f 3521/3146/3521 3515/3138/3515 3522/3147/3522
f 3511/3133/3511 3521/3146/3521 3523/3148/3523
f 3502/3119/3502 3511/3133/3511 3523/3148/3523
f 3423/3143/3423 3524/3149/3524 3518/3142/3518
f 3520/3145/3520 3518/3142/3518 3525/3150/3525
f 3525/3150/3525 3518/3142/3518 3524/3149/3524
f 3526/3151/3526 3519/3144/3519 3520/3145/3520
f 3526/3151/3526 3520/3145/3520 3525/3150/3525
f 3519/3144/3519 3527/3152/3527 3517/3141/3517
f 3526/3151/3526 3527/3152/3527 3519/3144/3519
f 3528/3153/3528 3524/3149/3524 3423/3143/3423
f 3528/3153/3528 3423/3143/3423 3422/3154/3422
f 3416/3155/3416 3528/3153/3528 3422/3154/3422
f 3525/3150/3525 3524/3149/3524 3529/3156/3529
f 3529/3156/3529 3524/3149/3524 3528/3153/3528
f 3517/3141/3517 3527/3152/3527 3530/3157/3530
f 3517/3141/3517 3530/3157/3530 3522/3147/3522
f 3531/3158/3531 3522/3147/3522 3530/3157/3530
f 3532/3159/3532 3530/3157/3530 3527/3152/3527
f 3532/3159/3532 3527/3152/3527 3526/3151/3526
f 3531/3158/3531 3530/3157/3530 3532/3159/3532
f 3526/3151/3526 3525/3150/3525 3533/3160/3533
f 3532/3159/3532 3526/3151/3526 3533/3160/3533
f 3533/3160/3533 3525/3150/3525 3529/3156/3529
f 3416/3155/3416 3534/3161/3534 3528/3153/3528
f 3534/3161/3534 3416/3155/3416 3413/3162/3413
f 3529/3156/3529 3528/3153/3528 3535/3163/3535
f 3535/3163/3535 3528/3153/3528 3534/3161/3534
f 3534/3161/3534 3413/3162/3413 3536/3164/3536
f 3536/3164/3536 3413/3162/3413 3409/3165/3409
f 3531/3158/3531 3537/3166/3537 3522/3147/3522
f 3521/3146/3521 3522/3147/3522 3537/3166/3537
f 3532/3159/3532 3533/3160/3533 3538/3167/3538
f 3531/3158/3531 3532/3159/3532 3538/3167/3538
f 3533/3160/3533 3529/3156/3529 3539/3168/3539
f 3539/3168/3539 3529/3156/3529 3535/3163/3535
f 3535/3163/3535 3534/3161/3534 3540/3169/3540
f 3540/3169/3540 3534/3161/3534 3536/3164/3536
f 3536/3164/3536 3409/3165/3409 3541/3170/3541
f 3541/3170/3541 3409/3165/3409 3404/3171/3404
f 3542/3172/3542 3538/3167/3538 3533/3160/3533
f 3542/3172/3542 3533/3160/3533 3539/3168/3539
f 3539/3168/3539 3535/3163/3535 3543/3173/3543
f 3543/3173/3543 3535/3163/3535 3540/3169/3540
f 3540/3169/3540 3536/3164/3536 3544/3174/3544
f 3544/3174/3544 3536/3164/3536 3541/3170/3541
f 3541/3170/3541 3404/3171/3404 3545/3175/3545
f 3545/3175/3545 3404/3171/3404 3398/3176/3398
f 3546/3177/3546 3542/3172/3542 3539/3168/3539
f 3546/3177/3546 3539/3168/3539 3543/3173/3543
f 3547/3178/3547 3538/3167/3538 3542/3172/3542
f 3547/3178/3547 3542/3172/3542 3546/3177/3546
f 3543/3173/3543 3540/3169/3540 3548/3179/3548
f 3548/3179/3548 3540/3169/3540 3544/3174/3544
f 3544/3174/3544 3541/3170/3541 3549/3180/3549
f 3549/3180/3549 3541/3170/3541 3545/3175/3545
f 3545/3175/3545 3398/3176/3398 3550/3181/3550
f 3550/3181/3550 3398/3176/3398 3350/2955/3350
f 3551/3182/3551 3543/3173/3543 3548/3179/3548
f 3551/3182/3551 3546/3177/3546 3543/3173/3543
f 3548/3179/3548 3544/3174/3544 3552/3183/3552
f 3552/3183/3552 3544/3174/3544 3549/3180/3549
f 3551/3182/3551 3548/3179/3548 3552/3183/3552
f 3549/3180/3549 3545/3175/3545 3553/3184/3553
f 3553/3184/3553 3545/3175/3545 3550/3181/3550
f 3550/3181/3550 3350/2955/3350 3554/3185/3554
f 3348/2953/3348 3554/3185/3554 3350/2955/3350
f 3552/3183/3552 3549/3180/3549 3555/3186/3555
f 3555/3186/3555 3549/3180/3549 3553/3184/3553
f 3551/3182/3551 3552/3183/3552 3556/3187/3556
f 3556/3187/3556 3552/3183/3552 3555/3186/3555
f 3557/3188/3557 3546/3177/3546 3551/3182/3551
f 3557/3188/3557 3551/3182/3551 3556/3187/3556
f 3558/3189/3558 3550/3181/3550 3554/3185/3554
f 3553/3184/3553 3550/3181/3550 3558/3189/3558
f 3559/3190/3559 3554/3185/3554 3348/2953/3348
f 3558/3189/3558 3554/3185/3554 3559/3190/3559
f 3559/3190/3559 3348/2953/3348 3354/2959/3354
f 3555/3186/3555 3553/3184/3553 3560/3191/3560
f 3560/3191/3560 3553/3184/3553 3558/3189/3558
f 3556/3187/3556 3555/3186/3555 3561/3192/3561
f 3561/3192/3561 3555/3186/3555 3560/3191/3560
f 3562/3193/3562 3559/3190/3559 3354/2959/3354
f 3562/3193/3562 3354/2959/3354 3359/2964/3359
f 3563/3194/3563 3558/3189/3558 3559/3190/3559
f 3560/3191/3560 3558/3189/3558 3563/3194/3563
f 3563/3194/3563 3559/3190/3559 3562/3193/3562
f 3564/3195/3564 3562/3193/3562 3359/2964/3359
f 3564/3195/3564 3359/2964/3359 3360/2965/3360
f 3565/3196/3565 3560/3191/3560 3563/3194/3563
f 3561/3192/3561 3560/3191/3560 3565/3196/3565
f 3566/3197/3566 3563/3194/3563 3562/3193/3562
f 3566/3197/3566 3562/3193/3562 3564/3195/3564
f 3565/3196/3565 3563/3194/3563 3566/3197/3566
f 3567/3198/3567 3556/3187/3556 3561/3192/3561
f 3557/3188/3557 3556/3187/3556 3567/3198/3567
f 3568/3199/3568 3564/3195/3564 3360/2965/3360
f 3568/3199/3568 3360/2965/3360 3361/2966/3361
f 3377/2982/3377 3568/3199/3568 3361/2966/3361
f 3569/3200/3569 3561/3192/3561 3565/3196/3565
f 3567/3198/3567 3561/3192/3561 3569/3200/3569
f 3570/3201/3570 3566/3197/3566 3564/3195/3564
f 3570/3201/3570 3564/3195/3564 3568/3199/3568
f 3571/3202/3571 3565/3196/3565 3566/3197/3566
f 3569/3200/3569 3565/3196/3565 3571/3202/3571
f 3571/3202/3571 3566/3197/3566 3570/3201/3570
f 3572/3203/3572 3568/3199/3568 3377/2982/3377
f 3572/3203/3572 3570/3201/3570 3568/3199/3568
f 3573/3204/3573 3571/3202/3571 3570/3201/3570
f 3573/3204/3573 3570/3201/3570 3572/3203/3572
f 3574/3205/3574 3569/3200/3569 3571/3202/3571
f 3574/3205/3574 3571/3202/3571 3573/3204/3573
f 3575/3206/3575 3567/3198/3567 3569/3200/3569
f 3575/3206/3575 3569/3200/3569 3574/3205/3574
f 3377/2982/3377 3576/3207/3576 3572/3203/3572
f 3377/2982/3377 3376/2981/3376 3576/3207/3576
f 3380/2985/3380 3576/3207/3576 3376/2981/3376
f 3572/3203/3572 3577/3208/3577 3573/3204/3573
f 3572/3203/3572 3576/3207/3576 3577/3208/3577
f 3380/2985/3380 3578/3209/3578 3576/3207/3576
f 3578/3209/3578 3577/3208/3577 3576/3207/3576
f 3578/3209/3578 3380/2985/3380 3390/3002/3390
f 3578/3209/3578 3390/3002/3390 3402/3016/3402
f 3579/3210/3579 3578/3209/3578 3402/3016/3402
f 3578/3209/3578 3579/3210/3579 3577/3208/3577
f 3579/3210/3579 3402/3016/3402 3417/3031/3417
f 3573/3204/3573 3577/3208/3577 3580/3211/3580
f 3573/3204/3573 3580/3211/3580 3574/3205/3574
f 3579/3210/3579 3580/3211/3580 3577/3208/3577
f 3581/3212/3581 3579/3210/3579 3417/3031/3417
f 3579/3210/3579 3581/3212/3581 3580/3211/3580
f 3581/3212/3581 3417/3031/3417 3424/3038/3424
f 3574/3205/3574 3580/3211/3580 3582/3213/3582
f 3581/3212/3581 3582/3213/3582 3580/3211/3580
f 3574/3205/3574 3582/3213/3582 3575/3206/3575
f 3583/3214/3583 3581/3212/3581 3424/3038/3424
f 3581/3212/3581 3583/3214/3583 3582/3213/3582
f 3583/3214/3583 3424/3038/3424 3430/3044/3430
f 3465/3079/3465 3583/3214/3583 3430/3044/3430
f 3583/3214/3583 3584/3215/3584 3582/3213/3582
f 3575/3206/3575 3582/3213/3582 3584/3215/3584
f 3583/3214/3583 3465/3079/3465 3584/3215/3584
f 3465/3079/3465 3585/3216/3585 3584/3215/3584
f 3575/3206/3575 3584/3215/3584 3586/3217/3586
f 3586/3217/3586 3584/3215/3584 3585/3216/3585
f 3586/3217/3586 3567/3198/3567 3575/3206/3575
f 3586/3217/3586 3557/3188/3557 3567/3198/3567
f 3586/3217/3586 3587/3218/3587 3557/3188/3557
f 3557/3188/3557 3587/3218/3587 3546/3177/3546
f 3547/3178/3547 3546/3177/3546 3587/3218/3587
f 3586/3217/3586 3588/3219/3588 3587/3218/3587
f 3586/3217/3586 3585/3216/3585 3588/3219/3588
f 3589/3220/3589 3587/3218/3587 3588/3219/3588
f 3589/3220/3589 3547/3178/3547 3587/3218/3587
f 3585/3216/3585 3589/3220/3589 3588/3219/3588
f 3465/3079/3465 3590/3221/3590 3585/3216/3585
f 3465/3079/3465 3463/3077/3463 3590/3221/3590
f 3464/3078/3464 3590/3221/3590 3463/3077/3463
f 3585/3216/3585 3590/3221/3590 3464/3078/3464
f 3585/3216/3585 3464/3078/3464 3591/3222/3591
f 3585/3216/3585 3591/3222/3591 3589/3220/3589
f 3589/3220/3589 3592/3223/3592 3547/3178/3547
f 3547/3178/3547 3592/3223/3592 3538/3167/3538
f 3531/3158/3531 3538/3167/3538 3592/3223/3592
f 3589/3220/3589 3593/3224/3593 3592/3223/3592
f 3593/3224/3593 3531/3158/3531 3592/3223/3592
f 3591/3222/3591 3593/3224/3593 3589/3220/3589
f 3591/3222/3591 3464/3078/3464 3594/3225/3594
f 3464/3078/3464 3462/3076/3462 3594/3225/3594
f 3594/3225/3594 3462/3076/3462 3457/3071/3457
f 3593/3224/3593 3595/3226/3595 3531/3158/3531
f 3531/3158/3531 3595/3226/3595 3537/3166/3537
f 3591/3222/3591 3596/3227/3596 3593/3224/3593
f 3591/3222/3591 3594/3225/3594 3596/3227/3596
f 3596/3227/3596 3595/3226/3595 3593/3224/3593
f 3594/3225/3594 3457/3071/3457 3597/3228/3597
f 3596/3227/3596 3594/3225/3594 3597/3228/3597
f 3457/3071/3457 3475/3089/3475 3597/3228/3597
f 3596/3227/3596 3598/3229/3598 3595/3226/3595
f 3596/3227/3596 3597/3228/3597 3598/3229/3598
f 3537/3166/3537 3595/3226/3595 3598/3229/3598
f 3475/3089/3475 3598/3229/3598 3597/3228/3597
f 3537/3166/3537 3598/3229/3598 3599/3230/3599
f 3475/3089/3475 3599/3230/3599 3598/3229/3598
f 3521/3146/3521 3537/3166/3537 3599/3230/3599
f 3472/3086/3472 3599/3230/3599 3475/3089/3475
f 3521/3146/3521 3599/3230/3599 3600/3231/3600
f 3472/3086/3472 3600/3231/3600 3599/3230/3599
f 3523/3148/3523 3521/3146/3521 3600/3231/3600
f 3601/3232/3601 3600/3231/3600 3472/3086/3472
f 3471/3085/3471 3601/3232/3601 3472/3086/3472
f 3474/3088/3474 3601/3232/3601 3471/3085/3471
f 3523/3148/3523 3600/3231/3600 3602/3233/3602
f 3601/3232/3601 3602/3233/3602 3600/3231/3600
f 3474/3088/3474 3602/3233/3602 3601/3232/3601
f 3502/3119/3502 3523/3148/3523 3602/3233/3602
f 3474/3088/3474 3603/3234/3603 3602/3233/3602
f 3502/3119/3502 3602/3233/3602 3603/3234/3603
f 3487/3101/3487 3603/3234/3603 3474/3088/3474
f 3487/3101/3487 3502/3119/3502 3603/3234/3603
f 3604/3235/3604 3606/3236/3605 3605/3237/3606
f 3604/3235/3604 3605/3237/3606 3607/3238/3607
f 3608/3239/3608 3604/3235/3604 3607/3238/3607
f 3607/3238/3607 3605/3237/3606 3609/3240/3609
f 3608/3239/3608 3607/3238/3607 3610/3241/3610
f 3610/3241/3610 3611/3242/3611 3608/3239/3608
f 3607/3238/3607 3609/3240/3609 3612/3243/3612
f 3612/3243/3612 3610/3241/3610 3607/3238/3607
f 3610/3241/3610 3613/3244/3613 3611/3242/3611
f 3613/3244/3613 3614/3245/3614 3611/3242/3611
f 3609/3240/3609 3615/3246/3615 3612/3243/3612
f 3615/3246/3615 3609/3240/3609 3616/3247/3616
f 3615/3246/3615 3616/3247/3616 3617/3248/3617
f 3615/3246/3615 3617/3248/3617 3618/3249/3618
f 3612/3243/3612 3619/3250/3619 3610/3241/3610
f 3619/3250/3619 3613/3244/3613 3610/3241/3610
f 3613/3244/3613 3620/3251/3620 3614/3245/3614
f 3620/3251/3620 3621/3252/3621 3614/3245/3614
f 3615/3246/3615 3618/3249/3618 3622/3253/3622
f 3623/3254/3623 3622/3253/3622 3618/3249/3618
f 3624/3255/3624 3612/3243/3612 3615/3246/3615
f 3624/3255/3624 3619/3250/3619 3612/3243/3612
f 3624/3255/3624 3615/3246/3615 3622/3253/3622
f 3619/3250/3619 3625/3256/3625 3613/3244/3613
f 3620/3251/3620 3613/3244/3613 3625/3256/3625
f 3624/3255/3624 3625/3256/3625 3619/3250/3619
f 3623/3254/3623 3626/3257/3626 3622/3253/3622
f 3624/3255/3624 3622/3253/3622 3626/3257/3626
f 3627/3258/3627 3626/3257/3626 3623/3254/3623
f 3624/3255/3624 3628/3259/3628 3625/3256/3625
f 3628/3259/3628 3624/3255/3624 3626/3257/3626
f 3627/3258/3627 3629/3260/3629 3626/3257/3626
f 3628/3259/3628 3626/3257/3626 3629/3260/3629
f 3630/3261/3630 3629/3260/3629 3627/3258/3627
f 3620/3251/3620 3625/3256/3625 3631/3262/3631
f 3631/3262/3631 3625/3256/3625 3628/3259/3628
f 3630/3261/3630 3632/3263/3632 3629/3260/3629
f 3633/3264/3633 3632/3263/3632 3630/3261/3630
f 3629/3260/3629 3634/3265/3634 3628/3259/3628
f 3631/3262/3631 3628/3259/3628 3634/3265/3634
f 3631/3262/3631 3635/3266/3635 3620/3251/3620
f 3620/3251/3620 3635/3266/3635 3621/3252/3621
f 3636/3267/3636 3632/3263/3632 3633/3264/3633
f 3637/3268/3637 3636/3267/3636 3633/3264/3633
f 3637/3268/3637 3638/3269/3638 3636/3267/3636
f 3638/3269/3638 3608/3270/3608 3636/3267/3636
f 3638/3269/3638 3604/3271/3604 3608/3270/3608
f 3639/3272/3639 3636/3267/3636 3608/3270/3608
f 3632/3263/3632 3636/3267/3636 3639/3272/3639
f 3639/3272/3639 3608/3270/3608 3611/3273/3611
f 3640/3274/3640 3629/3260/3629 3632/3263/3632
f 3629/3260/3629 3640/3274/3640 3634/3265/3634
f 3634/3265/3634 3641/3275/3641 3631/3262/3631
f 3631/3262/3631 3641/3275/3641 3635/3266/3635
f 3642/3276/3642 3621/3252/3621 3635/3266/3635
f 3642/3276/3642 3643/3277/3643 3621/3252/3621
f 3644/3278/3644 3643/3277/3643 3642/3276/3642
f 3645/3279/3645 3639/3272/3639 3611/3273/3611
f 3645/3279/3645 3611/3273/3611 3614/3280/3614
f 3639/3272/3639 3646/3281/3646 3632/3263/3632
f 3640/3274/3640 3632/3263/3632 3646/3281/3646
f 3639/3272/3639 3645/3279/3645 3646/3281/3646
f 3640/3274/3640 3647/3282/3647 3634/3265/3634
f 3634/3265/3634 3647/3282/3647 3641/3275/3641
f 3648/3283/3648 3635/3266/3635 3641/3275/3641
f 3648/3283/3648 3642/3276/3642 3635/3266/3635
f 3649/3284/3649 3645/3279/3645 3614/3280/3614
f 3649/3284/3649 3614/3280/3614 3621/3285/3621
f 3650/3286/3650 3640/3274/3640 3646/3281/3646
f 3640/3274/3640 3650/3286/3650 3647/3282/3647
f 3645/3279/3645 3651/3287/3651 3646/3281/3646
f 3645/3279/3645 3649/3284/3649 3651/3287/3651
f 3650/3286/3650 3646/3281/3646 3651/3287/3651
f 3652/3288/3652 3641/3275/3641 3647/3282/3647
f 3652/3288/3652 3648/3283/3648 3641/3275/3641
f 3653/3289/3653 3649/3284/3649 3621/3285/3621
f 3653/3289/3653 3621/3285/3621 3643/3290/3643
f 3649/3284/3649 3654/3291/3654 3651/3287/3651
f 3650/3286/3650 3651/3287/3651 3654/3291/3654
f 3649/3284/3649 3653/3289/3653 3654/3291/3654
f 3655/3292/3655 3647/3282/3647 3650/3286/3650
f 3655/3292/3655 3652/3288/3652 3647/3282/3647
f 3650/3286/3650 3654/3291/3654 3655/3292/3655
f 3656/3293/3656 3653/3289/3653 3643/3290/3643
f 3656/3293/3656 3643/3290/3643 3644/3294/3644
f 3657/3295/3657 3652/3288/3652 3655/3292/3655
f 3657/3295/3657 3655/3292/3655 3654/3291/3654
f 3653/3289/3653 3658/3296/3658 3654/3291/3654
f 3653/3289/3653 3656/3293/3656 3658/3296/3658
f 3657/3295/3657 3654/3291/3654 3658/3296/3658
f 3659/3297/3659 3648/3283/3648 3652/3288/3652
f 3657/3295/3657 3659/3297/3659 3652/3288/3652
f 3660/3298/3660 3656/3293/3656 3644/3294/3644
f 3660/3298/3660 3644/3294/3644 3661/3299/3661
f 3662/3300/3662 3657/3295/3657 3658/3296/3658
f 3662/3300/3662 3659/3297/3659 3657/3295/3657
f 3656/3293/3656 3663/3301/3663 3658/3296/3658
f 3656/3293/3656 3660/3298/3660 3663/3301/3663
f 3662/3300/3662 3658/3296/3658 3663/3301/3663
f 3659/3297/3659 3664/3302/3664 3648/3283/3648
f 3664/3302/3664 3642/3276/3642 3648/3283/3648
f 3665/3303/3665 3660/3298/3660 3661/3299/3661
f 3665/3303/3665 3661/3299/3661 3666/3304/3666
f 3666/3304/3666 3667/3305/3667 3665/3303/3665
f 3660/3298/3660 3668/3306/3668 3663/3301/3663
f 3660/3298/3660 3665/3303/3665 3668/3306/3668
f 3668/3306/3668 3662/3300/3662 3663/3301/3663
f 3667/3305/3667 3668/3306/3668 3665/3303/3665
f 3662/3300/3662 3669/3307/3669 3659/3297/3659
f 3669/3307/3669 3664/3302/3664 3659/3297/3659
f 3668/3306/3668 3670/3308/3670 3662/3300/3662
f 3670/3308/3670 3668/3306/3668 3667/3305/3667
f 3662/3300/3662 3670/3308/3670 3669/3307/3669
f 3670/3308/3670 3667/3305/3667 3671/3309/3671
f 3671/3309/3671 3669/3307/3669 3670/3308/3670
f 3667/3305/3667 3666/3310/3666 3671/3309/3671
f 3671/3309/3671 3672/3311/3672 3669/3307/3669
f 3666/3310/3666 3672/3311/3672 3671/3309/3671
f 3669/3307/3669 3672/3311/3672 3664/3302/3664
f 3666/3310/3666 3661/3312/3661 3672/3311/3672
f 3672/3311/3672 3661/3312/3661 3644/3278/3644
f 3664/3302/3664 3672/3311/3672 3673/3313/3673
f 3672/3311/3672 3644/3278/3644 3673/3313/3673
f 3664/3302/3664 3673/3313/3673 3642/3276/3642
f 3644/3278/3644 3642/3276/3642 3673/3313/3673
f 3674/3314/3674 3617/3315/3617 3616/3316/3616
f 3617/3315/3617 3674/3314/3674 3675/3317/3675
f 3675/3317/3675 3618/3318/3618 3617/3315/3617
f 3675/3317/3675 3676/3319/3676 3618/3318/3618
f 3623/3320/3623 3618/3318/3618 3676/3319/3676
f 3623/3320/3623 3676/3319/3676 3677/3321/3677
f 3627/3322/3627 3623/3320/3623 3677/3321/3677
f 3678/3323/3678 3676/3319/3676 3675/3317/3675
f 3678/3323/3678 3677/3321/3677 3676/3319/3676
f 3675/3317/3675 3674/3314/3674 3679/3324/3679
f 3678/3323/3678 3675/3317/3675 3679/3324/3679
f 3627/3322/3627 3677/3321/3677 3680/3325/3680
f 3630/3326/3630 3627/3322/3627 3680/3325/3680
f 3681/3327/3681 3679/3324/3679 3674/3314/3674
f 3681/3327/3681 3674/3314/3674 3682/3328/3682
f 3683/3329/3683 3681/3327/3681 3682/3328/3682
f 3683/3329/3683 3682/3328/3682 3684/3330/3684
f 3685/3331/3685 3681/3327/3681 3683/3329/3683
f 3685/3331/3685 3686/3332/3686 3681/3327/3681
f 3679/3324/3679 3681/3327/3681 3686/3332/3686
f 3686/3332/3686 3685/3331/3685 3687/3333/3687
f 3679/3324/3679 3686/3332/3686 3688/3334/3688
f 3678/3323/3678 3679/3324/3679 3688/3334/3688
f 3686/3332/3686 3687/3333/3687 3689/3335/3689
f 3688/3334/3688 3686/3332/3686 3689/3335/3689
f 3689/3335/3689 3687/3333/3687 3690/3336/3690
f 3678/3323/3678 3688/3334/3688 3691/3337/3691
f 3688/3334/3688 3689/3335/3689 3691/3337/3691
f 3689/3335/3689 3690/3336/3690 3692/3338/3692
f 3692/3338/3692 3691/3337/3691 3689/3335/3689
f 3692/3338/3692 3690/3336/3690 3693/3339/3693
f 3678/3323/3678 3691/3337/3691 3694/3340/3694
f 3694/3340/3694 3677/3321/3677 3678/3323/3678
f 3694/3340/3694 3680/3325/3680 3677/3321/3677
f 3692/3338/3692 3695/3341/3695 3691/3337/3691
f 3695/3341/3695 3694/3340/3694 3691/3337/3691
f 3692/3338/3692 3693/3339/3693 3696/3342/3696
f 3695/3341/3695 3692/3338/3692 3696/3342/3696
f 3695/3341/3695 3697/3343/3697 3694/3340/3694
f 3680/3325/3680 3694/3340/3694 3697/3343/3697
f 3698/3344/3698 3696/3342/3696 3693/3339/3693
f 3698/3344/3698 3693/3339/3693 3699/3345/3699
f 3700/3346/3700 3698/3344/3698 3699/3345/3699
f 3695/3341/3695 3696/3342/3696 3701/3347/3701
f 3697/3343/3697 3695/3341/3695 3701/3347/3701
f 3702/3348/3702 3696/3342/3696 3698/3344/3698
f 3702/3348/3702 3701/3347/3701 3696/3342/3696
f 3680/3325/3680 3697/3343/3697 3703/3349/3703
f 3697/3343/3697 3701/3347/3701 3704/3350/3704
f 3703/3349/3703 3697/3343/3697 3704/3350/3704
f 3705/3351/3705 3701/3347/3701 3702/3348/3702
f 3705/3351/3705 3704/3350/3704 3701/3347/3701
f 3703/3349/3703 3706/3352/3706 3680/3325/3680
f 3630/3326/3630 3680/3325/3680 3706/3352/3706
f 3706/3352/3706 3633/3353/3633 3630/3326/3630
f 3633/3353/3633 3706/3352/3706 3707/3354/3707
f 3637/3355/3637 3633/3353/3633 3707/3354/3707
f 3637/3355/3637 3707/3354/3707 3708/3356/3708
f 3708/3356/3708 3707/3354/3707 3685/3357/3685
f 3708/3356/3708 3685/3357/3685 3683/3358/3683
f 3709/3359/3709 3685/3357/3685 3707/3354/3707
f 3707/3354/3707 3706/3352/3706 3709/3359/3709
f 3709/3359/3709 3687/3360/3687 3685/3357/3685
f 3703/3349/3703 3710/3361/3710 3706/3352/3706
f 3709/3359/3709 3706/3352/3706 3710/3361/3710
f 3711/3362/3711 3687/3360/3687 3709/3359/3709
f 3709/3359/3709 3710/3361/3710 3711/3362/3711
f 3711/3362/3711 3690/3363/3690 3687/3360/3687
f 3703/3349/3703 3704/3350/3704 3712/3364/3712
f 3712/3364/3712 3710/3361/3710 3703/3349/3703
f 3713/3365/3713 3690/3363/3690 3711/3362/3711
f 3713/3365/3713 3693/3366/3693 3690/3363/3690
f 3711/3362/3711 3710/3361/3710 3714/3367/3714
f 3712/3364/3712 3714/3367/3714 3710/3361/3710
f 3711/3362/3711 3714/3367/3714 3713/3365/3713
f 3715/3368/3715 3712/3364/3712 3704/3350/3704
f 3715/3368/3715 3704/3350/3704 3705/3351/3705
f 3712/3364/3712 3716/3369/3716 3714/3367/3714
f 3713/3365/3713 3714/3367/3714 3716/3369/3716
f 3712/3364/3712 3715/3368/3715 3716/3369/3716
f 3717/3370/3717 3693/3366/3693 3713/3365/3713
f 3713/3365/3713 3716/3369/3716 3717/3370/3717
f 3717/3370/3717 3699/3371/3699 3693/3366/3693
f 3718/3372/3718 3715/3368/3715 3705/3351/3705
f 3718/3372/3718 3716/3369/3716 3715/3368/3715
f 3719/3373/3719 3699/3371/3699 3717/3370/3717
f 3719/3373/3719 3700/3374/3700 3699/3371/3699
f 3717/3370/3717 3716/3369/3716 3720/3375/3720
f 3718/3372/3718 3720/3375/3720 3716/3369/3716
f 3717/3370/3717 3720/3375/3720 3719/3373/3719
f 3718/3372/3718 3705/3351/3705 3721/3376/3721
f 3721/3376/3721 3705/3351/3705 3702/3348/3702
f 3722/3377/3722 3700/3374/3700 3719/3373/3719
f 3722/3377/3722 3723/3378/3723 3700/3374/3700
f 3724/3379/3724 3720/3375/3720 3718/3372/3718
f 3724/3379/3724 3718/3372/3718 3721/3376/3721
f 3719/3373/3719 3720/3375/3720 3725/3380/3725
f 3719/3373/3719 3725/3380/3725 3722/3377/3722
f 3724/3379/3724 3725/3380/3725 3720/3375/3720
f 3721/3376/3721 3702/3348/3702 3726/3381/3726
f 3726/3381/3726 3702/3348/3702 3698/3344/3698
f 3727/3382/3727 3723/3378/3723 3722/3377/3722
f 3727/3382/3727 3728/3383/3728 3723/3378/3723
f 3728/3383/3728 3727/3382/3727 3729/3384/3729
f 3722/3377/3722 3725/3380/3725 3730/3385/3730
f 3722/3377/3722 3730/3385/3730 3727/3382/3727
f 3730/3385/3730 3725/3380/3725 3724/3379/3724
f 3729/3384/3729 3727/3382/3727 3730/3385/3730
f 3724/3379/3724 3721/3376/3721 3731/3386/3731
f 3731/3386/3731 3721/3376/3721 3726/3381/3726
f 3730/3385/3730 3724/3379/3724 3732/3387/3732
f 3732/3387/3732 3729/3384/3729 3730/3385/3730
f 3724/3379/3724 3731/3386/3731 3732/3387/3732
f 3732/3387/3732 3733/3388/3733 3729/3384/3729
f 3733/3388/3733 3732/3387/3732 3731/3386/3731
f 3729/3384/3729 3733/3388/3733 3728/3389/3728
f 3733/3388/3733 3731/3386/3731 3734/3390/3734
f 3728/3389/3728 3733/3388/3733 3734/3390/3734
f 3731/3386/3731 3726/3381/3726 3734/3390/3734
f 3728/3389/3728 3734/3390/3734 3723/3391/3723
f 3734/3390/3734 3700/3346/3700 3723/3391/3723
f 3726/3381/3726 3735/3392/3735 3734/3390/3734
f 3734/3390/3734 3735/3392/3735 3700/3346/3700
f 3726/3381/3726 3698/3344/3698 3735/3392/3735
f 3700/3346/3700 3735/3392/3735 3698/3344/3698
usemtl mat_merlin_skin.001
f 3736/3393/3736 3738/3394/3737 3737/3395/3738
f 3736/3393/3736 3737/3395/3738 3739/3396/3739
f 3739/3396/3739 3737/3395/3738 3740/3397/3740
f 3741/3398/3741 3736/3393/3736 3739/3396/3739
f 3741/3398/3741 3742/3399/3742 3736/3393/3736
f 3743/3400/3743 3742/3399/3742 3741/3398/3741
f 3739/3396/3739 3740/3397/3740 3744/3401/3744
f 3744/3401/3744 3741/3398/3741 3739/3396/3739
f 3744/3401/3744 3740/3397/3740 3745/3402/3745
f 3743/3400/3743 3741/3398/3741 3746/3403/3746
f 3747/3404/3747 3743/3400/3743 3746/3403/3746
f 3744/3401/3744 3748/3405/3748 3741/3398/3741
f 3748/3405/3748 3746/3403/3746 3741/3398/3741
f 3744/3401/3744 3745/3402/3745 3749/3406/3749
f 3749/3406/3749 3748/3405/3748 3744/3401/3744
f 3745/3402/3745 3750/3407/3750 3749/3406/3749
f 3745/3402/3745 3751/3408/3751 3750/3407/3750
f 3750/3407/3750 3751/3408/3751 3752/3409/3752
f 3749/3406/3749 3753/3410/3753 3748/3405/3748
f 3750/3407/3750 3753/3410/3753 3749/3406/3749
f 3748/3405/3748 3754/3411/3754 3746/3403/3746
f 3753/3410/3753 3754/3411/3754 3748/3405/3748
f 3747/3404/3747 3746/3403/3746 3755/3412/3755
f 3754/3411/3754 3755/3412/3755 3746/3403/3746
f 3750/3407/3750 3752/3409/3752 3756/3413/3756
f 3750/3407/3750 3757/3414/3757 3753/3410/3753
f 3757/3414/3757 3750/3407/3750 3756/3413/3756
f 3753/3410/3753 3758/3415/3758 3754/3411/3754
f 3757/3414/3757 3758/3415/3758 3753/3410/3753
f 3754/3411/3754 3759/3416/3759 3755/3412/3755
f 3758/3415/3758 3759/3416/3759 3754/3411/3754
f 3760/3417/3760 3756/3413/3756 3752/3409/3752
f 3760/3417/3760 3752/3409/3752 3761/3418/3761
f 3761/3418/3761 3762/3419/3762 3760/3417/3760
f 3761/3418/3761 3763/3420/3763 3762/3419/3762
f 3764/3421/3764 3762/3419/3762 3763/3420/3763
f 3765/3422/3765 3747/3404/3747 3755/3412/3755
f 3759/3416/3759 3766/3423/3766 3755/3412/3755
f 3765/3422/3765 3755/3412/3755 3766/3423/3766
f 3767/3424/3767 3747/3404/3747 3765/3422/3765
f 3767/3424/3767 3768/3425/3768 3747/3404/3747
f 3768/3425/3768 3767/3424/3767 3769/3426/3769
f 3768/3425/3768 3769/3426/3769 3770/3427/3770
f 3771/3428/3771 3770/3427/3770 3769/3426/3769
f 3771/3428/3771 3769/3426/3769 3772/3429/3772
f 3772/3429/3772 3773/3430/3773 3771/3428/3771
f 3767/3424/3767 3774/3431/3774 3769/3426/3769
f 3772/3429/3772 3769/3426/3769 3774/3431/3774
f 3775/3432/3775 3767/3424/3767 3765/3422/3765
f 3767/3424/3767 3775/3432/3775 3774/3431/3774
f 3759/3416/3759 3776/3433/3776 3766/3423/3766
f 3777/3434/3777 3765/3422/3765 3766/3423/3766
f 3776/3433/3776 3777/3434/3777 3766/3423/3766
f 3775/3432/3775 3765/3422/3765 3778/3435/3778
f 3777/3434/3777 3778/3435/3778 3765/3422/3765
f 3779/3436/3779 3776/3433/3776 3759/3416/3759
f 3758/3415/3758 3779/3436/3779 3759/3416/3759
f 3780/3437/3780 3779/3436/3779 3758/3415/3758
f 3757/3414/3757 3780/3437/3780 3758/3415/3758
f 3780/3437/3780 3757/3414/3757 3781/3438/3781
f 3757/3414/3757 3756/3413/3756 3781/3438/3781
f 3782/3439/3782 3781/3438/3781 3756/3413/3756
f 3782/3439/3782 3756/3413/3756 3760/3417/3760
f 3760/3417/3760 3783/3440/3783 3782/3439/3782
f 3760/3417/3760 3762/3419/3762 3783/3440/3783
f 3784/3441/3784 3775/3432/3775 3778/3435/3778
f 3784/3441/3784 3778/3435/3778 3785/3442/3785
f 3777/3434/3777 3785/3442/3785 3778/3435/3778
f 3775/3432/3775 3784/3441/3784 3786/3443/3786
f 3775/3432/3775 3786/3443/3786 3774/3431/3774
f 3787/3444/3787 3774/3431/3774 3786/3443/3786
f 3787/3444/3787 3788/3445/3788 3774/3431/3774
f 3772/3429/3772 3774/3431/3774 3788/3445/3788
f 3784/3441/3784 3789/3446/3789 3786/3443/3786
f 3787/3444/3787 3786/3443/3786 3789/3446/3789
f 3787/3444/3787 3789/3446/3789 3790/3447/3790
f 3790/3447/3790 3789/3446/3789 3791/3448/3791
f 3789/3446/3789 3792/3449/3792 3791/3448/3791
f 3784/3441/3784 3793/3450/3793 3789/3446/3789
f 3793/3450/3793 3784/3441/3784 3785/3442/3785
f 3789/3446/3789 3793/3450/3793 3792/3449/3792
f 3793/3450/3793 3785/3442/3785 3794/3451/3794
f 3792/3449/3792 3793/3450/3793 3794/3451/3794
f 3777/3434/3777 3795/3452/3795 3785/3442/3785
f 3796/3453/3796 3794/3451/3794 3785/3442/3785
f 3796/3453/3796 3785/3442/3785 3795/3452/3795
f 3797/3454/3797 3795/3452/3795 3777/3434/3777
f 3776/3433/3776 3797/3454/3797 3777/3434/3777
f 3798/3455/3798 3796/3453/3796 3795/3452/3795
f 3797/3454/3797 3798/3455/3798 3795/3452/3795
f 3799/3456/3799 3797/3454/3797 3776/3433/3776
f 3779/3436/3779 3799/3456/3799 3776/3433/3776
f 3800/3457/3800 3798/3455/3798 3797/3454/3797
f 3799/3456/3799 3800/3457/3800 3797/3454/3797
f 3801/3458/3801 3799/3456/3799 3779/3436/3779
f 3780/3437/3780 3801/3458/3801 3779/3436/3779
f 3802/3459/3802 3800/3457/3800 3799/3456/3799
f 3801/3458/3801 3802/3459/3802 3799/3456/3799
f 3801/3458/3801 3780/3437/3780 3803/3460/3803
f 3780/3437/3780 3781/3438/3781 3803/3460/3803
f 3802/3459/3802 3801/3458/3801 3804/3461/3804
f 3801/3458/3801 3803/3460/3803 3804/3461/3804
f 3805/3462/3805 3803/3460/3803 3781/3438/3781
f 3805/3462/3805 3781/3438/3781 3782/3439/3782
f 3806/3463/3806 3804/3461/3804 3803/3460/3803
f 3806/3463/3806 3803/3460/3803 3805/3462/3805
f 3782/3439/3782 3807/3464/3807 3805/3462/3805
f 3782/3439/3782 3783/3440/3783 3807/3464/3807
f 3805/3462/3805 3808/3465/3808 3806/3463/3806
f 3805/3462/3805 3807/3464/3807 3808/3465/3808
f 3809/3466/3809 3804/3461/3804 3806/3463/3806
f 3806/3463/3806 3808/3465/3808 3810/3467/3810
f 3806/3463/3806 3810/3467/3810 3809/3466/3809
f 3807/3464/3807 3811/3468/3811 3808/3465/3808
f 3811/3468/3811 3810/3467/3810 3808/3465/3808
f 3783/3440/3783 3812/3469/3812 3807/3464/3807
f 3807/3464/3807 3812/3469/3812 3811/3468/3811
f 3802/3459/3802 3804/3461/3804 3813/3470/3813
f 3809/3466/3809 3813/3470/3813 3804/3461/3804
f 3783/3440/3783 3814/3471/3814 3812/3469/3812
f 3762/3419/3762 3814/3471/3814 3783/3440/3783
f 3762/3419/3762 3815/3472/3815 3814/3471/3814
f 3764/3421/3764 3815/3472/3815 3762/3419/3762
f 3764/3421/3764 3816/3473/3816 3815/3472/3815
f 3814/3471/3814 3815/3472/3815 3816/3473/3816
f 3764/3421/3764 3817/3474/3817 3816/3473/3816
f 3814/3471/3814 3816/3473/3816 3818/3475/3818
f 3812/3469/3812 3814/3471/3814 3818/3475/3818
f 3812/3469/3812 3818/3475/3818 3819/3476/3819
f 3811/3468/3811 3812/3469/3812 3819/3476/3819
f 3811/3468/3811 3819/3476/3819 3820/3477/3820
f 3821/961/3821 3811/3468/3811 3820/3477/3820
f 3811/3468/3811 3821/961/3821 3810/3467/3810
f 3821/961/3821 3820/3477/3820 3822/3478/3822
f 3821/961/3821 3823/3479/3823 3810/3467/3810
f 3809/3466/3809 3810/3467/3810 3823/3479/3823
f 3824/3480/3824 3821/961/3821 3822/3478/3822
f 3821/961/3821 3824/3480/3824 3823/3479/3823
f 3824/3480/3824 3822/3478/3822 3825/3481/3825
f 3809/3466/3809 3823/3479/3823 3826/3482/3826
f 3826/3482/3826 3813/3470/3813 3809/3466/3809
f 3824/3480/3824 3827/3483/3827 3823/3479/3823
f 3826/3482/3826 3823/3479/3823 3827/3483/3827
f 3828/3484/3828 3824/3480/3824 3825/3481/3825
f 3824/3480/3824 3828/3484/3828 3827/3483/3827
f 3828/3484/3828 3825/3481/3825 3829/3485/3829
f 3826/3482/3826 3830/3486/3830 3813/3470/3813
f 3802/3459/3802 3813/3470/3813 3830/3486/3830
f 3826/3482/3826 3827/3483/3827 3831/3487/3831
f 3831/3487/3831 3830/3486/3830 3826/3482/3826
f 3828/3484/3828 3832/3488/3832 3827/3483/3827
f 3831/3487/3831 3827/3483/3827 3832/3488/3832
f 3833/3489/3833 3828/3484/3828 3829/3485/3829
f 3828/3484/3828 3833/3489/3833 3832/3488/3832
f 3833/3489/3833 3829/3485/3829 3834/3490/3834
f 3802/3459/3802 3830/3486/3830 3835/3491/3835
f 3802/3459/3802 3835/3491/3835 3800/3457/3800
f 3831/3487/3831 3836/3492/3836 3830/3486/3830
f 3835/3491/3835 3830/3486/3830 3836/3492/3836
f 3831/3487/3831 3832/3488/3832 3837/3493/3837
f 3837/3493/3837 3836/3492/3836 3831/3487/3831
f 3833/3489/3833 3838/3494/3838 3832/3488/3832
f 3837/3493/3837 3832/3488/3832 3838/3494/3838
f 3839/3495/3839 3833/3489/3833 3834/3490/3834
f 3833/3489/3833 3839/3495/3839 3838/3494/3838
f 3839/3495/3839 3834/3490/3834 3840/3496/3840
f 3839/3495/3839 3840/3496/3840 3817/3497/3817
f 3839/3495/3839 3817/3497/3817 3764/3498/3764
f 3839/3495/3839 3764/3498/3764 3763/3499/3763
f 3839/3495/3839 3763/3499/3763 3838/3494/3838
f 3841/3500/3841 3838/3494/3838 3763/3499/3763
f 3837/3493/3837 3838/3494/3838 3841/3500/3841
f 3841/3500/3841 3763/3499/3763 3761/3501/3761
f 3837/3493/3837 3842/3502/3842 3836/3492/3836
f 3841/3500/3841 3842/3502/3842 3837/3493/3837
f 3761/3501/3761 3843/3503/3843 3841/3500/3841
f 3841/3500/3841 3843/3503/3843 3842/3502/3842
f 3761/3501/3761 3752/3504/3752 3843/3503/3843
f 3751/3505/3751 3843/3503/3843 3752/3504/3752
f 3751/3505/3751 3844/3506/3844 3843/3503/3843
f 3844/3506/3844 3842/3502/3842 3843/3503/3843
f 3845/3507/3845 3836/3492/3836 3842/3502/3842
f 3835/3491/3835 3836/3492/3836 3845/3507/3845
f 3846/3508/3846 3844/3506/3844 3751/3505/3751
f 3846/3508/3846 3751/3505/3751 3745/3509/3745
f 3740/3510/3740 3846/3508/3846 3745/3509/3745
f 3844/3506/3844 3847/3511/3847 3842/3502/3842
f 3845/3507/3845 3842/3502/3842 3847/3511/3847
f 3847/3511/3847 3844/3506/3844 3846/3508/3846
f 3835/3491/3835 3845/3507/3845 3848/3512/3848
f 3835/3491/3835 3848/3512/3848 3800/3457/3800
f 3800/3457/3800 3848/3512/3848 3798/3455/3798
f 3845/3507/3845 3847/3511/3847 3849/3513/3849
f 3847/3511/3847 3846/3508/3846 3849/3513/3849
f 3845/3507/3845 3849/3513/3849 3848/3512/3848
f 3740/3510/3740 3850/3514/3850 3846/3508/3846
f 3849/3513/3849 3846/3508/3846 3850/3514/3850
f 3737/3515/3738 3850/3514/3850 3740/3510/3740
f 3848/3512/3848 3851/3516/3851 3798/3455/3798
f 3848/3512/3848 3849/3513/3849 3851/3516/3851
f 3849/3513/3849 3850/3514/3850 3851/3516/3851
f 3798/3455/3798 3851/3516/3851 3796/3453/3796
f 3737/3515/3738 3852/3517/3852 3850/3514/3850
f 3851/3516/3851 3850/3514/3850 3852/3517/3852
f 3851/3516/3851 3852/3517/3852 3796/3453/3796
f 3852/3517/3852 3794/3451/3794 3796/3453/3796
f 3738/3518/3737 3852/3517/3852 3737/3515/3738
f 3852/3517/3852 3853/3519/3853 3794/3451/3794
f 3738/3518/3737 3853/3519/3853 3852/3517/3852
f 3792/3449/3792 3794/3451/3794 3853/3519/3853
f 3853/3519/3853 3738/3518/3737 3854/3520/3854
f 3853/3519/3853 3854/3520/3854 3792/3449/3792
f 3738/3518/3737 3855/3521/3855 3854/3520/3854
f 3738/3518/3737 3736/3522/3736 3855/3521/3855
f 3854/3520/3854 3855/3521/3855 3856/3523/3856
f 3857/3524/3857 3856/3523/3856 3855/3521/3855
f 3857/3524/3857 3858/3525/3858 3856/3523/3856
f 3792/3449/3792 3854/3520/3854 3859/3526/3859
f 3854/3520/3854 3856/3523/3856 3859/3526/3859
f 3858/3525/3858 3860/3527/3860 3856/3523/3856
f 3859/3526/3859 3856/3523/3856 3860/3527/3860
f 3858/3525/3858 3861/3528/3861 3860/3527/3860
f 3792/3449/3792 3859/3526/3859 3862/3529/3862
f 3791/3448/3791 3792/3449/3792 3862/3529/3862
f 3861/3528/3861 3863/3530/3863 3860/3527/3860
f 3861/3528/3861 3864/3531/3864 3863/3530/3863
f 3859/3526/3859 3860/3527/3860 3865/3532/3865
f 3862/3529/3862 3859/3526/3859 3865/3532/3865
f 3865/3532/3865 3860/3527/3860 3863/3530/3863
f 3864/3531/3864 3866/3533/3866 3863/3530/3863
f 3864/3531/3864 3867/3534/3867 3866/3533/3866
f 3868/3535/3868 3866/3533/3866 3867/3534/3867
f 3868/3535/3868 3867/3534/3867 3869/3536/3869
f 3870/3537/3870 3868/3535/3868 3869/3536/3869
f 3871/3538/3871 3863/3530/3863 3866/3533/3866
f 3865/3532/3865 3863/3530/3863 3872/3539/3872
f 3871/3538/3871 3872/3539/3872 3863/3530/3863
f 3866/3533/3866 3868/3535/3868 3873/3540/3873
f 3866/3533/3866 3873/3540/3873 3871/3538/3871
f 3862/3529/3862 3865/3532/3865 3874/3541/3874
f 3865/3532/3865 3872/3539/3872 3875/3542/3875
f 3865/3532/3865 3875/3542/3875 3874/3541/3874
f 3876/3543/3876 3872/3539/3872 3871/3538/3871
f 3876/3543/3876 3875/3542/3875 3872/3539/3872
f 3874/3541/3874 3877/3544/3877 3862/3529/3862
f 3791/3448/3791 3862/3529/3862 3877/3544/3877
f 3878/3545/3878 3871/3538/3871 3873/3540/3873
f 3878/3545/3878 3876/3543/3876 3871/3538/3871
f 3875/3542/3875 3879/3546/3879 3874/3541/3874
f 3874/3541/3874 3879/3546/3879 3877/3544/3877
f 3880/3547/3880 3873/3540/3873 3868/3535/3868
f 3881/3548/3881 3878/3545/3878 3873/3540/3873
f 3881/3548/3881 3873/3540/3873 3880/3547/3880
f 3880/3547/3880 3868/3535/3868 3882/3549/3882
f 3870/3537/3870 3882/3549/3882 3868/3535/3868
f 3870/3537/3870 3883/3550/3883 3882/3549/3882
f 3870/3537/3870 3884/3551/3884 3883/3550/3883
f 3882/3549/3882 3885/3552/3885 3880/3547/3880
f 3882/3549/3882 3883/3550/3883 3885/3552/3885
f 3886/3553/3886 3881/3548/3881 3880/3547/3880
f 3886/3553/3886 3880/3547/3880 3885/3552/3885
f 3878/3545/3878 3881/3548/3881 3887/3554/3887
f 3887/3554/3887 3881/3548/3881 3886/3553/3886
f 3884/3551/3884 3888/3555/3888 3883/3550/3883
f 3884/3551/3884 3889/3556/3889 3888/3555/3888
f 3888/3555/3888 3889/3556/3889 3890/3557/3890
f 3891/3558/3891 3885/3552/3885 3883/3550/3883
f 3891/3558/3891 3883/3550/3883 3888/3555/3888
f 3888/3555/3888 3890/3557/3890 3892/3559/3892
f 3892/3559/3892 3891/3558/3891 3888/3555/3888
f 3892/3559/3892 3890/3557/3890 3893/3560/3893
f 3894/3561/3894 3892/3559/3892 3893/3560/3893
f 3894/3561/3894 3895/3562/3895 3892/3559/3892
f 3892/3559/3892 3895/3562/3895 3891/3558/3891
f 3896/3563/3896 3895/3562/3895 3894/3561/3894
f 3897/3564/3897 3886/3553/3886 3885/3552/3885
f 3897/3564/3897 3885/3552/3885 3891/3558/3891
f 3898/3565/3898 3891/3558/3891 3895/3562/3895
f 3896/3563/3896 3898/3565/3898 3895/3562/3895
f 3898/3565/3898 3897/3564/3897 3891/3558/3891
f 3896/3563/3896 3899/3566/3899 3898/3565/3898
f 3899/3566/3899 3897/3564/3897 3898/3565/3898
f 3896/3563/3896 3900/3567/3900 3899/3566/3899
f 3900/3567/3900 3901/3568/3901 3899/3566/3899
f 3899/3566/3899 3901/3568/3901 3897/3564/3897
f 3900/3567/3900 3902/3569/3902 3901/3568/3901
f 3901/3568/3901 3902/3569/3902 3903/3570/3903
f 3897/3564/3897 3904/3571/3904 3886/3553/3886
f 3897/3564/3897 3901/3568/3901 3904/3571/3904
f 3901/3568/3901 3903/3570/3903 3904/3571/3904
f 3887/3554/3887 3886/3553/3886 3904/3571/3904
f 3887/3554/3887 3904/3571/3904 3903/3570/3903
f 3887/3554/3887 3903/3570/3903 3905/3572/3905
f 3906/3573/3906 3887/3554/3887 3905/3572/3905
f 3878/3545/3878 3887/3554/3887 3906/3573/3906
f 3906/3573/3906 3905/3572/3905 3907/3574/3907
f 3876/3543/3876 3878/3545/3878 3906/3573/3906
f 3908/3575/3908 3906/3573/3906 3907/3574/3907
f 3876/3543/3876 3906/3573/3906 3908/3575/3908
f 3908/3575/3908 3907/3574/3907 3909/3576/3909
f 3908/3575/3908 3875/3542/3875 3876/3543/3876
f 3910/3577/3910 3908/3575/3908 3909/3576/3909
f 3908/3575/3908 3910/3577/3910 3875/3542/3875
f 3910/3577/3910 3909/3576/3909 3911/3578/3911
f 3910/3577/3910 3911/3578/3911 3912/3579/3912
f 3875/3542/3875 3910/3577/3910 3879/3546/3879
f 3910/3577/3910 3912/3579/3912 3879/3546/3879
f 3913/3580/3913 3879/3546/3879 3912/3579/3912
f 3913/3580/3913 3877/3544/3877 3879/3546/3879
f 3914/3581/3914 3877/3544/3877 3913/3580/3913
f 3914/3581/3914 3791/3448/3791 3877/3544/3877
f 3791/3448/3791 3914/3581/3914 3915/3582/3915
f 3791/3448/3791 3915/3582/3915 3916/3583/3916
f 3790/3447/3790 3791/3448/3791 3916/3583/3916
f 3915/3582/3915 3917/3584/3917 3916/3583/3916
f 3915/3582/3915 3918/3585/3918 3917/3584/3917
f 3919/3586/3919 3917/3584/3917 3918/3585/3918
f 3916/3583/3916 3917/3584/3917 3920/3587/3920
f 3916/3583/3916 3920/3587/3920 3790/3447/3790
f 3919/3586/3919 3921/3588/3921 3917/3584/3917
f 3921/3588/3921 3920/3587/3920 3917/3584/3917
f 3921/3588/3921 3919/3586/3919 3922/3589/3922
f 3921/3588/3921 3922/3589/3922 3923/3590/3923
f 3924/3591/3924 3923/3590/3923 3922/3589/3922
f 3921/3588/3921 3925/3592/3925 3920/3587/3920
f 3925/3592/3925 3921/3588/3921 3923/3590/3923
f 3924/3591/3924 3926/3593/3926 3923/3590/3923
f 3927/3594/3927 3926/3593/3926 3924/3591/3924
f 3925/3592/3925 3923/3590/3923 3928/3595/3928
f 3926/3593/3926 3928/3595/3928 3923/3590/3923
f 3929/3596/3929 3920/3587/3920 3925/3592/3925
f 3928/3595/3928 3929/3596/3929 3925/3592/3925
f 3929/3596/3929 3930/3597/3930 3920/3587/3920
f 3930/3597/3930 3790/3447/3790 3920/3587/3920
f 3928/3595/3928 3931/3598/3931 3929/3596/3929
f 3932/3599/3932 3931/3598/3931 3928/3595/3928
f 3926/3593/3926 3932/3599/3932 3928/3595/3928
f 3932/3599/3932 3933/3600/3933 3931/3598/3931
f 3927/3594/3927 3934/3601/3934 3926/3593/3926
f 3934/3601/3934 3932/3599/3932 3926/3593/3926
f 3935/3602/3935 3934/3601/3934 3927/3594/3927
f 3936/3603/3936 3933/3600/3933 3932/3599/3932
f 3934/3601/3934 3936/3603/3936 3932/3599/3932
f 3936/3603/3936 3937/3604/3937 3933/3600/3933
f 3935/3602/3935 3938/3605/3938 3934/3601/3934
f 3938/3605/3938 3936/3603/3936 3934/3601/3934
f 3938/3605/3938 3935/3602/3935 3939/3606/3939
f 3940/3607/3940 3937/3604/3937 3936/3603/3936
f 3938/3605/3938 3940/3607/3940 3936/3603/3936
f 3940/3607/3940 3941/3608/3941 3937/3604/3937
f 3940/3607/3940 3942/3609/3942 3941/3608/3941
f 3940/3607/3940 3943/3610/3943 3942/3609/3942
f 3938/3605/3938 3943/3610/3943 3940/3607/3940
f 3943/3610/3943 3944/3611/3944 3942/3609/3942
f 3938/3605/3938 3939/3606/3939 3945/3612/3945
f 3938/3605/3938 3945/3612/3945 3943/3610/3943
f 3943/3610/3943 3946/3613/3946 3944/3611/3944
f 3945/3612/3945 3946/3613/3946 3943/3610/3943
f 3939/3606/3939 3947/3614/3947 3945/3612/3945
f 3945/3612/3945 3947/3614/3947 3946/3613/3946
f 3939/3606/3939 3948/3615/3948 3947/3614/3947
f 3949/3616/3949 3947/3614/3947 3948/3615/3948
f 3949/3616/3949 3950/3617/3950 3947/3614/3947
f 3950/3617/3950 3946/3613/3946 3947/3614/3947
f 3950/3617/3950 3949/3616/3949 3951/3618/3951
f 3952/3619/3952 3950/3617/3950 3951/3618/3951
f 3953/3620/3953 3944/3611/3944 3946/3613/3946
f 3950/3617/3950 3953/3620/3953 3946/3613/3946
f 3952/3619/3952 3953/3620/3953 3950/3617/3950
f 3953/3620/3953 3954/3621/3954 3944/3611/3944
f 3954/3621/3954 3953/3620/3953 3952/3619/3952
f 3894/3622/3894 3900/3623/3900 3896/3624/3896
f 3894/3622/3894 3955/3625/3955 3900/3623/3900
f 3893/3626/3893 3955/3625/3955 3894/3622/3894
f 3956/3627/3956 3900/3623/3900 3955/3625/3955
f 3956/3627/3956 3902/3628/3902 3900/3623/3900
f 3902/3628/3902 3956/3627/3956 3957/3629/3957
f 3902/3628/3902 3957/3629/3957 3903/3630/3903
f 3958/3631/3958 3903/3630/3903 3957/3629/3957
f 3958/3631/3958 3905/3632/3905 3903/3630/3903
f 3907/3633/3907 3905/3632/3905 3958/3631/3958
f 3907/3633/3907 3958/3631/3958 3959/3634/3959
f 3909/3635/3909 3907/3633/3907 3959/3634/3959
f 3960/3636/3960 3958/3631/3958 3957/3629/3957
f 3960/3636/3960 3959/3634/3959 3958/3631/3958
f 3956/3627/3956 3961/3637/3961 3957/3629/3957
f 3960/3636/3960 3957/3629/3957 3961/3637/3961
f 3961/3637/3961 3962/3638/3962 3960/3636/3960
f 3963/3639/3963 3956/3627/3956 3955/3625/3955
f 3956/3627/3956 3963/3639/3963 3961/3637/3961
f 3960/3636/3960 3964/3640/3964 3959/3634/3959
f 3964/3640/3964 3960/3636/3960 3962/3638/3962
f 3963/3639/3963 3955/3625/3955 3965/3641/3965
f 3893/3626/3893 3965/3641/3965 3955/3625/3955
f 3963/3639/3963 3966/3642/3966 3961/3637/3961
f 3961/3637/3961 3966/3642/3966 3962/3638/3962
f 3893/3626/3893 3967/3643/3967 3965/3641/3965
f 3893/3626/3893 3890/3644/3890 3967/3643/3967
f 3889/3645/3889 3967/3643/3967 3890/3644/3890
f 3965/3641/3965 3968/3646/3968 3963/3639/3963
f 3965/3641/3965 3967/3643/3967 3968/3646/3968
f 3889/3645/3889 3968/3646/3968 3967/3643/3967
f 3963/3639/3963 3968/3646/3968 3966/3642/3966
f 3889/3645/3889 3966/3642/3966 3968/3646/3968
f 3889/3645/3889 3884/3647/3884 3966/3642/3966
f 3884/3647/3884 3962/3638/3962 3966/3642/3966
f 3884/3647/3884 3870/3648/3870 3962/3638/3962
f 3962/3638/3962 3870/3648/3870 3869/3649/3869
f 3962/3638/3962 3869/3649/3869 3969/3650/3969
f 3867/3651/3867 3969/3650/3969 3869/3649/3869
f 3964/3640/3964 3962/3638/3962 3969/3650/3969
f 3867/3651/3867 3970/3652/3970 3969/3650/3969
f 3964/3640/3964 3969/3650/3969 3970/3652/3970
f 3864/3653/3864 3970/3652/3970 3867/3651/3867
f 3964/3640/3964 3970/3652/3970 3971/3654/3971
f 3971/3654/3971 3959/3634/3959 3964/3640/3964
f 3971/3654/3971 3972/3655/3972 3959/3634/3959
f 3909/3635/3909 3959/3634/3959 3972/3655/3972
f 3973/3656/3973 3971/3654/3971 3970/3652/3970
f 3973/3656/3973 3972/3655/3972 3971/3654/3971
f 3974/3657/3974 3909/3635/3909 3972/3655/3972
f 3973/3656/3973 3974/3657/3974 3972/3655/3972
f 3974/3657/3974 3911/3658/3911 3909/3635/3909
f 3975/3659/3975 3911/3658/3911 3974/3657/3974
f 3975/3659/3975 3974/3657/3974 3973/3656/3973
f 3975/3659/3975 3912/3660/3912 3911/3658/3911
f 3864/3653/3864 3976/3661/3976 3970/3652/3970
f 3973/3656/3973 3970/3652/3970 3976/3661/3976
f 3975/3659/3975 3973/3656/3973 3977/3662/3977
f 3977/3662/3977 3973/3656/3973 3976/3661/3976
f 3978/3663/3978 3912/3660/3912 3975/3659/3975
f 3977/3662/3977 3978/3663/3978 3975/3659/3975
f 3978/3663/3978 3913/3664/3913 3912/3660/3912
f 3979/3665/3979 3976/3661/3976 3864/3653/3864
f 3977/3662/3977 3976/3661/3976 3979/3665/3979
f 3979/3665/3979 3864/3653/3864 3861/3666/3861
f 3979/3665/3979 3861/3666/3861 3858/3667/3858
f 3979/3665/3979 3858/3667/3858 3980/3668/3980
f 3980/3668/3980 3977/3662/3977 3979/3665/3979
f 3980/3668/3980 3858/3667/3858 3857/3669/3857
f 3977/3662/3977 3981/3670/3981 3978/3663/3978
f 3980/3668/3980 3981/3670/3981 3977/3662/3977
f 3982/3671/3982 3913/3664/3913 3978/3663/3978
f 3981/3670/3981 3982/3671/3982 3978/3663/3978
f 3982/3671/3982 3914/3672/3914 3913/3664/3913
f 3915/3673/3915 3914/3672/3914 3982/3671/3982
f 3980/3668/3980 3983/3674/3983 3981/3670/3981
f 3981/3670/3981 3983/3674/3983 3982/3671/3982
f 3915/3673/3915 3982/3671/3982 3984/3675/3984
f 3983/3674/3983 3984/3675/3984 3982/3671/3982
f 3918/3676/3918 3915/3673/3915 3984/3675/3984
f 3918/3676/3918 3984/3675/3984 3985/3677/3985
f 3985/3677/3985 3919/3678/3919 3918/3676/3918
f 3980/3668/3980 3857/3669/3857 3986/3679/3986
f 3980/3668/3980 3986/3679/3986 3983/3674/3983
f 3983/3674/3983 3986/3679/3986 3987/3680/3987
f 3983/3674/3983 3987/3680/3987 3988/3681/3988
f 3983/3674/3983 3988/3681/3988 3984/3675/3984
f 3988/3681/3988 3985/3677/3985 3984/3675/3984
f 3989/3682/3989 3986/3679/3986 3857/3669/3857
f 3989/3682/3989 3987/3680/3987 3986/3679/3986
f 3989/3682/3989 3857/3669/3857 3990/3683/3990
f 3990/3683/3990 3857/3669/3857 3855/3684/3855
f 3990/3683/3990 3855/3684/3855 3991/3685/3991
f 3991/3685/3991 3855/3684/3855 3736/3686/3736
f 3991/3685/3991 3736/3686/3736 3742/3687/3742
f 3992/3688/3992 3991/3685/3991 3742/3687/3742
f 3992/3688/3992 3742/3687/3742 3743/3689/3743
f 3747/3690/3747 3992/3688/3992 3743/3689/3743
f 3747/3690/3747 3768/3691/3768 3992/3688/3992
f 3993/3692/3993 3990/3683/3990 3991/3685/3991
f 3993/3692/3993 3991/3685/3991 3992/3688/3992
f 3990/3683/3990 3994/3693/3994 3989/3682/3989
f 3990/3683/3990 3993/3692/3993 3994/3693/3994
f 3989/3682/3989 3994/3693/3994 3995/3694/3995
f 3989/3682/3989 3996/3695/3996 3987/3680/3987
f 3989/3682/3989 3995/3694/3995 3996/3695/3996
f 3768/3691/3768 3997/3696/3997 3992/3688/3992
f 3997/3696/3997 3993/3692/3993 3992/3688/3992
f 3993/3692/3993 3998/3697/3998 3994/3693/3994
f 3997/3696/3997 3999/3698/3999 3993/3692/3993
f 3993/3692/3993 3999/3698/3999 3998/3697/3998
f 3768/3691/3768 4000/3699/4000 3997/3696/3997
f 4000/3699/4000 3999/3698/3999 3997/3696/3997
f 4001/3700/4001 4000/3699/4000 3768/3691/3768
f 4000/3699/4000 4001/3700/4001 3999/3698/3999
f 4001/3700/4001 3998/3697/3998 3999/3698/3999
f 3770/3701/3770 4001/3700/4001 3768/3691/3768
f 3770/3701/3770 4002/3702/4002 4001/3700/4001
f 4001/3700/4001 4002/3702/4002 3998/3697/3998
f 3771/3703/3771 4002/3702/4002 3770/3701/3770
f 3771/3703/3771 4003/3704/4003 4002/3702/4002
f 4003/3704/4003 3998/3697/3998 4002/3702/4002
f 3773/3705/3773 4003/3704/4003 3771/3703/3771
f 3994/3693/3994 3998/3697/3998 4004/3706/4004
f 4003/3704/4003 4004/3706/4004 3998/3697/3998
f 3994/3693/3994 4004/3706/4004 3995/3694/3995
f 3773/3705/3773 4005/3707/4005 4003/3704/4003
f 4005/3707/4005 4004/3706/4004 4003/3704/4003
f 4005/3707/4005 3773/3705/3773 4006/3708/4006
f 4005/3707/4005 4007/3709/4007 4004/3706/4004
f 4005/3707/4005 4006/3708/4006 4008/3710/4008
f 4008/3710/4008 4007/3709/4007 4005/3707/4005
f 4006/3708/4006 4009/3711/4009 4008/3710/4008
f 4006/3708/4006 4010/3712/4010 4009/3711/4009
f 4011/3713/4011 4009/3711/4009 4010/3712/4010
f 4004/3706/4004 4012/3714/4012 3995/3694/3995
f 4004/3706/4004 4007/3709/4007 4012/3714/4012
f 3995/3694/3995 4012/3714/4012 4013/3715/4013
f 4008/3710/4008 4014/3716/4014 4007/3709/4007
f 4009/3711/4009 4014/3716/4014 4008/3710/4008
f 4011/3713/4011 4015/3717/4015 4009/3711/4009
f 4016/3718/4016 4015/3717/4015 4011/3713/4011
f 4007/3709/4007 4017/3719/4017 4012/3714/4012
f 4007/3709/4007 4014/3716/4014 4017/3719/4017
f 4009/3711/4009 4018/3720/4018 4014/3716/4014
f 4015/3717/4015 4018/3720/4018 4009/3711/4009
f 4016/3718/4016 4019/3721/4019 4015/3717/4015
f 4020/3722/4020 4019/3721/4019 4016/3718/4016
f 4014/3716/4014 4018/3720/4018 4021/3723/4021
f 4014/3716/4014 4021/3723/4021 4017/3719/4017
f 4015/3717/4015 4022/3724/4022 4018/3720/4018
f 4019/3721/4019 4022/3724/4022 4015/3717/4015
f 4022/3724/4022 4021/3723/4021 4018/3720/4018
f 4012/3714/4012 4017/3719/4017 4023/3725/4023
f 4012/3714/4012 4023/3725/4023 4013/3715/4013
f 4017/3719/4017 4021/3723/4021 4024/3726/4024
f 4017/3719/4017 4024/3726/4024 4023/3725/4023
f 4022/3724/4022 4025/3727/4025 4021/3723/4021
f 4025/3727/4025 4024/3726/4024 4021/3723/4021
f 4020/3722/4020 4026/3728/4026 4019/3721/4019
f 4026/3728/4026 4020/3722/4020 4027/3729/4027
f 4019/3721/4019 4028/3730/4028 4022/3724/4022
f 4028/3730/4028 4025/3727/4025 4022/3724/4022
f 4026/3728/4026 4027/3729/4027 4029/3731/4029
f 4029/3731/4029 4027/3729/4027 4030/3732/4030
f 4019/3721/4019 4026/3728/4026 4031/3733/4031
f 4019/3721/4019 4031/3733/4031 4028/3730/4028
f 4031/3733/4031 4026/3728/4026 4029/3731/4029
f 4028/3730/4028 4032/3734/4032 4025/3727/4025
f 4031/3733/4031 4032/3734/4032 4028/3730/4028
f 4025/3727/4025 4033/3735/4033 4024/3726/4024
f 4032/3734/4032 4033/3735/4033 4025/3727/4025
f 4023/3725/4023 4024/3726/4024 4034/3736/4034
f 4033/3735/4033 4034/3736/4034 4024/3726/4024
f 4023/3725/4023 4034/3736/4034 4035/3737/4035
f 4013/3715/4013 4023/3725/4023 4035/3737/4035
f 4013/3715/4013 4035/3737/4035 4036/3738/4036
f 4033/3735/4033 4037/3739/4037 4034/3736/4034
f 4038/3740/4038 4013/3715/4013 4036/3738/4036
f 4039/3741/4039 4037/3739/4037 4033/3735/4033
f 4032/3734/4032 4039/3741/4039 4033/3735/4033
f 4039/3741/4039 4040/3742/4040 4037/3739/4037
f 4031/3733/4031 4041/3743/4041 4032/3734/4032
f 4041/3743/4041 4039/3741/4039 4032/3734/4032
f 4042/3744/4042 4040/3742/4040 4039/3741/4039
f 4041/3743/4041 4042/3744/4042 4039/3741/4039
f 4042/3744/4042 4043/3745/4043 4040/3742/4040
f 4038/3740/4038 4044/3746/4044 4013/3715/4013
f 4045/3747/4045 4044/3746/4044 4038/3740/4038
f 4041/3743/4041 4031/3733/4031 4046/3748/4046
f 4031/3733/4031 4029/3731/4029 4046/3748/4046
f 4043/3745/4043 4042/3744/4042 4047/3749/4047
f 4043/3745/4043 4047/3749/4047 4048/3750/4048
f 4042/3744/4042 4041/3743/4041 4049/3751/4049
f 4042/3744/4042 4049/3751/4049 4047/3749/4047
f 4041/3743/4041 4046/3748/4046 4049/3751/4049
f 4048/3750/4048 4047/3749/4047 4050/3752/4050
f 4049/3751/4049 4050/3752/4050 4047/3749/4047
f 4048/3750/4048 4050/3752/4050 4051/3753/4051
f 4050/3752/4050 4052/3754/4052 4051/3753/4051
f 4046/3748/4046 4053/3755/4053 4049/3751/4049
f 4049/3751/4049 4053/3755/4053 4050/3752/4050
f 4029/3731/4029 4054/3756/4054 4046/3748/4046
f 4046/3748/4046 4054/3756/4054 4053/3755/4053
f 4050/3752/4050 4055/3757/4055 4052/3754/4052
f 4053/3755/4053 4055/3757/4055 4050/3752/4050
f 4029/3731/4029 4056/3758/4056 4054/3756/4054
f 4029/3731/4029 4030/3732/4030 4056/3758/4056
f 4057/3759/4057 4056/3758/4056 4030/3732/4030
f 4057/3759/4057 4058/3760/4058 4056/3758/4056
f 4058/3760/4058 4054/3756/4054 4056/3758/4056
f 4059/3761/4059 4058/3760/4058 4057/3759/4057
f 4054/3756/4054 4060/3762/4060 4053/3755/4053
f 4053/3755/4053 4060/3762/4060 4055/3757/4055
f 4061/3763/4061 4052/3754/4052 4055/3757/4055
f 4061/3763/4061 4062/3764/4062 4052/3754/4052
f 4058/3760/4058 4063/3765/4063 4054/3756/4054
f 4054/3756/4054 4063/3765/4063 4060/3762/4060
f 4059/3761/4059 4064/3766/4064 4058/3760/4058
f 4064/3766/4064 4063/3765/4063 4058/3760/4058
f 4065/3767/4065 4055/3757/4055 4060/3762/4060
f 4065/3767/4065 4061/3763/4061 4055/3757/4055
f 4062/3764/4062 4061/3763/4061 4066/3768/4066
f 4066/3768/4066 4061/3763/4061 4065/3767/4065
f 4062/3764/4062 4066/3768/4066 4067/3769/4067
f 4068/3770/4068 4060/3762/4060 4063/3765/4063
f 4064/3766/4064 4068/3770/4068 4063/3765/4063
f 4068/3770/4068 4065/3767/4065 4060/3762/4060
f 4059/3761/4059 4069/3771/4069 4064/3766/4064
f 4068/3770/4068 4064/3766/4064 4069/3771/4069
f 4065/3767/4065 4068/3770/4068 4069/3771/4069
f 4065/3767/4065 4069/3771/4069 4066/3768/4066
f 4069/3771/4069 4067/3769/4067 4066/3768/4066
f 4059/3761/4059 4070/3772/4070 4069/3771/4069
f 4069/3771/4069 4070/3772/4070 4067/3769/4067
f 4071/3773/4071 4073/3774/4072 4072/3775/4073
f 4071/3773/4071 4072/3775/4073 4074/3776/4074
f 4075/3777/4075 4071/3773/4071 4074/3776/4074
f 4074/3776/4074 4072/3775/4073 4076/3778/4076
f 4075/3777/4075 4074/3776/4074 4077/3779/4077
f 4078/3780/4078 4075/3777/4075 4077/3779/4077
f 4074/3776/4074 4076/3778/4076 4079/3781/4079
f 4077/3779/4077 4074/3776/4074 4079/3781/4079
f 4079/3781/4079 4076/3778/4076 4080/3782/4080
f 4078/3780/4078 4077/3779/4077 4081/3783/4081
f 4082/3784/4082 4078/3780/4078 4081/3783/4081
f 4079/3781/4079 4080/3782/4080 4083/3785/4083
f 4083/3785/4083 4080/3782/4080 4084/3786/4084
f 4077/3779/4077 4079/3781/4079 4085/3787/4085
f 4081/3783/4081 4077/3779/4077 4085/3787/4085
f 4085/3787/4085 4079/3781/4079 4083/3785/4083
f 4082/3784/4082 4081/3783/4081 4086/3788/4086
f 4087/3789/4087 4082/3784/4082 4086/3788/4086
f 4083/3785/4083 4084/3786/4084 4088/3790/4088
f 4088/3790/4088 4084/3786/4084 4089/3791/4089
f 4085/3787/4085 4083/3785/4083 4090/3792/4090
f 4090/3792/4090 4083/3785/4083 4088/3790/4088
f 4081/3783/4081 4085/3787/4085 4091/3793/4091
f 4086/3788/4086 4081/3783/4081 4091/3793/4091
f 4091/3793/4091 4085/3787/4085 4090/3792/4090
f 4087/3789/4087 4086/3788/4086 4092/3794/4092
f 4093/3795/4093 4087/3789/4087 4092/3794/4092
f 4086/3788/4086 4091/3793/4091 4094/3796/4094
f 4092/3794/4092 4086/3788/4086 4094/3796/4094
f 4091/3793/4091 4090/3792/4090 4095/3797/4095
f 4094/3796/4094 4091/3793/4091 4095/3797/4095
f 4090/3792/4090 4088/3790/4088 4096/3798/4096
f 4095/3797/4095 4090/3792/4090 4096/3798/4096
f 4088/3790/4088 4089/3791/4089 4097/3799/4097
f 4096/3798/4096 4088/3790/4088 4097/3799/4097
f 4093/3795/4093 4092/3794/4092 4098/3800/4098
f 4073/3801/4072 4093/3795/4093 4098/3800/4098
f 4073/3801/4072 4098/3800/4098 4072/3802/4073
f 4092/3794/4092 4094/3796/4094 4099/3803/4099
f 4098/3800/4098 4092/3794/4092 4099/3803/4099
f 4072/3802/4073 4098/3800/4098 4100/3804/4100
f 4098/3800/4098 4099/3803/4099 4100/3804/4100
f 4072/3802/4073 4100/3804/4100 4076/3805/4076
f 4094/3796/4094 4095/3797/4095 4101/3806/4101
f 4099/3803/4099 4094/3796/4094 4101/3806/4101
f 4095/3797/4095 4096/3798/4096 4102/3807/4102
f 4101/3806/4101 4095/3797/4095 4102/3807/4102
f 4076/3805/4076 4100/3804/4100 4103/3808/4103
f 4076/3805/4076 4103/3808/4103 4080/3809/4080
f 4100/3804/4100 4099/3803/4099 4104/3810/4104
f 4099/3803/4099 4101/3806/4101 4104/3810/4104
f 4100/3804/4100 4104/3810/4104 4103/3808/4103
f 4080/3809/4080 4103/3808/4103 4105/3811/4105
f 4080/3809/4080 4105/3811/4105 4084/3812/4084
f 4104/3810/4104 4101/3806/4101 4106/3813/4106
f 4101/3806/4101 4102/3807/4102 4106/3813/4106
f 4103/3808/4103 4104/3810/4104 4107/3814/4107
f 4103/3808/4103 4107/3814/4107 4105/3811/4105
f 4104/3810/4104 4106/3813/4106 4107/3814/4107
f 4102/3807/4102 4096/3798/4096 4108/3815/4108
f 4096/3798/4096 4097/3799/4097 4108/3815/4108
f 4084/3812/4084 4105/3811/4105 4109/3816/4109
f 4084/3812/4084 4109/3816/4109 4089/3817/4089
f 4105/3811/4105 4107/3814/4107 4110/3818/4110
f 4105/3811/4105 4110/3818/4110 4109/3816/4109
f 4106/3813/4106 4102/3807/4102 4111/3819/4111
f 4102/3807/4102 4108/3815/4108 4111/3819/4111
f 4107/3814/4107 4106/3813/4106 4112/3820/4112
f 4107/3814/4107 4112/3820/4112 4110/3818/4110
f 4106/3813/4106 4111/3819/4111 4112/3820/4112
f 4113/3821/4113 4089/3817/4089 4109/3816/4109
f 4113/3821/4113 4114/3822/4114 4089/3817/4089
f 4115/3823/4115 4109/3816/4109 4110/3818/4110
f 4115/3823/4115 4113/3821/4113 4109/3816/4109
f 4116/3824/4116 4110/3818/4110 4112/3820/4112
f 4116/3824/4116 4115/3823/4115 4110/3818/4110
f 4117/3825/4117 4112/3820/4112 4111/3819/4111
f 4117/3825/4117 4116/3824/4116 4112/3820/4112
f 4114/3822/4114 4113/3821/4113 4118/3826/4118
f 4114/3822/4114 4118/3826/4118 4119/3827/4119
f 4120/3828/4120 4119/3827/4119 4118/3826/4118
f 4113/3821/4113 4115/3823/4115 4121/3829/4121
f 4113/3821/4113 4121/3829/4121 4118/3826/4118
f 4115/3823/4115 4116/3824/4116 4122/3830/4122
f 4115/3823/4115 4122/3830/4122 4121/3829/4121
f 4120/3828/4120 4118/3826/4118 4123/3831/4123
f 4121/3829/4121 4123/3831/4123 4118/3826/4118
f 4124/3832/4124 4117/3825/4117 4111/3819/4111
f 4124/3832/4124 4111/3819/4111 4108/3815/4108
f 4125/3833/4125 4124/3832/4124 4108/3815/4108
f 4116/3824/4116 4117/3825/4117 4126/3834/4126
f 4116/3824/4116 4126/3834/4126 4122/3830/4122
f 4127/3835/4127 4117/3825/4117 4124/3832/4124
f 4127/3835/4127 4124/3832/4124 4125/3833/4125
f 4127/3835/4127 4126/3834/4126 4117/3825/4117
f 4128/3836/4128 4121/3829/4121 4122/3830/4122
f 4121/3829/4121 4128/3836/4128 4123/3831/4123
f 4120/3828/4120 4123/3831/4123 4129/3837/4129
f 4120/3828/4120 4129/3837/4129 4130/3838/4130
f 4131/3839/4131 4122/3830/4122 4126/3834/4126
f 4128/3836/4128 4122/3830/4122 4131/3839/4131
f 4132/3840/4132 4126/3834/4126 4127/3835/4127
f 4131/3839/4131 4126/3834/4126 4132/3840/4132
f 4123/3831/4123 4128/3836/4128 4133/3841/4133
f 4123/3831/4123 4133/3841/4133 4129/3837/4129
f 4130/3838/4130 4129/3837/4129 4134/3842/4134
f 4130/3838/4130 4134/3842/4134 4135/3843/4135
f 4128/3836/4128 4131/3839/4131 4136/3844/4136
f 4128/3836/4128 4136/3844/4136 4133/3841/4133
f 4129/3837/4129 4133/3841/4133 4137/3845/4137
f 4129/3837/4129 4137/3845/4137 4134/3842/4134
f 4135/3843/4135 4134/3842/4134 4138/3846/4138
f 4135/3843/4135 4138/3846/4138 4139/3847/4139
f 4132/3840/4132 4127/3835/4127 4140/3848/4140
f 4127/3835/4127 4125/3833/4125 4140/3848/4140
f 4141/3849/4141 4140/3848/4140 4125/3833/4125
f 4131/3839/4131 4132/3840/4132 4142/3850/4142
f 4131/3839/4131 4142/3850/4142 4136/3844/4136
f 4133/3841/4133 4136/3844/4136 4143/3851/4143
f 4133/3841/4133 4143/3851/4143 4137/3845/4137
f 4134/3842/4134 4137/3845/4137 4144/3852/4144
f 4134/3842/4134 4144/3852/4144 4138/3846/4138
f 4139/3847/4139 4138/3846/4138 4145/3853/4145
f 4139/3847/4139 4145/3853/4145 4146/3854/4146
f 4147/3855/4147 4146/3854/4146 4145/3853/4145
f 4132/3840/4132 4140/3848/4140 4148/3856/4148
f 4132/3840/4132 4148/3856/4148 4142/3850/4142
f 4136/3844/4136 4142/3850/4142 4149/3857/4149
f 4136/3844/4136 4149/3857/4149 4143/3851/4143
f 4137/3845/4137 4143/3851/4143 4150/3858/4150
f 4137/3845/4137 4150/3858/4150 4144/3852/4144
f 4138/3846/4138 4151/3859/4151 4145/3853/4145
f 4138/3846/4138 4144/3852/4144 4151/3859/4151
f 4147/3855/4147 4145/3853/4145 4152/3860/4152
f 4152/3860/4152 4145/3853/4145 4151/3859/4151
f 4153/3861/4153 4147/3855/4147 4152/3860/4152
f 4144/3852/4144 4154/3862/4154 4151/3859/4151
f 4144/3852/4144 4150/3858/4150 4154/3862/4154
f 4143/3851/4143 4155/3863/4155 4150/3858/4150
f 4143/3851/4143 4149/3857/4149 4155/3863/4155
f 4142/3850/4142 4156/3864/4156 4149/3857/4149
f 4142/3850/4142 4148/3856/4148 4156/3864/4156
f 4152/3860/4152 4151/3859/4151 4157/3865/4157
f 4157/3865/4157 4151/3859/4151 4154/3862/4154
f 4153/3861/4153 4152/3860/4152 4158/3866/4158
f 4158/3866/4158 4152/3860/4152 4157/3865/4157
f 4150/3858/4150 4159/3867/4159 4154/3862/4154
f 4150/3858/4150 4155/3863/4155 4159/3867/4159
f 4149/3857/4149 4160/3868/4160 4155/3863/4155
f 4149/3857/4149 4156/3864/4156 4160/3868/4160
f 4157/3865/4157 4154/3862/4154 4161/3869/4161
f 4161/3869/4161 4154/3862/4154 4159/3867/4159
f 4155/3863/4155 4162/3870/4162 4159/3867/4159
f 4155/3863/4155 4160/3868/4160 4162/3870/4162
f 4153/3861/4153 4158/3866/4158 4163/3871/4163
f 4153/3861/4153 4163/3871/4163 4164/3872/4164
f 4158/3866/4158 4157/3865/4157 4165/3873/4165
f 4165/3873/4165 4157/3865/4157 4161/3869/4161
f 4161/3869/4161 4159/3867/4159 4166/3874/4166
f 4166/3874/4166 4159/3867/4159 4162/3870/4162
f 4167/3875/4167 4164/3872/4164 4163/3871/4163
f 4167/3875/4167 4168/3876/4168 4164/3872/4164
f 4167/3875/4167 4169/3877/4169 4168/3876/4168
f 4167/3875/4167 4170/3878/4170 4169/3877/4169
f 4171/3879/4171 4170/3878/4170 4167/3875/4167
f 4171/3879/4171 4167/3875/4167 4163/3871/4163
f 4171/3879/4171 4172/3880/4172 4170/3878/4170
f 4158/3866/4158 4173/3881/4173 4163/3871/4163
f 4158/3866/4158 4165/3873/4165 4173/3881/4173
f 4171/3879/4171 4163/3871/4163 4173/3881/4173
f 4165/3873/4165 4161/3869/4161 4174/3882/4174
f 4174/3882/4174 4161/3869/4161 4166/3874/4166
f 4165/3873/4165 4175/3883/4175 4173/3881/4173
f 4171/3879/4171 4173/3881/4173 4175/3883/4175
f 4165/3873/4165 4174/3882/4174 4175/3883/4175
f 4176/3884/4176 4172/3880/4172 4171/3879/4171
f 4171/3879/4171 4175/3883/4175 4176/3884/4176
f 4176/3884/4176 4177/3885/4177 4172/3880/4172
f 4174/3882/4174 4166/3874/4166 4178/3886/4178
f 4175/3883/4175 4174/3882/4174 4178/3886/4178
f 4176/3884/4176 4175/3883/4175 4179/3887/4179
f 4175/3883/4175 4178/3886/4178 4179/3887/4179
f 4180/3888/4180 4177/3885/4177 4176/3884/4176
f 4176/3884/4176 4179/3887/4179 4180/3888/4180
f 4180/3888/4180 4181/3889/4181 4177/3885/4177
f 4178/3886/4178 4166/3874/4166 4182/3890/4182
f 4166/3874/4166 4162/3870/4162 4182/3890/4182
f 4179/3887/4179 4178/3886/4178 4183/3891/4183
f 4178/3886/4178 4182/3890/4182 4183/3891/4183
f 4180/3888/4180 4179/3887/4179 4184/3892/4184
f 4179/3887/4179 4183/3891/4183 4184/3892/4184
f 4185/3893/4185 4181/3889/4181 4180/3888/4180
f 4180/3888/4180 4184/3892/4184 4185/3893/4185
f 4185/3893/4185 4186/3894/4186 4181/3889/4181
f 4182/3890/4182 4162/3870/4162 4187/3895/4187
f 4160/3868/4160 4187/3895/4187 4162/3870/4162
f 4183/3891/4183 4182/3890/4182 4188/3896/4188
f 4182/3890/4182 4187/3895/4187 4188/3896/4188
f 4184/3892/4184 4183/3891/4183 4189/3897/4189
f 4183/3891/4183 4188/3896/4188 4189/3897/4189
f 4185/3893/4185 4184/3892/4184 4190/3898/4190
f 4184/3892/4184 4189/3897/4189 4190/3898/4190
f 4191/3899/4191 4186/3894/4186 4185/3893/4185
f 4185/3893/4185 4190/3898/4190 4191/3899/4191
f 4191/3899/4191 4192/3900/4192 4186/3894/4186
f 4168/3901/4168 4192/3900/4192 4191/3899/4191
f 4168/3901/4168 4191/3899/4191 4190/3898/4190
f 4168/3901/4168 4169/3902/4169 4192/3900/4192
f 4168/3901/4168 4190/3898/4190 4164/3903/4164
f 4189/3897/4189 4164/3903/4164 4190/3898/4190
f 4189/3897/4189 4153/3904/4153 4164/3903/4164
f 4189/3897/4189 4147/3905/4147 4153/3904/4153
f 4189/3897/4189 4188/3896/4188 4147/3905/4147
f 4188/3896/4188 4146/3906/4146 4147/3905/4147
f 4188/3896/4188 4187/3895/4187 4146/3906/4146
f 4193/3907/4193 4146/3906/4146 4187/3895/4187
f 4160/3868/4160 4193/3907/4193 4187/3895/4187
f 4193/3907/4193 4139/3908/4139 4146/3906/4146
f 4156/3864/4156 4193/3907/4193 4160/3868/4160
f 4194/3909/4194 4139/3908/4139 4193/3907/4193
f 4156/3864/4156 4194/3909/4194 4193/3907/4193
f 4194/3909/4194 4135/3910/4135 4139/3908/4139
f 4148/3856/4148 4194/3909/4194 4156/3864/4156
f 4195/3911/4195 4135/3910/4135 4194/3909/4194
f 4148/3856/4148 4195/3911/4195 4194/3909/4194
f 4140/3848/4140 4195/3911/4195 4148/3856/4148
f 4195/3911/4195 4130/3912/4130 4135/3910/4135
f 4140/3848/4140 4141/3849/4141 4195/3911/4195
f 4141/3849/4141 4130/3912/4130 4195/3911/4195
f 4141/3849/4141 4120/3913/4120 4130/3912/4130
f 4141/3849/4141 4119/3914/4119 4120/3913/4120
f 4141/3849/4141 4196/3915/4196 4119/3914/4119
f 4114/3916/4114 4119/3914/4119 4196/3915/4196
f 4197/3917/4197 4196/3915/4196 4141/3849/4141
f 4141/3849/4141 4125/3833/4125 4197/3917/4197
f 4114/3916/4114 4196/3915/4196 4198/3918/4198
f 4197/3917/4197 4198/3918/4198 4196/3915/4196
f 4089/3791/4089 4114/3916/4114 4198/3918/4198
f 4089/3791/4089 4198/3918/4198 4097/3799/4097
f 4199/3919/4199 4198/3918/4198 4197/3917/4197
f 4199/3919/4199 4197/3917/4197 4125/3833/4125
f 4199/3919/4199 4097/3799/4097 4198/3918/4198
f 4199/3919/4199 4125/3833/4125 4200/3920/4200
f 4200/3920/4200 4097/3799/4097 4199/3919/4199
f 4125/3833/4125 4108/3815/4108 4200/3920/4200
f 4200/3920/4200 4108/3815/4108 4097/3799/4097
f 4201/3921/4201 3140/2707/3140 3144/2711/3144
f 4201/3921/4201 4202/3922/4202 3140/2707/3140
f 4203/3923/4203 4202/3922/4202 4201/3921/4201
f 4202/3922/4202 3137/2704/3137 3140/2707/3140
f 4203/3923/4203 4204/3924/4204 4202/3922/4202
f 4205/3925/4205 4204/3924/4204 4203/3923/4203
f 4202/3922/4202 4206/3926/4206 3137/2704/3137
f 4206/3926/4206 4202/3922/4202 4204/3924/4204
f 4205/3925/4205 4207/3927/4207 4204/3924/4204
f 4207/3927/4207 4205/3925/4205 4208/3928/4208
f 3137/2704/3137 4206/3926/4206 4209/3929/4209
f 3137/2704/3137 4209/3929/4209 3128/2695/3128
f 4206/3926/4206 4204/3924/4204 4210/3930/4210
f 4210/3930/4210 4204/3924/4204 4207/3927/4207
f 4207/3927/4207 4208/3928/4208 4211/3931/4211
f 4211/3931/4211 4208/3928/4208 4212/3932/4212
f 4213/3933/4213 3128/2695/3128 4209/3929/4209
f 4213/3933/4213 3125/2692/3125 3128/2695/3128
f 4206/3926/4206 4214/3934/4214 4209/3929/4209
f 4206/3926/4206 4210/3930/4210 4214/3934/4214
f 4210/3930/4210 4207/3927/4207 4215/3935/4215
f 4211/3931/4211 4215/3935/4215 4207/3927/4207
f 4211/3931/4211 4212/3932/4212 4216/3936/4216
f 4216/3936/4216 4212/3932/4212 4217/3937/4217
f 4210/3930/4210 4218/3938/4218 4214/3934/4214
f 4210/3930/4210 4215/3935/4215 4218/3938/4218
f 4211/3931/4211 4219/3939/4219 4215/3935/4215
f 4216/3936/4216 4219/3939/4219 4211/3931/4211
f 4216/3936/4216 4217/3937/4217 4220/3940/4220
f 4220/3940/4220 4217/3937/4217 4221/3941/4221
f 4215/3935/4215 4222/3942/4222 4218/3938/4218
f 4215/3935/4215 4219/3939/4219 4222/3942/4222
f 4220/3940/4220 4221/3941/4221 4223/3943/4223
f 4224/3944/4224 4223/3943/4223 4221/3941/4221
f 4224/3944/4224 4225/3945/4225 4223/3943/4223
f 4225/3945/4225 4226/3946/4226 4223/3943/4223
f 4220/3940/4220 4223/3943/4223 4226/3946/4226
f 4225/3945/4225 4227/3947/4227 4226/3946/4226
f 4226/3946/4226 4227/3947/4227 4228/3948/4228
f 4216/3936/4216 4220/3940/4220 4229/3949/4229
f 4220/3940/4220 4226/3946/4226 4229/3949/4229
f 4216/3936/4216 4230/3950/4230 4219/3939/4219
f 4216/3936/4216 4229/3949/4229 4230/3950/4230
f 4226/3946/4226 4228/3948/4228 4231/3951/4231
f 4231/3951/4231 4229/3949/4229 4226/3946/4226
f 4228/3948/4228 4232/3952/4232 4231/3951/4231
f 4228/3948/4228 4233/3953/4233 4232/3952/4232
f 4232/3952/4232 4233/3953/4233 4234/3954/4234
f 4219/3939/4219 4230/3950/4230 4235/3955/4235
f 4219/3939/4219 4235/3955/4235 4222/3942/4222
f 4230/3950/4230 4229/3949/4229 4236/3956/4236
f 4231/3951/4231 4236/3956/4236 4229/3949/4229
f 4230/3950/4230 4236/3956/4236 4235/3955/4235
f 4232/3952/4232 4237/3957/4237 4231/3951/4231
f 4237/3957/4237 4236/3956/4236 4231/3951/4231
f 4238/3958/4238 4222/3942/4222 4235/3955/4235
f 4239/3959/4239 4235/3955/4235 4236/3956/4236
f 4238/3958/4238 4235/3955/4235 4239/3959/4239
f 4237/3957/4237 4240/3960/4240 4236/3956/4236
f 4239/3959/4239 4236/3956/4236 4240/3960/4240
f 4241/3961/4241 4222/3942/4222 4238/3958/4238
f 4241/3961/4241 4218/3938/4218 4222/3942/4222
f 4242/3962/4242 4218/3938/4218 4241/3961/4241
f 4242/3962/4242 4214/3934/4214 4218/3938/4218
f 4243/3963/4243 4214/3934/4214 4242/3962/4242
f 4243/3963/4243 4209/3929/4209 4214/3934/4214
f 4244/3964/4244 4209/3929/4209 4243/3963/4243
f 4244/3964/4244 4213/3933/4213 4209/3929/4209
f 4239/3959/4239 4240/3960/4240 4245/3965/4245
f 4238/3958/4238 4239/3959/4239 4246/3966/4246
f 4239/3959/4239 4245/3965/4245 4246/3966/4246
f 4241/3961/4241 4238/3958/4238 4247/3967/4247
f 4238/3958/4238 4246/3966/4246 4247/3967/4247
f 4242/3962/4242 4241/3961/4241 4248/3968/4248
f 4241/3961/4241 4247/3967/4247 4248/3968/4248
f 4243/3963/4243 4242/3962/4242 4249/3969/4249
f 4242/3962/4242 4248/3968/4248 4249/3969/4249
f 4247/3967/4247 4246/3966/4246 4250/3970/4250
f 4250/3970/4250 4246/3966/4246 4245/3965/4245
f 4251/3971/4251 4245/3965/4245 4240/3960/4240
f 4251/3971/4251 4240/3960/4240 4237/3957/4237
f 4243/3963/4243 4249/3969/4249 4252/3972/4252
f 4244/3964/4244 4243/3963/4243 4252/3972/4252
f 4248/3968/4248 4247/3967/4247 4253/3973/4253
f 4247/3967/4247 4250/3970/4250 4253/3973/4253
f 4250/3970/4250 4245/3965/4245 4254/3974/4254
f 4254/3974/4254 4245/3965/4245 4251/3971/4251
f 4253/3973/4253 4250/3970/4250 4255/3975/4255
f 4255/3975/4255 4250/3970/4250 4254/3974/4254
f 4256/3976/4256 4251/3971/4251 4237/3957/4237
f 4254/3974/4254 4251/3971/4251 4257/3977/4257
f 4257/3977/4257 4251/3971/4251 4256/3976/4256
f 4255/3975/4255 4254/3974/4254 4258/3978/4258
f 4258/3978/4258 4254/3974/4254 4257/3977/4257
f 4256/3976/4256 4237/3957/4237 4259/3979/4259
f 4232/3952/4232 4259/3979/4259 4237/3957/4237
f 4260/3980/4260 4259/3979/4259 4232/3952/4232
f 4260/3980/4260 4256/3976/4256 4259/3979/4259
f 4260/3980/4260 4232/3952/4232 4261/3981/4261
f 4232/3952/4232 4234/3954/4234 4261/3981/4261
f 4262/3982/4262 4261/3981/4261 4234/3954/4234
f 4262/3982/4262 4234/3954/4234 4263/3983/4263
f 4260/3980/4260 4261/3981/4261 4264/3984/4264
f 4262/3982/4262 4264/3984/4264 4261/3981/4261
f 4265/3985/4265 4262/3982/4262 4263/3983/4263
f 4265/3985/4265 4263/3983/4263 4266/3986/4266
f 4267/3987/4267 4265/3985/4265 4266/3986/4266
f 4267/3987/4267 4268/3988/4268 4265/3985/4265
f 4269/3989/4269 4268/3988/4268 4267/3987/4267
f 4269/3989/4269 4270/3990/4270 4268/3988/4268
f 4271/3991/4271 4270/3990/4270 4269/3989/4269
f 4271/3991/4271 4272/3992/4272 4270/3990/4270
f 4273/3993/4273 4272/3992/4272 4271/3991/4271
f 4273/3993/4273 4274/3994/4274 4272/3992/4272
f 4275/3995/4275 4274/3994/4274 4273/3993/4273
f 4275/3995/4275 4276/3996/4276 4274/3994/4274
f 4276/3996/4276 4277/3997/4277 4274/3994/4274
f 4276/3996/4276 4278/3998/4278 4277/3997/4277
f 4272/3992/4272 4274/3994/4274 4279/3999/4279
f 4277/3997/4277 4279/3999/4279 4274/3994/4274
f 4280/4000/4280 4270/3990/4270 4272/3992/4272
f 4272/3992/4272 4279/3999/4279 4280/4000/4280
f 4281/4001/4281 4268/3988/4268 4270/3990/4270
f 4280/4000/4280 4281/4001/4281 4270/3990/4270
f 4282/4002/4282 4281/4001/4281 4280/4000/4280
f 4281/4001/4281 4283/4003/4283 4268/3988/4268
f 4283/4003/4283 4281/4001/4281 4282/4002/4282
f 4283/4003/4283 4265/3985/4265 4268/3988/4268
f 4284/4004/4284 4280/4000/4280 4279/3999/4279
f 4277/3997/4277 4284/4004/4284 4279/3999/4279
f 4284/4004/4284 4285/4005/4285 4280/4000/4280
f 4277/3997/4277 4285/4005/4285 4284/4004/4284
f 4282/4002/4282 4280/4000/4280 4285/4005/4285
f 4286/4006/4286 4277/3997/4277 4278/3998/4278
f 4277/3997/4277 4286/4006/4286 4285/4005/4285
f 4286/4006/4286 4282/4002/4282 4285/4005/4285
f 4286/4006/4286 4278/3998/4278 4287/4007/4287
f 4283/4003/4283 4288/4008/4288 4265/3985/4265
f 4262/3982/4262 4265/3985/4265 4288/4008/4288
f 4287/4007/4287 4289/4009/4289 4286/4006/4286
f 4286/4006/4286 4289/4009/4289 4282/4002/4282
f 4283/4003/4283 4282/4002/4282 4290/4010/4290
f 4290/4010/4290 4288/4008/4288 4283/4003/4283
f 4262/3982/4262 4288/4008/4288 4291/4011/4291
f 4262/3982/4262 4291/4011/4291 4264/3984/4264
f 4287/4007/4287 4292/4012/4292 4289/4009/4289
f 4292/4012/4292 4287/4007/4287 4293/4013/4293
f 4282/4002/4282 4289/4009/4289 4294/4014/4294
f 4282/4002/4282 4294/4014/4294 4290/4010/4290
f 4290/4010/4290 4295/4015/4295 4288/4008/4288
f 4291/4011/4291 4288/4008/4288 4295/4015/4295
f 4296/4016/4296 4294/4014/4294 4289/4009/4289
f 4296/4016/4296 4289/4009/4289 4292/4012/4292
f 4290/4010/4290 4294/4014/4294 4297/4017/4297
f 4290/4010/4290 4297/4017/4297 4295/4015/4295
f 4296/4016/4296 4297/4017/4297 4294/4014/4294
f 4291/4011/4291 4295/4015/4295 4298/4018/4298
f 4298/4018/4298 4295/4015/4295 4297/4017/4297
f 4291/4011/4291 4299/4019/4299 4264/3984/4264
f 4291/4011/4291 4298/4018/4298 4299/4019/4299
f 4298/4018/4298 4297/4017/4297 4300/4020/4300
f 4296/4016/4296 4300/4020/4300 4297/4017/4297
f 4298/4018/4298 4300/4020/4300 4301/4021/4301
f 4296/4016/4296 4301/4021/4301 4300/4020/4300
f 4298/4018/4298 4301/4021/4301 4299/4019/4299
f 4302/4022/4302 4264/3984/4264 4299/4019/4299
f 4260/3980/4260 4264/3984/4264 4302/4022/4302
f 4303/4023/4303 4296/4016/4296 4292/4012/4292
f 4296/4016/4296 4303/4023/4303 4301/4021/4301
f 4304/4024/4304 4299/4019/4299 4301/4021/4301
f 4302/4022/4302 4299/4019/4299 4304/4024/4304
f 4305/4025/4305 4260/3980/4260 4302/4022/4302
f 4260/3980/4260 4305/4025/4305 4256/3976/4256
f 4306/4026/4306 4301/4021/4301 4303/4023/4303
f 4304/4024/4304 4301/4021/4301 4306/4026/4306
f 4307/4027/4307 4302/4022/4302 4304/4024/4304
f 4305/4025/4305 4302/4022/4302 4307/4027/4307
f 4308/4028/4308 4256/3976/4256 4305/4025/4305
f 4257/3977/4257 4256/3976/4256 4308/4028/4308
f 4309/4029/4309 4304/4024/4304 4306/4026/4306
f 4307/4027/4307 4304/4024/4304 4309/4029/4309
f 4308/4028/4308 4305/4025/4305 4310/4030/4310
f 4310/4030/4310 4305/4025/4305 4307/4027/4307
f 4311/4031/4311 4257/3977/4257 4308/4028/4308
f 4258/3978/4258 4257/3977/4257 4311/4031/4311
f 4312/4032/4312 4308/4028/4308 4310/4030/4310
f 4311/4031/4311 4308/4028/4308 4312/4032/4312
f 4311/4031/4311 4313/4033/4313 4258/3978/4258
f 4313/4033/4313 4255/3975/4255 4258/3978/4258
f 4312/4032/4312 4314/4034/4314 4311/4031/4311
f 4311/4031/4311 4314/4034/4314 4313/4033/4313
f 4310/4030/4310 4307/4027/4307 4315/4035/4315
f 4312/4032/4312 4310/4030/4310 4316/4036/4316
f 4316/4036/4316 4310/4030/4310 4315/4035/4315
f 4307/4027/4307 4317/4037/4317 4315/4035/4315
f 4307/4027/4307 4309/4029/4309 4317/4037/4317
f 4312/4032/4312 4318/4038/4318 4314/4034/4314
f 4316/4036/4316 4318/4038/4318 4312/4032/4312
f 4316/4036/4316 4315/4035/4315 4319/4039/4319
f 4319/4039/4319 4315/4035/4315 4317/4037/4317
f 4320/4040/4320 4316/4036/4316 4319/4039/4319
f 4316/4036/4316 4321/4041/4321 4318/4038/4318
f 4320/4040/4320 4321/4041/4321 4316/4036/4316
f 4319/4039/4319 4317/4037/4317 4322/4042/4322
f 4322/4042/4322 4320/4040/4320 4319/4039/4319
f 4309/4029/4309 4323/4043/4323 4317/4037/4317
f 4324/4044/4324 4322/4042/4322 4317/4037/4317
f 4324/4044/4324 4317/4037/4317 4323/4043/4323
f 4309/4029/4309 4325/4045/4325 4323/4043/4323
f 4309/4029/4309 4306/4026/4306 4325/4045/4325
f 4325/4045/4325 4306/4026/4306 4326/4046/4326
f 4306/4026/4306 4303/4023/4303 4326/4046/4326
f 4327/4047/4327 4318/4038/4318 4321/4041/4321
f 4328/4048/4328 4321/4041/4321 4320/4040/4320
f 4328/4048/4328 4327/4047/4327 4321/4041/4321
f 4322/4042/4322 4329/4049/4329 4320/4040/4320
f 4329/4049/4329 4328/4048/4328 4320/4040/4320
f 4330/4050/4330 4329/4049/4329 4322/4042/4322
f 4330/4050/4330 4322/4042/4322 4324/4044/4324
f 4327/4047/4327 4331/4051/4331 4318/4038/4318
f 4331/4051/4331 4314/4034/4314 4318/4038/4318
f 4329/4049/4329 4332/4052/4332 4328/4048/4328
f 4330/4050/4330 4332/4052/4332 4329/4049/4329
f 4328/4048/4328 4333/4053/4333 4327/4047/4327
f 4327/4047/4327 4334/4054/4334 4331/4051/4331
f 4327/4047/4327 4333/4053/4333 4334/4054/4334
f 4332/4052/4332 4335/4055/4335 4328/4048/4328
f 4328/4048/4328 4335/4055/4335 4333/4053/4333
f 4331/4051/4331 4336/4056/4336 4314/4034/4314
f 4331/4051/4331 4334/4054/4334 4337/4057/4337
f 4331/4051/4331 4337/4057/4337 4336/4056/4336
f 4338/4058/4338 4314/4034/4314 4336/4056/4336
f 4338/4058/4338 4313/4033/4313 4314/4034/4314
f 4336/4056/4336 4337/4057/4337 4339/4059/4339
f 4336/4056/4336 4339/4059/4339 4338/4058/4338
f 4340/4060/4340 4337/4057/4337 4334/4054/4334
f 4340/4060/4340 4339/4059/4339 4337/4057/4337
f 4341/4061/4341 4338/4058/4338 4339/4059/4339
f 4340/4060/4340 4341/4061/4341 4339/4059/4339
f 4342/4062/4342 4313/4033/4313 4338/4058/4338
f 4341/4061/4341 4342/4062/4342 4338/4058/4338
f 4343/4063/4343 4340/4060/4340 4334/4054/4334
f 4343/4063/4343 4334/4054/4334 4333/4053/4333
f 4342/4062/4342 4344/4064/4344 4313/4033/4313
f 4313/4033/4313 4344/4064/4344 4255/3975/4255
f 4340/4060/4340 4345/4065/4345 4341/4061/4341
f 4343/4063/4343 4345/4065/4345 4340/4060/4340
f 4346/4066/4346 4341/4061/4341 4345/4065/4345
f 4343/4063/4343 4346/4066/4346 4345/4065/4345
f 4347/4067/4347 4342/4062/4342 4341/4061/4341
f 4346/4066/4346 4347/4067/4347 4341/4061/4341
f 4344/4064/4344 4348/4068/4348 4255/3975/4255
f 4253/3973/4253 4255/3975/4255 4348/4068/4348
f 4344/4064/4344 4342/4062/4342 4349/4069/4349
f 4347/4067/4347 4349/4069/4349 4342/4062/4342
f 4350/4070/4350 4253/3973/4253 4348/4068/4348
f 4248/3968/4248 4253/3973/4253 4350/4070/4350
f 4344/4064/4344 4349/4069/4349 4351/4071/4351
f 4344/4064/4344 4351/4071/4351 4348/4068/4348
f 4352/4072/4352 4248/3968/4248 4350/4070/4350
f 4352/4072/4352 4249/3969/4249 4248/3968/4248
f 4353/4073/4353 4249/3969/4249 4352/4072/4352
f 4353/4073/4353 4252/3972/4252 4249/3969/4249
f 4354/4074/4354 4252/3972/4252 4353/4073/4353
f 4244/3964/4244 4252/3972/4252 4354/4074/4354
f 4355/4075/4355 4244/3964/4244 4354/4074/4354
f 4355/4075/4355 4213/3933/4213 4244/3964/4244
f 4355/4075/4355 4356/4076/4356 4213/3933/4213
f 4356/4076/4356 3125/2692/3125 4213/3933/4213
f 4356/4076/4356 4357/4077/4357 3125/2692/3125
f 4357/4077/4357 3122/2689/3122 3125/2692/3125
f 4350/4070/4350 4348/4068/4348 4358/4078/4358
f 4359/4079/4359 4352/4072/4352 4350/4070/4350
f 4359/4079/4359 4350/4070/4350 4358/4078/4358
f 4348/4068/4348 4360/4080/4360 4358/4078/4358
f 4348/4068/4348 4351/4071/4351 4360/4080/4360
f 4361/4081/4361 4352/4072/4352 4359/4079/4359
f 4361/4081/4361 4353/4073/4353 4352/4072/4352
f 4358/4078/4358 4362/4082/4362 4359/4079/4359
f 4358/4078/4358 4360/4080/4360 4362/4082/4362
f 4351/4071/4351 4363/4083/4363 4360/4080/4360
f 4351/4071/4351 4349/4069/4349 4363/4083/4363
f 4359/4079/4359 4362/4082/4362 4364/4084/4364
f 4359/4079/4359 4364/4084/4364 4361/4081/4361
f 4360/4080/4360 4365/4085/4365 4362/4082/4362
f 4360/4080/4360 4363/4083/4363 4365/4085/4365
f 4365/4085/4365 4364/4084/4364 4362/4082/4362
f 4349/4069/4349 4366/4086/4366 4363/4083/4363
f 4349/4069/4349 4347/4067/4347 4366/4086/4366
f 4363/4083/4363 4366/4086/4366 4367/4087/4367
f 4363/4083/4363 4367/4087/4367 4365/4085/4365
f 4347/4067/4347 4368/4088/4368 4366/4086/4366
f 4368/4088/4368 4367/4087/4367 4366/4086/4366
f 4347/4067/4347 4346/4066/4346 4368/4088/4368
f 4365/4085/4365 4367/4087/4367 4369/4089/4369
f 4368/4088/4368 4369/4089/4369 4367/4087/4367
f 4368/4088/4368 4346/4066/4346 4370/4090/4370
f 4368/4088/4368 4370/4090/4370 4369/4089/4369
f 4343/4063/4343 4370/4090/4370 4346/4066/4346
f 4370/4090/4370 4343/4063/4343 4371/4091/4371
f 4343/4063/4343 4333/4053/4333 4371/4091/4371
f 4365/4085/4365 4372/4092/4372 4364/4084/4364
f 4365/4085/4365 4369/4089/4369 4372/4092/4372
f 4373/4093/4373 4369/4089/4369 4370/4090/4370
f 4370/4090/4370 4371/4091/4371 4373/4093/4373
f 4374/4094/4374 4371/4091/4371 4333/4053/4333
f 4374/4094/4374 4333/4053/4333 4335/4055/4335
f 4372/4092/4372 4369/4089/4369 4375/4095/4375
f 4373/4093/4373 4375/4095/4375 4369/4089/4369
f 4364/4084/4364 4372/4092/4372 4376/4096/4376
f 4372/4092/4372 4375/4095/4375 4376/4096/4376
f 4371/4091/4371 4377/4097/4377 4373/4093/4373
f 4371/4091/4371 4374/4094/4374 4377/4097/4377
f 4373/4093/4373 4378/4098/4378 4375/4095/4375
f 4376/4096/4376 4375/4095/4375 4378/4098/4378
f 4373/4093/4373 4377/4097/4377 4378/4098/4378
f 4379/4099/4379 4374/4094/4374 4335/4055/4335
f 4332/4052/4332 4379/4099/4379 4335/4055/4335
f 4379/4099/4379 4380/4100/4380 4374/4094/4374
f 4377/4097/4377 4374/4094/4374 4380/4100/4380
f 4381/4101/4381 4379/4099/4379 4332/4052/4332
f 4381/4101/4381 4380/4100/4380 4379/4099/4379
f 4330/4050/4330 4381/4101/4381 4332/4052/4332
f 4382/4102/4382 4380/4100/4380 4381/4101/4381
f 4382/4102/4382 4381/4101/4381 4330/4050/4330
f 4377/4097/4377 4380/4100/4380 4383/4103/4383
f 4382/4102/4382 4383/4103/4383 4380/4100/4380
f 4377/4097/4377 4384/4104/4384 4378/4098/4378
f 4377/4097/4377 4383/4103/4383 4384/4104/4384
f 4385/4105/4385 4378/4098/4378 4384/4104/4384
f 4376/4096/4376 4378/4098/4378 4385/4105/4385
f 4386/4106/4386 4384/4104/4384 4383/4103/4383
f 4386/4106/4386 4383/4103/4383 4382/4102/4382
f 4385/4105/4385 4384/4104/4384 4386/4106/4386
f 4382/4102/4382 4330/4050/4330 4387/4107/4387
f 4387/4107/4387 4330/4050/4330 4324/4044/4324
f 4388/4108/4388 4386/4106/4386 4382/4102/4382
f 4385/4105/4385 4386/4106/4386 4388/4108/4388
f 4388/4108/4388 4382/4102/4382 4387/4107/4387
f 4387/4107/4387 4324/4044/4324 4389/4109/4389
f 4388/4108/4388 4387/4107/4387 4389/4109/4389
f 4389/4109/4389 4324/4044/4324 4323/4043/4323
f 4376/4096/4376 4385/4105/4385 4390/4110/4390
f 4385/4105/4385 4388/4108/4388 4390/4110/4390
f 4389/4109/4389 4323/4043/4323 4391/4111/4391
f 4325/4045/4325 4391/4111/4391 4323/4043/4323
f 4388/4108/4388 4389/4109/4389 4392/4112/4392
f 4390/4110/4390 4388/4108/4388 4392/4112/4392
f 4392/4112/4392 4389/4109/4389 4391/4111/4391
f 4376/4096/4376 4390/4110/4390 4393/4113/4393
f 4364/4084/4364 4376/4096/4376 4393/4113/4393
f 4361/4081/4361 4364/4084/4364 4393/4113/4393
f 4325/4045/4325 4394/4114/4394 4391/4111/4391
f 4325/4045/4325 4326/4046/4326 4394/4114/4394
f 4392/4112/4392 4391/4111/4391 4395/4115/4395
f 4394/4114/4394 4395/4115/4395 4391/4111/4391
f 4390/4110/4390 4392/4112/4392 4396/4116/4396
f 4393/4113/4393 4390/4110/4390 4396/4116/4396
f 4396/4116/4396 4392/4112/4392 4395/4115/4395
f 4361/4081/4361 4393/4113/4393 4397/4117/4397
f 4393/4113/4393 4396/4116/4396 4397/4117/4397
f 4397/4117/4397 4353/4073/4353 4361/4081/4361
f 4396/4116/4396 4395/4115/4395 4398/4118/4398
f 4397/4117/4397 4396/4116/4396 4398/4118/4398
f 4397/4117/4397 4399/4119/4399 4353/4073/4353
f 4397/4117/4397 4398/4118/4398 4399/4119/4399
f 4354/4074/4354 4353/4073/4353 4399/4119/4399
f 4400/4120/4400 4354/4074/4354 4399/4119/4399
f 4400/4120/4400 4399/4119/4399 4398/4118/4398
f 4355/4075/4355 4354/4074/4354 4400/4120/4400
f 4401/4121/4401 4398/4118/4398 4395/4115/4395
f 4401/4121/4401 4400/4120/4400 4398/4118/4398
f 4394/4114/4394 4401/4121/4401 4395/4115/4395
f 4355/4075/4355 4400/4120/4400 4401/4121/4401
f 4394/4114/4394 4402/4122/4402 4401/4121/4401
f 4355/4075/4355 4401/4121/4401 4402/4122/4402
f 4394/4114/4394 4326/4046/4326 4402/4122/4402
f 4402/4122/4402 4356/4076/4356 4355/4075/4355
f 4403/4123/4403 4402/4122/4402 4326/4046/4326
f 4403/4123/4403 4326/4046/4326 4303/4023/4303
f 4402/4122/4402 4404/4124/4404 4356/4076/4356
f 4403/4123/4403 4404/4124/4404 4402/4122/4402
f 4404/4124/4404 4357/4077/4357 4356/4076/4356
f 4404/4124/4404 4405/4125/4405 4357/4077/4357
f 4403/4123/4403 4405/4125/4405 4404/4124/4404
f 4403/4123/4403 4303/4023/4303 4406/4126/4406
f 4303/4023/4303 4292/4012/4292 4406/4126/4406
f 4405/4125/4405 4407/4127/4407 4357/4077/4357
f 4357/4077/4357 4407/4127/4407 3122/2689/3122
f 4408/4128/4408 3122/2689/3122 4407/4127/4407
f 4405/4125/4405 4408/4128/4408 4407/4127/4407
f 4408/4128/4408 3115/2681/3114 3122/2689/3122
f 4403/4123/4403 4409/4129/4409 4405/4125/4405
f 4408/4128/4408 4405/4125/4405 4409/4129/4409
f 4409/4129/4409 4403/4123/4403 4406/4126/4406
f 3115/2681/3114 4408/4128/4408 4410/4130/4410
f 4408/4128/4408 4409/4129/4409 4410/4130/4410
f 3115/2681/3114 4410/4130/4410 3114/2682/3115
f 4410/4130/4410 3332/4131/3332 3114/2682/3115
f 4406/4126/4406 4292/4012/4292 4411/4132/4411
f 4292/4012/4292 4293/4013/4293 4411/4132/4411
f 4411/4132/4411 4293/4013/4293 4412/4133/4412
f 4409/4129/4409 4406/4126/4406 4413/4134/4413
f 4410/4130/4410 4409/4129/4409 4413/4134/4413
f 4406/4126/4406 4411/4132/4411 4413/4134/4413
f 4410/4130/4410 4414/4135/4414 3332/4131/3332
f 4410/4130/4410 4413/4134/4413 4414/4135/4414
f 4411/4132/4411 4414/4135/4414 4413/4134/4413
f 4414/4135/4414 3334/4136/3334 3332/4131/3332
f 4411/4132/4411 4415/4137/4415 4414/4135/4414
f 4414/4135/4414 4415/4137/4415 3334/4136/3334
f 4411/4132/4411 4412/4133/4412 4415/4137/4415
f 4415/4137/4415 3337/4138/3337 3334/4136/3334
f 4415/4137/4415 4412/4133/4412 3337/4138/3337
f 3341/4139/3341 3337/4138/3337 4412/4133/4412
f 3341/4139/3341 4412/4133/4412 4416/4140/4416
f 4417/4141/4417 3341/4139/3341 4416/4140/4416
f 4417/4141/4417 3352/4142/3352 3341/4139/3341
f 4418/4143/4418 3210/2777/3210 3209/2776/3209
f 4418/4143/4418 3209/2776/3209 3121/2688/3121
f 3121/2688/3121 3209/2776/3209 3207/2774/3207
f 3120/2687/3120 4418/4143/4418 3121/2688/3121
f 3120/2687/3120 3119/2686/3119 4418/4143/4418
f 3121/2688/3121 3207/2774/3207 3123/2690/3123
f 3123/2690/3123 3207/2774/3207 4419/4144/4419
f 4419/4144/4419 3130/2697/3130 3123/2690/3123
f 4419/4144/4419 3207/2774/3207 3159/2726/3159
f 4419/4144/4419 4420/4145/4420 3130/2697/3130
f 4420/4145/4420 3131/2698/3131 3130/2697/3130
f 4420/4145/4420 3134/2701/3134 3131/2698/3131
f 4419/4144/4419 3159/2726/3159 4421/4146/4421
f 4421/4146/4421 3159/2726/3159 3155/2722/3155
f 4422/4147/4422 4420/4145/4420 4419/4144/4419
f 4422/4147/4422 4419/4144/4419 4421/4146/4421
f 4420/4145/4420 4423/4148/4423 3134/2701/3134
f 4420/4145/4420 4422/4147/4422 4423/4148/4423
f 3135/2702/3135 3134/2701/3134 4423/4148/4423
f 4421/4146/4421 3155/2722/3155 4424/4149/4424
f 3150/2717/3150 4424/4149/4424 3155/2722/3155
f 4425/4150/4425 4422/4147/4422 4421/4146/4421
f 4425/4150/4425 4421/4146/4421 4424/4149/4424
f 4422/4147/4422 4426/4151/4426 4423/4148/4423
f 4422/4147/4422 4425/4150/4425 4426/4151/4426
f 3135/2702/3135 4423/4148/4423 4427/4152/4427
f 4427/4152/4427 4423/4148/4423 4426/4151/4426
f 3150/2717/3150 4428/4153/4428 4424/4149/4424
f 3142/2709/3142 4428/4153/4428 3150/2717/3150
f 4429/4154/4429 4425/4150/4425 4424/4149/4424
f 4429/4154/4429 4426/4151/4426 4425/4150/4425
f 4429/4154/4429 4424/4149/4424 4428/4153/4428
f 4429/4154/4429 4430/4155/4430 4426/4151/4426
f 4430/4155/4430 4429/4154/4429 4428/4153/4428
f 4427/4152/4427 4426/4151/4426 4430/4155/4430
f 4430/4155/4430 4428/4153/4428 4431/4156/4431
f 3142/2709/3142 4431/4156/4431 4428/4153/4428
f 4427/4152/4427 4430/4155/4430 4431/4156/4431
f 4432/4157/4432 3135/2702/3135 4427/4152/4427
f 4427/4152/4427 4431/4156/4431 4432/4157/4432
f 4432/4157/4432 4431/4156/4431 3142/2709/3142
f 4432/4157/4432 3136/2703/3136 3135/2702/3135
f 4432/4157/4432 3142/2709/3142 3139/2706/3139
f 4432/4157/4432 3139/2706/3139 3136/2703/3136
f 4433/4158/4433 4435/4159/4434 4434/4160/4435
f 4433/4158/4433 4436/4161/4436 4435/4159/4434
f 4436/4161/4436 4437/4162/4437 4435/4159/4434
f 4438/4163/4438 4436/4161/4436 4433/4158/4433
f 4438/4163/4438 4433/4158/4433 4439/4164/4439
f 4440/4165/4440 4438/4163/4438 4439/4164/4439
f 4436/4161/4436 4441/4166/4441 4437/4162/4437
f 4441/4166/4441 4436/4161/4436 4438/4163/4438
f 4441/4166/4441 4442/4167/4442 4437/4162/4437
f 4440/4165/4440 4443/4168/4443 4438/4163/4438
f 4444/4169/4444 4443/4168/4443 4440/4165/4440
f 4441/4166/4441 4438/4163/4438 4445/4170/4445
f 4445/4170/4445 4438/4163/4438 4443/4168/4443
f 4441/4166/4441 4446/4171/4446 4442/4167/4442
f 4446/4171/4446 4441/4166/4441 4445/4170/4445
f 4442/4167/4442 4446/4171/4446 4447/4172/4447
f 4442/4167/4442 4447/4172/4447 4448/4173/4448
f 4447/4172/4447 4449/4174/4449 4448/4173/4448
f 4446/4171/4446 4445/4170/4445 4450/4175/4450
f 4447/4172/4447 4446/4171/4446 4450/4175/4450
f 4445/4170/4445 4443/4168/4443 4451/4176/4451
f 4450/4175/4450 4445/4170/4445 4451/4176/4451
f 4444/4169/4444 4452/4177/4452 4443/4168/4443
f 4451/4176/4451 4443/4168/4443 4452/4177/4452
f 4447/4172/4447 4453/4178/4453 4449/4174/4449
f 4447/4172/4447 4450/4175/4450 4454/4179/4454
f 4454/4179/4454 4453/4178/4453 4447/4172/4447
f 4450/4175/4450 4451/4176/4451 4455/4180/4455
f 4454/4179/4454 4450/4175/4450 4455/4180/4455
f 4451/4176/4451 4452/4177/4452 4456/4181/4456
f 4455/4180/4455 4451/4176/4451 4456/4181/4456
f 4457/4182/4457 4449/4174/4449 4453/4178/4453
f 4457/4182/4457 4458/4183/4458 4449/4174/4449
f 4458/4183/4458 4457/4182/4457 4459/4184/4459
f 4458/4183/4458 4459/4184/4459 4460/4185/4460
f 4461/4186/4461 4460/4185/4460 4459/4184/4459
f 4462/4187/4462 4452/4177/4452 4444/4169/4444
f 4456/4181/4456 4452/4177/4452 4463/4188/4463
f 4462/4187/4462 4463/4188/4463 4452/4177/4452
f 4464/4189/4464 4462/4187/4462 4444/4169/4444
f 4464/4189/4464 4444/4169/4444 4465/4190/4465
f 4465/4190/4465 4466/4191/4466 4464/4189/4464
f 4465/4190/4465 4467/4192/4467 4466/4191/4466
f 4468/4193/4468 4466/4191/4466 4467/4192/4467
f 4468/4193/4468 4469/4194/4469 4466/4191/4466
f 4469/4194/4469 4468/4193/4468 4470/4195/4470
f 4464/4189/4464 4466/4191/4466 4471/4196/4471
f 4469/4194/4469 4471/4196/4471 4466/4191/4466
f 4472/4197/4472 4462/4187/4462 4464/4189/4464
f 4464/4189/4464 4471/4196/4471 4472/4197/4472
f 4456/4181/4456 4463/4188/4463 4473/4198/4473
f 4474/4199/4474 4463/4188/4463 4462/4187/4462
f 4473/4198/4473 4463/4188/4463 4474/4199/4474
f 4472/4197/4472 4475/4200/4475 4462/4187/4462
f 4474/4199/4474 4462/4187/4462 4475/4200/4475
f 4476/4201/4476 4456/4181/4456 4473/4198/4473
f 4455/4180/4455 4456/4181/4456 4476/4201/4476
f 4477/4202/4477 4455/4180/4455 4476/4201/4476
f 4454/4179/4454 4455/4180/4455 4477/4202/4477
f 4477/4202/4477 4478/4203/4478 4454/4179/4454
f 4454/4179/4454 4478/4203/4478 4453/4178/4453
f 4479/4204/4479 4453/4178/4453 4478/4203/4478
f 4479/4204/4479 4457/4182/4457 4453/4178/4453
f 4457/4182/4457 4479/4204/4479 4480/4205/4480
f 4457/4182/4457 4480/4205/4480 4459/4184/4459
f 4481/4206/4481 4475/4200/4475 4472/4197/4472
f 4481/4206/4481 4482/4207/4482 4475/4200/4475
f 4474/4199/4474 4475/4200/4475 4482/4207/4482
f 4472/4197/4472 4483/4208/4483 4481/4206/4481
f 4472/4197/4472 4471/4196/4471 4483/4208/4483
f 4484/4209/4484 4483/4208/4483 4471/4196/4471
f 4484/4209/4484 4471/4196/4471 4485/4210/4485
f 4469/4194/4469 4485/4210/4485 4471/4196/4471
f 4481/4206/4481 4483/4208/4483 4486/4211/4486
f 4484/4209/4484 4486/4211/4486 4483/4208/4483
f 4484/4209/4484 4487/4212/4487 4486/4211/4486
f 4487/4212/4487 4488/4213/4488 4486/4211/4486
f 4486/4211/4486 4488/4213/4488 4489/4214/4489
f 4481/4206/4481 4486/4211/4486 4490/4215/4490
f 4490/4215/4490 4482/4207/4482 4481/4206/4481
f 4486/4211/4486 4489/4214/4489 4490/4215/4490
f 4490/4215/4490 4491/4216/4491 4482/4207/4482
f 4489/4214/4489 4491/4216/4491 4490/4215/4490
f 4474/4199/4474 4482/4207/4482 4492/4217/4492
f 4493/4218/4493 4482/4207/4482 4491/4216/4491
f 4493/4218/4493 4492/4217/4492 4482/4207/4482
f 4494/4219/4494 4474/4199/4474 4492/4217/4492
f 4473/4198/4473 4474/4199/4474 4494/4219/4494
f 4495/4220/4495 4492/4217/4492 4493/4218/4493
f 4494/4219/4494 4492/4217/4492 4495/4220/4495
f 4496/4221/4496 4473/4198/4473 4494/4219/4494
f 4476/4201/4476 4473/4198/4473 4496/4221/4496
f 4497/4222/4497 4494/4219/4494 4495/4220/4495
f 4496/4221/4496 4494/4219/4494 4497/4222/4497
f 4498/4223/4498 4476/4201/4476 4496/4221/4496
f 4477/4202/4477 4476/4201/4476 4498/4223/4498
f 4499/4224/4499 4496/4221/4496 4497/4222/4497
f 4498/4223/4498 4496/4221/4496 4499/4224/4499
f 4498/4223/4498 4500/4225/4500 4477/4202/4477
f 4477/4202/4477 4500/4225/4500 4478/4203/4478
f 4499/4224/4499 4501/4226/4501 4498/4223/4498
f 4498/4223/4498 4501/4226/4501 4500/4225/4500
f 4502/4227/4502 4478/4203/4478 4500/4225/4500
f 4502/4227/4502 4479/4204/4479 4478/4203/4478
f 4503/4228/4503 4500/4225/4500 4501/4226/4501
f 4503/4228/4503 4502/4227/4502 4500/4225/4500
f 4479/4204/4479 4502/4227/4502 4504/4229/4504
f 4479/4204/4479 4504/4229/4504 4480/4205/4480
f 4502/4227/4502 4503/4228/4503 4505/4230/4505
f 4502/4227/4502 4505/4230/4505 4504/4229/4504
f 4506/4231/4506 4503/4228/4503 4501/4226/4501
f 4503/4228/4503 4507/4232/4507 4505/4230/4505
f 4503/4228/4503 4506/4231/4506 4507/4232/4507
f 4504/4229/4504 4505/4230/4505 4508/4233/4508
f 4508/4233/4508 4505/4230/4505 4507/4232/4507
f 4480/4205/4480 4504/4229/4504 4509/4234/4509
f 4504/4229/4504 4508/4233/4508 4509/4234/4509
f 4499/4224/4499 4510/4235/4510 4501/4226/4501
f 4506/4231/4506 4501/4226/4501 4510/4235/4510
f 4480/4205/4480 4509/4234/4509 4511/4236/4511
f 4459/4184/4459 4480/4205/4480 4511/4236/4511
f 4459/4184/4459 4511/4236/4511 4512/4237/4512
f 4461/4186/4461 4459/4184/4459 4512/4237/4512
f 4461/4186/4461 4512/4237/4512 4513/4238/4513
f 4511/4236/4511 4513/4238/4513 4512/4237/4512
f 4461/4186/4461 4513/4238/4513 4514/4239/4514
f 4511/4236/4511 4515/4240/4515 4513/4238/4513
f 4509/4234/4509 4515/4240/4515 4511/4236/4511
f 4509/4234/4509 4516/4241/4516 4515/4240/4515
f 4508/4233/4508 4516/4241/4516 4509/4234/4509
f 4508/4233/4508 4517/4242/4517 4516/4241/4516
f 4518/4243/4518 4517/4242/4517 4508/4233/4508
f 4508/4233/4508 4507/4232/4507 4518/4243/4518
f 4518/4243/4518 4519/4244/4519 4517/4242/4517
f 4518/4243/4518 4507/4232/4507 4520/4245/4520
f 4506/4231/4506 4520/4245/4520 4507/4232/4507
f 4521/4246/4521 4519/4244/4519 4518/4243/4518
f 4518/4243/4518 4520/4245/4520 4521/4246/4521
f 4521/4246/4521 4522/4247/4522 4519/4244/4519
f 4506/4231/4506 4523/4248/4523 4520/4245/4520
f 4523/4248/4523 4506/4231/4506 4510/4235/4510
f 4521/4246/4521 4520/4245/4520 4524/4249/4524
f 4523/4248/4523 4524/4249/4524 4520/4245/4520
f 4525/4250/4525 4522/4247/4522 4521/4246/4521
f 4521/4246/4521 4524/4249/4524 4525/4250/4525
f 4525/4250/4525 4526/4251/4526 4522/4247/4522
f 4523/4248/4523 4510/4235/4510 4527/4252/4527
f 4499/4224/4499 4527/4252/4527 4510/4235/4510
f 4523/4248/4523 4528/4253/4528 4524/4249/4524
f 4528/4253/4528 4523/4248/4523 4527/4252/4527
f 4525/4250/4525 4524/4249/4524 4529/4254/4529
f 4528/4253/4528 4529/4254/4529 4524/4249/4524
f 4530/4255/4530 4526/4251/4526 4525/4250/4525
f 4525/4250/4525 4529/4254/4529 4530/4255/4530
f 4530/4255/4530 4531/4256/4531 4526/4251/4526
f 4499/4224/4499 4532/4257/4532 4527/4252/4527
f 4499/4224/4499 4497/4222/4497 4532/4257/4532
f 4528/4253/4528 4527/4252/4527 4533/4258/4533
f 4532/4257/4532 4533/4258/4533 4527/4252/4527
f 4528/4253/4528 4534/4259/4534 4529/4254/4529
f 4534/4259/4534 4528/4253/4528 4533/4258/4533
f 4530/4255/4530 4529/4254/4529 4535/4260/4535
f 4534/4259/4534 4535/4260/4535 4529/4254/4529
f 4536/4261/4536 4531/4256/4531 4530/4255/4530
f 4530/4255/4530 4535/4260/4535 4536/4261/4536
f 4536/4261/4536 4537/4262/4537 4531/4256/4531
f 4536/4261/4536 4514/4263/4514 4537/4262/4537
f 4536/4261/4536 4461/4264/4461 4514/4263/4514
f 4536/4261/4536 4460/4265/4460 4461/4264/4461
f 4536/4261/4536 4535/4260/4535 4460/4265/4460
f 4538/4266/4538 4460/4265/4460 4535/4260/4535
f 4534/4259/4534 4538/4266/4538 4535/4260/4535
f 4538/4266/4538 4458/4267/4458 4460/4265/4460
f 4534/4259/4534 4533/4258/4533 4539/4268/4539
f 4538/4266/4538 4534/4259/4534 4539/4268/4539
f 4458/4267/4458 4538/4266/4538 4540/4269/4540
f 4538/4266/4538 4539/4268/4539 4540/4269/4540
f 4458/4267/4458 4540/4269/4540 4449/4270/4449
f 4448/4271/4448 4449/4270/4449 4540/4269/4540
f 4448/4271/4448 4540/4269/4540 4541/4272/4541
f 4541/4272/4541 4540/4269/4540 4539/4268/4539
f 4542/4273/4542 4539/4268/4539 4533/4258/4533
f 4532/4257/4532 4542/4273/4542 4533/4258/4533
f 4543/4274/4543 4448/4271/4448 4541/4272/4541
f 4543/4274/4543 4442/4275/4442 4448/4271/4448
f 4437/4276/4437 4442/4275/4442 4543/4274/4543
f 4541/4272/4541 4539/4268/4539 4544/4277/4544
f 4542/4273/4542 4544/4277/4544 4539/4268/4539
f 4544/4277/4544 4543/4274/4543 4541/4272/4541
f 4532/4257/4532 4545/4278/4545 4542/4273/4542
f 4532/4257/4532 4497/4222/4497 4545/4278/4545
f 4497/4222/4497 4495/4220/4495 4545/4278/4545
f 4542/4273/4542 4546/4279/4546 4544/4277/4544
f 4544/4277/4544 4546/4279/4546 4543/4274/4543
f 4542/4273/4542 4545/4278/4545 4546/4279/4546
f 4437/4276/4437 4543/4274/4543 4547/4280/4547
f 4546/4279/4546 4547/4280/4547 4543/4274/4543
f 4435/4281/4434 4437/4276/4437 4547/4280/4547
f 4545/4278/4545 4495/4220/4495 4548/4282/4548
f 4545/4278/4545 4548/4282/4548 4546/4279/4546
f 4546/4279/4546 4548/4282/4548 4547/4280/4547
f 4495/4220/4495 4493/4218/4493 4548/4282/4548
f 4435/4281/4434 4547/4280/4547 4549/4283/4549
f 4548/4282/4548 4549/4283/4549 4547/4280/4547
f 4548/4282/4548 4493/4218/4493 4549/4283/4549
f 4549/4283/4549 4493/4218/4493 4491/4216/4491
f 4434/4284/4435 4435/4281/4434 4549/4283/4549
f 4549/4283/4549 4491/4216/4491 4550/4285/4550
f 4434/4284/4435 4549/4283/4549 4550/4285/4550
f 4489/4214/4489 4550/4285/4550 4491/4216/4491
f 4550/4285/4550 4551/4286/4551 4434/4284/4435
f 4550/4285/4550 4489/4214/4489 4551/4286/4551
f 4434/4284/4435 4551/4286/4551 4552/4287/4552
f 4434/4284/4435 4552/4287/4552 4433/4288/4433
f 4551/4286/4551 4553/4289/4553 4552/4287/4552
f 4554/4290/4554 4552/4287/4552 4553/4289/4553
f 4554/4290/4554 4553/4289/4553 4555/4291/4555
f 4489/4214/4489 4556/4292/4556 4551/4286/4551
f 4551/4286/4551 4556/4292/4556 4553/4289/4553
f 4555/4291/4555 4553/4289/4553 4557/4293/4557
f 4556/4292/4556 4557/4293/4557 4553/4289/4553
f 4555/4291/4555 4557/4293/4557 4558/4294/4558
f 4489/4214/4489 4559/4295/4559 4556/4292/4556
f 4488/4213/4488 4559/4295/4559 4489/4214/4489
f 4558/4294/4558 4557/4293/4557 4560/4296/4560
f 4558/4294/4558 4560/4296/4560 4561/4297/4561
f 4556/4292/4556 4562/4298/4562 4557/4293/4557
f 4559/4295/4559 4562/4298/4562 4556/4292/4556
f 4562/4298/4562 4560/4296/4560 4557/4293/4557
f 4561/4297/4561 4560/4296/4560 4563/4299/4563
f 4561/4297/4561 4563/4299/4563 4564/4300/4564
f 4565/4301/4565 4564/4300/4564 4563/4299/4563
f 4565/4301/4565 4566/4302/4566 4564/4300/4564
f 4567/4303/4567 4566/4302/4566 4565/4301/4565
f 4568/4304/4568 4563/4299/4563 4560/4296/4560
f 4562/4298/4562 4569/4305/4569 4560/4296/4560
f 4568/4304/4568 4560/4296/4560 4569/4305/4569
f 4563/4299/4563 4570/4306/4570 4565/4301/4565
f 4563/4299/4563 4568/4304/4568 4570/4306/4570
f 4559/4295/4559 4571/4307/4571 4562/4298/4562
f 4562/4298/4562 4572/4308/4572 4569/4305/4569
f 4562/4298/4562 4571/4307/4571 4572/4308/4572
f 4573/4309/4573 4568/4304/4568 4569/4305/4569
f 4573/4309/4573 4569/4305/4569 4572/4308/4572
f 4571/4307/4571 4559/4295/4559 4574/4310/4574
f 4488/4213/4488 4574/4310/4574 4559/4295/4559
f 4575/4311/4575 4570/4306/4570 4568/4304/4568
f 4575/4311/4575 4568/4304/4568 4573/4309/4573
f 4572/4308/4572 4571/4307/4571 4576/4312/4576
f 4571/4307/4571 4574/4310/4574 4576/4312/4576
f 4577/4313/4577 4565/4301/4565 4570/4306/4570
f 4578/4314/4578 4570/4306/4570 4575/4311/4575
f 4578/4314/4578 4577/4313/4577 4570/4306/4570
f 4577/4313/4577 4579/4315/4579 4565/4301/4565
f 4567/4303/4567 4565/4301/4565 4579/4315/4579
f 4567/4303/4567 4579/4315/4579 4580/4316/4580
f 4567/4303/4567 4580/4316/4580 4581/4317/4581
f 4579/4315/4579 4577/4313/4577 4582/4318/4582
f 4579/4315/4579 4582/4318/4582 4580/4316/4580
f 4583/4319/4583 4577/4313/4577 4578/4314/4578
f 4583/4319/4583 4582/4318/4582 4577/4313/4577
f 4575/4311/4575 4584/4320/4584 4578/4314/4578
f 4584/4320/4584 4583/4319/4583 4578/4314/4578
f 4581/4317/4581 4580/4316/4580 4585/4321/4585
f 4581/4317/4581 4585/4321/4585 4586/4322/4586
f 4585/4321/4585 4587/4323/4587 4586/4322/4586
f 4588/4324/4588 4580/4316/4580 4582/4318/4582
f 4588/4324/4588 4585/4321/4585 4580/4316/4580
f 4585/4321/4585 4589/4325/4589 4587/4323/4587
f 4589/4325/4589 4585/4321/4585 4588/4324/4588
f 4589/4325/4589 4590/4326/4590 4587/4323/4587
f 4591/4327/4591 4590/4326/4590 4589/4325/4589
f 4591/4327/4591 4589/4325/4589 4592/4328/4592
f 4589/4325/4589 4588/4324/4588 4592/4328/4592
f 4593/4329/4593 4591/4327/4591 4592/4328/4592
f 4594/4330/4594 4582/4318/4582 4583/4319/4583
f 4594/4330/4594 4588/4324/4588 4582/4318/4582
f 4595/4331/4595 4592/4328/4592 4588/4324/4588
f 4593/4329/4593 4592/4328/4592 4595/4331/4595
f 4595/4331/4595 4588/4324/4588 4594/4330/4594
f 4593/4329/4593 4595/4331/4595 4596/4332/4596
f 4596/4332/4596 4595/4331/4595 4594/4330/4594
f 4593/4329/4593 4596/4332/4596 4597/4333/4597
f 4597/4333/4597 4596/4332/4596 4598/4334/4598
f 4596/4332/4596 4594/4330/4594 4598/4334/4598
f 4597/4333/4597 4598/4334/4598 4599/4335/4599
f 4598/4334/4598 4600/4336/4600 4599/4335/4599
f 4594/4330/4594 4583/4319/4583 4601/4337/4601
f 4594/4330/4594 4601/4337/4601 4598/4334/4598
f 4598/4334/4598 4601/4337/4601 4600/4336/4600
f 4584/4320/4584 4601/4337/4601 4583/4319/4583
f 4584/4320/4584 4600/4336/4600 4601/4337/4601
f 4584/4320/4584 4602/4338/4602 4600/4336/4600
f 4603/4339/4603 4602/4338/4602 4584/4320/4584
f 4575/4311/4575 4603/4339/4603 4584/4320/4584
f 4603/4339/4603 4604/4340/4604 4602/4338/4602
f 4573/4309/4573 4603/4339/4603 4575/4311/4575
f 4605/4341/4605 4604/4340/4604 4603/4339/4603
f 4573/4309/4573 4605/4341/4605 4603/4339/4603
f 4605/4341/4605 4606/4342/4606 4604/4340/4604
f 4605/4341/4605 4573/4309/4573 4572/4308/4572
f 4607/4343/4607 4606/4342/4606 4605/4341/4605
f 4605/4341/4605 4572/4308/4572 4607/4343/4607
f 4607/4343/4607 4608/4344/4608 4606/4342/4606
f 4607/4343/4607 4609/4345/4609 4608/4344/4608
f 4572/4308/4572 4576/4312/4576 4607/4343/4607
f 4607/4343/4607 4576/4312/4576 4609/4345/4609
f 4610/4346/4610 4609/4345/4609 4576/4312/4576
f 4610/4346/4610 4576/4312/4576 4574/4310/4574
f 4611/4347/4611 4610/4346/4610 4574/4310/4574
f 4611/4347/4611 4574/4310/4574 4488/4213/4488
f 4488/4213/4488 4612/4348/4612 4611/4347/4611
f 4488/4213/4488 4613/4349/4613 4612/4348/4612
f 4487/4212/4487 4613/4349/4613 4488/4213/4488
f 4612/4348/4612 4613/4349/4613 4614/4350/4614
f 4612/4348/4612 4614/4350/4614 4615/4351/4615
f 4616/4352/4616 4615/4351/4615 4614/4350/4614
f 4613/4349/4613 4617/4353/4617 4614/4350/4614
f 4613/4349/4613 4487/4212/4487 4617/4353/4617
f 4616/4352/4616 4614/4350/4614 4618/4354/4618
f 4618/4354/4618 4614/4350/4614 4617/4353/4617
f 4618/4354/4618 4619/4355/4619 4616/4352/4616
f 4618/4354/4618 4620/4356/4620 4619/4355/4619
f 4621/4357/4621 4619/4355/4619 4620/4356/4620
f 4618/4354/4618 4617/4353/4617 4622/4358/4622
f 4622/4358/4622 4620/4356/4620 4618/4354/4618
f 4621/4357/4621 4620/4356/4620 4623/4359/4623
f 4624/4360/4624 4621/4357/4621 4623/4359/4623
f 4622/4358/4622 4625/4361/4625 4620/4356/4620
f 4623/4359/4623 4620/4356/4620 4625/4361/4625
f 4626/4362/4626 4622/4358/4622 4617/4353/4617
f 4625/4361/4625 4622/4358/4622 4626/4362/4626
f 4626/4362/4626 4617/4353/4617 4627/4363/4627
f 4627/4363/4627 4617/4353/4617 4487/4212/4487
f 4625/4361/4625 4626/4362/4626 4628/4364/4628
f 4629/4365/4629 4625/4361/4625 4628/4364/4628
f 4623/4359/4623 4625/4361/4625 4629/4365/4629
f 4629/4365/4629 4628/4364/4628 4630/4366/4630
f 4624/4360/4624 4623/4359/4623 4631/4367/4631
f 4631/4367/4631 4623/4359/4623 4629/4365/4629
f 4632/4368/4632 4624/4360/4624 4631/4367/4631
f 4633/4369/4633 4629/4365/4629 4630/4366/4630
f 4631/4367/4631 4629/4365/4629 4633/4369/4633
f 4633/4369/4633 4630/4366/4630 4634/4370/4634
f 4632/4368/4632 4631/4367/4631 4635/4371/4635
f 4635/4371/4635 4631/4367/4631 4633/4369/4633
f 4635/4371/4635 4636/4372/4636 4632/4368/4632
f 4637/4373/4637 4633/4369/4633 4634/4370/4634
f 4635/4371/4635 4633/4369/4633 4637/4373/4637
f 4637/4373/4637 4634/4370/4634 4638/4374/4638
f 4637/4373/4637 4638/4374/4638 4639/4375/4639
f 4637/4373/4637 4639/4375/4639 4640/4376/4640
f 4635/4371/4635 4637/4373/4637 4640/4376/4640
f 4640/4376/4640 4639/4375/4639 4641/4377/4641
f 4635/4371/4635 4642/4378/4642 4636/4372/4636
f 4635/4371/4635 4640/4376/4640 4642/4378/4642
f 4640/4376/4640 4641/4377/4641 4643/4379/4643
f 4642/4378/4642 4640/4376/4640 4643/4379/4643
f 4636/4372/4636 4642/4378/4642 4644/4380/4644
f 4642/4378/4642 4643/4379/4643 4644/4380/4644
f 4636/4372/4636 4644/4380/4644 4645/4381/4645
f 4646/4382/4646 4645/4381/4645 4644/4380/4644
f 4646/4382/4646 4644/4380/4644 4647/4383/4647
f 4647/4383/4647 4644/4380/4644 4643/4379/4643
f 4647/4383/4647 4648/4384/4648 4646/4382/4646
f 4649/4385/4649 4648/4384/4648 4647/4383/4647
f 4650/4386/4650 4643/4379/4643 4641/4377/4641
f 4647/4383/4647 4643/4379/4643 4650/4386/4650
f 4649/4385/4649 4647/4383/4647 4650/4386/4650
f 4650/4386/4650 4641/4377/4641 4651/4387/4651
f 4651/4387/4651 4649/4385/4649 4650/4386/4650
f 4591/4388/4591 4593/4389/4593 4597/4390/4597
f 4591/4388/4591 4597/4390/4597 4652/4391/4652
f 4590/4392/4590 4591/4388/4591 4652/4391/4652
f 4653/4393/4653 4652/4391/4652 4597/4390/4597
f 4653/4393/4653 4597/4390/4597 4599/4394/4599
f 4599/4394/4599 4654/4395/4654 4653/4393/4653
f 4599/4394/4599 4600/4396/4600 4654/4395/4654
f 4655/4397/4655 4654/4395/4654 4600/4396/4600
f 4655/4397/4655 4600/4396/4600 4602/4398/4602
f 4604/4399/4604 4655/4397/4655 4602/4398/4602
f 4604/4399/4604 4656/4400/4656 4655/4397/4655
f 4606/4401/4606 4656/4400/4656 4604/4399/4604
f 4657/4402/4657 4654/4395/4654 4655/4397/4655
f 4657/4402/4657 4655/4397/4655 4656/4400/4656
f 4653/4393/4653 4654/4395/4654 4658/4403/4658
f 4657/4402/4657 4658/4403/4658 4654/4395/4654
f 4658/4403/4658 4657/4402/4657 4659/4404/4659
f 4660/4405/4660 4652/4391/4652 4653/4393/4653
f 4653/4393/4653 4658/4403/4658 4660/4405/4660
f 4657/4402/4657 4656/4400/4656 4661/4406/4661
f 4661/4406/4661 4659/4404/4659 4657/4402/4657
f 4660/4405/4660 4662/4407/4662 4652/4391/4652
f 4590/4392/4590 4652/4391/4652 4662/4407/4662
f 4660/4405/4660 4658/4403/4658 4663/4408/4663
f 4658/4403/4658 4659/4404/4659 4663/4408/4663
f 4590/4392/4590 4662/4407/4662 4664/4409/4664
f 4590/4392/4590 4664/4409/4664 4587/4410/4587
f 4586/4411/4586 4587/4410/4587 4664/4409/4664
f 4662/4407/4662 4660/4405/4660 4665/4412/4665
f 4662/4407/4662 4665/4412/4665 4664/4409/4664
f 4586/4411/4586 4664/4409/4664 4665/4412/4665
f 4660/4405/4660 4663/4408/4663 4665/4412/4665
f 4586/4411/4586 4665/4412/4665 4663/4408/4663
f 4586/4411/4586 4663/4408/4663 4581/4413/4581
f 4581/4413/4581 4663/4408/4663 4659/4404/4659
f 4581/4413/4581 4659/4404/4659 4567/4414/4567
f 4659/4404/4659 4566/4415/4566 4567/4414/4567
f 4659/4404/4659 4666/4416/4666 4566/4415/4566
f 4564/4417/4564 4566/4415/4566 4666/4416/4666
f 4661/4406/4661 4666/4416/4666 4659/4404/4659
f 4564/4417/4564 4666/4416/4666 4667/4418/4667
f 4661/4406/4661 4667/4418/4667 4666/4416/4666
f 4561/4419/4561 4564/4417/4564 4667/4418/4667
f 4661/4406/4661 4668/4420/4668 4667/4418/4667
f 4668/4420/4668 4661/4406/4661 4656/4400/4656
f 4668/4420/4668 4656/4400/4656 4669/4421/4669
f 4606/4401/4606 4669/4421/4669 4656/4400/4656
f 4670/4422/4670 4667/4418/4667 4668/4420/4668
f 4670/4422/4670 4668/4420/4668 4669/4421/4669
f 4671/4423/4671 4669/4421/4669 4606/4401/4606
f 4670/4422/4670 4669/4421/4669 4671/4423/4671
f 4671/4423/4671 4606/4401/4606 4608/4424/4608
f 4672/4425/4672 4671/4423/4671 4608/4424/4608
f 4672/4425/4672 4670/4422/4670 4671/4423/4671
f 4672/4425/4672 4608/4424/4608 4609/4426/4609
f 4561/4419/4561 4667/4418/4667 4673/4427/4673
f 4670/4422/4670 4673/4427/4673 4667/4418/4667
f 4672/4425/4672 4674/4428/4674 4670/4422/4670
f 4674/4428/4674 4673/4427/4673 4670/4422/4670
f 4675/4429/4675 4672/4425/4672 4609/4426/4609
f 4674/4428/4674 4672/4425/4672 4675/4429/4675
f 4675/4429/4675 4609/4426/4609 4610/4430/4610
f 4676/4431/4676 4561/4419/4561 4673/4427/4673
f 4674/4428/4674 4676/4431/4676 4673/4427/4673
f 4676/4431/4676 4558/4432/4558 4561/4419/4561
f 4676/4431/4676 4555/4433/4555 4558/4432/4558
f 4676/4431/4676 4677/4434/4677 4555/4433/4555
f 4677/4434/4677 4676/4431/4676 4674/4428/4674
f 4677/4434/4677 4554/4435/4554 4555/4433/4555
f 4674/4428/4674 4675/4429/4675 4678/4436/4678
f 4677/4434/4677 4674/4428/4674 4678/4436/4678
f 4679/4437/4679 4675/4429/4675 4610/4430/4610
f 4678/4436/4678 4675/4429/4675 4679/4437/4679
f 4679/4437/4679 4610/4430/4610 4611/4438/4611
f 4612/4439/4612 4679/4437/4679 4611/4438/4611
f 4677/4434/4677 4678/4436/4678 4680/4440/4680
f 4678/4436/4678 4679/4437/4679 4680/4440/4680
f 4612/4439/4612 4681/4441/4681 4679/4437/4679
f 4680/4440/4680 4679/4437/4679 4681/4441/4681
f 4615/4442/4615 4681/4441/4681 4612/4439/4612
f 4615/4442/4615 4682/4443/4682 4681/4441/4681
f 4682/4443/4682 4615/4442/4615 4616/4444/4616
f 4677/4434/4677 4683/4445/4683 4554/4435/4554
f 4677/4434/4677 4680/4440/4680 4683/4445/4683
f 4680/4440/4680 4684/4446/4684 4683/4445/4683
f 4680/4440/4680 4685/4447/4685 4684/4446/4684
f 4680/4440/4680 4681/4441/4681 4685/4447/4685
f 4685/4447/4685 4681/4441/4681 4682/4443/4682
f 4686/4448/4686 4554/4435/4554 4683/4445/4683
f 4686/4448/4686 4683/4445/4683 4684/4446/4684
f 4686/4448/4686 4687/4449/4687 4554/4435/4554
f 4687/4449/4687 4552/4450/4552 4554/4435/4554
f 4687/4449/4687 4688/4451/4688 4552/4450/4552
f 4688/4451/4688 4433/4452/4433 4552/4450/4552
f 4688/4451/4688 4439/4453/4439 4433/4452/4433
f 4689/4454/4689 4439/4453/4439 4688/4451/4688
f 4689/4454/4689 4440/4455/4440 4439/4453/4439
f 4444/4456/4444 4440/4455/4440 4689/4454/4689
f 4444/4456/4444 4689/4454/4689 4465/4457/4465
f 4690/4458/4690 4688/4451/4688 4687/4449/4687
f 4690/4458/4690 4689/4454/4689 4688/4451/4688
f 4687/4449/4687 4686/4448/4686 4691/4459/4691
f 4687/4449/4687 4691/4459/4691 4690/4458/4690
f 4686/4448/4686 4692/4460/4692 4691/4459/4691
f 4686/4448/4686 4684/4446/4684 4693/4461/4693
f 4686/4448/4686 4693/4461/4693 4692/4460/4692
f 4465/4457/4465 4689/4454/4689 4694/4462/4694
f 4694/4462/4694 4689/4454/4689 4690/4458/4690
f 4690/4458/4690 4691/4459/4691 4695/4463/4695
f 4694/4462/4694 4690/4458/4690 4696/4464/4696
f 4690/4458/4690 4695/4463/4695 4696/4464/4696
f 4465/4457/4465 4694/4462/4694 4697/4465/4697
f 4697/4465/4697 4694/4462/4694 4696/4464/4696
f 4698/4466/4698 4465/4457/4465 4697/4465/4697
f 4697/4465/4697 4696/4464/4696 4698/4466/4698
f 4698/4466/4698 4696/4464/4696 4695/4463/4695
f 4467/4467/4467 4465/4457/4465 4698/4466/4698
f 4467/4467/4467 4698/4466/4698 4699/4468/4699
f 4698/4466/4698 4695/4463/4695 4699/4468/4699
f 4468/4469/4468 4467/4467/4467 4699/4468/4699
f 4468/4469/4468 4699/4468/4699 4700/4470/4700
f 4700/4470/4700 4699/4468/4699 4695/4463/4695
f 4470/4471/4470 4468/4469/4468 4700/4470/4700
f 4691/4459/4691 4701/4472/4701 4695/4463/4695
f 4700/4470/4700 4695/4463/4695 4701/4472/4701
f 4691/4459/4691 4692/4460/4692 4701/4472/4701
f 4470/4471/4470 4700/4470/4700 4702/4473/4702
f 4702/4473/4702 4700/4470/4700 4701/4472/4701
f 4702/4473/4702 4703/4474/4703 4470/4471/4470
f 4702/4473/4702 4701/4472/4701 4704/4475/4704
f 4702/4473/4702 4705/4476/4705 4703/4474/4703
f 4705/4476/4705 4702/4473/4702 4704/4475/4704
f 4703/4474/4703 4705/4476/4705 4706/4477/4706
f 4703/4474/4703 4706/4477/4706 4707/4478/4707
f 4708/4479/4708 4707/4478/4707 4706/4477/4706
f 4701/4472/4701 4692/4460/4692 4709/4480/4709
f 4701/4472/4701 4709/4480/4709 4704/4475/4704
f 4692/4460/4692 4710/4481/4710 4709/4480/4709
f 4705/4476/4705 4704/4475/4704 4711/4482/4711
f 4706/4477/4706 4705/4476/4705 4711/4482/4711
f 4708/4479/4708 4706/4477/4706 4712/4483/4712
f 4713/4484/4713 4708/4479/4708 4712/4483/4712
f 4704/4475/4704 4709/4480/4709 4714/4485/4714
f 4704/4475/4704 4714/4485/4714 4711/4482/4711
f 4706/4477/4706 4711/4482/4711 4715/4486/4715
f 4712/4483/4712 4706/4477/4706 4715/4486/4715
f 4713/4484/4713 4712/4483/4712 4716/4487/4716
f 4717/4488/4717 4713/4484/4713 4716/4487/4716
f 4711/4482/4711 4718/4489/4718 4715/4486/4715
f 4711/4482/4711 4714/4485/4714 4718/4489/4718
f 4712/4483/4712 4715/4486/4715 4719/4490/4719
f 4716/4487/4716 4712/4483/4712 4719/4490/4719
f 4719/4490/4719 4715/4486/4715 4718/4489/4718
f 4709/4480/4709 4720/4491/4720 4714/4485/4714
f 4709/4480/4709 4710/4481/4710 4720/4491/4720
f 4714/4485/4714 4721/4492/4721 4718/4489/4718
f 4714/4485/4714 4720/4491/4720 4721/4492/4721
f 4719/4490/4719 4718/4489/4718 4722/4493/4722
f 4722/4493/4722 4718/4489/4718 4721/4492/4721
f 4717/4488/4717 4716/4487/4716 4723/4494/4723
f 4723/4494/4723 4724/4495/4724 4717/4488/4717
f 4716/4487/4716 4719/4490/4719 4725/4496/4725
f 4725/4496/4725 4719/4490/4719 4722/4493/4722
f 4723/4494/4723 4726/4497/4726 4724/4495/4724
f 4726/4497/4726 4727/4498/4727 4724/4495/4724
f 4716/4487/4716 4728/4499/4728 4723/4494/4723
f 4716/4487/4716 4725/4496/4725 4728/4499/4728
f 4728/4499/4728 4726/4497/4726 4723/4494/4723
f 4725/4496/4725 4722/4493/4722 4729/4500/4729
f 4728/4499/4728 4725/4496/4725 4729/4500/4729
f 4722/4493/4722 4721/4492/4721 4730/4501/4730
f 4729/4500/4729 4722/4493/4722 4730/4501/4730
f 4720/4491/4720 4731/4502/4731 4721/4492/4721
f 4730/4501/4730 4721/4492/4721 4731/4502/4731
f 4720/4491/4720 4732/4503/4732 4731/4502/4731
f 4710/4481/4710 4732/4503/4732 4720/4491/4720
f 4710/4481/4710 4733/4504/4733 4732/4503/4732
f 4730/4501/4730 4731/4502/4731 4734/4505/4734
f 4735/4506/4735 4733/4504/4733 4710/4481/4710
f 4736/4507/4736 4730/4501/4730 4734/4505/4734
f 4729/4500/4729 4730/4501/4730 4736/4507/4736
f 4736/4507/4736 4734/4505/4734 4737/4508/4737
f 4728/4499/4728 4729/4500/4729 4738/4509/4738
f 4738/4509/4738 4729/4500/4729 4736/4507/4736
f 4739/4510/4739 4736/4507/4736 4737/4508/4737
f 4738/4509/4738 4736/4507/4736 4739/4510/4739
f 4739/4510/4739 4737/4508/4737 4740/4511/4740
f 4735/4506/4735 4710/4481/4710 4741/4512/4741
f 4742/4513/4742 4735/4506/4735 4741/4512/4741
f 4738/4509/4738 4743/4514/4743 4728/4499/4728
f 4728/4499/4728 4743/4514/4743 4726/4497/4726
f 4740/4511/4740 4744/4515/4744 4739/4510/4739
f 4740/4511/4740 4745/4516/4745 4744/4515/4744
f 4739/4510/4739 4746/4517/4746 4738/4509/4738
f 4739/4510/4739 4744/4515/4744 4746/4517/4746
f 4738/4509/4738 4746/4517/4746 4743/4514/4743
f 4745/4516/4745 4747/4518/4747 4744/4515/4744
f 4746/4517/4746 4744/4515/4744 4747/4518/4747
f 4745/4516/4745 4748/4519/4748 4747/4518/4747
f 4747/4518/4747 4748/4519/4748 4749/4520/4749
f 4743/4514/4743 4746/4517/4746 4750/4521/4750
f 4746/4517/4746 4747/4518/4747 4750/4521/4750
f 4726/4497/4726 4743/4514/4743 4751/4522/4751
f 4743/4514/4743 4750/4521/4750 4751/4522/4751
f 4747/4518/4747 4749/4520/4749 4752/4523/4752
f 4750/4521/4750 4747/4518/4747 4752/4523/4752
f 4726/4497/4726 4751/4522/4751 4753/4524/4753
f 4726/4497/4726 4753/4524/4753 4727/4498/4727
f 4754/4525/4754 4727/4498/4727 4753/4524/4753
f 4754/4525/4754 4753/4524/4753 4755/4526/4755
f 4755/4526/4755 4753/4524/4753 4751/4522/4751
f 4756/4527/4756 4754/4525/4754 4755/4526/4755
f 4751/4522/4751 4750/4521/4750 4757/4528/4757
f 4750/4521/4750 4752/4523/4752 4757/4528/4757
f 4758/4529/4758 4752/4523/4752 4749/4520/4749
f 4758/4529/4758 4749/4520/4749 4759/4530/4759
f 4755/4526/4755 4751/4522/4751 4760/4531/4760
f 4751/4522/4751 4757/4528/4757 4760/4531/4760
f 4756/4527/4756 4755/4526/4755 4761/4532/4761
f 4761/4532/4761 4755/4526/4755 4760/4531/4760
f 4762/4533/4762 4752/4523/4752 4758/4529/4758
f 4762/4533/4762 4757/4528/4757 4752/4523/4752
f 4759/4530/4759 4763/4534/4763 4758/4529/4758
f 4763/4534/4763 4762/4533/4762 4758/4529/4758
f 4759/4530/4759 4764/4535/4764 4763/4534/4763
f 4765/4536/4765 4760/4531/4760 4757/4528/4757
f 4761/4532/4761 4760/4531/4760 4765/4536/4765
f 4765/4536/4765 4757/4528/4757 4762/4533/4762
f 4756/4527/4756 4761/4532/4761 4766/4537/4766
f 4765/4536/4765 4766/4537/4766 4761/4532/4761
f 4762/4533/4762 4766/4537/4766 4765/4536/4765
f 4762/4533/4762 4763/4534/4763 4766/4537/4766
f 4766/4537/4766 4763/4534/4763 4764/4535/4764
f 4756/4527/4756 4766/4537/4766 4767/4538/4767
f 4766/4537/4766 4764/4535/4764 4767/4538/4767
f 4768/4539/4768 4770/4540/4769 4769/4541/4770
f 4768/4539/4768 4771/4542/4771 4770/4540/4769
f 4772/4543/4772 4771/4542/4771 4768/4539/4768
f 4773/4544/4773 4770/4540/4769 4771/4542/4771
f 4772/4543/4772 4774/4545/4774 4771/4542/4771
f 4773/4544/4773 4771/4542/4771 4775/4546/4775
f 4775/4546/4775 4771/4542/4771 4774/4545/4774
f 4772/4543/4772 4776/4547/4776 4774/4545/4774
f 4772/4543/4772 4777/4548/4777 4776/4547/4776
f 4773/4544/4773 4775/4546/4775 4778/4549/4778
f 4773/4544/4773 4778/4549/4778 4779/4550/4779
f 4775/4546/4775 4774/4545/4774 4780/4551/4780
f 4780/4551/4780 4774/4545/4774 4776/4547/4776
f 4777/4548/4777 4781/4552/4781 4776/4547/4776
f 4777/4548/4777 4782/4553/4782 4781/4552/4781
f 4779/4550/4779 4778/4549/4778 4783/4554/4783
f 4779/4550/4779 4783/4554/4783 4784/4555/4784
f 4785/4556/4785 4784/4555/4784 4783/4554/4783
f 4775/4546/4775 4786/4557/4786 4778/4549/4778
f 4775/4546/4775 4780/4551/4780 4786/4557/4786
f 4785/4556/4785 4783/4554/4783 4787/4558/4787
f 4788/4559/4788 4785/4556/4785 4787/4558/4787
f 4778/4549/4778 4789/4560/4789 4783/4554/4783
f 4778/4549/4778 4786/4557/4786 4789/4560/4789
f 4787/4558/4787 4783/4554/4783 4789/4560/4789
f 4788/4559/4788 4787/4558/4787 4790/4561/4790
f 4791/4562/4791 4788/4559/4788 4790/4561/4790
f 4787/4558/4787 4789/4560/4789 4792/4563/4792
f 4790/4561/4790 4787/4558/4787 4792/4563/4792
f 4786/4557/4786 4793/4564/4793 4789/4560/4789
f 4792/4563/4792 4789/4560/4789 4793/4564/4793
f 4780/4551/4780 4794/4565/4794 4786/4557/4786
f 4786/4557/4786 4794/4565/4794 4793/4564/4793
f 4791/4562/4791 4790/4561/4790 4795/4566/4795
f 4796/4567/4796 4791/4562/4791 4795/4566/4795
f 4790/4561/4790 4792/4563/4792 4797/4568/4797
f 4795/4566/4795 4790/4561/4790 4797/4568/4797
f 4792/4563/4792 4793/4564/4793 4798/4569/4798
f 4797/4568/4797 4792/4563/4792 4798/4569/4798
f 4780/4551/4780 4799/4570/4799 4794/4565/4794
f 4780/4551/4780 4776/4547/4776 4799/4570/4799
f 4794/4565/4794 4800/4571/4800 4793/4564/4793
f 4798/4569/4798 4793/4564/4793 4800/4571/4800
f 4776/4547/4776 4801/4572/4801 4799/4570/4799
f 4776/4547/4776 4781/4552/4781 4801/4572/4801
f 4799/4570/4799 4802/4573/4802 4794/4565/4794
f 4794/4565/4794 4802/4573/4802 4800/4571/4800
f 4799/4570/4799 4801/4572/4801 4802/4573/4802
f 4796/4567/4796 4795/4566/4795 4803/4574/4803
f 4795/4566/4795 4797/4568/4797 4804/4575/4804
f 4803/4574/4803 4795/4566/4795 4804/4575/4804
f 4797/4568/4797 4798/4569/4798 4805/4576/4805
f 4804/4575/4804 4797/4568/4797 4805/4576/4805
f 4798/4569/4798 4800/4571/4800 4806/4577/4806
f 4805/4576/4805 4798/4569/4798 4806/4577/4806
f 4802/4573/4802 4807/4578/4807 4800/4571/4800
f 4806/4577/4806 4800/4571/4800 4807/4578/4807
f 4801/4572/4801 4808/4579/4808 4802/4573/4802
f 4802/4573/4802 4808/4579/4808 4807/4578/4807
f 4781/4552/4781 4809/4580/4809 4801/4572/4801
f 4801/4572/4801 4809/4580/4809 4808/4579/4808
f 4796/4567/4796 4803/4574/4803 4810/4581/4810
f 4796/4567/4796 4810/4581/4810 4811/4582/4811
f 4812/4583/4812 4811/4582/4811 4810/4581/4810
f 4812/4583/4812 4810/4581/4810 4813/4584/4813
f 4813/4584/4813 4814/4585/4814 4812/4583/4812
f 4815/4586/4815 4810/4581/4810 4803/4574/4803
f 4813/4584/4813 4810/4581/4810 4815/4586/4815
f 4813/4584/4813 4816/4587/4816 4814/4585/4814
f 4817/4588/4817 4814/4585/4814 4816/4587/4816
f 4781/4552/4781 4818/4589/4818 4809/4580/4809
f 4782/4553/4782 4818/4589/4818 4781/4552/4781
f 4782/4553/4782 4819/4590/4819 4818/4589/4818
f 4819/4590/4819 4820/4591/4820 4818/4589/4818
f 4819/4590/4819 4821/4592/4821 4820/4591/4820
f 4769/4593/4770 4820/4591/4820 4821/4592/4821
f 4769/4593/4770 4770/4594/4769 4820/4591/4820
f 4818/4589/4818 4820/4591/4820 4822/4595/4822
f 4822/4595/4822 4820/4591/4820 4770/4594/4769
f 4818/4589/4818 4822/4595/4822 4809/4580/4809
f 4822/4595/4822 4770/4594/4769 4773/4596/4773
f 4822/4595/4822 4773/4596/4773 4779/4597/4779
f 4809/4580/4809 4822/4595/4822 4823/4598/4823
f 4822/4595/4822 4779/4597/4779 4823/4598/4823
f 4809/4580/4809 4823/4598/4823 4808/4579/4808
f 4823/4598/4823 4779/4597/4779 4784/4599/4784
f 4808/4579/4808 4823/4598/4823 4824/4600/4824
f 4823/4598/4823 4784/4599/4784 4824/4600/4824
f 4808/4579/4808 4824/4600/4824 4807/4578/4807
f 4825/4601/4825 4824/4600/4824 4784/4599/4784
f 4825/4601/4825 4784/4599/4784 4785/4602/4785
f 4826/4603/4826 4807/4578/4807 4824/4600/4824
f 4826/4603/4826 4824/4600/4824 4825/4601/4825
f 4806/4577/4806 4807/4578/4807 4826/4603/4826
f 4827/4604/4827 4825/4601/4825 4785/4602/4785
f 4827/4604/4827 4785/4602/4785 4788/4605/4788
f 4828/4606/4828 4806/4577/4806 4826/4603/4826
f 4805/4576/4805 4806/4577/4806 4828/4606/4828
f 4829/4607/4829 4826/4603/4826 4825/4601/4825
f 4829/4607/4829 4825/4601/4825 4827/4604/4827
f 4828/4606/4828 4826/4603/4826 4829/4607/4829
f 4830/4608/4830 4827/4604/4827 4788/4605/4788
f 4830/4608/4830 4788/4605/4788 4791/4609/4791
f 4831/4610/4831 4830/4608/4830 4791/4609/4791
f 4831/4610/4831 4791/4609/4791 4796/4611/4796
f 4831/4610/4831 4796/4611/4796 4811/4612/4811
f 4832/4613/4832 4805/4576/4805 4828/4606/4828
f 4804/4575/4804 4805/4576/4805 4832/4613/4832
f 4833/4614/4833 4829/4607/4829 4827/4604/4827
f 4833/4614/4833 4827/4604/4827 4830/4608/4830
f 4834/4615/4834 4828/4606/4828 4829/4607/4829
f 4832/4613/4832 4828/4606/4828 4834/4615/4834
f 4834/4615/4834 4829/4607/4829 4833/4614/4833
f 4835/4616/4835 4804/4575/4804 4832/4613/4832
f 4803/4574/4803 4804/4575/4804 4835/4616/4835
f 4815/4586/4815 4803/4574/4803 4835/4616/4835
f 4836/4617/4836 4833/4614/4833 4830/4608/4830
f 4836/4617/4836 4830/4608/4830 4831/4610/4831
f 4831/4610/4831 4837/4618/4837 4836/4617/4836
f 4838/4619/4838 4832/4613/4832 4834/4615/4834
f 4835/4616/4835 4832/4613/4832 4838/4619/4838
f 4839/4620/4839 4834/4615/4834 4833/4614/4833
f 4839/4620/4839 4833/4614/4833 4836/4617/4836
f 4838/4619/4838 4834/4615/4834 4839/4620/4839
f 4835/4616/4835 4840/4621/4840 4815/4586/4815
f 4835/4616/4835 4838/4619/4838 4840/4621/4840
f 4839/4620/4839 4836/4617/4836 4841/4622/4841
f 4841/4622/4841 4836/4617/4836 4837/4618/4837
f 4838/4619/4838 4839/4620/4839 4842/4623/4842
f 4838/4619/4838 4842/4623/4842 4840/4621/4840
f 4839/4620/4839 4841/4622/4841 4842/4623/4842
f 4843/4624/4843 4815/4586/4815 4840/4621/4840
f 4813/4584/4813 4815/4586/4815 4843/4624/4843
f 4843/4624/4843 4816/4587/4816 4813/4584/4813
f 4844/4625/4844 4840/4621/4840 4842/4623/4842
f 4843/4624/4843 4840/4621/4840 4844/4625/4844
f 4841/4622/4841 4845/4626/4845 4842/4623/4842
f 4844/4625/4844 4842/4623/4842 4845/4626/4845
f 4843/4624/4843 4846/4627/4846 4816/4587/4816
f 4844/4625/4844 4846/4627/4846 4843/4624/4843
f 4841/4622/4841 4837/4618/4837 4847/4628/4847
f 4841/4622/4841 4847/4628/4847 4845/4626/4845
f 4845/4626/4845 4848/4629/4848 4844/4625/4844
f 4844/4625/4844 4848/4629/4848 4846/4627/4846
f 4849/4630/4849 4816/4587/4816 4846/4627/4846
f 4817/4588/4817 4816/4587/4816 4849/4630/4849
f 4850/4631/4850 4817/4588/4817 4849/4630/4849
f 4847/4628/4847 4851/4632/4851 4845/4626/4845
f 4845/4626/4845 4851/4632/4851 4848/4629/4848
f 4852/4633/4852 4846/4627/4846 4848/4629/4848
f 4849/4630/4849 4846/4627/4846 4852/4633/4852
f 4850/4631/4850 4849/4630/4849 4853/4634/4853
f 4853/4634/4853 4849/4630/4849 4852/4633/4852
f 4854/4635/4854 4850/4631/4850 4853/4634/4853
f 4852/4633/4852 4848/4629/4848 4855/4636/4855
f 4855/4636/4855 4848/4629/4848 4851/4632/4851
f 4847/4628/4847 4856/4637/4856 4851/4632/4851
f 4837/4618/4837 4856/4637/4856 4847/4628/4847
f 4854/4635/4854 4853/4634/4853 4857/4638/4857
f 4858/4639/4858 4854/4635/4854 4857/4638/4857
f 4853/4634/4853 4852/4633/4852 4859/4640/4859
f 4859/4640/4859 4852/4633/4852 4855/4636/4855
f 4857/4638/4857 4853/4634/4853 4859/4640/4859
f 4855/4636/4855 4851/4632/4851 4860/4641/4860
f 4860/4641/4860 4851/4632/4851 4856/4637/4856
f 4858/4639/4858 4857/4638/4857 4861/4642/4861
f 4862/4643/4862 4858/4639/4858 4861/4642/4861
f 4862/4643/4862 4861/4642/4861 4863/4644/4863
f 4859/4640/4859 4855/4636/4855 4864/4645/4864
f 4864/4645/4864 4855/4636/4855 4860/4641/4860
f 4857/4638/4857 4859/4640/4859 4865/4646/4865
f 4861/4642/4861 4857/4638/4857 4865/4646/4865
f 4865/4646/4865 4859/4640/4859 4864/4645/4864
f 4863/4644/4863 4861/4642/4861 4866/4647/4866
f 4861/4642/4861 4865/4646/4865 4866/4647/4866
f 4863/4644/4863 4866/4647/4866 4867/4648/4867
f 4865/4646/4865 4864/4645/4864 4868/4649/4868
f 4866/4647/4866 4865/4646/4865 4868/4649/4868
f 4867/4648/4867 4866/4647/4866 4869/4650/4869
f 4866/4647/4866 4868/4649/4868 4869/4650/4869
f 4867/4648/4867 4869/4650/4869 4870/4651/4870
f 4864/4645/4864 4860/4641/4860 4871/4652/4871
f 4868/4649/4868 4864/4645/4864 4871/4652/4871
f 4870/4651/4870 4869/4650/4869 4872/4653/4872
f 4870/4651/4870 4872/4653/4872 4873/4654/4873
f 4869/4650/4869 4868/4649/4868 4874/4655/4874
f 4868/4649/4868 4871/4652/4871 4874/4655/4874
f 4869/4650/4869 4874/4655/4874 4872/4653/4872
f 4871/4652/4871 4860/4641/4860 4875/4656/4875
f 4860/4641/4860 4856/4637/4856 4875/4656/4875
f 4873/4654/4873 4872/4653/4872 4876/4657/4876
f 4873/4654/4873 4876/4657/4876 4877/4658/4877
f 4874/4655/4874 4871/4652/4871 4878/4659/4878
f 4871/4652/4871 4875/4656/4875 4878/4659/4878
f 4872/4653/4872 4874/4655/4874 4879/4660/4879
f 4872/4653/4872 4879/4660/4879 4876/4657/4876
f 4874/4655/4874 4878/4659/4878 4879/4660/4879
f 4877/4658/4877 4876/4657/4876 4880/4661/4880
f 4877/4658/4877 4880/4661/4880 4881/4662/4881
f 4876/4657/4876 4879/4660/4879 4882/4663/4882
f 4876/4657/4876 4882/4663/4882 4880/4661/4880
f 4881/4662/4881 4880/4661/4880 4858/4664/4858
f 4881/4662/4881 4858/4664/4858 4862/4665/4862
f 4880/4661/4880 4854/4666/4854 4858/4664/4858
f 4880/4661/4880 4882/4663/4882 4854/4666/4854
f 4882/4663/4882 4850/4667/4850 4854/4666/4854
f 4879/4660/4879 4883/4668/4883 4882/4663/4882
f 4882/4663/4882 4883/4668/4883 4850/4667/4850
f 4879/4660/4879 4878/4659/4878 4883/4668/4883
f 4883/4668/4883 4817/4669/4817 4850/4667/4850
f 4878/4659/4878 4884/4670/4884 4883/4668/4883
f 4883/4668/4883 4884/4670/4884 4817/4669/4817
f 4878/4659/4878 4875/4656/4875 4884/4670/4884
f 4884/4670/4884 4814/4671/4814 4817/4669/4817
f 4875/4656/4875 4885/4672/4885 4884/4670/4884
f 4884/4670/4884 4885/4672/4885 4814/4671/4814
f 4875/4656/4875 4856/4637/4856 4885/4672/4885
f 4814/4671/4814 4885/4672/4885 4886/4673/4886
f 4814/4671/4814 4886/4673/4886 4812/4674/4812
f 4887/4675/4887 4885/4672/4885 4856/4637/4856
f 4837/4618/4837 4887/4675/4887 4856/4637/4856
f 4887/4675/4887 4888/4676/4888 4885/4672/4885
f 4888/4676/4888 4887/4675/4887 4837/4618/4837
f 4888/4676/4888 4886/4673/4886 4885/4672/4885
f 4888/4676/4888 4837/4618/4837 4889/4677/4889
f 4888/4676/4888 4889/4677/4889 4886/4673/4886
f 4831/4610/4831 4889/4677/4889 4837/4618/4837
f 4812/4674/4812 4886/4673/4886 4890/4678/4890
f 4889/4677/4889 4890/4678/4890 4886/4673/4886
f 4889/4677/4889 4831/4610/4831 4890/4678/4890
f 4812/4674/4812 4890/4678/4890 4811/4612/4811
f 4831/4610/4831 4811/4612/4811 4890/4678/4890
f 4891/4679/4891 3257/2837/3257 3253/2833/3253
f 4891/4679/4891 3253/2833/3253 4892/4680/4892
f 4893/4681/4893 4891/4679/4891 4892/4680/4892
f 4892/4680/4892 3253/2833/3253 3250/2830/3250
f 4893/4681/4893 4892/4680/4892 4894/4682/4894
f 4895/4683/4895 4893/4681/4893 4894/4682/4894
f 4892/4680/4892 3250/2830/3250 4896/4684/4896
f 4896/4684/4896 4894/4682/4894 4892/4680/4892
f 4895/4683/4895 4894/4682/4894 4897/4685/4897
f 4897/4685/4897 4898/4686/4898 4895/4683/4895
f 3250/2830/3250 4899/4687/4899 4896/4684/4896
f 3250/2830/3250 3241/2821/3241 4899/4687/4899
f 4896/4684/4896 4900/4688/4900 4894/4682/4894
f 4900/4688/4900 4897/4685/4897 4894/4682/4894
f 4897/4685/4897 4901/4689/4901 4898/4686/4898
f 4901/4689/4901 4902/4690/4902 4898/4686/4898
f 4903/4691/4903 4899/4687/4899 3241/2821/3241
f 4903/4691/4903 3241/2821/3241 3238/2818/3238
f 4896/4684/4896 4904/4692/4904 4900/4688/4900
f 4896/4684/4896 4899/4687/4899 4904/4692/4904
f 4900/4688/4900 4905/4693/4905 4897/4685/4897
f 4901/4689/4901 4897/4685/4897 4905/4693/4905
f 4901/4689/4901 4906/4694/4906 4902/4690/4902
f 4906/4694/4906 4907/4695/4907 4902/4690/4902
f 4900/4688/4900 4904/4692/4904 4908/4696/4908
f 4900/4688/4900 4908/4696/4908 4905/4693/4905
f 4901/4689/4901 4905/4693/4905 4909/4697/4909
f 4906/4694/4906 4901/4689/4901 4909/4697/4909
f 4906/4694/4906 4910/4698/4910 4907/4695/4907
f 4910/4698/4910 4911/4699/4911 4907/4695/4907
f 4905/4693/4905 4908/4696/4908 4912/4700/4912
f 4905/4693/4905 4912/4700/4912 4909/4697/4909
f 4910/4698/4910 4913/4701/4913 4911/4699/4911
f 4224/4702/4224 4911/4699/4911 4913/4701/4913
f 4224/4702/4224 4913/4701/4913 4225/4703/4225
f 4225/4703/4225 4913/4701/4913 4914/4704/4914
f 4910/4698/4910 4914/4704/4914 4913/4701/4913
f 4225/4703/4225 4914/4704/4914 4227/4705/4227
f 4914/4704/4914 4228/4706/4228 4227/4705/4227
f 4906/4694/4906 4915/4707/4915 4910/4698/4910
f 4910/4698/4910 4915/4707/4915 4914/4704/4914
f 4906/4694/4906 4909/4697/4909 4916/4708/4916
f 4906/4694/4906 4916/4708/4916 4915/4707/4915
f 4914/4704/4914 4917/4709/4917 4228/4706/4228
f 4917/4709/4917 4914/4704/4914 4915/4707/4915
f 4228/4706/4228 4917/4709/4917 4918/4710/4918
f 4228/4706/4228 4918/4710/4918 4233/4711/4233
f 4918/4710/4918 4234/4712/4234 4233/4711/4233
f 4909/4697/4909 4919/4713/4919 4916/4708/4916
f 4909/4697/4909 4912/4700/4912 4919/4713/4919
f 4916/4708/4916 4920/4714/4920 4915/4707/4915
f 4917/4709/4917 4915/4707/4915 4920/4714/4920
f 4916/4708/4916 4919/4713/4919 4920/4714/4920
f 4918/4710/4918 4917/4709/4917 4921/4715/4921
f 4921/4715/4921 4917/4709/4917 4920/4714/4920
f 4922/4716/4922 4919/4713/4919 4912/4700/4912
f 4923/4717/4923 4920/4714/4920 4919/4713/4919
f 4922/4716/4922 4923/4717/4923 4919/4713/4919
f 4921/4715/4921 4920/4714/4920 4924/4718/4924
f 4923/4717/4923 4924/4718/4924 4920/4714/4920
f 4925/4719/4925 4922/4716/4922 4912/4700/4912
f 4925/4719/4925 4912/4700/4912 4908/4696/4908
f 4926/4720/4926 4925/4719/4925 4908/4696/4908
f 4926/4720/4926 4908/4696/4908 4904/4692/4904
f 4927/4721/4927 4926/4720/4926 4904/4692/4904
f 4927/4721/4927 4904/4692/4904 4899/4687/4899
f 4928/4722/4928 4927/4721/4927 4899/4687/4899
f 4928/4722/4928 4899/4687/4899 4903/4691/4903
f 4923/4717/4923 4929/4723/4929 4924/4718/4924
f 4922/4716/4922 4930/4724/4930 4923/4717/4923
f 4923/4717/4923 4930/4724/4930 4929/4723/4929
f 4925/4719/4925 4931/4725/4931 4922/4716/4922
f 4922/4716/4922 4931/4725/4931 4930/4724/4930
f 4926/4720/4926 4932/4726/4932 4925/4719/4925
f 4925/4719/4925 4932/4726/4932 4931/4725/4931
f 4927/4721/4927 4933/4727/4933 4926/4720/4926
f 4926/4720/4926 4933/4727/4933 4932/4726/4932
f 4931/4725/4931 4934/4728/4934 4930/4724/4930
f 4934/4728/4934 4929/4723/4929 4930/4724/4930
f 4935/4729/4935 4924/4718/4924 4929/4723/4929
f 4935/4729/4935 4921/4715/4921 4924/4718/4924
f 4927/4721/4927 4936/4730/4936 4933/4727/4933
f 4928/4722/4928 4936/4730/4936 4927/4721/4927
f 4932/4726/4932 4937/4731/4937 4931/4725/4931
f 4931/4725/4931 4937/4731/4937 4934/4728/4934
f 4934/4728/4934 4938/4732/4938 4929/4723/4929
f 4938/4732/4938 4935/4729/4935 4929/4723/4929
f 4937/4731/4937 4939/4733/4939 4934/4728/4934
f 4939/4733/4939 4938/4732/4938 4934/4728/4934
f 4940/4734/4940 4921/4715/4921 4935/4729/4935
f 4938/4732/4938 4941/4735/4941 4935/4729/4935
f 4941/4735/4941 4940/4734/4940 4935/4729/4935
f 4939/4733/4939 4942/4736/4942 4938/4732/4938
f 4942/4736/4942 4941/4735/4941 4938/4732/4938
f 4940/4734/4940 4943/4737/4943 4921/4715/4921
f 4918/4710/4918 4921/4715/4921 4943/4737/4943
f 4944/4738/4944 4918/4710/4918 4943/4737/4943
f 4944/4738/4944 4943/4737/4943 4940/4734/4940
f 4944/4738/4944 4945/4739/4945 4918/4710/4918
f 4918/4710/4918 4945/4739/4945 4234/4712/4234
f 4946/4740/4946 4234/4712/4234 4945/4739/4945
f 4946/4740/4946 4263/4741/4263 4234/4712/4234
f 4944/4738/4944 4947/4742/4947 4945/4739/4945
f 4946/4740/4946 4945/4739/4945 4947/4742/4947
f 4948/4743/4948 4263/4741/4263 4946/4740/4946
f 4948/4743/4948 4266/4744/4266 4263/4741/4263
f 4267/4745/4267 4266/4744/4266 4948/4743/4948
f 4267/4745/4267 4948/4743/4948 4949/4746/4949
f 4269/4747/4269 4267/4745/4267 4949/4746/4949
f 4269/4747/4269 4949/4746/4949 4950/4748/4950
f 4271/4749/4271 4269/4747/4269 4950/4748/4950
f 4271/4749/4271 4950/4748/4950 4951/4750/4951
f 4273/4751/4273 4271/4749/4271 4951/4750/4951
f 4273/4751/4273 4951/4750/4951 4952/4752/4952
f 4275/4753/4275 4273/4751/4273 4952/4752/4952
f 4275/4753/4275 4952/4752/4952 4953/4754/4953
f 4953/4754/4953 4952/4752/4952 4954/4755/4954
f 4953/4754/4953 4954/4755/4954 4955/4756/4955
f 4951/4750/4951 4956/4757/4956 4952/4752/4952
f 4954/4755/4954 4952/4752/4952 4956/4757/4956
f 4957/4758/4957 4951/4750/4951 4950/4748/4950
f 4951/4750/4951 4957/4758/4957 4956/4757/4956
f 4958/4759/4958 4950/4748/4950 4949/4746/4949
f 4957/4758/4957 4950/4748/4950 4958/4759/4958
f 4959/4760/4959 4957/4758/4957 4958/4759/4958
f 4958/4759/4958 4949/4746/4949 4960/4761/4960
f 4960/4761/4960 4959/4760/4959 4958/4759/4958
f 4960/4761/4960 4949/4746/4949 4948/4743/4948
f 4961/4762/4961 4956/4757/4956 4957/4758/4957
f 4954/4755/4954 4956/4757/4956 4961/4762/4961
f 4961/4762/4961 4957/4758/4957 4962/4763/4962
f 4954/4755/4954 4961/4762/4961 4962/4763/4962
f 4959/4760/4959 4962/4763/4962 4957/4758/4957
f 4963/4764/4963 4955/4756/4955 4954/4755/4954
f 4954/4755/4954 4962/4763/4962 4963/4764/4963
f 4963/4764/4963 4962/4763/4962 4959/4760/4959
f 4963/4764/4963 4964/4765/4964 4955/4756/4955
f 4960/4761/4960 4948/4743/4948 4965/4766/4965
f 4946/4740/4946 4965/4766/4965 4948/4743/4948
f 4964/4765/4964 4963/4764/4963 4966/4767/4966
f 4963/4764/4963 4959/4760/4959 4966/4767/4966
f 4960/4761/4960 4967/4768/4967 4959/4760/4959
f 4967/4768/4967 4960/4761/4960 4965/4766/4965
f 4946/4740/4946 4968/4769/4968 4965/4766/4965
f 4946/4740/4946 4947/4742/4947 4968/4769/4968
f 4964/4765/4964 4966/4767/4966 4969/4770/4969
f 4969/4770/4969 4970/4771/4970 4964/4765/4964
f 4959/4760/4959 4971/4772/4971 4966/4767/4966
f 4959/4760/4959 4967/4768/4967 4971/4772/4971
f 4967/4768/4967 4965/4766/4965 4972/4773/4972
f 4968/4769/4968 4972/4773/4972 4965/4766/4965
f 4973/4774/4973 4966/4767/4966 4971/4772/4971
f 4973/4774/4973 4969/4770/4969 4966/4767/4966
f 4967/4768/4967 4974/4775/4974 4971/4772/4971
f 4967/4768/4967 4972/4773/4972 4974/4775/4974
f 4973/4774/4973 4971/4772/4971 4974/4775/4974
f 4968/4769/4968 4975/4776/4975 4972/4773/4972
f 4975/4776/4975 4974/4775/4974 4972/4773/4972
f 4968/4769/4968 4947/4742/4947 4976/4777/4976
f 4968/4769/4968 4976/4777/4976 4975/4776/4975
f 4975/4776/4975 4977/4778/4977 4974/4775/4974
f 4973/4774/4973 4974/4775/4974 4977/4778/4977
f 4975/4776/4975 4978/4779/4978 4977/4778/4977
f 4973/4774/4973 4977/4778/4977 4978/4779/4978
f 4975/4776/4975 4976/4777/4976 4978/4779/4978
f 4979/4780/4979 4976/4777/4976 4947/4742/4947
f 4944/4738/4944 4979/4780/4979 4947/4742/4947
f 4980/4781/4980 4969/4770/4969 4973/4774/4973
f 4973/4774/4973 4978/4779/4978 4980/4781/4980
f 4981/4782/4981 4978/4779/4978 4976/4777/4976
f 4979/4780/4979 4981/4782/4981 4976/4777/4976
f 4982/4783/4982 4979/4780/4979 4944/4738/4944
f 4944/4738/4944 4940/4734/4940 4982/4783/4982
f 4983/4784/4983 4980/4781/4980 4978/4779/4978
f 4981/4782/4981 4983/4784/4983 4978/4779/4978
f 4984/4785/4984 4981/4782/4981 4979/4780/4979
f 4982/4783/4982 4984/4785/4984 4979/4780/4979
f 4985/4786/4985 4982/4783/4982 4940/4734/4940
f 4941/4735/4941 4985/4786/4985 4940/4734/4940
f 4986/4787/4986 4983/4784/4983 4981/4782/4981
f 4984/4785/4984 4986/4787/4986 4981/4782/4981
f 4985/4786/4985 4987/4788/4987 4982/4783/4982
f 4987/4788/4987 4984/4785/4984 4982/4783/4982
f 4988/4789/4988 4985/4786/4985 4941/4735/4941
f 4942/4736/4942 4988/4789/4988 4941/4735/4941
f 4989/4790/4989 4987/4788/4987 4985/4786/4985
f 4988/4789/4988 4989/4790/4989 4985/4786/4985
f 4988/4789/4988 4942/4736/4942 4990/4791/4990
f 4990/4791/4990 4942/4736/4942 4939/4733/4939
f 4989/4790/4989 4988/4789/4988 4991/4792/4991
f 4988/4789/4988 4990/4791/4990 4991/4792/4991
f 4987/4788/4987 4992/4793/4992 4984/4785/4984
f 4989/4790/4989 4993/4794/4993 4987/4788/4987
f 4993/4794/4993 4992/4793/4992 4987/4788/4987
f 4984/4785/4984 4992/4793/4992 4994/4795/4994
f 4984/4785/4984 4994/4795/4994 4986/4787/4986
f 4989/4790/4989 4991/4792/4991 4995/4796/4995
f 4993/4794/4993 4989/4790/4989 4995/4796/4995
f 4993/4794/4993 4996/4797/4996 4992/4793/4992
f 4996/4797/4996 4994/4795/4994 4992/4793/4992
f 4997/4797/4997 4996/4797/4996 4993/4794/4993
f 4993/4794/4993 4995/4796/4995 4998/4798/4998
f 4997/4797/4997 4993/4794/4993 4998/4798/4998
f 4996/4797/4996 4999/4799/4999 4994/4795/4994
f 4999/4799/4999 4996/4797/4996 4997/4797/4997
f 4986/4787/4986 4994/4795/4994 5000/4800/5000
f 5001/4801/5001 4994/4795/4994 4999/4799/4999
f 5001/4801/5001 5000/4800/5000 4994/4795/4994
f 4986/4787/4986 5000/4800/5000 5002/4802/5002
f 4986/4787/4986 5002/4802/5002 4983/4784/4983
f 5002/4802/5002 5003/4803/5003 4983/4784/4983
f 4983/4784/4983 5003/4803/5003 4980/4781/4980
f 5004/4804/5004 4998/4798/4998 4995/4796/4995
f 5005/4805/5005 4997/4797/4997 4998/4798/4998
f 5005/4805/5005 4998/4798/4998 5004/4804/5004
f 4999/4799/4999 4997/4797/4997 5006/4806/5006
f 5006/4806/5006 4997/4797/4997 5005/4805/5005
f 5007/4807/5007 4999/4799/4999 5006/4806/5006
f 5007/4807/5007 5001/4801/5001 4999/4799/4999
f 5004/4804/5004 4995/4796/4995 5008/4808/5008
f 5008/4808/5008 4995/4796/4995 4991/4792/4991
f 5006/4806/5006 5005/4805/5005 5009/4809/5009
f 5007/4807/5007 5006/4806/5006 5009/4809/5009
f 5005/4805/5005 5004/4804/5004 5010/4810/5010
f 5004/4804/5004 5008/4808/5008 5011/4811/5011
f 5004/4804/5004 5011/4811/5011 5010/4810/5010
f 5009/4809/5009 5005/4805/5005 5012/4812/5012
f 5005/4805/5005 5010/4810/5010 5012/4812/5012
f 5008/4808/5008 4991/4792/4991 5013/4813/5013
f 5008/4808/5008 5014/4814/5014 5011/4811/5011
f 5008/4808/5008 5013/4813/5013 5014/4814/5014
f 5015/4815/5015 5013/4813/5013 4991/4792/4991
f 5015/4815/5015 4991/4792/4991 4990/4791/4990
f 5013/4813/5013 5016/4816/5016 5014/4814/5014
f 5013/4813/5013 5015/4815/5015 5016/4816/5016
f 5017/4817/5017 5011/4811/5011 5014/4814/5014
f 5017/4817/5017 5014/4814/5014 5016/4816/5016
f 5018/4818/5018 5016/4816/5016 5015/4815/5015
f 5017/4817/5017 5016/4816/5016 5018/4818/5018
f 5019/4819/5019 5015/4815/5015 4990/4791/4990
f 5018/4818/5018 5015/4815/5015 5019/4819/5019
f 5020/4820/5020 5011/4811/5011 5017/4817/5017
f 5020/4820/5020 5010/4810/5010 5011/4811/5011
f 5019/4819/5019 4990/4791/4990 5021/4821/5021
f 4990/4791/4990 4939/4733/4939 5021/4821/5021
f 5017/4817/5017 5018/4818/5018 5022/4822/5022
f 5020/4820/5020 5017/4817/5017 5022/4822/5022
f 5023/4823/5023 5022/4822/5022 5018/4818/5018
f 5020/4820/5020 5022/4822/5022 5023/4823/5023
f 5024/4824/5024 5018/4818/5018 5019/4819/5019
f 5023/4823/5023 5018/4818/5018 5024/4824/5024
f 5021/4821/5021 5025/4825/5025 5019/4819/5019
f 5024/4824/5024 5019/4819/5019 5025/4825/5025
f 5021/4821/5021 4939/4733/4939 5026/4826/5026
f 4937/4731/4937 5026/4826/5026 4939/4733/4939
f 5021/4821/5021 5027/4827/5027 5025/4825/5025
f 5021/4821/5021 5026/4826/5026 5027/4827/5027
f 5028/4828/5028 5026/4826/5026 4937/4731/4937
f 4932/4726/4932 5028/4828/5028 4937/4731/4937
f 5029/4829/5029 5028/4828/5028 4932/4726/4932
f 5029/4829/5029 4932/4726/4932 4933/4727/4933
f 5030/4830/5030 5029/4829/5029 4933/4727/4933
f 5030/4830/5030 4933/4727/4933 4936/4730/4936
f 5031/4831/5031 5030/4830/5030 4936/4730/4936
f 4928/4722/4928 5031/4831/5031 4936/4730/4936
f 5032/4832/5032 5031/4831/5031 4928/4722/4928
f 5032/4832/5032 4928/4722/4928 4903/4691/4903
f 5032/4832/5032 4903/4691/4903 5033/4833/5033
f 5033/4833/5033 4903/4691/4903 3238/2818/3238
f 5033/4833/5033 3238/2818/3238 5034/4834/5034
f 5034/4834/5034 3238/2818/3238 3235/2815/3235
f 5028/4828/5028 5035/4835/5035 5026/4826/5026
f 5036/4836/5036 5028/4828/5028 5029/4829/5029
f 5036/4836/5036 5035/4835/5035 5028/4828/5028
f 5026/4826/5026 5035/4835/5035 5037/4837/5037
f 5026/4826/5026 5037/4837/5037 5027/4827/5027
f 5038/4838/5038 5036/4836/5036 5029/4829/5029
f 5038/4838/5038 5029/4829/5029 5030/4830/5030
f 5035/4835/5035 5036/4836/5036 5039/4839/5039
f 5035/4835/5035 5039/4839/5039 5037/4837/5037
f 5027/4827/5027 5037/4837/5037 5040/4840/5040
f 5027/4827/5027 5040/4840/5040 5025/4825/5025
f 5036/4836/5036 5041/4841/5041 5039/4839/5039
f 5036/4836/5036 5038/4838/5038 5041/4841/5041
f 5037/4837/5037 5039/4839/5039 5042/4842/5042
f 5037/4837/5037 5042/4842/5042 5040/4840/5040
f 5042/4842/5042 5039/4839/5039 5041/4841/5041
f 5025/4825/5025 5040/4840/5040 5043/4843/5043
f 5025/4825/5025 5043/4843/5043 5024/4824/5024
f 5040/4840/5040 5044/4844/5044 5043/4843/5043
f 5040/4840/5040 5042/4842/5042 5044/4844/5044
f 5024/4824/5024 5043/4843/5043 5045/4845/5045
f 5045/4845/5045 5043/4843/5043 5044/4844/5044
f 5024/4824/5024 5045/4845/5045 5023/4823/5023
f 5042/4842/5042 5046/4846/5046 5044/4844/5044
f 5045/4845/5045 5044/4844/5044 5046/4846/5046
f 5045/4845/5045 5047/4847/5047 5023/4823/5023
f 5045/4845/5045 5046/4846/5046 5047/4847/5047
f 5020/4820/5020 5023/4823/5023 5047/4847/5047
f 5047/4847/5047 5048/4848/5048 5020/4820/5020
f 5020/4820/5020 5048/4848/5048 5010/4810/5010
f 5042/4842/5042 5041/4841/5041 5049/4849/5049
f 5042/4842/5042 5049/4849/5049 5046/4846/5046
f 5050/4850/5050 5047/4847/5047 5046/4846/5046
f 5047/4847/5047 5050/4850/5050 5048/4848/5048
f 5051/4851/5051 5010/4810/5010 5048/4848/5048
f 5051/4851/5051 5012/4812/5012 5010/4810/5010
f 5049/4849/5049 5052/4852/5052 5046/4846/5046
f 5050/4850/5050 5046/4846/5046 5052/4852/5052
f 5041/4841/5041 5053/4853/5053 5049/4849/5049
f 5049/4849/5049 5053/4853/5053 5052/4852/5052
f 5048/4848/5048 5050/4850/5050 5054/4854/5054
f 5048/4848/5048 5054/4854/5054 5051/4851/5051
f 5050/4850/5050 5052/4852/5052 5055/4855/5055
f 5053/4853/5053 5055/4855/5055 5052/4852/5052
f 5050/4850/5050 5055/4855/5055 5054/4854/5054
f 5056/4856/5056 5012/4812/5012 5051/4851/5051
f 5009/4809/5009 5012/4812/5012 5056/4856/5056
f 5056/4856/5056 5051/4851/5051 5057/4857/5057
f 5054/4854/5054 5057/4857/5057 5051/4851/5051
f 5058/4858/5058 5009/4809/5009 5056/4856/5056
f 5058/4858/5058 5056/4856/5056 5057/4857/5057
f 5007/4807/5007 5009/4809/5009 5058/4858/5058
f 5059/4859/5059 5058/4858/5058 5057/4857/5057
f 5059/4859/5059 5007/4807/5007 5058/4858/5058
f 5054/4854/5054 5060/4860/5060 5057/4857/5057
f 5059/4859/5059 5057/4857/5057 5060/4860/5060
f 5054/4854/5054 5055/4855/5055 5061/4861/5061
f 5054/4854/5054 5061/4861/5061 5060/4860/5060
f 5062/4862/5062 5061/4861/5061 5055/4855/5055
f 5053/4853/5053 5062/4862/5062 5055/4855/5055
f 5063/4863/5063 5060/4860/5060 5061/4861/5061
f 5063/4863/5063 5059/4859/5059 5060/4860/5060
f 5062/4862/5062 5063/4863/5063 5061/4861/5061
f 5059/4859/5059 5064/4864/5064 5007/4807/5007
f 5064/4864/5064 5001/4801/5001 5007/4807/5007
f 5065/4865/5065 5059/4859/5059 5063/4863/5063
f 5062/4862/5062 5065/4865/5065 5063/4863/5063
f 5065/4865/5065 5064/4864/5064 5059/4859/5059
f 5064/4864/5064 5066/4866/5066 5001/4801/5001
f 5065/4865/5065 5066/4866/5066 5064/4864/5064
f 5066/4866/5066 5000/4800/5000 5001/4801/5001
f 5053/4853/5053 5067/4867/5067 5062/4862/5062
f 5062/4862/5062 5067/4867/5067 5065/4865/5065
f 5066/4866/5066 5068/4868/5068 5000/4800/5000
f 5002/4802/5002 5000/4800/5000 5068/4868/5068
f 5065/4865/5065 5069/4869/5069 5066/4866/5066
f 5067/4867/5067 5069/4869/5069 5065/4865/5065
f 5069/4869/5069 5068/4868/5068 5066/4866/5066
f 5053/4853/5053 5070/4870/5070 5067/4867/5067
f 5041/4841/5041 5070/4870/5070 5053/4853/5053
f 5038/4838/5038 5070/4870/5070 5041/4841/5041
f 5002/4802/5002 5068/4868/5068 5071/4871/5071
f 5002/4802/5002 5071/4871/5071 5003/4803/5003
f 5069/4869/5069 5072/4872/5072 5068/4868/5068
f 5071/4871/5071 5068/4868/5068 5072/4872/5072
f 5067/4867/5067 5073/4873/5073 5069/4869/5069
f 5070/4870/5070 5073/4873/5073 5067/4867/5067
f 5073/4873/5073 5072/4872/5072 5069/4869/5069
f 5038/4838/5038 5074/4874/5074 5070/4870/5070
f 5070/4870/5070 5074/4874/5074 5073/4873/5073
f 5074/4874/5074 5038/4838/5038 5030/4830/5030
f 5073/4873/5073 5075/4875/5075 5072/4872/5072
f 5074/4874/5074 5075/4875/5075 5073/4873/5073
f 5074/4874/5074 5030/4830/5030 5076/4876/5076
f 5074/4874/5074 5076/4876/5076 5075/4875/5075
f 5031/4831/5031 5076/4876/5076 5030/4830/5030
f 5077/4877/5077 5076/4876/5076 5031/4831/5031
f 5077/4877/5077 5075/4875/5075 5076/4876/5076
f 5032/4832/5032 5077/4877/5077 5031/4831/5031
f 5078/4878/5078 5072/4872/5072 5075/4875/5075
f 5078/4878/5078 5075/4875/5075 5077/4877/5077
f 5071/4871/5071 5072/4872/5072 5078/4878/5078
f 5032/4832/5032 5078/4878/5078 5077/4877/5077
f 5071/4871/5071 5078/4878/5078 5079/4879/5079
f 5032/4832/5032 5079/4879/5079 5078/4878/5078
f 5071/4871/5071 5079/4879/5079 5003/4803/5003
f 5079/4879/5079 5032/4832/5032 5033/4833/5033
f 5080/4880/5080 5003/4803/5003 5079/4879/5079
f 5080/4880/5080 4980/4781/4980 5003/4803/5003
f 5079/4879/5079 5033/4833/5033 5081/4881/5081
f 5080/4880/5080 5079/4879/5079 5081/4881/5081
f 5081/4881/5081 5033/4833/5033 5034/4834/5034
f 5081/4881/5081 5034/4834/5034 5082/4882/5082
f 5080/4880/5080 5081/4881/5081 5082/4882/5082
f 5080/4880/5080 5083/4883/5083 4980/4781/4980
f 4980/4781/4980 5083/4883/5083 4969/4770/4969
f 5082/4882/5082 5034/4834/5034 5084/4884/5084
f 5034/4834/5034 3235/2815/3235 5084/4884/5084
f 5085/4885/5085 5084/4884/5084 3235/2815/3235
f 5082/4882/5082 5084/4884/5084 5085/4885/5085
f 5085/4885/5085 3235/2815/3235 3227/2808/3228
f 5080/4880/5080 5082/4882/5082 5086/4886/5086
f 5085/4885/5085 5086/4886/5086 5082/4882/5082
f 5086/4886/5086 5083/4883/5083 5080/4880/5080
f 3227/2808/3228 5087/4887/5087 5085/4885/5085
f 5085/4885/5085 5087/4887/5087 5086/4886/5086
f 3227/2808/3228 3228/2807/3227 5087/4887/5087
f 5087/4887/5087 3228/2807/3227 3374/4888/3374
f 5083/4883/5083 5088/4889/5088 4969/4770/4969
f 4969/4770/4969 5088/4889/5088 4970/4771/4970
f 5088/4889/5088 5089/4890/5089 4970/4771/4970
f 5086/4886/5086 5090/4891/5090 5083/4883/5083
f 5087/4887/5087 5090/4891/5090 5086/4886/5086
f 5083/4883/5083 5090/4891/5090 5088/4889/5088
f 5087/4887/5087 3374/4888/3374 5091/4892/5091
f 5087/4887/5087 5091/4892/5091 5090/4891/5090
f 5088/4889/5088 5090/4891/5090 5091/4892/5091
f 5091/4892/5091 3374/4888/3374 3368/4893/3368
f 5088/4889/5088 5091/4892/5091 5092/4894/5092
f 5091/4892/5091 3368/4893/3368 5092/4894/5092
f 5088/4889/5088 5092/4894/5092 5089/4890/5089
f 5092/4894/5092 3368/4893/3368 3365/4895/3365
f 5092/4894/5092 3365/4895/3365 5089/4890/5089
f 3363/4896/3363 5089/4890/5089 3365/4895/3365
f 3363/4896/3363 5093/4897/5093 5089/4890/5089
f 4417/4898/4417 5093/4897/5093 3363/4896/3363
f 4417/4898/4417 3363/4896/3363 3352/4899/3352
f 5094/4900/5094 3316/2902/3316 3317/2903/3317
f 5094/4900/5094 3234/2814/3234 3316/2902/3316
f 3234/2814/3234 3314/2900/3314 3316/2902/3316
f 3233/2813/3233 3234/2814/3234 5094/4900/5094
f 3233/2813/3233 5094/4900/5094 3232/2812/3232
f 3234/2814/3234 3236/2816/3236 3314/2900/3314
f 3236/2816/3236 5095/4901/5095 3314/2900/3314
f 5095/4901/5095 3236/2816/3236 3243/2823/3243
f 5095/4901/5095 3272/2852/3272 3314/2900/3314
f 5095/4901/5095 3243/2823/3243 5096/4902/5096
f 5096/4902/5096 3243/2823/3243 3244/2824/3244
f 5096/4902/5096 3244/2824/3244 3247/2827/3247
f 5095/4901/5095 5097/4903/5097 3272/2852/3272
f 5097/4903/5097 3268/2848/3268 3272/2852/3272
f 5098/4904/5098 5095/4901/5095 5096/4902/5096
f 5098/4904/5098 5097/4903/5097 5095/4901/5095
f 5096/4902/5096 3247/2827/3247 5099/4905/5099
f 5096/4902/5096 5099/4905/5099 5098/4904/5098
f 3248/2828/3248 5099/4905/5099 3247/2827/3247
f 5097/4903/5097 5100/4906/5100 3268/2848/3268
f 3263/2843/3263 3268/2848/3268 5100/4906/5100
f 5101/4907/5101 5097/4903/5097 5098/4904/5098
f 5101/4907/5101 5100/4906/5100 5097/4903/5097
f 5098/4904/5098 5099/4905/5099 5102/4908/5102
f 5098/4904/5098 5102/4908/5102 5101/4907/5101
f 3248/2828/3248 5103/4909/5103 5099/4905/5099
f 5103/4909/5103 5102/4908/5102 5099/4905/5099
f 3263/2843/3263 5100/4906/5100 5104/4910/5104
f 3255/2835/3255 3263/2843/3263 5104/4910/5104
f 5105/4911/5105 5100/4906/5100 5101/4907/5101
f 5105/4911/5105 5101/4907/5101 5102/4908/5102
f 5105/4911/5105 5104/4910/5104 5100/4906/5100
f 5105/4911/5105 5102/4908/5102 5106/4912/5106
f 5106/4912/5106 5104/4910/5104 5105/4911/5105
f 5103/4909/5103 5106/4912/5106 5102/4908/5102
f 5106/4912/5106 5107/4913/5107 5104/4910/5104
f 3255/2835/3255 5104/4910/5104 5107/4913/5107
f 5103/4909/5103 5107/4913/5107 5106/4912/5106
f 5108/4914/5108 5103/4909/5103 3248/2828/3248
f 5103/4909/5103 5108/4914/5108 5107/4913/5107
f 5108/4914/5108 3255/2835/3255 5107/4913/5107
f 5108/4914/5108 3248/2828/3248 3249/2829/3249
f 5108/4914/5108 3252/2832/3252 3255/2835/3255
f 5108/4914/5108 3249/2829/3249 3252/2832/3252
f 5109/4915/5109 5110/4916/5110 4742/4513/4742
f 4742/4513/4742 4741/4512/4741 5109/4915/5109
f 5109/4915/5109 5111/4917/5111 5110/4916/5110
f 5112/4918/5112 5110/4916/5110 5111/4917/5111
f 5113/4919/5113 5109/4915/5109 4741/4512/4741
f 5113/4919/5113 5111/4917/5111 5109/4915/5109
f 5112/4918/5112 5111/4917/5111 5114/4920/5114
f 5115/4921/5115 5112/4918/5112 5114/4920/5114
f 5113/4919/5113 5116/4922/5116 5111/4917/5111
f 5114/4920/5114 5111/4917/5111 5116/4922/5116
f 5115/4921/5115 5114/4920/5114 5117/4923/5117
f 5118/4924/5118 5115/4921/5115 5117/4923/5117
f 5114/4920/5114 5116/4922/5116 5119/4925/5119
f 5117/4923/5117 5114/4920/5114 5119/4925/5119
f 5118/4924/5118 5117/4923/5117 5120/4926/5120
f 5120/4926/5120 5121/4927/5121 5118/4924/5118
f 5117/4923/5117 5119/4925/5119 5122/4928/5122
f 5120/4926/5120 5117/4923/5117 5122/4928/5122
f 5120/4926/5120 5123/4929/5123 5121/4927/5121
f 5124/4930/5124 5121/4927/5121 5123/4929/5123
f 5124/4930/5124 5123/4929/5123 5125/4931/5125
f 5126/4932/5126 5124/4930/5124 5125/4931/5125
f 5120/4926/5120 5127/4933/5127 5123/4929/5123
f 5125/4931/5125 5123/4929/5123 5127/4933/5127
f 5120/4926/5120 5122/4928/5122 5128/4934/5128
f 5120/4926/5120 5128/4934/5128 5127/4933/5127
f 5119/4925/5119 5116/4922/5116 5129/4935/5129
f 5122/4928/5122 5119/4925/5119 5130/4936/5130
f 5119/4925/5119 5129/4935/5129 5130/4936/5130
f 5128/4934/5128 5122/4928/5122 5131/4937/5131
f 5122/4928/5122 5130/4936/5130 5131/4937/5131
f 5132/4938/5132 5129/4935/5129 5116/4922/5116
f 5132/4938/5132 5116/4922/5116 5113/4919/5113
f 5132/4938/5132 5113/4919/5113 5133/4939/5133
f 5113/4919/5113 4741/4512/4741 5133/4939/5133
f 5134/4940/5134 5133/4939/5133 4741/4512/4741
f 5134/4940/5134 4741/4512/4741 4710/4481/4710
f 4692/4460/4692 5134/4940/5134 4710/4481/4710
f 5132/4938/5132 5133/4939/5133 5135/4941/5135
f 5135/4941/5135 5133/4939/5133 5134/4940/5134
f 5136/4942/5136 5134/4940/5134 4692/4460/4692
f 5135/4941/5135 5134/4940/5134 5136/4942/5136
f 5136/4942/5136 4692/4460/4692 4693/4461/4693
f 4693/4461/4693 5137/4943/5137 5136/4942/5136
f 5138/4944/5138 5129/4935/5129 5132/4938/5132
f 5135/4941/5135 5138/4944/5138 5132/4938/5132
f 5136/4942/5136 5139/4945/5139 5135/4941/5135
f 5136/4942/5136 5137/4943/5137 5139/4945/5139
f 5135/4941/5135 5139/4945/5139 5138/4944/5138
f 5130/4936/5130 5129/4935/5129 5140/4946/5140
f 5138/4944/5138 5140/4946/5140 5129/4935/5129
f 5139/4945/5139 5141/4947/5141 5138/4944/5138
f 5141/4947/5141 5140/4946/5140 5138/4944/5138
f 5139/4945/5139 5142/4948/5142 5141/4947/5141
f 5137/4943/5137 5142/4948/5142 5139/4945/5139
f 5141/4947/5141 5143/4949/5143 5140/4946/5140
f 5137/4943/5137 5144/4950/5144 5142/4948/5142
f 5130/4936/5130 5140/4946/5140 5145/4951/5145
f 5145/4951/5145 5140/4946/5140 5143/4949/5143
f 5145/4951/5145 5143/4949/5143 5146/4952/5146
f 5131/4937/5131 5130/4936/5130 5145/4951/5145
f 5147/4953/5147 5145/4951/5145 5146/4952/5146
f 5131/4937/5131 5145/4951/5145 5147/4953/5147
f 5147/4953/5147 5146/4952/5146 5148/4954/5148
f 5149/4955/5149 5131/4937/5131 5147/4953/5147
f 5128/4934/5128 5131/4937/5131 5149/4955/5149
f 5150/4956/5150 5147/4953/5147 5148/4954/5148
f 5149/4955/5149 5147/4953/5147 5150/4956/5150
f 5150/4956/5150 5148/4954/5148 5151/4957/5151
f 5151/4957/5151 5152/4958/5152 5150/4956/5150
f 5149/4955/5149 5150/4956/5150 5152/4958/5152
f 5151/4957/5151 5153/4959/5153 5152/4958/5152
f 5152/4958/5152 5153/4959/5153 5154/4960/5154
f 5128/4934/5128 5149/4955/5149 5155/4961/5155
f 5149/4955/5149 5152/4958/5152 5155/4961/5155
f 5128/4934/5128 5155/4961/5155 5127/4933/5127
f 5152/4958/5152 5154/4960/5154 5156/4962/5156
f 5155/4961/5155 5152/4958/5152 5156/4962/5156
f 5127/4933/5127 5155/4961/5155 5157/4963/5157
f 5155/4961/5155 5156/4962/5156 5157/4963/5157
f 5158/4964/5158 5156/4962/5156 5154/4960/5154
f 5158/4964/5158 5154/4960/5154 5159/4965/5159
f 5160/4966/5160 5156/4962/5156 5158/4964/5158
f 5160/4966/5160 5157/4963/5157 5156/4962/5156
f 5159/4965/5159 5161/4967/5161 5158/4964/5158
f 5161/4967/5161 5160/4966/5160 5158/4964/5158
f 5159/4965/5159 5162/4968/5162 5161/4967/5161
f 5163/4969/5163 5161/4967/5161 5162/4968/5162
f 5160/4966/5160 5161/4967/5161 5163/4969/5163
f 5163/4969/5163 5162/4968/5162 5164/4970/5164
f 5126/4932/5126 5163/4969/5163 5164/4970/5164
f 5127/4933/5127 5157/4963/5157 5165/4971/5165
f 5125/4931/5125 5127/4933/5127 5165/4971/5165
f 5166/4972/5166 5157/4963/5157 5160/4966/5160
f 5160/4966/5160 5163/4969/5163 5166/4972/5166
f 5166/4972/5166 5165/4971/5165 5157/4963/5157
f 5126/4932/5126 5125/4931/5125 5167/4973/5167
f 5126/4932/5126 5167/4973/5167 5163/4969/5163
f 5166/4972/5166 5163/4969/5163 5167/4973/5167
f 5167/4973/5167 5165/4971/5165 5166/4972/5166
f 5167/4973/5167 5125/4931/5125 5165/4971/5165
f 5144/4950/5144 5169/4974/5168 5168/4975/5169
f 5144/4950/5144 5137/4943/5137 5169/4974/5168
f 5168/4975/5169 5169/4974/5168 5170/4976/5170
f 5168/4975/5169 5170/4976/5170 5171/4977/5171
f 5172/4978/5172 5171/4977/5171 5170/4976/5170
f 5172/4978/5172 5170/4976/5170 5173/4979/5173
f 5174/4980/5174 5172/4978/5172 5173/4979/5173
f 5175/4981/5175 5170/4976/5170 5169/4974/5168
f 5173/4979/5173 5170/4976/5170 5175/4981/5175
f 5176/4982/5176 5169/4974/5168 5137/4943/5137
f 5175/4981/5175 5169/4974/5168 5176/4982/5176
f 5174/4980/5174 5173/4979/5173 5177/4983/5177
f 5178/4984/5178 5174/4980/5174 5177/4983/5177
f 5173/4979/5173 5175/4981/5175 5179/4985/5179
f 5177/4983/5177 5173/4979/5173 5179/4985/5179
f 5178/4984/5178 5177/4983/5177 5180/4986/5180
f 5181/4987/5181 5178/4984/5178 5180/4986/5180
f 5176/4982/5176 5137/4943/5137 5182/4988/5182
f 4693/4461/4693 5182/4988/5182 5137/4943/5137
f 5182/4988/5182 4693/4461/4693 4684/4446/4684
f 5183/4989/5183 5175/4981/5175 5176/4982/5176
f 5179/4985/5179 5175/4981/5175 5183/4989/5183
f 5177/4983/5177 5179/4985/5179 5184/4990/5184
f 5180/4986/5180 5177/4983/5177 5184/4990/5184
f 5181/4987/5181 5180/4986/5180 5185/4991/5185
f 5185/4991/5185 5186/4992/5186 5181/4987/5181
f 5187/4993/5187 5176/4982/5176 5182/4988/5182
f 5183/4989/5183 5176/4982/5176 5187/4993/5187
f 5179/4985/5179 5183/4989/5183 5188/4994/5188
f 5184/4990/5184 5179/4985/5179 5188/4994/5188
f 5180/4986/5180 5184/4990/5184 5189/4995/5189
f 5185/4991/5185 5180/4986/5180 5189/4995/5189
f 5182/4988/5182 4684/4446/4684 5190/4996/5190
f 5187/4993/5187 5182/4988/5182 5190/4996/5190
f 5187/4993/5187 5191/4997/5191 5183/4989/5183
f 5188/4994/5188 5183/4989/5183 5191/4997/5191
f 5184/4990/5184 5188/4994/5188 5192/4998/5192
f 5189/4995/5189 5184/4990/5184 5192/4998/5192
f 5190/4996/5190 5193/4999/5193 5187/4993/5187
f 5187/4993/5187 5193/4999/5193 5191/4997/5191
f 5194/5000/5194 5190/4996/5190 4684/4446/4684
f 5190/4996/5190 5194/5000/5194 5193/4999/5193
f 5188/4994/5188 5191/4997/5191 5195/5001/5195
f 5192/4998/5192 5188/4994/5188 5195/5001/5195
f 5194/5000/5194 4684/4446/4684 5196/5002/5196
f 5196/5002/5196 4684/4446/4684 4685/4447/4685
f 5193/4999/5193 5197/5003/5197 5191/4997/5191
f 5195/5001/5195 5191/4997/5191 5197/5003/5197
f 5193/4999/5193 5198/5004/5198 5197/5003/5197
f 5193/4999/5193 4627/5005/4627 5198/5004/5198
f 5193/4999/5193 5194/5000/5194 4627/5005/4627
f 5195/5001/5195 5197/5003/5197 5199/5006/5199
f 5200/5007/5200 4627/5005/4627 5194/5000/5194
f 5200/5007/5200 5194/5000/5194 5196/5002/5196
f 5200/5007/5200 4626/5008/4626 4627/5005/4627
f 5201/5009/5201 5195/5001/5195 5199/5006/5199
f 5192/4998/5192 5195/5001/5195 5201/5009/5201
f 5201/5009/5201 5199/5006/5199 5202/5010/5202
f 5196/5002/5196 4685/4447/4685 5203/5011/5203
f 4685/4447/4685 4682/4443/4682 5203/5011/5203
f 5204/5012/5204 5192/4998/5192 5201/5009/5201
f 5189/4995/5189 5192/4998/5192 5204/5012/5204
f 5205/5013/5205 5201/5009/5201 5202/5010/5202
f 5204/5012/5204 5201/5009/5201 5205/5013/5205
f 5205/5013/5205 5202/5010/5202 5206/5014/5206
f 5207/5015/5207 5189/4995/5189 5204/5012/5204
f 5185/4991/5185 5189/4995/5189 5207/5015/5207
f 5208/5016/5208 5205/5013/5205 5206/5014/5206
f 5208/5016/5208 5206/5014/5206 5209/5017/5209
f 5210/5018/5210 5204/5012/5204 5205/5013/5205
f 5210/5018/5210 5205/5013/5205 5208/5016/5208
f 5207/5015/5207 5204/5012/5204 5210/5018/5210
f 5209/5017/5209 5211/5019/5211 5208/5016/5208
f 5210/5018/5210 5208/5016/5208 5211/5019/5211
f 5209/5017/5209 5212/5020/5212 5211/5019/5211
f 5211/5019/5211 5212/5020/5212 5213/5021/5213
f 5207/5015/5207 5210/5018/5210 5214/5022/5214
f 5210/5018/5210 5211/5019/5211 5214/5022/5214
f 5185/4991/5185 5207/5015/5207 5215/5023/5215
f 5207/5015/5207 5214/5022/5214 5215/5023/5215
f 5211/5019/5211 5213/5021/5213 5216/5024/5216
f 5214/5022/5214 5211/5019/5211 5216/5024/5216
f 5185/4991/5185 5215/5023/5215 5217/5025/5217
f 5185/4991/5185 5217/5025/5217 5186/4992/5186
f 5218/5026/5218 5186/4992/5186 5217/5025/5217
f 5218/5026/5218 5217/5025/5217 5219/5027/5219
f 5219/5027/5219 5217/5025/5217 5215/5023/5215
f 5220/5028/5220 5218/5026/5218 5219/5027/5219
f 5215/5023/5215 5214/5022/5214 5221/5029/5221
f 5214/5022/5214 5216/5024/5216 5221/5029/5221
f 5222/5030/5222 5216/5024/5216 5213/5021/5213
f 5222/5030/5222 5213/5021/5213 5223/5031/5223
f 5219/5027/5219 5215/5023/5215 5224/5032/5224
f 5215/5023/5215 5221/5029/5221 5224/5032/5224
f 5220/5028/5220 5219/5027/5219 5225/5033/5225
f 5225/5033/5225 5219/5027/5219 5224/5032/5224
f 5226/5034/5226 5216/5024/5216 5222/5030/5222
f 5226/5034/5226 5221/5029/5221 5216/5024/5216
f 5223/5031/5223 5227/5035/5227 5222/5030/5222
f 5227/5035/5227 5226/5034/5226 5222/5030/5222
f 5223/5031/5223 5228/5036/5228 5227/5035/5227
f 5229/5037/5229 5224/5032/5224 5221/5029/5221
f 5225/5033/5225 5224/5032/5224 5229/5037/5229
f 5229/5037/5229 5221/5029/5221 5226/5034/5226
f 5220/5028/5220 5225/5033/5225 5230/5038/5230
f 5229/5037/5229 5230/5038/5230 5225/5033/5225
f 5226/5034/5226 5230/5038/5230 5229/5037/5229
f 5226/5034/5226 5227/5035/5227 5230/5038/5230
f 5230/5038/5230 5227/5035/5227 5228/5036/5228
f 5220/5028/5220 5230/5038/5230 5231/5039/5231
f 5230/5038/5230 5228/5036/5228 5231/5039/5231
f 4682/4443/4682 4616/4444/4616 5232/5040/5232
f 5203/5011/5203 4682/4443/4682 5232/5040/5232
f 4616/4444/4616 5233/5041/5233 5232/5040/5232
f 4616/4444/4616 4619/5042/4619 5233/5041/5233
f 5234/5043/5234 5233/5041/5233 4619/5042/4619
f 5234/5043/5234 4619/5042/4619 4621/5044/4621
f 5235/5045/5235 5234/5043/5234 4621/5044/4621
f 5235/5045/5235 4621/5044/4621 4624/5046/4624
f 5236/5047/5236 5235/5045/5235 4624/5046/4624
f 5236/5047/5236 4624/5046/4624 4632/5048/4632
f 4632/5048/4632 5237/5049/5237 5236/5047/5236
f 4632/5048/4632 4636/5050/4636 5237/5049/5237
f 5237/5049/5237 4636/5050/4636 4645/5051/4645
f 5238/5052/5238 5235/5045/5235 5236/5047/5236
f 5238/5052/5238 5236/5047/5236 5237/5049/5237
f 5239/5053/5239 5234/5043/5234 5235/5045/5235
f 5238/5052/5238 5239/5053/5239 5235/5045/5235
f 5240/5054/5240 5233/5041/5233 5234/5043/5234
f 5239/5053/5239 5240/5054/5240 5234/5043/5234
f 5232/5040/5232 5233/5041/5233 5241/5055/5241
f 5240/5054/5240 5241/5055/5241 5233/5041/5233
f 5232/5040/5232 5241/5055/5241 5242/5056/5242
f 5203/5011/5203 5232/5040/5232 5242/5056/5242
f 5243/5057/5243 5203/5011/5203 5242/5056/5242
f 5243/5057/5243 5242/5056/5242 5241/5055/5241
f 5243/5057/5243 5196/5002/5196 5203/5011/5203
f 5200/5007/5200 5196/5002/5196 5243/5057/5243
f 5243/5057/5243 5241/5055/5241 5244/5058/5244
f 5200/5007/5200 5243/5057/5243 5244/5058/5244
f 5245/5059/5245 5241/5055/5241 5240/5054/5240
f 5245/5059/5245 5244/5058/5244 5241/5055/5241
f 5246/5060/5246 5240/5054/5240 5239/5053/5239
f 5246/5060/5246 5245/5059/5245 5240/5054/5240
f 5247/5061/5247 5239/5053/5239 5238/5052/5238
f 5247/5061/5247 5246/5060/5246 5239/5053/5239
f 5200/5007/5200 5244/5058/5244 5248/5062/5248
f 4626/5008/4626 5200/5007/5200 5248/5062/5248
f 4626/5008/4626 5248/5062/5248 4628/5063/4628
f 4630/5064/4630 4628/5063/4628 5248/5062/5248
f 5249/5065/5249 5248/5062/5248 5244/5058/5244
f 4630/5064/4630 5248/5062/5248 5249/5065/5249
f 5249/5065/5249 5244/5058/5244 5245/5059/5245
f 4634/5066/4634 4630/5064/4630 5249/5065/5249
f 5250/5067/5250 5249/5065/5249 5245/5059/5245
f 4634/5066/4634 5249/5065/5249 5250/5067/5250
f 5250/5067/5250 5245/5059/5245 5246/5060/5246
f 4638/5068/4638 4634/5066/4634 5250/5067/5250
f 5251/5069/5251 5250/5067/5250 5246/5060/5246
f 4638/5068/4638 5250/5067/5250 5251/5069/5251
f 5251/5069/5251 5246/5060/5246 5247/5061/5247
f 5251/5069/5251 4639/5070/4639 4638/5068/4638
f 5251/5069/5251 5252/5071/5252 4639/5070/4639
f 4641/5072/4641 4639/5070/4639 5252/5071/5252
f 5251/5069/5251 5247/5061/5247 5253/5073/5253
f 5251/5069/5251 5253/5073/5253 5252/5071/5252
f 4641/5072/4641 5252/5071/5252 5254/5074/5254
f 5254/5074/5254 5252/5071/5252 5253/5073/5253
f 4651/5075/4651 4641/5072/4641 5254/5074/5254
f 5247/5061/5247 5255/5076/5255 5253/5073/5253
f 5247/5061/5247 5238/5052/5238 5255/5076/5255
f 5238/5052/5238 5237/5049/5237 5255/5076/5255
f 5255/5076/5255 5237/5049/5237 5256/5077/5256
f 5237/5049/5237 4645/5051/4645 5256/5077/5256
f 5253/5073/5253 5255/5076/5255 5257/5078/5257
f 5255/5076/5255 5256/5077/5256 5257/5078/5257
f 5254/5074/5254 5253/5073/5253 5258/5079/5258
f 5253/5073/5253 5257/5078/5257 5258/5079/5258
f 4651/5075/4651 5254/5074/5254 5259/5080/5259
f 5259/5080/5259 5254/5074/5254 5258/5079/5258
f 5260/5081/5260 5256/5077/5256 4645/5051/4645
f 5260/5081/5260 4645/5051/4645 4646/5082/4646
f 5261/5083/5261 5258/5079/5258 5257/5078/5257
f 5259/5080/5259 5258/5079/5258 5261/5083/5261
f 4651/5075/4651 5259/5080/5259 5262/5084/5262
f 5261/5083/5261 5262/5084/5262 5259/5080/5259
f 4651/5075/4651 5262/5084/5262 4649/5085/4649
f 5262/5084/5262 4648/5086/4648 4649/5085/4649
f 5263/5087/5263 5257/5078/5257 5256/5077/5256
f 5261/5083/5261 5257/5078/5257 5263/5087/5263
f 5263/5087/5263 5256/5077/5256 5260/5081/5260
f 5263/5087/5263 5262/5084/5262 5261/5083/5261
f 4646/5082/4646 5264/5088/5264 5260/5081/5260
f 4646/5082/4646 4648/5086/4648 5264/5088/5264
f 5264/5088/5264 5263/5087/5263 5260/5081/5260
f 5262/5084/5262 5264/5088/5264 4648/5086/4648
f 5263/5087/5263 5264/5088/5264 5262/5084/5262
f 4627/4363/4627 4487/4212/4487 5265/5089/5265
f 5265/5089/5265 5198/5090/5198 4627/4363/4627
f 5266/5091/5266 5265/5089/5265 4487/4212/4487
f 5266/5091/5266 4487/4212/4487 4484/4209/4484
f 5265/5089/5265 5267/5092/5267 5198/5090/5198
f 5197/5093/5197 5198/5090/5198 5267/5092/5267
f 5268/5094/5268 5265/5089/5265 5266/5091/5266
f 5268/5094/5268 5267/5092/5267 5265/5089/5265
f 5197/5093/5197 5267/5092/5267 5269/5095/5269
f 5199/5096/5199 5197/5093/5197 5269/5095/5269
f 5270/5097/5270 5269/5095/5269 5267/5092/5267
f 5270/5097/5270 5267/5092/5267 5268/5094/5268
f 5199/5096/5199 5269/5095/5269 5271/5098/5271
f 5271/5098/5271 5269/5095/5269 5270/5097/5270
f 5202/5099/5202 5199/5096/5199 5271/5098/5271
f 5202/5099/5202 5271/5098/5271 5272/5100/5272
f 5206/5101/5206 5202/5099/5202 5272/5100/5272
f 5271/5098/5271 5270/5097/5270 5273/5102/5273
f 5272/5100/5272 5271/5098/5271 5273/5102/5273
f 5206/5101/5206 5272/5100/5272 5274/5103/5274
f 5209/5104/5209 5206/5101/5206 5274/5103/5274
f 5144/5105/5144 5268/5094/5268 5266/5091/5266
f 5144/5105/5144 5266/5091/5266 4484/4209/4484
f 5268/5094/5268 5171/5106/5171 5270/5097/5270
f 5273/5102/5273 5270/5097/5270 5171/5106/5171
f 5268/5094/5268 5168/5107/5169 5171/5106/5171
f 5144/5105/5144 5168/5107/5169 5268/5094/5268
f 5273/5102/5273 5171/5106/5171 5172/5108/5172
f 5272/5100/5272 5273/5102/5273 5275/5109/5275
f 5275/5109/5275 5273/5102/5273 5172/5108/5172
f 5274/5103/5274 5272/5100/5272 5275/5109/5275
f 5275/5109/5275 5172/5108/5172 5174/5110/5174
f 5276/5111/5276 5275/5109/5275 5174/5110/5174
f 5274/5103/5274 5275/5109/5275 5276/5111/5276
f 5276/5111/5276 5174/5110/5174 5178/5112/5178
f 5277/5113/5277 5274/5103/5274 5276/5111/5276
f 5209/5104/5209 5274/5103/5274 5277/5113/5277
f 5277/5113/5277 5212/5114/5212 5209/5104/5209
f 5278/5115/5278 5276/5111/5276 5178/5112/5178
f 5277/5113/5277 5276/5111/5276 5278/5115/5278
f 5278/5115/5278 5178/5112/5178 5181/5116/5181
f 5278/5115/5278 5181/5116/5181 5186/5117/5186
f 5278/5115/5278 5186/5117/5186 5279/5118/5279
f 5277/5113/5277 5278/5115/5278 5279/5118/5279
f 5279/5118/5279 5186/5117/5186 5218/5119/5218
f 5277/5113/5277 5280/5120/5280 5212/5114/5212
f 5277/5113/5277 5279/5118/5279 5280/5120/5280
f 5279/5118/5279 5218/5119/5218 5281/5121/5281
f 5280/5120/5280 5279/5118/5279 5281/5121/5281
f 5212/5114/5212 5280/5120/5280 5282/5122/5282
f 5280/5120/5280 5281/5121/5281 5282/5122/5282
f 5212/5114/5212 5282/5122/5282 5213/5123/5213
f 5223/5124/5223 5213/5123/5213 5282/5122/5282
f 5223/5124/5223 5282/5122/5282 5283/5125/5283
f 5283/5125/5283 5282/5122/5282 5281/5121/5281
f 5283/5125/5283 5228/5126/5228 5223/5124/5223
f 5231/5127/5231 5228/5126/5228 5283/5125/5283
f 5284/5128/5284 5281/5121/5281 5218/5119/5218
f 5283/5125/5283 5281/5121/5281 5284/5128/5284
f 5231/5127/5231 5283/5125/5283 5284/5128/5284
f 5284/5128/5284 5218/5119/5218 5220/5129/5220
f 5220/5129/5220 5231/5127/5231 5284/5128/5284
f 5285/5130/5285 4045/3747/4045 5286/5131/5286
f 4045/3747/4045 5285/5130/5285 4044/3746/4044
f 5285/5130/5285 5286/5131/5286 5287/5132/5287
f 5288/5133/5288 5287/5132/5287 5286/5131/5286
f 5289/5134/5289 4044/3746/4044 5285/5130/5285
f 5289/5134/5289 5285/5130/5285 5287/5132/5287
f 5288/5133/5288 5290/5135/5290 5287/5132/5287
f 5291/5136/5291 5290/5135/5290 5288/5133/5288
f 5289/5134/5289 5287/5132/5287 5292/5137/5292
f 5290/5135/5290 5292/5137/5292 5287/5132/5287
f 5291/5136/5291 5293/5138/5293 5290/5135/5290
f 5294/5139/5294 5293/5138/5293 5291/5136/5291
f 5290/5135/5290 5295/5140/5295 5292/5137/5292
f 5293/5138/5293 5295/5140/5295 5290/5135/5290
f 5294/5139/5294 5296/5141/5296 5293/5138/5293
f 5296/5141/5296 5294/5139/5294 5297/5142/5297
f 5293/5138/5293 5298/5143/5298 5295/5140/5295
f 5296/5141/5296 5298/5143/5298 5293/5138/5293
f 5296/5141/5296 5297/5142/5297 5299/5144/5299
f 5300/5145/5300 5299/5144/5299 5297/5142/5297
f 5300/5145/5300 5301/5146/5301 5299/5144/5299
f 5302/5147/5302 5301/5146/5301 5300/5145/5300
f 5296/5141/5296 5299/5144/5299 5303/5148/5303
f 5301/5146/5301 5303/5148/5303 5299/5144/5299
f 5296/5141/5296 5304/5149/5304 5298/5143/5298
f 5296/5141/5296 5303/5148/5303 5304/5149/5304
f 5295/5140/5295 5305/5150/5305 5292/5137/5292
f 5298/5143/5298 5306/5151/5306 5295/5140/5295
f 5295/5140/5295 5306/5151/5306 5305/5150/5305
f 5304/5149/5304 5307/5152/5307 5298/5143/5298
f 5298/5143/5298 5307/5152/5307 5306/5151/5306
f 5308/5153/5308 5292/5137/5292 5305/5150/5305
f 5308/5153/5308 5289/5134/5289 5292/5137/5292
f 5308/5153/5308 5309/5154/5309 5289/5134/5289
f 5289/5134/5289 5309/5154/5309 4044/3746/4044
f 5310/5155/5310 4044/3746/4044 5309/5154/5309
f 5310/5155/5310 4013/3715/4013 4044/3746/4044
f 3995/3694/3995 4013/3715/4013 5310/5155/5310
f 5308/5153/5308 5311/5156/5311 5309/5154/5309
f 5311/5156/5311 5310/5155/5310 5309/5154/5309
f 5312/5157/5312 3995/3694/3995 5310/5155/5310
f 5311/5156/5311 5312/5157/5312 5310/5155/5310
f 5312/5157/5312 3996/3695/3996 3995/3694/3995
f 3996/3695/3996 5312/5157/5312 5313/5158/5313
f 5314/5159/5314 5308/5153/5308 5305/5150/5305
f 5311/5156/5311 5308/5153/5308 5314/5159/5314
f 5312/5157/5312 5311/5156/5311 5315/5160/5315
f 5312/5157/5312 5315/5160/5315 5313/5158/5313
f 5311/5156/5311 5314/5159/5314 5315/5160/5315
f 5314/5159/5314 5305/5150/5305 5316/5161/5316
f 5306/5151/5306 5316/5161/5316 5305/5150/5305
f 5315/5160/5315 5314/5159/5314 5317/5162/5317
f 5317/5162/5317 5314/5159/5314 5316/5161/5316
f 5315/5160/5315 5317/5162/5317 5318/5163/5318
f 5313/5158/5313 5315/5160/5315 5318/5163/5318
f 5317/5162/5317 5316/5161/5316 5319/5164/5319
f 5313/5158/5313 5318/5163/5318 5320/5165/5320
f 5306/5151/5306 5321/5166/5321 5316/5161/5316
f 5321/5166/5321 5319/5164/5319 5316/5161/5316
f 5321/5166/5321 5322/5167/5322 5319/5164/5319
f 5307/5152/5307 5321/5166/5321 5306/5151/5306
f 5323/5168/5323 5322/5167/5322 5321/5166/5321
f 5307/5152/5307 5323/5168/5323 5321/5166/5321
f 5323/5168/5323 5324/5169/5324 5322/5167/5322
f 5325/5170/5325 5323/5168/5323 5307/5152/5307
f 5304/5149/5304 5325/5170/5325 5307/5152/5307
f 5326/5171/5326 5324/5169/5324 5323/5168/5323
f 5325/5170/5325 5326/5171/5326 5323/5168/5323
f 5326/5171/5326 5327/5172/5327 5324/5169/5324
f 5327/5172/5327 5326/5171/5326 5328/5173/5328
f 5325/5170/5325 5328/5173/5328 5326/5171/5326
f 5327/5172/5327 5328/5173/5328 5329/5174/5329
f 5328/5173/5328 5330/5175/5330 5329/5174/5329
f 5304/5149/5304 5331/5176/5331 5325/5170/5325
f 5325/5170/5325 5331/5176/5331 5328/5173/5328
f 5304/5149/5304 5303/5148/5303 5331/5176/5331
f 5328/5173/5328 5332/5177/5332 5330/5175/5330
f 5331/5176/5331 5332/5177/5332 5328/5173/5328
f 5303/5148/5303 5333/5178/5333 5331/5176/5331
f 5331/5176/5331 5333/5178/5333 5332/5177/5332
f 5334/5179/5334 5330/5175/5330 5332/5177/5332
f 5334/5179/5334 5335/5180/5335 5330/5175/5330
f 5336/5181/5336 5334/5179/5334 5332/5177/5332
f 5336/5181/5336 5332/5177/5332 5333/5178/5333
f 5335/5180/5335 5334/5179/5334 5337/5182/5337
f 5337/5182/5337 5334/5179/5334 5336/5181/5336
f 5335/5180/5335 5337/5182/5337 5338/5183/5338
f 5339/5184/5339 5338/5183/5338 5337/5182/5337
f 5336/5181/5336 5339/5184/5339 5337/5182/5337
f 5339/5184/5339 5340/5185/5340 5338/5183/5338
f 5302/5147/5302 5340/5185/5340 5339/5184/5339
f 5303/5148/5303 5341/5186/5341 5333/5178/5333
f 5301/5146/5301 5341/5186/5341 5303/5148/5303
f 5342/5187/5342 5336/5181/5336 5333/5178/5333
f 5336/5181/5336 5342/5187/5342 5339/5184/5339
f 5342/5187/5342 5333/5178/5333 5341/5186/5341
f 5302/5147/5302 5343/5188/5343 5301/5146/5301
f 5302/5147/5302 5339/5184/5339 5343/5188/5343
f 5342/5187/5342 5343/5188/5343 5339/5184/5339
f 5343/5188/5343 5341/5186/5341 5301/5146/5301
f 5343/5188/5343 5342/5187/5342 5341/5186/5341
f 5320/5165/5320 5344/5189/5344 5313/5158/5313
f 5320/5165/5320 5345/5190/5345 5344/5189/5344
f 5345/5190/5345 5346/5191/5346 5344/5189/5344
f 5345/5190/5345 5347/5192/5347 5346/5191/5346
f 5348/5193/5348 5346/5191/5346 5347/5192/5347
f 5348/5193/5348 5349/5194/5349 5346/5191/5346
f 5350/5195/5350 5349/5194/5349 5348/5193/5348
f 5351/5196/5351 5344/5189/5344 5346/5191/5346
f 5349/5194/5349 5351/5196/5351 5346/5191/5346
f 5352/5197/5352 5313/5158/5313 5344/5189/5344
f 5351/5196/5351 5352/5197/5352 5344/5189/5344
f 5350/5195/5350 5353/5198/5353 5349/5194/5349
f 5354/5199/5354 5353/5198/5353 5350/5195/5350
f 5349/5194/5349 5355/5200/5355 5351/5196/5351
f 5353/5198/5353 5355/5200/5355 5349/5194/5349
f 5354/5199/5354 5356/5201/5356 5353/5198/5353
f 5357/5202/5357 5356/5201/5356 5354/5199/5354
f 5352/5197/5352 5358/5203/5358 5313/5158/5313
f 3996/3695/3996 5313/5158/5313 5358/5203/5358
f 5358/5203/5358 3987/3680/3987 3996/3695/3996
f 5359/5204/5359 5352/5197/5352 5351/5196/5351
f 5355/5200/5355 5359/5204/5359 5351/5196/5351
f 5353/5198/5353 5360/5205/5360 5355/5200/5355
f 5356/5201/5356 5360/5205/5360 5353/5198/5353
f 5357/5202/5357 5361/5206/5361 5356/5201/5356
f 5361/5206/5361 5357/5202/5357 5362/5207/5362
f 5363/5208/5363 5358/5203/5358 5352/5197/5352
f 5359/5204/5359 5363/5208/5363 5352/5197/5352
f 5355/5200/5355 5364/5209/5364 5359/5204/5359
f 5360/5205/5360 5364/5209/5364 5355/5200/5355
f 5356/5201/5356 5365/5210/5365 5360/5205/5360
f 5361/5206/5361 5365/5210/5365 5356/5201/5356
f 5358/5203/5358 5366/5211/5366 3987/3680/3987
f 5363/5208/5363 5366/5211/5366 5358/5203/5358
f 5363/5208/5363 5359/5204/5359 5367/5212/5367
f 5364/5209/5364 5367/5212/5367 5359/5204/5359
f 5360/5205/5360 5368/5213/5368 5364/5209/5364
f 5365/5210/5365 5368/5213/5368 5360/5205/5360
f 5366/5211/5366 5363/5208/5363 5369/5214/5369
f 5363/5208/5363 5367/5212/5367 5369/5214/5369
f 5370/5215/5370 3987/3680/3987 5366/5211/5366
f 5366/5211/5366 5369/5214/5369 5370/5215/5370
f 5364/5209/5364 5371/5216/5371 5367/5212/5367
f 5368/5213/5368 5371/5216/5371 5364/5209/5364
f 5370/5215/5370 5372/5217/5372 3987/3680/3987
f 5372/5217/5372 3988/3681/3988 3987/3680/3987
f 5369/5214/5369 5367/5212/5367 5373/5218/5373
f 5371/5216/5371 5373/5218/5373 5367/5212/5367
f 5369/5214/5369 5373/5218/5373 5374/5219/5374
f 5369/5214/5369 5374/5219/5374 3930/5220/3930
f 5369/5214/5369 3930/5220/3930 5370/5215/5370
f 5371/5216/5371 5375/5221/5375 5373/5218/5373
f 5376/5222/5376 5370/5215/5370 3930/5220/3930
f 5376/5222/5376 5372/5217/5372 5370/5215/5370
f 5376/5222/5376 3930/5220/3930 3929/5223/3929
f 5377/5224/5377 5375/5221/5375 5371/5216/5371
f 5368/5213/5368 5377/5224/5377 5371/5216/5371
f 5377/5224/5377 5378/5225/5378 5375/5221/5375
f 5372/5217/5372 5379/5226/5379 3988/3681/3988
f 3988/3681/3988 5379/5226/5379 3985/3677/3985
f 5380/5227/5380 5377/5224/5377 5368/5213/5368
f 5365/5210/5365 5380/5227/5380 5368/5213/5368
f 5381/5228/5381 5378/5225/5378 5377/5224/5377
f 5380/5227/5380 5381/5228/5381 5377/5224/5377
f 5381/5228/5381 5382/5229/5382 5378/5225/5378
f 5383/5230/5383 5380/5227/5380 5365/5210/5365
f 5361/5206/5361 5383/5230/5383 5365/5210/5365
f 5384/5231/5384 5382/5229/5382 5381/5228/5381
f 5384/5231/5384 5385/5232/5385 5382/5229/5382
f 5386/5233/5386 5381/5228/5381 5380/5227/5380
f 5386/5233/5386 5384/5231/5384 5381/5228/5381
f 5383/5230/5383 5386/5233/5386 5380/5227/5380
f 5385/5232/5385 5384/5231/5384 5387/5234/5387
f 5386/5233/5386 5387/5234/5387 5384/5231/5384
f 5385/5232/5385 5387/5234/5387 5388/5235/5388
f 5387/5234/5387 5389/5236/5389 5388/5235/5388
f 5383/5230/5383 5390/5237/5390 5386/5233/5386
f 5386/5233/5386 5390/5237/5390 5387/5234/5387
f 5361/5206/5361 5391/5238/5391 5383/5230/5383
f 5383/5230/5383 5391/5238/5391 5390/5237/5390
f 5387/5234/5387 5392/5239/5392 5389/5236/5389
f 5390/5237/5390 5392/5239/5392 5387/5234/5387
f 5361/5206/5361 5393/5240/5393 5391/5238/5391
f 5361/5206/5361 5362/5207/5362 5393/5240/5393
f 5394/5241/5394 5393/5240/5393 5362/5207/5362
f 5394/5241/5394 5395/5242/5395 5393/5240/5393
f 5395/5242/5395 5391/5238/5391 5393/5240/5393
f 5396/5243/5396 5395/5242/5395 5394/5241/5394
f 5391/5238/5391 5397/5244/5397 5390/5237/5390
f 5390/5237/5390 5397/5244/5397 5392/5239/5392
f 5398/5245/5398 5389/5236/5389 5392/5239/5392
f 5398/5245/5398 5399/5246/5399 5389/5236/5389
f 5395/5242/5395 5400/5247/5400 5391/5238/5391
f 5391/5238/5391 5400/5247/5400 5397/5244/5397
f 5396/5243/5396 5401/5248/5401 5395/5242/5395
f 5401/5248/5401 5400/5247/5400 5395/5242/5395
f 5402/5249/5402 5392/5239/5392 5397/5244/5397
f 5402/5249/5402 5398/5245/5398 5392/5239/5392
f 5399/5246/5399 5398/5245/5398 5403/5250/5403
f 5403/5250/5403 5398/5245/5398 5402/5249/5402
f 5399/5246/5399 5403/5250/5403 5404/5251/5404
f 5405/5252/5405 5397/5244/5397 5400/5247/5400
f 5401/5248/5401 5405/5252/5405 5400/5247/5400
f 5405/5252/5405 5402/5249/5402 5397/5244/5397
f 5396/5243/5396 5406/5253/5406 5401/5248/5401
f 5405/5252/5405 5401/5248/5401 5406/5253/5406
f 5402/5249/5402 5405/5252/5405 5406/5253/5406
f 5402/5249/5402 5406/5253/5406 5403/5250/5403
f 5406/5253/5406 5404/5251/5404 5403/5250/5403
f 5396/5243/5396 5407/5254/5407 5406/5253/5406
f 5406/5253/5406 5407/5254/5407 5404/5251/5404
f 3985/3677/3985 5408/5255/5408 3919/3678/3919
f 5379/5226/5379 5408/5255/5408 3985/3677/3985
f 3919/3678/3919 5408/5255/5408 5409/5256/5409
f 3919/3678/3919 5409/5256/5409 3922/5257/3922
f 5410/5258/5410 3922/5257/3922 5409/5256/5409
f 5410/5258/5410 3924/5259/3924 3922/5257/3922
f 5411/5260/5411 3924/5259/3924 5410/5258/5410
f 5411/5260/5411 3927/5261/3927 3924/5259/3924
f 5412/5262/5412 3927/5261/3927 5411/5260/5411
f 5412/5262/5412 3935/5263/3935 3927/5261/3927
f 3935/5263/3935 5412/5262/5412 5413/5264/5413
f 3935/5263/3935 5413/5264/5413 3939/5265/3939
f 5413/5264/5413 3948/5266/3948 3939/5265/3939
f 5414/5267/5414 5412/5262/5412 5411/5260/5411
f 5414/5267/5414 5413/5264/5413 5412/5262/5412
f 5415/5268/5415 5411/5260/5411 5410/5258/5410
f 5414/5267/5414 5411/5260/5411 5415/5268/5415
f 5416/5269/5416 5410/5258/5410 5409/5256/5409
f 5415/5268/5415 5410/5258/5410 5416/5269/5416
f 5408/5255/5408 5417/5270/5417 5409/5256/5409
f 5416/5269/5416 5409/5256/5409 5417/5270/5417
f 5408/5255/5408 5418/5271/5418 5417/5270/5417
f 5379/5226/5379 5418/5271/5418 5408/5255/5408
f 5419/5272/5419 5418/5271/5418 5379/5226/5379
f 5419/5272/5419 5417/5270/5417 5418/5271/5418
f 5419/5272/5419 5379/5226/5379 5372/5217/5372
f 5376/5222/5376 5419/5272/5419 5372/5217/5372
f 5419/5272/5419 5420/5273/5420 5417/5270/5417
f 5376/5222/5376 5420/5273/5420 5419/5272/5419
f 5421/5274/5421 5416/5269/5416 5417/5270/5417
f 5421/5274/5421 5417/5270/5417 5420/5273/5420
f 5422/5275/5422 5415/5268/5415 5416/5269/5416
f 5422/5275/5422 5416/5269/5416 5421/5274/5421
f 5423/5276/5423 5414/5267/5414 5415/5268/5415
f 5423/5276/5423 5415/5268/5415 5422/5275/5422
f 5376/5222/5376 5424/5277/5424 5420/5273/5420
f 3929/5223/3929 5424/5277/5424 5376/5222/5376
f 3929/5223/3929 3931/5278/3931 5424/5277/5424
f 3933/5279/3933 5424/5277/5424 3931/5278/3931
f 5425/5280/5425 5420/5273/5420 5424/5277/5424
f 3933/5279/3933 5425/5280/5425 5424/5277/5424
f 5425/5280/5425 5421/5274/5421 5420/5273/5420
f 3937/5281/3937 5425/5280/5425 3933/5279/3933
f 5426/5282/5426 5421/5274/5421 5425/5280/5425
f 3937/5281/3937 5426/5282/5426 5425/5280/5425
f 5426/5282/5426 5422/5275/5422 5421/5274/5421
f 3941/5283/3941 5426/5282/5426 3937/5281/3937
f 5427/5284/5427 5422/5275/5422 5426/5282/5426
f 3941/5283/3941 5427/5284/5427 5426/5282/5426
f 5427/5284/5427 5423/5276/5423 5422/5275/5422
f 5427/5284/5427 3941/5283/3941 3942/5285/3942
f 5427/5284/5427 3942/5285/3942 5428/5286/5428
f 3944/5287/3944 5428/5286/5428 3942/5285/3942
f 5427/5284/5427 5429/5288/5429 5423/5276/5423
f 5427/5284/5427 5428/5286/5428 5429/5288/5429
f 3944/5287/3944 5430/5289/5430 5428/5286/5428
f 5430/5289/5430 5429/5288/5429 5428/5286/5428
f 3954/5290/3954 5430/5289/5430 3944/5287/3944
f 5423/5276/5423 5429/5288/5429 5431/5291/5431
f 5423/5276/5423 5431/5291/5431 5414/5267/5414
f 5414/5267/5414 5431/5291/5431 5413/5264/5413
f 5431/5291/5431 5432/5292/5432 5413/5264/5413
f 5413/5264/5413 5432/5292/5432 3948/5266/3948
f 5429/5288/5429 5433/5293/5433 5431/5291/5431
f 5431/5291/5431 5433/5293/5433 5432/5292/5432
f 5430/5289/5430 5434/5294/5434 5429/5288/5429
f 5429/5288/5429 5434/5294/5434 5433/5293/5433
f 3954/5290/3954 5435/5295/5435 5430/5289/5430
f 5435/5295/5435 5434/5294/5434 5430/5289/5430
f 5436/5296/5436 3948/5266/3948 5432/5292/5432
f 5436/5296/5436 3949/5297/3949 3948/5266/3948
f 5437/5298/5437 5433/5293/5433 5434/5294/5434
f 5435/5295/5435 5437/5298/5437 5434/5294/5434
f 3954/5290/3954 5438/5299/5438 5435/5295/5435
f 5437/5298/5437 5435/5295/5435 5438/5299/5438
f 3954/5290/3954 3952/5300/3952 5438/5299/5438
f 5438/5299/5438 3952/5300/3952 3951/5301/3951
f 5439/5302/5439 5432/5292/5432 5433/5293/5433
f 5437/5298/5437 5439/5302/5439 5433/5293/5433
f 5439/5302/5439 5436/5296/5436 5432/5292/5432
f 5439/5302/5439 5437/5298/5437 5438/5299/5438
f 3949/5297/3949 5440/5303/5440 3951/5301/3951
f 3949/5297/3949 5436/5296/5436 5440/5303/5440
f 5440/5303/5440 5436/5296/5436 5439/5302/5439
f 5438/5299/5438 3951/5301/3951 5440/5303/5440
f 5439/5302/5439 5438/5299/5438 5440/5303/5440
f 3930/3597/3930 5441/5304/5441 3790/3447/3790
f 5441/5304/5441 3930/3597/3930 5374/5305/5374
f 5442/5306/5442 3790/3447/3790 5441/5304/5441
f 5442/5306/5442 3787/3444/3787 3790/3447/3790
f 5441/5304/5441 5374/5305/5374 5443/5307/5443
f 5373/5308/5373 5443/5307/5443 5374/5305/5374
f 5444/5309/5444 5442/5306/5442 5441/5304/5441
f 5444/5309/5444 5441/5304/5441 5443/5307/5443
f 5373/5308/5373 5445/5310/5445 5443/5307/5443
f 5375/5311/5375 5445/5310/5445 5373/5308/5373
f 5446/5312/5446 5443/5307/5443 5445/5310/5445
f 5446/5312/5446 5444/5309/5444 5443/5307/5443
f 5375/5311/5375 5447/5313/5447 5445/5310/5445
f 5447/5313/5447 5446/5312/5446 5445/5310/5445
f 5378/5314/5378 5447/5313/5447 5375/5311/5375
f 5378/5314/5378 5448/5315/5448 5447/5313/5447
f 5382/5316/5382 5448/5315/5448 5378/5314/5378
f 5447/5313/5447 5449/5317/5449 5446/5312/5446
f 5448/5315/5448 5449/5317/5449 5447/5313/5447
f 5382/5316/5382 5450/5318/5450 5448/5315/5448
f 5385/5319/5385 5450/5318/5450 5382/5316/5382
f 5320/5320/5320 5442/5306/5442 5444/5309/5444
f 5320/5320/5320 3787/3444/3787 5442/5306/5442
f 5444/5309/5444 5446/5312/5446 5347/5321/5347
f 5449/5317/5449 5347/5321/5347 5446/5312/5446
f 5444/5309/5444 5347/5321/5347 5345/5322/5345
f 5320/5320/5320 5444/5309/5444 5345/5322/5345
f 5449/5317/5449 5348/5323/5348 5347/5321/5347
f 5448/5315/5448 5451/5324/5451 5449/5317/5449
f 5451/5324/5451 5348/5323/5348 5449/5317/5449
f 5450/5318/5450 5451/5324/5451 5448/5315/5448
f 5451/5324/5451 5350/5325/5350 5348/5323/5348
f 5452/5326/5452 5350/5325/5350 5451/5324/5451
f 5450/5318/5450 5452/5326/5452 5451/5324/5451
f 5452/5326/5452 5354/5327/5354 5350/5325/5350
f 5453/5328/5453 5452/5326/5452 5450/5318/5450
f 5385/5319/5385 5453/5328/5453 5450/5318/5450
f 5453/5328/5453 5385/5319/5385 5388/5329/5388
f 5454/5330/5454 5354/5327/5354 5452/5326/5452
f 5453/5328/5453 5454/5330/5454 5452/5326/5452
f 5454/5330/5454 5357/5331/5357 5354/5327/5354
f 5454/5330/5454 5362/5332/5362 5357/5331/5357
f 5454/5330/5454 5455/5333/5455 5362/5332/5362
f 5453/5328/5453 5455/5333/5455 5454/5330/5454
f 5455/5333/5455 5394/5334/5394 5362/5332/5362
f 5453/5328/5453 5388/5329/5388 5456/5335/5456
f 5453/5328/5453 5456/5335/5456 5455/5333/5455
f 5455/5333/5455 5457/5336/5457 5394/5334/5394
f 5456/5335/5456 5457/5336/5457 5455/5333/5455
f 5388/5329/5388 5458/5337/5458 5456/5335/5456
f 5456/5335/5456 5458/5337/5458 5457/5336/5457
f 5388/5329/5388 5389/5338/5389 5458/5337/5458
f 5399/5339/5399 5458/5337/5458 5389/5338/5389
f 5399/5339/5399 5459/5340/5459 5458/5337/5458
f 5459/5340/5459 5457/5336/5457 5458/5337/5458
f 5459/5340/5459 5399/5339/5399 5404/5341/5404
f 5407/5342/5407 5459/5340/5459 5404/5341/5404
f 5460/5343/5460 5394/5334/5394 5457/5336/5457
f 5459/5340/5459 5460/5343/5460 5457/5336/5457
f 5407/5342/5407 5460/5343/5460 5459/5340/5459
f 5460/5343/5460 5396/5344/5396 5394/5334/5394
f 5396/5344/5396 5460/5343/5460 5407/5342/5407
f 5461/5345/5461 4754/5346/4754 4756/5347/4756
f 4756/5347/4756 4767/5348/4767 5461/5345/5461
f 4767/5348/4767 5462/5349/5462 5461/5345/5461
f 4767/5348/4767 4764/5350/4764 5462/5349/5462
f 5462/5349/5462 4764/5350/4764 4759/5351/4759
f 5461/5345/5461 5463/5352/5463 4754/5346/4754
f 5462/5349/5462 5463/5352/5463 5461/5345/5461
f 4759/5351/4759 5464/5353/5464 5462/5349/5462
f 5462/5349/5462 5464/5353/5464 5463/5352/5463
f 4759/5351/4759 4749/5354/4749 5464/5353/5464
f 4748/5355/4748 5464/5353/5464 4749/5354/4749
f 5465/5356/5465 4754/5346/4754 5463/5352/5463
f 5465/5356/5465 4727/5357/4727 4754/5346/4754
f 5466/5358/5466 5463/5352/5463 5464/5353/5464
f 4748/5355/4748 5466/5358/5466 5464/5353/5464
f 5466/5358/5466 5465/5356/5465 5463/5352/5463
f 5467/5359/5467 5466/5358/5466 4748/5355/4748
f 5467/5359/5467 5465/5356/5465 5466/5358/5466
f 5467/5359/5467 4748/5355/4748 4745/5360/4745
f 5468/5361/5468 4727/5357/4727 5465/5356/5465
f 5467/5359/5467 5468/5361/5468 5465/5356/5465
f 5468/5361/5468 4724/5362/4724 4727/5357/4727
f 4717/5363/4717 4724/5362/4724 5468/5361/5468
f 4717/5363/4717 5468/5361/5468 5469/5364/5469
f 5469/5364/5469 5468/5361/5468 5467/5359/5467
f 5469/5364/5469 4713/5365/4713 4717/5363/4717
f 5470/5366/5470 5467/5359/5467 4745/5360/4745
f 5469/5364/5469 5467/5359/5467 5470/5366/5470
f 5470/5366/5470 4745/5360/4745 4740/5367/4740
f 5469/5364/5469 5471/5368/5471 4713/5365/4713
f 5470/5366/5470 5471/5368/5471 5469/5364/5469
f 5471/5368/5471 4708/5369/4708 4713/5365/4713
f 4740/5367/4740 5472/5370/5472 5470/5366/5470
f 5470/5366/5470 5472/5370/5472 5471/5368/5471
f 4740/5367/4740 4737/5371/4737 5472/5370/5472
f 5471/5368/5471 5473/5372/5473 4708/5369/4708
f 5472/5370/5472 5473/5372/5473 5471/5368/5471
f 5473/5372/5473 4707/5373/4707 4708/5369/4708
f 4737/5371/4737 5474/5374/5474 5472/5370/5472
f 5472/5370/5472 5474/5374/5474 5473/5372/5473
f 4737/5371/4737 4734/5375/4734 5474/5374/5474
f 5473/5372/5473 5475/5376/5475 4707/5373/4707
f 5474/5374/5474 5475/5376/5475 5473/5372/5473
f 5475/5376/5475 4703/5377/4703 4707/5373/4707
f 4734/5375/4734 5476/5378/5476 5474/5374/5474
f 5474/5374/5474 5476/5378/5476 5475/5376/5475
f 4734/5375/4734 4731/5379/4731 5476/5378/5476
f 5475/5376/5475 5477/5380/5477 4703/5377/4703
f 5476/5378/5476 5477/5380/5477 5475/5376/5475
f 4470/4195/4470 4703/5377/4703 5477/5380/5477
f 4731/5379/4731 5478/5381/5478 5476/5378/5476
f 5476/5378/5476 5478/5381/5478 5477/5380/5477
f 4731/5379/4731 4732/5382/4732 5478/5381/5478
f 4470/4195/4470 5477/5380/5477 5479/5383/5479
f 5479/5383/5479 5477/5380/5477 5478/5381/5478
f 4469/4194/4469 4470/4195/4470 5479/5383/5479
f 5480/5384/5480 5478/5381/5478 4732/5382/4732
f 5479/5383/5479 5478/5381/5478 5480/5384/5480
f 5480/5384/5480 4469/4194/4469 5479/5383/5479
f 5480/5384/5480 4732/5382/4732 4733/5385/4733
f 5480/5384/5480 4485/4210/4485 4469/4194/4469
f 4733/5385/4733 4485/4210/4485 5480/5384/5480
f 4733/5385/4733 5481/5386/5481 4485/4210/4485
f 5481/5386/5481 4484/4209/4484 4485/4210/4485
f 4733/5385/4733 5482/5387/5482 5481/5386/5481
f 4733/5385/4733 4735/5388/4735 5482/5387/5482
f 5481/5386/5481 5483/5389/5483 4484/4209/4484
f 5482/5387/5482 5483/5389/5483 5481/5386/5481
f 5144/5105/5144 4484/4209/4484 5483/5389/5483
f 5484/5390/5484 5144/5105/5144 5483/5389/5483
f 5482/5387/5482 5484/5390/5484 5483/5389/5483
f 5484/5390/5484 5142/5391/5142 5144/5105/5144
f 5141/5392/5141 5142/5391/5142 5484/5390/5484
f 5485/5393/5485 5482/5387/5482 4735/5388/4735
f 5485/5393/5485 5484/5390/5484 5482/5387/5482
f 5485/5393/5485 4735/5388/4735 4742/5394/4742
f 5141/5392/5141 5484/5390/5484 5486/5395/5486
f 5485/5393/5485 5486/5395/5486 5484/5390/5484
f 5486/5395/5486 5143/5396/5143 5141/5392/5141
f 5486/5395/5486 5487/5397/5487 5143/5396/5143
f 5485/5393/5485 5487/5397/5487 5486/5395/5486
f 5146/5398/5146 5143/5396/5143 5487/5397/5487
f 4742/5394/4742 5488/5399/5488 5485/5393/5485
f 5485/5393/5485 5488/5399/5488 5487/5397/5487
f 4742/5394/4742 5110/5400/5110 5488/5399/5488
f 5146/5398/5146 5487/5397/5487 5489/5401/5489
f 5489/5401/5489 5487/5397/5487 5488/5399/5488
f 5148/5402/5148 5146/5398/5146 5489/5401/5489
f 5490/5403/5490 5488/5399/5488 5110/5400/5110
f 5489/5401/5489 5488/5399/5488 5490/5403/5490
f 5490/5403/5490 5110/5400/5110 5112/5404/5112
f 5148/5402/5148 5489/5401/5489 5491/5405/5491
f 5491/5405/5491 5489/5401/5489 5490/5403/5490
f 5151/5406/5151 5148/5402/5148 5491/5405/5491
f 5492/5407/5492 5490/5403/5490 5112/5404/5112
f 5491/5405/5491 5490/5403/5490 5492/5407/5492
f 5492/5407/5492 5112/5404/5112 5115/5408/5115
f 5151/5406/5151 5491/5405/5491 5493/5409/5493
f 5493/5409/5493 5491/5405/5491 5492/5407/5492
f 5493/5409/5493 5153/5410/5153 5151/5406/5151
f 5494/5411/5494 5492/5407/5492 5115/5408/5115
f 5493/5409/5493 5492/5407/5492 5494/5411/5494
f 5494/5411/5494 5115/5408/5115 5118/5412/5118
f 5494/5411/5494 5118/5412/5118 5121/5413/5121
f 5494/5411/5494 5121/5413/5121 5495/5414/5495
f 5493/5409/5493 5494/5411/5494 5495/5414/5495
f 5495/5414/5495 5121/5413/5121 5124/5415/5124
f 5493/5409/5493 5496/5416/5496 5153/5410/5153
f 5493/5409/5493 5495/5414/5495 5496/5416/5496
f 5495/5414/5495 5124/5415/5124 5497/5417/5497
f 5496/5416/5496 5495/5414/5495 5497/5417/5497
f 5153/5410/5153 5496/5416/5496 5498/5418/5498
f 5496/5416/5496 5497/5417/5497 5498/5418/5498
f 5153/5410/5153 5498/5418/5498 5154/5419/5154
f 5159/5420/5159 5154/5419/5154 5498/5418/5498
f 5159/5420/5159 5498/5418/5498 5499/5421/5499
f 5499/5421/5499 5498/5418/5498 5497/5417/5497
f 5499/5421/5499 5162/5422/5162 5159/5420/5159
f 5164/5423/5164 5162/5422/5162 5499/5421/5499
f 5500/5424/5500 5497/5417/5497 5124/5415/5124
f 5499/5421/5499 5497/5417/5497 5500/5424/5500
f 5164/5423/5164 5499/5421/5499 5500/5424/5500
f 5500/5424/5500 5124/5415/5124 5126/5425/5126
f 5126/5425/5126 5164/5423/5164 5500/5424/5500
f 5501/5426/5501 4059/5427/4059 4057/5428/4057
f 4059/5427/4059 5501/5426/5501 4070/5429/4070
f 4070/5429/4070 5501/5426/5501 5502/5430/5502
f 4070/5429/4070 5502/5430/5502 4067/5431/4067
f 5502/5430/5502 4062/5432/4062 4067/5431/4067
f 5501/5426/5501 4057/5428/4057 5503/5433/5503
f 5502/5430/5502 5501/5426/5501 5503/5433/5503
f 4062/5432/4062 5502/5430/5502 5504/5434/5504
f 5502/5430/5502 5503/5433/5503 5504/5434/5504
f 4062/5432/4062 5504/5434/5504 4052/5435/4052
f 4051/5436/4051 4052/5435/4052 5504/5434/5504
f 5505/5437/5505 5503/5433/5503 4057/5428/4057
f 5505/5437/5505 4057/5428/4057 4030/5438/4030
f 5506/5439/5506 5504/5434/5504 5503/5433/5503
f 4051/5436/4051 5504/5434/5504 5506/5439/5506
f 5506/5439/5506 5503/5433/5503 5505/5437/5505
f 5507/5440/5507 4051/5436/4051 5506/5439/5506
f 5507/5440/5507 5506/5439/5506 5505/5437/5505
f 5507/5440/5507 4048/5441/4048 4051/5436/4051
f 5508/5442/5508 5505/5437/5505 4030/5438/4030
f 5507/5440/5507 5505/5437/5505 5508/5442/5508
f 5508/5442/5508 4030/5438/4030 4027/5443/4027
f 4020/5444/4020 5508/5442/5508 4027/5443/4027
f 4020/5444/4020 5509/5445/5509 5508/5442/5508
f 5509/5445/5509 5507/5440/5507 5508/5442/5508
f 5509/5445/5509 4020/5444/4020 4016/5446/4016
f 5510/5447/5510 4048/5441/4048 5507/5440/5507
f 5509/5445/5509 5510/5447/5510 5507/5440/5507
f 5510/5447/5510 4043/5448/4043 4048/5441/4048
f 5509/5445/5509 4016/5446/4016 5511/5449/5511
f 5510/5447/5510 5509/5445/5509 5511/5449/5511
f 5511/5449/5511 4016/5446/4016 4011/5450/4011
f 4043/5448/4043 5510/5447/5510 5512/5451/5512
f 5510/5447/5510 5511/5449/5511 5512/5451/5512
f 4043/5448/4043 5512/5451/5512 4040/5452/4040
f 5511/5449/5511 4011/5450/4011 5513/5453/5513
f 5512/5451/5512 5511/5449/5511 5513/5453/5513
f 5513/5453/5513 4011/5450/4011 4010/5454/4010
f 4040/5452/4040 5512/5451/5512 5514/5455/5514
f 5512/5451/5512 5513/5453/5513 5514/5455/5514
f 4040/5452/4040 5514/5455/5514 4037/5456/4037
f 5513/5453/5513 4010/5454/4010 5515/5457/5515
f 5514/5455/5514 5513/5453/5513 5515/5457/5515
f 5515/5457/5515 4010/5454/4010 4006/5458/4006
f 4037/5456/4037 5514/5455/5514 5516/5459/5516
f 5514/5455/5514 5515/5457/5515 5516/5459/5516
f 4037/5456/4037 5516/5459/5516 4034/5460/4034
f 5515/5457/5515 4006/5458/4006 5517/5461/5517
f 5516/5459/5516 5515/5457/5515 5517/5461/5517
f 3773/3430/3773 5517/5461/5517 4006/5458/4006
f 4034/5460/4034 5516/5459/5516 5518/5462/5518
f 5516/5459/5516 5517/5461/5517 5518/5462/5518
f 4034/5460/4034 5518/5462/5518 4035/5463/4035
f 3773/3430/3773 5519/5464/5519 5517/5461/5517
f 5519/5464/5519 5518/5462/5518 5517/5461/5517
f 3772/3429/3772 5519/5464/5519 3773/3430/3773
f 5520/5465/5520 4035/5463/4035 5518/5462/5518
f 5519/5464/5519 5520/5465/5520 5518/5462/5518
f 5520/5465/5520 5519/5464/5519 3772/3429/3772
f 5520/5465/5520 4036/5466/4036 4035/5463/4035
f 5520/5465/5520 3772/3429/3772 3788/3445/3788
f 4036/5466/4036 5520/5465/5520 3788/3445/3788
f 4036/5466/4036 3788/3445/3788 5521/5467/5521
f 5521/5467/5521 3788/3445/3788 3787/3444/3787
f 4036/5466/4036 5521/5467/5521 5522/5468/5522
f 4036/5466/4036 5522/5468/5522 4038/5469/4038
f 5521/5467/5521 3787/3444/3787 5523/5470/5523
f 5522/5468/5522 5521/5467/5521 5523/5470/5523
f 5320/5320/5320 5523/5470/5523 3787/3444/3787
f 5524/5471/5524 5523/5470/5523 5320/5320/5320
f 5522/5468/5522 5523/5470/5523 5524/5471/5524
f 5524/5471/5524 5320/5320/5320 5318/5472/5318
f 5317/5473/5317 5524/5471/5524 5318/5472/5318
f 5525/5474/5525 4038/5469/4038 5522/5468/5522
f 5525/5474/5525 5522/5468/5522 5524/5471/5524
f 5525/5474/5525 4045/5475/4045 4038/5469/4038
f 5317/5473/5317 5526/5476/5526 5524/5471/5524
f 5525/5474/5525 5524/5471/5524 5526/5476/5526
f 5526/5476/5526 5317/5473/5317 5319/5477/5319
f 5526/5476/5526 5319/5477/5319 5527/5478/5527
f 5525/5474/5525 5526/5476/5526 5527/5478/5527
f 5322/5479/5322 5527/5478/5527 5319/5477/5319
f 4045/5475/4045 5525/5474/5525 5528/5480/5528
f 5525/5474/5525 5527/5478/5527 5528/5480/5528
f 4045/5475/4045 5528/5480/5528 5286/5481/5286
f 5322/5479/5322 5529/5482/5529 5527/5478/5527
f 5529/5482/5529 5528/5480/5528 5527/5478/5527
f 5324/5483/5324 5529/5482/5529 5322/5479/5322
f 5530/5484/5530 5286/5481/5286 5528/5480/5528
f 5529/5482/5529 5530/5484/5530 5528/5480/5528
f 5530/5484/5530 5288/5485/5288 5286/5481/5286
f 5324/5483/5324 5531/5486/5531 5529/5482/5529
f 5531/5486/5531 5530/5484/5530 5529/5482/5529
f 5327/5487/5327 5531/5486/5531 5324/5483/5324
f 5532/5488/5532 5288/5485/5288 5530/5484/5530
f 5531/5486/5531 5532/5488/5532 5530/5484/5530
f 5532/5488/5532 5291/5489/5291 5288/5485/5288
f 5327/5487/5327 5533/5490/5533 5531/5486/5531
f 5533/5490/5533 5532/5488/5532 5531/5486/5531
f 5533/5490/5533 5327/5487/5327 5329/5491/5329
f 5534/5492/5534 5291/5489/5291 5532/5488/5532
f 5533/5490/5533 5534/5492/5534 5532/5488/5532
f 5534/5492/5534 5294/5493/5294 5291/5489/5291
f 5534/5492/5534 5297/5494/5297 5294/5493/5294
f 5534/5492/5534 5535/5495/5535 5297/5494/5297
f 5533/5490/5533 5535/5495/5535 5534/5492/5534
f 5535/5495/5535 5300/5496/5300 5297/5494/5297
f 5533/5490/5533 5329/5491/5329 5536/5497/5536
f 5533/5490/5533 5536/5497/5536 5535/5495/5535
f 5535/5495/5535 5537/5498/5537 5300/5496/5300
f 5536/5497/5536 5537/5498/5537 5535/5495/5535
f 5329/5491/5329 5538/5499/5538 5536/5497/5536
f 5536/5497/5536 5538/5499/5538 5537/5498/5537
f 5329/5491/5329 5330/5500/5330 5538/5499/5538
f 5335/5501/5335 5538/5499/5538 5330/5500/5330
f 5335/5501/5335 5539/5502/5539 5538/5499/5538
f 5539/5502/5539 5537/5498/5537 5538/5499/5538
f 5539/5502/5539 5335/5501/5335 5338/5503/5338
f 5340/2039/5340 5539/5502/5539 5338/5503/5338
f 5540/5504/5540 5300/5496/5300 5537/5498/5537
f 5539/5502/5539 5540/5504/5540 5537/5498/5537
f 5340/2039/5340 5540/5504/5540 5539/5502/5539
f 5540/5504/5540 5302/5505/5302 5300/5496/5300
f 5302/5505/5302 5540/5504/5540 5340/2039/5340
usemtl mat_merlin_eyes.001
f 5541/5506/5541 5543/5507/5542 5542/5508/5543
f 5541/5506/5541 5544/5509/5544 5543/5507/5542
f 5544/5509/5544 5545/5510/5545 5543/5507/5542
f 5546/5511/5546 5541/5506/5541 5542/5508/5543
f 5546/5511/5546 5542/5508/5543 5547/5512/5547
f 5544/5509/5544 5548/5513/5548 5545/5510/5545
f 5548/5513/5548 5549/5514/5549 5545/5510/5545
f 5550/5515/5550 5546/5511/5546 5547/5512/5547
f 5550/5515/5550 5547/5512/5547 5551/5516/5551
f 5548/5513/5548 5552/5517/5552 5549/5514/5549
f 5552/5517/5552 5553/5518/5553 5549/5514/5549
f 5554/5519/5554 5550/5515/5550 5551/5516/5551
f 5554/5519/5554 5551/5516/5551 5555/5520/5555
f 5552/5517/5552 5556/5521/5556 5553/5518/5553
f 5556/5521/5556 5557/5522/5557 5553/5518/5553
f 5558/5523/5558 5554/5519/5554 5555/5520/5555
f 5558/5523/5558 5555/5520/5555 5559/5524/5559
f 5556/5521/5556 5560/5525/5560 5557/5522/5557
f 5560/5525/5560 5561/5526/5561 5557/5522/5557
f 5562/5527/5562 5558/5523/5558 5559/5524/5559
f 5562/5527/5562 5559/5524/5559 5563/5528/5563
f 5560/5525/5560 5564/5529/5564 5561/5526/5561
f 5564/5529/5564 5565/5530/5565 5561/5526/5561
f 5566/5531/5566 5562/5527/5562 5563/5528/5563
f 5566/5531/5566 5563/5528/5563 5567/5532/5567
f 5564/5529/5564 5568/5533/5568 5565/5530/5565
f 5568/5533/5568 5569/5534/5569 5565/5530/5565
f 5570/5535/5570 5566/5531/5566 5567/5532/5567
f 5570/5535/5570 5567/5532/5567 5571/5536/5571
f 5572/5537/5572 5571/5536/5571 5569/5534/5569
f 5568/5533/5568 5572/5537/5572 5569/5534/5569
f 5572/5537/5572 5570/5535/5570 5571/5536/5571
f 5573/5538/5573 5558/5523/5558 5562/5527/5562
f 5574/5539/5574 5562/5527/5562 5566/5531/5566
f 5574/5539/5574 5573/5538/5573 5562/5527/5562
f 5575/5540/5575 5566/5531/5566 5570/5535/5570
f 5575/5540/5575 5574/5539/5574 5566/5531/5566
f 5576/5541/5576 5570/5535/5570 5572/5537/5572
f 5576/5541/5576 5575/5540/5575 5570/5535/5570
f 5577/5542/5577 5572/5537/5572 5568/5533/5568
f 5577/5542/5577 5576/5541/5576 5572/5537/5572
f 5578/5543/5578 5568/5533/5568 5564/5529/5564
f 5578/5543/5578 5577/5542/5577 5568/5533/5568
f 5573/5538/5573 5579/5544/5579 5558/5523/5558
f 5579/5544/5579 5554/5519/5554 5558/5523/5558
f 5580/5545/5580 5578/5543/5578 5564/5529/5564
f 5580/5545/5580 5564/5529/5564 5560/5525/5560
f 5579/5544/5579 5581/5546/5581 5554/5519/5554
f 5581/5546/5581 5550/5515/5550 5554/5519/5554
f 5582/5547/5582 5580/5545/5580 5560/5525/5560
f 5582/5547/5582 5560/5525/5560 5556/5521/5556
f 5581/5546/5581 5583/5548/5583 5550/5515/5550
f 5583/5548/5583 5546/5511/5546 5550/5515/5550
f 5584/5549/5584 5582/5547/5582 5556/5521/5556
f 5584/5549/5584 5556/5521/5556 5552/5517/5552
f 5583/5548/5583 5585/5550/5585 5546/5511/5546
f 5585/5550/5585 5541/5506/5541 5546/5511/5546
f 5586/5551/5586 5584/5549/5584 5552/5517/5552
f 5586/5551/5586 5552/5517/5552 5548/5513/5548
f 5585/5550/5585 5587/5552/5587 5541/5506/5541
f 5587/5552/5587 5544/5509/5544 5541/5506/5541
f 5588/5553/5588 5548/5513/5548 5544/5509/5544
f 5588/5553/5588 5586/5551/5586 5548/5513/5548
f 5587/5552/5587 5588/5553/5588 5544/5509/5544
f 5589/5554/5589 5583/5548/5583 5581/5546/5581
f 5590/5555/5590 5585/5550/5585 5583/5548/5583
f 5589/5554/5589 5590/5555/5590 5583/5548/5583
f 5591/5556/5591 5590/5555/5590 5589/5554/5589
f 5592/5557/5592 5589/5554/5589 5581/5546/5581
f 5591/5556/5591 5589/5554/5589 5592/5557/5592
f 5592/5557/5592 5581/5546/5581 5579/5544/5579
f 5590/5555/5590 5593/5558/5593 5585/5550/5585
f 5593/5558/5593 5587/5552/5587 5585/5550/5585
f 5591/5556/5591 5593/5558/5593 5590/5555/5590
f 5594/5559/5594 5592/5557/5592 5579/5544/5579
f 5591/5556/5591 5592/5557/5592 5594/5559/5594
f 5594/5559/5594 5579/5544/5579 5573/5538/5573
f 5593/5558/5593 5595/5560/5595 5587/5552/5587
f 5595/5560/5595 5588/5553/5588 5587/5552/5587
f 5591/5556/5591 5595/5560/5595 5593/5558/5593
f 5596/5561/5596 5594/5559/5594 5573/5538/5573
f 5591/5556/5591 5594/5559/5594 5596/5561/5596
f 5596/5561/5596 5573/5538/5573 5574/5539/5574
f 5595/5560/5595 5597/5562/5597 5588/5553/5588
f 5591/5556/5591 5597/5562/5597 5595/5560/5595
f 5591/5556/5591 5596/5561/5596 5598/5563/5598
f 5598/5563/5598 5596/5561/5596 5574/5539/5574
f 5591/5556/5591 5599/5564/5599 5597/5562/5597
f 5597/5562/5597 5586/5551/5586 5588/5553/5588
f 5597/5562/5597 5599/5564/5599 5586/5551/5586
f 5598/5563/5598 5574/5539/5574 5575/5540/5575
f 5599/5564/5599 5584/5549/5584 5586/5551/5586
f 5600/5565/5600 5598/5563/5598 5575/5540/5575
f 5591/5556/5591 5598/5563/5598 5600/5565/5600
f 5600/5565/5600 5575/5540/5575 5576/5541/5576
f 5599/5564/5599 5601/5566/5601 5584/5549/5584
f 5591/5556/5591 5601/5566/5601 5599/5564/5599
f 5601/5566/5601 5582/5547/5582 5584/5549/5584
f 5602/5567/5602 5600/5565/5600 5576/5541/5576
f 5591/5556/5591 5600/5565/5600 5602/5567/5602
f 5602/5567/5602 5576/5541/5576 5577/5542/5577
f 5601/5566/5601 5603/5568/5603 5582/5547/5582
f 5591/5556/5591 5603/5568/5603 5601/5566/5601
f 5603/5568/5603 5580/5545/5580 5582/5547/5582
f 5604/5569/5604 5602/5567/5602 5577/5542/5577
f 5591/5556/5591 5602/5567/5602 5604/5569/5604
f 5604/5569/5604 5577/5542/5577 5578/5543/5578
f 5603/5568/5603 5605/5570/5605 5580/5545/5580
f 5591/5556/5591 5605/5570/5605 5603/5568/5603
f 5591/5556/5591 5604/5569/5604 5605/5570/5605
f 5605/5570/5605 5578/5543/5578 5580/5545/5580
f 5605/5570/5605 5604/5569/5604 5578/5543/5578
f 5606/5571/5606 5608/5572/5551 5607/5573/5607
f 5606/5571/5606 5607/5573/5607 5609/5574/5608
f 5609/5574/5608 5607/5573/5607 5610/5575/5609
f 5611/5576/5610 5608/5572/5551 5606/5571/5606
f 5611/5576/5610 5612/5577/5547 5608/5572/5551
f 5609/5574/5608 5610/5575/5609 5613/5578/5611
f 5613/5578/5611 5610/5575/5609 5614/5579/5612
f 5615/5580/5613 5612/5577/5547 5611/5576/5610
f 5615/5580/5613 5616/5581/5614 5612/5577/5547
f 5613/5578/5611 5614/5579/5612 5617/5582/5615
f 5617/5582/5615 5614/5579/5612 5618/5583/5616
f 5619/5584/5617 5616/5581/5614 5615/5580/5613
f 5619/5584/5617 5620/5585/5542 5616/5581/5614
f 5617/5582/5615 5618/5583/5616 5621/5586/5618
f 5621/5586/5618 5618/5583/5616 5622/5587/5571
f 5623/5588/5619 5620/5585/5542 5619/5584/5617
f 5623/5588/5619 5624/5589/5545 5620/5585/5542
f 5621/5586/5618 5622/5587/5571 5625/5590/5620
f 5625/5590/5620 5622/5587/5571 5626/5591/5621
f 5627/5592/5622 5624/5589/5545 5623/5588/5619
f 5627/5592/5622 5628/5593/5549 5624/5589/5545
f 5625/5590/5620 5626/5591/5621 5629/5594/5623
f 5629/5594/5623 5626/5591/5621 5630/5595/5624
f 5631/5596/5625 5628/5593/5549 5627/5592/5622
f 5631/5596/5625 5632/5597/5553 5628/5593/5549
f 5629/5594/5623 5630/5595/5624 5633/5598/5626
f 5633/5598/5626 5630/5595/5624 5634/5599/5627
f 5635/5600/5628 5632/5597/5553 5631/5596/5625
f 5635/5600/5628 5636/5601/5629 5632/5597/5553
f 5637/5602/5630 5634/5599/5627 5636/5601/5629
f 5633/5598/5626 5634/5599/5627 5637/5602/5630
f 5637/5602/5630 5636/5601/5629 5635/5600/5628
f 5638/5603/5631 5627/5592/5622 5623/5588/5619
f 5639/5604/5632 5631/5596/5625 5627/5592/5622
f 5639/5604/5632 5627/5592/5622 5638/5603/5631
f 5640/5605/5633 5635/5600/5628 5631/5596/5625
f 5640/5605/5633 5631/5596/5625 5639/5604/5632
f 5641/5606/5634 5637/5602/5630 5635/5600/5628
f 5641/5606/5634 5635/5600/5628 5640/5605/5633
f 5642/5607/5635 5633/5598/5626 5637/5602/5630
f 5642/5607/5635 5637/5602/5630 5641/5606/5634
f 5643/5608/5636 5629/5594/5623 5633/5598/5626
f 5643/5608/5636 5633/5598/5626 5642/5607/5635
f 5638/5603/5631 5623/5588/5619 5644/5609/5637
f 5644/5609/5637 5623/5588/5619 5619/5584/5617
f 5645/5610/5638 5629/5594/5623 5643/5608/5636
f 5645/5610/5638 5625/5590/5620 5629/5594/5623
f 5644/5609/5637 5619/5584/5617 5646/5611/5639
f 5646/5611/5639 5619/5584/5617 5615/5580/5613
f 5647/5612/5640 5625/5590/5620 5645/5610/5638
f 5647/5612/5640 5621/5586/5618 5625/5590/5620
f 5646/5611/5639 5615/5580/5613 5648/5613/5641
f 5648/5613/5641 5615/5580/5613 5611/5576/5610
f 5649/5614/5642 5621/5586/5618 5647/5612/5640
f 5649/5614/5642 5617/5582/5615 5621/5586/5618
f 5648/5613/5641 5611/5576/5610 5650/5615/5643
f 5650/5615/5643 5611/5576/5610 5606/5571/5606
f 5651/5616/5644 5617/5582/5615 5649/5614/5642
f 5651/5616/5644 5613/5578/5611 5617/5582/5615
f 5650/5615/5643 5606/5571/5606 5652/5617/5645
f 5652/5617/5645 5606/5571/5606 5609/5574/5608
f 5653/5618/5646 5609/5574/5608 5613/5578/5611
f 5653/5618/5646 5613/5578/5611 5651/5616/5644
f 5652/5617/5645 5609/5574/5608 5653/5618/5646
f 5654/5619/5647 5646/5611/5639 5648/5613/5641
f 5655/5620/5648 5648/5613/5641 5650/5615/5643
f 5654/5619/5647 5648/5613/5641 5655/5620/5648
f 5656/5621/5591 5654/5619/5647 5655/5620/5648
f 5657/5622/5649 5646/5611/5639 5654/5619/5647
f 5656/5621/5591 5657/5622/5649 5654/5619/5647
f 5657/5622/5649 5644/5609/5637 5646/5611/5639
f 5655/5620/5648 5650/5615/5643 5658/5623/5650
f 5658/5623/5650 5650/5615/5643 5652/5617/5645
f 5656/5621/5591 5655/5620/5648 5658/5623/5650
f 5659/5624/5651 5644/5609/5637 5657/5622/5649
f 5656/5621/5591 5659/5624/5651 5657/5622/5649
f 5659/5624/5651 5638/5603/5631 5644/5609/5637
f 5658/5623/5650 5652/5617/5645 5660/5625/5652
f 5660/5625/5652 5652/5617/5645 5653/5618/5646
f 5656/5621/5591 5658/5623/5650 5660/5625/5652
f 5661/5626/5653 5638/5603/5631 5659/5624/5651
f 5656/5621/5591 5661/5626/5653 5659/5624/5651
f 5661/5626/5653 5639/5604/5632 5638/5603/5631
f 5660/5625/5652 5653/5618/5646 5662/5627/5654
f 5656/5621/5591 5660/5625/5652 5662/5627/5654
f 5656/5621/5591 5663/5628/5655 5661/5626/5653
f 5663/5628/5655 5639/5604/5632 5661/5626/5653
f 5656/5621/5591 5662/5627/5654 5664/5629/5656
f 5662/5627/5654 5653/5618/5646 5651/5616/5644
f 5662/5627/5654 5651/5616/5644 5664/5629/5656
f 5663/5628/5655 5640/5605/5633 5639/5604/5632
f 5664/5629/5656 5651/5616/5644 5649/5614/5642
f 5665/5630/5657 5640/5605/5633 5663/5628/5655
f 5656/5621/5591 5665/5630/5657 5663/5628/5655
f 5665/5630/5657 5641/5606/5634 5640/5605/5633
f 5664/5629/5656 5649/5614/5642 5666/5631/5658
f 5656/5621/5591 5664/5629/5656 5666/5631/5658
f 5666/5631/5658 5649/5614/5642 5647/5612/5640
f 5667/5632/5659 5641/5606/5634 5665/5630/5657
f 5656/5621/5591 5667/5632/5659 5665/5630/5657
f 5667/5632/5659 5642/5607/5635 5641/5606/5634
f 5666/5631/5658 5647/5612/5640 5668/5633/5660
f 5656/5621/5591 5666/5631/5658 5668/5633/5660
f 5668/5633/5660 5647/5612/5640 5645/5610/5638
f 5669/5634/5661 5642/5607/5635 5667/5632/5659
f 5656/5621/5591 5669/5634/5661 5667/5632/5659
f 5669/5634/5661 5643/5608/5636 5642/5607/5635
f 5668/5633/5660 5645/5610/5638 5670/5635/5662
f 5656/5621/5591 5668/5633/5660 5670/5635/5662
f 5656/5621/5591 5670/5635/5662 5669/5634/5661
f 5670/5635/5662 5643/5608/5636 5669/5634/5661
f 5670/5635/5662 5645/5610/5638 5643/5608/5636
f 5542/5636/5543 5672/5637/5663 5671/5638/5664
f 5542/5636/5543 5543/5639/5542 5672/5637/5663
f 5547/5640/5547 5542/5636/5543 5671/5638/5664
f 5543/5639/5542 5673/5641/5665 5672/5637/5663
f 5543/5639/5542 5545/5642/5545 5673/5641/5665
f 5547/5640/5547 5671/5638/5664 5674/5643/5666
f 5551/5644/5551 5547/5640/5547 5674/5643/5666
f 5545/5642/5545 5675/5645/5667 5673/5641/5665
f 5545/5642/5545 5549/5646/5549 5675/5645/5667
f 5551/5644/5551 5674/5643/5666 5676/5647/5668
f 5555/5648/5555 5551/5644/5551 5676/5647/5668
f 5549/5646/5549 5677/5649/5669 5675/5645/5667
f 5549/5646/5549 5553/5650/5553 5677/5649/5669
f 5555/5648/5555 5676/5647/5668 5678/5651/5670
f 5559/5652/5559 5555/5648/5555 5678/5651/5670
f 5553/5650/5553 5679/5653/5671 5677/5649/5669
f 5553/5650/5553 5557/5654/5557 5679/5653/5671
f 5559/5652/5559 5678/5651/5670 5680/5655/5672
f 5563/5656/5563 5559/5652/5559 5680/5655/5672
f 5557/5654/5557 5681/5657/5673 5679/5653/5671
f 5557/5654/5557 5561/5658/5561 5681/5657/5673
f 5563/5656/5563 5680/5655/5672 5682/5659/5674
f 5567/5660/5567 5563/5656/5563 5682/5659/5674
f 5561/5658/5561 5683/5661/5675 5681/5657/5673
f 5561/5658/5561 5565/5662/5565 5683/5661/5675
f 5567/5660/5567 5682/5659/5674 5684/5663/5676
f 5571/5664/5571 5567/5660/5567 5684/5663/5676
f 5565/5662/5565 5685/5665/5677 5683/5661/5675
f 5565/5662/5565 5569/5666/5569 5685/5665/5677
f 5569/5666/5569 5571/5664/5571 5686/5667/5678
f 5571/5664/5571 5684/5663/5676 5686/5667/5678
f 5569/5666/5569 5686/5667/5678 5685/5665/5677
f 5679/5653/5671 5681/5657/5673 5687/5668/5679
f 5681/5657/5673 5683/5661/5675 5688/5669/5680
f 5681/5657/5673 5688/5669/5680 5687/5668/5679
f 5683/5661/5675 5685/5665/5677 5689/5670/5681
f 5683/5661/5675 5689/5670/5681 5688/5669/5680
f 5685/5665/5677 5686/5667/5678 5690/5671/5682
f 5685/5665/5677 5690/5671/5682 5689/5670/5681
f 5686/5667/5678 5684/5663/5676 5691/5672/5683
f 5686/5667/5678 5691/5672/5683 5690/5671/5682
f 5684/5663/5676 5682/5659/5674 5692/5673/5684
f 5684/5663/5676 5692/5673/5684 5691/5672/5683
f 5679/5653/5671 5687/5668/5679 5693/5674/5685
f 5677/5649/5669 5679/5653/5671 5693/5674/5685
f 5682/5659/5674 5694/5675/5686 5692/5673/5684
f 5682/5659/5674 5680/5655/5672 5694/5675/5686
f 5677/5649/5669 5693/5674/5685 5695/5676/5687
f 5675/5645/5667 5677/5649/5669 5695/5676/5687
f 5680/5655/5672 5696/5677/5688 5694/5675/5686
f 5680/5655/5672 5678/5651/5670 5696/5677/5688
f 5675/5645/5667 5695/5676/5687 5697/5678/5689
f 5673/5641/5665 5675/5645/5667 5697/5678/5689
f 5678/5651/5670 5698/5679/5690 5696/5677/5688
f 5678/5651/5670 5676/5647/5668 5698/5679/5690
f 5673/5641/5665 5697/5678/5689 5699/5680/5691
f 5672/5637/5663 5673/5641/5665 5699/5680/5691
f 5676/5647/5668 5700/5681/5692 5698/5679/5690
f 5676/5647/5668 5674/5643/5666 5700/5681/5692
f 5672/5637/5663 5699/5680/5691 5701/5682/5693
f 5671/5638/5664 5672/5637/5663 5701/5682/5693
f 5674/5643/5666 5671/5638/5664 5702/5683/5694
f 5674/5643/5666 5702/5683/5694 5700/5681/5692
f 5671/5638/5664 5701/5682/5693 5702/5683/5694
f 5697/5678/5689 5695/5676/5687 5703/5684/5695
f 5699/5680/5691 5697/5678/5689 5704/5685/5696
f 5697/5678/5689 5703/5684/5695 5704/5685/5696
f 5705/5686/5697 5704/5685/5696 5703/5684/5695
f 5695/5676/5687 5706/5687/5698 5703/5684/5695
f 5705/5686/5697 5703/5684/5695 5706/5687/5698
f 5695/5676/5687 5693/5674/5685 5706/5687/5698
f 5699/5680/5691 5704/5685/5696 5707/5688/5699
f 5701/5682/5693 5699/5680/5691 5707/5688/5699
f 5705/5686/5697 5707/5688/5699 5704/5685/5696
f 5693/5674/5685 5708/5689/5700 5706/5687/5698
f 5705/5686/5697 5706/5687/5698 5708/5689/5700
f 5693/5674/5685 5687/5668/5679 5708/5689/5700
f 5701/5682/5693 5707/5688/5699 5709/5690/5701
f 5702/5683/5694 5701/5682/5693 5709/5690/5701
f 5705/5686/5697 5709/5690/5701 5707/5688/5699
f 5687/5668/5679 5710/5691/5702 5708/5689/5700
f 5705/5686/5697 5708/5689/5700 5710/5691/5702
f 5687/5668/5679 5688/5669/5680 5710/5691/5702
f 5702/5683/5694 5709/5690/5701 5711/5692/5703
f 5705/5686/5697 5711/5692/5703 5709/5690/5701
f 5705/5686/5697 5710/5691/5702 5712/5693/5704
f 5688/5669/5680 5712/5693/5704 5710/5691/5702
f 5705/5686/5697 5713/5694/5705 5711/5692/5703
f 5700/5681/5692 5702/5683/5694 5711/5692/5703
f 5700/5681/5692 5711/5692/5703 5713/5694/5705
f 5688/5669/5680 5689/5670/5681 5712/5693/5704
f 5698/5679/5690 5700/5681/5692 5713/5694/5705
f 5689/5670/5681 5714/5695/5706 5712/5693/5704
f 5705/5686/5697 5712/5693/5704 5714/5695/5706
f 5689/5670/5681 5690/5671/5682 5714/5695/5706
f 5698/5679/5690 5713/5694/5705 5715/5696/5707
f 5705/5686/5697 5715/5696/5707 5713/5694/5705
f 5696/5677/5688 5698/5679/5690 5715/5696/5707
f 5690/5671/5682 5716/5697/5708 5714/5695/5706
f 5705/5686/5697 5714/5695/5706 5716/5697/5708
f 5690/5671/5682 5691/5672/5683 5716/5697/5708
f 5696/5677/5688 5715/5696/5707 5717/5698/5709
f 5705/5686/5697 5717/5698/5709 5715/5696/5707
f 5694/5675/5686 5696/5677/5688 5717/5698/5709
f 5691/5672/5683 5718/5699/5710 5716/5697/5708
f 5705/5686/5697 5716/5697/5708 5718/5699/5710
f 5691/5672/5683 5692/5673/5684 5718/5699/5710
f 5694/5675/5686 5717/5698/5709 5719/5700/5711
f 5705/5686/5697 5719/5700/5711 5717/5698/5709
f 5705/5686/5697 5718/5699/5710 5719/5700/5711
f 5692/5673/5684 5719/5700/5711 5718/5699/5710
f 5692/5673/5684 5694/5675/5686 5719/5700/5711
f 5608/5701/5551 5720/5702/5712 5607/5703/5607
f 5608/5701/5551 5721/5704/5713 5720/5702/5712
f 5612/5705/5547 5721/5704/5713 5608/5701/5551
f 5607/5703/5607 5720/5702/5712 5722/5706/5714
f 5607/5703/5607 5722/5706/5714 5610/5707/5609
f 5612/5705/5547 5723/5708/5715 5721/5704/5713
f 5616/5709/5614 5723/5708/5715 5612/5705/5547
f 5610/5707/5609 5722/5706/5714 5724/5710/5716
f 5610/5707/5609 5724/5710/5716 5614/5711/5612
f 5616/5709/5614 5725/5712/5717 5723/5708/5715
f 5620/5713/5542 5725/5712/5717 5616/5709/5614
f 5614/5711/5612 5724/5710/5716 5726/5714/5718
f 5614/5711/5612 5726/5714/5718 5618/5715/5616
f 5620/5713/5542 5727/5716/5719 5725/5712/5717
f 5624/5717/5545 5727/5716/5719 5620/5713/5542
f 5618/5715/5616 5726/5714/5718 5728/5718/5720
f 5618/5715/5616 5728/5718/5720 5622/5719/5571
f 5624/5717/5545 5729/5720/5721 5727/5716/5719
f 5628/5721/5549 5729/5720/5721 5624/5717/5545
f 5622/5719/5571 5728/5718/5720 5730/5722/5722
f 5622/5719/5571 5730/5722/5722 5626/5723/5621
f 5628/5721/5549 5731/5724/5723 5729/5720/5721
f 5632/5725/5553 5731/5724/5723 5628/5721/5549
f 5626/5723/5621 5730/5722/5722 5732/5726/5724
f 5626/5723/5621 5732/5726/5724 5630/5727/5624
f 5632/5725/5553 5733/5728/5725 5731/5724/5723
f 5636/5729/5629 5733/5728/5725 5632/5725/5553
f 5630/5727/5624 5732/5726/5724 5734/5730/5726
f 5630/5727/5624 5734/5730/5726 5634/5731/5627
f 5634/5731/5627 5735/5732/5727 5636/5729/5629
f 5636/5729/5629 5735/5732/5727 5733/5728/5725
f 5634/5731/5627 5734/5730/5726 5735/5732/5727
f 5728/5718/5720 5736/5733/5728 5730/5722/5722
f 5730/5722/5722 5737/5734/5729 5732/5726/5724
f 5730/5722/5722 5736/5733/5728 5737/5734/5729
f 5732/5726/5724 5738/5735/5730 5734/5730/5726
f 5732/5726/5724 5737/5734/5729 5738/5735/5730
f 5734/5730/5726 5739/5736/5731 5735/5732/5727
f 5734/5730/5726 5738/5735/5730 5739/5736/5731
f 5735/5732/5727 5740/5737/5732 5733/5728/5725
f 5735/5732/5727 5739/5736/5731 5740/5737/5732
f 5733/5728/5725 5741/5738/5733 5731/5724/5723
f 5733/5728/5725 5740/5737/5732 5741/5738/5733
f 5728/5718/5720 5742/5739/5734 5736/5733/5728
f 5726/5714/5718 5742/5739/5734 5728/5718/5720
f 5731/5724/5723 5741/5738/5733 5743/5740/5735
f 5731/5724/5723 5743/5740/5735 5729/5720/5721
f 5726/5714/5718 5744/5741/5736 5742/5739/5734
f 5724/5710/5716 5744/5741/5736 5726/5714/5718
f 5729/5720/5721 5743/5740/5735 5745/5742/5737
f 5729/5720/5721 5745/5742/5737 5727/5716/5719
f 5724/5710/5716 5746/5743/5738 5744/5741/5736
f 5722/5706/5714 5746/5743/5738 5724/5710/5716
f 5727/5716/5719 5745/5742/5737 5747/5744/5739
f 5727/5716/5719 5747/5744/5739 5725/5712/5717
f 5722/5706/5714 5748/5745/5740 5746/5743/5738
f 5720/5702/5712 5748/5745/5740 5722/5706/5714
f 5725/5712/5717 5747/5744/5739 5749/5746/5741
f 5725/5712/5717 5749/5746/5741 5723/5708/5715
f 5720/5702/5712 5750/5747/5742 5748/5745/5740
f 5721/5704/5713 5750/5747/5742 5720/5702/5712
f 5723/5708/5715 5751/5748/5743 5721/5704/5713
f 5723/5708/5715 5749/5746/5741 5751/5748/5743
f 5721/5704/5713 5751/5748/5743 5750/5747/5742
f 5746/5743/5738 5752/5749/5744 5744/5741/5736
f 5748/5745/5740 5753/5750/5745 5746/5743/5738
f 5746/5743/5738 5753/5750/5745 5752/5749/5744
f 5754/5751/5746 5752/5749/5744 5753/5750/5745
f 5744/5741/5736 5752/5749/5744 5755/5752/5747
f 5754/5751/5746 5755/5752/5747 5752/5749/5744
f 5744/5741/5736 5755/5752/5747 5742/5739/5734
f 5748/5745/5740 5756/5753/5748 5753/5750/5745
f 5750/5747/5742 5756/5753/5748 5748/5745/5740
f 5754/5751/5746 5753/5750/5745 5756/5753/5748
f 5742/5739/5734 5755/5752/5747 5757/5754/5749
f 5754/5751/5746 5757/5754/5749 5755/5752/5747
f 5742/5739/5734 5757/5754/5749 5736/5733/5728
f 5750/5747/5742 5758/5755/5750 5756/5753/5748
f 5751/5748/5743 5758/5755/5750 5750/5747/5742
f 5754/5751/5746 5756/5753/5748 5758/5755/5750
f 5736/5733/5728 5757/5754/5749 5759/5756/5751
f 5754/5751/5746 5759/5756/5751 5757/5754/5749
f 5736/5733/5728 5759/5756/5751 5737/5734/5729
f 5751/5748/5743 5760/5757/5752 5758/5755/5750
f 5754/5751/5746 5758/5755/5750 5760/5757/5752
f 5754/5751/5746 5761/5758/5753 5759/5756/5751
f 5737/5734/5729 5759/5756/5751 5761/5758/5753
f 5754/5751/5746 5760/5757/5752 5762/5759/5754
f 5749/5746/5741 5760/5757/5752 5751/5748/5743
f 5749/5746/5741 5762/5759/5754 5760/5757/5752
f 5737/5734/5729 5761/5758/5753 5738/5735/5730
f 5747/5744/5739 5762/5759/5754 5749/5746/5741
f 5738/5735/5730 5761/5758/5753 5763/5760/5755
f 5754/5751/5746 5763/5760/5755 5761/5758/5753
f 5738/5735/5730 5763/5760/5755 5739/5736/5731
f 5747/5744/5739 5764/5761/5756 5762/5759/5754
f 5754/5751/5746 5762/5759/5754 5764/5761/5756
f 5745/5742/5737 5764/5761/5756 5747/5744/5739
f 5739/5736/5731 5763/5760/5755 5765/5762/5757
f 5754/5751/5746 5765/5762/5757 5763/5760/5755
f 5739/5736/5731 5765/5762/5757 5740/5737/5732
f 5745/5742/5737 5766/5763/5758 5764/5761/5756
f 5754/5751/5746 5764/5761/5756 5766/5763/5758
f 5743/5740/5735 5766/5763/5758 5745/5742/5737
f 5740/5737/5732 5765/5762/5757 5767/5764/5759
f 5754/5751/5746 5767/5764/5759 5765/5762/5757
f 5740/5737/5732 5767/5764/5759 5741/5738/5733
f 5743/5740/5735 5768/5765/5760 5766/5763/5758
f 5754/5751/5746 5766/5763/5758 5768/5765/5760
f 5741/5738/5733 5768/5765/5760 5743/5740/5735
f 5754/5751/5746 5768/5765/5760 5767/5764/5759
f 5741/5738/5733 5767/5764/5759 5768/5765/5760
usemtl mat_merlin_metal.001
f 5769/5766/5761 5771/5767/5762 5770/5768/5763
f 5771/5767/5762 5769/5766/5761 5772/5769/5764
f 5771/5767/5762 5772/5769/5764 5773/5770/5765
f 5773/5770/5765 5772/5769/5764 5774/5771/5766
f 5773/5770/5765 5774/5771/5766 5775/5772/5767
f 5775/5772/5767 5774/5771/5766 5776/5773/5768
f 5775/5772/5767 5776/5773/5768 5777/5774/5769
f 5777/5774/5769 5776/5773/5768 5778/5775/5770
f 5776/5773/5768 5774/5771/5766 5779/5776/5771
f 5776/5773/5768 5779/5776/5771 5780/5777/5772
f 5778/5778/5770 5776/5773/5768 5780/5777/5772
f 5774/5771/5766 5781/5779/5773 5779/5776/5771
f 5774/5771/5766 5772/5780/5764 5781/5779/5773
f 5778/5778/5770 5780/5777/5772 5782/5781/5774
f 5777/5782/5769 5778/5778/5770 5782/5781/5774
f 5772/5780/5764 5783/5783/5775 5781/5779/5773
f 5772/5780/5764 5769/5784/5761 5783/5783/5775
f 5777/5782/5769 5782/5781/5774 5784/5785/5776
f 5775/5786/5767 5777/5782/5769 5784/5785/5776
f 5769/5784/5761 5785/5787/5777 5783/5783/5775
f 5769/5784/5761 5770/5788/5763 5785/5787/5777
f 5775/5786/5767 5784/5785/5776 5786/5789/5778
f 5773/5790/5765 5775/5786/5767 5786/5789/5778
f 5773/5790/5765 5786/5789/5778 5787/5791/5779
f 5787/5791/5779 5786/5789/5778 5788/5792/5780
f 5787/5791/5779 5788/5792/5780 5789/5793/5781
f 5786/5789/5778 5784/5785/5776 5790/5794/5782
f 5786/5789/5778 5790/5794/5782 5788/5792/5780
f 5784/5785/5776 5782/5781/5774 5791/5795/5783
f 5784/5785/5776 5791/5795/5783 5790/5794/5782
f 5789/5793/5781 5788/5792/5780 5792/5796/5784
f 5789/5793/5781 5792/5796/5784 5793/5797/5785
f 5792/5796/5784 5794/5798/5786 5793/5797/5785
f 5788/5792/5780 5790/5794/5782 5795/5799/5787
f 5788/5792/5780 5795/5799/5787 5792/5796/5784
f 5792/5796/5784 5796/5800/5788 5794/5798/5786
f 5795/5799/5787 5796/5800/5788 5792/5796/5784
f 5796/5800/5788 5797/5801/5789 5794/5798/5786
f 5790/5794/5782 5798/5802/5790 5795/5799/5787
f 5790/5794/5782 5791/5795/5783 5798/5802/5790
f 5795/5799/5787 5799/5803/5791 5796/5800/5788
f 5799/5803/5791 5797/5801/5789 5796/5800/5788
f 5798/5802/5790 5799/5803/5791 5795/5799/5787
f 5782/5781/5774 5800/5804/5792 5791/5795/5783
f 5782/5781/5774 5780/5777/5772 5800/5804/5792
f 5791/5795/5783 5801/5805/5793 5798/5802/5790
f 5791/5795/5783 5800/5804/5792 5801/5805/5793
f 5798/5802/5790 5802/5806/5794 5799/5803/5791
f 5802/5806/5794 5797/5801/5789 5799/5803/5791
f 5801/5805/5793 5802/5806/5794 5798/5802/5790
f 5780/5777/5772 5803/5807/5795 5800/5804/5792
f 5780/5777/5772 5779/5776/5771 5803/5807/5795
f 5800/5804/5792 5804/5808/5796 5801/5805/5793
f 5800/5804/5792 5803/5807/5795 5804/5808/5796
f 5801/5805/5793 5805/5809/5797 5802/5806/5794
f 5805/5809/5797 5797/5801/5789 5802/5806/5794
f 5804/5808/5796 5805/5809/5797 5801/5805/5793
f 5779/5776/5771 5806/5810/5798 5803/5807/5795
f 5779/5776/5771 5781/5779/5773 5806/5810/5798
f 5807/5811/5799 5797/5801/5789 5805/5809/5797
f 5804/5808/5796 5807/5811/5799 5805/5809/5797
f 5803/5807/5795 5808/5812/5800 5804/5808/5796
f 5808/5812/5800 5807/5811/5799 5804/5808/5796
f 5803/5807/5795 5806/5810/5798 5808/5812/5800
f 5809/5813/5801 5797/5801/5789 5807/5811/5799
f 5808/5812/5800 5809/5813/5801 5807/5811/5799
f 5810/5814/5802 5797/5801/5789 5809/5813/5801
f 5811/5815/5803 5809/5813/5801 5808/5812/5800
f 5806/5810/5798 5811/5815/5803 5808/5812/5800
f 5811/5815/5803 5810/5814/5802 5809/5813/5801
f 5781/5779/5773 5812/5816/5804 5806/5810/5798
f 5806/5810/5798 5812/5816/5804 5811/5815/5803
f 5781/5779/5773 5783/5783/5775 5812/5816/5804
f 5811/5815/5803 5813/5817/5805 5810/5814/5802
f 5813/5817/5805 5797/5801/5789 5810/5814/5802
f 5783/5783/5775 5814/5818/5806 5812/5816/5804
f 5783/5783/5775 5785/5787/5777 5814/5818/5806
f 5812/5816/5804 5815/5819/5807 5811/5815/5803
f 5811/5815/5803 5815/5819/5807 5813/5817/5805
f 5812/5816/5804 5814/5818/5806 5815/5819/5807
f 5816/5820/5808 5797/5801/5789 5813/5817/5805
f 5794/5821/5786 5797/5801/5789 5816/5820/5808
f 5793/5822/5785 5794/5821/5786 5816/5820/5808
f 5817/5823/5809 5813/5817/5805 5815/5819/5807
f 5817/5823/5809 5816/5820/5808 5813/5817/5805
f 5814/5818/5806 5817/5823/5809 5815/5819/5807
f 5793/5822/5785 5816/5820/5808 5817/5823/5809
f 5814/5818/5806 5818/5824/5810 5817/5823/5809
f 5818/5824/5810 5793/5822/5785 5817/5823/5809
f 5785/5787/5777 5818/5824/5810 5814/5818/5806
f 5818/5824/5810 5789/5825/5781 5793/5822/5785
f 5785/5787/5777 5819/5826/5811 5818/5824/5810
f 5819/5826/5811 5789/5825/5781 5818/5824/5810
f 5770/5788/5763 5819/5826/5811 5785/5787/5777
f 5819/5826/5811 5787/5827/5779 5789/5825/5781
f 5770/5788/5763 5771/5828/5762 5819/5826/5811
f 5771/5828/5762 5787/5827/5779 5819/5826/5811
f 5771/5828/5762 5773/5829/5765 5787/5827/5779
