# Blender 4.4.3
# www.blender.org
mtllib diego.mtl
o Diego_mesh
v 0.000000 13.025330 10.057368
v 0.570011 11.879872 9.367476
v 0.000000 11.893813 9.060593
v 1.539644 -10.245961 11.154793
v 2.174857 -9.746837 11.246405
v 2.451939 -9.961102 11.413786
v 2.194757 -10.518073 11.474754
v 2.194757 -10.518073 11.474754
v 1.825721 -10.889947 11.441319
v 1.539644 -10.245961 11.154793
v 2.033860 -11.031238 11.807036
v 2.309783 -10.648984 11.809790
v 2.309783 -10.648984 11.809790
v 2.591091 -9.837331 11.569219
v 2.471259 -10.148046 11.822454
v 2.471259 -10.148046 11.822454
v 2.480529 -9.649158 11.522102
v 2.608796 -9.610690 11.586384
v 2.452535 -10.663041 12.030102
v 2.309783 -10.648984 11.809790
v 2.711975 -10.071339 11.991831
v 2.732205 -9.960903 12.320297
v 2.469625 -10.682971 12.389778
v 2.452535 -10.663041 12.030102
v 2.469625 -10.682971 12.389778
v 2.019713 -11.261158 12.215161
v 2.390527 -10.642787 12.544779
v 2.190957 -11.033399 12.505288
v 2.398107 -9.951101 12.474591
v 2.460298 -10.159619 12.538256
v 2.390527 -10.642787 12.544779
v 2.622922 -9.953334 12.488601
v 0.528749 -12.208585 12.472337
v 0.767915 -11.956931 12.320984
v 0.620053 -11.917487 12.443933
v 0.502500 -12.159303 12.570274
v 0.337044 -12.360102 12.678161
v 0.322565 -12.430729 12.624236
v -0.000000 -12.452775 12.700581
v -0.000000 -12.502039 12.658044
v -0.000000 -10.193674 14.321342
v -0.000000 -11.137421 13.976970
v 0.744742 -11.014516 13.939292
v 0.811954 -10.082368 14.232986
v 1.877797 -10.555693 13.839308
v 2.027619 -10.471042 13.641743
v 2.021346 -10.173292 13.624396
v 1.877797 -10.555693 13.839308
v 1.739971 -10.745420 13.532357
v 2.018269 -10.419667 13.447060
v 2.027619 -10.471042 13.641743
v 2.232884 -9.987041 14.321940
v 2.271354 -10.144951 14.462343
v 1.908909 -10.194236 14.403271
v 1.562628 -10.519539 14.008863
v 0.811954 -10.082368 14.232986
v 1.612550 -9.598185 14.325709
v 2.232873 -9.643026 14.813596
v 2.304070 -9.593433 14.741847
v 1.984606 -9.396038 13.809055
v 2.307358 -10.179636 12.930870
v 2.434328 -10.124157 13.000957
v 2.477224 -9.631149 12.836170
v 2.385004 -9.752810 12.770862
v 2.506022 -9.464591 12.652654
v 2.521626 -9.645790 12.564761
v 2.460298 -10.159619 12.538256
v 2.355358 -10.265947 12.646254
v 2.469765 -9.927099 12.584751
v 2.356602 -9.962903 12.792381
v 2.398107 -9.951101 12.474591
v 2.469765 -9.927099 12.584751
v 2.355358 -10.265947 12.646254
v 2.460298 -10.159619 12.538256
v 2.361827 -10.596087 12.567438
v 2.018269 -10.419667 13.447060
v 2.264569 -9.702534 13.443350
v 1.853630 -9.746643 13.449715
v 2.086967 -10.504703 13.339334
v 2.351313 -9.758018 13.062452
v 2.201634 -10.607834 12.976887
v 2.285854 -10.225618 13.005768
v 2.280228 -9.561555 13.009867
v 2.434328 -10.124157 13.000957
v 2.530971 -10.120973 12.883244
v 2.646168 -9.574809 12.777985
v 2.477224 -9.631149 12.836170
v 2.670527 -9.588470 12.633759
v 2.658618 -9.454311 12.711698
v 2.551101 -10.138236 12.678202
v 2.393368 -10.655750 12.662142
v 2.364192 -10.597713 12.889337
v 2.285854 -10.225618 13.005768
v 2.201634 -10.607834 12.976887
v 2.107020 -11.018434 12.759262
v 2.364192 -10.597713 12.889337
v 2.201634 -10.607834 12.976887
v 2.393368 -10.655750 12.662142
v 2.361827 -10.596087 12.567438
v 2.361827 -10.596087 12.567438
v 2.506022 -9.464591 12.652654
v 1.678850 -11.410852 13.190211
v 2.086967 -10.504703 13.339334
v 1.708827 -11.083579 13.332732
v 1.309043 -11.569257 13.332219
v 1.318890 -11.149307 13.621482
v 1.562628 -10.519539 14.008863
v 0.763429 -11.624280 13.570805
v -0.000000 -11.929450 13.456360
v 0.653445 -12.148808 13.167849
v 0.363238 -12.442841 12.994447
v 0.672329 -12.426707 12.981425
v 0.363862 -12.469823 12.791418
v 0.613327 -12.353795 12.782983
v 0.912160 -12.272061 12.703255
v 0.953471 -12.448997 12.832793
v 0.964391 -12.231840 13.085514
v 0.818360 -12.317364 13.054389
v 1.287337 -12.159019 12.926269
v 1.302517 -11.942467 13.178517
v 1.714426 -11.662433 12.933783
v 0.952774 -11.965975 13.250875
v 0.803109 -12.054329 13.209947
v 1.855476 -11.458606 12.713129
v 1.633404 -11.748801 12.745587
v 1.686896 -11.555624 12.614387
v 1.238616 -11.966272 12.717555
v 1.530770 -11.749673 12.679832
v 1.267146 -12.076939 12.747572
v 0.918544 -12.045202 12.685229
v 0.565078 -12.167989 12.667203
v 0.652072 -11.951624 12.574962
v 1.672019 -11.520924 12.470801
v 1.561716 -11.641307 12.363807
v 1.706635 -11.489761 12.551434
v 1.960603 -11.280749 12.614884
v 0.000000 -12.496008 12.985940
v 0.000000 -12.536028 12.794894
v 1.837747 -9.585702 12.364638
v 1.986167 -8.929300 13.367504
v 2.224459 -8.971197 14.228605
v 2.339977 -8.647091 13.770085
v 2.409441 -8.643315 14.439501
v 2.354566 -9.083187 14.842909
v 2.354566 -9.083187 14.842909
v 1.919660 -9.561930 14.680891
v 1.989342 -8.759192 14.266776
v 2.409441 -8.643315 14.439501
v 2.339977 -8.647091 13.770085
v 1.986167 -8.929300 13.367504
v 2.005310 -8.721790 13.922307
v 2.266589 -9.084069 12.479323
v 2.356602 -9.962903 12.792381
v 2.539629 -9.092476 12.398741
v 2.553020 -9.026286 12.211228
v 2.315459 -9.094254 12.080654
v 1.924196 -9.381852 12.021554
v 2.052741 -9.102602 11.974071
v 2.248373 -8.958804 12.003619
v 2.345768 -8.717552 11.857869
v 2.463989 -8.716332 12.009946
v 2.569980 -8.702150 11.996991
v 2.662671 -8.804570 11.078514
v 2.492682 -8.992139 11.121581
v 2.517085 -8.720119 11.353620
v 2.395221 -9.471283 11.521048
v 2.852973 -9.365521 11.597663
v 2.480529 -9.649158 11.522102
v 2.573032 -9.424527 11.256810
v 2.599311 -9.445421 11.136400
v 2.504033 -9.354749 11.097260
v 2.504033 -9.354749 11.097260
v 2.174857 -9.746837 11.246405
v 2.522780 -9.019363 12.512210
v 2.289577 -8.613591 12.489165
v 2.427535 -8.610177 12.379335
v 2.312652 -8.745786 12.319279
v 2.497314 -8.654296 12.546644
v 2.424079 -9.012393 12.805071
v 2.502225 -9.118476 12.797943
v 2.499770 -8.876735 12.712438
v 2.206088 -8.878461 12.634825
v 2.122598 -9.162633 12.700197
v 2.280228 -9.561555 13.009867
v 2.285854 -10.225618 13.005768
v 2.434328 -10.124157 13.000957
v 2.502225 -9.118476 12.797943
v 2.434328 -10.124157 13.000957
v 2.181286 -8.846634 11.848994
v 2.367721 -8.686154 12.012474
v 0.960718 -8.334487 14.372810
v 0.728028 -9.295495 14.362211
v 0.841150 -9.287551 14.293880
v 1.239124 -8.485169 13.957026
v 1.364730 -7.190501 13.782178
v 1.058814 -6.907977 14.255056
v 1.455103 -8.331262 13.469368
v 1.612099 -7.213835 13.075679
v 1.733186 -8.451431 12.179630
v 1.774674 -7.612309 11.830807
v 2.119200 -5.898505 12.674560
v 2.180146 -6.882656 11.436114
v 2.685661 -6.652048 10.983616
v 2.180146 -6.882656 11.436114
v 2.088153 -7.270437 10.181675
v 2.119200 -5.898505 12.674560
v 2.889935 -5.502260 11.685747
v 3.437483 -5.314202 10.615853
v 3.217967 -6.304765 10.203053
v 2.669757 -6.954783 9.284772
v 2.353826 -6.947987 8.118146
v 1.573580 -7.320285 8.722654
v 1.671090 -6.298438 7.337680
v 1.093318 -6.934139 7.735024
v 1.281622 -5.283848 7.361090
v 1.294493 -4.176714 6.611859
v 0.629684 -6.347819 7.102842
v 0.919183 -4.309662 6.295207
v 3.438370 -3.597017 10.618184
v 2.922048 -3.852044 11.821217
v 1.497409 -5.802767 13.819901
v 0.932547 -5.022739 14.120572
v 0.965769 -5.754707 14.141886
v 1.633727 -4.231257 13.805379
v 2.450068 -4.060038 12.966533
v 2.450068 -4.060038 12.966533
v 0.841150 -9.287551 14.293880
v 0.728028 -9.295495 14.362211
v 0.841150 -9.287551 14.293880
v 1.564697 -8.967649 14.170555
v 1.239124 -8.485169 13.957026
v 1.455103 -8.331262 13.469368
v 1.733186 -8.451431 12.179630
v 1.455103 -8.331262 13.469368
v 2.018269 -10.419667 13.447060
v 1.476852 -8.606997 11.194201
v 0.708350 -9.408101 10.702366
v 0.572412 -8.814293 10.135458
v 1.397269 -8.024056 10.476429
v 0.562545 -8.343771 9.115213
v 0.970535 -8.008618 9.162475
v 0.544490 -8.144732 8.529512
v 1.093318 -6.934139 7.735024
v 0.526434 -7.847493 7.992086
v 0.629684 -6.347819 7.102842
v 1.573580 -7.320285 8.722654
v 2.088153 -7.270437 10.181675
v 1.837747 -9.585702 12.364638
v 1.447392 -9.589556 11.160912
v 1.447392 -9.589556 11.160912
v 0.589848 -10.273691 10.899298
v 0.708350 -9.408101 10.702366
v 2.096124 -9.181687 13.151488
v 2.357924 -8.975218 13.123104
v 2.255214 -8.721704 12.975935
v 2.118770 -8.890915 12.776199
v 2.524568 -9.005880 12.934171
v 2.459638 -8.745687 12.901567
v 2.337509 -8.786986 12.773037
v 2.502225 -9.118476 12.797943
v 2.424079 -9.012393 12.805071
v 2.647725 -9.141248 12.043536
v 2.315459 -9.094254 12.080654
v 2.650213 -8.895985 11.708749
v 2.416272 -8.860302 11.741302
v 2.905282 -9.225163 11.906710
v 2.840073 -8.961602 11.617554
v 1.762389 -9.349799 11.267797
v 2.254536 -9.319038 11.217440
v 1.447392 -9.589556 11.160912
v 2.101713 -9.136449 11.175871
v 1.762389 -9.349799 11.267797
v 1.774818 -9.492687 11.645578
v 2.183970 -9.104221 11.289413
v 2.174675 -9.157581 11.494436
v 2.183970 -9.104221 11.289413
v 2.395221 -9.471283 11.521048
v 2.480529 -9.649158 11.522102
v 2.174857 -9.746837 11.246405
v 1.539644 -10.245961 11.154793
v 2.101713 -9.136449 11.175871
v 2.542611 6.853829 0.005150
v 3.073421 5.959531 0.116294
v 2.673552 6.150060 -0.006086
v 2.741739 7.105502 0.420443
v 3.034095 6.176936 0.404905
v 3.314191 5.676686 0.444437
v 3.218690 5.558528 -0.032508
v 3.396869 5.004534 0.424477
v 3.308878 5.054075 0.141883
v 3.192849 4.885519 0.365609
v 2.999315 4.936742 0.184896
v 2.928732 4.889854 0.431341
v 2.769709 5.258100 0.073581
v 2.574327 5.120628 0.535259
v 2.615957 5.502378 0.061459
v 2.328940 5.622375 0.010340
v 2.326658 5.391325 0.054556
v 2.357167 4.998215 0.068353
v 2.424312 4.536889 0.560811
v 2.308531 4.532871 0.222782
v 2.112548 4.380236 0.572773
v 1.893805 4.443594 0.275610
v 1.672299 4.896955 0.096097
v 1.747072 4.460485 0.591220
v 1.489935 5.084448 0.730867
v 1.590131 5.328227 0.091028
v 1.457137 5.579689 0.022798
v 1.287884 5.404031 0.076763
v 1.296028 4.907255 0.718093
v 1.252544 5.131285 0.077527
v 1.153854 4.824504 0.227227
v 1.000489 4.716479 0.599128
v 0.816184 4.921399 0.224306
v 0.699992 4.926373 0.545250
v 0.728894 5.388969 0.083953
v 0.619853 5.575003 0.553712
v 0.756917 5.741267 0.188130
v 0.787605 6.270953 0.523187
v 1.080996 6.265381 0.056518
v 1.155346 5.887470 0.030901
v 2.280321 5.139423 1.155570
v 2.340545 5.832596 0.990591
v 1.924860 5.849486 1.166541
v 2.007297 5.066656 1.321381
v 2.307100 4.600590 0.895897
v 2.099542 4.608697 1.062250
v 1.881115 4.498897 0.949911
v 1.684264 5.062986 1.216825
v 1.364568 5.878315 1.185648
v 1.969146 6.682233 2.246572
v 1.564574 6.759449 2.219941
v 1.289855 7.107619 2.095910
v 0.907375 6.446649 0.971803
v 1.428056 7.874001 2.200942
v 1.179870 7.270463 1.133502
v 1.179870 7.270463 1.133502
v 1.428056 7.874001 2.200942
v 1.910654 8.335934 2.045835
v 1.769493 7.789488 1.048968
v 1.011930 7.034036 0.515410
v 1.686452 7.592372 0.451016
v 2.279568 7.531965 0.424105
v 2.373996 7.706896 0.958817
v 2.395432 8.221340 2.076530
v 2.626054 7.585442 2.028096
v 2.723272 7.271990 0.957024
v 2.741739 7.105502 0.420443
v 1.914047 7.212371 0.025085
v 2.279568 7.531965 0.424105
v 1.686452 7.592372 0.451016
v 1.183470 6.813603 0.063506
v 1.011930 7.034036 0.515410
v 1.011930 7.034036 0.515410
v 0.787605 6.270953 0.523187
v 0.619853 5.575003 0.553712
v 0.761079 5.561944 1.048258
v 0.699992 4.926373 0.545250
v 0.751661 4.969597 0.959444
v 1.000489 4.716479 0.599128
v 0.942520 4.965019 1.140601
v 1.132027 4.898461 1.010473
v 1.296028 4.907255 0.718093
v 1.489935 5.084448 0.730867
v 1.324925 5.299001 1.122795
v 1.747072 4.460485 0.591220
v 1.893805 4.443594 0.275610
v 2.112548 4.380236 0.572773
v 2.424312 4.536889 0.560811
v 2.574327 5.120628 0.535259
v 2.655200 5.337986 1.013022
v 2.928732 4.889854 0.431341
v 2.956973 4.964286 0.795028
v 3.192849 4.885519 0.365609
v 3.173165 4.974327 0.824923
v 3.336243 5.046498 0.783934
v 3.396869 5.004534 0.424477
v 3.314191 5.676686 0.444437
v 3.202087 5.620868 1.028076
v 3.034095 6.176936 0.404905
v 2.959687 6.203999 0.816328
v 2.743333 6.058080 1.023474
v 2.330492 6.907137 2.191708
v 2.505966 7.175997 3.038241
v 2.122882 6.653221 3.057813
v 2.663606 6.741907 4.343554
v 2.224870 6.120931 3.987549
v 2.210558 6.511923 3.373142
v 2.548944 7.071609 3.572929
v 1.489880 6.448639 4.112772
v 1.532554 6.745231 3.444889
v 1.323432 7.876365 2.969813
v 1.250326 7.757276 3.675191
v 1.498921 8.393049 3.740859
v 1.505846 8.578867 3.044043
v 1.992231 8.801351 3.698504
v 1.960778 9.068264 3.098517
v 2.378359 8.904070 3.132562
v 2.558762 8.097820 3.105087
v 2.560668 7.947443 3.722936
v 2.275549 8.728696 3.717703
v 2.047650 8.438745 4.409497
v 2.318093 8.295428 4.383044
v 1.523994 8.200012 4.440840
v 1.163522 7.612823 4.356921
v 1.489465 5.943930 5.047059
v 1.104091 6.671299 5.002985
v 1.152900 6.969943 4.279234
v 1.405929 5.186069 6.037928
v 1.014405 6.357680 5.716904
v 2.305969 5.471182 5.122489
v 2.942665 6.134727 5.353190
v 2.633403 7.562948 4.388519
v 2.841578 7.094945 5.395242
v 1.084781 5.375076 1.261026
v 2.982654 5.475222 1.180029
v 0.709537 -13.004564 9.029078
v 0.448386 -13.499752 9.070376
v 0.465205 -13.486885 8.802551
v 0.710352 -13.050598 8.744761
v 0.458802 -13.489261 8.599172
v 0.607845 -13.141544 8.475310
v 0.409703 -13.204450 8.362370
v 0.670701 -12.982954 9.395491
v 0.386024 -13.399321 9.412715
v 0.841386 -12.474563 9.032238
v 0.817211 -12.559777 9.392768
v 0.954718 -12.017852 9.211824
v 0.897941 -12.232895 9.520736
v 0.995876 -12.089066 9.632263
v 1.040452 -11.807817 9.432922
v 1.182216 -11.984396 9.781195
v 1.159919 -11.709285 9.700203
v 1.231284 -11.714184 9.939027
v 1.299679 -11.958228 9.938123
v 1.268015 -11.779673 10.197296
v 1.370658 -11.993367 10.089134
v 1.321035 -11.874533 10.419296
v 1.420411 -12.071529 10.210940
v 1.352083 -12.059764 10.592508
v 1.448760 -12.204422 10.318005
v 1.285884 -12.562632 10.776531
v 1.380791 -12.585735 10.468148
v 0.977033 -13.074898 10.824317
v 1.101178 -13.102883 10.454447
v 0.511290 -13.614384 10.617898
v 0.547902 -13.578415 10.373837
v 0.000000 -13.442303 9.687736
v -0.000000 -13.528522 9.438195
v 0.393760 -13.361842 9.675553
v 0.704192 -13.029555 9.673169
v 0.801029 -12.661717 9.655008
v 0.838931 -12.365031 9.737736
v 0.975061 -12.206758 9.778078
v 1.141391 -12.131739 9.851870
v 1.274852 -12.114924 9.920643
v 1.321955 -12.158066 9.985501
v 1.359868 -12.219988 10.049048
v 1.384566 -12.317278 10.117249
v 1.383936 -12.514764 10.191291
v 1.144234 -13.027391 10.144512
v 0.562882 -13.510389 10.096561
v 0.000000 -13.399794 9.807631
v 0.365465 -13.355226 9.803515
v 0.648427 -13.014538 9.801941
v 0.697407 -12.617496 9.788460
v 0.764878 -12.331341 9.858162
v 0.994733 -12.218032 9.887386
v 1.134948 -12.159103 9.897266
v 1.216561 -12.160452 9.920547
v 1.250787 -12.192730 9.956435
v 1.269332 -12.248256 9.998133
v 1.278743 -12.348000 10.040062
v 1.313091 -12.496911 10.078219
v 1.068712 -12.983686 10.032573
v 0.517239 -13.376920 10.016334
v 1.334587 -11.863546 12.247068
v 1.444313 -11.881569 11.814923
v 1.300851 -12.055813 11.530366
v 1.277452 -11.329851 11.091290
v 0.991394 -11.189878 10.860448
v 0.503154 -11.076741 10.667754
v -0.000000 -12.781209 12.472721
v 0.301242 -12.680685 12.448504
v 0.582963 -12.434011 12.308884
v 0.837876 -12.298481 11.921440
v 1.019279 -11.992524 12.218822
v -0.000000 -10.976458 9.722903
v -0.000000 -11.104976 10.184413
v 0.580277 -11.165948 10.233166
v 0.694977 -11.071774 9.734063
v 0.898480 -11.310858 10.358115
v 0.949576 -11.300506 9.743703
v 0.938659 -11.310268 9.245135
v 0.743953 -11.075062 9.227139
v 0.877915 -11.383554 8.722406
v 0.769263 -11.130748 8.668652
v 0.575765 -11.431467 8.262125
v 0.763266 -11.484320 8.357825
v 0.829787 -11.913435 8.479269
v 0.723769 -11.964808 8.271475
v 0.510732 -11.972271 8.136486
v -0.000000 -11.043083 10.580777
v 1.119014 -11.508156 10.812747
v 1.254484 -11.889265 11.090013
v 1.229093 -12.289148 11.277472
v 1.218574 -12.471919 11.046588
v 1.235342 -11.923186 10.795466
v 1.152548 -11.697108 10.580104
v 1.108250 -11.575034 10.256486
v 1.104111 -11.505403 9.907729
v 1.083718 -11.504634 9.636804
v 1.019479 -11.595766 9.288739
v 0.937042 -11.802005 8.954724
v 0.826799 -12.412037 8.691412
v 0.686498 -12.514755 8.326324
v 0.466367 -12.537834 8.173130
v 0.513963 -13.524433 10.845119
v 0.250589 -13.644655 10.755026
v 0.892077 -12.979190 11.078794
v -0.000000 -11.398290 8.214090
v -0.000000 -10.991226 8.673159
v -0.000000 -13.229215 12.120643
v 0.324987 -13.055082 12.096080
v 0.646665 -12.693468 12.074509
v 0.928189 -12.317471 11.625477
v 0.995877 -12.429202 11.366939
v 0.966943 -12.566574 11.245629
v 0.931893 -12.770802 11.216506
v 0.696544 -13.153697 11.206191
v 0.412799 -13.452079 11.018016
v 0.331439 -13.594221 11.080588
v 0.769704 -13.268577 11.445633
v 0.973676 -12.723633 11.367444
v 0.946610 -12.557485 11.492685
v 0.753733 -12.979352 11.779708
v 0.392449 -13.440907 11.664818
v -0.000000 -13.628079 11.697585
v 0.272536 -13.763051 11.192617
v 1.598756 -11.615171 12.593079
v 1.616067 -11.566105 12.546042
v 1.591210 -11.592507 12.497056
v 1.483263 -11.696159 12.416568
v 1.728850 3.006894 8.982957
v 1.806171 3.833393 8.494071
v 2.230918 3.571253 9.163631
v 1.776698 -0.065560 11.234337
v 1.690278 1.683793 11.133358
v 0.942306 1.694843 12.092731
v 0.886344 -0.214398 12.310688
v 2.147688 1.813265 9.857484
v 2.651722 0.193066 9.714644
v 2.822583 0.245489 7.786536
v 2.085409 1.788514 8.343189
v 1.728850 3.006894 8.982957
v 2.095902 3.119798 10.151663
v 1.670308 -2.824960 13.621140
v 0.783158 -2.740111 13.704289
v 0.833355 -3.410171 13.874962
v 0.849848 -3.630321 13.931035
v 0.866341 -3.850472 13.987109
v 0.899326 -4.290772 14.099259
v 1.513317 -1.602224 12.844649
v 2.131146 -1.448773 11.574203
v 2.817452 -1.061262 9.708308
v 2.664504 -1.952970 9.719070
v 2.562472 -2.223546 7.804794
v 2.788627 -1.159669 7.657233
v 2.489281 -2.924733 8.605889
v 2.319458 -3.162122 7.600324
v 2.562472 -2.223546 7.804794
v 1.952502 -2.694613 6.599865
v 1.294493 -4.176714 6.611859
v 0.919183 -4.309662 6.295207
v 1.530541 -1.762184 5.999002
v 2.400802 7.685752 6.464946
v 2.845481 7.149494 7.809846
v 3.021562 6.591553 6.741026
v 3.189604 6.406447 8.090905
v 3.171137 4.691019 8.298932
v 3.096268 5.312122 6.712394
v 2.451003 3.970430 8.456595
v 2.459500 4.618535 6.857820
v 1.043852 4.714059 7.436355
v 0.532021 4.947151 7.373726
v 0.807023 4.073542 8.010347
v 1.047076 7.481039 4.997598
v 0.973521 7.407300 5.575616
v 1.455054 8.120282 5.801178
v 1.535606 8.078769 5.148119
v 2.059270 8.263681 6.124002
v 2.143685 8.225069 5.259010
v 2.495009 7.904693 5.262800
v 0.439640 8.767010 10.550243
v -0.000000 8.708947 10.701739
v 0.000000 6.896643 11.811640
v 1.422706 6.898952 11.543671
v 0.000000 5.052335 12.275067
v 1.585144 5.062273 12.064844
v 2.641952 4.905657 11.073637
v 2.426224 6.691485 10.655075
v 1.670511 8.372960 10.056388
v 2.003818 7.532222 10.482525
v 0.449352 9.154590 9.721222
v 1.147153 9.012464 9.092601
v 1.234412 8.281396 6.433141
v 1.949853 8.438159 6.940133
v 0.425205 7.552524 6.758967
v 0.791774 8.565968 7.151242
v 0.734500 7.370927 6.227315
v 0.450062 6.311380 6.893554
v 0.425205 7.552524 6.758967
v 0.734500 7.370927 6.227315
v 0.678734 6.199675 6.442972
v 0.267283 9.602753 10.233620
v 0.439640 8.767010 10.550243
v 0.449352 9.154590 9.721222
v 0.408147 9.526552 9.734051
v 0.337001 9.452118 9.399939
v -0.000000 8.708947 10.701739
v -0.000000 9.593169 10.395417
v -0.000000 9.348908 9.212959
v 0.000000 9.912441 8.812961
v 0.598184 10.007116 9.070973
v 0.508489 10.166882 9.838451
v 0.771299 10.908306 9.063715
v 0.674226 10.956144 9.589911
v 0.491564 11.922017 9.616721
v 0.000000 11.892194 9.972227
v 0.000000 11.048521 10.124544
v 3.041993 6.528748 9.286057
v 3.164172 4.517564 9.259580
v 1.923027 8.176244 8.657889
v 2.524255 7.352495 8.971973
v 2.238311 7.892540 7.528784
v 1.570546 8.814422 7.848580
v 2.985946 4.556500 10.266266
v 2.426224 6.691485 10.655075
v 2.095902 3.119798 10.151663
v 2.985946 4.556500 10.266266
v 1.826920 3.276376 11.240252
v 1.010623 3.437635 12.043090
v 0.000000 -9.556444 10.563709
v 0.000000 -8.994879 10.107514
v -0.000000 -10.297711 10.781260
v 0.000000 -9.556444 10.563709
v -0.000000 -13.687191 8.816227
v -0.000000 -13.649576 8.598878
v -0.000000 -13.659657 9.069565
v -0.000000 -13.234917 8.326242
v -0.000000 -13.709638 10.559793
v -0.000000 -13.690456 10.343612
v -0.000000 -13.594948 10.082762
v -0.000000 -13.513350 10.007471
v -0.000000 -10.892478 9.238998
v -0.000000 -11.961216 8.069908
v -0.000000 -12.542057 8.122844
v -0.000000 -13.688732 10.674868
v -0.000000 -13.903960 11.218237
v -0.000000 -13.976092 10.940267
v -0.000000 1.733972 12.407747
v 0.000000 4.035501 7.659854
v 0.000000 4.979227 7.240584
v 0.000000 8.734848 8.439108
v 0.000000 9.121546 9.370112
v 0.000000 7.811356 7.070933
v 0.000000 8.734848 8.439108
v 0.000000 6.317681 6.930134
v 0.000000 7.811356 7.070933
v 0.000000 9.121546 9.370112
v 0.000000 10.244073 10.322460
v 0.000000 10.891209 8.666117
v 0.000000 3.461986 12.282683
v 1.305453 -11.847767 12.323263
v 1.035431 -11.947850 12.281257
v 0.881952 -11.762253 12.364923
v 0.770606 -11.736421 12.441965
v 1.246793 -11.796605 12.655950
v 1.442537 -11.648377 12.631454
v 1.000188 -11.833215 12.628318
v 0.798478 -11.773192 12.546271
v 1.488556 -11.553152 12.575208
v 1.503322 -11.515737 12.540066
v 1.492553 -11.536996 12.500960
v 1.416842 -11.618525 12.444826
v 1.284669 -11.719526 12.374892
v 1.079712 -11.796737 12.340106
v 1.272970 -11.420763 12.417434
v 0.000000 -8.557116 9.086309
v 0.000000 -8.286373 8.378597
v 2.118770 -8.890915 12.776199
v 2.424079 -9.012393 12.805071
v 2.122598 -9.162633 12.700197
v 2.176790 -8.921913 11.602174
v 2.174675 -9.157581 11.494436
v 2.346937 -8.774133 11.502062
v 2.176790 -8.921913 11.602174
v 2.119994 -9.296716 12.459642
v 2.266589 -9.084069 12.479323
v 1.924196 -9.381852 12.021554
v 2.176790 -8.921913 11.602174
v 2.315459 -9.094254 12.080654
v 2.026263 -9.546008 12.776904
v 2.018269 -10.419667 13.447060
v 1.853630 -9.746643 13.449715
v 1.837747 -9.585702 12.364638
v 2.096124 -9.181687 13.151488
v 1.447392 -9.589556 11.160912
v 2.118770 -8.890915 12.776199
v 2.174675 -9.157581 11.494436
v 2.639840 -6.551305 7.501502
v 3.180746 -6.347229 8.374963
v 3.553042 -5.296410 9.222628
v 3.451761 -4.228078 8.273751
v 3.396761 -3.544241 9.138364
v 1.896987 -6.027542 6.838814
v 2.969500 -4.396319 -0.019186
v 1.525852 -4.699064 0.061675
v 2.220778 -4.298207 -0.043688
v 3.244122 -5.084327 -0.014966
v 1.477702 -5.425391 0.082254
v 2.051345 -5.868527 0.083299
v 2.789658 -5.728980 0.047817
v 3.460774 -5.460443 0.103678
v 3.016882 -5.775994 0.141220
v 1.093193 -5.968364 0.385041
v 1.217949 -6.145711 1.140316
v 1.353887 -5.587789 0.973642
v 1.060932 -5.402236 0.446421
v 1.344237 -5.729031 0.142250
v 1.093193 -5.968364 0.385041
v 1.060932 -5.402236 0.446421
v 1.111494 -4.923700 0.421320
v 1.080773 -4.972195 0.700193
v 1.111494 -4.923700 0.421320
v 1.085191 -5.099020 0.984321
v 0.802353 -4.590059 0.622616
v 0.844847 -4.724631 0.569986
v 0.747639 -4.793923 0.759359
v 0.760170 -4.572909 0.834543
v 1.020623 -4.944275 1.277762
v 1.040937 -4.581964 1.411688
v 1.186490 -4.250515 1.345518
v 0.875122 -4.374768 0.799069
v 0.915494 -4.460830 0.588248
v 0.977823 -4.804932 0.564221
v 0.851276 -4.894979 0.641529
v 1.085191 -5.099020 0.984321
v 1.080773 -4.972195 0.700193
v 1.073729 -4.601413 0.548500
v 0.977993 -4.597772 0.532655
v 1.084345 -4.546213 0.599160
v 1.153640 -4.601377 0.596195
v 1.153640 -4.601377 0.596195
v 1.259046 -4.519279 0.765305
v 1.239746 -4.620309 0.456561
v 1.259046 -4.519279 0.765305
v 1.277733 -4.086120 1.056817
v 0.994275 -4.452321 0.717315
v 1.289521 -4.594245 1.646521
v 1.460980 -4.963744 1.887259
v 1.496589 -4.253595 2.010435
v 1.328693 -4.261982 1.595164
v 1.040937 -4.581964 1.411688
v 1.020623 -4.944275 1.277762
v 1.281254 -5.031737 1.436823
v 1.601785 -5.795791 1.078047
v 1.946220 -5.959484 1.019921
v 2.391898 -5.841761 1.181485
v 1.530063 -5.424505 1.213689
v 1.719914 -5.315691 1.810180
v 2.362612 -5.423249 1.813598
v 3.096897 -5.481117 1.196262
v 2.825167 -5.191362 1.858378
v 3.377302 -5.186076 1.108599
v 3.278713 -6.069304 1.366454
v 3.609941 -5.907072 1.137058
v 3.625317 -5.166036 0.406748
v 3.719469 -5.706192 0.428681
v 3.719469 -5.706192 0.428681
v 3.510106 -5.778741 0.035186
v 3.625317 -5.166036 0.406748
v 3.302727 -4.302882 0.533481
v 2.524304 -3.905125 0.497480
v 1.807668 -4.033412 0.497826
v 1.239746 -4.620309 0.456561
v 1.259046 -4.519279 0.765305
v 1.807668 -4.033412 0.497826
v 1.239746 -4.620309 0.456561
v 1.277733 -4.086120 1.056817
v 1.788130 -3.670378 1.223218
v 1.496589 -4.253595 2.010435
v 1.772434 -3.683525 2.060762
v 1.328693 -4.261982 1.595164
v 2.361079 -3.278665 7.588591
v 1.445453 -4.175085 6.813598
v 1.249370 -4.133118 6.521180
v 1.445453 -4.175085 6.813598
v 1.571648 -5.112687 6.241977
v 1.450637 -5.192342 6.830241
v 1.249370 -4.133118 6.521180
v 2.668248 -5.890392 6.372538
v 3.135718 -5.326310 6.825651
v 3.048892 -5.211537 5.692043
v 2.552833 -5.713833 5.552366
v 3.024485 -5.225591 4.426296
v 2.463172 -5.640731 4.347396
v 2.793310 -5.123450 2.895073
v 2.321507 -5.446563 2.876654
v 1.848930 -5.430535 2.850252
v 1.904697 -5.573944 4.358638
v 1.504295 -5.095509 4.380388
v 1.497738 -5.057196 2.880151
v 1.491788 -4.294430 3.081392
v 1.491788 -4.294430 3.081392
v 1.827209 -3.593412 3.219990
v 2.524372 -3.479024 3.191180
v 2.548874 -3.493427 2.128388
v 2.574960 -3.460472 1.239350
v 2.524304 -3.905125 0.497480
v 3.302727 -4.302882 0.533481
v 3.211530 -4.187954 1.202213
v 2.972754 -4.210850 2.006109
v 2.873425 -4.167823 3.060794
v 3.151379 -4.111100 4.616684
v 3.176759 -3.960710 5.928665
v 3.214507 -4.087927 7.432974
v 2.615628 -3.175934 4.913377
v 2.742811 -2.830465 6.512837
v 2.674400 -2.816530 6.006780
v 2.682111 -3.309752 7.592870
v 1.398468 -4.175915 5.681858
v 2.026781 -2.976060 6.532023
v 2.006031 -2.914495 6.015549
v 1.904075 -3.219527 4.908421
v 1.423665 -4.226368 4.610233
v 1.423665 -4.226368 4.610233
v 1.567333 -5.129389 5.609361
v 1.398468 -4.175915 5.681858
v 1.998260 -5.741035 6.208138
v 1.966460 -5.631383 5.526472
v 2.689384 -5.900403 0.174872
v 2.127793 -6.019988 0.147034
v 2.150895 -6.356117 0.064687
v 2.730728 -6.241590 0.080371
v 2.708516 -6.644033 0.109691
v 2.291899 -6.718739 0.067076
v 3.052361 -6.018216 0.070524
v 3.536034 -6.151851 0.059054
v 3.159587 -6.331290 0.092652
v 1.804724 -5.971419 0.097808
v 1.312733 -5.931009 0.038262
v 1.726365 -6.517000 0.069307
v 1.316316 -6.447490 0.012284
v 3.703881 -6.218257 0.391871
v 3.373348 -6.578577 0.469209
v 3.011233 -6.455843 0.330385
v 2.970960 -6.339249 0.451663
v 1.951690 -6.494197 0.439462
v 1.862061 -6.591165 0.312037
v 1.551396 -6.786098 0.392916
v 1.170544 -6.554652 0.316480
v 2.751040 -6.768672 1.014952
v 2.905602 -6.619443 0.397063
v 2.970960 -6.339249 0.451663
v 2.767091 -6.383318 1.203152
v 2.481488 -6.513414 1.373273
v 2.511481 -6.793627 1.193148
v 2.605146 -7.009298 0.505841
v 2.260701 -6.931143 1.035798
v 2.178810 -6.911140 0.388962
v 1.951690 -6.494197 0.439462
v 2.115220 -6.570922 1.245149
v 2.178810 -6.911140 0.388962
v 2.605146 -7.009298 0.505841
v 2.905602 -6.619443 0.397063
v 2.825572 -5.771067 1.045108
v 3.070052 -6.189798 1.201091
v 3.170035 -6.491006 0.999513
v 3.373348 -6.578577 0.469209
v 3.621266 -6.330940 0.890579
v 3.318841 -6.392614 1.160298
v 3.170035 -6.491006 0.999513
v 3.703881 -6.218257 0.391871
v 1.519984 -6.254343 1.336600
v 1.789521 -6.292556 1.197054
v 1.722972 -6.688037 0.929193
v 1.722972 -6.688037 0.929193
v 1.524071 -6.656419 1.077468
v 1.289156 -6.656356 0.905700
v 1.170544 -6.554652 0.316480
v 1.551396 -6.786098 0.392916
v 2.472991 -2.600634 12.018301
v 2.472991 -2.600634 12.018301
v 1.147153 9.012464 9.092601
v 1.670511 8.372960 10.056388
v 2.003818 7.532222 10.482525
v 1.323432 7.876365 2.969813
v 1.317870 7.256952 2.970655
v 1.562240 6.843920 3.072441
v 2.664504 -1.952970 9.719070
v 1.047076 7.481039 4.997598
v 1.163522 7.612823 4.356921
v 0.973521 7.407300 5.575616
v 0.459591 -4.349606 5.943686
v 0.000000 -7.917428 7.719160
v -0.000000 -6.459574 6.913697
v 0.876015 3.619059 8.227991
v 0.000000 3.633061 7.778950
v 1.006648 2.368841 7.752416
v -0.000000 2.481670 7.463200
v -0.000000 3.174375 7.781967
v 0.945008 3.108332 8.237824
v 1.587700 0.091355 6.155355
v 0.765271 -1.650297 5.552155
v 0.793850 0.094732 5.750577
v 1.952502 -2.694613 6.599865
v 1.294493 -4.176714 6.611859
v 0.328052 -0.219590 12.383714
v 0.398201 -0.551778 12.526998
v 0.468350 -0.883965 12.670280
v 0.608648 -1.548341 12.956847
v 1.417987 1.610922 7.108880
v 0.652275 -1.846283 13.143707
v 0.695903 -2.144226 13.330568
v 0.717717 -2.293197 13.423998
v 0.739530 -2.442168 13.517427
v 1.250326 7.757276 3.675191
v 1.243905 7.170884 3.605834
v 0.708502 1.717333 6.811150
v 1.186490 -4.250515 1.345518
v 1.186490 -4.250515 1.345518
v 2.822576 -9.093474 11.408834
v 2.501809 -8.892763 12.243138
v 2.554805 -8.885674 12.236660
v 2.181286 -8.846634 11.848994
v 2.052741 -9.102602 11.974071
v 2.317155 -8.873472 12.284693
v 2.367721 -8.686154 12.012474
v 2.317155 -8.873472 12.284693
v 2.535880 -8.847507 12.489208
v 2.216323 -9.039185 12.463396
v 2.548979 -8.694950 12.385914
v 2.169039 -8.656185 12.858296
v 2.443951 -9.184826 11.345479
v 2.346937 -8.774133 11.502062
v 2.792180 -8.915194 11.171675
v 2.652701 -8.744493 11.325631
v 2.662671 -8.804570 11.078514
v 2.517085 -8.720119 11.353620
v 2.774863 -8.791810 11.280066
v 2.337509 -8.786986 12.773037
v 2.169039 -8.656185 12.858296
v 2.312652 -8.745786 12.319279
v 2.216323 -9.039185 12.463396
v 2.206088 -8.878461 12.634825
v 2.289577 -8.613591 12.489165
v 2.119994 -9.296716 12.459642
v 1.000661 -6.187184 14.184325
v 0.000000 -13.399794 9.807631
v 0.365465 -13.355226 9.803515
v 0.538933 -12.630140 9.457700
v -0.000000 -12.776853 9.402881
v 0.648427 -13.014538 9.801941
v 0.697407 -12.617496 9.788460
v 0.764878 -12.331341 9.858162
v 0.504216 -12.012373 9.417006
v 0.994733 -12.218032 9.887386
v 1.134948 -12.159103 9.897266
v 0.656720 -11.681407 9.581887
v 0.877708 -11.525109 9.965973
v 1.216561 -12.160452 9.920547
v 1.250787 -12.192730 9.956435
v 1.269332 -12.248256 9.998133
v 0.973668 -11.654339 10.312822
v 1.278743 -12.348000 10.040062
v 1.313091 -12.496911 10.078219
v 0.988854 -11.926964 10.567216
v 1.068712 -12.983686 10.032573
v 0.949332 -12.647627 10.564077
v 0.517239 -13.376920 10.016334
v -0.000000 -13.034491 10.489024
v -0.000000 -12.338392 9.351081
v -0.000000 -12.012373 9.417006
v -0.000000 -11.681407 9.581887
v -0.000000 -11.525109 9.965973
v -0.000000 -11.654339 10.312822
v -0.000000 -11.926964 10.567216
v -0.000000 -12.647627 10.564077
v -0.000000 -13.513350 10.007471
v 2.561500 -8.852580 12.142904
v 3.106723 5.069983 0.155449
v 3.256887 5.150570 0.554705
v 3.351423 4.872124 0.487773
v 3.223885 4.883478 0.199737
v 3.173349 4.795915 0.501089
v 2.971090 5.028249 0.575907
v 3.279882 4.790812 0.658216
v 3.103763 5.092895 0.781707
v 3.361879 4.617013 0.309852
v 3.367139 4.672351 0.253992
v 3.331484 4.621849 0.027797
v 3.296023 4.634300 0.261867
v 3.285126 4.753803 0.156288
v 2.089890 4.124022 0.141401
v 2.112659 4.112263 0.428472
v 2.045543 4.150928 0.378263
v 2.101505 4.275255 0.270918
v 2.174461 4.162544 0.374252
v 2.099999 4.424429 0.311777
v 2.242386 4.375450 0.601695
v 2.117390 4.313640 0.764737
v 1.989348 4.356855 0.610136
v 2.079076 4.640951 0.264066
v 2.298591 4.676262 0.662553
v 2.078496 4.707197 1.020799
v 1.896705 4.641366 0.677789
v 1.085428 4.624627 0.638904
v 1.119313 4.958242 0.812303
v 0.967131 5.108364 1.058332
v 0.975034 4.568851 0.782590
v 0.793702 4.914172 0.791016
v 0.883040 4.595733 0.625334
v 0.992361 4.881037 0.305804
v 1.005839 4.668947 0.350470
v 1.071463 4.417913 0.417578
v 1.021228 4.524143 0.313240
v 1.020401 4.368088 0.463197
v 0.972133 4.402761 0.411144
v 1.046308 4.378978 0.196884
v 0.728399 -4.927646 0.732832
v 0.805437 -4.801595 0.901281
v 0.944074 -4.726136 0.607966
v 0.847121 -4.838432 0.552788
v 1.003528 -4.908784 0.844685
v 0.851525 -4.995543 0.695838
v 0.751142 -5.036423 0.791653
v 0.881007 -4.927497 1.015579
v 0.705106 -5.012449 0.502175
v 0.697758 -4.960037 0.495988
v 0.741105 -4.907183 0.312378
v 0.759704 -4.992979 0.477750
v 0.790275 -4.887998 0.464256
v 1.599684 -7.267438 0.162869
v 1.583626 -7.278809 0.428030
v 1.532066 -7.237555 0.380861
v 1.585953 -7.107381 0.286538
v 1.577830 -6.951516 0.324142
v 1.668878 -7.007141 0.579088
v 1.635977 -7.229949 0.383418
v 1.557409 -7.070947 0.708476
v 1.458407 -7.020378 0.572732
v 1.572997 -6.663422 0.278884
v 1.719089 -6.635089 0.632623
v 1.536375 -6.641568 0.819386
v 1.380153 -6.658213 0.623709
v 2.597206 -7.416764 0.138549
v 2.601763 -7.431160 0.474749
v 2.543524 -7.387667 0.418452
v 2.646999 -7.374239 0.418461
v 2.584382 -7.243641 0.297147
v 2.568823 -7.073974 0.343939
v 2.681907 -7.126817 0.665069
v 2.581722 -7.204549 0.833155
v 2.471649 -7.155330 0.663495
v 2.547805 -6.764174 0.289221
v 2.717702 -6.723383 0.733247
v 2.548250 -6.741144 0.974299
v 2.365182 -6.774847 0.630175
v 3.289482 -6.956605 0.046572
v 3.328956 -6.962722 0.388803
v 3.269848 -6.926826 0.335676
v 3.293374 -6.804213 0.207675
v 3.285340 -6.656660 0.256445
v 3.426108 -6.697193 0.575146
v 3.368375 -6.913824 0.327859
v 3.351802 -6.759891 0.754510
v 3.227835 -6.720912 0.591703
v 3.148679 -6.380063 0.664824
v 3.258901 -6.379916 0.198986
v 3.468383 -6.339827 0.637851
v 3.338392 -6.349948 0.899079
v 0.000000 -8.273931 14.519935
v 0.000000 -9.303439 14.430543
v 0.000000 -7.191685 14.577161
v -0.000000 -4.778416 14.666472
v -0.000000 -5.081818 14.870305
v -0.000000 -0.234637 12.678837
v -0.000000 -0.515887 12.892595
v -0.000000 -1.570009 13.279364
v -0.000000 -1.808876 13.577191
v -0.000000 -5.761052 14.731402
v -0.000000 -5.889856 14.898020
v 0.000000 -9.303439 14.430543
v -0.000000 -1.538410 5.429333
v -0.000000 0.098109 5.669822
v -0.000000 -4.389550 5.916188
v -0.000000 1.823743 6.837441
v 1.022393 -12.010648 12.519902
v 1.070659 -11.952349 12.731368
v 0.887155 -11.954459 12.689486
v 0.805489 -11.952350 12.519902
v 0.887155 -11.952350 12.350318
v 1.070659 -11.952350 12.308435
v 1.217818 -11.952350 12.425790
v 1.217818 -11.952349 12.614016
v 0.854711 -11.812447 12.868096
v 1.022393 -11.812447 12.906369
v 0.720241 -11.812447 12.760861
v 0.645615 -11.812447 12.605901
v 0.645615 -11.812448 12.433904
v 0.720241 -11.812448 12.278943
v 0.854711 -11.812448 12.171708
v 1.022393 -11.812448 12.133434
v 1.190075 -11.812448 12.171704
v 1.324546 -11.812448 12.278943
v 1.399171 -11.812448 12.433905
v 1.399171 -11.812447 12.605901
v 1.324545 -11.812447 12.760861
v 1.190075 -11.812447 12.868096
v 0.813297 -11.607510 12.954094
v 1.022393 -11.607510 13.001821
v 0.645615 -11.607510 12.820373
v 0.552559 -11.607510 12.627138
v 0.552559 -11.607511 12.412664
v 0.645615 -11.607511 12.219433
v 0.813297 -11.607511 12.085709
v 1.022393 -11.607511 12.037985
v 1.231489 -11.607511 12.085709
v 1.399171 -11.607511 12.219433
v 1.492228 -11.607511 12.412664
v 1.492227 -11.607510 12.627138
v 1.399171 -11.607510 12.820373
v 1.231489 -11.607510 12.954096
v 0.729456 -11.380040 12.887233
v 1.126941 -11.380040 12.977957
v 0.552559 -11.380042 12.519902
v 0.729456 -11.380042 12.152571
v 1.126941 -11.380042 12.061848
v 1.445699 -11.380042 12.316050
v 1.445699 -11.380040 12.723756
v 0.000000 -6.851038 14.606725
v -0.000000 -6.534600 14.706219
v 0.945008 3.108332 8.237824
v -0.000000 3.174375 7.781967
v 2.119994 -9.296716 12.459642
v 2.119994 -9.296716 12.459642
v 2.122598 -9.162633 12.700197
v -0.000000 -3.811497 14.396501
v -0.000000 -4.089804 14.504895
v -0.000000 -4.406338 14.714062
v -0.000000 -2.698395 14.114584
v -0.000000 -2.985265 14.044314
v -0.000000 -5.348258 14.630665
v -0.000000 -5.399569 14.910072
v 0.000000 -6.243916 14.653451
v -0.000000 -3.118413 14.310483
v -0.000000 -3.422739 14.310197
v -0.000000 -2.095544 13.556149
v -0.000000 -2.215106 13.859559
v -0.000000 -0.889351 12.923953
v -0.000000 -2.472597 13.825804
v -0.000000 -3.564654 14.474844
v -0.570011 11.879872 9.367476
v -1.539644 -10.245961 11.154793
v -2.194757 -10.518073 11.474754
v -2.451939 -9.961102 11.413786
v -2.174857 -9.746837 11.246405
v -2.194757 -10.518073 11.474754
v -1.539644 -10.245961 11.154793
v -1.825721 -10.889947 11.441319
v -2.033860 -11.031238 11.807036
v -2.309783 -10.648984 11.809790
v -2.309783 -10.648984 11.809790
v -2.471259 -10.148046 11.822454
v -2.591091 -9.837331 11.569219
v -2.471259 -10.148046 11.822454
v -2.608796 -9.610690 11.586384
v -2.480529 -9.649158 11.522102
v -2.309783 -10.648984 11.809790
v -2.452535 -10.663041 12.030102
v -2.711975 -10.071339 11.991831
v -2.469625 -10.682971 12.389778
v -2.732205 -9.960903 12.320297
v -2.019713 -11.261158 12.215161
v -2.469625 -10.682971 12.389778
v -2.452535 -10.663041 12.030102
v -2.190957 -11.033399 12.505288
v -2.390527 -10.642787 12.544779
v -2.398107 -9.951101 12.474591
v -2.622922 -9.953334 12.488601
v -2.390527 -10.642787 12.544779
v -2.460298 -10.159619 12.538256
v -0.528749 -12.208585 12.472337
v -0.502500 -12.159303 12.570274
v -0.620053 -11.917487 12.443933
v -0.767915 -11.956931 12.320984
v -0.322565 -12.430729 12.624236
v -0.337044 -12.360102 12.678161
v -0.811954 -10.082368 14.232986
v -0.744742 -11.014516 13.939292
v -1.877797 -10.555693 13.839308
v -2.021346 -10.173292 13.624396
v -2.027619 -10.471042 13.641743
v -1.877797 -10.555693 13.839308
v -2.027619 -10.471042 13.641743
v -2.018269 -10.419667 13.447060
v -1.739971 -10.745420 13.532357
v -2.271354 -10.144951 14.462343
v -2.232884 -9.987041 14.321940
v -1.562628 -10.519539 14.008863
v -1.908909 -10.194236 14.403271
v -0.811954 -10.082368 14.232986
v -1.612550 -9.598185 14.325709
v -2.232873 -9.643026 14.813596
v -2.304070 -9.593433 14.741847
v -1.984606 -9.396038 13.809055
v -2.307358 -10.179636 12.930870
v -2.385004 -9.752810 12.770862
v -2.477224 -9.631149 12.836170
v -2.434328 -10.124157 13.000957
v -2.521626 -9.645790 12.564761
v -2.506022 -9.464591 12.652654
v -2.460298 -10.159619 12.538256
v -2.355358 -10.265947 12.646254
v -2.356602 -9.962903 12.792381
v -2.469765 -9.927099 12.584751
v -2.398107 -9.951101 12.474591
v -2.460298 -10.159619 12.538256
v -2.355358 -10.265947 12.646254
v -2.469765 -9.927099 12.584751
v -2.361827 -10.596087 12.567438
v -2.018269 -10.419667 13.447060
v -1.853630 -9.746643 13.449715
v -2.264569 -9.702534 13.443350
v -2.351313 -9.758018 13.062452
v -2.086967 -10.504703 13.339334
v -2.285854 -10.225618 13.005768
v -2.201634 -10.607834 12.976887
v -2.280228 -9.561555 13.009867
v -2.434328 -10.124157 13.000957
v -2.477224 -9.631149 12.836170
v -2.646168 -9.574809 12.777985
v -2.530971 -10.120973 12.883244
v -2.658618 -9.454311 12.711698
v -2.670527 -9.588470 12.633759
v -2.551101 -10.138236 12.678202
v -2.393368 -10.655750 12.662142
v -2.364192 -10.597713 12.889337
v -2.201634 -10.607834 12.976887
v -2.285854 -10.225618 13.005768
v -2.107020 -11.018434 12.759262
v -2.201634 -10.607834 12.976887
v -2.364192 -10.597713 12.889337
v -2.393368 -10.655750 12.662142
v -2.361827 -10.596087 12.567438
v -2.361827 -10.596087 12.567438
v -2.506022 -9.464591 12.652654
v -1.678850 -11.410852 13.190211
v -1.708827 -11.083579 13.332732
v -2.086967 -10.504703 13.339334
v -1.309043 -11.569257 13.332219
v -1.318890 -11.149307 13.621482
v -1.562628 -10.519539 14.008863
v -0.763429 -11.624280 13.570805
v -0.653445 -12.148808 13.167849
v -0.672329 -12.426707 12.981425
v -0.363238 -12.442841 12.994447
v -0.613327 -12.353795 12.782983
v -0.363862 -12.469823 12.791418
v -0.953471 -12.448997 12.832793
v -0.912160 -12.272061 12.703255
v -0.818360 -12.317364 13.054389
v -0.964391 -12.231840 13.085514
v -1.302517 -11.942467 13.178517
v -1.287337 -12.159019 12.926269
v -1.714426 -11.662433 12.933783
v -0.952774 -11.965975 13.250875
v -0.803109 -12.054329 13.209947
v -1.855476 -11.458606 12.713129
v -1.686896 -11.555624 12.614387
v -1.633404 -11.748801 12.745587
v -1.238616 -11.966272 12.717555
v -1.267146 -12.076939 12.747572
v -1.530770 -11.749673 12.679832
v -0.918544 -12.045202 12.685229
v -0.652072 -11.951624 12.574962
v -0.565078 -12.167989 12.667203
v -1.561716 -11.641307 12.363807
v -1.672019 -11.520924 12.470801
v -1.706635 -11.489761 12.551434
v -1.960603 -11.280749 12.614884
v -1.986167 -8.929300 13.367504
v -1.837747 -9.585702 12.364638
v -2.224459 -8.971197 14.228605
v -2.339977 -8.647091 13.770085
v -2.354566 -9.083187 14.842909
v -2.409441 -8.643315 14.439501
v -2.354566 -9.083187 14.842909
v -1.919660 -9.561930 14.680891
v -1.989342 -8.759192 14.266776
v -2.409441 -8.643315 14.439501
v -2.339977 -8.647091 13.770085
v -2.005310 -8.721790 13.922307
v -1.986167 -8.929300 13.367504
v -2.266589 -9.084069 12.479323
v -2.539629 -9.092476 12.398741
v -2.356602 -9.962903 12.792381
v -2.553020 -9.026286 12.211228
v -2.315459 -9.094254 12.080654
v -2.248373 -8.958804 12.003619
v -2.052741 -9.102602 11.974071
v -1.924196 -9.381852 12.021554
v -2.345768 -8.717552 11.857869
v -2.569980 -8.702150 11.996991
v -2.463989 -8.716332 12.009946
v -2.662671 -8.804570 11.078514
v -2.517085 -8.720119 11.353620
v -2.492682 -8.992139 11.121581
v -2.852973 -9.365521 11.597663
v -2.395221 -9.471283 11.521048
v -2.480529 -9.649158 11.522102
v -2.573032 -9.424527 11.256810
v -2.599311 -9.445421 11.136400
v -2.504033 -9.354749 11.097260
v -2.504033 -9.354749 11.097260
v -2.174857 -9.746837 11.246405
v -2.522780 -9.019363 12.512210
v -2.289577 -8.613591 12.489165
v -2.312652 -8.745786 12.319279
v -2.427535 -8.610177 12.379335
v -2.497314 -8.654296 12.546644
v -2.424079 -9.012393 12.805071
v -2.122598 -9.162633 12.700197
v -2.206088 -8.878461 12.634825
v -2.499770 -8.876735 12.712438
v -2.502225 -9.118476 12.797943
v -2.280228 -9.561555 13.009867
v -2.502225 -9.118476 12.797943
v -2.434328 -10.124157 13.000957
v -2.285854 -10.225618 13.005768
v -2.434328 -10.124157 13.000957
v -2.367721 -8.686154 12.012474
v -2.181286 -8.846634 11.848994
v -0.960718 -8.334487 14.372810
v -1.239124 -8.485169 13.957026
v -0.841150 -9.287551 14.293880
v -0.728028 -9.295495 14.362211
v -1.364730 -7.190501 13.782178
v -1.058814 -6.907977 14.255056
v -1.455103 -8.331262 13.469368
v -1.612099 -7.213834 13.075679
v -1.774674 -7.612309 11.830807
v -1.733186 -8.451431 12.179630
v -2.119200 -5.898505 12.674559
v -2.180146 -6.882656 11.436114
v -2.685661 -6.652047 10.983616
v -2.088153 -7.270437 10.181675
v -2.180146 -6.882656 11.436114
v -2.119200 -5.898505 12.674559
v -2.889935 -5.502259 11.685746
v -3.437483 -5.314202 10.615852
v -3.217966 -6.304765 10.203053
v -2.669757 -6.954782 9.284772
v -2.353826 -6.947987 8.118146
v -1.573580 -7.320285 8.722654
v -1.671090 -6.298439 7.337680
v -1.093318 -6.934139 7.735024
v -1.281622 -5.283848 7.361090
v -1.294493 -4.176714 6.611859
v -0.919183 -4.309662 6.295207
v -0.629684 -6.347819 7.102842
v -2.922048 -3.852044 11.821216
v -3.438370 -3.597017 10.618184
v -1.497409 -5.802768 13.819901
v -0.965769 -5.754707 14.141886
v -0.932547 -5.022739 14.120572
v -1.633727 -4.231258 13.805379
v -2.450068 -4.060037 12.966532
v -2.450068 -4.060037 12.966532
v -0.728028 -9.295495 14.362211
v -0.841150 -9.287551 14.293880
v -0.841150 -9.287551 14.293880
v -1.564697 -8.967649 14.170555
v -1.239124 -8.485169 13.957026
v -1.455103 -8.331262 13.469368
v -1.733186 -8.451431 12.179630
v -1.455103 -8.331262 13.469368
v -2.018269 -10.419667 13.447060
v -1.476852 -8.606997 11.194201
v -1.397269 -8.024056 10.476429
v -0.572412 -8.814293 10.135458
v -0.708350 -9.408101 10.702366
v -0.970535 -8.008618 9.162475
v -0.562545 -8.343771 9.115213
v -0.544490 -8.144732 8.529512
v -1.093318 -6.934139 7.735024
v -0.629684 -6.347819 7.102842
v -0.526434 -7.847493 7.992086
v -1.573580 -7.320285 8.722654
v -2.088153 -7.270437 10.181675
v -1.447392 -9.589556 11.160912
v -1.837747 -9.585702 12.364638
v -1.447392 -9.589556 11.160912
v -0.708350 -9.408101 10.702366
v -0.589848 -10.273691 10.899298
v -2.096124 -9.181687 13.151488
v -2.357924 -8.975218 13.123104
v -2.255214 -8.721704 12.975935
v -2.118770 -8.890915 12.776199
v -2.524568 -9.005880 12.934171
v -2.459638 -8.745687 12.901567
v -2.337509 -8.786986 12.773037
v -2.502225 -9.118476 12.797943
v -2.424079 -9.012393 12.805071
v -2.315459 -9.094254 12.080654
v -2.647725 -9.141248 12.043536
v -2.416272 -8.860302 11.741302
v -2.650213 -8.895985 11.708749
v -2.905282 -9.225163 11.906710
v -2.840073 -8.961602 11.617554
v -1.762389 -9.349799 11.267797
v -1.447392 -9.589556 11.160912
v -2.254536 -9.319038 11.217440
v -2.101713 -9.136449 11.175871
v -2.183970 -9.104221 11.289413
v -1.774818 -9.492687 11.645578
v -1.762389 -9.349799 11.267797
v -2.174675 -9.157581 11.494436
v -2.183970 -9.104221 11.289413
v -2.480529 -9.649158 11.522102
v -2.395221 -9.471283 11.521048
v -2.174857 -9.746837 11.246405
v -1.539644 -10.245961 11.154793
v -2.101713 -9.136449 11.175871
v -2.542611 6.853829 0.005150
v -2.673552 6.150060 -0.006086
v -3.073421 5.959531 0.116294
v -3.034095 6.176936 0.404905
v -2.741739 7.105502 0.420443
v -3.314191 5.676686 0.444437
v -3.218690 5.558528 -0.032508
v -3.308878 5.054075 0.141883
v -3.396869 5.004534 0.424477
v -2.999315 4.936742 0.184896
v -3.192849 4.885519 0.365609
v -2.928732 4.889854 0.431341
v -2.769709 5.258100 0.073581
v -2.574327 5.120628 0.535259
v -2.615957 5.502378 0.061459
v -2.328940 5.622375 0.010340
v -2.326658 5.391325 0.054556
v -2.357167 4.998215 0.068353
v -2.308531 4.532871 0.222782
v -2.424312 4.536889 0.560811
v -1.893805 4.443594 0.275610
v -2.112548 4.380236 0.572773
v -1.672299 4.896955 0.096097
v -1.489935 5.084448 0.730867
v -1.747072 4.460485 0.591220
v -1.590131 5.328227 0.091028
v -1.457137 5.579689 0.022798
v -1.287884 5.404031 0.076763
v -1.252544 5.131285 0.077527
v -1.296028 4.907255 0.718093
v -1.153854 4.824504 0.227227
v -1.000489 4.716479 0.599128
v -0.816184 4.921399 0.224306
v -0.699992 4.926373 0.545250
v -0.728894 5.388969 0.083953
v -0.619853 5.575003 0.553712
v -0.756917 5.741267 0.188130
v -0.787605 6.270953 0.523187
v -1.155346 5.887470 0.030901
v -1.080996 6.265381 0.056518
v -2.280321 5.139423 1.155570
v -2.007297 5.066656 1.321381
v -1.924860 5.849487 1.166541
v -2.340545 5.832596 0.990591
v -2.307100 4.600590 0.895897
v -2.099542 4.608697 1.062250
v -1.881115 4.498897 0.949911
v -1.684264 5.062986 1.216825
v -1.364568 5.878316 1.185648
v -1.969145 6.682233 2.246572
v -1.564573 6.759449 2.219941
v -0.907375 6.446649 0.971803
v -1.289855 7.107619 2.095910
v -1.179870 7.270463 1.133502
v -1.428056 7.874002 2.200941
v -1.179870 7.270463 1.133502
v -1.769493 7.789488 1.048967
v -1.910654 8.335935 2.045834
v -1.428056 7.874002 2.200941
v -1.011930 7.034036 0.515410
v -1.686452 7.592373 0.451015
v -2.279568 7.531966 0.424105
v -2.373996 7.706897 0.958817
v -2.395432 8.221340 2.076530
v -2.723272 7.271991 0.957023
v -2.626054 7.585443 2.028096
v -2.741739 7.105502 0.420443
v -2.279568 7.531966 0.424105
v -1.914047 7.212371 0.025085
v -1.686452 7.592373 0.451015
v -1.011930 7.034036 0.515410
v -1.183470 6.813603 0.063506
v -0.787605 6.270953 0.523187
v -1.011930 7.034036 0.515410
v -0.761079 5.561944 1.048258
v -0.619853 5.575003 0.553712
v -0.751661 4.969597 0.959444
v -0.699992 4.926373 0.545250
v -1.000489 4.716479 0.599128
v -0.942520 4.965019 1.140601
v -1.132027 4.898461 1.010473
v -1.296028 4.907255 0.718093
v -1.324925 5.299001 1.122795
v -1.489935 5.084448 0.730867
v -1.747072 4.460485 0.591220
v -2.112548 4.380236 0.572773
v -1.893805 4.443594 0.275610
v -2.424312 4.536889 0.560811
v -2.574327 5.120628 0.535259
v -2.655200 5.337986 1.013022
v -2.956973 4.964286 0.795028
v -2.928732 4.889854 0.431341
v -3.173165 4.974327 0.824923
v -3.192849 4.885519 0.365609
v -3.336243 5.046498 0.783934
v -3.396869 5.004534 0.424477
v -3.202087 5.620868 1.028076
v -3.314191 5.676686 0.444437
v -2.959687 6.203999 0.816328
v -3.034095 6.176936 0.404905
v -2.743333 6.058080 1.023474
v -2.330492 6.907138 2.191708
v -2.122882 6.653221 3.057812
v -2.505965 7.175997 3.038240
v -2.663606 6.741905 4.343554
v -2.548944 7.071609 3.572928
v -2.210558 6.511922 3.373142
v -2.224870 6.120930 3.987549
v -1.489880 6.448638 4.112772
v -1.532554 6.745231 3.444889
v -1.323431 7.876365 2.969813
v -1.505846 8.578867 3.044043
v -1.498921 8.393048 3.740859
v -1.250326 7.757275 3.675190
v -1.960778 9.068265 3.098517
v -1.992231 8.801350 3.698503
v -2.378359 8.904070 3.132562
v -2.558762 8.097820 3.105087
v -2.560668 7.947443 3.722935
v -2.275549 8.728695 3.717702
v -2.047650 8.438744 4.409496
v -2.318093 8.295427 4.383043
v -1.523994 8.200011 4.440839
v -1.163522 7.612822 4.356920
v -1.152899 6.969941 4.279233
v -1.104091 6.671299 5.002985
v -1.489464 5.943929 5.047058
v -1.014405 6.357680 5.716904
v -1.405929 5.186069 6.037928
v -2.305969 5.471182 5.122489
v -2.942665 6.134727 5.353190
v -2.841578 7.094944 5.395242
v -2.633403 7.562948 4.388518
v -1.084781 5.375076 1.261026
v -2.982654 5.475222 1.180029
v -0.709537 -13.004564 9.029078
v -0.710352 -13.050598 8.744761
v -0.465205 -13.486885 8.802551
v -0.448386 -13.499752 9.070376
v -0.607845 -13.141544 8.475310
v -0.458802 -13.489261 8.599172
v -0.409703 -13.204450 8.362370
v -0.670701 -12.982954 9.395491
v -0.386024 -13.399321 9.412715
v -0.817211 -12.559777 9.392768
v -0.841386 -12.474563 9.032238
v -0.897941 -12.232895 9.520736
v -0.954718 -12.017852 9.211824
v -0.995876 -12.089066 9.632263
v -1.040452 -11.807817 9.432922
v -1.182216 -11.984396 9.781195
v -1.159919 -11.709285 9.700203
v -1.299679 -11.958228 9.938123
v -1.231284 -11.714184 9.939027
v -1.370658 -11.993367 10.089134
v -1.268015 -11.779673 10.197296
v -1.420411 -12.071529 10.210940
v -1.321035 -11.874533 10.419296
v -1.448760 -12.204422 10.318005
v -1.352083 -12.059764 10.592508
v -1.380791 -12.585735 10.468148
v -1.285884 -12.562632 10.776531
v -1.101178 -13.102883 10.454447
v -0.977033 -13.074898 10.824317
v -0.547902 -13.578415 10.373837
v -0.511290 -13.614384 10.617898
v -0.393760 -13.361842 9.675553
v -0.704192 -13.029555 9.673169
v -0.801029 -12.661717 9.655008
v -0.838931 -12.365031 9.737736
v -0.975061 -12.206758 9.778078
v -1.141391 -12.131739 9.851870
v -1.274852 -12.114924 9.920643
v -1.321955 -12.158066 9.985501
v -1.359868 -12.219988 10.049048
v -1.384566 -12.317278 10.117249
v -1.383936 -12.514764 10.191291
v -1.144234 -13.027391 10.144512
v -0.562882 -13.510389 10.096561
v -0.365465 -13.355226 9.803515
v -0.648427 -13.014538 9.801941
v -0.697407 -12.617496 9.788460
v -0.764878 -12.331341 9.858162
v -0.994733 -12.218032 9.887386
v -1.134948 -12.159103 9.897266
v -1.216561 -12.160452 9.920547
v -1.250787 -12.192730 9.956435
v -1.269332 -12.248256 9.998133
v -1.278743 -12.348000 10.040062
v -1.313091 -12.496911 10.078219
v -1.068712 -12.983686 10.032573
v -0.517239 -13.376920 10.016334
v -1.444313 -11.881569 11.814923
v -1.334587 -11.863546 12.247068
v -1.277452 -11.329851 11.091290
v -1.300851 -12.055813 11.530366
v -0.991394 -11.189878 10.860448
v -0.503154 -11.076741 10.667754
v -0.301242 -12.680685 12.448504
v -0.582963 -12.434011 12.308884
v -0.837876 -12.298481 11.921440
v -1.019279 -11.992524 12.218822
v -0.694977 -11.071774 9.734063
v -0.580277 -11.165948 10.233166
v -0.949576 -11.300506 9.743703
v -0.898480 -11.310858 10.358115
v -0.743953 -11.075062 9.227139
v -0.938659 -11.310268 9.245135
v -0.769263 -11.130748 8.668652
v -0.877915 -11.383554 8.722406
v -0.575765 -11.431467 8.262125
v -0.763266 -11.484320 8.357825
v -0.723769 -11.964808 8.271475
v -0.829787 -11.913435 8.479269
v -0.510732 -11.972271 8.136486
v -1.119014 -11.508156 10.812747
v -1.254484 -11.889265 11.090013
v -1.229093 -12.289148 11.277472
v -1.235342 -11.923186 10.795466
v -1.218574 -12.471919 11.046588
v -1.152548 -11.697108 10.580104
v -1.108250 -11.575034 10.256486
v -1.104111 -11.505403 9.907729
v -1.083718 -11.504634 9.636804
v -1.019479 -11.595766 9.288739
v -0.937042 -11.802005 8.954724
v -0.826799 -12.412037 8.691412
v -0.686498 -12.514755 8.326324
v -0.466367 -12.537834 8.173130
v -0.250589 -13.644655 10.755026
v -0.513963 -13.524433 10.845119
v -0.892077 -12.979190 11.078794
v -0.324987 -13.055082 12.096080
v -0.646665 -12.693468 12.074509
v -0.928189 -12.317471 11.625477
v -0.995877 -12.429202 11.366939
v -0.966943 -12.566574 11.245629
v -0.931893 -12.770802 11.216506
v -0.696544 -13.153697 11.206191
v -0.412799 -13.452079 11.018015
v -0.331439 -13.594221 11.080588
v -0.769704 -13.268577 11.445633
v -0.973676 -12.723633 11.367444
v -0.946610 -12.557485 11.492685
v -0.753733 -12.979352 11.779708
v -0.392449 -13.440907 11.664818
v -0.272536 -13.763051 11.192617
v -1.598756 -11.615171 12.593079
v -1.616067 -11.566105 12.546042
v -1.591210 -11.592507 12.497056
v -1.483263 -11.696159 12.416568
v -1.728850 3.006894 8.982957
v -2.230918 3.571253 9.163631
v -1.806171 3.833393 8.494071
v -1.776698 -0.065560 11.234337
v -0.886344 -0.214398 12.310688
v -0.942306 1.694843 12.092731
v -1.690278 1.683793 11.133358
v -2.147688 1.813265 9.857484
v -2.085409 1.788514 8.343189
v -2.822583 0.245489 7.786536
v -2.651722 0.193066 9.714644
v -1.728850 3.006894 8.982957
v -2.095902 3.119798 10.151663
v -0.899326 -4.290772 14.099259
v -0.866341 -3.850472 13.987109
v -0.849848 -3.630321 13.931035
v -0.833355 -3.410171 13.874962
v -0.783158 -2.740111 13.704289
v -1.670308 -2.824961 13.621140
v -2.131146 -1.448773 11.574203
v -1.513317 -1.602224 12.844649
v -2.817452 -1.061262 9.708308
v -2.788627 -1.159669 7.657233
v -2.562472 -2.223547 7.804794
v -2.664504 -1.952970 9.719070
v -2.489281 -2.924733 8.605889
v -2.562472 -2.223547 7.804794
v -2.319459 -3.162123 7.600324
v -1.952502 -2.694613 6.599865
v -1.530541 -1.762184 5.999002
v -0.919183 -4.309662 6.295207
v -1.294493 -4.176714 6.611859
v -2.400802 7.685751 6.464946
v -3.021562 6.591552 6.741026
v -2.845481 7.149494 7.809846
v -3.096268 5.312122 6.712394
v -3.171137 4.691019 8.298932
v -3.189603 6.406447 8.090907
v -2.459500 4.618535 6.857820
v -2.451003 3.970430 8.456595
v -1.043852 4.714058 7.436355
v -0.532021 4.947151 7.373726
v -0.807023 4.073542 8.010347
v -1.047076 7.481039 4.997597
v -1.535606 8.078768 5.148118
v -1.455054 8.120281 5.801177
v -0.973521 7.407300 5.575615
v -2.143685 8.225068 5.259009
v -2.059270 8.263680 6.124000
v -2.495009 7.904693 5.262800
v -0.439640 8.767010 10.550243
v -1.422706 6.898952 11.543671
v -1.585144 5.062273 12.064844
v -2.426224 6.691485 10.655075
v -2.641952 4.905657 11.073637
v -1.670511 8.372960 10.056389
v -2.003818 7.532222 10.482526
v -0.449352 9.154590 9.721222
v -1.147153 9.012464 9.092602
v -1.234411 8.281396 6.433140
v -1.949853 8.438159 6.940133
v -0.425205 7.552524 6.758967
v -0.734499 7.370927 6.227314
v -0.791774 8.565968 7.151242
v -0.450062 6.311380 6.893554
v -0.678733 6.199675 6.442972
v -0.734499 7.370927 6.227314
v -0.425205 7.552524 6.758967
v -0.267283 9.602753 10.233620
v -0.408147 9.526552 9.734051
v -0.449352 9.154590 9.721222
v -0.439640 8.767010 10.550243
v -0.337001 9.452118 9.399939
v -0.598184 10.007116 9.070973
v -0.508489 10.166882 9.838451
v -0.674226 10.956144 9.589911
v -0.771299 10.908306 9.063715
v -0.491564 11.922017 9.616721
v -3.164172 4.517564 9.259580
v -3.041993 6.528748 9.286057
v -1.923026 8.176244 8.657890
v -2.238310 7.892540 7.528784
v -2.524255 7.352495 8.971973
v -1.570545 8.814422 7.848579
v -2.985946 4.556500 10.266266
v -2.426224 6.691485 10.655075
v -2.095902 3.119798 10.151663
v -2.985946 4.556500 10.266266
v -1.826920 3.276376 11.240252
v -1.010623 3.437635 12.043090
v -1.305453 -11.847767 12.323263
v -1.035431 -11.947850 12.281257
v -0.881952 -11.762253 12.364923
v -0.770606 -11.736421 12.441965
v -1.246793 -11.796605 12.655950
v -1.442537 -11.648377 12.631454
v -1.000188 -11.833215 12.628318
v -0.798478 -11.773192 12.546271
v -1.488556 -11.553152 12.575208
v -1.503322 -11.515737 12.540066
v -1.492553 -11.536996 12.500960
v -1.416842 -11.618525 12.444826
v -1.284669 -11.719526 12.374892
v -1.079712 -11.796737 12.340106
v -1.272970 -11.420763 12.417434
v -2.118770 -8.890915 12.776199
v -2.122598 -9.162633 12.700197
v -2.424079 -9.012393 12.805071
v -2.176790 -8.921913 11.602174
v -2.174675 -9.157581 11.494436
v -2.176790 -8.921913 11.602174
v -2.346937 -8.774133 11.502062
v -2.119994 -9.296716 12.459642
v -1.924196 -9.381852 12.021554
v -2.266589 -9.084069 12.479323
v -2.176790 -8.921913 11.602174
v -2.315459 -9.094254 12.080654
v -2.026263 -9.546008 12.776904
v -1.853630 -9.746643 13.449715
v -2.018269 -10.419667 13.447060
v -1.837747 -9.585702 12.364638
v -2.096124 -9.181687 13.151488
v -1.447392 -9.589556 11.160912
v -2.118770 -8.890915 12.776199
v -2.174675 -9.157581 11.494436
v -3.180746 -6.347229 8.374963
v -2.639840 -6.551305 7.501502
v -3.553042 -5.296409 9.222628
v -3.396761 -3.544241 9.138364
v -3.451761 -4.228078 8.273751
v -1.896987 -6.027542 6.838814
v -2.969500 -4.396320 -0.019187
v -2.220778 -4.298208 -0.043688
v -1.525852 -4.699065 0.061675
v -1.477702 -5.425392 0.082254
v -3.244122 -5.084328 -0.014966
v -2.051345 -5.868527 0.083299
v -2.789658 -5.728980 0.047817
v -3.016882 -5.775994 0.141220
v -3.460774 -5.460443 0.103679
v -1.093193 -5.968364 0.385041
v -1.060932 -5.402236 0.446421
v -1.353887 -5.587789 0.973642
v -1.217949 -6.145711 1.140316
v -1.344237 -5.729031 0.142251
v -1.060932 -5.402236 0.446421
v -1.093193 -5.968364 0.385041
v -1.111494 -4.923701 0.421320
v -1.111494 -4.923701 0.421320
v -1.080773 -4.972195 0.700193
v -1.085191 -5.099021 0.984321
v -0.802354 -4.590060 0.622615
v -0.760170 -4.572910 0.834543
v -0.747639 -4.793925 0.759359
v -0.844847 -4.724633 0.569986
v -1.040938 -4.581965 1.411689
v -1.020623 -4.944276 1.277762
v -0.875122 -4.374769 0.799069
v -1.186490 -4.250515 1.345518
v -0.915495 -4.460831 0.588248
v -0.851276 -4.894979 0.641528
v -0.977823 -4.804933 0.564221
v -1.085191 -5.099021 0.984321
v -1.080773 -4.972195 0.700193
v -1.073729 -4.601414 0.548500
v -0.977993 -4.597773 0.532655
v -1.084345 -4.546214 0.599160
v -1.153640 -4.601379 0.596195
v -1.153640 -4.601379 0.596195
v -1.239746 -4.620310 0.456561
v -1.259046 -4.519281 0.765305
v -1.259046 -4.519281 0.765305
v -1.277733 -4.086121 1.056817
v -0.994275 -4.452322 0.717315
v -1.289521 -4.594246 1.646521
v -1.328693 -4.261983 1.595164
v -1.496589 -4.253596 2.010435
v -1.460981 -4.963746 1.887260
v -1.281254 -5.031738 1.436823
v -1.020623 -4.944276 1.277762
v -1.040938 -4.581965 1.411689
v -1.601785 -5.795791 1.078047
v -1.530063 -5.424506 1.213689
v -2.391898 -5.841761 1.181485
v -1.946220 -5.959484 1.019921
v -1.719914 -5.315693 1.810180
v -2.362612 -5.423249 1.813598
v -2.825167 -5.191363 1.858379
v -3.096897 -5.481117 1.196262
v -3.377302 -5.186076 1.108599
v -3.609941 -5.907072 1.137059
v -3.278713 -6.069304 1.366454
v -3.625317 -5.166037 0.406748
v -3.719469 -5.706192 0.428681
v -3.719469 -5.706192 0.428681
v -3.625317 -5.166037 0.406748
v -3.510106 -5.778741 0.035186
v -3.302728 -4.302884 0.533481
v -2.524304 -3.905126 0.497480
v -1.807668 -4.033413 0.497826
v -1.239746 -4.620310 0.456561
v -1.259046 -4.519281 0.765305
v -1.239746 -4.620310 0.456561
v -1.807668 -4.033413 0.497826
v -1.788130 -3.670380 1.223218
v -1.277733 -4.086121 1.056817
v -1.496589 -4.253596 2.010435
v -1.328693 -4.261983 1.595164
v -1.772434 -3.683527 2.060763
v -2.361079 -3.278666 7.588591
v -1.249370 -4.133118 6.521180
v -1.445453 -4.175085 6.813598
v -1.445453 -4.175085 6.813598
v -1.249370 -4.133118 6.521180
v -1.450637 -5.192343 6.830241
v -1.571648 -5.112688 6.241977
v -3.135718 -5.326311 6.825651
v -2.668248 -5.890393 6.372538
v -3.048892 -5.211537 5.692043
v -2.552833 -5.713834 5.552366
v -3.024485 -5.225593 4.426297
v -2.463172 -5.640732 4.347396
v -2.793310 -5.123451 2.895074
v -2.321508 -5.446565 2.876654
v -1.848930 -5.430536 2.850253
v -1.904697 -5.573946 4.358638
v -1.497738 -5.057198 2.880151
v -1.504295 -5.095510 4.380389
v -1.491788 -4.294431 3.081393
v -1.827209 -3.593413 3.219990
v -1.491788 -4.294431 3.081393
v -2.548874 -3.493428 2.128389
v -2.524373 -3.479026 3.191181
v -2.574961 -3.460473 1.239350
v -2.524304 -3.905126 0.497480
v -3.302728 -4.302884 0.533481
v -3.211530 -4.187955 1.202213
v -2.972755 -4.210851 2.006110
v -2.873425 -4.167825 3.060795
v -3.151380 -4.111102 4.616684
v -3.176759 -3.960711 5.928665
v -3.214507 -4.087928 7.432974
v -2.615628 -3.175935 4.913377
v -2.742811 -2.830466 6.512837
v -2.674400 -2.816531 6.006780
v -2.682111 -3.309752 7.592870
v -1.398469 -4.175917 5.681858
v -2.026781 -2.976061 6.532023
v -2.006031 -2.914495 6.015549
v -1.904075 -3.219529 4.908422
v -1.423665 -4.226369 4.610233
v -1.423665 -4.226369 4.610233
v -1.398469 -4.175917 5.681858
v -1.567333 -5.129390 5.609361
v -1.998260 -5.741035 6.208138
v -1.966460 -5.631384 5.526472
v -2.127793 -6.019988 0.147035
v -2.689384 -5.900403 0.174873
v -2.150895 -6.356117 0.064688
v -2.730728 -6.241590 0.080372
v -2.291899 -6.718739 0.067076
v -2.708516 -6.644033 0.109691
v -3.052361 -6.018216 0.070524
v -3.159587 -6.331290 0.092653
v -3.536034 -6.151851 0.059055
v -1.804724 -5.971419 0.097809
v -1.312733 -5.931009 0.038262
v -1.316316 -6.447490 0.012285
v -1.726365 -6.517000 0.069308
v -3.703881 -6.218257 0.391871
v -3.373348 -6.578577 0.469209
v -3.011233 -6.455843 0.330386
v -2.970960 -6.339249 0.451663
v -1.951690 -6.494197 0.439462
v -1.862061 -6.591165 0.312038
v -1.551396 -6.786098 0.392917
v -1.170544 -6.554652 0.316480
v -2.751040 -6.768672 1.014953
v -2.767091 -6.383318 1.203152
v -2.970960 -6.339249 0.451663
v -2.905602 -6.619443 0.397063
v -2.511481 -6.793627 1.193148
v -2.481488 -6.513414 1.373274
v -2.605146 -7.009298 0.505841
v -2.260701 -6.931143 1.035799
v -2.178810 -6.911140 0.388962
v -1.951690 -6.494197 0.439462
v -2.115220 -6.570922 1.245150
v -2.178810 -6.911140 0.388962
v -2.605146 -7.009298 0.505841
v -2.905602 -6.619443 0.397063
v -2.825572 -5.771067 1.045108
v -3.070052 -6.189798 1.201092
v -3.170035 -6.491006 0.999514
v -3.373348 -6.578577 0.469209
v -3.170035 -6.491006 0.999514
v -3.318841 -6.392614 1.160299
v -3.621266 -6.330940 0.890579
v -3.703881 -6.218257 0.391871
v -1.519984 -6.254343 1.336600
v -1.789521 -6.292556 1.197055
v -1.722972 -6.688037 0.929194
v -1.722972 -6.688037 0.929194
v -1.524071 -6.656419 1.077469
v -1.289156 -6.656356 0.905700
v -1.170544 -6.554652 0.316480
v -1.551396 -6.786098 0.392917
v -2.472991 -2.600634 12.018300
v -2.472991 -2.600634 12.018300
v -1.147153 9.012464 9.092602
v -1.670511 8.372960 10.056389
v -2.003818 7.532222 10.482526
v -1.323431 7.876365 2.969813
v -1.317870 7.256952 2.970655
v -1.562239 6.843920 3.072441
v -2.664504 -1.952970 9.719070
v -1.163522 7.612822 4.356920
v -1.047076 7.481039 4.997597
v -0.973521 7.407300 5.575615
v -0.459591 -4.349606 5.943686
v -0.876015 3.619059 8.227991
v -1.006648 2.368841 7.752416
v -0.945008 3.108332 8.237824
v -1.587700 0.091355 6.155355
v -0.793850 0.094732 5.750577
v -0.765271 -1.650297 5.552155
v -1.952502 -2.694613 6.599865
v -1.294493 -4.176714 6.611859
v -0.608648 -1.548341 12.956847
v -0.468350 -0.883965 12.670280
v -0.398201 -0.551778 12.526998
v -0.328052 -0.219590 12.383714
v -1.417987 1.610922 7.108880
v -0.739530 -2.442168 13.517427
v -0.717717 -2.293197 13.423998
v -0.695903 -2.144226 13.330568
v -0.652275 -1.846284 13.143707
v -1.250326 7.757275 3.675190
v -1.243905 7.170884 3.605833
v -0.708502 1.717333 6.811150
v -1.186490 -4.250515 1.345518
v -1.186490 -4.250515 1.345518
v -2.822576 -9.093474 11.408834
v -2.554805 -8.885674 12.236660
v -2.501809 -8.892763 12.243138
v -2.181286 -8.846634 11.848994
v -2.367721 -8.686154 12.012474
v -2.317155 -8.873472 12.284693
v -2.052741 -9.102602 11.974071
v -2.317155 -8.873472 12.284693
v -2.535880 -8.847507 12.489208
v -2.548979 -8.694950 12.385914
v -2.216323 -9.039185 12.463396
v -2.169039 -8.656185 12.858296
v -2.346937 -8.774133 11.502062
v -2.443951 -9.184826 11.345479
v -2.792180 -8.915194 11.171675
v -2.652701 -8.744493 11.325631
v -2.517085 -8.720119 11.353620
v -2.662671 -8.804570 11.078514
v -2.774863 -8.791810 11.280066
v -2.337509 -8.786986 12.773037
v -2.169039 -8.656185 12.858296
v -2.312652 -8.745786 12.319279
v -2.289577 -8.613591 12.489165
v -2.206088 -8.878461 12.634825
v -2.216323 -9.039185 12.463396
v -2.119994 -9.296716 12.459642
v -1.000661 -6.187184 14.184325
v -0.538933 -12.630140 9.457700
v -0.365465 -13.355226 9.803515
v -0.648427 -13.014538 9.801941
v -0.697407 -12.617496 9.788460
v -0.504216 -12.012373 9.417006
v -0.764878 -12.331341 9.858162
v -0.994733 -12.218032 9.887386
v -0.656720 -11.681407 9.581887
v -1.134948 -12.159103 9.897266
v -0.877708 -11.525109 9.965973
v -1.216561 -12.160452 9.920547
v -1.250787 -12.192730 9.956435
v -0.973668 -11.654339 10.312822
v -1.269332 -12.248256 9.998133
v -1.278743 -12.348000 10.040062
v -0.988854 -11.926964 10.567216
v -1.313091 -12.496911 10.078219
v -0.949332 -12.647627 10.564077
v -1.068712 -12.983686 10.032573
v -0.517239 -13.376920 10.016334
v -2.561500 -8.852580 12.142904
v -3.106723 5.069983 0.155449
v -3.223885 4.883478 0.199737
v -3.351423 4.872124 0.487773
v -3.256887 5.150570 0.554705
v -2.971090 5.028249 0.575907
v -3.173349 4.795915 0.501089
v -3.103763 5.092895 0.781707
v -3.279882 4.790812 0.658216
v -3.367139 4.672351 0.253992
v -3.361879 4.617013 0.309852
v -3.331484 4.621849 0.027797
v -3.296023 4.634300 0.261867
v -3.285126 4.753803 0.156288
v -2.089890 4.124022 0.141401
v -2.045543 4.150928 0.378263
v -2.112659 4.112263 0.428472
v -2.101505 4.275255 0.270918
v -2.174461 4.162544 0.374252
v -2.242386 4.375450 0.601695
v -2.099999 4.424429 0.311777
v -2.117390 4.313640 0.764737
v -1.989348 4.356855 0.610136
v -2.298591 4.676262 0.662553
v -2.079076 4.640951 0.264066
v -2.078496 4.707197 1.020799
v -1.896705 4.641366 0.677789
v -1.085428 4.624627 0.638904
v -0.975034 4.568851 0.782590
v -0.967131 5.108364 1.058332
v -1.119313 4.958242 0.812303
v -0.883040 4.595733 0.625334
v -0.793702 4.914172 0.791016
v -1.005839 4.668947 0.350470
v -0.992361 4.881037 0.305804
v -1.021228 4.524143 0.313240
v -1.071463 4.417913 0.417578
v -1.020401 4.368088 0.463197
v -1.046308 4.378978 0.196884
v -0.972133 4.402761 0.411144
v -0.728399 -4.927647 0.732831
v -0.847121 -4.838434 0.552788
v -0.944074 -4.726138 0.607966
v -0.805437 -4.801597 0.901281
v -0.851525 -4.995543 0.695838
v -1.003528 -4.908785 0.844685
v -0.751142 -5.036424 0.791653
v -0.881007 -4.927498 1.015579
v -0.705107 -5.012450 0.502175
v -0.697758 -4.960039 0.495988
v -0.741105 -4.907184 0.312377
v -0.759704 -4.992980 0.477749
v -0.790275 -4.887999 0.464256
v -1.599684 -7.267438 0.162870
v -1.532066 -7.237555 0.380861
v -1.583626 -7.278809 0.428031
v -1.585953 -7.107381 0.286538
v -1.635977 -7.229949 0.383419
v -1.668878 -7.007141 0.579089
v -1.577830 -6.951516 0.324143
v -1.557409 -7.070947 0.708476
v -1.458407 -7.020378 0.572732
v -1.719089 -6.635089 0.632624
v -1.572997 -6.663422 0.278885
v -1.536375 -6.641568 0.819386
v -1.380153 -6.658213 0.623710
v -2.597206 -7.416764 0.138549
v -2.543524 -7.387667 0.418452
v -2.601763 -7.431160 0.474750
v -2.646999 -7.374239 0.418462
v -2.681907 -7.126817 0.665069
v -2.568823 -7.073974 0.343939
v -2.584382 -7.243641 0.297147
v -2.581722 -7.204549 0.833155
v -2.471649 -7.155330 0.663496
v -2.717702 -6.723383 0.733247
v -2.547805 -6.764174 0.289221
v -2.548250 -6.741144 0.974299
v -2.365182 -6.774847 0.630176
v -3.289482 -6.956605 0.046572
v -3.269848 -6.926826 0.335676
v -3.328956 -6.962722 0.388803
v -3.293374 -6.804213 0.207676
v -3.368375 -6.913824 0.327860
v -3.426108 -6.697193 0.575146
v -3.285340 -6.656660 0.256445
v -3.351802 -6.759891 0.754510
v -3.227835 -6.720912 0.591704
v -3.258901 -6.379916 0.198987
v -3.148679 -6.380063 0.664825
v -3.468383 -6.339827 0.637851
v -3.338392 -6.349948 0.899080
v -1.022393 -12.010648 12.519902
v -0.887155 -11.954459 12.689486
v -1.070659 -11.952349 12.731368
v -0.805489 -11.952350 12.519902
v -0.887155 -11.952350 12.350318
v -1.070659 -11.952350 12.308435
v -1.217818 -11.952350 12.425790
v -1.217818 -11.952349 12.614016
v -0.854711 -11.812447 12.868096
v -1.022393 -11.812447 12.906369
v -0.720241 -11.812447 12.760861
v -0.645615 -11.812447 12.605901
v -0.645615 -11.812448 12.433904
v -0.720241 -11.812448 12.278943
v -0.854711 -11.812448 12.171708
v -1.022393 -11.812448 12.133434
v -1.190075 -11.812448 12.171704
v -1.324546 -11.812448 12.278943
v -1.399171 -11.812448 12.433905
v -1.399171 -11.812447 12.605901
v -1.324545 -11.812447 12.760861
v -1.190075 -11.812447 12.868096
v -0.813297 -11.607510 12.954094
v -1.022393 -11.607510 13.001821
v -0.645615 -11.607510 12.820373
v -0.552559 -11.607510 12.627138
v -0.552559 -11.607511 12.412664
v -0.645615 -11.607511 12.219433
v -0.813297 -11.607511 12.085709
v -1.022393 -11.607511 12.037985
v -1.231489 -11.607511 12.085709
v -1.399171 -11.607511 12.219433
v -1.492228 -11.607511 12.412664
v -1.492227 -11.607510 12.627138
v -1.399171 -11.607510 12.820373
v -1.231489 -11.607510 12.954096
v -0.729456 -11.380040 12.887233
v -1.126941 -11.380040 12.977957
v -0.552559 -11.380042 12.519902
v -0.729456 -11.380042 12.152571
v -1.126941 -11.380042 12.061848
v -1.445699 -11.380042 12.316050
v -1.445699 -11.380040 12.723756
v -0.945008 3.108332 8.237824
v -2.119994 -9.296716 12.459642
v -2.122598 -9.162633 12.700197
v -2.119994 -9.296716 12.459642
v -0.552884 -6.349272 13.702033
v 0.199594 -6.349272 13.702033
v -0.176645 -6.117299 14.992237
v -0.353190 -5.437855 13.689308
v 0.399287 -5.437855 13.689308
v 0.023048 -6.221581 15.060263
v -0.132162 -4.641728 13.584796
v -0.132162 -5.389413 13.574532
v 0.149943 -5.779664 14.960550
v -0.432920 -6.041069 13.811151
v 0.319557 -6.041069 13.811151
v -0.056682 -5.434286 14.857692
v -0.132163 -5.685141 13.678607
v -0.132163 -6.383470 13.945673
v 0.149943 -5.431574 14.851819
v -0.432920 -5.268814 13.702325
v 0.319557 -5.268814 13.702325
v -0.056682 -6.047681 14.934929
v -0.132162 -4.930302 13.711239
v -0.132162 -5.678538 13.699505
v 0.149942 -6.081894 14.930016
v -0.610414 -5.872761 13.758530
v 0.142064 -5.872761 13.758530
v -0.234175 -5.261138 14.818330
v -0.132163 -5.517366 13.625139
v -0.132162 -6.214576 13.894392
v 0.149943 -5.258498 14.812291
v -0.132163 -4.752900 13.641451
v -0.132163 -5.465340 13.866159
v 0.149944 -4.705082 14.861992
v -0.108615 -4.711527 13.683630
v 0.643863 -4.711527 13.683630
v 0.267624 -4.051515 14.732250
v -0.132163 -4.359803 13.549521
v -0.132162 -5.049888 13.821103
v 0.149943 -4.049423 14.725745
v -0.208565 -4.276444 13.717270
v 0.543912 -4.276444 13.717270
v 0.167673 -4.984491 14.979774
v -0.208565 -4.545135 13.629752
v 0.543913 -4.545134 13.629752
v 0.167673 -3.883950 14.687089
v -0.357518 -4.193975 13.495492
v -0.357518 -4.882813 13.767752
v -0.075412 -3.881923 14.680452
v -0.132162 -4.268144 13.171857
v -0.132163 -4.872070 13.591666
v 0.149942 -4.404725 14.816512
v -0.432921 -3.420517 13.678618
v 0.319557 -3.420516 13.678618
v -0.056682 -3.204509 14.562073
v -0.012905 -3.055511 13.417411
v -0.012905 -3.736307 13.687499
v 0.269201 -2.947984 14.431591
v -0.567192 -3.094985 13.461396
v 0.185286 -3.094985 13.461396
v -0.190953 -2.753324 14.346267
v -0.132163 -2.919662 13.335735
v -0.132163 -3.601062 13.604918
v 0.149943 -2.821660 14.351442
v -0.432921 -3.343666 13.627497
v 0.319557 -3.343664 13.627497
v -0.056682 -2.157032 13.884399
v -0.432921 -2.746726 13.402509
v 0.319557 -2.746727 13.402509
v -0.056682 -1.382998 13.571892
v -0.132163 -2.470750 13.010303
v -0.132163 -2.991168 13.493747
v 0.149943 -1.384813 13.425034
v -0.132162 -1.900699 12.678277
v -0.132163 -2.600727 12.936069
v 0.149943 -1.867853 13.747832
v -0.432921 -2.617237 13.296881
v 0.319557 -2.617237 13.296881
v -0.056682 -1.263372 13.469812
v -0.132163 -2.587386 13.098325
v -0.132163 -3.111797 13.580254
v 0.149943 -1.514555 13.512922
v -0.313641 -2.290970 13.000036
v 0.438836 -2.290971 13.000036
v 0.062598 -1.132609 13.354818
v -0.132163 -2.066293 12.796082
v -0.132163 -2.636968 13.245035
v 0.149943 -1.204531 13.368733
v -0.612949 -1.343859 12.550627
v 0.139529 -1.343857 12.550627
v -0.236710 -1.167641 13.438079
v -0.257253 -1.649683 12.729012
v 0.495225 -1.649682 12.729012
v 0.118986 -0.480178 12.939527
v -0.132163 -1.355993 12.486063
v -0.132163 -1.916831 12.967816
v 0.149943 -0.480263 12.932569
v -0.432921 -1.169419 12.363215
v 0.319557 -1.169419 12.363215
v -0.056682 -1.016886 13.256046
v -0.003337 -0.792479 12.240092
v -0.003337 -1.524901 12.492471
v 0.278769 -1.014136 13.249096
v -0.432921 -1.509222 12.623203
v 0.319557 -1.509222 12.623203
v -0.056682 -0.347197 12.841565
v -0.132163 -1.209617 12.378692
v -0.132163 -1.781052 12.863012
v 0.149943 -0.347090 12.834621
v 0.707365 -6.086050 13.570266
v 0.605306 -6.686524 13.764099
v -0.456539 -6.093853 14.828960
v 0.591030 -5.437673 13.540395
v 1.265015 -5.438604 13.840652
v -0.510018 -6.215331 14.837708
v 0.549185 -5.685020 13.627786
v 0.423662 -6.382936 13.869258
v -0.590061 -5.436271 14.669203
v 0.526135 -4.889542 13.657060
v 0.540416 -5.637664 13.647696
v -0.646615 -6.037054 14.754682
v 0.256327 -5.871511 13.450488
v 0.930312 -5.872787 13.759146
v -0.740920 -5.272377 14.468947
v 0.573489 -5.517278 13.579486
v 0.447965 -6.214186 13.822787
v -0.565756 -5.264621 14.630135
v 0.359407 -5.482099 13.626487
v 1.033392 -5.482664 13.926495
v -0.674370 -5.097299 14.663392
v 0.557491 -4.066871 13.677238
v 0.571772 -4.808265 13.678221
v -0.615259 -5.163682 14.789400
v 0.522765 -4.446258 13.641943
v 0.397242 -5.136466 13.888125
v -0.616481 -4.156064 14.672205
v 0.590067 -4.631699 13.684519
v 1.264052 -4.630268 13.976214
v -0.407179 -3.990814 14.640533
v 0.517949 -4.279871 13.453444
v 0.392425 -4.969577 13.700635
v -0.621298 -4.001749 14.508118
v 0.559820 -4.203112 13.523876
v 1.233805 -4.202610 13.816410
v -0.473956 -3.789091 14.560899
v 0.525380 -3.516313 13.507300
v 1.079575 -3.943475 13.670216
v -0.635154 -3.420338 14.514780
v 0.282826 -3.504173 13.510516
v 0.956811 -3.503752 13.796150
v -0.714421 -3.068108 14.284201
v 0.694962 -3.229506 13.558614
v 0.569439 -3.909407 13.804570
v -0.444284 -3.124708 14.404196
v -0.043774 -3.338000 13.349900
v 0.630211 -3.340731 13.638095
v -1.041021 -2.919505 14.131327
v 0.415265 -2.451708 12.729873
v 0.191741 -3.136874 12.714847
v -0.510843 -1.942660 13.811942
v 0.147300 -2.454569 13.066998
v 0.821285 -2.466644 13.351893
v -0.852972 -2.037371 13.893990
v 0.573452 -4.712952 13.827890
v 0.449682 -5.410083 14.064095
v -0.567929 -4.584168 14.722694
v -0.894019 -6.086014 13.574913
v -0.811184 -6.686540 13.776580
v 0.518831 -6.091710 14.765924
v -1.029438 -6.041461 13.842499
v -0.327681 -6.040150 13.595395
v 0.404365 -5.439384 14.637982
v -0.798891 -5.685068 13.620350
v -0.697010 -6.383135 13.870887
v 0.593945 -5.437897 14.578288
v -0.780182 -4.889561 13.651122
v -0.791774 -5.637728 13.640952
v 0.639846 -6.035675 14.671930
v -0.913475 -5.873336 13.850882
v -0.211718 -5.872265 13.604696
v 0.520328 -5.266323 14.643703
v -0.818616 -5.517315 13.570221
v -0.716736 -6.214332 13.822708
v 0.574219 -5.266854 14.536504
v -0.865277 -5.482700 13.951256
v -0.163520 -5.482363 13.709958
v 0.598176 -5.090459 14.783309
v -0.833042 -5.118938 13.626089
v -0.750207 -5.832789 13.836067
v 0.579808 -5.094616 14.622803
v -1.027315 -4.441848 13.800071
v -0.325558 -4.442343 13.561472
v 0.490738 -5.168929 14.790757
v -0.811355 -4.066896 13.640940
v -0.822947 -4.808265 13.640492
v 0.608672 -5.167674 14.678616
v -0.783467 -4.798166 13.612265
v -0.081710 -4.797455 13.366241
v 0.650337 -4.178156 14.428546
v -0.777446 -4.446249 13.635958
v -0.675566 -5.136414 13.891154
v 0.615388 -4.162895 14.578777
v -0.818489 -4.631569 13.735543
v -0.116732 -4.631515 13.493855
v 0.615315 -3.999303 14.533878
v -0.684671 -4.544685 13.931875
v -0.088564 -3.747734 14.149300
v 0.680007 -3.647849 14.503101
v -0.460493 -3.842859 13.358789
v -0.377659 -4.549234 13.571402
v 0.952355 -3.836125 14.397546
v -0.851632 -3.178116 13.482719
v -0.149875 -3.176425 13.251497
v 0.666421 -3.853410 14.509913
v -0.678356 -3.340488 13.739225
v 0.023401 -3.340081 13.507942
v 0.755448 -2.897958 14.343924
v -0.557664 -3.384102 13.646363
v 0.144094 -3.382417 13.412786
v 0.662566 -2.021546 13.844039
v -0.610413 -6.506124 13.598657
v 0.142064 -6.506124 13.598657
v -0.234175 -6.041113 14.875802
v -0.132162 -6.149234 13.465988
v -0.132163 -6.849059 13.733281
v 0.149943 -6.038065 14.870409
v -0.169907 -6.252313 13.715807
v 0.570369 -6.253394 13.837875
v -0.352633 -5.892282 14.992908
v 0.320836 -6.553977 13.362740
v 0.994821 -6.556162 13.676588
v -0.676411 -6.085947 14.603630
v -0.798889 -6.361798 13.460375
v -0.697009 -7.180495 13.707106
v 0.593946 -6.252161 14.648026
v -0.818615 -6.198773 13.516283
v -0.716735 -6.899043 13.763377
v 0.574220 -6.085220 14.689590
v -1.098968 -6.253801 13.783841
v -0.397211 -6.251671 13.537547
v 0.364485 -5.890293 14.791258
v -0.432921 -3.068932 13.439852
v 0.319557 -3.068932 13.439852
v -0.056682 -2.627465 14.328539
v -0.012905 -2.439000 13.039273
v -0.012905 -3.120371 13.307660
v 0.269201 -2.345559 14.054087
v -0.567192 -2.904936 13.386779
v 0.185286 -2.904936 13.386779
v -0.190953 -2.470467 14.274418
v 0.041579 -3.065868 13.287890
v 0.715564 -3.070424 13.574450
v -0.955668 -2.654955 14.065414
v 0.479308 -2.721929 13.329665
v 0.353783 -3.401833 13.572628
v -0.659939 -2.641766 14.177008
v 0.396794 -2.556377 13.236889
v 0.271270 -3.237393 13.478472
v -0.742451 -2.488092 14.083934
v -0.533410 -3.069870 13.510561
v 0.168348 -3.065603 13.277204
v 0.900395 -2.650057 14.119884
v -0.678356 -2.906913 13.501480
v 0.023401 -2.902011 13.269589
v 0.755448 -2.488511 14.107946
v -0.623805 -2.556696 13.245292
v -0.521925 -3.237584 13.495868
v 0.769030 -2.495332 14.000942
v -0.432921 -1.623907 12.671389
v 0.319557 -1.623905 12.671389
v -0.056682 -1.400325 13.553088
v -0.012905 -1.359864 12.553056
v -0.012905 -2.069608 12.811543
v 0.269201 -1.492211 13.557792
v -0.567192 -1.453315 12.621123
v 0.185285 -1.453317 12.621123
v -0.190953 -1.245581 13.500015
v 0.325866 -1.605111 12.514843
v 0.999851 -1.639074 12.808730
v -0.671381 -1.400715 13.296971
v 0.607598 -1.261968 12.567217
v 0.482075 -1.969431 12.799051
v -0.531648 -1.399322 13.405684
v 0.681082 -1.082200 12.475916
v 0.555558 -1.796641 12.706766
v -0.458163 -1.242400 13.315701
v -0.813637 -1.632060 12.743686
v -0.111880 -1.603727 12.503771
v 0.620167 -1.401551 13.350055
v -0.851620 -1.468008 12.738457
v -0.149864 -1.437188 12.500239
v 0.582183 -1.245394 13.338960
v -0.866342 -1.083647 12.484616
v -0.764463 -1.798463 12.724571
v 0.526492 -1.240254 13.235185
v -0.458238 -4.195850 13.899483
v 0.137868 -3.950719 13.533668
v 0.906440 -3.311679 14.408585
v 1.040581 -11.270040 7.845757
v 0.981799 -11.197321 7.692501
v 0.973510 -11.271123 7.853859
v 0.816540 -12.430319 9.456660
v 0.787552 -12.599787 10.487976
v 0.884050 -12.274426 10.461874
v 0.904261 -12.125259 9.482803
v 1.131145 -12.293401 10.470957
v 1.143166 -12.147272 9.490607
v 1.193875 -12.468231 9.469703
v 1.186473 -12.628277 10.512492
v 0.937214 -12.831126 9.622171
v 1.128997 -12.761495 9.634908
v 1.118444 -12.879915 10.516298
v 0.921386 -12.956059 10.512070
v 0.816540 -12.430319 9.456660
v 0.845194 -12.158720 8.787224
v 0.946823 -12.567847 8.885098
v 0.942620 -12.727790 9.254547
v 0.928105 -11.901163 8.881655
v 0.845194 -12.158720 8.787224
v 1.152677 -11.916389 8.884820
v 1.185569 -12.182220 8.785334
v 1.130465 -12.660687 9.266502
v 1.128737 -12.502236 8.892372
v 0.947725 -11.588575 8.284578
v 0.877582 -11.744918 8.170919
v 1.130008 -11.588134 8.275194
v 1.161057 -11.745873 8.156609
v 1.126426 -12.305167 8.565720
v 1.121665 -11.916081 8.089533
v 0.967786 -11.958388 8.081915
v 1.025098 -11.408113 7.754913
v 0.940161 -11.397366 7.790447
v 0.877582 -11.744918 8.170919
v 0.940161 -11.397366 7.790447
v 0.787552 -12.599787 10.487976
v 0.953274 -12.366459 8.561544
v 0.331171 -12.894763 9.860819
v 0.186876 -12.870433 9.741128
v 0.229706 -12.889166 9.866023
v 0.380603 -13.108595 10.068196
v 0.343378 -13.255419 10.089849
v 0.307747 -13.144532 9.854166
v 0.234695 -13.106529 10.076675
v 0.179258 -13.100703 9.871657
v 0.178550 -13.192403 10.068580
v 0.178550 -13.192403 10.068580
v 0.179258 -13.100703 9.871657
v 0.515092 -12.837282 9.860788
v 0.394947 -12.814391 9.741128
v 0.412329 -12.831614 9.866060
v 0.634952 -12.987903 10.069378
v 0.579838 -13.144838 10.087669
v 0.491369 -13.090246 9.854050
v 0.418924 -12.985695 10.076544
v 0.361235 -13.045856 9.871766
v 0.335797 -13.077482 10.069704
v 0.335797 -13.077482 10.069704
v 0.361235 -13.045856 9.871766
v 0.189314 -12.935758 9.877106
v 0.062993 -12.856526 9.745941
v 0.107153 -12.904006 9.877872
v 0.215860 -13.110025 10.053207
v 0.121243 -13.312539 10.087211
v 0.103563 -13.135133 9.867435
v 0.102291 -13.068954 10.079033
v 0.008908 -13.064674 9.878279
v -0.000000 -13.178426 10.086066
v -0.000000 -13.178426 10.086066
v 0.008908 -13.064674 9.878279
v -1.040581 -11.270040 7.845757
v -0.973510 -11.271123 7.853859
v -0.981799 -11.197321 7.692501
v -0.816540 -12.430319 9.456660
v -0.904261 -12.125259 9.482803
v -0.884050 -12.274426 10.461874
v -0.787552 -12.599787 10.487976
v -1.143166 -12.147272 9.490607
v -1.131145 -12.293401 10.470957
v -1.193875 -12.468231 9.469703
v -1.186473 -12.628277 10.512492
v -0.937214 -12.831126 9.622171
v -0.921386 -12.956059 10.512070
v -1.118444 -12.879915 10.516298
v -1.128997 -12.761495 9.634908
v -0.816540 -12.430319 9.456660
v -0.942620 -12.727790 9.254547
v -0.946823 -12.567847 8.885098
v -0.845194 -12.158720 8.787224
v -0.845194 -12.158720 8.787224
v -0.928105 -11.901163 8.881655
v -1.152677 -11.916389 8.884820
v -1.185569 -12.182220 8.785334
v -1.128737 -12.502236 8.892372
v -1.130465 -12.660687 9.266502
v -0.877582 -11.744918 8.170919
v -0.947725 -11.588575 8.284578
v -1.130008 -11.588134 8.275194
v -1.161057 -11.745873 8.156609
v -1.121665 -11.916081 8.089533
v -1.126426 -12.305167 8.565720
v -0.967786 -11.958388 8.081915
v -1.025098 -11.408113 7.754913
v -0.940161 -11.397366 7.790447
v -0.940161 -11.397366 7.790447
v -0.877582 -11.744918 8.170919
v -0.787552 -12.599787 10.487976
v -0.953274 -12.366459 8.561544
v -0.331171 -12.894763 9.860819
v -0.229706 -12.889166 9.866023
v -0.186876 -12.870433 9.741128
v -0.380603 -13.108595 10.068196
v -0.307747 -13.144532 9.854166
v -0.343378 -13.255419 10.089849
v -0.234695 -13.106529 10.076675
v -0.179258 -13.100703 9.871657
v -0.178550 -13.192403 10.068580
v -0.179258 -13.100703 9.871657
v -0.178550 -13.192403 10.068580
v -0.515092 -12.837282 9.860788
v -0.412329 -12.831614 9.866060
v -0.394947 -12.814391 9.741128
v -0.634952 -12.987903 10.069378
v -0.491369 -13.090246 9.854050
v -0.579838 -13.144838 10.087669
v -0.418924 -12.985695 10.076544
v -0.361235 -13.045856 9.871766
v -0.335797 -13.077482 10.069704
v -0.361235 -13.045856 9.871766
v -0.335797 -13.077482 10.069704
v -0.189314 -12.935758 9.877106
v -0.107153 -12.904006 9.877872
v -0.062993 -12.856526 9.745941
v -0.215860 -13.110025 10.053207
v -0.103563 -13.135133 9.867435
v -0.121243 -13.312539 10.087211
v -0.102291 -13.068954 10.079033
v -0.008908 -13.064674 9.878279
v -0.000000 -13.178426 10.086066
v -0.008908 -13.064674 9.878279
v -0.000000 -13.178426 10.086066
v 0.776107 -12.640850 9.896437
v 0.635039 -12.613974 9.755936
v 0.655448 -12.634195 9.902627
v 0.916841 -12.817701 10.141354
v 0.852129 -13.001967 10.162832
v 0.748252 -12.937868 9.888527
v 0.663191 -12.815106 10.149770
v 0.595457 -12.885747 9.909325
v 0.565588 -12.922881 10.141735
v 0.565588 -12.922881 10.141735
v 0.595457 -12.885747 9.909325
v -0.776107 -12.640850 9.896437
v -0.655448 -12.634195 9.902627
v -0.635039 -12.613974 9.755936
v -0.916841 -12.817701 10.141354
v -0.748252 -12.937868 9.888527
v -0.852129 -13.001967 10.162832
v -0.663191 -12.815106 10.149770
v -0.595457 -12.885747 9.909325
v -0.565588 -12.922881 10.141735
v -0.595457 -12.885747 9.909325
v -0.565588 -12.922881 10.141735
v 0.415375 -12.863866 9.775421
v 0.318817 -12.832199 9.770217
v 0.282294 -12.803017 9.895113
v 0.427624 -13.009142 9.568045
v 0.328105 -13.099062 9.782073
v 0.353667 -13.141329 9.546392
v 0.287223 -12.969381 9.559563
v 0.215337 -13.023470 9.764585
v 0.210765 -13.037798 9.567661
v 0.215337 -13.023470 9.764585
v 0.210765 -13.037798 9.567661
v 0.518880 -12.615980 9.775454
v 0.416118 -12.610312 9.770181
v 0.398736 -12.593090 9.895113
v 0.638741 -12.689924 9.566860
v 0.495157 -12.868944 9.782188
v 0.583626 -12.846862 9.548569
v 0.422713 -12.687716 9.559694
v 0.365024 -12.824554 9.764475
v 0.339585 -12.779503 9.566536
v 0.365024 -12.824554 9.764475
v 0.339585 -12.779503 9.566536
v 0.205516 -12.935759 9.759136
v 0.115444 -12.904007 9.758367
v 0.067032 -12.856527 9.890298
v 0.234618 -13.033348 9.583032
v 0.111509 -13.135134 9.768806
v 0.130891 -13.235863 9.549031
v 0.110114 -12.992276 9.557206
v 0.007739 -13.064674 9.757959
v -0.002026 -13.101750 9.550174
v 0.007739 -13.064674 9.757959
v -0.002026 -13.101750 9.550174
v 0.619213 -12.296021 9.739803
v 0.498554 -12.289365 9.733613
v 0.478145 -12.269143 9.880302
v 0.759947 -12.396194 9.494884
v 0.591358 -12.593039 9.747713
v 0.695234 -12.580462 9.473410
v 0.506297 -12.393600 9.486471
v 0.438562 -12.540916 9.726915
v 0.408693 -12.501375 9.494505
v 0.438562 -12.540916 9.726915
v 0.408693 -12.501375 9.494505
v -0.415375 -12.863866 9.775421
v -0.282294 -12.803017 9.895113
v -0.318817 -12.832199 9.770217
v -0.427624 -13.009142 9.568045
v -0.353667 -13.141329 9.546392
v -0.328105 -13.099062 9.782073
v -0.287223 -12.969381 9.559563
v -0.215337 -13.023470 9.764585
v -0.210765 -13.037798 9.567661
v -0.210765 -13.037798 9.567661
v -0.215337 -13.023470 9.764585
v -0.518880 -12.615980 9.775454
v -0.398736 -12.593090 9.895113
v -0.416118 -12.610312 9.770181
v -0.638741 -12.689924 9.566860
v -0.583626 -12.846862 9.548569
v -0.495157 -12.868944 9.782188
v -0.422713 -12.687716 9.559694
v -0.365024 -12.824554 9.764475
v -0.339585 -12.779503 9.566536
v -0.339585 -12.779503 9.566536
v -0.365024 -12.824554 9.764475
v -0.205516 -12.935759 9.759136
v -0.067032 -12.856527 9.890298
v -0.115444 -12.904007 9.758367
v -0.234618 -13.033348 9.583032
v -0.130891 -13.235863 9.549031
v -0.111509 -13.135134 9.768806
v -0.110114 -12.992276 9.557206
v -0.007739 -13.064674 9.757959
v 0.002026 -13.101750 9.550174
v 0.002026 -13.101750 9.550174
v -0.007739 -13.064674 9.757959
v -0.619213 -12.296021 9.739803
v -0.478145 -12.269143 9.880302
v -0.498554 -12.289365 9.733613
v -0.759947 -12.396194 9.494884
v -0.695234 -12.580462 9.473410
v -0.591358 -12.593039 9.747713
v -0.506297 -12.393600 9.486471
v -0.438562 -12.540916 9.726915
v -0.408693 -12.501375 9.494505
v -0.408693 -12.501375 9.494505
v -0.438562 -12.540916 9.726915
vn 0.8378 0.4231 -0.3450
vn -0.0000 0.5010 -0.8654
vn -0.0000 0.9117 0.4109
vn 0.2071 -0.1417 -0.9680
vn 0.6136 -0.4183 -0.6698
vn 0.3307 -0.0460 -0.9426
vn 0.5925 -0.3970 -0.7009
vn 0.6091 -0.3527 -0.7103
vn 0.7272 -0.5443 -0.4183
vn 0.7743 -0.4329 -0.4617
vn 0.7742 -0.4329 -0.4617
vn 0.9579 0.0421 0.2840
vn 0.8571 -0.3512 -0.3770
vn 0.8338 0.4910 -0.2525
vn 0.4399 -0.3117 -0.8422
vn 0.8100 -0.5108 -0.2880
vn 0.8736 -0.3695 -0.3167
vn 0.9322 -0.0910 0.3503
vn 0.8293 -0.5071 0.2348
vn 0.7646 -0.6395 -0.0802
vn 0.6208 -0.3276 0.7122
vn 0.8414 -0.5379 0.0523
vn 0.7259 0.1211 -0.6770
vn 0.8830 0.0243 0.4687
vn 0.4687 0.1570 0.8693
vn 0.4702 -0.4702 0.7469
vn 0.8215 -0.4849 0.3001
vn 0.8036 -0.3007 0.5136
vn 0.8297 -0.5568 -0.0402
vn 0.6002 -0.7866 -0.1450
vn 0.5005 -0.5379 0.6784
vn -0.0000 -0.9990 0.0446
vn -0.0000 -0.6098 0.7926
vn -0.0000 -0.4478 0.8942
vn 0.1851 -0.4369 0.8803
vn -0.0000 -0.2373 0.9714
vn 0.0532 -0.2306 0.9716
vn 0.8195 -0.5590 0.1261
vn 0.9949 -0.0518 -0.0862
vn 0.5626 -0.7666 0.3094
vn 0.6335 -0.5736 0.5193
vn 0.8429 -0.3250 0.4288
vn 0.8195 -0.5590 0.1260
vn 0.9518 -0.0143 -0.3063
vn 0.7362 -0.5888 0.3337
vn -0.1604 -0.6001 0.7837
vn 0.1602 -0.6881 0.7077
vn 0.0532 -0.2305 0.9716
vn -0.4095 0.0200 0.9121
vn 0.1827 -0.2944 0.9381
vn 0.9604 -0.1728 0.2185
vn 0.9810 -0.0456 -0.1885
vn 0.4851 -0.0894 0.8699
vn -0.4603 0.5834 0.6692
vn -0.7313 -0.5174 0.4444
vn -0.9372 0.3480 -0.0256
vn -0.5143 0.8165 -0.2624
vn -0.2959 0.1917 -0.9358
vn 0.3696 0.9213 -0.1207
vn 0.9898 -0.1269 0.0655
vn 0.9967 -0.0458 -0.0677
vn 0.9898 -0.1269 0.0654
vn 0.7259 0.1212 -0.6770
vn 0.9322 -0.2525 0.2595
vn 0.5865 0.1015 0.8036
vn -0.7988 0.1268 0.5881
vn 0.7893 -0.3274 0.5194
vn 0.9515 -0.0751 -0.2984
vn 0.6945 -0.3825 0.6095
vn 0.5802 -0.1499 0.8005
vn 0.9934 0.0623 0.0962
vn 0.8941 -0.1961 0.4028
vn 0.6552 0.3051 0.6912
vn -0.4602 0.5834 0.6692
vn 0.8360 0.1133 -0.5369
vn 0.5029 0.8446 0.1838
vn 0.9498 -0.2166 -0.2257
vn 0.9184 -0.3856 -0.0890
vn 0.7240 -0.4111 0.5539
vn 0.6945 -0.3824 0.6095
vn 0.7240 -0.4112 0.5539
vn 0.7961 -0.5041 0.3349
vn 0.9321 -0.2524 0.2596
vn 0.9321 -0.2525 0.2596
vn -0.5143 0.8165 -0.2623
vn 0.7894 -0.3274 0.5193
vn 0.6577 -0.4087 0.6327
vn 0.5607 -0.4128 0.7178
vn 0.4184 -0.4438 0.7924
vn 0.4623 -0.5234 0.7158
vn 0.2280 -0.5500 0.8034
vn -0.0000 -0.5971 0.8021
vn 0.1127 -0.8501 0.5144
vn 0.1066 -0.5669 0.8169
vn 0.0821 -0.9182 0.3875
vn 0.2294 -0.8962 -0.3798
vn 0.0939 -0.7190 -0.6887
vn 0.1899 -0.4004 -0.8964
vn 0.3500 -0.9140 -0.2054
vn 0.2805 -0.6176 0.7348
vn 0.1612 -0.6408 0.7506
vn 0.6270 -0.7732 0.0953
vn 0.4095 -0.5214 0.7486
vn 0.7855 -0.5559 0.2720
vn 0.2588 -0.5405 0.8005
vn 0.1156 -0.5598 0.8205
vn 0.6567 -0.6551 -0.3737
vn 0.7876 -0.5852 -0.1930
vn 0.5997 -0.6048 -0.5240
vn 0.2691 -0.5704 -0.7760
vn 0.1830 -0.2700 -0.9453
vn 0.4341 -0.5359 -0.7242
vn 0.1651 -0.2291 -0.9593
vn 0.3691 -0.5553 -0.7453
vn 0.5801 -0.5146 -0.6314
vn 0.6514 -0.7552 0.0734
vn 0.6432 -0.7453 0.1756
vn 0.6460 -0.7333 -0.2118
vn 0.7712 -0.6362 0.0203
vn -0.0000 -0.8663 0.4995
vn -0.0000 -0.9655 -0.2605
vn 0.3604 0.9314 0.0509
vn 0.9263 0.3680 -0.0811
vn 0.9016 -0.3192 -0.2919
vn 0.6974 0.5366 -0.4751
vn 0.6222 0.7175 0.3133
vn 0.3996 0.3116 0.8621
vn -0.5975 -0.0211 0.8016
vn -0.4611 0.7879 0.4082
vn 0.6221 0.7175 0.3133
vn 0.9263 0.3681 -0.0811
vn -0.4085 0.9046 -0.1215
vn 0.6974 0.5366 -0.4750
vn 0.0511 0.4702 -0.8811
vn 0.7476 0.2617 0.6104
vn 0.8865 -0.2079 -0.4135
vn 0.5753 0.5585 -0.5976
vn -0.7488 0.6585 0.0758
vn -0.6519 0.1864 -0.7351
vn 0.4659 -0.4687 -0.7505
vn 0.0749 0.9431 0.3239
vn 0.8015 0.5362 -0.2646
vn 0.0449 0.4734 -0.8797
vn -0.4562 -0.2816 -0.8441
vn -0.2438 0.9592 -0.1430
vn 0.0945 0.4639 -0.8808
vn 0.6524 0.1267 -0.7472
vn 0.7960 -0.3042 -0.5233
vn 0.8337 0.4910 -0.2526
vn 0.4458 0.7622 0.4693
vn -0.1280 0.7764 -0.6172
vn 0.7883 0.0838 -0.6095
vn -0.1279 0.7764 -0.6171
vn 0.7800 -0.1844 -0.5980
vn 0.1354 0.8423 -0.5218
vn -0.3864 0.0153 -0.9222
vn -0.5867 0.7909 0.1736
vn 0.5183 0.6801 0.5185
vn 0.9930 -0.0307 0.1137
vn 0.5873 0.4487 0.6736
vn 0.6896 0.7234 -0.0342
vn -0.7877 0.4574 0.4126
vn 0.2859 0.8354 -0.4695
vn 0.5803 -0.1499 0.8005
vn 0.4850 -0.0894 0.8699
vn 0.9934 0.0622 0.0963
vn 0.9930 -0.0308 0.1136
vn 0.4850 -0.0895 0.8699
vn -0.5498 0.0946 -0.8299
vn -0.1870 0.9616 0.2011
vn 0.2936 -0.0959 0.9511
vn 0.3390 -0.0089 0.9407
vn 0.5389 -0.0538 0.8406
vn 0.7568 0.2087 0.6195
vn 0.6448 0.0581 0.7621
vn 0.8869 -0.0296 0.4609
vn 0.9040 0.2676 0.3333
vn 0.9492 -0.1394 0.2822
vn 0.9950 0.0593 -0.0808
vn 0.9604 -0.2699 0.0699
vn 0.8554 -0.2405 0.4588
vn 0.7981 -0.5293 0.2878
vn 0.6485 -0.7612 -0.0095
vn 0.7211 -0.6178 0.3135
vn 0.8554 -0.2405 0.4587
vn 0.8459 -0.2229 0.4845
vn 0.9500 -0.1618 0.2670
vn 0.8536 -0.4929 0.1688
vn 0.5802 -0.8136 -0.0365
vn 0.2951 -0.8815 -0.3686
vn 0.4852 -0.8102 -0.3289
vn -0.3437 -0.6062 -0.7172
vn 0.4617 -0.5448 -0.7000
vn -0.0899 -0.5134 -0.8534
vn 0.5055 -0.3940 -0.7676
vn -0.5158 -0.6255 -0.5854
vn 0.6229 -0.2982 -0.7232
vn 0.9527 0.2566 0.1628
vn 0.8996 0.0804 0.4292
vn 0.4771 0.0187 0.8787
vn 0.5378 0.1090 0.8360
vn 0.7344 -0.0553 0.6765
vn 0.5665 0.0288 0.8236
vn 0.8501 -0.0121 0.5265
vn -0.1123 0.6262 0.7715
vn 0.7568 0.2087 0.6194
vn 0.9950 0.0594 -0.0808
vn 0.4696 -0.3429 -0.8136
vn 0.5291 -0.6797 -0.5080
vn 0.8967 -0.1791 -0.4049
vn 0.7738 -0.5835 -0.2466
vn 0.4961 -0.8026 -0.3313
vn 0.6533 -0.7044 -0.2777
vn 0.5257 -0.7655 -0.3710
vn 0.5018 -0.6589 -0.5604
vn 0.5055 -0.3940 -0.7677
vn 0.4851 -0.8102 -0.3289
vn 0.3604 0.9314 0.0510
vn 0.4178 0.1470 -0.8966
vn 0.2591 0.0281 -0.9654
vn -0.7332 0.4312 0.5257
vn 0.4163 0.3448 0.8413
vn -0.7425 0.3118 -0.5929
vn -0.1922 0.6745 0.7128
vn 0.7946 0.5977 0.1069
vn 0.9779 0.1324 0.1617
vn 0.2932 0.3436 -0.8921
vn 0.6896 0.7234 -0.0341
vn 0.9930 -0.0308 0.1137
vn 0.3561 0.5816 0.7314
vn 0.5753 0.5585 -0.5975
vn 0.3398 0.8174 0.4651
vn -0.0953 0.8736 0.4773
vn 0.8384 0.5116 0.1879
vn 0.8991 0.2614 0.3513
vn 0.6057 0.1441 -0.7825
vn -0.4686 0.8308 -0.3002
vn -0.5967 0.7856 0.1638
vn -0.1508 0.6584 -0.7374
vn 0.2845 0.9521 -0.1116
vn 0.0855 0.8462 -0.5259
vn 0.2846 0.9521 -0.1116
vn 0.6322 0.2914 -0.7179
vn 0.1612 -0.0181 -0.9868
vn 0.3599 0.3414 -0.8683
vn 0.7886 0.4933 -0.3671
vn 0.9285 0.3711 0.0071
vn 0.9474 0.3198 -0.0160
vn 0.4587 0.1629 -0.8735
vn 0.8904 -0.4533 -0.0409
vn 0.6080 -0.4122 -0.6785
vn 0.2661 -0.9558 -0.1253
vn -0.2326 -0.7494 -0.6199
vn -0.3652 -0.9301 -0.0397
vn -0.4132 -0.3915 -0.8222
vn 0.4085 -0.9119 0.0386
vn -0.1112 -0.3418 -0.9332
vn 0.0974 -0.1963 -0.9757
vn 0.4924 -0.0975 -0.8649
vn 0.5361 -0.1635 -0.8282
vn 0.8029 -0.5943 0.0464
vn 0.4871 -0.5946 -0.6397
vn 0.1577 -0.9854 0.0645
vn -0.2973 -0.7698 -0.5649
vn -0.6681 -0.7433 0.0337
vn -0.5833 -0.3043 -0.7531
vn -0.3217 -0.9465 0.0264
vn -0.5298 -0.3271 -0.7825
vn -0.0680 -0.2639 -0.9621
vn 0.2463 -0.3388 -0.9081
vn 0.6656 -0.7454 0.0374
vn 0.5509 -0.2687 -0.7901
vn 0.3549 -0.7453 -0.5645
vn -0.0487 -0.9981 0.0379
vn -0.5229 -0.5723 -0.6317
vn -0.8627 -0.5046 -0.0339
vn -0.5803 0.0161 -0.8142
vn -0.9982 0.0583 0.0155
vn -0.7147 0.1682 -0.6789
vn -0.9454 0.2814 -0.1644
vn -0.4764 0.1521 -0.8660
vn -0.1994 -0.0394 -0.9791
vn 0.2632 -0.3235 0.9089
vn 0.1828 -0.3764 0.9083
vn 0.7032 -0.0510 0.7092
vn 0.1157 -0.1456 0.9825
vn 0.6563 -0.5566 0.5094
vn 0.2523 -0.6183 0.7443
vn -0.3410 -0.7766 0.5296
vn -0.4895 -0.3508 0.7983
vn -0.2240 -0.2264 0.9479
vn -0.5618 -0.7342 0.3811
vn 0.2163 -0.9080 0.3589
vn -0.9553 -0.1717 0.2408
vn -0.9202 0.1040 0.3775
vn -0.8790 0.4433 -0.1758
vn -0.8502 0.5248 -0.0411
vn -0.2660 0.8467 -0.4608
vn -0.3263 0.8814 -0.3417
vn -0.8420 0.4885 -0.2289
vn -0.3031 0.8363 -0.4569
vn 0.3473 0.7641 -0.5436
vn 0.4914 0.8140 -0.3096
vn 0.6766 0.6556 -0.3353
vn 0.9934 0.0729 0.0885
vn 0.9002 0.4297 -0.0714
vn 0.7886 0.4933 -0.3670
vn -0.0071 0.4450 -0.8955
vn -0.5238 0.2787 -0.8050
vn -0.7977 0.0567 0.6004
vn -0.7868 -0.4447 0.4280
vn -0.0487 -0.9981 0.0380
vn -0.2367 -0.5161 0.8232
vn 0.3695 -0.7425 0.5587
vn 0.1035 -0.4237 0.8999
vn -0.5183 -0.4636 0.7186
vn -0.3127 -0.8346 0.4536
vn 0.2213 -0.7939 0.5663
vn 0.7883 -0.4287 0.4413
vn 0.7388 0.2567 0.6232
vn 0.9286 0.3711 0.0071
vn 0.9009 0.2374 0.3634
vn 0.4604 -0.1702 0.8712
vn 0.7533 -0.5575 0.3489
vn 0.9437 -0.3017 -0.1352
vn 0.3168 -0.9133 -0.2559
vn 0.2746 -0.8180 -0.5054
vn 0.3694 -0.7966 -0.4785
vn 0.9452 -0.1944 -0.2621
vn 0.9544 -0.2225 -0.1992
vn -0.6310 -0.7149 -0.3010
vn -0.6604 -0.6605 -0.3574
vn -0.9769 0.1997 -0.0764
vn -0.7876 0.5884 0.1830
vn -0.9821 0.1767 -0.0658
vn -0.8322 0.5378 -0.1347
vn -0.2025 0.8807 0.4281
vn -0.1805 0.9772 -0.1122
vn 0.6986 0.7125 -0.0655
vn 0.9943 0.1023 -0.0294
vn 0.9829 0.1783 0.0460
vn 0.6110 0.7046 0.3608
vn 0.7536 0.6243 0.2057
vn -0.0028 0.9362 0.3514
vn -0.6325 0.7525 0.1833
vn -0.9651 0.2548 -0.0613
vn -0.6560 -0.6274 -0.4197
vn -0.9401 -0.2653 -0.2141
vn -0.9601 -0.2197 -0.1728
vn -0.5321 -0.7163 -0.4514
vn -0.8990 -0.2537 -0.3570
vn 0.2472 -0.8108 -0.5306
vn 0.9208 -0.2425 -0.3054
vn 0.9747 0.2192 -0.0442
vn 0.9627 0.2670 -0.0440
vn -0.0647 -0.1168 0.9910
vn 0.0992 -0.1054 0.9895
vn 0.6277 -0.7645 0.1468
vn 0.6741 -0.7385 0.0119
vn 0.9378 -0.3394 0.0728
vn 0.9418 -0.3246 -0.0877
vn 0.5755 -0.7240 -0.3803
vn 0.7741 -0.3571 -0.5226
vn 0.3290 -0.4164 -0.8476
vn 0.5747 -0.7828 0.2387
vn 0.9003 -0.4351 -0.0063
vn 0.9729 -0.2272 -0.0422
vn 0.9617 -0.2726 -0.0274
vn 0.9678 -0.2033 -0.1486
vn 0.9312 -0.3617 -0.0439
vn 0.8022 -0.5072 -0.3149
vn 0.9473 -0.1244 -0.2953
vn 0.8093 -0.2822 -0.5151
vn 0.9284 0.1152 -0.3532
vn 0.9270 0.3387 -0.1611
vn 0.8680 0.1104 -0.4842
vn 0.8593 0.5114 0.0083
vn 0.9190 0.2714 -0.2858
vn 0.8670 0.4813 0.1294
vn 0.9658 0.2213 -0.1352
vn 0.9360 0.2027 0.2877
vn 0.9994 0.0270 0.0213
vn 0.9101 -0.2735 0.3112
vn 0.9452 -0.3018 0.1244
vn 0.7330 -0.5757 0.3623
vn 0.7821 -0.6134 0.1096
vn 0.4383 -0.8910 0.1181
vn 0.4435 -0.8878 -0.1229
vn -0.0000 -0.9435 0.3315
vn -0.0000 -0.9555 0.2949
vn 0.5219 -0.8453 0.1141
vn 0.8711 -0.4778 0.1134
vn 0.9319 -0.2206 0.2880
vn 0.8459 -0.4166 0.3331
vn 0.6354 -0.7289 -0.2549
vn 0.5158 -0.6247 -0.5862
vn 0.6090 -0.2296 -0.7592
vn 0.7441 -0.1845 -0.6421
vn 0.7954 -0.1663 -0.5829
vn 0.8560 -0.1850 -0.4828
vn 0.9392 -0.2104 -0.2715
vn 0.7752 -0.5409 -0.3263
vn 0.3696 -0.7472 -0.5523
vn -0.0000 -0.4246 0.9054
vn 0.2667 -0.5078 0.8191
vn 0.2531 -0.0879 0.9634
vn -0.1564 -0.1097 0.9816
vn -0.1459 -0.0458 0.9882
vn 0.0966 -0.5819 0.8075
vn -0.0062 -0.8936 0.4488
vn -0.2840 -0.8586 -0.4268
vn -0.2656 -0.6853 -0.6781
vn -0.2456 -0.5071 -0.8261
vn -0.2566 -0.4253 -0.8679
vn 0.1512 -0.0419 -0.9876
vn 0.1098 0.0399 -0.9932
vn -0.0020 0.0821 -0.9966
vn 0.4824 -0.8412 0.2441
vn 0.7333 -0.6798 0.0116
vn 0.8446 -0.5354 -0.0036
vn 0.7669 -0.1348 -0.6274
vn 0.5815 0.4692 -0.6645
vn 0.2666 0.7064 -0.6558
vn -0.0000 -0.6118 0.7910
vn 0.4550 -0.5496 0.7006
vn 0.7776 -0.2861 0.5599
vn 0.7516 -0.5193 0.4066
vn 0.2992 -0.8186 0.4902
vn -0.0000 0.9979 0.0646
vn 0.2872 0.9579 0.0061
vn -0.0000 0.9785 0.2064
vn 0.4426 0.8843 0.1485
vn 0.6443 0.7543 -0.1262
vn 0.7330 0.6801 0.0127
vn 0.8891 0.4456 -0.1046
vn 0.5405 0.8402 -0.0433
vn 0.9349 0.2370 -0.2642
vn 0.6040 0.7097 -0.3626
vn 0.3188 0.4904 -0.8111
vn 0.7283 0.3975 -0.5582
vn 0.9480 -0.0004 -0.3181
vn 0.7406 -0.0111 -0.6719
vn 0.3276 0.0381 -0.9440
vn -0.0000 0.7645 -0.6447
vn 0.9544 0.1093 -0.2779
vn 0.9864 0.1609 -0.0332
vn 0.8709 -0.4271 0.2431
vn 0.8849 -0.3052 0.3519
vn 0.9643 0.2390 0.1140
vn 0.9161 0.3987 0.0425
vn 0.8133 0.5787 0.0605
vn 0.8188 0.5739 0.0173
vn 0.8629 0.4416 -0.2458
vn 0.9653 0.1247 -0.2294
vn 0.9738 -0.0406 -0.2236
vn 0.9687 -0.1585 -0.1908
vn 0.7825 -0.1856 -0.5943
vn 0.3437 -0.1893 -0.9198
vn 0.4693 -0.7868 0.4008
vn 0.4306 -0.9022 -0.0245
vn 0.7323 -0.5198 0.4400
vn -0.0000 0.9135 -0.4068
vn -0.0000 0.5296 -0.8482
vn -0.0000 -0.6787 0.7344
vn 0.4966 -0.5819 0.6440
vn 0.7571 -0.3593 0.5456
vn 0.7819 -0.5137 0.3531
vn 0.8055 -0.4416 0.3951
vn 0.8903 -0.3129 0.3310
vn 0.9000 -0.3900 0.1947
vn 0.8012 -0.5895 -0.1031
vn 0.6687 -0.7332 0.1235
vn 0.7831 -0.5538 -0.2830
vn 0.8130 -0.5780 0.0703
vn 0.9761 -0.2039 0.0758
vn 0.9310 -0.1146 0.3466
vn 0.7467 -0.3941 0.5359
vn 0.4940 -0.6923 0.5260
vn -0.0000 -0.8152 0.5792
vn 0.6652 -0.7462 0.0283
vn 0.2145 -0.6292 -0.7470
vn 0.3236 -0.9154 -0.2396
vn 0.2796 -0.8564 0.4340
vn 0.3075 -0.7424 0.5953
vn 0.2781 -0.6546 -0.7030
vn 0.7145 -0.6487 -0.2622
vn 0.8515 -0.0528 -0.5217
vn 0.8672 0.0196 0.4976
vn 0.5614 0.0389 0.8267
vn 0.8220 0.2025 0.5322
vn 0.4305 0.2880 0.8554
vn 0.9429 0.1758 0.2830
vn 0.9241 0.2405 -0.2971
vn 0.9697 0.2078 0.1285
vn 0.8127 0.4971 -0.3039
vn 0.9524 -0.3003 0.0516
vn 0.4922 0.3265 0.8069
vn 0.2523 0.3896 0.8857
vn 0.3802 0.2723 0.8839
vn 0.4188 0.2694 0.8672
vn 0.4135 0.2376 0.8790
vn 0.4261 0.1598 0.8905
vn 0.5279 0.4798 0.7008
vn 0.8785 0.3141 0.3600
vn 0.9975 0.0659 0.0259
vn 0.9593 -0.2035 -0.1957
vn 0.9778 -0.0053 0.2093
vn 0.9475 -0.0805 -0.3094
vn 0.9067 0.0181 -0.4213
vn 0.9394 0.2890 -0.1846
vn -0.5158 -0.6255 -0.5855
vn 0.7721 -0.2131 -0.5987
vn 0.6354 -0.0680 -0.7692
vn 0.8539 0.5196 0.0291
vn 0.9660 0.2516 -0.0596
vn 0.8541 0.5179 0.0480
vn 0.9753 0.2207 0.0057
vn 0.9036 -0.4046 -0.1406
vn 0.9004 -0.3520 -0.2558
vn 0.4187 -0.8324 -0.3631
vn 0.2721 -0.8738 -0.4030
vn -0.3404 -0.7835 -0.5198
vn 0.1141 -0.4284 -0.8963
vn 0.3449 -0.4242 -0.8373
vn -0.9424 0.2589 -0.2119
vn -0.4652 0.8546 -0.2307
vn -0.9577 0.2690 -0.1025
vn -0.5326 0.8461 0.0201
vn 0.4212 0.9054 -0.0530
vn 0.2579 0.9610 0.1002
vn 0.8349 0.5436 0.0864
vn -0.0000 0.4671 0.8842
vn -0.0000 0.3979 0.9174
vn 0.4307 0.5710 0.6989
vn 0.4259 0.4143 0.8044
vn -0.0000 0.1027 0.9947
vn 0.4543 0.0559 0.8891
vn 0.8208 -0.0194 0.5709
vn 0.7926 0.3392 0.5067
vn 0.6976 0.5307 0.4814
vn 0.6489 0.6543 0.3883
vn 0.7777 0.6268 -0.0482
vn 0.3599 0.9330 -0.0013
vn 0.5336 0.8361 -0.1274
vn -0.3873 0.8206 -0.4203
vn -0.3225 0.8241 -0.4658
vn -0.6309 0.2417 -0.7372
vn -0.8750 0.2053 -0.4384
vn -0.8750 0.2054 -0.4384
vn -0.5196 -0.2445 -0.8187
vn -0.8738 -0.2577 -0.4124
vn 0.7777 0.6267 -0.0482
vn 0.7760 0.1575 0.6107
vn 0.9992 -0.0277 0.0283
vn 0.7948 -0.4134 -0.4442
vn -0.0000 0.2312 0.9729
vn -0.0000 -0.3602 -0.9329
vn 0.8191 -0.3303 -0.4689
vn -0.0000 -0.6088 -0.7933
vn 0.8940 -0.0482 0.4455
vn 0.8851 0.0649 -0.4609
vn 0.8801 0.0532 0.4718
vn 0.8308 0.1698 0.5301
vn -0.0000 0.0366 0.9993
vn -0.0000 0.1811 0.9835
vn 0.9240 0.3266 0.1991
vn 0.9218 -0.3829 0.0602
vn 0.8147 0.5644 0.1334
vn 0.7817 0.6176 0.0868
vn 0.8047 0.5916 0.0503
vn 0.4076 0.9085 -0.0922
vn 0.9304 -0.2410 0.2761
vn 0.8109 -0.2249 0.5402
vn 0.4414 -0.0647 0.8950
vn -0.0000 -0.4632 -0.8862
vn -0.0000 -0.7837 -0.6211
vn -0.0000 0.0055 -1.0000
vn -0.0000 -1.0000 -0.0084
vn -0.0000 -0.8665 -0.4992
vn -0.0000 -0.9803 0.1975
vn -0.0000 -0.4226 -0.9063
vn -0.0000 -0.9995 0.0318
vn -0.0000 -0.9795 -0.2016
vn -0.0000 -0.8254 -0.5646
vn -0.0000 -0.0905 -0.9959
vn -0.0000 0.9996 -0.0285
vn -0.0000 0.0720 -0.9974
vn -0.0000 -0.1818 -0.9833
vn -0.0000 -0.9671 -0.2545
vn -0.0000 -0.9650 -0.2623
vn -0.0000 -0.9285 0.3712
vn -0.0000 0.0815 0.9967
vn -0.0000 -0.3880 -0.9217
vn -0.0000 -0.3502 -0.9367
vn -0.0000 0.9512 -0.3084
vn -0.0000 0.4494 -0.8933
vn -0.0000 0.4949 -0.8690
vn -0.0000 -0.1469 -0.9891
vn 0.0001 0.4493 -0.8934
vn -0.0000 0.2264 0.9740
vn -0.0000 0.1080 -0.9942
vn -0.0000 0.0204 0.9998
vn 0.2510 -0.7045 0.6639
vn 0.1463 -0.6608 0.7362
vn 0.6492 -0.7260 0.2269
vn 0.2760 -0.3992 0.8743
vn 0.1111 -0.4783 -0.8711
vn 0.1746 -0.4243 -0.8885
vn 0.1959 -0.4225 -0.8849
vn 0.4401 -0.5954 -0.6722
vn -0.0101 -0.5965 -0.8026
vn -0.3170 -0.9230 -0.2179
vn -0.4128 -0.5664 0.7133
vn -0.2741 -0.3156 0.9085
vn -0.1548 -0.2795 0.9476
vn 0.0298 -0.2953 0.9549
vn 0.0078 -0.9643 0.2648
vn -0.0000 -0.9025 -0.4307
vn -0.0000 -0.9246 -0.3809
vn 0.2859 0.8354 -0.4694
vn -0.7454 0.6354 -0.2014
vn -0.5831 0.8034 -0.1211
vn -0.7455 0.6354 -0.2013
vn -0.7488 0.6585 0.0759
vn -0.8756 0.4771 0.0753
vn -0.7455 0.6354 -0.2014
vn 0.8430 -0.3249 0.4288
vn -0.9474 0.3087 0.0846
vn -0.7332 0.4312 0.5258
vn 0.3812 -0.8140 -0.4384
vn 0.8483 -0.5015 -0.1699
vn 0.9907 -0.1244 -0.0557
vn 0.9569 0.2029 -0.2080
vn 0.8421 0.5240 -0.1277
vn -0.5065 -0.7062 -0.4947
vn -0.4432 0.2643 -0.8566
vn -0.1109 0.3884 -0.9148
vn 0.3649 0.4305 -0.8256
vn 0.4107 0.1017 -0.9061
vn -0.3485 -0.0134 -0.9372
vn 0.0161 -0.2073 -0.9781
vn 0.0905 -0.3798 -0.9206
vn 0.5366 0.0931 -0.8387
vn -0.0836 -0.2820 -0.9558
vn -0.7838 0.0632 0.6178
vn -0.7754 -0.1171 0.6205
vn -0.9837 0.0120 -0.1796
vn -0.9788 -0.0410 -0.2009
vn -0.4628 0.1744 -0.8692
vn -0.8751 0.1675 -0.4540
vn -0.7657 -0.5316 -0.3621
vn -0.7515 -0.6490 0.1186
vn -0.5367 -0.1305 -0.8336
vn -0.9418 -0.3353 -0.0246
vn -0.8013 0.2466 -0.5451
vn -0.9575 0.2464 0.1499
vn -0.7276 -0.4966 0.4734
vn -0.8091 0.1014 0.5789
vn -0.6757 0.6441 0.3586
vn -0.5832 0.7853 -0.2079
vn -0.1567 0.7239 -0.6719
vn 0.1127 -0.3579 -0.9269
vn -0.5391 -0.6714 -0.5084
vn -0.7515 -0.6489 0.1187
vn -0.7657 -0.5316 -0.3620
vn 0.3398 0.1940 -0.9203
vn 0.0082 0.0793 -0.9968
vn 0.3802 0.6154 -0.6904
vn -0.0879 0.6970 -0.7117
vn -0.1377 0.7378 -0.6608
vn -0.6783 0.5632 -0.4719
vn -0.0880 0.6969 -0.7117
vn -0.6069 0.7777 -0.1636
vn 0.0335 0.7808 -0.6239
vn -0.9125 -0.3341 0.2360
vn -0.9428 0.2985 0.1481
vn -0.8106 -0.0274 0.5850
vn -0.7660 0.5031 0.4000
vn -0.7276 -0.4966 0.4733
vn -0.6996 -0.5332 0.4757
vn -0.0420 -0.2111 0.9766
vn 0.0028 -0.3501 0.9367
vn -0.1435 0.0266 0.9893
vn -0.5605 -0.5981 0.5728
vn -0.5200 -0.8287 0.2069
vn 0.1431 -0.9436 0.2986
vn 0.3201 -0.3268 0.8892
vn 0.7263 -0.5896 0.3534
vn 0.8417 0.0347 0.5388
vn 0.0698 -0.1388 0.9879
vn 0.7960 0.0353 0.6043
vn 0.9420 0.2645 -0.2069
vn 0.9827 0.0978 -0.1571
vn 0.4400 0.1260 -0.8891
vn 0.7795 0.5648 -0.2711
vn 0.1246 0.8399 -0.5283
vn -0.4119 0.7468 -0.5221
vn -0.4119 0.7468 -0.5222
vn -0.6069 0.7777 -0.1637
vn -0.4748 0.8683 -0.1438
vn -0.6355 0.7721 -0.0063
vn -0.7660 0.5031 0.4001
vn 0.0476 0.2633 -0.9635
vn -0.2292 0.7863 -0.5738
vn 0.2955 0.9143 -0.2771
vn -0.9414 -0.3225 -0.0984
vn -0.9022 -0.2743 -0.3329
vn 0.4395 -0.8294 -0.3448
vn 0.9603 -0.2375 -0.1465
vn 0.9213 -0.3818 -0.0740
vn 0.3173 -0.9378 -0.1408
vn 0.8751 -0.4729 -0.1031
vn 0.2570 -0.9600 -0.1107
vn 0.8677 -0.4938 -0.0568
vn 0.2463 -0.9662 -0.0768
vn -0.4039 -0.9130 -0.0574
vn -0.4736 -0.8793 -0.0502
vn -0.9202 -0.3916 -0.0007
vn -0.9281 -0.3722 -0.0054
vn -0.9756 0.2181 -0.0241
vn -0.9756 0.2181 -0.0242
vn -0.6033 0.7931 -0.0839
vn 0.4336 0.8956 -0.0999
vn 0.3691 0.9283 0.0452
vn 0.2544 0.9501 -0.1803
vn 0.8924 0.4240 0.1541
vn 0.9557 0.1900 0.2249
vn 0.9777 0.2039 -0.0501
vn 0.9718 0.2043 -0.1175
vn 0.9845 0.1746 -0.0150
vn 0.9564 0.2752 -0.0977
vn 0.4387 0.8624 -0.2528
vn 0.4191 0.8976 -0.1364
vn 0.4987 0.8510 0.1647
vn 0.5950 0.8034 0.0234
vn -0.9855 0.1657 0.0362
vn -0.6417 0.7185 0.2682
vn -0.5594 0.8281 -0.0361
vn -0.5608 0.8120 -0.1614
vn -0.9813 0.1890 -0.0358
vn -0.9135 -0.4066 0.0152
vn -0.5197 -0.8097 -0.2725
vn -0.5033 -0.8616 -0.0661
vn 0.1995 -0.3246 -0.9246
vn -0.0671 -0.2111 -0.9752
vn -0.5042 -0.0070 -0.8636
vn 0.4837 0.1186 -0.8671
vn 0.4593 -0.4041 -0.7911
vn -0.2261 -0.5135 -0.8278
vn -0.6155 -0.0575 -0.7861
vn 0.5078 -0.2988 -0.8080
vn -0.2925 -0.5192 -0.8031
vn 0.1325 -0.0893 -0.9872
vn -0.4190 0.2406 -0.8755
vn 0.3908 -0.4381 -0.8095
vn -0.4100 -0.4001 -0.8196
vn 0.9120 -0.3517 -0.2110
vn 0.2457 -0.9525 -0.1801
vn -0.7330 -0.5763 -0.3614
vn -0.0460 -0.8760 -0.4801
vn -0.0773 -0.9045 -0.4195
vn 0.7309 -0.5868 -0.3485
vn -0.0125 -0.9628 -0.2698
vn -0.8003 -0.5301 -0.2802
vn 0.8967 -0.3763 -0.2330
vn 0.7199 -0.5704 0.3954
vn 0.7587 -0.0687 0.6478
vn 0.1136 -0.1571 0.9810
vn 0.2358 -0.6782 0.6961
vn 0.3259 -0.9256 -0.1923
vn -0.3799 -0.8354 0.3973
vn -0.5359 -0.7833 -0.3150
vn -0.0774 -0.9045 -0.4195
vn -0.6692 -0.2638 0.6946
vn 0.3260 -0.9256 -0.1923
vn 0.0376 -0.3235 0.9455
vn -0.6633 -0.4755 0.5780
vn -0.5962 -0.5361 0.5975
vn 0.7984 -0.5185 0.3062
vn 0.0883 -0.7493 0.6564
vn 0.2458 -0.9525 -0.1801
vn -0.5962 -0.5362 0.5976
vn -0.0742 -0.0658 0.9951
vn 0.6620 -0.2333 0.7123
vn 0.5154 -0.7774 0.3606
vn 0.5154 -0.7774 0.3607
vn -0.0348 -0.7542 0.6557
vn -0.6586 -0.6818 0.3186
vn -0.8003 -0.5302 -0.2802
vn -0.0125 -0.9629 -0.2697
vn 0.8588 0.3571 0.3674
vn 0.6489 0.6544 0.3883
vn -0.9677 -0.2494 -0.0378
vn -0.6330 -0.7669 -0.1057
vn 0.9975 0.0658 0.0259
vn -0.9650 0.2548 -0.0613
vn 0.3404 -0.2914 -0.8940
vn -0.0000 -0.6952 -0.7188
vn -0.0000 -0.4786 -0.8780
vn 0.4510 -0.2112 -0.8672
vn -0.0000 -0.1706 -0.9853
vn -0.0000 0.6050 -0.7962
vn -0.0000 0.2669 -0.9637
vn 0.4708 0.6096 -0.6378
vn 0.5784 0.2898 -0.7625
vn 0.3293 -0.0511 -0.9428
vn 0.6099 0.2688 -0.7455
vn 0.2695 0.3311 -0.9043
vn 0.7721 -0.2130 -0.5987
vn -0.5158 -0.6254 -0.5855
vn 0.3894 0.2366 0.8901
vn 0.3927 0.4397 0.8077
vn 0.3300 0.3975 0.8562
vn 0.2667 0.4799 0.8358
vn 0.5465 0.5890 -0.5953
vn 0.2896 0.5552 0.7797
vn 0.2592 0.5108 0.8197
vn 0.2636 0.5675 0.7801
vn 0.2696 0.5129 0.8150
vn -0.9573 -0.2295 -0.1761
vn 0.2337 0.6300 -0.7406
vn 0.8163 -0.3201 -0.4809
vn 0.1130 0.7138 0.6912
vn 0.6644 0.5128 0.5437
vn -0.6518 0.1864 -0.7351
vn -0.3239 0.7370 0.5932
vn -0.5499 0.0945 -0.8299
vn -0.5456 0.0347 -0.8373
vn 0.9037 -0.2030 -0.3769
vn 0.8309 0.1702 -0.5298
vn -0.5783 0.8113 -0.0858
vn -0.3854 -0.4751 -0.7910
vn -0.5830 0.8034 -0.1211
vn 0.7853 -0.1756 -0.5937
vn 0.0945 0.4640 -0.8808
vn -0.2438 0.9592 -0.1431
vn 0.2858 0.9554 0.0742
vn 0.7289 0.6813 -0.0674
vn 0.2933 0.3436 -0.8921
vn -0.5456 0.0348 -0.8373
vn -0.7877 0.4574 0.4127
vn -0.5867 0.7909 0.1737
vn -0.8756 0.4771 0.0754
vn 0.5781 0.0393 0.8150
vn 0.2668 -0.5078 0.8191
vn -0.5714 0.1997 0.7960
vn 0.0001 -0.4246 0.9054
vn -0.0000 0.3679 0.9299
vn -0.1564 -0.1098 0.9816
vn -0.3723 -0.1356 0.9182
vn -0.0062 -0.8936 0.4487
vn -0.3641 -0.5744 0.7331
vn -0.4720 -0.8656 0.1674
vn -0.2456 -0.5071 -0.8262
vn -0.5362 -0.7390 -0.4079
vn -0.4964 -0.3361 -0.8004
vn 0.1098 0.0399 -0.9931
vn -0.4551 0.3129 -0.8336
vn -0.0021 0.0821 -0.9966
vn -0.0000 0.5172 -0.8559
vn -0.0000 -0.3249 0.9458
vn -0.0000 -0.0043 1.0000
vn -0.0000 -0.7334 0.6798
vn -0.0000 -0.9999 0.0149
vn -0.0000 -0.8319 -0.5550
vn -0.0000 -0.3646 -0.9312
vn -0.0000 0.0978 -0.9952
vn 0.9100 -0.2486 -0.3317
vn 0.9340 0.3188 0.1612
vn 0.9790 0.1899 0.0736
vn 0.0063 -0.2746 -0.9615
vn -0.0115 0.0316 -0.9994
vn -0.7133 -0.6938 0.0995
vn -0.7394 -0.6485 0.1811
vn 0.2979 -0.5604 0.7728
vn 0.0940 -0.3293 0.9395
vn 0.5081 -0.8264 0.2425
vn 0.9787 0.1367 -0.1529
vn -0.6754 -0.7374 -0.0095
vn 0.0632 -0.2958 -0.9531
vn -0.1803 0.3818 -0.9065
vn 0.0662 -0.9489 0.3085
vn -0.8928 -0.4498 -0.0238
vn -0.0776 -0.3198 -0.9443
vn -0.0622 0.4351 -0.8982
vn -0.0255 -0.0208 -0.9995
vn 0.9139 -0.3852 -0.1278
vn 0.9550 -0.2855 0.0804
vn 0.0658 -0.6832 0.7272
vn -0.9149 -0.3844 0.1231
vn -0.0272 -0.2176 -0.9757
vn 0.9716 -0.1996 0.1274
vn 0.0379 -0.5341 0.8445
vn -0.9317 -0.3333 0.1444
vn 0.8380 -0.3163 0.4447
vn 0.0777 -0.4794 0.8742
vn 0.9648 -0.2033 0.1666
vn 0.0138 -0.6755 0.7373
vn -0.8687 -0.3243 0.3744
vn -0.9287 -0.3707 0.0083
vn 0.1199 -0.1271 -0.9846
vn 0.0878 0.0208 -0.9959
vn 0.9580 -0.2855 0.0270
vn 0.0387 0.3976 -0.9167
vn -0.8665 -0.4805 -0.1351
vn 0.1231 -0.3293 -0.9362
vn 0.0675 -0.9422 0.3282
vn -0.9240 0.2822 0.2580
vn 0.1075 0.3406 -0.9340
vn -0.9467 0.3011 0.1147
vn 0.2082 0.5557 -0.8049
vn 0.6141 -0.7795 -0.1234
vn 0.5877 -0.7754 -0.2312
vn -0.4799 -0.8164 0.3212
vn -0.3207 -0.7652 0.5582
vn -0.5713 -0.8003 -0.1819
vn -0.9529 0.2992 -0.0487
vn 0.5525 -0.7466 -0.3707
vn -0.0340 0.2527 -0.9670
vn 0.4349 0.7587 -0.4851
vn 0.0388 -0.9333 0.3570
vn -0.8996 -0.4270 -0.0920
vn 0.0724 -0.3397 -0.9377
vn 0.0409 0.3803 -0.9240
vn 0.0632 -0.0014 -0.9980
vn 0.9616 -0.1949 0.1930
vn 0.9438 -0.3300 0.0161
vn -0.0212 -0.5393 0.8419
vn -0.9575 -0.2739 0.0908
vn 0.0966 -0.1716 -0.9804
vn 0.9582 -0.1631 0.2352
vn -0.0146 -0.3026 0.9530
vn -0.9639 -0.2212 0.1483
vn 0.1122 -0.9376 0.3292
vn -0.8913 -0.4520 -0.0351
vn 0.0205 -0.3040 -0.9524
vn -0.0350 0.4403 -0.8972
vn 0.0251 -0.0583 -0.9980
vn 0.9641 -0.2612 -0.0467
vn 0.9818 -0.1630 0.0977
vn 0.0350 -0.5833 0.8115
vn -0.9327 -0.3270 0.1518
vn 0.1174 -0.1806 -0.9765
vn 0.9842 -0.0881 0.1538
vn 0.0171 -0.2902 0.9568
vn -0.9719 -0.2339 0.0257
vn 0.1274 -0.9446 0.3024
vn -0.8807 -0.4708 0.0520
vn -0.0818 -0.2882 -0.9541
vn -0.1203 0.0258 -0.9924
vn 0.9821 -0.1879 -0.0087
vn -0.1464 0.5124 -0.8462
vn 0.9477 -0.2806 -0.1523
vn 0.1395 -0.6214 0.7710
vn -0.9129 -0.3511 0.2084
vn -0.9327 -0.2464 0.2633
vn -0.0515 -0.2565 -0.9652
vn 0.9940 -0.1002 0.0449
vn 0.1653 -0.3232 0.9318
vn -0.0000 -0.0689 0.9976
vn -0.0000 -0.0912 0.9958
vn -0.0000 -0.0264 0.9997
vn -0.0000 -0.0719 0.9974
vn -0.0000 0.2462 0.9692
vn -0.0000 0.4071 0.9134
vn -0.0000 0.4090 0.9125
vn -0.0000 0.4304 0.9027
vn -0.0000 0.6330 0.7742
vn -0.0000 0.2935 0.9559
vn -0.0000 0.1437 0.9896
vn -0.0000 -0.0911 0.9958
vn -0.0000 0.3577 -0.9338
vn -0.0000 -0.0114 -0.9999
vn -0.0000 -0.3033 -0.9529
vn -0.0000 0.6290 -0.7774
vn 0.1083 -0.8806 0.4614
vn -0.2926 -0.8823 0.3687
vn 0.0016 -1.0000 -0.0020
vn -0.4734 -0.8808 -0.0041
vn -0.2945 -0.8814 -0.3693
vn 0.1051 -0.8814 -0.4606
vn 0.4256 -0.8814 -0.2050
vn 0.4256 -0.8814 0.2050
vn -0.3387 -0.6022 0.7229
vn -0.0076 -0.6039 0.7970
vn -0.6294 -0.6013 0.4922
vn -0.7763 -0.6029 0.1841
vn -0.7754 -0.6039 -0.1848
vn -0.6279 -0.6039 -0.4910
vn -0.3390 -0.6039 -0.7214
vn -0.0076 -0.6039 -0.7970
vn 0.3527 -0.6039 -0.7148
vn 0.6184 -0.6039 -0.5029
vn 0.7788 -0.6039 -0.1700
vn 0.7788 -0.6039 0.1700
vn 0.6184 -0.6039 0.5029
vn 0.3527 -0.6039 0.7148
vn -0.4009 -0.1461 0.9044
vn -0.0312 -0.1461 0.9888
vn -0.7925 -0.1461 0.5921
vn -0.9570 -0.1461 0.2505
vn -0.9570 -0.1461 -0.2505
vn -0.7925 -0.1461 -0.5921
vn -0.4009 -0.1461 -0.9044
vn -0.0312 -0.1461 -0.9888
vn 0.4572 -0.1461 -0.8773
vn 0.7536 -0.1461 -0.6409
vn 0.9709 -0.1461 -0.1896
vn 0.9709 -0.1461 0.1896
vn 0.7536 -0.1461 0.6409
vn 0.4572 -0.1461 0.8773
vn -0.6157 0.1574 0.7721
vn 0.2198 0.1574 0.9628
vn -0.9875 0.1574 -0.0000
vn -0.6157 0.1574 -0.7721
vn 0.2197 0.1574 -0.9628
vn 0.8897 0.1574 -0.4285
vn 0.8897 0.1574 0.4285
vn -0.0000 -0.2022 0.9794
vn -0.0000 -0.0229 0.9997
vn 0.5784 0.2897 -0.7625
vn -0.8756 0.4770 0.0753
vn -0.0000 0.0254 0.9997
vn -0.0000 0.4490 0.8935
vn -0.0000 0.1835 0.9830
vn -0.0000 0.2987 0.9544
vn -0.0000 0.4010 0.9161
vn -0.0000 0.4420 0.8970
vn -0.0000 0.3790 0.9254
vn -0.0000 -0.2219 0.9751
vn -0.0000 0.5297 0.8482
vn -0.0000 0.4302 0.9027
vn -0.0000 0.4891 0.8722
vn -0.0000 0.5304 0.8477
vn -0.0000 0.3029 0.9530
vn -0.0000 0.3966 0.9180
vn -0.0000 0.2809 0.9597
vn -0.8378 0.4231 -0.3450
vn -0.5925 -0.3970 -0.7009
vn -0.6136 -0.4183 -0.6698
vn -0.3307 -0.0460 -0.9426
vn -0.2071 -0.1417 -0.9680
vn -0.6091 -0.3527 -0.7103
vn -0.7743 -0.4329 -0.4617
vn -0.7272 -0.5443 -0.4183
vn -0.7742 -0.4329 -0.4617
vn -0.8571 -0.3512 -0.3770
vn -0.9579 0.0421 0.2840
vn -0.4399 -0.3117 -0.8422
vn -0.8338 0.4910 -0.2525
vn -0.8100 -0.5108 -0.2880
vn -0.8736 -0.3695 -0.3167
vn -0.8293 -0.5071 0.2348
vn -0.9322 -0.0910 0.3503
vn -0.7646 -0.6395 -0.0802
vn -0.8414 -0.5379 0.0523
vn -0.6208 -0.3276 0.7122
vn -0.4687 0.1570 0.8693
vn -0.8830 0.0243 0.4687
vn -0.7259 0.1211 -0.6770
vn -0.8297 -0.5568 -0.0402
vn -0.8215 -0.4849 0.3001
vn -0.8036 -0.3007 0.5136
vn -0.4702 -0.4702 0.7469
vn -0.5005 -0.5379 0.6784
vn -0.6002 -0.7866 -0.1450
vn -0.0532 -0.2306 0.9716
vn -0.1851 -0.4369 0.8803
vn -0.9949 -0.0518 -0.0862
vn -0.8195 -0.5590 0.1261
vn -0.5626 -0.7666 0.3094
vn -0.8429 -0.3250 0.4288
vn -0.6335 -0.5736 0.5193
vn -0.7362 -0.5888 0.3337
vn -0.9518 -0.0143 -0.3063
vn -0.1602 -0.6881 0.7077
vn 0.1604 -0.6001 0.7837
vn 0.4095 0.0200 0.9121
vn -0.0532 -0.2305 0.9716
vn -0.9604 -0.1728 0.2185
vn -0.1827 -0.2944 0.9381
vn -0.9810 -0.0456 -0.1885
vn 0.9372 0.3480 -0.0256
vn 0.4603 0.5834 0.6692
vn 0.7313 -0.5174 0.4444
vn -0.4851 -0.0894 0.8699
vn 0.2959 0.1917 -0.9358
vn 0.5144 0.8165 -0.2623
vn -0.7259 0.1211 -0.6771
vn -0.3696 0.9213 -0.1206
vn -0.9967 -0.0458 -0.0677
vn -0.9898 -0.1269 0.0655
vn -0.7259 0.1212 -0.6770
vn -0.3748 0.9180 -0.1299
vn -0.9898 -0.1269 0.0654
vn -0.9322 -0.2524 0.2595
vn 0.7988 0.1268 0.5881
vn -0.5865 0.1015 0.8036
vn -0.9515 -0.0751 -0.2984
vn -0.7893 -0.3274 0.5194
vn -0.5802 -0.1499 0.8005
vn -0.6945 -0.3825 0.6094
vn -0.9934 0.0623 0.0962
vn 0.4602 0.5834 0.6692
vn -0.6552 0.3051 0.6912
vn -0.8941 -0.1961 0.4028
vn -0.5029 0.8446 0.1838
vn -0.8360 0.1133 -0.5369
vn -0.9498 -0.2166 -0.2257
vn -0.7240 -0.4111 0.5539
vn -0.9184 -0.3856 -0.0890
vn -0.6945 -0.3824 0.6095
vn -0.6945 -0.3825 0.6095
vn -0.7239 -0.4112 0.5539
vn -0.7961 -0.5041 0.3349
vn -0.9321 -0.2524 0.2596
vn -0.9321 -0.2525 0.2596
vn 0.5143 0.8165 -0.2623
vn -0.5607 -0.4128 0.7178
vn -0.7893 -0.3274 0.5193
vn -0.6577 -0.4087 0.6327
vn -0.4623 -0.5234 0.7158
vn -0.4184 -0.4438 0.7924
vn -0.2280 -0.5500 0.8034
vn -0.0821 -0.9182 0.3875
vn -0.1127 -0.8501 0.5144
vn -0.1066 -0.5669 0.8169
vn -0.0939 -0.7190 -0.6887
vn -0.2294 -0.8962 -0.3798
vn -0.3500 -0.9140 -0.2054
vn -0.1899 -0.4004 -0.8964
vn -0.1612 -0.6408 0.7506
vn -0.2805 -0.6176 0.7348
vn -0.4095 -0.5214 0.7486
vn -0.6270 -0.7732 0.0953
vn -0.7855 -0.5559 0.2720
vn -0.2588 -0.5405 0.8005
vn -0.1156 -0.5598 0.8205
vn -0.5997 -0.6048 -0.5240
vn -0.6567 -0.6551 -0.3737
vn -0.7876 -0.5852 -0.1930
vn -0.4341 -0.5359 -0.7242
vn -0.1830 -0.2700 -0.9453
vn -0.2691 -0.5704 -0.7760
vn -0.1651 -0.2291 -0.9593
vn -0.5801 -0.5146 -0.6314
vn -0.3691 -0.5553 -0.7453
vn -0.6432 -0.7453 0.1756
vn -0.6514 -0.7552 0.0734
vn -0.7712 -0.6362 0.0203
vn -0.6460 -0.7333 -0.2118
vn -0.9263 0.3680 -0.0811
vn -0.3604 0.9314 0.0510
vn -0.6974 0.5366 -0.4751
vn -0.9016 -0.3192 -0.2919
vn -0.3996 0.3115 0.8621
vn -0.6222 0.7174 0.3134
vn 0.5975 -0.0211 0.8016
vn -0.3996 0.3116 0.8621
vn -0.6221 0.7175 0.3133
vn 0.4611 0.7879 0.4082
vn 0.4085 0.9046 -0.1215
vn -0.9263 0.3681 -0.0811
vn -0.7476 0.2617 0.6104
vn -0.0511 0.4702 -0.8811
vn -0.8865 -0.2079 -0.4135
vn -0.5753 0.5585 -0.5976
vn -0.4659 -0.4687 -0.7505
vn 0.6518 0.1865 -0.7351
vn 0.7488 0.6585 0.0758
vn -0.8015 0.5362 -0.2646
vn -0.0749 0.9431 0.3239
vn -0.0450 0.4734 -0.8797
vn 0.2438 0.9592 -0.1430
vn 0.4562 -0.2816 -0.8441
vn -0.0945 0.4639 -0.8808
vn -0.7960 -0.3042 -0.5233
vn -0.6524 0.1266 -0.7472
vn -0.4458 0.7622 0.4693
vn -0.8337 0.4910 -0.2526
vn 0.1280 0.7764 -0.6172
vn -0.7883 0.0838 -0.6095
vn 0.1279 0.7764 -0.6171
vn -0.2070 -0.1417 -0.9680
vn -0.7800 -0.1844 -0.5980
vn 0.3864 0.0153 -0.9222
vn -0.1354 0.8423 -0.5218
vn 0.5867 0.7909 0.1736
vn -0.5183 0.6801 0.5185
vn -0.2859 0.8354 -0.4695
vn 0.7877 0.4574 0.4127
vn -0.6896 0.7234 -0.0342
vn -0.5873 0.4487 0.6736
vn -0.9930 -0.0307 0.1137
vn -0.9930 -0.0308 0.1136
vn -0.4850 -0.0894 0.8699
vn -0.9934 0.0623 0.0963
vn -0.5803 -0.1499 0.8005
vn 0.1870 0.9616 0.2011
vn 0.5498 0.0946 -0.8299
vn -0.7568 0.2087 0.6195
vn -0.3390 -0.0089 0.9407
vn -0.5389 -0.0538 0.8406
vn -0.2936 -0.0959 0.9511
vn -0.8869 -0.0296 0.4609
vn -0.6448 0.0581 0.7621
vn -0.9040 0.2676 0.3333
vn -0.9492 -0.1394 0.2822
vn -0.9604 -0.2699 0.0699
vn -0.9950 0.0593 -0.0808
vn -0.7981 -0.5293 0.2878
vn -0.8554 -0.2405 0.4588
vn -0.6485 -0.7612 -0.0095
vn -0.7211 -0.6178 0.3135
vn -0.8459 -0.2229 0.4845
vn -0.8554 -0.2405 0.4587
vn -0.8536 -0.4929 0.1688
vn -0.9500 -0.1618 0.2670
vn -0.5802 -0.8136 -0.0365
vn -0.4852 -0.8102 -0.3289
vn -0.2951 -0.8815 -0.3686
vn -0.4617 -0.5448 -0.7000
vn 0.3437 -0.6062 -0.7172
vn 0.0899 -0.5134 -0.8534
vn -0.6229 -0.2982 -0.7232
vn -0.5055 -0.3940 -0.7676
vn 0.5158 -0.6255 -0.5854
vn -0.8996 0.0804 0.4292
vn -0.9527 0.2566 0.1628
vn -0.5378 0.1090 0.8360
vn -0.4771 0.0187 0.8787
vn -0.7344 -0.0553 0.6765
vn -0.8501 -0.0121 0.5265
vn -0.5665 0.0288 0.8236
vn 0.1123 0.6262 0.7715
vn -0.9950 0.0594 -0.0808
vn -0.7738 -0.5835 -0.2466
vn -0.5291 -0.6797 -0.5080
vn -0.8967 -0.1791 -0.4049
vn -0.4696 -0.3429 -0.8136
vn -0.6533 -0.7044 -0.2777
vn -0.4961 -0.8026 -0.3313
vn -0.5257 -0.7655 -0.3710
vn -0.5055 -0.3940 -0.7677
vn -0.5018 -0.6589 -0.5604
vn -0.4851 -0.8102 -0.3289
vn -0.4178 0.1469 -0.8966
vn -0.2591 0.0281 -0.9654
vn -0.4178 0.1470 -0.8966
vn -0.4163 0.3448 0.8413
vn 0.7332 0.4312 0.5257
vn 0.1922 0.6745 0.7128
vn 0.7424 0.3119 -0.5929
vn -0.9779 0.1324 0.1617
vn -0.7946 0.5977 0.1069
vn -0.2932 0.3436 -0.8921
vn -0.6896 0.7234 -0.0341
vn -0.3561 0.5816 0.7314
vn 0.0953 0.8736 0.4773
vn -0.3398 0.8174 0.4651
vn -0.8991 0.2614 0.3513
vn -0.8384 0.5116 0.1879
vn -0.6057 0.1441 -0.7825
vn 0.4686 0.8308 -0.3002
vn -0.2845 0.9521 -0.1117
vn 0.5967 0.7856 0.1638
vn 0.1508 0.6584 -0.7374
vn -0.0855 0.8462 -0.5259
vn -0.2846 0.9521 -0.1116
vn -0.6524 0.1267 -0.7472
vn -0.1612 -0.0181 -0.9868
vn -0.6322 0.2914 -0.7179
vn -0.3599 0.3414 -0.8683
vn -0.9286 0.3711 0.0071
vn -0.7886 0.4933 -0.3670
vn -0.9473 0.3198 -0.0160
vn -0.4587 0.1629 -0.8735
vn -0.6080 -0.4122 -0.6785
vn -0.8904 -0.4533 -0.0409
vn 0.2326 -0.7494 -0.6199
vn -0.2661 -0.9558 -0.1253
vn 0.3652 -0.9301 -0.0397
vn -0.4085 -0.9119 0.0386
vn 0.4132 -0.3915 -0.8222
vn 0.1112 -0.3418 -0.9332
vn -0.4924 -0.0975 -0.8649
vn -0.0974 -0.1963 -0.9757
vn -0.5361 -0.1635 -0.8282
vn -0.4871 -0.5946 -0.6397
vn -0.8029 -0.5943 0.0464
vn 0.2973 -0.7698 -0.5649
vn -0.1577 -0.9854 0.0645
vn 0.3218 -0.9465 0.0264
vn 0.6681 -0.7433 0.0337
vn 0.5833 -0.3043 -0.7531
vn 0.5298 -0.3271 -0.7825
vn -0.2463 -0.3388 -0.9081
vn 0.0680 -0.2639 -0.9621
vn -0.5509 -0.2687 -0.7901
vn -0.6656 -0.7454 0.0374
vn 0.0487 -0.9981 0.0379
vn -0.3549 -0.7453 -0.5645
vn 0.8627 -0.5046 -0.0339
vn 0.5229 -0.5723 -0.6317
vn 0.9982 0.0583 0.0155
vn 0.5803 0.0161 -0.8142
vn 0.9454 0.2814 -0.1644
vn 0.7147 0.1682 -0.6789
vn 0.1994 -0.0394 -0.9791
vn 0.4764 0.1521 -0.8660
vn -0.1157 -0.1456 0.9825
vn -0.1828 -0.3764 0.9083
vn -0.7032 -0.0510 0.7092
vn -0.2632 -0.3235 0.9089
vn -0.2523 -0.6183 0.7443
vn -0.6563 -0.5566 0.5094
vn 0.4895 -0.3508 0.7983
vn 0.3410 -0.7766 0.5296
vn 0.2240 -0.2264 0.9479
vn -0.2163 -0.9080 0.3589
vn 0.5618 -0.7342 0.3811
vn 0.9202 0.1040 0.3775
vn 0.9553 -0.1717 0.2408
vn 0.8502 0.5248 -0.0411
vn 0.8790 0.4433 -0.1758
vn 0.3263 0.8814 -0.3417
vn 0.2660 0.8467 -0.4608
vn 0.3031 0.8363 -0.4569
vn 0.8420 0.4885 -0.2289
vn -0.4914 0.8140 -0.3096
vn -0.3472 0.7641 -0.5436
vn -0.6766 0.6556 -0.3353
vn -0.9002 0.4297 -0.0714
vn -0.9934 0.0729 0.0885
vn -0.3473 0.7641 -0.5436
vn 0.0071 0.4450 -0.8955
vn 0.5238 0.2787 -0.8050
vn 0.7977 0.0567 0.6004
vn 0.7868 -0.4447 0.4280
vn 0.0487 -0.9981 0.0380
vn -0.3695 -0.7425 0.5587
vn 0.2367 -0.5161 0.8232
vn -0.1035 -0.4237 0.8999
vn 0.5183 -0.4636 0.7186
vn 0.3127 -0.8346 0.4536
vn -0.2213 -0.7939 0.5663
vn -0.7883 -0.4287 0.4413
vn -0.7388 0.2567 0.6232
vn -0.9474 0.3198 -0.0160
vn -0.9009 0.2374 0.3634
vn -0.4604 -0.1702 0.8712
vn -0.7533 -0.5575 0.3489
vn -0.3168 -0.9133 -0.2559
vn -0.9437 -0.3017 -0.1352
vn -0.9544 -0.2225 -0.1992
vn -0.3694 -0.7966 -0.4785
vn -0.9452 -0.1944 -0.2621
vn -0.2747 -0.8180 -0.5054
vn 0.6604 -0.6605 -0.3574
vn 0.6310 -0.7149 -0.3011
vn 0.8322 0.5378 -0.1347
vn 0.7876 0.5884 0.1830
vn 0.9821 0.1767 -0.0658
vn 0.9769 0.1997 -0.0764
vn 0.1805 0.9772 -0.1122
vn 0.2025 0.8807 0.4281
vn -0.6986 0.7125 -0.0655
vn -0.9943 0.1023 -0.0294
vn -0.9829 0.1783 0.0460
vn -0.6110 0.7046 0.3608
vn 0.0028 0.9362 0.3514
vn -0.7536 0.6243 0.2057
vn 0.6325 0.7525 0.1833
vn 0.9651 0.2548 -0.0613
vn 0.9601 -0.2197 -0.1728
vn 0.9401 -0.2653 -0.2141
vn 0.6560 -0.6274 -0.4197
vn 0.8990 -0.2537 -0.3570
vn 0.5321 -0.7163 -0.4514
vn -0.2472 -0.8108 -0.5306
vn -0.9208 -0.2425 -0.3054
vn -0.9627 0.2670 -0.0440
vn -0.9747 0.2192 -0.0442
vn 0.0647 -0.1168 0.9910
vn -0.0992 -0.1054 0.9895
vn -0.9418 -0.3246 -0.0877
vn -0.6741 -0.7385 0.0119
vn -0.9378 -0.3394 0.0728
vn -0.6277 -0.7645 0.1468
vn -0.7741 -0.3571 -0.5226
vn -0.5755 -0.7240 -0.3803
vn -0.3290 -0.4164 -0.8476
vn -0.9003 -0.4351 -0.0063
vn -0.5747 -0.7828 0.2387
vn -0.9617 -0.2726 -0.0274
vn -0.9729 -0.2272 -0.0422
vn -0.9312 -0.3617 -0.0439
vn -0.9678 -0.2033 -0.1486
vn -0.9473 -0.1244 -0.2953
vn -0.8022 -0.5072 -0.3149
vn -0.9284 0.1152 -0.3532
vn -0.8093 -0.2822 -0.5151
vn -0.8680 0.1104 -0.4842
vn -0.9270 0.3387 -0.1611
vn -0.9190 0.2714 -0.2858
vn -0.8593 0.5114 0.0083
vn -0.9658 0.2213 -0.1352
vn -0.8670 0.4813 0.1294
vn -0.9994 0.0270 0.0213
vn -0.9360 0.2027 0.2877
vn -0.9452 -0.3018 0.1244
vn -0.9101 -0.2735 0.3112
vn -0.7821 -0.6134 0.1096
vn -0.7330 -0.5757 0.3623
vn -0.4435 -0.8878 -0.1229
vn -0.4383 -0.8910 0.1181
vn -0.5219 -0.8453 0.1141
vn -0.8711 -0.4778 0.1134
vn -0.9319 -0.2206 0.2880
vn -0.8459 -0.4166 0.3331
vn -0.6354 -0.7289 -0.2549
vn -0.5158 -0.6247 -0.5862
vn -0.6090 -0.2296 -0.7592
vn -0.7441 -0.1845 -0.6421
vn -0.7954 -0.1663 -0.5829
vn -0.8560 -0.1850 -0.4828
vn -0.9392 -0.2104 -0.2715
vn -0.7752 -0.5409 -0.3263
vn -0.3696 -0.7472 -0.5523
vn -0.2667 -0.5078 0.8191
vn -0.2530 -0.0879 0.9635
vn 0.1565 -0.1098 0.9816
vn 0.1459 -0.0458 0.9882
vn -0.0966 -0.5819 0.8075
vn 0.0063 -0.8936 0.4488
vn 0.2840 -0.8586 -0.4268
vn 0.2656 -0.6853 -0.6781
vn 0.2456 -0.5071 -0.8261
vn 0.2566 -0.4253 -0.8679
vn -0.1512 -0.0419 -0.9876
vn -0.1099 0.0399 -0.9931
vn 0.0020 0.0821 -0.9966
vn -0.7333 -0.6798 0.0116
vn -0.4824 -0.8412 0.2441
vn -0.7669 -0.1348 -0.6274
vn -0.8446 -0.5354 -0.0036
vn -0.5815 0.4692 -0.6645
vn -0.2666 0.7064 -0.6558
vn -0.4550 -0.5496 0.7006
vn -0.7776 -0.2861 0.5599
vn -0.7516 -0.5193 0.4066
vn -0.2992 -0.8186 0.4902
vn -0.4426 0.8843 0.1485
vn -0.2872 0.9579 0.0061
vn -0.7330 0.6801 0.0127
vn -0.6443 0.7543 -0.1262
vn -0.5405 0.8402 -0.0433
vn -0.8891 0.4456 -0.1046
vn -0.6040 0.7097 -0.3626
vn -0.9349 0.2370 -0.2642
vn -0.7283 0.3975 -0.5582
vn -0.3188 0.4904 -0.8111
vn -0.7406 -0.0111 -0.6719
vn -0.9480 -0.0004 -0.3181
vn -0.3276 0.0381 -0.9440
vn -0.9544 0.1093 -0.2779
vn -0.9864 0.1609 -0.0332
vn -0.8709 -0.4271 0.2431
vn -0.9643 0.2390 0.1140
vn -0.8849 -0.3052 0.3519
vn -0.9161 0.3987 0.0425
vn -0.8133 0.5787 0.0605
vn -0.8188 0.5739 0.0173
vn -0.8629 0.4416 -0.2458
vn -0.9653 0.1247 -0.2294
vn -0.9738 -0.0406 -0.2236
vn -0.9688 -0.1585 -0.1908
vn -0.7825 -0.1856 -0.5943
vn -0.3437 -0.1893 -0.9198
vn -0.4306 -0.9022 -0.0245
vn -0.4693 -0.7868 0.4008
vn -0.7323 -0.5198 0.4400
vn -0.4966 -0.5819 0.6440
vn -0.7571 -0.3593 0.5456
vn -0.7819 -0.5137 0.3531
vn -0.8055 -0.4416 0.3951
vn -0.8903 -0.3129 0.3310
vn -0.9000 -0.3900 0.1947
vn -0.8012 -0.5895 -0.1031
vn -0.6687 -0.7332 0.1235
vn -0.7831 -0.5538 -0.2830
vn -0.9761 -0.2039 0.0758
vn -0.8130 -0.5780 0.0703
vn -0.9310 -0.1146 0.3466
vn -0.7467 -0.3941 0.5359
vn -0.4940 -0.6923 0.5260
vn -0.6652 -0.7462 0.0283
vn -0.2145 -0.6292 -0.7470
vn -0.3236 -0.9154 -0.2396
vn -0.2796 -0.8564 0.4340
vn -0.3075 -0.7424 0.5953
vn -0.7145 -0.6487 -0.2622
vn -0.2781 -0.6546 -0.7030
vn -0.8515 -0.0528 -0.5217
vn -0.4305 0.2880 0.8554
vn -0.5614 0.0389 0.8267
vn -0.8220 0.2025 0.5322
vn -0.8672 0.0196 0.4976
vn -0.8127 0.4971 -0.3039
vn -0.9241 0.2405 -0.2971
vn -0.9697 0.2078 0.1285
vn -0.9429 0.1758 0.2830
vn -0.9524 -0.3003 0.0516
vn -0.4261 0.1598 0.8905
vn -0.4135 0.2376 0.8790
vn -0.4188 0.2694 0.8672
vn -0.3802 0.2723 0.8839
vn -0.2523 0.3896 0.8857
vn -0.4922 0.3265 0.8069
vn -0.8785 0.3141 0.3600
vn -0.5279 0.4798 0.7008
vn -0.9475 -0.0805 -0.3094
vn -0.9593 -0.2035 -0.1957
vn -0.9778 -0.0053 0.2093
vn -0.9975 0.0659 0.0259
vn -0.9067 0.0181 -0.4213
vn -0.9394 0.2890 -0.1846
vn -0.6354 -0.0680 -0.7692
vn -0.7722 -0.2131 -0.5986
vn 0.5158 -0.6255 -0.5855
vn -0.9660 0.2516 -0.0596
vn -0.8539 0.5196 0.0291
vn -0.8541 0.5179 0.0480
vn -0.9004 -0.3520 -0.2558
vn -0.9036 -0.4046 -0.1406
vn -0.9753 0.2207 0.0057
vn -0.2721 -0.8738 -0.4030
vn -0.4187 -0.8324 -0.3631
vn 0.3404 -0.7835 -0.5198
vn -0.3449 -0.4242 -0.8373
vn -0.1141 -0.4284 -0.8963
vn 0.5326 0.8461 0.0201
vn 0.4652 0.8546 -0.2307
vn 0.9577 0.2690 -0.1025
vn 0.9424 0.2589 -0.2119
vn -0.2579 0.9610 0.1002
vn -0.4212 0.9054 -0.0530
vn -0.8349 0.5436 0.0864
vn -0.4259 0.4143 0.8044
vn -0.4307 0.5710 0.6989
vn -0.4543 0.0559 0.8891
vn -0.7926 0.3392 0.5067
vn -0.8208 -0.0194 0.5709
vn -0.6976 0.5307 0.4814
vn -0.6489 0.6543 0.3882
vn -0.3599 0.9330 -0.0013
vn -0.7777 0.6268 -0.0482
vn 0.3873 0.8206 -0.4203
vn -0.5336 0.8361 -0.1274
vn 0.8750 0.2053 -0.4384
vn 0.6309 0.2417 -0.7372
vn 0.3225 0.8241 -0.4658
vn 0.8738 -0.2577 -0.4124
vn 0.8750 0.2054 -0.4385
vn 0.5196 -0.2445 -0.8187
vn -0.9992 -0.0277 0.0283
vn -0.7777 0.6267 -0.0482
vn -0.7760 0.1575 0.6107
vn -0.7948 -0.4134 -0.4442
vn -0.8191 -0.3303 -0.4689
vn -0.8940 -0.0482 0.4455
vn -0.8801 0.0532 0.4718
vn -0.8851 0.0649 -0.4609
vn -0.8308 0.1698 0.5301
vn -0.9218 -0.3829 0.0602
vn -0.9240 0.3266 0.1991
vn -0.8047 0.5916 0.0503
vn -0.7817 0.6176 0.0868
vn -0.8147 0.5644 0.1334
vn -0.4076 0.9085 -0.0922
vn -0.9304 -0.2410 0.2761
vn -0.8109 -0.2249 0.5402
vn -0.4414 -0.0647 0.8950
vn -0.2510 -0.7045 0.6639
vn -0.1463 -0.6608 0.7362
vn -0.2760 -0.3992 0.8743
vn -0.6492 -0.7260 0.2269
vn -0.1746 -0.4243 -0.8885
vn -0.1111 -0.4783 -0.8711
vn -0.1959 -0.4225 -0.8849
vn -0.4401 -0.5954 -0.6722
vn 0.0101 -0.5965 -0.8026
vn 0.3170 -0.9230 -0.2179
vn 0.4128 -0.5664 0.7133
vn 0.2741 -0.3156 0.9085
vn 0.1548 -0.2795 0.9476
vn -0.0298 -0.2953 0.9549
vn -0.0078 -0.9643 0.2648
vn -0.2859 0.8354 -0.4694
vn 0.7425 0.3118 -0.5929
vn -0.0856 0.8462 -0.5259
vn 0.7455 0.6354 -0.2014
vn 0.5831 0.8034 -0.1211
vn 0.7488 0.6585 0.0759
vn 0.8756 0.4771 0.0753
vn -0.8430 -0.3249 0.4288
vn 0.9474 0.3087 0.0846
vn 0.7332 0.4312 0.5258
vn -0.8483 -0.5015 -0.1699
vn -0.3812 -0.8140 -0.4384
vn -0.9907 -0.1244 -0.0557
vn -0.8421 0.5240 -0.1277
vn -0.9569 0.2029 -0.2080
vn 0.5065 -0.7062 -0.4947
vn 0.1109 0.3884 -0.9148
vn 0.4432 0.2643 -0.8566
vn -0.3649 0.4305 -0.8256
vn 0.3485 -0.0134 -0.9372
vn -0.4107 0.1017 -0.9061
vn -0.0905 -0.3798 -0.9206
vn -0.0161 -0.2073 -0.9781
vn 0.0836 -0.2820 -0.9558
vn -0.5366 0.0931 -0.8387
vn 0.9788 -0.0410 -0.2009
vn 0.7754 -0.1171 0.6205
vn 0.9837 0.0120 -0.1796
vn 0.7838 0.0632 0.6178
vn 0.4628 0.1744 -0.8692
vn 0.8751 0.1675 -0.4540
vn 0.7657 -0.5316 -0.3621
vn 0.7515 -0.6490 0.1186
vn 0.9575 0.2464 0.1499
vn 0.9418 -0.3353 -0.0246
vn 0.8013 0.2466 -0.5451
vn 0.5367 -0.1305 -0.8336
vn 0.8091 0.1014 0.5789
vn 0.7276 -0.4966 0.4734
vn 0.5832 0.7853 -0.2079
vn 0.6757 0.6441 0.3586
vn 0.1567 0.7239 -0.6719
vn 0.5391 -0.6714 -0.5084
vn -0.1127 -0.3579 -0.9269
vn 0.7515 -0.6489 0.1187
vn -0.0082 0.0793 -0.9968
vn -0.3398 0.1940 -0.9203
vn -0.3802 0.6154 -0.6904
vn 0.0879 0.6969 -0.7117
vn 0.6783 0.5632 -0.4719
vn 0.1377 0.7378 -0.6608
vn -0.0335 0.7808 -0.6239
vn 0.6069 0.7777 -0.1636
vn 0.7660 0.5031 0.4000
vn 0.9428 0.2985 0.1481
vn 0.8106 -0.0274 0.5850
vn 0.9125 -0.3341 0.2360
vn 0.6996 -0.5332 0.4757
vn 0.7276 -0.4966 0.4733
vn 0.5605 -0.5981 0.5728
vn -0.0028 -0.3501 0.9367
vn 0.1435 0.0266 0.9893
vn 0.0420 -0.2111 0.9766
vn -0.1431 -0.9436 0.2986
vn 0.5200 -0.8287 0.2069
vn -0.7263 -0.5896 0.3534
vn -0.3201 -0.3268 0.8892
vn -0.8417 0.0347 0.5388
vn -0.7960 0.0353 0.6043
vn -0.0698 -0.1388 0.9879
vn -0.9827 0.0978 -0.1571
vn -0.9420 0.2644 -0.2069
vn -0.4400 0.1260 -0.8891
vn -0.7795 0.5648 -0.2711
vn -0.1246 0.8399 -0.5283
vn 0.4119 0.7468 -0.5221
vn 0.4119 0.7468 -0.5222
vn 0.4748 0.8683 -0.1438
vn 0.6069 0.7777 -0.1637
vn 0.7660 0.5031 0.4001
vn 0.6355 0.7721 -0.0063
vn 0.2292 0.7863 -0.5738
vn -0.2955 0.9143 -0.2771
vn -0.0475 0.2633 -0.9635
vn 0.9022 -0.2743 -0.3329
vn -0.0476 0.2633 -0.9635
vn 0.9414 -0.3225 -0.0984
vn -0.9603 -0.2375 -0.1465
vn -0.4395 -0.8294 -0.3448
vn -0.3173 -0.9378 -0.1408
vn -0.9213 -0.3818 -0.0740
vn -0.2570 -0.9600 -0.1107
vn -0.8751 -0.4729 -0.1031
vn -0.2463 -0.9662 -0.0768
vn -0.8677 -0.4938 -0.0568
vn 0.4039 -0.9130 -0.0574
vn 0.4736 -0.8793 -0.0502
vn 0.9281 -0.3722 -0.0054
vn 0.9202 -0.3916 -0.0007
vn 0.9756 0.2181 -0.0242
vn 0.6033 0.7931 -0.0839
vn -0.3691 0.9283 0.0452
vn -0.4336 0.8956 -0.0999
vn -0.2544 0.9501 -0.1803
vn -0.8924 0.4240 0.1541
vn -0.7794 0.5648 -0.2711
vn -0.9557 0.1900 0.2249
vn -0.9777 0.2039 -0.0501
vn -0.9718 0.2043 -0.1175
vn -0.9845 0.1746 -0.0150
vn -0.9564 0.2752 -0.0977
vn -0.4387 0.8624 -0.2528
vn -0.4191 0.8976 -0.1364
vn -0.4987 0.8510 0.1647
vn -0.5950 0.8034 0.0234
vn 0.6417 0.7185 0.2682
vn 0.9855 0.1657 0.0362
vn 0.5594 0.8281 -0.0361
vn 0.5608 0.8120 -0.1614
vn 0.9813 0.1890 -0.0358
vn 0.9135 -0.4066 0.0152
vn 0.5033 -0.8616 -0.0661
vn 0.5197 -0.8097 -0.2725
vn 0.0671 -0.2111 -0.9752
vn -0.1995 -0.3246 -0.9246
vn -0.4837 0.1186 -0.8671
vn 0.5042 -0.0070 -0.8636
vn 0.2261 -0.5135 -0.8278
vn -0.4593 -0.4041 -0.7911
vn 0.6155 -0.0575 -0.7861
vn 0.2925 -0.5192 -0.8031
vn -0.5078 -0.2988 -0.8080
vn -0.1325 -0.0893 -0.9872
vn 0.4190 0.2406 -0.8755
vn 0.4100 -0.4001 -0.8196
vn -0.3908 -0.4381 -0.8095
vn -0.9120 -0.3517 -0.2110
vn -0.2458 -0.9525 -0.1801
vn 0.7330 -0.5763 -0.3614
vn 0.0460 -0.8760 -0.4801
vn 0.0773 -0.9045 -0.4195
vn -0.7309 -0.5868 -0.3485
vn 0.0125 -0.9629 -0.2697
vn 0.8003 -0.5301 -0.2802
vn -0.7587 -0.0687 0.6478
vn -0.7199 -0.5704 0.3954
vn -0.8967 -0.3763 -0.2330
vn -0.2358 -0.6782 0.6961
vn -0.1136 -0.1571 0.9810
vn 0.3799 -0.8354 0.3973
vn -0.3259 -0.9256 -0.1923
vn 0.5359 -0.7833 -0.3150
vn 0.6692 -0.2638 0.6946
vn 0.0774 -0.9044 -0.4195
vn -0.3260 -0.9256 -0.1923
vn -0.0376 -0.3235 0.9455
vn 0.6633 -0.4755 0.5780
vn 0.5962 -0.5362 0.5976
vn -0.0883 -0.7493 0.6564
vn -0.2457 -0.9525 -0.1801
vn -0.7984 -0.5185 0.3062
vn 0.0742 -0.0658 0.9951
vn -0.6620 -0.2333 0.7123
vn -0.5154 -0.7774 0.3606
vn -0.5154 -0.7774 0.3607
vn 0.0348 -0.7542 0.6557
vn 0.6586 -0.6818 0.3186
vn 0.0125 -0.9628 -0.2698
vn -0.8588 0.3571 0.3674
vn -0.6489 0.6544 0.3883
vn 0.9677 -0.2494 -0.0378
vn 0.6330 -0.7669 -0.1057
vn 0.9650 0.2548 -0.0613
vn -0.3404 -0.2914 -0.8940
vn -0.4510 -0.2112 -0.8672
vn -0.5784 0.2898 -0.7625
vn -0.4708 0.6096 -0.6378
vn -0.2695 0.3311 -0.9043
vn -0.3293 -0.0511 -0.9428
vn -0.6099 0.2688 -0.7455
vn 0.5158 -0.6254 -0.5855
vn -0.7721 -0.2130 -0.5987
vn -0.2667 0.4799 0.8358
vn -0.3300 0.3975 0.8562
vn -0.3927 0.4397 0.8077
vn -0.3894 0.2366 0.8901
vn -0.5465 0.5890 -0.5953
vn -0.2696 0.5129 0.8150
vn -0.2636 0.5675 0.7801
vn -0.2592 0.5108 0.8197
vn -0.2896 0.5552 0.7797
vn 0.9573 -0.2295 -0.1761
vn -0.2337 0.6300 -0.7406
vn -0.8163 -0.3201 -0.4809
vn -0.6644 0.5128 0.5437
vn -0.1130 0.7138 0.6912
vn 0.1870 0.9616 0.2010
vn 0.3239 0.7370 0.5932
vn 0.6518 0.1864 -0.7351
vn -0.8309 0.1702 -0.5298
vn -0.9037 -0.2030 -0.3769
vn 0.5456 0.0347 -0.8373
vn 0.5783 0.8113 -0.0858
vn 0.3854 -0.4751 -0.7910
vn -0.7853 -0.1756 -0.5937
vn -0.0945 0.4640 -0.8808
vn -0.2858 0.9554 0.0742
vn -0.7289 0.6813 -0.0674
vn -0.2933 0.3436 -0.8921
vn 0.5867 0.7909 0.1737
vn 0.8756 0.4771 0.0754
vn -0.5781 0.0393 0.8150
vn 0.5714 0.1997 0.7960
vn -0.2668 -0.5078 0.8191
vn -0.2531 -0.0879 0.9634
vn 0.1564 -0.1097 0.9816
vn 0.3723 -0.1356 0.9182
vn 0.3641 -0.5744 0.7331
vn 0.0062 -0.8936 0.4488
vn 0.4720 -0.8656 0.1674
vn 0.5362 -0.7390 -0.4079
vn 0.4964 -0.3361 -0.8004
vn 0.4551 0.3129 -0.8336
vn -0.9100 -0.2486 -0.3317
vn 0.0115 0.0316 -0.9994
vn -0.9790 0.1899 0.0736
vn -0.0063 -0.2746 -0.9615
vn -0.9340 0.3188 0.1612
vn 0.7394 -0.6485 0.1811
vn 0.7133 -0.6938 0.0995
vn -0.0940 -0.3293 0.9395
vn -0.2979 -0.5604 0.7728
vn -0.9787 0.1367 -0.1529
vn -0.5081 -0.8264 0.2425
vn 0.6754 -0.7374 -0.0095
vn -0.0632 -0.2958 -0.9531
vn 0.1803 0.3818 -0.9065
vn 0.8928 -0.4498 -0.0238
vn -0.0662 -0.9489 0.3085
vn 0.0776 -0.3198 -0.9443
vn 0.0622 0.4351 -0.8982
vn -0.9550 -0.2855 0.0804
vn 0.0255 -0.0208 -0.9995
vn -0.9139 -0.3852 -0.1278
vn -0.0658 -0.6832 0.7272
vn 0.9149 -0.3844 0.1231
vn -0.9716 -0.1996 0.1274
vn 0.0272 -0.2176 -0.9757
vn -0.0379 -0.5341 0.8445
vn 0.9317 -0.3333 0.1444
vn -0.0138 -0.6755 0.7373
vn -0.0777 -0.4794 0.8742
vn -0.9648 -0.2033 0.1666
vn -0.8380 -0.3163 0.4447
vn 0.9287 -0.3707 0.0083
vn 0.8687 -0.3243 0.3744
vn -0.0878 0.0208 -0.9959
vn -0.1199 -0.1271 -0.9846
vn -0.0387 0.3976 -0.9167
vn -0.9580 -0.2855 0.0270
vn -0.1231 -0.3293 -0.9362
vn 0.8665 -0.4805 -0.1351
vn -0.0675 -0.9422 0.3282
vn -0.2082 0.5557 -0.8049
vn -0.1075 0.3406 -0.9340
vn 0.9467 0.3011 0.1147
vn 0.9240 0.2822 0.2580
vn -0.5876 -0.7754 -0.2312
vn -0.6141 -0.7795 -0.1234
vn 0.3207 -0.7652 0.5582
vn 0.4799 -0.8164 0.3212
vn 0.9529 0.2992 -0.0487
vn 0.5713 -0.8003 -0.1819
vn -0.5525 -0.7466 -0.3707
vn 0.0340 0.2527 -0.9670
vn -0.4349 0.7587 -0.4851
vn 0.8996 -0.4270 -0.0920
vn -0.0388 -0.9333 0.3570
vn -0.0724 -0.3397 -0.9377
vn -0.0409 0.3803 -0.9240
vn -0.9438 -0.3300 0.0161
vn -0.9616 -0.1949 0.1930
vn -0.0632 -0.0014 -0.9980
vn 0.0212 -0.5393 0.8419
vn 0.9575 -0.2739 0.0908
vn -0.9582 -0.1631 0.2352
vn -0.0966 -0.1716 -0.9804
vn 0.0146 -0.3026 0.9530
vn 0.9639 -0.2212 0.1483
vn 0.8913 -0.4520 -0.0351
vn -0.1122 -0.9376 0.3292
vn -0.0205 -0.3040 -0.9524
vn -0.9818 -0.1630 0.0977
vn -0.0251 -0.0583 -0.9980
vn -0.9641 -0.2612 -0.0467
vn 0.0350 0.4403 -0.8972
vn -0.0350 -0.5833 0.8115
vn 0.9327 -0.3270 0.1518
vn -0.9842 -0.0881 0.1538
vn -0.1174 -0.1806 -0.9765
vn -0.0171 -0.2902 0.9568
vn 0.9719 -0.2339 0.0257
vn 0.8807 -0.4708 0.0520
vn -0.1274 -0.9446 0.3024
vn 0.0818 -0.2882 -0.9541
vn -0.9477 -0.2806 -0.1523
vn -0.9821 -0.1879 -0.0087
vn 0.1464 0.5124 -0.8462
vn 0.1203 0.0258 -0.9924
vn -0.1395 -0.6214 0.7710
vn 0.9129 -0.3511 0.2084
vn 0.0515 -0.2565 -0.9652
vn 0.9327 -0.2464 0.2633
vn -0.9940 -0.1002 0.0449
vn -0.1653 -0.3232 0.9318
vn 0.2926 -0.8823 0.3687
vn -0.1083 -0.8806 0.4614
vn -0.0016 -1.0000 -0.0020
vn 0.4734 -0.8808 -0.0041
vn 0.2945 -0.8814 -0.3694
vn -0.1051 -0.8814 -0.4606
vn -0.4256 -0.8814 -0.2050
vn -0.4256 -0.8814 0.2050
vn 0.0076 -0.6039 0.7970
vn 0.3387 -0.6022 0.7229
vn 0.6294 -0.6013 0.4922
vn 0.7763 -0.6029 0.1841
vn 0.7754 -0.6039 -0.1848
vn 0.6279 -0.6039 -0.4910
vn 0.3390 -0.6039 -0.7214
vn 0.0076 -0.6039 -0.7970
vn -0.3527 -0.6039 -0.7148
vn -0.6184 -0.6039 -0.5029
vn -0.7788 -0.6039 -0.1700
vn -0.7788 -0.6039 0.1700
vn -0.6184 -0.6039 0.5029
vn -0.3527 -0.6039 0.7148
vn 0.0312 -0.1461 0.9888
vn 0.4009 -0.1461 0.9044
vn 0.7925 -0.1461 0.5921
vn 0.9570 -0.1461 0.2505
vn 0.9570 -0.1461 -0.2505
vn 0.7925 -0.1461 -0.5921
vn 0.4009 -0.1461 -0.9044
vn 0.0312 -0.1461 -0.9888
vn -0.4572 -0.1461 -0.8773
vn -0.7536 -0.1461 -0.6409
vn -0.9709 -0.1461 -0.1896
vn -0.9709 -0.1461 0.1896
vn -0.7536 -0.1461 0.6409
vn -0.4572 -0.1461 0.8773
vn -0.2198 0.1574 0.9628
vn 0.6157 0.1574 0.7721
vn 0.9875 0.1574 -0.0000
vn 0.6157 0.1574 -0.7721
vn -0.2197 0.1574 -0.9628
vn -0.8897 0.1574 -0.4285
vn -0.8897 0.1574 0.4285
vn -0.5784 0.2897 -0.7625
vn -0.0000 -0.9842 0.1770
vn -0.0000 -0.8682 -0.4963
vn -0.9801 -0.0027 0.1987
vn -0.0000 -0.8651 0.5016
vn -0.9729 0.0826 0.2161
vn -0.0000 -0.8454 -0.5342
vn -0.9750 -0.0035 0.2224
vn -0.0000 -0.8661 0.4998
vn -0.9735 0.0824 0.2134
vn -0.9725 0.0700 0.2220
vn -0.0000 -0.8463 0.5327
vn -0.9738 0.0833 0.2116
vn -0.0000 -0.8722 -0.4892
vn -0.0000 -0.8479 0.5302
vn -0.9742 0.0830 0.2101
vn -0.9763 0.1235 0.1777
vn -0.0000 -0.9714 0.2375
vn -0.9612 0.1018 0.2566
vn -0.0000 -0.9329 0.3602
vn -0.9610 0.1016 0.2571
vn -0.0000 -0.2116 0.9774
vn -0.0000 -0.1233 0.9924
vn -0.9653 0.1777 0.1913
vn -0.9635 0.0925 0.2513
vn -0.0000 -0.1267 0.9919
vn -0.9646 0.1786 0.1943
vn -0.0000 -0.2929 0.9562
vn -0.9612 0.1706 0.2168
vn -0.0000 -0.9809 0.1948
vn -0.0000 -0.1772 0.9842
vn -0.9551 0.1931 0.2248
vn -0.0000 -0.9857 0.1684
vn -0.9524 0.0993 0.2881
vn -0.0000 -0.1847 0.9828
vn -0.9547 0.1923 0.2269
vn -0.7307 -0.0941 -0.6762
vn 0.1740 -0.9027 -0.3934
vn -0.6842 -0.1255 -0.7184
vn -0.6813 -0.0038 -0.7320
vn -0.1711 -0.9133 0.3697
vn -0.6875 -0.1259 -0.7152
vn -0.1107 -0.9627 0.2469
vn -0.6811 -0.0141 -0.7321
vn -0.6832 -0.1319 -0.7183
vn -0.1772 -0.8930 0.4138
vn -0.6905 -0.1294 -0.7117
vn -0.1152 -0.9568 0.2671
vn -0.4568 -0.7655 -0.4532
vn -0.1432 -0.9297 0.3394
vn -0.5972 -0.1731 -0.7832
vn -0.1412 -0.9364 0.3213
vn -0.6802 0.2371 -0.6937
vn -0.1442 -0.9426 0.3011
vn -0.6204 -0.1506 -0.7697
vn -0.6352 0.1657 0.7543
vn 0.1475 -0.8982 0.4140
vn -0.5791 0.1992 0.7906
vn -0.5847 -0.0020 0.8112
vn 0.1481 -0.8962 0.4183
vn -0.5825 0.2002 0.7878
vn 0.0968 -0.9551 0.2801
vn -0.5700 0.1703 0.8038
vn -0.1466 -0.8911 -0.4294
vn -0.5856 0.0087 0.8106
vn 0.1481 -0.8954 0.4199
vn -0.5769 0.2070 0.7901
vn 0.1497 -0.8881 0.4345
vn 0.4247 -0.0715 -0.9025
vn -0.5842 0.1703 0.7935
vn -0.1305 -0.9060 -0.4027
vn 0.1246 -0.9180 0.3764
vn 0.2919 -0.3882 0.8741
vn -0.0000 -0.9397 0.3421
vn -0.9789 0.0729 0.1909
vn -0.0451 -0.9632 0.2651
vn -0.1246 -0.9573 0.2609
vn -0.6486 0.1445 0.7473
vn -0.6430 0.1700 0.7468
vn 0.0833 -0.9699 0.2290
vn -0.0000 -0.8956 0.4449
vn -0.9609 0.1015 0.2578
vn -0.0000 -0.8982 0.4396
vn -0.1406 -0.9384 0.3157
vn -0.5958 -0.1705 -0.7849
vn -0.5946 -0.1692 -0.7860
vn 0.1225 -0.9282 0.3513
vn 0.1225 -0.9283 0.3510
vn -0.4709 0.2418 0.8484
vn -0.0000 -0.9693 0.2458
vn -0.9541 0.1025 0.2814
vn -0.0000 -0.9732 0.2300
vn -0.1042 -0.9867 0.1250
vn -0.5722 -0.1619 -0.8040
vn -0.5711 -0.1598 -0.8052
vn 0.0926 -0.9836 0.1548
vn 0.0924 -0.9852 0.1447
vn -0.4418 0.2283 0.8676
vn 0.4772 -0.8546 0.2050
vn -0.0866 0.7321 -0.6757
vn -0.5837 0.7119 0.3906
vn 0.7254 0.6613 0.1909
vn -0.9963 -0.0793 -0.0328
vn -0.6071 0.7878 0.1034
vn -0.9983 -0.0385 -0.0431
vn -0.5909 0.7840 0.1904
vn 0.7218 0.6836 0.1083
vn 0.6981 0.6903 0.1901
vn 0.9983 -0.0572 -0.0145
vn 0.9971 -0.0765 -0.0000
vn 0.7354 -0.6655 -0.1279
vn 0.7207 -0.6880 -0.0856
vn -0.4115 -0.8909 -0.1923
vn -0.3601 -0.9229 -0.1360
vn -0.9978 -0.0148 -0.0638
vn -0.4300 -0.8003 -0.4178
vn -0.4152 -0.8555 -0.3095
vn -0.5814 0.7478 0.3207
vn 0.7013 0.6547 0.2822
vn 0.9969 -0.0547 -0.0570
vn 0.7313 -0.6425 -0.2289
vn 0.7269 -0.6099 -0.3156
vn -0.5801 0.7070 0.4046
vn -0.9893 0.0191 -0.1445
vn 0.6912 0.6514 0.3129
vn 0.9869 0.0449 -0.1553
vn 0.7103 -0.5659 -0.4186
vn 0.6764 -0.4575 -0.5772
vn 0.4292 -0.3360 -0.8384
vn -0.4363 -0.5908 -0.6787
vn -0.8523 -0.2303 -0.4696
vn -0.9963 -0.0792 -0.0328
vn -0.4394 -0.7225 -0.5338
vn -0.4205 0.5606 -0.7134
vn -0.4445 0.7655 0.4652
vn 0.7344 0.6755 -0.0657
vn 0.3841 -0.8117 -0.4400
vn 0.3933 -0.6075 -0.6901
vn 0.9666 0.2152 0.1394
vn -0.5735 0.6289 0.5250
vn -0.8478 -0.4895 -0.2042
vn -0.8605 -0.3630 -0.3574
vn -0.8605 -0.3631 -0.3573
vn -0.3110 0.5675 -0.7624
vn -0.5170 0.7823 0.3473
vn 0.6852 0.7113 -0.1567
vn 0.4691 -0.8040 -0.3655
vn 0.2928 -0.6889 -0.6631
vn 0.9539 0.2607 -0.1486
vn -0.5566 0.7422 0.3733
vn -0.9357 -0.3261 -0.1348
vn -0.8312 -0.4112 -0.3743
vn -0.9356 -0.3262 -0.1348
vn -0.8311 -0.4113 -0.3742
vn -0.2413 0.6763 -0.6960
vn -0.1998 0.8444 0.4970
vn 0.8897 0.4484 -0.0864
vn -0.0045 -0.7783 -0.6279
vn 0.1522 -0.6521 -0.7427
vn 0.9970 0.0224 -0.0737
vn -0.2958 0.7812 0.5498
vn -0.9520 -0.2204 -0.2123
vn -0.9519 -0.0978 -0.2904
vn 0.5837 0.7119 0.3906
vn 0.0866 0.7321 -0.6757
vn -0.7254 0.6613 0.1909
vn 0.5909 0.7840 0.1904
vn 0.6071 0.7878 0.1034
vn 0.9983 -0.0385 -0.0431
vn 0.9963 -0.0793 -0.0328
vn -0.6981 0.6903 0.1901
vn -0.7218 0.6836 0.1083
vn -0.9971 -0.0765 -0.0000
vn -0.9983 -0.0572 -0.0145
vn 0.3601 -0.9229 -0.1360
vn -0.7207 -0.6880 -0.0856
vn 0.4115 -0.8909 -0.1923
vn -0.7354 -0.6655 -0.1279
vn 0.4152 -0.8555 -0.3095
vn 0.4300 -0.8003 -0.4178
vn 0.9978 -0.0148 -0.0639
vn 0.5814 0.7478 0.3207
vn -0.7013 0.6547 0.2822
vn -0.9969 -0.0547 -0.0570
vn -0.7269 -0.6099 -0.3156
vn -0.7313 -0.6425 -0.2289
vn 0.9893 0.0191 -0.1445
vn 0.5801 0.7070 0.4046
vn -0.6912 0.6514 0.3129
vn -0.9869 0.0449 -0.1553
vn -0.6764 -0.4575 -0.5772
vn -0.7103 -0.5659 -0.4186
vn -0.4292 -0.3360 -0.8384
vn 0.4363 -0.5908 -0.6787
vn 0.8523 -0.2303 -0.4696
vn 0.9963 -0.0792 -0.0328
vn 0.4394 -0.7225 -0.5338
vn 0.4445 0.7655 0.4652
vn 0.4205 0.5606 -0.7134
vn -0.7344 0.6755 -0.0657
vn -0.3933 -0.6075 -0.6901
vn -0.9666 0.2152 0.1394
vn -0.3841 -0.8117 -0.4400
vn 0.5735 0.6289 0.5250
vn 0.8605 -0.3630 -0.3574
vn 0.8478 -0.4895 -0.2041
vn 0.8605 -0.3631 -0.3573
vn 0.5170 0.7823 0.3473
vn 0.3110 0.5675 -0.7624
vn -0.6852 0.7113 -0.1567
vn -0.2928 -0.6889 -0.6631
vn -0.9539 0.2607 -0.1486
vn -0.4691 -0.8040 -0.3655
vn 0.5566 0.7422 0.3733
vn 0.8312 -0.4112 -0.3742
vn 0.9357 -0.3261 -0.1348
vn 0.8311 -0.4113 -0.3742
vn 0.9356 -0.3262 -0.1348
vn 0.1998 0.8444 0.4970
vn 0.2413 0.6763 -0.6960
vn -0.8897 0.4484 -0.0864
vn -0.1522 -0.6521 -0.7427
vn -0.9970 0.0224 -0.0737
vn 0.0045 -0.7783 -0.6279
vn 0.2958 0.7812 0.5498
vn 0.9519 -0.0978 -0.2904
vn 0.9520 -0.2204 -0.2123
vn -0.9357 -0.3262 -0.1348
vn -0.9356 -0.3262 -0.1349
vn -0.8312 -0.4113 -0.3742
vn 0.9356 -0.3262 -0.1349
vn -0.2508 0.8871 -0.3876
vn -0.2611 0.6504 0.7134
vn 0.8698 0.4653 0.1642
vn 0.1820 -0.7927 0.5818
vn 0.9900 0.0801 -0.1160
vn 0.2237 -0.9549 0.1955
vn -0.3879 0.8462 -0.3654
vn -0.9186 -0.2358 0.3172
vn -0.9934 -0.1087 0.0369
vn -0.9186 -0.2357 0.3172
vn -0.9934 -0.1087 0.0370
vn -0.5503 0.8000 -0.2390
vn -0.3110 0.5675 0.7624
vn 0.6572 0.6912 0.3006
vn 0.2973 -0.7950 0.5287
vn 0.9054 0.3686 0.2106
vn 0.5598 -0.8176 0.1347
vn -0.5495 0.8216 -0.1518
vn -0.7983 -0.5260 0.2934
vn -0.9850 -0.1508 0.0842
vn -0.9850 -0.1507 0.0841
vn -0.2117 0.8932 -0.3968
vn -0.2565 0.6761 0.6908
vn 0.8721 0.4330 0.2280
vn 0.1526 -0.7546 0.6382
vn 0.9877 0.1505 0.0423
vn 0.0522 -0.9061 0.4199
vn -0.3233 0.8948 -0.3079
vn -0.9286 -0.1795 0.3248
vn -0.9864 -0.1118 0.1208
vn -0.9286 -0.1794 0.3248
vn -0.9864 -0.1118 0.1209
vn -0.5446 0.7983 -0.2573
vn 0.6613 0.6969 0.2775
vn 0.2958 -0.7813 0.5496
vn 0.9144 0.3530 0.1979
vn 0.5472 -0.8196 0.1697
vn -0.5536 0.8111 -0.1889
vn -0.8027 -0.5101 0.3089
vn -0.9805 -0.1777 0.0836
vn -0.8027 -0.5101 0.3088
vn 0.2611 0.6503 0.7134
vn 0.2508 0.8871 -0.3876
vn -0.8698 0.4653 0.1642
vn -0.2237 -0.9549 0.1955
vn -0.1820 -0.7927 0.5818
vn -0.9900 0.0801 -0.1160
vn 0.3879 0.8462 -0.3654
vn 0.9934 -0.1087 0.0370
vn 0.9186 -0.2358 0.3172
vn 0.9186 -0.2357 0.3172
vn 0.3110 0.5675 0.7624
vn 0.5503 0.8000 -0.2390
vn -0.6572 0.6912 0.3006
vn -0.5598 -0.8176 0.1347
vn -0.2973 -0.7950 0.5287
vn -0.9054 0.3686 0.2106
vn 0.5495 0.8216 -0.1518
vn 0.9850 -0.1508 0.0842
vn 0.7983 -0.5260 0.2934
vn 0.9850 -0.1508 0.0841
vn 0.2565 0.6760 0.6908
vn 0.2117 0.8932 -0.3968
vn -0.8721 0.4330 0.2280
vn -0.0522 -0.9061 0.4199
vn -0.1526 -0.7546 0.6382
vn -0.9877 0.1505 0.0423
vn 0.3233 0.8948 -0.3079
vn 0.9864 -0.1118 0.1208
vn 0.9286 -0.1795 0.3248
vn 0.9864 -0.1118 0.1209
vn 0.9286 -0.1795 0.3247
vn 0.5446 0.7983 -0.2573
vn -0.6613 0.6969 0.2775
vn -0.5472 -0.8196 0.1697
vn -0.2958 -0.7813 0.5496
vn -0.9144 0.3530 0.1979
vn 0.5536 0.8111 -0.1889
vn 0.9805 -0.1777 0.0836
vn 0.8027 -0.5102 0.3089
vn 0.9805 -0.1777 0.0837
vn 0.8027 -0.5102 0.3088
vt 0.571876 0.869348
vt 0.559459 0.864627
vt 0.613235 0.849821
vt 0.624796 0.275930
vt 0.632173 0.252325
vt 0.667993 0.303852
vt 0.671145 0.254236
vt 0.916782 0.253685
vt 0.942106 0.221777
vt 0.947765 0.259888
vt 0.920781 0.278983
vt 0.947549 0.277288
vt 0.678766 0.230203
vt 0.624370 0.240197
vt 0.645102 0.224624
vt 0.093566 0.754338
vt 0.084225 0.756603
vt 0.083337 0.717842
vt 0.079244 0.682699
vt 0.095465 0.686673
vt 0.064426 0.720573
vt 0.042185 0.718336
vt 0.058463 0.673088
vt 0.954803 0.288184
vt 0.959560 0.305992
vt 0.915924 0.304561
vt 0.962086 0.314339
vt 0.937243 0.318188
vt 0.025142 0.689660
vt 0.047695 0.671329
vt 0.017807 0.709605
vt 0.030480 0.713115
vt 0.835806 0.331086
vt 0.833933 0.342815
vt 0.822786 0.348387
vt 0.825861 0.355332
vt 0.817459 0.369506
vt 0.811758 0.364563
vt 0.801358 0.382480
vt 0.798682 0.378856
vt 0.873393 0.472855
vt 0.907804 0.445082
vt 0.916199 0.510504
vt 0.951578 0.477632
vt 0.624306 0.620940
vt 0.635372 0.618246
vt 0.622947 0.630482
vt 0.953574 0.395871
vt 0.976928 0.381032
vt 0.977624 0.408955
vt 0.985833 0.394845
vt 0.651073 0.639393
vt 0.647271 0.644915
vt 0.637533 0.650852
vt 0.616196 0.642603
vt 0.599587 0.667647
vt 0.636130 0.667617
vt 0.663063 0.657239
vt 0.665351 0.653504
vt 0.658894 0.621788
vt 0.325584 0.555589
vt 0.344827 0.525885
vt 0.332163 0.559611
vt 0.346826 0.535728
vt 0.360933 0.519095
vt 0.362025 0.531347
vt 0.357675 0.563822
vt 0.347434 0.569058
vt 0.333368 0.587126
vt 0.326920 0.573488
vt 0.216871 0.354663
vt 0.234079 0.340540
vt 0.221993 0.360377
vt 0.231441 0.350629
vt 0.034241 0.664831
vt 0.139107 0.723983
vt 0.114555 0.731240
vt 0.112273 0.686520
vt 0.118089 0.676645
vt 0.155382 0.714971
vt 0.134202 0.664398
vt 0.151375 0.686166
vt 0.174534 0.723265
vt 0.381478 0.562198
vt 0.378573 0.526475
vt 0.390574 0.564444
vt 0.388968 0.530262
vt 0.370701 0.527192
vt 0.373609 0.518556
vt 0.368199 0.562153
vt 0.365196 0.596151
vt 0.380252 0.594031
vt 0.396150 0.574342
vt 0.390910 0.598613
vt 0.970208 0.333929
vt 0.967685 0.345552
vt 0.940426 0.334208
vt 0.963898 0.320892
vt 0.964594 0.314716
vt 0.358572 0.592600
vt 0.383593 0.514540
vt 0.972721 0.368861
vt 0.917898 0.372534
vt 0.935410 0.382331
vt 0.899101 0.389998
vt 0.922018 0.408703
vt 0.968126 0.429862
vt 0.878981 0.416179
vt 0.833669 0.433489
vt 0.826541 0.389275
vt 0.849026 0.392915
vt 0.840845 0.381019
vt 0.821458 0.378427
vt 0.833968 0.372382
vt 0.849342 0.364375
vt 0.851934 0.370033
vt 0.858751 0.379020
vt 0.849798 0.380019
vt 0.871926 0.368324
vt 0.883757 0.379519
vt 0.903674 0.356988
vt 0.869367 0.390505
vt 0.859196 0.391710
vt 0.894841 0.349322
vt 0.911780 0.339057
vt 0.899390 0.335855
vt 0.889616 0.347331
vt 0.870643 0.358095
vt 0.870304 0.361036
vt 0.851002 0.359466
vt 0.830017 0.361082
vt 0.835947 0.350495
vt 0.895685 0.324016
vt 0.884161 0.317440
vt 0.900549 0.329484
vt 0.920424 0.329257
vt 0.808203 0.399148
vt 0.803189 0.389064
vt 0.639876 0.571098
vt 0.672030 0.602190
vt 0.677370 0.636418
vt 0.689494 0.618015
vt 0.694934 0.640307
vt 0.681658 0.654827
vt 0.655385 0.667659
vt 0.677430 0.667594
vt 0.669206 0.688199
vt 0.686300 0.683362
vt 0.673783 0.722426
vt 0.672320 0.700979
vt 0.685612 0.704514
vt 0.213999 0.341369
vt 0.160222 0.375170
vt 0.170283 0.390097
vt 0.169571 0.402048
vt 0.181804 0.414503
vt 0.213581 0.426023
vt 0.188119 0.431629
vt 0.172231 0.425869
vt 0.146220 0.414103
vt 0.161079 0.418079
vt 0.151716 0.426654
vt 0.092494 0.805731
vt 0.108855 0.817968
vt 0.088094 0.822471
vt 0.098416 0.767318
vt 0.069127 0.772248
vt 0.611397 0.238568
vt 0.595784 0.254646
vt 0.584837 0.257605
vt 0.594372 0.261560
vt 0.591738 0.269429
vt 0.589313 0.223439
vt 0.153845 0.359179
vt 0.127008 0.367438
vt 0.130355 0.378371
vt 0.118772 0.360744
vt 0.130225 0.359129
vt 0.159865 0.340960
vt 0.145045 0.350044
vt 0.152058 0.341476
vt 0.130755 0.341380
vt 0.142738 0.322016
vt 0.016655 0.601617
vt 0.027201 0.603178
vt 0.034864 0.639367
vt 0.063920 0.656898
vt 0.223401 0.327010
vt 0.162657 0.437235
vt 0.136179 0.425595
vt 0.170036 0.649859
vt 0.158824 0.637812
vt 0.189947 0.620320
vt 0.171563 0.604660
vt 0.226516 0.586621
vt 0.209010 0.569324
vt 0.161762 0.583082
vt 0.187817 0.543858
vt 0.126317 0.545205
vt 0.143519 0.512967
vt 0.214985 0.495146
vt 0.158688 0.481181
vt 0.171011 0.853300
vt 0.189558 0.812432
vt 0.193946 0.850580
vt 0.160019 0.906323
vt 0.202110 0.893680
vt 0.235083 0.875515
vt 0.224217 0.842750
vt 0.226050 0.803289
vt 0.246747 0.767218
vt 0.209596 0.763502
vt 0.262670 0.719364
vt 0.224513 0.726096
vt 0.267908 0.676966
vt 0.227766 0.693345
vt 0.280225 0.630947
vt 0.261709 0.624098
vt 0.270827 0.920016
vt 0.232646 0.938329
vt 0.286485 0.530829
vt 0.265134 0.551058
vt 0.249767 0.533653
vt 0.291507 0.492334
vt 0.268143 0.455707
vt 0.193149 0.960650
vt 0.988255 0.506196
vt 0.972257 0.525161
vt 0.614338 0.691912
vt 0.648297 0.694712
vt 0.633793 0.720005
vt 0.649188 0.733955
vt 0.701600 0.598050
vt 0.679213 0.554392
vt 0.617140 0.614500
vt 0.040310 0.519123
vt 0.040932 0.484058
vt 0.091923 0.518693
vt 0.091967 0.478884
vt 0.039595 0.442426
vt 0.058545 0.431857
vt 0.038549 0.420282
vt 0.037502 0.398139
vt 0.057487 0.326442
vt 0.067846 0.362239
vt 0.085743 0.402701
vt 0.122456 0.448838
vt 0.099147 0.584858
vt 0.061642 0.547821
vt 0.935545 0.167551
vt 0.979204 0.217283
vt 0.987653 0.167261
vt 0.146628 0.763013
vt 0.166590 0.763562
vt 0.172967 0.797871
vt 0.188304 0.789802
vt 0.195458 0.780743
vt 0.178385 0.757308
vt 0.204135 0.781224
vt 0.186922 0.754707
vt 0.185463 0.748989
vt 0.033884 0.776715
vt 0.014844 0.781862
vt 0.044638 0.796687
vt 0.030816 0.800672
vt 0.056514 0.791821
vt 0.049192 0.769767
vt 0.461855 0.966188
vt 0.513385 0.949915
vt 0.492993 0.967011
vt 0.201979 0.032014
vt 0.225014 0.033581
vt 0.191377 0.052198
vt 0.196229 0.058342
vt 0.207932 0.059280
vt 0.440233 0.957008
vt 0.440275 0.943060
vt 0.459320 0.980778
vt 0.466868 0.939479
vt 0.507590 0.908050
vt 0.469210 0.979297
vt 0.493335 0.098181
vt 0.478748 0.084717
vt 0.483031 0.057391
vt 0.497368 0.051711
vt 0.495732 0.093060
vt 0.497984 0.114495
vt 0.490781 0.112284
vt 0.485137 0.138458
vt 0.481952 0.132541
vt 0.473255 0.139652
vt 0.465963 0.133732
vt 0.462353 0.137416
vt 0.463784 0.118839
vt 0.453234 0.126804
vt 0.463045 0.108542
vt 0.453705 0.100370
vt 0.448834 0.109385
vt 0.442267 0.123919
vt 0.437665 0.146959
vt 0.432784 0.142194
vt 0.423810 0.149961
vt 0.415826 0.142100
vt 0.410428 0.143478
vt 0.413640 0.121069
vt 0.407768 0.119286
vt 0.416627 0.104161
vt 0.414165 0.092411
vt 0.403765 0.097636
vt 0.396205 0.123440
vt 0.398132 0.107349
vt 0.389071 0.119205
vt 0.380397 0.125465
vt 0.374881 0.111603
vt 0.369582 0.113552
vt 0.377701 0.091694
vt 0.375387 0.088632
vt 0.384162 0.080087
vt 0.393347 0.064448
vt 0.406829 0.063520
vt 0.404726 0.077673
vt 0.821947 0.548506
vt 0.800337 0.555175
vt 0.809838 0.520070
vt 0.799949 0.519856
vt 0.807811 0.503057
vt 0.801980 0.506449
vt 0.797139 0.501495
vt 0.788481 0.518505
vt 0.771896 0.556047
vt 0.775366 0.633107
vt 0.800836 0.636055
vt 0.749705 0.629940
vt 0.740399 0.567388
vt 0.718723 0.641983
vt 0.719269 0.598618
vt 0.936697 0.673696
vt 0.911516 0.668575
vt 0.957294 0.634414
vt 0.927751 0.629039
vt 0.969796 0.612532
vt 0.937850 0.607074
vt 0.917732 0.598538
vt 0.906413 0.617506
vt 0.892613 0.664854
vt 0.866122 0.649111
vt 0.888304 0.602754
vt 0.900381 0.582763
vt 0.459228 0.037269
vt 0.482253 0.030487
vt 0.455718 0.021558
vt 0.419605 0.044585
vt 0.416347 0.035041
vt 0.709815 0.577313
vt 0.728933 0.552471
vt 0.737721 0.531126
vt 0.749661 0.533350
vt 0.745771 0.513756
vt 0.753153 0.518236
vt 0.755724 0.506872
vt 0.759114 0.519557
vt 0.762163 0.514907
vt 0.766728 0.506254
vt 0.775207 0.507994
vt 0.773146 0.524710
vt 0.791349 0.494738
vt 0.794985 0.482778
vt 0.803244 0.493169
vt 0.812898 0.497700
vt 0.825859 0.513568
vt 0.833595 0.524382
vt 0.836546 0.505720
vt 0.839417 0.513361
vt 0.845216 0.503726
vt 0.844915 0.514423
vt 0.849737 0.515267
vt 0.853473 0.508505
vt 0.868661 0.526363
vt 0.852950 0.530328
vt 0.877123 0.545718
vt 0.861438 0.555200
vt 0.844707 0.556855
vt 0.826813 0.640183
vt 0.832539 0.691157
vt 0.797198 0.689408
vt 0.785993 0.742178
vt 0.795906 0.709142
vt 0.819945 0.754182
vt 0.828645 0.716505
vt 0.760641 0.700299
vt 0.753341 0.732122
vt 0.942889 0.725149
vt 0.920945 0.724012
vt 0.941238 0.700936
vt 0.919342 0.703522
vt 0.902768 0.718749
vt 0.904758 0.703462
vt 0.895224 0.702735
vt 0.871842 0.698951
vt 0.866304 0.721884
vt 0.894016 0.718713
vt 0.886759 0.745420
vt 0.898680 0.745487
vt 0.920719 0.748968
vt 0.945173 0.748121
vt 0.740164 0.773172
vt 0.717586 0.751871
vt 0.728621 0.724311
vt 0.725775 0.817637
vt 0.703407 0.777770
vt 0.770515 0.792805
vt 0.805602 0.799644
vt 0.854470 0.750599
vt 0.841879 0.794502
vt 0.762892 0.529884
vt 0.844294 0.529275
vt 0.688056 0.145268
vt 0.685239 0.130567
vt 0.717907 0.140676
vt 0.712926 0.125336
vt 0.684496 0.119876
vt 0.703808 0.111023
vt 0.694778 0.101607
vt 0.693234 0.165577
vt 0.720156 0.161437
vt 0.747807 0.136009
vt 0.747157 0.157323
vt 0.777297 0.140188
vt 0.770354 0.160533
vt 0.785141 0.163984
vt 0.794774 0.148917
vt 0.801036 0.170238
vt 0.809931 0.160779
vt 0.818720 0.172978
vt 0.809710 0.178396
vt 0.824480 0.188071
vt 0.812538 0.187673
vt 0.824881 0.202816
vt 0.811802 0.195511
vt 0.819112 0.216564
vt 0.807375 0.203657
vt 0.795596 0.236950
vt 0.788672 0.219980
vt 0.763660 0.250587
vt 0.757818 0.229241
vt 0.726868 0.252725
vt 0.720634 0.238654
vt 0.669863 0.172181
vt 0.674956 0.186646
vt 0.697441 0.180466
vt 0.721732 0.177420
vt 0.744090 0.173253
vt 0.766164 0.174580
vt 0.782503 0.173403
vt 0.794644 0.176482
vt 0.802689 0.180103
vt 0.803114 0.184663
vt 0.802196 0.188886
vt 0.798784 0.194287
vt 0.786944 0.203930
vt 0.755302 0.211195
vt 0.715028 0.223851
vt 0.678109 0.194599
vt 0.698992 0.188413
vt 0.723366 0.185478
vt 0.746668 0.183037
vt 0.767792 0.182814
vt 0.784446 0.179293
vt 0.793757 0.179482
vt 0.798790 0.180043
vt 0.799192 0.182016
vt 0.797912 0.184444
vt 0.793619 0.188464
vt 0.784905 0.196414
vt 0.751722 0.203969
vt 0.712620 0.216590
vt 0.863840 0.311750
vt 0.860425 0.286075
vt 0.841626 0.270523
vt 0.875651 0.228832
vt 0.890781 0.198186
vt 0.898261 0.164789
vt 0.782929 0.365353
vt 0.795929 0.352737
vt 0.810499 0.336147
vt 0.819817 0.306735
vt 0.844032 0.316749
vt 0.887527 0.126346
vt 0.870009 0.156376
vt 0.875125 0.107788
vt 0.846206 0.136805
vt 0.858422 0.178586
vt 0.833440 0.149542
vt 0.816219 0.126491
vt 0.828868 0.114782
vt 0.800342 0.101619
vt 0.809078 0.092918
vt 0.789019 0.072503
vt 0.788499 0.083267
vt 0.768839 0.096821
vt 0.762195 0.085051
vt 0.758107 0.071697
vt 0.902363 0.134992
vt 0.857754 0.213863
vt 0.841491 0.240832
vt 0.822221 0.260734
vt 0.806279 0.250970
vt 0.832492 0.225088
vt 0.840991 0.206230
vt 0.837911 0.184748
vt 0.827575 0.165416
vt 0.817673 0.152187
vt 0.802709 0.136663
vt 0.784071 0.122180
vt 0.746089 0.116235
vt 0.734265 0.095767
vt 0.727512 0.081772
vt 0.736053 0.263887
vt 0.717207 0.267029
vt 0.774327 0.266977
vt 0.833346 0.056937
vt 0.793635 0.040816
vt 0.757444 0.346093
vt 0.773721 0.333948
vt 0.796958 0.321876
vt 0.814146 0.292559
vt 0.808702 0.278890
vt 0.799112 0.274700
vt 0.785292 0.274729
vt 0.759076 0.275346
vt 0.733007 0.272280
vt 0.725066 0.283211
vt 0.761814 0.290669
vt 0.792185 0.283494
vt 0.801779 0.288236
vt 0.781611 0.304909
vt 0.746989 0.310712
vt 0.727533 0.324549
vt 0.719884 0.293221
vt 0.893622 0.336712
vt 0.893870 0.330729
vt 0.890399 0.325884
vt 0.880185 0.319512
vt 0.720716 0.923178
vt 0.737371 0.951276
vt 0.709896 0.955522
vt 0.405000 0.277516
vt 0.438496 0.310932
vt 0.357212 0.325704
vt 0.390651 0.369267
vt 0.322253 0.272608
vt 0.278595 0.224113
vt 0.368809 0.234209
vt 0.327302 0.198905
vt 0.411017 0.206146
vt 0.373826 0.173565
vt 0.325320 0.454581
vt 0.341720 0.472065
vt 0.327079 0.488716
vt 0.322268 0.494187
vt 0.317458 0.499658
vt 0.307837 0.510600
vt 0.356355 0.414852
vt 0.318099 0.364284
vt 0.252960 0.328758
vt 0.216295 0.275509
vt 0.287703 0.300751
vt 0.241339 0.250223
vt 0.395121 0.888447
vt 0.386838 0.931315
vt 0.353126 0.910936
vt 0.122265 0.273036
vt 0.107769 0.262607
vt 0.175038 0.251695
vt 0.184372 0.212633
vt 0.853699 0.879843
vt 0.831064 0.846032
vt 0.868924 0.832168
vt 0.831120 0.891392
vt 0.774686 0.909269
vt 0.787594 0.852932
vt 0.742545 0.921477
vt 0.753661 0.860255
vt 0.696858 0.867333
vt 0.677191 0.857840
vt 0.685743 0.897137
vt 0.961172 0.788113
vt 0.932702 0.802680
vt 0.952841 0.769440
vt 0.924397 0.776931
vt 0.900821 0.817163
vt 0.897847 0.781737
vt 0.876385 0.783955
vt 0.646956 0.119486
vt 0.602137 0.189678
vt 0.634748 0.105711
vt 0.559662 0.154979
vt 0.555736 0.246188
vt 0.514045 0.205875
vt 0.477506 0.174663
vt 0.522343 0.121094
vt 0.556305 0.104099
vt 0.587161 0.078749
vt 0.646015 0.071209
vt 0.622694 0.041597
vt 0.910521 0.847350
vt 0.941324 0.827115
vt 0.954942 0.854265
vt 0.980435 0.826618
vt 0.972269 0.807715
vt 0.646799 0.764916
vt 0.667230 0.760331
vt 0.664404 0.805127
vt 0.682267 0.799099
vt 0.621701 0.971054
vt 0.578168 0.949251
vt 0.609940 0.942517
vt 0.581390 0.938641
vt 0.562515 0.936247
vt 0.630720 0.973421
vt 0.619459 0.944122
vt 0.533670 0.914501
vt 0.547747 0.916229
vt 0.552217 0.935823
vt 0.591362 0.921627
vt 0.548709 0.893700
vt 0.587258 0.900843
vt 0.595122 0.873389
vt 0.615530 0.877741
vt 0.618504 0.903885
vt 0.840411 0.929360
vt 0.777937 0.941573
vt 0.865885 0.916968
vt 0.894187 0.904306
vt 0.880302 0.868082
vt 0.924157 0.879072
vt 0.856097 0.974553
vt 0.786097 0.973556
vt 0.738793 0.988950
vt 0.448269 0.233362
vt 0.447657 0.161229
vt 0.484090 0.261353
vt 0.010184 0.514842
vt 0.015505 0.485405
vt 0.932907 0.133566
vt 0.975442 0.127018
vt 0.656223 0.130453
vt 0.658325 0.112875
vt 0.660787 0.149183
vt 0.678075 0.085267
vt 0.697753 0.262190
vt 0.691114 0.251529
vt 0.685236 0.238670
vt 0.683984 0.233031
vt 0.860311 0.083412
vt 0.752423 0.042965
vt 0.715033 0.057889
vt 0.701135 0.267563
vt 0.700705 0.292117
vt 0.709808 0.303628
vt 0.466913 0.336127
vt 0.655457 0.888721
vt 0.657580 0.856311
vt 0.672456 0.021062
vt 0.665859 0.060427
vt 0.989643 0.843345
vt 0.982413 0.896636
vt 0.649018 0.809720
vt 0.626849 0.763670
vt 0.559465 0.944371
vt 0.619638 0.924527
vt 0.531040 0.888251
vt 0.512522 0.288693
vt 0.864769 0.314355
vt 0.846992 0.318219
vt 0.844531 0.339546
vt 0.847037 0.332294
vt 0.885371 0.342600
vt 0.872500 0.351065
vt 0.856986 0.351377
vt 0.845876 0.344949
vt 0.887596 0.335470
vt 0.887617 0.331879
vt 0.886131 0.328505
vt 0.879371 0.322659
vt 0.867723 0.319057
vt 0.853973 0.322130
vt 0.874253 0.329835
vt 0.015329 0.417229
vt 0.015332 0.445578
vt 0.071065 0.637203
vt 0.081968 0.617670
vt 0.098457 0.640612
vt 0.120314 0.778028
vt 0.125686 0.793566
vt 0.032281 0.814982
vt 0.017774 0.810482
vt 0.263507 0.078055
vt 0.244400 0.047719
vt 0.267333 0.062426
vt 0.214779 0.071938
vt 0.231940 0.073879
vt 0.333774 0.012489
vt 0.325805 0.049563
vt 0.288859 0.052161
vt 0.265837 0.039982
vt 0.303002 0.079095
vt 0.201094 0.009724
vt 0.271895 0.097789
vt 0.445866 0.979701
vt 0.275468 0.761111
vt 0.266261 0.798370
vt 0.273034 0.845880
vt 0.327627 0.850311
vt 0.312476 0.891559
vt 0.291174 0.714241
vt 0.632354 0.434076
vt 0.664577 0.417634
vt 0.699521 0.421327
vt 0.712617 0.447367
vt 0.630419 0.461835
vt 0.657349 0.478454
vt 0.691707 0.472569
vt 0.722877 0.462679
vt 0.702319 0.475156
vt 0.515717 0.542726
vt 0.498665 0.554779
vt 0.505810 0.529455
vt 0.488998 0.534530
vt 0.612726 0.485425
vt 0.610981 0.464544
vt 0.624327 0.473966
vt 0.613134 0.446139
vt 0.475368 0.542101
vt 0.474012 0.533323
vt 0.479088 0.551069
vt 0.575491 0.805677
vt 0.579476 0.819395
vt 0.570056 0.812328
vt 0.569730 0.825162
vt 0.583302 0.827251
vt 0.567328 0.837234
vt 0.551451 0.830126
vt 0.559960 0.819546
vt 0.563304 0.805983
vt 0.577663 0.796643
vt 0.582843 0.806319
vt 0.589396 0.807181
vt 0.583919 0.795310
vt 0.567848 0.793394
vt 0.568643 0.798038
vt 0.558142 0.798076
vt 0.567051 0.791225
vt 0.454892 0.542992
vt 0.458815 0.533628
vt 0.463699 0.538445
vt 0.555230 0.796671
vt 0.543386 0.813156
vt 0.554952 0.810041
vt 0.461440 0.584920
vt 0.436553 0.573944
vt 0.453467 0.567386
vt 0.443386 0.561801
vt 0.457307 0.556477
vt 0.469549 0.555770
vt 0.472026 0.567165
vt 0.526845 0.570274
vt 0.534342 0.592668
vt 0.510556 0.562078
vt 0.493943 0.568495
vt 0.479712 0.595472
vt 0.504024 0.620110
vt 0.554421 0.626781
vt 0.518422 0.643902
vt 0.563964 0.642384
vt 0.573714 0.610919
vt 0.578293 0.618994
vt 0.590757 0.646344
vt 0.594351 0.629851
vt 0.725312 0.474087
vt 0.735041 0.474981
vt 0.730421 0.454319
vt 0.714945 0.416619
vt 0.678488 0.401463
vt 0.645136 0.406581
vt 0.618912 0.428648
vt 0.598707 0.724849
vt 0.614642 0.743984
vt 0.605429 0.747634
vt 0.593404 0.748642
vt 0.578137 0.734566
vt 0.554604 0.748318
vt 0.566986 0.765268
vt 0.580179 0.760246
vt 0.464972 0.870916
vt 0.477082 0.879052
vt 0.395689 0.882197
vt 0.314813 0.669022
vt 0.288130 0.671183
vt 0.293990 0.631644
vt 0.282751 0.628004
vt 0.328388 0.737050
vt 0.337029 0.775830
vt 0.375618 0.743830
vt 0.361808 0.714699
vt 0.418198 0.712727
vt 0.406236 0.687388
vt 0.473704 0.673757
vt 0.459355 0.651254
vt 0.448208 0.633314
vt 0.395777 0.667416
vt 0.385156 0.646102
vt 0.434738 0.616820
vt 0.411817 0.599024
vt 0.539661 0.785701
vt 0.518917 0.768637
vt 0.504007 0.746253
vt 0.539206 0.724323
vt 0.566235 0.712931
vt 0.588748 0.705272
vt 0.585127 0.679390
vt 0.562690 0.681365
vt 0.530863 0.691614
vt 0.491076 0.715611
vt 0.437550 0.752530
vt 0.403120 0.788184
vt 0.359026 0.832260
vt 0.453654 0.789997
vt 0.430909 0.818856
vt 0.420235 0.829619
vt 0.383841 0.868327
vt 0.484703 0.845219
vt 0.437523 0.842720
vt 0.446373 0.829797
vt 0.471709 0.806075
vt 0.505293 0.820340
vt 0.365464 0.621130
vt 0.340936 0.664527
vt 0.331105 0.629606
vt 0.322274 0.703392
vt 0.351916 0.689773
vt 0.687105 0.480307
vt 0.660977 0.484774
vt 0.662198 0.496737
vt 0.689178 0.492340
vt 0.688315 0.507889
vt 0.668926 0.510464
vt 0.704076 0.483663
vt 0.726680 0.488455
vt 0.709208 0.495709
vt 0.645897 0.482579
vt 0.622945 0.480654
vt 0.642477 0.503030
vt 0.623332 0.499997
vt 0.734533 0.494061
vt 0.719279 0.508573
vt 0.702346 0.502732
vt 0.700419 0.499470
vt 0.652971 0.505585
vt 0.648834 0.508090
vt 0.634435 0.516356
vt 0.616583 0.506987
vt 0.578742 0.577519
vt 0.577175 0.586282
vt 0.565931 0.573913
vt 0.561101 0.582557
vt 0.554654 0.575101
vt 0.559417 0.571267
vt 0.572563 0.563371
vt 0.559484 0.564044
vt 0.563836 0.552461
vt 0.549354 0.549616
vt 0.550957 0.566115
vt 0.663736 0.520843
vt 0.683652 0.525523
vt 0.697492 0.509604
vt 0.552614 0.606083
vt 0.572930 0.602261
vt 0.709754 0.507794
vt 0.585125 0.610451
vt 0.580015 0.605838
vt 0.594950 0.600007
vt 0.581915 0.599304
vt 0.598472 0.615033
vt 0.523145 0.549965
vt 0.531376 0.553963
vt 0.537296 0.542359
vt 0.642382 0.515105
vt 0.529897 0.542558
vt 0.526991 0.536011
vt 0.523487 0.523953
vt 0.537555 0.528764
vt 0.289033 0.398332
vt 0.250426 0.979415
vt 0.915232 0.950804
vt 0.944328 0.920057
vt 0.885813 0.967983
vt 0.719069 0.668127
vt 0.743795 0.671807
vt 0.765498 0.681653
vt 0.320341 0.943713
vt 0.698219 0.731795
vt 0.709222 0.712761
vt 0.684950 0.746396
vt 0.093393 0.251035
vt 0.015326 0.388880
vt 0.033954 0.316862
vt 0.681620 0.913188
vt 0.651152 0.901955
vt 0.308002 0.101988
vt 0.334711 0.096359
vt 0.319196 0.139405
vt 0.348974 0.132866
vt 0.169329 0.187514
vt 0.234766 0.179484
vt 0.220647 0.155038
vt 0.438056 0.921329
vt 0.480326 0.881319
vt 0.404354 0.381529
vt 0.396311 0.393625
vt 0.388268 0.405721
vt 0.372183 0.429914
vt 0.292127 0.158719
vt 0.364567 0.440452
vt 0.356952 0.450989
vt 0.353144 0.456258
vt 0.349336 0.461527
vt 0.716610 0.691335
vt 0.737238 0.697950
vt 0.286710 0.133168
vt 0.588856 0.758284
vt 0.446095 0.553050
vt 0.071836 0.792433
vt 0.158251 0.402100
vt 0.165681 0.404088
vt 0.241519 0.069634
vt 0.256442 0.091173
vt 0.238638 0.091548
vt 0.249378 0.104291
vt 0.148200 0.400383
vt 0.137020 0.381212
vt 0.143237 0.362610
vt 0.132628 0.366041
vt 0.194249 0.798137
vt 0.095455 0.786524
vt 0.117271 0.805767
vt 0.074544 0.812618
vt 0.066550 0.826846
vt 0.046788 0.819482
vt 0.055393 0.816660
vt 0.063835 0.813874
vt 0.093807 0.657081
vt 0.108331 0.656000
vt 0.155423 0.824263
vt 0.149577 0.809881
vt 0.171210 0.811348
vt 0.166860 0.798383
vt 0.089064 0.601714
vt 0.250652 0.564394
vt 0.116831 0.978883
vt 0.119271 0.949779
vt 0.130821 0.985071
vt 0.139410 0.958517
vt 0.107385 0.965304
vt 0.105307 0.950071
vt 0.101421 0.936101
vt 0.121676 0.928162
vt 0.095816 0.925619
vt 0.091994 0.920839
vt 0.115861 0.916649
vt 0.107086 0.907899
vt 0.086656 0.918851
vt 0.088945 0.919324
vt 0.083974 0.917868
vt 0.099617 0.901733
vt 0.079107 0.916892
vt 0.069528 0.914862
vt 0.091687 0.895893
vt 0.047769 0.896295
vt 0.072179 0.887721
vt 0.037189 0.866977
vt 0.068085 0.849216
vt 0.140749 0.926094
vt 0.141618 0.939910
vt 0.138401 0.910696
vt 0.132402 0.893839
vt 0.123838 0.880580
vt 0.112881 0.869170
vt 0.085121 0.854154
vt 0.036824 0.841006
vt 0.165325 0.410063
vt 0.948053 0.069353
vt 0.924430 0.063653
vt 0.947004 0.034746
vt 0.930530 0.039712
vt 0.919845 0.080051
vt 0.949376 0.090295
vt 0.902095 0.052444
vt 0.910818 0.044213
vt 0.908161 0.023625
vt 0.919446 0.035944
vt 0.207706 0.635669
vt 0.181249 0.661907
vt 0.236096 0.610459
vt 0.298727 0.554761
vt 0.304858 0.544680
vt 0.411917 0.406873
vt 0.418056 0.393791
vt 0.380690 0.457215
vt 0.386605 0.444941
vt 0.280802 0.566978
vt 0.277776 0.572458
vt 0.956260 0.544127
vt 0.206529 0.130592
vt 0.154286 0.162395
vt 0.079018 0.239463
vt 0.281292 0.107617
vt 0.104170 0.114642
vt 0.086862 0.115622
vt 0.094498 0.097162
vt 0.075304 0.102702
vt 0.078199 0.085609
vt 0.093369 0.077216
vt 0.109389 0.083842
vt 0.114196 0.100498
vt 0.087652 0.137931
vt 0.105905 0.136897
vt 0.070544 0.130854
vt 0.058355 0.117229
vt 0.053221 0.099441
vt 0.056275 0.081416
vt 0.066980 0.066312
vt 0.082978 0.057460
vt 0.101462 0.056413
vt 0.118357 0.063401
vt 0.130700 0.077199
vt 0.135770 0.094764
vt 0.132677 0.113018
vt 0.122105 0.127933
vt 0.083636 0.159586
vt 0.112341 0.157959
vt 0.058089 0.149019
vt 0.038921 0.127590
vt 0.031255 0.101029
vt 0.036057 0.072682
vt 0.052044 0.050128
vt 0.077200 0.036208
vt 0.104803 0.034644
vt 0.131371 0.045633
vt 0.149803 0.066238
vt 0.157775 0.093861
vt 0.153157 0.121118
vt 0.136531 0.144574
vt 0.060663 0.178962
vt 0.137356 0.174616
vt 0.009449 0.121710
vt 0.022279 0.045973
vt 0.089492 0.008783
vt 0.160476 0.038143
vt 0.181777 0.111947
vt 0.243068 0.604788
vt 0.259988 0.588692
vt 0.677498 0.929238
vt 0.646846 0.915189
vt 0.143684 0.384053
vt 0.139635 0.837178
vt 0.132295 0.821378
vt 0.332553 0.517634
vt 0.325602 0.523580
vt 0.315885 0.535425
vt 0.358953 0.489146
vt 0.353707 0.485911
vt 0.288646 0.563819
vt 0.291023 0.559414
vt 0.267969 0.578933
vt 0.350951 0.495188
vt 0.342667 0.509847
vt 0.369947 0.472726
vt 0.373929 0.463522
vt 0.402050 0.417855
vt 0.365076 0.477436
vt 0.338727 0.514767
vt 0.364916 0.460276
vt 0.600144 0.288059
vt 0.599168 0.300849
vt 0.594885 0.299550
vt 0.522322 0.510943
vt 0.504290 0.492116
vt 0.565281 0.443361
vt 0.546356 0.427285
vt 0.488354 0.482512
vt 0.529993 0.417819
vt 0.507167 0.408512
vt 0.463385 0.474411
vt 0.482094 0.411276
vt 0.445056 0.465697
vt 0.470136 0.402947
vt 0.431195 0.456785
vt 0.500244 0.330066
vt 0.503455 0.361423
vt 0.460373 0.369943
vt 0.486402 0.382369
vt 0.571063 0.382987
vt 0.589619 0.393867
vt 0.556118 0.375291
vt 0.538012 0.365791
vt 0.497734 0.389996
vt 0.514492 0.368464
vt 0.591661 0.337311
vt 0.606208 0.341128
vt 0.579803 0.332246
vt 0.568300 0.325650
vt 0.531038 0.349328
vt 0.557263 0.321548
vt 0.585474 0.294684
vt 0.549635 0.315170
vt 0.609288 0.302837
vt 0.545257 0.298084
vt 0.582877 0.288647
vt 0.410714 0.434464
vt 0.520453 0.342517
vt 0.572604 0.328608
vt 0.593814 0.297420
vt 0.570945 0.320067
vt 0.592520 0.294381
s 1
usemtl diego_mat
f 2/1/1 3/2/2 1/3/3
f 5/4/4 6/5/5 4/6/6
f 7/7/7 4/6/6 6/5/5
f 9/8/8 10/9/6 8/10/7
f 9/8/8 8/10/7 11/11/9
f 12/12/10 11/11/9 8/10/7
f 13/13/11 7/7/7 6/5/5
f 6/5/5 14/14/12 13/13/11
f 15/15/13 13/13/11 14/14/12
f 17/16/14 18/17/15 16/18/13
f 19/19/16 20/20/11 16/18/13
f 19/19/16 16/18/13 21/21/17
f 22/22/18 23/23/19 21/21/17
f 19/19/16 21/21/17 23/23/19
f 24/24/16 25/25/19 11/11/9
f 26/26/20 11/11/9 25/25/19
f 25/25/19 27/27/21 26/26/20
f 28/28/22 26/26/20 27/27/21
f 30/29/23 31/30/21 29/31/24
f 32/32/25 29/31/24 31/30/21
f 31/30/21 23/23/19 32/32/25
f 22/22/18 32/32/25 23/23/19
f 12/12/10 24/24/16 11/11/9
f 34/33/26 35/34/27 33/35/28
f 36/36/29 33/35/28 35/34/27
f 36/36/29 37/37/30 33/35/28
f 38/38/31 33/35/28 37/37/30
f 37/37/30 39/39/32 38/38/31
f 40/40/33 38/38/31 39/39/32
f 42/41/34 43/42/35 41/43/36
f 44/44/37 41/43/36 43/42/35
f 46/45/38 47/46/39 45/47/40
f 49/48/41 50/49/42 48/50/40
f 51/51/43 48/50/40 50/49/42
f 47/46/39 52/52/44 45/47/40
f 53/53/45 45/47/40 52/52/44
f 53/53/45 54/54/46 45/47/40
f 55/55/47 45/47/40 54/54/46
f 55/55/47 54/54/46 56/56/48
f 57/57/49 56/56/48 54/54/46
f 54/54/46 53/53/45 58/58/50
f 59/59/51 58/58/50 53/53/45
f 59/59/51 53/53/45 52/52/44
f 60/60/52 52/52/44 47/46/39
f 62/61/53 63/62/54 61/63/55
f 64/64/56 61/63/55 63/62/54
f 65/65/57 66/66/58 63/62/54
f 64/64/56 63/62/54 66/66/58
f 64/64/56 66/66/58 67/67/23
f 64/64/56 67/67/23 61/63/55
f 68/68/59 61/63/55 67/67/23
f 69/69/60 70/70/61 68/68/59
f 72/71/62 73/72/59 71/73/24
f 74/74/63 71/73/24 73/72/59
f 75/75/64 31/30/21 30/29/23
f 70/70/61 62/61/53 68/68/59
f 61/63/55 68/68/59 62/61/53
f 77/76/65 78/77/66 76/78/42
f 76/78/42 79/79/67 77/76/65
f 80/80/68 77/76/65 79/79/67
f 81/81/69 82/82/70 79/79/67
f 80/80/68 79/79/67 82/82/70
f 83/83/71 80/80/68 82/82/70
f 85/84/72 86/85/73 84/86/53
f 87/87/74 84/86/53 86/85/73
f 88/88/75 89/89/76 86/85/73
f 86/85/73 85/84/72 88/88/75
f 90/90/77 88/88/75 85/84/72
f 90/90/77 85/84/72 91/91/78
f 92/92/79 91/91/78 85/84/72
f 92/92/79 85/84/72 84/86/53
f 93/93/70 94/94/80 84/86/53
f 92/92/79 84/86/53 94/94/80
f 96/95/81 97/96/69 95/97/82
f 95/97/82 28/28/22 96/95/81
f 98/98/78 96/95/81 28/28/22
f 27/27/21 99/99/83 28/28/22
f 98/98/78 28/28/22 99/99/83
f 100/100/84 67/67/23 91/91/78
f 90/90/77 91/91/78 67/67/23
f 67/67/23 66/66/58 90/90/77
f 88/88/75 90/90/77 66/66/58
f 66/66/58 65/65/57 88/88/75
f 89/89/76 88/88/75 65/65/57
f 89/89/76 101/101/85 86/85/73
f 87/87/74 86/85/73 101/101/85
f 97/96/69 103/102/86 102/103/87
f 104/104/88 102/103/87 103/102/86
f 50/49/42 49/48/41 103/102/86
f 104/104/88 103/102/86 49/48/41
f 104/104/88 49/48/41 105/105/89
f 106/106/90 105/105/89 49/48/41
f 48/50/40 107/107/47 49/48/41
f 106/106/90 49/48/41 107/107/47
f 44/44/37 43/42/35 107/107/47
f 106/106/90 107/107/47 43/42/35
f 108/108/91 106/106/90 43/42/35
f 43/42/35 42/41/34 108/108/91
f 109/109/92 108/108/91 42/41/34
f 109/109/92 111/110/93 110/111/94
f 112/112/95 110/111/94 111/110/93
f 111/110/93 113/113/96 112/112/95
f 114/114/97 112/112/95 113/113/96
f 115/115/98 116/116/99 114/114/97
f 112/112/95 114/114/97 116/116/99
f 117/117/100 118/118/101 116/116/99
f 112/112/95 116/116/99 118/118/101
f 116/116/99 119/119/102 117/117/100
f 120/120/103 117/117/100 119/119/102
f 119/119/102 121/121/104 120/120/103
f 102/103/87 120/120/103 121/121/104
f 95/97/82 97/96/69 121/121/104
f 102/103/87 121/121/104 97/96/69
f 102/103/87 104/104/88 120/120/103
f 105/105/89 120/120/103 104/104/88
f 120/120/103 105/105/89 117/117/100
f 122/122/105 117/117/100 105/105/89
f 118/118/101 117/117/100 123/123/106
f 122/122/105 123/123/106 117/117/100
f 108/108/91 109/109/92 122/122/105
f 110/111/94 123/123/106 109/109/92
f 109/109/92 123/123/106 122/122/105
f 108/108/91 122/122/105 106/106/90
f 105/105/89 106/106/90 122/122/105
f 121/121/104 125/124/107 124/125/108
f 126/126/109 124/125/108 125/124/107
f 128/127/110 125/124/107 127/128/111
f 129/129/112 127/128/111 125/124/107
f 121/121/104 119/119/102 125/124/107
f 129/129/112 125/124/107 119/119/102
f 116/116/99 115/115/98 119/119/102
f 129/129/112 119/119/102 115/115/98
f 129/129/112 115/115/98 127/128/111
f 130/130/113 127/128/111 115/115/98
f 115/115/98 131/131/114 130/130/113
f 132/132/115 130/130/113 131/131/114
f 132/132/115 131/131/114 35/34/27
f 36/36/29 35/34/27 131/131/114
f 37/37/30 36/36/29 131/131/114
f 37/37/30 131/131/114 113/113/96
f 114/114/97 113/113/96 131/131/114
f 114/114/97 131/131/114 115/115/98
f 133/133/116 134/134/117 26/26/20
f 133/133/116 26/26/20 135/135/118
f 136/136/119 135/135/118 26/26/20
f 26/26/20 28/28/22 136/136/119
f 95/97/82 136/136/119 28/28/22
f 121/121/104 124/125/108 95/97/82
f 136/136/119 95/97/82 124/125/108
f 126/126/109 135/135/118 124/125/108
f 136/136/119 124/125/108 135/135/118
f 111/110/93 109/109/92 137/137/120
f 137/137/120 138/138/121 111/110/93
f 113/113/96 111/110/93 138/138/121
f 113/113/96 138/138/121 37/37/30
f 39/39/32 37/37/30 138/138/121
f 139/139/122 140/140/123 47/46/39
f 60/60/52 47/46/39 140/140/123
f 60/60/52 140/140/123 141/141/124
f 142/142/125 141/141/124 140/140/123
f 141/141/124 143/143/126 59/59/51
f 144/144/127 59/59/51 143/143/126
f 58/58/50 59/59/51 144/144/127
f 146/145/128 58/58/50 145/146/127
f 146/145/128 145/146/127 147/147/129
f 148/148/130 147/147/129 145/146/127
f 143/143/126 141/141/124 142/142/125
f 150/149/131 151/150/132 149/151/133
f 153/152/61 72/71/62 152/153/134
f 154/154/135 152/153/134 72/71/62
f 154/154/135 72/71/62 155/155/136
f 71/73/24 155/155/136 72/71/62
f 155/155/136 71/73/24 156/156/137
f 157/157/138 158/158/139 156/156/137
f 159/159/140 156/156/137 158/158/139
f 161/160/141 162/161/142 160/162/143
f 164/163/144 165/164/145 163/165/146
f 166/166/147 167/167/148 18/17/15
f 17/16/14 166/166/147 18/17/15
f 15/15/13 14/14/12 168/168/149
f 169/169/150 168/168/149 14/14/12
f 171/170/151 169/169/150 170/171/152
f 6/5/5 5/4/4 170/171/152
f 172/172/153 170/171/152 5/4/4
f 173/173/4 168/168/149 171/170/151
f 169/169/150 171/170/151 168/168/149
f 170/171/152 14/14/12 6/5/5
f 174/174/154 153/152/61 152/153/134
f 176/175/155 177/176/156 175/177/157
f 178/178/158 176/175/155 175/177/157
f 180/179/159 181/180/160 179/181/161
f 181/180/160 182/182/162 179/181/161
f 182/182/162 183/183/163 179/181/161
f 185/184/164 186/185/165 184/186/166
f 187/187/167 184/186/166 186/185/165
f 188/188/168 153/152/61 180/179/159
f 174/174/154 180/179/159 153/152/61
f 189/189/169 190/190/170 160/162/143
f 192/191/171 193/192/172 191/193/173
f 194/194/174 191/193/173 193/192/172
f 196/195/175 191/193/173 195/196/176
f 194/194/174 195/196/176 191/193/173
f 195/196/176 194/194/174 197/197/177
f 198/198/178 195/196/176 197/197/177
f 199/199/179 200/200/180 197/197/177
f 198/198/178 197/197/177 200/200/180
f 198/198/178 200/200/180 201/201/181
f 202/202/182 201/201/181 200/200/180
f 204/203/182 205/204/183 203/205/184
f 204/203/182 203/205/184 206/206/185
f 207/207/186 206/206/185 203/205/184
f 207/207/186 203/205/184 208/208/187
f 209/209/188 208/208/187 203/205/184
f 209/209/188 203/205/184 210/210/189
f 205/204/183 210/210/189 203/205/184
f 210/210/189 205/204/183 211/211/190
f 212/212/191 211/211/190 205/204/183
f 211/211/190 212/212/191 213/213/192
f 214/214/193 213/213/192 212/212/191
f 215/215/194 213/213/192 214/214/193
f 215/215/194 217/216/195 216/217/196
f 218/218/197 216/217/196 217/216/195
f 219/219/198 220/220/199 208/208/187
f 207/207/186 208/208/187 220/220/199
f 222/221/200 223/222/201 221/223/202
f 221/223/202 201/201/181 224/224/203
f 225/225/204 224/224/203 201/201/181
f 226/226/204 206/206/185 220/220/199
f 207/207/186 220/220/199 206/206/185
f 201/201/181 221/223/202 198/198/178
f 195/196/176 198/198/178 221/223/202
f 227/227/172 228/228/171 44/44/37
f 41/43/36 44/44/37 228/228/171
f 56/56/48 57/57/49 229/229/172
f 230/230/205 229/229/172 57/57/49
f 231/231/206 229/229/172 230/230/205
f 230/230/205 150/149/131 231/231/206
f 232/232/177 231/231/206 150/149/131
f 234/233/177 140/140/123 233/234/207
f 139/139/122 233/234/207 140/140/123
f 139/139/122 47/46/39 235/235/42
f 46/45/38 235/235/42 47/46/39
f 141/141/124 59/59/51 60/60/52
f 52/52/44 60/60/52 59/59/51
f 237/236/208 238/237/209 236/238/210
f 239/239/211 236/238/210 238/237/209
f 240/240/212 241/241/213 238/237/209
f 239/239/211 238/237/209 241/241/213
f 242/242/214 241/241/213 240/240/212
f 244/243/215 245/244/216 243/245/193
f 243/245/193 246/246/217 244/243/215
f 241/241/213 244/243/215 246/246/217
f 246/246/217 247/247/183 241/241/213
f 239/239/211 241/241/213 247/247/183
f 202/202/182 200/200/180 247/247/183
f 239/239/211 247/247/183 200/200/180
f 239/239/211 200/200/180 236/238/210
f 199/199/179 236/238/210 200/200/180
f 248/248/218 249/249/219 199/199/179
f 236/238/210 199/199/179 249/249/219
f 237/236/208 236/238/210 249/249/219
f 10/9/6 251/250/220 250/251/219
f 252/252/208 250/251/219 251/250/220
f 78/77/66 77/76/65 253/253/221
f 254/254/222 253/253/221 77/76/65
f 256/255/223 253/253/221 255/256/224
f 254/254/222 255/256/224 253/253/221
f 258/257/225 255/256/224 257/258/226
f 254/254/222 257/258/226 255/256/224
f 259/259/227 258/257/225 257/258/226
f 261/260/228 257/258/226 260/261/229
f 83/83/71 260/261/229 257/258/226
f 257/258/226 254/254/222 83/83/71
f 80/80/68 83/83/71 254/254/222
f 77/76/65 80/80/68 254/254/222
f 32/32/25 262/262/230 29/31/24
f 263/263/231 29/31/24 262/262/230
f 264/264/232 265/265/233 262/262/230
f 263/263/231 262/262/230 265/265/233
f 267/266/234 264/264/232 266/267/235
f 262/262/230 266/267/235 264/264/232
f 32/32/25 22/22/18 262/262/230
f 266/267/235 262/262/230 22/22/18
f 22/22/18 21/21/17 266/267/235
f 167/167/148 266/267/235 21/21/17
f 16/18/13 18/17/15 21/21/17
f 167/167/148 21/21/17 18/17/15
f 269/268/236 270/269/219 268/270/237
f 272/271/237 273/272/238 271/273/239
f 274/274/240 271/273/239 273/272/238
f 274/274/240 273/272/238 275/275/241
f 277/276/147 278/277/149 276/278/242
f 269/268/236 276/278/242 278/277/149
f 269/268/236 278/277/149 279/279/4
f 279/279/4 280/280/6 270/269/219
f 276/278/242 269/268/236 281/281/239
f 283/282/243 284/283/244 282/284/245
f 282/284/245 285/285/246 283/282/243
f 286/286/247 283/282/243 285/285/246
f 287/287/248 283/282/243 286/286/247
f 288/288/249 283/282/243 287/287/248
f 287/287/248 289/289/250 288/288/249
f 290/290/251 288/288/249 289/289/250
f 289/289/250 291/291/252 290/290/251
f 292/292/253 290/290/251 291/291/252
f 292/292/253 291/291/252 293/293/254
f 292/292/253 293/293/254 294/294/255
f 295/295/256 294/294/255 293/293/254
f 294/294/255 295/295/256 296/296/257
f 296/296/257 295/295/256 297/297/258
f 298/298/259 297/297/258 295/295/256
f 298/298/259 295/295/256 299/299/260
f 295/295/256 300/300/261 299/299/260
f 301/301/262 299/299/260 300/300/261
f 300/300/261 302/302/263 301/301/262
f 303/303/264 301/301/262 302/302/263
f 303/303/264 305/304/265 304/305/266
f 306/306/267 304/305/266 305/304/265
f 304/305/266 306/306/267 307/307/268
f 307/307/268 306/306/267 308/308/269
f 309/309/270 308/308/269 306/306/267
f 306/306/267 310/310/271 309/309/270
f 311/311/272 309/309/270 310/310/271
f 311/311/272 310/310/271 312/312/273
f 313/313/274 312/312/273 310/310/271
f 312/312/273 313/313/274 314/314/275
f 315/315/276 314/314/275 313/313/274
f 314/314/275 315/315/276 316/316/277
f 317/317/278 316/316/277 315/315/276
f 316/316/277 317/317/278 318/318/279
f 319/319/280 318/318/279 317/317/278
f 319/319/280 320/320/281 318/318/279
f 321/321/282 318/318/279 320/320/281
f 323/322/283 324/323/284 322/324/285
f 325/325/286 322/324/285 324/323/284
f 322/324/285 325/325/286 326/326/287
f 327/327/288 326/326/287 325/325/286
f 327/327/288 325/325/286 328/328/289
f 329/329/290 328/328/289 325/325/286
f 325/325/286 324/323/284 329/329/290
f 330/330/291 329/329/290 324/323/284
f 332/331/292 330/330/291 331/332/293
f 324/323/284 331/332/293 330/330/291
f 332/331/292 333/333/294 330/330/291
f 334/334/295 330/330/291 333/333/294
f 333/333/294 335/335/296 334/334/295
f 336/336/297 334/334/295 335/335/296
f 338/337/296 339/338/298 337/339/297
f 340/340/299 337/339/297 339/338/298
f 337/339/297 340/340/299 341/341/300
f 342/342/301 341/341/300 340/340/299
f 342/342/301 340/340/299 343/343/302
f 344/344/303 343/343/302 340/340/299
f 340/340/299 339/338/298 344/344/303
f 345/345/304 344/344/303 339/338/298
f 345/345/304 346/346/305 344/344/303
f 347/347/306 344/344/303 346/346/305
f 347/347/306 348/348/307 344/344/303
f 343/343/302 344/344/303 348/348/307
f 282/284/245 349/349/308 285/285/246
f 350/350/302 285/285/246 349/349/308
f 351/351/301 350/350/302 349/349/308
f 349/349/308 352/352/309 351/351/301
f 353/353/300 351/351/301 352/352/309
f 352/352/309 320/320/281 353/353/300
f 319/319/280 353/353/300 320/320/281
f 354/354/300 355/355/280 336/336/297
f 334/334/295 336/336/297 355/355/280
f 355/355/280 356/356/278 334/334/295
f 357/357/310 334/334/295 356/356/278
f 356/356/278 358/358/276 357/357/310
f 359/359/311 357/357/310 358/358/276
f 359/359/311 358/358/276 360/360/312
f 359/359/311 360/360/312 361/361/313
f 362/362/314 361/361/313 360/360/312
f 362/362/314 360/360/312 363/363/271
f 363/363/271 364/364/267 362/362/314
f 365/365/315 362/362/314 364/364/267
f 329/329/290 365/365/315 364/364/267
f 364/364/267 366/366/265 329/329/290
f 328/328/289 329/329/290 366/366/265
f 367/367/264 368/368/263 366/366/265
f 328/328/289 366/366/265 368/368/263
f 328/328/289 368/368/263 327/327/288
f 326/326/287 327/327/288 368/368/263
f 326/326/287 368/368/263 369/369/261
f 369/369/261 370/370/256 326/326/287
f 322/324/285 326/326/287 370/370/256
f 323/322/283 322/324/285 370/370/256
f 371/371/316 323/322/283 370/370/256
f 370/370/256 372/372/254 371/371/316
f 373/373/317 371/371/316 372/372/254
f 372/372/254 374/374/252 373/373/317
f 375/375/318 373/373/317 374/374/252
f 375/375/318 374/374/252 376/376/319
f 377/377/250 376/376/319 374/374/252
f 377/377/250 378/378/248 376/376/319
f 379/379/320 376/376/319 378/378/248
f 378/378/248 380/380/321 379/379/320
f 381/381/322 379/379/320 380/380/321
f 380/380/321 348/348/307 381/381/322
f 347/347/306 381/381/322 348/348/307
f 347/347/306 346/346/305 381/381/322
f 382/382/323 381/381/322 346/346/305
f 346/346/305 383/383/324 382/382/323
f 323/322/283 382/382/323 383/383/324
f 323/322/283 383/383/324 324/323/284
f 331/332/293 324/323/284 383/383/324
f 383/383/324 384/384/325 331/332/293
f 385/385/326 331/332/293 384/384/325
f 387/386/327 388/387/328 386/388/329
f 389/389/330 386/388/329 388/387/328
f 391/390/331 388/387/328 390/391/332
f 387/386/327 390/391/332 388/387/328
f 393/392/333 394/393/334 392/394/335
f 395/395/336 392/394/335 394/393/334
f 396/396/337 397/397/338 394/393/334
f 395/395/336 394/393/334 397/397/338
f 395/395/336 397/397/338 338/337/296
f 339/338/298 338/337/296 397/397/338
f 397/397/338 398/398/339 339/338/298
f 345/345/304 339/338/298 398/398/339
f 398/398/339 399/399/340 345/345/304
f 346/346/305 345/345/304 399/399/340
f 346/346/305 399/399/340 383/383/324
f 384/384/325 383/383/324 399/399/340
f 389/389/330 384/384/325 400/400/341
f 399/399/340 400/400/341 384/384/325
f 399/399/340 398/398/339 400/400/341
f 401/401/342 400/400/341 398/398/339
f 398/398/339 397/397/338 401/401/342
f 396/396/337 401/401/342 397/397/338
f 403/402/343 401/401/342 402/403/344
f 396/396/337 402/403/344 401/401/342
f 404/404/345 402/403/344 394/393/334
f 396/396/337 394/393/334 402/403/344
f 404/404/345 394/393/334 405/405/346
f 393/392/333 405/405/346 394/393/334
f 406/406/347 407/407/348 390/391/332
f 408/408/349 390/391/332 407/407/348
f 409/409/350 410/410/351 406/406/347
f 407/407/348 406/406/347 410/410/351
f 406/406/347 390/391/332 411/411/352
f 387/386/327 411/411/352 390/391/332
f 387/386/327 386/388/329 411/411/352
f 412/412/353 411/411/352 386/388/329
f 413/413/354 414/414/355 386/388/329
f 412/412/353 386/388/329 414/414/355
f 413/413/354 386/388/329 400/400/341
f 389/389/330 400/400/341 386/388/329
f 413/413/354 400/400/341 403/402/343
f 401/401/342 403/402/343 400/400/341
f 330/330/291 334/334/295 415/415/356
f 357/357/310 415/415/356 334/334/295
f 357/357/310 359/359/311 415/415/356
f 361/361/313 415/415/356 359/359/311
f 361/361/313 362/362/314 415/415/356
f 365/365/315 415/415/356 362/362/314
f 330/330/291 415/415/356 365/365/315
f 329/329/290 330/330/291 365/365/315
f 301/301/262 303/303/264 299/299/260
f 304/305/266 299/299/260 303/303/264
f 299/299/260 304/305/266 298/298/259
f 307/307/268 298/298/259 304/305/266
f 298/298/259 307/307/268 297/297/258
f 308/308/269 297/297/258 307/307/268
f 308/308/269 309/309/270 321/321/282
f 318/318/279 321/321/282 309/309/270
f 309/309/270 311/311/272 318/318/279
f 316/316/277 318/318/279 311/311/272
f 311/311/272 312/312/273 316/316/277
f 314/314/275 316/316/277 312/312/273
f 323/322/283 371/371/316 382/382/323
f 416/416/357 382/382/323 371/371/316
f 371/371/316 373/373/317 416/416/357
f 375/375/318 416/416/357 373/373/317
f 375/375/318 376/376/319 416/416/357
f 379/379/320 416/416/357 376/376/319
f 379/379/320 381/381/322 416/416/357
f 382/382/323 416/416/357 381/381/322
f 292/292/253 294/294/255 290/290/251
f 288/288/249 290/290/251 294/294/255
f 288/288/249 294/294/255 283/282/243
f 296/296/257 283/282/243 294/294/255
f 296/296/257 297/297/258 283/282/243
f 284/283/244 283/282/243 297/297/258
f 308/308/269 321/321/282 297/297/258
f 284/283/244 297/297/258 321/321/282
f 321/321/282 320/320/281 284/283/244
f 282/284/245 284/283/244 320/320/281
f 320/320/281 352/352/309 282/284/245
f 349/349/308 282/284/245 352/352/309
f 418/417/358 419/418/359 417/419/360
f 420/420/361 417/419/360 419/418/359
f 419/418/359 421/421/362 420/420/361
f 422/422/363 420/420/361 421/421/362
f 423/423/364 422/422/363 421/421/362
f 425/424/365 418/417/358 424/425/366
f 417/419/360 424/425/366 418/417/358
f 417/419/360 426/426/367 424/425/366
f 427/427/368 424/425/366 426/426/367
f 426/426/367 428/428/369 427/427/368
f 429/429/370 427/427/368 428/428/369
f 429/429/370 428/428/369 430/430/371
f 431/431/372 430/430/371 428/428/369
f 430/430/371 431/431/372 432/432/373
f 433/433/374 432/432/373 431/431/372
f 433/433/374 434/434/375 432/432/373
f 435/435/376 432/432/373 434/434/375
f 434/434/375 436/436/377 435/435/376
f 437/437/378 435/435/376 436/436/377
f 436/436/377 438/438/379 437/437/378
f 439/439/380 437/437/378 438/438/379
f 438/438/379 440/440/381 439/439/380
f 441/441/382 439/439/380 440/440/381
f 440/440/381 442/442/383 441/441/382
f 443/443/384 441/441/382 442/442/383
f 442/442/383 444/444/385 443/443/384
f 445/445/386 443/443/384 444/444/385
f 444/444/385 446/446/387 445/445/386
f 447/447/388 445/445/386 446/446/387
f 449/448/389 425/424/365 448/449/390
f 450/450/391 448/449/390 425/424/365
f 425/424/365 424/425/366 450/450/391
f 451/451/392 450/450/391 424/425/366
f 424/425/366 427/427/368 451/451/392
f 452/452/393 451/451/392 427/427/368
f 427/427/368 429/429/370 452/452/393
f 453/453/394 452/452/393 429/429/370
f 429/429/370 430/430/371 453/453/394
f 454/454/395 453/453/394 430/430/371
f 430/430/371 432/432/373 454/454/395
f 455/455/396 454/454/395 432/432/373
f 432/432/373 435/435/376 455/455/396
f 456/456/397 455/455/396 435/435/376
f 435/435/376 437/437/378 456/456/397
f 457/457/398 456/456/397 437/437/378
f 437/437/378 439/439/380 457/457/398
f 458/458/399 457/457/398 439/439/380
f 439/439/380 441/441/382 458/458/399
f 459/459/400 458/458/399 441/441/382
f 441/441/382 443/443/384 459/459/400
f 460/460/401 459/459/400 443/443/384
f 443/443/384 445/445/386 460/460/401
f 461/461/402 460/460/401 445/445/386
f 445/445/386 447/447/388 461/461/402
f 462/462/403 461/461/402 447/447/388
f 448/449/390 450/450/391 463/463/404
f 464/464/405 463/463/404 450/450/391
f 450/450/391 451/451/392 464/464/405
f 465/465/406 464/464/405 451/451/392
f 451/451/392 452/452/393 465/465/406
f 466/466/407 465/465/406 452/452/393
f 467/467/408 466/466/407 453/453/394
f 452/452/393 453/453/394 466/466/407
f 468/468/409 467/467/408 454/454/395
f 453/453/394 454/454/395 467/467/408
f 454/454/395 455/455/396 468/468/409
f 469/469/410 468/468/409 455/455/396
f 455/455/396 456/456/397 469/469/410
f 470/470/411 469/469/410 456/456/397
f 456/456/397 457/457/398 470/470/411
f 471/471/412 470/470/411 457/457/398
f 457/457/398 458/458/399 471/471/412
f 472/472/413 471/471/412 458/458/399
f 458/458/399 459/459/400 472/472/413
f 473/473/414 472/472/413 459/459/400
f 459/459/400 460/460/401 473/473/414
f 474/474/415 473/473/414 460/460/401
f 460/460/401 461/461/402 474/474/415
f 475/475/416 474/474/415 461/461/402
f 461/461/402 462/462/403 475/475/416
f 476/476/417 475/475/416 462/462/403
f 477/477/418 478/478/419 134/134/117
f 26/26/20 134/134/117 478/478/419
f 26/26/20 478/478/419 11/11/9
f 9/8/8 11/11/9 478/478/419
f 478/478/419 479/479/420 9/8/8
f 480/480/421 9/8/8 479/479/420
f 480/480/421 481/481/422 9/8/8
f 10/9/6 9/8/8 481/481/422
f 481/481/422 482/482/423 10/9/6
f 251/250/220 10/9/6 482/482/423
f 483/483/424 484/484/425 40/40/33
f 38/38/31 40/40/33 484/484/425
f 484/484/425 485/485/426 38/38/31
f 33/35/28 38/38/31 485/485/426
f 485/485/426 486/486/427 33/35/28
f 34/33/26 33/35/28 486/486/427
f 487/487/428 34/33/26 486/486/427
f 486/486/427 478/478/419 487/487/428
f 477/477/418 487/487/428 478/478/419
f 489/488/429 490/489/430 488/490/431
f 491/491/432 488/490/431 490/489/430
f 492/492/433 493/493/434 490/489/430
f 491/491/432 490/489/430 493/493/434
f 493/493/434 494/494/435 491/491/432
f 495/495/436 491/491/432 494/494/435
f 494/494/435 496/496/437 495/495/436
f 497/497/438 495/495/436 496/496/437
f 497/497/438 496/496/437 498/498/439
f 499/499/440 498/498/439 496/496/437
f 500/500/441 501/501/442 496/496/437
f 499/499/440 496/496/437 501/501/442
f 501/501/442 502/502/443 499/499/440
f 498/498/439 499/499/440 502/502/443
f 503/503/444 482/482/423 489/488/429
f 490/489/430 489/488/429 482/482/423
f 482/482/423 481/481/422 490/489/430
f 492/492/433 490/489/430 481/481/422
f 481/481/422 480/480/421 492/492/433
f 504/504/445 492/492/433 480/480/421
f 480/480/421 479/479/420 504/504/445
f 505/505/446 504/504/445 479/479/420
f 505/505/446 479/479/420 506/506/447
f 506/506/447 507/507/448 505/505/446
f 508/508/449 505/505/446 507/507/448
f 505/505/446 508/508/449 504/504/445
f 509/509/450 504/504/445 508/508/449
f 509/509/450 510/510/451 504/504/445
f 492/492/433 504/504/445 510/510/451
f 510/510/451 511/511/452 492/492/433
f 493/493/434 492/492/433 511/511/452
f 493/493/434 511/511/452 512/512/453
f 512/512/453 513/513/454 493/493/434
f 494/494/435 493/493/434 513/513/454
f 513/513/454 514/514/455 494/494/435
f 496/496/437 494/494/435 514/514/455
f 514/514/455 515/515/456 496/496/437
f 500/500/441 496/496/437 515/515/456
f 515/515/456 516/516/457 500/500/441
f 501/501/442 500/500/441 516/516/457
f 516/516/457 517/517/458 501/501/442
f 502/502/443 501/501/442 517/517/458
f 518/518/459 519/519/460 446/446/387
f 446/446/387 444/444/385 518/518/459
f 520/520/461 518/518/459 444/444/385
f 520/520/461 444/444/385 507/507/448
f 442/442/383 507/507/448 444/444/385
f 442/442/383 440/440/381 507/507/448
f 508/508/449 507/507/448 440/440/381
f 440/440/381 438/438/379 508/508/449
f 509/509/450 508/508/449 438/438/379
f 438/438/379 436/436/377 509/509/450
f 510/510/451 509/509/450 436/436/377
f 510/510/451 436/436/377 511/511/452
f 434/434/375 511/511/452 436/436/377
f 511/511/452 434/434/375 512/512/453
f 433/433/374 512/512/453 434/434/375
f 433/433/374 431/431/372 512/512/453
f 513/513/454 512/512/453 431/431/372
f 431/431/372 428/428/369 513/513/454
f 514/514/455 513/513/454 428/428/369
f 428/428/369 426/426/367 514/514/455
f 515/515/456 514/514/455 426/426/367
f 426/426/367 417/419/360 515/515/456
f 420/420/361 515/515/456 417/419/360
f 420/420/361 422/422/363 515/515/456
f 516/516/457 515/515/456 422/422/363
f 422/422/363 423/423/364 516/516/457
f 517/517/458 516/516/457 423/423/364
f 522/521/462 497/497/438 521/522/463
f 498/498/439 521/522/463 497/497/438
f 523/523/464 524/524/465 483/483/424
f 484/484/425 483/483/424 524/524/465
f 524/524/465 525/525/466 484/484/425
f 485/485/426 484/484/425 525/525/466
f 485/485/426 525/525/466 486/486/427
f 526/526/467 486/486/427 525/525/466
f 486/486/427 526/526/467 478/478/419
f 479/479/420 478/478/419 526/526/467
f 526/526/467 527/527/468 479/479/420
f 506/506/447 479/479/420 527/527/468
f 527/527/468 528/528/469 506/506/447
f 507/507/448 506/506/447 528/528/469
f 528/528/469 529/529/470 507/507/448
f 520/520/461 507/507/448 529/529/470
f 529/529/470 530/530/471 520/520/461
f 518/518/459 520/520/461 530/530/471
f 518/518/459 530/530/471 531/531/472
f 519/519/460 531/531/472 532/532/473
f 530/530/471 529/529/470 533/533/474
f 534/534/475 533/533/474 529/529/470
f 534/534/475 529/529/470 528/528/469
f 528/528/469 527/527/468 534/534/475
f 535/535/476 534/534/475 527/527/468
f 535/535/476 527/527/468 526/526/467
f 525/525/466 536/536/477 526/526/467
f 535/535/476 526/526/467 536/536/477
f 535/535/476 536/536/477 534/534/475
f 533/533/474 534/534/475 536/536/477
f 537/537/478 533/533/474 536/536/477
f 536/536/477 525/525/466 537/537/478
f 524/524/465 537/537/478 525/525/466
f 524/524/465 523/523/464 537/537/478
f 538/538/479 537/537/478 523/523/464
f 537/537/478 538/538/479 539/539/480
f 533/533/474 537/537/478 539/539/480
f 128/127/110 540/540/481 125/124/107
f 126/126/109 125/124/107 540/540/481
f 540/540/481 541/541/482 126/126/109
f 135/135/118 126/126/109 541/541/482
f 541/541/482 542/542/483 135/135/118
f 133/133/116 135/135/118 542/542/483
f 542/542/483 543/543/484 133/133/116
f 134/134/117 133/133/116 543/543/484
f 545/544/485 546/545/486 544/546/487
f 548/547/488 549/548/489 547/549/490
f 550/550/491 547/549/490 549/548/489
f 552/551/492 553/552/493 551/553/494
f 554/554/495 551/553/494 553/552/493
f 556/555/496 551/553/494 555/556/487
f 554/554/495 555/556/487 551/553/494
f 557/557/497 558/558/498 224/224/203
f 558/558/498 559/559/499 224/224/203
f 559/559/499 560/560/500 224/224/203
f 560/560/500 561/561/501 224/224/203
f 561/561/501 562/562/502 224/224/203
f 550/550/491 563/563/503 547/549/490
f 564/564/504 547/549/490 563/563/503
f 566/565/505 567/566/506 565/567/507
f 568/568/508 565/567/507 567/566/506
f 570/569/509 571/570/506 569/571/510
f 573/572/511 574/573/197 572/574/512
f 575/575/513 572/574/512 574/573/197
f 577/576/514 578/577/515 576/578/516
f 579/579/517 580/580/518 578/577/515
f 581/581/519 578/577/515 580/580/518
f 582/582/520 583/583/521 580/580/518
f 581/581/519 580/580/518 583/583/521
f 581/581/519 583/583/521 412/412/353
f 411/411/352 412/412/353 583/583/521
f 584/584/522 582/582/520 545/544/485
f 584/584/522 545/544/485 585/585/523
f 586/586/524 585/585/523 545/544/485
f 588/587/525 589/588/526 587/589/527
f 590/590/528 587/589/527 589/588/526
f 589/588/526 591/591/529 590/590/528
f 592/592/530 590/590/528 591/591/529
f 578/577/515 414/414/355 576/578/516
f 593/593/531 576/578/516 414/414/355
f 595/594/532 596/595/533 594/596/534
f 597/597/535 594/596/534 596/595/533
f 598/598/536 599/599/537 596/595/533
f 597/597/535 596/595/533 599/599/537
f 599/599/537 600/600/538 597/597/535
f 601/601/539 597/597/535 600/600/538
f 594/596/534 603/602/540 602/603/541
f 594/596/534 602/603/541 604/604/542
f 605/605/543 604/604/542 602/603/541
f 607/606/544 591/591/529 606/607/545
f 589/588/526 606/607/545 591/591/529
f 609/608/546 606/607/545 608/609/547
f 610/610/548 608/609/547 606/607/545
f 612/611/547 613/612/549 611/613/550
f 614/614/551 611/613/550 613/612/549
f 410/410/351 409/409/350 614/614/551
f 584/584/522 614/614/551 409/409/350
f 584/584/522 409/409/350 582/582/520
f 583/583/521 582/582/520 409/409/350
f 406/406/347 411/411/352 409/409/350
f 583/583/521 409/409/350 411/411/352
f 585/585/523 611/613/550 584/584/522
f 614/614/551 584/584/522 611/613/550
f 616/615/534 617/616/552 615/617/553
f 618/618/554 615/617/553 617/616/552
f 619/619/555 618/618/554 617/616/552
f 616/615/534 615/617/553 620/620/532
f 621/621/556 620/620/532 615/617/553
f 623/622/557 624/623/558 622/624/559
f 619/619/555 622/624/559 624/623/558
f 624/623/558 625/625/560 619/619/555
f 618/618/554 619/619/555 625/625/560
f 615/617/553 618/618/554 625/625/560
f 624/623/558 626/626/561 625/625/560
f 627/627/562 625/625/560 626/626/561
f 626/626/561 2/1/1 627/627/562
f 628/628/563 627/627/562 2/1/1
f 1/3/3 629/629/564 628/628/563
f 628/628/563 629/629/564 627/627/562
f 630/630/565 627/627/562 629/629/564
f 631/631/566 632/632/567 579/579/517
f 580/580/518 579/579/517 632/632/567
f 634/633/568 577/576/514 633/634/569
f 635/635/570 633/634/569 577/576/514
f 636/636/571 607/606/544 609/608/546
f 606/607/545 609/608/546 607/606/544
f 631/631/566 638/637/539 637/638/572
f 544/546/487 546/545/486 639/639/496
f 600/600/538 641/640/573 640/641/572
f 556/555/496 640/641/572 641/640/573
f 599/599/537 642/642/574 600/600/538
f 641/640/573 600/600/538 642/642/574
f 237/236/208 643/643/575 238/237/209
f 644/644/576 238/237/209 643/643/575
f 251/250/220 645/645/577 252/252/208
f 646/646/575 252/252/208 645/645/577
f 419/418/359 647/647/578 421/421/362
f 648/648/579 421/421/362 647/647/578
f 418/417/358 649/649/580 419/418/359
f 647/647/578 419/418/359 649/649/580
f 421/421/362 648/648/579 423/423/364
f 650/650/581 423/423/364 648/648/579
f 425/424/365 449/448/389 418/417/358
f 649/649/580 418/417/358 449/448/389
f 446/446/387 651/651/582 447/447/388
f 652/652/583 447/447/388 651/651/582
f 447/447/388 652/652/583 462/462/403
f 653/653/584 462/462/403 652/652/583
f 462/462/403 653/653/584 476/476/417
f 654/654/585 476/476/417 653/653/584
f 482/482/423 503/503/444 251/250/220
f 645/645/577 251/250/220 503/503/444
f 497/497/438 522/521/462 495/495/436
f 655/655/586 495/495/436 522/521/462
f 495/495/436 655/655/586 491/491/432
f 488/490/431 491/491/432 655/655/586
f 502/502/443 656/656/587 498/498/439
f 521/522/463 498/498/439 656/656/587
f 517/517/458 657/657/588 502/502/443
f 656/656/587 502/502/443 657/657/588
f 519/519/460 658/658/589 446/446/387
f 651/651/582 446/446/387 658/658/589
f 423/423/364 650/650/581 517/517/458
f 657/657/588 517/517/458 650/650/581
f 660/659/590 539/539/480 659/660/591
f 532/532/473 539/539/480 660/659/590
f 658/658/589 519/519/460 660/659/590
f 550/550/491 549/548/489 661/661/592
f 586/586/524 662/662/593 585/585/523
f 663/663/594 585/585/523 662/662/593
f 605/605/543 664/664/595 604/604/542
f 665/665/596 604/604/542 664/664/595
f 608/609/547 666/666/597 609/608/546
f 667/667/595 609/608/546 666/666/597
f 585/585/523 663/663/594 611/613/550
f 668/668/598 611/613/550 663/663/594
f 669/669/597 612/611/547 668/668/598
f 611/613/550 668/668/598 612/611/547
f 617/616/552 670/670/599 619/619/555
f 622/624/559 619/619/555 670/670/599
f 621/621/556 615/617/553 671/671/600
f 624/623/558 623/622/557 626/626/561
f 672/672/601 626/626/561 623/622/557
f 626/626/561 672/672/601 2/1/1
f 3/2/2 2/1/1 672/672/601
f 673/673/602 642/642/574 598/598/536
f 599/599/537 598/598/536 642/642/574
f 477/477/418 134/134/117 674/674/603
f 543/543/484 674/674/603 134/134/117
f 675/675/604 34/33/26 487/487/428
f 675/675/604 487/487/428 674/674/603
f 477/477/418 674/674/603 487/487/428
f 677/676/605 35/34/27 676/677/606
f 34/33/26 676/677/606 35/34/27
f 679/678/607 128/127/110 678/679/608
f 127/128/111 678/679/608 128/127/110
f 678/679/608 127/128/111 680/680/609
f 130/130/113 680/680/609 127/128/111
f 680/680/609 130/130/113 681/681/610
f 132/132/115 681/681/610 130/130/113
f 681/681/610 132/132/115 677/676/605
f 35/34/27 677/676/605 132/132/115
f 682/682/611 540/540/481 679/678/607
f 128/127/110 679/678/607 540/540/481
f 683/683/612 541/541/482 682/682/611
f 540/540/481 682/682/611 541/541/482
f 684/684/613 542/542/483 683/683/612
f 541/541/482 683/683/612 542/542/483
f 685/685/614 543/543/484 684/684/613
f 542/542/483 684/684/613 543/543/484
f 686/686/615 674/674/603 685/685/614
f 543/543/484 685/685/614 674/674/603
f 676/677/606 34/33/26 687/687/616
f 675/675/604 687/687/616 34/33/26
f 687/687/616 675/675/604 686/686/615
f 674/674/603 686/686/615 675/675/604
f 688/688/617 677/676/605 676/677/606
f 688/688/617 679/678/607 678/679/608
f 688/688/617 678/679/608 680/680/609
f 688/688/617 680/680/609 681/681/610
f 688/688/617 681/681/610 677/676/605
f 688/688/617 682/682/611 679/678/607
f 688/688/617 683/683/612 682/682/611
f 688/688/617 684/684/613 683/683/612
f 688/688/617 685/685/614 684/684/613
f 688/688/617 686/686/615 685/685/614
f 688/688/617 676/677/606 687/687/616
f 688/688/617 687/687/616 686/686/615
f 531/531/472 530/530/471 532/532/473
f 533/533/474 532/532/473 530/530/471
f 531/531/472 519/519/460 518/518/459
f 628/628/563 2/1/1 1/3/3
f 690/689/618 242/242/214 689/690/619
f 240/240/212 689/690/619 242/242/214
f 671/671/600 615/617/553 625/625/560
f 627/627/562 630/630/565 625/625/560
f 671/671/600 625/625/560 630/630/565
f 692/691/228 693/692/620 691/693/223
f 166/166/147 695/694/241 694/695/621
f 265/265/233 696/696/622 263/263/231
f 697/697/623 263/263/231 696/696/622
f 699/698/134 700/699/624 698/700/625
f 275/275/241 273/272/238 701/701/626
f 701/701/626 273/272/238 702/702/137
f 702/702/137 273/272/238 700/699/624
f 704/703/627 705/704/66 703/705/628
f 704/703/627 703/705/628 706/706/122
f 705/704/66 707/707/629 703/705/628
f 706/706/122 273/272/238 708/708/219
f 273/272/238 272/271/237 708/708/219
f 706/706/122 703/705/628 700/699/624
f 700/699/624 703/705/628 698/700/625
f 703/705/628 707/707/629 698/700/625
f 707/707/629 709/709/223 698/700/625
f 277/276/147 276/278/242 710/710/241
f 211/211/190 711/711/630 210/210/189
f 712/712/631 210/210/189 711/711/630
f 210/210/189 712/712/631 209/209/188
f 713/713/632 209/209/188 712/712/631
f 714/714/633 715/715/634 713/713/632
f 213/213/192 716/716/635 211/211/190
f 711/711/630 211/211/190 716/716/635
f 209/209/188 713/713/632 208/208/187
f 208/208/187 713/713/632 219/219/198
f 715/715/634 219/219/198 713/713/632
f 718/717/636 719/718/637 717/719/638
f 717/719/638 720/720/639 718/717/636
f 721/721/640 718/717/636 720/720/639
f 721/721/640 720/720/639 722/722/641
f 723/723/642 722/722/641 720/720/639
f 720/720/639 724/724/643 723/723/642
f 725/725/644 723/723/642 724/724/643
f 727/726/645 728/727/646 726/728/647
f 729/729/648 726/728/647 728/727/646
f 731/730/647 732/731/648 730/732/649
f 721/721/640 730/732/649 732/731/648
f 721/721/640 732/731/648 718/717/636
f 733/733/650 718/717/636 732/731/648
f 734/734/651 735/735/650 729/729/648
f 729/729/648 728/727/646 734/734/651
f 736/736/652 734/734/651 728/727/646
f 738/737/653 739/738/654 737/739/655
f 740/740/656 737/739/655 739/738/654
f 741/741/657 742/742/658 739/738/654
f 740/740/656 739/738/654 742/742/658
f 742/742/658 743/743/659 740/740/656
f 744/744/660 740/740/656 743/743/659
f 740/740/656 744/744/660 737/739/655
f 745/745/661 737/739/655 744/744/660
f 746/746/662 747/747/663 738/737/653
f 739/738/654 738/737/653 747/747/663
f 739/738/654 747/747/663 741/741/657
f 748/748/664 741/741/657 747/747/663
f 748/748/664 747/747/663 749/749/665
f 746/746/662 749/749/665 747/747/663
f 746/746/662 738/737/653 750/750/666
f 751/751/667 750/750/666 738/737/653
f 737/739/655 745/745/661 738/737/653
f 751/751/667 738/737/653 745/745/661
f 745/745/661 752/752/668 751/751/667
f 750/750/666 751/751/667 752/752/668
f 750/750/666 753/753/669 746/746/662
f 749/749/665 746/746/662 753/753/669
f 755/754/670 756/755/671 754/756/672
f 753/753/669 750/750/666 757/757/670
f 752/752/668 757/757/670 750/750/666
f 757/757/670 752/752/668 758/758/673
f 759/759/674 758/758/673 752/752/668
f 745/745/661 744/744/660 752/752/668
f 759/759/674 752/752/668 744/744/660
f 759/759/674 744/744/660 758/758/673
f 743/743/659 758/758/673 744/744/660
f 761/760/675 762/761/676 760/762/677
f 763/763/678 760/762/677 762/761/676
f 764/764/658 765/765/679 760/762/677
f 766/766/680 760/762/677 765/765/679
f 736/736/652 766/766/680 765/765/679
f 768/767/681 769/768/682 767/769/683
f 770/770/684 767/769/683 769/768/682
f 770/770/684 769/768/682 771/771/685
f 772/772/686 771/771/685 769/768/682
f 769/768/682 773/773/687 772/772/686
f 774/774/688 772/772/686 773/773/687
f 775/775/689 774/774/688 773/773/687
f 776/776/690 777/777/691 773/773/687
f 775/775/689 773/773/687 777/777/691
f 775/775/689 777/777/691 778/778/692
f 779/779/693 778/778/692 777/777/691
f 781/780/694 724/724/643 780/781/693
f 782/782/692 780/781/693 724/724/643
f 782/782/692 724/724/643 720/720/639
f 782/782/692 720/720/639 783/783/695
f 717/719/638 783/783/695 720/720/639
f 783/783/695 717/719/638 784/784/696
f 719/718/637 784/784/696 717/719/638
f 785/785/697 784/784/696 719/718/637
f 719/718/637 718/717/636 785/785/697
f 786/786/671 785/785/697 718/717/636
f 786/786/671 718/717/636 733/733/650
f 788/787/698 789/788/671 787/789/670
f 787/789/670 790/790/699 788/787/698
f 791/791/700 788/787/698 790/790/699
f 793/792/701 791/791/700 792/793/676
f 794/794/702 792/793/676 791/791/700
f 761/760/675 760/762/677 766/766/680
f 761/760/675 766/766/680 771/771/685
f 770/770/684 771/771/685 766/766/680
f 766/766/680 736/736/652 770/770/684
f 728/727/646 770/770/684 736/736/652
f 767/769/683 770/770/684 728/727/646
f 796/795/703 797/796/704 795/797/705
f 570/569/509 795/797/705 797/796/704
f 799/798/706 800/799/707 798/800/703
f 801/801/704 798/800/703 800/799/707
f 215/215/194 216/217/196 800/799/707
f 801/801/704 800/799/707 216/217/196
f 714/714/633 713/713/632 712/712/631
f 711/711/630 802/802/708 712/712/631
f 803/803/709 712/712/631 802/802/708
f 803/803/709 802/802/708 804/804/710
f 805/805/711 804/804/710 802/802/708
f 804/804/710 805/805/711 806/806/712
f 807/807/713 806/806/712 805/805/711
f 806/806/712 807/807/713 808/808/714
f 809/809/715 808/808/714 807/807/713
f 808/808/714 809/809/715 774/774/688
f 772/772/686 774/774/688 809/809/715
f 772/772/686 809/809/715 771/771/685
f 810/810/716 771/771/685 809/809/715
f 807/807/713 811/811/717 809/809/715
f 810/810/716 809/809/715 811/811/717
f 811/811/717 812/812/718 810/810/716
f 813/813/719 810/810/716 812/812/718
f 810/810/716 813/813/719 771/771/685
f 761/760/675 771/771/685 813/813/719
f 814/814/720 762/761/676 813/813/719
f 761/760/675 813/813/719 762/761/676
f 815/815/721 816/816/722 792/793/676
f 793/792/701 792/793/676 816/816/722
f 816/816/722 817/817/723 793/792/701
f 818/818/724 793/792/701 817/817/723
f 793/792/701 818/818/724 791/791/700
f 819/819/725 791/791/700 818/818/724
f 791/791/700 819/819/725 788/787/698
f 820/820/696 788/787/698 819/819/725
f 820/820/696 819/819/725 821/821/695
f 822/822/726 821/821/695 819/819/725
f 821/821/695 822/822/726 778/778/692
f 775/775/689 778/778/692 822/822/726
f 822/822/726 823/823/727 775/775/689
f 774/774/688 775/775/689 823/823/727
f 823/823/727 824/824/728 774/774/688
f 808/808/714 774/774/688 824/824/728
f 824/824/728 825/825/729 808/808/714
f 806/806/712 808/808/714 825/825/729
f 825/825/729 826/826/730 806/806/712
f 804/804/710 806/806/712 826/826/730
f 826/826/730 827/827/731 804/804/710
f 803/803/709 804/804/710 827/827/731
f 819/819/725 818/818/724 822/822/726
f 823/823/727 822/822/726 818/818/724
f 818/818/724 817/817/723 823/823/727
f 824/824/728 823/823/727 817/817/723
f 817/817/723 828/828/732 824/824/728
f 825/825/729 824/824/728 828/828/732
f 826/826/730 830/829/733 829/830/734
f 829/830/734 831/831/735 826/826/730
f 827/827/731 826/826/730 831/831/735
f 796/795/703 795/797/705 832/832/736
f 833/833/737 832/832/736 795/797/705
f 831/831/735 829/830/734 795/797/705
f 833/833/737 795/797/705 829/830/734
f 834/834/738 833/833/737 830/829/733
f 829/830/734 830/829/733 833/833/737
f 817/817/723 816/816/722 828/828/732
f 835/835/739 828/828/732 816/816/722
f 836/836/740 835/835/739 815/815/721
f 816/816/722 815/815/721 835/835/739
f 814/814/720 813/813/719 837/837/740
f 812/812/718 837/837/740 813/813/719
f 838/838/741 839/839/736 812/812/718
f 837/837/740 812/812/718 839/839/736
f 834/834/738 832/832/736 833/833/737
f 798/800/703 839/839/736 799/798/706
f 838/838/741 799/798/706 839/839/736
f 799/798/706 838/838/741 840/840/742
f 841/841/743 840/840/742 838/838/741
f 838/838/741 812/812/718 841/841/743
f 811/811/717 841/841/743 812/812/718
f 723/723/642 842/842/744 722/722/641
f 843/843/745 722/722/641 842/842/744
f 843/843/745 842/842/744 844/844/746
f 845/845/747 844/844/746 842/842/744
f 845/845/747 846/846/748 844/844/746
f 847/847/749 844/844/746 846/846/748
f 725/725/644 724/724/643 848/848/750
f 781/780/694 848/848/750 724/724/643
f 781/780/694 849/849/751 848/848/750
f 850/850/752 848/848/750 849/849/751
f 721/721/640 722/722/641 730/732/649
f 851/851/753 730/732/649 722/722/641
f 730/732/649 851/851/753 852/852/754
f 851/851/753 853/853/755 852/852/754
f 854/854/756 852/852/754 853/853/755
f 781/780/694 780/781/693 849/849/751
f 855/855/757 849/849/751 780/781/693
f 855/855/757 856/856/758 849/849/751
f 850/850/752 849/849/751 856/856/758
f 850/850/752 856/856/758 857/857/759
f 857/857/759 858/858/760 850/850/752
f 848/848/750 850/850/752 858/858/760
f 725/725/644 848/848/750 858/858/760
f 858/858/760 842/842/744 725/725/644
f 723/723/642 725/725/644 842/842/744
f 802/802/708 711/711/630 840/840/742
f 716/716/635 840/840/742 711/711/630
f 840/840/742 716/716/635 799/798/706
f 800/799/707 799/798/706 716/716/635
f 716/716/635 213/213/192 800/799/707
f 215/215/194 800/799/707 213/213/192
f 840/840/742 841/841/743 802/802/708
f 805/805/711 802/802/708 841/841/743
f 841/841/743 811/811/717 805/805/711
f 807/807/713 805/805/711 811/811/717
f 851/851/753 722/722/641 843/843/745
f 843/843/745 859/859/761 851/851/753
f 859/859/761 860/860/762 851/851/753
f 853/853/755 851/851/753 860/860/762
f 853/853/755 860/860/762 861/861/763
f 861/861/763 862/862/764 853/853/755
f 854/854/756 853/853/755 862/862/764
f 854/854/756 862/862/764 852/852/754
f 731/730/647 852/852/754 862/862/764
f 730/732/649 852/852/754 731/730/647
f 864/863/765 865/864/760 863/865/766
f 866/866/767 863/865/766 865/864/760
f 867/867/768 868/868/769 866/866/767
f 863/865/766 866/866/767 868/868/769
f 863/865/766 868/868/769 869/869/770
f 870/870/771 869/869/770 868/868/769
f 871/871/772 869/869/770 870/870/771
f 871/871/772 870/870/771 872/872/773
f 873/873/774 872/872/773 870/870/771
f 868/868/769 867/867/768 870/870/771
f 873/873/774 870/870/771 867/867/768
f 867/867/768 769/768/682 873/873/774
f 768/767/681 873/873/774 769/768/682
f 873/873/774 768/767/681 872/872/773
f 859/859/761 843/843/745 844/844/746
f 844/844/746 847/847/749 859/859/761
f 874/874/772 859/859/761 847/847/749
f 847/847/749 846/846/748 874/874/772
f 875/875/775 874/874/772 846/846/748
f 876/876/765 875/875/775 846/846/748
f 846/846/748 845/845/747 876/876/765
f 858/858/760 876/876/765 845/845/747
f 845/845/747 842/842/744 858/858/760
f 866/866/767 865/864/760 877/877/776
f 866/866/767 877/877/776 867/867/768
f 769/768/682 867/867/768 877/877/776
f 773/773/687 769/768/682 877/877/776
f 773/773/687 877/877/776 776/776/690
f 878/878/777 776/776/690 877/877/776
f 878/878/777 877/877/776 865/864/760
f 879/879/778 858/858/760 857/857/759
f 881/880/779 882/881/780 880/882/781
f 883/883/782 880/882/781 882/881/780
f 883/883/782 882/881/780 865/864/760
f 878/878/777 865/864/760 882/881/780
f 776/776/690 878/878/777 882/881/780
f 882/881/780 881/880/779 776/776/690
f 777/777/691 776/776/690 881/880/779
f 777/777/691 881/880/779 779/779/693
f 884/884/757 779/779/693 881/880/779
f 880/882/781 884/884/757 881/880/779
f 728/727/646 727/726/645 767/769/683
f 885/885/783 767/769/683 727/726/645
f 767/769/683 885/885/783 768/767/681
f 886/886/784 768/767/681 885/885/783
f 872/872/773 768/767/681 886/886/784
f 872/872/773 886/886/784 887/887/785
f 860/860/762 859/859/761 888/888/786
f 886/886/784 885/885/783 887/887/785
f 889/889/787 887/887/785 885/885/783
f 889/889/787 885/885/783 890/890/788
f 727/726/645 890/890/788 885/885/783
f 727/726/645 726/728/647 890/890/788
f 891/891/789 890/890/788 726/728/647
f 890/890/788 891/891/789 892/892/790
f 890/890/788 892/892/790 889/889/787
f 887/887/785 889/889/787 892/892/790
f 714/714/633 569/571/510 715/715/634
f 795/797/705 570/569/509 569/571/510
f 893/893/791 557/557/497 225/225/204
f 224/224/203 225/225/204 557/557/497
f 220/220/199 894/894/791 226/226/204
f 896/895/792 633/634/569 895/896/543
f 636/636/571 895/896/543 633/634/569
f 667/667/595 895/896/543 609/608/546
f 636/636/571 609/608/546 895/896/543
f 897/897/540 634/633/568 896/895/792
f 633/634/569 896/895/792 634/633/568
f 338/337/296 392/394/335 395/395/336
f 335/335/296 333/333/294 898/898/335
f 899/899/793 898/898/335 333/333/294
f 333/333/294 332/331/292 899/899/793
f 900/900/794 899/899/793 332/331/292
f 901/901/795 894/894/791 219/219/198
f 220/220/199 219/219/198 894/894/791
f 551/553/494 548/547/488 552/551/492
f 547/549/490 552/551/492 548/547/488
f 592/592/530 591/591/529 593/593/531
f 576/578/516 593/593/531 591/591/529
f 591/591/529 607/606/544 576/578/516
f 635/635/570 576/578/516 607/606/544
f 607/606/544 636/636/571 635/635/570
f 633/634/569 635/635/570 636/636/571
f 385/385/326 900/900/794 331/332/293
f 332/331/292 331/332/293 900/900/794
f 902/902/527 903/903/796 407/407/348
f 408/408/349 407/407/348 903/903/796
f 904/904/525 902/902/527 410/410/351
f 407/407/348 410/410/351 902/902/527
f 245/244/216 905/905/797 574/573/197
f 244/243/215 906/906/798 245/244/216
f 907/907/799 245/244/216 906/906/798
f 908/908/800 909/909/801 586/586/524
f 662/662/593 586/586/524 909/909/801
f 911/910/802 912/911/803 910/912/804
f 913/913/805 910/912/804 912/911/803
f 575/575/513 915/914/806 914/915/807
f 916/916/808 914/915/807 915/914/806
f 905/905/797 915/914/806 574/573/197
f 575/575/513 574/573/197 915/914/806
f 551/553/494 556/555/496 548/547/488
f 641/640/573 548/547/488 556/555/496
f 548/547/488 641/640/573 549/548/489
f 642/642/574 549/548/489 641/640/573
f 661/661/592 549/548/489 673/673/602
f 642/642/574 673/673/602 549/548/489
f 570/569/509 797/796/704 917/917/809
f 918/918/810 917/917/809 797/796/704
f 552/551/492 565/567/507 553/552/493
f 568/568/508 553/552/493 565/567/507
f 550/550/491 919/919/811 563/563/503
f 919/919/811 920/920/812 563/563/503
f 920/920/812 921/921/813 563/563/503
f 921/921/813 922/922/814 563/563/503
f 552/551/492 547/549/490 565/567/507
f 564/564/504 565/567/507 547/549/490
f 569/571/510 571/570/506 901/901/795
f 917/917/809 571/570/506 570/569/509
f 575/575/513 914/915/807 568/568/508
f 553/552/493 568/568/508 914/915/807
f 914/915/807 923/923/815 553/552/493
f 554/554/495 553/552/493 923/923/815
f 910/912/804 555/556/487 554/554/495
f 586/586/524 545/544/485 908/908/800
f 544/546/487 908/908/800 545/544/485
f 575/575/513 568/568/508 572/574/512
f 567/566/506 572/574/512 568/568/508
f 715/715/634 569/571/510 219/219/198
f 901/901/795 219/219/198 569/571/510
f 563/563/503 922/922/814 557/557/497
f 922/922/814 924/924/816 557/557/497
f 924/924/816 925/925/817 557/557/497
f 925/925/817 926/926/818 557/557/497
f 926/926/818 927/927/819 557/557/497
f 927/927/819 558/558/498 557/557/497
f 564/564/504 563/563/503 893/893/791
f 557/557/497 893/893/791 563/563/503
f 565/567/507 564/564/504 566/565/505
f 893/893/791 566/565/505 564/564/504
f 589/588/526 588/587/525 606/607/545
f 610/610/548 606/607/545 588/587/525
f 614/614/551 613/612/549 410/410/351
f 904/904/525 410/410/351 613/612/549
f 898/898/335 899/899/793 928/928/333
f 929/929/820 928/928/333 899/899/793
f 899/899/793 900/900/794 929/929/820
f 391/390/331 929/929/820 900/900/794
f 900/900/794 385/385/326 391/390/331
f 388/387/328 391/390/331 385/385/326
f 384/384/325 389/389/330 385/385/326
f 388/387/328 385/385/326 389/389/330
f 600/600/538 640/641/572 601/601/539
f 581/581/519 412/412/353 578/577/515
f 414/414/355 578/577/515 412/412/353
f 593/593/531 403/402/343 592/592/530
f 402/403/344 592/592/530 403/402/343
f 590/590/528 592/592/530 404/404/345
f 402/403/344 404/404/345 592/592/530
f 590/590/528 404/404/345 587/589/527
f 405/405/346 587/589/527 404/404/345
f 414/414/355 413/413/354 593/593/531
f 403/402/343 593/593/531 413/413/354
f 928/928/333 929/929/820 903/903/796
f 408/408/349 903/903/796 929/929/820
f 408/408/349 929/929/820 390/391/332
f 391/390/331 390/391/332 929/929/820
f 916/916/808 930/930/821 914/915/807
f 923/923/815 914/915/807 930/930/821
f 931/931/659 794/794/702 790/790/699
f 791/791/700 790/790/699 794/794/702
f 932/932/659 764/764/658 763/763/678
f 760/762/677 763/763/678 764/764/658
f 149/151/133 151/150/132 148/148/130
f 147/147/129 148/148/130 151/150/132
f 831/831/735 795/797/705 569/571/510
f 190/190/170 161/160/141 160/162/143
f 933/933/822 267/266/234 167/167/148
f 266/267/235 167/167/148 267/266/234
f 700/699/624 273/272/238 706/706/122
f 281/281/239 269/268/236 268/270/237
f 269/268/236 279/279/4 270/269/219
f 160/162/143 162/161/142 189/189/169
f 161/160/141 934/934/823 162/161/142
f 935/935/824 162/161/142 934/934/823
f 937/936/825 938/937/826 936/938/827
f 939/939/170 936/938/827 938/937/826
f 940/940/826 934/934/823 190/190/170
f 161/160/141 190/190/170 934/934/823
f 942/941/828 177/176/156 941/942/829
f 943/943/830 941/942/829 177/176/156
f 181/180/160 941/942/829 178/178/158
f 943/943/830 178/178/158 941/942/829
f 944/944/831 255/256/224 258/257/225
f 944/944/831 258/257/225 259/259/227
f 945/945/832 946/946/833 164/163/144
f 165/164/145 164/163/144 946/946/833
f 163/165/146 947/947/834 164/163/144
f 949/948/835 950/949/836 948/950/837
f 949/948/835 948/950/837 951/951/838
f 949/948/835 951/951/838 947/947/834
f 261/260/228 259/259/227 257/258/226
f 691/693/223 952/952/839 692/691/228
f 952/952/839 691/693/223 953/953/831
f 944/944/831 256/255/223 255/256/224
f 955/954/840 956/955/841 954/956/156
f 957/957/842 954/956/156 956/955/841
f 958/958/843 691/693/223 693/692/620
f 943/943/830 176/175/155 178/178/158
f 943/943/830 177/176/156 176/175/155
f 230/230/205 151/150/132 150/149/131
f 230/230/205 147/147/129 151/150/132
f 57/57/49 146/145/128 230/230/205
f 147/147/129 230/230/205 146/145/128
f 57/57/49 54/54/46 146/145/128
f 54/54/46 58/58/50 146/145/128
f 828/828/732 830/829/733 825/825/729
f 826/826/730 825/825/729 830/829/733
f 835/835/739 834/834/738 828/828/732
f 830/829/733 828/828/732 834/834/738
f 836/836/740 832/832/736 835/835/739
f 834/834/738 835/835/739 832/832/736
f 644/644/576 689/690/619 238/237/209
f 240/240/212 238/237/209 689/690/619
f 959/959/844 196/195/175 195/196/176
f 863/865/766 869/869/770 864/863/765
f 861/861/763 860/860/762 888/888/786
f 961/960/845 962/961/846 960/962/847
f 963/963/848 960/962/847 962/961/846
f 964/964/406 962/961/846 961/960/845
f 965/965/849 962/961/846 964/964/406
f 966/966/408 967/967/850 965/965/849
f 962/961/846 965/965/849 967/967/850
f 968/968/409 967/967/850 966/966/408
f 969/969/851 970/970/852 968/968/409
f 971/971/853 970/970/852 969/969/851
f 973/972/412 971/971/853 972/973/411
f 974/974/854 975/975/855 973/972/412
f 971/971/853 973/972/412 975/975/855
f 976/976/414 975/975/855 974/974/854
f 977/977/415 978/978/856 976/976/414
f 975/975/855 976/976/414 978/978/856
f 979/979/857 980/980/858 977/977/415
f 978/978/856 977/977/415 980/980/858
f 981/981/859 980/980/858 979/979/857
f 982/982/860 980/980/858 981/981/859
f 967/967/850 984/983/861 983/984/862
f 970/970/852 985/985/863 967/967/850
f 984/983/861 967/967/850 985/985/863
f 971/971/853 986/986/864 970/970/852
f 985/985/863 970/970/852 986/986/864
f 975/975/855 987/987/865 971/971/853
f 986/986/864 971/971/853 987/987/865
f 978/978/856 988/988/866 975/975/855
f 987/987/865 975/975/855 988/988/866
f 980/980/858 989/989/867 978/978/856
f 988/988/866 978/978/856 989/989/867
f 982/982/860 989/989/867 980/980/858
f 983/984/862 962/961/846 967/967/850
f 983/984/862 963/963/848 962/961/846
f 990/990/585 982/982/860 981/981/859
f 972/973/411 971/971/853 969/969/851
f 970/970/852 967/967/850 968/968/409
f 632/632/567 631/631/566 637/638/572
f 582/582/520 546/545/486 545/544/485
f 632/632/567 637/638/572 546/545/486
f 639/639/496 546/545/486 637/638/572
f 580/580/518 632/632/567 582/582/520
f 546/545/486 582/582/520 632/632/567
f 856/856/758 879/879/778 857/857/759
f 735/735/650 754/756/672 756/755/671
f 734/734/651 754/756/672 735/735/650
f 169/169/150 14/14/12 170/171/152
f 991/991/868 159/159/140 162/161/142
f 189/189/169 162/161/142 159/159/140
f 155/155/136 991/991/868 154/154/135
f 935/935/824 154/154/135 991/991/868
f 933/933/822 167/167/148 945/945/832
f 166/166/147 945/945/832 167/167/148
f 519/519/460 532/532/473 660/659/590
f 532/532/473 533/533/474 539/539/480
f 993/992/869 994/993/870 992/994/871
f 995/995/872 992/994/871 994/993/870
f 995/995/872 996/993/873 992/994/871
f 997/992/874 992/994/871 996/993/873
f 996/993/873 998/996/875 997/992/874
f 999/997/876 997/992/874 998/996/875
f 999/997/876 998/996/875 993/992/869
f 994/993/870 993/992/869 998/996/875
f 998/996/875 1000/998/877 994/993/870
f 1001/999/878 994/993/870 1000/998/877
f 1000/998/877 1003/998/879 1002/1000/880
f 1002/1000/880 1003/998/879 1004/1001/881
f 1001/999/878 1004/1001/881 994/993/870
f 995/995/872 994/993/870 1004/1001/881
f 1004/1001/881 1003/998/879 995/995/872
f 996/993/873 995/995/872 1003/998/879
f 996/993/873 1003/998/879 998/996/875
f 1000/998/877 998/996/875 1003/998/879
f 1006/998/882 1007/999/883 1005/1000/884
f 1005/1000/884 1007/999/883 1008/1001/885
f 1008/1001/885 1010/995/886 1009/999/887
f 1011/993/888 1009/999/887 1010/995/886
f 1011/993/888 1012/996/889 1009/999/887
f 1006/998/882 1009/999/887 1012/996/889
f 1013/993/890 1007/999/883 1012/996/889
f 1006/998/882 1012/996/889 1007/999/883
f 1007/999/883 1013/993/890 1008/1001/885
f 1010/995/886 1008/1001/885 1013/993/890
f 1014/994/891 1015/992/892 1010/995/886
f 1011/993/888 1010/995/886 1015/992/892
f 1011/993/888 1015/992/892 1012/996/889
f 1016/997/893 1012/996/889 1015/992/892
f 1012/996/889 1016/997/893 1013/993/890
f 1017/992/894 1013/993/890 1016/997/893
f 1013/993/890 1017/992/894 1010/995/886
f 1014/994/891 1010/995/886 1017/992/894
f 1019/992/895 1020/997/896 1018/993/897
f 1021/996/898 1018/993/897 1020/997/896
f 1020/997/896 1022/992/899 1021/996/898
f 1023/993/900 1021/996/898 1022/992/899
f 1022/992/899 1024/994/901 1023/993/900
f 1025/995/902 1023/993/900 1024/994/901
f 1019/992/895 1018/993/897 1024/994/901
f 1025/995/902 1024/994/901 1018/993/897
f 1018/993/897 1026/999/903 1025/995/902
f 1027/1001/904 1025/995/902 1026/999/903
f 1029/999/905 1030/1000/906 1028/998/907
f 1026/999/903 1018/993/897 1028/998/907
f 1021/996/898 1028/998/907 1018/993/897
f 1028/998/907 1021/996/898 1029/999/905
f 1023/993/900 1029/999/905 1021/996/898
f 1023/993/900 1025/995/902 1029/999/905
f 1027/1001/904 1029/999/905 1025/995/902
f 1027/1001/904 1026/999/903 1030/1000/906
f 1032/992/908 1033/994/909 1031/993/910
f 1034/995/911 1031/993/910 1033/994/909
f 1033/994/909 1035/992/912 1034/995/911
f 1036/993/913 1034/995/911 1035/992/912
f 1036/993/913 1035/992/912 1037/996/914
f 1038/997/915 1037/996/914 1035/992/912
f 1038/997/915 1032/992/908 1037/996/914
f 1031/993/910 1037/996/914 1032/992/908
f 1037/996/914 1031/993/910 1039/998/916
f 1040/999/917 1039/998/916 1031/993/910
f 1042/999/918 1039/998/916 1041/1000/919
f 1042/999/918 1041/1000/919 1043/1001/920
f 1040/999/917 1031/993/910 1043/1001/920
f 1034/995/911 1043/1001/920 1031/993/910
f 1043/1001/920 1034/995/911 1042/999/918
f 1036/993/913 1042/999/918 1034/995/911
f 1037/996/914 1039/998/916 1036/993/913
f 1042/999/918 1036/993/913 1039/998/916
f 1045/998/921 1046/999/922 1044/1000/923
f 1044/1000/923 1046/999/922 1047/1001/924
f 1048/995/925 1049/993/926 1047/1001/924
f 1050/999/927 1047/1001/924 1049/993/926
f 1049/993/926 1051/996/928 1050/999/927
f 1045/998/921 1050/999/927 1051/996/928
f 1051/996/928 1052/993/929 1045/998/921
f 1046/999/922 1045/998/921 1052/993/929
f 1046/999/922 1052/993/929 1047/1001/924
f 1048/995/925 1047/1001/924 1052/993/929
f 1048/995/925 1053/994/930 1049/993/926
f 1054/992/931 1049/993/926 1053/994/930
f 1054/992/931 1055/997/932 1049/993/926
f 1051/996/928 1049/993/926 1055/997/932
f 1051/996/928 1055/997/932 1052/993/929
f 1056/992/933 1052/993/929 1055/997/932
f 1052/993/929 1056/992/933 1048/995/925
f 1053/994/930 1048/995/925 1056/992/933
f 1058/998/934 1059/999/935 1057/1000/936
f 1061/1001/937 1062/995/938 1060/999/939
f 1063/993/940 1060/999/939 1062/995/938
f 1063/993/940 1064/996/941 1060/999/939
f 1058/998/934 1060/999/939 1064/996/941
f 1064/996/941 1065/993/942 1058/998/934
f 1059/999/935 1058/998/934 1065/993/942
f 1060/999/939 1057/1000/936 1061/1001/937
f 1059/999/935 1065/993/942 1061/1001/937
f 1062/995/938 1061/1001/937 1065/993/942
f 1062/995/938 1066/994/943 1063/993/940
f 1067/992/944 1063/993/940 1066/994/943
f 1063/993/940 1067/992/944 1064/996/941
f 1068/997/945 1064/996/941 1067/992/944
f 1068/997/945 1069/992/946 1064/996/941
f 1065/993/942 1064/996/941 1069/992/946
f 1065/993/942 1069/992/946 1062/995/938
f 1066/994/943 1062/995/938 1069/992/946
f 1071/998/947 1072/999/948 1070/1000/949
f 1074/995/950 1075/993/951 1073/1001/952
f 1076/999/953 1073/1001/952 1075/993/951
f 1075/993/951 1077/996/954 1076/999/953
f 1071/998/947 1076/999/953 1077/996/954
f 1077/996/954 1078/993/955 1071/998/947
f 1072/999/948 1071/998/947 1078/993/955
f 1076/999/953 1070/1000/949 1073/1001/952
f 1072/999/948 1078/993/955 1073/1001/952
f 1074/995/950 1073/1001/952 1078/993/955
f 1079/992/956 1080/994/957 1078/993/955
f 1074/995/950 1078/993/955 1080/994/957
f 1074/995/950 1080/994/957 1075/993/951
f 1081/992/958 1075/993/951 1080/994/957
f 1075/993/951 1081/992/958 1077/996/954
f 1082/997/959 1077/996/954 1081/992/958
f 1082/997/959 1079/992/956 1077/996/954
f 1078/993/955 1077/996/954 1079/992/956
f 1076/999/953 1071/998/947 1070/1000/949
f 1072/999/948 1073/1001/952 1070/1000/949
f 1060/999/939 1058/998/934 1057/1000/936
f 1059/999/935 1061/1001/937 1057/1000/936
f 1050/999/927 1045/998/921 1044/1000/923
f 1050/999/927 1044/1000/923 1047/1001/924
f 1040/999/917 1041/1000/919 1039/998/916
f 1040/999/917 1043/1001/920 1041/1000/919
f 1001/999/878 1000/998/877 1002/1000/880
f 1001/999/878 1002/1000/880 1004/1001/881
f 1009/999/887 1006/998/882 1005/1000/884
f 1009/999/887 1005/1000/884 1008/1001/885
f 1026/999/903 1028/998/907 1030/1000/906
f 1029/999/905 1027/1001/904 1030/1000/906
f 919/919/811 550/550/491 661/661/592
f 112/112/95 118/118/101 110/111/94
f 123/123/106 110/111/94 118/118/101
f 1083/1002/960 1084/1003/961 191/193/173
f 192/191/171 191/193/173 1084/1003/961
f 1083/1002/960 191/193/173 1085/1004/962
f 196/195/175 1085/1004/962 191/193/173
f 1087/1005/963 222/221/200 1086/1006/964
f 562/562/502 1086/1006/964 222/221/200
f 1089/1007/965 920/920/812 1088/1008/966
f 919/919/811 1088/1008/966 920/920/812
f 1091/1009/967 924/924/816 1090/1010/968
f 922/922/814 1090/1010/968 924/924/816
f 1092/1011/969 1093/1012/970 223/222/201
f 959/959/844 223/222/201 1093/1012/970
f 1094/1013/971 41/43/36 228/228/171
f 1088/1008/966 919/919/811 661/661/592
f 1096/1014/972 916/916/808 1095/1015/973
f 915/914/806 1095/1015/973 916/916/808
f 1095/1015/973 915/914/806 1097/1016/974
f 905/905/797 1097/1016/974 915/914/806
f 1096/1014/972 1098/1017/975 916/916/808
f 930/930/821 916/916/808 1098/1017/975
f 1097/1016/974 905/905/797 907/907/799
f 245/244/216 907/907/799 905/905/797
f 714/714/633 712/712/631 827/827/731
f 803/803/709 827/827/731 712/712/631
f 827/827/731 831/831/735 714/714/633
f 569/571/510 714/714/633 831/831/735
f 1100/1018/976 1101/1019/977 1099/1020/978
f 1101/1019/977 1102/1021/979 1099/1020/978
f 1102/1021/979 1103/1022/980 1099/1020/978
f 1103/1022/980 1104/1023/981 1099/1020/978
f 1104/1023/981 1105/1024/982 1099/1020/978
f 1105/1024/982 1106/1025/983 1099/1020/978
f 1106/1025/983 1100/1018/976 1099/1020/978
f 1101/1019/977 1100/1018/976 1107/1026/984
f 1108/1027/985 1107/1026/984 1100/1018/976
f 1107/1026/984 1109/1028/986 1101/1019/977
f 1102/1021/979 1101/1019/977 1110/1029/987
f 1109/1028/986 1110/1029/987 1101/1019/977
f 1110/1029/987 1111/1030/988 1102/1021/979
f 1103/1022/980 1102/1021/979 1112/1031/989
f 1111/1030/988 1112/1031/989 1102/1021/979
f 1112/1031/989 1113/1032/990 1103/1022/980
f 1104/1023/981 1103/1022/980 1114/1033/991
f 1113/1032/990 1114/1033/991 1103/1022/980
f 1114/1033/991 1115/1034/992 1104/1023/981
f 1105/1024/982 1104/1023/981 1116/1035/993
f 1115/1034/992 1116/1035/993 1104/1023/981
f 1116/1035/993 1117/1036/994 1105/1024/982
f 1106/1025/983 1105/1024/982 1118/1037/995
f 1117/1036/994 1118/1037/995 1105/1024/982
f 1118/1037/995 1119/1038/996 1106/1025/983
f 1100/1018/976 1106/1025/983 1120/1039/997
f 1119/1038/996 1120/1039/997 1106/1025/983
f 1120/1039/997 1108/1027/985 1100/1018/976
f 1107/1026/984 1108/1027/985 1121/1040/998
f 1122/1041/999 1121/1040/998 1108/1027/985
f 1109/1028/986 1107/1026/984 1123/1042/1000
f 1121/1040/998 1123/1042/1000 1107/1026/984
f 1110/1029/987 1109/1028/986 1124/1043/1001
f 1123/1042/1000 1124/1043/1001 1109/1028/986
f 1111/1030/988 1110/1029/987 1125/1044/1002
f 1124/1043/1001 1125/1044/1002 1110/1029/987
f 1112/1031/989 1111/1030/988 1126/1045/1003
f 1125/1044/1002 1126/1045/1003 1111/1030/988
f 1113/1032/990 1112/1031/989 1127/1046/1004
f 1126/1045/1003 1127/1046/1004 1112/1031/989
f 1114/1033/991 1113/1032/990 1128/1047/1005
f 1127/1046/1004 1128/1047/1005 1113/1032/990
f 1115/1034/992 1114/1033/991 1129/1048/1006
f 1128/1047/1005 1129/1048/1006 1114/1033/991
f 1116/1035/993 1115/1034/992 1130/1049/1007
f 1129/1048/1006 1130/1049/1007 1115/1034/992
f 1117/1036/994 1116/1035/993 1131/1050/1008
f 1130/1049/1007 1131/1050/1008 1116/1035/993
f 1118/1037/995 1117/1036/994 1132/1051/1009
f 1131/1050/1008 1132/1051/1009 1117/1036/994
f 1119/1038/996 1118/1037/995 1133/1052/1010
f 1132/1051/1009 1133/1052/1010 1118/1037/995
f 1120/1039/997 1119/1038/996 1134/1053/1011
f 1133/1052/1010 1134/1053/1011 1119/1038/996
f 1108/1027/985 1120/1039/997 1122/1041/999
f 1134/1053/1011 1122/1041/999 1120/1039/997
f 1121/1040/998 1122/1041/999 1135/1054/1012
f 1136/1055/1013 1135/1054/1012 1122/1041/999
f 1135/1054/1012 1123/1042/1000 1121/1040/998
f 1124/1043/1001 1123/1042/1000 1137/1056/1014
f 1135/1054/1012 1137/1056/1014 1123/1042/1000
f 1137/1056/1014 1125/1044/1002 1124/1043/1001
f 1126/1045/1003 1125/1044/1002 1138/1057/1015
f 1137/1056/1014 1138/1057/1015 1125/1044/1002
f 1138/1057/1015 1127/1046/1004 1126/1045/1003
f 1128/1047/1005 1127/1046/1004 1139/1058/1016
f 1138/1057/1015 1139/1058/1016 1127/1046/1004
f 1139/1058/1016 1129/1048/1006 1128/1047/1005
f 1130/1049/1007 1129/1048/1006 1140/1059/1017
f 1139/1058/1016 1140/1059/1017 1129/1048/1006
f 1140/1059/1017 1131/1050/1008 1130/1049/1007
f 1132/1051/1009 1131/1050/1008 1141/1060/1018
f 1140/1059/1017 1141/1060/1018 1131/1050/1008
f 1141/1060/1018 1133/1052/1010 1132/1051/1009
f 1134/1053/1011 1133/1052/1010 1136/1055/1013
f 1141/1060/1018 1136/1055/1013 1133/1052/1010
f 1136/1055/1013 1122/1041/999 1134/1053/1011
f 1142/1061/1019 1085/1004/962 196/195/175
f 1142/1061/1019 196/195/175 1143/1062/1020
f 1144/1063/1021 1145/1064/803 908/908/800
f 909/909/801 908/908/800 1145/1064/803
f 1144/1063/1021 908/908/800 544/546/487
f 1098/1017/975 911/910/802 930/930/821
f 910/912/804 930/930/821 911/910/802
f 923/923/815 930/930/821 910/912/804
f 923/923/815 910/912/804 554/554/495
f 913/913/805 555/556/487 910/912/804
f 538/538/479 659/660/591 539/539/480
f 906/906/798 244/243/215 690/689/618
f 242/242/214 690/689/618 244/243/215
f 244/243/215 241/241/213 242/242/214
f 175/177/157 182/182/162 178/178/158
f 181/180/160 178/178/158 182/182/162
f 1146/1065/1022 942/941/828 152/153/134
f 152/153/134 942/941/828 174/174/154
f 174/174/154 942/941/828 941/942/829
f 180/179/159 174/174/154 181/180/160
f 941/942/829 181/180/160 174/174/154
f 1147/1066/625 1148/1067/163 955/954/840
f 956/955/841 955/954/840 1148/1067/163
f 189/189/169 159/159/140 158/158/139
f 154/154/135 935/935/824 934/934/823
f 700/699/624 699/698/134 937/936/825
f 938/937/826 937/936/825 699/698/134
f 152/153/134 154/154/135 940/940/826
f 934/934/823 940/940/826 154/154/135
f 155/155/136 156/156/137 991/991/868
f 159/159/140 991/991/868 156/156/137
f 162/161/142 935/935/824 991/991/868
f 948/950/837 950/949/836 264/264/232
f 265/265/233 264/264/232 950/949/836
f 951/951/838 948/950/837 267/266/234
f 264/264/232 267/266/234 948/950/837
f 950/949/836 696/696/622 265/265/233
f 947/947/834 951/951/838 933/933/822
f 267/266/234 933/933/822 951/951/838
f 166/166/147 694/695/621 945/945/832
f 946/946/833 945/945/832 694/695/621
f 947/947/834 933/933/822 164/163/144
f 945/945/832 164/163/144 933/933/822
f 1149/1068/1023 1150/1069/1024 561/561/501
f 562/562/502 561/561/501 1150/1069/1024
f 1150/1069/1024 1151/1070/1025 562/562/502
f 1152/1071/1026 1153/1072/1027 558/558/498
f 1155/1073/1028 223/222/201 1154/1074/1029
f 217/216/195 215/215/194 214/214/193
f 631/631/566 579/579/517 634/633/568
f 577/576/514 634/633/568 579/579/517
f 638/637/539 631/631/566 897/897/540
f 634/633/568 897/897/540 631/631/566
f 601/601/539 603/602/540 597/597/535
f 597/597/535 603/602/540 594/596/534
f 579/579/517 578/577/515 577/576/514
f 635/635/570 577/576/514 576/578/516
f 196/195/175 959/959/844 1143/1062/1020
f 1156/1075/1030 1143/1062/1020 959/959/844
f 1156/1075/1030 959/959/844 1093/1012/970
f 223/222/201 222/221/200 1154/1074/1029
f 1087/1005/963 1154/1074/1029 222/221/200
f 1086/1006/964 562/562/502 1151/1070/1025
f 1092/1011/969 223/222/201 1155/1073/1028
f 223/222/201 959/959/844 221/223/202
f 221/223/202 959/959/844 195/196/176
f 224/224/203 222/221/200 221/223/202
f 562/562/502 222/221/200 224/224/203
f 1157/1076/1031 1158/1077/1032 559/559/499
f 558/558/498 1153/1072/1027 559/559/499
f 1157/1076/1031 559/559/499 1153/1072/1027
f 1160/1078/1033 926/926/818 1159/1079/1034
f 925/925/817 1159/1079/1034 926/926/818
f 1159/1079/1034 925/925/817 1091/1009/967
f 924/924/816 1091/1009/967 925/925/817
f 1090/1010/968 922/922/814 1161/1080/1035
f 921/921/813 1161/1080/1035 922/922/814
f 1161/1080/1035 921/921/813 1089/1007/965
f 920/920/812 1089/1007/965 921/921/813
f 1152/1071/1026 558/558/498 1162/1081/1036
f 927/927/819 1162/1081/1036 558/558/498
f 1162/1081/1036 927/927/819 1160/1078/1033
f 926/926/818 1160/1078/1033 927/927/819
f 560/560/500 1163/1082/1037 561/561/501
f 1149/1068/1023 561/561/501 1163/1082/1037
f 559/559/499 1158/1077/1032 560/560/500
f 1163/1082/1037 560/560/500 1158/1077/1032
f 3/2/2 1164/1/1038 1/3/3
f 1166/7/1039 1167/5/1040 1165/6/1041
f 1168/4/1042 1165/6/1041 1167/5/1040
f 1170/9/1041 1171/8/1043 1169/10/1039
f 1173/12/1044 1169/10/1039 1172/11/1045
f 1171/8/1043 1172/11/1045 1169/10/1039
f 1166/7/1039 1174/13/1046 1167/5/1040
f 1175/15/1047 1176/14/1048 1174/13/1046
f 1167/5/1040 1174/13/1046 1176/14/1048
f 1178/17/1049 1179/16/1050 1177/18/1047
f 1180/20/1046 1181/19/1051 1177/18/1047
f 1177/18/1047 1181/19/1051 1182/21/1052
f 1181/19/1051 1183/23/1053 1182/21/1052
f 1184/22/1054 1182/21/1052 1183/23/1053
f 1185/26/1055 1186/25/1053 1172/11/1045
f 1187/24/1051 1172/11/1045 1186/25/1053
f 1188/28/1056 1189/27/1057 1185/26/1055
f 1186/25/1053 1185/26/1055 1189/27/1057
f 1191/32/1058 1192/30/1057 1190/31/1059
f 1193/29/1060 1190/31/1059 1192/30/1057
f 1184/22/1054 1183/23/1053 1191/32/1058
f 1192/30/1057 1191/32/1058 1183/23/1053
f 1187/24/1051 1173/12/1044 1172/11/1045
f 1195/36/1061 1196/34/1062 1194/35/1063
f 1197/33/1064 1194/35/1063 1196/34/1062
f 1198/38/1065 1199/37/1066 1194/35/1063
f 1195/36/1061 1194/35/1063 1199/37/1066
f 40/40/33 39/39/32 1198/38/1065
f 1199/37/1066 1198/38/1065 39/39/32
f 1200/44/1067 1201/42/1068 41/43/36
f 42/41/34 41/43/36 1201/42/1068
f 1203/46/1069 1204/45/1070 1202/47/1071
f 1206/51/1070 1207/49/1072 1205/50/1071
f 1208/48/1073 1205/50/1071 1207/49/1072
f 1209/53/1074 1210/52/1075 1202/47/1071
f 1203/46/1069 1202/47/1071 1210/52/1075
f 1211/55/1076 1212/54/1077 1202/47/1071
f 1209/53/1074 1202/47/1071 1212/54/1077
f 1214/57/1078 1212/54/1077 1213/56/1079
f 1211/55/1076 1213/56/1079 1212/54/1077
f 1216/59/1080 1209/53/1074 1215/58/1081
f 1212/54/1077 1215/58/1081 1209/53/1074
f 1209/53/1074 1216/59/1080 1210/52/1075
f 1210/52/1075 1217/60/1082 1203/46/1069
f 1219/64/1083 1220/62/1084 1218/63/1085
f 1221/61/1086 1218/63/1085 1220/62/1084
f 1219/64/1083 1222/66/1087 1220/62/1084
f 1223/65/1088 1220/62/1084 1222/66/1087
f 1222/66/1087 1219/64/1083 1224/67/1089
f 1225/68/1090 1224/67/1089 1218/63/1085
f 1219/64/1083 1218/63/1085 1224/67/1089
f 1226/70/1091 1227/69/1092 1225/68/1090
f 1229/74/1093 1230/72/1094 1228/73/1059
f 1231/71/1095 1228/73/1059 1230/72/1094
f 1192/30/1057 1232/75/1096 1193/29/1060
f 1218/63/1085 1221/61/1086 1225/68/1090
f 1226/70/1091 1225/68/1090 1221/61/1086
f 1234/77/1097 1235/76/1098 1233/78/1072
f 1236/80/1099 1237/79/1100 1235/76/1098
f 1233/78/1072 1235/76/1098 1237/79/1100
f 1236/80/1099 1238/82/1101 1237/79/1100
f 1239/81/1102 1237/79/1100 1238/82/1101
f 1236/80/1099 1240/83/1103 1238/82/1101
f 1242/87/1104 1243/85/1105 1241/86/1086
f 1244/84/1106 1241/86/1086 1243/85/1105
f 1245/89/1107 1246/88/1108 1243/85/1105
f 1247/90/1109 1244/84/1106 1246/88/1108
f 1243/85/1105 1246/88/1108 1244/84/1106
f 1249/92/1110 1244/84/1106 1248/91/1111
f 1247/90/1109 1248/91/1111 1244/84/1106
f 1244/84/1106 1249/92/1110 1241/86/1086
f 1249/92/1110 1250/94/1112 1241/86/1086
f 1251/93/1101 1241/86/1086 1250/94/1112
f 1253/96/1113 1254/95/1114 1252/97/1115
f 1255/98/1111 1188/28/1056 1254/95/1114
f 1252/97/1115 1254/95/1114 1188/28/1056
f 1255/98/1111 1256/99/1116 1188/28/1056
f 1189/27/1057 1188/28/1056 1256/99/1116
f 1247/90/1109 1224/67/1089 1248/91/1111
f 1257/100/1117 1248/91/1111 1224/67/1089
f 1246/88/1108 1222/66/1087 1247/90/1109
f 1224/67/1089 1247/90/1109 1222/66/1087
f 1245/89/1107 1223/65/1088 1246/88/1108
f 1222/66/1087 1246/88/1108 1223/65/1088
f 1242/87/1104 1258/101/1118 1243/85/1105
f 1245/89/1107 1243/85/1105 1258/101/1118
f 1260/104/1119 1261/102/1120 1259/103/1121
f 1253/96/1113 1259/103/1121 1261/102/1120
f 1260/104/1119 1208/48/1073 1261/102/1120
f 1207/49/1072 1261/102/1120 1208/48/1073
f 1263/106/1122 1208/48/1073 1262/105/1123
f 1260/104/1119 1262/105/1123 1208/48/1073
f 1263/106/1122 1264/107/1076 1208/48/1073
f 1205/50/1071 1208/48/1073 1264/107/1076
f 1263/106/1122 1201/42/1068 1264/107/1076
f 1200/44/1067 1264/107/1076 1201/42/1068
f 1263/106/1122 1265/108/1124 1201/42/1068
f 109/109/92 42/41/34 1265/108/1124
f 1201/42/1068 1265/108/1124 42/41/34
f 1267/112/1125 1268/110/1126 1266/111/1127
f 109/109/92 1266/111/1127 1268/110/1126
f 1269/114/1128 1270/113/1129 1267/112/1125
f 1268/110/1126 1267/112/1125 1270/113/1129
f 1267/112/1125 1271/116/1130 1269/114/1128
f 1272/115/1131 1269/114/1128 1271/116/1130
f 1267/112/1125 1273/118/1132 1271/116/1130
f 1274/117/1133 1271/116/1130 1273/118/1132
f 1275/120/1134 1276/119/1135 1274/117/1133
f 1271/116/1130 1274/117/1133 1276/119/1135
f 1259/103/1121 1277/121/1136 1275/120/1134
f 1276/119/1135 1275/120/1134 1277/121/1136
f 1259/103/1121 1253/96/1113 1277/121/1136
f 1252/97/1115 1277/121/1136 1253/96/1113
f 1262/105/1123 1260/104/1119 1275/120/1134
f 1259/103/1121 1275/120/1134 1260/104/1119
f 1278/122/1137 1262/105/1123 1274/117/1133
f 1275/120/1134 1274/117/1133 1262/105/1123
f 1278/122/1137 1274/117/1133 1279/123/1138
f 1273/118/1132 1279/123/1138 1274/117/1133
f 1266/111/1127 109/109/92 1279/123/1138
f 1279/123/1138 109/109/92 1278/122/1137
f 109/109/92 1265/108/1124 1278/122/1137
f 1262/105/1123 1278/122/1137 1263/106/1122
f 1265/108/1124 1263/106/1122 1278/122/1137
f 1281/126/1139 1282/124/1140 1280/125/1141
f 1277/121/1136 1280/125/1141 1282/124/1140
f 1284/129/1142 1282/124/1140 1283/128/1143
f 1285/127/1144 1283/128/1143 1282/124/1140
f 1284/129/1142 1276/119/1135 1282/124/1140
f 1277/121/1136 1282/124/1140 1276/119/1135
f 1284/129/1142 1272/115/1131 1276/119/1135
f 1271/116/1130 1276/119/1135 1272/115/1131
f 1286/130/1145 1272/115/1131 1283/128/1143
f 1284/129/1142 1283/128/1143 1272/115/1131
f 1287/132/1146 1288/131/1147 1286/130/1145
f 1272/115/1131 1286/130/1145 1288/131/1147
f 1195/36/1061 1288/131/1147 1196/34/1062
f 1287/132/1146 1196/34/1062 1288/131/1147
f 1195/36/1061 1199/37/1066 1288/131/1147
f 1269/114/1128 1288/131/1147 1270/113/1129
f 1199/37/1066 1270/113/1129 1288/131/1147
f 1288/131/1147 1269/114/1128 1272/115/1131
f 1289/134/1148 1290/133/1149 1185/26/1055
f 1292/136/1150 1185/26/1055 1291/135/1151
f 1290/133/1149 1291/135/1151 1185/26/1055
f 1252/97/1115 1188/28/1056 1292/136/1150
f 1185/26/1055 1292/136/1150 1188/28/1056
f 1292/136/1150 1280/125/1141 1252/97/1115
f 1277/121/1136 1252/97/1115 1280/125/1141
f 1292/136/1150 1291/135/1151 1280/125/1141
f 1281/126/1139 1280/125/1141 1291/135/1151
f 109/109/92 1268/110/1126 137/137/120
f 1270/113/1129 138/138/121 1268/110/1126
f 137/137/120 1268/110/1126 138/138/121
f 39/39/32 138/138/121 1199/37/1066
f 1270/113/1129 1199/37/1066 138/138/121
f 1217/60/1082 1293/140/1152 1203/46/1069
f 1294/139/1153 1203/46/1069 1293/140/1152
f 1296/142/1154 1293/140/1152 1295/141/1155
f 1217/60/1082 1295/141/1155 1293/140/1152
f 1297/144/1156 1298/143/1157 1216/59/1080
f 1295/141/1155 1216/59/1080 1298/143/1157
f 1216/59/1080 1215/58/1081 1297/144/1156
f 1215/58/1081 1300/145/1158 1299/146/1159
f 1302/148/1160 1299/146/1159 1301/147/1161
f 1300/145/1158 1301/147/1161 1299/146/1159
f 1295/141/1155 1298/143/1157 1296/142/1154
f 1304/150/1162 1305/149/1163 1303/151/1154
f 1307/154/1164 1231/71/1095 1306/153/1165
f 1308/152/1091 1306/153/1165 1231/71/1095
f 1228/73/1059 1231/71/1095 1309/155/1166
f 1307/154/1164 1309/155/1166 1231/71/1095
f 1228/73/1059 1309/155/1166 1310/156/1167
f 1311/159/1168 1312/158/1169 1310/156/1167
f 1313/157/1170 1310/156/1167 1312/158/1169
f 1315/161/1171 1316/160/1172 1314/162/1173
f 1318/164/1174 1319/163/1175 1317/165/1176
f 1320/167/1177 1321/166/1178 1178/17/1049
f 1321/166/1178 1179/16/1050 1178/17/1049
f 1323/169/1179 1176/14/1048 1322/168/1180
f 1175/15/1047 1322/168/1180 1176/14/1048
f 1323/169/1179 1325/170/1181 1324/171/1182
f 1326/172/1183 1168/4/1042 1324/171/1182
f 1167/5/1040 1324/171/1182 1168/4/1042
f 1323/169/1179 1322/168/1180 1325/170/1181
f 1327/173/1184 1325/170/1181 1322/168/1180
f 1176/14/1048 1324/171/1182 1167/5/1040
f 1308/152/1091 1328/174/1185 1306/153/1165
f 1330/176/1186 1331/175/1187 1329/177/1188
f 1331/175/1187 1332/178/1189 1329/177/1188
f 1334/183/1190 1335/182/1191 1333/181/1192
f 1335/182/1191 1336/180/1193 1333/181/1192
f 1336/180/1193 1337/179/1194 1333/181/1192
f 1339/187/1195 1340/185/1196 1338/186/1197
f 1341/184/1198 1338/186/1197 1340/185/1196
f 1328/174/1185 1308/152/1091 1337/179/1194
f 1342/188/1196 1337/179/1194 1308/152/1091
f 1343/190/1199 1344/189/1200 1314/162/1173
f 1346/194/1201 1347/192/1202 1345/193/1203
f 1348/191/1204 1345/193/1203 1347/192/1202
f 1346/194/1201 1345/193/1203 1349/196/1205
f 1350/195/1206 1349/196/1205 1345/193/1203
f 1346/194/1201 1349/196/1205 1351/197/1207
f 1349/196/1205 1352/198/1208 1351/197/1207
f 1352/198/1208 1353/200/1209 1351/197/1207
f 1354/199/1210 1351/197/1207 1353/200/1209
f 1356/202/1211 1353/200/1209 1355/201/1212
f 1352/198/1208 1355/201/1212 1353/200/1209
f 1358/204/1213 1359/203/1211 1357/205/1214
f 1361/207/1215 1357/205/1214 1360/206/1216
f 1359/203/1211 1360/206/1216 1357/205/1214
f 1363/209/1217 1357/205/1214 1362/208/1218
f 1361/207/1215 1362/208/1218 1357/205/1214
f 1358/204/1213 1357/205/1214 1364/210/1219
f 1363/209/1217 1364/210/1219 1357/205/1214
f 1366/212/1220 1358/204/1213 1365/211/1221
f 1364/210/1219 1365/211/1221 1358/204/1213
f 1368/214/1222 1366/212/1220 1367/213/1223
f 1365/211/1221 1367/213/1223 1366/212/1220
f 1367/213/1223 1369/215/1224 1368/214/1222
f 1371/218/1225 1372/216/1226 1370/217/1227
f 1369/215/1224 1370/217/1227 1372/216/1226
f 1361/207/1215 1373/220/1228 1362/208/1218
f 1374/219/1229 1362/208/1218 1373/220/1228
f 1376/222/1230 1377/221/1231 1375/223/1232
f 1379/225/1233 1355/201/1212 1378/224/1234
f 1375/223/1232 1378/224/1234 1355/201/1212
f 1361/207/1215 1360/206/1216 1373/220/1228
f 1380/226/1233 1373/220/1228 1360/206/1216
f 1349/196/1205 1375/223/1232 1352/198/1208
f 1355/201/1212 1352/198/1208 1375/223/1232
f 41/43/36 1381/228/1204 1200/44/1067
f 1382/227/1202 1200/44/1067 1381/228/1204
f 1384/230/1235 1214/57/1078 1383/229/1202
f 1213/56/1079 1383/229/1202 1214/57/1078
f 1383/229/1202 1385/231/1201 1384/230/1235
f 1386/232/1207 1305/149/1163 1385/231/1201
f 1384/230/1235 1385/231/1201 1305/149/1163
f 1294/139/1153 1293/140/1152 1387/234/1236
f 1388/233/1207 1387/234/1236 1293/140/1152
f 1204/45/1070 1203/46/1069 1389/235/1072
f 1294/139/1153 1389/235/1072 1203/46/1069
f 1210/52/1075 1216/59/1080 1217/60/1082
f 1295/141/1155 1217/60/1082 1216/59/1080
f 1391/239/1237 1392/237/1238 1390/238/1239
f 1393/236/1240 1390/238/1239 1392/237/1238
f 1391/239/1237 1394/241/1241 1392/237/1238
f 1395/240/1242 1392/237/1238 1394/241/1241
f 1394/241/1241 1396/242/1243 1395/240/1242
f 1398/244/1244 1399/243/1245 1397/245/1222
f 1394/241/1241 1400/246/1246 1399/243/1245
f 1397/245/1222 1399/243/1245 1400/246/1246
f 1391/239/1237 1401/247/1213 1394/241/1241
f 1400/246/1246 1394/241/1241 1401/247/1213
f 1391/239/1237 1353/200/1209 1401/247/1213
f 1356/202/1211 1401/247/1213 1353/200/1209
f 1354/199/1210 1353/200/1209 1390/238/1239
f 1391/239/1237 1390/238/1239 1353/200/1209
f 1390/238/1239 1402/249/1247 1354/199/1210
f 1403/248/1153 1354/199/1210 1402/249/1247
f 1390/238/1239 1393/236/1240 1402/249/1247
f 1405/252/1240 1406/250/1248 1404/251/1249
f 1170/9/1041 1404/251/1249 1406/250/1248
f 1408/254/1250 1235/76/1098 1407/253/1251
f 1234/77/1097 1407/253/1251 1235/76/1098
f 1408/254/1250 1407/253/1251 1409/256/1252
f 1410/255/1253 1409/256/1252 1407/253/1251
f 1408/254/1250 1409/256/1252 1411/258/1254
f 1412/257/1255 1411/258/1254 1409/256/1252
f 1412/257/1255 1413/259/1256 1411/258/1254
f 1240/83/1103 1411/258/1254 1414/261/1194
f 1415/260/1257 1414/261/1194 1411/258/1254
f 1236/80/1099 1408/254/1250 1240/83/1103
f 1411/258/1254 1240/83/1103 1408/254/1250
f 1236/80/1099 1235/76/1098 1408/254/1250
f 1416/263/1167 1417/262/1258 1190/31/1059
f 1191/32/1058 1190/31/1059 1417/262/1258
f 1416/263/1167 1418/265/1259 1417/262/1258
f 1419/264/1260 1417/262/1258 1418/265/1259
f 1417/262/1258 1419/264/1260 1420/267/1261
f 1421/266/1262 1420/267/1261 1419/264/1260
f 1420/267/1261 1184/22/1054 1417/262/1258
f 1191/32/1058 1417/262/1258 1184/22/1054
f 1320/167/1177 1182/21/1052 1420/267/1261
f 1184/22/1054 1420/267/1261 1182/21/1052
f 1320/167/1177 1178/17/1049 1182/21/1052
f 1177/18/1047 1182/21/1052 1178/17/1049
f 1423/269/1249 1424/268/1263 1422/270/1264
f 1426/274/1265 1427/272/1266 1425/273/1267
f 1428/271/1264 1425/273/1267 1427/272/1266
f 1427/272/1266 1426/274/1265 1429/275/1268
f 1424/268/1263 1431/277/1180 1430/278/1269
f 1432/276/1270 1430/278/1269 1431/277/1180
f 1431/277/1180 1424/268/1263 1433/279/1042
f 1434/280/1041 1433/279/1042 1423/269/1249
f 1424/268/1263 1430/278/1269 1435/281/1267
f 1437/283/1271 1438/282/1272 1436/284/1273
f 1439/286/1274 1440/285/1275 1438/282/1272
f 1436/284/1273 1438/282/1272 1440/285/1275
f 1438/282/1272 1441/287/1276 1439/286/1274
f 1438/282/1272 1442/288/1277 1441/287/1276
f 1443/290/1278 1444/289/1279 1442/288/1277
f 1441/287/1276 1442/288/1277 1444/289/1279
f 1445/292/1280 1446/291/1281 1443/290/1278
f 1444/289/1279 1443/290/1278 1446/291/1281
f 1446/291/1281 1445/292/1280 1447/293/1282
f 1449/295/1283 1447/293/1282 1448/294/1284
f 1445/292/1280 1448/294/1284 1447/293/1282
f 1449/295/1283 1448/294/1284 1450/296/1285
f 1452/298/1286 1449/295/1283 1451/297/1287
f 1450/296/1285 1451/297/1287 1449/295/1283
f 1449/295/1283 1452/298/1286 1453/299/1288
f 1454/301/1289 1455/300/1290 1453/299/1288
f 1449/295/1283 1453/299/1288 1455/300/1290
f 1456/303/1291 1457/302/1292 1454/301/1289
f 1455/300/1290 1454/301/1289 1457/302/1292
f 1459/306/1293 1460/304/1294 1458/305/1295
f 1456/303/1291 1458/305/1295 1460/304/1294
f 1459/306/1293 1458/305/1295 1461/307/1296
f 1463/309/1297 1459/306/1293 1462/308/1298
f 1461/307/1296 1462/308/1298 1459/306/1293
f 1464/311/1299 1465/310/1300 1463/309/1297
f 1459/306/1293 1463/309/1297 1465/310/1300
f 1467/313/1301 1465/310/1300 1466/312/1302
f 1464/311/1299 1466/312/1302 1465/310/1300
f 1469/315/1303 1467/313/1301 1468/314/1304
f 1466/312/1302 1468/314/1304 1467/313/1301
f 1471/317/1305 1469/315/1303 1470/316/1306
f 1468/314/1304 1470/316/1306 1469/315/1303
f 1473/319/1307 1471/317/1305 1472/318/1308
f 1470/316/1306 1472/318/1308 1471/317/1305
f 1474/321/1309 1475/320/1310 1472/318/1308
f 1473/319/1307 1472/318/1308 1475/320/1310
f 1477/325/1311 1478/323/1312 1476/324/1313
f 1479/322/1314 1476/324/1313 1478/323/1312
f 1481/327/1315 1477/325/1311 1480/326/1316
f 1476/324/1313 1480/326/1316 1477/325/1311
f 1483/329/1317 1477/325/1311 1482/328/1318
f 1481/327/1315 1482/328/1318 1477/325/1311
f 1484/330/1319 1478/323/1312 1483/329/1317
f 1477/325/1311 1483/329/1317 1478/323/1312
f 1478/323/1312 1484/330/1319 1485/332/1320
f 1486/331/1321 1485/332/1320 1484/330/1319
f 1487/334/1322 1488/333/1323 1484/330/1319
f 1486/331/1321 1484/330/1319 1488/333/1323
f 1489/336/1324 1490/335/1325 1487/334/1322
f 1488/333/1323 1487/334/1322 1490/335/1325
f 1492/340/1326 1493/338/1327 1491/339/1324
f 1494/337/1325 1491/339/1324 1493/338/1327
f 1496/342/1328 1492/340/1326 1495/341/1329
f 1491/339/1324 1495/341/1329 1492/340/1326
f 1498/344/1330 1492/340/1326 1497/343/1331
f 1496/342/1328 1497/343/1331 1492/340/1326
f 1499/345/1332 1493/338/1327 1498/344/1330
f 1492/340/1326 1498/344/1330 1493/338/1327
f 1500/347/1333 1501/346/1334 1498/344/1330
f 1499/345/1332 1498/344/1330 1501/346/1334
f 1497/343/1331 1502/348/1275 1498/344/1330
f 1500/347/1333 1498/344/1330 1502/348/1275
f 1503/350/1335 1504/349/1336 1440/285/1275
f 1436/284/1273 1440/285/1275 1504/349/1336
f 1503/350/1335 1505/351/1328 1504/349/1336
f 1506/353/1329 1507/352/1337 1505/351/1328
f 1504/349/1336 1505/351/1328 1507/352/1337
f 1473/319/1307 1475/320/1310 1506/353/1329
f 1507/352/1337 1506/353/1329 1475/320/1310
f 1487/334/1322 1508/355/1307 1489/336/1324
f 1509/354/1329 1489/336/1324 1508/355/1307
f 1510/357/1338 1511/356/1305 1487/334/1322
f 1508/355/1307 1487/334/1322 1511/356/1305
f 1512/359/1339 1513/358/1303 1510/357/1338
f 1511/356/1305 1510/357/1338 1513/358/1303
f 1513/358/1303 1512/359/1339 1514/360/1340
f 1516/362/1341 1514/360/1340 1515/361/1342
f 1512/359/1339 1515/361/1342 1514/360/1340
f 1514/360/1340 1516/362/1341 1517/363/1300
f 1518/365/1343 1519/364/1293 1516/362/1341
f 1517/363/1300 1516/362/1341 1519/364/1293
f 1518/365/1343 1483/329/1317 1519/364/1293
f 1482/328/1318 1520/366/1294 1483/329/1317
f 1519/364/1293 1483/329/1317 1520/366/1294
f 1482/328/1318 1521/368/1292 1520/366/1294
f 1522/367/1291 1520/366/1294 1521/368/1292
f 1480/326/1316 1521/368/1292 1481/327/1315
f 1482/328/1318 1481/327/1315 1521/368/1292
f 1521/368/1292 1480/326/1316 1523/369/1290
f 1476/324/1313 1524/370/1283 1480/326/1316
f 1523/369/1290 1480/326/1316 1524/370/1283
f 1476/324/1313 1479/322/1314 1524/370/1283
f 1479/322/1314 1525/371/1344 1524/370/1283
f 1526/373/1345 1527/372/1282 1525/371/1344
f 1524/370/1283 1525/371/1344 1527/372/1282
f 1528/375/1346 1529/374/1281 1526/373/1345
f 1527/372/1282 1526/373/1345 1529/374/1281
f 1531/377/1279 1529/374/1281 1530/376/1347
f 1528/375/1346 1530/376/1347 1529/374/1281
f 1532/379/1348 1533/378/1349 1530/376/1347
f 1531/377/1279 1530/376/1347 1533/378/1349
f 1534/381/1350 1535/380/1274 1532/379/1348
f 1533/378/1349 1532/379/1348 1535/380/1274
f 1500/347/1333 1502/348/1275 1534/381/1350
f 1535/380/1274 1534/381/1350 1502/348/1275
f 1536/382/1351 1501/346/1334 1534/381/1350
f 1500/347/1333 1534/381/1350 1501/346/1334
f 1479/322/1314 1537/383/1352 1536/382/1351
f 1501/346/1334 1536/382/1351 1537/383/1352
f 1485/332/1320 1537/383/1352 1478/323/1312
f 1479/322/1314 1478/323/1312 1537/383/1352
f 1538/385/1353 1539/384/1354 1485/332/1320
f 1537/383/1352 1485/332/1320 1539/384/1354
f 1541/389/1355 1542/387/1356 1540/388/1357
f 1543/386/1358 1540/388/1357 1542/387/1356
f 1543/386/1358 1542/387/1356 1544/391/1359
f 1545/390/1360 1544/391/1359 1542/387/1356
f 1547/395/1361 1548/393/1362 1546/394/1363
f 1549/392/1364 1546/394/1363 1548/393/1362
f 1547/395/1361 1550/397/1365 1548/393/1362
f 1551/396/1366 1548/393/1362 1550/397/1365
f 1493/338/1327 1550/397/1365 1494/337/1325
f 1547/395/1361 1494/337/1325 1550/397/1365
f 1499/345/1332 1552/398/1367 1493/338/1327
f 1550/397/1365 1493/338/1327 1552/398/1367
f 1501/346/1334 1553/399/1368 1499/345/1332
f 1552/398/1367 1499/345/1332 1553/399/1368
f 1539/384/1354 1553/399/1368 1537/383/1352
f 1501/346/1334 1537/383/1352 1553/399/1368
f 1553/399/1368 1539/384/1354 1554/400/1369
f 1541/389/1355 1554/400/1369 1539/384/1354
f 1555/401/1370 1552/398/1367 1554/400/1369
f 1553/399/1368 1554/400/1369 1552/398/1367
f 1551/396/1366 1550/397/1365 1555/401/1370
f 1552/398/1367 1555/401/1370 1550/397/1365
f 1551/396/1366 1555/401/1370 1556/403/1371
f 1557/402/1372 1556/403/1371 1555/401/1370
f 1551/396/1366 1556/403/1371 1548/393/1362
f 1558/404/1373 1548/393/1362 1556/403/1371
f 1549/392/1364 1548/393/1362 1559/405/1374
f 1558/404/1373 1559/405/1374 1548/393/1362
f 1560/408/1375 1561/407/1376 1544/391/1359
f 1562/406/1377 1544/391/1359 1561/407/1376
f 1561/407/1376 1563/410/1378 1562/406/1377
f 1564/409/1379 1562/406/1377 1563/410/1378
f 1543/386/1358 1544/391/1359 1565/411/1380
f 1562/406/1377 1565/411/1380 1544/391/1359
f 1566/412/1381 1540/388/1357 1565/411/1380
f 1543/386/1358 1565/411/1380 1540/388/1357
f 1566/412/1381 1567/414/1382 1540/388/1357
f 1568/413/1383 1540/388/1357 1567/414/1382
f 1541/389/1355 1540/388/1357 1554/400/1369
f 1568/413/1383 1554/400/1369 1540/388/1357
f 1555/401/1370 1554/400/1369 1557/402/1372
f 1568/413/1383 1557/402/1372 1554/400/1369
f 1510/357/1338 1487/334/1322 1569/415/1384
f 1484/330/1319 1569/415/1384 1487/334/1322
f 1515/361/1342 1512/359/1339 1569/415/1384
f 1510/357/1338 1569/415/1384 1512/359/1339
f 1518/365/1343 1516/362/1341 1569/415/1384
f 1515/361/1342 1569/415/1384 1516/362/1341
f 1569/415/1384 1484/330/1319 1518/365/1343
f 1484/330/1319 1483/329/1317 1518/365/1343
f 1458/305/1295 1456/303/1291 1453/299/1288
f 1454/301/1289 1453/299/1288 1456/303/1291
f 1461/307/1296 1458/305/1295 1452/298/1286
f 1453/299/1288 1452/298/1286 1458/305/1295
f 1462/308/1298 1461/307/1296 1451/297/1287
f 1452/298/1286 1451/297/1287 1461/307/1296
f 1472/318/1308 1463/309/1297 1474/321/1309
f 1462/308/1298 1474/321/1309 1463/309/1297
f 1470/316/1306 1464/311/1299 1472/318/1308
f 1463/309/1297 1472/318/1308 1464/311/1299
f 1468/314/1304 1466/312/1302 1470/316/1306
f 1464/311/1299 1470/316/1306 1466/312/1302
f 1570/416/1385 1525/371/1344 1536/382/1351
f 1479/322/1314 1536/382/1351 1525/371/1344
f 1528/375/1346 1526/373/1345 1570/416/1385
f 1525/371/1344 1570/416/1385 1526/373/1345
f 1532/379/1348 1530/376/1347 1570/416/1385
f 1528/375/1346 1570/416/1385 1530/376/1347
f 1536/382/1351 1534/381/1350 1570/416/1385
f 1532/379/1348 1570/416/1385 1534/381/1350
f 1442/288/1277 1448/294/1284 1443/290/1278
f 1445/292/1280 1443/290/1278 1448/294/1284
f 1450/296/1285 1448/294/1284 1438/282/1272
f 1442/288/1277 1438/282/1272 1448/294/1284
f 1437/283/1271 1451/297/1287 1438/282/1272
f 1450/296/1285 1438/282/1272 1451/297/1287
f 1437/283/1271 1474/321/1309 1451/297/1287
f 1462/308/1298 1451/297/1287 1474/321/1309
f 1436/284/1273 1475/320/1310 1437/283/1271
f 1474/321/1309 1437/283/1271 1475/320/1310
f 1504/349/1336 1507/352/1337 1436/284/1273
f 1475/320/1310 1436/284/1273 1507/352/1337
f 1572/420/1386 1573/418/1387 1571/419/1388
f 1574/417/1389 1571/419/1388 1573/418/1387
f 1575/422/1390 1576/421/1391 1572/420/1386
f 1573/418/1387 1572/420/1386 1576/421/1391
f 1575/422/1390 1577/423/1392 1576/421/1391
f 1571/419/1388 1574/417/1389 1578/425/1393
f 1579/424/1394 1578/425/1393 1574/417/1389
f 1580/427/1395 1581/426/1396 1578/425/1393
f 1571/419/1388 1578/425/1393 1581/426/1396
f 1582/429/1397 1583/428/1398 1580/427/1395
f 1581/426/1396 1580/427/1395 1583/428/1398
f 1585/431/1399 1583/428/1398 1584/430/1400
f 1582/429/1397 1584/430/1400 1583/428/1398
f 1587/433/1401 1585/431/1399 1586/432/1402
f 1584/430/1400 1586/432/1402 1585/431/1399
f 1588/435/1403 1589/434/1404 1586/432/1402
f 1587/433/1401 1586/432/1402 1589/434/1404
f 1590/437/1405 1591/436/1406 1588/435/1403
f 1589/434/1404 1588/435/1403 1591/436/1406
f 1592/439/1407 1593/438/1408 1590/437/1405
f 1591/436/1406 1590/437/1405 1593/438/1408
f 1594/441/1409 1595/440/1410 1592/439/1407
f 1593/438/1408 1592/439/1407 1595/440/1410
f 1596/443/1411 1597/442/1412 1594/441/1409
f 1595/440/1410 1594/441/1409 1597/442/1412
f 1598/445/1413 1599/444/1414 1596/443/1411
f 1597/442/1412 1596/443/1411 1599/444/1414
f 1600/447/1415 1601/446/1416 1598/445/1413
f 1599/444/1414 1598/445/1413 1601/446/1416
f 1602/450/1417 1579/424/1394 448/449/390
f 449/448/389 448/449/390 1579/424/1394
f 1603/451/1418 1578/425/1393 1602/450/1417
f 1579/424/1394 1602/450/1417 1578/425/1393
f 1604/452/1419 1580/427/1395 1603/451/1418
f 1578/425/1393 1603/451/1418 1580/427/1395
f 1605/453/1420 1582/429/1397 1604/452/1419
f 1580/427/1395 1604/452/1419 1582/429/1397
f 1606/454/1421 1584/430/1400 1605/453/1420
f 1582/429/1397 1605/453/1420 1584/430/1400
f 1607/455/1422 1586/432/1402 1606/454/1421
f 1584/430/1400 1606/454/1421 1586/432/1402
f 1608/456/1423 1588/435/1403 1607/455/1422
f 1586/432/1402 1607/455/1422 1588/435/1403
f 1609/457/1424 1590/437/1405 1608/456/1423
f 1588/435/1403 1608/456/1423 1590/437/1405
f 1610/458/1425 1592/439/1407 1609/457/1424
f 1590/437/1405 1609/457/1424 1592/439/1407
f 1611/459/1426 1594/441/1409 1610/458/1425
f 1592/439/1407 1610/458/1425 1594/441/1409
f 1612/460/1427 1596/443/1411 1611/459/1426
f 1594/441/1409 1611/459/1426 1596/443/1411
f 1613/461/1428 1598/445/1413 1612/460/1427
f 1596/443/1411 1612/460/1427 1598/445/1413
f 1614/462/1429 1600/447/1415 1613/461/1428
f 1598/445/1413 1613/461/1428 1600/447/1415
f 1615/464/1430 1602/450/1417 463/463/404
f 448/449/390 463/463/404 1602/450/1417
f 1616/465/1431 1603/451/1418 1615/464/1430
f 1602/450/1417 1615/464/1430 1603/451/1418
f 1617/466/1432 1604/452/1419 1616/465/1431
f 1603/451/1418 1616/465/1431 1604/452/1419
f 1604/452/1419 1617/466/1432 1605/453/1420
f 1618/467/1433 1605/453/1420 1617/466/1432
f 1605/453/1420 1618/467/1433 1606/454/1421
f 1619/468/1434 1606/454/1421 1618/467/1433
f 1620/469/1435 1607/455/1422 1619/468/1434
f 1606/454/1421 1619/468/1434 1607/455/1422
f 1621/470/1436 1608/456/1423 1620/469/1435
f 1607/455/1422 1620/469/1435 1608/456/1423
f 1622/471/1437 1609/457/1424 1621/470/1436
f 1608/456/1423 1621/470/1436 1609/457/1424
f 1623/472/1438 1610/458/1425 1622/471/1437
f 1609/457/1424 1622/471/1437 1610/458/1425
f 1624/473/1439 1611/459/1426 1623/472/1438
f 1610/458/1425 1623/472/1438 1611/459/1426
f 1625/474/1440 1612/460/1427 1624/473/1439
f 1611/459/1426 1624/473/1439 1612/460/1427
f 1626/475/1441 1613/461/1428 1625/474/1440
f 1612/460/1427 1625/474/1440 1613/461/1428
f 1627/476/1442 1614/462/1429 1626/475/1441
f 1613/461/1428 1626/475/1441 1614/462/1429
f 1185/26/1055 1628/478/1443 1289/134/1148
f 1629/477/1444 1289/134/1148 1628/478/1443
f 1171/8/1043 1628/478/1443 1172/11/1045
f 1185/26/1055 1172/11/1045 1628/478/1443
f 1630/480/1445 1631/479/1446 1171/8/1043
f 1628/478/1443 1171/8/1043 1631/479/1446
f 1170/9/1041 1632/481/1447 1171/8/1043
f 1630/480/1445 1171/8/1043 1632/481/1447
f 1406/250/1248 1633/482/1448 1170/9/1041
f 1632/481/1447 1170/9/1041 1633/482/1448
f 1198/38/1065 1634/484/1449 40/40/33
f 483/483/424 40/40/33 1634/484/1449
f 1194/35/1063 1635/485/1450 1198/38/1065
f 1634/484/1449 1198/38/1065 1635/485/1450
f 1197/33/1064 1636/486/1451 1194/35/1063
f 1635/485/1450 1194/35/1063 1636/486/1451
f 1197/33/1064 1637/487/1452 1636/486/1451
f 1629/477/1444 1628/478/1443 1637/487/1452
f 1636/486/1451 1637/487/1452 1628/478/1443
f 1638/491/1453 1639/489/1454 488/490/431
f 489/488/429 488/490/431 1639/489/1454
f 1638/491/1453 1640/493/1455 1639/489/1454
f 1641/492/1456 1639/489/1454 1640/493/1455
f 1642/495/1457 1643/494/1458 1638/491/1453
f 1640/493/1455 1638/491/1453 1643/494/1458
f 1644/497/1459 1645/496/1460 1642/495/1457
f 1643/494/1458 1642/495/1457 1645/496/1460
f 1647/499/1461 1645/496/1460 1646/498/1462
f 1644/497/1459 1646/498/1462 1645/496/1460
f 1647/499/1461 1648/501/1463 1645/496/1460
f 1649/500/1464 1645/496/1460 1648/501/1463
f 1646/498/1462 1650/502/1465 1647/499/1461
f 1648/501/1463 1647/499/1461 1650/502/1465
f 1639/489/1454 1633/482/1448 489/488/429
f 503/503/444 489/488/429 1633/482/1448
f 1641/492/1456 1632/481/1447 1639/489/1454
f 1633/482/1448 1639/489/1454 1632/481/1447
f 1651/504/1466 1630/480/1445 1641/492/1456
f 1632/481/1447 1641/492/1456 1630/480/1445
f 1652/505/1467 1631/479/1446 1651/504/1466
f 1630/480/1445 1651/504/1466 1631/479/1446
f 1631/479/1446 1652/505/1467 1653/506/1468
f 1654/508/1469 1655/507/1470 1652/505/1467
f 1653/506/1468 1652/505/1467 1655/507/1470
f 1656/509/1471 1654/508/1469 1651/504/1466
f 1652/505/1467 1651/504/1466 1654/508/1469
f 1641/492/1456 1657/510/1472 1651/504/1466
f 1656/509/1471 1651/504/1466 1657/510/1472
f 1640/493/1455 1658/511/1473 1641/492/1456
f 1657/510/1472 1641/492/1456 1658/511/1473
f 1658/511/1473 1640/493/1455 1659/512/1474
f 1643/494/1458 1660/513/1475 1640/493/1455
f 1659/512/1474 1640/493/1455 1660/513/1475
f 1645/496/1460 1661/514/1476 1643/494/1458
f 1660/513/1475 1643/494/1458 1661/514/1476
f 1649/500/1464 1662/515/1477 1645/496/1460
f 1661/514/1476 1645/496/1460 1662/515/1477
f 1648/501/1463 1663/516/1478 1649/500/1464
f 1662/515/1477 1649/500/1464 1663/516/1478
f 1650/502/1465 1664/517/1479 1648/501/1463
f 1663/516/1478 1648/501/1463 1664/517/1479
f 1665/519/1480 1666/518/1481 1601/446/1416
f 1667/520/1482 1599/444/1414 1666/518/1481
f 1601/446/1416 1666/518/1481 1599/444/1414
f 1597/442/1412 1599/444/1414 1655/507/1470
f 1667/520/1482 1655/507/1470 1599/444/1414
f 1654/508/1469 1595/440/1410 1655/507/1470
f 1597/442/1412 1655/507/1470 1595/440/1410
f 1656/509/1471 1593/438/1408 1654/508/1469
f 1595/440/1410 1654/508/1469 1593/438/1408
f 1657/510/1472 1591/436/1406 1656/509/1471
f 1593/438/1408 1656/509/1471 1591/436/1406
f 1589/434/1404 1591/436/1406 1658/511/1473
f 1657/510/1472 1658/511/1473 1591/436/1406
f 1587/433/1401 1589/434/1404 1659/512/1474
f 1658/511/1473 1659/512/1474 1589/434/1404
f 1660/513/1475 1585/431/1399 1659/512/1474
f 1587/433/1401 1659/512/1474 1585/431/1399
f 1661/514/1476 1583/428/1398 1660/513/1475
f 1585/431/1399 1660/513/1475 1583/428/1398
f 1662/515/1477 1581/426/1396 1661/514/1476
f 1583/428/1398 1661/514/1476 1581/426/1396
f 1572/420/1386 1571/419/1388 1662/515/1477
f 1581/426/1396 1662/515/1477 1571/419/1388
f 1663/516/1478 1575/422/1390 1662/515/1477
f 1572/420/1386 1662/515/1477 1575/422/1390
f 1664/517/1479 1577/423/1392 1663/516/1478
f 1575/422/1390 1663/516/1478 1577/423/1392
f 1646/498/1462 1644/497/1459 521/522/463
f 522/521/462 521/522/463 1644/497/1459
f 1634/484/1449 1668/524/1483 483/483/424
f 523/523/464 483/483/424 1668/524/1483
f 1635/485/1450 1669/525/1484 1634/484/1449
f 1668/524/1483 1634/484/1449 1669/525/1484
f 1670/526/1485 1669/525/1484 1636/486/1451
f 1635/485/1450 1636/486/1451 1669/525/1484
f 1631/479/1446 1670/526/1485 1628/478/1443
f 1636/486/1451 1628/478/1443 1670/526/1485
f 1653/506/1468 1671/527/1486 1631/479/1446
f 1670/526/1485 1631/479/1446 1671/527/1486
f 1655/507/1470 1672/528/1487 1653/506/1468
f 1671/527/1486 1653/506/1468 1672/528/1487
f 1667/520/1482 1673/529/1488 1655/507/1470
f 1672/528/1487 1655/507/1470 1673/529/1488
f 1666/518/1481 1674/530/1489 1667/520/1482
f 1673/529/1488 1667/520/1482 1674/530/1489
f 1674/530/1489 1666/518/1481 1675/531/1490
f 1675/531/1490 1665/519/1480 1676/532/1491
f 1678/534/1492 1673/529/1488 1677/533/1493
f 1674/530/1489 1677/533/1493 1673/529/1488
f 1673/529/1488 1678/534/1492 1672/528/1487
f 1679/535/1494 1671/527/1486 1678/534/1492
f 1672/528/1487 1678/534/1492 1671/527/1486
f 1671/527/1486 1679/535/1494 1670/526/1485
f 1679/535/1494 1680/536/1495 1670/526/1485
f 1669/525/1484 1670/526/1485 1680/536/1495
f 1677/533/1493 1680/536/1495 1678/534/1492
f 1679/535/1494 1678/534/1492 1680/536/1495
f 1677/533/1493 1681/537/1496 1680/536/1495
f 1668/524/1483 1669/525/1484 1681/537/1496
f 1680/536/1495 1681/537/1496 1669/525/1484
f 538/538/479 523/523/464 1681/537/1496
f 1668/524/1483 1681/537/1496 523/523/464
f 538/538/479 1681/537/1496 1682/539/1497
f 1681/537/1496 1677/533/1493 1682/539/1497
f 1281/126/1139 1683/540/1498 1282/124/1140
f 1285/127/1144 1282/124/1140 1683/540/1498
f 1291/135/1151 1684/541/1499 1281/126/1139
f 1683/540/1498 1281/126/1139 1684/541/1499
f 1290/133/1149 1685/542/1500 1291/135/1151
f 1684/541/1499 1291/135/1151 1685/542/1500
f 1289/134/1148 1686/543/1501 1290/133/1149
f 1685/542/1500 1290/133/1149 1686/543/1501
f 1688/545/1502 1689/544/1503 1687/546/1504
f 1691/550/1505 1692/548/1506 1690/549/1507
f 1693/547/1508 1690/549/1507 1692/548/1506
f 1695/554/1509 1696/552/1510 1694/553/1511
f 1697/551/1512 1694/553/1511 1696/552/1510
f 1695/554/1509 1694/553/1511 1698/556/1504
f 1699/555/1513 1698/556/1504 1694/553/1511
f 1700/562/1514 1701/561/1515 1378/224/1234
f 1701/561/1515 1702/560/1516 1378/224/1234
f 1702/560/1516 1703/559/1517 1378/224/1234
f 1703/559/1517 1704/558/1518 1378/224/1234
f 1704/558/1518 1705/557/1519 1378/224/1234
f 1706/564/1520 1707/563/1521 1690/549/1507
f 1691/550/1505 1690/549/1507 1707/563/1521
f 1709/568/1522 1710/566/1523 1708/567/1524
f 1711/565/1525 1708/567/1524 1710/566/1523
f 1713/570/1523 1714/569/1526 1712/571/1527
f 1716/575/1528 1717/573/1225 1715/574/1529
f 1718/572/1530 1715/574/1529 1717/573/1225
f 1720/577/1531 1721/576/1532 1719/578/1533
f 1722/581/1534 1723/580/1535 1720/577/1531
f 1724/579/1536 1720/577/1531 1723/580/1535
f 1722/581/1534 1725/583/1537 1723/580/1535
f 1726/582/1538 1723/580/1535 1725/583/1537
f 1565/411/1380 1725/583/1537 1566/412/1381
f 1722/581/1534 1566/412/1381 1725/583/1537
f 1726/582/1538 1727/584/1539 1689/544/1503
f 1729/586/1540 1689/544/1503 1728/585/1541
f 1727/584/1539 1728/585/1541 1689/544/1503
f 1731/590/1542 1732/588/1543 1730/589/1544
f 1733/587/1545 1730/589/1544 1732/588/1543
f 1734/592/1546 1735/591/1547 1731/590/1542
f 1732/588/1543 1731/590/1542 1735/591/1547
f 1736/593/1548 1567/414/1382 1719/578/1533
f 1720/577/1531 1719/578/1533 1567/414/1382
f 1738/597/1549 596/595/533 1737/596/1550
f 595/594/532 1737/596/1550 596/595/533
f 1738/597/1549 1739/599/1551 596/595/533
f 598/598/536 596/595/533 1739/599/1551
f 1740/601/1552 1741/600/1553 1738/597/1549
f 1739/599/1551 1738/597/1549 1741/600/1553
f 1743/602/1554 1737/596/1550 1742/603/1555
f 1745/605/1556 1742/603/1555 1744/604/1557
f 1737/596/1550 1744/604/1557 1742/603/1555
f 1732/588/1543 1735/591/1547 1746/607/1558
f 1747/606/1559 1746/607/1558 1735/591/1547
f 1749/610/1560 1746/607/1558 1748/609/1561
f 1750/608/1562 1748/609/1561 1746/607/1558
f 1752/614/1563 1753/612/1564 1751/613/1565
f 1754/611/1561 1751/613/1565 1753/612/1564
f 1727/584/1539 1564/409/1379 1752/614/1563
f 1563/410/1378 1752/614/1563 1564/409/1379
f 1725/583/1537 1564/409/1379 1726/582/1538
f 1727/584/1539 1726/582/1538 1564/409/1379
f 1725/583/1537 1565/411/1380 1564/409/1379
f 1562/406/1377 1564/409/1379 1565/411/1380
f 1752/614/1563 1751/613/1565 1727/584/1539
f 1728/585/1541 1727/584/1539 1751/613/1565
f 1756/618/1566 1757/616/1567 1755/617/1568
f 1758/615/1550 1755/617/1568 1757/616/1567
f 1756/618/1566 1759/619/1569 1757/616/1567
f 621/621/556 1755/617/1568 620/620/532
f 1758/615/1550 620/620/532 1755/617/1568
f 1759/619/1569 1760/623/1570 622/624/559
f 623/622/557 622/624/559 1760/623/1570
f 1756/618/1566 1761/625/1571 1759/619/1569
f 1760/623/1570 1759/619/1569 1761/625/1571
f 1756/618/1566 1755/617/1568 1761/625/1571
f 1762/627/1572 1763/626/1573 1761/625/1571
f 1760/623/1570 1761/625/1571 1763/626/1573
f 1764/628/1574 1164/1/1038 1762/627/1572
f 1763/626/1573 1762/627/1572 1164/1/1038
f 629/629/564 1/3/3 1764/628/1574
f 630/630/565 629/629/564 1762/627/1572
f 1764/628/1574 1762/627/1572 629/629/564
f 1723/580/1535 1765/632/1575 1724/579/1536
f 1766/631/1576 1724/579/1536 1765/632/1575
f 1768/635/1577 1721/576/1532 1767/634/1578
f 1769/633/1579 1767/634/1578 1721/576/1532
f 1746/607/1558 1747/606/1559 1750/608/1562
f 1770/636/1580 1750/608/1562 1747/606/1559
f 1772/637/1552 1766/631/1576 1771/638/1581
f 1688/545/1502 1687/546/1504 1773/639/1513
f 1699/555/1513 1775/640/1582 1774/641/1581
f 1741/600/1553 1774/641/1581 1775/640/1582
f 1775/640/1582 1776/642/1583 1741/600/1553
f 1739/599/1551 1741/600/1553 1776/642/1583
f 644/644/576 643/643/575 1392/237/1238
f 1393/236/1240 1392/237/1238 643/643/575
f 646/646/575 645/645/577 1405/252/1240
f 1406/250/1248 1405/252/1240 645/645/577
f 648/648/579 647/647/578 1576/421/1391
f 1573/418/1387 1576/421/1391 647/647/578
f 647/647/578 649/649/580 1573/418/1387
f 1574/417/1389 1573/418/1387 649/649/580
f 650/650/581 648/648/579 1577/423/1392
f 1576/421/1391 1577/423/1392 648/648/579
f 649/649/580 449/448/389 1574/417/1389
f 1579/424/1394 1574/417/1389 449/448/389
f 652/652/583 651/651/582 1600/447/1415
f 1601/446/1416 1600/447/1415 651/651/582
f 653/653/584 652/652/583 1614/462/1429
f 1600/447/1415 1614/462/1429 652/652/583
f 654/654/585 653/653/584 1627/476/1442
f 1614/462/1429 1627/476/1442 653/653/584
f 645/645/577 503/503/444 1406/250/1248
f 1633/482/1448 1406/250/1248 503/503/444
f 655/655/586 522/521/462 1642/495/1457
f 1644/497/1459 1642/495/1457 522/521/462
f 488/490/431 655/655/586 1638/491/1453
f 1642/495/1457 1638/491/1453 655/655/586
f 521/522/463 656/656/587 1646/498/1462
f 1650/502/1465 1646/498/1462 656/656/587
f 656/656/587 657/657/588 1650/502/1465
f 1664/517/1479 1650/502/1465 657/657/588
f 651/651/582 658/658/589 1601/446/1416
f 1665/519/1480 1601/446/1416 658/658/589
f 657/657/588 650/650/581 1664/517/1479
f 1577/423/1392 1664/517/1479 650/650/581
f 1682/539/1497 660/659/590 659/660/591
f 1682/539/1497 1676/532/1491 660/659/590
f 1665/519/1480 658/658/589 660/659/590
f 1692/548/1506 1691/550/1505 661/661/592
f 663/663/594 662/662/593 1728/585/1541
f 1729/586/1540 1728/585/1541 662/662/593
f 665/665/596 664/664/595 1744/604/1557
f 1745/605/1556 1744/604/1557 664/664/595
f 667/667/595 666/666/597 1750/608/1562
f 1748/609/1561 1750/608/1562 666/666/597
f 668/668/598 663/663/594 1751/613/1565
f 1728/585/1541 1751/613/1565 663/663/594
f 1751/613/1565 1754/611/1561 668/668/598
f 669/669/597 668/668/598 1754/611/1561
f 622/624/559 670/670/599 1759/619/1569
f 1757/616/1567 1759/619/1569 670/670/599
f 1755/617/1568 621/621/556 671/671/600
f 672/672/601 623/622/557 1763/626/1573
f 1760/623/1570 1763/626/1573 623/622/557
f 3/2/2 672/672/601 1164/1/1038
f 1763/626/1573 1164/1/1038 672/672/601
f 1739/599/1551 1776/642/1583 598/598/536
f 673/673/602 598/598/536 1776/642/1583
f 1686/543/1501 1289/134/1148 1777/674/1584
f 1629/477/1444 1777/674/1584 1289/134/1148
f 1197/33/1064 1778/675/1585 1637/487/1452
f 1629/477/1444 1637/487/1452 1777/674/1584
f 1778/675/1585 1777/674/1584 1637/487/1452
f 1197/33/1064 1196/34/1062 1779/677/1586
f 1780/676/1587 1779/677/1586 1196/34/1062
f 1283/128/1143 1285/127/1144 1781/679/1588
f 1782/678/1589 1781/679/1588 1285/127/1144
f 1286/130/1145 1283/128/1143 1783/680/1590
f 1781/679/1588 1783/680/1590 1283/128/1143
f 1287/132/1146 1286/130/1145 1784/681/1591
f 1783/680/1590 1784/681/1591 1286/130/1145
f 1196/34/1062 1287/132/1146 1780/676/1587
f 1784/681/1591 1780/676/1587 1287/132/1146
f 1285/127/1144 1683/540/1498 1782/678/1589
f 1785/682/1592 1782/678/1589 1683/540/1498
f 1683/540/1498 1684/541/1499 1785/682/1592
f 1786/683/1593 1785/682/1592 1684/541/1499
f 1684/541/1499 1685/542/1500 1786/683/1593
f 1787/684/1594 1786/683/1593 1685/542/1500
f 1685/542/1500 1686/543/1501 1787/684/1594
f 1788/685/1595 1787/684/1594 1686/543/1501
f 1686/543/1501 1777/674/1584 1788/685/1595
f 1789/686/1596 1788/685/1595 1777/674/1584
f 1778/675/1585 1197/33/1064 1790/687/1597
f 1779/677/1586 1790/687/1597 1197/33/1064
f 1777/674/1584 1778/675/1585 1789/686/1596
f 1790/687/1597 1789/686/1596 1778/675/1585
f 1780/676/1587 1791/688/1598 1779/677/1586
f 1782/678/1589 1791/688/1598 1781/679/1588
f 1781/679/1588 1791/688/1598 1783/680/1590
f 1783/680/1590 1791/688/1598 1784/681/1591
f 1784/681/1591 1791/688/1598 1780/676/1587
f 1785/682/1592 1791/688/1598 1782/678/1589
f 1786/683/1593 1791/688/1598 1785/682/1592
f 1787/684/1594 1791/688/1598 1786/683/1593
f 1788/685/1595 1791/688/1598 1787/684/1594
f 1789/686/1596 1791/688/1598 1788/685/1595
f 1779/677/1586 1791/688/1598 1790/687/1597
f 1790/687/1597 1791/688/1598 1789/686/1596
f 1674/530/1489 1675/531/1490 1676/532/1491
f 1676/532/1491 1677/533/1493 1674/530/1489
f 1665/519/1480 1675/531/1490 1666/518/1481
f 1164/1/1038 1764/628/1574 1/3/3
f 1395/240/1242 1396/242/1243 689/690/619
f 690/689/618 689/690/619 1396/242/1243
f 1755/617/1568 671/671/600 1761/625/1571
f 671/671/600 630/630/565 1761/625/1571
f 1762/627/1572 1761/625/1571 630/630/565
f 1793/692/1599 1794/691/1257 1792/693/1600
f 1796/694/1601 1321/166/1178 1795/695/1602
f 1797/697/1602 1798/696/1603 1416/263/1167
f 1418/265/1259 1416/263/1167 1798/696/1603
f 1800/699/1604 1801/698/1165 1799/700/1605
f 1427/272/1266 1429/275/1268 1802/701/1602
f 1427/272/1266 1802/701/1602 1803/702/1167
f 1427/272/1266 1803/702/1167 1800/699/1604
f 1805/704/1097 1806/703/1606 1804/705/1607
f 1804/705/1607 1806/703/1606 1807/706/1153
f 1808/707/1608 1805/704/1097 1804/705/1607
f 1427/272/1266 1807/706/1153 1809/708/1249
f 1428/271/1264 1427/272/1266 1809/708/1249
f 1804/705/1607 1807/706/1153 1800/699/1604
f 1804/705/1607 1800/699/1604 1799/700/1605
f 1808/707/1608 1804/705/1607 1799/700/1605
f 1810/709/1600 1808/707/1608 1799/700/1605
f 1430/278/1269 1432/276/1270 1811/710/1268
f 1812/712/1609 1813/711/1610 1364/210/1219
f 1365/211/1221 1364/210/1219 1813/711/1610
f 1814/713/1611 1812/712/1609 1363/209/1217
f 1364/210/1219 1363/209/1217 1812/712/1609
f 1815/715/1612 1816/714/1613 1814/713/1611
f 1813/711/1610 1817/716/1614 1365/211/1221
f 1367/213/1223 1365/211/1221 1817/716/1614
f 1814/713/1611 1363/209/1217 1362/208/1218
f 1815/715/1612 1814/713/1611 1374/219/1229
f 1362/208/1218 1374/219/1229 1814/713/1611
f 1819/718/1615 1820/717/1616 1818/719/1617
f 1821/721/1618 1822/720/1619 1820/717/1616
f 1818/719/1617 1820/717/1616 1822/720/1619
f 1824/723/1620 1822/720/1619 1823/722/1621
f 1821/721/1618 1823/722/1621 1822/720/1619
f 1825/725/1622 1826/724/1623 1824/723/1620
f 1822/720/1619 1824/723/1620 1826/724/1623
f 1828/729/1624 1829/727/1625 1827/728/1626
f 1830/726/1627 1827/728/1626 1829/727/1625
f 1821/721/1618 1832/731/1624 1831/732/1628
f 1833/730/1626 1831/732/1628 1832/731/1624
f 1834/733/1629 1832/731/1624 1820/717/1616
f 1821/721/1618 1820/717/1616 1832/731/1624
f 1835/735/1629 1836/734/1630 1828/729/1624
f 1837/736/1631 1829/727/1625 1836/734/1630
f 1828/729/1624 1836/734/1630 1829/727/1625
f 1839/740/1632 1840/738/1633 1838/739/1634
f 1841/737/1635 1838/739/1634 1840/738/1633
f 1839/740/1632 1842/742/1636 1840/738/1633
f 1843/741/1637 1840/738/1633 1842/742/1636
f 1844/744/1638 1845/743/1639 1839/740/1632
f 1842/742/1636 1839/740/1632 1845/743/1639
f 1846/745/1640 1844/744/1638 1838/739/1634
f 1839/740/1632 1838/739/1634 1844/744/1638
f 1840/738/1633 1847/747/1641 1841/737/1635
f 1848/746/1642 1841/737/1635 1847/747/1641
f 1849/748/1643 1847/747/1641 1843/741/1637
f 1840/738/1633 1843/741/1637 1847/747/1641
f 1848/746/1642 1847/747/1641 1850/749/1630
f 1849/748/1643 1850/749/1630 1847/747/1641
f 1852/751/1644 1841/737/1635 1851/750/1645
f 1848/746/1642 1851/750/1645 1841/737/1635
f 1852/751/1644 1846/745/1640 1841/737/1635
f 1838/739/1634 1841/737/1635 1846/745/1640
f 1851/750/1645 1853/752/1646 1852/751/1644
f 1846/745/1640 1852/751/1644 1853/752/1646
f 1850/749/1630 1854/753/1647 1848/746/1642
f 1851/750/1645 1848/746/1642 1854/753/1647
f 1856/755/1648 1857/754/1649 1855/756/1647
f 1853/752/1646 1851/750/1645 1858/757/1649
f 1854/753/1647 1858/757/1649 1851/750/1645
f 1860/759/1650 1853/752/1646 1859/758/1651
f 1858/757/1649 1859/758/1651 1853/752/1646
f 1860/759/1650 1844/744/1638 1853/752/1646
f 1846/745/1640 1853/752/1646 1844/744/1638
f 1845/743/1639 1844/744/1638 1859/758/1651
f 1860/759/1650 1859/758/1651 1844/744/1638
f 1862/763/1652 1863/761/1653 1861/762/1654
f 1864/760/1655 1861/762/1654 1863/761/1653
f 1865/766/1656 1866/765/1657 1861/762/1654
f 1867/764/1636 1861/762/1654 1866/765/1657
f 1865/766/1656 1837/736/1631 1866/765/1657
f 1869/770/1658 1870/768/1659 1868/769/1660
f 1871/767/1661 1868/769/1660 1870/768/1659
f 1873/772/1662 1870/768/1659 1872/771/1663
f 1869/770/1658 1872/771/1663 1870/768/1659
f 1874/774/1664 1875/773/1665 1873/772/1662
f 1870/768/1659 1873/772/1662 1875/773/1665
f 1874/774/1664 1876/775/1666 1875/773/1665
f 1876/775/1666 1877/777/1667 1875/773/1665
f 1878/776/1668 1875/773/1665 1877/777/1667
f 1880/779/1669 1877/777/1667 1879/778/1670
f 1876/775/1666 1879/778/1670 1877/777/1667
f 1882/782/1670 1826/724/1623 1881/781/1669
f 1883/780/1671 1881/781/1669 1826/724/1623
f 1826/724/1623 1882/782/1670 1822/720/1619
f 1818/719/1617 1822/720/1619 1884/783/1672
f 1882/782/1670 1884/783/1672 1822/720/1619
f 1819/718/1615 1818/719/1617 1885/784/1673
f 1884/783/1672 1885/784/1673 1818/719/1617
f 1885/784/1673 1886/785/1674 1819/718/1615
f 1887/786/1648 1820/717/1616 1886/785/1674
f 1819/718/1615 1886/785/1674 1820/717/1616
f 1820/717/1616 1887/786/1648 1834/733/1629
f 1889/788/1648 1890/787/1675 1888/789/1649
f 1891/791/1676 1892/790/1677 1890/787/1675
f 1888/789/1649 1890/787/1675 1892/790/1677
f 1894/794/1678 1891/791/1676 1893/793/1653
f 1895/792/1679 1893/793/1653 1891/791/1676
f 1861/762/1654 1864/760/1655 1865/766/1656
f 1869/770/1658 1865/766/1656 1872/771/1663
f 1864/760/1655 1872/771/1663 1865/766/1656
f 1829/727/1625 1837/736/1631 1869/770/1658
f 1865/766/1656 1869/770/1658 1837/736/1631
f 1869/770/1658 1868/769/1660 1829/727/1625
f 1714/569/1526 1897/796/1680 1896/797/1681
f 1898/795/1682 1896/797/1681 1897/796/1680
f 1900/801/1680 1901/799/1683 1899/800/1684
f 1902/798/1685 1899/800/1684 1901/799/1683
f 1900/801/1680 1370/217/1227 1901/799/1683
f 1369/215/1224 1901/799/1683 1370/217/1227
f 1814/713/1611 1816/714/1613 1812/712/1609
f 1903/803/1686 1904/802/1687 1812/712/1609
f 1813/711/1610 1812/712/1609 1904/802/1687
f 1906/805/1688 1904/802/1687 1905/804/1689
f 1903/803/1686 1905/804/1689 1904/802/1687
f 1908/807/1690 1906/805/1688 1907/806/1691
f 1905/804/1689 1907/806/1691 1906/805/1688
f 1910/809/1692 1908/807/1690 1909/808/1693
f 1907/806/1691 1909/808/1693 1908/807/1690
f 1873/772/1662 1910/809/1692 1874/774/1664
f 1909/808/1693 1874/774/1664 1910/809/1692
f 1911/810/1694 1910/809/1692 1872/771/1663
f 1873/772/1662 1872/771/1663 1910/809/1692
f 1911/810/1694 1912/811/1695 1910/809/1692
f 1908/807/1690 1910/809/1692 1912/811/1695
f 1913/813/1696 1914/812/1697 1911/810/1694
f 1912/811/1695 1911/810/1694 1914/812/1697
f 1864/760/1655 1913/813/1696 1872/771/1663
f 1911/810/1694 1872/771/1663 1913/813/1696
f 1864/760/1655 1863/761/1653 1913/813/1696
f 1915/814/1698 1913/813/1696 1863/761/1653
f 1895/792/1679 1916/816/1699 1893/793/1653
f 1917/815/1698 1893/793/1653 1916/816/1699
f 1918/818/1700 1919/817/1701 1895/792/1679
f 1916/816/1699 1895/792/1679 1919/817/1701
f 1920/819/1702 1918/818/1700 1891/791/1676
f 1895/792/1679 1891/791/1676 1918/818/1700
f 1921/820/1673 1920/819/1702 1890/787/1675
f 1891/791/1676 1890/787/1675 1920/819/1702
f 1923/822/1703 1920/819/1702 1922/821/1704
f 1921/820/1673 1922/821/1704 1920/819/1702
f 1876/775/1666 1923/822/1703 1879/778/1670
f 1922/821/1704 1879/778/1670 1923/822/1703
f 1874/774/1664 1924/823/1705 1876/775/1666
f 1923/822/1703 1876/775/1666 1924/823/1705
f 1909/808/1693 1925/824/1706 1874/774/1664
f 1924/823/1705 1874/774/1664 1925/824/1706
f 1907/806/1691 1926/825/1707 1909/808/1693
f 1925/824/1706 1909/808/1693 1926/825/1707
f 1905/804/1689 1927/826/1708 1907/806/1691
f 1926/825/1707 1907/806/1691 1927/826/1708
f 1903/803/1686 1928/827/1709 1905/804/1689
f 1927/826/1708 1905/804/1689 1928/827/1709
f 1924/823/1705 1918/818/1700 1923/822/1703
f 1920/819/1702 1923/822/1703 1918/818/1700
f 1925/824/1706 1919/817/1701 1924/823/1705
f 1918/818/1700 1924/823/1705 1919/817/1701
f 1926/825/1707 1929/828/1710 1925/824/1706
f 1919/817/1701 1925/824/1706 1929/828/1710
f 1931/829/1711 1927/826/1708 1930/830/1712
f 1928/827/1709 1932/831/1713 1927/826/1708
f 1930/830/1712 1927/826/1708 1932/831/1713
f 1934/833/1714 1896/797/1681 1933/832/1715
f 1898/795/1682 1933/832/1715 1896/797/1681
f 1934/833/1714 1930/830/1712 1896/797/1681
f 1932/831/1713 1896/797/1681 1930/830/1712
f 1930/830/1712 1934/833/1714 1931/829/1711
f 1935/834/1716 1931/829/1711 1934/833/1714
f 1936/835/1717 1916/816/1699 1929/828/1710
f 1919/817/1701 1929/828/1710 1916/816/1699
f 1916/816/1699 1936/835/1717 1917/815/1698
f 1937/836/1718 1917/815/1698 1936/835/1717
f 1914/812/1697 1913/813/1696 1938/837/1718
f 1915/814/1698 1938/837/1718 1913/813/1696
f 1938/837/1718 1939/839/1715 1914/812/1697
f 1940/838/1719 1914/812/1697 1939/839/1715
f 1933/832/1715 1935/834/1716 1934/833/1714
f 1940/838/1719 1939/839/1715 1902/798/1685
f 1899/800/1684 1902/798/1685 1939/839/1715
f 1942/841/1720 1940/838/1719 1941/840/1721
f 1902/798/1685 1941/840/1721 1940/838/1719
f 1912/811/1695 1914/812/1697 1942/841/1720
f 1940/838/1719 1942/841/1720 1914/812/1697
f 1943/843/1722 1944/842/1723 1823/722/1621
f 1824/723/1620 1823/722/1621 1944/842/1723
f 1946/845/1724 1944/842/1723 1945/844/1725
f 1943/843/1722 1945/844/1725 1944/842/1723
f 1947/847/1726 1948/846/1727 1945/844/1725
f 1946/845/1724 1945/844/1725 1948/846/1727
f 1883/780/1671 1826/724/1623 1949/848/1728
f 1825/725/1622 1949/848/1728 1826/724/1623
f 1950/850/1729 1951/849/1730 1949/848/1728
f 1883/780/1671 1949/848/1728 1951/849/1730
f 1952/851/1731 1823/722/1621 1831/732/1628
f 1821/721/1618 1831/732/1628 1823/722/1621
f 1952/851/1731 1831/732/1628 1953/852/1732
f 1954/854/1733 1955/853/1734 1953/852/1732
f 1952/851/1731 1953/852/1732 1955/853/1734
f 1956/855/1735 1881/781/1669 1951/849/1730
f 1883/780/1671 1951/849/1730 1881/781/1669
f 1950/850/1729 1957/856/1736 1951/849/1730
f 1956/855/1735 1951/849/1730 1957/856/1736
f 1957/856/1736 1950/850/1729 1958/857/1737
f 1949/848/1728 1959/858/1738 1950/850/1729
f 1958/857/1737 1950/850/1729 1959/858/1738
f 1949/848/1728 1825/725/1622 1959/858/1738
f 1824/723/1620 1944/842/1723 1825/725/1622
f 1959/858/1738 1825/725/1622 1944/842/1723
f 1817/716/1614 1813/711/1610 1941/840/1721
f 1904/802/1687 1941/840/1721 1813/711/1610
f 1901/799/1683 1817/716/1614 1902/798/1685
f 1941/840/1721 1902/798/1685 1817/716/1614
f 1369/215/1224 1367/213/1223 1901/799/1683
f 1817/716/1614 1901/799/1683 1367/213/1223
f 1906/805/1688 1942/841/1720 1904/802/1687
f 1941/840/1721 1904/802/1687 1942/841/1720
f 1908/807/1690 1912/811/1695 1906/805/1688
f 1942/841/1720 1906/805/1688 1912/811/1695
f 1823/722/1621 1952/851/1731 1943/843/1722
f 1960/859/1739 1943/843/1722 1952/851/1731
f 1955/853/1734 1961/860/1740 1952/851/1731
f 1960/859/1739 1952/851/1731 1961/860/1740
f 1961/860/1740 1955/853/1734 1962/861/1741
f 1954/854/1733 1963/862/1742 1955/853/1734
f 1962/861/1741 1955/853/1734 1963/862/1742
f 1833/730/1626 1963/862/1742 1953/852/1732
f 1954/854/1733 1953/852/1732 1963/862/1742
f 1953/852/1732 1831/732/1628 1833/730/1626
f 1965/866/1743 1966/864/1738 1964/865/1744
f 1967/863/1745 1964/865/1744 1966/864/1738
f 1964/865/1744 1968/868/1746 1965/866/1743
f 1969/867/1747 1965/866/1743 1968/868/1746
f 1971/870/1748 1968/868/1746 1970/869/1749
f 1964/865/1744 1970/869/1749 1968/868/1746
f 1970/869/1749 1972/871/1750 1971/870/1748
f 1974/873/1751 1971/870/1748 1973/872/1752
f 1972/871/1750 1973/872/1752 1971/870/1748
f 1974/873/1751 1969/867/1747 1971/870/1748
f 1968/868/1746 1971/870/1748 1969/867/1747
f 1871/767/1661 1870/768/1659 1974/873/1751
f 1969/867/1747 1974/873/1751 1870/768/1659
f 1871/767/1661 1974/873/1751 1973/872/1752
f 1943/843/1722 1960/859/1739 1945/844/1725
f 1975/874/1750 1947/847/1726 1960/859/1739
f 1945/844/1725 1960/859/1739 1947/847/1726
f 1976/875/1753 1948/846/1727 1975/874/1750
f 1947/847/1726 1975/874/1750 1948/846/1727
f 1976/875/1753 1977/876/1745 1948/846/1727
f 1959/858/1738 1946/845/1724 1977/876/1745
f 1948/846/1727 1977/876/1745 1946/845/1724
f 1944/842/1723 1946/845/1724 1959/858/1738
f 1966/864/1738 1965/866/1743 1978/877/1754
f 1870/768/1659 1978/877/1754 1969/867/1747
f 1965/866/1743 1969/867/1747 1978/877/1754
f 1870/768/1659 1875/773/1665 1978/877/1754
f 1979/878/1755 1978/877/1754 1878/776/1668
f 1875/773/1665 1878/776/1668 1978/877/1754
f 1978/877/1754 1979/878/1755 1966/864/1738
f 1959/858/1738 1980/879/1756 1958/857/1737
f 1982/883/1756 1983/881/1757 1981/882/1758
f 1984/880/1759 1981/882/1758 1983/881/1757
f 1979/878/1755 1983/881/1757 1966/864/1738
f 1982/883/1756 1966/864/1738 1983/881/1757
f 1979/878/1755 1878/776/1668 1983/881/1757
f 1877/777/1667 1984/880/1759 1878/776/1668
f 1983/881/1757 1878/776/1668 1984/880/1759
f 1985/884/1735 1984/880/1759 1880/779/1669
f 1877/777/1667 1880/779/1669 1984/880/1759
f 1985/884/1735 1981/882/1758 1984/880/1759
f 1986/885/1760 1830/726/1627 1868/769/1660
f 1829/727/1625 1868/769/1660 1830/726/1627
f 1987/886/1761 1986/885/1760 1871/767/1661
f 1868/769/1660 1871/767/1661 1986/885/1760
f 1871/767/1661 1973/872/1752 1987/886/1761
f 1987/886/1761 1973/872/1752 1988/887/1762
f 1960/859/1739 1961/860/1740 1989/888/1763
f 1990/889/1764 1986/885/1760 1988/887/1762
f 1987/886/1761 1988/887/1762 1986/885/1760
f 1830/726/1627 1986/885/1760 1991/890/1765
f 1990/889/1764 1991/890/1765 1986/885/1760
f 1992/891/1742 1827/728/1626 1991/890/1765
f 1830/726/1627 1991/890/1765 1827/728/1626
f 1992/891/1742 1991/890/1765 1993/892/1766
f 1988/887/1762 1993/892/1766 1990/889/1764
f 1991/890/1765 1990/889/1764 1993/892/1766
f 1712/571/1527 1816/714/1613 1815/715/1612
f 1714/569/1526 1896/797/1681 1712/571/1527
f 1378/224/1234 1705/557/1519 1379/225/1233
f 1994/893/1767 1379/225/1233 1705/557/1519
f 1995/894/1767 1373/220/1228 1380/226/1233
f 1770/636/1580 1767/634/1578 1996/896/1556
f 1997/895/1768 1996/896/1556 1767/634/1578
f 1770/636/1580 1996/896/1556 1750/608/1562
f 667/667/595 1750/608/1562 1996/896/1556
f 1767/634/1578 1769/633/1579 1997/895/1768
f 1998/897/1554 1997/895/1768 1769/633/1579
f 1546/394/1363 1494/337/1325 1547/395/1361
f 2000/899/1769 1488/333/1323 1999/898/1363
f 1490/335/1325 1999/898/1363 1488/333/1323
f 2001/900/1770 1486/331/1321 2000/899/1769
f 1488/333/1323 2000/899/1769 1486/331/1321
f 1373/220/1228 1995/894/1767 1374/219/1229
f 2002/901/1525 1374/219/1229 1995/894/1767
f 1690/549/1507 1693/547/1508 1697/551/1512
f 1694/553/1511 1697/551/1512 1693/547/1508
f 1719/578/1533 1735/591/1547 1736/593/1548
f 1734/592/1546 1736/593/1548 1735/591/1547
f 1768/635/1577 1747/606/1559 1719/578/1533
f 1735/591/1547 1719/578/1533 1747/606/1559
f 1767/634/1578 1770/636/1580 1768/635/1577
f 1747/606/1559 1768/635/1577 1770/636/1580
f 1486/331/1321 2001/900/1770 1485/332/1320
f 1538/385/1353 1485/332/1320 2001/900/1770
f 1560/408/1375 2003/903/1771 1561/407/1376
f 2004/902/1544 1561/407/1376 2003/903/1771
f 1561/407/1376 2004/902/1544 1563/410/1378
f 2005/904/1545 1563/410/1378 2004/902/1544
f 2006/905/1772 1398/244/1244 1717/573/1225
f 907/907/799 906/906/798 1398/244/1244
f 1399/243/1245 1398/244/1244 906/906/798
f 662/662/593 909/909/801 1729/586/1540
f 2007/908/1773 1729/586/1540 909/909/801
f 2009/913/1774 912/911/803 2008/912/1775
f 911/910/802 2008/912/1775 912/911/803
f 2011/916/1776 2012/914/1777 2010/915/1778
f 1716/575/1528 2010/915/1778 2012/914/1777
f 1716/575/1528 2012/914/1777 1717/573/1225
f 2006/905/1772 1717/573/1225 2012/914/1777
f 1775/640/1582 1699/555/1513 1693/547/1508
f 1694/553/1511 1693/547/1508 1699/555/1513
f 1776/642/1583 1775/640/1582 1692/548/1506
f 1693/547/1508 1692/548/1506 1775/640/1582
f 1776/642/1583 1692/548/1506 673/673/602
f 661/661/592 673/673/602 1692/548/1506
f 2014/918/1779 1897/796/1680 2013/917/1780
f 1714/569/1526 2013/917/1780 1897/796/1680
f 1709/568/1522 1708/567/1524 1696/552/1510
f 1697/551/1512 1696/552/1510 1708/567/1524
f 2015/922/1781 2016/921/1782 1707/563/1521
f 2016/921/1782 2017/920/1783 1707/563/1521
f 2017/920/1783 2018/919/1784 1707/563/1521
f 2018/919/1784 1691/550/1505 1707/563/1521
f 1706/564/1520 1690/549/1507 1708/567/1524
f 1697/551/1512 1708/567/1524 1690/549/1507
f 1713/570/1523 1712/571/1527 2002/901/1525
f 1713/570/1523 2013/917/1780 1714/569/1526
f 1696/552/1510 2010/915/1778 1709/568/1522
f 1716/575/1528 1709/568/1522 2010/915/1778
f 1695/554/1509 2019/923/1785 1696/552/1510
f 2010/915/1778 1696/552/1510 2019/923/1785
f 1698/556/1504 2008/912/1775 1695/554/1509
f 1687/546/1504 1689/544/1503 2007/908/1773
f 1729/586/1540 2007/908/1773 1689/544/1503
f 1710/566/1523 1709/568/1522 1715/574/1529
f 1716/575/1528 1715/574/1529 1709/568/1522
f 2002/901/1525 1712/571/1527 1374/219/1229
f 1815/715/1612 1374/219/1229 1712/571/1527
f 1704/558/1518 2020/927/1786 1705/557/1519
f 2020/927/1786 2021/926/1787 1705/557/1519
f 2021/926/1787 2022/925/1788 1705/557/1519
f 2022/925/1788 2023/924/1789 1705/557/1519
f 2023/924/1789 2015/922/1781 1705/557/1519
f 2015/922/1781 1707/563/1521 1705/557/1519
f 1705/557/1519 1707/563/1521 1994/893/1767
f 1706/564/1520 1994/893/1767 1707/563/1521
f 1994/893/1767 1706/564/1520 1711/565/1525
f 1708/567/1524 1711/565/1525 1706/564/1520
f 1749/610/1560 1733/587/1545 1746/607/1558
f 1732/588/1543 1746/607/1558 1733/587/1545
f 2005/904/1545 1753/612/1564 1563/410/1378
f 1752/614/1563 1563/410/1378 1753/612/1564
f 2025/929/1790 2000/899/1769 2024/928/1364
f 1999/898/1363 2024/928/1364 2000/899/1769
f 1545/390/1360 2001/900/1770 2025/929/1790
f 2000/899/1769 2025/929/1790 2001/900/1770
f 1542/387/1356 1538/385/1353 1545/390/1360
f 2001/900/1770 1545/390/1360 1538/385/1353
f 1542/387/1356 1541/389/1355 1538/385/1353
f 1539/384/1354 1538/385/1353 1541/389/1355
f 1774/641/1581 1741/600/1553 1740/601/1552
f 1567/414/1382 1566/412/1381 1720/577/1531
f 1722/581/1534 1720/577/1531 1566/412/1381
f 1556/403/1371 1557/402/1372 1734/592/1546
f 1736/593/1548 1734/592/1546 1557/402/1372
f 1556/403/1371 1734/592/1546 1558/404/1373
f 1731/590/1542 1558/404/1373 1734/592/1546
f 1559/405/1374 1558/404/1373 1730/589/1544
f 1731/590/1542 1730/589/1544 1558/404/1373
f 1557/402/1372 1568/413/1383 1736/593/1548
f 1567/414/1382 1736/593/1548 1568/413/1383
f 1560/408/1375 2025/929/1790 2003/903/1771
f 2024/928/1364 2003/903/1771 2025/929/1790
f 1545/390/1360 2025/929/1790 1544/391/1359
f 1560/408/1375 1544/391/1359 2025/929/1790
f 2019/923/1785 2026/930/1791 2010/915/1778
f 2011/916/1776 2010/915/1778 2026/930/1791
f 1891/791/1676 1894/794/1678 1892/790/1677
f 2027/931/1639 1892/790/1677 1894/794/1678
f 1861/762/1654 1867/764/1636 1862/763/1652
f 2028/932/1639 1862/763/1652 1867/764/1636
f 1301/147/1161 1304/150/1162 1302/148/1160
f 1303/151/1154 1302/148/1160 1304/150/1162
f 1896/797/1681 1932/831/1713 1712/571/1527
f 1316/160/1172 1343/190/1199 1314/162/1173
f 1420/267/1261 1421/266/1262 1320/167/1177
f 2029/933/1792 1320/167/1177 1421/266/1262
f 1427/272/1266 1800/699/1604 1807/706/1153
f 1424/268/1263 1435/281/1267 1422/270/1264
f 1433/279/1042 1424/268/1263 1423/269/1249
f 1315/161/1171 1314/162/1173 1344/189/1200
f 2030/935/1793 2031/934/1794 1315/161/1171
f 1316/160/1172 1315/161/1171 2031/934/1794
f 2033/939/1795 2034/937/1796 2032/938/1200
f 2035/936/1797 2032/938/1200 2034/937/1796
f 1316/160/1172 2031/934/1794 1343/190/1199
f 2036/940/1796 1343/190/1199 2031/934/1794
f 2038/943/1798 1330/176/1186 2037/942/1799
f 2039/941/1800 2037/942/1799 1330/176/1186
f 2038/943/1798 2037/942/1799 1332/178/1189
f 1336/180/1193 1332/178/1189 2037/942/1799
f 1409/256/1252 2040/944/1801 1412/257/1255
f 1412/257/1255 2040/944/1801 1413/259/1256
f 1318/164/1174 2041/946/1603 1319/163/1175
f 2042/945/1802 1319/163/1175 2041/946/1603
f 2043/947/1803 1317/165/1176 1319/163/1175
f 2045/949/1174 2046/948/1804 2044/950/1805
f 2044/950/1805 2046/948/1804 2047/951/1806
f 2047/951/1806 2046/948/1804 2043/947/1803
f 1413/259/1256 1415/260/1257 1411/258/1254
f 2048/952/1807 1792/693/1600 1794/691/1257
f 1792/693/1600 2048/952/1807 2049/953/1801
f 1410/255/1253 2040/944/1801 1409/256/1252
f 2051/957/1808 2052/955/1191 2050/956/1186
f 2053/954/1800 2050/956/1186 2052/955/1191
f 1792/693/1600 2054/958/1809 1793/692/1599
f 1331/175/1187 2038/943/1798 1332/178/1189
f 1330/176/1186 2038/943/1798 1331/175/1187
f 1304/150/1162 1384/230/1235 1305/149/1163
f 1301/147/1161 1384/230/1235 1304/150/1162
f 1301/147/1161 1300/145/1158 1384/230/1235
f 1214/57/1078 1384/230/1235 1300/145/1158
f 1212/54/1077 1214/57/1078 1300/145/1158
f 1215/58/1081 1212/54/1077 1300/145/1158
f 1927/826/1708 1931/829/1711 1926/825/1707
f 1929/828/1710 1926/825/1707 1931/829/1711
f 1931/829/1711 1935/834/1716 1929/828/1710
f 1936/835/1717 1929/828/1710 1935/834/1716
f 1935/834/1716 1933/832/1715 1936/835/1717
f 1937/836/1718 1936/835/1717 1933/832/1715
f 1395/240/1242 689/690/619 1392/237/1238
f 644/644/576 1392/237/1238 689/690/619
f 1350/195/1206 2055/959/1810 1349/196/1205
f 1970/869/1749 1964/865/1744 1967/863/1745
f 1961/860/1740 1962/861/1741 1989/888/1763
f 963/963/848 2056/961/1811 960/962/847
f 2057/960/1812 960/962/847 2056/961/1811
f 2056/961/1811 2058/964/1813 2057/960/1812
f 2056/961/1811 2059/965/1814 2058/964/1813
f 2056/961/1811 2060/967/1815 2059/965/1814
f 2061/966/1433 2059/965/1814 2060/967/1815
f 2060/967/1815 2062/968/1434 2061/966/1433
f 2063/970/1816 2064/969/1817 2062/968/1434
f 2063/970/1816 2065/971/1818 2064/969/1817
f 2065/971/1818 2067/972/1437 2066/973/1436
f 2065/971/1818 2068/975/1819 2067/972/1437
f 2069/974/1438 2067/972/1437 2068/975/1819
f 2068/975/1819 2070/976/1439 2069/974/1438
f 2068/975/1819 2071/978/1820 2070/976/1439
f 2072/977/1440 2070/976/1439 2071/978/1820
f 2071/978/1820 2073/980/1821 2072/977/1440
f 2074/979/1441 2072/977/1440 2073/980/1821
f 2073/980/1821 2075/981/1442 2074/979/1441
f 2073/980/1821 982/982/860 2075/981/1442
f 984/983/861 2060/967/1815 983/984/862
f 984/983/861 985/985/863 2060/967/1815
f 2063/970/1816 2060/967/1815 985/985/863
f 985/985/863 986/986/864 2063/970/1816
f 2065/971/1818 2063/970/1816 986/986/864
f 986/986/864 987/987/865 2065/971/1818
f 2068/975/1819 2065/971/1818 987/987/865
f 987/987/865 988/988/866 2068/975/1819
f 2071/978/1820 2068/975/1819 988/988/866
f 988/988/866 989/989/867 2071/978/1820
f 2073/980/1821 2071/978/1820 989/989/867
f 989/989/867 982/982/860 2073/980/1821
f 2056/961/1811 983/984/862 2060/967/1815
f 963/963/848 983/984/862 2056/961/1811
f 982/982/860 990/990/585 2075/981/1442
f 2065/971/1818 2066/973/1436 2064/969/1817
f 2060/967/1815 2063/970/1816 2062/968/1434
f 1766/631/1576 1765/632/1575 1771/638/1581
f 1688/545/1502 1726/582/1538 1689/544/1503
f 1773/639/1513 1771/638/1581 1688/545/1502
f 1765/632/1575 1688/545/1502 1771/638/1581
f 1688/545/1502 1765/632/1575 1726/582/1538
f 1723/580/1535 1726/582/1538 1765/632/1575
f 1980/879/1756 1957/856/1736 1958/857/1737
f 1855/756/1647 1835/735/1629 1856/755/1648
f 1855/756/1647 1836/734/1630 1835/735/1629
f 1176/14/1048 1323/169/1179 1324/171/1182
f 1344/189/1200 1311/159/1168 1315/161/1171
f 2076/991/1822 1315/161/1171 1311/159/1168
f 2030/935/1793 2076/991/1822 1307/154/1164
f 1309/155/1166 1307/154/1164 2076/991/1822
f 1321/166/1178 1320/167/1177 2042/945/1802
f 2029/933/1792 2042/945/1802 1320/167/1177
f 1676/532/1491 1665/519/1480 660/659/590
f 1677/533/1493 1676/532/1491 1682/539/1497
f 2078/995/1823 2079/993/1824 2077/994/1825
f 2080/992/1826 2077/994/1825 2079/993/1824
f 2081/992/1827 2082/993/1828 2077/994/1825
f 2078/995/1823 2077/994/1825 2082/993/1828
f 2083/997/1829 2084/996/1830 2081/992/1827
f 2082/993/1828 2081/992/1827 2084/996/1830
f 2079/993/1824 2084/996/1830 2080/992/1826
f 2083/997/1829 2080/992/1826 2084/996/1830
f 2085/999/1831 2086/998/1832 2079/993/1824
f 2084/996/1830 2079/993/1824 2086/998/1832
f 2088/998/1833 2086/998/1832 2087/1000/1834
f 2088/998/1833 2087/1000/1834 2089/1001/1835
f 2078/995/1823 2089/1001/1835 2079/993/1824
f 2085/999/1831 2079/993/1824 2089/1001/1835
f 2082/993/1828 2088/998/1833 2078/995/1823
f 2089/1001/1835 2078/995/1823 2088/998/1833
f 2086/998/1832 2088/998/1833 2084/996/1830
f 2082/993/1828 2084/996/1830 2088/998/1833
f 2091/999/1836 2092/998/1837 2090/1000/1838
f 2091/999/1836 2090/1000/1838 2093/1001/1839
f 2095/993/1840 2096/995/1841 2094/999/1842
f 2093/1001/1839 2094/999/1842 2096/995/1841
f 2092/998/1837 2097/996/1843 2094/999/1842
f 2095/993/1840 2094/999/1842 2097/996/1843
f 2092/998/1837 2091/999/1836 2097/996/1843
f 2098/993/1844 2097/996/1843 2091/999/1836
f 2096/995/1841 2098/993/1844 2093/1001/1839
f 2091/999/1836 2093/1001/1839 2098/993/1844
f 2095/993/1840 2099/992/1845 2096/995/1841
f 2100/994/1846 2096/995/1841 2099/992/1845
f 2101/997/1847 2099/992/1845 2097/996/1843
f 2095/993/1840 2097/996/1843 2099/992/1845
f 2102/992/1848 2101/997/1847 2098/993/1844
f 2097/996/1843 2098/993/1844 2101/997/1847
f 2100/994/1846 2102/992/1848 2096/995/1841
f 2098/993/1844 2096/995/1841 2102/992/1848
f 2104/996/1849 2105/997/1850 2103/993/1851
f 2106/992/1852 2103/993/1851 2105/997/1850
f 2107/993/1853 2108/992/1854 2104/996/1849
f 2105/997/1850 2104/996/1849 2108/992/1854
f 2109/995/1855 2110/994/1856 2107/993/1853
f 2108/992/1854 2107/993/1853 2110/994/1856
f 2109/995/1855 2103/993/1851 2110/994/1856
f 2106/992/1852 2110/994/1856 2103/993/1851
f 2111/1001/1857 2112/999/1858 2109/995/1855
f 2103/993/1851 2109/995/1855 2112/999/1858
f 2114/1000/1859 2115/999/1860 2113/998/1861
f 2104/996/1849 2103/993/1851 2113/998/1861
f 2112/999/1858 2113/998/1861 2103/993/1851
f 2107/993/1853 2104/996/1849 2115/999/1860
f 2113/998/1861 2115/999/1860 2104/996/1849
f 2111/1001/1857 2109/995/1855 2115/999/1860
f 2107/993/1853 2115/999/1860 2109/995/1855
f 2112/999/1858 2111/1001/1857 2114/1000/1859
f 2117/995/1862 2118/994/1863 2116/993/1864
f 2119/992/1865 2116/993/1864 2118/994/1863
f 2120/993/1866 2121/992/1867 2117/995/1862
f 2118/994/1863 2117/995/1862 2121/992/1867
f 2123/997/1868 2121/992/1867 2122/996/1869
f 2120/993/1866 2122/996/1869 2121/992/1867
f 2116/993/1864 2119/992/1865 2122/996/1869
f 2123/997/1868 2122/996/1869 2119/992/1865
f 2125/999/1870 2116/993/1864 2124/998/1871
f 2122/996/1869 2124/998/1871 2116/993/1864
f 2124/998/1871 2127/999/1872 2126/1000/1873
f 2126/1000/1873 2127/999/1872 2128/1001/1874
f 2117/995/1862 2116/993/1864 2128/1001/1874
f 2125/999/1870 2128/1001/1874 2116/993/1864
f 2120/993/1866 2117/995/1862 2127/999/1872
f 2128/1001/1874 2127/999/1872 2117/995/1862
f 2127/999/1872 2124/998/1871 2120/993/1866
f 2122/996/1869 2120/993/1866 2124/998/1871
f 2130/999/1875 2131/998/1876 2129/1000/1877
f 2130/999/1875 2129/1000/1877 2132/1001/1878
f 2133/999/1879 2134/993/1880 2132/1001/1878
f 2135/995/1881 2132/1001/1878 2134/993/1880
f 2131/998/1876 2136/996/1882 2133/999/1879
f 2134/993/1880 2133/999/1879 2136/996/1882
f 2130/999/1875 2137/993/1883 2131/998/1876
f 2136/996/1882 2131/998/1876 2137/993/1883
f 2135/995/1881 2137/993/1883 2132/1001/1878
f 2130/999/1875 2132/1001/1878 2137/993/1883
f 2138/992/1884 2139/994/1885 2134/993/1880
f 2135/995/1881 2134/993/1880 2139/994/1885
f 2136/996/1882 2140/997/1886 2134/993/1880
f 2138/992/1884 2134/993/1880 2140/997/1886
f 2141/992/1887 2140/997/1886 2137/993/1883
f 2136/996/1882 2137/993/1883 2140/997/1886
f 2139/994/1885 2141/992/1887 2135/995/1881
f 2137/993/1883 2135/995/1881 2141/992/1887
f 2143/999/1888 2144/998/1889 2142/1000/1890
f 2146/993/1891 2147/995/1892 2145/999/1893
f 2148/1001/1894 2145/999/1893 2147/995/1892
f 2144/998/1889 2149/996/1895 2145/999/1893
f 2146/993/1891 2145/999/1893 2149/996/1895
f 2143/999/1888 2150/993/1896 2144/998/1889
f 2149/996/1895 2144/998/1889 2150/993/1896
f 2142/1000/1890 2145/999/1893 2148/1001/1894
f 2147/995/1892 2150/993/1896 2148/1001/1894
f 2143/999/1888 2148/1001/1894 2150/993/1896
f 2151/992/1897 2152/994/1898 2146/993/1891
f 2147/995/1892 2146/993/1891 2152/994/1898
f 2153/997/1899 2151/992/1897 2149/996/1895
f 2146/993/1891 2149/996/1895 2151/992/1897
f 2150/993/1896 2154/992/1900 2149/996/1895
f 2153/997/1899 2149/996/1895 2154/992/1900
f 2152/994/1898 2154/992/1900 2147/995/1892
f 2150/993/1896 2147/995/1892 2154/992/1900
f 2156/999/1901 2157/998/1902 2155/1000/1903
f 2159/999/1904 2160/993/1905 2158/1001/1906
f 2161/995/1907 2158/1001/1906 2160/993/1905
f 2157/998/1902 2162/996/1908 2159/999/1904
f 2160/993/1905 2159/999/1904 2162/996/1908
f 2156/999/1901 2163/993/1909 2157/998/1902
f 2162/996/1908 2157/998/1902 2163/993/1909
f 2155/1000/1903 2159/999/1904 2158/1001/1906
f 2161/995/1907 2163/993/1909 2158/1001/1906
f 2156/999/1901 2158/1001/1906 2163/993/1909
f 2161/995/1907 2164/994/1910 2163/993/1909
f 2165/992/1911 2163/993/1909 2164/994/1910
f 2166/992/1912 2164/994/1910 2160/993/1905
f 2161/995/1907 2160/993/1905 2164/994/1910
f 2167/997/1913 2166/992/1912 2162/996/1908
f 2160/993/1905 2162/996/1908 2166/992/1912
f 2163/993/1909 2165/992/1911 2162/996/1908
f 2167/997/1913 2162/996/1908 2165/992/1911
f 2157/998/1902 2159/999/1904 2155/1000/1903
f 2158/1001/1906 2156/999/1901 2155/1000/1903
f 2144/998/1889 2145/999/1893 2142/1000/1890
f 2148/1001/1894 2143/999/1888 2142/1000/1890
f 2131/998/1876 2133/999/1879 2129/1000/1877
f 2129/1000/1877 2133/999/1879 2132/1001/1878
f 2126/1000/1873 2125/999/1870 2124/998/1871
f 2128/1001/1874 2125/999/1870 2126/1000/1873
f 2086/998/1832 2085/999/1831 2087/1000/1834
f 2087/1000/1834 2085/999/1831 2089/1001/1835
f 2092/998/1837 2094/999/1842 2090/1000/1838
f 2090/1000/1838 2094/999/1842 2093/1001/1839
f 2113/998/1861 2112/999/1858 2114/1000/1859
f 2111/1001/1857 2115/999/1860 2114/1000/1859
f 1691/550/1505 2018/919/1784 661/661/592
f 1279/123/1138 1273/118/1132 1266/111/1127
f 1267/112/1125 1266/111/1127 1273/118/1132
f 1348/191/1204 1084/1003/961 1345/193/1203
f 1083/1002/960 1345/193/1203 1084/1003/961
f 1350/195/1206 1345/193/1203 1085/1004/962
f 1083/1002/960 1085/1004/962 1345/193/1203
f 1700/562/1514 1377/221/1231 1086/1006/964
f 1087/1005/963 1086/1006/964 1377/221/1231
f 2018/919/1784 2017/920/1783 1088/1008/966
f 1089/1007/965 1088/1008/966 2017/920/1783
f 2015/922/1781 2023/924/1789 1090/1010/968
f 1091/1009/967 1090/1010/968 2023/924/1789
f 2055/959/1810 1093/1012/970 1376/222/1230
f 1092/1011/969 1376/222/1230 1093/1012/970
f 41/43/36 1094/1013/971 1381/228/1204
f 2018/919/1784 1088/1008/966 661/661/592
f 2012/914/1777 2011/916/1776 1095/1015/973
f 1096/1014/972 1095/1015/973 2011/916/1776
f 2006/905/1772 2012/914/1777 1097/1016/974
f 1095/1015/973 1097/1016/974 2012/914/1777
f 2026/930/1791 1098/1017/975 2011/916/1776
f 1096/1014/972 2011/916/1776 1098/1017/975
f 1398/244/1244 2006/905/1772 907/907/799
f 1097/1016/974 907/907/799 2006/905/1772
f 1903/803/1686 1812/712/1609 1928/827/1709
f 1816/714/1613 1928/827/1709 1812/712/1609
f 1712/571/1527 1932/831/1713 1816/714/1613
f 1928/827/1709 1816/714/1613 1932/831/1713
f 2169/1019/1914 2170/1018/1915 2168/1020/1916
f 2171/1021/1917 2169/1019/1914 2168/1020/1916
f 2172/1022/1918 2171/1021/1917 2168/1020/1916
f 2173/1023/1919 2172/1022/1918 2168/1020/1916
f 2174/1024/1920 2173/1023/1919 2168/1020/1916
f 2175/1025/1921 2174/1024/1920 2168/1020/1916
f 2170/1018/1915 2175/1025/1921 2168/1020/1916
f 2177/1027/1922 2170/1018/1915 2176/1026/1923
f 2169/1019/1914 2176/1026/1923 2170/1018/1915
f 2178/1028/1924 2176/1026/1923 2169/1019/1914
f 2178/1028/1924 2169/1019/1914 2179/1029/1925
f 2171/1021/1917 2179/1029/1925 2169/1019/1914
f 2180/1030/1926 2179/1029/1925 2171/1021/1917
f 2180/1030/1926 2171/1021/1917 2181/1031/1927
f 2172/1022/1918 2181/1031/1927 2171/1021/1917
f 2182/1032/1928 2181/1031/1927 2172/1022/1918
f 2182/1032/1928 2172/1022/1918 2183/1033/1929
f 2173/1023/1919 2183/1033/1929 2172/1022/1918
f 2184/1034/1930 2183/1033/1929 2173/1023/1919
f 2184/1034/1930 2173/1023/1919 2185/1035/1931
f 2174/1024/1920 2185/1035/1931 2173/1023/1919
f 2186/1036/1932 2185/1035/1931 2174/1024/1920
f 2186/1036/1932 2174/1024/1920 2187/1037/1933
f 2175/1025/1921 2187/1037/1933 2174/1024/1920
f 2188/1038/1934 2187/1037/1933 2175/1025/1921
f 2188/1038/1934 2175/1025/1921 2189/1039/1935
f 2170/1018/1915 2189/1039/1935 2175/1025/1921
f 2177/1027/1922 2189/1039/1935 2170/1018/1915
f 2191/1041/1936 2177/1027/1922 2190/1040/1937
f 2176/1026/1923 2190/1040/1937 2177/1027/1922
f 2190/1040/1937 2176/1026/1923 2192/1042/1938
f 2178/1028/1924 2192/1042/1938 2176/1026/1923
f 2192/1042/1938 2178/1028/1924 2193/1043/1939
f 2179/1029/1925 2193/1043/1939 2178/1028/1924
f 2193/1043/1939 2179/1029/1925 2194/1044/1940
f 2180/1030/1926 2194/1044/1940 2179/1029/1925
f 2194/1044/1940 2180/1030/1926 2195/1045/1941
f 2181/1031/1927 2195/1045/1941 2180/1030/1926
f 2195/1045/1941 2181/1031/1927 2196/1046/1942
f 2182/1032/1928 2196/1046/1942 2181/1031/1927
f 2196/1046/1942 2182/1032/1928 2197/1047/1943
f 2183/1033/1929 2197/1047/1943 2182/1032/1928
f 2197/1047/1943 2183/1033/1929 2198/1048/1944
f 2184/1034/1930 2198/1048/1944 2183/1033/1929
f 2198/1048/1944 2184/1034/1930 2199/1049/1945
f 2185/1035/1931 2199/1049/1945 2184/1034/1930
f 2199/1049/1945 2185/1035/1931 2200/1050/1946
f 2186/1036/1932 2200/1050/1946 2185/1035/1931
f 2200/1050/1946 2186/1036/1932 2201/1051/1947
f 2187/1037/1933 2201/1051/1947 2186/1036/1932
f 2201/1051/1947 2187/1037/1933 2202/1052/1948
f 2188/1038/1934 2202/1052/1948 2187/1037/1933
f 2202/1052/1948 2188/1038/1934 2203/1053/1949
f 2189/1039/1935 2203/1053/1949 2188/1038/1934
f 2203/1053/1949 2189/1039/1935 2191/1041/1936
f 2177/1027/1922 2191/1041/1936 2189/1039/1935
f 2205/1055/1950 2191/1041/1936 2204/1054/1951
f 2190/1040/1937 2204/1054/1951 2191/1041/1936
f 2192/1042/1938 2204/1054/1951 2190/1040/1937
f 2204/1054/1951 2192/1042/1938 2206/1056/1952
f 2193/1043/1939 2206/1056/1952 2192/1042/1938
f 2194/1044/1940 2206/1056/1952 2193/1043/1939
f 2206/1056/1952 2194/1044/1940 2207/1057/1953
f 2195/1045/1941 2207/1057/1953 2194/1044/1940
f 2196/1046/1942 2207/1057/1953 2195/1045/1941
f 2207/1057/1953 2196/1046/1942 2208/1058/1954
f 2197/1047/1943 2208/1058/1954 2196/1046/1942
f 2198/1048/1944 2208/1058/1954 2197/1047/1943
f 2208/1058/1954 2198/1048/1944 2209/1059/1955
f 2199/1049/1945 2209/1059/1955 2198/1048/1944
f 2200/1050/1946 2209/1059/1955 2199/1049/1945
f 2209/1059/1955 2200/1050/1946 2210/1060/1956
f 2201/1051/1947 2210/1060/1956 2200/1050/1946
f 2202/1052/1948 2210/1060/1956 2201/1051/1947
f 2210/1060/1956 2202/1052/1948 2205/1055/1950
f 2203/1053/1949 2205/1055/1950 2202/1052/1948
f 2191/1041/1936 2205/1055/1950 2203/1053/1949
f 1085/1004/962 1142/1061/1019 1350/195/1206
f 1350/195/1206 1142/1061/1019 1143/1062/1020
f 909/909/801 1145/1064/803 2007/908/1773
f 2211/1063/1957 2007/908/1773 1145/1064/803
f 2007/908/1773 2211/1063/1957 1687/546/1504
f 2008/912/1775 911/910/802 2026/930/1791
f 1098/1017/975 2026/930/1791 911/910/802
f 2026/930/1791 2019/923/1785 2008/912/1775
f 2008/912/1775 2019/923/1785 1695/554/1509
f 1698/556/1504 2009/913/1774 2008/912/1775
f 659/660/591 538/538/479 1682/539/1497
f 1396/242/1243 1399/243/1245 690/689/618
f 906/906/798 690/689/618 1399/243/1245
f 1394/241/1241 1399/243/1245 1396/242/1243
f 1336/180/1193 1335/182/1191 1332/178/1189
f 1329/177/1188 1332/178/1189 1335/182/1191
f 2212/1065/1605 1306/153/1165 2039/941/1800
f 1306/153/1165 1328/174/1185 2039/941/1800
f 2039/941/1800 1328/174/1185 2037/942/1799
f 2037/942/1799 1328/174/1185 1336/180/1193
f 1337/179/1194 1336/180/1193 1328/174/1185
f 2052/955/1191 2213/1067/1599 2053/954/1800
f 2214/1066/1605 2053/954/1800 2213/1067/1599
f 1311/159/1168 1344/189/1200 1312/158/1169
f 2030/935/1793 1307/154/1164 2031/934/1794
f 2034/937/1796 1801/698/1165 2035/936/1797
f 1800/699/1604 2035/936/1797 1801/698/1165
f 2031/934/1794 1307/154/1164 2036/940/1796
f 1306/153/1165 2036/940/1796 1307/154/1164
f 1311/159/1168 1310/156/1167 2076/991/1822
f 1309/155/1166 2076/991/1822 1310/156/1167
f 2030/935/1793 1315/161/1171 2076/991/1822
f 1418/265/1259 2045/949/1174 1419/264/1260
f 2044/950/1805 1419/264/1260 2045/949/1174
f 1419/264/1260 2044/950/1805 1421/266/1262
f 2047/951/1806 1421/266/1262 2044/950/1805
f 1798/696/1603 2045/949/1174 1418/265/1259
f 1421/266/1262 2047/951/1806 2029/933/1792
f 2043/947/1803 2029/933/1792 2047/951/1806
f 2041/946/1603 1795/695/1602 2042/945/1802
f 1321/166/1178 2042/945/1802 1795/695/1602
f 2042/945/1802 2029/933/1792 1319/163/1175
f 2043/947/1803 1319/163/1175 2029/933/1792
f 1700/562/1514 1150/1069/1024 1701/561/1515
f 1149/1068/1023 1701/561/1515 1150/1069/1024
f 1151/1070/1025 1150/1069/1024 1700/562/1514
f 1153/1072/1027 1152/1071/1026 1704/558/1518
f 1376/222/1230 1155/1073/1028 1154/1074/1029
f 1369/215/1224 1372/216/1226 1368/214/1222
f 1721/576/1532 1724/579/1536 1769/633/1579
f 1766/631/1576 1769/633/1579 1724/579/1536
f 1769/633/1579 1766/631/1576 1998/897/1554
f 1772/637/1552 1998/897/1554 1766/631/1576
f 1743/602/1554 1740/601/1552 1738/597/1549
f 1743/602/1554 1738/597/1549 1737/596/1550
f 1720/577/1531 1724/579/1536 1721/576/1532
f 1721/576/1532 1768/635/1577 1719/578/1533
f 1156/1075/1030 2055/959/1810 1143/1062/1020
f 1350/195/1206 1143/1062/1020 2055/959/1810
f 2055/959/1810 1156/1075/1030 1093/1012/970
f 1087/1005/963 1377/221/1231 1154/1074/1029
f 1376/222/1230 1154/1074/1029 1377/221/1231
f 1700/562/1514 1086/1006/964 1151/1070/1025
f 1376/222/1230 1092/1011/969 1155/1073/1028
f 2055/959/1810 1376/222/1230 1375/223/1232
f 2055/959/1810 1375/223/1232 1349/196/1205
f 1377/221/1231 1378/224/1234 1375/223/1232
f 1377/221/1231 1700/562/1514 1378/224/1234
f 1158/1077/1032 1157/1076/1031 1703/559/1517
f 1157/1076/1031 1153/1072/1027 1703/559/1517
f 1704/558/1518 1703/559/1517 1153/1072/1027
f 2022/925/1788 2021/926/1787 1159/1079/1034
f 1160/1078/1033 1159/1079/1034 2021/926/1787
f 2023/924/1789 2022/925/1788 1091/1009/967
f 1159/1079/1034 1091/1009/967 2022/925/1788
f 2016/921/1782 2015/922/1781 1161/1080/1035
f 1090/1010/968 1161/1080/1035 2015/922/1781
f 2017/920/1783 2016/921/1782 1089/1007/965
f 1161/1080/1035 1089/1007/965 2016/921/1782
f 2020/927/1786 1704/558/1518 1162/1081/1036
f 1152/1071/1026 1162/1081/1036 1704/558/1518
f 2021/926/1787 2020/927/1786 1160/1078/1033
f 1162/1081/1036 1160/1078/1033 2020/927/1786
f 1149/1068/1023 1163/1082/1037 1701/561/1515
f 1702/560/1516 1701/561/1515 1163/1082/1037
f 1163/1082/1037 1158/1077/1032 1702/560/1516
f 1703/559/1517 1702/560/1516 1158/1077/1032
f 2216/1083/1958 2217/1083/1958 2215/1083/1958
f 2219/1083/1959 2220/1083/1959 2218/1083/1959
f 2222/1083/1960 2223/1083/1960 2221/1083/1960
f 2225/1083/1961 2226/1083/1961 2224/1083/1961
f 2228/1083/1962 2229/1083/1962 2227/1083/1962
f 2231/1083/1963 2232/1083/1963 2230/1083/1963
f 2234/1083/1964 2235/1083/1964 2233/1083/1964
f 2237/1083/1965 2238/1083/1965 2236/1083/1965
f 2240/1083/1966 2241/1083/1966 2239/1083/1966
f 2243/1083/1967 2244/1083/1967 2242/1083/1967
f 2246/1083/1968 2247/1083/1968 2245/1083/1968
f 2249/1083/1969 2250/1083/1969 2248/1083/1969
f 2252/1083/1970 2253/1083/1970 2251/1083/1970
f 2255/1083/1971 2256/1083/1971 2254/1083/1971
f 2258/1083/1972 2259/1083/1972 2257/1083/1972
f 2261/1083/1973 2262/1083/1973 2260/1083/1973
f 2264/1083/1974 2265/1083/1974 2263/1083/1974
f 2267/1083/1975 2268/1083/1975 2266/1083/1975
f 2270/1083/1976 2271/1083/1976 2269/1083/1976
f 2273/1083/1977 2274/1083/1977 2272/1083/1977
f 2276/1083/1978 2277/1083/1978 2275/1083/1978
f 2279/1083/1979 2280/1083/1979 2278/1083/1979
f 2282/1083/1980 2283/1083/1980 2281/1083/1980
f 2285/1083/1981 2286/1083/1981 2284/1083/1981
f 2288/1083/1982 2289/1083/1982 2287/1083/1982
f 2291/1083/1983 2292/1083/1983 2290/1083/1983
f 2294/1083/1984 2295/1083/1984 2293/1083/1984
f 2297/1083/1985 2298/1083/1985 2296/1083/1985
f 2300/1083/1986 2301/1083/1986 2299/1083/1986
f 2303/1083/1987 2304/1083/1987 2302/1083/1987
f 2306/1083/1988 2307/1083/1988 2305/1083/1988
f 2309/1083/1989 2310/1083/1989 2308/1083/1989
f 2312/1083/1990 2313/1083/1990 2311/1083/1990
f 2315/1083/1991 2316/1083/1991 2314/1083/1991
f 2318/1083/1992 2319/1083/1992 2317/1083/1992
f 2321/1083/1993 2322/1083/1993 2320/1083/1993
f 2324/1083/1994 2325/1083/1994 2323/1083/1994
f 2327/1083/1995 2328/1083/1995 2326/1083/1995
f 2330/1083/1996 2331/1083/1996 2329/1083/1996
f 2333/1083/1997 2334/1083/1997 2332/1083/1997
f 2336/1083/1998 2337/1083/1998 2335/1083/1998
f 2339/1083/1999 2340/1083/1999 2338/1083/1999
f 2342/1083/2000 2343/1083/2000 2341/1083/2000
f 2345/1083/2001 2346/1083/2001 2344/1083/2001
f 2348/1083/2002 2349/1083/2002 2347/1083/2002
f 2351/1083/2003 2352/1083/2003 2350/1083/2003
f 2354/1083/2004 2355/1083/2004 2353/1083/2004
f 2357/1083/2005 2358/1083/2005 2356/1083/2005
f 2360/1083/2006 2361/1083/2006 2359/1083/2006
f 2363/1083/2007 2364/1083/2007 2362/1083/2007
f 2366/1083/2008 2367/1083/2008 2365/1083/2008
f 2369/1083/2009 2370/1083/2009 2368/1083/2009
f 2372/1083/2010 2373/1083/2010 2371/1083/2010
f 2375/1083/2011 2376/1083/2011 2374/1083/2011
f 2378/1083/2012 2379/1083/2012 2377/1083/2012
f 2381/1083/2013 2382/1083/2013 2380/1083/2013
f 2384/1083/2014 2385/1083/2014 2383/1083/2014
f 2387/1083/2015 2388/1083/2015 2386/1083/2015
f 2390/1083/2016 2391/1083/2016 2389/1083/2016
f 2393/1083/2017 2394/1083/2017 2392/1083/2017
f 2396/1083/2018 2397/1083/2018 2395/1083/2018
f 2399/1083/2019 2400/1083/2019 2398/1083/2019
f 2402/1083/2020 2403/1083/2020 2401/1083/2020
f 2405/1083/2021 2406/1083/2021 2404/1083/2021
f 2408/1083/2022 2409/1083/2022 2407/1083/2022
f 2411/1083/2023 2412/1083/2023 2410/1083/2023
f 2414/1083/2024 2415/1083/2024 2413/1083/2024
f 2417/1083/2025 2418/1083/2025 2416/1083/2025
f 2420/1083/2026 2421/1083/2026 2419/1083/2026
f 2423/1083/2027 2424/1083/2027 2422/1083/2027
f 2426/1083/2028 2427/1083/2028 2425/1083/2028
f 2429/1083/2029 2430/1083/2029 2428/1083/2029
f 2432/1083/2030 2433/1083/2030 2431/1083/2030
f 2435/1083/2031 2436/1083/2031 2434/1083/2031
f 2438/1083/2032 2439/1083/2032 2437/1083/2032
f 2441/1083/2033 2442/1083/2033 2440/1083/2033
f 2444/1083/2034 2445/1083/2034 2443/1083/2034
f 2447/1083/2035 2448/1083/2035 2446/1083/2035
f 2450/1083/2036 2451/1083/2036 2449/1083/2036
f 2453/1083/2037 2454/1083/2037 2452/1083/2037
f 2456/1083/2038 2457/1083/2038 2455/1083/2038
f 2459/1083/2039 2460/1083/2039 2458/1083/2039
f 2462/1083/2040 2463/1083/2040 2461/1083/2040
f 2465/1083/2041 2466/1083/2041 2464/1083/2041
f 2468/1083/2042 2469/1083/2042 2467/1083/2042
f 2471/1083/2043 2472/1083/2043 2470/1083/2043
f 2474/1083/2044 2475/1083/2044 2473/1083/2044
f 2477/1083/2045 2478/1083/2045 2476/1083/2045
f 2480/1083/2046 2481/1083/2046 2479/1083/2046
f 2483/1083/2047 2484/1083/2047 2482/1083/2047
f 2486/1083/2048 2487/1083/2048 2485/1083/2048
f 2489/1083/2049 2490/1083/2049 2488/1083/2049
f 2492/1083/2050 2493/1083/2050 2491/1083/2050
f 2495/1083/2051 2496/1083/2051 2494/1083/2051
f 2498/1083/2052 2499/1083/2052 2497/1083/2052
f 2501/1083/2053 2502/1083/2053 2500/1083/2053
f 2504/1083/2054 2505/1083/2054 2503/1083/2054
f 2507/1083/2055 2508/1083/2055 2506/1083/2055
f 2510/1084/2056 2511/1085/2057 2509/1086/2058
f 2513/1087/2059 2514/1088/2060 2512/1089/2061
f 2515/1090/2062 2512/1089/2061 2514/1088/2060
f 2516/1091/2063 2517/1092/2064 2514/1088/2060
f 2515/1090/2062 2514/1088/2060 2517/1092/2064
f 2517/1092/2064 2516/1091/2063 2518/1093/2065
f 2519/1094/2066 2518/1093/2065 2516/1091/2063
f 2521/1095/2067 2522/1096/2068 2520/1097/2069
f 2523/1098/2070 2520/1097/2069 2522/1096/2068
f 2525/1099/2071 2526/1100/2072 2524/1101/2061
f 2527/1102/2073 2524/1101/2061 2526/1100/2072
f 2528/1103/2074 2529/1104/2071 2515/1090/2062
f 2512/1089/2061 2515/1090/2062 2529/1104/2071
f 2515/1090/2062 2517/1092/2064 2528/1103/2074
f 2530/1105/2075 2528/1103/2074 2517/1092/2064
f 2531/1106/2076 2530/1105/2075 2518/1093/2065
f 2517/1092/2064 2518/1093/2065 2530/1105/2075
f 2532/1107/2077 2533/1108/2078 2518/1093/2065
f 2531/1106/2076 2518/1093/2065 2533/1108/2078
f 2534/1109/2079 2535/1110/2080 2528/1103/2074
f 2529/1104/2071 2528/1103/2074 2535/1110/2080
f 2528/1103/2074 2530/1105/2075 2534/1109/2079
f 2536/1111/2081 2534/1109/2079 2530/1105/2075
f 2537/1112/2082 2536/1111/2081 2531/1106/2076
f 2530/1105/2075 2531/1106/2076 2536/1111/2081
f 2538/1113/2083 2539/1114/2084 2531/1106/2076
f 2537/1112/2082 2531/1106/2076 2539/1114/2084
f 2541/1115/2085 2539/1114/2084 2540/1116/2086
f 2537/1112/2082 2541/1115/2085 2536/1111/2081
f 2509/1086/2058 2536/1111/2081 2541/1115/2085
f 2510/1084/2056 2509/1086/2058 2541/1115/2085
f 2509/1086/2058 2511/1085/2057 2536/1111/2081
f 2534/1109/2079 2536/1111/2081 2511/1085/2057
f 2535/1110/2080 2534/1109/2079 2542/1117/2087
f 2511/1085/2057 2542/1117/2087 2534/1109/2079
f 2511/1085/2057 2510/1084/2056 2542/1117/2087
f 2540/1116/2086 2543/1118/2080 2541/1115/2085
f 2544/1119/2087 2541/1115/2085 2543/1118/2080
f 2510/1084/2056 2541/1115/2085 2544/1119/2087
f 2518/1093/2065 2519/1094/2066 2521/1095/2067
f 2522/1096/2068 2521/1095/2067 2519/1094/2066
f 2524/1101/2061 2520/1097/2069 2545/1120/2088
f 2523/1098/2070 2545/1120/2088 2520/1097/2069
f 2527/1102/2073 2526/1100/2072 2532/1107/2077
f 2533/1108/2078 2532/1107/2077 2526/1100/2072
f 2543/1118/2080 2540/1116/2086 2525/1099/2071
f 2546/1121/2089 2525/1099/2071 2540/1116/2086
f 2546/1121/2089 2540/1116/2086 2538/1113/2083
f 2539/1114/2084 2538/1113/2083 2540/1116/2086
f 2537/1112/2082 2539/1114/2084 2541/1115/2085
f 2527/1102/2073 2532/1107/2077 2520/1097/2069
f 2521/1095/2067 2520/1097/2069 2532/1107/2077
f 2527/1102/2073 2520/1097/2069 2524/1101/2061
f 2546/1121/2089 2538/1113/2083 2526/1100/2072
f 2533/1108/2078 2526/1100/2072 2538/1113/2083
f 2532/1107/2077 2518/1093/2065 2521/1095/2067
f 2538/1113/2083 2531/1106/2076 2533/1108/2078
f 2526/1100/2072 2525/1099/2071 2546/1121/2089
f 2548/1084/2090 2549/1085/2091 2547/1086/2092
f 2551/1122/2093 2552/1123/2094 2550/1111/2095
f 2547/1086/2092 2550/1111/2095 2552/1123/2094
f 2548/1084/2090 2547/1086/2092 2552/1123/2094
f 2547/1086/2092 2549/1085/2091 2550/1111/2095
f 2553/1109/2096 2550/1111/2095 2549/1085/2091
f 2555/1110/2097 2553/1109/2096 2554/1117/2098
f 2549/1085/2091 2554/1117/2098 2553/1109/2096
f 2549/1085/2091 2548/1084/2090 2554/1117/2098
f 2551/1122/2093 2556/1124/2097 2552/1123/2094
f 2557/1125/2099 2552/1123/2094 2556/1124/2097
f 2548/1084/2090 2552/1123/2094 2557/1125/2099
f 2559/1084/2100 2560/1085/2101 2558/1086/2102
f 2562/1122/2103 2563/1123/2104 2561/1111/2105
f 2558/1086/2102 2561/1111/2105 2563/1123/2104
f 2559/1084/2100 2558/1086/2102 2563/1123/2104
f 2558/1086/2102 2560/1085/2101 2561/1111/2105
f 2564/1109/2106 2561/1111/2105 2560/1085/2101
f 2566/1110/2107 2564/1109/2106 2565/1117/2108
f 2560/1085/2101 2565/1117/2108 2564/1109/2106
f 2560/1085/2101 2559/1084/2100 2565/1117/2108
f 2562/1122/2103 2567/1124/2109 2563/1123/2104
f 2568/1125/2110 2563/1123/2104 2567/1124/2109
f 2559/1084/2100 2563/1123/2104 2568/1125/2110
f 2570/1084/2111 2571/1085/2112 2569/1086/2113
f 2573/1122/2114 2574/1123/2115 2572/1111/2116
f 2569/1086/2113 2572/1111/2116 2574/1123/2115
f 2570/1084/2111 2569/1086/2113 2574/1123/2115
f 2569/1086/2113 2571/1085/2112 2572/1111/2116
f 2575/1109/2117 2572/1111/2116 2571/1085/2112
f 2577/1110/2118 2575/1109/2117 2576/1117/2119
f 2571/1085/2112 2576/1117/2119 2575/1109/2117
f 2571/1085/2112 2570/1084/2111 2576/1117/2119
f 2573/1122/2114 2578/1124/2118 2574/1123/2115
f 2579/1125/2119 2574/1123/2115 2578/1124/2118
f 2570/1084/2111 2574/1123/2115 2579/1125/2119
f 2581/1085/2120 2582/1084/2121 2580/1086/2122
f 2584/1090/2123 2585/1088/2124 2583/1089/2125
f 2586/1087/2126 2583/1089/2125 2585/1088/2124
f 2584/1090/2123 2587/1092/2127 2585/1088/2124
f 2588/1091/2128 2585/1088/2124 2587/1092/2127
f 2590/1094/2129 2588/1091/2128 2589/1093/2130
f 2587/1092/2127 2589/1093/2130 2588/1091/2128
f 2592/1098/2131 2593/1096/2132 2591/1097/2133
f 2594/1095/2134 2591/1097/2133 2593/1096/2132
f 2596/1102/2135 2597/1100/2136 2595/1101/2125
f 2598/1099/2137 2595/1101/2125 2597/1100/2136
f 2583/1089/2125 2599/1104/2137 2584/1090/2123
f 2600/1103/2138 2584/1090/2123 2599/1104/2137
f 2601/1105/2139 2587/1092/2127 2600/1103/2138
f 2584/1090/2123 2600/1103/2138 2587/1092/2127
f 2587/1092/2127 2601/1105/2139 2589/1093/2130
f 2602/1106/2140 2589/1093/2130 2601/1105/2139
f 2602/1106/2140 2603/1108/2141 2589/1093/2130
f 2604/1107/2142 2589/1093/2130 2603/1108/2141
f 2599/1104/2137 2605/1110/2143 2600/1103/2138
f 2606/1109/2144 2600/1103/2138 2605/1110/2143
f 2607/1111/2145 2601/1105/2139 2606/1109/2144
f 2600/1103/2138 2606/1109/2144 2601/1105/2139
f 2601/1105/2139 2607/1111/2145 2602/1106/2140
f 2608/1112/2146 2602/1106/2140 2607/1111/2145
f 2608/1112/2146 2609/1114/2147 2602/1106/2140
f 2610/1113/2148 2602/1106/2140 2609/1114/2147
f 2609/1114/2147 2612/1115/2149 2611/1116/2150
f 2580/1086/2122 2612/1115/2149 2607/1111/2145
f 2608/1112/2146 2607/1111/2145 2612/1115/2149
f 2580/1086/2122 2582/1084/2121 2612/1115/2149
f 2606/1109/2144 2581/1085/2120 2607/1111/2145
f 2580/1086/2122 2607/1111/2145 2581/1085/2120
f 2581/1085/2120 2606/1109/2144 2613/1117/2151
f 2605/1110/2143 2613/1117/2151 2606/1109/2144
f 2582/1084/2121 2581/1085/2120 2613/1117/2151
f 2614/1119/2151 2615/1118/2143 2612/1115/2149
f 2611/1116/2150 2612/1115/2149 2615/1118/2143
f 2612/1115/2149 2582/1084/2121 2614/1119/2151
f 2593/1096/2132 2590/1094/2129 2594/1095/2134
f 2589/1093/2130 2594/1095/2134 2590/1094/2129
f 2592/1098/2131 2591/1097/2133 2616/1120/2152
f 2595/1101/2125 2616/1120/2152 2591/1097/2133
f 2603/1108/2141 2597/1100/2136 2604/1107/2142
f 2596/1102/2135 2604/1107/2142 2597/1100/2136
f 2617/1121/2153 2611/1116/2150 2598/1099/2137
f 2615/1118/2143 2598/1099/2137 2611/1116/2150
f 2609/1114/2147 2611/1116/2150 2610/1113/2148
f 2617/1121/2153 2610/1113/2148 2611/1116/2150
f 2609/1114/2147 2608/1112/2146 2612/1115/2149
f 2594/1095/2134 2604/1107/2142 2591/1097/2133
f 2596/1102/2135 2591/1097/2133 2604/1107/2142
f 2591/1097/2133 2596/1102/2135 2595/1101/2125
f 2603/1108/2141 2610/1113/2148 2597/1100/2136
f 2617/1121/2153 2597/1100/2136 2610/1113/2148
f 2589/1093/2130 2604/1107/2142 2594/1095/2134
f 2602/1106/2140 2610/1113/2148 2603/1108/2141
f 2598/1099/2137 2597/1100/2136 2617/1121/2153
f 2619/1085/2154 2620/1084/2155 2618/1086/2156
f 2618/1086/2156 2622/1123/2157 2621/1111/2158
f 2623/1122/2159 2621/1111/2158 2622/1123/2157
f 2618/1086/2156 2620/1084/2155 2622/1123/2157
f 2624/1109/2160 2619/1085/2154 2621/1111/2158
f 2618/1086/2156 2621/1111/2158 2619/1085/2154
f 2619/1085/2154 2624/1109/2160 2625/1117/2161
f 2626/1110/2162 2625/1117/2161 2624/1109/2160
f 2620/1084/2155 2619/1085/2154 2625/1117/2161
f 2627/1125/2163 2628/1124/2162 2622/1123/2157
f 2623/1122/2159 2622/1123/2157 2628/1124/2162
f 2622/1123/2157 2620/1084/2155 2627/1125/2163
f 2630/1085/2164 2631/1084/2165 2629/1086/2166
f 2629/1086/2166 2633/1123/2167 2632/1111/2168
f 2634/1122/2169 2632/1111/2168 2633/1123/2167
f 2629/1086/2166 2631/1084/2165 2633/1123/2167
f 2635/1109/2170 2630/1085/2164 2632/1111/2168
f 2629/1086/2166 2632/1111/2168 2630/1085/2164
f 2630/1085/2164 2635/1109/2170 2636/1117/2171
f 2637/1110/2172 2636/1117/2171 2635/1109/2170
f 2631/1084/2165 2630/1085/2164 2636/1117/2171
f 2638/1125/2173 2639/1124/2174 2633/1123/2167
f 2634/1122/2169 2633/1123/2167 2639/1124/2174
f 2633/1123/2167 2631/1084/2165 2638/1125/2173
f 2641/1085/2175 2642/1084/2176 2640/1086/2177
f 2640/1086/2177 2644/1123/2178 2643/1111/2179
f 2645/1122/2180 2643/1111/2179 2644/1123/2178
f 2640/1086/2177 2642/1084/2176 2644/1123/2178
f 2646/1109/2181 2641/1085/2175 2643/1111/2179
f 2640/1086/2177 2643/1111/2179 2641/1085/2175
f 2641/1085/2175 2646/1109/2181 2647/1117/2182
f 2648/1110/2183 2647/1117/2182 2646/1109/2181
f 2642/1084/2176 2641/1085/2175 2647/1117/2182
f 2649/1125/2182 2650/1124/2183 2644/1123/2178
f 2645/1122/2180 2644/1123/2178 2650/1124/2183
f 2644/1123/2178 2642/1084/2176 2649/1125/2182
f 2652/1084/2100 2653/1085/2101 2651/1086/2102
f 2655/1122/2103 2656/1123/2104 2654/1111/2105
f 2651/1086/2102 2654/1111/2105 2656/1123/2104
f 2652/1084/2100 2651/1086/2102 2656/1123/2104
f 2651/1086/2102 2653/1085/2101 2654/1111/2105
f 2657/1109/2106 2654/1111/2105 2653/1085/2101
f 2659/1110/2184 2657/1109/2106 2658/1117/2108
f 2653/1085/2101 2658/1117/2108 2657/1109/2106
f 2653/1085/2101 2652/1084/2100 2658/1117/2108
f 2655/1122/2103 2660/1124/2185 2656/1123/2104
f 2661/1125/2186 2656/1123/2104 2660/1124/2185
f 2652/1084/2100 2656/1123/2104 2661/1125/2186
f 2663/1085/2164 2664/1084/2165 2662/1086/2166
f 2662/1086/2166 2666/1123/2167 2665/1111/2168
f 2667/1122/2169 2665/1111/2168 2666/1123/2167
f 2662/1086/2166 2664/1084/2165 2666/1123/2167
f 2668/1109/2170 2663/1085/2164 2665/1111/2168
f 2662/1086/2166 2665/1111/2168 2663/1085/2164
f 2663/1085/2164 2668/1109/2170 2669/1117/2171
f 2670/1110/2187 2669/1117/2171 2668/1109/2170
f 2664/1084/2165 2663/1085/2164 2669/1117/2171
f 2671/1125/2171 2672/1124/2174 2666/1123/2167
f 2667/1122/2169 2666/1123/2167 2672/1124/2174
f 2666/1123/2167 2664/1084/2165 2671/1125/2171
f 2674/1085/2188 2675/1084/2189 2673/1086/2190
f 2673/1086/2190 2677/1123/2191 2676/1111/2192
f 2678/1122/2193 2676/1111/2192 2677/1123/2191
f 2673/1086/2190 2675/1084/2189 2677/1123/2191
f 2679/1109/2194 2674/1085/2188 2676/1111/2192
f 2673/1086/2190 2676/1111/2192 2674/1085/2188
f 2674/1085/2188 2679/1109/2194 2680/1117/2195
f 2681/1110/2196 2680/1117/2195 2679/1109/2194
f 2675/1084/2189 2674/1085/2188 2680/1117/2195
f 2682/1125/2197 2683/1124/2198 2677/1123/2191
f 2678/1122/2193 2677/1123/2191 2683/1124/2198
f 2677/1123/2191 2675/1084/2189 2682/1125/2197
f 2685/1085/2199 2686/1084/2200 2684/1086/2201
f 2684/1086/2201 2688/1123/2202 2687/1111/2203
f 2689/1122/2204 2687/1111/2203 2688/1123/2202
f 2684/1086/2201 2686/1084/2200 2688/1123/2202
f 2690/1109/2205 2685/1085/2199 2687/1111/2203
f 2684/1086/2201 2687/1111/2203 2685/1085/2199
f 2685/1085/2199 2690/1109/2205 2691/1117/2206
f 2692/1110/2207 2691/1117/2206 2690/1109/2205
f 2686/1084/2200 2685/1085/2199 2691/1117/2206
f 2693/1125/2206 2694/1124/2208 2688/1123/2202
f 2689/1122/2204 2688/1123/2202 2694/1124/2208
f 2688/1123/2202 2686/1084/2200 2693/1125/2206
f 2696/1085/2209 2697/1084/2210 2695/1086/2211
f 2695/1086/2211 2699/1123/2212 2698/1111/2213
f 2700/1122/2214 2698/1111/2213 2699/1123/2212
f 2695/1086/2211 2697/1084/2210 2699/1123/2212
f 2701/1109/2215 2696/1085/2209 2698/1111/2213
f 2695/1086/2211 2698/1111/2213 2696/1085/2209
f 2696/1085/2209 2701/1109/2215 2702/1117/2216
f 2703/1110/2217 2702/1117/2216 2701/1109/2215
f 2697/1084/2210 2696/1085/2209 2702/1117/2216
f 2704/1125/2218 2705/1124/2219 2699/1123/2212
f 2700/1122/2214 2699/1123/2212 2705/1124/2219
f 2699/1123/2212 2697/1084/2210 2704/1125/2218
f 2707/1085/2220 2708/1084/2200 2706/1086/2221
f 2706/1086/2221 2710/1123/2222 2709/1111/2223
f 2711/1122/2224 2709/1111/2223 2710/1123/2222
f 2706/1086/2221 2708/1084/2200 2710/1123/2222
f 2712/1109/2225 2707/1085/2220 2709/1111/2223
f 2706/1086/2221 2709/1111/2223 2707/1085/2220
f 2707/1085/2220 2712/1109/2225 2713/1117/2226
f 2714/1110/2227 2713/1117/2226 2712/1109/2225
f 2708/1084/2200 2707/1085/2220 2713/1117/2226
f 2715/1125/2228 2716/1124/2227 2710/1123/2222
f 2711/1122/2224 2710/1123/2222 2716/1124/2227
f 2710/1123/2222 2708/1084/2200 2715/1125/2228
f 2718/1084/2229 2719/1085/2230 2717/1086/2231
f 2721/1122/2232 2722/1123/2233 2720/1111/2234
f 2717/1086/2231 2720/1111/2234 2722/1123/2233
f 2718/1084/2229 2717/1086/2231 2722/1123/2233
f 2717/1086/2231 2719/1085/2230 2720/1111/2234
f 2723/1109/2235 2720/1111/2234 2719/1085/2230
f 2725/1110/2236 2723/1109/2235 2724/1117/2237
f 2719/1085/2230 2724/1117/2237 2723/1109/2235
f 2719/1085/2230 2718/1084/2229 2724/1117/2237
f 2721/1122/2232 2726/1124/2236 2722/1123/2233
f 2727/1125/2238 2722/1123/2233 2726/1124/2236
f 2718/1084/2229 2722/1123/2233 2727/1125/2238
f 2729/1084/2239 2730/1085/2240 2728/1086/2241
f 2732/1122/2242 2733/1123/2243 2731/1111/2244
f 2728/1086/2241 2731/1111/2244 2733/1123/2243
f 2729/1084/2239 2728/1086/2241 2733/1123/2243
f 2728/1086/2241 2730/1085/2240 2731/1111/2244
f 2734/1109/2245 2731/1111/2244 2730/1085/2240
f 2736/1110/2246 2734/1109/2245 2735/1117/2247
f 2730/1085/2240 2735/1117/2247 2734/1109/2245
f 2730/1085/2240 2729/1084/2239 2735/1117/2247
f 2732/1122/2242 2737/1124/2248 2733/1123/2243
f 2738/1125/2247 2733/1123/2243 2737/1124/2248
f 2729/1084/2239 2733/1123/2243 2738/1125/2247
f 2740/1084/2249 2741/1085/2250 2739/1086/2251
f 2743/1122/2252 2744/1123/2253 2742/1111/2254
f 2739/1086/2251 2742/1111/2254 2744/1123/2253
f 2740/1084/2249 2739/1086/2251 2744/1123/2253
f 2739/1086/2251 2741/1085/2250 2742/1111/2254
f 2745/1109/2255 2742/1111/2254 2741/1085/2250
f 2747/1110/2256 2745/1109/2255 2746/1117/2257
f 2741/1085/2250 2746/1117/2257 2745/1109/2255
f 2741/1085/2250 2740/1084/2249 2746/1117/2257
f 2743/1122/2252 2748/1124/2258 2744/1123/2253
f 2749/1125/2259 2744/1123/2253 2748/1124/2258
f 2740/1084/2249 2744/1123/2253 2749/1125/2259
f 2751/1084/2239 2752/1085/2260 2750/1086/2261
f 2754/1122/2262 2755/1123/2263 2753/1111/2264
f 2750/1086/2261 2753/1111/2264 2755/1123/2263
f 2751/1084/2239 2750/1086/2261 2755/1123/2263
f 2750/1086/2261 2752/1085/2260 2753/1111/2264
f 2756/1109/2265 2753/1111/2264 2752/1085/2260
f 2758/1110/2266 2756/1109/2265 2757/1117/2267
f 2752/1085/2260 2757/1117/2267 2756/1109/2265
f 2752/1085/2260 2751/1084/2239 2757/1117/2267
f 2754/1122/2262 2759/1124/2268 2755/1123/2263
f 2760/1125/2269 2755/1123/2263 2759/1124/2268
f 2751/1084/2239 2755/1123/2263 2760/1125/2269
