# Blender 4.4.3
# www.blender.org
mtllib duchessa.mtl
o Duchess_mesh
v -0.000000 -9.120217 11.551061
v 0.000000 -9.291659 11.449529
v 0.408109 -9.253842 11.412506
v 0.427475 -9.075976 11.518892
v 0.000000 -9.566776 11.285793
v 0.303218 -9.532901 11.270872
v 0.000000 -9.647147 11.231268
v 0.223889 -9.610451 11.218170
v -0.000000 -8.939668 11.640988
v 0.385842 -8.923955 11.603009
v 0.325751 -8.843561 11.623077
v -0.000000 -8.830390 11.668927
v 0.233663 -9.558295 11.171045
v 0.319282 -9.478430 11.230947
v 0.000000 -9.657292 11.136579
v 0.131981 -9.639075 11.144490
v 0.116677 -9.666751 11.181665
v 0.000000 -9.680002 11.181602
v 0.386395 -9.188334 11.358986
v 0.409652 -9.036472 11.446975
v 0.310329 -8.833072 11.560815
v 0.357103 -8.895209 11.506953
v 0.000000 -9.449990 11.169358
v 0.000000 -9.576233 11.134612
v 0.000000 -9.170663 11.297431
v -0.000000 -9.011536 11.387913
v -0.000000 -8.880105 11.469947
v -0.000000 -8.813722 11.525601
v 0.310329 -8.833072 11.560815
v 0.000000 -9.657292 11.136579
v -0.427475 -9.075976 11.518892
v -0.408109 -9.253842 11.412506
v -0.303218 -9.532901 11.270872
v -0.223889 -9.610451 11.218170
v -0.325751 -8.843561 11.623077
v -0.385842 -8.923955 11.603009
v -0.233663 -9.558295 11.171045
v -0.319282 -9.478430 11.230947
v -0.116677 -9.666751 11.181665
v -0.131981 -9.639075 11.144490
v -0.386395 -9.188334 11.358986
v -0.409652 -9.036472 11.446975
v -0.310329 -8.833072 11.560815
v -0.357103 -8.895209 11.506953
v -0.310329 -8.833072 11.560815
v 1.116134 -9.196380 12.780640
v 1.163384 -9.158052 13.075534
v 0.945337 -9.195095 13.029074
v 0.820728 -9.202076 12.840421
v 0.862549 -9.174901 12.620084
v 1.046305 -9.129495 12.497138
v 1.264352 -9.092451 12.543595
v 1.388963 -9.085472 12.732249
v 1.347140 -9.112645 12.952586
v 1.076437 -9.041781 13.356801
v 0.867015 -9.077357 13.312180
v 0.688909 -9.100240 13.189971
v 0.569228 -9.106943 13.008782
v 0.526197 -9.096444 12.796195
v 0.566363 -9.070349 12.584580
v 0.683615 -9.032622 12.406145
v 0.860099 -8.989012 12.288059
v 1.068951 -8.946155 12.248303
v 1.278370 -8.910579 12.292925
v 1.456479 -8.887695 12.415133
v 1.576157 -8.880994 12.596323
v 1.619191 -8.891490 12.808908
v 1.579021 -8.917589 13.020525
v 1.461770 -8.955316 13.198957
v 1.285286 -8.998924 13.317042
v 1.029467 -8.832239 13.550982
v 0.755846 -8.878723 13.492680
v 0.523137 -8.908619 13.333007
v 0.366768 -8.917377 13.096273
v 0.310545 -8.903663 12.818516
v 0.363025 -8.869565 12.542027
v 0.516221 -8.820272 12.308889
v 0.746810 -8.763293 12.154606
v 1.019686 -8.707296 12.102658
v 1.293307 -8.660813 12.160961
v 1.526014 -8.630918 12.320633
v 1.682383 -8.622162 12.557368
v 1.738609 -8.635876 12.835126
v 1.686126 -8.669974 13.111618
v 1.532930 -8.719266 13.344753
v 1.302341 -8.776246 13.499035
v 0.973111 -8.572925 13.639277
v 0.676946 -8.623240 13.576170
v 0.425063 -8.655602 13.403342
v 0.255811 -8.665079 13.147104
v 0.194954 -8.650231 12.846462
v 0.251760 -8.613325 12.547190
v 0.417577 -8.559972 12.294846
v 0.667165 -8.498297 12.127850
v 0.962524 -8.437689 12.071623
v 1.258688 -8.387378 12.134727
v 1.510571 -8.355015 12.307559
v 1.679824 -8.345537 12.563796
v 1.740678 -8.360381 12.864438
v 1.683875 -8.397291 13.163711
v 1.518055 -8.450644 13.416055
v 1.268469 -8.512320 13.583049
v -1.116134 -9.196381 12.780641
v -0.945337 -9.195096 13.029075
v -1.163384 -9.158053 13.075535
v -0.820728 -9.202077 12.840422
v -0.862549 -9.174902 12.620085
v -1.046305 -9.129496 12.497139
v -1.264352 -9.092452 12.543596
v -1.388963 -9.085473 12.732250
v -1.347140 -9.112646 12.952587
v -1.076437 -9.041782 13.356802
v -0.867015 -9.077358 13.312181
v -0.688909 -9.100241 13.189972
v -0.569228 -9.106944 13.008783
v -0.526197 -9.096445 12.796196
v -0.566363 -9.070350 12.584581
v -0.683615 -9.032623 12.406146
v -0.860099 -8.989013 12.288060
v -1.068951 -8.946156 12.248304
v -1.278370 -8.910580 12.292926
v -1.456479 -8.887696 12.415133
v -1.576157 -8.880995 12.596324
v -1.619191 -8.891491 12.808908
v -1.579021 -8.917590 13.020526
v -1.461770 -8.955317 13.198958
v -1.285286 -8.998925 13.317043
v -1.029467 -8.832240 13.550982
v -0.755846 -8.878724 13.492681
v -0.523137 -8.908620 13.333008
v -0.366768 -8.917377 13.096274
v -0.310545 -8.903664 12.818517
v -0.363025 -8.869566 12.542027
v -0.516221 -8.820273 12.308890
v -0.746810 -8.763294 12.154607
v -1.019686 -8.707297 12.102659
v -1.293307 -8.660814 12.160962
v -1.526014 -8.630919 12.320634
v -1.682383 -8.622163 12.557369
v -1.738609 -8.635877 12.835127
v -1.686126 -8.669975 13.111619
v -1.532930 -8.719267 13.344754
v -1.302341 -8.776247 13.499036
v -0.973111 -8.572926 13.639277
v -0.676946 -8.623240 13.576171
v -0.425063 -8.655602 13.403343
v -0.255811 -8.665080 13.147105
v -0.194954 -8.650232 12.846463
v -0.251760 -8.613326 12.547191
v -0.417577 -8.559973 12.294847
v -0.667165 -8.498298 12.127851
v -0.962524 -8.437690 12.071624
v -1.258688 -8.387379 12.134728
v -1.510571 -8.355016 12.307560
v -1.679824 -8.345538 12.563797
v -1.740678 -8.360382 12.864439
v -1.683875 -8.397292 13.163712
v -1.518055 -8.450645 13.416056
v -1.268469 -8.512321 13.583050
v -0.089782 9.864079 22.762732
v -0.207940 9.820580 21.839956
v 0.207940 9.820580 21.839956
v 0.089782 9.864079 22.762732
v -0.287214 9.586711 20.352650
v 0.287214 9.586711 20.352650
v -0.000000 9.963843 21.784075
v -0.000000 9.812253 20.222033
v -0.000000 9.963843 21.784075
v -0.000000 9.812253 20.222033
v 0.000000 9.965433 22.751883
v 0.000000 9.778458 23.567463
v 0.000000 9.965433 22.751883
v 0.119158 6.587709 20.267960
v 0.146455 6.440843 19.935917
v -0.146455 6.440843 19.935917
v -0.119158 6.587709 20.267960
v 0.146455 6.556124 18.457012
v -0.146455 6.556124 18.457012
v -0.000000 6.356094 19.955397
v -0.000000 6.318126 17.766874
v -0.000000 6.356094 19.955397
v -0.000000 6.318126 17.766874
v -0.000000 6.488235 20.290216
v -0.000000 6.868177 20.810776
v -0.000000 6.488235 20.290216
v 0.119158 8.318106 22.022724
v 0.156867 8.001680 21.692904
v -0.156867 8.001680 21.692904
v -0.119158 8.318106 22.022724
v 0.156867 7.788363 21.388130
v -0.156867 7.788363 21.388130
v -0.000000 7.833551 21.751291
v -0.000000 7.526156 21.264769
v -0.000000 7.833551 21.751291
v -0.000000 7.526156 21.264769
v -0.000000 8.235309 22.106127
v -0.000000 8.860769 22.457796
v -0.000000 8.235309 22.106127
v 0.119158 5.805261 18.023481
v 0.146455 5.774369 17.642616
v -0.146455 5.774369 17.642616
v -0.119158 5.805261 18.023481
v 0.146455 5.906203 16.214396
v -0.146455 5.906203 16.214396
v -0.000000 5.540600 17.676493
v -0.000000 5.769578 15.497270
v -0.000000 5.540600 17.676493
v -0.000000 5.769578 15.497270
v -0.000000 5.623389 18.026793
v -0.000000 6.051519 18.931818
v -0.000000 5.623389 18.026793
v -0.064486 10.057812 21.951046
v -0.148825 9.986058 21.182455
v 0.148825 9.986058 21.182455
v 0.064486 10.057812 21.951046
v -0.148825 9.465247 19.944630
v 0.148825 9.465247 19.944630
v -0.000000 10.113730 21.121727
v -0.000000 9.658006 19.315577
v -0.000000 10.113730 21.121727
v -0.000000 9.658006 19.315577
v 0.000000 10.184294 21.948118
v 0.000000 10.065854 22.549347
v 0.000000 10.184294 21.948118
v -0.064314 10.022602 20.585365
v -0.100293 9.942754 20.240631
v 0.100293 9.942754 20.240631
v 0.064314 10.022602 20.585365
v -0.148825 9.869285 19.537010
v 0.148825 9.869285 19.537010
v -0.000000 10.095837 20.098639
v -0.000000 9.978226 18.819698
v -0.000000 10.095837 20.098639
v -0.000000 9.978226 18.819698
v 0.000000 10.123955 20.574522
v 0.000000 10.214704 21.173815
v 0.000000 10.123955 20.574522
v -0.119158 9.435595 12.531695
v -0.193168 9.295864 12.247746
v 0.193168 9.295864 12.247746
v 0.119158 9.435595 12.531695
v -0.274999 8.925617 11.691669
v 0.274999 8.925617 11.691669
v -0.000000 9.439490 12.173091
v -0.000000 8.800853 11.268355
v -0.000000 9.439490 12.173091
v -0.000000 8.800853 11.268355
v 0.000000 9.537284 12.524645
v 0.000000 9.591095 12.974837
v 0.000000 9.537284 12.524645
v -0.119158 9.310208 11.798523
v -0.204091 8.988498 11.426327
v 0.204091 8.988498 11.426327
v 0.119158 9.310208 11.798523
v -0.274999 8.470754 11.004139
v 0.274999 8.470754 11.004139
v -0.000000 9.103728 11.312641
v -0.000000 8.358779 10.585018
v -0.000000 9.103728 11.312641
v -0.000000 8.358779 10.585018
v 0.000000 9.405296 11.761805
v 0.000000 9.648135 12.317160
v 0.000000 9.405296 11.761805
v 0.507975 -9.962431 12.049101
v 0.507975 -9.962431 11.988088
v 1.638384 -9.621276 12.287182
v 1.638384 -9.621276 12.325379
v 1.627701 -9.584604 12.306281
v 0.490911 -9.903850 12.018594
v 1.638384 -9.621276 12.287182
v 0.507975 -9.962431 11.988088
v 2.932678 -9.235538 12.348962
v 2.932678 -9.235538 12.327532
v 3.774549 -8.915149 12.226366
v 2.926685 -9.214965 12.338247
v 2.932678 -9.235538 12.327532
v 0.396787 -9.887224 11.949697
v 0.388293 -9.887829 11.889279
v 1.599658 -9.851334 11.977208
v 1.604976 -9.850956 12.015033
v 1.599604 -9.813045 11.996121
v 0.388206 -9.826665 11.919488
v 0.388293 -9.887829 11.889279
v 1.599658 -9.851334 11.977208
v 2.941596 -9.747377 11.849908
v 2.938612 -9.747590 11.828687
v 3.843651 -9.672407 11.408960
v 2.938582 -9.726108 11.839297
v 2.938612 -9.747590 11.828687
v 0.181611 -9.943459 12.063907
v 0.150640 -9.943459 12.011335
v 1.319751 -9.932049 11.669696
v 1.339139 -9.932049 11.702607
v 1.329445 -9.893852 11.686152
v 0.166126 -9.882443 12.037621
v 1.319751 -9.932049 11.669696
v 0.150640 -9.943459 12.011335
v 2.514708 -9.923666 11.037389
v 2.503831 -9.923666 11.018925
v 3.045816 -9.917241 10.629222
v 2.509270 -9.902237 11.028157
v 2.503831 -9.923666 11.018925
v -1.638384 -9.621276 12.287182
v -0.507975 -9.962431 11.988088
v -0.507975 -9.962431 12.049101
v -1.638384 -9.621276 12.325379
v -1.627701 -9.584604 12.306281
v -0.490911 -9.903850 12.018594
v -1.638384 -9.621276 12.287182
v -0.507975 -9.962431 11.988088
v -2.932678 -9.235538 12.348962
v -3.774549 -8.915149 12.226366
v -2.932678 -9.235538 12.327532
v -2.926685 -9.214965 12.338247
v -2.932678 -9.235538 12.327532
v -1.599658 -9.851334 11.977208
v -0.388293 -9.887829 11.889279
v -0.396787 -9.887224 11.949697
v -1.604976 -9.850956 12.015033
v -1.599604 -9.813045 11.996121
v -0.388206 -9.826665 11.919488
v -0.388293 -9.887829 11.889279
v -1.599658 -9.851334 11.977208
v -2.941596 -9.747377 11.849908
v -3.843651 -9.672407 11.408960
v -2.938612 -9.747590 11.828687
v -2.938582 -9.726108 11.839297
v -2.938612 -9.747590 11.828687
v -1.319751 -9.932049 11.669696
v -0.150640 -9.943459 12.011335
v -0.181611 -9.943459 12.063907
v -1.339139 -9.932049 11.702607
v -1.329445 -9.893852 11.686152
v -0.166126 -9.882443 12.037621
v -1.319751 -9.932049 11.669696
v -0.150640 -9.943459 12.011335
v -2.514708 -9.923666 11.037388
v -3.045816 -9.917241 10.629221
v -2.503830 -9.923666 11.018924
v -2.509269 -9.902237 11.028155
v -2.503830 -9.923666 11.018924
v -1.753678 8.987479 18.511343
v -1.809309 8.755749 18.511343
v -1.799943 8.735182 18.189812
v -1.731568 9.020000 18.189812
v -1.524693 8.659350 16.742432
v -1.456317 8.944167 16.742432
v -1.890655 8.897820 18.197014
v -1.623933 8.833789 16.025421
v -1.890655 8.897820 18.197014
v -1.623933 8.833789 16.025421
v -1.880315 8.895337 18.519197
v -1.730175 8.859293 19.031475
v -1.880315 8.895337 18.519197
v -1.150920 8.597691 20.733564
v -1.194405 8.569349 20.277893
v -1.121169 8.874415 20.277893
v -1.095289 8.829423 20.733564
v -1.166983 8.562766 19.906954
v -1.093747 8.867832 19.906954
v -1.320221 8.760879 20.216478
v -1.251529 8.744387 19.645336
v -1.320221 8.760879 20.216478
v -1.251529 8.744387 19.645336
v -1.236780 8.740846 20.745590
v -0.983149 8.679957 21.414047
v -1.236780 8.740846 20.745590
v -1.878080 8.786632 16.992929
v -1.761618 8.734708 16.008493
v -1.693243 9.019525 16.008493
v -1.822449 9.018363 16.992929
v -1.354383 8.585612 15.342376
v -1.286008 8.870431 15.342376
v -1.951296 8.930857 15.955667
v -1.508719 8.697310 14.624304
v -1.951296 8.930857 15.955667
v -1.508719 8.697310 14.624304
v -2.016340 8.942368 16.930338
v -1.945927 8.925462 17.928892
v -2.016340 8.942368 16.930338
v 1.753678 8.987479 18.511343
v 1.731568 9.020000 18.189812
v 1.799943 8.735182 18.189812
v 1.809309 8.755749 18.511343
v 1.456317 8.944167 16.742432
v 1.524693 8.659350 16.742432
v 1.890655 8.897820 18.197014
v 1.623933 8.833789 16.025421
v 1.890655 8.897820 18.197014
v 1.623933 8.833789 16.025421
v 1.880315 8.895337 18.519197
v 1.730175 8.859293 19.031475
v 1.880315 8.895337 18.519197
v 1.121169 8.874415 20.277893
v 1.194405 8.569349 20.277893
v 1.150920 8.597691 20.733564
v 1.095289 8.829423 20.733564
v 1.093747 8.867832 19.906954
v 1.166983 8.562766 19.906954
v 1.320221 8.760879 20.216478
v 1.251529 8.744387 19.645336
v 1.320221 8.760879 20.216478
v 1.251529 8.744387 19.645336
v 1.236780 8.740846 20.745590
v 0.983149 8.679957 21.414047
v 1.236780 8.740846 20.745590
v 1.693243 9.019525 16.008493
v 1.761618 8.734708 16.008493
v 1.878080 8.786632 16.992929
v 1.822449 9.018363 16.992929
v 1.286008 8.870431 15.342376
v 1.354383 8.585612 15.342376
v 1.951296 8.930857 15.955667
v 1.508719 8.697310 14.624304
v 1.951296 8.930857 15.955667
v 1.508719 8.697310 14.624304
v 2.016340 8.942368 16.930338
v 1.945927 8.925462 17.928892
v 2.016340 8.942368 16.930338
v 0.591062 -9.197629 13.815205
v 0.410745 -9.431996 13.401196
v 0.709084 -9.268161 13.630553
v 1.108418 -9.002999 13.788255
v 1.003450 -8.934930 14.015267
v 1.474186 -8.810586 13.722425
v 1.513064 -8.628739 13.907970
v 0.348457 -9.590808 12.513806
v 0.449933 -9.975848 12.218599
v 0.814835 -9.584200 12.278140
v 0.335612 -10.097818 11.662999
v -0.000000 -10.146522 11.722252
v -0.000000 -10.068412 11.534794
v 0.280685 -10.063033 11.425769
v 0.654218 -10.016028 11.657153
v 0.582297 -9.977602 11.403744
v 0.874403 -9.842301 11.445272
v 0.907072 -9.885230 11.664016
v 1.189807 -9.551759 11.672102
v 1.105483 -9.579381 11.436864
v 1.257815 -9.385366 11.356944
v 1.460629 -9.277460 11.512365
v 1.350175 -9.034148 11.041190
v 1.180773 -9.203064 11.067622
v 0.903431 -9.129563 10.953597
v 0.869651 -9.341767 11.063317
v 0.422111 -9.370823 10.828123
v 0.697487 -9.540161 11.082486
v 0.432674 -9.739245 11.116789
v -0.000000 -9.490724 10.735467
v 0.223711 -9.813821 11.161554
v -0.000000 -9.855835 11.150101
v 0.462643 -10.077878 11.946338
v -0.000000 -10.214711 11.934969
v -0.000000 -10.069349 12.220706
v 0.735914 -9.994834 11.910438
v 1.104990 -9.570415 11.970107
v 0.861816 -9.914700 11.824323
v 0.785389 -9.864790 12.149949
v 1.497101 -9.252661 11.891672
v 1.867373 -8.851514 11.546283
v 1.878690 -8.951643 11.938953
v 1.571157 -8.709262 11.066248
v 2.162786 -8.582497 12.093885
v 2.323836 -8.267939 11.770748
v 0.792820 -9.186734 12.668798
v 0.664573 -9.366819 12.531146
v 0.898008 -9.148536 12.418625
v 0.860559 -9.208904 13.132817
v 0.715201 -9.298132 13.259994
v 0.645218 -9.323628 12.872750
v 0.813625 -9.220781 12.941607
v 0.859457 -9.203801 13.514760
v 1.015710 -9.141051 13.362436
v 1.214474 -9.009240 13.503051
v 1.161446 -9.006120 13.645653
v 1.495779 -8.854440 13.448640
v 1.486074 -8.832292 13.585531
v 1.771071 -8.709582 13.079196
v 1.768835 -8.720224 13.025079
v 1.888686 -8.605487 13.084251
v 1.889804 -8.600164 13.111311
v 2.160538 -8.429721 12.902500
v 2.098580 -8.372230 13.205712
v 1.884164 -8.628228 12.890645
v 1.930882 -8.725177 12.377632
v 2.095061 -8.547051 12.643612
v 1.827407 -8.680418 12.704296
v 1.732818 -8.774217 12.530031
v 1.632468 -8.777882 12.604284
v 1.525135 -8.889967 12.514374
v 1.592492 -8.909014 12.440612
v 1.441771 -9.146640 12.225620
v 1.739684 -8.931383 12.276383
v 1.357905 -9.078839 12.380252
v 1.116184 -9.199445 12.345905
v 1.325141 -9.043420 12.443992
v 1.086270 -9.136859 12.415326
v 0.862827 -9.312343 12.374225
v 0.881561 -8.805036 14.494670
v 0.834430 -8.262929 14.782978
v 0.437080 -8.336892 14.846648
v 0.417155 -8.879669 14.544694
v 1.055891 -7.596644 14.910504
v 0.435301 -7.809444 15.039044
v 0.435926 -7.180516 15.085391
v 1.403436 -8.294764 14.249780
v 1.365357 -7.911769 14.553698
v -0.000000 -8.387197 14.866879
v -0.000000 -8.928473 14.579144
v 1.964524 -8.110933 13.864347
v 2.307965 -7.985143 13.404963
v 2.501391 -7.128046 13.472905
v 1.883302 -7.653845 14.265342
v 3.158635 -6.659907 13.363479
v 2.794860 -7.426548 12.984939
v 2.452451 -8.042548 12.933836
v 2.665112 -7.752440 12.120724
v 2.396630 -8.369402 12.342872
v 2.798826 -7.586296 12.576806
v 2.450245 -8.181566 12.581963
v 2.402303 -7.782108 11.460502
v 0.662666 -7.997029 10.463929
v 1.253059 -7.963267 10.695167
v 1.034712 -8.769873 10.810613
v 0.511143 -8.880115 10.634470
v -0.000000 -9.000504 10.537985
v -0.000000 -7.999788 10.364989
v 1.710445 -6.948822 14.854309
v 1.639519 -7.414096 14.746878
v 2.053765 -7.284527 14.763620
v 2.286150 -7.093122 15.298441
v 2.590617 -6.759311 15.548880
v 2.127514 -6.125851 15.285785
v 2.914027 -6.418689 15.594884
v 3.243062 -6.152512 15.566824
v 1.595174 -6.181982 14.823415
v 1.412213 -6.035813 14.685915
v 1.121457 -6.086525 14.622813
v 1.351640 -6.980855 14.865118
v -0.000000 -7.199049 15.121559
v -0.000000 -6.098912 14.698902
v 1.724145 -5.755407 14.759007
v 2.307414 -5.775032 15.100756
v 3.336917 -6.085947 15.308578
v 3.396244 -6.039218 14.794462
v 3.345850 -5.943066 14.175701
v 2.584483 -5.706651 14.730617
v 3.110000 -6.039991 13.686923
v 2.721189 -5.853426 13.894664
v 1.878207 -5.806015 13.536343
v 2.064858 -5.637454 14.248760
v 1.648213 -5.790946 13.203391
v 1.314804 -5.673655 14.068441
v 1.598879 -5.692619 14.132845
v -0.000000 -5.113738 13.489485
v -0.000000 -5.624109 14.311201
v 0.848563 -5.312937 13.379396
v -0.000000 -7.846131 15.038614
v 1.780043 -8.530901 13.595302
v 1.679695 -8.731719 13.309721
v 1.721775 -8.675113 13.411753
v 2.539371 -6.822887 13.598475
v 2.176020 -7.305295 14.286104
v 2.919708 -6.300640 13.412772
v 3.054574 -6.635324 13.489985
v 0.351481 -9.464082 12.947047
v -0.000000 -9.490801 12.959186
v -0.000000 -9.642151 12.491244
v 1.120958 -9.335573 12.204869
v 0.394594 -9.314443 14.045687
v -0.000000 -9.492002 13.431146
v -0.000000 -9.338623 14.079068
v 0.999186 -9.240365 13.151782
v 1.164551 -9.225579 13.239181
v 1.090131 -9.183315 13.300809
v 0.929873 -9.224634 13.142299
v 1.362191 -9.148364 13.295257
v 1.288333 -9.078802 13.399154
v 1.594178 -8.947393 13.240100
v 1.544978 -8.900917 13.344369
v 1.647093 -8.876801 13.170606
v 1.663394 -8.804259 13.240162
v 2.590617 -6.759311 15.548880
v 2.286150 -7.093122 15.298441
v 2.373263 -7.068975 15.273312
v 2.640389 -6.764647 15.509848
v 2.053765 -7.284527 14.763620
v 2.200488 -7.246393 14.741449
v 2.200488 -7.246393 14.741449
v 2.225178 -7.149846 14.223213
v 2.986684 -6.480913 15.559462
v 2.914027 -6.418689 15.594884
v 3.268995 -6.242364 15.530561
v 3.243062 -6.152512 15.566824
v 3.336917 -6.085947 15.308578
v 3.332074 -6.204273 15.270209
v 3.396244 -6.039218 14.794462
v 3.380810 -6.146401 14.818231
v 3.352942 -6.039834 14.185494
v 3.345850 -5.943066 14.175701
v 3.110000 -6.039991 13.686923
v 3.126039 -6.118170 13.692580
v 2.757689 -6.446704 14.933078
v 2.548570 -6.478959 14.352572
v 2.225178 -7.149846 14.223213
v 2.919708 -6.300640 13.412772
v 2.433320 -5.950754 13.315711
v 3.384653 -6.774184 12.911150
v 3.255656 -6.536146 13.622697
v 2.932151 -7.202026 11.969755
v 3.255656 -6.536146 13.622697
v 3.072583 -6.486125 13.476328
v 3.054574 -6.635324 13.489985
v 3.178208 -6.527981 13.346415
v 3.178208 -6.527981 13.346415
v 3.522987 -6.534019 13.606589
v 3.428557 -6.609926 12.953127
v 3.428557 -6.609926 12.953127
v 3.522987 -6.534019 13.606589
v 2.804489 -6.710767 11.779254
v 3.575074 -6.610292 13.058635
v 3.266651 -6.856017 12.294081
v 2.898427 -6.951805 11.808488
v 2.804489 -6.710767 11.779254
v 3.266651 -6.856017 12.294081
v 2.898427 -6.951805 11.808488
v 2.590972 -6.821218 11.436416
v 1.963177 -7.995511 11.113696
v 1.324314 -7.222399 10.570082
v 2.127398 -7.037796 11.041642
v 0.711691 -7.373166 10.339754
v 0.000000 -7.441111 10.246113
v 1.327566 -6.621454 10.449471
v 0.726918 -6.910832 10.128727
v 0.740548 -6.550940 9.927550
v 1.309841 -6.099881 10.373266
v 0.000000 -6.996353 9.997418
v 0.000000 -6.668416 9.777593
v 0.526767 -3.665081 11.319871
v 0.490836 -3.910740 11.521997
v 0.929757 -4.164071 11.285211
v 0.991277 -3.872702 11.078075
v 0.000000 -3.589507 11.414549
v 0.000000 -3.828561 11.602510
v -0.000000 -4.651606 12.651581
v 0.787686 -4.848097 12.452208
v 0.512185 -4.365067 12.000028
v 0.000000 -4.294647 12.058167
v 1.585742 -4.707698 10.155803
v 1.391470 -4.128562 10.792342
v 1.358052 -4.475656 11.003621
v 1.504268 -5.013666 10.453800
v 2.275281 -5.974839 12.601553
v 2.521834 -6.095959 12.144341
v 2.619120 -6.514109 11.786432
v 1.640913 -6.056300 11.222456
v 1.543956 -5.522079 11.699951
v 2.590972 -6.821218 11.436416
v 2.127398 -7.037796 11.041642
v 2.829941 -6.401008 13.048000
v 2.919708 -6.300640 13.412772
v 3.144920 -6.444690 12.640584
v 3.575074 -6.610292 13.058635
v 1.487527 -2.004650 9.980305
v 1.349199 -2.425234 10.525295
v 1.990378 -2.637138 10.148307
v 2.106772 -2.182210 9.612459
v 1.457095 -2.924488 10.677766
v 2.049649 -2.987042 10.207281
v 1.653659 -4.397984 10.016234
v 1.702483 -4.764074 9.321395
v 2.159093 -4.673336 9.169992
v 2.080073 -4.014851 9.784595
v 1.507023 -5.078055 8.010713
v 2.153197 -4.979467 8.163302
v 2.339490 -1.798589 8.739828
v 2.061551 -1.426753 8.875107
v 2.582679 -1.030096 7.542636
v 2.783059 -1.456448 7.468085
v 2.786698 -1.393476 5.544485
v 2.230282 -1.180306 5.495984
v 2.644936 -0.918877 6.493133
v 2.814635 -1.267234 6.450143
v 2.060318 -3.477243 10.140189
v 1.483654 -3.478214 10.620262
v 2.441571 -2.930249 9.469003
v 2.449989 -3.790625 9.288723
v 2.726637 -2.858080 8.503262
v 2.631555 -3.857454 8.307133
v 1.381981 -4.866584 6.848379
v 2.272940 -4.781679 7.008524
v 0.901337 -5.498785 7.912015
v 0.470015 -5.823237 7.823052
v 0.441654 -5.166361 6.661266
v 0.887968 -4.954847 6.711888
v 1.229581 -1.007264 4.870478
v 1.454648 -1.646702 5.093507
v -0.000000 -1.814398 4.679475
v -0.000000 -1.084456 4.587066
v 1.080895 1.122571 4.713367
v 1.182167 -0.335783 4.820996
v -0.000000 -0.358910 4.560892
v -0.000000 1.120839 4.504790
v -0.000000 2.761988 4.387569
v -0.000000 4.006287 4.298694
v 1.100563 3.973902 4.482190
v 1.092223 2.764841 4.580217
v 0.884925 5.847281 4.304067
v -0.000000 5.812191 4.284926
v 2.158452 3.645152 5.227984
v 2.124871 2.689515 5.311571
v 2.807786 3.976928 5.165367
v 3.534571 4.483766 4.870031
v 3.604362 4.321406 5.218886
v 3.604362 4.321406 5.218886
v 2.973256 3.433709 6.525240
v 2.807786 3.976928 5.165367
v 3.023381 3.770588 7.738687
v 3.600888 4.232904 6.420358
v 3.420543 4.495939 7.566241
v 3.137336 5.222662 8.623662
v 2.836303 4.460457 8.885530
v 2.566127 5.719245 3.063855
v 3.265465 5.920777 3.108875
v 3.288119 5.560545 3.379865
v 2.548671 5.430723 3.327739
v 2.575079 5.876901 9.647591
v 2.939098 5.894160 9.078744
v 2.822979 6.747520 9.055699
v 2.440077 6.692569 9.649044
v 2.263844 7.565147 9.249219
v 2.679911 7.376450 8.844410
v 2.614152 7.845162 8.265073
v 1.932764 8.154194 8.525252
v 3.196100 5.888380 8.486771
v 3.096277 6.869520 8.408649
v 3.410564 6.963389 7.439743
v 2.624584 8.077569 7.405049
v 3.544112 5.787619 7.512737
v 2.944504 -2.644249 7.459035
v 2.789271 -3.697147 7.299328
v 2.976010 -2.477306 6.502585
v 3.072349 -2.362801 5.676215
v 2.810666 -3.465107 6.429901
v 2.328239 -4.505623 6.375076
v 2.372829 -3.886018 5.684979
v 2.828695 -3.306104 5.708342
v 1.411458 -4.585857 6.308397
v 1.640549 -4.073934 5.653239
v 0.443879 -4.654402 6.079236
v 0.899239 -4.208093 6.167641
v 2.066610 -0.478120 8.886938
v 2.080410 1.121057 8.902987
v 1.481311 1.120694 10.084982
v 1.480819 -0.596593 9.954598
v 2.077314 1.125658 5.443636
v 2.175489 -0.354314 5.477233
v 2.625845 -0.289414 6.487064
v 2.672004 1.126376 6.447463
v 2.865350 2.635688 6.496002
v 2.840376 -3.177373 4.098047
v 2.787533 -3.239521 2.301482
v 2.861083 -2.673763 2.280402
v 2.995832 -2.374500 4.083304
v 2.507668 -3.687821 4.102148
v 2.545093 -3.649849 2.326881
v 2.015599 -3.572736 4.092454
v 2.108506 -3.681771 2.309349
v 2.597827 -2.316922 2.277331
v 2.705973 -1.921097 4.065878
v 2.009481 -1.980521 4.061497
v 1.857556 -2.651906 2.281749
v 1.732241 -2.453623 4.062915
v 1.875282 -3.148148 2.305918
v 1.763674 -3.033115 4.083062
v 1.763674 -3.033115 4.083062
v 1.875282 -3.148148 2.305918
v 2.168966 -1.363052 4.737348
v 2.763806 -1.430904 4.812883
v 2.775251 -1.412190 5.178684
v 2.199624 -1.271679 5.116666
v 2.230282 -1.180306 5.495984
v 2.786698 -1.393476 5.544485
v 3.059370 -2.388496 4.930144
v 3.065860 -2.375648 5.303179
v 2.828695 -3.306104 5.708342
v 2.372829 -3.886018 5.684979
v 2.415935 -3.782932 5.275574
v 2.819358 -3.263154 5.318385
v 1.927512 -3.718631 4.844681
v 2.459042 -3.679847 4.866169
v 1.784030 -3.896282 5.248961
v 2.810022 -3.220204 4.928429
v 2.621857 1.118614 7.672938
v 2.590472 -0.351463 7.585022
v 2.859494 2.688158 7.711851
v 2.486466 2.914937 8.893608
v 1.866529 4.513194 10.440945
v 1.685452 2.918504 10.273621
v 0.985385 2.937927 10.879874
v 1.039919 4.530261 11.062898
v 0.000000 2.934181 11.101319
v -0.000000 4.536704 11.262148
v 0.923381 1.124105 10.671362
v 0.884877 -0.578969 10.469662
v 0.000000 1.123190 10.919571
v -0.000000 -0.562996 10.735742
v 0.844924 -2.046335 10.426521
v 0.909830 -2.612777 10.618078
v -0.000000 -2.095515 10.720539
v -0.000000 -2.656975 10.901279
v 0.933307 -3.175760 10.764044
v -0.000000 -3.159843 11.110412
v 0.458854 -4.054654 5.616858
v 1.020154 -3.578671 5.720848
v 1.261257 -3.364715 5.242010
v 1.502360 -3.150759 4.763171
v 1.020154 -3.578671 5.720848
v 0.458854 -4.054654 5.616858
v 1.154041 -2.532538 5.164493
v 1.502360 -3.150759 4.763171
v 1.261257 -3.364715 5.242010
v 1.318922 -2.515509 4.900126
v 1.483802 -2.498480 4.635757
v 0.565730 -2.575989 4.925544
v 1.626943 -1.938956 4.669803
v 1.540795 -1.792829 4.881655
v 1.454648 -1.646702 5.093507
v 3.644131 6.986078 6.323736
v 3.834233 5.742876 6.333677
v 2.766784 7.991652 6.351751
v 3.856060 5.805067 5.361574
v 3.646273 6.997080 5.416997
v 2.803459 7.871560 5.462704
v 3.325205 4.970843 3.823474
v 3.706469 6.033707 3.974241
v 3.794297 5.893295 4.661893
v 3.464782 4.646126 4.521180
v 3.622515 6.973491 4.066664
v 3.634506 6.985852 4.695004
v 2.863655 7.656195 4.132526
v 2.835919 7.755741 4.743172
v 3.593311 6.317321 3.495465
v 3.490287 7.134782 3.571738
v 3.396499 7.251523 3.219002
v 2.901724 7.637353 3.248569
v 2.894489 7.628402 3.600529
v 1.889291 8.407240 7.437223
v 1.763866 8.394036 6.336960
v 1.761848 8.262691 5.484048
v 2.003776 7.871804 4.123247
v 1.891934 8.052508 4.752339
v 2.171733 7.665069 3.214194
v 2.103560 7.748979 3.583161
v 1.791946 5.892173 10.401052
v 1.940822 6.943493 10.047028
v 1.028247 7.704278 9.986160
v 0.672480 8.066417 9.476899
v 0.436235 7.934703 9.846901
v 0.689616 7.730389 10.068170
v -0.000000 8.141912 9.371388
v -0.000000 8.026503 9.733645
v 0.828670 7.226003 10.448319
v 1.188016 7.131892 10.381181
v 0.785532 6.488385 10.783994
v 0.511770 6.737533 10.761101
v -0.000000 6.211766 10.983961
v -0.000000 6.538238 10.892063
v 1.850993 7.615876 9.632224
v 1.203093 8.235440 8.827135
v -0.000000 8.299817 8.541117
v 0.942417 8.454627 7.491557
v -0.000000 8.310871 7.432476
v 0.784008 8.340098 6.340478
v -0.000000 8.035184 6.306833
v 0.829350 8.110937 5.411273
v -0.000000 7.662463 5.530048
v -0.000000 7.662463 5.530048
v 0.829350 8.110937 5.411273
v 0.629920 7.151210 4.488397
v -0.000000 6.917422 4.687925
v 0.988169 7.919622 4.973933
v 0.779957 7.217659 4.414809
v 0.629920 7.151210 4.488397
v 0.829350 8.110937 5.411273
v 1.330060 7.507775 4.032470
v 1.118076 7.763134 4.616209
v 1.765057 6.196506 3.414830
v 1.608119 7.318253 3.458025
v 1.762712 7.212885 3.138650
v 1.887606 6.330513 3.125389
v 1.047322 5.871564 4.217885
v 0.884925 5.847281 4.304067
v 0.629920 7.151210 4.488397
v 0.779957 7.217659 4.414809
v 2.516336 4.896275 3.816548
v 1.534508 5.944407 3.959344
v 2.564648 4.252864 4.778551
v 2.000749 4.288725 4.849461
v 2.000749 4.288725 4.849461
v 3.044450 -4.189068 0.272715
v 3.068564 -4.217805 -0.000206
v 3.143231 -3.885936 -0.000177
v 3.107767 -3.852486 0.289529
v 2.763690 -2.890062 0.977312
v 2.749338 -3.284440 1.002975
v 3.016480 -3.285397 0.641500
v 2.867826 -2.903798 0.586112
v 2.518374 -2.639265 0.597995
v 2.519661 -2.603014 0.984617
v 1.930164 -2.891494 0.626712
v 1.948130 -2.795220 0.994369
v 1.838438 -3.289525 0.661905
v 1.955948 -3.231290 1.021446
v 1.714561 -3.799579 -0.000207
v 1.749941 -4.174783 -0.000254
v 1.771554 -4.158568 0.282664
v 1.738988 -3.775235 0.319536
v 1.946377 -2.994437 -0.000181
v 1.767532 -3.391011 -0.000172
v 1.759987 -3.351069 0.351471
v 1.917827 -2.927853 0.348746
v 2.541542 -2.682465 0.362103
v 2.558861 -2.753616 -0.000076
v 2.878519 -2.918544 0.334103
v 2.836020 -2.982240 -0.000149
v 3.087084 -3.295678 0.303177
v 3.060460 -3.341827 -0.000162
v 3.001314 -4.158770 0.485494
v 3.050015 -3.820385 0.503120
v 2.846476 -3.798896 0.678577
v 2.769506 -4.209338 0.681145
v 1.759987 -3.351069 0.351471
v 1.767532 -3.391011 -0.000172
v 2.374214 -4.166973 0.791774
v 2.409397 -3.815179 0.793336
v 2.046482 -3.874347 0.740686
v 2.049735 -4.158247 0.651266
v 1.807344 -4.142741 0.531006
v 1.802521 -3.753224 0.574158
v 1.838438 -3.289525 0.661905
v 2.368265 -4.385242 0.482014
v 1.972871 -4.403635 0.405314
v 2.795182 -4.393877 0.396058
v 2.800761 -4.409502 -0.000195
v 2.366650 -4.428030 -0.000230
v 1.936811 -4.434566 -0.000224
v 2.175657 -3.760578 1.020569
v 2.572142 -3.622404 1.043766
v 1.955948 -3.231290 1.021446
v 1.936811 -4.434566 -0.000224
v 3.068564 -4.217805 -0.000206
v 2.366650 -4.428030 -0.000230
v 1.749941 -4.174783 -0.000254
v 1.714561 -3.799579 -0.000207
v 3.060460 -3.341827 -0.000162
v 3.143231 -3.885936 -0.000177
v 1.767532 -3.391011 -0.000172
v 2.836020 -2.982240 -0.000149
v 1.946377 -2.994437 -0.000181
v 2.558861 -2.753616 -0.000076
v 2.798394 7.911814 2.369151
v 2.303166 7.908906 2.364095
v 2.338651 7.974735 2.134588
v 2.108904 7.384996 2.135489
v 2.031201 7.346366 2.360648
v 2.031201 7.346366 2.360648
v 2.108904 7.384996 2.135489
v 2.180600 6.839504 2.135376
v 2.114114 6.724003 2.360030
v 2.580595 6.503263 2.136164
v 2.577147 6.390979 2.357225
v 3.057941 6.590968 2.357467
v 3.514459 6.503674 3.185202
v 3.242986 7.025007 2.366084
v 3.172954 7.541807 2.369575
v 2.203636 6.248523 0.998714
v 2.645377 5.937352 0.960563
v 2.636458 6.093052 1.122415
v 2.201012 6.386786 1.128186
v 3.028879 6.218969 0.979997
v 3.008464 6.354235 1.128304
v 3.177548 6.724260 0.955535
v 3.175398 6.828161 1.128204
v 3.062716 7.140450 0.946027
v 3.125404 7.203961 1.120888
v 2.819651 7.505051 0.928928
v 2.812014 7.607092 1.117578
v 2.350578 7.412548 0.930036
v 2.348717 7.540251 1.117746
v 2.340869 7.957398 1.910512
v 2.112093 7.398789 1.923113
v 2.112093 7.398789 1.923113
v 2.184900 6.824769 1.923132
v 2.662493 5.511547 0.834523
v 3.038257 5.634784 0.770990
v 2.270811 5.663558 0.775938
v 2.673686 5.271862 0.537237
v 3.089330 5.287639 0.571161
v 2.174299 5.306252 0.517984
v 3.231732 6.233139 0.785622
v 3.263205 6.571148 0.728577
v 3.084544 7.044581 0.662832
v 2.776640 7.367493 0.633576
v 2.323110 7.224113 0.661124
v 2.087288 6.818975 0.701190
v 2.125970 6.946950 0.998492
v 2.125970 6.946950 0.998492
v 2.087288 6.818975 0.701190
v 2.006990 6.153454 0.713689
v 2.651277 5.218815 -0.000035
v 3.100787 5.195237 0.000028
v 2.190016 5.214528 -0.000037
v 3.327415 5.644129 0.495558
v 3.366222 5.604849 -0.000002
v 3.282712 5.838208 0.655794
v 3.348422 6.275931 -0.000009
v 3.361913 6.271291 0.507808
v 2.987590 6.899673 -0.000065
v 3.049822 7.021667 0.389958
v 2.700139 7.239729 0.392701
v 2.625390 7.082057 -0.000048
v 2.297841 7.079897 0.401655
v 2.298645 6.923234 -0.000011
v 2.045688 6.702096 0.441607
v 2.059192 6.554637 -0.000007
v 2.045688 6.702096 0.441607
v 1.883892 6.072222 0.470586
v 2.059192 6.554637 -0.000007
v 1.884108 6.061167 -0.000011
v 2.017184 5.745799 0.653175
v 1.887143 5.639683 -0.000041
v 1.921913 5.645624 0.455695
v 2.190016 5.214528 -0.000037
v 1.887143 5.639683 -0.000041
v 2.651277 5.218815 -0.000035
v 1.884108 6.061167 -0.000011
v 3.348422 6.275931 -0.000009
v 3.366222 5.604849 -0.000002
v 2.987590 6.899673 -0.000065
v 2.059192 6.554637 -0.000007
v 2.298645 6.923234 -0.000011
v 0.600086 6.732699 11.125177
v -0.000000 6.440411 11.296649
v -0.000000 6.538238 10.892063
v 0.511770 6.737533 10.761101
v 0.741759 7.861796 10.434884
v 0.915385 7.320856 10.807047
v 0.828670 7.226003 10.448319
v 0.689616 7.730389 10.068170
v 0.447666 8.133276 10.223433
v 0.436235 7.934703 9.846901
v -0.000000 8.236843 10.114024
v -0.000000 8.026503 9.733645
v 1.546467 7.826563 13.787261
v 1.116269 6.544151 14.051565
v 0.999638 6.633874 13.138062
v 1.379343 7.732394 12.916538
v -0.000000 5.877003 14.137763
v -0.000000 6.018550 13.255445
v 1.477959 8.727530 13.589633
v 1.235368 8.540359 12.727679
v 0.685706 9.092040 12.588628
v 0.824448 9.315237 13.461954
v -0.000000 9.298222 12.553155
v -0.000000 9.553253 13.428153
v 1.684423 8.288268 18.059118
v 1.728940 8.246008 17.174068
v 1.724795 9.066116 17.144978
v 1.713595 9.064523 18.034292
v 1.190313 6.804122 18.122517
v 1.198370 6.675230 17.233862
v -0.000000 5.959448 18.155891
v -0.000000 5.858217 17.275988
v 0.918696 9.896409 17.123089
v 0.864994 9.947556 17.988405
v -0.000000 10.113574 17.114996
v -0.000000 10.126376 17.982117
v 0.698575 9.882917 19.014107
v -0.000000 10.027562 19.015123
v 1.406041 9.101220 19.020531
v 1.519043 8.282926 19.015518
v 1.067210 6.952411 19.004877
v -0.000000 6.219463 19.003872
v 1.352562 8.277547 19.978279
v 0.839117 8.695915 21.204912
v 0.633310 7.663444 21.209227
v 0.933470 7.113512 19.963482
v 1.098866 9.137972 19.976789
v 0.778612 9.256017 21.178692
v 0.536591 9.814058 19.968355
v 0.378165 9.703060 21.206602
v -0.000000 9.927571 19.968390
v -0.000000 9.833044 21.196218
v 0.886766 9.495560 14.366045
v 1.581963 8.845790 14.432205
v -0.000000 9.745306 14.346539
v 1.180848 6.532072 15.554831
v -0.000000 5.787140 15.637312
v -0.000000 5.812257 14.859928
v 1.162440 6.522533 14.781983
v 1.700499 8.058797 15.362111
v 1.631862 7.937500 14.566593
v -0.000000 7.380906 21.214350
v -0.000000 6.515196 19.968342
v -0.000000 8.834083 22.201643
v 0.282314 8.916926 22.203098
v 0.390323 9.309760 22.203133
v 0.220545 9.541018 22.582706
v 0.134449 9.339826 22.581577
v -0.000000 9.798012 22.203360
v 0.195748 9.755177 22.203283
v 0.358741 9.663774 22.203102
v 0.143017 9.688317 22.587727
v -0.000000 9.661641 22.723873
v -0.000000 9.289042 22.581514
v -0.000000 9.720435 22.585560
v 1.758163 -8.947532 13.224219
v 1.784621 -8.912234 13.189471
v 1.647093 -8.876801 13.170606
v 1.594178 -8.947393 13.240100
v 1.671416 -9.000605 13.255099
v 1.594178 -8.947393 13.240100
v 1.624623 -9.070673 13.271617
v 1.828839 -9.031431 13.339565
v 1.362191 -9.148364 13.242990
v 1.613759 -9.078380 13.241746
v 1.362191 -9.148364 13.295257
v 1.613759 -9.078380 13.241746
v 1.828839 -9.031431 13.339565
v 1.669919 -9.008313 13.222067
v 1.593297 -8.986483 13.183924
v 1.677497 -8.910625 13.154966
v 1.593297 -8.986483 13.183924
v 1.643795 -8.756522 13.013426
v 1.739700 -8.824075 13.097259
v 1.818221 -8.889145 13.162148
v 1.851821 -8.842395 13.130976
v 2.048896 -8.863914 13.304828
v 1.647093 -8.876801 13.170606
v 1.738580 -8.807376 13.131341
v 1.771071 -8.709582 13.079196
v 2.048896 -8.863914 13.304828
v 1.801798 -8.870874 13.170595
v 1.818221 -8.889145 13.162148
v 1.898140 -8.790363 13.135221
v 1.914385 -8.741465 13.109149
v 1.898700 -8.798711 13.118178
v 1.739700 -8.824075 13.097259
v 1.768835 -8.720224 13.025079
v 1.913267 -8.746787 13.082089
v 1.164551 -9.225579 13.197469
v 1.164551 -9.225579 13.239181
v 0.999186 -9.240365 13.151782
v 1.003942 -9.240365 13.118264
v 0.813625 -9.220781 12.941607
v 0.792820 -9.186734 12.668798
v 0.920706 -9.092136 12.465464
v 0.806737 -9.156286 12.678051
v 1.046081 -9.063436 12.438048
v 1.271285 -8.964890 12.475464
v 1.410242 -8.858820 12.542840
v 1.520930 -8.794381 12.643787
v 1.610619 -8.767693 12.743110
v 1.699923 -8.746504 12.734429
v 1.739309 -8.730619 12.892269
v 1.623234 -8.727417 12.873701
v 1.643795 -8.756522 13.013426
v 1.647093 -8.876801 13.170606
v 1.784621 -8.912234 13.189471
v 1.799823 -8.929148 13.181652
v 1.671416 -9.000605 13.255099
v 1.593297 -8.986483 13.183924
v 1.594178 -8.947393 13.240100
v 1.593297 -8.986483 13.183924
v 1.757723 -8.967075 13.196132
v 1.738580 -8.807376 13.131341
v 1.739700 -8.824075 13.097259
v 1.898700 -8.798711 13.118178
v 1.898140 -8.790363 13.135221
v 2.048896 -8.863914 13.304828
v 1.851821 -8.842395 13.130976
v 1.851216 -8.833374 13.149387
v 1.771071 -8.709582 13.079196
v 1.914385 -8.741465 13.109149
v 1.913267 -8.746787 13.082089
v 1.768835 -8.720224 13.025079
v 1.142752 -8.227526 12.853397
v 1.643795 -8.756522 13.013426
v 1.593297 -8.986483 13.183924
v 1.362191 -9.148364 13.242990
v 1.164551 -9.225579 13.197469
v 1.003942 -9.240365 13.118264
v 0.813625 -9.220781 12.941607
v 0.806737 -9.156286 12.678051
v 0.920706 -9.092136 12.465464
v 1.046081 -9.063436 12.438048
v 1.271285 -8.964890 12.475464
v 1.410242 -8.858820 12.542840
v 1.520930 -8.794381 12.643787
v 1.610619 -8.767693 12.743110
v 1.623234 -8.727417 12.873701
v 0.490922 -9.877936 11.121208
v 0.764598 -9.602843 11.113006
v 0.932680 -9.328257 11.193562
v 0.778536 -9.591422 11.265409
v 0.478687 -9.825070 11.302847
v 0.226753 -9.902026 11.312696
v -0.000000 -9.970510 11.383544
v 0.228004 -9.963385 11.227558
v -0.000000 -9.970510 11.383544
v -0.000000 -9.251626 11.427848
v 0.228004 -9.249088 11.390429
v 0.228004 -9.963385 11.227558
v 0.764598 -9.602843 11.113006
v 0.490922 -9.877936 11.121208
v 0.932680 -9.328257 11.193562
v 0.736167 -9.227752 11.339241
v 0.754611 -8.914295 11.310945
v 0.740996 -8.928016 11.165059
v 0.441952 -8.885126 11.161643
v 0.478687 -9.825070 11.302847
v 0.778536 -9.591422 11.265409
v -0.000000 -8.888926 11.161587
v 0.226753 -9.902026 11.312696
v -0.000000 -8.846732 11.357818
v 0.444670 -8.861220 11.321136
v 2.804489 -6.710767 11.779254
v 2.932151 -7.202026 11.969755
v 3.266651 -6.856017 12.294081
v 2.539371 -6.822887 13.598475
v 0.918950 -4.616069 11.771757
v 1.362191 -9.148364 13.295257
v 1.594178 -8.947393 13.240100
v 1.608119 7.318253 3.458025
v 1.330060 7.507775 4.032470
v 2.770837 7.985010 2.134615
v 1.762712 7.212885 3.138650
v 2.994222 6.783932 2.135188
v 3.166537 7.171822 2.135409
v 3.111350 7.621801 2.135495
v 2.592707 6.493064 1.916344
v 2.996888 6.773847 1.923245
v 3.168395 7.179129 1.923162
v 3.114415 7.609399 1.914414
v 2.779917 7.982966 1.910316
v 2.124025 7.067906 1.128154
v 2.124025 7.067906 1.128154
v 2.544899 4.550035 4.399124
v 3.829342 5.848102 4.995322
v 3.641064 6.992525 5.048957
v 2.820147 7.812353 5.090429
v 1.829360 8.153611 5.104311
v 0.921029 7.287236 4.328437
v 1.209717 5.895843 4.131706
v 0.921029 7.287236 4.328437
v 3.856060 5.805067 5.361574
v 3.646273 6.997080 5.416997
v 2.803459 7.871560 5.462704
v 1.761848 8.262691 5.484048
v 1.479577 -5.561812 10.893104
v 1.284872 -4.967080 11.414644
v 1.416738 -5.588410 9.870974
v 1.455564 -5.414124 9.499669
v 0.830426 -6.119772 9.354301
v 0.865934 -6.017693 8.964239
v 0.000000 -6.292548 9.211449
v -0.000000 -6.147173 8.683652
v 2.782217 -3.245773 2.120762
v 2.847528 -2.703866 2.099044
v 2.586948 -2.356739 2.097418
v 1.870162 -2.671852 2.102577
v 1.886508 -3.159720 2.127151
v 1.886508 -3.159720 2.127151
v 2.117852 -3.692739 2.129983
v 2.548857 -3.646029 2.148303
v 2.774291 -3.255093 1.851316
v 2.827319 -2.748749 1.828647
v 2.570729 -2.416104 1.829174
v 1.888956 -2.701590 1.835441
v 1.903247 -3.176972 1.860618
v 1.903247 -3.176972 1.860618
v 2.131786 -3.709092 1.862556
v 2.554470 -3.640334 1.882051
v 2.752871 -3.280285 1.123073
v 2.772698 -2.870057 1.097834
v 2.526891 -2.576553 1.104179
v 1.939753 -2.781965 1.113438
v 1.948487 -3.223600 1.140246
v 1.948487 -3.223600 1.140246
v 2.169446 -3.753290 1.139767
v 2.569640 -3.624942 1.162441
v 1.324314 -7.222399 10.570082
v 0.711691 -7.373166 10.339754
v 0.000000 -7.441111 10.246113
v 0.813625 -9.220781 12.941607
v -0.000000 -5.891904 7.786102
v -0.000000 -5.293065 6.615041
v -0.000000 -4.810458 6.033902
v -0.000000 -4.281258 5.580028
v -0.000000 -2.617771 4.829148
v -0.000000 -4.281258 5.580028
v 1.757723 -8.967075 13.196132
v 1.851216 -8.833374 13.149387
v 1.801798 -8.870874 13.170595
v 2.048896 -8.863914 13.304828
v 1.768835 -8.720224 13.025079
v 1.739700 -8.824075 13.097259
v 1.643795 -8.756522 13.013426
v -0.000000 -9.923799 11.320721
v -0.000000 -9.923799 11.320721
v 1.982271 -8.947668 13.331800
v 1.982271 -8.947668 13.331800
v 1.677497 -8.910625 13.154966
v 1.739700 -8.824075 13.097259
v 1.738580 -8.807376 13.131341
v 1.739700 -8.824075 13.097259
v 1.738580 -8.807376 13.131341
v 1.647093 -8.876801 13.170606
v 1.677497 -8.910625 13.154966
v 1.647093 -8.876801 13.170606
v 2.117821 -8.773350 13.262563
v 2.117821 -8.773350 13.262563
v 2.117821 -8.773350 13.262563
v 2.117821 -8.773350 13.262563
v 0.511057 8.830855 11.615701
v 0.952405 8.326545 11.778369
v 1.175275 7.574187 11.968482
v 0.853311 6.718840 12.169075
v -0.000000 6.214509 12.246911
v -0.000000 8.985422 11.539293
v 0.967903 9.828552 16.170959
v 0.926781 9.659786 15.256202
v -0.000000 9.912954 15.246274
v -0.000000 10.080987 16.148058
v 1.731923 9.061954 16.215124
v 1.653015 8.948211 15.276962
v 1.772319 8.203745 16.296118
v 1.195860 6.562331 16.443697
v -0.000000 5.795075 16.540188
v 1.555066 -5.550834 10.905228
v 1.395899 -6.115535 10.368898
v 1.503390 -5.626841 9.846458
v 1.597099 -5.024958 10.453345
v 0.789535 -6.619093 9.880416
v 0.880317 -6.187107 9.307707
v 0.000000 -6.742107 9.727214
v 0.000000 -6.366241 9.161066
v 0.994288 -4.115155 11.331679
v 0.528722 -3.848267 11.581820
v 0.550832 -4.302964 12.059430
v 0.984951 -4.568660 11.817000
v 0.000000 -3.764043 11.665687
v 0.000000 -4.230129 12.121341
v 1.442306 -4.446418 11.036002
v 1.363660 -4.934972 11.448987
v 0.000000 -6.292548 9.211449
v 0.830426 -6.119772 9.354301
v 1.416738 -5.588410 9.870974
v 1.504268 -5.013666 10.453800
v 1.358052 -4.475656 11.003621
v 0.929757 -4.164071 11.285211
v 0.490836 -3.910740 11.521997
v 0.000000 -3.828561 11.602510
v 0.000000 -4.294647 12.058167
v 0.512185 -4.365067 12.000028
v 0.918950 -4.616069 11.771757
v 1.284872 -4.967080 11.414644
v 1.479577 -5.561812 10.893104
v 1.309841 -6.099881 10.373266
v 0.740548 -6.550940 9.927550
v 0.000000 -6.668416 9.777593
v 3.072349 -2.362801 5.676215
v 1.640549 -4.073934 5.653239
v 1.020154 -3.578671 5.720848
v 1.020154 -3.578671 5.720848
v 1.154041 -2.532538 5.164493
v -0.591062 -9.197629 13.815206
v -0.709084 -9.268161 13.630554
v -0.410745 -9.431996 13.401196
v -1.003450 -8.934930 14.015267
v -1.108418 -9.002999 13.788255
v -1.513064 -8.628739 13.907970
v -1.474186 -8.810586 13.722425
v -0.348457 -9.590808 12.513806
v -0.814835 -9.584200 12.278140
v -0.449933 -9.975848 12.218599
v -0.335612 -10.097818 11.662999
v -0.280685 -10.063033 11.425769
v -0.654218 -10.016028 11.657153
v -0.907072 -9.885230 11.664016
v -0.874403 -9.842301 11.445272
v -0.582297 -9.977602 11.403744
v -1.189807 -9.551759 11.672102
v -1.460629 -9.277460 11.512364
v -1.257815 -9.385366 11.356943
v -1.105483 -9.579381 11.436864
v -1.350175 -9.034148 11.041190
v -1.180773 -9.203064 11.067621
v -0.903431 -9.129563 10.953597
v -0.869651 -9.341767 11.063316
v -0.422111 -9.370823 10.828123
v -0.432674 -9.739245 11.116789
v -0.697487 -9.540161 11.082486
v -0.000000 -9.490724 10.735467
v -0.223711 -9.813821 11.161554
v -0.462643 -10.077878 11.946338
v -0.735914 -9.994834 11.910438
v -1.104990 -9.570415 11.970107
v -0.861816 -9.914700 11.824323
v -0.785389 -9.864790 12.149949
v -1.497101 -9.252661 11.891672
v -1.878690 -8.951643 11.938953
v -1.867373 -8.851514 11.546283
v -1.571157 -8.709262 11.066248
v -2.162786 -8.582497 12.093885
v -2.323836 -8.267939 11.770748
v -0.792820 -9.186734 12.668798
v -0.898008 -9.148536 12.418625
v -0.664573 -9.366819 12.531146
v -0.860559 -9.208904 13.132817
v -0.813625 -9.220781 12.941607
v -0.645218 -9.323628 12.872750
v -0.715201 -9.298132 13.259994
v -0.859457 -9.203801 13.514760
v -1.015710 -9.141051 13.362436
v -1.161446 -9.006120 13.645653
v -1.214474 -9.009240 13.503051
v -1.486074 -8.832292 13.585531
v -1.495779 -8.854440 13.448640
v -1.771071 -8.709582 13.079196
v -1.889804 -8.600164 13.111311
v -1.888686 -8.605487 13.084251
v -1.768835 -8.720224 13.025079
v -2.160538 -8.429721 12.902500
v -1.884164 -8.628228 12.890645
v -2.098580 -8.372230 13.205712
v -1.930882 -8.725177 12.377632
v -1.732818 -8.774217 12.530030
v -1.827407 -8.680418 12.704296
v -2.095061 -8.547051 12.643612
v -1.632468 -8.777882 12.604283
v -1.592492 -8.909014 12.440611
v -1.525135 -8.889967 12.514374
v -1.441771 -9.146640 12.225620
v -1.357905 -9.078839 12.380251
v -1.739684 -8.931383 12.276383
v -1.116184 -9.199445 12.345905
v -1.086270 -9.136859 12.415326
v -1.325141 -9.043420 12.443992
v -0.862827 -9.312343 12.374225
v -0.881561 -8.805036 14.494670
v -0.417155 -8.879669 14.544694
v -0.437080 -8.336892 14.846648
v -0.834430 -8.262929 14.782978
v -0.435301 -7.809444 15.039044
v -1.055891 -7.596644 14.910504
v -0.435926 -7.180516 15.085391
v -1.365357 -7.911769 14.553698
v -1.403436 -8.294764 14.249780
v -1.964524 -8.110933 13.864347
v -1.883302 -7.653845 14.265343
v -2.501391 -7.128046 13.472906
v -2.307965 -7.985143 13.404963
v -3.158635 -6.659907 13.363480
v -2.794860 -7.426548 12.984939
v -2.452451 -8.042549 12.933836
v -2.396630 -8.369402 12.342872
v -2.665112 -7.752441 12.120724
v -2.450245 -8.181566 12.581963
v -2.798826 -7.586296 12.576806
v -2.402303 -7.782108 11.460502
v -0.662666 -7.997029 10.463929
v -0.511143 -8.880115 10.634470
v -1.034712 -8.769873 10.810613
v -1.253059 -7.963267 10.695167
v -0.000000 -9.000504 10.537985
v -1.710445 -6.948821 14.854309
v -2.053765 -7.284527 14.763620
v -1.639519 -7.414096 14.746879
v -2.286150 -7.093122 15.298442
v -2.127514 -6.125850 15.285786
v -2.590617 -6.759310 15.548882
v -2.914027 -6.418688 15.594885
v -3.243062 -6.152511 15.566825
v -1.595174 -6.181981 14.823416
v -1.412213 -6.035813 14.685915
v -1.121457 -6.086525 14.622813
v -1.351640 -6.980855 14.865118
v -1.724145 -5.755406 14.759007
v -2.307414 -5.775032 15.100756
v -3.336917 -6.085947 15.308579
v -3.396244 -6.039217 14.794464
v -2.584483 -5.706651 14.730617
v -3.345850 -5.943066 14.175701
v -2.721189 -5.853426 13.894665
v -3.110000 -6.039991 13.686923
v -1.878207 -5.806015 13.536343
v -2.064858 -5.637454 14.248760
v -1.598879 -5.692619 14.132845
v -1.314804 -5.673655 14.068441
v -1.648213 -5.790946 13.203391
v -0.848563 -5.312937 13.379396
v -1.780043 -8.530901 13.595302
v -1.721775 -8.675113 13.411753
v -1.679695 -8.731719 13.309721
v -2.539371 -6.822887 13.598475
v -2.176020 -7.305295 14.286104
v -2.919708 -6.300640 13.412774
v -3.054574 -6.635324 13.489985
v -0.351481 -9.464082 12.947047
v -1.120958 -9.335573 12.204868
v -0.394594 -9.314443 14.045687
v -0.999186 -9.240365 13.151782
v -0.929873 -9.224634 13.142299
v -1.090131 -9.183315 13.300809
v -1.164551 -9.225579 13.239181
v -1.288333 -9.078802 13.399154
v -1.362191 -9.148364 13.295257
v -1.544978 -8.900917 13.344368
v -1.594178 -8.947393 13.240100
v -1.663394 -8.804259 13.240162
v -1.647093 -8.876801 13.170606
v -2.590617 -6.759310 15.548882
v -2.640389 -6.764646 15.509849
v -2.373263 -7.068975 15.273313
v -2.286150 -7.093122 15.298442
v -2.200488 -7.246393 14.741450
v -2.053765 -7.284527 14.763620
v -2.200488 -7.246393 14.741450
v -2.225178 -7.149846 14.223213
v -2.914027 -6.418688 15.594885
v -2.986684 -6.480913 15.559463
v -3.243062 -6.152511 15.566825
v -3.268995 -6.242363 15.530562
v -3.336917 -6.085947 15.308579
v -3.332001 -6.204358 15.270884
v -3.396244 -6.039217 14.794464
v -3.345850 -5.943066 14.175701
v -3.352942 -6.039834 14.185494
v -3.380811 -6.146401 14.818232
v -3.110000 -6.039991 13.686923
v -3.126039 -6.118170 13.692580
v -2.757931 -6.446666 14.933751
v -2.548570 -6.478959 14.352572
v -2.225178 -7.149846 14.223213
v -2.919708 -6.300640 13.412774
v -2.433320 -5.950754 13.315711
v -3.384653 -6.774185 12.911151
v -3.255656 -6.536146 13.622697
v -2.932151 -7.202026 11.969755
v -3.255656 -6.536146 13.622697
v -3.054574 -6.635324 13.489985
v -3.072583 -6.486125 13.476329
v -3.178208 -6.527981 13.346416
v -3.178208 -6.527981 13.346416
v -3.522987 -6.534020 13.606590
v -3.428557 -6.609926 12.953128
v -3.428557 -6.609926 12.953128
v -3.522987 -6.534020 13.606590
v -2.804489 -6.710767 11.779255
v -3.575074 -6.610293 13.058636
v -3.266651 -6.856017 12.294081
v -2.898427 -6.951805 11.808489
v -2.804489 -6.710767 11.779255
v -2.898427 -6.951805 11.808489
v -3.266651 -6.856017 12.294081
v -2.590972 -6.821218 11.436417
v -1.963177 -7.995511 11.113696
v -1.324314 -7.222399 10.570082
v -2.127398 -7.037796 11.041642
v -0.711691 -7.373166 10.339754
v -1.327566 -6.621454 10.449471
v -1.309841 -6.099881 10.373266
v -0.740548 -6.550940 9.927550
v -0.726918 -6.910832 10.128727
v 0.000000 -6.996353 9.997418
v -0.526767 -3.665081 11.319871
v -0.991277 -3.872702 11.078075
v -0.929757 -4.164071 11.285211
v -0.490836 -3.910740 11.521997
v -0.000000 -4.651606 12.651581
v -0.512185 -4.365067 12.000028
v -0.787686 -4.848097 12.452208
v -1.585742 -4.707698 10.155803
v -1.504268 -5.013666 10.453800
v -1.358052 -4.475656 11.003621
v -1.391470 -4.128562 10.792342
v -2.275281 -5.974839 12.601553
v -1.640913 -6.056300 11.222456
v -2.619120 -6.514109 11.786433
v -2.521834 -6.095959 12.144341
v -1.543956 -5.522079 11.699951
v -2.590972 -6.821218 11.436417
v -2.127398 -7.037796 11.041642
v -2.829941 -6.401008 13.048001
v -2.919708 -6.300640 13.412774
v -3.144920 -6.444690 12.640584
v -3.575074 -6.610293 13.058636
v -1.487527 -2.004650 9.980305
v -2.106772 -2.182210 9.612459
v -1.990378 -2.637137 10.148307
v -1.349199 -2.425234 10.525295
v -2.049649 -2.987041 10.207281
v -1.457095 -2.924488 10.677766
v -1.653659 -4.397984 10.016234
v -2.080073 -4.014850 9.784595
v -2.159093 -4.673336 9.169992
v -1.702483 -4.764074 9.321395
v -2.153197 -4.979467 8.163301
v -1.507023 -5.078055 8.010713
v -2.061551 -1.426753 8.875107
v -2.339490 -1.798589 8.739828
v -2.582679 -1.030096 7.542635
v -2.783059 -1.456449 7.468084
v -2.786698 -1.393477 5.544485
v -2.814635 -1.267234 6.450143
v -2.644936 -0.918877 6.493132
v -2.230282 -1.180307 5.495983
v -1.483653 -3.478214 10.620262
v -2.060318 -3.477243 10.140189
v -2.441571 -2.930249 9.469003
v -2.449989 -3.790624 9.288723
v -2.726637 -2.858081 8.503262
v -2.631555 -3.857454 8.307133
v -2.272940 -4.781679 7.008524
v -1.381981 -4.866584 6.848379
v -0.901337 -5.498785 7.912015
v -0.887968 -4.954847 6.711888
v -0.441654 -5.166361 6.661266
v -0.470015 -5.823237 7.823052
v -1.229582 -1.007265 4.870477
v -1.454648 -1.646702 5.093507
v -1.080895 1.122571 4.713367
v -1.182167 -0.335783 4.820996
v -1.092223 2.764841 4.580217
v -1.100563 3.973902 4.482190
v -0.884926 5.847282 4.304068
v -2.124871 2.689515 5.311571
v -2.158452 3.645153 5.227984
v -2.807786 3.976928 5.165367
v -3.604362 4.321407 5.218886
v -3.534571 4.483767 4.870031
v -3.604362 4.321407 5.218886
v -2.807786 3.976928 5.165367
v -2.973255 3.433709 6.525240
v -3.023381 3.770588 7.738687
v -3.420543 4.495940 7.566241
v -3.600888 4.232904 6.420358
v -2.836303 4.460457 8.885530
v -3.137336 5.222662 8.623662
v -2.566127 5.719245 3.063855
v -2.548671 5.430723 3.327740
v -3.288120 5.560545 3.379865
v -3.265465 5.920777 3.108875
v -2.575079 5.876901 9.647591
v -2.939098 5.894160 9.078745
v -2.440077 6.692569 9.649044
v -2.822979 6.747520 9.055700
v -2.263844 7.565147 9.249219
v -2.679911 7.376450 8.844410
v -2.614152 7.845162 8.265073
v -1.932764 8.154194 8.525252
v -3.196100 5.888380 8.486771
v -3.096277 6.869521 8.408649
v -2.624584 8.077569 7.405049
v -3.410564 6.963389 7.439744
v -3.544112 5.787619 7.512737
v -2.944504 -2.644249 7.459035
v -2.789272 -3.697147 7.299327
v -3.072349 -2.362802 5.676215
v -2.976010 -2.477307 6.502584
v -2.810667 -3.465107 6.429901
v -2.828696 -3.306104 5.708341
v -2.372830 -3.886018 5.684979
v -2.328240 -4.505623 6.375076
v -1.640549 -4.073934 5.653239
v -1.411458 -4.585857 6.308397
v -0.443879 -4.654402 6.079236
v -0.899239 -4.208093 6.167641
v -2.066610 -0.478120 8.886938
v -1.480819 -0.596593 9.954598
v -1.481311 1.120694 10.084982
v -2.080410 1.121057 8.902987
v -2.077314 1.125658 5.443636
v -2.175489 -0.354314 5.477233
v -2.625845 -0.289414 6.487064
v -2.672004 1.126376 6.447463
v -2.865350 2.635688 6.496002
v -2.840376 -3.177373 4.098048
v -2.995832 -2.374501 4.083305
v -2.861083 -2.673763 2.280403
v -2.787533 -3.239521 2.301483
v -2.545092 -3.649849 2.326882
v -2.507667 -3.687821 4.102149
v -2.108506 -3.681771 2.309350
v -2.015599 -3.572736 4.092455
v -2.597826 -2.316922 2.277332
v -2.705973 -1.921098 4.065878
v -2.009481 -1.980522 4.061498
v -1.732241 -2.453623 4.062916
v -1.857556 -2.651906 2.281750
v -1.763674 -3.033115 4.083063
v -1.875281 -3.148148 2.305919
v -1.875281 -3.148148 2.305919
v -1.763674 -3.033115 4.083063
v -2.168967 -1.363053 4.737347
v -2.763806 -1.430905 4.812881
v -2.775252 -1.412191 5.178683
v -2.786698 -1.393477 5.544485
v -2.230282 -1.180307 5.495983
v -2.199624 -1.271680 5.116665
v -3.059370 -2.388497 4.930144
v -3.065860 -2.375649 5.303179
v -2.828696 -3.306104 5.708341
v -2.819359 -3.263155 5.318385
v -2.415936 -3.782933 5.275574
v -2.372830 -3.886018 5.684979
v -1.927512 -3.718631 4.844682
v -1.784030 -3.896282 5.248961
v -2.459042 -3.679847 4.866169
v -2.810022 -3.220205 4.928429
v -2.590472 -0.351463 7.585022
v -2.621857 1.118614 7.672938
v -2.859494 2.688158 7.711851
v -2.486466 2.914937 8.893608
v -1.866529 4.513194 10.440945
v -1.685452 2.918504 10.273621
v -0.985385 2.937927 10.879874
v -1.039919 4.530261 11.062898
v -0.884877 -0.578969 10.469662
v -0.923381 1.124105 10.671362
v -0.844924 -2.046335 10.426521
v -0.909829 -2.612777 10.618078
v -0.933307 -3.175760 10.764044
v -1.020154 -3.578671 5.720847
v -0.458854 -4.054654 5.616858
v -1.502360 -3.150760 4.763171
v -1.261257 -3.364715 5.242010
v -1.020154 -3.578671 5.720847
v -1.154042 -2.532539 5.164493
v -0.458854 -4.054654 5.616858
v -1.502360 -3.150760 4.763171
v -1.483802 -2.498481 4.635758
v -1.318922 -2.515510 4.900126
v -1.261257 -3.364715 5.242010
v -0.565730 -2.575989 4.925544
v -1.626943 -1.938957 4.669803
v -1.540796 -1.792830 4.881655
v -1.454648 -1.646702 5.093507
v -3.644131 6.986079 6.323736
v -3.834233 5.742877 6.333677
v -2.766784 7.991652 6.351751
v -3.856060 5.805068 5.361574
v -3.646273 6.997080 5.416998
v -2.803459 7.871560 5.462704
v -3.325205 4.970844 3.823473
v -3.464782 4.646126 4.521180
v -3.794297 5.893295 4.661893
v -3.706469 6.033707 3.974241
v -3.634506 6.985852 4.695005
v -3.622515 6.973492 4.066664
v -2.835920 7.755741 4.743172
v -2.863655 7.656195 4.132527
v -3.593311 6.317322 3.495465
v -3.490287 7.134782 3.571738
v -3.396500 7.251523 3.219002
v -2.894490 7.628402 3.600529
v -2.901725 7.637352 3.248570
v -1.889291 8.407240 7.437223
v -1.763866 8.394037 6.336960
v -1.761848 8.262691 5.484048
v -1.891934 8.052509 4.752339
v -2.003776 7.871804 4.123247
v -2.103560 7.748979 3.583161
v -2.171733 7.665068 3.214194
v -1.791946 5.892173 10.401052
v -1.940822 6.943493 10.047028
v -1.028247 7.704278 9.986159
v -0.689616 7.730389 10.068170
v -0.436235 7.934703 9.846901
v -0.672480 8.066417 9.476898
v -1.188016 7.131892 10.381181
v -0.828670 7.226003 10.448319
v -0.785532 6.488385 10.783994
v -0.511770 6.737533 10.761101
v -1.850993 7.615876 9.632224
v -1.203093 8.235440 8.827135
v -0.942417 8.454627 7.491557
v -0.784008 8.340098 6.340478
v -0.829350 8.110937 5.411273
v -0.629920 7.151210 4.488397
v -0.829350 8.110937 5.411273
v -0.988170 7.919623 4.973934
v -0.829350 8.110937 5.411273
v -0.629920 7.151210 4.488397
v -0.779957 7.217659 4.414809
v -1.118077 7.763134 4.616210
v -1.330060 7.507776 4.032470
v -1.608120 7.318254 3.458025
v -1.765057 6.196507 3.414830
v -1.887607 6.330513 3.125389
v -1.762713 7.212885 3.138651
v -1.608120 7.318254 3.458025
v -1.047323 5.871564 4.217885
v -0.779957 7.217659 4.414809
v -0.629920 7.151210 4.488397
v -0.884926 5.847282 4.304068
v -1.534508 5.944407 3.959343
v -2.516336 4.896276 3.816548
v -2.000749 4.288725 4.849461
v -2.564648 4.252865 4.778551
v -2.000749 4.288725 4.849461
v -3.044449 -4.189069 0.272716
v -3.107767 -3.852487 0.289530
v -3.143230 -3.885937 -0.000177
v -3.068564 -4.217806 -0.000206
v -2.763689 -2.890063 0.977312
v -2.867825 -2.903799 0.586112
v -3.016480 -3.285398 0.641501
v -2.749338 -3.284441 1.002975
v -2.518374 -2.639266 0.597996
v -2.519661 -2.603014 0.984618
v -1.948130 -2.795221 0.994370
v -1.930164 -2.891495 0.626712
v -1.955948 -3.231291 1.021446
v -1.838438 -3.289526 0.661906
v -1.714561 -3.799580 -0.000206
v -1.738988 -3.775236 0.319536
v -1.771555 -4.158569 0.282665
v -1.749941 -4.174784 -0.000253
v -1.946377 -2.994438 -0.000181
v -1.917827 -2.927854 0.348747
v -1.759987 -3.351070 0.351472
v -1.767532 -3.391012 -0.000171
v -2.558861 -2.753617 -0.000075
v -2.541542 -2.682466 0.362103
v -2.836019 -2.982241 -0.000149
v -2.878518 -2.918544 0.334104
v -3.060460 -3.341828 -0.000162
v -3.087084 -3.295679 0.303178
v -3.001314 -4.158771 0.485494
v -2.769506 -4.209339 0.681145
v -2.846476 -3.798897 0.678577
v -3.050014 -3.820386 0.503121
v -1.767532 -3.391012 -0.000171
v -1.759987 -3.351070 0.351472
v -2.374214 -4.166974 0.791774
v -2.049735 -4.158247 0.651266
v -2.046482 -3.874348 0.740686
v -2.409397 -3.815180 0.793336
v -1.807344 -4.142742 0.531007
v -1.802521 -3.753226 0.574159
v -1.838438 -3.289526 0.661906
v -2.368265 -4.385243 0.482014
v -1.972871 -4.403636 0.405314
v -2.795182 -4.393878 0.396058
v -2.800761 -4.409503 -0.000195
v -2.366649 -4.428030 -0.000229
v -1.936811 -4.434567 -0.000223
v -2.175657 -3.760579 1.020569
v -2.572142 -3.622405 1.043766
v -1.955948 -3.231291 1.021446
v -3.068564 -4.217806 -0.000206
v -3.143230 -3.885937 -0.000177
v -1.749941 -4.174784 -0.000253
v -1.936811 -4.434567 -0.000223
v -3.060460 -3.341828 -0.000162
v -1.714561 -3.799580 -0.000206
v -1.767532 -3.391012 -0.000171
v -2.836019 -2.982241 -0.000149
v -1.946377 -2.994438 -0.000181
v -2.558861 -2.753617 -0.000075
v -2.303166 7.908905 2.364096
v -2.798394 7.911814 2.369152
v -2.031201 7.346367 2.360648
v -2.108905 7.384996 2.135490
v -2.338652 7.974734 2.134589
v -2.031201 7.346367 2.360648
v -2.114114 6.724003 2.360030
v -2.180601 6.839504 2.135376
v -2.108905 7.384996 2.135490
v -2.577147 6.390979 2.357225
v -2.580595 6.503263 2.136164
v -3.057942 6.590967 2.357468
v -3.514459 6.503673 3.185203
v -3.242986 7.025007 2.366084
v -3.172954 7.541807 2.369575
v -2.203637 6.248524 0.998715
v -2.201013 6.386786 1.128186
v -2.636459 6.093053 1.122416
v -2.645377 5.937353 0.960564
v -3.008465 6.354235 1.128305
v -3.028880 6.218970 0.979998
v -3.175399 6.828161 1.128205
v -3.177548 6.724260 0.955536
v -3.125405 7.203961 1.120889
v -3.062716 7.140449 0.946028
v -2.812015 7.607092 1.117579
v -2.819652 7.505052 0.928928
v -2.348718 7.540251 1.117746
v -2.350578 7.412548 0.930037
v -2.112093 7.398789 1.923114
v -2.340869 7.957398 1.910513
v -2.184901 6.824769 1.923133
v -2.112093 7.398789 1.923114
v -3.038258 5.634785 0.770991
v -2.662494 5.511547 0.834524
v -2.270812 5.663558 0.775938
v -3.089330 5.287640 0.571162
v -2.673687 5.271863 0.537238
v -2.174300 5.306252 0.517985
v -3.231732 6.233139 0.785623
v -3.263206 6.571148 0.728578
v -3.084544 7.044581 0.662833
v -2.776641 7.367493 0.633577
v -2.323111 7.224114 0.661125
v -2.125971 6.946950 0.998493
v -2.087289 6.818975 0.701191
v -2.006991 6.153454 0.713690
v -2.087289 6.818975 0.701191
v -2.125971 6.946950 0.998493
v -3.100788 5.195238 0.000029
v -2.651278 5.218816 -0.000034
v -2.190017 5.214529 -0.000036
v -3.327416 5.644130 0.495559
v -3.366223 5.604849 -0.000001
v -3.282713 5.838208 0.655795
v -3.361913 6.271291 0.507809
v -3.348423 6.275932 -0.000008
v -3.049823 7.021667 0.389959
v -2.987591 6.899673 -0.000065
v -2.700140 7.239730 0.392702
v -2.625391 7.082057 -0.000047
v -2.297842 7.079897 0.401655
v -2.298646 6.923235 -0.000010
v -2.045689 6.702096 0.441608
v -2.059193 6.554637 -0.000006
v -1.883893 6.072222 0.470587
v -2.045689 6.702096 0.441608
v -1.884109 6.061167 -0.000010
v -2.059193 6.554637 -0.000006
v -2.017185 5.745799 0.653175
v -1.921914 5.645624 0.455696
v -1.887144 5.639684 -0.000041
v -2.190017 5.214529 -0.000036
v -2.651278 5.218816 -0.000034
v -1.887144 5.639684 -0.000041
v -3.366223 5.604849 -0.000001
v -3.348423 6.275932 -0.000008
v -1.884109 6.061167 -0.000010
v -2.298646 6.923235 -0.000010
v -2.987591 6.899673 -0.000065
v -2.625391 7.082057 -0.000047
v -0.600086 6.732699 11.125177
v -0.511770 6.737533 10.761101
v -0.741759 7.861796 10.434884
v -0.689616 7.730389 10.068170
v -0.828670 7.226003 10.448319
v -0.915385 7.320856 10.807047
v -0.447666 8.133276 10.223433
v -0.436235 7.934703 9.846901
v -1.546467 7.826563 13.787261
v -1.379343 7.732394 12.916538
v -0.999638 6.633874 13.138062
v -1.116269 6.544151 14.051565
v -1.477959 8.727530 13.589633
v -1.235368 8.540359 12.727679
v -0.824448 9.315237 13.461954
v -0.685706 9.092040 12.588628
v -1.684423 8.288268 18.059118
v -1.713595 9.064523 18.034292
v -1.724795 9.066116 17.144978
v -1.728940 8.246008 17.174068
v -1.190313 6.804122 18.122517
v -1.198370 6.675230 17.233862
v -0.864994 9.947556 17.988405
v -0.918696 9.896409 17.123089
v -0.698575 9.882917 19.014107
v -1.406041 9.101220 19.020531
v -1.519043 8.282926 19.015518
v -1.067210 6.952411 19.004877
v -1.352562 8.277547 19.978279
v -0.933470 7.113512 19.963482
v -0.633310 7.663444 21.209227
v -0.839117 8.695915 21.204912
v -1.098866 9.137972 19.976789
v -0.778612 9.256017 21.178692
v -0.536591 9.814058 19.968355
v -0.378165 9.703060 21.206602
v -1.581963 8.845790 14.432205
v -0.886766 9.495560 14.366045
v -1.180848 6.532072 15.554831
v -1.162440 6.522533 14.781983
v -1.700499 8.058797 15.362111
v -1.631862 7.937500 14.566593
v -0.282314 8.916926 22.203098
v -0.390323 9.309760 22.203133
v -0.134449 9.339826 22.581577
v -0.220545 9.541018 22.582706
v -0.195748 9.755177 22.203283
v -0.358741 9.663774 22.203102
v -0.143017 9.688317 22.587727
v -1.758163 -8.947532 13.224219
v -1.594178 -8.947393 13.240100
v -1.647093 -8.876801 13.170606
v -1.784621 -8.912234 13.189471
v -1.671416 -9.000605 13.255099
v -1.624623 -9.070673 13.271617
v -1.594178 -8.947393 13.240100
v -1.828839 -9.031431 13.339565
v -1.362191 -9.148364 13.242990
v -1.362191 -9.148364 13.295257
v -1.613759 -9.078380 13.241746
v -1.613759 -9.078380 13.241746
v -1.828839 -9.031431 13.339565
v -1.669919 -9.008313 13.222067
v -1.593297 -8.986483 13.183924
v -1.677497 -8.910625 13.154966
v -1.739700 -8.824075 13.097259
v -1.643795 -8.756522 13.013426
v -1.593297 -8.986483 13.183924
v -1.818221 -8.889145 13.162148
v -2.048896 -8.863914 13.304828
v -1.851820 -8.842395 13.130976
v -1.647093 -8.876801 13.170606
v -1.771071 -8.709582 13.079196
v -1.738580 -8.807376 13.131341
v -2.048896 -8.863914 13.304828
v -1.818221 -8.889145 13.162148
v -1.801798 -8.870874 13.170595
v -1.898140 -8.790363 13.135221
v -1.914385 -8.741465 13.109149
v -1.898700 -8.798711 13.118178
v -1.913267 -8.746787 13.082089
v -1.768835 -8.720224 13.025079
v -1.739700 -8.824075 13.097259
v -1.164551 -9.225579 13.197469
v -1.164551 -9.225579 13.239181
v -0.999186 -9.240365 13.151782
v -1.003942 -9.240365 13.118264
v -0.813625 -9.220781 12.941607
v -0.792820 -9.186734 12.668798
v -0.806737 -9.156286 12.678050
v -0.920706 -9.092136 12.465463
v -1.046081 -9.063436 12.438048
v -1.271285 -8.964890 12.475463
v -1.410242 -8.858820 12.542840
v -1.520930 -8.794381 12.643786
v -1.610619 -8.767693 12.743110
v -1.699923 -8.746504 12.734429
v -1.623234 -8.727417 12.873701
v -1.739309 -8.730619 12.892269
v -1.643795 -8.756522 13.013426
v -1.799823 -8.929148 13.181652
v -1.784621 -8.912234 13.189471
v -1.647093 -8.876801 13.170606
v -1.671416 -9.000605 13.255099
v -1.594178 -8.947393 13.240100
v -1.593297 -8.986483 13.183924
v -1.757723 -8.967075 13.196132
v -1.593297 -8.986483 13.183924
v -1.738580 -8.807376 13.131341
v -1.898140 -8.790363 13.135221
v -1.898700 -8.798711 13.118178
v -1.739700 -8.824075 13.097259
v -2.048896 -8.863914 13.304828
v -1.851216 -8.833374 13.149387
v -1.851820 -8.842395 13.130976
v -1.771071 -8.709582 13.079196
v -1.768835 -8.720224 13.025079
v -1.913267 -8.746787 13.082089
v -1.914385 -8.741465 13.109149
v -1.142752 -8.227526 12.853397
v -1.593297 -8.986483 13.183924
v -1.643795 -8.756522 13.013426
v -1.362191 -9.148364 13.242990
v -1.164551 -9.225579 13.197469
v -1.003942 -9.240365 13.118264
v -0.813625 -9.220781 12.941607
v -0.920706 -9.092136 12.465463
v -0.806737 -9.156286 12.678050
v -1.046081 -9.063436 12.438048
v -1.271285 -8.964890 12.475463
v -1.410242 -8.858820 12.542840
v -1.520930 -8.794381 12.643786
v -1.610619 -8.767693 12.743110
v -1.623234 -8.727417 12.873701
v -0.764598 -9.602843 11.113005
v -0.490922 -9.877937 11.121208
v -0.932680 -9.328257 11.193561
v -0.778536 -9.591422 11.265409
v -0.478687 -9.825070 11.302847
v -0.226753 -9.902026 11.312696
v -0.228004 -9.963385 11.227558
v -0.228004 -9.963385 11.227558
v -0.228004 -9.249088 11.390429
v -0.764598 -9.602843 11.113005
v -0.490922 -9.877937 11.121208
v -0.932680 -9.328257 11.193561
v -0.754611 -8.914295 11.310945
v -0.736167 -9.227753 11.339241
v -0.740996 -8.928016 11.165059
v -0.441952 -8.885126 11.161643
v -0.778536 -9.591422 11.265409
v -0.478687 -9.825070 11.302847
v -0.226753 -9.902026 11.312696
v -0.444670 -8.861220 11.321136
v -2.804489 -6.710767 11.779255
v -3.266651 -6.856017 12.294081
v -2.932151 -7.202026 11.969755
v -2.539371 -6.822887 13.598475
v -0.918950 -4.616069 11.771757
v -1.362191 -9.148364 13.295257
v -1.594178 -8.947393 13.240100
v -1.762713 7.212885 3.138651
v -1.330060 7.507776 4.032470
v -2.770837 7.985009 2.134616
v -2.994223 6.783932 2.135188
v -3.166537 7.171822 2.135409
v -3.111350 7.621801 2.135495
v -2.592707 6.493063 1.916345
v -2.996888 6.773847 1.923246
v -3.168396 7.179129 1.923162
v -3.114415 7.609399 1.914414
v -2.779917 7.982966 1.910316
v -2.124025 7.067906 1.128155
v -2.124025 7.067906 1.128155
v -2.544899 4.550035 4.399124
v -3.829342 5.848103 4.995322
v -3.641064 6.992526 5.048958
v -2.820147 7.812353 5.090430
v -1.829360 8.153611 5.104311
v -0.921029 7.287236 4.328438
v -0.921029 7.287236 4.328438
v -1.209717 5.895843 4.131706
v -3.856060 5.805068 5.361574
v -3.646273 6.997080 5.416998
v -2.803459 7.871560 5.462704
v -1.761848 8.262691 5.484048
v -1.479577 -5.561812 10.893104
v -1.284872 -4.967080 11.414644
v -1.455564 -5.414124 9.499669
v -1.416738 -5.588410 9.870974
v -0.865934 -6.017693 8.964239
v -0.830426 -6.119772 9.354301
v -2.847528 -2.703866 2.099045
v -2.782217 -3.245773 2.120763
v -2.586948 -2.356739 2.097419
v -1.870162 -2.671852 2.102578
v -1.886508 -3.159720 2.127152
v -1.886508 -3.159720 2.127152
v -2.117852 -3.692739 2.129984
v -2.548856 -3.646029 2.148304
v -2.827318 -2.748749 1.828648
v -2.774291 -3.255093 1.851317
v -2.570728 -2.416105 1.829175
v -1.888956 -2.701591 1.835441
v -1.903247 -3.176972 1.860619
v -1.903247 -3.176972 1.860619
v -2.131786 -3.709092 1.862557
v -2.554469 -3.640335 1.882052
v -2.772697 -2.870057 1.097835
v -2.752870 -3.280285 1.123074
v -2.526891 -2.576554 1.104180
v -1.939753 -2.781965 1.113439
v -1.948487 -3.223601 1.140247
v -1.948487 -3.223601 1.140247
v -2.169446 -3.753290 1.139768
v -2.569640 -3.624943 1.162442
v -1.324314 -7.222399 10.570082
v -0.711691 -7.373166 10.339754
v -0.813625 -9.220781 12.941607
v -1.757723 -8.967075 13.196132
v -1.851216 -8.833374 13.149387
v -2.048896 -8.863914 13.304828
v -1.801798 -8.870874 13.170595
v -1.768835 -8.720224 13.025079
v -1.643795 -8.756522 13.013426
v -1.739700 -8.824075 13.097259
v -1.982271 -8.947668 13.331800
v -1.982271 -8.947668 13.331800
v -1.739700 -8.824075 13.097259
v -1.677497 -8.910625 13.154966
v -1.738580 -8.807376 13.131341
v -1.739700 -8.824075 13.097259
v -1.647093 -8.876801 13.170606
v -1.738580 -8.807376 13.131341
v -1.677497 -8.910625 13.154966
v -1.647093 -8.876801 13.170606
v -2.117821 -8.773350 13.262563
v -2.117821 -8.773350 13.262563
v -2.117821 -8.773350 13.262563
v -2.117821 -8.773350 13.262563
v -0.511057 8.830855 11.615701
v -0.952405 8.326545 11.778369
v -1.175275 7.574187 11.968482
v -0.853311 6.718840 12.169075
v -0.967903 9.828552 16.170959
v -0.926781 9.659786 15.256202
v -1.731923 9.061954 16.215124
v -1.653015 8.948211 15.276962
v -1.772319 8.203745 16.296118
v -1.195860 6.562331 16.443697
v -1.555066 -5.550834 10.905228
v -1.597099 -5.024958 10.453345
v -1.503390 -5.626841 9.846458
v -1.395899 -6.115535 10.368898
v -0.880317 -6.187107 9.307707
v -0.789535 -6.619093 9.880416
v -0.994288 -4.115155 11.331679
v -0.984951 -4.568660 11.817000
v -0.550832 -4.302964 12.059430
v -0.528722 -3.848267 11.581820
v -1.363660 -4.934972 11.448987
v -1.442306 -4.446418 11.036002
v -0.830426 -6.119772 9.354301
v -1.416738 -5.588410 9.870974
v -1.504268 -5.013666 10.453800
v -1.358052 -4.475656 11.003621
v -0.929757 -4.164071 11.285211
v -0.490836 -3.910740 11.521997
v -0.512185 -4.365067 12.000028
v -0.918950 -4.616069 11.771757
v -1.284872 -4.967080 11.414644
v -1.479577 -5.561812 10.893104
v -1.309841 -6.099881 10.373266
v -0.740548 -6.550940 9.927550
v -3.072349 -2.362802 5.676215
v -1.640549 -4.073934 5.653239
v -1.020154 -3.578671 5.720847
v -1.154042 -2.532539 5.164493
v -1.020154 -3.578671 5.720847
v -2.366649 -4.428030 -0.000229
v 2.800761 -4.409502 -0.000195
v -2.800761 -4.409503 -0.000195
v 3.100787 5.195237 0.000028
v -3.100788 5.195238 0.000029
v -2.059193 6.554637 -0.000006
v 2.625390 7.082057 -0.000048
vn -0.0000 -0.5049 0.8632
vn 0.8483 -0.3840 0.3645
vn -0.0000 -0.4830 0.8756
vn 0.8392 -0.2117 0.5010
vn -0.0000 -0.5472 0.8370
vn 0.6606 -0.6679 0.3429
vn -0.0000 -0.7019 0.7123
vn 0.5477 -0.8205 0.1636
vn 0.7686 0.1038 0.6312
vn 0.5820 0.2274 0.7807
vn -0.0000 -0.3430 0.9393
vn -0.0000 -0.2477 0.9688
vn 0.7476 -0.0413 -0.6628
vn 0.5360 -0.1099 -0.8370
vn 0.3313 -0.4488 -0.8300
vn 0.2761 -0.9599 0.0486
vn -0.0000 -0.5446 -0.8387
vn -0.0000 -0.9984 0.0564
vn 0.6441 0.2667 -0.7170
vn 0.7333 0.3736 -0.5681
vn 0.4883 0.7412 -0.4606
vn 0.5821 0.6052 -0.5430
vn -0.0000 0.3648 -0.9311
vn -0.0000 0.1410 -0.9900
vn -0.0000 0.4443 -0.8959
vn -0.0000 0.4990 -0.8666
vn -0.0000 0.6425 -0.7663
vn 0.4882 0.7413 -0.4606
vn -0.0000 0.5915 -0.8063
vn -0.8392 -0.2117 0.5010
vn -0.8483 -0.3840 0.3645
vn -0.6606 -0.6679 0.3429
vn -0.5477 -0.8205 0.1636
vn -0.5820 0.2274 0.7807
vn -0.7686 0.1038 0.6312
vn -0.5360 -0.1099 -0.8370
vn -0.7476 -0.0413 -0.6628
vn -0.2761 -0.9599 0.0486
vn -0.3313 -0.4488 -0.8300
vn -0.6441 0.2667 -0.7170
vn -0.7333 0.3736 -0.5681
vn -0.5821 0.6052 -0.5430
vn -0.4883 0.7412 -0.4606
vn -0.4882 0.7413 -0.4606
vn 0.2444 -0.9298 0.2752
vn -0.0232 -0.9759 0.2171
vn 0.1855 -0.9788 -0.0864
vn -0.1757 -0.9843 -0.0136
vn -0.1257 -0.9503 -0.2850
vn 0.1008 -0.8926 -0.4393
vn 0.3721 -0.8453 -0.3833
vn 0.5269 -0.8369 -0.1486
vn 0.4730 -0.8722 0.1248
vn 0.1362 -0.7835 0.6062
vn -0.1074 -0.8268 0.5521
vn -0.3280 -0.8561 0.3994
vn -0.4672 -0.8637 0.1892
vn -0.5225 -0.8493 -0.0750
vn -0.4783 -0.8167 -0.3229
vn -0.3340 -0.7660 -0.5493
vn -0.1277 -0.7108 -0.6917
vn 0.1367 -0.6523 -0.7455
vn 0.3860 -0.6071 -0.6946
vn 0.6139 -0.5763 -0.5395
vn 0.7562 -0.5687 -0.3235
vn 0.8096 -0.5846 -0.0519
vn 0.7596 -0.6192 0.1990
vn 0.6083 -0.6715 0.4232
vn 0.3986 -0.7266 0.5596
vn 0.0824 -0.4883 0.8688
vn -0.2578 -0.5514 0.7934
vn -0.5462 -0.5908 0.5939
vn -0.7408 -0.6010 0.3000
vn -0.8130 -0.5805 -0.0453
vn -0.7511 -0.5319 -0.3912
vn -0.5626 -0.4620 -0.6855
vn -0.2750 -0.3814 -0.8826
vn 0.0684 -0.3023 -0.9508
vn 0.4144 -0.2372 -0.8786
vn 0.7093 -0.1963 -0.6770
vn 0.9073 -0.1861 -0.3770
vn 0.9778 -0.2081 -0.0251
vn 0.9099 -0.2589 0.3240
vn 0.7150 -0.3301 0.6163
vn 0.4239 -0.4108 0.8072
vn 0.0450 -0.3132 0.9486
vn -0.3178 -0.3818 0.8679
vn -0.6254 -0.4244 0.6548
vn -0.8332 -0.4352 0.3411
vn -0.9106 -0.4123 -0.0273
vn -0.8450 -0.3589 -0.3964
vn -0.6443 -0.2825 -0.7107
vn -0.3376 -0.1944 -0.9210
vn 0.0288 -0.1083 -0.9937
vn 0.3982 -0.0375 -0.9165
vn 0.7130 0.0067 -0.7011
vn 0.9245 0.0174 -0.3807
vn 1.0000 -0.0070 -0.0049
vn 0.9278 -0.0626 0.3678
vn 0.7198 -0.1406 0.6798
vn 0.4094 -0.2286 0.8833
vn 0.0232 -0.9759 0.2171
vn -0.2444 -0.9298 0.2752
vn -0.1855 -0.9788 -0.0864
vn 0.1757 -0.9843 -0.0136
vn 0.1257 -0.9503 -0.2850
vn -0.1008 -0.8926 -0.4393
vn -0.3721 -0.8453 -0.3833
vn -0.5269 -0.8369 -0.1486
vn -0.4730 -0.8722 0.1248
vn -0.1362 -0.7835 0.6062
vn 0.1074 -0.8268 0.5521
vn 0.3280 -0.8561 0.3994
vn 0.4672 -0.8637 0.1892
vn 0.5225 -0.8493 -0.0750
vn 0.4783 -0.8167 -0.3229
vn 0.3340 -0.7660 -0.5493
vn 0.1277 -0.7108 -0.6917
vn -0.1367 -0.6523 -0.7455
vn -0.3860 -0.6071 -0.6946
vn -0.6139 -0.5763 -0.5395
vn -0.7562 -0.5687 -0.3235
vn -0.8096 -0.5846 -0.0519
vn -0.7596 -0.6192 0.1990
vn -0.6083 -0.6715 0.4232
vn -0.3986 -0.7266 0.5596
vn -0.0824 -0.4883 0.8688
vn 0.2578 -0.5514 0.7934
vn 0.5462 -0.5908 0.5939
vn 0.7408 -0.6010 0.3000
vn 0.8130 -0.5805 -0.0453
vn 0.7511 -0.5319 -0.3912
vn 0.5626 -0.4620 -0.6855
vn 0.2750 -0.3814 -0.8826
vn -0.0684 -0.3023 -0.9508
vn -0.4144 -0.2372 -0.8786
vn -0.7093 -0.1963 -0.6770
vn -0.9073 -0.1861 -0.3770
vn -0.9778 -0.2081 -0.0251
vn -0.9099 -0.2589 0.3240
vn -0.7150 -0.3301 0.6163
vn -0.4239 -0.4108 0.8072
vn -0.0450 -0.3132 0.9486
vn 0.3178 -0.3818 0.8679
vn 0.6254 -0.4244 0.6548
vn 0.8332 -0.4352 0.3411
vn 0.9106 -0.4123 -0.0273
vn 0.8450 -0.3589 -0.3964
vn 0.6443 -0.2825 -0.7107
vn 0.3376 -0.1944 -0.9210
vn -0.0288 -0.1083 -0.9937
vn -0.3982 -0.0375 -0.9165
vn -0.7130 0.0067 -0.7011
vn -0.9245 0.0174 -0.3807
vn -1.0000 -0.0070 -0.0049
vn -0.9278 -0.0626 0.3678
vn -0.7198 -0.1406 0.6798
vn -0.4094 -0.2286 0.8833
vn -0.9601 -0.2623 0.0967
vn 0.9601 -0.2622 0.0967
vn -0.9214 -0.3736 0.1073
vn 0.9214 -0.3736 0.1073
vn -0.9895 -0.1147 0.0882
vn 0.9895 -0.1146 0.0881
vn 0.0001 0.9953 -0.0966
vn 0.0001 0.9979 -0.0649
vn -0.0001 0.9979 -0.0648
vn -0.0001 0.9953 -0.0966
vn -0.0000 0.9899 0.1416
vn -0.0000 0.9899 0.1417
vn -0.0000 -0.1456 0.9893
vn 0.9926 0.1139 -0.0429
vn -0.9926 0.1139 -0.0429
vn 0.9413 0.3373 -0.0142
vn -0.9413 0.3373 -0.0142
vn 0.9977 0.0267 0.0622
vn -0.9977 0.0267 0.0622
vn -0.0000 -0.9998 0.0174
vn -0.0000 -0.9876 0.1571
vn -0.0000 -0.8640 0.5036
vn -0.0000 -0.8639 0.5036
vn -0.0000 0.5043 0.8635
vn 0.9368 0.3036 -0.1742
vn -0.9368 0.3035 -0.1741
vn 0.9333 0.3176 -0.1679
vn -0.9333 0.3175 -0.1679
vn 0.9963 -0.0848 0.0168
vn -0.9963 -0.0847 0.0168
vn -0.0001 -0.8454 0.5341
vn -0.0000 -0.7654 0.6435
vn -0.0000 -0.7654 0.6436
vn 0.0001 -0.8454 0.5341
vn -0.0000 -0.5855 0.8107
vn -0.0000 0.8134 0.5817
vn 0.8986 0.4374 0.0349
vn -0.8986 0.4374 0.0348
vn 0.9015 0.4320 0.0256
vn -0.9015 0.4320 0.0256
vn -0.0000 0.9958 0.0919
vn 0.8986 0.4374 0.0348
vn -0.0000 -0.9945 -0.1045
vn 0.8213 -0.5674 -0.0596
vn -0.0000 -0.9972 0.0748
vn 0.8432 -0.5354 -0.0494
vn -0.8432 -0.5354 -0.0494
vn -0.0000 -0.9972 0.0749
vn -0.8213 -0.5674 -0.0596
vn -0.0000 -0.9534 0.3016
vn -0.0000 -0.9534 0.3017
vn -0.0000 0.3184 0.9479
vn -0.9590 -0.2674 0.0945
vn 0.9590 -0.2673 0.0945
vn -0.8558 -0.5028 0.1216
vn 0.8558 -0.5028 0.1216
vn -0.9673 -0.2036 0.1514
vn 0.9673 -0.2036 0.1513
vn -0.0001 0.9696 -0.2447
vn 0.0001 0.9698 -0.2440
vn -0.0001 0.9698 -0.2440
vn 0.0001 0.9696 -0.2446
vn -0.0000 0.9920 0.1266
vn -0.0000 0.9919 0.1266
vn -0.0000 -0.0560 0.9984
vn -0.8602 -0.4879 0.1482
vn 0.8602 -0.4879 0.1482
vn -0.8587 -0.4627 0.2202
vn 0.8587 -0.4627 0.2202
vn -0.9921 0.1252 0.0048
vn 0.9921 0.1253 0.0048
vn -0.0000 0.9958 -0.0915
vn -0.0000 0.9996 -0.0299
vn -0.0000 0.9943 -0.1068
vn -0.0000 0.2574 0.9663
vn -0.9390 -0.1798 0.2931
vn 0.9390 -0.1798 0.2930
vn -0.9234 -0.2108 0.3207
vn 0.9234 -0.2108 0.3207
vn -0.8726 0.3964 -0.2854
vn 0.8726 0.3964 -0.2854
vn -0.0000 0.8170 -0.5767
vn -0.0000 0.9208 -0.3902
vn -0.0000 0.9208 -0.3901
vn 0.0001 0.9817 -0.1902
vn -0.0001 0.9817 -0.1902
vn -0.0000 0.2607 0.9654
vn -0.9512 -0.0985 0.2925
vn 0.9512 -0.0984 0.2925
vn -0.9390 -0.1537 0.3077
vn 0.9390 -0.1537 0.3077
vn -0.9754 0.2051 -0.0814
vn 0.9753 0.2051 -0.0814
vn -0.0000 0.6987 -0.7154
vn 0.0001 0.7684 -0.6399
vn -0.0001 0.7685 -0.6399
vn -0.0000 0.8790 -0.4769
vn -0.0000 0.4986 0.8668
vn 0.3429 -0.3849 -0.8569
vn 0.2739 -0.4976 -0.8230
vn -0.0093 -0.6105 0.7920
vn 0.0444 -0.5105 0.8587
vn -0.2367 0.9625 -0.1326
vn -0.2872 0.9560 0.0607
vn 0.3428 -0.3848 -0.8570
vn 0.2740 -0.4976 -0.8230
vn 0.1484 -0.5382 -0.8296
vn 0.9250 0.3602 -0.1209
vn 0.2123 -0.4801 0.8511
vn -0.2995 0.9531 0.0439
vn 0.1484 -0.5382 -0.8297
vn 0.0782 -0.4538 -0.8877
vn 0.0147 -0.5611 -0.8276
vn -0.0283 -0.5551 0.8313
vn 0.0608 -0.5113 0.8572
vn -0.0036 0.9929 -0.1189
vn -0.0422 0.9978 0.0509
vn 0.0781 -0.4538 -0.8877
vn 0.0147 -0.5610 -0.8277
vn -0.1784 -0.5860 -0.7904
vn 0.0821 -0.9966 -0.0015
vn 0.2795 -0.4726 0.8358
vn 0.3597 0.4568 0.8136
vn -0.0246 0.9962 0.0834
vn -0.4124 0.4029 -0.8171
vn -0.1783 -0.5860 -0.7905
vn -0.2441 -0.4654 -0.8508
vn -0.3111 -0.5544 -0.7719
vn 0.2472 -0.5835 0.7736
vn 0.3496 -0.5026 0.7907
vn -0.0312 0.9903 -0.1356
vn 0.0236 0.9981 0.0566
vn -0.3111 -0.5543 -0.7720
vn -0.4451 -0.5418 -0.7130
vn 0.8029 0.0018 -0.5961
vn 0.4774 -0.5101 0.7155
vn 0.0334 0.9992 0.0225
vn -0.4451 -0.5417 -0.7130
vn -0.3429 -0.3849 -0.8569
vn 0.0093 -0.6105 0.7920
vn -0.2740 -0.4976 -0.8230
vn -0.0444 -0.5105 0.8587
vn 0.2872 0.9560 0.0607
vn 0.2367 0.9625 -0.1326
vn -0.3428 -0.3848 -0.8570
vn -0.9251 0.3600 -0.1210
vn -0.1484 -0.5382 -0.8296
vn -0.2123 -0.4801 0.8511
vn 0.2995 0.9531 0.0439
vn -0.1484 -0.5382 -0.8297
vn -0.0782 -0.4538 -0.8877
vn 0.0283 -0.5551 0.8313
vn -0.0147 -0.5611 -0.8276
vn -0.0608 -0.5113 0.8572
vn 0.0422 0.9978 0.0509
vn 0.0036 0.9929 -0.1189
vn -0.0781 -0.4538 -0.8877
vn -0.0147 -0.5610 -0.8277
vn -0.0821 -0.9966 -0.0015
vn 0.1783 -0.5860 -0.7904
vn -0.2795 -0.4726 0.8358
vn -0.3597 0.4568 0.8136
vn 0.0246 0.9962 0.0834
vn 0.4124 0.4029 -0.8171
vn 0.1783 -0.5860 -0.7905
vn 0.2441 -0.4654 -0.8508
vn -0.2472 -0.5835 0.7736
vn 0.3110 -0.5544 -0.7719
vn -0.3496 -0.5026 0.7907
vn -0.0236 0.9981 0.0565
vn 0.0312 0.9903 -0.1356
vn 0.3111 -0.5544 -0.7719
vn 0.2440 -0.4654 -0.8508
vn -0.8029 0.0018 -0.5961
vn 0.4451 -0.5418 -0.7130
vn -0.4774 -0.5101 0.7155
vn -0.0333 0.9992 0.0225
vn 0.4451 -0.5417 -0.7130
vn 0.0755 -0.9886 0.1305
vn 0.0820 -0.9949 0.0593
vn 0.5159 0.8450 0.1406
vn 0.4906 0.8682 0.0741
vn -0.2129 -0.9759 0.0482
vn 0.2534 0.9662 0.0477
vn -0.9647 0.2316 -0.1252
vn -0.9752 0.2089 -0.0730
vn -0.9752 0.2088 -0.0729
vn -0.9647 0.2316 -0.1253
vn -0.9602 0.2305 0.1579
vn -0.9602 0.2305 0.1580
vn 0.1601 -0.0384 0.9864
vn 0.1170 -0.9915 0.0577
vn 0.5543 0.8303 0.0577
vn 0.1245 -0.9896 0.0714
vn 0.5601 0.8253 0.0714
vn -0.3067 -0.9509 -0.0407
vn 0.1585 0.9865 -0.0407
vn -0.9650 0.2317 -0.1228
vn -0.9723 0.2334 0.0126
vn -0.9650 0.2316 -0.1228
vn -0.9400 0.2257 0.2559
vn -0.9400 0.2256 0.2559
vn 0.2534 -0.0608 0.9654
vn 0.1210 -0.9782 0.1689
vn 0.5616 0.8211 0.1022
vn 0.2169 -0.9683 0.1236
vn 0.6330 0.7637 0.1268
vn -0.0065 -0.9543 0.2988
vn 0.4773 0.8628 0.1667
vn -0.9266 0.1663 -0.3372
vn -0.9292 0.2389 -0.2819
vn -0.9266 0.1665 -0.3372
vn -0.9726 0.2319 -0.0188
vn -0.0441 0.0106 0.9990
vn -0.4906 0.8682 0.0741
vn -0.0820 -0.9949 0.0593
vn -0.5159 0.8450 0.1406
vn -0.0755 -0.9886 0.1305
vn 0.2129 -0.9759 0.0482
vn -0.2534 0.9662 0.0477
vn 0.9752 0.2089 -0.0730
vn 0.9647 0.2316 -0.1253
vn 0.9752 0.2088 -0.0730
vn 0.9647 0.2316 -0.1252
vn 0.9602 0.2305 0.1580
vn 0.9602 0.2305 0.1579
vn -0.1603 -0.0385 0.9863
vn -0.1170 -0.9915 0.0577
vn -0.1245 -0.9896 0.0714
vn -0.5543 0.8303 0.0577
vn -0.5601 0.8253 0.0714
vn 0.3067 -0.9509 -0.0407
vn -0.1585 0.9865 -0.0407
vn 0.9723 0.2334 0.0126
vn 0.9650 0.2317 -0.1228
vn 0.9650 0.2316 -0.1228
vn 0.9400 0.2257 0.2559
vn 0.9400 0.2256 0.2558
vn -0.2531 -0.0608 0.9655
vn -0.1210 -0.9782 0.1689
vn -0.2169 -0.9683 0.1236
vn -0.5616 0.8211 0.1022
vn -0.6330 0.7637 0.1268
vn 0.0065 -0.9543 0.2988
vn -0.4773 0.8628 0.1667
vn 0.9292 0.2389 -0.2819
vn 0.9266 0.1663 -0.3372
vn 0.9266 0.1664 -0.3372
vn 0.9726 0.2319 -0.0188
vn 0.9726 0.2319 -0.0189
vn 0.0445 0.0107 0.9990
vn 0.2822 -0.9520 0.1185
vn 0.3423 -0.8906 0.2995
vn 0.4567 -0.8533 0.2514
vn 0.4702 -0.8105 0.3492
vn 0.5302 -0.7412 0.4117
vn 0.5833 -0.7301 0.3560
vn 0.5892 -0.5790 0.5636
vn 0.2699 -0.7391 0.6171
vn 0.5259 -0.4536 0.7195
vn 0.2926 -0.7543 0.5878
vn -0.0000 -0.9595 -0.2817
vn -0.0000 -0.9192 -0.3938
vn 0.1591 -0.9798 -0.1213
vn 0.0474 -0.9411 -0.3348
vn 0.3250 -0.8856 -0.3319
vn 0.5821 -0.7120 -0.3926
vn 0.3564 -0.9241 -0.1383
vn 0.6420 -0.7624 -0.0812
vn 0.6670 -0.5924 -0.4519
vn 0.5264 -0.6930 -0.4926
vn 0.7146 -0.6989 -0.0294
vn 0.6913 -0.6795 -0.2458
vn 0.5194 -0.4621 -0.7188
vn 0.3458 -0.6273 -0.6978
vn 0.3319 -0.4462 -0.8311
vn 0.5186 -0.6402 -0.5668
vn 0.5167 -0.6066 -0.6042
vn 0.2750 -0.7271 -0.6291
vn 0.3347 -0.4898 -0.8050
vn 0.1984 -0.7826 -0.5900
vn 0.0001 -0.5657 -0.8246
vn -0.0000 -0.8384 -0.5451
vn 0.2590 -0.9514 0.1666
vn -0.0000 -0.9976 0.0700
vn -0.0000 -0.7766 0.6299
vn 0.4570 -0.8751 0.1594
vn 0.6494 -0.7535 0.1026
vn 0.6868 -0.6260 0.3694
vn 0.5330 -0.6176 0.5784
vn 0.6362 -0.7534 0.1665
vn 0.7503 -0.5507 -0.3659
vn 0.6963 -0.7170 0.0334
vn 0.6026 -0.3296 -0.7268
vn 0.7468 -0.6646 -0.0252
vn 0.8173 -0.4705 -0.3327
vn 0.6117 -0.6531 0.4465
vn 0.5056 -0.5338 0.6779
vn 0.8008 -0.5905 0.1001
vn 0.4492 -0.8933 0.0173
vn 0.5259 -0.8504 0.0155
vn 0.1820 -0.9804 0.0753
vn 0.6623 -0.7065 -0.2494
vn 0.4674 -0.8750 0.1263
vn 0.4070 -0.8257 0.3907
vn 0.4796 -0.8565 0.1909
vn 0.2561 -0.9151 0.3114
vn 0.6026 -0.7127 0.3591
vn 0.5888 -0.7858 0.1892
vn 0.5789 -0.7250 -0.3731
vn 0.6537 -0.7465 0.1240
vn 0.8483 -0.1364 0.5117
vn 0.6784 -0.7159 0.1651
vn 0.7127 -0.6339 0.3002
vn 0.6891 -0.6936 0.2099
vn 0.5720 -0.8162 0.0818
vn 0.6004 -0.7760 0.1932
vn 0.4810 -0.8644 0.1461
vn 0.5822 -0.7678 0.2675
vn 0.4164 -0.8354 0.3588
vn 0.2424 -0.7423 0.6247
vn 0.4091 -0.7523 0.5164
vn 0.2696 -0.9070 0.3235
vn 0.5310 -0.7582 0.3784
vn 0.4503 -0.7795 0.4355
vn 0.3450 -0.7582 0.5533
vn 0.1756 -0.6139 0.7696
vn 0.2715 -0.6683 0.6926
vn 0.0696 -0.5451 0.8355
vn 0.5232 -0.3813 0.7621
vn 0.3997 -0.3701 0.8386
vn 0.1412 -0.4018 0.9048
vn 0.4805 -0.6002 0.6394
vn 0.1557 -0.6233 0.7663
vn 0.3365 -0.2187 0.9159
vn 0.1388 -0.2136 0.9670
vn 0.1314 0.1289 0.9829
vn 0.6058 -0.4747 0.6385
vn 0.5512 -0.4637 0.6936
vn -0.0000 -0.3988 0.9170
vn -0.0000 -0.6309 0.7759
vn 0.7928 -0.4240 0.4378
vn 0.7175 -0.3353 0.6105
vn 0.7300 -0.4435 0.5201
vn 0.7001 -0.4797 0.5289
vn 0.7052 -0.5578 0.4377
vn 0.0740 -0.5029 0.8612
vn 0.8070 -0.5331 0.2539
vn 0.8641 -0.4689 -0.1828
vn 0.7990 -0.5986 0.0570
vn 0.8257 -0.5601 0.0668
vn 0.8294 -0.5343 0.1634
vn 0.7689 -0.3026 -0.5632
vn 0.4353 -0.2052 -0.8766
vn 0.3723 -0.3159 -0.8727
vn 0.2598 -0.2160 -0.9412
vn 0.3008 -0.3083 -0.9025
vn 0.0001 -0.2950 -0.9555
vn -0.0000 -0.2038 -0.9790
vn 0.3548 -0.4552 0.8167
vn 0.0724 -0.9085 0.4116
vn -0.2923 -0.1844 0.9384
vn -0.1930 -0.6968 0.6908
vn -0.0429 -0.3783 0.9247
vn -0.4703 0.2707 0.8400
vn -0.0231 0.0086 0.9997
vn 0.4394 0.4128 0.7978
vn -0.4206 0.4950 0.7603
vn -0.6144 0.0760 0.7853
vn 0.1264 0.0697 0.9895
vn -0.0470 0.5593 0.8276
vn -0.0000 0.4978 0.8673
vn -0.0000 0.1282 0.9917
vn -0.4451 0.7688 0.4592
vn -0.1159 0.8366 0.5354
vn 0.7925 0.5435 0.2766
vn 0.7579 0.6140 -0.2203
vn 0.1804 0.9770 0.1139
vn 0.8767 0.4756 0.0720
vn 0.6332 0.5638 -0.5302
vn 0.2275 0.9462 -0.2302
vn 0.0341 0.9981 -0.0506
vn 0.1502 0.9771 -0.1510
vn 0.4055 0.9060 0.1212
vn 0.1410 0.9351 0.3251
vn -0.1015 0.9914 0.0831
vn -0.0000 0.7864 0.6177
vn 0.3551 0.8613 0.3634
vn -0.0000 0.8707 0.4917
vn -0.0000 -0.2328 0.9725
vn 0.7093 -0.6141 0.3461
vn 0.7050 -0.6630 0.2520
vn 0.6788 -0.6966 0.2322
vn 0.8015 -0.5843 0.1274
vn 0.8224 -0.4101 0.3942
vn 0.9515 0.2679 -0.1512
vn 0.0462 -0.3920 0.9188
vn 0.2747 -0.9526 0.1308
vn -0.0000 -0.9869 0.1610
vn -0.0000 -0.7709 0.6370
vn 0.4910 -0.6290 0.6027
vn 0.2950 -0.8854 0.3593
vn -0.0000 -0.9929 0.1187
vn -0.0000 -0.8999 0.4361
vn 0.1357 -0.9423 0.3059
vn -0.0404 -0.8421 0.5379
vn -0.1192 -0.9665 0.2273
vn -0.2431 -0.9282 0.2818
vn 0.3581 -0.8199 0.4466
vn 0.3033 -0.6841 0.6633
vn 0.6066 -0.1177 0.7863
vn 0.6616 -0.5171 0.5431
vn 0.6605 0.1080 0.7430
vn 0.8185 -0.4681 0.3332
vn -0.1931 -0.6967 0.6909
vn 0.5883 -0.7796 0.2148
vn -0.0430 -0.3783 0.9247
vn 0.6225 -0.7170 0.3138
vn 0.0724 -0.9085 0.4115
vn 0.5956 -0.8018 0.0475
vn 0.5956 -0.8019 0.0475
vn 0.9345 -0.3037 0.1855
vn 0.5577 -0.6751 0.4829
vn -0.0231 0.0085 0.9997
vn 0.7496 -0.4619 0.4741
vn 0.4394 0.4129 0.7978
vn 0.7925 0.5436 0.2766
vn 0.8197 -0.5694 0.0625
vn 0.8147 -0.5784 -0.0422
vn 0.8742 -0.4302 -0.2249
vn 0.8766 0.4757 0.0721
vn 0.7578 0.6141 -0.2202
vn 0.6333 0.5638 -0.5302
vn 0.8540 -0.3748 -0.3608
vn 0.6286 -0.7602 -0.1643
vn 0.7370 -0.6748 -0.0381
vn 0.9345 -0.3038 0.1855
vn 0.3563 0.9039 -0.2366
vn 0.7520 -0.6532 0.0880
vn 0.5932 0.1416 0.7925
vn 0.8556 -0.3282 -0.4003
vn 0.0349 0.7694 0.6378
vn 0.0462 -0.3921 0.9188
vn 0.5931 0.1416 0.7926
vn 0.3402 0.9325 0.1211
vn 0.3401 0.9325 0.1212
vn 0.5470 0.3246 0.7717
vn 0.0463 0.6679 0.7428
vn 0.5469 0.3247 0.7717
vn 0.6710 0.1908 0.7165
vn 0.7311 0.4435 -0.5184
vn 0.7637 -0.0793 -0.6407
vn 0.6492 0.1962 0.7349
vn 0.6492 0.1961 0.7349
vn 0.7637 -0.0792 -0.6407
vn 0.6906 0.2159 -0.6903
vn 0.5994 -0.2342 -0.7654
vn 0.5583 0.0957 -0.8241
vn 0.5440 -0.1218 -0.8302
vn 0.2879 -0.3107 -0.9059
vn -0.0000 -0.3477 -0.9376
vn 0.3697 -0.4043 -0.8366
vn 0.2978 -0.9497 0.0971
vn 0.8000 -0.1211 -0.5877
vn 0.6759 -0.6770 0.2912
vn 0.0001 -0.9937 0.1120
vn -0.0000 -0.4999 -0.8661
vn 0.3042 0.9502 -0.0677
vn 0.5096 0.8588 -0.0520
vn 0.3984 0.5242 0.7526
vn 0.5869 0.3338 0.7376
vn -0.0000 0.9996 -0.0282
vn -0.0000 0.5975 0.8019
vn 0.5237 0.7650 0.3750
vn 0.2840 -0.0231 0.9586
vn 0.0001 0.8490 0.5284
vn -0.0000 0.0610 0.9981
vn 0.8508 0.1120 0.5134
vn 0.6323 0.7184 -0.2900
vn 0.9732 -0.1294 0.1903
vn 0.7660 0.4772 -0.4308
vn 0.4963 0.8677 0.0261
vn 0.6209 0.5905 -0.5156
vn 0.8022 0.3361 -0.4935
vn 0.5951 0.7563 -0.2719
vn 0.7810 0.6141 -0.1142
vn 0.6905 0.2161 -0.6903
vn 0.5592 0.8270 -0.0581
vn 0.9515 0.2679 -0.1513
vn 0.5783 0.7963 -0.1776
vn 0.6710 0.1907 0.7165
vn 0.3427 0.4721 0.8122
vn 0.6976 0.3757 0.6101
vn 0.6340 0.3759 0.6758
vn 0.7223 0.4688 0.5084
vn 0.3735 0.1475 0.9158
vn 0.7641 0.0770 0.6405
vn 0.6918 -0.6804 0.2420
vn 0.6641 -0.6630 0.3455
vn 0.8552 -0.2804 0.4359
vn 0.7582 -0.3634 0.5413
vn 0.4503 -0.8839 -0.1262
vn 0.5683 -0.8194 0.0746
vn 0.8609 0.3445 0.3743
vn 0.8575 0.2333 0.4584
vn 0.9520 0.1799 0.2478
vn 0.9413 0.2567 0.2193
vn 0.5142 0.6329 -0.5789
vn 0.9535 0.2735 -0.1267
vn 0.7696 0.6233 -0.1388
vn 0.9465 0.3220 0.0190
vn 0.7578 -0.1981 0.6217
vn 0.6054 -0.0159 0.7958
vn 0.9175 0.1122 0.3815
vn 0.9166 -0.2161 0.3364
vn 0.9695 0.0727 0.2341
vn 0.9537 -0.2711 0.1303
vn 0.2459 -0.8983 -0.3640
vn 0.5860 -0.7888 -0.1857
vn 0.3808 -0.8484 -0.3678
vn 0.3653 -0.7700 -0.5231
vn 0.5650 -0.7523 -0.3388
vn 0.3243 -0.7807 -0.5341
vn -0.0323 0.2077 -0.9777
vn -0.0000 -0.1462 -0.9893
vn 0.3821 -0.0938 -0.9194
vn -0.0000 -0.0821 -0.9966
vn 0.3952 -0.0338 -0.9180
vn -0.0000 -0.0464 -0.9989
vn 0.3960 -0.0579 -0.9164
vn -0.0000 -0.0581 -0.9983
vn -0.0000 -0.0638 -0.9980
vn 0.3297 -0.0966 -0.9391
vn -0.0000 -0.0741 -0.9973
vn 0.3811 -0.0780 -0.9212
vn -0.1750 -0.0547 -0.9831
vn -0.0000 0.1654 -0.9862
vn 0.5422 -0.3678 -0.7555
vn 0.7239 -0.0844 -0.6848
vn 0.7140 -0.5589 -0.4218
vn 0.7923 -0.5471 -0.2701
vn 0.2818 -0.7841 -0.5530
vn 0.8844 -0.4313 -0.1782
vn 0.7924 -0.5471 -0.2700
vn 0.9170 -0.3918 0.0751
vn 0.9231 -0.3073 0.2313
vn 0.9246 -0.2537 0.2842
vn 0.8995 -0.1089 0.4232
vn 0.8703 -0.1998 0.4501
vn 0.6088 -0.4875 -0.6259
vn 0.5799 -0.4790 -0.6590
vn -0.2012 -0.6728 -0.7119
vn -0.2566 -0.6388 -0.7253
vn 0.7901 0.0232 0.6125
vn 0.8753 0.0271 0.4828
vn 0.8392 0.2440 0.4860
vn 0.7423 0.2503 0.6216
vn 0.6244 0.5971 0.5036
vn 0.7741 0.4607 0.4341
vn 0.3410 0.8926 0.2950
vn 0.6653 0.6909 0.2830
vn 0.8935 0.2793 0.3517
vn 0.9296 0.0612 0.3636
vn 0.9052 0.3586 0.2282
vn 0.6085 0.7863 0.1068
vn 0.9608 0.0288 0.2757
vn 0.9899 0.0044 0.1414
vn 0.9554 -0.2936 0.0308
vn 0.9980 -0.0263 0.0580
vn 0.9997 0.0011 0.0224
vn 0.5702 -0.7232 -0.3897
vn 0.5864 -0.7451 -0.3177
vn 0.9454 -0.3154 -0.0825
vn 0.9061 -0.4199 -0.0516
vn -0.0213 -0.7907 -0.6119
vn -0.1720 -0.7698 -0.6147
vn 0.1691 -0.6150 -0.7702
vn 0.4387 -0.6016 -0.6676
vn 0.9012 -0.0954 0.4228
vn 0.8055 -0.1046 0.5832
vn 0.9067 -0.0166 0.4214
vn 0.7821 -0.0178 0.6229
vn 0.7606 0.0297 -0.6486
vn 0.7434 -0.0411 -0.6675
vn 0.9789 0.0093 -0.2039
vn 0.9642 -0.0735 -0.2546
vn 0.9558 -0.1202 -0.2685
vn 0.9462 -0.3233 -0.0172
vn 0.9640 0.2429 -0.1078
vn 0.9232 -0.3841 -0.0082
vn 0.9740 0.2066 -0.0927
vn 0.3874 -0.9214 0.0303
vn 0.5254 -0.8508 -0.0107
vn -0.6163 -0.7843 -0.0714
vn -0.5231 -0.8522 -0.0036
vn 0.5275 0.7754 -0.3471
vn 0.2713 0.9294 -0.2503
vn -0.5087 0.7482 -0.4259
vn -0.8566 0.4909 -0.1589
vn -0.9367 0.2124 -0.2782
vn -0.9735 -0.2243 -0.0452
vn -0.9420 -0.2671 -0.2031
vn -0.9420 -0.2672 -0.2031
vn -0.9735 -0.2244 -0.0452
vn 0.6272 0.7282 -0.2762
vn -0.2430 0.8792 -0.4100
vn -0.1449 0.9631 -0.2267
vn 0.5142 0.6328 -0.5789
vn 0.7066 0.7033 -0.0781
vn 0.9979 0.0269 -0.0592
vn 0.9998 0.0041 -0.0217
vn 0.5864 -0.7452 -0.3177
vn 0.5065 -0.8439 -0.1768
vn 0.9061 -0.4200 -0.0516
vn 0.8952 -0.4408 -0.0656
vn 0.4792 -0.8709 -0.1093
vn -0.3186 -0.8690 -0.3785
vn -0.2296 -0.8647 -0.4467
vn 0.8939 -0.4473 -0.0288
vn 0.9702 -0.0914 0.2243
vn 0.9769 -0.0209 0.2127
vn 0.9710 -0.1598 0.1777
vn 0.8922 -0.1871 0.4110
vn 0.7679 -0.1505 0.6226
vn 0.7230 -0.0731 0.6870
vn 0.4432 -0.1210 0.8882
vn 0.3939 0.0127 0.9191
vn -0.0000 -0.1068 0.9943
vn -0.0000 0.0323 0.9995
vn 0.5016 -0.1211 0.8566
vn 0.4818 -0.0576 0.8744
vn -0.0000 -0.1121 0.9937
vn -0.0000 -0.0748 0.9972
vn 0.1677 0.2944 0.9408
vn 0.3688 0.2231 0.9024
vn -0.0000 0.3270 0.9450
vn -0.0000 0.1705 0.9853
vn 0.2986 0.3094 0.9028
vn -0.0000 0.5122 0.8589
vn 0.4198 -0.4909 -0.7634
vn -0.0448 -0.5832 -0.8111
vn -0.7506 -0.3871 -0.5355
vn -0.8088 -0.3470 -0.4747
vn 0.4198 -0.4909 -0.7635
vn -0.2863 -0.2119 -0.9344
vn -0.0448 -0.5833 -0.8110
vn -0.7507 -0.3870 -0.5355
vn -0.8512 0.0515 -0.5223
vn -0.8089 -0.3469 -0.4747
vn -0.8887 0.0731 -0.4525
vn 0.2790 -0.2860 -0.9167
vn -0.7460 0.4307 -0.5080
vn -0.6798 0.4780 -0.5563
vn -0.0323 0.2076 -0.9777
vn 0.9022 0.4198 0.0992
vn 0.9929 0.0019 0.1188
vn 0.5919 0.8057 -0.0219
vn 0.9993 -0.0093 -0.0353
vn 0.8897 0.4565 -0.0102
vn 0.5473 0.8315 -0.0952
vn 0.9692 -0.1106 -0.2199
vn 0.9894 -0.0565 -0.1340
vn 0.5530 -0.6200 -0.5565
vn 0.6608 -0.6148 -0.4305
vn 0.9067 0.4173 -0.0612
vn 0.8891 0.4560 -0.0387
vn 0.4594 0.8851 -0.0749
vn 0.5015 0.8565 -0.1222
vn 0.9500 -0.0906 -0.2990
vn 0.8706 0.4859 -0.0769
vn 0.3705 0.9212 0.1186
vn 0.3926 0.9197 -0.0096
vn 0.8613 0.5034 -0.0685
vn 0.2444 0.9654 0.0913
vn 0.1688 0.9805 -0.1004
vn 0.0966 0.9691 -0.2271
vn -0.0610 0.9597 -0.2742
vn 0.0099 0.9628 -0.2702
vn -0.3574 0.9327 -0.0486
vn -0.1809 0.9474 -0.2639
vn 0.5772 0.1409 0.8043
vn 0.5707 0.3398 0.7476
vn 0.1420 0.9226 0.3588
vn 0.3472 0.9365 0.0494
vn 0.2847 0.7418 0.6072
vn 0.6385 0.7292 0.2461
vn -0.0000 0.9994 -0.0359
vn -0.0000 0.9677 0.2523
vn 0.8197 0.2642 0.5081
vn 0.3796 0.4348 0.8166
vn 0.3084 0.2525 0.9171
vn 0.6624 -0.3062 0.6837
vn -0.0000 0.2040 0.9790
vn 0.0001 -0.6080 0.7940
vn 0.4566 0.6785 0.5755
vn 0.1525 0.9451 0.2889
vn -0.0000 0.9886 0.1506
vn -0.0000 0.9976 -0.0688
vn -0.0279 0.9989 0.0374
vn -0.1952 0.9649 -0.1757
vn -0.0000 0.9555 -0.2950
vn -0.3172 0.8564 -0.4075
vn -0.0000 0.8237 -0.5670
vn -0.3172 0.8563 -0.4076
vn -0.4778 0.3745 -0.7947
vn -0.0000 0.8236 -0.5671
vn -0.0000 0.4547 -0.8906
vn -0.5715 0.3342 -0.7495
vn -0.4778 0.3745 -0.7946
vn -0.4081 0.7773 -0.4788
vn -0.3172 0.8563 -0.4075
vn -0.6505 0.4860 -0.5836
vn -0.4723 0.7477 -0.4668
vn -0.8131 0.3299 -0.4796
vn -0.9021 0.2236 -0.3692
vn -0.7838 -0.3616 -0.5049
vn -0.7737 -0.3957 -0.4948
vn -0.1751 -0.0548 -0.9830
vn -0.4778 0.3744 -0.7947
vn -0.4252 -0.2557 -0.8682
vn -0.5715 0.3341 -0.7495
vn -0.2913 -0.7430 -0.6026
vn -0.6132 -0.2519 -0.7487
vn -0.0421 -0.7702 -0.6364
vn 0.1622 -0.4128 -0.8963
vn 0.1623 -0.4127 -0.8963
vn 0.6721 -0.4537 -0.5852
vn 0.7815 -0.0308 -0.6231
vn 0.8508 -0.4995 0.1632
vn 0.9834 -0.0511 0.1740
vn 0.9200 -0.2034 0.3350
vn 0.9175 0.1069 0.3832
vn 0.9068 0.4150 0.0742
vn 0.7914 0.6058 0.0815
vn 0.2476 0.9530 -0.1749
vn 0.1386 0.9862 -0.0903
vn -0.7918 0.6103 -0.0241
vn -0.7969 0.5911 -0.1245
vn -0.9493 0.0618 0.3083
vn -0.9803 -0.1660 0.1067
vn -0.7347 -0.2792 -0.6182
vn -0.9281 -0.3517 0.1223
vn -0.7554 0.0095 -0.6552
vn -0.9904 -0.0046 0.1381
vn -0.7070 0.1747 -0.6853
vn -0.9767 0.2010 0.0753
vn -0.5165 0.5007 -0.6946
vn -0.7336 0.6717 -0.1030
vn 0.1338 0.9769 -0.1663
vn 0.1145 0.7190 -0.6855
vn 0.7601 0.6451 -0.0778
vn 0.5093 0.4299 -0.7456
vn 0.9618 0.2726 0.0261
vn 0.6833 0.2092 -0.6995
vn 0.8547 -0.0968 0.5100
vn 0.5645 -0.2393 0.7900
vn 0.7851 -0.3971 0.4753
vn 0.3832 -0.4803 0.7889
vn -0.9767 0.2009 0.0753
vn -0.7069 0.1747 -0.6853
vn 0.1643 -0.5576 0.8137
vn -0.5092 -0.3128 0.8018
vn -0.0458 -0.4487 0.8925
vn -0.3471 -0.5001 0.7934
vn -0.8384 -0.0517 0.5426
vn -0.7715 -0.3603 0.5244
vn -0.9493 0.0617 0.3083
vn -0.0259 -0.9183 0.3949
vn -0.3886 -0.8476 0.3614
vn 0.3521 -0.8947 0.2750
vn 0.2708 -0.7321 -0.6250
vn 0.0152 -0.7353 -0.6776
vn -0.3725 -0.7268 -0.5771
vn 0.5858 -0.7362 0.3388
vn -0.3860 -0.8619 0.3288
vn -0.9803 -0.1661 0.1067
vn 0.6721 -0.4537 -0.5851
vn 0.0152 -0.7354 -0.6775
vn -0.3725 -0.7268 -0.5770
vn 0.6834 0.2093 -0.6994
vn -0.7348 -0.2792 -0.6182
vn 0.7816 -0.0308 -0.6231
vn 0.5093 0.4300 -0.7455
vn -0.7070 0.1748 -0.6853
vn 0.1146 0.7191 -0.6854
vn 0.3820 0.8972 0.2215
vn -0.5363 0.8368 0.1102
vn -0.5286 0.8472 0.0521
vn -0.9777 0.1523 -0.1444
vn -0.9416 0.1572 -0.2977
vn -0.9777 0.1522 -0.1444
vn -0.8738 -0.4288 -0.2294
vn -0.9416 0.1571 -0.2978
vn -0.7818 -0.4370 -0.4449
vn -0.0876 -0.9551 -0.2829
vn -0.1373 -0.8018 -0.5816
vn 0.6066 -0.5287 -0.5937
vn 0.9391 -0.0820 -0.3336
vn 0.9226 -0.1051 -0.3712
vn 0.8869 0.4578 -0.0619
vn 0.0084 -0.4635 0.8861
vn 0.0098 -0.7923 0.6101
vn -0.7047 -0.3338 0.6261
vn -0.8497 -0.4355 0.2973
vn 0.5958 -0.3684 0.7137
vn 0.7519 -0.5169 0.4092
vn 0.9826 0.0438 0.1807
vn 0.9977 -0.0652 0.0165
vn 0.8746 0.3994 -0.2748
vn 0.9050 0.3295 -0.2692
vn 0.3801 0.8085 -0.4493
vn 0.3557 0.8330 -0.4238
vn -0.5895 0.6837 -0.4302
vn -0.5699 0.7114 -0.4113
vn -0.5486 0.8080 -0.2150
vn -0.9839 0.1693 -0.0575
vn -0.8945 -0.4360 0.0992
vn -0.0700 -0.5430 0.8368
vn 0.4408 -0.3465 0.8280
vn -0.3902 -0.4256 0.8165
vn -0.0831 -0.9077 0.4113
vn 0.4608 -0.7500 0.4745
vn -0.4461 -0.7603 0.4722
vn 0.9670 0.1994 0.1584
vn 0.8158 -0.0882 0.5715
vn 0.8655 0.4893 -0.1068
vn 0.2614 0.8643 -0.4297
vn -0.6442 0.6862 -0.3378
vn -0.9595 0.2775 0.0478
vn -0.9895 0.1405 -0.0327
vn -0.9895 0.1405 -0.0326
vn -0.9595 0.2775 0.0479
vn -0.8507 -0.0141 0.5255
vn -0.0306 -0.7411 -0.6706
vn 0.3769 -0.7390 -0.5584
vn -0.3525 -0.7486 -0.5616
vn 0.8988 -0.2966 0.3227
vn 0.7610 -0.2224 -0.6094
vn 0.7936 -0.1970 0.5757
vn 0.7295 0.1901 -0.6570
vn 0.9827 0.1320 0.1295
vn 0.4956 0.4455 -0.7456
vn 0.7604 0.5878 -0.2761
vn 0.0609 0.8927 -0.4465
vn -0.0033 0.6533 -0.7571
vn -0.6448 0.7111 -0.2805
vn -0.4613 0.4761 -0.7487
vn -0.9302 0.3636 -0.0513
vn -0.6312 0.2694 -0.7273
vn -0.9302 0.3635 -0.0513
vn -0.9741 0.0768 0.2128
vn -0.6312 0.2695 -0.7273
vn -0.7395 0.1076 -0.6645
vn -0.6626 -0.3317 0.6715
vn -0.7497 -0.2410 -0.6164
vn -0.8849 -0.3422 0.3161
vn -0.7497 -0.2409 -0.6163
vn -0.0306 -0.7412 -0.6706
vn -0.3525 -0.7487 -0.5615
vn 0.7296 0.1901 -0.6569
vn -0.7396 0.1076 -0.6644
vn -0.6313 0.2696 -0.7272
vn 0.4957 0.4455 -0.7455
vn -0.4614 0.4761 -0.7486
vn -0.0000 -0.9804 -0.1970
vn -0.0000 -0.6080 0.7940
vn 0.6508 -0.7434 -0.1542
vn 0.9643 -0.1964 -0.1777
vn 0.8197 0.2643 0.5082
vn 0.8886 0.3697 -0.2716
vn 0.6385 0.7293 0.2461
vn 0.5486 0.7351 -0.3983
vn -0.0000 0.8813 -0.4726
vn -0.0000 0.9994 -0.0360
vn 0.7667 -0.6329 -0.1083
vn 0.7565 -0.6331 -0.1641
vn 0.9794 -0.1541 -0.1302
vn 0.9715 -0.1322 -0.1967
vn -0.0000 -0.9931 -0.1175
vn -0.0000 -0.9845 -0.1755
vn 0.8853 0.4015 -0.2345
vn 0.8609 0.3998 -0.3146
vn 0.5236 0.7955 -0.3050
vn 0.4975 0.8300 -0.2522
vn -0.0000 0.9564 -0.2921
vn -0.0000 0.9696 -0.2447
vn 0.9872 -0.1515 0.0502
vn 0.9265 0.3762 0.0123
vn 0.9799 -0.1673 0.1083
vn 0.9261 0.3590 0.1159
vn 0.7967 -0.5980 0.0871
vn 0.7987 -0.5822 0.1519
vn -0.0000 -0.9941 0.1084
vn -0.0000 -0.9787 0.2055
vn 0.4974 0.8672 -0.0242
vn 0.4898 0.8695 0.0635
vn -0.0000 0.9995 -0.0315
vn -0.0000 0.9992 0.0400
vn 0.4937 0.8575 0.1450
vn -0.0000 0.9949 0.1005
vn 0.8703 0.4339 0.2329
vn 0.9750 -0.1152 0.1900
vn 0.7790 -0.5909 0.2098
vn -0.0000 -0.9583 0.2859
vn 0.9167 -0.0231 0.3988
vn 0.6163 -0.5187 0.5925
vn 0.9582 -0.0579 0.2800
vn 0.7315 -0.6010 0.3219
vn 0.8979 0.3780 0.2258
vn 0.8596 0.4550 0.2324
vn 0.5457 0.8347 0.0744
vn 0.5037 0.8524 0.1406
vn -0.0000 0.9989 0.0461
vn -0.0000 0.9943 0.1063
vn 0.4897 0.8508 -0.1904
vn 0.9028 0.4042 -0.1470
vn -0.0000 0.9801 -0.1987
vn -0.0000 -1.0000 -0.0083
vn -0.0000 -0.9985 -0.0543
vn 0.7823 -0.6229 -0.0036
vn 0.7772 -0.6279 -0.0411
vn 0.9881 -0.1431 -0.0562
vn 0.9866 -0.1442 -0.0757
vn -0.0000 -0.9126 0.4088
vn -0.0000 -0.7490 0.6625
vn -0.0000 -0.6094 0.7929
vn 0.5531 -0.4416 0.7065
vn 0.7708 0.0755 0.6326
vn 0.4602 -0.3982 0.7935
vn 0.8867 -0.0773 0.4558
vn -0.0000 0.9932 0.1163
vn 0.3815 0.9092 0.1666
vn 0.7673 0.5700 0.2939
vn -0.0000 0.3823 0.9240
vn 0.5822 0.6898 0.4304
vn -0.0000 -0.5233 0.8522
vn -0.0000 0.9565 0.2918
vn 0.1980 0.9712 -0.1322
vn 0.6605 0.1079 0.7430
vn -0.1492 -0.0807 0.9855
vn 0.0678 -0.5304 0.8451
vn 0.1661 0.8688 0.4665
vn 0.8890 0.0104 0.4578
vn 0.2969 -0.8389 -0.4562
vn 0.3107 -0.7932 -0.5238
vn 0.6063 0.1860 -0.7732
vn 0.8889 0.0104 0.4579
vn 0.2135 -0.5084 -0.8342
vn -0.1209 -0.8130 -0.5696
vn 0.3137 -0.5060 -0.8035
vn 0.2655 -0.6113 -0.7456
vn 0.4951 0.1160 -0.8610
vn 0.8214 -0.0173 0.5700
vn 0.0549 -0.9967 -0.0591
vn 0.0846 0.4727 0.8771
vn -0.1372 0.0669 0.9883
vn 0.8214 -0.0172 0.5701
vn 0.0456 0.9450 0.3239
vn -0.2276 -0.3081 0.9237
vn 0.2655 -0.6113 -0.7455
vn 0.2323 -0.9361 -0.2640
vn 0.5162 0.2609 -0.8158
vn 0.1358 -0.9424 0.3058
vn 0.3464 -0.8061 -0.4798
vn 0.2941 -0.8399 -0.4562
vn 0.6623 -0.7065 -0.2495
vn 0.6160 -0.5618 0.5522
vn 0.8009 -0.5904 0.1001
vn 0.9104 -0.4007 0.1026
vn 0.1147 -0.3975 0.9104
vn -0.0218 -0.4202 0.9072
vn -0.0975 -0.5603 0.8225
vn -0.1479 -0.7776 0.6111
vn -0.1360 -0.9336 0.3316
vn 0.3069 -0.9432 0.1270
vn 0.3212 -0.9468 -0.0208
vn -0.4047 -0.9116 0.0716
vn -0.1210 -0.8130 -0.5696
vn 0.4965 0.0097 -0.8680
vn 0.1660 0.8687 0.4666
vn 0.6066 -0.1178 0.7863
vn 0.1218 -0.9541 -0.2735
vn 0.2655 -0.6112 -0.7456
vn 0.0846 0.4726 0.8772
vn -0.2275 -0.3079 0.9238
vn 0.4951 0.1160 -0.8611
vn 0.1307 0.9868 0.0952
vn 0.8214 -0.0173 0.5701
vn 0.0456 0.9450 0.3240
vn 0.5162 0.2608 -0.8158
vn 0.5789 -0.7251 -0.3730
vn 0.2134 -0.5084 -0.8343
vn 0.2041 -0.9780 -0.0427
vn 0.2940 -0.8399 -0.4562
vn 0.6160 -0.5617 0.5522
vn 0.1148 -0.3975 0.9104
vn -0.0976 -0.5602 0.8226
vn -0.4048 -0.9116 0.0716
vn 0.0235 -0.4338 -0.9007
vn 0.2495 -0.0702 -0.9658
vn 0.4146 -0.6925 -0.5904
vn 0.4185 -0.7310 0.5390
vn 0.6433 -0.4462 0.6221
vn 0.2147 -0.8069 0.5502
vn -0.0000 -0.5429 -0.8398
vn -0.3076 -0.4862 -0.8179
vn -0.0000 -0.0534 -0.9986
vn -0.1904 0.0449 -0.9807
vn -0.3076 -0.4863 -0.8178
vn 0.0235 -0.4339 -0.9007
vn 0.2496 -0.0702 -0.9658
vn -0.3103 0.1752 -0.9344
vn -0.5388 -0.6510 -0.5346
vn 0.4146 -0.6924 -0.5905
vn -0.4471 -0.5740 0.6860
vn -0.0355 -0.6185 0.7850
vn 0.6433 -0.4462 0.6222
vn 0.2148 -0.8069 0.5502
vn -0.0000 -0.5722 0.8201
vn -0.1078 -0.8075 -0.5799
vn -0.0000 -0.8086 -0.5884
vn 0.8556 -0.3281 -0.4004
vn 0.6493 0.1961 0.7348
vn 0.8225 -0.4102 0.3941
vn 0.5555 -0.1173 0.8232
vn 0.6066 -0.1177 0.7862
vn -0.8132 0.3300 -0.4795
vn 0.3497 0.9294 0.1180
vn -0.9020 0.2237 -0.3692
vn 0.7584 -0.5769 -0.3034
vn 0.9805 -0.0966 -0.1711
vn 0.8829 0.4692 -0.0203
vn -0.0346 -0.9578 0.2854
vn 0.7870 -0.5952 0.1621
vn 0.9947 -0.1005 0.0205
vn 0.8941 0.4352 -0.1058
vn 0.3563 0.9142 -0.1930
vn -0.9750 0.1725 -0.1400
vn -0.2298 -0.8066 -0.5445
vn 0.9950 -0.0245 -0.0964
vn 0.8884 0.4582 -0.0275
vn 0.5239 0.8442 -0.1135
vn 0.0505 0.9603 -0.2745
vn -0.6245 0.3030 -0.7199
vn -0.4528 -0.2317 -0.8610
vn -0.6245 0.3029 -0.7199
vn 0.6195 -0.2304 0.7504
vn 0.7538 -0.4388 0.4891
vn 0.7165 0.2897 -0.6346
vn 0.8926 -0.4473 -0.0565
vn 0.4776 -0.1223 -0.8700
vn 0.5151 -0.8294 -0.2162
vn -0.0001 -0.2657 -0.9641
vn -0.0000 -0.9674 -0.2533
vn 0.9489 -0.3150 -0.0180
vn 0.9604 0.2540 -0.1146
vn 0.2462 0.9439 -0.2198
vn -0.8411 0.5273 -0.1207
vn -0.9741 -0.2211 -0.0469
vn -0.4971 -0.8675 0.0170
vn -0.9741 -0.2212 -0.0469
vn 0.5379 -0.8430 -0.0017
vn 0.9535 -0.3008 -0.0201
vn 0.9562 0.2678 -0.1177
vn 0.2473 0.9441 -0.2177
vn -0.8337 0.5377 -0.1262
vn -0.9749 -0.2176 -0.0475
vn -0.4722 -0.8814 0.0091
vn 0.5618 -0.8273 0.0011
vn 0.9645 -0.2632 -0.0202
vn 0.9435 0.3104 -0.1165
vn 0.2547 0.9446 -0.2070
vn -0.8188 0.5616 -0.1188
vn -0.9769 -0.2085 -0.0468
vn -0.4172 -0.9084 0.0281
vn -0.9769 -0.2086 -0.0468
vn 0.6291 -0.7773 0.0092
vn 0.2880 -0.3108 -0.9058
vn 0.5441 -0.1217 -0.8302
vn 0.0001 -0.3478 -0.9376
vn -0.0000 -0.9301 -0.3673
vn -0.0000 -0.8268 -0.5626
vn -0.0000 -0.7119 -0.7023
vn -0.0000 -0.5474 -0.8369
vn -0.0000 -0.5473 -0.8369
vn -0.0000 -0.3107 -0.9505
vn 0.1218 -0.9542 -0.2734
vn -0.1373 0.0668 0.9883
vn 0.1308 0.9868 0.0951
vn 0.5789 -0.7251 -0.3731
vn 0.0001 -0.7926 0.6098
vn -0.0001 -0.7926 0.6098
vn 0.8404 -0.0347 0.5408
vn 0.8404 -0.0347 0.5409
vn 0.3137 -0.5060 -0.8034
vn 0.2654 -0.6113 -0.7456
vn 0.0846 0.4728 0.8771
vn 0.3138 -0.5061 -0.8034
vn 0.8128 -0.0179 0.5822
vn 0.8129 -0.0178 0.5822
vn 0.8128 -0.0177 0.5822
vn 0.8129 -0.0177 0.5822
vn 0.8605 0.4074 -0.3059
vn 0.5439 0.7650 -0.3451
vn 0.9688 -0.1106 -0.2218
vn 0.7401 -0.6476 -0.1814
vn -0.0000 -0.9790 -0.2041
vn -0.0000 0.9247 -0.3806
vn 0.4941 0.8518 -0.1739
vn -0.0000 0.9826 -0.1856
vn 0.5028 0.8582 -0.1036
vn -0.0000 0.9934 -0.1144
vn 0.9075 0.4012 -0.1246
vn 0.9129 0.4043 -0.0569
vn 0.9908 -0.1355 -0.0015
vn 0.7835 -0.6201 0.0402
vn -0.0000 -0.9988 0.0482
vn 0.6068 -0.7264 0.3227
vn 0.7540 0.1684 -0.6349
vn 0.7091 -0.4617 0.5329
vn 0.7852 0.4719 -0.4009
vn 0.3354 -0.9309 0.1448
vn 0.4532 -0.1395 -0.8804
vn -0.0000 -0.9948 0.1016
vn -0.0000 -0.2491 -0.9685
vn 0.3115 0.9502 -0.0090
vn 0.3111 0.0529 0.9489
vn 0.4838 0.8638 -0.1406
vn 0.5022 -0.1141 0.8572
vn -0.0000 0.9979 0.0642
vn -0.0000 0.0657 0.9978
vn 0.7295 0.6613 -0.1747
vn 0.6372 -0.2952 0.7120
vn -0.0000 -0.2657 -0.9640
vn 0.4775 -0.1223 -0.8701
vn 0.7165 0.2897 -0.6345
vn 0.6323 0.7184 -0.2899
vn 0.5096 0.8588 -0.0519
vn 0.3041 0.9502 -0.0676
vn 0.2840 -0.0230 0.9585
vn 0.5555 -0.1172 0.8232
vn 0.6196 -0.2304 0.7504
vn -0.0000 -0.9937 0.1120
vn -0.0448 -0.5833 -0.8111
vn -0.2862 -0.2119 -0.9344
vn -0.3423 -0.8906 0.2995
vn -0.2822 -0.9520 0.1185
vn -0.4567 -0.8533 0.2514
vn -0.5302 -0.7412 0.4117
vn -0.4702 -0.8105 0.3492
vn -0.5892 -0.5790 0.5636
vn -0.5833 -0.7301 0.3560
vn -0.5259 -0.4536 0.7195
vn -0.2699 -0.7391 0.6171
vn -0.2927 -0.7543 0.5878
vn -0.0474 -0.9411 -0.3348
vn -0.1591 -0.9798 -0.1213
vn -0.6420 -0.7624 -0.0812
vn -0.5821 -0.7120 -0.3926
vn -0.3564 -0.9241 -0.1383
vn -0.3250 -0.8856 -0.3319
vn -0.6913 -0.6795 -0.2458
vn -0.5264 -0.6930 -0.4926
vn -0.7146 -0.6989 -0.0294
vn -0.6670 -0.5924 -0.4519
vn -0.3458 -0.6273 -0.6978
vn -0.5194 -0.4621 -0.7188
vn -0.5186 -0.6402 -0.5668
vn -0.3319 -0.4462 -0.8311
vn -0.2750 -0.7271 -0.6291
vn -0.5167 -0.6066 -0.6042
vn -0.3347 -0.4898 -0.8050
vn -0.1984 -0.7826 -0.5900
vn -0.0001 -0.5657 -0.8246
vn -0.2590 -0.9514 0.1666
vn -0.4570 -0.8751 0.1594
vn -0.6868 -0.6260 0.3694
vn -0.6494 -0.7535 0.1026
vn -0.5330 -0.6176 0.5784
vn -0.6362 -0.7534 0.1665
vn -0.6963 -0.7170 0.0334
vn -0.7503 -0.5507 -0.3659
vn -0.6026 -0.3296 -0.7268
vn -0.8173 -0.4705 -0.3327
vn -0.7468 -0.6646 -0.0252
vn -0.5056 -0.5338 0.6779
vn -0.6117 -0.6531 0.4465
vn -0.8008 -0.5905 0.1001
vn -0.6623 -0.7065 -0.2494
vn -0.5259 -0.8504 0.0155
vn -0.1820 -0.9804 0.0753
vn -0.4492 -0.8933 0.0173
vn -0.4674 -0.8750 0.1263
vn -0.4796 -0.8565 0.1909
vn -0.2561 -0.9151 0.3114
vn -0.4070 -0.8257 0.3907
vn -0.5888 -0.7858 0.1892
vn -0.6026 -0.7127 0.3591
vn -0.6784 -0.7159 0.1651
vn -0.6537 -0.7465 0.1240
vn -0.8483 -0.1364 0.5117
vn -0.5789 -0.7250 -0.3731
vn -0.5720 -0.8162 0.0818
vn -0.6891 -0.6936 0.2099
vn -0.7127 -0.6339 0.3002
vn -0.4164 -0.8354 0.3588
vn -0.4810 -0.8644 0.1461
vn -0.5822 -0.7678 0.2675
vn -0.6004 -0.7760 0.1932
vn -0.4091 -0.7523 0.5164
vn -0.2696 -0.9070 0.3235
vn -0.2424 -0.7423 0.6247
vn -0.3450 -0.7582 0.5532
vn -0.4503 -0.7795 0.4355
vn -0.5310 -0.7582 0.3784
vn -0.0696 -0.5451 0.8355
vn -0.1756 -0.6139 0.7696
vn -0.2715 -0.6683 0.6926
vn -0.5233 -0.3813 0.7621
vn -0.1557 -0.6233 0.7663
vn -0.1412 -0.4018 0.9048
vn -0.4805 -0.6002 0.6394
vn -0.3997 -0.3701 0.8386
vn -0.1388 -0.2136 0.9670
vn -0.3365 -0.2187 0.9159
vn -0.1314 0.1289 0.9829
vn -0.5512 -0.4637 0.6936
vn -0.6058 -0.4747 0.6385
vn -0.7001 -0.4797 0.5289
vn -0.7175 -0.3353 0.6105
vn -0.7300 -0.4435 0.5201
vn -0.7928 -0.4240 0.4378
vn -0.7052 -0.5578 0.4377
vn -0.0740 -0.5029 0.8612
vn -0.8070 -0.5331 0.2539
vn -0.7990 -0.5986 0.0570
vn -0.8641 -0.4689 -0.1828
vn -0.8294 -0.5343 0.1634
vn -0.8257 -0.5601 0.0668
vn -0.7689 -0.3026 -0.5632
vn -0.3008 -0.3083 -0.9025
vn -0.3723 -0.3159 -0.8727
vn -0.2598 -0.2160 -0.9412
vn -0.4353 -0.2052 -0.8766
vn -0.0001 -0.2950 -0.9555
vn -0.0724 -0.9085 0.4116
vn -0.3548 -0.4552 0.8167
vn 0.2923 -0.1844 0.9384
vn 0.1930 -0.6968 0.6908
vn 0.4703 0.2707 0.8400
vn 0.0429 -0.3783 0.9247
vn 0.0231 0.0086 0.9997
vn -0.4394 0.4129 0.7978
vn 0.4206 0.4950 0.7603
vn 0.6144 0.0760 0.7853
vn -0.1264 0.0697 0.9895
vn 0.0470 0.5593 0.8276
vn 0.4451 0.7688 0.4592
vn 0.1159 0.8366 0.5354
vn -0.7925 0.5436 0.2765
vn -0.1804 0.9770 0.1139
vn -0.7579 0.6140 -0.2203
vn -0.8767 0.4756 0.0721
vn -0.2275 0.9462 -0.2302
vn -0.6332 0.5638 -0.5302
vn -0.0341 0.9981 -0.0506
vn -0.1502 0.9771 -0.1510
vn 0.1015 0.9914 0.0831
vn -0.1410 0.9351 0.3251
vn -0.4055 0.9060 0.1212
vn -0.3551 0.8613 0.3634
vn -0.7093 -0.6141 0.3461
vn -0.6788 -0.6966 0.2322
vn -0.7050 -0.6630 0.2520
vn -0.8015 -0.5843 0.1274
vn -0.8224 -0.4101 0.3942
vn -0.9515 0.2679 -0.1512
vn -0.0462 -0.3920 0.9188
vn -0.2747 -0.9526 0.1308
vn -0.4910 -0.6290 0.6027
vn -0.2950 -0.8854 0.3593
vn 0.2431 -0.9282 0.2818
vn 0.0404 -0.8421 0.5379
vn 0.1192 -0.9665 0.2274
vn -0.1357 -0.9423 0.3059
vn -0.3033 -0.6841 0.6633
vn -0.3581 -0.8199 0.4466
vn -0.6616 -0.5171 0.5431
vn -0.6066 -0.1177 0.7863
vn -0.8185 -0.4681 0.3332
vn -0.6605 0.1080 0.7430
vn -0.6225 -0.7169 0.3138
vn -0.5882 -0.7796 0.2148
vn 0.1931 -0.6967 0.6909
vn -0.5956 -0.8019 0.0475
vn -0.0724 -0.9085 0.4115
vn -0.9345 -0.3037 0.1855
vn 0.0231 0.0085 0.9997
vn -0.5577 -0.6752 0.4829
vn -0.4393 0.4129 0.7978
vn -0.7496 -0.4619 0.4741
vn -0.8197 -0.5693 0.0627
vn -0.7924 0.5437 0.2765
vn -0.7578 0.6141 -0.2203
vn -0.8742 -0.4302 -0.2249
vn -0.8766 0.4757 0.0721
vn -0.8147 -0.5784 -0.0422
vn -0.8540 -0.3748 -0.3608
vn -0.6333 0.5638 -0.5302
vn -0.6286 -0.7602 -0.1643
vn -0.7370 -0.6748 -0.0381
vn -0.9345 -0.3038 0.1855
vn -0.3563 0.9039 -0.2366
vn -0.7520 -0.6532 0.0880
vn -0.5932 0.1416 0.7925
vn -0.8556 -0.3282 -0.4003
vn -0.0461 -0.3921 0.9188
vn -0.0348 0.7694 0.6378
vn -0.5931 0.1416 0.7926
vn -0.3402 0.9325 0.1211
vn -0.3401 0.9325 0.1212
vn -0.5469 0.3246 0.7717
vn -0.0464 0.6679 0.7428
vn -0.5469 0.3247 0.7717
vn -0.0463 0.6679 0.7428
vn -0.6709 0.1908 0.7166
vn -0.7311 0.4435 -0.5184
vn -0.7637 -0.0793 -0.6407
vn -0.6492 0.1962 0.7349
vn -0.7637 -0.0792 -0.6406
vn -0.6493 0.1961 0.7349
vn -0.6906 0.2159 -0.6903
vn -0.5994 -0.2342 -0.7654
vn -0.5583 0.0957 -0.8241
vn -0.5440 -0.1218 -0.8302
vn -0.2879 -0.3107 -0.9059
vn -0.6759 -0.6770 0.2912
vn -0.2978 -0.9497 0.0971
vn -0.8000 -0.1211 -0.5877
vn -0.3697 -0.4043 -0.8366
vn -0.5869 0.3338 0.7376
vn -0.5096 0.8588 -0.0520
vn -0.3984 0.5242 0.7526
vn -0.3041 0.9502 -0.0677
vn -0.0001 0.0610 0.9981
vn -0.2840 -0.0231 0.9586
vn -0.0001 0.8490 0.5284
vn -0.5237 0.7650 0.3750
vn -0.7660 0.4772 -0.4308
vn -0.6323 0.7184 -0.2900
vn -0.9732 -0.1294 0.1903
vn -0.8508 0.1120 0.5134
vn -0.4963 0.8677 0.0261
vn -0.6209 0.5905 -0.5156
vn -0.5951 0.7563 -0.2719
vn -0.8022 0.3361 -0.4935
vn -0.7810 0.6141 -0.1142
vn -0.6905 0.2161 -0.6903
vn -0.5583 0.0958 -0.8241
vn -0.5592 0.8270 -0.0581
vn -0.9515 0.2679 -0.1513
vn -0.5783 0.7963 -0.1776
vn -0.6710 0.1907 0.7165
vn -0.7223 0.4688 0.5084
vn -0.6976 0.3757 0.6101
vn -0.6340 0.3759 0.6758
vn -0.3427 0.4721 0.8122
vn -0.7641 0.0770 0.6405
vn -0.3735 0.1475 0.9158
vn -0.7582 -0.3634 0.5413
vn -0.6641 -0.6630 0.3455
vn -0.8552 -0.2804 0.4359
vn -0.6918 -0.6804 0.2420
vn -0.5683 -0.8194 0.0746
vn -0.4503 -0.8839 -0.1262
vn -0.8575 0.2333 0.4584
vn -0.8609 0.3445 0.3743
vn -0.9413 0.2567 0.2193
vn -0.9520 0.1799 0.2478
vn -0.9465 0.3220 0.0190
vn -0.9535 0.2735 -0.1267
vn -0.7696 0.6233 -0.1389
vn -0.5142 0.6329 -0.5789
vn -0.6054 -0.0159 0.7958
vn -0.7578 -0.1981 0.6217
vn -0.9175 0.1122 0.3815
vn -0.9166 -0.2161 0.3364
vn -0.9695 0.0727 0.2341
vn -0.9537 -0.2711 0.1303
vn -0.5860 -0.7888 -0.1857
vn -0.2459 -0.8983 -0.3640
vn -0.3243 -0.7807 -0.5341
vn -0.3653 -0.7700 -0.5231
vn -0.5650 -0.7523 -0.3388
vn -0.3808 -0.8484 -0.3678
vn -0.3821 -0.0938 -0.9194
vn 0.0324 0.2077 -0.9777
vn -0.3960 -0.0579 -0.9164
vn -0.3952 -0.0338 -0.9180
vn -0.3811 -0.0780 -0.9212
vn -0.3297 -0.0966 -0.9391
vn 0.1750 -0.0547 -0.9831
vn -0.7239 -0.0844 -0.6848
vn -0.5422 -0.3678 -0.7555
vn -0.7923 -0.5471 -0.2701
vn -0.7140 -0.5589 -0.4218
vn -0.2818 -0.7841 -0.5530
vn -0.8844 -0.4313 -0.1782
vn -0.7924 -0.5471 -0.2700
vn -0.9246 -0.2537 0.2842
vn -0.9170 -0.3918 0.0751
vn -0.9231 -0.3073 0.2313
vn -0.8703 -0.1998 0.4501
vn -0.8995 -0.1089 0.4232
vn 0.2566 -0.6388 -0.7253
vn -0.5799 -0.4790 -0.6590
vn 0.2012 -0.6728 -0.7119
vn -0.6088 -0.4875 -0.6259
vn -0.8753 0.0271 0.4828
vn -0.7901 0.0232 0.6125
vn -0.7423 0.2503 0.6216
vn -0.8392 0.2440 0.4860
vn -0.7741 0.4607 0.4341
vn -0.6244 0.5971 0.5036
vn -0.6653 0.6909 0.2830
vn -0.3410 0.8926 0.2950
vn -0.9296 0.0612 0.3636
vn -0.8935 0.2793 0.3517
vn -0.6085 0.7863 0.1068
vn -0.9052 0.3586 0.2282
vn -0.9608 0.0288 0.2757
vn -0.9899 0.0044 0.1414
vn -0.9554 -0.2936 0.0308
vn -0.9997 0.0011 0.0224
vn -0.9980 -0.0263 0.0580
vn -0.9061 -0.4199 -0.0516
vn -0.5864 -0.7451 -0.3177
vn -0.9454 -0.3154 -0.0825
vn -0.5702 -0.7232 -0.3897
vn 0.1720 -0.7698 -0.6147
vn 0.0213 -0.7907 -0.6119
vn -0.4387 -0.6016 -0.6676
vn -0.1691 -0.6150 -0.7702
vn -0.7821 -0.0178 0.6229
vn -0.8055 -0.1046 0.5832
vn -0.9067 -0.0166 0.4214
vn -0.9012 -0.0954 0.4228
vn -0.7434 -0.0411 -0.6675
vn -0.7606 0.0297 -0.6486
vn -0.9642 -0.0735 -0.2546
vn -0.9789 0.0093 -0.2039
vn -0.9558 -0.1202 -0.2685
vn -0.9740 0.2066 -0.0927
vn -0.9640 0.2429 -0.1078
vn -0.9232 -0.3841 -0.0082
vn -0.9462 -0.3233 -0.0172
vn -0.5254 -0.8508 -0.0107
vn -0.3874 -0.9214 0.0303
vn 0.5231 -0.8522 -0.0036
vn 0.6163 -0.7843 -0.0714
vn -0.2713 0.9294 -0.2503
vn -0.5275 0.7754 -0.3471
vn 0.9367 0.2124 -0.2782
vn 0.8566 0.4909 -0.1589
vn 0.5087 0.7482 -0.4259
vn 0.9420 -0.2671 -0.2031
vn 0.9735 -0.2243 -0.0452
vn 0.9735 -0.2244 -0.0452
vn 0.9420 -0.2672 -0.2031
vn 0.2430 0.8792 -0.4100
vn -0.6272 0.7282 -0.2762
vn -0.7696 0.6233 -0.1388
vn -0.5142 0.6328 -0.5789
vn -0.7066 0.7033 -0.0781
vn 0.1449 0.9631 -0.2267
vn -0.9998 0.0041 -0.0217
vn -0.9979 0.0269 -0.0592
vn -0.8952 -0.4408 -0.0656
vn -0.5065 -0.8439 -0.1768
vn -0.9061 -0.4200 -0.0516
vn -0.5864 -0.7452 -0.3177
vn 0.2296 -0.8647 -0.4467
vn 0.3186 -0.8690 -0.3785
vn -0.4792 -0.8709 -0.1093
vn -0.8939 -0.4473 -0.0288
vn -0.9769 -0.0209 0.2127
vn -0.9702 -0.0914 0.2243
vn -0.9710 -0.1598 0.1777
vn -0.8922 -0.1871 0.4110
vn -0.7230 -0.0731 0.6870
vn -0.7679 -0.1505 0.6226
vn -0.3939 0.0127 0.9191
vn -0.4432 -0.1210 0.8882
vn -0.4818 -0.0576 0.8744
vn -0.5016 -0.1211 0.8566
vn -0.1677 0.2944 0.9408
vn -0.3688 0.2231 0.9024
vn -0.2986 0.3094 0.9028
vn 0.0448 -0.5832 -0.8111
vn -0.4198 -0.4909 -0.7634
vn 0.8088 -0.3470 -0.4747
vn 0.7506 -0.3870 -0.5355
vn 0.2863 -0.2119 -0.9344
vn -0.4198 -0.4909 -0.7635
vn 0.8887 0.0731 -0.4525
vn 0.8512 0.0515 -0.5223
vn 0.8089 -0.3469 -0.4747
vn 0.7507 -0.3870 -0.5355
vn -0.2790 -0.2860 -0.9167
vn 0.6798 0.4780 -0.5563
vn 0.7460 0.4307 -0.5080
vn 0.0323 0.2076 -0.9777
vn -0.9929 0.0019 0.1188
vn -0.9022 0.4198 0.0992
vn -0.5919 0.8057 -0.0219
vn -0.9993 -0.0093 -0.0353
vn -0.8897 0.4565 -0.0102
vn -0.5473 0.8315 -0.0952
vn -0.6608 -0.6148 -0.4305
vn -0.9894 -0.0565 -0.1340
vn -0.5530 -0.6200 -0.5565
vn -0.9692 -0.1106 -0.2199
vn -0.8891 0.4560 -0.0387
vn -0.9067 0.4173 -0.0612
vn -0.5015 0.8565 -0.1222
vn -0.4594 0.8851 -0.0749
vn -0.9500 -0.0906 -0.2990
vn -0.8706 0.4859 -0.0769
vn -0.3926 0.9197 -0.0096
vn -0.8613 0.5034 -0.0685
vn -0.3705 0.9212 0.1186
vn -0.2444 0.9654 0.0913
vn -0.1688 0.9805 -0.1004
vn -0.0966 0.9691 -0.2271
vn -0.0099 0.9628 -0.2702
vn 0.0610 0.9597 -0.2742
vn 0.1809 0.9474 -0.2639
vn 0.3574 0.9327 -0.0486
vn -0.5772 0.1409 0.8043
vn -0.5707 0.3398 0.7476
vn -0.6385 0.7292 0.2461
vn -0.3472 0.9365 0.0494
vn -0.2847 0.7418 0.6072
vn -0.1420 0.9226 0.3588
vn -0.3796 0.4348 0.8166
vn -0.8197 0.2642 0.5081
vn -0.6624 -0.3062 0.6837
vn -0.3084 0.2525 0.9171
vn -0.4566 0.6785 0.5755
vn -0.1525 0.9451 0.2889
vn 0.0279 0.9989 0.0374
vn 0.1952 0.9649 -0.1757
vn 0.3172 0.8564 -0.4075
vn 0.4778 0.3745 -0.7947
vn 0.3172 0.8563 -0.4076
vn 0.3172 0.8563 -0.4075
vn 0.4778 0.3745 -0.7946
vn 0.4081 0.7773 -0.4788
vn 0.5715 0.3342 -0.7495
vn 0.4723 0.7477 -0.4668
vn 0.6505 0.4860 -0.5836
vn 0.8131 0.3300 -0.4795
vn 0.7737 -0.3957 -0.4948
vn 0.9021 0.2236 -0.3692
vn 0.7838 -0.3616 -0.5049
vn 0.8132 0.3300 -0.4795
vn 0.5715 0.3341 -0.7495
vn 0.4778 0.3744 -0.7947
vn 0.4252 -0.2557 -0.8682
vn 0.1750 -0.0548 -0.9830
vn 0.6132 -0.2519 -0.7487
vn 0.2913 -0.7430 -0.6026
vn -0.1622 -0.4128 -0.8963
vn 0.0421 -0.7702 -0.6364
vn -0.1623 -0.4127 -0.8963
vn -0.9834 -0.0511 0.1740
vn -0.7815 -0.0308 -0.6231
vn -0.8508 -0.4995 0.1632
vn -0.6721 -0.4537 -0.5852
vn -0.7914 0.6058 0.0815
vn -0.9175 0.1069 0.3832
vn -0.9068 0.4150 0.0742
vn -0.9200 -0.2034 0.3350
vn -0.1305 0.9865 -0.0988
vn -0.2448 0.9541 -0.1726
vn 0.7954 0.5937 -0.1224
vn 0.7875 0.6155 -0.0315
vn 0.9803 -0.1660 0.1067
vn 0.9493 0.0618 0.3083
vn 0.9904 -0.0046 0.1381
vn 0.9281 -0.3517 0.1223
vn 0.7554 0.0095 -0.6552
vn 0.7347 -0.2792 -0.6182
vn 0.7294 0.6771 -0.0979
vn 0.9767 0.2010 0.0753
vn 0.5165 0.5007 -0.6946
vn 0.7070 0.1747 -0.6853
vn -0.1145 0.7190 -0.6855
vn -0.1255 0.9791 -0.1601
vn -0.5093 0.4299 -0.7456
vn -0.7601 0.6451 -0.0778
vn -0.6833 0.2092 -0.6995
vn -0.9618 0.2726 0.0261
vn -0.3832 -0.4803 0.7889
vn -0.5645 -0.2393 0.7900
vn -0.7851 -0.3971 0.4753
vn -0.8547 -0.0968 0.5100
vn 0.7069 0.1747 -0.6853
vn 0.9767 0.2009 0.0753
vn 0.3471 -0.5001 0.7934
vn 0.5092 -0.3128 0.8018
vn 0.0458 -0.4487 0.8925
vn -0.1643 -0.5576 0.8137
vn 0.7715 -0.3603 0.5244
vn 0.8384 -0.0517 0.5426
vn 0.9493 0.0617 0.3083
vn 0.3886 -0.8476 0.3614
vn 0.0259 -0.9183 0.3949
vn -0.3521 -0.8947 0.2750
vn -0.2708 -0.7321 -0.6250
vn 0.3725 -0.7268 -0.5771
vn -0.0152 -0.7353 -0.6776
vn -0.5858 -0.7362 0.3388
vn 0.3860 -0.8619 0.3288
vn 0.9803 -0.1661 0.1067
vn -0.7816 -0.0308 -0.6231
vn 0.7348 -0.2792 -0.6181
vn -0.6721 -0.4538 -0.5851
vn 0.3725 -0.7268 -0.5770
vn -0.6834 0.2093 -0.6994
vn -0.5093 0.4300 -0.7455
vn -0.1145 0.7191 -0.6854
vn 0.5363 0.8368 0.1102
vn -0.3820 0.8972 0.2215
vn 0.9416 0.1572 -0.2977
vn 0.9777 0.1523 -0.1443
vn 0.5286 0.8472 0.0521
vn 0.7818 -0.4370 -0.4449
vn 0.8738 -0.4288 -0.2294
vn 0.9416 0.1571 -0.2978
vn 0.9778 0.1522 -0.1444
vn 0.1373 -0.8018 -0.5816
vn 0.0876 -0.9551 -0.2829
vn -0.6066 -0.5287 -0.5937
vn -0.9226 -0.1051 -0.3712
vn -0.9391 -0.0820 -0.3336
vn -0.8869 0.4578 -0.0619
vn 0.8497 -0.4355 0.2973
vn -0.0098 -0.7923 0.6101
vn 0.7047 -0.3338 0.6261
vn -0.0084 -0.4635 0.8861
vn -0.7519 -0.5169 0.4092
vn -0.5958 -0.3684 0.7137
vn -0.9977 -0.0652 0.0165
vn -0.9826 0.0438 0.1807
vn -0.9050 0.3295 -0.2692
vn -0.8746 0.3994 -0.2748
vn -0.3557 0.8330 -0.4238
vn -0.3801 0.8085 -0.4493
vn 0.5699 0.7114 -0.4113
vn 0.5895 0.6837 -0.4302
vn 0.9839 0.1694 -0.0575
vn 0.5486 0.8080 -0.2150
vn 0.8945 -0.4360 0.0992
vn 0.9839 0.1693 -0.0575
vn -0.4408 -0.3465 0.8280
vn 0.0700 -0.5430 0.8368
vn 0.3902 -0.4256 0.8165
vn -0.4608 -0.7500 0.4745
vn 0.0831 -0.9077 0.4113
vn 0.4461 -0.7603 0.4722
vn -0.8158 -0.0882 0.5715
vn -0.9670 0.1994 0.1584
vn -0.8655 0.4893 -0.1068
vn -0.2614 0.8643 -0.4297
vn 0.6442 0.6862 -0.3378
vn 0.9895 0.1405 -0.0327
vn 0.9595 0.2775 0.0478
vn 0.8507 -0.0141 0.5255
vn 0.9595 0.2775 0.0479
vn 0.9895 0.1405 -0.0326
vn -0.3768 -0.7390 -0.5584
vn 0.0306 -0.7411 -0.6706
vn 0.3525 -0.7486 -0.5616
vn -0.7610 -0.2224 -0.6094
vn -0.8988 -0.2966 0.3227
vn -0.7936 -0.1970 0.5757
vn -0.9827 0.1320 0.1295
vn -0.7295 0.1902 -0.6570
vn -0.7604 0.5878 -0.2761
vn -0.4956 0.4455 -0.7456
vn -0.0609 0.8927 -0.4465
vn 0.0033 0.6533 -0.7571
vn 0.6448 0.7111 -0.2805
vn 0.4614 0.4760 -0.7487
vn 0.9302 0.3636 -0.0513
vn 0.6313 0.2694 -0.7273
vn 0.9741 0.0768 0.2128
vn 0.9302 0.3635 -0.0513
vn 0.7395 0.1076 -0.6645
vn 0.6312 0.2696 -0.7273
vn 0.6626 -0.3317 0.6715
vn 0.8849 -0.3422 0.3161
vn 0.7497 -0.2410 -0.6164
vn 0.0306 -0.7412 -0.6706
vn 0.7497 -0.2409 -0.6163
vn 0.3525 -0.7487 -0.5615
vn -0.7296 0.1901 -0.6569
vn 0.7396 0.1076 -0.6644
vn -0.4957 0.4455 -0.7455
vn 0.0033 0.6533 -0.7570
vn 0.4614 0.4761 -0.7486
vn -0.6508 -0.7434 -0.1542
vn -0.8197 0.2642 0.5082
vn -0.8886 0.3697 -0.2716
vn -0.9643 -0.1964 -0.1777
vn -0.5486 0.7351 -0.3983
vn -0.9715 -0.1322 -0.1967
vn -0.7565 -0.6331 -0.1641
vn -0.9794 -0.1541 -0.1302
vn -0.7667 -0.6329 -0.1083
vn -0.8609 0.3998 -0.3146
vn -0.8853 0.4015 -0.2345
vn -0.4975 0.8300 -0.2522
vn -0.5236 0.7955 -0.3050
vn -0.9261 0.3590 0.1159
vn -0.9265 0.3762 0.0123
vn -0.9799 -0.1673 0.1083
vn -0.9872 -0.1515 0.0502
vn -0.7987 -0.5822 0.1519
vn -0.7967 -0.5980 0.0871
vn -0.4898 0.8695 0.0635
vn -0.4974 0.8672 -0.0242
vn -0.4937 0.8575 0.1450
vn -0.8703 0.4339 0.2329
vn -0.9750 -0.1152 0.1900
vn -0.7790 -0.5909 0.2098
vn -0.7315 -0.6010 0.3219
vn -0.6163 -0.5187 0.5925
vn -0.9582 -0.0579 0.2800
vn -0.9167 -0.0231 0.3988
vn -0.8596 0.4550 0.2324
vn -0.8979 0.3780 0.2258
vn -0.5037 0.8524 0.1406
vn -0.5457 0.8347 0.0744
vn -0.9028 0.4042 -0.1470
vn -0.4897 0.8508 -0.1904
vn -0.7772 -0.6279 -0.0411
vn -0.7823 -0.6229 -0.0036
vn -0.9866 -0.1442 -0.0757
vn -0.9881 -0.1431 -0.0562
vn -0.5531 -0.4416 0.7065
vn -0.4602 -0.3982 0.7935
vn -0.8867 -0.0773 0.4558
vn -0.7708 0.0755 0.6326
vn -0.3815 0.9092 0.1666
vn -0.7673 0.5700 0.2939
vn -0.5822 0.6898 0.4304
vn -0.6605 0.1079 0.7430
vn 0.1492 -0.0807 0.9855
vn -0.1980 0.9712 -0.1322
vn -0.0678 -0.5304 0.8451
vn -0.1661 0.8688 0.4665
vn -0.8890 0.0104 0.4578
vn -0.2969 -0.8389 -0.4562
vn -0.3107 -0.7932 -0.5238
vn -0.6063 0.1860 -0.7732
vn -0.8889 0.0104 0.4579
vn -0.2135 -0.5084 -0.8342
vn -0.2655 -0.6113 -0.7455
vn 0.1209 -0.8130 -0.5696
vn -0.3137 -0.5060 -0.8035
vn -0.8214 -0.0173 0.5701
vn -0.4951 0.1160 -0.8611
vn -0.0549 -0.9967 -0.0591
vn -0.8483 -0.1363 0.5117
vn -0.0846 0.4727 0.8771
vn 0.1373 0.0669 0.9883
vn -0.8214 -0.0172 0.5701
vn 0.2276 -0.3081 0.9237
vn -0.0456 0.9450 0.3240
vn -0.5162 0.2609 -0.8158
vn -0.2322 -0.9361 -0.2640
vn -0.1358 -0.9424 0.3058
vn -0.3465 -0.8061 -0.4798
vn 0.1192 -0.9665 0.2273
vn -0.2941 -0.8399 -0.4562
vn -0.6623 -0.7065 -0.2495
vn -0.9104 -0.4007 0.1026
vn -0.6160 -0.5618 0.5522
vn -0.8009 -0.5904 0.1001
vn -0.1147 -0.3975 0.9104
vn 0.0218 -0.4202 0.9072
vn 0.0975 -0.5603 0.8225
vn 0.1479 -0.7776 0.6111
vn -0.3069 -0.9432 0.1270
vn 0.1360 -0.9336 0.3316
vn 0.4047 -0.9116 0.0716
vn -0.3212 -0.9468 -0.0208
vn 0.1210 -0.8130 -0.5696
vn -0.4965 0.0097 -0.8680
vn -0.6605 0.1080 0.7431
vn -0.1660 0.8687 0.4666
vn -0.6065 -0.1178 0.7863
vn -0.2134 -0.5084 -0.8342
vn -0.1218 -0.9541 -0.2735
vn -0.2134 -0.5085 -0.8342
vn 0.2276 -0.3080 0.9238
vn -0.2322 -0.9361 -0.2641
vn -0.0846 0.4726 0.8772
vn -0.2655 -0.6112 -0.7456
vn -0.1307 0.9868 0.0952
vn -0.4951 0.1160 -0.8610
vn -0.8214 -0.0173 0.5700
vn -0.5788 -0.7251 -0.3731
vn -0.5162 0.2608 -0.8158
vn -0.2134 -0.5084 -0.8343
vn -0.2041 -0.9780 -0.0427
vn -0.3106 -0.7932 -0.5238
vn -0.3464 -0.8061 -0.4797
vn -0.2940 -0.8399 -0.4561
vn -0.6160 -0.5617 0.5522
vn 0.0976 -0.5602 0.8226
vn 0.1360 -0.9336 0.3315
vn 0.4048 -0.9116 0.0716
vn -0.2495 -0.0702 -0.9658
vn -0.0235 -0.4338 -0.9007
vn -0.4146 -0.6925 -0.5904
vn -0.6433 -0.4462 0.6221
vn -0.4185 -0.7310 0.5390
vn -0.2148 -0.8069 0.5502
vn 0.3076 -0.4862 -0.8179
vn 0.3076 -0.4863 -0.8179
vn 0.1904 0.0449 -0.9807
vn -0.0235 -0.4339 -0.9007
vn -0.2496 -0.0702 -0.9658
vn 0.5388 -0.6510 -0.5346
vn 0.3103 0.1752 -0.9344
vn -0.4146 -0.6924 -0.5905
vn 0.4471 -0.5740 0.6860
vn 0.0355 -0.6185 0.7850
vn -0.6433 -0.4462 0.6222
vn 0.1078 -0.8075 -0.5799
vn -0.6493 0.1961 0.7348
vn -0.8556 -0.3281 -0.4004
vn -0.8225 -0.4102 0.3941
vn -0.5555 -0.1173 0.8232
vn -0.6066 -0.1177 0.7862
vn 0.9020 0.2237 -0.3692
vn -0.3497 0.9294 0.1180
vn -0.7584 -0.5769 -0.3034
vn -0.9805 -0.0966 -0.1711
vn -0.8829 0.4692 -0.0203
vn 0.0346 -0.9578 0.2854
vn -0.7870 -0.5952 0.1621
vn -0.9947 -0.1005 0.0205
vn -0.8941 0.4352 -0.1058
vn -0.3563 0.9142 -0.1930
vn 0.9750 0.1725 -0.1400
vn 0.2298 -0.8066 -0.5445
vn -0.9950 -0.0245 -0.0964
vn -0.8884 0.4582 -0.0275
vn -0.5239 0.8442 -0.1135
vn -0.0505 0.9603 -0.2745
vn 0.6245 0.3030 -0.7199
vn 0.6245 0.3029 -0.7199
vn 0.4528 -0.2317 -0.8610
vn -0.7538 -0.4388 0.4890
vn -0.6195 -0.2304 0.7504
vn -0.8926 -0.4473 -0.0565
vn -0.7165 0.2898 -0.6346
vn -0.5151 -0.8294 -0.2162
vn -0.4776 -0.1223 -0.8700
vn -0.9604 0.2540 -0.1146
vn -0.9489 -0.3150 -0.0180
vn -0.2462 0.9439 -0.2198
vn 0.8411 0.5273 -0.1207
vn 0.9741 -0.2211 -0.0469
vn 0.9741 -0.2212 -0.0469
vn 0.4971 -0.8675 0.0170
vn -0.5379 -0.8430 -0.0017
vn -0.9562 0.2678 -0.1177
vn -0.9535 -0.3008 -0.0201
vn -0.2529 0.9444 -0.2102
vn 0.8376 0.5334 -0.1177
vn 0.9749 -0.2176 -0.0475
vn 0.4722 -0.8814 0.0091
vn -0.5618 -0.8273 0.0011
vn -0.9435 0.3104 -0.1165
vn -0.9645 -0.2632 -0.0202
vn -0.2603 0.9405 -0.2184
vn 0.8211 0.5557 -0.1300
vn 0.9769 -0.2085 -0.0468
vn 0.9769 -0.2086 -0.0468
vn 0.4172 -0.9084 0.0281
vn -0.6291 -0.7773 0.0092
vn -0.5440 -0.1217 -0.8302
vn -0.2880 -0.3108 -0.9058
vn -0.0001 -0.3478 -0.9376
vn -0.1217 -0.9542 -0.2734
vn -0.8215 -0.0173 0.5700
vn 0.1372 0.0668 0.9883
vn -0.1308 0.9868 0.0951
vn -0.2655 -0.6113 -0.7456
vn -0.5789 -0.7251 -0.3731
vn -0.8404 -0.0347 0.5408
vn -0.8404 -0.0347 0.5409
vn -0.2654 -0.6113 -0.7456
vn -0.3137 -0.5060 -0.8034
vn -0.0846 0.4728 0.8771
vn -0.3137 -0.5061 -0.8034
vn -0.8128 -0.0178 0.5822
vn -0.8129 -0.0179 0.5822
vn -0.8128 -0.0178 0.5823
vn -0.8129 -0.0177 0.5822
vn -0.5439 0.7650 -0.3451
vn -0.8605 0.4074 -0.3059
vn -0.9688 -0.1106 -0.2218
vn -0.7401 -0.6476 -0.1814
vn -0.5028 0.8582 -0.1036
vn -0.4941 0.8518 -0.1739
vn -0.9129 0.4043 -0.0569
vn -0.9075 0.4012 -0.1246
vn -0.9908 -0.1355 -0.0015
vn -0.7835 -0.6201 0.0402
vn -0.7852 0.4719 -0.4009
vn -0.7540 0.1684 -0.6349
vn -0.7091 -0.4617 0.5329
vn -0.6068 -0.7264 0.3227
vn -0.4532 -0.1395 -0.8804
vn -0.3354 -0.9309 0.1448
vn -0.5022 -0.1141 0.8572
vn -0.3111 0.0529 0.9489
vn -0.4838 0.8638 -0.1406
vn -0.3115 0.9502 -0.0090
vn -0.6372 -0.2952 0.7120
vn -0.7295 0.6613 -0.1747
vn -0.7165 0.2897 -0.6345
vn -0.7660 0.4771 -0.4308
vn -0.6323 0.7184 -0.2899
vn -0.5096 0.8588 -0.0519
vn -0.3041 0.9502 -0.0676
vn -0.2840 -0.0230 0.9585
vn -0.5555 -0.1172 0.8232
vn -0.6196 -0.2304 0.7504
vn -0.7538 -0.4388 0.4891
vn 0.2862 -0.2120 -0.9344
vn 0.0448 -0.5833 -0.8110
vn -0.0152 -0.7354 -0.6775
vn 0.2708 -0.7322 -0.6249
vn -0.2708 -0.7322 -0.6249
vn 0.3768 -0.7391 -0.5584
vn -0.3769 -0.7391 -0.5584
vn 0.6313 0.2695 -0.7272
vn -0.0033 0.6533 -0.7570
vt 0.895023 0.926529
vt 0.939506 0.941131
vt 0.888927 0.951229
vt 0.938679 0.962044
vt 0.914482 0.889699
vt 0.941360 0.908363
vt 0.924083 0.879876
vt 0.941316 0.896693
vt 0.934360 0.979863
vt 0.929253 0.989376
vt 0.888081 0.976676
vt 0.887977 0.990296
vt 0.948094 0.911561
vt 0.948094 0.898951
vt 0.948094 0.885580
vt 0.940345 0.885013
vt 0.935651 0.870800
vt 0.930179 0.874541
vt 0.948094 0.944371
vt 0.948094 0.963248
vt 0.938559 0.991924
vt 0.948094 0.980889
vt 0.978213 0.896030
vt 0.965809 0.881413
vt 0.992162 0.933882
vt 0.995065 0.957224
vt 0.995582 0.986334
vt 0.955837 0.990119
vt 0.995177 0.975859
vt 0.959762 0.874243
vt 0.908421 0.599444
vt 0.879170 0.586619
vt 0.909588 0.557720
vt 0.867789 0.556779
vt 0.880736 0.527646
vt 0.910363 0.516277
vt 0.939139 0.529408
vt 0.950765 0.558983
vt 0.938055 0.587993
vt 0.893617 0.625176
vt 0.869237 0.614303
vt 0.850547 0.595095
vt 0.841168 0.569973
vt 0.841755 0.543251
vt 0.852424 0.518777
vt 0.871693 0.500208
vt 0.896706 0.490410
vt 0.923644 0.490970
vt 0.948237 0.501931
vt 0.966336 0.521756
vt 0.976467 0.546618
vt 0.975819 0.573536
vt 0.964790 0.598109
vt 0.945253 0.616510
vt 0.920265 0.625983
vt 0.890930 0.631818
vt 0.864658 0.619716
vt 0.844695 0.598746
vt 0.834274 0.571719
vt 0.834563 0.542771
vt 0.845872 0.515966
vt 0.866723 0.495367
vt 0.894104 0.484239
vt 0.923922 0.484475
vt 0.951523 0.496287
vt 0.972045 0.518097
vt 0.982934 0.545998
vt 0.981776 0.575993
vt 0.969231 0.603031
vt 0.947476 0.623008
vt 0.919969 0.633046
vt 0.887369 0.640419
vt 0.858580 0.626612
vt 0.837543 0.603175
vt 0.825401 0.574134
vt 0.825254 0.542218
vt 0.837363 0.512220
vt 0.860247 0.488809
vt 0.890704 0.475793
vt 0.924249 0.475503
vt 0.955785 0.488380
vt 0.980525 0.512671
vt 0.991877 0.545415
vt 0.990032 0.579427
vt 0.975431 0.609641
vt 0.950636 0.631625
vt 0.919676 0.642308
vt 0.925376 0.595641
vt 0.893449 0.596520
vt 0.908065 0.557423
vt 0.947146 0.572276
vt 0.946111 0.540412
vt 0.922937 0.518732
vt 0.891335 0.520074
vt 0.869437 0.543102
vt 0.870300 0.574762
vt 0.897485 0.625931
vt 0.924164 0.625029
vt 0.948708 0.614263
vt 0.966849 0.594515
vt 0.976357 0.569535
vt 0.975679 0.542845
vt 0.964811 0.518392
vt 0.945322 0.499904
vt 0.920152 0.490288
vt 0.893242 0.491192
vt 0.869015 0.502752
vt 0.850275 0.521976
vt 0.840749 0.547161
vt 0.841723 0.574077
vt 0.852903 0.598477
vt 0.872491 0.616655
vt 0.897476 0.633096
vt 0.926371 0.631767
vt 0.952756 0.619847
vt 0.972580 0.598727
vt 0.983201 0.571796
vt 0.982807 0.542705
vt 0.971237 0.515776
vt 0.950054 0.495164
vt 0.922338 0.484166
vt 0.892321 0.484726
vt 0.865102 0.497214
vt 0.844517 0.518969
vt 0.834305 0.547196
vt 0.835757 0.576967
vt 0.848398 0.603661
vt 0.870108 0.623309
vt 0.897540 0.642405
vt 0.929409 0.640443
vt 0.957717 0.626642
vt 0.979892 0.604302
vt 0.992035 0.574785
vt 0.992100 0.542436
vt 0.979705 0.512136
vt 0.956382 0.488618
vt 0.925410 0.475730
vt 0.891347 0.475797
vt 0.859286 0.488997
vt 0.836450 0.515065
vt 0.825362 0.547273
vt 0.827526 0.580759
vt 0.842229 0.610456
vt 0.866896 0.632001
vt 0.084807 0.080837
vt 0.081851 0.085714
vt 0.052518 0.055760
vt 0.051237 0.057873
vt 0.139537 0.126733
vt 0.136568 0.131818
vt 0.142238 0.120897
vt 0.085919 0.073972
vt 0.076755 0.089228
vt 0.132825 0.136779
vt 0.053654 0.053206
vt 0.049580 0.059988
vt 0.027830 0.036585
vt 0.018908 0.185198
vt 0.013285 0.184805
vt 0.017602 0.134766
vt 0.015165 0.134595
vt 0.018522 0.272677
vt 0.012731 0.272392
vt 0.024718 0.272224
vt 0.024882 0.182383
vt 0.007347 0.181246
vt 0.006543 0.271180
vt 0.020284 0.134516
vt 0.012488 0.134011
vt 0.016603 0.096205
vt 0.018908 0.111148
vt 0.013285 0.110755
vt 0.017602 0.060716
vt 0.015165 0.060546
vt 0.018522 0.198627
vt 0.012731 0.198342
vt 0.024718 0.198174
vt 0.024882 0.108333
vt 0.007347 0.107196
vt 0.006543 0.197130
vt 0.020284 0.060466
vt 0.012488 0.059961
vt 0.016603 0.022155
vt 0.018908 0.256474
vt 0.013285 0.256081
vt 0.017602 0.206042
vt 0.015165 0.205871
vt 0.018522 0.343953
vt 0.012731 0.343668
vt 0.024718 0.343500
vt 0.024882 0.253659
vt 0.007347 0.252522
vt 0.006543 0.342456
vt 0.020284 0.205792
vt 0.012488 0.205287
vt 0.016603 0.167481
vt 0.059841 0.180164
vt 0.053766 0.181117
vt 0.057920 0.175267
vt 0.054069 0.175905
vt 0.062958 0.190537
vt 0.054086 0.191994
vt 0.070134 0.194936
vt 0.063430 0.178258
vt 0.049761 0.180446
vt 0.048664 0.198445
vt 0.059741 0.173495
vt 0.051782 0.174792
vt 0.054772 0.168086
vt 0.060016 0.181511
vt 0.054023 0.182411
vt 0.057688 0.174430
vt 0.054163 0.174970
vt 0.062543 0.191187
vt 0.054456 0.192404
vt 0.069529 0.194300
vt 0.063574 0.179986
vt 0.050174 0.182002
vt 0.048696 0.197433
vt 0.059564 0.173031
vt 0.051957 0.174187
vt 0.054542 0.165589
vt 0.691982 0.614725
vt 0.712915 0.618135
vt 0.691724 0.616457
vt 0.712740 0.619305
vt 0.691429 0.619068
vt 0.712541 0.621069
vt 0.691228 0.621688
vt 0.712405 0.622839
vt 0.736858 0.622035
vt 0.756517 0.625238
vt 0.736780 0.622563
vt 0.736690 0.623358
vt 0.736629 0.624156
vt 0.097267 0.133414
vt 0.103651 0.174759
vt 0.095246 0.133530
vt 0.098985 0.175027
vt 0.112543 0.246755
vt 0.107749 0.247130
vt 0.117592 0.245730
vt 0.108269 0.171815
vt 0.093725 0.172726
vt 0.102532 0.246785
vt 0.099447 0.132926
vt 0.092982 0.133331
vt 0.092387 0.101801
vt 0.111154 0.233387
vt 0.106488 0.233655
vt 0.104771 0.192042
vt 0.102749 0.192158
vt 0.120046 0.305383
vt 0.115252 0.305758
vt 0.125095 0.304357
vt 0.115772 0.230442
vt 0.101229 0.231353
vt 0.110035 0.305412
vt 0.106951 0.191554
vt 0.100485 0.191959
vt 0.099890 0.160429
vt 0.494515 0.516345
vt 0.507892 0.502940
vt 0.516585 0.507924
vt 0.520831 0.484498
vt 0.530375 0.490161
vt 0.523697 0.466548
vt 0.535049 0.464422
vt 0.428634 0.513324
vt 0.440994 0.492036
vt 0.451941 0.515944
vt 0.401031 0.533706
vt 0.390589 0.533703
vt 0.401850 0.516822
vt 0.390532 0.518136
vt 0.391975 0.501976
vt 0.398006 0.485538
vt 0.404223 0.501282
vt 0.408181 0.487258
vt 0.403239 0.467236
vt 0.404880 0.453603
vt 0.415719 0.467382
vt 0.416777 0.447001
vt 0.396671 0.431384
vt 0.391991 0.441311
vt 0.376027 0.439925
vt 0.381303 0.452910
vt 0.375107 0.458509
vt 0.365408 0.468021
vt 0.357651 0.455349
vt 0.356245 0.473678
vt 0.339527 0.466403
vt 0.346811 0.479984
vt 0.415622 0.512290
vt 0.411637 0.533783
vt 0.426476 0.533866
vt 0.416259 0.499422
vt 0.414534 0.491612
vt 0.428126 0.475576
vt 0.428520 0.497553
vt 0.433944 0.451816
vt 0.432286 0.422235
vt 0.446726 0.431683
vt 0.406463 0.413159
vt 0.464315 0.416473
vt 0.457556 0.401272
vt 0.457659 0.495681
vt 0.457737 0.479560
vt 0.467814 0.485252
vt 0.492348 0.500159
vt 0.472870 0.499198
vt 0.489856 0.490837
vt 0.476796 0.490326
vt 0.505567 0.495245
vt 0.512117 0.478553
vt 0.516474 0.481525
vt 0.501749 0.487123
vt 0.511496 0.464449
vt 0.517741 0.465556
vt 0.497205 0.444285
vt 0.503079 0.438326
vt 0.499380 0.446549
vt 0.504166 0.439458
vt 0.514814 0.427444
vt 0.501433 0.423252
vt 0.494273 0.436005
vt 0.487652 0.424681
vt 0.484450 0.436894
vt 0.470605 0.430691
vt 0.474005 0.440234
vt 0.468557 0.449986
vt 0.465690 0.446738
vt 0.475875 0.445186
vt 0.459648 0.440341
vt 0.449899 0.455316
vt 0.457414 0.458204
vt 0.460671 0.459604
vt 0.452471 0.470046
vt 0.456818 0.470769
vt 0.451809 0.484761
vt 0.572395 0.496774
vt 0.574616 0.514486
vt 0.543571 0.497227
vt 0.547992 0.516245
vt 0.599414 0.485963
vt 0.595112 0.513541
vt 0.623587 0.512570
vt 0.557010 0.467856
vt 0.577423 0.470890
vt 0.575817 0.533620
vt 0.549052 0.533783
vt 0.533385 0.413278
vt 0.559852 0.372734
vt 0.548212 0.438688
vt 0.576346 0.438801
vt 0.538236 0.362833
vt 0.591774 0.292721
vt 0.514625 0.402813
vt 0.490436 0.369496
vt 0.483174 0.406110
vt 0.516753 0.363016
vt 0.497944 0.401476
vt 0.457187 0.365483
vt 0.379697 0.382655
vt 0.376549 0.421451
vt 0.348053 0.390946
vt 0.351765 0.431976
vt 0.330045 0.444454
vt 0.317141 0.400414
vt 0.600085 0.464753
vt 0.601547 0.451988
vt 0.622966 0.456493
vt 0.613283 0.424843
vt 0.622432 0.402455
vt 0.653189 0.423381
vt 0.634218 0.385101
vt 0.648353 0.371875
vt 0.671408 0.462837
vt 0.658324 0.452688
vt 0.625316 0.471020
vt 0.673216 0.477943
vt 0.674932 0.519261
vt 0.625727 0.533863
vt 0.678936 0.446201
vt 0.669790 0.417042
vt 0.660777 0.370031
vt 0.709008 0.382279
vt 0.686410 0.408183
vt 0.676695 0.369882
vt 0.724146 0.390138
vt 0.719385 0.403512
vt 0.703100 0.434260
vt 0.735094 0.439275
vt 0.750648 0.448539
vt 0.708533 0.469451
vt 0.706323 0.455409
vt 0.701199 0.519677
vt 0.741149 0.492448
vt 0.735917 0.533783
vt 0.596692 0.533778
vt 0.526010 0.448014
vt 0.505088 0.453518
vt 0.512859 0.451324
vt 0.586621 0.426349
vt 0.577086 0.378543
vt 0.581977 0.346249
vt 0.597211 0.299264
vt 0.473041 0.517063
vt 0.472094 0.533783
vt 0.450385 0.533783
vt 0.443475 0.470981
vt 0.526772 0.517729
vt 0.494241 0.533783
vt 0.527948 0.533783
vt 0.491792 0.478576
vt 0.496771 0.482849
vt 0.487033 0.483850
vt 0.488445 0.487343
vt 0.499010 0.471371
vt 0.505563 0.474962
vt 0.499726 0.457614
vt 0.505611 0.461031
vt 0.499855 0.454302
vt 0.502472 0.453910
vt 0.886818 0.363008
vt 0.890956 0.361777
vt 0.908859 0.378867
vt 0.910771 0.376652
vt 0.865672 0.333284
vt 0.872654 0.332245
vt 0.602779 0.444991
vt 0.593683 0.418471
vt 0.930902 0.383286
vt 0.929900 0.387936
vt 0.947958 0.381078
vt 0.950505 0.384902
vt 0.958048 0.372970
vt 0.953031 0.369840
vt 0.958143 0.356654
vt 0.959291 0.316671
vt 0.963149 0.355873
vt 0.963719 0.315881
vt 0.954935 0.296386
vt 0.951412 0.297349
vt 0.926830 0.349981
vt 0.918083 0.319290
vt 0.885403 0.308167
vt 0.937043 0.270990
vt 0.746137 0.411741
vt 0.563516 0.278545
vt 0.603332 0.295529
vt 0.506364 0.309828
vt 0.749232 0.346768
vt 0.744152 0.344507
vt 0.748586 0.337354
vt 0.757591 0.344439
vt 0.594090 0.291146
vt 0.589831 0.275617
vt 0.570262 0.272847
vt 0.758882 0.327659
vt 0.778467 0.338364
vt 0.568857 0.263289
vt 0.518392 0.286239
vt 0.490965 0.294520
vt 0.519465 0.267607
vt 0.802430 0.347553
vt 0.830829 0.360706
vt 0.829304 0.365213
vt 0.470123 0.312413
vt 0.414654 0.376754
vt 0.417086 0.330277
vt 0.372867 0.345932
vt 0.339450 0.363876
vt 0.308130 0.375863
vt 0.957790 0.442169
vt 0.952052 0.459255
vt 0.919403 0.436866
vt 0.909315 0.455369
vt 0.986291 0.467995
vt 0.990930 0.451141
vt 0.271931 0.974699
vt 0.264454 0.963147
vt 0.283302 0.969699
vt 0.271768 0.953124
vt 0.276434 0.987542
vt 0.288734 0.986975
vt 0.795252 0.493957
vt 0.815918 0.515276
vt 0.781804 0.531543
vt 0.808938 0.533783
vt 0.258211 0.936879
vt 0.248907 0.947091
vt 0.234281 0.917050
vt 0.222558 0.931490
vt 0.780357 0.414593
vt 0.822748 0.381007
vt 0.861863 0.437813
vt 0.801367 0.402994
vt 0.829459 0.454800
vt 0.885848 0.401665
vt 0.850531 0.375658
vt 0.763064 0.377985
vt 0.740532 0.394057
vt 0.785656 0.376078
vt 0.784423 0.335904
vt 0.324331 0.924584
vt 0.314767 0.896971
vt 0.352869 0.905752
vt 0.337886 0.875044
vt 0.303071 0.924861
vt 0.300732 0.898149
vt 0.216635 0.882058
vt 0.242741 0.867622
vt 0.243391 0.908025
vt 0.260931 0.889219
vt 0.187674 0.839917
vt 0.222378 0.835012
vt 0.362103 0.836863
vt 0.383203 0.846786
vt 0.394557 0.772248
vt 0.371869 0.769500
vt 0.373396 0.664104
vt 0.389615 0.718394
vt 0.350931 0.680172
vt 0.369569 0.719917
vt 0.280938 0.898436
vt 0.277970 0.925310
vt 0.309121 0.866553
vt 0.275585 0.864740
vt 0.314111 0.826016
vt 0.269224 0.826736
vt 0.174490 0.783356
vt 0.215761 0.785257
vt 0.126289 0.851196
vt 0.127542 0.789673
vt 0.150055 0.849507
vt 0.150336 0.781909
vt 0.347072 0.616976
vt 0.340345 0.541886
vt 0.378550 0.605205
vt 0.374575 0.542096
vt 0.409937 0.602036
vt 0.407887 0.542096
vt 0.477592 0.594646
vt 0.475910 0.542883
vt 0.608474 0.542096
vt 0.608208 0.587675
vt 0.551290 0.542261
vt 0.552923 0.590614
vt 0.691821 0.580233
vt 0.691698 0.542096
vt 0.597772 0.641923
vt 0.554190 0.646818
vt 0.710671 0.322678
vt 0.713890 0.340492
vt 0.676022 0.344278
vt 0.602053 0.709469
vt 0.626347 0.648861
vt 0.660467 0.651705
vt 0.651323 0.703107
vt 0.622595 0.764260
vt 0.660497 0.753053
vt 0.693801 0.800845
vt 0.658766 0.815962
vt 0.715286 0.215071
vt 0.710356 0.236149
vt 0.681132 0.212803
vt 0.677257 0.232067
vt 0.725359 0.852417
vt 0.724715 0.822905
vt 0.762413 0.824434
vt 0.762221 0.855008
vt 0.803189 0.842752
vt 0.791301 0.818782
vt 0.841096 0.820687
vt 0.815344 0.797360
vt 0.767474 0.794043
vt 0.723835 0.794938
vt 0.773571 0.750148
vt 0.832338 0.762618
vt 0.720185 0.750093
vt 0.316487 0.777598
vt 0.266322 0.782466
vt 0.312158 0.734170
vt 0.305341 0.696905
vt 0.218477 0.754287
vt 0.221088 0.720470
vt 0.264371 0.743065
vt 0.259907 0.710346
vt 0.174306 0.754575
vt 0.185238 0.723433
vt 0.149315 0.746141
vt 0.128010 0.759686
vt 0.504058 0.836597
vt 0.511834 0.902435
vt 0.433450 0.842389
vt 0.434061 0.903289
vt 0.412575 0.660898
vt 0.482382 0.654209
vt 0.421362 0.716282
vt 0.489941 0.710602
vt 0.563150 0.709658
vt 0.340255 0.157687
vt 0.366629 0.148341
vt 0.370825 0.236636
vt 0.407446 0.223838
vt 0.344450 0.246494
vt 0.319528 0.166437
vt 0.322543 0.254439
vt 0.298713 0.174959
vt 0.431683 0.213944
vt 0.386994 0.141170
vt 0.459781 0.194274
vt 0.422215 0.114653
vt 0.477381 0.174610
vt 0.438025 0.097481
vt 0.493887 0.153120
vt 0.295768 0.261176
vt 0.273673 0.186645
vt 0.455770 0.247511
vt 0.474954 0.233294
vt 0.483306 0.249337
vt 0.491658 0.265381
vt 0.462117 0.262643
vt 0.468465 0.277775
vt 0.416857 0.261760
vt 0.423193 0.277771
vt 0.363714 0.322644
vt 0.359218 0.302450
vt 0.392875 0.308417
vt 0.386750 0.291419
vt 0.354721 0.282256
vt 0.330875 0.291009
vt 0.333148 0.313331
vt 0.380625 0.274420
vt 0.496670 0.771167
vt 0.426898 0.771774
vt 0.570911 0.766585
vt 0.587119 0.825552
vt 0.594379 0.899998
vt 0.667539 0.897606
vt 0.599018 0.942233
vt 0.672372 0.942496
vt 0.601100 0.987602
vt 0.675148 0.987542
vt 0.515691 0.941885
vt 0.438230 0.942257
vt 0.517544 0.987777
vt 0.440502 0.987542
vt 0.327146 0.944129
vt 0.358276 0.943649
vt 0.333773 0.987542
vt 0.364198 0.987542
vt 0.303011 0.946092
vt 0.310263 0.987542
vt 0.125861 0.727857
vt 0.150620 0.709546
vt 0.298157 0.317615
vt 0.297229 0.291537
vt 0.226925 0.565114
vt 0.303009 0.598042
vt 0.247010 0.591173
vt 0.551538 0.163581
vt 0.519395 0.191094
vt 0.525044 0.161058
vt 0.505933 0.185542
vt 0.302774 0.569521
vt 0.493725 0.207219
vt 0.501706 0.217218
vt 0.509686 0.227217
vt 0.779152 0.700564
vt 0.721896 0.697435
vt 0.838458 0.715571
vt 0.728372 0.653871
vt 0.785579 0.660666
vt 0.843804 0.674851
vt 0.746951 0.250777
vt 0.758266 0.282450
vt 0.703743 0.269348
vt 0.707952 0.304901
vt 0.784132 0.235336
vt 0.798873 0.261094
vt 0.826790 0.218953
vt 0.843088 0.243470
vt 0.744719 0.224176
vt 0.779394 0.210983
vt 0.804970 0.183800
vt 0.812966 0.197904
vt 0.776405 0.193598
vt 0.864825 0.776729
vt 0.886059 0.731341
vt 0.896751 0.692720
vt 0.864737 0.202909
vt 0.884279 0.226953
vt 0.838095 0.168925
vt 0.848334 0.182896
vt 0.731520 0.900397
vt 0.777797 0.881445
vt 0.863850 0.888193
vt 0.860870 0.909527
vt 0.829797 0.901217
vt 0.840044 0.913468
vt 0.882650 0.914658
vt 0.893529 0.899376
vt 0.806341 0.930090
vt 0.795953 0.916079
vt 0.766646 0.947479
vt 0.781247 0.957369
vt 0.755678 0.987542
vt 0.771848 0.987542
vt 0.810318 0.866655
vt 0.862656 0.848408
vt 0.917518 0.862980
vt 0.943052 0.811652
vt 0.902676 0.796629
vt 0.928092 0.747811
vt 0.965149 0.758160
vt 0.940761 0.705069
vt 0.982074 0.721354
vt 0.808845 0.583597
vt 0.750447 0.586067
vt 0.795786 0.542096
vt 0.745513 0.542096
vt 0.919907 0.175685
vt 0.923374 0.175108
vt 0.926690 0.215815
vt 0.942698 0.232428
vt 0.892160 0.180712
vt 0.913540 0.202246
vt 0.600856 0.172296
vt 0.616613 0.167754
vt 0.635043 0.208962
vt 0.644378 0.194441
vt 0.587547 0.254090
vt 0.553291 0.204131
vt 0.594806 0.249619
vt 0.554588 0.202120
vt 0.671198 0.266466
vt 0.617151 0.235594
vt 0.666205 0.321421
vt 0.641182 0.323786
vt 0.625060 0.625592
vt 0.278930 0.046370
vt 0.292902 0.047865
vt 0.281553 0.056956
vt 0.294572 0.059382
vt 0.318122 0.100749
vt 0.316270 0.078940
vt 0.337040 0.093961
vt 0.332329 0.074912
vt 0.354970 0.088284
vt 0.349738 0.071253
vt 0.375808 0.054904
vt 0.382198 0.070804
vt 0.390515 0.042793
vt 0.397654 0.057271
vt 0.226249 0.082256
vt 0.236927 0.088822
vt 0.222036 0.098239
vt 0.234505 0.104176
vt 0.376283 0.018350
vt 0.384335 0.029511
vt 0.362031 0.031835
vt 0.369605 0.043839
vt 0.345556 0.061007
vt 0.340652 0.049995
vt 0.330351 0.063373
vt 0.327930 0.050657
vt 0.314766 0.062393
vt 0.312978 0.050817
vt 0.295684 0.070375
vt 0.294800 0.083932
vt 0.283586 0.066625
vt 0.279104 0.077283
vt 0.230342 0.121304
vt 0.217331 0.115464
vt 0.282762 0.101395
vt 0.264204 0.106558
vt 0.270920 0.089782
vt 0.258084 0.093338
vt 0.247134 0.108607
vt 0.247205 0.094139
vt 0.244656 0.126423
vt 0.260456 0.075884
vt 0.246981 0.081219
vt 0.271332 0.064280
vt 0.265123 0.049745
vt 0.248106 0.057658
vt 0.233975 0.070151
vt 0.299746 0.108252
vt 0.279544 0.116227
vt 0.257705 0.132783
vt 0.196522 0.681963
vt 0.163181 0.691360
vt 0.142863 0.691348
vt 0.132836 0.661104
vt 0.196868 0.640546
vt 0.134226 0.678906
vt 0.200338 0.666327
vt 0.186567 0.623362
vt 0.135641 0.641815
vt 0.173697 0.612100
vt 0.144461 0.623223
vt 0.793174 0.147431
vt 0.814260 0.139551
vt 0.808433 0.132716
vt 0.832455 0.120501
vt 0.839259 0.127884
vt 0.634477 0.135664
vt 0.661270 0.141981
vt 0.633238 0.142836
vt 0.660926 0.153954
vt 0.692190 0.145850
vt 0.690565 0.163439
vt 0.720326 0.162285
vt 0.743804 0.206658
vt 0.744522 0.158414
vt 0.769687 0.153519
vt 0.692416 0.072744
vt 0.692835 0.081963
vt 0.667425 0.082521
vt 0.668864 0.089554
vt 0.715654 0.077580
vt 0.714745 0.085818
vt 0.739815 0.083900
vt 0.737403 0.092139
vt 0.758538 0.088161
vt 0.754479 0.095463
vt 0.777444 0.088314
vt 0.778622 0.096554
vt 0.799747 0.082035
vt 0.800756 0.090354
vt 0.806646 0.123557
vt 0.830696 0.111434
vt 0.639260 0.130286
vt 0.666666 0.132345
vt 0.690604 0.050704
vt 0.705693 0.050627
vt 0.675082 0.055236
vt 0.688946 0.032754
vt 0.703756 0.032793
vt 0.671104 0.034265
vt 0.739150 0.069641
vt 0.725431 0.065412
vt 0.759590 0.074098
vt 0.778365 0.074677
vt 0.799827 0.069259
vt 0.819895 0.060044
vt 0.820857 0.073625
vt 0.640225 0.097261
vt 0.635761 0.085273
vt 0.656058 0.067446
vt 0.686234 0.013552
vt 0.705270 0.014032
vt 0.666944 0.016902
vt 0.718107 0.037830
vt 0.724483 0.022332
vt 0.718719 0.049282
vt 0.744121 0.038712
vt 0.735006 0.053869
vt 0.767665 0.048217
vt 0.764386 0.062166
vt 0.781398 0.062828
vt 0.783772 0.048225
vt 0.800058 0.056231
vt 0.799346 0.042450
vt 0.819264 0.047315
vt 0.817104 0.032233
vt 0.629717 0.074157
vt 0.648094 0.055601
vt 0.622761 0.060345
vt 0.637308 0.044013
vt 0.662841 0.051903
vt 0.648270 0.029684
vt 0.657679 0.042008
vt 0.213341 0.673182
vt 0.249157 0.693636
vt 0.227351 0.693497
vt 0.282953 0.644209
vt 0.283268 0.675943
vt 0.213480 0.653239
vt 0.222112 0.630036
vt 0.266301 0.614443
vt 0.233706 0.612788
vt 0.008939 0.560080
vt 0.008939 0.578872
vt 0.033592 0.562427
vt 0.028864 0.578979
vt 0.053809 0.575995
vt 0.048574 0.593411
vt 0.083064 0.595167
vt 0.074423 0.610536
vt 0.099701 0.608524
vt 0.087347 0.623676
vt 0.115932 0.623303
vt 0.102748 0.638431
vt 0.061894 0.425332
vt 0.053979 0.468222
vt 0.096143 0.436143
vt 0.083327 0.477164
vt 0.010292 0.426576
vt 0.009826 0.468404
vt 0.148425 0.445060
vt 0.131487 0.489188
vt 0.170116 0.500846
vt 0.194579 0.456658
vt 0.199791 0.514405
vt 0.230578 0.471348
vt 0.115430 0.277982
vt 0.165387 0.278045
vt 0.115593 0.236890
vt 0.161120 0.236706
vt 0.068394 0.275324
vt 0.069682 0.233189
vt 0.009017 0.272551
vt 0.009759 0.229249
vt 0.225523 0.275024
vt 0.223972 0.230540
vt 0.267096 0.272258
vt 0.262905 0.220675
vt 0.205120 0.178809
vt 0.233500 0.166477
vt 0.147405 0.187543
vt 0.105514 0.191281
vt 0.063243 0.191296
vt 0.008939 0.188449
vt 0.067174 0.087972
vt 0.041478 0.087052
vt 0.095407 0.145370
vt 0.056787 0.145773
vt 0.091978 0.085916
vt 0.133902 0.139787
vt 0.116319 0.074068
vt 0.186864 0.130720
vt 0.130536 0.061359
vt 0.205820 0.116611
vt 0.204571 0.411975
vt 0.155021 0.405016
vt 0.244166 0.423029
vt 0.008833 0.353185
vt 0.009359 0.391345
vt 0.065555 0.354752
vt 0.063964 0.391108
vt 0.108339 0.362396
vt 0.102250 0.399596
vt 0.008939 0.141921
vt 0.008939 0.082792
vt 0.008939 0.037557
vt 0.022725 0.040034
vt 0.026710 0.023125
vt 0.015940 0.022263
vt 0.041896 0.040573
vt 0.070222 0.027110
vt 0.064945 0.034218
vt 0.058914 0.038849
vt 0.008939 0.000999
vt 0.033172 0.016886
vt 0.008939 0.020432
vt 0.035542 0.010545
vt 0.714350 0.615852
vt 0.717006 0.608227
vt 0.716638 0.616558
vt 0.721583 0.609639
vt 0.726308 0.623717
vt 0.723494 0.619286
vt 0.726544 0.619907
vt 0.728351 0.615695
vt 0.703752 0.616626
vt 0.714586 0.618004
vt 0.714385 0.620186
vt 0.724118 0.618759
vt 0.700208 0.617616
vt 0.699598 0.611789
vt 0.702237 0.621786
vt 0.731099 0.620359
vt 0.733693 0.609905
vt 0.735027 0.617957
vt 0.737548 0.614152
vt 0.738380 0.612229
vt 0.743501 0.613413
vt 0.737860 0.613848
vt 0.712584 0.609483
vt 0.708265 0.607110
vt 0.717752 0.609138
vt 0.711382 0.614778
vt 0.711152 0.615877
vt 0.701893 0.617594
vt 0.704936 0.614908
vt 0.707095 0.616094
vt 0.732509 0.610165
vt 0.734569 0.605360
vt 0.740448 0.612833
vt 0.741477 0.610430
vt 0.723383 0.619859
vt 0.723692 0.621617
vt 0.731410 0.622500
vt 0.730910 0.621143
vt 0.741960 0.624810
vt 0.460416 0.477464
vt 0.467621 0.482757
vt 0.468402 0.481525
vt 0.460447 0.471788
vt 0.464624 0.461534
vt 0.470115 0.454943
vt 0.476062 0.450366
vt 0.481856 0.447597
vt 0.482875 0.443262
vt 0.490820 0.443146
vt 0.487960 0.447091
vt 0.493624 0.449146
vt 0.735974 0.616562
vt 0.740335 0.622018
vt 0.739861 0.622716
vt 0.699840 0.616042
vt 0.695400 0.617661
vt 0.696973 0.615407
vt 0.724251 0.610825
vt 0.717972 0.617151
vt 0.712392 0.612312
vt 0.707997 0.616043
vt 0.711454 0.611832
vt 0.707528 0.615803
vt 0.738086 0.612155
vt 0.738322 0.611623
vt 0.743819 0.612028
vt 0.726015 0.611192
vt 0.725536 0.611495
vt 0.722496 0.609115
vt 0.721536 0.609721
vt 0.129059 0.960658
vt 0.124482 0.977381
vt 0.107906 0.955407
vt 0.112557 0.984512
vt 0.101305 0.985262
vt 0.094415 0.977488
vt 0.078245 0.971226
vt 0.078900 0.962092
vt 0.079551 0.953007
vt 0.082852 0.944831
vt 0.092753 0.936654
vt 0.103330 0.934554
vt 0.113907 0.935979
vt 0.122758 0.940855
vt 0.126959 0.949706
vt 0.379524 0.503117
vt 0.386559 0.485192
vt 0.391911 0.464384
vt 0.370932 0.471430
vt 0.383274 0.463352
vt 0.360423 0.479071
vt 0.381920 0.533783
vt 0.379927 0.519441
vt 0.293828 0.456899
vt 0.291605 0.468961
vt 0.254560 0.456235
vt 0.252568 0.467629
vt 0.253896 0.481345
vt 0.261307 0.495504
vt 0.286417 0.490527
vt 0.301682 0.494288
vt 0.284873 0.512079
vt 0.304669 0.496942
vt 0.313961 0.489144
vt 0.318895 0.522276
vt 0.300279 0.517240
vt 0.332657 0.518956
vt 0.329005 0.477474
vt 0.308817 0.484056
vt 0.319049 0.467186
vt 0.592637 0.343620
vt 0.606691 0.308419
vt 0.605840 0.346863
vt 0.917383 0.273719
vt 0.827034 0.496590
vt 0.726116 0.609783
vt 0.718647 0.617583
vt 0.871598 0.162017
vt 0.571788 0.180113
vt 0.791820 0.137860
vt 0.862319 0.151062
vt 0.723978 0.146103
vt 0.748250 0.145170
vt 0.770692 0.142697
vt 0.693504 0.130518
vt 0.720135 0.133261
vt 0.743322 0.134470
vt 0.764598 0.133435
vt 0.787675 0.129588
vt 0.822194 0.078925
vt 0.642023 0.102225
vt 0.667484 0.298693
vt 0.764304 0.297066
vt 0.806735 0.275702
vt 0.851946 0.257474
vt 0.895024 0.240533
vt 0.914353 0.176618
vt 0.602139 0.245164
vt 0.557988 0.197825
vt 0.771296 0.312744
vt 0.814804 0.290788
vt 0.861133 0.272553
vt 0.906334 0.255402
vt 0.839791 0.482470
vt 0.877163 0.459139
vt 0.183749 0.920642
vt 0.190569 0.903289
vt 0.143551 0.915320
vt 0.147800 0.897509
vt 0.104500 0.914744
vt 0.104913 0.894479
vt 0.337099 0.149776
vt 0.362493 0.140800
vt 0.382592 0.133751
vt 0.416631 0.108442
vt 0.432406 0.091885
vt 0.295633 0.166516
vt 0.271450 0.179149
vt 0.316422 0.158244
vt 0.332492 0.137965
vt 0.356342 0.129511
vt 0.375941 0.122792
vt 0.408335 0.099345
vt 0.424030 0.083542
vt 0.291566 0.154330
vt 0.268138 0.167974
vt 0.312336 0.146183
vt 0.320167 0.106022
vt 0.339772 0.099001
vt 0.357947 0.093160
vt 0.385891 0.074832
vt 0.401388 0.060991
vt 0.281212 0.121590
vt 0.259182 0.137765
vt 0.301480 0.113617
vt 0.961813 0.424268
vt 0.926212 0.416886
vt 0.994327 0.432178
vt 0.476431 0.485608
vt 0.105335 0.852685
vt 0.106026 0.792251
vt 0.106062 0.766250
vt 0.104483 0.739507
vt 0.214287 0.546006
vt 0.302547 0.542096
vt 0.737897 0.623917
vt 0.712835 0.614815
vt 0.708983 0.620355
vt 0.710908 0.614957
vt 0.732398 0.610713
vt 0.730240 0.605406
vt 0.735325 0.606467
vt 0.345044 0.515969
vt 0.350964 0.485949
vt 0.711693 0.623476
vt 0.744695 0.627474
vt 0.733059 0.614218
vt 0.734023 0.611221
vt 0.733642 0.611279
vt 0.733205 0.612263
vt 0.712546 0.610361
vt 0.716113 0.610098
vt 0.719035 0.614418
vt 0.719462 0.612382
vt 0.701606 0.622706
vt 0.729535 0.613269
vt 0.748386 0.615500
vt 0.703602 0.619775
vt 0.113528 0.538329
vt 0.143993 0.551479
vt 0.068108 0.521676
vt 0.045647 0.513477
vt 0.010110 0.516375
vt 0.164550 0.565790
vt 0.214675 0.368359
vt 0.257042 0.375777
vt 0.227058 0.323803
vt 0.272389 0.329044
vt 0.161237 0.365312
vt 0.169512 0.321297
vt 0.115241 0.318738
vt 0.067209 0.312785
vt 0.009265 0.308770
vt 0.060735 0.867543
vt 0.010207 0.878196
vt 0.060881 0.814806
vt 0.010207 0.829052
vt 0.060881 0.944248
vt 0.010207 0.944248
vt 0.060881 0.997802
vt 0.010207 0.997802
vt 0.010207 0.652149
vt 0.060881 0.652149
vt 0.010207 0.695275
vt 0.060881 0.688320
vt 0.010207 0.611891
vt 0.060881 0.611891
vt 0.010207 0.747872
vt 0.060881 0.735762
vt 0.004278 0.997802
vt 0.004278 0.944248
vt 0.004278 0.878196
vt 0.004278 0.829052
vt 0.004278 0.747872
vt 0.004278 0.695333
vt 0.004278 0.652149
vt 0.004278 0.611891
vt 0.067246 0.611891
vt 0.067246 0.652149
vt 0.067246 0.688490
vt 0.067246 0.735762
vt 0.067246 0.814806
vt 0.070825 0.868907
vt 0.067246 0.944248
vt 0.067246 0.997802
vt 0.429528 0.293783
vt 0.335422 0.335653
vt 0.299084 0.343692
vt 0.578032 0.166104
vt 0.532856 0.196646
vt 0.507912 0.502932
vt 0.530410 0.490106
vt 0.535023 0.464416
vt 0.523567 0.466541
vt 0.396578 0.431388
vt 0.376007 0.439942
vt 0.357707 0.455416
vt 0.339742 0.466265
vt 0.406800 0.412818
vt 0.517711 0.465543
vt 0.351796 0.431963
vt 0.330055 0.444437
vt 0.525969 0.448145
vt 0.953023 0.369865
vt 0.926836 0.350014
vt 0.919414 0.436888
vt 0.957706 0.442159
vt 0.990843 0.451119
vt 0.782062 0.530950
vt 0.794888 0.494320
vt 0.861724 0.437988
vt 0.829218 0.455256
vt 0.362224 0.836879
vt 0.371928 0.769586
vt 0.369597 0.719907
vt 0.389643 0.718683
vt 0.677257 0.232059
vt 0.710362 0.236147
vt 0.715329 0.215019
vt 0.747001 0.250695
vt 0.744725 0.224182
vt 0.776404 0.193604
vt 0.804863 0.183861
vt 0.848342 0.182884
vt 0.743851 0.206670
vt 0.668847 0.089577
vt 0.692859 0.081961
vt 0.714719 0.085800
vt 0.715628 0.077520
vt 0.737397 0.092143
vt 0.739742 0.083775
vt 0.754466 0.095453
vt 0.758602 0.088154
vt 0.778610 0.096544
vt 0.800736 0.090364
vt 0.249312 0.605546
vt 0.822091 0.078980
vt 0.642217 0.102164
vt 0.183730 0.690835
vt 0.270450 0.695147
s 1
usemtl duchess_mat
f 2/1/1 3/2/2 1/3/3
f 4/4/4 1/3/3 3/2/2
f 5/5/5 6/6/6 2/1/1
f 3/2/2 2/1/1 6/6/6
f 7/7/7 8/8/8 5/5/5
f 6/6/6 5/5/5 8/8/8
f 10/9/9 11/10/10 9/11/11
f 12/12/12 9/11/11 11/10/10
f 14/13/13 6/6/6 13/14/14
f 8/8/8 13/14/14 6/6/6
f 16/15/15 17/16/16 15/17/17
f 18/18/18 15/17/17 17/16/16
f 19/19/19 3/2/2 14/13/13
f 6/6/6 14/13/13 3/2/2
f 20/20/20 4/4/4 19/19/19
f 3/2/2 19/19/19 4/4/4
f 11/10/10 10/9/9 21/21/21
f 22/22/22 21/21/21 10/9/9
f 14/13/13 13/14/14 23/23/23
f 24/24/24 23/23/23 13/14/14
f 23/23/23 25/25/25 14/13/13
f 19/19/19 14/13/13 25/25/25
f 25/25/25 26/26/26 19/19/19
f 20/20/20 19/19/19 26/26/26
f 28/27/27 29/28/28 27/29/29
f 22/22/22 27/29/29 29/28/28
f 13/14/14 8/8/8 16/15/15
f 17/16/16 16/15/15 8/8/8
f 30/30/17 24/24/24 16/15/15
f 13/14/14 16/15/15 24/24/24
f 18/18/18 17/16/16 7/7/7
f 8/8/8 7/7/7 17/16/16
f 4/4/4 10/9/9 1/3/3
f 9/11/11 1/3/3 10/9/9
f 20/20/20 22/22/22 4/4/4
f 10/9/9 4/4/4 22/22/22
f 27/29/29 22/22/22 26/26/26
f 20/20/20 26/26/26 22/22/22
f 31/4/30 32/2/31 1/3/3
f 2/1/1 1/3/3 32/2/31
f 32/2/31 33/6/32 2/1/1
f 5/5/5 2/1/1 33/6/32
f 7/7/7 5/5/5 34/8/33
f 33/6/32 34/8/33 5/5/5
f 12/12/12 35/10/34 9/11/11
f 36/9/35 9/11/11 35/10/34
f 34/8/33 33/6/32 37/14/36
f 38/13/37 37/14/36 33/6/32
f 18/18/18 39/16/38 15/17/17
f 40/15/39 15/17/17 39/16/38
f 41/19/40 38/13/37 32/2/31
f 33/6/32 32/2/31 38/13/37
f 32/2/31 31/4/30 41/19/40
f 42/20/41 41/19/40 31/4/30
f 44/22/42 36/9/35 43/21/43
f 35/10/34 43/21/43 36/9/35
f 38/13/37 23/23/23 37/14/36
f 24/24/24 37/14/36 23/23/23
f 41/19/40 25/25/25 38/13/37
f 23/23/23 38/13/37 25/25/25
f 42/20/41 26/26/26 41/19/40
f 25/25/25 41/19/40 26/26/26
f 28/27/27 27/29/29 45/28/44
f 44/22/42 45/28/44 27/29/29
f 37/14/36 40/15/39 34/8/33
f 39/16/38 34/8/33 40/15/39
f 37/14/36 24/24/24 40/15/39
f 30/30/17 40/15/39 24/24/24
f 34/8/33 39/16/38 7/7/7
f 18/18/18 7/7/7 39/16/38
f 9/11/11 36/9/35 1/3/3
f 31/4/30 1/3/3 36/9/35
f 42/20/41 31/4/30 44/22/42
f 36/9/35 44/22/42 31/4/30
f 27/29/29 26/26/26 44/22/42
f 42/20/41 44/22/42 26/26/26
f 47/31/45 48/32/46 46/33/47
f 48/32/46 49/34/48 46/33/47
f 49/34/48 50/35/49 46/33/47
f 50/35/49 51/36/50 46/33/47
f 51/36/50 52/37/51 46/33/47
f 52/37/51 53/38/52 46/33/47
f 53/38/52 54/39/53 46/33/47
f 54/39/53 47/31/45 46/33/47
f 47/31/45 55/40/54 48/32/46
f 56/41/55 48/32/46 55/40/54
f 57/42/56 48/32/46 56/41/55
f 48/32/46 57/42/56 49/34/48
f 58/43/57 49/34/48 57/42/56
f 58/43/57 59/44/58 49/34/48
f 50/35/49 49/34/48 60/45/59
f 59/44/58 60/45/59 49/34/48
f 60/45/59 61/46/60 50/35/49
f 51/36/50 50/35/49 62/47/61
f 61/46/60 62/47/61 50/35/49
f 62/47/61 63/48/62 51/36/50
f 52/37/51 51/36/50 64/49/63
f 63/48/62 64/49/63 51/36/50
f 64/49/63 65/50/64 52/37/51
f 52/37/51 65/50/64 53/38/52
f 66/51/65 53/38/52 65/50/64
f 67/52/66 53/38/52 66/51/65
f 53/38/52 67/52/66 54/39/53
f 68/53/67 54/39/53 67/52/66
f 69/54/68 54/39/53 68/53/67
f 54/39/53 69/54/68 47/31/45
f 70/55/69 47/31/45 69/54/68
f 55/40/54 47/31/45 70/55/69
f 55/40/54 71/56/70 56/41/55
f 72/57/71 56/41/55 71/56/70
f 56/41/55 72/57/71 57/42/56
f 73/58/72 57/42/56 72/57/71
f 57/42/56 73/58/72 58/43/57
f 74/59/73 58/43/57 73/58/72
f 59/44/58 58/43/57 75/60/74
f 74/59/73 75/60/74 58/43/57
f 60/45/59 59/44/58 76/61/75
f 75/60/74 76/61/75 59/44/58
f 61/46/60 60/45/59 77/62/76
f 76/61/75 77/62/76 60/45/59
f 62/47/61 61/46/60 78/63/77
f 77/62/76 78/63/77 61/46/60
f 63/48/62 62/47/61 79/64/78
f 78/63/77 79/64/78 62/47/61
f 64/49/63 63/48/62 80/65/79
f 79/64/78 80/65/79 63/48/62
f 65/50/64 64/49/63 81/66/80
f 80/65/79 81/66/80 64/49/63
f 65/50/64 81/66/80 66/51/65
f 82/67/81 66/51/65 81/66/80
f 66/51/65 82/67/81 67/52/66
f 83/68/82 67/52/66 82/67/81
f 67/52/66 83/68/82 68/53/67
f 84/69/83 68/53/67 83/68/82
f 68/53/67 84/69/83 69/54/68
f 85/70/84 69/54/68 84/69/83
f 69/54/68 85/70/84 70/55/69
f 86/71/85 70/55/69 85/70/84
f 70/55/69 86/71/85 55/40/54
f 71/56/70 55/40/54 86/71/85
f 71/56/70 87/72/86 72/57/71
f 88/73/87 72/57/71 87/72/86
f 72/57/71 88/73/87 73/58/72
f 89/74/88 73/58/72 88/73/87
f 73/58/72 89/74/88 74/59/73
f 90/75/89 74/59/73 89/74/88
f 75/60/74 74/59/73 91/76/90
f 90/75/89 91/76/90 74/59/73
f 76/61/75 75/60/74 92/77/91
f 91/76/90 92/77/91 75/60/74
f 77/62/76 76/61/75 93/78/92
f 92/77/91 93/78/92 76/61/75
f 78/63/77 77/62/76 94/79/93
f 93/78/92 94/79/93 77/62/76
f 79/64/78 78/63/77 95/80/94
f 94/79/93 95/80/94 78/63/77
f 80/65/79 79/64/78 96/81/95
f 95/80/94 96/81/95 79/64/78
f 81/66/80 80/65/79 97/82/96
f 96/81/95 97/82/96 80/65/79
f 81/66/80 97/82/96 82/67/81
f 98/83/97 82/67/81 97/82/96
f 82/67/81 98/83/97 83/68/82
f 99/84/98 83/68/82 98/83/97
f 83/68/82 99/84/98 84/69/83
f 100/85/99 84/69/83 99/84/98
f 84/69/83 100/85/99 85/70/84
f 101/86/100 85/70/84 100/85/99
f 85/70/84 101/86/100 86/71/85
f 102/87/101 86/71/85 101/86/100
f 86/71/85 102/87/101 71/56/70
f 87/72/86 71/56/70 102/87/101
f 104/88/102 105/89/103 103/90/104
f 106/91/105 104/88/102 103/90/104
f 107/92/106 106/91/105 103/90/104
f 108/93/107 107/92/106 103/90/104
f 109/94/108 108/93/107 103/90/104
f 110/95/109 109/94/108 103/90/104
f 111/96/110 110/95/109 103/90/104
f 105/89/103 111/96/110 103/90/104
f 105/89/103 104/88/102 112/97/111
f 113/98/112 112/97/111 104/88/102
f 114/99/113 113/98/112 104/88/102
f 104/88/102 106/91/105 114/99/113
f 115/100/114 114/99/113 106/91/105
f 116/101/115 115/100/114 106/91/105
f 116/101/115 106/91/105 117/102/116
f 107/92/106 117/102/116 106/91/105
f 118/103/117 117/102/116 107/92/106
f 118/103/117 107/92/106 119/104/118
f 108/93/107 119/104/118 107/92/106
f 120/105/119 119/104/118 108/93/107
f 120/105/119 108/93/107 121/106/120
f 109/94/108 121/106/120 108/93/107
f 122/107/121 121/106/120 109/94/108
f 109/94/108 110/95/109 122/107/121
f 123/108/122 122/107/121 110/95/109
f 124/109/123 123/108/122 110/95/109
f 110/95/109 111/96/110 124/109/123
f 125/110/124 124/109/123 111/96/110
f 126/111/125 125/110/124 111/96/110
f 111/96/110 105/89/103 126/111/125
f 127/112/126 126/111/125 105/89/103
f 112/97/111 127/112/126 105/89/103
f 112/97/111 113/98/112 128/113/127
f 129/114/128 128/113/127 113/98/112
f 113/98/112 114/99/113 129/114/128
f 130/115/129 129/114/128 114/99/113
f 114/99/113 115/100/114 130/115/129
f 131/116/130 130/115/129 115/100/114
f 131/116/130 115/100/114 132/117/131
f 116/101/115 132/117/131 115/100/114
f 132/117/131 116/101/115 133/118/132
f 117/102/116 133/118/132 116/101/115
f 133/118/132 117/102/116 134/119/133
f 118/103/117 134/119/133 117/102/116
f 134/119/133 118/103/117 135/120/134
f 119/104/118 135/120/134 118/103/117
f 135/120/134 119/104/118 136/121/135
f 120/105/119 136/121/135 119/104/118
f 136/121/135 120/105/119 137/122/136
f 121/106/120 137/122/136 120/105/119
f 137/122/136 121/106/120 138/123/137
f 122/107/121 138/123/137 121/106/120
f 122/107/121 123/108/122 138/123/137
f 139/124/138 138/123/137 123/108/122
f 123/108/122 124/109/123 139/124/138
f 140/125/139 139/124/138 124/109/123
f 124/109/123 125/110/124 140/125/139
f 141/126/140 140/125/139 125/110/124
f 125/110/124 126/111/125 141/126/140
f 142/127/141 141/126/140 126/111/125
f 126/111/125 127/112/126 142/127/141
f 143/128/142 142/127/141 127/112/126
f 127/112/126 112/97/111 143/128/142
f 128/113/127 143/128/142 112/97/111
f 128/113/127 129/114/128 144/129/143
f 145/130/144 144/129/143 129/114/128
f 129/114/128 130/115/129 145/130/144
f 146/131/145 145/130/144 130/115/129
f 130/115/129 131/116/130 146/131/145
f 147/132/146 146/131/145 131/116/130
f 147/132/146 131/116/130 148/133/147
f 132/117/131 148/133/147 131/116/130
f 148/133/147 132/117/131 149/134/148
f 133/118/132 149/134/148 132/117/131
f 149/134/148 133/118/132 150/135/149
f 134/119/133 150/135/149 133/118/132
f 150/135/149 134/119/133 151/136/150
f 135/120/134 151/136/150 134/119/133
f 151/136/150 135/120/134 152/137/151
f 136/121/135 152/137/151 135/120/134
f 152/137/151 136/121/135 153/138/152
f 137/122/136 153/138/152 136/121/135
f 153/138/152 137/122/136 154/139/153
f 138/123/137 154/139/153 137/122/136
f 138/123/137 139/124/138 154/139/153
f 155/140/154 154/139/153 139/124/138
f 139/124/138 140/125/139 155/140/154
f 156/141/155 155/140/154 140/125/139
f 140/125/139 141/126/140 156/141/155
f 157/142/156 156/141/155 141/126/140
f 141/126/140 142/127/141 157/142/156
f 158/143/157 157/142/156 142/127/141
f 142/127/141 143/128/142 158/143/157
f 159/144/158 158/143/157 143/128/142
f 143/128/142 128/113/127 159/144/158
f 144/129/143 159/144/158 128/113/127
f 161/145/159 162/146/160 160/147/161
f 163/148/162 160/147/161 162/146/160
f 164/149/163 165/150/164 161/145/159
f 162/146/160 161/145/159 165/150/164
f 167/151/165 164/149/163 166/152/166
f 161/145/159 166/152/166 164/149/163
f 162/146/160 165/150/164 168/153/167
f 169/154/168 168/153/167 165/150/164
f 166/152/166 161/145/159 170/155/169
f 160/147/161 170/155/169 161/145/159
f 163/148/162 172/156/170 171/157/171
f 163/148/162 171/157/171 160/147/161
f 160/147/161 171/157/171 170/155/169
f 168/153/167 172/156/170 162/146/160
f 163/148/162 162/146/160 172/156/170
f 174/158/172 175/159/173 173/160/174
f 176/161/175 173/160/174 175/159/173
f 177/162/176 178/163/177 174/158/172
f 175/159/173 174/158/172 178/163/177
f 180/164/178 177/162/176 179/165/179
f 174/158/172 179/165/179 177/162/176
f 175/159/173 178/163/177 181/166/179
f 182/167/178 181/166/179 178/163/177
f 179/165/179 174/158/172 183/168/180
f 173/160/174 183/168/180 174/158/172
f 176/161/175 185/169/181 184/170/182
f 176/161/175 184/170/182 173/160/174
f 173/160/174 184/170/182 183/168/180
f 181/166/179 185/169/181 175/159/173
f 176/161/175 175/159/173 185/169/181
f 187/171/183 188/172/184 186/173/185
f 189/174/186 186/173/185 188/172/184
f 190/175/187 191/176/188 187/171/183
f 188/172/184 187/171/183 191/176/188
f 193/177/189 190/175/187 192/178/190
f 187/171/183 192/178/190 190/175/187
f 188/172/184 191/176/188 194/179/191
f 195/180/192 194/179/191 191/176/188
f 192/178/190 187/171/183 196/181/193
f 186/173/185 196/181/193 187/171/183
f 189/174/186 198/182/193 197/183/194
f 189/174/186 197/183/194 186/173/185
f 186/173/185 197/183/194 196/181/193
f 194/179/191 198/182/193 188/172/184
f 189/174/186 188/172/184 198/182/193
f 200/184/195 201/185/196 199/186/197
f 202/187/198 199/186/197 201/185/196
f 203/188/199 204/189/199 200/184/200
f 201/185/196 200/184/195 204/189/199
f 206/190/201 203/188/202 205/191/203
f 200/184/195 205/191/203 203/188/204
f 201/185/196 204/189/205 207/192/203
f 208/193/201 207/192/206 204/189/207
f 205/191/203 200/184/195 209/194/208
f 199/186/197 209/194/208 200/184/195
f 202/187/198 211/195/209 210/196/210
f 202/187/198 210/196/210 199/186/197
f 199/186/197 210/196/210 209/194/208
f 207/192/203 211/195/209 201/185/196
f 202/187/198 201/185/196 211/195/209
f 213/145/211 214/146/212 212/147/213
f 215/148/214 212/147/213 214/146/212
f 216/149/215 217/150/216 213/145/211
f 214/146/212 213/145/211 217/150/216
f 219/151/217 216/149/215 218/152/218
f 213/145/211 218/152/218 216/149/215
f 214/146/212 217/150/216 220/153/219
f 221/154/220 220/153/219 217/150/216
f 218/152/218 213/145/211 222/155/221
f 212/147/213 222/155/221 213/145/211
f 215/148/214 224/156/222 223/157/223
f 215/148/214 223/157/223 212/147/213
f 212/147/213 223/157/223 222/155/221
f 220/153/219 224/156/222 214/146/212
f 215/148/214 214/146/212 224/156/222
f 226/145/224 227/146/225 225/147/226
f 228/148/227 225/147/226 227/146/225
f 229/149/228 230/150/229 226/145/224
f 227/146/225 226/145/224 230/150/229
f 232/151/230 229/149/228 231/152/231
f 226/145/224 231/152/231 229/149/228
f 227/146/225 230/150/229 233/153/231
f 234/154/230 233/153/231 230/150/229
f 231/152/231 226/145/224 235/155/232
f 225/147/226 235/155/232 226/145/224
f 228/148/227 237/156/232 236/157/233
f 228/148/227 236/157/233 225/147/226
f 225/147/226 236/157/233 235/155/232
f 233/153/231 237/156/232 227/146/225
f 228/148/227 227/146/225 237/156/232
f 239/197/234 240/198/235 238/199/236
f 241/200/237 238/199/236 240/198/235
f 242/201/238 243/202/239 239/197/234
f 240/198/235 239/197/234 243/202/239
f 245/203/240 242/201/238 244/204/241
f 239/197/234 244/204/241 242/201/238
f 240/198/235 243/202/239 246/205/242
f 247/206/240 246/205/242 243/202/239
f 239/197/234 238/199/236 244/204/241
f 248/207/243 244/204/241 238/199/236
f 241/200/237 250/208/244 249/209/245
f 241/200/237 249/209/245 238/199/236
f 238/199/236 249/209/245 248/207/243
f 250/208/244 241/200/237 246/205/242
f 240/198/235 246/205/242 241/200/237
f 252/210/246 253/211/247 251/212/248
f 254/213/249 251/212/248 253/211/247
f 255/214/250 256/215/251 252/210/246
f 253/211/247 252/210/246 256/215/251
f 258/216/252 255/214/250 257/217/253
f 252/210/246 257/217/253 255/214/250
f 253/211/247 256/215/251 259/218/254
f 260/219/252 259/218/254 256/215/251
f 252/210/246 251/212/248 257/217/253
f 261/220/255 257/217/253 251/212/248
f 254/213/249 263/221/255 262/222/256
f 254/213/249 262/222/256 251/212/248
f 251/212/248 262/222/256 261/220/255
f 263/221/255 254/213/249 259/218/254
f 253/211/247 259/218/254 254/213/249
f 265/223/257 266/224/258 264/225/259
f 267/226/260 264/225/259 266/224/258
f 269/227/261 264/225/259 268/228/262
f 267/226/260 268/228/262 264/225/259
f 271/229/263 269/227/261 270/230/264
f 268/228/262 270/230/264 269/227/261
f 273/231/265 274/232/266 272/233/267
f 272/233/267 274/232/266 275/234/268
f 275/234/268 274/232/266 276/235/269
f 267/226/260 266/224/258 272/233/267
f 273/231/265 272/233/267 266/224/258
f 268/228/262 267/226/260 275/234/268
f 272/233/267 275/234/268 267/226/260
f 270/230/264 268/228/262 276/235/269
f 275/234/268 276/235/269 268/228/262
f 278/223/270 279/224/271 277/225/272
f 280/226/273 277/225/272 279/224/271
f 282/227/274 277/225/272 281/228/275
f 280/226/273 281/228/275 277/225/272
f 282/227/274 281/228/275 283/229/276
f 284/230/277 283/229/276 281/228/275
f 286/231/278 287/232/279 285/233/280
f 285/233/280 287/232/281 288/234/282
f 288/234/282 287/232/283 289/235/284
f 280/226/273 279/224/271 285/233/280
f 286/231/278 285/233/280 279/224/271
f 281/228/275 280/226/273 288/234/282
f 285/233/280 288/234/282 280/226/273
f 284/230/277 281/228/275 289/235/284
f 288/234/282 289/235/284 281/228/275
f 291/223/285 292/224/286 290/225/287
f 293/226/288 290/225/287 292/224/286
f 295/227/289 290/225/287 294/228/290
f 293/226/288 294/228/290 290/225/287
f 297/229/285 295/227/289 296/230/291
f 294/228/290 296/230/291 295/227/289
f 299/231/292 300/232/293 298/233/294
f 298/233/294 300/232/293 301/234/295
f 301/234/295 300/232/293 302/235/296
f 293/226/288 292/224/286 298/233/294
f 299/231/292 298/233/294 292/224/286
f 294/228/290 293/226/288 301/234/295
f 298/233/294 301/234/295 293/226/288
f 296/230/291 294/228/290 302/235/296
f 301/234/295 302/235/296 294/228/290
f 304/223/297 305/225/298 303/224/299
f 306/226/300 303/224/299 305/225/298
f 306/226/300 305/225/298 307/228/301
f 308/227/302 307/228/301 305/225/298
f 307/228/301 308/227/302 309/230/299
f 310/229/303 309/230/299 308/227/302
f 312/232/304 313/231/305 311/233/306
f 312/232/304 311/233/306 314/234/307
f 312/232/304 314/234/307 315/235/308
f 306/226/300 311/233/306 303/224/299
f 313/231/305 303/224/299 311/233/306
f 307/228/301 314/234/307 306/226/300
f 311/233/306 306/226/300 314/234/307
f 309/230/299 315/235/308 307/228/301
f 314/234/307 307/228/301 315/235/308
f 317/223/309 318/225/310 316/224/311
f 319/226/312 316/224/311 318/225/310
f 319/226/312 318/225/310 320/228/313
f 321/227/314 320/228/313 318/225/310
f 321/227/314 322/229/315 320/228/313
f 323/230/316 320/228/313 322/229/315
f 325/232/317 326/231/318 324/233/319
f 325/232/320 324/233/319 327/234/321
f 325/232/322 327/234/321 328/235/323
f 319/226/312 324/233/319 316/224/311
f 326/231/318 316/224/311 324/233/319
f 320/228/313 327/234/321 319/226/312
f 324/233/319 319/226/312 327/234/321
f 323/230/316 328/235/323 320/228/313
f 327/234/321 320/228/313 328/235/323
f 330/223/324 331/225/325 329/224/326
f 332/226/327 329/224/326 331/225/325
f 332/226/327 331/225/325 333/228/328
f 334/227/329 333/228/328 331/225/325
f 333/228/328 334/227/329 335/230/330
f 336/229/331 335/230/330 334/227/329
f 338/232/332 339/231/333 337/233/334
f 338/232/332 337/233/334 340/234/335
f 338/232/332 340/234/335 341/235/336
f 332/226/327 337/233/334 329/224/326
f 339/231/333 329/224/326 337/233/334
f 333/228/328 340/234/335 332/226/327
f 337/233/334 332/226/327 340/234/335
f 335/230/330 341/235/336 333/228/328
f 340/234/335 333/228/328 341/235/336
f 343/236/337 344/237/338 342/238/339
f 345/239/340 342/238/339 344/237/338
f 346/240/341 347/241/342 344/237/338
f 345/239/340 344/237/338 347/241/342
f 349/242/343 346/240/341 348/243/344
f 344/237/338 348/243/344 346/240/341
f 345/239/340 347/241/342 350/244/345
f 351/245/346 350/244/345 347/241/342
f 344/237/338 343/236/337 348/243/344
f 352/246/347 348/243/344 343/236/337
f 342/238/339 354/247/348 353/248/349
f 342/238/339 353/248/349 343/236/337
f 343/236/337 353/248/349 352/246/347
f 354/247/348 342/238/339 350/244/345
f 345/239/340 350/244/345 342/238/339
f 356/171/350 357/172/351 355/173/352
f 358/174/353 355/173/352 357/172/351
f 359/175/354 360/176/355 356/171/350
f 357/172/351 356/171/350 360/176/355
f 362/177/356 359/175/354 361/178/357
f 356/171/350 361/178/357 359/175/354
f 357/172/351 360/176/355 363/179/357
f 364/180/358 363/179/357 360/176/355
f 361/178/357 356/171/350 365/181/359
f 355/173/352 365/181/359 356/171/350
f 358/174/353 367/182/360 366/183/361
f 358/174/353 366/183/361 355/173/352
f 355/173/352 366/183/361 365/181/359
f 363/179/357 367/182/360 357/172/351
f 358/174/353 357/172/351 367/182/360
f 369/249/362 370/250/363 368/251/364
f 371/252/365 368/251/364 370/250/363
f 372/253/366 373/254/367 369/249/362
f 370/250/363 369/249/362 373/254/367
f 375/255/368 372/253/366 374/256/369
f 369/249/362 374/256/369 372/253/366
f 370/250/363 373/254/367 376/257/369
f 377/258/370 376/257/369 373/254/367
f 374/256/369 369/249/362 378/259/371
f 368/251/364 378/259/371 369/249/362
f 371/252/365 380/260/371 379/261/372
f 371/252/365 379/261/372 368/251/364
f 368/251/364 379/261/372 378/259/371
f 376/257/369 380/260/371 370/250/363
f 371/252/365 370/250/363 380/260/371
f 382/239/373 383/237/374 381/238/375
f 384/236/376 381/238/375 383/237/374
f 386/240/377 383/237/374 385/241/378
f 382/239/373 385/241/378 383/237/374
f 383/237/374 386/240/377 387/243/379
f 388/242/380 387/243/379 386/240/377
f 382/239/373 389/244/381 385/241/378
f 390/245/382 385/241/378 389/244/381
f 383/237/374 387/243/379 384/236/376
f 391/246/383 384/236/376 387/243/379
f 393/247/384 381/238/375 392/248/385
f 392/248/385 381/238/375 384/236/376
f 392/248/385 384/236/376 391/246/383
f 393/247/384 389/244/381 381/238/375
f 382/239/373 381/238/375 389/244/381
f 395/171/386 396/173/387 394/172/388
f 397/174/389 394/172/388 396/173/387
f 399/175/390 395/171/386 398/176/391
f 394/172/388 398/176/391 395/171/386
f 395/171/386 399/175/390 400/178/392
f 401/177/393 400/178/392 399/175/390
f 394/172/388 402/179/392 398/176/391
f 403/180/394 398/176/391 402/179/392
f 396/173/387 395/171/386 404/181/395
f 400/178/392 404/181/395 395/171/386
f 406/182/396 397/174/389 405/183/397
f 405/183/397 397/174/389 396/173/387
f 405/183/397 396/173/387 404/181/395
f 397/174/389 406/182/396 394/172/388
f 402/179/392 394/172/388 406/182/396
f 408/249/398 409/251/399 407/250/400
f 410/252/401 407/250/400 409/251/399
f 412/253/402 408/249/398 411/254/403
f 407/250/400 411/254/403 408/249/398
f 408/249/398 412/253/402 413/256/404
f 414/255/405 413/256/404 412/253/402
f 407/250/400 415/257/404 411/254/403
f 416/258/406 411/254/403 415/257/404
f 409/251/399 408/249/398 417/259/407
f 413/256/404 417/259/407 408/249/398
f 419/260/408 410/252/401 418/261/409
f 418/261/409 410/252/401 409/251/399
f 418/261/409 409/251/399 417/259/407
f 410/252/401 419/260/408 407/250/400
f 415/257/404 407/250/400 419/260/408
f 421/262/410 422/263/411 420/264/412
f 423/265/413 424/266/414 422/263/411
f 420/264/412 422/263/411 424/266/414
f 425/267/415 426/268/416 423/265/413
f 424/266/414 423/265/413 426/268/416
f 428/269/417 429/270/418 427/271/419
f 431/272/420 432/273/421 430/274/422
f 433/275/423 430/274/422 432/273/421
f 435/276/424 436/277/425 434/278/426
f 437/279/427 434/278/426 436/277/425
f 439/280/428 440/281/429 438/282/430
f 441/283/431 438/282/430 440/281/429
f 441/283/431 440/281/429 442/284/432
f 443/285/433 442/284/432 440/281/429
f 442/284/432 443/285/433 444/286/434
f 445/287/435 444/286/434 443/285/433
f 447/288/436 448/289/437 446/290/438
f 446/290/438 450/291/439 449/292/440
f 451/293/441 449/292/440 450/291/439
f 438/282/430 437/279/427 439/280/428
f 436/277/425 439/280/428 437/279/427
f 434/278/426 430/274/422 435/276/424
f 433/275/423 435/276/424 430/274/422
f 452/294/442 453/295/443 431/272/420
f 453/295/443 452/294/442 454/296/444
f 428/269/417 454/296/444 452/294/442
f 430/274/422 434/278/426 452/294/442
f 455/297/445 452/294/442 434/278/426
f 457/298/446 437/279/427 456/299/447
f 438/282/430 456/299/447 437/279/427
f 455/297/445 457/298/446 458/300/448
f 456/299/447 458/300/448 457/298/446
f 437/279/427 457/298/446 434/278/426
f 455/297/445 434/278/426 457/298/446
f 452/294/442 455/297/445 428/269/417
f 441/283/431 459/301/449 438/282/430
f 456/299/447 438/282/430 459/301/449
f 441/283/431 460/302/450 459/301/449
f 461/303/451 459/301/449 460/302/450
f 441/283/431 442/284/432 460/302/450
f 462/304/452 460/302/450 442/284/432
f 461/303/451 460/302/450 463/305/453
f 464/306/454 463/305/453 460/302/450
f 466/307/455 467/308/456 465/309/457
f 469/310/458 470/311/459 468/312/460
f 471/313/461 468/312/460 470/311/459
f 469/310/458 472/314/462 421/262/410
f 422/263/411 421/262/410 472/314/462
f 474/315/463 475/316/464 473/317/465
f 472/314/462 473/317/465 475/316/464
f 476/318/466 477/319/467 474/315/463
f 475/316/464 474/315/463 477/319/467
f 479/320/468 480/321/469 478/322/470
f 481/323/471 478/322/470 480/321/469
f 483/324/472 480/321/469 482/325/473
f 484/326/474 482/325/473 480/321/469
f 486/327/475 487/328/476 485/329/477
f 488/330/478 485/329/477 487/328/476
f 490/331/479 491/332/480 489/333/481
f 488/330/478 489/333/481 491/332/480
f 493/334/482 491/332/480 492/335/483
f 494/336/484 492/335/483 491/332/480
f 494/336/484 496/337/485 495/338/486
f 497/339/487 495/338/486 496/337/485
f 498/340/488 495/338/486 467/308/456
f 497/339/487 467/308/456 495/338/486
f 466/307/455 498/340/488 467/308/456
f 500/341/489 501/342/490 499/343/491
f 502/344/492 499/343/491 501/342/490
f 503/345/493 504/346/494 500/341/489
f 501/342/490 500/341/489 504/346/494
f 505/347/495 504/346/494 503/345/493
f 499/343/491 506/348/496 500/341/489
f 507/349/497 500/341/489 506/348/496
f 501/342/490 508/350/498 502/344/492
f 509/351/499 502/344/492 508/350/498
f 511/352/500 512/353/501 510/354/502
f 513/355/503 510/354/502 512/353/501
f 512/353/501 515/356/504 514/357/505
f 512/353/501 511/352/500 515/356/504
f 516/358/506 515/356/504 511/352/500
f 517/359/507 518/360/508 464/306/454
f 463/305/453 464/306/454 518/360/508
f 519/361/509 520/362/510 517/359/507
f 518/360/508 517/359/507 520/362/510
f 482/325/473 484/326/474 486/327/475
f 487/328/476 486/327/475 484/326/474
f 517/359/507 464/306/454 521/363/511
f 460/302/450 462/304/452 464/306/454
f 521/363/511 464/306/454 462/304/452
f 523/364/512 524/365/513 522/366/514
f 525/367/515 522/366/514 524/365/513
f 526/368/516 527/369/517 525/367/515
f 522/366/514 525/367/515 527/369/517
f 444/286/434 524/365/513 442/284/432
f 462/304/452 442/284/432 524/365/513
f 446/290/438 525/367/515 444/286/434
f 524/365/513 444/286/434 525/367/515
f 525/367/515 446/290/438 526/368/516
f 449/292/440 526/368/516 446/290/438
f 503/345/493 500/341/489 507/349/497
f 529/370/518 530/371/519 528/372/520
f 530/371/519 531/373/521 528/372/520
f 532/374/522 533/375/523 531/373/521
f 534/376/524 533/375/523 532/374/522
f 535/377/525 533/375/523 534/376/524
f 537/378/526 528/372/520 536/379/527
f 539/380/528 537/378/526 538/381/529
f 505/347/495 541/382/530 540/383/531
f 542/384/532 537/378/526 536/379/527
f 543/385/533 542/384/532 533/375/523
f 536/379/527 533/375/523 542/384/532
f 535/377/525 544/386/534 543/385/533
f 546/387/535 547/388/536 545/389/537
f 548/390/538 549/391/539 546/387/535
f 551/392/540 549/391/539 550/393/541
f 552/394/542 553/395/543 550/393/541
f 554/396/544 550/393/541 553/395/543
f 556/397/545 557/398/546 555/399/547
f 504/346/494 558/400/548 501/342/490
f 508/350/498 501/342/490 558/400/548
f 558/400/548 504/346/494 540/383/531
f 505/347/495 540/383/531 504/346/494
f 507/349/497 506/348/496 513/355/503
f 510/354/502 513/355/503 506/348/496
f 426/268/416 425/267/415 559/401/549
f 560/402/550 561/403/551 476/318/466
f 477/319/467 476/318/466 561/403/551
f 563/404/552 513/355/503 562/405/553
f 562/405/553 512/353/501 564/406/554
f 565/407/555 564/406/554 512/353/501
f 566/408/556 567/409/557 427/271/419
f 568/410/558 427/271/419 567/409/557
f 427/271/419 568/410/558 454/296/444
f 569/411/559 429/270/418 456/299/447
f 458/300/448 456/299/447 429/270/418
f 492/335/483 569/411/559 459/301/449
f 456/299/447 459/301/449 569/411/559
f 493/334/482 492/335/483 461/303/451
f 459/301/449 461/303/451 492/335/483
f 463/305/453 485/329/477 461/303/451
f 493/334/482 461/303/451 485/329/477
f 463/305/453 518/360/508 485/329/477
f 486/327/475 485/329/477 518/360/508
f 486/327/475 518/360/508 520/362/510
f 511/352/500 483/324/472 516/358/506
f 482/325/473 516/358/506 483/324/472
f 559/401/549 483/324/472 510/354/502
f 511/352/500 510/354/502 483/324/472
f 510/354/502 506/348/496 426/268/416
f 426/268/416 506/348/496 424/266/414
f 499/343/491 424/266/414 506/348/496
f 499/343/491 570/412/560 424/266/414
f 420/264/412 424/266/414 570/412/560
f 571/413/561 567/409/557 421/262/410
f 566/408/556 421/262/410 567/409/557
f 571/413/561 421/262/410 572/414/562
f 570/412/560 572/414/562 421/262/410
f 420/264/412 570/412/560 421/262/410
f 574/415/563 575/416/564 573/417/565
f 576/418/566 573/417/565 575/416/564
f 576/418/566 468/312/460 471/313/461
f 577/419/567 578/420/568 574/415/563
f 575/416/564 574/415/563 578/420/568
f 579/421/569 580/422/570 577/419/567
f 578/420/568 577/419/567 580/422/570
f 581/423/571 582/424/572 579/421/569
f 580/422/570 579/421/569 582/424/572
f 584/425/573 585/426/574 583/427/575
f 586/428/576 583/427/575 585/426/574
f 587/429/577 588/430/578 584/425/573
f 585/426/574 584/425/573 588/430/578
f 563/404/552 589/431/579 530/371/519
f 563/404/552 562/405/553 590/432/580
f 591/433/581 592/434/582 586/428/576
f 583/427/575 586/428/576 592/434/582
f 591/433/581 593/435/583 592/434/582
f 594/436/584 592/434/582 593/435/583
f 594/436/584 593/435/583 595/437/585
f 596/438/586 595/437/585 593/435/583
f 598/439/587 599/440/588 597/441/589
f 600/442/590 597/441/589 599/440/588
f 600/442/590 599/440/588 601/443/591
f 602/444/592 601/443/591 599/440/588
f 603/445/593 586/428/576 585/426/574
f 596/438/586 593/435/583 603/445/593
f 585/426/574 588/430/578 603/445/593
f 604/446/594 603/445/593 588/430/578
f 599/440/588 598/439/587 604/446/594
f 603/445/593 604/446/594 598/439/587
f 604/446/594 588/430/578 605/447/595
f 602/444/592 599/440/588 604/446/594
f 606/448/554 602/444/592 604/446/594
f 602/444/592 606/448/554 601/443/591
f 548/390/538 607/449/596 549/391/539
f 596/438/586 603/445/593 598/439/587
f 597/441/589 595/437/585 598/439/587
f 596/438/586 598/439/587 595/437/585
f 545/389/537 547/388/536 544/386/534
f 519/361/509 517/359/507 608/450/597
f 609/451/598 565/407/555 514/357/505
f 608/450/597 517/359/507 610/452/599
f 612/453/600 613/454/601 611/455/602
f 614/456/603 612/453/600 611/455/602
f 609/451/598 514/357/505 615/457/604
f 615/457/604 514/357/505 616/458/605
f 617/459/606 616/458/605 608/450/597
f 614/456/603 619/460/607 618/461/606
f 515/356/504 616/458/605 514/357/505
f 515/356/504 516/358/506 519/361/509
f 520/362/510 519/361/509 516/358/506
f 516/358/506 482/325/473 520/362/510
f 486/327/475 520/362/510 482/325/473
f 610/452/599 517/359/507 521/363/511
f 621/462/608 610/452/599 620/463/609
f 617/459/606 608/450/597 621/462/608
f 610/452/599 623/464/610 622/465/611
f 625/466/612 626/467/613 624/468/609
f 521/363/511 627/469/614 610/452/599
f 623/464/610 610/452/599 627/469/614
f 524/365/513 523/364/512 462/304/452
f 628/470/615 462/304/452 523/364/512
f 630/471/616 523/364/512 629/472/617
f 629/472/617 523/364/512 631/473/618
f 522/366/514 631/473/618 523/364/512
f 527/369/517 632/474/619 522/366/514
f 631/473/618 522/366/514 632/474/619
f 634/475/620 635/476/621 633/477/622
f 636/478/623 633/477/622 635/476/621
f 638/479/624 635/476/621 637/480/625
f 634/475/620 637/480/625 635/476/621
f 640/481/626 641/482/627 639/483/628
f 642/484/629 639/483/628 641/482/627
f 644/485/630 640/481/626 643/486/631
f 639/483/628 643/486/631 640/481/626
f 646/487/632 647/488/633 645/489/634
f 648/490/635 645/489/634 647/488/633
f 557/398/546 646/487/632 555/399/547
f 645/489/634 555/399/547 646/487/632
f 628/470/615 521/363/511 462/304/452
f 628/470/615 630/471/616 521/363/511
f 650/491/636 651/492/637 649/493/638
f 652/494/639 649/493/638 651/492/637
f 550/393/541 607/449/596 552/394/542
f 653/495/640 552/394/542 607/449/596
f 655/496/641 656/497/642 654/498/643
f 657/499/644 654/498/643 656/497/642
f 627/469/614 521/363/511 630/471/616
f 659/500/616 656/497/642 658/501/645
f 655/496/641 658/501/645 656/497/642
f 554/396/544 551/392/540 550/393/541
f 551/392/540 542/384/532 547/388/536
f 543/385/533 547/388/536 542/384/532
f 554/396/544 537/378/526 542/384/532
f 554/396/544 553/395/543 537/378/526
f 538/381/529 537/378/526 553/395/543
f 660/502/646 612/453/600 614/456/603
f 661/503/647 653/495/640 607/449/596
f 614/456/603 662/504/648 660/502/646
f 658/501/645 624/468/609 626/467/613
f 642/484/629 641/482/627 650/491/636
f 651/492/637 650/491/636 641/482/627
f 657/499/644 646/487/632 653/495/640
f 654/498/643 662/504/648 655/496/641
f 662/504/648 618/461/606 663/505/649
f 663/505/649 624/468/609 655/496/641
f 665/506/650 666/507/651 664/508/652
f 667/509/653 664/508/652 666/507/651
f 665/506/650 668/510/654 666/507/651
f 669/511/655 666/507/651 668/510/654
f 671/512/656 672/513/657 670/514/658
f 673/515/659 670/514/658 672/513/657
f 674/516/660 675/517/661 671/512/656
f 672/513/657 671/512/656 675/517/661
f 676/518/662 677/519/663 667/509/653
f 664/508/652 667/509/653 677/519/663
f 677/519/663 676/518/662 678/520/664
f 679/521/665 678/520/664 676/518/662
f 681/522/666 682/523/667 680/524/668
f 683/525/669 680/524/668 682/523/667
f 673/515/659 684/526/670 670/514/658
f 685/527/671 670/514/658 684/526/670
f 669/511/655 686/528/672 666/507/651
f 667/509/653 666/507/651 686/528/672
f 684/526/670 673/515/659 687/529/673
f 672/513/657 687/529/673 673/515/659
f 667/509/653 686/528/672 676/518/662
f 688/530/674 676/518/662 686/528/672
f 675/517/661 689/531/675 672/513/657
f 687/529/673 672/513/657 689/531/675
f 690/532/676 691/533/677 674/516/660
f 693/534/678 694/535/679 692/536/680
f 695/537/681 692/536/680 694/535/679
f 697/538/682 698/539/683 696/540/684
f 699/541/685 696/540/684 698/539/683
f 701/542/686 702/543/687 700/544/688
f 703/545/689 700/544/688 702/543/687
f 705/546/690 706/547/691 704/548/692
f 707/549/693 704/548/692 706/547/691
f 706/547/691 705/546/690 708/550/694
f 709/551/695 708/550/694 705/546/690
f 706/547/691 710/552/696 707/549/693
f 711/553/697 707/549/693 710/552/696
f 713/554/698 714/555/699 712/556/700
f 716/557/701 717/558/700 715/559/702
f 716/557/701 719/560/703 718/561/704
f 720/562/705 718/561/704 719/560/703
f 721/563/706 722/564/707 720/562/705
f 718/561/704 720/562/705 722/564/707
f 724/565/708 725/566/709 723/567/710
f 726/568/711 723/567/710 725/566/709
f 722/564/707 721/563/706 727/569/712
f 728/570/713 727/569/712 721/563/706
f 728/570/713 729/571/714 727/569/712
f 730/572/715 727/569/712 729/571/714
f 730/572/715 729/571/714 731/573/716
f 732/574/717 731/573/716 729/571/714
f 734/575/718 731/573/716 733/576/719
f 732/574/717 733/576/719 731/573/716
f 736/577/720 729/571/714 735/578/721
f 728/570/713 735/578/721 729/571/714
f 733/576/719 732/574/717 736/577/720
f 729/571/714 736/577/720 732/574/717
f 736/577/720 737/579/722 733/576/719
f 738/580/723 733/576/719 737/579/722
f 737/579/722 736/577/720 739/581/724
f 735/578/721 739/581/724 736/577/720
f 688/530/674 740/582/725 676/518/662
f 679/521/665 676/518/662 740/582/725
f 675/517/661 691/533/677 689/531/675
f 741/583/726 689/531/675 691/533/677
f 742/584/727 743/585/728 683/525/669
f 680/524/668 683/525/669 743/585/728
f 745/586/729 746/587/730 744/588/731
f 747/589/732 744/588/731 746/587/730
f 748/590/733 749/591/734 745/586/729
f 746/587/730 745/586/729 749/591/734
f 690/532/676 692/536/680 695/537/681
f 751/592/735 695/537/681 750/593/736
f 694/535/679 750/593/736 695/537/681
f 690/532/676 695/537/681 748/590/733
f 748/590/733 745/586/729 691/533/677
f 744/588/731 741/583/726 745/586/729
f 691/533/677 745/586/729 741/583/726
f 683/525/669 679/521/665 742/584/727
f 740/582/725 742/584/727 679/521/665
f 678/520/664 679/521/665 682/523/667
f 683/525/669 682/523/667 679/521/665
f 753/594/737 754/595/738 752/596/739
f 755/597/740 752/596/739 754/595/738
f 757/598/741 701/542/686 756/599/742
f 700/544/688 756/599/742 701/542/686
f 757/598/741 756/599/742 758/600/743
f 759/601/744 758/600/743 756/599/742
f 710/552/696 716/557/701 711/553/697
f 760/602/745 711/553/697 716/557/701
f 762/603/746 763/604/747 761/605/748
f 764/606/749 761/605/748 763/604/747
f 765/607/750 766/608/751 761/605/748
f 762/603/746 761/605/748 766/608/751
f 767/609/752 768/610/753 765/607/750
f 766/608/751 765/607/750 768/610/753
f 770/611/754 764/606/749 769/612/755
f 763/604/747 769/612/755 764/606/749
f 770/611/754 769/612/755 771/613/756
f 769/612/755 772/614/757 771/613/756
f 772/614/757 773/615/758 771/613/756
f 774/616/759 775/617/760 772/614/757
f 773/615/758 772/614/757 775/617/760
f 776/618/761 777/619/762 767/609/752
f 768/610/753 767/609/752 777/619/762
f 779/620/763 770/611/754 778/621/764
f 771/613/756 778/621/764 770/611/754
f 781/622/765 782/623/766 780/624/767
f 783/625/668 780/624/767 782/623/766
f 779/620/763 780/624/767 784/626/768
f 785/627/769 784/626/768 780/624/767
f 787/628/770 788/629/771 786/630/772
f 789/631/773 786/630/772 788/629/771
f 791/632/774 788/629/771 790/633/775
f 792/634/776 790/633/775 788/629/771
f 790/633/775 767/609/752 791/632/774
f 765/607/750 791/632/774 767/609/752
f 765/607/750 761/605/748 791/632/774
f 793/635/777 791/632/774 761/605/748
f 684/526/670 669/511/655 685/527/671
f 668/510/654 685/527/671 669/511/655
f 687/529/673 686/528/672 684/526/670
f 669/511/655 684/526/670 686/528/672
f 686/528/672 687/529/673 688/530/674
f 689/531/675 688/530/674 687/529/673
f 689/531/675 741/583/726 688/530/674
f 740/582/725 688/530/674 741/583/726
f 742/584/727 740/582/725 744/588/731
f 741/583/726 744/588/731 740/582/725
f 744/588/731 747/589/732 742/584/727
f 743/585/728 742/584/727 747/589/732
f 784/626/768 785/627/769 793/635/777
f 789/631/773 793/635/777 785/627/769
f 764/606/749 784/626/768 761/605/748
f 793/635/777 761/605/748 784/626/768
f 784/626/768 764/606/749 770/611/754
f 759/601/744 794/636/778 758/600/743
f 795/637/779 758/600/743 794/636/778
f 794/636/778 753/594/737 795/637/779
f 752/596/739 795/637/779 753/594/737
f 718/561/704 796/638/780 716/557/701
f 760/602/745 716/557/701 796/638/780
f 796/638/780 718/561/704 797/639/781
f 722/564/707 797/639/781 718/561/704
f 799/640/782 797/639/781 798/641/783
f 722/564/707 798/641/783 797/639/781
f 799/640/782 798/641/783 800/642/784
f 801/643/785 800/642/784 798/641/783
f 800/642/784 801/643/785 802/644/786
f 803/645/787 802/644/786 801/643/785
f 804/646/788 805/647/789 754/595/738
f 755/597/740 754/595/738 805/647/789
f 806/648/790 807/649/791 804/646/788
f 805/647/789 804/646/788 807/649/791
f 809/650/792 665/506/650 808/651/793
f 811/652/794 809/650/792 810/653/795
f 808/651/793 810/653/795 809/650/792
f 809/650/792 812/654/796 668/510/654
f 813/655/797 812/654/796 811/652/794
f 809/650/792 811/652/794 812/654/796
f 750/593/736 814/656/798 751/592/735
f 815/657/799 751/592/735 814/656/798
f 815/657/799 749/591/734 751/592/735
f 748/590/733 751/592/735 749/591/734
f 792/634/776 816/658/800 790/633/775
f 817/659/801 790/633/775 816/658/800
f 767/609/752 790/633/775 776/618/761
f 817/659/801 776/618/761 790/633/775
f 819/660/802 820/661/803 818/662/804
f 822/663/805 823/664/806 821/665/807
f 824/666/808 821/665/807 823/664/806
f 821/665/807 824/666/808 775/617/760
f 773/615/758 775/617/760 824/666/808
f 825/667/809 697/538/682 820/661/803
f 824/666/808 823/664/806 826/668/810
f 827/669/811 826/668/810 823/664/806
f 824/666/808 826/668/810 773/615/758
f 771/613/756 773/615/758 826/668/810
f 778/621/764 771/613/756 826/668/810
f 697/538/682 696/540/684 681/522/666
f 782/623/766 781/622/765 828/670/812
f 827/669/811 828/670/812 781/622/765
f 737/579/722 739/581/724 829/671/813
f 830/672/814 829/671/813 739/581/724
f 829/671/813 831/673/815 737/579/722
f 738/580/723 737/579/722 831/673/815
f 728/570/713 721/563/706 735/578/721
f 720/562/705 739/581/724 721/563/706
f 735/578/721 721/563/706 739/581/724
f 719/560/703 830/672/814 720/562/705
f 739/581/724 720/562/705 830/672/814
f 832/674/816 830/672/814 715/559/702
f 719/560/703 715/559/702 830/672/814
f 833/675/817 829/671/813 832/674/816
f 830/672/814 832/674/816 829/671/813
f 833/675/817 834/676/818 829/671/813
f 831/673/815 829/671/813 834/676/818
f 836/677/819 837/678/820 835/679/821
f 838/680/822 835/679/821 837/678/820
f 839/681/823 840/682/824 836/677/819
f 837/678/820 836/677/819 840/682/824
f 839/681/823 841/683/825 840/682/824
f 842/684/826 840/682/824 841/683/825
f 835/679/821 725/566/709 836/677/819
f 843/685/827 836/677/819 725/566/709
f 836/677/819 843/685/827 839/681/823
f 844/686/828 839/681/823 843/685/827
f 846/687/829 847/688/830 845/689/831
f 844/686/828 845/689/831 847/688/830
f 738/580/723 848/690/832 733/576/719
f 734/575/718 733/576/719 848/690/832
f 831/673/815 849/691/833 738/580/723
f 848/690/832 738/580/723 849/691/833
f 834/676/818 850/692/834 831/673/815
f 849/691/833 831/673/815 850/692/834
f 841/683/825 851/693/835 842/684/826
f 852/694/836 842/684/826 851/693/835
f 846/687/829 853/695/837 847/688/830
f 854/696/838 847/688/830 853/695/837
f 722/564/707 727/569/712 798/641/783
f 855/697/839 798/641/783 727/569/712
f 856/698/840 855/697/839 730/572/715
f 727/569/712 730/572/715 855/697/839
f 858/699/841 859/700/842 857/701/843
f 860/702/844 857/701/843 859/700/842
f 862/703/845 859/700/842 861/704/846
f 858/699/841 861/704/846 859/700/842
f 860/702/844 863/705/847 857/701/843
f 864/706/848 857/701/843 863/705/847
f 864/706/848 863/705/847 865/707/849
f 866/708/850 865/707/849 863/705/847
f 865/707/849 866/708/850 867/709/851
f 868/710/852 867/709/851 866/708/850
f 856/698/840 864/706/848 855/697/839
f 865/707/849 855/697/839 864/706/848
f 857/701/843 864/706/848 869/711/853
f 856/698/840 869/711/853 864/706/848
f 869/711/853 856/698/840 731/573/716
f 730/572/715 731/573/716 856/698/840
f 870/712/854 869/711/853 734/575/718
f 731/573/716 734/575/718 869/711/853
f 870/712/854 858/699/841 869/711/853
f 857/701/843 869/711/853 858/699/841
f 798/641/783 855/697/839 801/643/785
f 865/707/849 801/643/785 855/697/839
f 865/707/849 867/709/851 801/643/785
f 803/645/787 801/643/785 867/709/851
f 861/704/846 858/699/841 871/713/855
f 870/712/854 871/713/855 858/699/841
f 873/714/856 871/713/855 872/715/857
f 870/712/854 872/715/857 871/713/855
f 870/712/854 734/575/718 872/715/857
f 848/690/832 872/715/857 734/575/718
f 874/716/858 872/715/857 849/691/833
f 848/690/832 849/691/833 872/715/857
f 872/715/857 874/716/858 873/714/856
f 875/717/859 873/714/856 874/716/858
f 874/716/858 876/718/860 875/717/859
f 877/719/861 875/717/859 876/718/860
f 849/691/833 850/692/834 874/716/858
f 876/718/860 874/716/858 850/692/834
f 879/720/862 880/721/863 878/722/864
f 881/723/865 878/722/864 880/721/863
f 709/551/695 881/723/865 708/550/694
f 880/721/863 708/550/694 881/723/865
f 883/724/866 884/725/867 882/726/868
f 885/727/869 882/726/868 884/725/867
f 886/728/870 887/729/871 851/693/835
f 852/694/836 851/693/835 887/729/871
f 886/728/870 851/693/835 854/696/838
f 889/730/872 890/731/873 888/732/874
f 891/733/875 888/732/874 890/731/873
f 893/734/876 894/735/877 892/736/878
f 895/737/879 892/736/878 894/735/877
f 896/738/880 897/739/881 726/568/711
f 888/732/874 726/568/711 897/739/881
f 898/740/882 899/741/883 892/736/878
f 893/734/876 892/736/878 899/741/883
f 898/740/882 712/556/700 899/741/883
f 900/742/884 710/552/696 706/547/691
f 710/552/696 900/742/884 717/558/700
f 902/743/885 903/744/886 901/745/887
f 904/746/888 901/745/887 903/744/886
f 906/747/889 907/748/890 905/749/891
f 908/750/892 905/749/891 907/748/890
f 910/751/893 905/749/891 909/752/894
f 908/750/892 909/752/894 905/749/891
f 909/752/894 911/753/895 910/751/893
f 912/754/896 910/751/893 911/753/895
f 913/755/897 914/756/898 911/753/895
f 912/754/896 911/753/895 914/756/898
f 916/757/899 917/758/900 915/759/901
f 918/760/902 915/759/901 917/758/900
f 920/761/903 921/762/904 919/763/905
f 922/764/906 919/763/905 921/762/904
f 923/765/907 924/766/908 922/764/906
f 919/763/905 922/764/906 924/766/908
f 923/765/907 925/767/909 924/766/908
f 926/768/910 924/766/908 925/767/909
f 925/767/909 927/769/911 926/768/910
f 928/770/912 926/768/910 927/769/911
f 903/744/886 928/770/912 904/746/888
f 927/769/911 904/746/888 928/770/912
f 930/771/913 931/772/914 929/773/915
f 932/774/916 929/773/915 931/772/914
f 933/775/917 934/776/918 918/760/902
f 915/759/901 918/760/902 934/776/918
f 936/777/919 937/778/920 935/779/921
f 938/780/922 935/779/921 937/778/920
f 940/781/923 918/760/902 939/782/924
f 917/758/900 939/782/924 918/760/902
f 941/783/925 933/775/917 940/781/923
f 918/760/902 940/781/923 933/775/917
f 911/753/895 922/764/906 913/755/897
f 921/762/904 913/755/897 922/764/906
f 911/753/895 909/752/894 922/764/906
f 923/765/907 922/764/906 909/752/894
f 909/752/894 908/750/892 923/765/907
f 925/767/909 923/765/907 908/750/892
f 908/750/892 907/748/890 925/767/909
f 927/769/911 925/767/909 907/748/890
f 904/746/888 927/769/911 930/771/913
f 907/748/890 930/771/913 927/769/911
f 901/745/887 904/746/888 929/773/915
f 930/771/913 929/773/915 904/746/888
f 935/779/921 938/780/922 942/784/926
f 943/785/927 942/784/926 938/780/922
f 901/745/887 929/773/915 944/786/928
f 932/774/916 944/786/928 929/773/915
f 944/786/928 945/787/929 901/745/887
f 902/743/885 901/745/887 945/787/929
f 942/784/926 943/785/927 946/788/930
f 947/789/931 946/788/930 943/785/927
f 940/781/923 939/782/924 937/778/920
f 938/780/922 937/778/920 939/782/924
f 917/758/900 943/785/927 939/782/924
f 938/780/922 939/782/924 943/785/927
f 916/757/899 947/789/931 917/758/900
f 943/785/927 917/758/900 947/789/931
f 935/779/921 932/774/916 936/777/919
f 931/772/914 936/777/919 932/774/916
f 944/786/928 932/774/916 942/784/926
f 935/779/921 942/784/926 932/774/916
f 942/784/926 946/788/930 944/786/928
f 945/787/929 944/786/928 946/788/930
f 936/777/919 949/790/932 948/791/933
f 936/777/919 948/791/933 937/778/920
f 907/748/890 931/772/914 930/771/913
f 941/783/925 940/781/923 937/778/920
f 937/778/920 948/791/933 941/783/925
f 950/792/934 941/783/925 948/791/933
f 907/748/890 906/747/889 931/772/914
f 949/790/932 931/772/914 906/747/889
f 931/772/914 949/790/932 936/777/919
f 952/793/935 953/794/936 951/795/937
f 955/796/901 956/797/938 954/798/939
f 957/799/940 954/798/939 956/797/938
f 959/800/941 956/797/938 958/801/942
f 955/796/901 958/801/942 956/797/938
f 961/802/943 959/800/941 960/803/905
f 958/801/942 960/803/905 959/800/941
f 846/687/829 962/804/944 853/695/837
f 963/805/945 853/695/837 962/804/944
f 964/806/946 965/807/947 963/805/945
f 966/808/948 963/805/945 965/807/947
f 968/809/949 969/810/950 967/811/951
f 970/812/952 967/811/951 969/810/950
f 969/810/950 971/813/953 970/812/952
f 972/814/954 970/812/952 971/813/953
f 723/567/710 972/814/954 724/565/708
f 973/815/955 724/565/708 972/814/954
f 724/565/708 973/815/955 974/816/956
f 975/817/957 974/816/956 973/815/955
f 974/816/956 975/817/957 845/689/831
f 976/818/958 845/689/831 975/817/957
f 845/689/831 976/818/958 846/687/829
f 962/804/944 846/687/829 976/818/958
f 978/819/959 979/820/960 977/821/961
f 980/822/962 977/821/961 979/820/960
f 978/819/959 981/823/963 979/820/960
f 982/824/964 979/820/960 981/823/963
f 981/823/963 983/825/965 982/824/964
f 984/826/966 982/824/964 983/825/965
f 983/825/965 985/827/967 984/826/966
f 986/828/968 984/826/966 985/827/967
f 985/827/967 987/829/969 986/828/968
f 988/830/970 986/828/968 987/829/969
f 989/831/971 990/832/972 987/829/969
f 988/830/970 987/829/969 990/832/972
f 964/806/946 991/833/973 965/807/947
f 992/834/974 965/807/947 991/833/973
f 968/809/949 993/835/974 969/810/950
f 994/836/975 969/810/950 993/835/974
f 995/837/976 996/838/977 978/819/959
f 981/823/963 978/819/959 996/838/977
f 995/837/976 978/819/959 997/839/978
f 977/821/961 997/839/978 978/819/959
f 998/840/979 999/841/980 995/837/976
f 996/838/977 995/837/976 999/841/980
f 1000/842/981 998/840/979 997/839/978
f 995/837/976 997/839/978 998/840/979
f 1002/843/982 983/825/965 1001/844/983
f 981/823/963 1001/844/983 983/825/965
f 1002/843/982 1003/845/984 983/825/965
f 985/827/967 983/825/965 1003/845/984
f 1003/845/984 1004/846/985 985/827/967
f 987/829/969 985/827/967 1004/846/985
f 987/829/969 1004/846/985 989/831/971
f 1005/847/986 989/831/971 1004/846/985
f 1006/848/987 1007/849/988 1005/847/986
f 989/831/971 1005/847/986 1007/849/988
f 1008/850/989 1009/851/990 977/821/961
f 1010/852/991 977/821/961 1009/851/990
f 1011/853/992 1012/854/993 998/840/979
f 999/841/980 998/840/979 1012/854/993
f 1013/855/994 1011/853/992 1000/842/981
f 998/840/979 1000/842/981 1011/853/992
f 999/841/980 1012/854/993 1014/856/995
f 1015/857/996 1014/856/995 1012/854/993
f 1016/858/997 996/838/977 1014/856/995
f 999/841/980 1014/856/995 996/838/977
f 996/838/977 1016/858/997 981/823/963
f 1001/844/983 981/823/963 1016/858/997
f 1015/857/996 1017/859/998 1014/856/995
f 1018/860/999 1014/856/995 1017/859/998
f 1017/859/998 1019/861/1000 1018/860/999
f 1020/862/1001 1018/860/999 1019/861/1000
f 1003/845/984 1002/843/982 1020/862/1001
f 1018/860/999 1020/862/1001 1002/843/982
f 1001/844/983 1018/860/999 1002/843/982
f 1001/844/983 1016/858/997 1018/860/999
f 1014/856/995 1018/860/999 1016/858/997
f 1003/845/984 1020/862/1001 1004/846/985
f 1021/863/1002 1004/846/985 1020/862/1001
f 1019/861/1000 1022/864/1003 1020/862/1001
f 1021/863/1002 1020/862/1001 1022/864/1003
f 1004/846/985 1021/863/1002 1005/847/986
f 1023/865/1004 1005/847/986 1021/863/1002
f 1024/866/1005 1023/865/1004 1022/864/1003
f 1021/863/1002 1022/864/1003 1023/865/1004
f 1005/847/986 1023/865/1004 1006/848/987
f 1025/867/1006 1006/848/987 1023/865/1004
f 1023/865/1004 1024/866/1005 1025/867/1006
f 1026/868/1007 1025/867/1006 1024/866/1005
f 1009/851/990 1027/869/1008 1010/852/991
f 1028/870/1009 1010/852/991 1027/869/1008
f 1027/869/1008 1029/871/1010 1028/870/1009
f 1030/872/1011 1028/870/1009 1029/871/1010
f 977/821/961 1010/852/991 997/839/978
f 1031/873/1012 997/839/978 1010/852/991
f 1032/874/1013 1033/875/1014 1030/872/1011
f 1028/870/1009 1030/872/1011 1033/875/1014
f 1032/874/1013 1013/855/994 1033/875/1014
f 1000/842/981 1033/875/1014 1013/855/994
f 1031/873/1012 1033/875/1014 997/839/978
f 1000/842/981 997/839/978 1033/875/1014
f 1033/875/1014 1031/873/1012 1028/870/1009
f 1010/852/991 1028/870/1009 1031/873/1012
f 1035/876/1015 1036/877/1016 1034/878/1017
f 1038/879/1018 1039/880/996 1037/881/1019
f 1035/876/1015 1037/881/1019 1039/880/996
f 1038/879/1018 1041/882/1020 1040/883/1021
f 1042/884/1022 1040/883/1021 1041/882/1020
f 1044/885/1023 1045/886/1024 1043/887/1025
f 1046/888/850 1043/887/1025 1045/886/1024
f 1048/889/1026 1049/890/1027 1047/891/1028
f 1050/892/1029 1047/891/1028 1049/890/1027
f 1047/891/1028 1050/892/1029 1051/893/1030
f 1052/894/842 1051/893/1030 1050/892/1029
f 1051/893/1030 1052/894/842 1053/895/1031
f 1054/896/1032 1053/895/1031 1052/894/842
f 1056/897/1033 1057/898/1034 1055/899/1035
f 1058/900/1036 1055/899/1035 1057/898/1034
f 1059/901/1037 1060/902/1038 1056/897/1033
f 1057/898/1034 1056/897/1033 1060/902/1038
f 1055/899/1035 1058/900/1036 1061/903/1039
f 1062/904/1040 1061/903/1039 1058/900/1036
f 1063/905/1041 1064/906/1042 1062/904/1040
f 1061/903/1039 1062/904/1040 1064/906/1042
f 1065/907/1043 1066/908/1044 1063/905/1041
f 1064/906/1042 1063/905/1041 1066/908/1044
f 1068/909/1045 1069/910/1046 1067/911/1047
f 1070/912/1048 1067/911/1047 1069/910/1046
f 1072/913/1049 1068/909/1045 1071/914/1050
f 1067/911/1047 1071/914/1050 1068/909/1045
f 1074/915/1051 1072/913/1049 1073/916/1052
f 1071/914/1050 1073/916/1052 1072/913/1049
f 1069/910/1046 1075/917/1053 1070/912/1048
f 1076/918/1054 1070/912/1048 1075/917/1053
f 1075/917/1053 1077/919/1055 1076/918/1054
f 1078/920/1056 1076/918/1054 1077/919/1055
f 1076/918/1054 1078/920/1056 1079/921/1057
f 1080/922/1058 1079/921/1057 1078/920/1056
f 1070/912/1048 1076/918/1054 1081/923/1059
f 1079/921/1057 1081/923/1059 1076/918/1054
f 1081/923/1059 1082/924/1060 1070/912/1048
f 1067/911/1047 1070/912/1048 1082/924/1060
f 1071/914/1050 1067/911/1047 1083/925/1061
f 1082/924/1060 1083/925/1061 1067/911/1047
f 1073/916/1052 1071/914/1050 1084/926/1062
f 1083/925/1061 1084/926/1062 1071/914/1050
f 1086/927/1063 1087/928/1064 1085/929/1065
f 1088/930/1066 1085/929/1065 1087/928/1064
f 1090/931/1067 1086/927/1063 1089/932/1068
f 1085/929/1065 1089/932/1068 1086/927/1063
f 1092/933/1069 1090/931/1067 1091/934/1070
f 1089/932/1068 1091/934/1070 1090/931/1067
f 1094/935/1071 1092/933/1069 1093/936/1072
f 1091/934/1070 1093/936/1072 1092/933/1069
f 1064/906/1042 1095/937/1073 1061/903/1039
f 1096/938/1074 1061/903/1039 1095/937/1073
f 1095/937/1073 1064/906/1042 1097/939/1075
f 1066/908/1044 1097/939/1075 1064/906/1042
f 1099/940/1076 1100/941/1077 1098/942/1078
f 1101/943/1079 1098/942/1078 1100/941/1077
f 1098/942/1078 1101/943/1079 1102/944/1080
f 1103/945/1081 1102/944/1080 1101/943/1079
f 1061/903/1039 1096/938/1074 1055/899/1035
f 1103/945/1081 1055/899/1035 1096/938/1074
f 1105/946/1082 1088/930/1066 1104/947/1083
f 1087/928/1064 1104/947/1083 1088/930/1066
f 1104/947/1083 1087/928/1064 1106/948/1084
f 1107/949/1085 1106/948/1084 1087/928/1064
f 1109/950/1086 1110/951/1087 1108/952/1088
f 1107/949/1085 1108/952/1088 1110/951/1087
f 1108/952/1088 1086/927/1063 1090/931/1067
f 1111/953/1089 1112/954/1090 1094/935/1071
f 1092/933/1069 1094/935/1071 1112/954/1090
f 1113/955/1091 1108/952/1088 1090/931/1067
f 1115/956/1092 1109/950/1086 1114/957/1093
f 1115/956/1092 1110/951/1087 1109/950/1086
f 1115/956/1092 1116/958/1094 1110/951/1087
f 1106/948/1084 1107/949/1085 1116/958/1094
f 1110/951/1087 1116/958/1094 1107/949/1085
f 1108/952/1088 1107/949/1085 1086/927/1063
f 1087/928/1064 1086/927/1063 1107/949/1085
f 1112/954/1090 1113/955/1091 1092/933/1069
f 1090/931/1067 1092/933/1069 1113/955/1091
f 1113/955/1091 1109/950/1086 1108/952/1088
f 1112/954/1090 1111/953/1089 1114/957/1093
f 1117/959/1095 1114/957/1093 1111/953/1089
f 1115/956/1092 1114/957/1093 1117/959/1095
f 1113/955/1091 1112/954/1090 1109/950/1086
f 1114/957/1093 1109/950/1086 1112/954/1090
f 1119/960/1096 1120/961/1097 1118/962/1098
f 1121/963/569 1118/962/1098 1120/961/1097
f 1123/964/569 1124/965/1099 1122/966/1100
f 1125/967/1101 1122/966/1100 1124/965/1099
f 1127/968/1102 1128/969/567 1126/970/1103
f 1125/967/1101 1124/965/1099 1129/971/1102
f 1127/968/1102 1131/972/1104 1130/973/1105
f 1131/972/1104 1127/968/1102 1132/974/1106
f 1126/970/1103 1132/974/1106 1127/968/1102
f 1134/975/1106 1135/976/1107 1133/977/1108
f 1136/978/1109 1133/977/1108 1135/976/1107
f 1138/979/1110 1139/980/1111 1137/981/1112
f 582/424/572 581/423/571 478/322/470
f 1141/982/1113 1142/983/470 1140/984/1097
f 1144/985/1114 1145/986/1112 1143/987/1115
f 1147/988/1116 1142/983/470 1146/989/1117
f 1141/982/1113 1146/989/1117 1142/983/470
f 1149/990/1118 1150/991/468 1148/992/1119
f 1151/993/1120 1148/992/1119 1150/991/468
f 1128/969/567 1153/994/1121 1152/995/1122
f 1155/996/1123 1152/995/1122 1154/997/565
f 1153/994/1121 1154/997/565 1152/995/1122
f 1155/996/1123 1154/997/565 1156/998/1124
f 467/308/456 1158/999/1125 1157/1000/1126
f 1159/1001/1127 1157/1000/1126 1158/999/1125
f 467/308/456 497/339/487 1160/1002/1128
f 497/339/487 496/337/485 1161/1003/1129
f 490/331/479 1162/1004/1130 496/337/485
f 1161/1003/1129 496/337/485 1162/1004/1130
f 1162/1004/1130 490/331/479 1163/1005/1131
f 489/333/481 1163/1005/1131 490/331/479
f 1163/1005/1131 489/333/481 1164/1006/1132
f 1165/1007/1133 1164/1006/1132 489/333/481
f 1166/1008/1134 1167/1009/1135 1165/1007/1133
f 1164/1006/1132 1165/1007/1133 1167/1009/1135
f 1167/1009/1135 1166/1008/1134 1168/1010/1136
f 1169/1011/571 1170/1012/1096 1133/977/1108
f 1171/1013/1137 1133/977/1108 1170/1012/1096
f 1130/973/1105 1131/972/1104 1172/1014/1138
f 1173/1015/1106 1174/1016/1139 1131/972/1104
f 1172/1014/1138 1131/972/1104 1174/1016/1139
f 1175/1017/1106 1176/1018/1140 1121/963/569
f 1118/962/1098 1121/963/569 1176/1018/1140
f 1178/1019/1141 1179/1020/1119 1177/1021/1142
f 1180/1022/1143 1177/1021/1142 1179/1020/1119
f 1182/1023/1144 1183/1024/1145 1181/1025/1146
f 1185/1026/1147 1186/1027/1148 1184/1028/470
f 1187/1029/1149 1184/1028/470 1186/1027/1148
f 1166/1008/1134 479/320/468 1168/1010/1136
f 1189/1030/1107 1190/1031/1150 1188/1032/1151
f 1191/1033/1103 1188/1032/1151 1190/1031/1150
f 1192/1034/1122 1188/1032/1151 1191/1033/1103
f 1193/1035/1152 1188/1032/1151 1192/1034/1122
f 1194/1036/1124 1188/1032/1151 1193/1035/1152
f 1195/1037/1127 1196/1038/1153 1188/1032/1151
f 1197/1039/1154 1188/1032/1151 1196/1038/1153
f 1198/1040/1129 1188/1032/1151 1197/1039/1154
f 1199/1041/1155 1188/1032/1151 1198/1040/1129
f 1200/1042/1131 1188/1032/1151 1199/1041/1155
f 1201/1043/1132 1188/1032/1151 1200/1042/1131
f 1202/1044/1156 1188/1032/1151 1201/1043/1132
f 1189/1030/1107 1188/1032/1151 1202/1044/1156
f 435/276/424 1203/1045/1157 436/277/425
f 1204/1046/1158 436/277/425 1203/1045/1157
f 1205/1047/1159 439/280/428 1204/1046/1158
f 436/277/425 1204/1046/1158 439/280/428
f 440/281/429 439/280/428 1205/1047/1159
f 443/285/433 440/281/429 1205/1047/1159
f 443/285/433 1205/1047/1159 445/287/435
f 1207/1048/1160 448/289/437 1206/1049/1161
f 447/288/436 1206/1049/1161 448/289/437
f 1208/1050/1162 450/291/439 1207/1048/1160
f 448/289/437 1207/1048/1160 450/291/439
f 432/273/421 1209/1051/1163 433/275/423
f 1210/1052/1164 433/275/423 1209/1051/1163
f 1203/1045/1157 435/276/424 1210/1052/1164
f 433/275/423 1210/1052/1164 435/276/424
f 1212/1053/1165 1213/1054/1166 1211/1055/1163
f 1214/1056/1167 1211/1055/1163 1213/1054/1166
f 1216/1057/1168 1213/1054/1166 1215/1058/1169
f 1218/1059/1170 1219/1060/1171 1217/1061/1172
f 1219/1060/1171 1220/1062/1173 1217/1061/1172
f 1220/1062/1173 1221/1063/1174 1217/1061/1172
f 1221/1063/1174 1222/1064/1160 1217/1061/1172
f 1223/1065/1175 1217/1061/1172 1222/1064/1160
f 1225/1066/1176 1221/1063/1174 1224/1067/1177
f 1215/1058/1169 1218/1059/1170 1217/1061/1172
f 1214/1056/1167 1213/1054/1166 1216/1057/1168
f 1227/1068/1178 1213/1054/1166 1226/1069/1179
f 1212/1053/1165 1226/1069/1179 1213/1054/1166
f 1219/1060/1171 1218/1059/1170 1227/1068/1178
f 1213/1054/1166 1227/1068/1178 1218/1059/1170
f 1221/1063/1174 1220/1062/1173 1227/1068/1178
f 1219/1060/1171 1227/1068/1178 1220/1062/1173
f 1226/1069/1179 1224/1067/1177 1227/1068/1178
f 1221/1063/1174 1227/1068/1178 1224/1067/1177
f 1229/1070/1180 1230/1071/1181 1228/1072/609
f 1231/1073/1182 604/446/594 605/447/595
f 1231/1073/1182 606/448/554 604/446/594
f 591/433/581 586/428/576 603/445/593
f 529/370/518 513/355/503 563/404/552
f 590/432/580 589/431/579 563/404/552
f 655/496/641 662/504/648 663/505/649
f 618/461/606 662/504/648 614/456/603
f 661/503/647 612/453/600 660/502/646
f 668/510/654 812/654/796 685/527/671
f 646/487/632 1232/1074/1183 647/488/633
f 1126/970/1103 1128/969/567 1152/995/1122
f 1124/965/1099 1233/1075/567 1129/971/1102
f 1233/1075/567 1124/965/1099 1234/1076/1184
f 561/403/551 481/323/471 559/401/549
f 483/324/472 559/401/549 481/323/471
f 612/453/600 661/503/647 613/454/601
f 621/462/608 608/450/597 610/452/599
f 655/496/641 624/468/609 658/501/645
f 539/380/528 528/372/520 537/378/526
f 1158/999/1125 467/308/456 1160/1002/1128
f 1160/1002/1128 497/339/487 1161/1003/1129
f 1043/887/1025 1046/888/850 1048/889/1026
f 1049/890/1027 1048/889/1026 1046/888/850
f 725/566/709 835/679/821 726/568/711
f 896/738/880 726/568/711 835/679/821
f 725/566/709 724/565/708 843/685/827
f 974/816/956 843/685/827 724/565/708
f 843/685/827 974/816/956 844/686/828
f 845/689/831 844/686/828 974/816/956
f 847/688/830 841/683/825 844/686/828
f 839/681/823 844/686/828 841/683/825
f 847/688/830 854/696/838 841/683/825
f 851/693/835 841/683/825 854/696/838
f 1235/1077/1185 854/696/838 853/695/837
f 888/732/874 897/739/881 889/730/872
f 1236/1078/870 889/730/872 897/739/881
f 726/568/711 888/732/874 723/567/710
f 891/733/875 723/567/710 888/732/874
f 963/805/945 962/804/944 964/806/946
f 1237/1079/1186 964/806/946 962/804/944
f 1238/1080/1187 963/805/945 966/808/948
f 967/811/951 970/812/952 890/731/873
f 891/733/875 890/731/873 970/812/952
f 970/812/952 972/814/954 891/733/875
f 723/567/710 891/733/875 972/814/954
f 972/814/954 971/813/953 973/815/955
f 1239/1081/1188 973/815/955 971/813/953
f 973/815/955 1239/1081/1188 975/817/957
f 1240/1082/1189 975/817/957 1239/1081/1188
f 975/817/957 1240/1082/1189 976/818/958
f 1241/1083/1190 976/818/958 1240/1082/1189
f 976/818/958 1241/1083/1190 962/804/944
f 1237/1079/1186 962/804/944 1241/1083/1190
f 1242/1084/1191 971/813/953 994/836/975
f 969/810/950 994/836/975 971/813/953
f 1243/1085/1192 1239/1081/1188 1242/1084/1191
f 971/813/953 1242/1084/1191 1239/1081/1188
f 1244/1086/1193 1240/1082/1189 1243/1085/1192
f 1239/1081/1188 1243/1085/1192 1240/1082/1189
f 1245/1087/1194 1241/1083/1190 1244/1086/1193
f 1240/1082/1189 1244/1086/1193 1241/1083/1190
f 1245/1087/1194 1246/1088/1195 1241/1083/1190
f 1237/1079/1186 1241/1083/1190 1246/1088/1195
f 1246/1088/1195 991/833/973 1237/1079/1186
f 964/806/946 1237/1079/1186 991/833/973
f 991/833/973 990/832/972 992/834/974
f 1247/1089/1196 992/834/974 990/832/972
f 993/835/974 1248/1090/1196 994/836/975
f 980/822/962 994/836/975 1248/1090/1196
f 979/820/960 1242/1084/1191 980/822/962
f 994/836/975 980/822/962 1242/1084/1191
f 979/820/960 982/824/964 1242/1084/1191
f 1243/1085/1192 1242/1084/1191 982/824/964
f 982/824/964 984/826/966 1243/1085/1192
f 1244/1086/1193 1243/1085/1192 984/826/966
f 984/826/966 986/828/968 1244/1086/1193
f 1245/1087/1194 1244/1086/1193 986/828/968
f 986/828/968 988/830/970 1245/1087/1194
f 1246/1088/1195 1245/1087/1194 988/830/970
f 990/832/972 991/833/973 988/830/970
f 1246/1088/1195 988/830/970 991/833/973
f 990/832/972 989/831/971 1247/1089/1196
f 1007/849/988 1247/1089/1196 989/831/971
f 1248/1090/1196 1008/850/989 980/822/962
f 977/821/961 980/822/962 1008/850/989
f 716/557/701 710/552/696 717/558/700
f 838/680/822 1249/1091/1197 835/679/821
f 896/738/880 835/679/821 1249/1091/1197
f 837/678/820 1250/1092/1198 838/680/822
f 713/554/698 838/680/822 1250/1092/1198
f 840/682/824 1251/1093/1199 837/678/820
f 1250/1092/1198 837/678/820 1251/1093/1199
f 840/682/824 842/684/826 1251/1093/1199
f 1252/1094/1200 1251/1093/1199 842/684/826
f 842/684/826 852/694/836 1252/1094/1200
f 1253/1095/1201 1252/1094/1200 852/694/836
f 886/728/870 1254/1096/1202 887/729/871
f 852/694/836 887/729/871 1253/1095/1201
f 882/726/868 1253/1095/1201 887/729/871
f 1255/1097/1203 1256/1098/1204 897/739/881
f 1236/1078/870 897/739/881 1256/1098/1204
f 1249/1091/1197 1255/1097/1203 896/738/880
f 897/739/881 896/738/880 1255/1097/1203
f 838/680/822 713/554/698 898/740/882
f 882/726/868 887/729/871 883/724/866
f 1254/1096/1202 883/724/866 887/729/871
f 895/737/879 1256/1098/1204 892/736/878
f 1255/1097/1203 892/736/878 1256/1098/1204
f 898/740/882 892/736/878 1249/1091/1197
f 1255/1097/1203 1249/1091/1197 892/736/878
f 1250/1092/1198 1257/1099/816 713/554/698
f 714/555/699 713/554/698 1257/1099/816
f 1251/1093/1199 1258/1100/817 1250/1092/1198
f 1257/1099/816 1250/1092/1198 1258/1100/817
f 1251/1093/1199 1252/1094/1200 1258/1100/817
f 1259/1101/818 1258/1100/817 1252/1094/1200
f 1252/1094/1200 1253/1095/1201 1259/1101/818
f 1260/1102/834 1259/1101/818 1253/1095/1201
f 1253/1095/1201 882/726/868 1260/1102/834
f 885/727/869 1260/1102/834 882/726/868
f 708/550/694 900/742/884 706/547/691
f 719/560/703 716/557/701 715/559/702
f 898/740/882 713/554/698 712/556/700
f 1249/1091/1197 838/680/822 898/740/882
f 779/620/763 784/626/768 770/611/754
f 1262/1103/1205 657/499/644 1261/1104/1206
f 656/497/642 1261/1104/1206 657/499/644
f 1232/1074/1183 646/487/632 1262/1103/1205
f 657/499/644 1262/1103/1205 646/487/632
f 1263/1105/1207 1264/1106/1208 652/494/639
f 649/493/638 652/494/639 1264/1106/1208
f 1265/1107/1209 1266/1108/1210 1263/1105/1207
f 1264/1106/1208 1263/1105/1207 1266/1108/1210
f 1267/1109/1211 1268/1110/1212 1265/1107/1209
f 1266/1108/1210 1265/1107/1209 1268/1110/1212
f 519/361/509 616/458/605 515/356/504
f 446/290/438 444/286/434 447/288/436
f 445/287/435 447/288/436 444/286/434
f 1206/1049/1161 447/288/436 1205/1047/1159
f 445/287/435 1205/1047/1159 447/288/436
f 1261/1104/1206 656/497/642 636/478/623
f 633/477/622 636/478/623 656/497/642
f 593/435/583 591/433/581 603/445/593
f 547/388/536 543/385/533 544/386/534
f 535/377/525 543/385/533 533/375/523
f 536/379/527 528/372/520 533/375/523
f 531/373/521 533/375/523 528/372/520
f 428/269/417 427/271/419 454/296/444
f 1269/1111/1213 1270/1112/1214 762/603/746
f 763/604/747 762/603/746 1270/1112/1214
f 769/612/755 763/604/747 1271/1113/1215
f 1270/1112/1214 1271/1113/1215 763/604/747
f 1272/1114/1216 772/614/757 1271/1113/1215
f 769/612/755 1271/1113/1215 772/614/757
f 1273/1115/1217 774/616/759 1272/1114/1216
f 772/614/757 1272/1114/1216 774/616/759
f 1275/1116/1218 768/610/753 1274/1117/1219
f 777/619/762 1274/1117/1219 768/610/753
f 766/608/751 768/610/753 1276/1118/1220
f 1275/1116/1218 1276/1118/1220 768/610/753
f 1269/1111/1213 762/603/746 1276/1118/1220
f 766/608/751 1276/1118/1220 762/603/746
f 1277/1119/1221 1278/1120/1222 1269/1111/1213
f 1270/1112/1214 1269/1111/1213 1278/1120/1222
f 1271/1113/1215 1270/1112/1214 1279/1121/1223
f 1278/1120/1222 1279/1121/1223 1270/1112/1214
f 1280/1122/1224 1272/1114/1216 1279/1121/1223
f 1271/1113/1215 1279/1121/1223 1272/1114/1216
f 1281/1123/1225 1273/1115/1217 1280/1122/1224
f 1272/1114/1216 1280/1122/1224 1273/1115/1217
f 1283/1124/1226 1275/1116/1218 1282/1125/1225
f 1274/1117/1219 1282/1125/1225 1275/1116/1218
f 1276/1118/1220 1275/1116/1218 1284/1126/1227
f 1283/1124/1226 1284/1126/1227 1275/1116/1218
f 1277/1119/1221 1269/1111/1213 1284/1126/1227
f 1276/1118/1220 1284/1126/1227 1269/1111/1213
f 1285/1127/1228 1286/1128/1229 1277/1119/1221
f 1278/1120/1222 1277/1119/1221 1286/1128/1229
f 1279/1121/1223 1278/1120/1222 1287/1129/1230
f 1286/1128/1229 1287/1129/1230 1278/1120/1222
f 1288/1130/1231 1280/1122/1224 1287/1129/1230
f 1279/1121/1223 1287/1129/1230 1280/1122/1224
f 1289/1131/1232 1281/1123/1225 1288/1130/1231
f 1280/1122/1224 1288/1130/1231 1281/1123/1225
f 1291/1132/1233 1283/1124/1226 1290/1133/1234
f 1282/1125/1225 1290/1133/1234 1283/1124/1226
f 1284/1126/1227 1283/1124/1226 1292/1134/1235
f 1291/1132/1233 1292/1134/1235 1283/1124/1226
f 1285/1127/1228 1277/1119/1221 1292/1134/1235
f 1284/1126/1227 1292/1134/1235 1277/1119/1221
f 906/747/889 905/749/891 1285/1127/1228
f 1286/1128/1229 1285/1127/1228 905/749/891
f 1287/1129/1230 1286/1128/1229 910/751/893
f 905/749/891 910/751/893 1286/1128/1229
f 910/751/893 912/754/896 1287/1129/1230
f 1288/1130/1231 1287/1129/1230 912/754/896
f 914/756/898 1289/1131/1232 912/754/896
f 1288/1130/1231 912/754/896 1289/1131/1232
f 948/791/933 1291/1132/1233 950/792/934
f 1290/1133/1234 950/792/934 1291/1132/1233
f 1292/1134/1235 1291/1132/1233 949/790/932
f 948/791/933 949/790/932 1291/1132/1233
f 906/747/889 1285/1127/1228 949/790/932
f 1292/1134/1235 949/790/932 1285/1127/1228
f 760/602/745 759/601/744 711/553/697
f 756/599/742 711/553/697 759/601/744
f 707/549/693 711/553/697 700/544/688
f 756/599/742 700/544/688 711/553/697
f 704/548/692 707/549/693 703/545/689
f 700/544/688 703/545/689 707/549/693
f 804/646/788 800/642/784 806/648/790
f 802/644/786 806/648/790 800/642/784
f 754/595/738 799/640/782 804/646/788
f 800/642/784 804/646/788 799/640/782
f 754/595/738 753/594/737 799/640/782
f 797/639/781 799/640/782 753/594/737
f 794/636/778 796/638/780 753/594/737
f 797/639/781 753/594/737 796/638/780
f 759/601/744 760/602/745 794/636/778
f 796/638/780 794/636/778 760/602/745
f 681/522/666 757/598/741 682/523/667
f 758/600/743 682/523/667 757/598/741
f 681/522/666 696/540/684 757/598/741
f 701/542/686 757/598/741 696/540/684
f 699/541/685 702/543/687 696/540/684
f 701/542/686 696/540/684 702/543/687
f 805/647/789 807/649/791 808/651/793
f 810/653/795 808/651/793 807/649/791
f 755/597/740 805/647/789 664/508/652
f 808/651/793 664/508/652 805/647/789
f 752/596/739 755/597/740 677/519/663
f 664/508/652 677/519/663 755/597/740
f 795/637/779 752/596/739 678/520/664
f 677/519/663 678/520/664 752/596/739
f 758/600/743 795/637/779 682/523/667
f 678/520/664 682/523/667 795/637/779
f 639/483/628 812/654/796 813/655/797
f 1268/1110/1212 693/534/678 1266/1108/1210
f 1264/1106/1208 1266/1108/1210 674/516/660
f 692/536/680 674/516/660 1266/1108/1210
f 671/512/656 1264/1106/1208 674/516/660
f 670/514/658 649/493/638 671/512/656
f 1264/1106/1208 671/512/656 649/493/638
f 685/527/671 650/491/636 670/514/658
f 649/493/638 670/514/658 650/491/636
f 812/654/796 642/484/629 685/527/671
f 650/491/636 685/527/671 642/484/629
f 1294/1135/1236 634/475/620 1293/1136/1237
f 633/477/622 1293/1136/1237 634/475/620
f 1295/1137/1238 637/480/625 1294/1135/1236
f 634/475/620 1294/1135/1236 637/480/625
f 656/497/642 659/500/616 1293/1136/1237
f 633/477/622 656/497/642 1293/1136/1237
f 452/294/442 431/272/420 430/274/422
f 455/297/445 458/300/448 428/269/417
f 529/370/518 528/372/520 539/380/528
f 529/370/518 503/345/493 507/349/497
f 1195/1037/1127 1188/1032/1151 1194/1036/1124
f 1159/1001/1127 1296/1138/1124 1157/1000/1126
f 470/311/459 466/307/455 465/309/457
f 470/311/459 465/309/457 471/313/461
f 691/533/677 675/517/661 674/516/660
f 502/344/492 509/351/499 570/412/560
f 572/414/562 570/412/560 509/351/499
f 502/344/492 570/412/560 499/343/491
f 1268/1110/1212 1297/1139/1239 693/534/678
f 1297/1139/1239 1298/1140/1240 693/534/678
f 694/535/679 693/534/678 1298/1140/1240
f 750/593/736 694/535/679 1299/1141/1241
f 1298/1140/1240 1299/1141/1241 694/535/679
f 1299/1141/1241 1300/1142/1242 750/593/736
f 814/656/798 750/593/736 1300/1142/1242
f 819/660/802 1302/1143/1243 1301/1144/1244
f 819/660/802 825/667/809 820/661/803
f 693/534/678 692/536/680 1266/1108/1210
f 819/660/802 1301/1144/1244 825/667/809
f 825/667/809 1301/1144/1244 698/539/683
f 825/667/809 698/539/683 697/538/682
f 1134/975/1106 1133/977/1108 1303/1145/1245
f 1171/1013/1137 1303/1145/1245 1133/977/1108
f 1305/1146/1246 1306/1147/1111 1304/1148/1247
f 1308/1149/1109 1309/1150/1107 1307/1151/1248
f 1215/1058/1169 1213/1054/1166 1218/1059/1170
f 448/289/437 450/291/439 446/290/438
f 1225/1066/1176 1224/1067/1177 1310/1152/1249
f 1311/1153/1250 451/293/441 1208/1050/1162
f 450/291/439 1208/1050/1162 451/293/441
f 1225/1066/1176 1222/1064/1160 1221/1063/1174
f 1118/962/1098 1312/1154/1251 1119/960/1096
f 1170/1012/1096 1313/1155/1252 1171/1013/1137
f 1171/1013/1137 1313/1155/1252 1303/1145/1245
f 1118/962/1098 1176/1018/1140 1312/1154/1251
f 1314/1156/1253 1315/1157/1254 1137/981/1112
f 1138/979/1110 1137/981/1112 1315/1157/1254
f 1183/1024/1145 1182/1023/1144 1316/1158/1113
f 1317/1159/1118 1316/1158/1113 1182/1023/1144
f 1304/1148/1247 1318/1160/1255 1305/1146/1246
f 1319/1161/571 1305/1146/1246 1318/1160/1255
f 1145/986/1112 1144/985/1114 1320/1162/1256
f 1321/1163/571 1320/1162/1256 1144/985/1114
f 1146/989/1117 1322/1164/1257 1147/988/1116
f 1186/1027/1148 1185/1026/1147 1323/1165/1258
f 1151/993/1120 1324/1166/1259 1148/992/1119
f 1180/1022/1143 1179/1020/1119 1325/1167/1260
f 690/532/676 748/590/733 691/533/677
f 665/506/650 664/508/652 808/651/793
f 665/506/650 809/650/792 668/510/654
f 695/537/681 751/592/735 748/590/733
f 547/388/536 546/387/535 549/391/539
f 549/391/539 607/449/596 550/393/541
f 661/503/647 660/502/646 653/495/640
f 653/495/640 660/502/646 662/504/648
f 646/487/632 557/398/546 552/394/542
f 553/395/543 552/394/542 557/398/546
f 556/397/545 553/395/543 557/398/546
f 553/395/543 556/397/545 538/381/529
f 541/382/530 538/381/529 556/397/545
f 548/390/538 661/503/647 607/449/596
f 538/381/529 541/382/530 505/347/495
f 529/370/518 539/380/528 503/345/493
f 529/370/518 507/349/497 513/355/503
f 529/370/518 563/404/552 530/371/519
f 513/355/503 512/353/501 562/405/553
f 538/381/529 505/347/495 539/380/528
f 505/347/495 503/345/493 539/380/528
f 639/483/628 642/484/629 812/654/796
f 643/486/631 639/483/628 813/655/797
f 1327/1168/1261 1047/891/1028 1326/1169/1262
f 1051/893/1030 1326/1169/1262 1047/891/1028
f 1328/1170/1263 1048/889/1026 1327/1168/1261
f 1047/891/1028 1327/1168/1261 1048/889/1026
f 1329/1171/1264 1043/887/1025 1328/1170/1263
f 1048/889/1026 1328/1170/1263 1043/887/1025
f 1330/1172/1265 1044/885/1023 1329/1171/1264
f 1043/887/1025 1329/1171/1264 1044/885/1023
f 1326/1169/1262 1051/893/1030 1331/1173/1266
f 1053/895/1031 1331/1173/1266 1051/893/1030
f 1079/921/1057 1080/922/1058 1091/934/1070
f 1093/936/1072 1091/934/1070 1080/922/1058
f 1081/923/1059 1079/921/1057 1089/932/1068
f 1091/934/1070 1089/932/1068 1079/921/1057
f 1089/932/1068 1085/929/1065 1081/923/1059
f 1082/924/1060 1081/923/1059 1085/929/1065
f 1083/925/1061 1082/924/1060 1088/930/1066
f 1085/929/1065 1088/930/1066 1082/924/1060
f 1084/926/1062 1083/925/1061 1105/946/1082
f 1088/930/1066 1105/946/1082 1083/925/1061
f 1333/1174/1267 1334/1175/1268 1332/1176/1269
f 1335/1177/1270 1332/1176/1269 1334/1175/1268
f 1337/1178/1271 1333/1174/1267 1336/1179/1272
f 1332/1176/1269 1336/1179/1272 1333/1174/1267
f 1102/944/1080 1337/1178/1271 1338/1180/1273
f 1336/1179/1272 1338/1180/1273 1337/1178/1271
f 1338/1180/1273 1339/1181/1274 1102/944/1080
f 1098/942/1078 1102/944/1080 1339/1181/1274
f 1098/942/1078 1339/1181/1274 1099/940/1076
f 1340/1182/1275 1099/940/1076 1339/1181/1274
f 1329/1171/1264 1057/898/1034 1330/1172/1265
f 1060/902/1038 1330/1172/1265 1057/898/1034
f 1057/898/1034 1329/1171/1264 1058/900/1036
f 1328/1170/1263 1058/900/1036 1329/1171/1264
f 1058/900/1036 1328/1170/1263 1062/904/1040
f 1327/1168/1261 1062/904/1040 1328/1170/1263
f 1326/1169/1262 1063/905/1041 1327/1168/1261
f 1062/904/1040 1327/1168/1261 1063/905/1041
f 1331/1173/1266 1065/907/1043 1326/1169/1262
f 1063/905/1041 1326/1169/1262 1065/907/1043
f 1340/1182/1275 1339/1181/1274 1074/915/1051
f 1072/913/1049 1074/915/1051 1339/1181/1274
f 1339/1181/1274 1338/1180/1273 1072/913/1049
f 1068/909/1045 1072/913/1049 1338/1180/1273
f 1338/1180/1273 1336/1179/1272 1068/909/1045
f 1069/910/1046 1068/909/1045 1336/1179/1272
f 1336/1179/1272 1332/1176/1269 1069/910/1046
f 1075/917/1053 1069/910/1046 1332/1176/1269
f 1332/1176/1269 1335/1177/1270 1075/917/1053
f 1077/919/1055 1075/917/1053 1335/1177/1270
f 1342/1183/1276 1343/1184/1277 1341/1185/1278
f 1344/1186/1279 1341/1185/1278 1343/1184/1277
f 1345/1187/1280 1346/1188/1281 1342/1183/1276
f 1343/1184/1277 1342/1183/1276 1346/1188/1281
f 1347/1189/1282 1348/1190/1283 1345/1187/1280
f 1346/1188/1281 1345/1187/1280 1348/1190/1283
f 1350/1191/1284 1351/1192/1285 1349/1193/1286
f 1352/1194/1287 1349/1193/1286 1351/1192/1285
f 1353/1195/1288 1354/1196/1289 1350/1191/1284
f 1351/1192/1285 1350/1191/1284 1354/1196/1289
f 1355/1197/1290 1356/1198/1291 1344/1186/1279
f 1341/1185/1278 1344/1186/1279 1356/1198/1291
f 1352/1194/1287 1355/1197/1290 1349/1193/1286
f 1357/1199/1292 1358/1200/1293 1348/1190/1283
f 1346/1188/1281 1348/1190/1283 1358/1200/1293
f 1346/1188/1281 1358/1200/1293 1343/1184/1277
f 1359/1201/1294 1343/1184/1277 1358/1200/1293
f 1343/1184/1277 1359/1201/1294 1344/1186/1279
f 1360/1202/639 1344/1186/1279 1359/1201/1294
f 1360/1202/639 1361/1203/1295 1344/1186/1279
f 1355/1197/1290 1344/1186/1279 1361/1203/1295
f 1355/1197/1290 1361/1203/1295 1349/1193/1286
f 1362/1204/1296 1349/1193/1286 1361/1203/1295
f 1362/1204/1296 1363/1205/1297 1349/1193/1286
f 1350/1191/1284 1349/1193/1286 1363/1205/1297
f 1363/1205/1297 1364/1206/630 1350/1191/1284
f 1353/1195/1288 1350/1191/1284 1364/1206/630
f 1365/1207/635 1366/1208/1298 1354/1196/1289
f 1351/1192/1285 1354/1196/1289 1366/1208/1298
f 1351/1192/1285 1366/1208/1298 1352/1194/1287
f 1367/1209/1299 1352/1194/1287 1366/1208/1298
f 1352/1194/1287 1367/1209/1299 1356/1198/1291
f 1368/1210/1300 1356/1198/1291 1367/1209/1299
f 1356/1198/1291 1368/1210/1300 1341/1185/1278
f 1369/1211/1206 1341/1185/1278 1368/1210/1300
f 1341/1185/1278 1369/1211/1206 1342/1183/1276
f 1370/1212/623 1342/1183/1276 1369/1211/1206
f 1370/1212/623 1371/1213/621 1342/1183/1276
f 1345/1187/1280 1342/1183/1276 1371/1213/621
f 1345/1187/1280 1371/1213/621 1347/1189/1282
f 1372/1214/1301 1347/1189/1282 1371/1213/621
f 1352/1194/1287 1356/1198/1291 1355/1197/1290
f 421/262/410 566/408/556 469/310/458
f 470/311/459 469/310/458 566/408/556
f 468/312/460 473/317/465 469/310/458
f 472/314/462 469/310/458 473/317/465
f 422/263/411 472/314/462 423/265/413
f 475/316/464 423/265/413 472/314/462
f 423/265/413 475/316/464 425/267/415
f 477/319/467 425/267/415 475/316/464
f 483/324/472 481/323/471 480/321/469
f 1166/1008/1134 484/326/474 479/320/468
f 480/321/469 479/320/468 484/326/474
f 489/333/481 488/330/478 1165/1007/1133
f 487/328/476 1165/1007/1133 488/330/478
f 485/329/477 488/330/478 493/334/482
f 491/332/480 493/334/482 488/330/478
f 496/337/485 494/336/484 490/331/479
f 491/332/480 490/331/479 494/336/484
f 569/411/559 492/335/483 495/338/486
f 494/336/484 495/338/486 492/335/483
f 429/270/418 569/411/559 498/340/488
f 495/338/486 498/340/488 569/411/559
f 498/340/488 466/307/455 429/270/418
f 427/271/419 429/270/418 466/307/455
f 1165/1007/1133 487/328/476 1166/1008/1134
f 484/326/474 1166/1008/1134 487/328/476
f 425/267/415 477/319/467 559/401/549
f 561/403/551 559/401/549 477/319/467
f 478/322/470 481/323/471 560/402/550
f 561/403/551 560/402/550 481/323/471
f 427/271/419 466/307/455 566/408/556
f 470/311/459 566/408/556 466/307/455
f 1337/1178/1271 1096/938/1074 1333/1174/1267
f 1095/937/1073 1333/1174/1267 1096/938/1074
f 1334/1175/1268 1333/1174/1267 1097/939/1075
f 1095/937/1073 1097/939/1075 1333/1174/1267
f 1056/897/1033 1101/943/1079 1059/901/1037
f 1100/941/1077 1059/901/1037 1101/943/1079
f 1055/899/1035 1103/945/1081 1056/897/1033
f 1101/943/1079 1056/897/1033 1103/945/1081
f 1102/944/1080 1103/945/1081 1337/1178/1271
f 1096/938/1074 1337/1178/1271 1103/945/1081
f 778/621/764 781/622/765 779/620/763
f 780/624/767 779/620/763 781/622/765
f 1373/1215/728 785/627/769 783/625/668
f 780/624/767 783/625/668 785/627/769
f 793/635/777 789/631/773 791/632/774
f 788/629/771 791/632/774 789/631/773
f 1374/1216/734 792/634/776 787/628/770
f 788/629/771 787/628/770 792/634/776
f 786/630/772 789/631/773 1373/1215/728
f 785/627/769 1373/1215/728 789/631/773
f 1375/1217/1302 816/658/800 1374/1216/734
f 792/634/776 1374/1216/734 816/658/800
f 1376/1218/804 1377/1219/1303 822/663/805
f 823/664/806 822/663/805 1377/1219/1303
f 828/670/812 827/669/811 1377/1219/1303
f 823/664/806 1377/1219/1303 827/669/811
f 826/668/810 827/669/811 778/621/764
f 781/622/765 778/621/764 827/669/811
f 674/516/660 692/536/680 690/532/676
f 628/470/615 523/364/512 630/471/616
f 608/450/597 616/458/605 519/361/509
f 551/392/540 547/388/536 549/391/539
f 653/495/640 662/504/648 654/498/643
f 565/407/555 512/353/501 514/357/505
f 1379/1220/1304 1380/262/1305 1378/264/1306
f 1378/264/1306 1381/1221/1307 1379/1220/1304
f 1382/265/1308 1379/1220/1304 1381/1221/1307
f 1381/1221/1307 1383/1222/1309 1382/265/1308
f 1384/1223/1310 1382/265/1308 1383/1222/1309
f 1386/270/1311 1387/269/1312 1385/271/1313
f 1389/275/1314 432/273/421 1388/274/1315
f 431/272/420 1388/274/1315 432/273/421
f 1391/279/1316 1392/277/1317 1390/278/1318
f 1393/276/1319 1390/278/1318 1392/277/1317
f 1395/283/1320 1396/281/1321 1394/282/1322
f 1397/280/1323 1394/282/1322 1396/281/1321
f 1399/285/1324 1396/281/1321 1398/1224/1325
f 1395/283/1320 1398/1224/1325 1396/281/1321
f 1401/287/1326 1399/285/1324 1400/1225/1327
f 1398/1224/1325 1400/1225/1327 1399/285/1324
f 1403/289/1328 1404/288/1329 1402/1226/1330
f 451/293/441 1406/291/1331 1405/1227/1332
f 1402/1226/1330 1405/1227/1332 1406/291/1331
f 1392/277/1317 1391/279/1316 1397/280/1323
f 1394/282/1322 1397/280/1323 1391/279/1316
f 1389/275/1314 1388/274/1315 1393/276/1319
f 1390/278/1318 1393/276/1319 1388/274/1315
f 453/295/443 1407/294/1333 431/272/420
f 1387/269/1312 1407/294/1333 454/296/444
f 453/295/443 454/296/444 1407/294/1333
f 1408/297/1334 1390/278/1318 1407/294/1333
f 1388/274/1315 1407/294/1333 1390/278/1318
f 1394/282/1322 1391/279/1316 1409/299/1335
f 1410/298/1336 1409/299/1335 1391/279/1316
f 1409/299/1335 1410/298/1336 1411/300/1337
f 1408/297/1334 1411/300/1337 1410/298/1336
f 1408/297/1334 1410/298/1336 1390/278/1318
f 1391/279/1316 1390/278/1318 1410/298/1336
f 1408/297/1334 1407/294/1333 1387/269/1312
f 1409/299/1335 1412/301/1338 1394/282/1322
f 1395/283/1320 1394/282/1322 1412/301/1338
f 1413/303/1339 1414/302/1340 1412/301/1338
f 1395/283/1320 1412/301/1338 1414/302/1340
f 1415/1228/1341 1398/1224/1325 1414/302/1340
f 1395/283/1320 1414/302/1340 1398/1224/1325
f 1417/306/1342 1414/302/1340 1416/305/1343
f 1413/303/1339 1416/305/1343 1414/302/1340
f 1419/308/1344 1420/307/1345 1418/309/1346
f 1422/313/1347 1423/311/1348 1421/312/1349
f 1424/310/1350 1421/312/1349 1423/311/1348
f 1379/1220/1304 1425/314/1351 1380/262/1305
f 1424/310/1350 1380/262/1305 1425/314/1351
f 1425/314/1351 1427/316/1352 1426/317/1353
f 1428/315/1354 1426/317/1353 1427/316/1352
f 1427/316/1352 1429/1229/1355 1428/315/1354
f 1430/318/1356 1428/315/1354 1429/1229/1355
f 1432/323/1357 1433/321/1358 1431/322/1359
f 1434/320/1360 1431/322/1359 1433/321/1358
f 1436/326/1361 1433/321/1358 1435/325/1362
f 1437/324/1363 1435/325/1362 1433/321/1358
f 1439/330/1364 1440/328/1365 1438/329/1366
f 1441/327/1367 1438/329/1366 1440/328/1365
f 1439/330/1364 1443/332/1368 1442/333/1369
f 1444/331/1370 1442/333/1369 1443/332/1368
f 1446/336/1371 1443/332/1368 1445/335/1372
f 1447/334/1373 1445/335/1372 1443/332/1368
f 1449/339/1374 1450/337/1375 1448/338/1376
f 1446/336/1371 1448/338/1376 1450/337/1375
f 1449/339/1374 1448/338/1376 1419/308/1344
f 1451/340/1377 1419/308/1344 1448/338/1376
f 1451/340/1377 1420/307/1345 1419/308/1344
f 1453/344/1378 1454/342/1379 1452/343/1380
f 1455/341/1381 1452/343/1380 1454/342/1379
f 1454/342/1379 1456/346/1382 1455/341/1381
f 1457/345/1383 1455/341/1381 1456/346/1382
f 1456/346/1382 1458/347/1384 1457/345/1383
f 1459/349/1385 1460/348/1386 1455/341/1381
f 1452/343/1380 1455/341/1381 1460/348/1386
f 509/351/499 508/350/498 1453/344/1378
f 1454/342/1379 1453/344/1378 508/350/498
f 1462/355/1387 1463/353/1388 1461/354/1389
f 1464/352/1390 1461/354/1389 1463/353/1388
f 1466/356/1391 1463/353/1388 1465/357/1392
f 1467/358/1393 1464/352/1390 1466/356/1391
f 1463/353/1388 1466/356/1391 1464/352/1390
f 1416/305/1343 1468/360/1394 1417/306/1342
f 1469/359/1395 1417/306/1342 1468/360/1394
f 1468/360/1394 1470/362/1396 1469/359/1395
f 1471/361/1397 1469/359/1395 1470/362/1396
f 1440/328/1365 1436/326/1361 1441/327/1367
f 1435/325/1362 1441/327/1367 1436/326/1361
f 1417/306/1342 1469/359/1395 1472/363/1398
f 1472/363/1398 1415/1228/1341 1417/306/1342
f 1414/302/1340 1417/306/1342 1415/1228/1341
f 1474/1230/1399 1475/365/1400 1473/366/1401
f 1476/364/1402 1473/366/1401 1475/365/1400
f 1473/366/1401 527/369/517 1474/1230/1399
f 1477/1231/1403 1474/1230/1399 527/369/517
f 1400/1225/1327 1398/1224/1325 1475/365/1400
f 1415/1228/1341 1475/365/1400 1398/1224/1325
f 1475/365/1400 1474/1230/1399 1400/1225/1327
f 1402/1226/1330 1400/1225/1327 1474/1230/1399
f 1474/1230/1399 1477/1231/1403 1402/1226/1330
f 1405/1227/1332 1402/1226/1330 1477/1231/1403
f 1455/341/1381 1457/345/1383 1459/349/1385
f 1479/371/1404 1480/370/1405 1478/372/1406
f 1481/373/1407 1479/371/1404 1478/372/1406
f 1482/375/1408 1483/374/1409 1481/373/1407
f 1482/375/1408 1484/376/1410 1483/374/1409
f 1482/375/1408 1485/377/1411 1484/376/1410
f 1478/372/1406 1487/378/1412 1486/379/1413
f 1487/378/1412 1489/380/1414 1488/381/1415
f 1458/347/1384 540/383/531 541/382/530
f 1487/378/1412 1490/384/1416 1486/379/1413
f 1486/379/1413 1490/384/1416 1482/375/1408
f 1491/385/1417 1482/375/1408 1490/384/1416
f 1492/386/1418 1485/377/1411 1491/385/1417
f 1494/388/1419 1495/387/1420 1493/389/1421
f 1496/391/1422 1497/390/1423 1495/387/1420
f 1496/391/1422 1499/392/1424 1498/393/1425
f 1500/396/1426 1501/395/1427 1498/393/1425
f 1502/394/1428 1498/393/1425 1501/395/1427
f 1503/398/1429 556/397/545 555/399/547
f 508/350/498 558/400/548 1454/342/1379
f 1456/346/1382 1454/342/1379 558/400/548
f 1458/347/1384 1456/346/1382 540/383/531
f 558/400/548 540/383/531 1456/346/1382
f 1461/354/1389 1460/348/1386 1462/355/1387
f 1459/349/1385 1462/355/1387 1460/348/1386
f 1384/1223/1310 1383/1222/1309 1504/1232/1430
f 1429/1229/1355 1505/403/1431 1430/318/1356
f 1506/402/1432 1430/318/1356 1505/403/1431
f 1462/355/1387 1508/404/1433 1507/405/1434
f 1463/353/1388 1507/405/1434 1509/406/1435
f 1509/406/1435 1510/407/1436 1463/353/1388
f 568/410/558 567/409/557 1385/271/1313
f 1511/408/1437 1385/271/1313 567/409/557
f 568/410/558 1385/271/1313 454/296/444
f 1411/300/1337 1386/270/1311 1409/299/1335
f 1512/411/1438 1409/299/1335 1386/270/1311
f 1409/299/1335 1512/411/1438 1412/301/1338
f 1445/335/1372 1412/301/1338 1512/411/1438
f 1412/301/1338 1445/335/1372 1413/303/1339
f 1447/334/1373 1413/303/1339 1445/335/1372
f 1447/334/1373 1438/329/1366 1413/303/1339
f 1416/305/1343 1413/303/1339 1438/329/1366
f 1441/327/1367 1468/360/1394 1438/329/1366
f 1416/305/1343 1438/329/1366 1468/360/1394
f 1468/360/1394 1441/327/1367 1470/362/1396
f 1435/325/1362 1437/324/1363 1467/358/1393
f 1464/352/1390 1467/358/1393 1437/324/1363
f 1464/352/1390 1437/324/1363 1461/354/1389
f 1504/1232/1430 1461/354/1389 1437/324/1363
f 1461/354/1389 1504/1232/1430 1383/1222/1309
f 1452/343/1380 1460/348/1386 1381/1221/1307
f 1383/1222/1309 1381/1221/1307 1460/348/1386
f 1378/264/1306 1513/412/1439 1381/1221/1307
f 1452/343/1380 1381/1221/1307 1513/412/1439
f 1511/408/1437 567/409/557 1380/262/1305
f 571/413/561 1380/262/1305 567/409/557
f 1513/412/1439 1380/262/1305 572/414/562
f 571/413/561 572/414/562 1380/262/1305
f 1513/412/1439 1378/264/1306 1380/262/1305
f 1515/418/1440 1516/416/1441 1514/417/1442
f 1517/415/1443 1514/417/1442 1516/416/1441
f 1515/418/1440 1514/417/1442 1422/313/1347
f 1516/416/1441 1518/420/1444 1517/415/1443
f 1519/419/1445 1517/415/1443 1518/420/1444
f 1518/420/1444 1520/422/1446 1519/419/1445
f 1521/421/1447 1519/419/1445 1520/422/1446
f 1520/422/1446 1522/424/1448 1521/421/1447
f 1523/423/1449 1521/421/1447 1522/424/1448
f 1525/428/1450 1526/426/1451 1524/427/1409
f 1527/425/1452 1524/427/1409 1526/426/1451
f 1526/426/1451 1528/430/1453 1527/425/1452
f 1529/429/1454 1527/425/1452 1528/430/1453
f 1530/431/1453 1508/404/1433 1479/371/1404
f 1507/405/1434 1508/404/1433 1531/432/1455
f 1524/427/1409 1532/434/1456 1525/428/1450
f 1533/433/1457 1525/428/1450 1532/434/1456
f 1534/436/1458 1535/435/1459 1532/434/1456
f 1533/433/1457 1532/434/1456 1535/435/1459
f 1537/1233/1460 1535/435/1459 1536/437/1461
f 1534/436/1458 1536/437/1461 1535/435/1459
f 1539/442/1462 1540/440/1463 1538/441/1464
f 1541/439/1465 1538/441/1464 1540/440/1463
f 1543/444/1466 1540/440/1463 1542/443/1467
f 1539/442/1462 1542/443/1467 1540/440/1463
f 1525/428/1450 1544/1234/1468 1526/426/1451
f 1535/435/1459 1537/1233/1460 1544/1234/1468
f 1545/446/1469 1528/430/1453 1544/1234/1468
f 1526/426/1451 1544/1234/1468 1528/430/1453
f 1544/1234/1468 1541/439/1465 1545/446/1469
f 1540/440/1463 1545/446/1469 1541/439/1465
f 1528/430/1453 1545/446/1469 1546/447/1470
f 1540/440/1463 1543/444/1466 1545/446/1469
f 1543/444/1466 1547/448/1435 1545/446/1469
f 1547/448/1435 1543/444/1466 1542/443/1467
f 1548/449/1471 1497/390/1423 1496/391/1422
f 1544/1234/1468 1537/1233/1460 1541/439/1465
f 1537/1233/1460 1536/437/1461 1541/439/1465
f 1538/441/1464 1541/439/1465 1536/437/1461
f 1494/388/1419 1493/389/1421 1492/386/1418
f 1469/359/1395 1471/361/1397 1549/450/1472
f 1510/407/1436 1550/451/1473 1465/357/1392
f 1469/359/1395 1549/450/1472 1551/452/1474
f 1553/454/1475 1554/453/1476 1552/455/1477
f 1554/453/1476 1555/456/1478 1552/455/1477
f 1465/357/1392 1550/451/1473 1556/457/1479
f 1465/357/1392 1556/457/1479 1557/458/1480
f 1557/458/1480 1558/459/1481 1549/450/1472
f 1560/460/1482 1555/456/1478 1559/461/1483
f 1557/458/1480 1466/356/1391 1465/357/1392
f 1470/362/1396 1467/358/1393 1471/361/1397
f 1466/356/1391 1471/361/1397 1467/358/1393
f 1441/327/1367 1435/325/1362 1470/362/1396
f 1467/358/1393 1470/362/1396 1435/325/1362
f 1469/359/1395 1551/452/1474 1472/363/1398
f 1551/452/1474 1562/462/1484 1561/463/1485
f 1549/450/1472 1558/459/1481 1562/462/1484
f 1564/464/1486 1551/452/1474 1563/465/1487
f 1566/467/1488 1567/466/1489 1565/468/1485
f 1564/464/1486 1568/469/1490 1551/452/1474
f 1472/363/1398 1551/452/1474 1568/469/1490
f 1569/470/1491 1476/364/1402 1415/1228/1341
f 1475/365/1400 1415/1228/1341 1476/364/1402
f 1476/364/1402 1571/471/1492 1570/472/1493
f 1473/366/1401 1476/364/1402 1572/473/1494
f 1570/472/1493 1572/473/1494 1476/364/1402
f 1572/473/1494 632/474/619 1473/366/1401
f 527/369/517 1473/366/1401 632/474/619
f 1574/478/1495 1575/476/1496 1573/1235/1497
f 1576/1236/1498 1573/1235/1497 1575/476/1496
f 1576/1236/1498 1575/476/1496 1577/1237/625
f 638/479/1301 1577/1237/625 1575/476/1496
f 1579/484/1499 1580/482/1500 1578/483/1501
f 1581/481/1502 1578/483/1501 1580/482/1500
f 1578/483/1501 1581/481/1502 643/486/631
f 644/485/630 643/486/631 1581/481/1502
f 648/490/1503 1583/488/1504 1582/1238/1505
f 1584/1239/1506 1582/1238/1505 1583/488/1504
f 1582/1238/1505 1584/1239/1506 555/399/547
f 1503/398/1429 555/399/547 1584/1239/1506
f 1472/363/1398 1569/470/1491 1415/1228/1341
f 1571/471/1492 1569/470/1491 1472/363/1398
f 1586/494/1507 1587/492/1508 1585/493/1509
f 1588/491/1510 1585/493/1509 1587/492/1508
f 1589/495/1511 1548/449/1471 1502/394/1428
f 1498/393/1425 1502/394/1428 1548/449/1471
f 1591/496/1512 1592/498/1513 1590/1240/1514
f 1593/1241/1515 1590/1240/1514 1592/498/1513
f 1472/363/1398 1568/469/1490 1571/471/1492
f 1591/496/1512 1590/1240/1514 1594/501/1516
f 1595/500/1517 1594/501/1516 1590/1240/1514
f 1499/392/1424 1500/396/1426 1498/393/1425
f 1491/385/1417 1490/384/1416 1494/388/1419
f 1499/392/1424 1494/388/1419 1490/384/1416
f 1500/396/1426 1499/392/1424 1490/384/1416
f 1488/381/1415 1501/395/1427 1487/378/1412
f 1500/396/1426 1487/378/1412 1501/395/1427
f 1554/453/1476 1596/502/1518 1555/456/1478
f 1589/495/1511 1597/503/1519 1548/449/1471
f 1598/504/1520 1555/456/1478 1596/502/1518
f 1565/468/1485 1594/501/1516 1566/467/1488
f 1587/492/1508 1580/482/1500 1588/491/1510
f 1579/484/1499 1588/491/1510 1580/482/1500
f 1598/504/1520 1592/498/1513 1591/496/1512
f 1559/461/1483 1598/504/1520 1599/505/1521
f 1565/468/1485 1599/505/1521 1591/496/1512
f 1601/509/1522 1602/507/1523 1600/508/1524
f 1603/506/1525 1600/508/1524 1602/507/1523
f 1604/511/1526 1605/510/1527 1602/507/1523
f 1603/506/1525 1602/507/1523 1605/510/1527
f 1607/515/1528 1608/513/1529 1606/514/1530
f 1609/512/1531 1606/514/1530 1608/513/1529
f 1608/513/1529 1610/517/1532 1609/512/1531
f 1611/516/1533 1609/512/1531 1610/517/1532
f 1600/508/1524 1612/519/1534 1601/509/1522
f 1613/1242/1535 1601/509/1522 1612/519/1534
f 1615/1243/1536 1613/1242/1535 1614/520/1537
f 1612/519/1534 1614/520/1537 1613/1242/1535
f 1617/1244/1538 1618/1245/1539 1616/524/1540
f 1619/522/1541 1616/524/1540 1618/1245/1539
f 1620/527/1542 1621/526/1543 1606/514/1530
f 1607/515/1528 1606/514/1530 1621/526/1543
f 1601/509/1522 1622/528/1544 1602/507/1523
f 1604/511/1526 1602/507/1523 1622/528/1544
f 1608/513/1529 1607/515/1528 1623/529/1545
f 1621/526/1543 1623/529/1545 1607/515/1528
f 1624/530/1546 1622/528/1544 1613/1242/1535
f 1601/509/1522 1613/1242/1535 1622/528/1544
f 1623/529/1545 1625/531/1547 1608/513/1529
f 1610/517/1532 1608/513/1529 1625/531/1547
f 1626/533/1548 1627/532/1549 1611/516/1533
f 1629/537/1550 1630/535/1551 1628/536/1552
f 1631/534/1553 1628/536/1552 1630/535/1551
f 699/541/685 698/539/683 1632/540/1554
f 1633/538/1555 1632/540/1554 698/539/683
f 703/545/689 702/543/687 1634/544/1556
f 1635/542/1557 1634/544/1556 702/543/687
f 1636/549/1558 1637/547/1559 704/548/692
f 705/546/690 704/548/692 1637/547/1559
f 709/551/695 705/546/690 1638/550/1560
f 1637/547/1559 1638/550/1560 705/546/690
f 1639/553/1561 1640/552/1562 1636/549/1558
f 1637/547/1559 1636/549/1558 1640/552/1562
f 1642/555/1563 1643/554/1564 1641/556/1565
f 1645/558/1565 1646/557/1566 1644/559/1567
f 1648/562/1568 1649/560/1569 1647/561/1570
f 1646/557/1566 1647/561/1570 1649/560/1569
f 1647/561/1570 1650/564/1571 1648/562/1568
f 1651/563/1572 1648/562/1568 1650/564/1571
f 1653/1246/1573 1654/1247/1574 1652/567/1575
f 1655/1248/1576 1652/567/1575 1654/1247/1574
f 1657/570/1577 1651/563/1572 1656/569/1578
f 1650/564/1571 1656/569/1578 1651/563/1572
f 1658/572/1579 1659/571/1580 1656/569/1578
f 1657/570/1577 1656/569/1578 1659/571/1580
f 1661/574/1581 1659/571/1580 1660/573/1582
f 1658/572/1579 1660/573/1582 1659/571/1580
f 1661/574/1581 1660/573/1582 1662/576/1583
f 1663/575/1584 1662/576/1583 1660/573/1582
f 1657/570/1577 1659/571/1580 1664/578/1585
f 1665/577/1586 1664/578/1585 1659/571/1580
f 1659/571/1580 1661/574/1581 1665/577/1586
f 1662/576/1583 1665/577/1586 1661/574/1581
f 1666/580/1587 1667/579/1588 1662/576/1583
f 1665/577/1586 1662/576/1583 1667/579/1588
f 1664/578/1585 1665/577/1586 1668/581/1589
f 1667/579/1588 1668/581/1589 1665/577/1586
f 1615/1243/1536 1669/582/1590 1613/1242/1535
f 1624/530/1546 1613/1242/1535 1669/582/1590
f 1670/583/1591 1626/533/1548 1625/531/1547
f 1610/517/1532 1625/531/1547 1626/533/1548
f 1616/524/1540 1671/585/1592 1617/1244/1538
f 1672/584/1593 1617/1244/1538 1671/585/1592
f 1674/589/1594 1675/587/1595 1673/588/1596
f 1676/586/1597 1673/588/1596 1675/587/1595
f 1675/587/1595 1677/591/1598 1676/586/1597
f 1678/590/1599 1676/586/1597 1677/591/1598
f 1628/536/1552 1627/532/1549 1629/537/1550
f 1630/535/1551 1629/537/1550 1679/593/1600
f 1680/592/1601 1679/593/1600 1629/537/1550
f 1629/537/1550 1627/532/1549 1678/590/1599
f 1676/586/1597 1678/590/1599 1626/533/1548
f 1626/533/1548 1670/583/1591 1676/586/1597
f 1673/588/1596 1676/586/1597 1670/583/1591
f 1669/582/1590 1615/1243/1536 1672/584/1593
f 1617/1244/1538 1672/584/1593 1615/1243/1536
f 1617/1244/1538 1615/1243/1536 1618/1245/1539
f 1614/520/1537 1618/1245/1539 1615/1243/1536
f 1682/597/1602 1683/595/1603 1681/596/1604
f 1684/594/1605 1681/596/1604 1683/595/1603
f 1634/544/1556 1635/542/1557 1685/599/1606
f 1686/598/1607 1685/599/1606 1635/542/1557
f 1688/601/1608 1685/599/1606 1687/600/1609
f 1686/598/1607 1687/600/1609 1685/599/1606
f 1689/602/1610 1646/557/1566 1639/553/1561
f 1640/552/1562 1639/553/1561 1646/557/1566
f 1691/606/1611 1692/604/1612 1690/605/1613
f 1693/603/1614 1690/605/1613 1692/604/1612
f 1693/603/1614 1694/608/1615 1690/605/1613
f 1695/607/1616 1690/605/1613 1694/608/1615
f 1694/608/1615 1696/610/1617 1695/607/1616
f 1697/609/1618 1695/607/1616 1696/610/1617
f 1692/604/1612 1691/606/1611 1698/612/1619
f 1699/611/1620 1698/612/1619 1691/606/1611
f 1701/615/1621 1702/614/1622 1700/613/1623
f 1702/614/1622 1698/612/1619 1700/613/1623
f 1698/612/1619 1699/611/1620 1700/613/1623
f 1701/615/1621 1703/617/1624 1702/614/1622
f 1704/616/1625 1702/614/1622 1703/617/1624
f 1696/610/1617 1705/619/1626 1697/609/1618
f 1706/618/1627 1697/609/1618 1705/619/1626
f 1700/613/1623 1699/611/1620 1707/621/1628
f 1708/620/1629 1707/621/1628 1699/611/1620
f 1710/625/1630 1711/623/1631 1709/624/1632
f 1712/622/1633 1709/624/1632 1711/623/1631
f 1714/627/1634 1709/624/1632 1713/626/1635
f 1708/620/1629 1713/626/1635 1709/624/1632
f 1716/631/1636 1717/629/1637 1715/630/1638
f 1718/628/1639 1715/630/1638 1717/629/1637
f 1720/634/1640 1717/629/1637 1719/633/1641
f 1721/632/1642 1719/633/1641 1717/629/1637
f 1695/607/1616 1697/609/1618 1721/632/1642
f 1719/633/1641 1721/632/1642 1697/609/1618
f 1722/635/1643 1690/605/1613 1721/632/1642
f 1695/607/1616 1721/632/1642 1690/605/1613
f 1605/510/1527 1604/511/1526 1620/527/1542
f 1621/526/1543 1620/527/1542 1604/511/1526
f 1604/511/1526 1622/528/1544 1621/526/1543
f 1623/529/1545 1621/526/1543 1622/528/1544
f 1625/531/1547 1623/529/1545 1624/530/1546
f 1622/528/1544 1624/530/1546 1623/529/1545
f 1669/582/1590 1670/583/1591 1624/530/1546
f 1625/531/1547 1624/530/1546 1670/583/1591
f 1670/583/1591 1669/582/1590 1673/588/1596
f 1672/584/1593 1673/588/1596 1669/582/1590
f 1671/585/1592 1674/589/1594 1672/584/1593
f 1673/588/1596 1672/584/1593 1674/589/1594
f 1716/631/1636 1714/627/1634 1722/635/1643
f 1713/626/1635 1722/635/1643 1714/627/1634
f 1722/635/1643 1713/626/1635 1690/605/1613
f 1691/606/1611 1690/605/1613 1713/626/1635
f 1691/606/1611 1713/626/1635 1699/611/1620
f 1723/637/1644 1724/636/1645 1687/600/1609
f 1688/601/1608 1687/600/1609 1724/636/1645
f 1681/596/1604 1684/594/1605 1723/637/1644
f 1724/636/1645 1723/637/1644 1684/594/1605
f 1689/602/1610 1725/638/1646 1646/557/1566
f 1647/561/1570 1646/557/1566 1725/638/1646
f 1650/564/1571 1647/561/1570 1726/639/1647
f 1725/638/1646 1726/639/1647 1647/561/1570
f 1650/564/1571 1726/639/1647 1727/641/1648
f 1728/640/1649 1727/641/1648 1726/639/1647
f 1730/643/1650 1727/641/1648 1729/642/1651
f 1728/640/1649 1729/642/1651 1727/641/1648
f 803/645/787 1730/643/1650 802/644/786
f 1729/642/1651 802/644/786 1730/643/1650
f 1682/597/1602 1731/647/1652 1683/595/1603
f 1732/646/1653 1683/595/1603 1731/647/1652
f 1731/647/1652 807/649/791 1732/646/1653
f 806/648/790 1732/646/1653 807/649/791
f 1603/506/1525 1734/650/1654 1733/651/1655
f 1733/651/1655 1734/650/1654 810/653/795
f 811/652/794 810/653/795 1734/650/1654
f 1735/654/1656 1734/650/1654 1605/510/1527
f 1734/650/1654 1735/654/1656 811/652/794
f 813/655/797 811/652/794 1735/654/1656
f 1736/657/1657 1737/656/1658 1680/592/1601
f 1679/593/1600 1680/592/1601 1737/656/1658
f 1678/590/1599 1677/591/1598 1680/592/1601
f 1736/657/1657 1680/592/1601 1677/591/1598
f 1738/659/1659 1739/658/1660 1719/633/1641
f 1720/634/1640 1719/633/1641 1739/658/1660
f 1738/659/1659 1719/633/1641 1706/618/1627
f 1697/609/1618 1706/618/1627 1719/633/1641
f 1741/661/1661 1742/660/1662 1740/662/1657
f 1744/666/1663 1745/664/1664 1743/665/1665
f 1746/663/1666 1743/665/1665 1745/664/1664
f 1701/615/1621 1744/666/1663 1703/617/1624
f 1743/665/1665 1703/617/1624 1744/666/1663
f 1633/538/1555 1747/667/1667 1741/661/1661
f 1749/669/1668 1745/664/1664 1748/668/1669
f 1744/666/1663 1748/668/1669 1745/664/1664
f 1700/613/1623 1748/668/1669 1701/615/1621
f 1744/666/1663 1701/615/1621 1748/668/1669
f 1700/613/1623 1707/621/1628 1748/668/1669
f 1632/540/1554 1633/538/1555 1619/522/1541
f 1749/669/1668 1712/622/1633 1750/670/1670
f 1711/623/1631 1750/670/1670 1712/622/1633
f 1752/672/1671 1668/581/1589 1751/671/1672
f 1667/579/1588 1751/671/1672 1668/581/1589
f 1666/580/1587 1753/673/1673 1667/579/1588
f 1751/671/1672 1667/579/1588 1753/673/1673
f 1651/563/1572 1657/570/1577 1664/578/1585
f 1664/578/1585 1668/581/1589 1651/563/1572
f 1648/562/1568 1651/563/1572 1668/581/1589
f 1668/581/1589 1752/672/1671 1648/562/1568
f 1649/560/1569 1648/562/1568 1752/672/1671
f 1649/560/1569 1752/672/1671 1644/559/1567
f 1754/674/1674 1644/559/1567 1752/672/1671
f 1752/672/1671 1751/671/1672 1754/674/1674
f 1755/675/1675 1754/674/1674 1751/671/1672
f 1753/673/1673 1756/676/1676 1751/671/1672
f 1755/675/1675 1751/671/1672 1756/676/1676
f 1758/680/1677 1759/678/1678 1757/679/1679
f 1760/1249/1680 1757/679/1679 1759/678/1678
f 1759/678/1678 1761/682/1681 1760/1249/1680
f 1762/681/1682 1760/1249/1680 1761/682/1681
f 1763/684/1683 1764/683/1684 1761/682/1681
f 1762/681/1682 1761/682/1681 1764/683/1684
f 1765/1250/1685 1654/1247/1574 1760/1249/1680
f 1757/679/1679 1760/1249/1680 1654/1247/1574
f 1766/686/1686 1765/1250/1685 1762/681/1682
f 1760/1249/1680 1762/681/1682 1765/1250/1685
f 1766/686/1686 1768/688/1687 1767/1251/1688
f 1769/1252/1689 1767/1251/1688 1768/688/1687
f 1663/575/1584 1770/690/1690 1662/576/1583
f 1666/580/1587 1662/576/1583 1770/690/1690
f 1770/690/1690 1771/691/1691 1666/580/1587
f 1753/673/1673 1666/580/1587 1771/691/1691
f 1771/691/1691 1772/692/1692 1753/673/1673
f 1756/676/1676 1753/673/1673 1772/692/1692
f 1773/694/1693 1774/693/1694 1763/684/1683
f 1764/683/1684 1763/684/1683 1774/693/1694
f 1775/1253/1695 1776/695/1696 1768/688/1687
f 1769/1252/1689 1768/688/1687 1776/695/1696
f 1777/697/1697 1656/569/1578 1727/641/1648
f 1650/564/1571 1727/641/1648 1656/569/1578
f 1656/569/1578 1777/697/1697 1658/572/1579
f 1778/698/1698 1658/572/1579 1777/697/1697
f 1780/702/1699 1781/700/1700 1779/701/1701
f 1782/699/1702 1779/701/1701 1781/700/1700
f 1782/699/1702 1781/700/1700 861/704/846
f 862/703/845 861/704/846 1781/700/1700
f 1783/706/1703 1784/705/1704 1779/701/1701
f 1780/702/1699 1779/701/1701 1784/705/1704
f 1786/708/1705 1784/705/1704 1785/707/1706
f 1783/706/1703 1785/707/1706 1784/705/1704
f 868/710/852 1786/708/1705 867/709/851
f 1785/707/1706 867/709/851 1786/708/1705
f 1785/707/1706 1783/706/1703 1777/697/1697
f 1778/698/1698 1777/697/1697 1783/706/1703
f 1778/698/1698 1783/706/1703 1787/711/1707
f 1779/701/1701 1787/711/1707 1783/706/1703
f 1658/572/1579 1778/698/1698 1660/573/1582
f 1787/711/1707 1660/573/1582 1778/698/1698
f 1660/573/1582 1787/711/1707 1663/575/1584
f 1788/712/1708 1663/575/1584 1787/711/1707
f 1779/701/1701 1782/699/1702 1787/711/1707
f 1788/712/1708 1787/711/1707 1782/699/1702
f 1785/707/1706 1777/697/1697 1730/643/1650
f 1727/641/1648 1730/643/1650 1777/697/1697
f 803/645/787 867/709/851 1730/643/1650
f 1785/707/1706 1730/643/1650 867/709/851
f 1788/712/1708 1782/699/1702 871/713/855
f 861/704/846 871/713/855 1782/699/1702
f 1788/712/1708 871/713/855 1789/715/1709
f 873/714/856 1789/715/1709 871/713/855
f 1770/690/1690 1663/575/1584 1789/715/1709
f 1788/712/1708 1789/715/1709 1663/575/1584
f 1770/690/1690 1789/715/1709 1771/691/1691
f 1790/716/1710 1771/691/1691 1789/715/1709
f 875/717/859 1790/716/1710 873/714/856
f 1789/715/1709 873/714/856 1790/716/1710
f 877/719/861 1791/718/1711 875/717/859
f 1790/716/1710 875/717/859 1791/718/1711
f 1791/718/1711 1772/692/1692 1790/716/1710
f 1771/691/1691 1790/716/1710 1772/692/1692
f 881/723/865 1792/721/1712 878/722/864
f 1793/720/1713 878/722/864 1792/721/1712
f 1792/721/1712 881/723/865 1638/550/1560
f 709/551/695 1638/550/1560 881/723/865
f 1795/727/1714 1796/725/1715 1794/726/1716
f 1797/724/1717 1794/726/1716 1796/725/1715
f 1773/694/1693 1798/729/1718 1774/693/1694
f 1799/728/1719 1774/693/1694 1798/729/1718
f 1799/728/1719 1800/1077/1720 1775/1253/1695
f 1802/733/1721 1803/731/1722 1801/732/1723
f 1804/730/1724 1801/732/1723 1803/731/1722
f 1806/737/1725 1807/735/1726 1805/736/1727
f 1808/734/1728 1805/736/1727 1807/735/1726
f 1801/732/1723 1809/739/1729 1653/1246/1573
f 1810/738/1730 1653/1246/1573 1809/739/1729
f 1808/734/1728 1811/741/1731 1805/736/1727
f 1812/740/1732 1805/736/1727 1811/741/1731
f 1641/556/1565 1812/740/1732 1811/741/1731
f 1640/552/1562 1813/742/1733 1637/547/1559
f 1813/742/1733 1640/552/1562 1645/558/1565
f 1815/746/1734 1816/744/1735 1814/745/1736
f 1817/743/1737 1814/745/1736 1816/744/1735
f 1819/750/1738 1820/748/1739 1818/749/1740
f 1821/747/1741 1818/749/1740 1820/748/1739
f 1819/750/1738 1818/749/1740 1822/752/1742
f 1823/751/1743 1822/752/1742 1818/749/1740
f 1824/754/1744 1825/753/1745 1823/751/1743
f 1822/752/1742 1823/751/1743 1825/753/1745
f 1824/754/1744 1826/756/1746 1825/753/1745
f 1827/755/1747 1825/753/1745 1826/756/1746
f 1829/760/1748 1830/758/1749 1828/759/1750
f 1831/757/1751 1828/759/1750 1830/758/1749
f 1833/764/1752 1834/762/1753 1832/763/1754
f 1835/761/1755 1832/763/1754 1834/762/1753
f 1832/763/1754 1836/766/1756 1833/764/1752
f 1837/765/1757 1833/764/1752 1836/766/1756
f 1838/768/1758 1839/767/1759 1836/766/1756
f 1837/765/1757 1836/766/1756 1839/767/1759
f 1840/770/1760 1841/769/1761 1838/768/1758
f 1839/767/1759 1838/768/1758 1841/769/1761
f 1841/769/1761 1840/770/1760 1815/746/1734
f 1816/744/1735 1815/746/1734 1840/770/1760
f 1843/774/1762 1844/772/1763 1842/773/1764
f 1845/771/1765 1842/773/1764 1844/772/1763
f 1828/759/1750 1846/776/1766 1829/760/1748
f 1847/775/1767 1829/760/1748 1846/776/1766
f 1849/780/1768 1850/778/1769 1848/779/1770
f 1851/777/1771 1848/779/1770 1850/778/1769
f 1830/758/1749 1829/760/1748 1852/782/1772
f 1853/781/1773 1852/782/1772 1829/760/1748
f 1829/760/1748 1847/775/1767 1853/781/1773
f 1854/783/1774 1853/781/1773 1847/775/1767
f 1834/762/1753 1833/764/1752 1827/755/1747
f 1825/753/1745 1827/755/1747 1833/764/1752
f 1822/752/1742 1825/753/1745 1837/765/1757
f 1833/764/1752 1837/765/1757 1825/753/1745
f 1839/767/1759 1819/750/1738 1837/765/1757
f 1822/752/1742 1837/765/1757 1819/750/1738
f 1841/769/1761 1820/748/1739 1839/767/1759
f 1819/750/1738 1839/767/1759 1820/748/1739
f 1820/748/1739 1841/769/1761 1845/771/1765
f 1815/746/1734 1845/771/1765 1841/769/1761
f 1845/771/1765 1815/746/1734 1842/773/1764
f 1814/745/1736 1842/773/1764 1815/746/1734
f 1856/785/1775 1849/780/1768 1855/784/1776
f 1848/779/1770 1855/784/1776 1849/780/1768
f 1843/774/1762 1842/773/1764 1857/786/1777
f 1814/745/1736 1857/786/1777 1842/773/1764
f 1817/743/1737 1858/787/1778 1814/745/1736
f 1857/786/1777 1814/745/1736 1858/787/1778
f 1860/789/1779 1856/785/1775 1859/788/1780
f 1855/784/1776 1859/788/1780 1856/785/1775
f 1849/780/1768 1852/782/1772 1850/778/1769
f 1853/781/1773 1850/778/1769 1852/782/1772
f 1849/780/1768 1856/785/1775 1852/782/1772
f 1830/758/1749 1852/782/1772 1856/785/1775
f 1856/785/1775 1860/789/1779 1830/758/1749
f 1831/757/1751 1830/758/1749 1860/789/1779
f 1844/772/1763 1843/774/1762 1851/777/1771
f 1848/779/1770 1851/777/1771 1843/774/1762
f 1848/779/1770 1843/774/1762 1855/784/1776
f 1857/786/1777 1855/784/1776 1843/774/1762
f 1858/787/1778 1859/788/1780 1857/786/1777
f 1855/784/1776 1857/786/1777 1859/788/1780
f 1862/790/1781 1851/777/1771 1861/791/1782
f 1861/791/1782 1851/777/1771 1850/778/1769
f 1844/772/1763 1820/748/1739 1845/771/1765
f 1853/781/1773 1854/783/1774 1850/778/1769
f 1863/792/1783 1861/791/1782 1854/783/1774
f 1850/778/1769 1854/783/1774 1861/791/1782
f 1862/790/1781 1821/747/1741 1844/772/1763
f 1820/748/1739 1844/772/1763 1821/747/1741
f 1862/790/1781 1844/772/1763 1851/777/1771
f 1865/799/1784 1866/798/1785 1864/793/1786
f 1867/795/1787 1864/793/1786 1866/798/1785
f 1869/796/1750 1866/798/1785 1868/797/1788
f 1865/799/1784 1868/797/1788 1866/798/1785
f 1869/796/1750 1868/797/1788 1870/801/1755
f 1871/800/1789 1870/801/1755 1868/797/1788
f 1870/801/1755 1871/800/1789 1872/803/1754
f 1873/802/1790 1872/803/1754 1871/800/1789
f 1874/805/1791 1875/804/1792 1776/695/1696
f 1769/1252/1689 1776/695/1696 1875/804/1792
f 1876/808/1793 1877/807/1794 1874/805/1791
f 1878/806/1795 1874/805/1791 1877/807/1794
f 1880/812/1796 1881/810/1797 1879/811/1798
f 1882/809/1799 1879/811/1798 1881/810/1797
f 1883/814/1800 1884/813/1801 1880/812/1796
f 1881/810/1797 1880/812/1796 1884/813/1801
f 1885/815/1802 1883/814/1800 1655/1248/1576
f 1652/567/1575 1655/1248/1576 1883/814/1800
f 1887/817/1803 1885/815/1802 1886/1254/1804
f 1655/1248/1576 1886/1254/1804 1885/815/1802
f 1888/818/1805 1887/817/1803 1767/1251/1688
f 1886/1254/1804 1767/1251/1688 1887/817/1803
f 1875/804/1792 1888/818/1805 1769/1252/1689
f 1767/1251/1688 1769/1252/1689 1888/818/1805
f 1890/1255/1806 1891/1256/1807 1889/821/1808
f 1892/819/1809 1889/821/1808 1891/1256/1807
f 1893/1257/1810 1894/1258/1811 1891/1256/1807
f 1892/819/1809 1891/1256/1807 1894/1258/1811
f 1895/1259/1812 1896/1260/1813 1893/1257/1810
f 1894/1258/1811 1893/1257/1810 1896/1260/1813
f 1897/1261/1814 1898/1262/1815 1895/1259/1812
f 1896/1260/1813 1895/1259/1812 1898/1262/1815
f 1899/1263/1816 1900/829/1817 1897/1261/1814
f 1898/1262/1815 1897/1261/1814 1900/829/1817
f 1899/1263/1816 1901/1264/1818 1900/829/1817
f 1902/831/1819 1900/829/1817 1901/1264/1818
f 1903/834/1820 1904/833/1821 1877/807/1794
f 1878/806/1795 1877/807/1794 1904/833/1821
f 1905/836/1822 1906/835/1823 1881/810/1797
f 1882/809/1799 1881/810/1797 1906/835/1823
f 1894/1258/1811 1907/838/1824 1892/819/1809
f 1908/837/1825 1892/819/1809 1907/838/1824
f 1889/821/1808 1892/819/1809 1909/839/1826
f 1908/837/1825 1909/839/1826 1892/819/1809
f 1907/838/1824 1910/841/1827 1908/837/1825
f 1911/840/1828 1908/837/1825 1910/841/1827
f 1908/837/1825 1911/840/1828 1909/839/1826
f 1912/842/1829 1909/839/1826 1911/840/1828
f 1894/1258/1811 1896/1260/1813 1913/844/1830
f 1914/843/1831 1913/844/1830 1896/1260/1813
f 1898/1262/1815 1915/845/1832 1896/1260/1813
f 1914/843/1831 1896/1260/1813 1915/845/1832
f 1900/829/1817 1916/846/1833 1898/1262/1815
f 1915/845/1832 1898/1262/1815 1916/846/1833
f 1917/847/1834 1916/846/1833 1902/831/1819
f 1900/829/1817 1902/831/1819 1916/846/1833
f 1902/831/1819 1918/849/1835 1917/847/1834
f 1919/848/1836 1917/847/1834 1918/849/1835
f 1920/852/1837 1921/851/1838 1889/821/1808
f 1922/850/1839 1889/821/1808 1921/851/1838
f 1910/841/1827 1923/854/1840 1911/840/1828
f 1924/853/1841 1911/840/1828 1923/854/1840
f 1911/840/1828 1924/853/1841 1912/842/1829
f 1925/855/1842 1912/842/1829 1924/853/1841
f 1927/857/1843 1923/854/1840 1926/856/1844
f 1910/841/1827 1926/856/1844 1923/854/1840
f 1910/841/1827 1907/838/1824 1926/856/1844
f 1928/858/1845 1926/856/1844 1907/838/1824
f 1913/844/1830 1928/858/1845 1894/1258/1811
f 1907/838/1824 1894/1258/1811 1928/858/1845
f 1929/860/1846 1930/859/1847 1926/856/1844
f 1927/857/1843 1926/856/1844 1930/859/1847
f 1931/862/1848 1932/861/1849 1929/860/1846
f 1930/859/1847 1929/860/1846 1932/861/1849
f 1929/860/1846 1914/843/1831 1931/862/1848
f 1915/845/1832 1931/862/1848 1914/843/1831
f 1929/860/1846 1913/844/1830 1914/843/1831
f 1926/856/1844 1928/858/1845 1929/860/1846
f 1913/844/1830 1929/860/1846 1928/858/1845
f 1933/863/1850 1931/862/1848 1916/846/1833
f 1915/845/1832 1916/846/1833 1931/862/1848
f 1933/863/1850 1934/864/1851 1931/862/1848
f 1932/861/1849 1931/862/1848 1934/864/1851
f 1935/865/1852 1933/863/1850 1917/847/1834
f 1916/846/1833 1917/847/1834 1933/863/1850
f 1933/863/1850 1935/865/1852 1934/864/1851
f 1936/866/1853 1934/864/1851 1935/865/1852
f 1937/867/1854 1935/865/1852 1919/848/1836
f 1917/847/1834 1919/848/1836 1935/865/1852
f 1938/868/1855 1936/866/1853 1937/867/1854
f 1935/865/1852 1937/867/1854 1936/866/1853
f 1939/870/1856 1940/869/1857 1920/852/1837
f 1921/851/1838 1920/852/1837 1940/869/1857
f 1941/872/1858 1942/871/1859 1939/870/1856
f 1940/869/1857 1939/870/1856 1942/871/1859
f 1943/873/1860 1920/852/1837 1909/839/1826
f 1889/821/1808 1909/839/1826 1920/852/1837
f 1939/870/1856 1944/875/1861 1941/872/1858
f 1945/874/1862 1941/872/1858 1944/875/1861
f 1912/842/1829 1925/855/1842 1944/875/1861
f 1945/874/1862 1944/875/1861 1925/855/1842
f 1912/842/1829 1944/875/1861 1909/839/1826
f 1943/873/1860 1909/839/1826 1944/875/1861
f 1920/852/1837 1943/873/1860 1939/870/1856
f 1944/875/1861 1939/870/1856 1943/873/1860
f 1947/877/1863 1948/876/1864 1946/878/1865
f 1950/879/1866 1951/881/1867 1949/880/1843
f 1948/876/1864 1949/880/1843 1951/881/1867
f 1953/883/1868 1954/1265/1869 1952/884/1870
f 1956/888/1705 1045/886/1024 1955/887/1871
f 1044/885/1023 1955/887/1871 1045/886/1024
f 1958/892/1699 1959/890/1872 1957/891/1873
f 1960/889/1874 1957/891/1873 1959/890/1872
f 1962/894/1700 1958/892/1699 1961/893/1875
f 1957/891/1873 1961/893/1875 1958/892/1699
f 1054/896/1032 1962/894/1700 1053/895/1031
f 1961/893/1875 1053/895/1031 1962/894/1700
f 1964/900/1876 1965/898/1877 1963/899/1878
f 1966/897/1879 1963/899/1878 1965/898/1877
f 1965/898/1877 1060/902/1038 1966/897/1879
f 1059/901/1037 1966/897/1879 1060/902/1038
f 1968/904/1880 1964/900/1876 1967/903/1881
f 1963/899/1878 1967/903/1881 1964/900/1876
f 1967/903/1881 1969/906/1882 1968/904/1880
f 1970/905/1883 1968/904/1880 1969/906/1882
f 1969/906/1882 1066/908/1044 1970/905/1883
f 1065/907/1043 1970/905/1883 1066/908/1044
f 1972/912/1884 1973/910/1885 1971/911/1886
f 1974/909/1887 1971/911/1886 1973/910/1885
f 1971/911/1886 1974/909/1887 1975/914/1888
f 1976/913/1889 1975/914/1888 1974/909/1887
f 1975/914/1888 1976/913/1889 1073/916/1052
f 1074/915/1051 1073/916/1052 1976/913/1889
f 1977/918/1890 1978/917/1891 1972/912/1884
f 1973/910/1885 1972/912/1884 1978/917/1891
f 1078/920/1056 1077/919/1055 1977/918/1890
f 1978/917/1891 1977/918/1890 1077/919/1055
f 1080/922/1058 1078/920/1056 1979/921/1892
f 1977/918/1890 1979/921/1892 1078/920/1056
f 1979/921/1892 1977/918/1890 1980/923/1893
f 1972/912/1884 1980/923/1893 1977/918/1890
f 1971/911/1886 1981/924/1894 1972/912/1884
f 1980/923/1893 1972/912/1884 1981/924/1894
f 1981/924/1894 1971/911/1886 1982/925/1895
f 1975/914/1888 1982/925/1895 1971/911/1886
f 1982/925/1895 1975/914/1888 1084/926/1062
f 1073/916/1052 1084/926/1062 1975/914/1888
f 1984/930/1896 1985/928/1897 1983/929/1898
f 1986/927/1899 1983/929/1898 1985/928/1897
f 1983/929/1898 1986/927/1899 1987/932/1900
f 1988/931/1901 1987/932/1900 1986/927/1899
f 1987/932/1900 1988/931/1901 1989/934/1902
f 1990/933/1903 1989/934/1902 1988/931/1901
f 1989/934/1902 1990/933/1903 1093/936/1072
f 1094/935/1071 1093/936/1072 1990/933/1903
f 1991/938/1904 1992/937/1905 1967/903/1881
f 1969/906/1882 1967/903/1881 1992/937/1905
f 1066/908/1044 1969/906/1882 1097/939/1075
f 1992/937/1905 1097/939/1075 1969/906/1882
f 1994/943/1906 1100/941/1077 1993/942/1907
f 1099/940/1076 1993/942/1907 1100/941/1077
f 1996/945/1908 1994/943/1906 1995/944/1909
f 1993/942/1907 1995/944/1909 1994/943/1906
f 1996/945/1908 1991/938/1904 1963/899/1878
f 1967/903/1881 1963/899/1878 1991/938/1904
f 1985/928/1897 1984/930/1896 1104/947/1083
f 1105/946/1082 1104/947/1083 1984/930/1896
f 1997/949/1910 1985/928/1897 1106/948/1084
f 1104/947/1083 1106/948/1084 1985/928/1897
f 1997/949/1910 1999/951/1911 1998/952/1912
f 2000/950/1913 1998/952/1912 1999/951/1911
f 1986/927/1899 1998/952/1912 1988/931/1901
f 1990/933/1903 2001/954/1914 1094/935/1071
f 1111/953/1089 1094/935/1071 2001/954/1914
f 1998/952/1912 2002/955/1915 1988/931/1901
f 2000/950/1913 1115/956/1092 2003/957/1916
f 1999/951/1911 1115/956/1092 2000/950/1913
f 1116/958/1094 1115/956/1092 1999/951/1911
f 1999/951/1911 1997/949/1910 1116/958/1094
f 1106/948/1084 1116/958/1094 1997/949/1910
f 1985/928/1897 1997/949/1910 1986/927/1899
f 1998/952/1912 1986/927/1899 1997/949/1910
f 1988/931/1901 2002/955/1915 1990/933/1903
f 2001/954/1914 1990/933/1903 2002/955/1915
f 2000/950/1913 2002/955/1915 1998/952/1912
f 1117/959/1095 1111/953/1089 2003/957/1916
f 2001/954/1914 2003/957/1916 1111/953/1089
f 2003/957/1916 1115/956/1092 1117/959/1095
f 2003/957/1916 2001/954/1914 2000/950/1913
f 2002/955/1915 2000/950/1913 2001/954/1914
f 2005/963/1447 2006/961/1917 2004/962/1918
f 2007/960/1919 2004/962/1918 2006/961/1917
f 2009/965/1920 2010/964/1447 2008/966/1921
f 2008/966/1921 2011/967/1922 2009/965/1920
f 2013/969/1445 2014/968/1923 2012/970/1924
f 2009/965/1920 2011/967/1922 2015/971/1923
f 2017/972/1925 2014/968/1923 2016/973/1926
f 2012/970/1924 2014/968/1923 2018/974/1927
f 2017/972/1925 2018/974/1927 2014/968/1923
f 2020/978/1928 2021/976/1929 2019/977/1930
f 2022/975/1927 2019/977/1930 2021/976/1929
f 2024/980/1931 2025/979/1932 2023/981/1933
f 1522/424/1448 1506/402/1432 1431/322/1359
f 2027/983/1934 2028/982/1935 2026/984/1917
f 2030/986/1933 2031/985/1936 2029/987/1937
f 2028/982/1935 2027/983/1934 2032/989/1938
f 2033/988/1939 2032/989/1938 2027/983/1934
f 2035/993/1940 2036/991/1360 2034/992/1941
f 2037/990/1928 2034/992/1941 2036/991/1360
f 2039/994/1942 2013/969/1445 2038/995/1943
f 2039/994/1942 2038/995/1943 2040/997/1944
f 2041/996/1945 2040/997/1944 2038/995/1943
f 2040/997/1944 2041/996/1945 2042/998/1946
f 2044/1001/1947 2045/999/1948 2043/1000/1949
f 1419/308/1344 2043/1000/1949 2045/999/1948
f 1449/339/1374 1419/308/1344 2046/1002/1950
f 1450/337/1375 1449/339/1374 2047/1003/1951
f 2047/1003/1951 2048/1004/1952 1450/337/1375
f 1444/331/1370 1450/337/1375 2048/1004/1952
f 1442/333/1369 1444/331/1370 2049/1005/1953
f 2048/1004/1952 2049/1005/1953 1444/331/1370
f 2051/1007/1954 1442/333/1369 2050/1006/1955
f 2049/1005/1953 2050/1006/1955 1442/333/1369
f 2050/1006/1955 2052/1009/1956 2051/1007/1954
f 2053/1008/1957 2051/1007/1954 2052/1009/1956
f 2053/1008/1957 2052/1009/1956 2054/1010/1958
f 2055/1013/1959 2056/1012/1919 2019/977/1930
f 2057/1011/1960 2019/977/1930 2056/1012/1919
f 2017/972/1925 2016/973/1926 2058/1014/1961
f 2058/1014/1961 2059/1016/1962 2017/972/1925
f 2060/1015/1963 2017/972/1925 2059/1016/1962
f 2004/962/1918 2061/1018/1964 2005/963/1447
f 2062/1017/1965 2005/963/1447 2061/1018/1964
f 2064/1022/1966 2065/1020/1967 2063/1021/1968
f 2066/1019/1969 2063/1021/1968 2065/1020/1967
f 2068/1024/1970 2069/1023/1971 2067/1025/1972
f 2071/1029/1973 2072/1027/1974 2070/1028/1359
f 2073/1026/1939 2070/1028/1359 2072/1027/1974
f 1434/320/1360 2053/1008/1957 2054/1010/1958
f 2075/1031/1975 2076/1030/1929 2074/1032/1976
f 2074/1032/1976 2077/1033/1977 2075/1031/1975
f 2074/1032/1976 2078/1034/1978 2077/1033/1977
f 2074/1032/1976 2079/1035/1979 2078/1034/1978
f 2074/1032/1976 2080/1036/1946 2079/1035/1979
f 2081/1038/1980 2082/1037/1947 2074/1032/1976
f 2074/1032/1976 2083/1039/1950 2081/1038/1980
f 2074/1032/1976 2084/1040/1951 2083/1039/1950
f 2074/1032/1976 2085/1041/1981 2084/1040/1951
f 2074/1032/1976 2086/1042/1953 2085/1041/1981
f 2074/1032/1976 2087/1043/1982 2086/1042/1953
f 2074/1032/1976 2088/1044/1983 2087/1043/1982
f 2074/1032/1976 2076/1030/1929 2088/1044/1983
f 2089/1046/1984 2090/1045/1985 1392/277/1317
f 1393/276/1319 1392/277/1317 2090/1045/1985
f 1392/277/1317 1397/280/1323 2089/1046/1984
f 2091/1047/1986 2089/1046/1984 1397/280/1323
f 1397/280/1323 1396/281/1321 2091/1047/1986
f 1396/281/1321 1399/285/1324 2091/1047/1986
f 2091/1047/1986 1399/285/1324 1401/287/1326
f 1404/288/1329 1403/289/1328 2092/1049/1987
f 2093/1048/1988 2092/1049/1987 1403/289/1328
f 1403/289/1328 1406/291/1331 2093/1048/1988
f 2094/1050/1989 2093/1048/1988 1406/291/1331
f 2095/1052/1990 1209/1051/1163 1389/275/1314
f 432/273/421 1389/275/1314 1209/1051/1163
f 1389/275/1314 1393/276/1319 2095/1052/1990
f 2090/1045/1985 2095/1052/1990 1393/276/1319
f 2096/1056/1991 2097/1054/1992 1211/1055/1163
f 1212/1053/1165 1211/1055/1163 2097/1054/1992
f 2097/1054/1992 2099/1057/1993 2098/1058/1994
f 2101/1060/1995 2102/1059/1996 2100/1061/1997
f 2103/1062/1998 2101/1060/1995 2100/1061/1997
f 2104/1063/1999 2103/1062/1998 2100/1061/1997
f 2105/1065/2000 2106/1064/1988 2100/1061/1997
f 2104/1063/1999 2100/1061/1997 2106/1064/1988
f 2104/1063/1999 2107/1066/1989 1224/1067/1177
f 2102/1059/1996 2098/1058/1994 2100/1061/1997
f 2097/1054/1992 2096/1056/1991 2099/1057/1993
f 1212/1053/1165 2097/1054/1992 1226/1069/1179
f 2108/1068/2001 1226/1069/1179 2097/1054/1992
f 2097/1054/1992 2102/1059/1996 2108/1068/2001
f 2101/1060/1995 2108/1068/2001 2102/1059/1996
f 2101/1060/1995 2103/1062/1998 2108/1068/2001
f 2104/1063/1999 2108/1068/2001 2103/1062/1998
f 2104/1063/1999 1224/1067/1177 2108/1068/2001
f 1226/1069/1179 2108/1068/2001 1224/1067/1177
f 2110/1071/2002 2111/1070/2003 2109/1072/1485
f 1545/446/1469 2112/1073/2004 1546/447/1470
f 1547/448/1435 2112/1073/2004 1545/446/1469
f 1525/428/1450 1533/433/1457 1544/1234/1468
f 1462/355/1387 1480/370/1405 1508/404/1433
f 1530/431/1453 1531/432/1455 1508/404/1433
f 1598/504/1520 1591/496/1512 1599/505/1521
f 1598/504/1520 1559/461/1483 1555/456/1478
f 1554/453/1476 1597/503/1519 1596/502/1518
f 1735/654/1656 1605/510/1527 1620/527/1542
f 2113/1074/2005 1584/1239/1506 1583/488/1504
f 2013/969/1445 2012/970/1924 2038/995/1943
f 2114/1075/1445 2009/965/1920 2015/971/1923
f 2009/965/1920 2114/1075/1445 2115/1076/2006
f 1437/324/1363 1432/323/1357 1504/1232/1430
f 1505/403/1431 1504/1232/1430 1432/323/1357
f 1597/503/1519 1554/453/1476 1553/454/1475
f 1549/450/1472 1562/462/1484 1551/452/1474
f 1565/468/1485 1591/496/1512 1594/501/1516
f 1478/372/1406 1489/380/1414 1487/378/1412
f 1419/308/1344 2045/999/1948 2046/1002/1950
f 1449/339/1374 2046/1002/1950 2047/1003/1951
f 1959/890/1872 1956/888/1705 1960/889/1874
f 1955/887/1871 1960/889/1874 1956/888/1705
f 1810/738/1730 1757/679/1679 1653/1246/1573
f 1654/1247/1574 1653/1246/1573 1757/679/1679
f 1886/1254/1804 1655/1248/1576 1765/1250/1685
f 1654/1247/1574 1765/1250/1685 1655/1248/1576
f 1767/1251/1688 1886/1254/1804 1766/686/1686
f 1765/1250/1685 1766/686/1686 1886/1254/1804
f 1762/681/1682 1764/683/1684 1766/686/1686
f 1768/688/1687 1766/686/1686 1764/683/1684
f 1774/693/1694 1775/1253/1695 1764/683/1684
f 1768/688/1687 1764/683/1684 1775/1253/1695
f 1800/1077/1720 2116/1080/2007 1776/695/1696
f 2117/1078/1719 1809/739/1729 1804/730/1724
f 1801/732/1723 1804/730/1724 1809/739/1729
f 1802/733/1721 1801/732/1723 1652/567/1575
f 1653/1246/1573 1652/567/1575 1801/732/1723
f 2118/1079/2008 1875/804/1792 1878/806/1795
f 1874/805/1791 1878/806/1795 1875/804/1792
f 1874/805/1791 2116/1080/2007 1876/808/1793
f 1802/733/1721 1880/812/1796 1803/731/1722
f 1879/811/1798 1803/731/1722 1880/812/1796
f 1652/567/1575 1883/814/1800 1802/733/1721
f 1880/812/1796 1802/733/1721 1883/814/1800
f 2119/1081/2009 1884/813/1801 1885/815/1802
f 1883/814/1800 1885/815/1802 1884/813/1801
f 2120/1082/2010 2119/1081/2009 1887/817/1803
f 1885/815/1802 1887/817/1803 2119/1081/2009
f 2121/1083/2011 2120/1082/2010 1888/818/1805
f 1887/817/1803 1888/818/1805 2120/1082/2010
f 2118/1079/2008 2121/1083/2011 1875/804/1792
f 1888/818/1805 1875/804/1792 2121/1083/2011
f 1881/810/1797 1884/813/1801 1905/836/1822
f 2122/1084/2012 1905/836/1822 1884/813/1801
f 1884/813/1801 2119/1081/2009 2122/1084/2012
f 2123/1085/2013 2122/1084/2012 2119/1081/2009
f 2119/1081/2009 2120/1082/2010 2123/1085/2013
f 2124/1086/2014 2123/1085/2013 2120/1082/2010
f 2120/1082/2010 2121/1083/2011 2124/1086/2014
f 2125/1087/2015 2124/1086/2014 2121/1083/2011
f 2118/1079/2008 2126/1088/2016 2121/1083/2011
f 2125/1087/2015 2121/1083/2011 2126/1088/2016
f 1878/806/1795 1904/833/1821 2118/1079/2008
f 2126/1088/2016 2118/1079/2008 1904/833/1821
f 2127/1266/2017 1901/1264/1818 1903/834/1820
f 1904/833/1821 1903/834/1820 1901/1264/1818
f 1890/1255/1806 2128/1267/2017 1905/836/1822
f 1906/835/1823 1905/836/1822 2128/1267/2017
f 1905/836/1822 2122/1084/2012 1890/1255/1806
f 1891/1256/1807 1890/1255/1806 2122/1084/2012
f 2123/1085/2013 1893/1257/1810 2122/1084/2012
f 1891/1256/1807 2122/1084/2012 1893/1257/1810
f 2124/1086/2014 1895/1259/1812 2123/1085/2013
f 1893/1257/1810 2123/1085/2013 1895/1259/1812
f 2125/1087/2015 1897/1261/1814 2124/1086/2014
f 1895/1259/1812 2124/1086/2014 1897/1261/1814
f 2126/1088/2016 1899/1263/1816 2125/1087/2015
f 1897/1261/1814 2125/1087/2015 1899/1263/1816
f 2126/1088/2016 1904/833/1821 1899/1263/1816
f 1901/1264/1818 1899/1263/1816 1904/833/1821
f 1918/849/1835 1902/831/1819 2127/1266/2017
f 1901/1264/1818 2127/1266/2017 1902/831/1819
f 1889/821/1808 1922/850/1839 1890/1255/1806
f 2128/1267/2017 1890/1255/1806 1922/850/1839
f 1640/552/1562 1646/557/1566 1645/558/1565
f 1810/738/1730 2129/1091/2018 1757/679/1679
f 1758/680/1677 1757/679/1679 2129/1091/2018
f 1643/554/1564 2130/1092/2019 1758/680/1677
f 1759/678/1678 1758/680/1677 2130/1092/2019
f 2130/1092/2019 2131/1093/2020 1759/678/1678
f 1761/682/1681 1759/678/1678 2131/1093/2020
f 2132/1094/2021 1763/684/1683 2131/1093/2020
f 1761/682/1681 2131/1093/2020 1763/684/1683
f 2133/1095/2022 1773/694/1693 2132/1094/2021
f 1763/684/1683 2132/1094/2021 1773/694/1693
f 2134/1096/2023 1799/728/1719 1798/729/1718
f 1794/726/1716 1798/729/1718 2133/1095/2022
f 1773/694/1693 2133/1095/2022 1798/729/1718
f 2117/1078/1719 2135/1098/2024 1809/739/1729
f 2136/1097/2025 1809/739/1729 2135/1098/2024
f 1809/739/1729 2136/1097/2025 1810/738/1730
f 2129/1091/2018 1810/738/1730 2136/1097/2025
f 1643/554/1564 1758/680/1677 1812/740/1732
f 2134/1096/2023 1798/729/1718 1797/724/1717
f 1794/726/1716 1797/724/1717 1798/729/1718
f 2136/1097/2025 2135/1098/2024 1805/736/1727
f 1806/737/1725 1805/736/1727 2135/1098/2024
f 2136/1097/2025 1805/736/1727 2129/1091/2018
f 1812/740/1732 2129/1091/2018 1805/736/1727
f 1642/555/1563 2137/1099/1674 1643/554/1564
f 2130/1092/2019 1643/554/1564 2137/1099/1674
f 2137/1099/1674 2138/1100/1675 2130/1092/2019
f 2131/1093/2020 2130/1092/2019 2138/1100/1675
f 2139/1101/1676 2132/1094/2021 2138/1100/1675
f 2131/1093/2020 2138/1100/1675 2132/1094/2021
f 2140/1102/1692 2133/1095/2022 2139/1101/1676
f 2132/1094/2021 2139/1101/1676 2133/1095/2022
f 1795/727/1714 1794/726/1716 2140/1102/1692
f 2133/1095/2022 2140/1102/1692 1794/726/1716
f 1813/742/1733 1638/550/1560 1637/547/1559
f 1646/557/1566 1649/560/1569 1644/559/1567
f 1643/554/1564 1812/740/1732 1641/556/1565
f 1758/680/1677 2129/1091/2018 1812/740/1732
f 1713/626/1635 1708/620/1629 1699/611/1620
f 1590/1240/1514 1593/1241/1515 2141/1104/2026
f 2142/1103/2027 2141/1104/2026 1593/1241/1515
f 1593/1241/1515 1584/1239/1506 2142/1103/2027
f 2113/1074/2005 2142/1103/2027 1584/1239/1506
f 1585/493/1509 2143/1106/2028 1586/494/1507
f 2144/1105/2029 1586/494/1507 2143/1106/2028
f 2143/1106/2028 2145/1108/2030 2144/1105/2029
f 2146/1107/2031 2144/1105/2029 2145/1108/2030
f 2145/1108/2030 1268/1110/1212 2146/1107/2031
f 1267/1109/1211 2146/1107/2031 1268/1110/1212
f 1557/458/1480 1471/361/1397 1466/356/1391
f 1401/287/1326 1400/1225/1327 1404/288/1329
f 1402/1226/1330 1404/288/1329 1400/1225/1327
f 1401/287/1326 1404/288/1329 2091/1047/1986
f 2092/1049/1987 2091/1047/1986 1404/288/1329
f 1573/1235/1497 1590/1240/1514 1574/478/1495
f 2141/1104/2026 1574/478/1495 1590/1240/1514
f 1533/433/1457 1535/435/1459 1544/1234/1468
f 1491/385/1417 1494/388/1419 1492/386/1418
f 1491/385/1417 1485/377/1411 1482/375/1408
f 1481/373/1407 1478/372/1406 1482/375/1408
f 1486/379/1413 1482/375/1408 1478/372/1406
f 1385/271/1313 1387/269/1312 454/296/444
f 1692/604/1612 2147/1112/2032 1693/603/1614
f 2148/1111/2033 1693/603/1614 2147/1112/2032
f 2147/1112/2032 1692/604/1612 2149/1113/2034
f 1698/612/1619 2149/1113/2034 1692/604/1612
f 2150/1114/2035 2149/1113/2034 1702/614/1622
f 1698/612/1619 1702/614/1622 2149/1113/2034
f 1702/614/1622 1704/616/1625 2150/1114/2035
f 2151/1115/2036 2150/1114/2035 1704/616/1625
f 1705/619/1626 1696/610/1617 2152/1117/2037
f 2153/1116/2038 2152/1117/2037 1696/610/1617
f 2153/1116/2038 1696/610/1617 2154/1118/2039
f 1694/608/1615 2154/1118/2039 1696/610/1617
f 1694/608/1615 1693/603/1614 2154/1118/2039
f 2148/1111/2033 2154/1118/2039 1693/603/1614
f 2147/1112/2032 2155/1120/2040 2148/1111/2033
f 2156/1119/2041 2148/1111/2033 2155/1120/2040
f 2155/1120/2040 2147/1112/2032 2157/1121/2042
f 2149/1113/2034 2157/1121/2042 2147/1112/2032
f 2158/1122/2043 2157/1121/2042 2150/1114/2035
f 2149/1113/2034 2150/1114/2035 2157/1121/2042
f 2150/1114/2035 2151/1115/2036 2158/1122/2043
f 2159/1123/2044 2158/1122/2043 2151/1115/2036
f 2152/1117/2037 2153/1116/2038 2160/1125/2044
f 2161/1124/2045 2160/1125/2044 2153/1116/2038
f 2161/1124/2045 2153/1116/2038 2162/1126/2046
f 2154/1118/2039 2162/1126/2046 2153/1116/2038
f 2154/1118/2039 2148/1111/2033 2162/1126/2046
f 2156/1119/2041 2162/1126/2046 2148/1111/2033
f 2155/1120/2040 2163/1128/2047 2156/1119/2041
f 2164/1127/2048 2156/1119/2041 2163/1128/2047
f 2163/1128/2047 2155/1120/2040 2165/1129/2049
f 2157/1121/2042 2165/1129/2049 2155/1120/2040
f 2165/1129/2049 2157/1121/2042 2166/1130/2050
f 2158/1122/2043 2166/1130/2050 2157/1121/2042
f 2158/1122/2043 2159/1123/2044 2166/1130/2050
f 2167/1131/2051 2166/1130/2050 2159/1123/2044
f 2160/1125/2044 2161/1124/2045 2168/1133/2052
f 2169/1132/2053 2168/1133/2052 2161/1124/2045
f 2169/1132/2053 2161/1124/2045 2170/1134/2054
f 2162/1126/2046 2170/1134/2054 2161/1124/2045
f 2162/1126/2046 2156/1119/2041 2170/1134/2054
f 2164/1127/2048 2170/1134/2054 2156/1119/2041
f 2163/1128/2047 1818/749/1740 2164/1127/2048
f 1821/747/1741 2164/1127/2048 1818/749/1740
f 1818/749/1740 2163/1128/2047 1823/751/1743
f 2165/1129/2049 1823/751/1743 2163/1128/2047
f 1824/754/1744 1823/751/1743 2166/1130/2050
f 2165/1129/2049 2166/1130/2050 1823/751/1743
f 2166/1130/2050 2167/1131/2051 1824/754/1744
f 1826/756/1746 1824/754/1744 2167/1131/2051
f 2168/1133/2052 2169/1132/2053 1863/792/1783
f 1861/791/1782 1863/792/1783 2169/1132/2053
f 1861/791/1782 2169/1132/2053 1862/790/1781
f 2170/1134/2054 1862/790/1781 2169/1132/2053
f 2170/1134/2054 2164/1127/2048 1862/790/1781
f 1821/747/1741 1862/790/1781 2164/1127/2048
f 1685/599/1606 1688/601/1608 1639/553/1561
f 1689/602/1610 1639/553/1561 1688/601/1608
f 1685/599/1606 1639/553/1561 1634/544/1556
f 1636/549/1558 1634/544/1556 1639/553/1561
f 1634/544/1556 1636/549/1558 703/545/689
f 704/548/692 703/545/689 1636/549/1558
f 802/644/786 1729/642/1651 806/648/790
f 1732/646/1653 806/648/790 1729/642/1651
f 1729/642/1651 1728/640/1649 1732/646/1653
f 1683/595/1603 1732/646/1653 1728/640/1649
f 1726/639/1647 1684/594/1605 1728/640/1649
f 1683/595/1603 1728/640/1649 1684/594/1605
f 1726/639/1647 1725/638/1646 1684/594/1605
f 1724/636/1645 1684/594/1605 1725/638/1646
f 1725/638/1646 1689/602/1610 1724/636/1645
f 1688/601/1608 1724/636/1645 1689/602/1610
f 1687/600/1609 1686/598/1607 1618/1245/1539
f 1619/522/1541 1618/1245/1539 1686/598/1607
f 1635/542/1557 1632/540/1554 1686/598/1607
f 1619/522/1541 1686/598/1607 1632/540/1554
f 1635/542/1557 702/543/687 1632/540/1554
f 699/541/685 1632/540/1554 702/543/687
f 810/653/795 807/649/791 1733/651/1655
f 1731/647/1652 1733/651/1655 807/649/791
f 1733/651/1655 1731/647/1652 1600/508/1524
f 1682/597/1602 1600/508/1524 1731/647/1652
f 1600/508/1524 1682/597/1602 1612/519/1534
f 1681/596/1604 1612/519/1534 1682/597/1602
f 1612/519/1534 1681/596/1604 1614/520/1537
f 1723/637/1644 1614/520/1537 1681/596/1604
f 1614/520/1537 1723/637/1644 1618/1245/1539
f 1687/600/1609 1618/1245/1539 1723/637/1644
f 1735/654/1656 1578/483/1501 813/655/797
f 1631/534/1553 1268/1110/1212 2145/1108/2030
f 1628/536/1552 2145/1108/2030 1611/516/1533
f 2143/1106/2028 1611/516/1533 2145/1108/2030
f 2143/1106/2028 1609/512/1531 1611/516/1533
f 2143/1106/2028 1585/493/1509 1609/512/1531
f 1606/514/1530 1609/512/1531 1585/493/1509
f 1585/493/1509 1588/491/1510 1606/514/1530
f 1620/527/1542 1606/514/1530 1588/491/1510
f 1588/491/1510 1579/484/1499 1620/527/1542
f 1735/654/1656 1620/527/1542 1579/484/1499
f 1573/1235/1497 1576/1236/1498 2171/1136/2055
f 2172/1135/2056 2171/1136/2055 1576/1236/1498
f 1576/1236/1498 1577/1237/625 2172/1135/2056
f 1295/1137/2057 2172/1135/2056 1577/1237/625
f 1589/495/1511 1584/1239/1506 1593/1241/1515
f 1595/500/1517 1590/1240/1514 2171/1136/2055
f 1590/1240/1514 1573/1235/1497 2171/1136/2055
f 431/272/420 1407/294/1333 1388/274/1315
f 1411/300/1337 1408/297/1334 1387/269/1312
f 1478/372/1406 1480/370/1405 1489/380/1414
f 1457/345/1383 1480/370/1405 1459/349/1385
f 2074/1032/1976 2082/1037/1947 2080/1036/1946
f 2173/1138/1946 2044/1001/1947 2043/1000/1949
f 1420/307/1345 1423/311/1348 1418/309/1346
f 1418/309/1346 1423/311/1348 1422/313/1347
f 1610/517/1532 1626/533/1548 1611/516/1533
f 572/414/562 509/351/499 1513/412/1439
f 1453/344/1378 1513/412/1439 509/351/499
f 1513/412/1439 1453/344/1378 1452/343/1380
f 1297/1139/1239 1268/1110/1212 1631/534/1553
f 1630/535/1551 1298/1140/1240 1631/534/1553
f 1297/1139/1239 1631/534/1553 1298/1140/1240
f 1298/1140/1240 1630/535/1551 1299/1141/1241
f 1679/593/1600 1299/1141/1241 1630/535/1551
f 1737/656/1658 1300/1142/1242 1679/593/1600
f 1299/1141/1241 1679/593/1600 1300/1142/1242
f 1302/1143/1243 1742/660/1662 1301/1144/1244
f 1747/667/1667 1742/660/1662 1741/661/1661
f 1628/536/1552 1631/534/1553 2145/1108/2030
f 1301/1144/1244 1742/660/1662 1747/667/1667
f 1301/1144/1244 1747/667/1667 698/539/683
f 698/539/683 1747/667/1667 1633/538/1555
f 2055/1013/1959 2019/977/1930 2174/1145/2058
f 2022/975/1927 2174/1145/2058 2019/977/1930
f 2176/1147/2059 2177/1146/2060 2175/1148/2061
f 2179/1150/1929 2180/1149/2062 2178/1151/2063
f 2097/1054/1992 2098/1058/1994 2102/1059/1996
f 1406/291/1331 1403/289/1328 1402/1226/1330
f 1224/1067/1177 2107/1066/1989 1310/1152/1249
f 1406/291/1331 451/293/441 2094/1050/1989
f 1311/1153/1250 2094/1050/1989 451/293/441
f 2106/1064/1988 2107/1066/1989 2104/1063/1999
f 2181/1154/2064 2004/962/1918 2007/960/1919
f 2182/1155/2065 2056/1012/1919 2055/1013/1959
f 2182/1155/2065 2055/1013/1959 2174/1145/2058
f 2061/1018/1964 2004/962/1918 2181/1154/2064
f 2025/979/1932 2183/1157/2066 2023/981/1933
f 2184/1156/2067 2023/981/1933 2183/1157/2066
f 2186/1159/1928 2069/1023/1971 2185/1158/1935
f 2068/1024/1970 2185/1158/1935 2069/1023/1971
f 2187/1161/1917 2188/1160/2068 2177/1146/2060
f 2175/1148/2061 2177/1146/2060 2188/1160/2068
f 2190/1163/1449 2031/985/1936 2189/1162/2069
f 2030/986/1933 2189/1162/2069 2031/985/1936
f 2191/1164/2070 2032/989/1938 2033/988/1939
f 2073/1026/1939 2072/1027/1974 2192/1165/2071
f 2193/1166/2072 2035/993/1940 2034/992/1941
f 2065/1020/1967 2064/1022/1966 2194/1167/2073
f 1678/590/1599 1627/532/1549 1626/533/1548
f 1600/508/1524 1603/506/1525 1733/651/1655
f 1734/650/1654 1603/506/1525 1605/510/1527
f 1680/592/1601 1629/537/1550 1678/590/1599
f 1495/387/1420 1494/388/1419 1496/391/1422
f 1548/449/1471 1496/391/1422 1498/393/1425
f 1596/502/1518 1597/503/1519 1589/495/1511
f 1596/502/1518 1589/495/1511 1598/504/1520
f 1584/1239/1506 1589/495/1511 1502/394/1428
f 1502/394/1428 1501/395/1427 1503/398/1429
f 1501/395/1427 556/397/545 1503/398/1429
f 541/382/530 556/397/545 1488/381/1415
f 1501/395/1427 1488/381/1415 556/397/545
f 1597/503/1519 1497/390/1423 1548/449/1471
f 541/382/530 1488/381/1415 1458/347/1384
f 1489/380/1414 1480/370/1405 1457/345/1383
f 1459/349/1385 1480/370/1405 1462/355/1387
f 1508/404/1433 1480/370/1405 1479/371/1404
f 1463/353/1388 1462/355/1387 1507/405/1434
f 1458/347/1384 1488/381/1415 1489/380/1414
f 1457/345/1383 1458/347/1384 1489/380/1414
f 1579/484/1499 1578/483/1501 1735/654/1656
f 1578/483/1501 643/486/631 813/655/797
f 1961/893/1875 1957/891/1873 2195/1169/2074
f 2196/1168/2075 2195/1169/2074 1957/891/1873
f 1957/891/1873 1960/889/1874 2196/1168/2075
f 2197/1170/2076 2196/1168/2075 1960/889/1874
f 1960/889/1874 1955/887/1871 2197/1170/2076
f 2198/1171/2077 2197/1170/2076 1955/887/1871
f 1955/887/1871 1044/885/1023 2198/1171/2077
f 1330/1172/1265 2198/1171/2077 1044/885/1023
f 1053/895/1031 1961/893/1875 1331/1173/1266
f 2195/1169/2074 1331/1173/1266 1961/893/1875
f 1093/936/1072 1080/922/1058 1989/934/1902
f 1979/921/1892 1989/934/1902 1080/922/1058
f 1989/934/1902 1979/921/1892 1987/932/1900
f 1980/923/1893 1987/932/1900 1979/921/1892
f 1981/924/1894 1983/929/1898 1980/923/1893
f 1987/932/1900 1980/923/1893 1983/929/1898
f 1983/929/1898 1981/924/1894 1984/930/1896
f 1982/925/1895 1984/930/1896 1981/924/1894
f 1984/930/1896 1982/925/1895 1105/946/1082
f 1084/926/1062 1105/946/1082 1982/925/1895
f 1335/1177/1270 1334/1175/1268 2199/1176/2078
f 2200/1174/2079 2199/1176/2078 1334/1175/1268
f 2199/1176/2078 2200/1174/2079 2201/1179/2080
f 2202/1178/2081 2201/1179/2080 2200/1174/2079
f 2201/1179/2080 2202/1178/2081 2203/1180/2082
f 1995/944/1909 2203/1180/2082 2202/1178/2081
f 1993/942/1907 2204/1181/2083 1995/944/1909
f 2203/1180/2082 1995/944/1909 2204/1181/2083
f 1340/1182/1275 2204/1181/2083 1099/940/1076
f 1993/942/1907 1099/940/1076 2204/1181/2083
f 1060/902/1038 1965/898/1877 1330/1172/1265
f 2198/1171/2077 1330/1172/1265 1965/898/1877
f 2197/1170/2076 2198/1171/2077 1964/900/1876
f 1965/898/1877 1964/900/1876 2198/1171/2077
f 2196/1168/2075 2197/1170/2076 1968/904/1880
f 1964/900/1876 1968/904/1880 2197/1170/2076
f 1968/904/1880 1970/905/1883 2196/1168/2075
f 2195/1169/2074 2196/1168/2075 1970/905/1883
f 1970/905/1883 1065/907/1043 2195/1169/2074
f 1331/1173/1266 2195/1169/2074 1065/907/1043
f 1976/913/1889 2204/1181/2083 1074/915/1051
f 1340/1182/1275 1074/915/1051 2204/1181/2083
f 1974/909/1887 2203/1180/2082 1976/913/1889
f 2204/1181/2083 1976/913/1889 2203/1180/2082
f 1973/910/1885 2201/1179/2080 1974/909/1887
f 2203/1180/2082 1974/909/1887 2201/1179/2080
f 1978/917/1891 2199/1176/2078 1973/910/1885
f 2201/1179/2080 1973/910/1885 2199/1176/2078
f 1077/919/1055 1335/1177/1270 1978/917/1891
f 2199/1176/2078 1978/917/1891 1335/1177/1270
f 2206/1186/2084 2207/1184/2085 2205/1185/2086
f 2208/1183/2087 2205/1185/2086 2207/1184/2085
f 2207/1184/2085 2209/1188/2088 2208/1183/2087
f 2210/1187/2089 2208/1183/2087 2209/1188/2088
f 2209/1188/2088 1348/1190/1283 2210/1187/2089
f 1347/1189/1282 2210/1187/2089 1348/1190/1283
f 2212/1194/2090 2213/1192/2091 2211/1193/2092
f 2214/1191/2093 2211/1193/2092 2213/1192/2091
f 2213/1192/2091 1354/1196/1289 2214/1191/2093
f 1353/1195/1288 2214/1191/2093 1354/1196/1289
f 2205/1185/2086 2215/1198/2094 2206/1186/2084
f 2216/1197/2095 2206/1186/2084 2215/1198/2094
f 2216/1197/2095 2212/1194/2090 2211/1193/2092
f 2209/1188/2088 2217/1200/2031 1348/1190/1283
f 1357/1199/1292 1348/1190/1283 2217/1200/2031
f 2218/1201/2096 2217/1200/2031 2207/1184/2085
f 2209/1188/2088 2207/1184/2085 2217/1200/2031
f 2219/1202/2097 2218/1201/2096 2206/1186/2084
f 2207/1184/2085 2206/1186/2084 2218/1201/2096
f 2216/1197/2095 2220/1203/2098 2206/1186/2084
f 2219/1202/2097 2206/1186/2084 2220/1203/2098
f 2221/1204/2099 2220/1203/2098 2211/1193/2092
f 2216/1197/2095 2211/1193/2092 2220/1203/2098
f 2214/1191/2093 2222/1205/2100 2211/1193/2092
f 2221/1204/2099 2211/1193/2092 2222/1205/2100
f 1353/1195/1288 1364/1206/630 2214/1191/2093
f 2222/1205/2100 2214/1191/2093 1364/1206/630
f 2213/1192/2091 2223/1208/2101 1354/1196/1289
f 1365/1207/635 1354/1196/1289 2223/1208/2101
f 2224/1209/2102 2223/1208/2101 2212/1194/2090
f 2213/1192/2091 2212/1194/2090 2223/1208/2101
f 2225/1210/2103 2224/1209/2102 2215/1198/2094
f 2212/1194/2090 2215/1198/2094 2224/1209/2102
f 2226/1211/2104 2225/1210/2103 2205/1185/2086
f 2215/1198/2094 2205/1185/2086 2225/1210/2103
f 2227/1212/1495 2226/1211/2104 2208/1183/2087
f 2205/1185/2086 2208/1183/2087 2226/1211/2104
f 2210/1187/2089 2228/1213/1496 2208/1183/2087
f 2227/1212/1495 2208/1183/2087 2228/1213/1496
f 1372/1214/1301 2228/1213/1496 1347/1189/1282
f 2210/1187/2089 1347/1189/1282 2228/1213/1496
f 2215/1198/2094 2212/1194/2090 2216/1197/2095
f 1423/311/1348 1511/408/1437 1424/310/1350
f 1380/262/1305 1424/310/1350 1511/408/1437
f 1425/314/1351 1426/317/1353 1424/310/1350
f 1421/312/1349 1424/310/1350 1426/317/1353
f 1427/316/1352 1425/314/1351 1382/265/1308
f 1379/1220/1304 1382/265/1308 1425/314/1351
f 1429/1229/1355 1427/316/1352 1384/1223/1310
f 1382/265/1308 1384/1223/1310 1427/316/1352
f 1432/323/1357 1437/324/1363 1433/321/1358
f 1433/321/1358 1436/326/1361 1434/320/1360
f 2053/1008/1957 1434/320/1360 1436/326/1361
f 1440/328/1365 1439/330/1364 2051/1007/1954
f 1442/333/1369 2051/1007/1954 1439/330/1364
f 1443/332/1368 1439/330/1364 1447/334/1373
f 1438/329/1366 1447/334/1373 1439/330/1364
f 1443/332/1368 1446/336/1371 1444/331/1370
f 1450/337/1375 1444/331/1370 1446/336/1371
f 1446/336/1371 1445/335/1372 1448/338/1376
f 1512/411/1438 1448/338/1376 1445/335/1372
f 1448/338/1376 1512/411/1438 1451/340/1377
f 1386/270/1311 1451/340/1377 1512/411/1438
f 1385/271/1313 1420/307/1345 1386/270/1311
f 1451/340/1377 1386/270/1311 1420/307/1345
f 1436/326/1361 1440/328/1365 2053/1008/1957
f 2051/1007/1954 2053/1008/1957 1440/328/1365
f 1505/403/1431 1429/1229/1355 1504/1232/1430
f 1384/1223/1310 1504/1232/1430 1429/1229/1355
f 1505/403/1431 1432/323/1357 1506/402/1432
f 1431/322/1359 1506/402/1432 1432/323/1357
f 1423/311/1348 1420/307/1345 1511/408/1437
f 1385/271/1313 1511/408/1437 1420/307/1345
f 1992/937/1905 1991/938/1904 2200/1174/2079
f 2202/1178/2081 2200/1174/2079 1991/938/1904
f 1992/937/1905 2200/1174/2079 1097/939/1075
f 1334/1175/1268 1097/939/1075 2200/1174/2079
f 1100/941/1077 1994/943/1906 1059/901/1037
f 1966/897/1879 1059/901/1037 1994/943/1906
f 1994/943/1906 1996/945/1908 1966/897/1879
f 1963/899/1878 1966/897/1879 1996/945/1908
f 1991/938/1904 1996/945/1908 2202/1178/2081
f 1995/944/1909 2202/1178/2081 1996/945/1908
f 1709/624/1632 1712/622/1633 1708/620/1629
f 1707/621/1628 1708/620/1629 1712/622/1633
f 1709/624/1632 1714/627/1634 1710/625/1630
f 2229/1215/1592 1710/625/1630 1714/627/1634
f 1717/629/1637 1716/631/1636 1721/632/1642
f 1722/635/1643 1721/632/1642 1716/631/1636
f 1717/629/1637 1720/634/1640 1718/628/1639
f 2230/1216/1598 1718/628/1639 1720/634/1640
f 1714/627/1634 1716/631/1636 2229/1215/1592
f 1715/630/1638 2229/1215/1592 1716/631/1636
f 1720/634/1640 1739/658/1660 2230/1216/1598
f 2231/1217/1657 2230/1216/1598 1739/658/1660
f 1745/664/1664 2232/1219/2105 1746/663/1666
f 2233/1218/2106 1746/663/1666 2232/1219/2105
f 1745/664/1664 1749/669/1668 2232/1219/2105
f 1750/670/1670 2232/1219/2105 1749/669/1668
f 1712/622/1633 1749/669/1668 1707/621/1628
f 1748/668/1669 1707/621/1628 1749/669/1668
f 1628/536/1552 1611/516/1533 1627/532/1549
f 1476/364/1402 1569/470/1491 1571/471/1492
f 1557/458/1480 1549/450/1472 1471/361/1397
f 1494/388/1419 1499/392/1424 1496/391/1422
f 1598/504/1520 1589/495/1511 1592/498/1513
f 1463/353/1388 1510/407/1436 1465/357/1392
f 458/300/448 429/270/418 428/269/417
f 1411/300/1337 1387/269/1312 1386/270/1311
f 551/392/540 554/396/544 542/384/532
f 1487/378/1412 1500/396/1426 1490/384/1416
f 653/495/640 646/487/632 552/394/542
f 1503/398/1429 1584/1239/1506 1502/394/1428
f 654/498/643 657/499/644 653/495/640
f 1592/498/1513 1589/495/1511 1593/1241/1515
f 468/312/460 576/418/566 473/317/465
f 575/416/564 473/317/465 576/418/566
f 474/315/463 473/317/465 578/420/568
f 575/416/564 578/420/568 473/317/465
f 474/315/463 578/420/568 476/318/466
f 580/422/570 476/318/466 578/420/568
f 476/318/466 580/422/570 560/402/550
f 582/424/572 560/402/550 580/422/570
f 1421/312/1349 1426/317/1353 1515/418/1440
f 1516/416/1441 1515/418/1440 1426/317/1353
f 1428/315/1354 1518/420/1444 1426/317/1353
f 1516/416/1441 1426/317/1353 1518/420/1444
f 1428/315/1354 1430/318/1356 1518/420/1444
f 1520/422/1446 1518/420/1444 1430/318/1356
f 1430/318/1356 1506/402/1432 1520/422/1446
f 1522/424/1448 1520/422/1446 1506/402/1432
f 573/417/565 576/418/566 471/313/461
f 560/402/550 582/424/572 478/322/470
f 1421/312/1349 1515/418/1440 1422/313/1347
f 1523/423/1449 1522/424/1448 1431/322/1359
f 559/401/549 510/354/502 426/268/416
f 1460/348/1386 1461/354/1389 1383/1222/1309
f 853/695/837 963/805/945 1238/1080/1187
f 1776/695/1696 2116/1080/2007 1874/805/1791
f 1235/1077/1185 886/728/870 854/696/838
f 1774/693/1694 1799/728/1719 1775/1253/1695
f 1238/1080/1187 1235/1077/1185 853/695/837
f 1775/1253/1695 1800/1077/1720 1776/695/1696
f 957/799/940 952/793/935 954/798/939
f 951/795/937 954/798/939 952/793/935
f 2234/794/2107 1864/793/1786 1867/795/1787
f 2235/1268/2108 953/794/936 952/793/935
f 2236/1268/2109 1864/793/1786 2234/794/2107
f 2237/1269/2110 1036/877/1016 1039/880/996
f 1039/880/996 1036/877/1016 1035/876/1015
f 1949/880/1843 1948/876/1864 1947/877/1863
f 2238/1269/2111 1949/880/1843 1947/877/1863
f 1041/882/1020 1038/879/1018 1037/881/1019
f 2239/882/2112 1951/881/1867 1950/879/1866
f 2240/1265/2113 1040/883/1021 1042/884/1022
f 1950/879/1866 1953/883/1868 2239/882/2112
f 1952/884/1870 2239/882/2112 1953/883/1868
