# Blender 4.4.3
# www.blender.org
mtllib hamm.mtl
o Hamm
v 5.451230 4.750880 1.833007
v 5.234397 5.409526 1.833007
v 5.328680 4.875865 2.540995
v 5.038043 5.516164 2.542101
v 4.887253 5.906244 1.833007
v 4.701608 5.981943 2.546003
v 4.328742 6.201791 1.833007
v 4.108354 6.268262 2.542364
v 3.757238 6.326113 1.833007
v 5.384288 5.075457 0.963576
v 5.091978 4.959230 3.197344
v 4.639842 5.967830 0.963576
v 5.145069 5.585001 0.963576
v 5.355910 4.218963 2.540995
v 4.114649 6.139513 0.963576
v 5.202850 4.320107 3.197344
v 3.528534 6.389415 2.540995
v 4.797994 5.543850 3.203819
v 3.565132 6.094600 0.963576
v 4.521747 5.867211 0.003183
v 3.171234 6.135293 1.833007
v 5.026033 5.705780 0.003183
v 2.942738 6.170466 2.540995
v 4.483337 5.958725 3.211609
v 2.598526 5.700218 1.833007
v 4.262257 5.705115 3.802346
v 3.929184 6.210107 3.202643
v 3.033021 5.803341 0.963576
v 4.561749 5.379432 3.799343
v 2.384600 5.634162 2.540995
v 2.688643 5.326396 0.963576
v 3.536656 5.791289 0.003183
v 3.858701 5.909232 3.799302
v 2.309634 5.057083 1.833007
v 4.021059 5.927165 0.003183
v 3.470006 6.005160 3.797544
v 2.132056 4.895555 2.540995
v 3.141499 5.480272 0.003183
v 3.394555 6.298315 3.197344
v 2.256861 4.359901 1.833007
v 2.514774 4.738123 0.963576
v 2.894697 5.041447 0.003183
v 3.667743 5.279919 4.198582
v 3.186523 5.441696 -0.076460
v 3.919790 5.274938 4.198582
v 2.142391 4.148092 2.540995
v 2.951192 5.023031 -0.076460
v 3.703234 5.141429 4.247923
v 2.219876 4.762723 3.197344
v 3.069618 4.984358 -0.145961
v 2.404220 5.502507 3.197344
v 2.284064 4.053754 3.197343
v 3.281123 5.360628 -0.145961
v 4.165665 5.190037 4.198582
v 2.623003 5.310733 3.797544
v 2.615919 4.693970 3.797544
v 3.564150 5.738420 -0.076460
v 3.620533 5.627341 -0.145961
v 4.391573 5.017758 4.198582
v 2.676786 4.150043 3.797544
v 4.803584 4.935639 3.797544
v 3.286755 4.917748 4.198582
v 3.214085 4.619004 4.198582
v 4.026580 5.868055 -0.076460
v 3.445100 5.166957 4.198582
v 4.036155 5.743844 -0.145961
v 2.984025 5.805997 3.797544
v 3.242340 4.334816 4.198582
v 3.892200 4.555480 4.342233
v 2.836805 6.085592 3.197344
v 4.503428 5.810854 -0.076460
v 3.834031 4.734760 4.332340
v 4.987471 5.660770 -0.076460
v 4.906403 5.566156 -0.145961
v 3.756491 4.958372 4.297264
v 5.530305 5.223909 -0.076460
v 5.583770 5.248953 0.003183
v 5.416984 5.172147 -0.145961
v 5.529766 5.278162 0.187278
v 5.586980 4.702881 -0.145961
v 5.296150 5.262679 0.328922
v 5.710581 4.713009 -0.076460
v 5.426517 4.779162 0.453603
v 5.768086 4.719015 0.003183
v 5.635643 4.146487 -0.076460
v 5.710567 4.752928 0.248919
v 5.517852 4.184607 -0.145961
v 5.360503 4.239635 0.515286
v 5.690325 4.129565 0.003183
v 5.267688 3.725456 -0.145961
v 5.448476 4.465599 0.963576
v 5.630385 4.153308 0.279761
v 5.361721 3.644913 -0.076460
v 4.913764 3.338905 -0.076460
v 5.399052 4.075188 1.833007
v 5.341077 3.621696 0.248919
v 4.940800 3.288927 0.003183
v 5.097388 3.768321 0.453603
v 4.222602 3.247349 0.003183
v 5.405098 3.607790 0.003183
v 5.275436 3.877145 0.963576
v 4.880072 3.303829 0.187278
v 5.207845 3.577737 2.540994
v 5.175315 3.491341 1.833007
v 4.704182 3.457581 0.328922
v 4.946875 3.418271 0.963576
v 4.471963 3.105925 0.963576
v 4.819828 3.039468 2.540994
v 3.948763 3.031070 0.963576
v 4.720426 3.032398 1.833007
v 5.090788 3.733038 3.197343
v 4.290096 2.742938 2.540994
v 4.165679 2.813615 1.833007
v 4.815026 3.228807 3.197343
v 3.532118 2.856563 1.833007
v 3.613034 2.722252 2.540994
v 3.364641 3.203514 0.963576
v 4.818624 3.941831 3.797544
v 4.359957 2.919091 3.197343
v 3.720599 3.414438 0.003183
v 4.923989 4.429541 3.797544
v 4.615476 3.556180 3.797544
v 2.928901 3.168743 1.833007
v 2.950071 2.985063 2.540994
v 4.465529 4.237116 4.198582
v 4.250953 3.316641 3.797544
v 2.430565 3.486249 2.540994
v 4.555439 4.503220 4.198582
v 2.474565 3.697505 1.833007
v 4.521886 4.777487 4.198582
v 4.301650 4.021639 4.198582
v 3.934996 4.378345 4.332340
v 4.073472 3.886277 4.198582
v 4.038673 3.999114 4.247923
v 3.990799 4.163589 4.297264
v 2.588647 4.128098 0.963576
v 2.887862 3.589180 0.963576
v 2.598250 3.464319 3.197343
v 2.834771 4.541631 0.003183
v 3.113646 3.041087 3.197343
v 3.281788 3.661116 0.003183
v 2.970756 4.056923 0.003183
v 2.893991 4.546183 -0.076460
v 3.746169 2.847971 3.197343
v 3.326410 3.386322 3.797544
v 3.023626 4.083752 -0.076460
v 3.784441 3.251859 3.797544
v 3.320364 3.706126 -0.076460
v 3.018202 4.555771 -0.145961
v 3.134719 4.140136 -0.145961
v 3.739015 3.470794 -0.076460
v 3.401418 3.800740 -0.145961
v 3.812972 3.852004 4.198582
v 4.218312 3.306209 -0.076460
v 3.777702 3.589221 -0.145961
v 4.208738 3.430419 -0.145961
v 3.564523 3.924825 4.198582
v 4.853450 3.447051 -0.145961
v 2.926950 3.701449 3.797544
v 3.365498 4.093700 4.198582
v 4.471286 5.655000 -0.145961
v 4.464741 5.692442 -0.145961
v 4.518759 5.399744 -0.145961
v 4.434052 5.031761 -0.145961
v 4.293736 4.584482 -0.145961
v 4.142945 4.140606 -0.145961
v 3.994078 3.793587 -0.145961
v 3.805085 3.615580 -0.145961
v 2.554512 1.801155 1.461220
v 2.172998 2.548216 1.511571
v 2.669425 1.828496 1.610793
v 2.806807 0.963105 1.552458
v 2.270753 2.609166 1.663413
v 2.685973 0.973012 1.405389
v 1.578775 3.141098 1.551531
v 2.669425 0.097713 1.494123
v 0.000000 0.973012 1.405389
v 1.649798 3.228710 1.705172
v 2.554512 0.144882 1.349573
v 0.830011 3.521740 1.577198
v 2.270753 -0.682957 1.441503
v 0.867356 3.626483 1.731987
v 0.000000 3.652910 1.586039
v 2.172998 -0.602179 1.299222
v 0.000000 3.763547 1.741216
v 1.649798 -1.302501 1.399744
v -0.830011 3.521740 1.577198
v 1.578775 -1.195060 1.259248
v -0.867356 3.626483 1.731987
v 0.867356 -1.700287 1.372929
v -1.578775 3.141098 1.551531
v 0.830011 -1.575717 1.233595
v -1.649798 3.228710 1.705172
v 0.000000 -1.837338 1.363686
v -2.172998 2.548216 1.511571
v 0.000000 -1.706873 1.224753
v -2.270753 2.609166 1.663413
v -0.867356 -1.700287 1.372929
v -2.554512 1.801155 1.461220
v -0.830011 -1.575717 1.233595
v -2.669425 1.828496 1.610793
v -1.649798 -1.302501 1.399744
v -2.685973 0.973012 1.405389
v -1.578775 -1.195060 1.259248
v -2.806807 0.963105 1.552458
v -2.270753 -0.682957 1.441503
v -2.554512 0.144882 1.349573
v -2.172998 -0.602179 1.299222
v -2.669425 0.097713 1.494123
v -2.669425 1.762607 2.391200
v -2.270753 2.543277 2.443820
v -2.806807 0.897215 2.332865
v -1.649798 3.162821 2.485579
v -2.669425 0.031824 2.274544
v -0.867356 3.560607 2.512394
v -2.270753 -0.748847 2.221910
v 0.000000 3.697658 2.521637
v -1.649798 -1.368391 2.180151
v -0.867356 -1.766163 2.153350
v 0.000000 -1.903228 2.144107
v 0.867356 3.560607 2.512394
v 1.649798 3.162821 2.485579
v 2.270753 2.543277 2.443820
v 2.669425 1.762607 2.391200
v 2.806807 0.897215 2.332865
v 2.669425 0.031824 2.274544
v 2.270753 -0.748847 2.221910
v 1.649798 -1.368391 2.180151
v 0.867356 -1.766163 2.153350
v -5.453900 -3.343983 1.833007
v -5.401279 -3.338960 2.540994
v -5.597481 -2.661773 1.833007
v -5.400865 -3.283600 0.963575
v -5.549856 -2.632578 2.540994
v -5.527164 -2.683316 0.963575
v -5.060390 -3.919347 1.833007
v -5.469258 -1.976561 1.833007
v -5.414563 -2.080404 0.963575
v -5.335044 -3.222180 0.515286
v -5.005832 -3.934705 2.540994
v -5.443190 -2.685184 0.453602
v -5.269487 -3.271673 3.197343
v -5.416846 -1.923069 2.540994
v -5.051437 -1.536739 0.963575
v -5.575053 -3.309281 0.279760
v -5.406468 -2.619060 3.197343
v -5.101899 -1.392646 1.833007
v -5.705268 -2.716524 0.248919
v -5.025936 -3.114130 3.797544
v -5.560787 -2.166232 0.187277
v -4.918648 -3.822062 3.197343
v -5.283724 -1.963569 3.197343
v -5.332263 -2.167007 0.328922
v -5.048144 -1.318482 2.540994
v -5.091577 -1.690643 0.003182
v -4.479324 -4.186448 3.197343
v -4.650510 -0.998955 1.833007
v -5.607430 -2.195178 0.003182
v -4.557030 -4.329088 2.540994
v -4.630987 -1.220215 0.963575
v -5.551544 -2.214964 -0.076461
v -4.605390 -4.300239 1.833007
v -4.603480 -0.910845 2.540994
v -5.049195 -1.732097 -0.076461
v -4.002269 -0.855415 1.833007
v -4.603521 -1.485517 0.003182
v -4.603023 -4.125013 0.963575
v -4.094296 -1.093915 0.963575
v -4.580221 -1.540046 -0.076461
v -3.962835 -4.428697 1.833007
v -3.952803 -0.762213 2.540994
v -4.110249 -1.441157 -0.076461
v -4.019191 -4.236701 0.963575
v -4.516337 -1.028386 3.197343
v -4.110913 -1.381867 0.003182
v -3.465038 -4.111730 0.963575
v -4.950887 -1.405002 3.197343
v -3.321318 -4.285143 1.833007
v -3.911833 -4.462098 2.540994
v -3.229887 -4.313466 2.540994
v -4.813822 -1.685427 3.797544
v -5.085198 -2.112948 3.797544
v -3.882085 -4.309316 3.197343
v -3.902646 -3.908305 3.797544
v -5.130970 -2.614632 3.797544
v -3.257214 -4.172002 3.197343
v -3.416320 -3.803203 3.797544
v -4.653015 -2.878329 4.198581
v -2.634156 -3.905829 2.540994
v -4.378553 -3.814259 3.797544
v -3.692898 -3.251265 4.198581
v -4.709855 -2.608005 4.198582
v -2.706825 -3.795386 3.197343
v -4.659006 -2.336491 4.198582
v -2.993517 -3.514961 3.797544
v -2.749400 -3.891453 1.833007
v -4.043281 -2.427355 4.332339
v -3.951821 -2.600201 4.342232
v -2.958788 -3.765319 0.963575
v -3.439565 -3.095258 4.198581
v -4.151510 -2.218202 4.297264
v -2.623640 -3.251541 0.963575
v -3.274316 -2.863897 4.198581
v -4.508173 -2.105130 4.198582
v -2.368494 -3.307551 1.833007
v -2.714642 -3.087454 3.797544
v -4.226628 -2.058501 4.247922
v -2.342454 -3.236819 3.197343
v -4.269411 -1.949137 4.198582
v -3.220755 -2.592383 4.198582
v -2.239759 -3.301242 2.540994
v -2.620595 -2.585756 3.797544
v -2.240036 -2.622339 1.833007
v -4.395102 -1.397185 3.797544
v -2.219572 -2.581328 3.197343
v -2.106749 -2.591733 2.540994
v -2.356885 -1.928714 3.197343
v -2.383590 -1.940116 1.833007
v -2.255381 -1.885351 2.540994
v -2.510609 -2.648628 0.963575
v -2.725684 -2.086271 3.797544
v -2.636909 -2.048345 0.963575
v -3.919817 -0.891072 3.197343
v -2.806586 -2.657719 0.003182
v -2.910236 -2.165111 0.003182
v -3.277637 -2.322059 4.198582
v -3.267619 -0.895223 2.540994
v -3.357750 -0.983874 1.833007
v -2.964751 -2.188398 -0.076461
v -3.292068 -1.013954 3.197343
v -3.890041 -2.773033 4.332339
v -2.777280 -1.364765 1.833007
v -2.663018 -1.289605 2.540994
v -3.497098 -1.206932 0.963575
v -2.733501 -1.378325 3.197343
v -3.810412 -2.982200 4.297263
v -3.616133 -1.474627 0.003182
v -3.742986 -3.141887 4.247922
v -3.194507 -1.749656 0.003182
v -2.983320 -1.542080 0.963575
v -3.638216 -1.529641 -0.076461
v -3.235975 -1.792037 -0.076461
v -3.684610 -1.645259 -0.145962
v -3.079318 -2.237338 -0.145962
v -3.323090 -1.881103 -0.145962
v -4.108880 -1.565727 -0.145962
v -4.531281 -1.654613 -0.145962
v -4.960144 -1.819212 -0.145962
v -5.434114 -2.256571 -0.145962
v -5.562212 -2.738953 -0.145962
v -5.686782 -2.740323 -0.076461
v -5.562365 -3.298101 -0.076461
v -5.746072 -2.740987 0.003168
v -5.447798 -3.249161 -0.145962
v -5.616880 -3.321388 0.003168
v -5.158255 -3.684541 -0.145962
v -5.245369 -3.773607 -0.076461
v -5.286824 -3.815988 0.003168
v -4.772271 -4.039088 -0.076461
v -5.237760 -3.810882 0.248919
v -4.796610 -4.093147 0.003168
v -4.721145 -3.925476 -0.145962
v -4.075437 -4.069224 0.003168
v -4.076101 -4.009948 -0.076461
v -5.025978 -3.662652 0.453602
v -4.747130 -4.083310 0.187277
v -4.077471 -3.885364 -0.145962
v -3.589816 -3.858383 0.003168
v -4.595607 -3.925504 0.328921
v -5.054883 -3.789865 0.963575
v -3.613117 -3.803867 -0.076461
v -3.662057 -3.689301 -0.145962
v -3.216756 -3.532658 -0.076461
v -3.174375 -3.574112 0.003168
v -2.954360 -3.130402 -0.076461
v -3.305822 -3.445543 -0.145962
v -2.899346 -3.152485 0.003168
v -3.069978 -3.084008 -0.145962
v -2.865876 -2.658369 -0.076461
v -2.990446 -2.659739 -0.145962
v -3.013940 -1.665018 3.797544
v -3.441447 -1.386143 3.797544
v -3.436300 -2.094075 4.198582
v -3.919111 -1.292082 3.797544
v -3.681995 -1.943146 4.198582
v -3.976948 -1.892255 4.198582
v -4.534504 -1.692469 -0.145962
v -4.559369 -1.950922 -0.145962
v -4.442644 -2.310021 -0.145962
v -4.263558 -2.743243 -0.145962
v -4.074344 -3.172147 -0.145962
v -3.895562 -3.504735 -0.145962
v -3.691639 -3.665460 -0.145962
v -4.779231 -3.535370 3.797544
v -4.266007 -3.257242 4.198581
v -4.497132 -3.106313 4.198581
v -3.987007 -3.308147 4.198581
v -5.451230 4.750880 1.833007
v -5.328680 4.875865 2.540995
v -5.234397 5.409526 1.833007
v -5.384288 5.075457 0.963576
v -5.038043 5.516164 2.542101
v -5.448476 4.465599 0.963576
v -4.887253 5.906244 1.833007
v -5.091978 4.959230 3.197344
v -5.355910 4.218963 2.540995
v -5.145069 5.585001 0.963576
v -4.797994 5.543850 3.203819
v -5.399052 4.075188 1.833007
v -4.639842 5.967844 0.963576
v -4.803584 4.935639 3.797544
v -5.207845 3.577737 2.540994
v -4.701608 5.981943 2.546003
v -5.202850 4.320107 3.197344
v -5.175315 3.491341 1.833007
v -4.923989 4.429541 3.797544
v -4.328742 6.201791 1.833007
v -5.090788 3.733038 3.197343
v -4.114649 6.139513 0.963576
v -4.819828 3.039468 2.540994
v -4.818624 3.941831 3.797544
v -3.757238 6.326113 1.833007
v -4.720426 3.032398 1.833007
v -4.815026 3.228807 3.197343
v -4.108354 6.268262 2.542364
v -4.290096 2.742938 2.540994
v -4.615476 3.556180 3.797544
v -3.528534 6.389415 2.540995
v -4.359957 2.919091 3.197343
v -4.250953 3.316641 3.797544
v -3.171234 6.135293 1.833007
v -4.165679 2.813615 1.833007
v -3.565132 6.094600 0.963576
v -3.613034 2.722252 2.540994
v -3.746169 2.847971 3.197343
v -4.073472 3.886277 4.198582
v -3.784441 3.251859 3.797544
v -4.301650 4.021639 4.198582
v -4.021059 5.927165 0.003183
v -3.113646 3.041087 3.197343
v -3.536656 5.791289 0.003183
v -2.950071 2.985063 2.540994
v -3.326410 3.386322 3.797544
v -3.033021 5.803341 0.963576
v -3.532118 2.856563 1.833007
v -2.598250 3.464319 3.197343
v -3.812972 3.852004 4.198582
v -2.928901 3.168743 1.833007
v -2.598526 5.700218 1.833007
v -2.430565 3.486249 2.540994
v -2.474565 3.697505 1.833007
v -2.284064 4.053754 3.197343
v -4.038673 3.999114 4.247923
v -2.942738 6.170466 2.540995
v -2.142391 4.148092 2.540995
v -3.990799 4.163589 4.297264
v -2.256861 4.359901 1.833007
v -3.564523 3.924825 4.198582
v -2.676772 4.150043 3.797544
v -2.588647 4.128098 0.963576
v -3.934996 4.378345 4.332340
v -2.926950 3.701449 3.797544
v -2.514774 4.738123 0.963576
v -3.365498 4.093700 4.198582
v -2.834771 4.541631 0.003183
v -3.242340 4.334816 4.198582
v -2.894697 5.041447 0.003183
v -2.970756 4.056923 0.003183
v -3.892200 4.555480 4.342233
v -2.951192 5.023031 -0.076460
v -2.887862 3.589180 0.963576
v -2.893991 4.546183 -0.076460
v -3.281788 3.661116 0.003183
v -3.069618 4.984358 -0.145961
v -3.364641 3.203514 0.963576
v -3.023626 4.083752 -0.076460
v -3.018202 4.555771 -0.145961
v -3.720599 3.414438 0.003183
v -3.948763 3.031070 0.963576
v -3.320364 3.706126 -0.076460
v -3.134719 4.140136 -0.145961
v -3.739015 3.470794 -0.076460
v -4.218327 3.306209 -0.076460
v -3.401418 3.800740 -0.145961
v -4.222602 3.247349 0.003183
v -4.208738 3.430419 -0.145961
v -3.777702 3.589221 -0.145961
v -4.471963 3.105925 0.963576
v -4.913764 3.338905 -0.076460
v -4.940800 3.288927 0.003183
v -4.853450 3.447051 -0.145961
v -4.946875 3.418271 0.963576
v -4.880072 3.303829 0.187278
v -5.361721 3.644913 -0.076460
v -5.267688 3.725456 -0.145961
v -4.704182 3.457581 0.328922
v -5.275436 3.877145 0.963576
v -5.405098 3.607790 0.003183
v -5.097388 3.768321 0.453603
v -5.690325 4.129565 0.003183
v -5.630385 4.153308 0.279761
v -5.635643 4.146487 -0.076460
v -5.360503 4.239635 0.515286
v -5.341077 3.621696 0.248919
v -5.426517 4.779162 0.453603
v -5.710581 4.713009 -0.076460
v -5.710567 4.752928 0.248919
v -5.768086 4.719015 0.003183
v -5.586980 4.702881 -0.145961
v -5.529766 5.278162 0.187278
v -5.583770 5.248953 0.003183
v -5.517852 4.184607 -0.145961
v -5.296150 5.262679 0.328922
v -5.530305 5.223909 -0.076460
v -5.026033 5.705780 0.003183
v -5.416984 5.172147 -0.145961
v -4.987471 5.660770 -0.076460
v -4.906403 5.566156 -0.145961
v -4.521747 5.867211 0.003183
v -4.503428 5.810854 -0.076460
v -4.464741 5.692442 -0.145961
v -4.036155 5.743844 -0.145961
v -4.026580 5.868055 -0.076460
v -3.564150 5.738420 -0.076460
v -3.620533 5.627341 -0.145961
v -3.281123 5.360628 -0.145961
v -3.186523 5.441696 -0.076460
v -3.141499 5.480272 0.003183
v -2.688643 5.326396 0.963576
v -2.309634 5.057083 1.833007
v -2.384600 5.634162 2.540995
v -2.132056 4.895555 2.540995
v -2.836805 6.085592 3.197344
v -3.394555 6.298315 3.197344
v -2.404220 5.502507 3.197344
v -2.219876 4.762723 3.197344
v -3.470006 6.005160 3.797544
v -2.984025 5.805997 3.797544
v -3.929184 6.210107 3.202643
v -2.623003 5.310733 3.797544
v -2.615919 4.693970 3.797544
v -4.483337 5.958725 3.211609
v -3.858701 5.909232 3.799302
v -3.445100 5.166957 4.198582
v -3.667743 5.279919 4.198582
v -4.262257 5.705115 3.802346
v -3.286755 4.917748 4.198582
v -3.919790 5.274938 4.198582
v -3.756491 4.958372 4.297264
v -4.165665 5.190037 4.198582
v -3.703234 5.141429 4.247923
v -4.561749 5.379432 3.799343
v -3.834031 4.734760 4.332340
v -4.391573 5.017758 4.198582
v -3.214085 4.619004 4.198582
v -4.521886 4.777487 4.198582
v -4.471286 5.655000 -0.145961
v -4.518759 5.399744 -0.145961
v -4.434052 5.031761 -0.145961
v -4.293736 4.584482 -0.145961
v -4.142945 4.140606 -0.145961
v -3.994078 3.793587 -0.145961
v -3.805085 3.615580 -0.145961
v -4.555425 4.503220 4.198582
v -4.465529 4.237116 4.198582
v -3.406552 -7.457485 13.982344
v -3.464623 -7.852545 13.976988
v -3.153731 -7.521271 14.230750
v -3.670442 -7.800008 13.669942
v -3.184904 -7.900863 14.271111
v -3.612051 -7.383196 13.712268
v -2.877235 -7.553995 14.378857
v -3.457816 -7.895245 13.964203
v -3.142274 -7.481312 14.214272
v -3.812598 -7.746571 13.373411
v -2.890131 -7.920787 14.420297
v -2.872766 -7.515307 14.360398
v -3.759217 -7.298655 13.423168
v -3.178014 -7.941362 14.260761
v -3.937860 -7.682812 13.028218
v -2.887585 -7.959474 14.406889
v -2.866927 -7.492491 14.334925
v -3.802567 -7.796770 13.359450
v -2.882936 -7.987244 14.384516
v -2.566204 -7.487247 14.341124
v -3.863807 -7.196514 13.101510
v -3.171247 -7.969062 14.237129
v -3.127898 -7.457444 14.191260
v -3.741105 -7.251361 13.422172
v -3.444215 -7.924121 13.946051
v -3.390058 -7.415726 13.972823
v -3.594285 -7.338989 13.708531
v -3.662029 -7.845849 13.654860
v -2.361244 -5.704425 12.163740
v -3.843135 -7.145706 13.104499
v -2.569110 -7.463200 14.314309
v -3.974748 -7.045294 12.615142
v -3.648345 -7.875998 13.643970
v -3.951710 -6.989256 12.621355
v -3.332886 -8.000291 13.826225
v -2.028904 -5.767838 12.231760
v -4.032682 -6.892345 12.130298
v -3.100764 -8.040016 14.081302
v -4.005949 -6.831617 12.142902
v -3.087564 -8.053299 14.052120
v -4.082950 -6.753316 11.705654
v -2.841039 -8.071203 14.190347
v -4.054737 -6.687717 11.720155
v -2.847653 -8.057961 14.220982
v -3.312034 -8.014570 13.803796
v -3.974015 -6.790315 12.148672
v -4.163118 -7.484286 11.983118
v -3.922848 -6.951622 12.621576
v -4.227943 -7.393643 11.540598
v -3.807977 -6.450213 11.788563
v -4.162357 -7.553469 11.961284
v -4.021613 -6.642555 11.727364
v -3.816541 -7.112070 13.101081
v -4.069708 -7.587548 12.522700
v -3.626234 -6.305705 11.840186
v -4.064270 -7.650365 12.506803
v -3.451534 -6.184414 11.889195
v -4.134089 -7.586967 11.968700
v -4.196409 -7.503698 11.525212
v -3.717209 -7.220534 13.414396
v -3.929973 -7.738214 13.013025
v -4.043585 -7.681443 12.501780
v -3.950673 -7.683020 11.988777
v -3.239379 -6.040819 11.945981
v -3.913854 -7.769042 13.006551
v -3.995323 -7.603570 11.550934
v -3.571884 -7.310832 13.697201
v -3.890193 -7.768778 12.467410
v -3.957660 -7.622277 11.555749
v -3.000892 -5.896905 12.007498
v -3.790501 -7.826781 13.347758
v -3.370078 -7.390018 13.956039
v -3.916317 -7.701007 11.992526
v -3.674897 -7.909413 13.272280
v -2.693583 -5.760989 12.085398
v -3.861469 -7.785147 12.460977
v -3.530167 -7.958229 13.563290
v -3.779888 -7.855381 12.959161
v -3.754803 -7.871556 12.950291
v -3.653257 -7.924882 13.258140
v -3.508042 -7.973642 13.548181
v -4.228551 -7.470463 11.516343
v -2.335107 -7.638964 11.913050
v -2.558968 -8.058737 14.168527
v -2.584607 -7.636391 11.858105
v -2.085620 -7.641538 11.967995
v -2.250247 -8.025501 14.037606
v -2.850434 -7.633665 11.799577
v -1.819793 -7.644278 12.026524
v -1.964246 -7.989527 13.888144
v -3.091328 -7.631188 11.746528
v -1.578885 -7.646754 12.079573
v -1.709710 -7.944890 13.686117
v -3.286561 -7.629182 11.703537
v -1.383666 -7.648774 12.122562
v -1.487232 -7.894898 13.449637
v -3.467488 -7.627314 11.663689
v -1.202740 -7.650629 12.162412
v -1.183230 -7.812723 13.050744
v -3.678259 -7.625142 11.617280
v -0.991968 -7.652801 12.208819
v -0.935072 -7.731711 12.649029
v -0.712567 -7.655693 12.270350
v -2.228538 -7.469619 14.241751
v -2.563506 -7.527346 14.360730
v -2.181369 -7.865759 14.259572
v -1.864623 -7.818604 14.067590
v -2.559632 -7.907296 14.408798
v -1.927192 -7.400548 14.083281
v -2.183002 -7.908376 14.244932
v -1.610045 -7.769249 13.858423
v -2.562330 -7.947699 14.396332
v -1.670594 -7.320157 13.883094
v -2.238680 -7.427584 14.226377
v -2.559092 -7.975358 14.371924
v -1.350168 -7.709448 13.598047
v -1.438583 -7.221489 13.635572
v -1.940876 -7.356021 14.072626
v -1.016334 -7.618984 13.195072
v -1.130693 -7.074573 13.241440
v -1.685676 -7.272518 13.874792
v -0.702951 -7.519915 12.745081
v -0.871466 -6.924889 12.826427
v -1.457595 -7.170266 13.629817
v -1.352036 -7.764752 13.580710
v -0.644796 -6.788710 12.462761
v -1.614279 -7.819310 13.841321
v -1.153094 -7.018078 13.237634
v -0.456481 -7.432482 12.371108
v -0.899831 -6.863594 12.826897
v -1.703483 -7.241275 13.857841
v -1.364544 -7.795290 13.567925
v -0.675181 -6.722516 12.464366
v -1.479636 -7.136131 13.615689
v -1.033104 -7.712450 13.164701
v -1.178636 -6.979876 13.225886
v -1.275838 -6.223018 12.368397
v -1.620907 -7.849114 13.825534
v -0.930423 -6.821655 12.818899
v -1.875264 -7.894248 14.034424
v -0.919976 -6.496482 12.424627
v -1.101207 -6.349968 12.396318
v -1.866823 -7.864334 14.050183
v -0.707378 -6.676676 12.457199
v -2.188287 -7.937045 14.222614
v -1.950202 -7.974501 13.911223
v -1.486181 -6.059816 12.332061
v -2.240465 -8.011540 14.066788
v -1.955903 -7.327477 14.053061
v -2.558981 -8.045591 14.200614
v -1.722592 -5.909994 12.288988
v -2.249251 -7.401544 14.202855
v -1.695707 -7.929781 13.708117
v -1.467875 -7.879194 13.468288
v -1.159556 -7.796895 13.068717
v -0.901975 -7.714415 12.660126
v -0.725227 -7.622070 12.719359
v -1.015836 -7.681746 13.178109
v -0.676011 -7.637747 12.281876
v -0.480791 -7.541956 12.343421
v -0.695825 -7.589153 12.724646
v -0.447252 -7.509386 12.349010
v 0.000000 7.971274 9.928133
v -0.546017 7.973488 9.901319
v 0.000000 7.309279 11.099201
v -0.520807 8.215627 9.286839
v -0.955675 7.325939 11.039165
v 0.000000 8.256334 9.242202
v 0.546017 7.973488 9.901319
v -0.990723 8.001923 9.732609
v -0.514054 8.506471 8.193685
v 0.520807 8.215627 9.286839
v -1.772790 7.389531 10.677118
v -1.633692 8.314226 8.305829
v 0.990723 8.001923 9.732609
v -1.467308 8.094267 9.384912
v -1.726424 8.425998 7.263220
v 1.467308 8.094267 9.384912
v -0.545643 8.622227 7.136449
v 1.772790 7.389531 10.677118
v -2.355073 7.495312 10.146238
v 0.000000 8.518273 8.176734
v 0.955675 7.325939 11.039165
v -2.875132 7.783872 8.606137
v 0.000000 8.652779 7.118448
v -3.053582 7.914545 7.415075
v 0.545643 8.622227 7.136449
v -2.628026 7.608771 9.666098
v 0.514054 8.506471 8.193685
v 1.726424 8.425998 7.263220
v 1.633692 8.314226 8.305829
v 3.053582 7.914545 7.415075
v 2.875132 7.783872 8.606137
v 2.628026 7.608771 9.666098
v 2.355073 7.495312 10.146238
v -1.637054 8.474965 6.103899
v -2.942945 7.948832 6.235650
v -0.582960 8.658547 6.038964
v -4.286429 7.001501 6.442188
v -2.724093 7.833546 5.075513
v -4.389484 6.978739 7.650628
v -1.507295 8.348694 4.943195
v -3.942454 6.967518 5.237207
v -3.748895 6.958164 4.958055
v -0.637089 8.484278 4.939459
v -4.188661 6.900134 8.914318
v -2.627721 7.791096 4.793581
v -4.820824 6.035601 5.165284
v 0.000000 8.505130 4.939473
v -3.349877 6.940205 4.394134
v -4.958982 6.036597 5.415836
v -3.789782 6.785982 10.034813
v -2.480376 7.737299 4.473140
v -5.394874 5.066768 5.309336
v -3.282701 6.729100 10.747353
v -1.497637 8.252337 4.672289
v -4.701082 5.066768 4.367706
v -3.892656 5.838831 11.232156
v -4.191871 6.030094 4.364316
v -2.500190 6.626821 11.431527
v -0.646802 8.392154 4.671349
v -3.025632 5.767932 12.055831
v -3.394707 6.023674 3.642990
v -3.809942 5.066768 3.454620
v 0.000000 8.420034 4.671252
v -2.277464 5.066768 2.391186
v -1.258515 6.521359 11.987907
v -0.722889 7.917119 3.891799
v -2.524944 3.458729 2.128528
v 0.000000 7.915832 3.798486
v -2.066277 5.999751 2.655921
v 0.000000 6.505571 12.117057
v -1.231367 7.947974 4.080903
v -1.152098 5.066768 2.126688
v -1.255692 3.458729 1.859006
v -2.272981 7.669749 4.106182
v 0.000000 3.458729 1.846443
v 1.258515 6.521359 11.987907
v -1.339804 1.344121 1.647736
v 0.000000 5.736081 12.733849
v -2.875838 6.919920 3.847315
v 0.000000 1.344121 1.633069
v -1.777246 6.870330 3.068595
v 0.000000 -0.789775 1.525075
v -1.519720 5.733992 12.579875
v -1.478100 7.550755 3.574749
v 0.000000 4.959091 13.203583
v -0.967422 6.853270 2.826290
v 1.519720 5.733992 12.579875
v -1.092504 5.989290 2.359972
v -0.836750 7.487508 3.395663
v 0.000000 7.449956 3.251002
v 2.500190 6.626821 11.431527
v 0.000000 5.066768 2.072393
v 0.000000 5.989290 2.278848
v 0.000000 6.853271 2.703505
v 3.282701 6.729100 10.747353
v 3.892656 5.838831 11.232156
v 3.025632 5.767932 12.055831
v 3.789782 6.785982 10.034813
v 4.264706 4.959244 11.519720
v 4.188661 6.900134 8.914318
v 1.663482 4.956061 13.026876
v 3.298599 4.954401 12.444248
v 4.499360 5.874778 10.282417
v 4.956463 5.923773 9.110036
v 3.688263 3.411158 12.885980
v 4.389484 6.978739 7.650628
v 5.508596 4.991732 9.312850
v 1.910796 3.411006 13.600760
v 5.796271 5.036632 8.039295
v 0.653527 4.142100 13.554795
v 4.808676 3.415946 11.896973
v 6.403071 3.458728 8.176401
v 0.931613 3.633358 13.782407
v 5.004725 4.973744 10.479685
v 6.082632 3.438181 9.521948
v 0.000000 3.619882 13.770299
v 5.548929 3.417730 10.773433
v 0.000000 4.128457 13.578484
v 6.512297 1.343705 9.629292
v 0.931350 1.344120 14.227637
v -0.653527 4.142100 13.554795
v 5.942246 1.343705 10.993213
v 0.790785 3.514669 13.772042
v 5.268919 1.343705 12.036653
v -0.931613 3.633358 13.782407
v -1.663482 4.956061 13.026876
v 3.958283 1.344120 13.138635
v 6.520031 -0.789776 9.637094
v 5.948956 -0.789776 11.006536
v 2.050683 1.344120 13.986053
v 5.276931 -0.789776 12.054446
v 3.923816 -0.789776 13.174499
v 5.116316 -2.941355 12.021973
v -3.298599 4.954401 12.444248
v 2.053008 -0.789776 14.062624
v 3.759189 -2.941355 13.041780
v -1.910796 3.411006 13.600760
v 0.931350 -0.789776 14.302673
v 5.760559 -2.941355 10.912047
v -3.688263 3.411158 12.885980
v 1.946563 -2.941355 13.958850
v -4.264706 4.959244 11.519720
v 0.931544 -3.100143 14.190819
v 5.031374 -3.734063 11.973074
v 0.788889 -2.999953 14.148355
v 3.722052 -3.734063 12.974491
v 0.000000 -3.100143 14.191068
v 4.931516 -4.665967 11.915596
v -4.499360 5.874778 10.282417
v 1.919291 -3.734077 13.876522
v 3.678397 -4.665967 12.895403
v -5.004725 4.973744 10.479685
v 0.841911 -3.425107 14.139970
v 1.887218 -4.665967 13.779750
v -5.508596 4.991732 9.312850
v 0.736532 -3.807134 14.080182
v 0.000000 -3.425107 14.153350
v -4.956463 5.923773 9.110036
v -0.841911 -3.425107 14.139970
v 0.670061 -4.048111 14.042478
v -6.082632 3.438181 9.521948
v -0.931544 -3.100143 14.190819
v 0.000000 -3.807134 14.109003
v -5.548929 3.417730 10.773433
v -0.736532 -3.807134 14.080182
v -0.788889 -2.999953 14.148355
v -6.403071 3.458728 8.176401
v 0.000000 -2.981038 14.139056
v -0.931350 -0.789776 14.302673
v -0.670061 -4.048111 14.042478
v -6.512297 1.343705 9.629292
v -0.775482 -0.791561 14.257124
v -1.887218 -4.665967 13.779750
v -5.942246 1.343705 10.993213
v -1.946563 -2.941355 13.958850
v -1.919291 -3.734077 13.876522
v -5.268919 1.343705 12.036653
v -2.053008 -0.789776 14.062624
v -3.722052 -3.734063 12.974491
v -4.808676 3.415946 11.896973
v -0.931350 1.344120 14.227637
v -3.678397 -4.665967 12.895403
v -3.759189 -2.941355 13.041780
v -4.931516 -4.665967 11.915596
v -3.923816 -0.789776 13.174499
v -4.868532 -5.253797 11.879331
v -2.050683 1.344120 13.986053
v -5.537583 -5.253797 10.867867
v -3.958283 1.344120 13.138635
v -5.031374 -3.734063 11.973074
v -5.594257 -4.665967 10.879103
v -5.276931 -0.789776 12.054446
v -5.986260 -5.253797 9.660285
v -5.948956 -0.789776 11.006536
v -5.915348 -5.343222 9.647985
v -0.790785 3.514669 13.772042
v -5.483994 -5.343222 10.840445
v -0.776298 1.347704 14.181299
v -6.520031 -0.789776 9.637094
v -6.308748 -2.941355 9.654682
v -4.829264 -5.343222 11.853512
v -0.684797 3.412721 13.658390
v -6.777031 -0.789775 8.177910
v -3.729537 -5.343222 12.776561
v -0.684548 1.344120 14.047735
v -6.766723 1.343705 8.176401
v -3.299664 -5.343222 2.758780
v -0.684534 -0.789776 14.125151
v -4.574257 -5.343222 3.553052
v -6.726666 1.345643 6.809159
v -5.307551 -5.343222 4.364232
v -0.684728 -2.941355 14.016202
v -6.408329 3.458729 6.783258
v -5.319782 -5.253797 4.336296
v -5.796271 5.036632 8.039295
v -5.797143 -5.253797 5.124078
v -5.425438 -4.004262 4.372188
v 0.000000 -2.941355 14.017212
v -5.830101 5.066768 6.727773
v -4.605361 -4.004262 3.429810
v 0.684728 -2.941355 14.016202
v -5.256633 5.954920 7.870518
v -4.552990 -5.253797 3.527966
v -5.279989 6.027174 6.615988
v -3.252357 -5.253796 2.633435
v -3.156553 -4.004261 2.371967
v 0.775482 -0.791561 14.257124
v -1.510242 -5.253796 1.999252
v -1.509191 -5.343221 2.100079
v 0.000000 -5.343221 2.017724
v 0.776298 1.347704 14.181299
v -5.537597 5.066768 5.546245
v 0.000000 -5.253796 1.936946
v 0.684534 -0.789776 14.125151
v -1.492670 -4.004261 1.838569
v 0.000000 -4.004261 1.745131
v 0.684548 1.344120 14.047735
v 0.684797 3.412721 13.658390
v -1.477741 -2.941354 1.701892
v -3.075042 -2.941354 2.149545
v 0.000000 3.490400 13.761402
v -4.649915 -2.941354 3.346321
v 0.000000 -2.941354 1.581971
v -1.440105 -0.789775 1.543644
v -4.598720 -0.789775 3.322066
v -5.515320 -2.941354 4.402725
v -5.561894 -0.789775 4.437483
v -2.782607 1.344591 2.014556
v -6.082853 -2.941354 5.370050
v -5.526361 1.345643 4.444568
v -6.227514 -0.789775 5.587755
v -5.951517 -4.004262 5.256992
v -4.143581 3.458729 3.344841
v -6.221522 1.345643 5.622443
v -4.426912 1.345643 3.302404
v -6.411955 -0.789775 5.817012
v -2.923339 -0.789775 1.975136
v -5.911861 -4.665966 5.248385
v -6.405299 1.345643 5.840825
v -6.242001 -5.253797 6.636853
v -6.084569 3.458729 5.712422
v -6.189685 -5.343222 6.597626
v -5.927579 3.458729 5.479111
v -5.779141 -5.343222 5.124120
v -6.734401 -0.789775 6.835643
v -5.171856 3.458729 4.395545
v -6.588481 -2.941354 6.782108
v -6.248448 -2.941354 5.613102
v -6.564835 -2.941355 8.177038
v -6.444692 -3.733993 8.171365
v -6.093742 -3.734062 5.445459
v -6.469708 -3.734062 6.732325
v -6.303463 -4.665800 8.164682
v -6.198194 -3.734063 9.656605
v -6.330070 -4.665966 6.673783
v -5.760559 -2.941355 10.912047
v -6.068242 -4.665967 9.658860
v -5.684126 -3.734063 10.896911
v -6.214369 -5.253575 8.160476
v -6.146902 -5.342973 8.158815
v -5.116316 -2.941355 12.021973
v 0.000000 -4.048111 14.081039
v 0.000000 -5.253798 13.940572
v -1.866976 -5.253798 13.718702
v 1.866976 -5.253798 13.718702
v 0.000000 -5.343223 13.858742
v -1.953620 -5.343223 13.640693
v 1.953620 -5.343223 13.640693
v -3.650863 -5.253797 12.845508
v 3.650863 -5.253797 12.845508
v 3.729537 -5.343222 12.776561
v 4.868532 -5.253797 11.879331
v 1.509191 -5.343221 2.100079
v 1.510242 -5.253796 1.999252
v 4.829264 -5.343222 11.853512
v 5.537583 -5.253797 10.867867
v 3.252357 -5.253796 2.633435
v 3.299664 -5.343222 2.758780
v 5.483994 -5.343222 10.840445
v 1.492670 -4.004261 1.838569
v 4.574257 -5.343222 3.553052
v 4.552990 -5.253797 3.527966
v 3.156553 -4.004261 2.371967
v 5.915348 -5.343222 9.647985
v 4.605361 -4.004262 3.429810
v 1.477741 -2.941354 1.701892
v 5.986260 -5.253797 9.660285
v 3.075042 -2.941354 2.149545
v 5.319782 -5.253797 4.336296
v 6.146902 -5.342973 8.158815
v 2.923339 -0.789775 1.975136
v 5.425438 -4.004262 4.372188
v 6.214369 -5.253575 8.160476
v 1.440105 -0.789775 1.543644
v 5.797143 -5.253797 5.124078
v 6.242001 -5.253797 6.636853
v 5.951517 -4.004262 5.256992
v 6.189685 -5.343222 6.597626
v 5.911861 -4.665966 5.248385
v 5.779141 -5.343222 5.124120
v 5.515320 -2.941354 4.402725
v 6.093742 -3.734062 5.445459
v 6.330070 -4.665966 6.673783
v 5.307551 -5.343222 4.364232
v 6.303463 -4.665800 8.164682
v 6.469708 -3.734062 6.732325
v 6.082853 -2.941354 5.370050
v 6.444692 -3.733993 8.171365
v 6.248448 -2.941354 5.613102
v 6.068242 -4.665967 9.658860
v 6.198194 -3.734063 9.656605
v 6.227514 -0.789775 5.587755
v 6.588481 -2.941354 6.782108
v 6.411955 -0.789775 5.817012
v 5.561894 -0.789775 4.437483
v 5.684126 -3.734063 10.896911
v 5.526361 1.345643 4.444568
v 6.308748 -2.941355 9.654682
v 6.221522 1.345643 5.622443
v 6.734401 -0.789775 6.835643
v 6.564835 -2.941355 8.177038
v 5.927579 3.458729 5.479111
v 6.777031 -0.789775 8.177910
v 5.171856 3.458729 4.395545
v 6.766723 1.343705 8.176401
v 4.426912 1.345643 3.302404
v 6.726666 1.345643 6.809159
v 4.598720 -0.789775 3.322066
v 5.394874 5.066768 5.309336
v 5.537597 5.066768 5.546245
v 6.408329 3.458729 6.783258
v 4.958982 6.036597 5.415836
v 4.820824 6.035601 5.165284
v 5.830101 5.066768 6.727773
v 6.405299 1.345643 5.840825
v 3.942454 6.967518 5.237207
v 5.256633 5.954920 7.870518
v 3.748895 6.958164 4.958055
v 5.279989 6.027174 6.615988
v 6.084569 3.458729 5.712422
v 4.701082 5.066768 4.367706
v 4.286429 7.001501 6.442188
v 4.143581 3.458729 3.344841
v 3.809942 5.066768 3.454620
v 4.191871 6.030094 4.364316
v 2.942945 7.948832 6.235650
v 2.524944 3.458729 2.128528
v 2.277464 5.066768 2.391186
v 1.637054 8.474965 6.103899
v 3.394707 6.023674 3.642990
v 2.782607 1.344591 2.014556
v 1.255692 3.458729 1.859006
v 3.349877 6.940205 4.394134
v 0.582960 8.658547 6.038964
v 2.066277 5.999751 2.655921
v 2.627721 7.791096 4.793581
v 1.507295 8.348694 4.943195
v 2.875838 6.919920 3.847315
v 2.724093 7.833546 5.075513
v 1.777246 6.870330 3.068595
v 0.637089 8.484278 4.939459
v 2.272981 7.669749 4.106182
v 2.480376 7.737299 4.473140
v 0.000000 8.682858 6.038106
v 1.497637 8.252337 4.672289
v 0.646802 8.392154 4.671349
v 1.231367 7.947974 4.080903
v 1.478100 7.550755 3.574749
v 0.722889 7.917119 3.891799
v 0.967422 6.853270 2.826290
v 0.836750 7.487508 3.395663
v 1.092504 5.989290 2.359972
v 1.152098 5.066768 2.126688
v 1.339804 1.344121 1.647736
v 4.649915 -2.941354 3.346321
v 0.000000 3.405526 13.653034
v 5.594257 -4.665967 10.879103
v -0.684797 3.411103 12.132678
v -0.684548 1.344120 12.175488
v 0.000000 3.404641 12.128873
v 0.000000 1.344120 12.181701
v 0.684548 1.344120 12.175488
v 0.000000 -0.789776 12.209456
v 0.684797 3.411103 12.132678
v -0.684534 -0.789776 12.202857
v 0.684534 -0.789776 12.202857
v 0.000000 -2.941355 12.251244
v -0.684728 -2.941355 12.249236
v 0.684728 -2.941355 12.249236
v 5.453900 -3.343983 1.833007
v 5.597481 -2.661773 1.833007
v 5.401279 -3.338960 2.540994
v 5.400961 -3.283600 0.963575
v 5.549856 -2.632578 2.540994
v 5.060390 -3.919347 1.833007
v 5.527164 -2.683316 0.963575
v 5.469258 -1.976561 1.833007
v 5.054883 -3.789865 0.963575
v 5.269487 -3.271673 3.197343
v 5.414563 -2.080404 0.963575
v 5.416846 -1.923069 2.540994
v 5.406468 -2.619060 3.197343
v 5.363437 -3.222180 0.551842
v 5.101899 -1.392646 1.833007
v 5.485738 -2.685184 0.490159
v 5.051437 -1.536739 0.963575
v 5.048144 -1.318482 2.540994
v 5.283724 -1.963569 3.197343
v 5.576672 -3.309281 0.283469
v 4.630987 -1.220215 0.963575
v 5.237760 -3.820277 0.248919
v 5.708962 -2.716524 0.253748
v 4.950887 -1.405002 3.197343
v 4.603521 -1.485517 0.003182
v 5.567138 -2.160656 0.208405
v 5.085198 -2.112948 3.797544
v 4.650510 -0.998955 1.833007
v 5.358539 -2.143955 0.394147
v 5.130970 -2.614632 3.797544
v 4.094296 -1.093915 0.963575
v 5.091577 -1.690643 0.003182
v 5.025936 -3.114130 3.797544
v 4.110913 -1.381867 0.003182
v 3.616133 -1.474627 0.003182
v 5.607430 -2.195178 0.003265
v 3.497098 -1.206932 0.963575
v 5.551544 -2.214964 -0.076461
v 4.002269 -0.855415 1.833007
v 3.194507 -1.749656 0.003182
v 5.049195 -1.732097 -0.076461
v 2.983320 -1.542080 0.963575
v 3.235975 -1.792037 -0.076461
v 5.686782 -2.740323 -0.076461
v 2.910236 -2.165111 0.003182
v 5.746072 -2.740987 0.003168
v 4.580221 -1.540046 -0.076461
v 3.357750 -0.983874 1.833007
v 5.616880 -3.321388 0.003168
v 4.110249 -1.441157 -0.076461
v 2.777280 -1.364765 1.833007
v 3.267619 -0.895223 2.540994
v 2.636909 -2.048345 0.963575
v 5.562365 -3.298101 -0.076461
v 3.638216 -1.529641 -0.076461
v 2.383590 -1.940116 1.833007
v 5.562212 -2.738953 -0.145962
v 2.663018 -1.289605 2.540994
v 5.447798 -3.249161 -0.145962
v 3.292068 -1.013954 3.197343
v 3.323090 -1.881103 -0.145962
v 3.919817 -0.891072 3.197343
v 2.255381 -1.885351 2.540994
v 3.079318 -2.237338 -0.145962
v 3.952803 -0.762213 2.540994
v 2.733501 -1.378325 3.197343
v 2.964751 -2.188398 -0.076461
v 3.919111 -1.292082 3.797544
v 4.516337 -1.028386 3.197343
v 4.603480 -0.910845 2.540994
v 4.395102 -1.397185 3.797544
v 3.441447 -1.386143 3.797544
v 3.976948 -1.892255 4.198582
v 4.269411 -1.949137 4.198582
v 3.681995 -1.943146 4.198582
v 3.013940 -1.665018 3.797544
v 4.226628 -2.058501 4.247922
v 2.356885 -1.928714 3.197343
v 4.151510 -2.218202 4.297264
v 3.436300 -2.094075 4.198582
v 4.813822 -1.685427 3.797544
v 4.043281 -2.427355 4.332339
v 2.725684 -2.086271 3.797544
v 3.277637 -2.322059 4.198582
v 3.951821 -2.600201 4.342232
v 4.508173 -2.105130 4.198582
v 4.659006 -2.336491 4.198582
v 4.709855 -2.608005 4.198582
v 4.653015 -2.878329 4.198581
v 4.960144 -1.819212 -0.145962
v 4.534504 -1.692469 -0.145962
v 4.531281 -1.654613 -0.145962
v 4.559369 -1.950922 -0.145962
v 4.108880 -1.565727 -0.145962
v 5.434114 -2.256571 -0.145962
v 3.684610 -1.645259 -0.145962
v 4.442644 -2.310021 -0.145962
v 4.263558 -2.743243 -0.145962
v 5.158255 -3.684541 -0.145962
v 2.990446 -2.659739 -0.145962
v 4.074344 -3.172147 -0.145962
v 4.721145 -3.925476 -0.145962
v 3.069978 -3.084008 -0.145962
v 3.895562 -3.504735 -0.145962
v 4.077471 -3.885364 -0.145962
v 3.305822 -3.445543 -0.145962
v 3.691639 -3.665460 -0.145962
v 3.662057 -3.689301 -0.145962
v 5.005832 -3.934705 2.540994
v 4.605390 -4.300239 1.833007
v 4.918648 -3.822062 3.197343
v 4.603023 -4.125013 0.963575
v 4.557030 -4.329088 2.540994
v 4.779231 -3.535370 3.797544
v 3.962835 -4.428697 1.833007
v 4.479324 -4.186448 3.197343
v 5.025978 -3.728569 0.453602
v 4.019191 -4.236701 0.963575
v 4.595607 -3.987962 0.353689
v 3.911833 -4.462098 2.540994
v 3.321318 -4.285143 1.833007
v 3.465038 -4.111730 0.963575
v 4.747130 -4.105296 0.195994
v 3.229887 -4.313466 2.540994
v 4.075437 -4.069224 0.003168
v 2.958788 -3.765319 0.963575
v 3.882085 -4.309316 3.197343
v 4.796610 -4.093465 0.003293
v 3.174375 -3.574112 0.003168
v 3.257214 -4.172002 3.197343
v 4.772271 -4.039088 -0.076461
v 2.749400 -3.891453 1.833007
v 3.902646 -3.908305 3.797544
v 5.245369 -3.773607 -0.076461
v 2.623640 -3.251541 0.963575
v 4.378553 -3.814259 3.797544
v 4.076101 -4.009948 -0.076461
v 2.634156 -3.905829 2.540994
v 3.416320 -3.803203 3.797544
v 2.368494 -3.307551 1.833007
v 2.239759 -3.301242 2.540994
v 3.692898 -3.251265 4.198581
v 3.589816 -3.858383 0.003168
v 2.240036 -2.622339 1.833007
v 3.987007 -3.308147 4.198581
v 3.613117 -3.803867 -0.076461
v 2.510609 -2.648628 0.963575
v 3.216756 -3.532658 -0.076461
v 2.106749 -2.591733 2.540994
v 4.266007 -3.257242 4.198581
v 4.497132 -3.106313 4.198581
v 3.890041 -2.773033 4.332339
v 2.219572 -2.581328 3.197343
v 2.342454 -3.236819 3.197343
v 3.810426 -2.982200 4.297263
v 2.620595 -2.585756 3.797544
v 2.706825 -3.795386 3.197343
v 2.714642 -3.087454 3.797544
v 3.742986 -3.141887 4.247922
v 2.993517 -3.514961 3.797544
v 3.274316 -2.863897 4.198581
v 3.220755 -2.592383 4.198582
v 3.439579 -3.095258 4.198581
v 2.806586 -2.657719 0.003182
v 2.899346 -3.152485 0.003168
v 2.865876 -2.658369 -0.076461
v 2.954360 -3.130402 -0.076461
v 5.286824 -3.815988 0.003168
v 2.225701 -7.471377 14.248004
v 2.180331 -7.867835 14.263293
v 2.561431 -7.528466 14.365116
v 1.862562 -7.820735 14.073028
v 2.559424 -7.908749 14.410583
v 1.923373 -7.402540 14.091333
v 2.875340 -7.553856 14.381706
v 2.182089 -7.910340 14.248350
v 2.563866 -7.488216 14.345787
v 1.606849 -7.771062 13.865300
v 2.890020 -7.920884 14.420560
v 2.870635 -7.515073 14.363539
v 1.665544 -7.321887 13.892820
v 2.562247 -7.949055 14.397826
v 1.345574 -7.710610 13.606474
v 2.887585 -7.959474 14.406889
v 2.864575 -7.492104 14.338260
v 1.611221 -7.820984 13.847838
v 2.882964 -7.987105 14.384336
v 3.139341 -7.478876 14.216485
v 1.432038 -7.222527 13.647001
v 2.559023 -7.976562 14.373239
v 2.566550 -7.463961 14.319124
v 1.680390 -7.274137 13.884782
v 2.187402 -7.938830 14.225810
v 2.235594 -7.429203 14.232882
v 1.936822 -7.357876 14.080929
v 1.864872 -7.866341 14.055276
v 2.359085 -5.691031 12.177798
v 1.450801 -7.171180 13.641508
v 3.124771 -7.454912 14.193696
v 1.121782 -7.074241 13.255219
v 1.873368 -7.896116 14.039281
v 1.143921 -7.017622 13.251719
v 2.239219 -8.012025 14.069250
v 2.690346 -5.745616 12.097850
v 0.860106 -6.922828 12.842394
v 2.558470 -8.045606 14.201444
v 0.888208 -6.861421 12.843155
v 2.558359 -8.058529 14.169261
v 0.631250 -6.785140 12.480665
v 2.840582 -8.069917 14.189794
v 0.661372 -6.718822 12.482589
v 2.847279 -8.056855 14.220484
v 2.248933 -8.025737 14.039930
v 0.918579 -6.819289 12.835323
v 0.693819 -7.518019 12.757658
v 1.169255 -6.979239 13.240110
v 0.445342 -7.429078 12.385373
v 0.908077 -6.474856 12.442671
v 0.686900 -7.587147 12.736780
v 0.693334 -6.672802 12.475601
v 1.472635 -7.136851 13.627520
v 1.009609 -7.618818 13.205588
v 1.091051 -6.325602 12.414042
v 1.009291 -7.681470 13.188182
v 1.267079 -6.199731 12.385760
v 0.716427 -7.619884 12.731134
v 0.470013 -7.538249 12.356829
v 1.697976 -7.242687 13.867970
v 1.347608 -7.765776 13.588749
v 1.026642 -7.711993 13.174498
v 0.893313 -7.711052 12.670488
v 1.479802 -6.050560 12.348914
v 1.360199 -7.796161 13.575702
v 0.665371 -7.632765 12.293776
v 1.951627 -7.329123 14.061488
v 1.153039 -7.795234 13.077394
v 0.701954 -7.650463 12.281960
v 1.718344 -5.900378 12.305191
v 1.617918 -7.850650 13.831801
v 2.245958 -7.402955 14.209497
v 0.926438 -7.728127 12.659142
v 1.692552 -7.930182 13.713513
v 2.026345 -5.756381 12.247049
v 1.176699 -7.810814 13.059198
v 1.948127 -7.975178 13.915195
v 1.463461 -7.878917 13.475040
v 1.482805 -7.894428 13.456182
v 1.706527 -7.945070 13.691360
v 1.962129 -7.989997 13.891963
v 0.436349 -7.505871 12.362792
v 2.322834 -7.624173 11.917754
v 3.086416 -8.049964 14.050612
v 2.073596 -7.628213 11.973751
v 2.572085 -7.620133 11.861744
v 3.309640 -8.008537 13.801582
v 1.808046 -7.632517 12.033427
v 2.837621 -7.615829 11.802081
v 3.504334 -7.964994 13.545427
v 1.567387 -7.636418 12.087501
v 3.078280 -7.611928 11.748008
v 3.648068 -7.913591 13.255095
v 1.372361 -7.639587 12.131321
v 3.273306 -7.608773 11.704173
v 3.748037 -7.857706 12.947191
v 1.191615 -7.642520 12.171930
v 3.454052 -7.605840 11.663564
v 3.852198 -7.767450 12.458015
v 0.981079 -7.645924 12.219238
v 3.664603 -7.602422 11.616256
v 3.904625 -7.679838 11.989939
v 3.943713 -7.597911 11.553535
v 3.402497 -7.452296 13.983574
v 3.151060 -7.518905 14.232632
v 3.462271 -7.847052 13.975245
v 3.666512 -7.791499 13.667673
v 3.184046 -7.898621 14.270239
v 3.606503 -7.375254 13.713140
v 3.455588 -7.889697 13.962197
v 3.807146 -7.735391 13.370908
v 3.177294 -7.939079 14.259626
v 3.752022 -7.288070 13.423985
v 3.385797 -7.410552 13.974428
v 3.170542 -7.966641 14.235842
v 3.930609 -7.668699 13.025617
v 3.854772 -7.183259 13.102603
v 3.588516 -7.331102 13.709791
v 4.059843 -7.569366 12.520210
v 3.962918 -7.028193 12.616817
v 3.733702 -7.240846 13.423403
v 4.150445 -7.461981 11.980960
v 4.018084 -6.871632 12.132801
v 3.833892 -7.132547 13.106034
v 3.922903 -7.724031 13.010078
v 4.065876 -6.729462 11.708906
v 3.797267 -7.785549 13.356642
v 3.939672 -6.972307 12.623513
v 4.212944 -7.368004 11.538799
v 3.991144 -6.811125 12.145932
v 3.709654 -7.210074 13.415946
v 3.906894 -7.754872 13.003465
v 4.037441 -6.664099 11.723988
v 3.807133 -7.099008 13.102963
v 4.034024 -7.663234 12.498750
v 3.910644 -6.934796 12.624136
v 3.440977 -6.180692 11.897290
v 3.785271 -7.815518 13.344797
v 3.959044 -6.770003 12.152131
v 3.644636 -7.867392 13.641273
v 3.793559 -6.444623 11.794305
v 3.613961 -6.302965 11.847133
v 3.658238 -7.837256 13.652314
v 4.004165 -6.619130 11.731667
v 3.442042 -7.918490 13.943892
v 3.526473 -7.949594 13.560551
v 3.231215 -6.023122 11.955362
v 3.330520 -7.994342 13.824039
v 3.565948 -7.302958 13.698750
v 3.099685 -8.036834 14.079835
v 2.995344 -5.879609 12.018250
v 3.365637 -7.384801 13.957908
v 3.669708 -7.898122 13.269250
v 3.773095 -7.841475 12.956061
v 3.880881 -7.750998 12.464449
v 3.938884 -7.661670 11.986162
v 4.121803 -7.564676 11.965947
v 4.054613 -7.632102 12.503910
v 3.981279 -7.578997 11.548693
v 4.181812 -7.478073 11.522791
v 4.149877 -7.531012 11.958655
v 4.213774 -7.444644 11.514005
v -1.952845 -5.343500 13.640693
v -1.854689 -5.424554 13.661185
v -3.644263 -5.424568 12.793317
v 0.000000 -5.424554 13.881020
v -3.728776 -5.343734 12.776561
v 1.854689 -5.424554 13.661185
v 0.000000 -5.804228 13.800089
v -4.822747 -5.424568 11.849140
v 1.952845 -5.343500 13.640693
v -1.832619 -5.820845 13.577209
v -3.560746 -5.787167 12.774401
v -4.828489 -5.343901 11.853512
v 3.644263 -5.424568 12.793317
v -5.483233 -5.343984 10.840445
v 3.560746 -5.787167 12.774401
v -3.449113 -6.271764 12.749122
v 3.728776 -5.343734 12.776561
v -5.518268 -5.424568 10.860507
v -4.628455 -6.213056 11.850080
v -1.803134 -6.350438 13.464981
v 4.822747 -5.424568 11.849140
v -5.914781 -5.343790 9.644111
v -3.373178 -6.601447 12.731923
v 4.739590 -5.762040 11.849541
v -5.962600 -5.424678 9.644954
v -1.783071 -6.710741 13.388632
v 4.628455 -6.213056 11.850080
v -5.468567 -5.740621 10.832874
v 0.000000 -6.656820 13.618332
v 3.449113 -6.271764 12.749122
v -6.149711 -5.348923 8.157251
v 0.000000 -6.311614 13.691929
v 4.552852 -6.519894 11.850440
v 1.832619 -5.820845 13.577209
v -6.167200 -5.426034 8.144577
v -1.612204 -7.647308 13.207844
v -5.926058 -5.729801 9.605893
v -3.125089 -7.592819 12.634624
v -6.192466 -5.352091 6.596478
v 0.000000 -7.643060 13.398968
v -6.199868 -5.426559 6.594914
v -1.487357 -8.562151 13.000767
v 1.803134 -6.350438 13.464981
v -6.138088 -5.737120 8.131833
v 0.000000 -8.545740 13.179023
v 1.783071 -6.710741 13.388632
v -1.410619 -9.450580 12.775314
v 3.373178 -6.601447 12.731923
v -6.144578 -5.756450 6.570341
v -2.794023 -9.393809 12.318017
v 3.125089 -7.592819 12.634624
v -6.099180 -6.152866 8.114800
v 0.000000 -9.436910 12.937907
v 1.612204 -7.647308 13.207844
v -5.877242 -6.137550 9.553701
v 0.000000 -10.325063 12.668635
v -5.844020 -6.414971 9.518183
v 1.410619 -9.450580 12.775314
v -5.356961 -6.450338 10.770831
v -1.354831 -10.320219 12.524181
v 1.487357 -8.562151 13.000767
v -6.072711 -6.435712 8.103219
v -1.302404 -11.189415 12.247575
v 2.929966 -8.502170 12.503039
v -6.070691 -6.197337 6.537493
v -2.542018 -11.155336 11.823915
v 2.794023 -9.393809 12.318017
v -6.020422 -6.497285 6.515147
v -2.664430 -10.275665 12.090309
v 2.664430 -10.275665 12.090309
v -5.912746 -7.195877 6.945047
v -3.603763 -11.014508 11.123828
v 1.354831 -10.320219 12.524181
v -5.659441 -6.334637 5.207319
v -3.777010 -10.135349 11.357791
v 2.542018 -11.155336 11.823915
v -5.697450 -6.079699 5.174305
v -4.394465 -10.787617 10.207948
v 1.302404 -11.189415 12.247575
v -5.143962 -6.100592 4.314503
v -4.200643 -11.661905 9.978455
v -5.694973 -6.765713 5.581998
v -4.684493 -11.401502 8.998414
v 0.000000 -11.220548 12.377169
v -5.467266 -6.941949 5.061482
v -4.896275 -10.536082 9.200676
v -5.075402 -6.363679 4.305814
v -4.933287 -11.091010 7.996816
v -1.244028 -12.089827 11.933998
v -4.445107 -12.318143 8.771980
v -2.429679 -12.044001 11.528271
v -4.885302 -7.076925 4.293334
v -3.990785 -12.575476 9.721745
v 0.000000 -12.134367 12.057379
v -3.447549 -11.888907 10.858762
v -4.154969 -13.252303 8.533729
v 1.244028 -12.089827 11.933998
v -3.741921 -13.507696 9.441308
v -1.177225 -13.043412 11.585706
v -3.277208 -12.790910 10.558661
v 2.429679 -12.044001 11.528271
v -2.314462 -12.956698 11.197771
v -3.795607 -14.184829 8.301676
v 2.314462 -12.956698 11.197771
v -3.964149 -13.914227 7.376677
v -3.419433 -14.419786 9.153439
v -2.202387 -13.859878 10.834286
v -3.088395 -13.705975 10.231346
v 3.447549 -11.888907 10.858762
v -2.864021 -14.580083 9.857122
v 3.277208 -12.790910 10.558661
v 3.603763 -11.014508 11.123828
v -3.010038 -15.261683 8.837828
v 3.088395 -13.705975 10.231346
v -3.343526 -15.071404 8.101213
v 2.202387 -13.859878 10.834286
v 4.200643 -11.661905 9.978455
v 1.177225 -13.043412 11.585706
v 3.990785 -12.575476 9.721745
v -3.172548 -15.259636 7.996498
v 1.128728 -13.968426 11.220919
v 3.741921 -13.507696 9.441308
v -2.837027 -15.463421 8.712123
v 1.095714 -14.836681 10.805187
v 3.419433 -14.419786 9.153439
v -2.578048 -15.403258 9.388563
v 0.000000 -14.861877 10.924624
v 2.864021 -14.580083 9.857122
v -2.416645 -15.596154 9.194520
v 0.000000 -13.977640 11.348907
v 2.115798 -14.719679 10.417418
v -2.908713 -15.405182 7.869520
v -1.128728 -13.968426 11.220919
v 1.075679 -15.663856 10.313189
v -3.050358 -15.185307 7.157022
v 0.000000 -15.704840 10.397286
v -3.325386 -15.030033 7.218788
v -1.095714 -14.836681 10.805187
v -2.978657 -14.890685 6.188521
v 0.000000 -13.066367 11.709376
v -3.247750 -14.718309 6.161650
v -2.115798 -14.719679 10.417418
v -3.503919 -14.837566 7.280278
v -1.075679 -15.663856 10.313189
v -3.420872 -14.524432 6.166839
v -1.022118 -15.860625 10.078963
v -2.044457 -15.544820 9.863957
v -3.936753 -13.603736 6.387712
v -4.349068 -12.963549 7.567663
v -3.279657 -14.321007 5.424053
v -1.932173 -15.724515 9.617986
v -4.346895 -12.637934 6.594139
v -3.119665 -14.517250 5.436783
v -3.751233 -13.341743 5.528298
v -2.861780 -14.309952 4.814070
v -0.938393 -15.971456 9.772415
v -3.008253 -14.111411 4.782869
v -2.633989 -14.499650 4.916516
v 0.000000 -15.911820 10.138558
v -3.363990 -13.062465 4.749966
v -2.275859 -13.876730 4.114994
v -2.870926 -14.698842 5.500874
v -4.160988 -12.309192 5.686671
v -2.168889 -14.081206 4.160447
v -2.623086 -12.805492 4.113873
v -2.002435 -14.264014 4.301538
v -1.424774 -12.588481 3.738308
v -3.767754 -11.936586 4.845963
v -1.042776 -13.922501 3.738558
v -1.098897 -13.716074 3.658597
v -0.955343 -14.135943 3.928242
v -3.102134 -11.561921 4.203991
v 0.000000 -12.492399 3.672405
v -4.547428 -11.263661 5.872883
v 0.000000 -13.875457 3.635822
v 0.000000 -11.916192 3.715492
v -4.697914 -11.646242 6.796969
v 0.000000 -13.667397 3.546991
v 0.000000 -14.092455 3.839205
v -4.174686 -10.847126 4.998318
v -2.009229 -11.348312 3.835012
v -4.668553 -12.007057 7.781811
v -3.483303 -10.734913 4.335880
v -1.886969 -11.243944 3.744051
v -4.913390 -10.204505 6.100867
v 0.000000 -11.770037 3.650115
v -4.998416 -10.692864 7.017952
v -1.801778 -11.129074 3.726202
v 0.000000 -11.617074 3.657171
v -5.165782 -10.231776 8.185947
v -2.874316 -10.485634 3.894578
v -5.266678 -9.856281 7.228446
v -2.940441 -10.597267 3.925711
v -5.242602 -9.350902 6.381084
v -3.894441 -9.294683 4.376601
v -4.662866 -9.528645 5.214458
v -5.371780 -9.437726 8.313562
v -4.067827 -9.341036 4.421445
v -5.478017 -9.164136 7.370852
v -4.513432 -8.203410 5.023653
v -4.434965 -9.460388 4.794893
v -5.097277 -9.700150 9.354788
v -5.176229 -8.428185 5.584986
v -4.766765 -8.259365 5.067652
v -5.564025 -8.675513 8.343905
v -5.060278 -8.387381 5.344120
v -4.213594 -9.394776 4.533549
v -5.449611 -8.928555 6.682014
v -4.918288 -8.326196 5.169503
v -5.635297 -8.468851 7.296979
v -5.422311 -7.626428 5.653907
v -5.310471 -7.579522 5.606171
v -5.502369 -7.908347 5.943671
v -5.469106 -7.772819 5.776996
v -4.824892 -7.585901 5.533127
v -5.326797 -7.494234 5.610668
v -5.749199 -7.951849 8.316855
v -5.792341 -7.824871 7.202572
v -4.915936 -7.515708 5.577058
v -5.671867 -7.470864 6.085274
v -5.470863 -7.470324 5.659496
v -5.564274 -7.472594 5.785686
v -5.259331 -7.508153 5.510920
v -4.923823 -7.536213 5.529032
v -5.412612 -7.466173 5.502009
v -5.924674 -7.222416 8.221078
v -5.613200 -7.100585 5.661959
v -5.486485 -7.392328 5.541554
v -5.673790 -7.280128 9.504568
v -4.974257 -7.907005 5.006274
v -5.491923 -8.095984 9.498896
v -5.144820 -7.719990 5.018021
v -5.311910 -7.406344 5.056376
v -4.683621 -7.999364 5.004559
v -5.297464 -8.891087 9.451035
v -4.767526 -7.652191 4.369448
v -4.997516 -8.215878 10.656293
v -4.274488 -8.032903 5.043840
v -5.176519 -7.351316 10.711084
v -4.814058 -9.043814 10.544895
v -4.483475 -8.544231 4.649347
v -4.131350 -8.386150 11.696980
v -4.545366 -8.452315 4.600449
v -4.369144 -8.610909 4.700044
v -4.319098 -7.484964 11.794899
v -4.061240 -7.333190 3.597716
v -4.062762 -9.015862 4.261523
v -3.981445 -8.076045 3.760475
v -4.002131 -9.113535 4.308913
v -4.699394 -8.075326 4.517859
v -3.895548 -9.186440 4.358102
v -4.552852 -6.519894 11.850440
v -4.013615 -8.674710 4.037759
v -2.896095 -10.197101 3.795149
v -2.966357 -10.087046 3.740938
v -2.933965 -8.611366 3.205935
v -3.024428 -9.593054 3.584544
v -2.969539 -7.684361 2.962357
v -1.518143 -9.014894 2.874924
v -1.528271 -8.008606 2.581991
v -5.402152 -6.162981 10.795945
v -1.352160 -10.261219 3.306443
v -4.739590 -5.762040 11.849541
v 0.000000 -9.145871 2.796678
v 0.000000 -10.498032 3.256742
v 0.000000 -8.049950 2.495236
v -1.314331 -10.880569 3.536475
v 0.000000 -11.155459 3.480687
v -1.315507 -10.940081 3.615302
v 0.000000 -11.212204 3.564287
v -2.793566 -10.278640 3.869354
v -1.301698 -10.960268 3.723739
v 0.000000 -11.226206 3.674785
v -3.269321 -5.424567 2.731813
v -4.555868 -5.424567 3.537112
v -3.298903 -5.343678 2.758780
v -1.508430 -5.343430 2.100079
v -4.573496 -5.343858 3.553052
v -1.473340 -5.424982 2.092206
v -5.320170 -5.424567 4.336850
v -4.459981 -5.751164 3.535203
v -5.306790 -5.343956 4.364232
v -3.209741 -5.821523 2.757646
v -5.244747 -5.713916 4.327289
v 0.000000 -5.424553 1.990521
v -4.331827 -6.187624 3.532671
v -1.477657 -5.925283 2.175820
v 0.000000 -5.894828 2.071064
v -5.753336 -5.704964 5.125794
v -5.795150 -5.424581 5.089487
v 0.000000 -6.523324 2.178726
v -1.483427 -6.593891 2.287564
v -4.244643 -6.484569 3.530941
v 0.000000 -6.950915 2.251962
v -3.130112 -6.352029 2.792168
v -1.487357 -7.048780 2.363595
v -3.075942 -6.712955 2.815649
v -5.778546 -5.343914 5.125517
v -1.785492 -15.844838 9.338558
v -2.218617 -15.728722 8.958317
v -2.601792 -15.602422 8.528803
v 0.000000 -16.015371 9.804114
v 0.938393 -15.971456 9.772415
v 1.022118 -15.860625 10.078963
v 1.932173 -15.724515 9.617986
v 2.044457 -15.544820 9.863957
v 1.785492 -15.844838 9.338558
v 2.416645 -15.596154 9.194520
v 2.578048 -15.403258 9.388563
v 2.218617 -15.728722 8.958317
v 2.837027 -15.463421 8.712123
v 2.601792 -15.602422 8.528803
v 3.010038 -15.261683 8.837828
v 2.908713 -15.405182 7.869520
v 3.172548 -15.259636 7.996498
v 3.343526 -15.071404 8.101213
v 3.050358 -15.185307 7.157022
v 3.795607 -14.184829 8.301676
v 3.325386 -15.030033 7.218788
v 2.978657 -14.923201 6.188521
v 3.503919 -14.837566 7.280278
v 4.154969 -13.252303 8.533729
v 3.247750 -14.718309 6.161650
v 3.964149 -13.914227 7.376677
v 2.870926 -14.698842 5.500874
v 4.445107 -12.318143 8.771980
v 3.420872 -14.524432 6.166839
v 3.119665 -14.517250 5.436783
v 3.936753 -13.603736 6.387712
v 2.633989 -14.499650 4.916516
v 4.684493 -11.401502 8.998414
v 4.349068 -12.963549 7.567663
v 2.861780 -14.309952 4.814070
v 4.394465 -10.787617 10.207948
v 3.279657 -14.321007 5.424053
v 4.668553 -12.007057 7.781811
v 3.008253 -14.111411 4.782869
v 4.346895 -12.637934 6.594139
v 4.896275 -10.536082 9.200676
v 2.275859 -13.876730 4.114994
v 3.751233 -13.341743 5.528298
v 4.933287 -11.091010 7.996816
v 3.363990 -13.062465 4.749966
v 4.697914 -11.646242 6.796969
v 5.165782 -10.231776 8.185947
v 4.160988 -12.309192 5.686671
v 2.623086 -12.805492 4.113873
v 4.998416 -10.692864 7.017952
v 3.767754 -11.936586 4.845963
v 1.424774 -12.588481 3.738308
v 4.547428 -11.263661 5.872883
v 5.266678 -9.856281 7.228446
v 1.098897 -13.716074 3.658597
v 3.102134 -11.561921 4.203991
v 5.371780 -9.437726 8.313562
v 3.483303 -10.734913 4.335880
v 5.097277 -9.700150 9.354788
v 4.174686 -10.847126 4.998318
v 2.009229 -11.348312 3.835012
v 4.913390 -10.204505 6.100867
v 4.597517 -9.919639 10.401908
v 4.814058 -9.043814 10.544895
v 1.886969 -11.243944 3.744051
v 4.662866 -9.528645 5.214458
v 3.777010 -10.135349 11.357791
v 2.940441 -10.597267 3.925711
v 5.242602 -9.350902 6.381084
v 3.958642 -9.255720 11.550796
v 3.080895 -10.704486 4.047444
v 5.176229 -8.428185 5.584986
v 4.131350 -8.386150 11.696980
v 4.067827 -9.341036 4.421445
v 5.449611 -8.928555 6.682014
v 3.894441 -9.294683 4.376601
v 2.874316 -10.485634 3.894578
v 4.513432 -8.203410 5.023653
v 5.478017 -9.164136 7.370852
v 1.801778 -11.129074 3.726202
v 5.635297 -8.468851 7.296979
v 5.564025 -8.675513 8.343905
v 5.502369 -7.908347 5.943671
v 5.297464 -8.891087 9.451035
v 5.749199 -7.951849 8.316855
v 5.491923 -8.095984 9.498896
v 5.469106 -7.772819 5.776996
v 5.792341 -7.824871 7.202572
v 4.997516 -8.215878 10.656293
v 5.060278 -8.387381 5.344120
v 5.924674 -7.222416 8.221078
v 5.422311 -7.626428 5.653907
v 5.673790 -7.280128 9.504568
v 4.319098 -7.484964 11.794899
v 5.844020 -6.414971 9.518183
v 5.176519 -7.351316 10.711084
v 6.072711 -6.435712 8.103219
v 5.912746 -7.195877 6.945047
v 6.099180 -6.152866 8.114800
v 5.671867 -7.470864 6.085274
v 6.070691 -6.197337 6.537493
v 5.877242 -6.137550 9.553701
v 5.564274 -7.472594 5.785686
v 5.356961 -6.450338 10.770831
v 5.402152 -6.162981 10.795945
v 5.613200 -7.100585 5.661959
v 5.486485 -7.392328 5.541554
v 5.470863 -7.470324 5.659496
v 5.311910 -7.406344 5.056376
v 5.326797 -7.494234 5.610668
v 5.144820 -7.719990 5.018021
v 5.310471 -7.579522 5.606171
v 5.412612 -7.466173 5.502009
v 5.468567 -5.740621 10.832874
v 4.918288 -8.326196 5.169503
v 5.926058 -5.729801 9.605893
v 4.766765 -8.259365 5.067652
v 4.974257 -7.907005 5.006274
v 4.824892 -7.585901 5.533127
v 4.699394 -8.075326 4.517859
v 5.259331 -7.508153 5.510920
v 5.518268 -5.424568 10.860507
v 4.683621 -7.999364 5.004559
v 5.483233 -5.343984 10.840445
v 4.915936 -7.515708 5.577058
v 4.545366 -8.452315 4.600449
v 4.828489 -5.343901 11.853512
v 4.013615 -8.674710 4.037759
v 4.483475 -8.544231 4.649347
v 3.981445 -8.076045 3.760475
v 4.923823 -7.536213 5.529032
v 4.062762 -9.015862 4.261523
v 4.767526 -7.652191 4.369448
v 4.002131 -9.113535 4.308913
v 4.274488 -8.032903 5.043840
v 2.966357 -10.087046 3.740938
v 2.933965 -8.611366 3.205935
v 2.896095 -10.197101 3.795149
v 3.024428 -9.593054 3.584544
v 4.369144 -8.610909 4.700044
v 1.314331 -10.880569 3.536475
v 1.518143 -9.014894 2.874924
v 3.895548 -9.186440 4.358102
v 1.352160 -10.261219 3.306443
v 1.315507 -10.940081 3.615302
v 2.969539 -7.684361 2.962357
v 1.528271 -8.008606 2.581991
v 4.061240 -7.333190 3.597716
v 4.885302 -7.076925 4.293334
v 1.301698 -10.960268 3.723739
v 2.793566 -10.278640 3.869354
v 5.467266 -6.941949 5.061482
v 5.694973 -6.765713 5.581998
v 5.659441 -6.334637 5.207319
v 6.020422 -6.497285 6.515147
v 5.075402 -6.363679 4.305814
v 5.697450 -6.079699 5.174305
v 5.143962 -6.100592 4.314503
v 4.244643 -6.484569 3.530941
v 6.144578 -5.756450 6.570341
v 4.331827 -6.187624 3.532671
v 3.075942 -6.712955 2.815649
v 5.753336 -5.704964 5.125794
v 5.244747 -5.713916 4.327289
v 3.130112 -6.352029 2.792168
v 5.795150 -5.424581 5.089487
v 4.459981 -5.751164 3.535203
v 1.483427 -6.593891 2.287564
v 6.199868 -5.426559 6.594914
v 3.209741 -5.821523 2.757646
v 4.555868 -5.424567 3.537112
v 5.778546 -5.343914 5.125517
v 1.477657 -5.925283 2.175820
v 6.192466 -5.352091 6.596478
v 5.306790 -5.343956 4.364232
v 3.269321 -5.424567 2.731813
v 6.167200 -5.426034 8.144577
v 5.320170 -5.424567 4.336850
v 3.298903 -5.343678 2.758780
v 6.149711 -5.348923 8.157251
v 4.573496 -5.343858 3.553052
v 5.962600 -5.424678 9.644954
v 1.508430 -5.343430 2.100079
v 6.138088 -5.737120 8.131833
v 1.473340 -5.424982 2.092206
v 5.914781 -5.343790 9.644111
v 1.487357 -7.048780 2.363595
v 0.000000 -15.891798 9.161810
v -0.940247 -15.875472 9.141055
v 0.940247 -15.875472 9.141055
v 0.000000 -15.760933 8.490891
v -1.423764 -15.859780 9.024579
v 1.423764 -15.859780 9.024579
v -0.942087 -15.751151 8.508546
v -1.823308 -15.715646 8.652003
v 0.942087 -15.751151 8.508546
v 1.823308 -15.715646 8.652003
v -1.854564 -15.528963 7.795840
v 1.854564 -15.528963 7.795840
v -2.156104 -15.568051 8.261896
v 2.156104 -15.568051 8.261896
v 0.944329 -15.606061 7.730200
v -0.944329 -15.606061 7.730200
v 1.886734 -15.313141 7.035371
v 2.336670 -15.474724 7.829159
v -1.886734 -15.313141 7.035371
v 0.946626 -15.379709 6.936178
v -2.336670 -15.474724 7.829159
v 1.927358 -15.014494 6.115630
v 2.412121 -15.274039 7.089942
v 0.000000 -15.592528 7.660976
v 2.509239 -14.983459 6.230861
v 0.949407 -15.071044 6.012493
v -0.946626 -15.379709 6.936178
v 0.000000 -15.120759 6.033261
v 0.950763 -14.767345 5.185567
v -1.927358 -15.037296 6.115630
v 0.000000 -15.404338 6.907135
v -2.509239 -14.993172 6.230861
v 2.079671 -14.661344 5.141207
v -2.412121 -15.274039 7.089942
v 0.000000 -14.760109 5.130871
v -0.949407 -15.071044 6.012493
v 1.712159 -14.519878 4.785027
v -0.950763 -14.767345 5.185567
v 2.375855 -14.781917 5.628377
v -2.375855 -14.781917 5.628377
v -2.079671 -14.661344 5.141207
v -1.712159 -14.519878 4.785027
v -0.951953 -14.420034 4.486573
v 0.000000 -14.388128 4.390977
v 0.951953 -14.420034 4.486573
v 0.955343 -14.135943 3.928242
v 2.002435 -14.264014 4.301538
v -3.080895 -10.704486 4.047444
v -4.597517 -9.919639 10.401908
v -3.958642 -9.255720 11.550796
v -2.929966 -8.502170 12.503039
v 0.000000 -8.224940 4.957790
v 0.000000 -7.527939 5.592320
v 0.000000 -9.338946 4.342854
v 0.000000 -7.513342 5.584461
v 0.000000 -10.485233 3.894578
v 0.000000 -7.497873 5.576118
v 0.000000 -11.128824 3.726202
v 0.000000 -8.094725 4.957805
v 0.000000 -8.677449 4.613718
v 0.000000 -9.242505 4.280064
v 0.000000 -10.335078 3.812334
v 0.000000 -11.098717 3.612728
v 1.042776 -13.922501 3.738558
v 2.168889 -14.081206 4.160447
v 4.213594 -9.394776 4.533549
v 4.434965 -9.460388 4.794893
v 0.970341 -9.421094 12.914510
v 0.961209 -9.475763 12.905502
v 0.982725 -9.458190 12.927197
v 1.037296 -9.425315 12.936482
v 1.001017 -9.501859 12.912560
v 1.014923 -9.356090 12.917068
v 1.057166 -9.481588 12.919255
v 0.964904 -9.513010 12.896993
v 1.104929 -9.385410 12.939623
v 1.068373 -9.537376 12.893630
v 0.986738 -9.544198 12.885397
v 1.128659 -9.456807 12.922535
v 1.075706 -9.300136 12.913513
v 1.013428 -9.543367 12.894612
v 1.143464 -9.523733 12.892883
v 1.191408 -9.345381 12.933120
v 1.019115 -9.565589 12.873208
v 1.232972 -9.502135 12.888511
v 1.157812 -9.252344 12.902333
v 1.078460 -9.579218 12.855787
v 1.215967 -9.425619 12.920155
v 1.290657 -9.313682 12.916418
v 1.151946 -9.576423 12.837675
v 1.260618 -9.222444 12.881095
v 1.309959 -9.394929 12.907799
v 1.323200 -9.473548 12.877483
v 1.236791 -9.555143 12.819674
v 1.363824 -9.205950 12.855760
v 1.318662 -9.521547 12.804164
v 1.389961 -9.292843 12.896217
v 1.411353 -9.448781 12.860394
v 1.475734 -9.197206 12.824987
v 1.404213 -9.372640 12.892579
v 1.400491 -9.491979 12.787047
v 1.495396 -9.277885 12.868143
v 1.501857 -9.427472 12.837675
v 1.588018 -9.201799 12.789898
v 1.502065 -9.354429 12.867728
v 1.484424 -9.465523 12.767856
v 1.602961 -9.275244 12.835683
v 1.597011 -9.415684 12.810653
v 1.713210 -9.214820 12.747378
v 1.603556 -9.347013 12.838408
v 1.574818 -9.447605 12.744085
v 1.724210 -9.279893 12.792292
v 1.708630 -9.409153 12.773059
v 1.838611 -9.240029 12.700418
v 1.719312 -9.345340 12.795335
v 1.684043 -9.435346 12.712137
v 1.847660 -9.297687 12.743656
v 1.838528 -9.357156 12.746590
v 1.969380 -9.291101 12.644380
v 1.799910 -9.437739 12.673547
v 1.825037 -9.416556 12.729460
v 1.978194 -9.335432 12.684726
v 1.928327 -9.446899 12.627512
v 2.100937 -9.362760 12.581810
v 1.965893 -9.384192 12.687064
v 1.949898 -9.430932 12.669215
v 2.105476 -9.387998 12.610549
v 2.056619 -9.463987 12.577881
v 2.091612 -9.424193 12.618049
v 2.200394 -9.434806 12.529509
v 2.074606 -9.454177 12.603257
v 2.205182 -9.442611 12.540536
v 2.178380 -9.485503 12.527792
v 2.196036 -9.465537 12.547647
v 2.228814 -9.455063 12.521747
v 2.186890 -9.480771 12.539138
v 2.222145 -9.475417 12.529840
v 2.249998 -9.470712 12.502970
v 2.213124 -9.489156 12.521054
v 2.248656 -9.485518 12.513140
v 2.239040 -9.496088 12.502181
v 2.299906 -9.506535 12.476141
v 0.985340 -10.259145 12.667527
v 0.984690 -10.262410 12.690953
v 1.089972 -10.035270 12.702493
v 0.935778 -10.512436 12.629948
v 1.090622 -10.035754 12.726360
v 0.937023 -10.506085 12.607269
v 1.240666 -9.856405 12.708746
v 1.103020 -10.047695 12.742908
v 0.949753 -10.751919 12.527640
v 1.243211 -9.854662 12.732697
v 0.998402 -10.271556 12.707944
v 0.948660 -10.761342 12.549322
v 1.422685 -9.740040 12.685695
v 1.253727 -9.868816 12.749177
v 1.022270 -10.972611 12.436417
v 0.950085 -10.518497 12.647699
v 1.022090 -10.984787 12.456964
v 1.144184 -10.087641 12.752207
v 1.427500 -9.736830 12.709355
v 1.147504 -11.146536 12.342522
v 1.046622 -10.296407 12.719594
v 1.435747 -9.752451 12.726111
v 1.148874 -11.160871 12.361906
v 1.001557 -10.526674 12.663404
v 1.284721 -9.920842 12.758046
v 1.160566 -11.158961 12.382952
v 1.232945 -10.174036 12.738176
v 1.454453 -9.812322 12.736530
v 1.326231 -11.269100 12.295603
v 1.152638 -10.345859 12.711333
v 1.636791 -9.772721 12.689805
v 1.316614 -11.272379 12.273463
v 1.115556 -10.535391 12.665092
v 1.488312 -9.947435 12.725282
v 1.313169 -11.256675 12.255172
v 1.125324 -10.724079 12.603977
v 1.348618 -10.036751 12.742978
v 1.503047 -11.292249 12.182903
v 1.280473 -10.670394 12.601721
v 1.508873 -11.308395 12.200282
v 1.013428 -10.755932 12.589144
v 1.706832 -11.265392 12.149544
v 1.433906 -10.198112 12.697234
v 1.698585 -11.249770 12.132773
v 0.962814 -10.764344 12.568056
v 1.354429 -10.292449 12.693928
v 1.891120 -11.147560 12.126202
v 1.880605 -11.133391 12.109722
v 1.299249 -10.410517 12.675484
v 2.043696 -10.966454 12.132524
v 1.035331 -10.985037 12.476833
v 2.031298 -10.954526 12.115976
v 1.273762 -10.540746 12.643716
v 2.149628 -10.739798 12.167947
v 2.135930 -10.730665 12.150941
v 2.044360 -10.966939 12.156406
v 1.197841 -11.123914 12.416533
v 1.463683 -10.600146 12.582599
v 2.198554 -10.489786 12.228937
v 1.352326 -11.226623 12.335077
v 1.480771 -10.652143 12.561098
v 2.184247 -10.483712 12.211200
v 1.318731 -10.786787 12.553612
v 2.171517 -10.237864 12.290829
v 1.529392 -11.259788 12.267679
v 2.185658 -10.240880 12.309564
v 1.516109 -11.304660 12.223320
v 1.180989 -10.893466 12.533963
v 2.099000 -10.017185 12.382052
v 2.112242 -10.017434 12.401921
v 1.081061 -10.961721 12.504077
v 1.973766 -9.843261 12.475947
v 1.985444 -9.841337 12.496993
v 1.711633 -11.262182 12.173203
v 1.808101 -9.733121 12.563297
v 1.817718 -9.729829 12.585436
v 1.893666 -11.145816 12.150139
v 1.277111 -11.026948 12.461904
v 1.618223 -9.697548 12.635565
v 1.711730 -11.220175 12.220940
v 1.404255 -11.111487 12.394852
v 1.625459 -9.693826 12.658603
v 1.881462 -11.111654 12.199439
v 1.549995 -11.138774 12.339381
v 1.631271 -9.709973 12.675996
v 1.700066 -11.106174 12.300916
v 2.022000 -10.944855 12.205277
v 1.839773 -11.016860 12.283218
v 1.572285 -10.955358 12.419909
v 2.148992 -10.743077 12.191371
v 1.821163 -9.745547 12.603714
v 1.813857 -9.805888 12.622407
v 1.472137 -10.936594 12.458029
v 2.197309 -10.496137 12.251616
v 1.594064 -10.727455 12.501365
v 1.986827 -9.855685 12.516364
v 2.119561 -10.736103 12.237889
v 1.675395 -10.932941 12.393468
v 2.184579 -10.250289 12.331259
v 1.640140 -10.717452 12.489549
v 2.112048 -10.029596 12.422483
v 2.152755 -10.276566 12.368327
v 1.771393 -10.871577 12.381306
v 2.164613 -10.505822 12.294066
v 2.085122 -10.070774 12.453394
v 1.955432 -10.879575 12.288020
v 1.968342 -9.908583 12.540937
v 2.063053 -10.329531 12.422220
v 2.035740 -10.707753 12.314862
v 2.007389 -10.160158 12.492247
v 2.072821 -10.518220 12.361104
v 1.784123 -9.942137 12.631346
v 1.906050 -10.659186 12.403056
v 1.638382 -9.914837 12.686816
v 1.924812 -10.399295 12.476833
v 1.850870 -10.777240 12.384612
v 1.886568 -10.282902 12.524941
v 1.931523 -10.528943 12.434825
v 1.820526 -10.191179 12.574450
v 1.743180 -10.595137 12.493837
v 1.633014 -10.114346 12.658645
v 1.911280 -10.026664 12.564293
v 1.751565 -10.479020 12.526796
v 1.529890 -10.136747 12.685072
v 1.734477 -10.427024 12.548285
v 1.704978 -10.386040 12.570410
v 1.733163 -10.133107 12.620525
v 1.608911 -10.540801 12.558648
v 1.621197 -10.351711 12.608030
v 1.754568 -10.536954 12.508034
v 1.665945 -10.360083 12.590998
v 1.575122 -10.361715 12.619834
v 1.532243 -10.389139 12.625271
v 1.718537 -10.647882 12.485592
v 1.496724 -10.431285 12.623790
v 1.472067 -10.484030 12.615558
v 1.683019 -10.690027 12.484124
v 1.460694 -10.542212 12.601361
v 1.549317 -10.719070 12.518398
v 1.510284 -10.693127 12.538973
v 1.384773 -10.878509 12.504091
v -0.970341 -9.421094 12.914510
v -0.982725 -9.458190 12.927197
v -0.961209 -9.475763 12.905502
v -1.037296 -9.425315 12.936482
v -1.001017 -9.501859 12.912560
v -1.014923 -9.356090 12.917068
v -1.057166 -9.481588 12.919255
v -0.964904 -9.513010 12.896993
v -1.104929 -9.385410 12.939623
v -1.068373 -9.537376 12.893630
v -0.986738 -9.544198 12.885397
v -1.075706 -9.300136 12.913513
v -1.128659 -9.456807 12.922535
v -1.143464 -9.523733 12.892883
v -1.013428 -9.543367 12.894612
v -1.191408 -9.345381 12.933120
v -1.157812 -9.252344 12.902333
v -1.232972 -9.502135 12.888511
v -1.215967 -9.425619 12.920155
v -1.019115 -9.565589 12.873208
v -1.290657 -9.313682 12.916418
v -1.078460 -9.579218 12.855787
v -1.260618 -9.222444 12.881095
v -1.323200 -9.473548 12.877483
v -1.309959 -9.394929 12.907799
v -1.151946 -9.576423 12.837675
v -1.363824 -9.205950 12.855760
v -1.318662 -9.521547 12.804164
v -1.236791 -9.555143 12.819674
v -1.411353 -9.448781 12.860394
v -1.389961 -9.292843 12.896217
v -1.400491 -9.491979 12.787047
v -1.404213 -9.372640 12.892579
v -1.475734 -9.197206 12.824987
v -1.484424 -9.465523 12.767856
v -1.495396 -9.277885 12.868143
v -1.501857 -9.427472 12.837675
v -1.502065 -9.354429 12.867728
v -1.588018 -9.201799 12.789898
v -1.574818 -9.447605 12.744085
v -1.597011 -9.415684 12.810653
v -1.602961 -9.275244 12.835683
v -1.603556 -9.347013 12.838408
v -1.684043 -9.435346 12.712137
v -1.713210 -9.214820 12.747378
v -1.708630 -9.409153 12.773059
v -1.724210 -9.279893 12.792292
v -1.719312 -9.345340 12.795335
v -1.799910 -9.437739 12.673547
v -1.838611 -9.240029 12.700418
v -1.838528 -9.357156 12.746590
v -1.825037 -9.416556 12.729460
v -1.847660 -9.297687 12.743656
v -1.928327 -9.446899 12.627512
v -1.969380 -9.291101 12.644380
v -1.965893 -9.384192 12.687064
v -1.949898 -9.430932 12.669215
v -1.978194 -9.335432 12.684726
v -2.056619 -9.463987 12.577881
v -2.100937 -9.362760 12.581810
v -2.091612 -9.424193 12.618049
v -2.074606 -9.454177 12.603257
v -2.105476 -9.387998 12.610549
v -2.178380 -9.485503 12.527792
v -2.200394 -9.434806 12.529509
v -2.196036 -9.465537 12.547647
v -2.186890 -9.480771 12.539138
v -2.205182 -9.442611 12.540536
v -2.213124 -9.489156 12.521054
v -2.228814 -9.455063 12.521747
v -2.222145 -9.475417 12.529840
v -2.239040 -9.496088 12.502181
v -2.249998 -9.470712 12.502970
v -2.248656 -9.485518 12.513140
v -2.299906 -9.506535 12.476141
v -0.985340 -10.259145 12.667527
v -1.089972 -10.035270 12.702493
v -0.984690 -10.262410 12.690953
v -0.935778 -10.512436 12.629948
v -1.090622 -10.035754 12.726360
v -0.937023 -10.506085 12.607269
v -1.103020 -10.047695 12.742908
v -1.240666 -9.856405 12.708746
v -0.949753 -10.751919 12.527640
v -0.998402 -10.271556 12.707944
v -1.243211 -9.854662 12.732697
v -0.948660 -10.761342 12.549322
v -1.253727 -9.868816 12.749177
v -0.950085 -10.518497 12.647699
v -1.022270 -10.972611 12.436417
v -0.962814 -10.764344 12.568056
v -1.422685 -9.740040 12.685695
v -1.435747 -9.752451 12.726111
v -1.022090 -10.984787 12.456964
v -1.013428 -10.755932 12.589144
v -1.427500 -9.736830 12.709355
v -1.035331 -10.985037 12.476833
v -1.081061 -10.961721 12.504077
v -1.618223 -9.697548 12.635565
v -1.147504 -11.146536 12.342522
v -1.001557 -10.526674 12.663404
v -1.625459 -9.693826 12.658603
v -1.160566 -11.158961 12.382952
v -1.180989 -10.893466 12.533963
v -1.631271 -9.709973 12.675996
v -1.148874 -11.160871 12.361906
v -1.125324 -10.724079 12.603977
v -1.313169 -11.256675 12.255172
v -1.277111 -11.026948 12.461904
v -1.115556 -10.535391 12.665092
v -1.636791 -9.772721 12.689805
v -1.197841 -11.123914 12.416533
v -1.318731 -10.786787 12.553612
v -1.821163 -9.745547 12.603714
v -1.384773 -10.878509 12.504091
v -1.817718 -9.729829 12.585436
v -1.472137 -10.936594 12.458029
v -1.352326 -11.226623 12.335077
v -1.404255 -11.111487 12.394852
v -1.326231 -11.269100 12.295603
v -1.808101 -9.733121 12.563297
v -1.549995 -11.138774 12.339381
v -1.985444 -9.841337 12.496993
v -1.316614 -11.272379 12.273463
v -1.529392 -11.259788 12.267679
v -1.973766 -9.843261 12.475947
v -2.112242 -10.017434 12.401921
v -1.503047 -11.292249 12.182903
v -1.516109 -11.304660 12.223320
v -2.099000 -10.017185 12.382052
v -2.185658 -10.240880 12.309564
v -1.711633 -11.262182 12.173203
v -1.986827 -9.855685 12.516364
v -2.171517 -10.237864 12.290829
v -1.711730 -11.220175 12.220940
v -2.198554 -10.489786 12.228937
v -1.813857 -9.805888 12.622407
v -1.706832 -11.265392 12.149544
v -2.184247 -10.483712 12.211200
v -1.891120 -11.147560 12.126202
v -2.135930 -10.730665 12.150941
v -1.638382 -9.914837 12.686816
v -1.698585 -11.249770 12.132773
v -1.893666 -11.145816 12.150139
v -2.149628 -10.739798 12.167947
v -1.454453 -9.812322 12.736530
v -1.880605 -11.133391 12.109722
v -2.148992 -10.743077 12.191371
v -2.043696 -10.966454 12.132524
v -2.197309 -10.496137 12.251616
v -2.031298 -10.954526 12.115976
v -2.184579 -10.250289 12.331259
v -1.284721 -9.920842 12.758046
v -2.044360 -10.966939 12.156406
v -2.112048 -10.029596 12.422483
v -1.144184 -10.087641 12.752207
v -1.348618 -10.036751 12.742978
v -2.022000 -10.944855 12.205277
v -1.488312 -9.947435 12.725282
v -1.881462 -11.111654 12.199439
v -1.968342 -9.908583 12.540937
v -1.784123 -9.942137 12.631346
v -1.839773 -11.016860 12.283218
v -1.700066 -11.106174 12.300916
v -1.633014 -10.114346 12.658645
v -1.955432 -10.879575 12.288020
v -1.529890 -10.136747 12.685072
v -1.911280 -10.026664 12.564293
v -2.119561 -10.736103 12.237889
v -1.733163 -10.133107 12.620525
v -2.035740 -10.707753 12.314862
v -1.433906 -10.198112 12.697234
v -1.621197 -10.351711 12.608030
v -1.232945 -10.174036 12.738176
v -1.575122 -10.361715 12.619834
v -1.354429 -10.292449 12.693928
v -1.532243 -10.389139 12.625271
v -2.164613 -10.505822 12.294066
v -1.046622 -10.296407 12.719594
v -2.152755 -10.276566 12.368327
v -1.152638 -10.345859 12.711333
v -2.063053 -10.329531 12.422220
v -2.085122 -10.070774 12.453394
v -2.072821 -10.518220 12.361104
v -2.007389 -10.160158 12.492247
v -1.886568 -10.282902 12.524941
v -1.820526 -10.191179 12.574450
v -1.924812 -10.399295 12.476833
v -1.906050 -10.659186 12.403056
v -1.704978 -10.386040 12.570410
v -1.931523 -10.528943 12.434825
v -1.665945 -10.360083 12.590998
v -1.734477 -10.427024 12.548285
v -1.850870 -10.777240 12.384612
v -1.751565 -10.479020 12.526796
v -1.743180 -10.595137 12.493837
v -1.608911 -10.540801 12.558648
v -1.718537 -10.647882 12.485592
v -1.754568 -10.536954 12.508034
v -1.771393 -10.871577 12.381306
v -1.683019 -10.690027 12.484124
v -1.675395 -10.932941 12.393468
v -1.640140 -10.717452 12.489549
v -1.496724 -10.431285 12.623790
v -1.594064 -10.727455 12.501365
v -1.572285 -10.955358 12.419909
v -1.472067 -10.484030 12.615558
v -1.299249 -10.410517 12.675484
v -1.549317 -10.719070 12.518398
v -1.510284 -10.693127 12.538973
v -1.273762 -10.540746 12.643716
v -1.280473 -10.670394 12.601721
v -1.480771 -10.652143 12.561098
v -1.460694 -10.542212 12.601361
v -1.463683 -10.600146 12.582599
v -1.508873 -11.308395 12.200282
vn 0.9906 0.1200 0.0661
vn 0.8887 0.4503 0.0863
vn 0.9563 0.1959 0.2169
vn 0.8947 0.4058 0.1867
vn 0.8422 0.4936 0.2168
vn 0.6637 0.7476 0.0263
vn 0.6322 0.7583 0.1588
vn 0.3439 0.9378 -0.0472
vn 0.3146 0.9454 0.0847
vn -0.0327 0.9906 -0.1327
vn 0.9613 0.2755 -0.0082
vn 0.8867 0.2981 0.3534
vn 0.4442 0.8905 -0.0985
vn 0.7898 0.6131 -0.0189
vn 0.9800 -0.0996 0.1720
vn 0.1205 0.9757 -0.1829
vn 0.9381 -0.0268 0.3454
vn -0.0837 0.9965 0.0012
vn 0.7855 0.5022 0.3617
vn -0.2835 0.9283 -0.2406
vn 0.2102 0.8979 -0.3868
vn -0.4497 0.8699 -0.2025
vn 0.4433 0.8383 -0.3174
vn -0.5199 0.8510 -0.0740
vn 0.5717 0.7382 0.3581
vn -0.7647 0.6011 -0.2323
vn 0.4595 0.6284 0.6276
vn 0.2766 0.9090 0.3116
vn -0.6298 0.7265 -0.2748
vn 0.6627 0.4933 0.5635
vn -0.8514 0.5223 -0.0474
vn -0.8576 0.4198 -0.2972
vn -0.4008 0.8007 -0.4452
vn 0.2430 0.7424 0.6243
vn -0.9401 0.2411 -0.2411
vn -0.0603 0.9047 -0.4217
vn 0.1651 0.7626 0.6255
vn -0.9880 0.1525 -0.0231
vn -0.6773 0.5792 -0.4536
vn -0.1201 0.9538 0.2754
vn -0.9748 0.0467 -0.2183
vn -0.9304 0.2263 -0.2882
vn -0.8040 0.4096 -0.4311
vn 0.0263 0.4497 0.8928
vn -0.5115 0.4381 -0.7392
vn 0.1010 0.4314 0.8965
vn -0.9990 -0.0364 0.0248
vn -0.7035 0.3956 -0.5904
vn 0.0330 0.2989 0.9537
vn -0.9388 0.0545 0.3400
vn -0.4310 0.2423 -0.8692
vn 0.2630 0.5320 0.8049
vn -0.8651 0.4175 0.2779
vn -0.9190 -0.0871 0.3846
vn -0.3700 0.3170 -0.8733
vn 0.2543 0.4071 0.8773
vn -0.6890 0.2566 0.6778
vn -0.7061 -0.0261 0.7076
vn -0.3041 0.5999 -0.7400
vn -0.2205 0.4345 -0.8733
vn 0.4201 0.3309 0.8450
vn -0.7176 -0.0795 0.6919
vn 0.6847 0.3706 0.6276
vn -0.3581 0.1268 0.9250
vn -0.4078 0.0238 0.9128
vn -0.0512 0.6714 -0.7394
vn -0.2566 0.2776 0.9258
vn -0.0375 0.4858 -0.8733
vn -0.4547 0.5702 0.6842
vn -0.4182 -0.0416 0.9074
vn -0.2086 -0.0155 0.9779
vn -0.5749 0.7776 0.2547
vn 0.1370 0.6552 -0.7429
vn -0.2114 0.0241 0.9771
vn 0.3176 0.6030 -0.7318
vn 0.2163 0.4471 -0.8679
vn -0.2023 0.1197 0.9720
vn 0.5571 0.3986 -0.7285
vn -0.2722 0.6697 0.6909
vn 0.8145 0.5357 -0.2227
vn -0.1883 0.3711 0.9093
vn 0.3911 0.3025 -0.8692
vn 0.6750 0.5697 0.4688
vn -0.1587 0.2442 0.9566
vn 0.4850 0.0526 -0.8729
vn 0.7649 0.5247 0.3737
vn 0.6777 0.0691 -0.7321
vn 0.8887 0.1484 0.4338
vn 0.9769 0.0900 -0.1940
vn 0.8674 0.4956 -0.0452
vn 0.6465 -0.2117 -0.7329
vn 0.8457 0.1328 0.5168
vn 0.4653 -0.1522 -0.8720
vn 0.8862 -0.2751 0.3728
vn 0.9336 -0.3054 -0.1872
vn 0.3606 -0.3297 -0.8725
vn 0.9946 -0.0946 -0.0436
vn 0.8129 -0.2643 0.5191
vn 0.5071 -0.4592 -0.7294
vn 0.2178 -0.6572 -0.7216
vn 0.9752 -0.2208 0.0163
vn 0.6025 -0.6037 0.5220
vn 0.3404 -0.9185 -0.2011
vn 0.6848 -0.6394 0.3495
vn -0.0366 -0.9300 -0.3658
vn 0.7348 -0.6523 -0.1860
vn 0.8922 -0.4347 -0.1223
vn 0.2052 -0.8494 0.4862
vn 0.9013 -0.4124 0.1326
vn 0.8390 -0.5406 -0.0623
vn 0.3837 -0.8869 0.2571
vn 0.6758 -0.7075 -0.2070
vn 0.3623 -0.9028 -0.2319
vn 0.6533 -0.7534 0.0750
vn -0.0810 -0.9597 -0.2690
vn 0.5458 -0.8264 -0.1382
vn 0.8767 -0.3168 0.3618
vn 0.2816 -0.9594 0.0170
vn 0.1464 -0.9716 -0.1861
vn 0.6785 -0.6313 0.3757
vn -0.2634 -0.9395 -0.2190
vn -0.1749 -0.9842 0.0287
vn -0.4397 -0.8424 -0.3116
vn 0.7402 -0.2729 0.6145
vn 0.3229 -0.8609 0.3932
vn -0.3506 -0.8169 -0.4580
vn 0.8295 0.0014 0.5584
vn 0.5553 -0.5001 0.6646
vn -0.6014 -0.7609 -0.2435
vn -0.5434 -0.8395 0.0051
vn 0.8268 0.1829 0.5320
vn 0.4535 -0.2130 0.8654
vn 0.4082 -0.6153 0.6743
vn -0.8211 -0.5706 -0.0123
vn 0.5378 -0.0327 0.8424
vn -0.8427 -0.4746 -0.2540
vn 0.5823 0.0712 0.8099
vn 0.3388 -0.3377 0.8782
vn -0.9251 -0.3755 -0.0569
vn 0.2120 0.0038 0.9773
vn 0.2156 -0.0469 0.9753
vn 0.2604 -0.4289 0.8650
vn -0.9258 -0.2652 -0.2694
vn 0.2000 -0.2753 0.9403
vn 0.2143 -0.1487 0.9654
vn -0.9031 -0.2924 -0.3145
vn -0.8389 -0.4211 0.3450
vn -0.7252 -0.6115 -0.3165
vn -0.7173 -0.5872 0.3751
vn -0.9460 -0.0787 -0.3145
vn -0.8834 -0.0673 -0.4638
vn -0.6389 -0.3489 0.6856
vn -0.8723 0.1046 -0.4776
vn -0.4372 -0.8138 0.3829
vn -0.5753 -0.6707 -0.4682
vn -0.6754 0.0810 -0.7330
vn -0.7892 -0.3999 -0.4662
vn -0.6712 -0.0518 -0.7394
vn -0.0827 -0.9166 0.3912
vn -0.4909 0.0589 -0.8692
vn -0.3277 -0.6404 0.6946
vn -0.6006 -0.3049 -0.7391
vn -0.0540 -0.7140 0.6981
vn -0.4383 -0.5115 -0.7391
vn -0.4858 -0.0375 -0.8733
vn 0.3227 -0.8609 0.3932
vn 0.1115 -0.9627 0.2465
vn -0.4344 -0.2205 -0.8733
vn 0.0980 -0.7091 0.6982
vn -0.2762 -0.6096 -0.7430
vn -0.3170 -0.3700 -0.8733
vn -0.0448 -0.4419 0.8959
vn -0.0993 -0.6748 -0.7312
vn 0.0636 -0.4833 0.8731
vn -0.2078 -0.4437 -0.8717
vn 0.0090 -0.3303 0.9438
vn -0.0893 -0.4886 -0.8679
vn -0.2055 -0.3696 0.9062
vn -0.0875 -0.2275 0.9698
vn 0.1381 -0.4768 -0.8681
vn -0.5479 -0.4671 0.6940
vn -0.1592 -0.1345 0.9780
vn -0.3236 -0.2543 0.9114
vn -0.3632 -0.1860 0.9130
vn -0.1827 -0.0988 0.9782
vn 0.7824 0.4102 0.4686
vn 0.4750 0.2576 0.8415
vn 0.1803 0.1090 0.9776
vn 0.1562 0.1477 0.9766
vn 0.0999 0.2253 0.9692
vn -0.0000 -0.0000 -1.0000
vn 0.0942 0.4809 -0.8717
vn 0.4389 0.2019 -0.8756
vn 0.3733 0.3303 -0.8669
vn 0.7355 0.2811 -0.6165
vn 0.7734 0.0426 -0.6325
vn 0.6257 0.4962 -0.6020
vn 0.4615 0.0597 -0.8852
vn 0.2712 0.4322 -0.8600
vn 0.7355 -0.1958 -0.6486
vn -0.0000 0.0673 -0.9977
vn 0.4546 0.6669 -0.5904
vn 0.4389 -0.0826 -0.8947
vn 0.1426 0.4975 -0.8556
vn 0.6256 -0.4109 -0.6631
vn 0.2390 0.7765 -0.5831
vn -0.0000 0.5201 -0.8541
vn 0.3733 -0.2110 -0.9034
vn -0.0000 0.8142 -0.5805
vn 0.4546 -0.5816 -0.6746
vn -0.1426 0.4975 -0.8556
vn 0.2713 -0.3128 -0.9103
vn -0.2390 0.7765 -0.5831
vn 0.2390 -0.6912 -0.6820
vn -0.2712 0.4322 -0.8600
vn 0.1426 -0.3782 -0.9147
vn -0.4546 0.6669 -0.5904
vn -0.0000 -0.7290 -0.6845
vn -0.3733 0.3303 -0.8669
vn -0.0000 -0.4008 -0.9162
vn -0.6257 0.4962 -0.6020
vn -0.2390 -0.6912 -0.6820
vn -0.4389 0.2019 -0.8756
vn -0.1426 -0.3782 -0.9147
vn -0.7355 0.2811 -0.6165
vn -0.4546 -0.5816 -0.6746
vn -0.4615 0.0597 -0.8852
vn -0.2712 -0.3128 -0.9103
vn -0.7734 0.0426 -0.6325
vn -0.6257 -0.4109 -0.6631
vn -0.4389 -0.0826 -0.8947
vn -0.3733 -0.2109 -0.9034
vn -0.7355 -0.1958 -0.6486
vn -0.9505 0.3095 0.0261
vn -1.0000 0.0017 0.0001
vn -0.9515 0.3064 0.0259
vn -0.8098 0.5847 0.0494
vn -1.0000 -0.0017 -0.0001
vn -0.8082 0.5869 0.0495
vn -0.9515 -0.3064 -0.0259
vn -0.5885 0.8056 0.0680
vn -0.9505 -0.3095 -0.0261
vn -0.5869 0.8068 0.0681
vn -0.8098 -0.5847 -0.0494
vn -0.3095 0.9475 0.0800
vn -0.8082 -0.5869 -0.0495
vn -0.3085 0.9479 0.0800
vn -0.5885 -0.8056 -0.0680
vn -0.1564 0.9842 0.0831
vn -0.5869 -0.8068 -0.0681
vn -0.3095 -0.9475 -0.0800
vn -0.3085 -0.9479 -0.0800
vn -0.1564 -0.9842 -0.0831
vn 0.1564 0.9842 0.0831
vn 0.3085 0.9479 0.0800
vn 0.3095 0.9475 0.0800
vn 0.5869 0.8068 0.0681
vn 0.5885 0.8056 0.0680
vn 0.8082 0.5869 0.0495
vn 0.8098 0.5847 0.0494
vn 0.9505 0.3095 0.0261
vn 0.9515 0.3064 0.0259
vn 1.0000 0.0017 0.0001
vn 1.0000 -0.0017 -0.0001
vn 0.9515 -0.3064 -0.0259
vn 0.9505 -0.3095 -0.0261
vn 0.8098 -0.5847 -0.0494
vn 0.8082 -0.5869 -0.0495
vn 0.5885 -0.8056 -0.0680
vn 0.5869 -0.8068 -0.0681
vn 0.3095 -0.9475 -0.0800
vn 0.3085 -0.9479 -0.0800
vn 0.1564 -0.9842 -0.0831
vn -0.9192 -0.3937 -0.0060
vn -0.9125 -0.3843 0.1403
vn -0.9999 -0.0122 -0.0063
vn -0.9116 -0.3892 -0.1324
vn -0.9902 -0.0093 0.1396
vn -0.9924 -0.0138 -0.1220
vn -0.7366 -0.6753 -0.0361
vn -0.9298 0.3665 -0.0333
vn -0.9183 0.3717 -0.1364
vn -0.8795 -0.3600 0.3112
vn -0.7403 -0.6604 0.1257
vn -0.9290 0.0543 0.3660
vn -0.8779 -0.3574 0.3187
vn -0.9243 0.3619 0.1212
vn -0.7146 0.6819 -0.1560
vn -0.8139 -0.3374 0.4731
vn -0.9524 -0.0174 0.3045
vn -0.7558 0.6492 -0.0852
vn -0.8695 0.0512 0.4913
vn -0.8154 -0.1714 0.5529
vn -0.7228 0.5118 0.4644
vn -0.6962 -0.6343 0.3362
vn -0.8920 0.3476 0.2890
vn -0.8112 0.4814 0.3320
vn -0.7642 0.6387 0.0898
vn -0.5858 0.7553 -0.2938
vn -0.3971 -0.8348 0.3814
vn -0.4519 0.8795 -0.1491
vn -0.8543 0.4658 -0.2304
vn -0.4369 -0.8922 0.1143
vn -0.4182 0.8770 -0.2367
vn -0.5892 0.3485 -0.7289
vn -0.4327 -0.8970 -0.0904
vn -0.4543 0.8887 0.0619
vn -0.3693 0.5727 -0.7319
vn -0.0108 0.9810 -0.1937
vn -0.2930 0.8644 -0.4087
vn -0.3963 -0.8905 -0.2236
vn -0.0260 0.9611 -0.2750
vn -0.1940 0.6405 -0.7430
vn 0.0096 -0.9914 -0.1304
vn -0.0143 0.9994 0.0311
vn -0.0074 0.6735 -0.7391
vn 0.0109 -0.9732 -0.2298
vn -0.4125 0.8306 0.3741
vn -0.0133 0.8987 -0.4384
vn 0.3821 -0.8866 -0.2606
vn -0.7153 0.6170 0.3281
vn 0.3915 -0.9058 -0.1623
vn 0.0083 -0.9961 0.0877
vn 0.3992 -0.9149 0.0595
vn -0.5764 0.5416 0.6120
vn -0.7695 0.2720 0.5778
vn -0.0076 -0.9289 0.3701
vn 0.0064 -0.7201 0.6938
vn -0.8157 -0.0435 0.5768
vn 0.3696 -0.8472 0.3816
vn 0.1538 -0.7082 0.6891
vn 0.1763 -0.8157 0.5510
vn -0.4864 -0.1025 0.8677
vn 0.7170 -0.6964 0.0311
vn -0.3000 -0.6814 0.6676
vn 0.0946 -0.4760 0.8743
vn -0.4870 -0.0076 0.8734
vn 0.6652 -0.6467 0.3733
vn -0.4487 0.1589 0.8794
vn 0.5118 -0.5021 0.6971
vn 0.6999 -0.6872 -0.1948
vn -0.1936 -0.0012 0.9811
vn 0.4025 -0.5959 0.6949
vn -0.1847 -0.0415 0.9819
vn 0.6852 -0.6744 -0.2752
vn 0.3018 -0.3075 0.9024
vn -0.2064 0.1089 0.9724
vn 0.8879 -0.3591 -0.2876
vn 0.3806 -0.1568 0.9113
vn -0.3517 0.3255 0.8777
vn 0.9040 -0.3652 -0.2222
vn 0.6667 -0.2678 0.6955
vn -0.2077 0.2550 0.9444
vn 0.8643 -0.3445 0.3665
vn -0.2882 0.4350 0.8530
vn 0.4043 0.0047 0.9146
vn 0.9290 -0.3701 0.0075
vn 0.7188 0.0079 0.6952
vn 0.9707 0.0095 -0.2401
vn -0.4614 0.6268 0.6279
vn 0.9322 0.0115 0.3619
vn 0.9999 0.0124 -0.0081
vn 0.9151 0.1925 0.3542
vn 0.9495 0.1998 -0.2419
vn 0.9785 0.2059 -0.0133
vn 0.9551 0.0092 -0.2960
vn 0.7100 0.1494 0.6882
vn 0.9354 0.1968 -0.2937
vn -0.0118 0.9277 0.3730
vn 0.8959 0.0095 -0.4441
vn 0.8798 0.1851 -0.4377
vn 0.3992 0.0840 0.9130
vn 0.3780 0.9258 0.0077
vn 0.1926 0.0191 0.9811
vn 0.3671 0.9034 -0.2215
vn 0.6661 0.1401 -0.7326
vn 0.3520 0.8613 0.3665
vn 0.1968 -0.0280 0.9800
vn 0.6786 0.6942 -0.2398
vn 0.7002 0.7139 -0.0081
vn 0.3557 0.8887 -0.2894
vn 0.6527 0.6656 0.3619
vn 0.1986 -0.1334 0.9710
vn 0.8008 0.5479 -0.2419
vn 0.8252 0.5647 -0.0133
vn 0.3334 0.8323 -0.4428
vn 0.1939 -0.2607 0.9458
vn 0.6262 0.6408 -0.4441
vn 0.7889 0.5398 -0.2937
vn 0.2470 -0.4011 0.8821
vn 0.6671 0.6835 -0.2963
vn 0.2509 0.6251 -0.7391
vn 0.7420 0.5077 -0.4377
vn 0.4710 0.4815 -0.7392
vn 0.5618 0.3844 -0.7326
vn 0.1815 0.4521 -0.8733
vn 0.4080 0.2792 -0.8692
vn 0.3407 0.3483 -0.8733
vn -0.0054 0.4872 -0.8733
vn -0.1361 0.4707 -0.8717
vn -0.2548 0.4264 -0.8679
vn -0.4162 0.2670 -0.8692
vn -0.4862 0.0103 -0.8738
vn -0.6759 0.0110 -0.7369
vn -0.6187 -0.2643 -0.7398
vn -0.9743 0.0082 -0.2252
vn -0.4480 -0.1914 -0.8733
vn -0.8954 -0.3812 -0.2300
vn -0.3287 -0.3584 -0.8738
vn -0.4594 -0.4960 -0.7369
vn -0.6683 -0.7071 -0.2311
vn -0.1555 -0.6667 -0.7290
vn -0.5666 -0.6780 0.4682
vn -0.2530 -0.9367 -0.2420
vn -0.0948 -0.4853 -0.8692
vn 0.1406 -0.9331 -0.3310
vn 0.1585 -0.6627 -0.7319
vn -0.6075 -0.7213 0.3326
vn -0.1341 -0.8861 0.4436
vn 0.1319 -0.4789 -0.8679
vn 0.4244 -0.7998 -0.4245
vn -0.2366 -0.9338 0.2683
vn -0.7080 -0.6874 -0.1620
vn 0.3287 -0.5830 -0.7430
vn 0.2460 -0.4237 -0.8717
vn 0.4815 -0.4710 -0.7392
vn 0.6411 -0.6284 -0.4405
vn 0.6251 -0.2509 -0.7391
vn 0.3483 -0.3407 -0.8733
vn 0.8319 -0.3347 -0.4427
vn 0.4521 -0.1815 -0.8733
vn 0.6735 0.0074 -0.7391
vn 0.4872 0.0054 -0.8733
vn 0.4838 0.1018 -0.8692
vn 0.7718 0.5281 0.3542
vn 0.5024 0.5138 0.6954
vn 0.2703 0.6649 0.6963
vn 0.5988 0.4097 0.6882
vn 0.2800 0.2915 0.9147
vn 0.3372 0.2335 0.9120
vn -0.0079 0.7207 0.6932
vn 0.1507 0.3841 0.9109
vn 0.1479 0.1277 0.9807
vn -0.0005 0.4433 0.8964
vn 0.1185 0.1658 0.9790
vn -0.1542 0.7070 0.6902
vn 0.0512 0.2426 0.9688
vn -0.0944 0.4852 0.8693
vn -0.0355 0.3330 0.9423
vn -0.5774 -0.5345 0.6172
vn -0.6825 -0.4073 0.6068
vn -0.1758 -0.3991 0.8999
vn -0.3290 -0.3111 0.8916
vn -0.0133 -0.4423 0.8968
vn -0.3875 -0.2649 0.8830
vn -0.1300 -0.1482 0.9804
vn -0.1558 -0.1108 0.9816
vn -0.0578 -0.2357 0.9701
vn 0.0352 -0.3315 0.9428
vn -0.9906 0.1200 0.0661
vn -0.9499 0.2288 0.2129
vn -0.8887 0.4503 0.0863
vn -0.9613 0.2755 -0.0082
vn -0.8422 0.4936 0.2168
vn -0.9946 -0.0946 -0.0436
vn -0.6637 0.7476 0.0263
vn -0.8867 0.2981 0.3534
vn -0.9800 -0.0996 0.1720
vn -0.7898 0.6131 -0.0188
vn -0.7855 0.5022 0.3617
vn -0.9752 -0.2208 0.0163
vn -0.4442 0.8905 -0.0985
vn -0.7534 0.3989 0.5227
vn -0.9013 -0.4124 0.1326
vn -0.6322 0.7583 0.1588
vn -0.9381 -0.0268 0.3454
vn -0.8390 -0.5406 -0.0623
vn -0.8295 0.0014 0.5584
vn -0.3439 0.9378 -0.0472
vn -0.8767 -0.3168 0.3618
vn -0.8268 0.1829 0.5320
vn -0.1205 0.9757 -0.1829
vn -0.6533 -0.7534 0.0750
vn -0.7402 -0.2729 0.6145
vn 0.0327 0.9906 -0.1327
vn -0.5458 -0.8264 -0.1382
vn -0.6785 -0.6313 0.3757
vn -0.3146 0.9454 0.0847
vn -0.2601 -0.9644 0.0479
vn -0.5553 -0.5001 0.6646
vn 0.0837 0.9965 0.0012
vn -0.3228 -0.8609 0.3932
vn -0.4082 -0.6153 0.6743
vn 0.4497 0.8699 -0.2025
vn -0.1464 -0.9716 -0.1861
vn 0.2835 0.9283 -0.2406
vn 0.1749 -0.9842 0.0287
vn 0.0827 -0.9166 0.3912
vn -0.2604 -0.4289 0.8650
vn 0.0540 -0.7140 0.6981
vn -0.3388 -0.3377 0.8782
vn 0.0603 0.9047 -0.4217
vn 0.4372 -0.8138 0.3829
vn 0.4008 0.8007 -0.4452
vn 0.5434 -0.8395 0.0051
vn 0.3277 -0.6404 0.6946
vn 0.6298 0.7265 -0.2748
vn 0.2634 -0.9395 -0.2190
vn 0.7173 -0.5872 0.3751
vn 0.0448 -0.4419 0.8959
vn 0.6014 -0.7609 -0.2435
vn -0.0980 -0.7091 0.6982
vn 0.7647 0.6011 -0.2323
vn 0.8211 -0.5706 -0.0123
vn -0.0636 -0.4833 0.8731
vn 0.8427 -0.4746 -0.2540
vn 0.8389 -0.4211 0.3450
vn -0.0090 -0.3303 0.9438
vn 0.5199 0.8510 -0.0740
vn 0.9251 -0.3755 -0.0569
vn 0.0875 -0.2275 0.9698
vn 0.9258 -0.2652 -0.2694
vn 0.2055 -0.3696 0.9062
vn 0.6389 -0.3489 0.6856
vn 0.9031 -0.2924 -0.3145
vn 0.1592 -0.1345 0.9780
vn 0.5479 -0.4671 0.6940
vn 0.9460 -0.0787 -0.3145
vn 0.3236 -0.2543 0.9114
vn 0.8834 -0.0673 -0.4638
vn 0.3632 -0.1860 0.9130
vn 0.8723 0.1046 -0.4776
vn 0.7892 -0.3999 -0.4662
vn 0.1827 -0.0988 0.9782
vn 0.6754 0.0810 -0.7330
vn 0.7252 -0.6115 -0.3165
vn 0.6712 -0.0518 -0.7394
vn 0.5753 -0.6707 -0.4682
vn 0.4909 0.0589 -0.8692
vn 0.4397 -0.8424 -0.3116
vn 0.6006 -0.3049 -0.7391
vn 0.4858 -0.0375 -0.8733
vn 0.3506 -0.8169 -0.4580
vn 0.0810 -0.9597 -0.2690
vn 0.4383 -0.5115 -0.7391
vn 0.4344 -0.2205 -0.8733
vn 0.2762 -0.6096 -0.7430
vn 0.0993 -0.6748 -0.7313
vn 0.3170 -0.3700 -0.8733
vn 0.0366 -0.9300 -0.3658
vn 0.0893 -0.4886 -0.8679
vn 0.2078 -0.4437 -0.8717
vn -0.3623 -0.9028 -0.2319
vn -0.2178 -0.6572 -0.7216
vn -0.3404 -0.9185 -0.2011
vn -0.1381 -0.4768 -0.8681
vn -0.6758 -0.7075 -0.2070
vn -0.2052 -0.8494 0.4862
vn -0.5071 -0.4592 -0.7294
vn -0.3606 -0.3297 -0.8725
vn -0.3837 -0.8869 0.2571
vn -0.8922 -0.4347 -0.1223
vn -0.7348 -0.6523 -0.1860
vn -0.6848 -0.6394 0.3495
vn -0.9336 -0.3054 -0.1872
vn -0.8129 -0.2643 0.5191
vn -0.6465 -0.2117 -0.7329
vn -0.8862 -0.2751 0.3728
vn -0.6025 -0.6037 0.5220
vn -0.8887 0.1484 0.4338
vn -0.6777 0.0691 -0.7321
vn -0.8457 0.1328 0.5168
vn -0.9769 0.0900 -0.1940
vn -0.4850 0.0526 -0.8729
vn -0.6750 0.5697 0.4688
vn -0.8145 0.5357 -0.2227
vn -0.4653 -0.1522 -0.8720
vn -0.7649 0.5247 0.3737
vn -0.5571 0.3986 -0.7285
vn -0.5176 0.8070 -0.2842
vn -0.3911 0.3025 -0.8692
vn -0.3176 0.6030 -0.7318
vn -0.2163 0.4471 -0.8679
vn -0.2102 0.8979 -0.3868
vn -0.1370 0.6552 -0.7429
vn -0.0942 0.4809 -0.8717
vn 0.0375 0.4858 -0.8733
vn 0.0512 0.6714 -0.7394
vn 0.3041 0.5999 -0.7400
vn 0.2205 0.4345 -0.8733
vn 0.3700 0.3170 -0.8733
vn 0.5115 0.4381 -0.7392
vn 0.6773 0.5792 -0.4536
vn 0.4310 0.2423 -0.8692
vn 0.5930 0.3335 -0.7329
vn 0.8576 0.4198 -0.2972
vn 0.8040 0.4096 -0.4311
vn 0.9304 0.2263 -0.2882
vn 0.9401 0.2411 -0.2411
vn 0.8514 0.5223 -0.0474
vn 0.9748 0.0467 -0.2183
vn 0.9880 0.1525 -0.0231
vn 0.5749 0.7776 0.2547
vn 0.9990 -0.0364 0.0248
vn 0.1201 0.9538 0.2754
vn 0.8651 0.4175 0.2779
vn 0.9388 0.0545 0.3400
vn 0.2722 0.6697 0.6909
vn 0.9190 -0.0870 0.3846
vn 0.4547 0.5702 0.6842
vn -0.2766 0.9090 0.3116
vn 0.6890 0.2566 0.6778
vn -0.1651 0.7626 0.6255
vn 0.7061 -0.0261 0.7076
vn -0.5717 0.7382 0.3581
vn -0.2481 0.7080 0.6611
vn 0.2566 0.2776 0.9258
vn -0.0263 0.4497 0.8928
vn 0.1883 0.3711 0.9093
vn -0.4595 0.6284 0.6276
vn 0.3581 0.1268 0.9250
vn -0.1010 0.4314 0.8965
vn 0.2023 0.1197 0.9720
vn -0.2543 0.4071 0.8773
vn -0.0330 0.2989 0.9537
vn 0.1587 0.2442 0.9566
vn -0.6627 0.4933 0.5635
vn -0.0999 0.2253 0.9692
vn 0.2114 0.0241 0.9771
vn -0.4201 0.3309 0.8450
vn -0.1562 0.1477 0.9766
vn 0.4078 0.0238 0.9128
vn -0.4750 0.2576 0.8415
vn -0.1803 0.1090 0.9776
vn 0.2086 -0.0155 0.9779
vn 0.4182 -0.0416 0.9074
vn 0.7176 -0.0795 0.6919
vn -0.5378 -0.0327 0.8424
vn -0.4535 -0.2130 0.8654
vn -0.5823 0.0712 0.8099
vn -0.2120 0.0038 0.9773
vn -0.2156 -0.0469 0.9753
vn -0.2143 -0.1487 0.9654
vn -0.2000 -0.2753 0.9403
vn -0.6996 0.2433 0.6718
vn -0.7811 -0.0924 0.6176
vn -0.5425 0.2816 0.7915
vn -0.8679 -0.1101 0.4844
vn -0.6021 -0.0860 0.7938
vn -0.8030 0.2023 0.5606
vn -0.4265 0.2655 0.8646
vn -0.7329 -0.4471 0.5128
vn -0.4029 0.5989 0.6921
vn -0.9223 -0.1027 0.3727
vn -0.4532 -0.1064 0.8851
vn -0.1687 0.5849 0.7934
vn -0.8807 0.1988 0.4300
vn -0.5529 -0.4643 0.6919
vn -0.9563 -0.0582 0.2866
vn -0.4204 -0.4675 0.7776
vn -0.1313 0.7641 0.6315
vn -0.8800 -0.3623 0.3072
vn -0.3257 -0.7702 0.5484
vn 0.0867 0.5939 0.7998
vn -0.9192 0.2210 0.3260
vn -0.4345 -0.7777 0.4544
vn -0.2820 0.7609 0.5844
vn -0.7498 0.4733 0.4623
vn -0.5650 -0.7577 0.3266
vn -0.5379 0.5557 0.6339
vn -0.6558 0.4996 0.5660
vn -0.8255 -0.3969 0.4013
vn -0.1256 0.7830 0.6092
vn -0.8000 0.4701 0.3729
vn 0.0253 0.7574 0.6525
vn -0.9394 0.2414 0.2432
vn -0.6644 -0.6955 0.2736
vn -0.8372 0.4619 0.2929
vn -0.4109 -0.8913 0.1916
vn 0.1060 0.7621 0.6387
vn -0.9443 0.2636 0.1969
vn -0.3176 -0.9092 0.2692
vn -0.8503 0.4619 0.2521
vn -0.3296 -0.9068 0.2630
vn -0.9443 0.2617 0.1995
vn -0.2501 -0.9080 0.3361
vn -0.8568 0.4491 0.2535
vn -0.2413 -0.9107 0.3352
vn -0.4067 -0.8929 0.1929
vn -0.7371 0.6102 0.2903
vn -0.9849 0.0512 0.1655
vn -0.6848 0.6454 0.3383
vn -0.9854 0.0620 0.1585
vn -0.6617 0.6785 0.3190
vn -0.9251 -0.3716 0.0786
vn -0.7416 0.6025 0.2951
vn -0.6206 0.6735 0.4016
vn -0.9775 -0.0043 0.2108
vn -0.6140 0.7062 0.3525
vn -0.9249 -0.3547 0.1368
vn -0.5880 0.7152 0.3778
vn -0.6226 -0.7812 -0.0455
vn -0.6165 -0.7853 -0.0568
vn -0.5593 0.6880 0.4624
vn -0.9107 -0.3482 0.2221
vn -0.6827 -0.7306 0.0155
vn -0.4553 -0.8844 -0.1029
vn -0.5579 0.7222 0.4088
vn -0.7235 -0.6828 0.1019
vn -0.4335 -0.8940 -0.1132
vn -0.4731 0.7071 0.5255
vn -0.5061 -0.8603 -0.0614
vn -0.4305 -0.8948 -0.1186
vn -0.4872 0.7403 0.4632
vn -0.7220 -0.6644 0.1929
vn -0.3843 0.7340 0.5599
vn -0.4531 -0.8849 -0.1077
vn -0.5396 -0.8376 0.0847
vn -0.3479 0.7679 0.5378
vn -0.5061 -0.8599 -0.0661
vn -0.4880 -0.8580 0.1603
vn -0.5411 -0.8410 0.0027
vn -0.5416 -0.8407 0.0014
vn -0.5431 -0.8358 0.0809
vn -0.4859 -0.8585 0.1640
vn -0.9327 -0.3533 0.0728
vn 0.0295 -0.9832 -0.1801
vn 0.0296 -0.9832 -0.1801
vn 0.0296 -0.9832 -0.1800
vn 0.0295 -0.9832 -0.1800
vn 0.3574 0.2323 0.9046
vn 0.1653 0.2745 0.9473
vn 0.4474 -0.1049 0.8881
vn 0.5818 -0.1250 0.8037
vn 0.2112 -0.0944 0.9729
vn 0.4971 0.1889 0.8469
vn 0.4408 -0.4592 0.7712
vn 0.0291 0.2608 0.9650
vn 0.6783 -0.1192 0.7251
vn 0.2020 -0.4722 0.8581
vn 0.6223 0.1832 0.7610
vn 0.2328 0.5475 0.8037
vn 0.1881 -0.7841 0.5914
vn 0.7461 -0.0758 0.6615
vn 0.0501 -0.7740 0.6312
vn 0.7014 0.2043 0.6829
vn 0.3672 0.4890 0.7912
vn 0.0457 -0.4723 0.8803
vn 0.7983 -0.0226 0.6018
vn 0.0373 -0.1115 0.9931
vn 0.7549 0.2240 0.6164
vn 0.4955 0.4605 0.7365
vn 0.8251 0.0326 0.5641
vn 0.7793 0.2459 0.5764
vn 0.5784 0.4560 0.6764
vn 0.7262 -0.3650 0.5826
vn 0.7782 0.2439 0.5787
vn 0.6622 -0.3782 0.6468
vn 0.6457 0.4465 0.6194
vn 0.8287 0.0433 0.5580
vn 0.6746 0.4463 0.5879
vn 0.3276 0.6784 0.6576
vn 0.6003 -0.6964 0.3934
vn 0.6798 0.4332 0.5919
vn 0.4044 0.6664 0.6264
vn 0.5985 -0.7438 0.2976
vn 0.4862 0.6396 0.5954
vn 0.4193 0.6925 0.5870
vn 0.5611 -0.6776 0.4755
vn 0.5487 0.6081 0.5738
vn 0.4742 -0.7073 0.5243
vn 0.4733 0.6772 0.5633
vn 0.4319 0.6955 0.5742
vn 0.5727 -0.4113 0.7092
vn 0.5507 0.6001 0.5801
vn 0.3605 -0.7673 0.5303
vn 0.3599 -0.8662 0.3465
vn 0.3690 0.7035 0.6075
vn 0.2740 -0.8982 0.3437
vn 0.2229 0.6992 0.6792
vn 0.1572 -0.9141 0.3738
vn 0.2655 0.7300 0.6298
vn 0.0603 -0.9138 0.4016
vn 0.1707 -0.9120 0.3731
vn 0.1282 0.7282 0.6733
vn 0.0680 -0.9113 0.4061
vn 0.2673 -0.9012 0.3412
vn 0.3569 -0.8676 0.3463
vn 0.4376 -0.8477 0.2999
vn 0.4424 -0.8459 0.2979
vn 0.4732 -0.8515 0.2260
vn 0.4740 -0.8513 0.2249
vn 0.4681 -0.8703 0.1532
vn 0.4702 -0.8699 0.1489
vn 0.4391 -0.8941 0.0888
vn 0.4390 -0.8936 0.0941
vn 0.5688 -0.7934 0.2169
vn 0.4227 -0.9036 0.0692
vn 0.7747 -0.3722 0.5111
vn 0.4233 -0.9028 0.0755
vn 0.5679 -0.7974 0.2041
vn 0.7991 -0.3891 0.4583
vn 0.8087 -0.3712 0.4563
vn -0.0000 0.9002 0.4355
vn -0.0551 0.9025 0.4271
vn -0.0000 0.8713 0.4908
vn -0.0713 0.9490 0.3072
vn -0.0763 0.8770 0.4744
vn -0.0000 0.9493 0.3142
vn 0.0551 0.9025 0.4271
vn -0.1117 0.9046 0.4113
vn -0.0840 0.9802 0.1792
vn 0.0713 0.9490 0.3072
vn -0.1724 0.8793 0.4440
vn -0.2434 0.9526 0.1822
vn 0.1117 0.9046 0.4113
vn -0.1979 0.9290 0.3127
vn -0.2470 0.9611 0.1234
vn 0.1979 0.9290 0.3127
vn -0.0950 0.9886 0.1170
vn 0.1724 0.8793 0.4440
vn -0.2525 0.8815 0.3991
vn -0.0000 0.9845 0.1755
vn 0.0763 0.8770 0.4744
vn -0.3427 0.9188 0.1959
vn -0.0000 0.9920 0.1261
vn -0.3510 0.9252 0.1444
vn 0.0950 0.9886 0.1170
vn -0.3064 0.9045 0.2968
vn 0.0840 0.9802 0.1792
vn 0.2470 0.9611 0.1234
vn 0.2434 0.9526 0.1822
vn 0.3510 0.9252 0.1444
vn 0.3427 0.9188 0.1959
vn 0.3064 0.9045 0.2968
vn 0.2525 0.8815 0.3991
vn -0.2793 0.9583 -0.0597
vn -0.4838 0.8698 -0.0966
vn -0.2782 0.9604 0.0146
vn -0.1113 0.9932 0.0343
vn -0.5088 0.8599 0.0409
vn -0.1050 0.9928 -0.0581
vn -0.6449 0.7552 -0.1174
vn -0.4996 0.8330 -0.2377
vn -0.0507 0.9982 0.0327
vn -0.6552 0.7523 0.0694
vn -0.2743 0.9513 -0.1409
vn -0.6230 0.7134 -0.3209
vn -0.5208 0.8294 0.2021
vn -0.6023 0.6637 -0.4436
vn -0.0951 0.9839 -0.1513
vn -0.6343 0.7395 0.2254
vn -0.5022 0.7974 -0.3346
vn -0.7149 0.5151 -0.4729
vn -0.0351 0.9871 -0.1563
vn -0.4617 0.8229 0.3311
vn -0.5995 0.6191 -0.5073
vn -0.7656 0.5611 -0.3146
vn -0.5838 0.7286 0.3582
vn -0.4956 0.7723 -0.3974
vn -0.7955 0.3043 -0.5240
vn -0.4629 0.7317 0.5004
vn -0.2513 0.8780 -0.4075
vn -0.7290 0.2848 -0.6225
vn -0.6125 0.5647 0.5531
vn -0.2719 0.9056 -0.3254
vn -0.6478 0.4833 -0.5889
vn -0.3170 0.7273 0.6087
vn -0.0909 0.9039 -0.4179
vn -0.4108 0.5872 0.6974
vn -0.5693 0.4431 -0.6925
vn -0.3630 0.8088 0.4626
vn -0.0908 0.9438 -0.3178
vn -0.6183 0.2860 -0.7320
vn -0.2564 0.7918 0.5543
vn -0.0411 0.9111 -0.4102
vn -0.3928 0.2692 -0.8793
vn -0.1529 0.7005 0.6971
vn -0.0999 0.8165 -0.5686
vn -0.4069 0.1519 -0.9007
vn -0.1207 0.7804 0.6135
vn -0.0719 0.8122 -0.5789
vn -0.0312 0.9527 -0.3023
vn -0.3952 0.4012 -0.8264
vn -0.0000 0.7014 0.7128
vn -0.1790 0.8302 -0.5279
vn -0.1383 0.2141 -0.9670
vn -0.0000 0.7848 0.6197
vn -0.1110 0.1389 -0.9841
vn 0.1207 0.7804 0.6135
vn -0.4236 0.7361 -0.5279
vn -0.0171 0.1276 -0.9917
vn 0.1529 0.7005 0.6971
vn -0.1254 0.0750 -0.9893
vn 0.2564 0.7918 0.5543
vn -0.0000 0.5691 0.8223
vn -0.5491 0.5613 -0.6192
vn -0.0108 0.0753 -0.9971
vn -0.3392 0.5640 -0.7529
vn -0.0125 0.0117 -0.9999
vn -0.1776 0.5742 0.7992
vn -0.2251 0.7297 -0.6456
vn -0.0000 0.4768 0.8790
vn -0.1516 0.5717 -0.8063
vn 0.1776 0.5742 0.7992
vn -0.1647 0.3646 -0.9165
vn -0.1042 0.7194 -0.6868
vn -0.0870 0.7140 -0.6947
vn 0.3170 0.7273 0.6087
vn -0.0534 0.1852 -0.9812
vn -0.0811 0.3400 -0.9369
vn 0.3630 0.8088 0.4626
vn -0.1047 0.5560 -0.8246
vn 0.4629 0.7317 0.5004
vn 0.6125 0.5647 0.5531
vn 0.4617 0.8229 0.3311
vn 0.4108 0.5872 0.6974
vn 0.5838 0.7286 0.3582
vn 0.6762 0.4337 0.5955
vn 0.6343 0.7395 0.2254
vn 0.2082 0.4504 0.8682
vn 0.4764 0.4298 0.7670
vn 0.7201 0.5693 0.3967
vn 0.5208 0.8294 0.2021
vn 0.7706 0.5815 0.2607
vn 0.5128 0.2687 0.8154
vn 0.6552 0.7523 0.0694
vn 0.8475 0.4474 0.2855
vn 0.2830 0.2801 0.9173
vn 0.5088 0.8599 0.0409
vn 0.8895 0.4402 0.1223
vn 0.0878 0.4168 0.9047
vn 0.7160 0.2915 0.6344
vn 0.9568 0.2698 0.1086
vn 0.1078 0.3198 0.9413
vn 0.7814 0.4433 0.4392
vn 0.9083 0.2863 0.3050
vn -0.0000 0.1550 0.9879
vn 0.8430 0.2900 0.4531
vn -0.0000 0.3817 0.9243
vn 0.9532 0.1002 0.2853
vn -0.0358 0.1120 0.9931
vn -0.0878 0.4168 0.9047
vn 0.8797 0.1088 0.4629
vn -0.2308 -0.0534 0.9715
vn 0.7485 0.1060 0.6546
vn -0.1078 0.3198 0.9413
vn -0.2082 0.4504 0.8682
vn 0.5315 0.0913 0.8421
vn 0.9592 -0.0437 0.2793
vn 0.8841 -0.0439 0.4652
vn 0.3080 0.1068 0.9454
vn 0.7523 -0.0342 0.6579
vn 0.5304 -0.0347 0.8470
vn 0.7452 -0.0956 0.6599
vn -0.4764 0.4298 0.7670
vn 0.3249 -0.0170 0.9456
vn 0.5228 -0.0930 0.8474
vn -0.2830 0.2801 0.9173
vn -0.0354 -0.0089 0.9993
vn 0.8882 -0.0943 0.4498
vn -0.5128 0.2687 0.8154
vn 0.3411 -0.0818 0.9365
vn -0.6762 0.4337 0.5955
vn 0.0662 -0.0629 0.9958
vn 0.7358 -0.1154 0.6673
vn -0.2781 0.2825 0.9181
vn 0.5279 -0.0987 0.8435
vn -0.0000 0.1424 0.9898
vn 0.7317 -0.1159 0.6717
vn -0.7201 0.5693 0.3967
vn 0.3243 -0.1173 0.9387
vn 0.5301 -0.0979 0.8422
vn -0.7814 0.4433 0.4392
vn 0.0938 -0.1766 0.9798
vn 0.3046 -0.1101 0.9461
vn -0.8475 0.4474 0.2855
vn 0.0919 -0.1648 0.9820
vn -0.0000 -0.1220 0.9925
vn -0.7706 0.5815 0.2607
vn -0.0938 -0.1766 0.9798
vn 0.0870 -0.1533 0.9843
vn -0.9083 0.2863 0.3050
vn -0.0662 -0.0629 0.9958
vn -0.0000 -0.1208 0.9927
vn -0.8430 0.2900 0.4531
vn -0.0919 -0.1648 0.9820
vn 0.2781 0.2825 0.9181
vn -0.9568 0.2698 0.1086
vn -0.0000 0.7409 0.6716
vn 0.0354 -0.0089 0.9993
vn -0.0870 -0.1533 0.9843
vn -0.9532 0.1002 0.2853
vn 0.5815 -0.0066 0.8135
vn -0.3046 -0.1101 0.9461
vn -0.8797 0.1088 0.4629
vn -0.3411 -0.0818 0.9365
vn -0.3243 -0.1173 0.9387
vn -0.7485 0.1060 0.6546
vn -0.3249 -0.0170 0.9456
vn -0.5279 -0.0987 0.8435
vn -0.7160 0.2915 0.6344
vn 0.0358 0.1120 0.9931
vn -0.5301 -0.0979 0.8422
vn -0.5228 -0.0930 0.8474
vn -0.7317 -0.1159 0.6717
vn -0.5304 -0.0347 0.8470
vn -0.7110 -0.2873 0.6418
vn -0.3080 0.1068 0.9454
vn -0.8418 -0.3344 0.4237
vn -0.5315 0.0913 0.8421
vn -0.7358 -0.1154 0.6673
vn -0.8901 -0.0999 0.4448
vn -0.7523 -0.0342 0.6579
vn -0.8925 -0.3852 0.2348
vn -0.8841 -0.0439 0.4652
vn -0.4397 -0.8906 0.1161
vn 0.2308 -0.0534 0.9715
vn -0.4439 -0.8680 0.2228
vn 0.5788 0.0915 0.8103
vn -0.9592 -0.0437 0.2793
vn -0.9524 -0.1143 0.2825
vn -0.4124 -0.8330 0.3689
vn 0.4538 -0.4154 0.7883
vn -0.9964 -0.0465 0.0709
vn -0.4020 -0.7237 0.5609
vn 0.8233 0.0650 0.5638
vn -0.9937 0.0865 0.0712
vn -0.2156 -0.9057 -0.3649
vn 0.8235 -0.0041 0.5674
vn -0.4673 -0.7000 -0.5400
vn -0.9827 0.0776 -0.1684
vn -0.5019 -0.7836 -0.3661
vn 0.4606 0.6238 0.6314
vn -0.9613 0.2387 -0.1376
vn -0.7858 -0.1697 -0.5947
vn -0.8895 0.4402 0.1223
vn -0.9035 -0.1370 -0.4060
vn -0.8111 -0.0551 -0.5823
vn -0.0000 0.9508 0.3097
vn -0.9086 0.4068 -0.0952
vn -0.6673 -0.0849 -0.7399
vn -0.4606 0.6238 0.6314
vn -0.8046 0.5815 0.1200
vn -0.6288 -0.0889 -0.7725
vn -0.8042 0.5876 -0.0894
vn -0.4060 -0.4467 -0.7973
vn -0.4583 -0.1395 -0.8778
vn -0.5815 -0.0066 0.8135
vn -0.1665 -0.4521 -0.8763
vn -0.0835 -0.9215 -0.3794
vn -0.0309 -0.6745 -0.7376
vn -0.5788 0.0915 0.8103
vn -0.8643 0.3513 -0.3599
vn -0.0436 -0.4208 -0.9061
vn -0.8235 -0.0041 0.5674
vn -0.1749 -0.1313 -0.9758
vn -0.0673 -0.1464 -0.9869
vn -0.8233 0.0650 0.5638
vn -0.4538 -0.4154 0.7883
vn -0.1734 -0.0976 -0.9800
vn -0.4499 -0.0860 -0.8889
vn -0.0000 -0.4726 0.8813
vn -0.6885 -0.0375 -0.7243
vn -0.0677 -0.1029 -0.9924
vn -0.1511 -0.0037 -0.9885
vn -0.6905 0.0163 -0.7231
vn -0.8190 -0.0271 -0.5731
vn -0.8151 0.0042 -0.5793
vn -0.4425 0.0750 -0.8936
vn -0.8448 -0.0257 -0.5345
vn -0.7965 0.0633 -0.6013
vn -0.8238 0.0050 -0.5669
vn -0.8428 -0.0479 -0.5360
vn -0.6548 0.1469 -0.7414
vn -0.8145 0.0457 -0.5784
vn -0.6691 0.0764 -0.7392
vn -0.8846 -0.0111 -0.4662
vn -0.4568 0.0002 -0.8896
vn -0.9004 -0.0854 -0.4266
vn -0.8760 0.0588 -0.4787
vn -0.9444 -0.3092 -0.1121
vn -0.8905 0.1865 -0.4150
vn -0.5530 -0.8275 -0.0973
vn -0.8200 0.1548 -0.5510
vn -0.6131 -0.7408 -0.2744
vn -0.9862 -0.0355 -0.1616
vn -0.7601 0.1595 -0.6299
vn -0.9863 -0.0991 -0.1316
vn -0.9052 -0.0567 -0.4211
vn -0.9889 -0.1186 0.0895
vn -0.9847 -0.1488 0.0910
vn -0.9006 -0.0855 -0.4262
vn -0.9815 -0.1390 -0.1317
vn -0.9850 -0.1487 0.0872
vn -0.9526 -0.1307 0.2746
vn -0.9814 -0.1390 -0.1321
vn -0.8882 -0.0943 0.4498
vn -0.9566 -0.1303 0.2606
vn -0.8904 -0.1003 0.4439
vn -0.9203 -0.3833 0.0785
vn -0.4597 -0.8872 0.0398
vn -0.7452 -0.0956 0.6599
vn -0.0000 -0.1155 0.9933
vn -0.0000 -0.4174 0.9087
vn -0.2387 -0.3371 0.9107
vn 0.2387 -0.3371 0.9107
vn -0.0000 -0.9038 0.4279
vn -0.2133 -0.8140 0.5403
vn 0.2133 -0.8140 0.5403
vn -0.5020 -0.1695 0.8481
vn 0.5020 -0.1695 0.8481
vn 0.0116 -0.9609 -0.2767
vn 0.4020 -0.7237 0.5609
vn 0.7110 -0.2873 0.6418
vn 0.0835 -0.9215 -0.3794
vn 0.1665 -0.4521 -0.8763
vn 0.4124 -0.8330 0.3689
vn 0.8418 -0.3344 0.4237
vn 0.4060 -0.4467 -0.7973
vn 0.0436 -0.4208 -0.9061
vn 0.2156 -0.9057 -0.3649
vn 0.4439 -0.8680 0.2228
vn 0.1749 -0.1313 -0.9758
vn 0.4673 -0.7000 -0.5400
vn 0.6288 -0.0889 -0.7725
vn 0.4583 -0.1395 -0.8778
vn 0.0673 -0.1464 -0.9869
vn 0.4397 -0.8906 0.1161
vn 0.6673 -0.0849 -0.7399
vn 0.1734 -0.0976 -0.9800
vn 0.8925 -0.3852 0.2348
vn 0.4499 -0.0860 -0.8889
vn 0.7858 -0.1697 -0.5947
vn 0.4597 -0.8872 0.0398
vn 0.4568 0.0002 -0.8896
vn 0.8111 -0.0551 -0.5823
vn 0.9203 -0.3833 0.0785
vn 0.1511 -0.0037 -0.9885
vn 0.9035 -0.1370 -0.4060
vn 0.9444 -0.3092 -0.1121
vn 0.0677 -0.1029 -0.9924
vn 0.8428 -0.0479 -0.5360
vn 0.5530 -0.8275 -0.0973
vn 0.9004 -0.0854 -0.4266
vn 0.6131 -0.7408 -0.2744
vn 0.8190 -0.0271 -0.5731
vn 0.9006 -0.0855 -0.4262
vn 0.9814 -0.1390 -0.1321
vn 0.5019 -0.7836 -0.3661
vn 0.9850 -0.1487 0.0872
vn 0.9815 -0.1390 -0.1317
vn 0.8448 -0.0257 -0.5345
vn 0.9847 -0.1488 0.0910
vn 0.9052 -0.0567 -0.4211
vn 0.9566 -0.1303 0.2606
vn 0.9526 -0.1307 0.2746
vn 0.8238 0.0050 -0.5669
vn 0.9863 -0.0991 -0.1316
vn 0.8846 -0.0111 -0.4662
vn 0.8151 0.0042 -0.5793
vn 0.8904 -0.1003 0.4439
vn 0.7965 0.0633 -0.6013
vn 0.9524 -0.1143 0.2825
vn 0.8145 0.0457 -0.5784
vn 0.9862 -0.0355 -0.1616
vn 0.9889 -0.1186 0.0895
vn 0.8200 0.1548 -0.5510
vn 0.9964 -0.0465 0.0709
vn 0.7601 0.1595 -0.6299
vn 0.9937 0.0865 0.0712
vn 0.6691 0.0764 -0.7392
vn 0.9827 0.0776 -0.1684
vn 0.6905 0.0163 -0.7231
vn 0.7955 0.3043 -0.5240
vn 0.8643 0.3513 -0.3599
vn 0.9613 0.2387 -0.1376
vn 0.7656 0.5611 -0.3146
vn 0.7308 0.4964 -0.4685
vn 0.9086 0.4068 -0.0952
vn 0.8760 0.0588 -0.4787
vn 0.6230 0.7134 -0.3209
vn 0.8046 0.5815 0.1200
vn 0.6023 0.6637 -0.4436
vn 0.8042 0.5876 -0.0894
vn 0.8905 0.1865 -0.4150
vn 0.7290 0.2848 -0.6225
vn 0.6449 0.7552 -0.1174
vn 0.6548 0.1469 -0.7414
vn 0.6183 0.2860 -0.7320
vn 0.6478 0.4833 -0.5889
vn 0.4838 0.8698 -0.0966
vn 0.4069 0.1519 -0.9007
vn 0.2782 0.9604 0.0146
vn 0.3928 0.2692 -0.8793
vn 0.6207 0.6108 -0.4916
vn 0.2793 0.9583 -0.0597
vn 0.5693 0.4431 -0.6925
vn 0.4425 0.0750 -0.8936
vn 0.1113 0.9932 0.0343
vn 0.1110 0.1389 -0.9841
vn 0.5995 0.6191 -0.5073
vn 0.1050 0.9928 -0.0581
vn 0.3952 0.4012 -0.8264
vn 0.5022 0.7974 -0.3346
vn 0.2743 0.9513 -0.1409
vn 0.5491 0.5613 -0.6192
vn 0.4996 0.8330 -0.2377
vn 0.3392 0.5640 -0.7529
vn 0.2719 0.9056 -0.3254
vn 0.0951 0.9839 -0.1513
vn 0.4236 0.7361 -0.5279
vn 0.0351 0.9871 -0.1563
vn 0.4956 0.7723 -0.3974
vn 0.0417 0.9969 -0.0661
vn 0.2513 0.8780 -0.4075
vn 0.0507 0.9982 0.0327
vn 0.0909 0.9039 -0.4179
vn 0.1790 0.8302 -0.5279
vn 0.0908 0.9438 -0.3178
vn 0.2251 0.7297 -0.6456
vn 0.0999 0.8165 -0.5686
vn 0.0411 0.9111 -0.4102
vn 0.0312 0.9527 -0.3023
vn 0.0719 0.8122 -0.5789
vn 0.1516 0.5717 -0.8063
vn 0.1042 0.7194 -0.6868
vn 0.1647 0.3646 -0.9165
vn 0.0870 0.7140 -0.6947
vn 0.1047 0.5560 -0.8246
vn 0.1383 0.2141 -0.9670
vn 0.0811 0.3400 -0.9369
vn 0.0534 0.1852 -0.9812
vn 0.0171 0.1276 -0.9917
vn 0.0108 0.0753 -0.9971
vn 0.1254 0.0750 -0.9893
vn 0.0125 0.0117 -0.9999
vn 0.6885 -0.0375 -0.7243
vn -0.0417 0.9969 -0.0661
vn -0.0000 -0.7873 0.6166
vn 0.8901 -0.0999 0.4448
vn 0.5753 -0.5749 0.5818
vn 0.7053 0.0134 0.7088
vn -0.0000 -0.6957 0.7183
vn -0.0000 -1.0000 0.0009
vn -0.0000 0.0193 0.9998
vn -0.0105 -0.9999 0.0011
vn -0.7053 0.0134 0.7088
vn -0.0000 0.0161 0.9999
vn 1.0000 0.0001 -0.0000
vn -0.5753 -0.5749 0.5818
vn 0.7030 0.0116 0.7111
vn 0.0105 -0.9999 0.0011
vn -0.7030 0.0116 0.7111
vn -1.0000 0.0001 -0.0000
vn -0.0000 0.7152 0.6989
vn 1.0000 -0.0000 -0.0000
vn 0.5778 0.5828 0.5714
vn 1.0000 -0.0001 -0.0000
vn -0.5778 0.5828 0.5714
vn -1.0000 -0.0000 -0.0000
vn -0.0000 1.0000 -0.0000
vn -1.0000 -0.0001 -0.0000
vn 0.9192 -0.3937 -0.0060
vn 0.9999 -0.0121 -0.0062
vn 0.9125 -0.3843 0.1403
vn 0.9126 -0.3932 -0.1121
vn 0.9902 -0.0093 0.1396
vn 0.7366 -0.6753 -0.0361
vn 0.9961 -0.0163 -0.0872
vn 0.9298 0.3665 -0.0333
vn 0.7207 -0.6831 -0.1186
vn 0.8779 -0.3574 0.3187
vn 0.9195 0.3762 -0.1140
vn 0.9243 0.3619 0.1212
vn 0.9524 -0.0174 0.3045
vn 0.8869 -0.3683 0.2790
vn 0.7558 0.6492 -0.0852
vn 0.9421 0.0375 0.3333
vn 0.7118 0.6860 -0.1512
vn 0.7642 0.6387 0.0898
vn 0.8920 0.3476 0.2890
vn 0.8374 -0.3527 0.4175
vn 0.4182 0.8770 -0.2367
vn 0.5958 -0.6901 0.4108
vn 0.9066 0.0387 0.4202
vn 0.7153 0.6170 0.3281
vn 0.2930 0.8644 -0.4087
vn 0.7741 0.5109 0.3738
vn 0.7695 0.2720 0.5778
vn 0.4519 0.8795 -0.1491
vn 0.8397 0.4872 0.2401
vn 0.8157 -0.0435 0.5768
vn 0.0260 0.9611 -0.2750
vn 0.5726 0.7612 -0.3046
vn 0.8154 -0.1714 0.5529
vn 0.0133 0.8987 -0.4384
vn -0.3334 0.8323 -0.4428
vn 0.8508 0.4607 -0.2529
vn -0.3557 0.8887 -0.2894
vn 0.5894 0.3486 -0.7287
vn 0.0108 0.9810 -0.1937
vn -0.6262 0.6408 -0.4441
vn 0.3693 0.5727 -0.7319
vn -0.6671 0.6835 -0.2963
vn -0.4710 0.4815 -0.7392
vn 0.6759 0.0110 -0.7369
vn -0.7420 0.5077 -0.4377
vn 0.9725 0.0074 -0.2328
vn 0.1940 0.6405 -0.7430
vn -0.3671 0.9034 -0.2215
vn 0.8946 -0.3810 -0.2335
vn 0.0074 0.6735 -0.7391
vn -0.6786 0.6942 -0.2398
vn -0.3780 0.9258 0.0077
vn -0.7889 0.5398 -0.2937
vn 0.6187 -0.2643 -0.7398
vn -0.2509 0.6251 -0.7391
vn -0.8008 0.5479 -0.2419
vn 0.4862 0.0103 -0.8738
vn -0.7002 0.7139 -0.0081
vn 0.4480 -0.1914 -0.8733
vn -0.3520 0.8613 0.3665
vn -0.3407 0.3483 -0.8733
vn 0.0118 0.9277 0.3730
vn -0.8252 0.5647 -0.0133
vn -0.4080 0.2792 -0.8692
vn 0.0143 0.9994 0.0311
vn -0.6527 0.6656 0.3619
vn -0.5618 0.3844 -0.7326
vn 0.0079 0.7207 0.6932
vn 0.4125 0.8306 0.3741
vn 0.4543 0.8887 0.0619
vn 0.1542 0.7070 0.6902
vn -0.2703 0.6649 0.6963
vn 0.0005 0.4433 0.8964
vn 0.0944 0.4852 0.8693
vn -0.1507 0.3841 0.9109
vn -0.5024 0.5138 0.6954
vn 0.0355 0.3330 0.9423
vn -0.7718 0.5281 0.3542
vn -0.0512 0.2426 0.9688
vn 0.4614 0.6268 0.6279
vn -0.2800 0.2915 0.9147
vn 0.5764 0.5416 0.6120
vn -0.1185 0.1658 0.9790
vn -0.5988 0.4097 0.6882
vn 0.2882 0.4350 0.8530
vn -0.3372 0.2335 0.9120
vn -0.1479 0.1277 0.9807
vn 0.3517 0.3255 0.8777
vn 0.2077 0.2550 0.9444
vn 0.4487 0.1589 0.8794
vn 0.2064 0.1089 0.9724
vn 0.1936 -0.0012 0.9811
vn 0.4870 -0.0076 0.8734
vn 0.4864 -0.1025 0.8677
vn 0.1847 -0.0415 0.9819
vn 0.4162 0.2670 -0.8692
vn 0.2548 0.4264 -0.8679
vn 0.1361 0.4707 -0.8717
vn 0.0054 0.4872 -0.8733
vn -0.1815 0.4521 -0.8733
vn 0.7403 -0.6604 0.1257
vn 0.4327 -0.8970 -0.0904
vn 0.6962 -0.6343 0.3362
vn 0.3958 -0.9004 -0.1808
vn 0.4369 -0.8922 0.1143
vn 0.5774 -0.5345 0.6172
vn -0.0096 -0.9914 -0.1304
vn 0.3971 -0.8348 0.3814
vn 0.6098 -0.7214 0.3284
vn -0.0208 -0.9754 -0.2194
vn 0.2229 -0.9554 0.1936
vn -0.0083 -0.9961 0.0877
vn -0.3915 -0.9058 -0.1623
vn -0.3821 -0.8866 -0.2606
vn 0.1728 -0.9268 0.3334
vn -0.3992 -0.9149 0.0595
vn -0.1589 -0.9247 -0.3460
vn -0.6852 -0.6744 -0.2752
vn -0.0102 -0.9212 0.3889
vn 0.2586 -0.9216 -0.2895
vn -0.6411 -0.6284 -0.4405
vn -0.3696 -0.8472 0.3816
vn 0.1554 -0.6660 -0.7296
vn -0.6999 -0.6872 -0.1948
vn -0.0064 -0.7201 0.6938
vn 0.4594 -0.4959 -0.7369
vn -0.8879 -0.3591 -0.2876
vn 0.3000 -0.6814 0.6676
vn -0.1585 -0.6627 -0.7319
vn -0.7170 -0.6964 0.0311
vn -0.1538 -0.7082 0.6891
vn 0.3287 -0.3584 -0.8738
vn -0.9040 -0.3652 -0.2222
vn 0.0948 -0.4853 -0.8692
vn -0.9290 -0.3701 0.0075
vn -0.0946 -0.4760 0.8743
vn -0.4244 -0.7998 -0.4245
vn -0.9707 0.0095 -0.2401
vn 0.0133 -0.4423 0.8968
vn -0.3287 -0.5830 -0.7430
vn -0.9551 0.0092 -0.2960
vn -0.4815 -0.4710 -0.7392
vn -0.9999 0.0124 -0.0081
vn 0.1758 -0.3991 0.8999
vn -0.9495 0.1998 -0.2419
vn -0.9354 0.1968 -0.2937
vn -0.9785 0.2059 -0.0133
vn 0.3290 -0.3111 0.8916
vn 0.6825 -0.4073 0.6068
vn 0.1300 -0.1482 0.9804
vn -0.9322 0.0115 0.3619
vn 0.1558 -0.1108 0.9816
vn -0.8643 -0.3445 0.3665
vn 0.3875 -0.2649 0.8830
vn -0.9151 0.1925 0.3542
vn 0.0578 -0.2357 0.9701
vn -0.7188 0.0079 0.6952
vn -0.6652 -0.6467 0.3733
vn -0.6667 -0.2678 0.6955
vn -0.0352 -0.3315 0.9428
vn -0.5118 -0.5021 0.6971
vn -0.7100 0.1494 0.6882
vn -0.3806 -0.1568 0.9113
vn -0.4043 0.0047 0.9146
vn -0.4025 -0.5959 0.6949
vn -0.3992 0.0840 0.9130
vn -0.3018 -0.3075 0.9024
vn -0.1926 0.0191 0.9811
vn -0.1968 -0.0280 0.9800
vn -0.2470 -0.4011 0.8821
vn -0.1986 -0.1334 0.9710
vn -0.1939 -0.2607 0.9458
vn -0.8959 0.0095 -0.4441
vn -0.8798 0.1851 -0.4377
vn -0.8319 -0.3347 -0.4427
vn -0.6735 0.0074 -0.7391
vn -0.6661 0.1401 -0.7326
vn -0.4838 0.1018 -0.8692
vn -0.6251 -0.2509 -0.7391
vn -0.4872 0.0054 -0.8733
vn -0.4521 -0.1815 -0.8733
vn -0.3483 -0.3407 -0.8733
vn -0.2460 -0.4237 -0.8717
vn -0.1319 -0.4789 -0.8679
vn 0.6690 -0.7026 -0.2426
vn -0.3545 0.2245 0.9077
vn -0.4431 -0.1130 0.8893
vn -0.1624 0.2671 0.9499
vn -0.5777 -0.1331 0.8053
vn -0.2065 -0.1020 0.9731
vn -0.4942 0.1808 0.8503
vn -0.0260 0.2541 0.9668
vn -0.4354 -0.4665 0.7699
vn -0.0858 0.5878 0.8044
vn -0.6745 -0.1271 0.7272
vn -0.0325 -0.1186 0.9924
vn 0.1696 0.5800 0.7967
vn -0.6198 0.1753 0.7650
vn -0.1962 -0.4789 0.8556
vn -0.7429 -0.0836 0.6642
vn -0.0398 -0.4788 0.8770
vn 0.1306 0.7603 0.6364
vn -0.6577 -0.3857 0.6470
vn -0.0440 -0.7786 0.6259
vn 0.4034 0.5958 0.6945
vn -0.6993 0.1965 0.6873
vn -0.1821 -0.7890 0.5868
vn -0.0258 0.7529 0.6576
vn -0.4943 0.4532 0.7418
vn -0.3549 -0.7725 0.5266
vn -0.2317 0.5410 0.8085
vn -0.3658 0.4819 0.7962
vn -0.5678 -0.4186 0.7088
vn 0.1258 0.7794 0.6138
vn -0.5774 0.4489 0.6820
vn 0.2814 0.7578 0.5888
vn -0.7532 0.2164 0.6212
vn -0.4689 -0.7129 0.5215
vn -0.6448 0.4395 0.6253
vn -0.2694 -0.9020 0.3375
vn 0.3485 0.7646 0.5422
vn -0.7778 0.2386 0.5815
vn -0.1516 -0.9173 0.3681
vn -0.6740 0.4393 0.5939
vn -0.1652 -0.9152 0.3675
vn -0.7766 0.2366 0.5838
vn -0.0623 -0.9143 0.4003
vn -0.6790 0.4262 0.5978
vn -0.0545 -0.9168 0.3956
vn -0.2650 -0.9035 0.3367
vn -0.5590 0.5904 0.5822
vn -0.8227 0.0251 0.5679
vn -0.4920 0.6271 0.6039
vn -0.8265 0.0359 0.5618
vn -0.4801 0.6607 0.5770
vn -0.7954 -0.3958 0.4591
vn -0.5608 0.5825 0.5884
vn -0.4077 0.6569 0.6343
vn -0.7956 -0.0301 0.6051
vn -0.4234 0.6896 0.5875
vn -0.7709 -0.3792 0.5118
vn -0.3894 0.6993 0.5995
vn -0.5643 -0.7974 0.2138
vn -0.5634 -0.8013 0.2009
vn -0.3269 0.6727 0.6637
vn -0.7221 -0.3723 0.5831
vn -0.5939 -0.7485 0.2950
vn -0.4347 -0.8961 0.0898
vn -0.3491 0.7071 0.6149
vn -0.5955 -0.7018 0.3911
vn -0.4190 -0.9052 0.0710
vn -0.2225 0.6942 0.6845
vn -0.4635 -0.8735 0.1491
vn -0.4186 -0.9059 0.0649
vn -0.2625 0.7271 0.6344
vn -0.5560 -0.6834 0.4731
vn -0.1282 0.7235 0.6783
vn -0.4186 -0.9058 0.0649
vn -0.4348 -0.8965 0.0845
vn -0.4326 -0.8517 0.2959
vn -0.1054 0.7584 0.6432
vn -0.4653 -0.8732 0.1446
vn -0.3533 -0.8706 0.3423
vn -0.4686 -0.8550 0.2223
vn -0.4696 -0.8547 0.2213
vn -0.4374 -0.8499 0.2939
vn -0.3499 -0.8710 0.3448
vn -0.8050 -0.3780 0.4572
vn -0.0260 -0.9821 -0.1867
vn -0.0261 -0.9821 -0.1867
vn 0.7015 0.2416 0.6704
vn 0.5447 0.2785 0.7910
vn 0.7842 -0.0932 0.6135
vn 0.8704 -0.1096 0.4799
vn 0.6059 -0.0889 0.7906
vn 0.8046 0.2020 0.5585
vn 0.7370 -0.4475 0.5064
vn 0.4291 0.2614 0.8646
vn 0.9243 -0.1012 0.3679
vn 0.5580 -0.4667 0.6862
vn 0.8817 0.1996 0.4276
vn 0.5384 0.5534 0.6355
vn 0.4399 -0.7788 0.4471
vn 0.9578 -0.0560 0.2820
vn 0.3314 -0.7726 0.5416
vn 0.9196 0.2227 0.3235
vn 0.6561 0.4986 0.5665
vn 0.4258 -0.4712 0.7725
vn 0.9784 -0.0014 0.2065
vn 0.4575 -0.1106 0.8823
vn 0.9394 0.2438 0.2408
vn 0.7499 0.4733 0.4623
vn 0.9854 0.0543 0.1616
vn 0.9440 0.2664 0.1946
vn 0.7995 0.4711 0.3726
vn 0.9132 -0.3457 0.2157
vn 0.9440 0.2645 0.1972
vn 0.8828 -0.3608 0.3008
vn 0.8365 0.4634 0.2924
vn 0.9858 0.0652 0.1546
vn 0.8494 0.4640 0.2516
vn 0.5592 0.6867 0.4644
vn 0.7269 -0.6803 0.0940
vn 0.8560 0.4510 0.2529
vn 0.6157 0.6768 0.4035
vn 0.6858 -0.7278 0.0074
vn 0.6775 0.6520 0.3404
vn 0.6119 0.7033 0.3618
vn 0.7256 -0.6627 0.1851
vn 0.7254 0.6224 0.2940
vn 0.6686 -0.6945 0.2659
vn 0.6511 0.6895 0.3173
vn 0.6177 0.7067 0.3449
vn 0.8290 -0.3960 0.3949
vn 0.7302 0.6144 0.2988
vn 0.5697 -0.7575 0.3189
vn 0.4936 -0.8564 0.1516
vn 0.5747 0.7129 0.4018
vn 0.4152 -0.8907 0.1849
vn 0.4731 0.7048 0.5286
vn 0.3227 -0.9097 0.2615
vn 0.4899 0.7367 0.4661
vn 0.2468 -0.9119 0.3279
vn 0.3347 -0.9071 0.2553
vn 0.3841 0.7312 0.5637
vn 0.2556 -0.9092 0.3287
vn 0.4082 -0.8938 0.1855
vn 0.4907 -0.8579 0.1525
vn 0.5436 -0.8358 0.0765
vn 0.5471 -0.8339 0.0727
vn 0.5448 -0.8386 -0.0054
vn 0.5453 -0.8382 -0.0067
vn 0.5096 -0.8576 -0.0695
vn 0.5093 -0.8574 -0.0743
vn 0.4566 -0.8821 -0.1158
vn 0.4587 -0.8816 -0.1110
vn 0.6258 -0.7781 -0.0536
vn 0.4340 -0.8920 -0.1266
vn 0.9270 -0.3518 0.1303
vn 0.4369 -0.8913 -0.1213
vn 0.6196 -0.7822 -0.0649
vn 0.9270 -0.3680 0.0720
vn 0.9344 -0.3499 0.0663
vn -0.3586 -0.2036 0.9110
vn -0.2282 -0.0906 0.9694
vn -0.0000 0.2602 0.9655
vn -0.4995 -0.2404 0.8323
vn -0.0000 0.0282 0.9996
vn -0.5313 -0.3919 0.7511
vn 0.2282 -0.0905 0.9694
vn -0.0000 -0.2088 0.9780
vn -0.7366 -0.1295 0.6638
vn 0.3586 -0.2035 0.9110
vn -0.2658 -0.2109 0.9407
vn -0.5189 -0.1640 0.8389
vn -0.7471 -0.0889 0.6587
vn 0.4995 -0.2404 0.8323
vn -0.7987 0.4378 0.4129
vn 0.5189 -0.1640 0.8389
vn -0.5078 -0.1634 0.8458
vn 0.5313 -0.3919 0.7511
vn -0.8775 0.1396 0.4588
vn -0.7078 -0.1746 0.6845
vn -0.2580 -0.2117 0.9427
vn 0.7366 -0.1295 0.6638
vn -0.8386 0.4968 0.2234
vn -0.4943 -0.1809 0.8502
vn 0.7130 -0.1750 0.6790
vn -0.9535 0.1795 0.2421
vn -0.2535 -0.2155 0.9430
vn 0.7078 -0.1746 0.6845
vn -0.8708 -0.1772 0.4587
vn -0.0000 -0.2119 0.9773
vn 0.5078 -0.1634 0.8458
vn -0.9732 0.2133 0.0856
vn -0.0000 -0.2090 0.9779
vn 0.6993 -0.1879 0.6897
vn 0.2658 -0.2109 0.9407
vn -0.9954 0.0547 0.0789
vn -0.2289 -0.2310 0.9456
vn -0.9588 -0.1458 0.2437
vn -0.4685 -0.2153 0.8568
vn -0.9869 0.1027 -0.1246
vn -0.0000 -0.2266 0.9740
vn -0.9922 -0.0233 -0.1229
vn -0.2165 -0.2489 0.9440
vn 0.2580 -0.2117 0.9427
vn -0.9918 -0.1003 0.0797
vn -0.0000 -0.2476 0.9689
vn 0.2535 -0.2155 0.9430
vn -0.2100 -0.2716 0.9392
vn 0.4943 -0.1809 0.8502
vn -0.9790 -0.1535 -0.1345
vn -0.4374 -0.2674 0.8586
vn 0.4685 -0.2153 0.8568
vn -0.9921 -0.1004 0.0752
vn -0.0000 -0.2753 0.9614
vn 0.2289 -0.2310 0.9456
vn -0.9569 -0.1457 0.2512
vn -0.0000 -0.2983 0.9545
vn -0.9529 -0.1638 0.2553
vn 0.2100 -0.2716 0.9392
vn -0.8635 -0.1880 0.4681
vn -0.2078 -0.2966 0.9321
vn 0.2165 -0.2489 0.9440
vn -0.9886 -0.1353 0.0664
vn -0.2097 -0.3211 0.9235
vn 0.4463 -0.2375 0.8628
vn -0.9772 -0.1517 -0.1488
vn -0.4350 -0.3241 0.8401
vn 0.4374 -0.2674 0.8586
vn -0.9663 -0.1954 -0.1674
vn -0.4336 -0.3006 0.8495
vn 0.4336 -0.3006 0.8495
vn -0.9705 -0.2147 -0.1094
vn -0.6595 -0.3181 0.6811
vn 0.2078 -0.2966 0.9321
vn -0.8988 -0.1774 -0.4008
vn -0.6594 -0.3001 0.6893
vn 0.4350 -0.3241 0.8401
vn -0.8968 -0.1843 -0.4021
vn -0.8255 -0.3041 0.4755
vn 0.2097 -0.3211 0.9235
vn -0.7667 -0.1820 -0.6157
vn -0.8280 -0.3138 0.4646
vn -0.9293 -0.2355 -0.2845
vn -0.9217 -0.2954 0.2515
vn -0.0000 -0.3208 0.9472
vn -0.8664 -0.2336 -0.4413
vn -0.9210 -0.2828 0.2680
vn -0.7574 -0.1774 -0.6284
vn -0.9586 -0.2803 0.0501
vn -0.2128 -0.3417 0.9154
vn -0.9201 -0.3200 0.2260
vn -0.4383 -0.3445 0.8302
vn -0.7274 -0.1909 -0.6591
vn -0.8284 -0.3381 0.4466
vn -0.0000 -0.3400 0.9404
vn -0.6616 -0.3342 0.6712
vn -0.9118 -0.3635 0.1908
vn 0.2128 -0.3417 0.9154
vn -0.8253 -0.3825 0.4153
vn -0.2194 -0.3605 0.9066
vn -0.6634 -0.3579 0.6571
vn 0.4383 -0.3445 0.8302
vn -0.4446 -0.3673 0.8169
vn -0.8898 -0.4296 0.1539
vn 0.4446 -0.3673 0.8169
vn -0.9125 -0.4052 -0.0567
vn -0.8053 -0.4599 0.3742
vn -0.4599 -0.4009 0.7923
vn -0.6646 -0.4005 0.6308
vn 0.6616 -0.3342 0.6712
vn -0.6715 -0.4676 0.5748
vn 0.6634 -0.3579 0.6571
vn 0.6595 -0.3181 0.6811
vn -0.7347 -0.6123 0.2921
vn 0.6646 -0.4005 0.6308
vn -0.8045 -0.5852 0.1013
vn 0.4599 -0.4009 0.7923
vn 0.8280 -0.3138 0.4646
vn 0.2194 -0.3605 0.9066
vn 0.8284 -0.3381 0.4466
vn -0.6324 -0.7745 -0.0169
vn 0.2275 -0.3974 0.8890
vn 0.8253 -0.3825 0.4153
vn -0.5776 -0.8031 0.1464
vn 0.2293 -0.4691 0.8528
vn 0.8053 -0.4599 0.3742
vn -0.6305 -0.6527 0.4201
vn -0.0000 -0.4818 0.8763
vn 0.6715 -0.4676 0.5748
vn -0.4851 -0.8405 0.2414
vn -0.0000 -0.4006 0.9163
vn 0.4831 -0.4611 0.7443
vn -0.5155 -0.8527 -0.0843
vn -0.2275 -0.3974 0.8890
vn 0.2341 -0.6456 0.7269
vn -0.5188 -0.8269 -0.2170
vn -0.0000 -0.6589 0.7522
vn -0.6465 -0.7416 -0.1789
vn -0.2293 -0.4691 0.8528
vn -0.4973 -0.8173 -0.2910
vn -0.0000 -0.3587 0.9334
vn -0.6201 -0.7317 -0.2828
vn -0.4831 -0.4611 0.7443
vn -0.8310 -0.5469 -0.1020
vn -0.2341 -0.6456 0.7269
vn -0.8073 -0.5339 -0.2514
vn -0.1979 -0.8644 0.4623
vn -0.4874 -0.6732 0.5561
vn -0.8973 -0.3825 -0.2204
vn -0.9392 -0.3429 -0.0158
vn -0.7823 -0.4877 -0.3874
vn -0.3893 -0.8657 0.3148
vn -0.9279 -0.3147 -0.1999
vn -0.6003 -0.6987 -0.3893
vn -0.8592 -0.3177 -0.4010
vn -0.5094 -0.6390 -0.5764
vn -0.1658 -0.9421 0.2915
vn -0.6753 -0.4039 -0.6171
vn -0.3910 -0.7561 -0.5248
vn -0.0000 -0.8805 0.4741
vn -0.7230 -0.2287 -0.6519
vn -0.4510 -0.2679 -0.8514
vn -0.4801 -0.7939 -0.3732
vn -0.8785 -0.2684 -0.3952
vn -0.3426 -0.5561 -0.7572
vn -0.4544 -0.1283 -0.8815
vn -0.2325 -0.7180 -0.6561
vn -0.1728 0.0013 -0.9850
vn -0.7451 -0.2077 -0.6338
vn -0.1423 -0.5391 -0.8301
vn -0.1954 -0.1787 -0.9643
vn -0.1005 -0.6846 -0.7220
vn -0.4917 -0.1464 -0.8584
vn -0.0635 0.0773 -0.9950
vn -0.8964 -0.2470 -0.3680
vn -0.0572 -0.5363 -0.8421
vn -0.0979 -0.1373 -0.9857
vn -0.9451 -0.2789 -0.1705
vn -0.0927 -0.1374 -0.9862
vn -0.0368 -0.6834 -0.7291
vn -0.7780 -0.2177 -0.5894
vn -0.2725 -0.2193 -0.9368
vn -0.9534 -0.3010 0.0191
vn -0.6122 -0.1793 -0.7701
vn -0.2033 -0.2724 -0.9405
vn -0.9107 -0.2471 -0.3310
vn -0.1062 -0.2243 -0.9687
vn -0.9533 -0.2693 -0.1366
vn -0.1159 -0.0639 -0.9912
vn -0.0258 0.0461 -0.9986
vn -0.9587 -0.2730 0.0799
vn -0.3401 -0.0554 -0.9388
vn -0.9558 -0.2770 -0.0982
vn -0.4074 -0.1982 -0.8915
vn -0.9207 -0.2631 -0.2882
vn -0.3002 0.2047 -0.9316
vn -0.8574 -0.2405 -0.4551
vn -0.9596 -0.2610 0.1052
vn -0.4606 0.0856 -0.8834
vn -0.9639 -0.2606 -0.0538
vn -0.2508 0.4416 -0.8615
vn -0.7714 -0.2001 -0.6040
vn -0.9229 -0.2698 0.2748
vn -0.8718 -0.2645 -0.4122
vn -0.4192 0.3148 -0.8516
vn -0.9644 -0.2425 0.1052
vn -0.8115 -0.1744 -0.5577
vn -0.6590 -0.1194 -0.7426
vn -0.9442 -0.2548 -0.2086
vn -0.6775 0.0175 -0.7353
vn -0.9712 -0.2272 -0.0721
vn -0.6646 -0.0883 -0.7419
vn -0.3036 0.1744 -0.9367
vn -0.9105 -0.2725 -0.3111
vn -0.8541 -0.2405 -0.4611
vn -0.1368 0.5184 -0.8441
vn -0.2892 -0.6940 -0.6593
vn -0.9679 -0.2308 0.0991
vn -0.9666 -0.2401 -0.0897
vn -0.2408 -0.2612 -0.9347
vn -0.9444 -0.2155 -0.2484
vn -0.6114 -0.5687 -0.5502
vn -0.8715 -0.2761 -0.4053
vn -0.1727 -0.9302 0.3239
vn -0.1017 -0.8358 0.5395
vn -0.5576 -0.8300 -0.0118
vn -0.9768 -0.1966 0.0846
vn -0.9217 -0.2590 -0.2886
vn -0.8484 -0.4246 -0.3161
vn -0.9413 -0.2019 0.2705
vn -0.5743 -0.7952 0.1945
vn -0.9344 -0.2273 0.2743
vn -0.8003 -0.5294 -0.2816
vn -0.8472 -0.3300 -0.4164
vn -0.1879 -0.7155 0.6728
vn -0.9280 -0.2523 0.2741
vn -0.7400 -0.2785 -0.6122
vn -0.8432 -0.2300 0.4859
vn -0.1654 -0.6378 0.7522
vn -0.8531 -0.2072 0.4788
vn -0.8352 -0.2654 0.4816
vn -0.7278 -0.5990 0.3338
vn -0.6693 -0.2362 0.7045
vn -0.8451 -0.5053 -0.1747
vn -0.7468 -0.2391 -0.6206
vn -0.5916 -0.5985 0.5402
vn -0.6831 -0.2128 0.6986
vn -0.6173 -0.2317 -0.7518
vn -0.7631 -0.4686 -0.4450
vn -0.6166 -0.2675 -0.7404
vn -0.7256 -0.6881 0.0072
vn -0.7792 -0.3784 -0.4997
vn -0.6251 -0.7372 0.2564
vn -0.6993 -0.1879 0.6897
vn -0.6642 -0.3079 -0.6812
vn -0.5863 -0.7388 -0.3324
vn -0.5607 -0.5007 -0.6595
vn -0.4298 -0.2734 -0.8605
vn -0.4714 -0.3108 -0.8253
vn -0.4399 -0.2444 -0.8642
vn -0.1864 -0.3077 -0.9330
vn -0.1853 -0.2733 -0.9439
vn -0.8678 -0.1772 0.4642
vn -0.1841 -0.3437 -0.9209
vn -0.7130 -0.1750 0.6790
vn -0.0786 -0.2977 -0.9514
vn -0.0980 -0.3255 -0.9405
vn -0.0684 -0.2703 -0.9603
vn -0.2505 -0.5824 -0.7733
vn -0.1599 -0.6183 -0.7695
vn -0.3161 -0.8751 -0.3665
vn -0.2018 -0.9177 -0.3422
vn -0.5043 -0.8361 -0.2158
vn -0.3083 -0.9416 -0.1352
vn -0.2031 -0.9714 -0.1231
vn -0.4290 0.0109 -0.9032
vn -0.6251 -0.0770 -0.7768
vn -0.4628 0.1228 -0.8779
vn -0.2342 -0.0035 -0.9722
vn -0.6488 0.0176 -0.7608
vn -0.1776 -0.0631 -0.9821
vn -0.7911 0.0660 -0.6081
vn -0.6156 -0.1731 -0.7688
vn -0.0651 0.3083 -0.9490
vn -0.7598 0.3208 -0.5654
vn -0.4320 -0.1257 -0.8931
vn -0.7718 -0.1827 -0.6090
vn -0.0687 0.0756 -0.9948
vn -0.6126 -0.1727 -0.7713
vn -0.1933 -0.1583 -0.9683
vn -0.0669 -0.1680 -0.9835
vn -0.8983 -0.1859 -0.3982
vn -0.9066 0.0838 -0.4137
vn -0.0650 -0.1678 -0.9837
vn -0.1860 -0.1590 -0.9696
vn -0.6073 -0.1775 -0.7744
vn -0.0616 -0.1905 -0.9797
vn -0.4276 -0.1259 -0.8951
vn -0.1796 -0.1850 -0.9662
vn -0.4220 -0.1516 -0.8939
vn -0.0598 -0.2169 -0.9744
vn -0.5899 -0.1898 -0.7848
vn -0.1745 -0.2114 -0.9617
vn -0.8757 0.3331 -0.3496
vn -0.4008 -0.1847 -0.8973
vn -0.3357 -0.9165 0.2175
vn -0.4174 -0.8958 0.1528
vn -0.4756 -0.8777 0.0583
vn -0.0000 -0.9553 0.2958
vn 0.1658 -0.9421 0.2915
vn 0.1979 -0.8644 0.4623
vn 0.3893 -0.8657 0.3148
vn 0.4874 -0.6732 0.5561
vn 0.3357 -0.9165 0.2175
vn 0.4851 -0.8405 0.2414
vn 0.6305 -0.6527 0.4201
vn 0.4174 -0.8958 0.1528
vn 0.5776 -0.8031 0.1464
vn 0.4756 -0.8777 0.0583
vn 0.7347 -0.6123 0.2921
vn 0.5155 -0.8527 -0.0843
vn 0.6324 -0.7745 -0.0169
vn 0.8045 -0.5852 0.1013
vn 0.5181 -0.8305 -0.2047
vn 0.8898 -0.4296 0.1539
vn 0.6492 -0.7405 -0.1737
vn 0.5543 -0.7766 -0.2993
vn 0.8310 -0.5469 -0.1020
vn 0.9118 -0.3635 0.1908
vn 0.6441 -0.7093 -0.2864
vn 0.9125 -0.4052 -0.0567
vn 0.4881 -0.7872 -0.3770
vn 0.9201 -0.3200 0.2260
vn 0.8073 -0.5339 -0.2514
vn 0.6003 -0.6987 -0.3893
vn 0.8973 -0.3825 -0.2204
vn 0.3910 -0.7561 -0.5248
vn 0.9217 -0.2954 0.2515
vn 0.9392 -0.3429 -0.0158
vn 0.5094 -0.6390 -0.5764
vn 0.8255 -0.3041 0.4755
vn 0.7823 -0.4877 -0.3874
vn 0.9534 -0.3010 0.0191
vn 0.6753 -0.4039 -0.6171
vn 0.9279 -0.3147 -0.1999
vn 0.9210 -0.2828 0.2680
vn 0.4510 -0.2679 -0.8514
vn 0.8592 -0.3177 -0.4010
vn 0.9586 -0.2803 0.0501
vn 0.7230 -0.2287 -0.6519
vn 0.9451 -0.2789 -0.1705
vn 0.9587 -0.2730 0.0799
vn 0.8785 -0.2684 -0.3952
vn 0.4544 -0.1283 -0.8815
vn 0.9533 -0.2693 -0.1366
vn 0.7451 -0.2077 -0.6338
vn 0.1728 0.0013 -0.9850
vn 0.8964 -0.2470 -0.3680
vn 0.9558 -0.2770 -0.0982
vn 0.1954 -0.1787 -0.9643
vn 0.4917 -0.1464 -0.8584
vn 0.9596 -0.2610 0.1052
vn 0.0635 0.0773 -0.9950
vn 0.6122 -0.1793 -0.7701
vn 0.9229 -0.2698 0.2748
vn 0.0979 -0.1373 -0.9857
vn 0.7780 -0.2177 -0.5894
vn 0.2725 -0.2193 -0.9368
vn 0.9107 -0.2471 -0.3310
vn 0.8275 -0.2907 0.4804
vn 0.8352 -0.2654 0.4816
vn 0.2033 -0.2724 -0.9405
vn 0.8574 -0.2405 -0.4551
vn 0.6594 -0.3001 0.6893
vn 0.4074 -0.1982 -0.8915
vn 0.9207 -0.2631 -0.2882
vn 0.6629 -0.2695 0.6985
vn 0.4920 -0.2129 -0.8442
vn 0.8718 -0.2645 -0.4122
vn 0.6693 -0.2362 0.7045
vn 0.4606 0.0856 -0.8834
vn 0.9442 -0.2548 -0.2086
vn 0.3002 0.2047 -0.9316
vn 0.3401 -0.0554 -0.9388
vn 0.2508 0.4416 -0.8615
vn 0.9639 -0.2606 -0.0538
vn 0.1159 -0.0639 -0.9912
vn 0.1062 -0.2243 -0.9687
vn 0.9712 -0.2272 -0.0721
vn 0.0258 0.0461 -0.9986
vn 0.9644 -0.2425 0.1052
vn 0.9105 -0.2725 -0.3111
vn 0.9280 -0.2523 0.2741
vn 0.9679 -0.2308 0.0991
vn 0.9344 -0.2273 0.2743
vn 0.8541 -0.2405 -0.4611
vn 0.9666 -0.2401 -0.0897
vn 0.8432 -0.2300 0.4859
vn 0.8115 -0.1744 -0.5577
vn 0.9768 -0.1966 0.0846
vn 0.6646 -0.0883 -0.7419
vn 0.9413 -0.2019 0.2705
vn 0.6831 -0.2128 0.6986
vn 0.9529 -0.1638 0.2553
vn 0.8531 -0.2072 0.4788
vn 0.9886 -0.1353 0.0664
vn 0.9705 -0.2147 -0.1094
vn 0.9921 -0.1004 0.0752
vn 0.9444 -0.2155 -0.2484
vn 0.9772 -0.1517 -0.1488
vn 0.9569 -0.1457 0.2512
vn 0.8715 -0.2761 -0.4053
vn 0.8635 -0.1880 0.4681
vn 0.8678 -0.1772 0.4642
vn 0.9217 -0.2590 -0.2886
vn 0.8484 -0.4246 -0.3161
vn 0.6114 -0.5687 -0.5502
vn 0.8472 -0.3300 -0.4164
vn 0.2892 -0.6940 -0.6593
vn 0.8003 -0.5294 -0.2816
vn 0.3036 0.1744 -0.9367
vn 0.5576 -0.8300 -0.0118
vn 0.8708 -0.1772 0.4587
vn 0.6775 0.0175 -0.7353
vn 0.9588 -0.1458 0.2437
vn 0.4192 0.3148 -0.8516
vn 0.5743 -0.7952 0.1945
vn 0.1368 0.5184 -0.8441
vn 0.7792 -0.3784 -0.4997
vn 0.1727 -0.9302 0.3239
vn 0.8775 0.1396 0.4588
vn 0.1879 -0.7155 0.6728
vn 0.7987 0.4378 0.4129
vn 0.2408 -0.2612 -0.9347
vn 0.8451 -0.5053 -0.1747
vn 0.7471 -0.0889 0.6587
vn 0.6642 -0.3079 -0.6812
vn 0.7278 -0.5990 0.3339
vn 0.6166 -0.2675 -0.7404
vn 0.1017 -0.8358 0.5395
vn 0.7631 -0.4686 -0.4450
vn 0.7400 -0.2785 -0.6122
vn 0.7256 -0.6881 0.0072
vn 0.1654 -0.6378 0.7522
vn 0.5607 -0.5007 -0.6595
vn 0.4298 -0.2734 -0.8605
vn 0.5863 -0.7388 -0.3324
vn 0.4714 -0.3108 -0.8253
vn 0.5916 -0.5985 0.5402
vn 0.2505 -0.5824 -0.7733
vn 0.1864 -0.3077 -0.9330
vn 0.6251 -0.7372 0.2564
vn 0.1841 -0.3437 -0.9209
vn 0.3161 -0.8751 -0.3665
vn 0.4399 -0.2444 -0.8642
vn 0.1599 -0.6183 -0.7695
vn 0.1853 -0.2733 -0.9439
vn 0.0786 -0.2977 -0.9514
vn 0.0980 -0.3255 -0.9405
vn 0.6173 -0.2317 -0.7518
vn 0.0684 -0.2703 -0.9603
vn 0.2018 -0.9177 -0.3422
vn 0.7468 -0.2391 -0.6206
vn 0.3083 -0.9416 -0.1352
vn 0.5043 -0.8361 -0.2158
vn 0.2031 -0.9714 -0.1231
vn 0.8664 -0.2336 -0.4413
vn 0.9293 -0.2355 -0.2845
vn 0.8988 -0.1774 -0.4008
vn 0.9663 -0.1954 -0.1674
vn 0.7574 -0.1774 -0.6284
vn 0.7274 -0.1909 -0.6591
vn 0.8968 -0.1843 -0.4021
vn 0.7667 -0.1820 -0.6157
vn 0.6073 -0.1775 -0.7744
vn 0.5899 -0.1898 -0.7848
vn 0.9790 -0.1535 -0.1345
vn 0.6126 -0.1727 -0.7713
vn 0.4220 -0.1516 -0.8939
vn 0.8983 -0.1859 -0.3982
vn 0.7718 -0.1827 -0.6090
vn 0.4276 -0.1259 -0.8951
vn 0.9066 0.0838 -0.4137
vn 0.6156 -0.1731 -0.7688
vn 0.1860 -0.1590 -0.9696
vn 0.9922 -0.0233 -0.1229
vn 0.4320 -0.1257 -0.8931
vn 0.6251 -0.0770 -0.7768
vn 0.8757 0.3331 -0.3496
vn 0.1933 -0.1583 -0.9683
vn 0.9869 0.1027 -0.1246
vn 0.7598 0.3208 -0.5654
vn 0.4290 0.0109 -0.9032
vn 0.9954 0.0547 0.0789
vn 0.7911 0.0660 -0.6081
vn 0.4628 0.1233 -0.8778
vn 0.9732 0.2133 0.0856
vn 0.6488 0.0176 -0.7608
vn 0.9535 0.1795 0.2421
vn 0.2342 -0.0035 -0.9722
vn 0.9918 -0.1003 0.0797
vn 0.1776 -0.0631 -0.9821
vn 0.8386 0.4968 0.2234
vn 0.0651 0.3083 -0.9490
vn 0.0687 0.0756 -0.9948
vn 0.0669 -0.1680 -0.9835
vn 0.0650 -0.1678 -0.9837
vn 0.0616 -0.1905 -0.9797
vn 0.1796 -0.1850 -0.9662
vn 0.0598 -0.2169 -0.9744
vn 0.1745 -0.2114 -0.9617
vn 0.4008 -0.1847 -0.8973
vn -0.0000 -0.9820 -0.1889
vn -0.0426 -0.9864 -0.1590
vn -0.0000 -0.9832 -0.1827
vn 0.0426 -0.9864 -0.1590
vn -0.0215 -0.9871 -0.1584
vn 0.0215 -0.9871 -0.1584
vn -0.1124 -0.9839 -0.1386
vn 0.1124 -0.9839 -0.1386
vn -0.0000 -0.9814 -0.1919
vn -0.0750 -0.9873 -0.1401
vn 0.0750 -0.9873 -0.1401
vn -0.0376 -0.9789 -0.2009
vn -0.1246 -0.9683 -0.2164
vn 0.0376 -0.9789 -0.2009
vn 0.1246 -0.9683 -0.2164
vn -0.1069 -0.9723 -0.2077
vn 0.1069 -0.9723 -0.2077
vn -0.1146 -0.9671 -0.2272
vn 0.1146 -0.9671 -0.2272
vn -0.1142 -0.9726 -0.2024
vn 0.1142 -0.9726 -0.2024
vn 0.0521 -0.9719 -0.2295
vn 0.0770 -0.9723 -0.2207
vn -0.0521 -0.9719 -0.2295
vn 0.1028 -0.9532 -0.2842
vn 0.1157 -0.9677 -0.2238
vn -0.1038 -0.9557 -0.2753
vn 0.0615 -0.9553 -0.2893
vn -0.1157 -0.9677 -0.2238
vn 0.1024 -0.9418 -0.3202
vn 0.1278 -0.9518 -0.2789
vn -0.0000 -0.9734 -0.2293
vn 0.1089 -0.9441 -0.3113
vn 0.0657 -0.9415 -0.3305
vn -0.0584 -0.9563 -0.2866
vn -0.0000 -0.9421 -0.3352
vn 0.0478 -0.9182 -0.3932
vn -0.1069 -0.9415 -0.3195
vn -0.0000 -0.9611 -0.2761
vn -0.1514 -0.9348 -0.3212
vn 0.0999 -0.9222 -0.3736
vn -0.1274 -0.9532 -0.2741
vn -0.0000 -0.9117 -0.4109
vn -0.0548 -0.9421 -0.3308
vn -0.1633 -0.9468 -0.2774
vn 0.0670 -0.8979 -0.4352
vn -0.1405 -0.9599 -0.2426
vn 0.0964 -0.9203 -0.3791
vn -0.0448 -0.9172 -0.3958
vn -0.1556 -0.9370 -0.3128
vn 0.1111 -0.9383 -0.3274
vn -0.1324 -0.9346 -0.3302
vn 0.0718 -0.9400 -0.3335
vn -0.1026 -0.9196 -0.3793
vn -0.0778 -0.9461 -0.3143
vn 0.0916 -0.9502 -0.2978
vn -0.0670 -0.8979 -0.4352
vn -0.0964 -0.9203 -0.3791
vn -0.0356 -0.8930 -0.4486
vn -0.0666 -0.8968 -0.4374
vn 0.1512 -0.9493 -0.2757
vn -0.0000 -0.8890 -0.4579
vn -0.0287 -0.8889 -0.4571
vn 0.0356 -0.8930 -0.4486
vn 0.1405 -0.9599 -0.2426
vn -0.0000 -0.8814 -0.4723
vn 0.0287 -0.8889 -0.4571
vn 0.0666 -0.8968 -0.4374
vn -0.4920 -0.2129 -0.8442
vn -0.8275 -0.2907 0.4804
vn -0.6629 -0.2695 0.6985
vn -0.4463 -0.2375 0.8628
vn -0.0032 0.5939 -0.8045
vn -0.0000 0.5836 -0.8121
vn -0.0074 0.4639 -0.8858
vn -0.0000 0.1144 -0.9934
vn -0.0000 0.4252 -0.9051
vn 0.0013 0.5675 -0.8234
vn -0.0025 0.3479 -0.9375
vn 0.0074 0.4639 -0.8858
vn -0.0000 -0.4702 -0.8825
vn -0.0000 0.3092 -0.9510
vn 0.0032 0.5939 -0.8045
vn 0.0056 -0.9992 0.0385
vn 0.0025 0.3479 -0.9375
vn -0.0000 -0.9882 -0.1530
vn -0.0013 0.5675 -0.8234
vn -0.0000 0.2427 -0.9701
vn 0.0017 -0.8535 0.5211
vn 0.0033 -0.6265 0.7794
vn -0.0056 -0.9992 0.0385
vn -0.0000 0.1969 -0.9804
vn -0.0000 -0.6180 0.7862
vn -0.0000 0.1400 -0.9902
vn -0.0017 -0.8535 0.5211
vn -0.0000 -0.5085 0.8611
vn -0.0033 -0.6265 0.7794
vn 0.0092 -0.5095 0.8604
vn -0.0092 -0.5095 0.8604
vn 0.0103 -0.4773 0.8787
vn -0.0103 -0.4773 0.8787
vn -0.0000 -0.4517 0.8922
vn 0.0130 -0.3648 0.9310
vn -0.0130 -0.3648 0.9310
vn -0.0000 -0.3114 0.9503
vn 0.0282 -0.1685 0.9853
vn -0.0282 -0.1685 0.9853
vn -0.0000 0.1191 0.9929
vn -0.0000 0.4377 0.8991
vn -0.0770 -0.9723 -0.2207
vn -0.0001 1.0000 -0.0000
vn 0.0001 1.0000 -0.0000
vn -0.0008 1.0000 -0.0000
vn -0.0019 1.0000 -0.0001
vn -0.0185 0.9998 -0.0006
vn -0.0246 0.9997 -0.0014
vn 0.0008 1.0000 -0.0000
vn 0.0019 1.0000 -0.0001
vn 0.0185 0.9998 -0.0006
vn 0.0246 0.9997 -0.0014
vn 0.0927 -0.1374 -0.9862
vn 0.1423 -0.5391 -0.8301
vn 0.3427 -0.5561 -0.7572
vn 0.0572 -0.5363 -0.8421
vn 0.1005 -0.6846 -0.7220
vn 0.2325 -0.7180 -0.6561
vn 0.0368 -0.6834 -0.7291
vn 0.6590 -0.1194 -0.7426
vn 0.7714 -0.2001 -0.6040
vn -0.4035 0.1532 0.9021
vn -0.4871 -0.2667 0.8316
vn -0.3760 -0.1327 0.9171
vn -0.1042 -0.0326 0.9940
vn -0.1402 -0.3834 0.9129
vn -0.2093 0.2082 0.9554
vn 0.0472 -0.3453 0.9373
vn -0.2715 -0.3643 0.8908
vn -0.0132 0.0403 0.9991
vn 0.0833 -0.5384 0.8386
vn -0.2431 -0.5409 0.8052
vn 0.1008 -0.2975 0.9494
vn -0.0942 0.2685 0.9587
vn -0.0832 -0.5627 0.8225
vn 0.1510 -0.5455 0.8244
vn 0.0750 0.1132 0.9907
vn 0.0011 -0.6860 0.7276
vn 0.2567 -0.5666 0.7830
vn 0.0145 0.3305 0.9437
vn 0.1278 -0.6683 0.7328
vn 0.1641 -0.2340 0.9583
vn 0.1428 0.1811 0.9730
vn 0.2297 -0.7090 0.6668
vn 0.1179 0.3920 0.9124
vn 0.2069 -0.1969 0.9583
vn 0.3051 -0.5893 0.7481
vn 0.3573 -0.7303 0.5822
vn 0.1610 0.4422 0.8823
vn 0.3706 -0.7727 0.5153
vn 0.1855 0.2402 0.9528
vn 0.3199 -0.6243 0.7127
vn 0.2256 0.4928 0.8404
vn 0.2450 -0.1864 0.9514
vn 0.3558 -0.8185 0.4511
vn 0.2449 0.2824 0.9275
vn 0.3073 -0.6545 0.6908
vn 0.2838 0.5384 0.7935
vn 0.2824 -0.1736 0.9435
vn 0.3064 -0.8592 0.4099
vn 0.3047 0.3093 0.9009
vn 0.2736 -0.6884 0.6717
vn 0.3442 0.5668 0.7485
vn 0.3153 -0.1712 0.9334
vn 0.2271 -0.8992 0.3740
vn 0.3636 0.3161 0.8763
vn 0.2486 -0.6956 0.6741
vn 0.4344 0.5787 0.6902
vn 0.3501 -0.1666 0.9218
vn 0.1434 -0.9252 0.3513
vn 0.4338 0.3158 0.8439
vn 0.3644 -0.1718 0.9153
vn 0.5251 0.6178 0.5853
vn 0.0642 -0.9397 0.3359
vn 0.2177 -0.7012 0.6789
vn 0.5225 0.3163 0.7918
vn 0.0331 -0.9390 0.3424
vn 0.6148 0.6326 0.4710
vn 0.3952 -0.2425 0.8860
vn 0.2023 -0.7420 0.6392
vn 0.6190 0.3422 0.7069
vn 0.0011 -0.9330 0.3598
vn 0.4323 -0.2917 0.8532
vn 0.6110 0.7454 0.2668
vn 0.1625 -0.7821 0.6016
vn 0.6684 0.4335 0.6045
vn -0.0108 -0.9242 0.3818
vn 0.4581 -0.3045 0.8351
vn 0.7065 0.5618 0.4304
vn 0.1499 -0.7878 0.5974
vn 0.4657 -0.2891 0.8364
vn 0.7857 0.0645 0.6152
vn 0.1113 -0.8427 0.5267
vn 0.8281 -0.3864 0.4061
vn 0.4558 -0.6301 0.6287
vn 0.3598 -0.1839 0.9147
vn -0.9524 0.3043 0.0160
vn -0.9041 0.2271 0.3619
vn -0.8472 0.5302 0.0338
vn -0.9530 -0.0171 0.3026
vn -0.7864 0.4717 0.3989
vn -0.9962 0.0810 -0.0320
vn -0.6656 0.7462 0.0164
vn -0.4416 0.1948 0.8758
vn -0.9844 -0.1378 -0.1095
vn -0.5841 0.7035 0.4048
vn -0.5473 0.0109 0.8369
vn -0.9393 -0.2602 0.2235
vn -0.3967 0.9169 -0.0437
vn -0.2691 0.3606 0.8931
vn -0.9109 -0.3514 -0.2162
vn -0.5913 -0.1804 0.7860
vn -0.8566 -0.5012 0.1228
vn -0.0917 -0.0451 0.9948
vn -0.2892 0.8848 0.3653
vn -0.7591 -0.5481 -0.3513
vn -0.1598 -0.1463 0.9763
vn -0.0312 0.4846 0.8742
vn -0.6874 -0.7263 -0.0011
vn -0.1881 -0.2556 0.9483
vn 0.0133 0.0397 0.9991
vn -0.3480 -0.7347 0.5823
vn 0.0910 -0.1598 0.9830
vn 0.1481 0.0987 0.9840
vn -0.1285 -0.8611 0.4919
vn 0.0525 -0.2151 0.9752
vn 0.2984 0.1217 0.9466
vn -0.4179 -0.8975 -0.1409
vn 0.0364 -0.2753 0.9607
vn 0.2223 -0.0833 0.9714
vn -0.5131 -0.6966 -0.5015
vn 0.0438 -0.3358 0.9409
vn 0.1492 -0.1142 0.9822
vn -0.1880 -0.7502 -0.6340
vn 0.1651 -0.3119 0.9356
vn -0.0693 -0.9597 -0.2724
vn -0.1757 -0.3661 0.9139
vn 0.2893 -0.8849 -0.3650
vn 0.2204 -0.1953 0.9557
vn 0.1523 -0.6847 -0.7127
vn -0.5753 -0.3739 0.7274
vn 0.1899 -0.2194 0.9570
vn 0.5841 -0.7035 -0.4049
vn 0.4349 -0.5267 -0.7304
vn 0.1697 -0.2485 0.9536
vn 0.7864 -0.4716 -0.3991
vn -0.4962 -0.5632 0.6607
vn 0.6303 -0.3238 -0.7056
vn 0.1613 -0.2802 0.9463
vn 0.9042 -0.2272 -0.3618
vn 0.7451 -0.1072 -0.6583
vn 0.8046 -0.5399 0.2474
vn -0.0299 -0.5576 0.8296
vn 0.2386 -0.2950 0.9252
vn 0.9529 0.0171 -0.3027
vn 0.0964 -0.6173 0.7808
vn 0.2454 -0.3076 0.9193
vn 0.7919 0.1132 -0.6000
vn 0.1811 -0.3410 0.9225
vn 0.7771 0.3353 -0.5326
vn 0.2437 -0.6372 0.7312
vn 0.9393 0.2602 -0.2236
vn 0.1428 -0.9060 0.3985
vn 0.0742 -0.3916 0.9171
vn 0.6939 0.5577 -0.4554
vn 0.8566 0.5011 -0.1228
vn -0.1224 -0.4699 0.8742
vn 0.5281 0.7675 -0.3632
vn 0.6873 0.7263 0.0012
vn 0.4167 -0.8512 0.3191
vn 0.2687 0.9289 -0.2549
vn 0.4179 0.8975 0.1409
vn 0.6439 -0.7169 0.2671
vn 0.1258 -0.4373 0.8905
vn -0.0621 0.9882 -0.1402
vn 0.3918 -0.6120 0.6870
vn 0.1946 -0.4673 0.8624
vn 0.0693 0.9596 0.2725
vn 0.5210 -0.5477 0.6546
vn 0.2738 -0.4771 0.8351
vn 0.2469 0.5356 0.8076
vn 0.3538 -0.4645 0.8119
vn 0.6194 -0.4566 0.6386
vn 0.4252 -0.4319 0.7954
vn 0.2857 -0.3849 0.8777
vn 0.9014 -0.3474 0.2584
vn 0.5139 0.4943 0.7011
vn 0.4435 0.1040 0.8902
vn 0.2442 -0.3799 0.8922
vn 0.9419 -0.1530 0.2992
vn 0.2914 -0.3271 0.8990
vn 0.7230 0.3780 0.5783
vn 0.6824 -0.3507 0.6414
vn 0.3277 -0.3784 0.8657
vn 0.9292 0.0375 0.3677
vn 0.3101 -0.3242 0.8937
vn 0.8593 0.2183 0.4625
vn 0.6983 -0.1309 0.7038
vn 0.3654 -0.3617 0.8577
vn 0.7088 -0.2395 0.6635
vn 0.6501 -0.0318 0.7592
vn 0.4811 -0.3843 0.7879
vn 0.5641 0.0496 0.8242
vn 0.5266 -0.2066 0.8246
vn 0.5179 -0.3273 0.7904
vn 0.4979 -0.1524 0.8537
vn 0.5333 -0.2664 0.8029
vn 0.3815 -0.0805 0.9209
vn 0.4150 -0.3075 0.8563
vn 0.3030 -0.0714 0.9503
vn 0.4196 -0.2441 0.8743
vn 0.3953 -0.3371 0.8544
vn 0.4041 -0.2155 0.8890
vn 0.4233 -0.2756 0.8631
vn 0.3777 -0.1925 0.9057
vn 0.3486 -0.2930 0.8903
vn 0.3009 -0.1728 0.9379
vn 0.4485 -0.1088 0.8871
vn 0.3506 -0.2652 0.8982
vn 0.2587 -0.1791 0.9492
vn 0.3438 -0.2526 0.9044
vn 0.3322 -0.2424 0.9115
vn 0.3422 -0.1776 0.9227
vn 0.2951 -0.2806 0.9133
vn 0.2981 -0.2334 0.9256
vn 0.3522 -0.2790 0.8934
vn 0.3165 -0.2356 0.9189
vn 0.2793 -0.2363 0.9307
vn 0.2625 -0.2436 0.9337
vn 0.3400 -0.3059 0.8893
vn 0.2492 -0.2544 0.9345
vn 0.2405 -0.2672 0.9331
vn 0.3268 -0.3168 0.8904
vn 0.2369 -0.2811 0.9300
vn 0.2729 -0.3248 0.9055
vn 0.2571 -0.3180 0.9126
vn 0.2082 -0.3645 0.9076
vn 0.4035 0.1532 0.9021
vn 0.3760 -0.1327 0.9171
vn 0.4871 -0.2667 0.8316
vn 0.1042 -0.0326 0.9940
vn 0.1402 -0.3834 0.9129
vn 0.2093 0.2082 0.9554
vn -0.0472 -0.3453 0.9373
vn 0.2715 -0.3643 0.8908
vn 0.0132 0.0403 0.9991
vn -0.0833 -0.5384 0.8386
vn 0.2431 -0.5409 0.8052
vn 0.0942 0.2685 0.9587
vn -0.1008 -0.2975 0.9494
vn -0.1510 -0.5455 0.8244
vn 0.0832 -0.5627 0.8225
vn -0.0750 0.1132 0.9907
vn -0.0145 0.3305 0.9437
vn -0.2567 -0.5666 0.7830
vn -0.1641 -0.2340 0.9583
vn -0.0011 -0.6860 0.7276
vn -0.1428 0.1811 0.9730
vn -0.1278 -0.6683 0.7328
vn -0.1179 0.3920 0.9124
vn -0.3051 -0.5893 0.7481
vn -0.2069 -0.1969 0.9583
vn -0.2297 -0.7090 0.6668
vn -0.1610 0.4422 0.8823
vn -0.3706 -0.7727 0.5153
vn -0.3573 -0.7303 0.5822
vn -0.3199 -0.6243 0.7127
vn -0.1855 0.2402 0.9528
vn -0.3558 -0.8185 0.4511
vn -0.2450 -0.1864 0.9514
vn -0.2256 0.4928 0.8404
vn -0.3064 -0.8592 0.4099
vn -0.2449 0.2824 0.9275
vn -0.3073 -0.6545 0.6908
vn -0.2824 -0.1736 0.9435
vn -0.2838 0.5384 0.7935
vn -0.2271 -0.8992 0.3740
vn -0.2736 -0.6884 0.6717
vn -0.3047 0.3093 0.9009
vn -0.3153 -0.1712 0.9334
vn -0.1434 -0.9252 0.3513
vn -0.3442 0.5668 0.7485
vn -0.2486 -0.6956 0.6741
vn -0.3636 0.3161 0.8763
vn -0.3501 -0.1666 0.9218
vn -0.0642 -0.9397 0.3359
vn -0.4344 0.5787 0.6902
vn -0.3644 -0.1718 0.9153
vn -0.2177 -0.7012 0.6789
vn -0.4338 0.3158 0.8439
vn -0.0331 -0.9390 0.3424
vn -0.5251 0.6178 0.5853
vn -0.3952 -0.2425 0.8860
vn -0.2023 -0.7420 0.6392
vn -0.5225 0.3163 0.7918
vn -0.0011 -0.9330 0.3598
vn -0.6146 0.6330 0.4708
vn -0.4323 -0.2917 0.8532
vn -0.1625 -0.7821 0.6016
vn -0.6190 0.3422 0.7069
vn 0.0108 -0.9242 0.3818
vn -0.6110 0.7454 0.2668
vn -0.4582 -0.3044 0.8351
vn -0.1499 -0.7878 0.5974
vn -0.6684 0.4334 0.6045
vn -0.1113 -0.8427 0.5267
vn -0.7065 0.5617 0.4304
vn -0.4657 -0.2891 0.8364
vn -0.4558 -0.6301 0.6287
vn -0.7857 0.0642 0.6153
vn -0.8281 -0.3864 0.4061
vn -0.3598 -0.1839 0.9147
vn 0.9524 0.3043 0.0160
vn 0.8472 0.5301 0.0338
vn 0.9041 0.2271 0.3619
vn 0.9530 -0.0171 0.3026
vn 0.7864 0.4717 0.3989
vn 0.9962 0.0810 -0.0320
vn 0.4416 0.1948 0.8758
vn 0.6656 0.7462 0.0164
vn 0.9844 -0.1378 -0.1095
vn 0.5473 0.0109 0.8369
vn 0.5841 0.7035 0.4048
vn 0.9393 -0.2602 0.2235
vn 0.2691 0.3606 0.8931
vn 0.5913 -0.1804 0.7860
vn 0.9109 -0.3514 -0.2162
vn 0.5751 -0.3739 0.7276
vn 0.3967 0.9169 -0.0437
vn 0.0312 0.4846 0.8742
vn 0.8566 -0.5012 0.1228
vn 0.1757 -0.3661 0.9139
vn 0.2892 0.8848 0.3653
vn 0.4962 -0.5632 0.6607
vn 0.1224 -0.4699 0.8742
vn 0.0621 0.9882 -0.1402
vn 0.7590 -0.5479 -0.3516
vn 0.1881 -0.2556 0.9483
vn -0.0693 0.9597 0.2725
vn 0.3480 -0.7347 0.5823
vn -0.0742 -0.3916 0.9171
vn -0.2469 0.5356 0.8076
vn 0.6874 -0.7263 -0.0011
vn -0.0438 -0.3358 0.9409
vn 0.5131 -0.6966 -0.5015
vn -0.1258 -0.4373 0.8905
vn -0.0364 -0.2753 0.9607
vn -0.2984 0.1217 0.9466
vn 0.0299 -0.5576 0.8296
vn -0.1811 -0.3410 0.9225
vn -0.5139 0.4943 0.7011
vn -0.2082 -0.3645 0.9076
vn -0.4179 0.8975 0.1410
vn -0.2442 -0.3799 0.8922
vn -0.0964 -0.6173 0.7808
vn -0.1946 -0.4673 0.8624
vn 0.1285 -0.8611 0.4919
vn -0.2687 0.9289 -0.2549
vn -0.2738 -0.4771 0.8351
vn -0.6873 0.7263 0.0012
vn 0.4179 -0.8975 -0.1409
vn -0.2437 -0.6372 0.7312
vn -0.5281 0.7675 -0.3632
vn -0.8566 0.5011 -0.1228
vn 0.1880 -0.7502 -0.6340
vn -0.1428 -0.9060 0.3985
vn -0.6939 0.5577 -0.4554
vn -0.9393 0.2602 -0.2236
vn -0.4167 -0.8512 0.3191
vn -0.7230 0.3780 0.5783
vn -0.7771 0.3353 -0.5326
vn -0.3918 -0.6120 0.6870
vn -0.9529 0.0171 -0.3027
vn -0.4435 0.1040 0.8902
vn -0.2893 -0.8849 -0.3650
vn -0.7921 0.1130 -0.5998
vn -0.5841 -0.7035 -0.4049
vn -0.7453 -0.1073 -0.6580
vn -0.3030 -0.0714 0.9503
vn -0.1523 -0.6847 -0.7127
vn -0.6439 -0.7169 0.2671
vn -0.9041 -0.2270 -0.3621
vn -0.1481 0.0987 0.9840
vn -0.4349 -0.5267 -0.7304
vn -0.9014 -0.3474 0.2584
vn -0.7864 -0.4716 -0.3991
vn -0.9419 -0.1530 0.2992
vn -0.6303 -0.3238 -0.7056
vn -0.9292 0.0375 0.3677
vn -0.0133 0.0397 0.9991
vn -0.8046 -0.5399 0.2474
vn -0.8594 0.2184 0.4624
vn 0.0917 -0.0451 0.9948
vn -0.1492 -0.1142 0.9822
vn -0.6194 -0.4566 0.6386
vn -0.2223 -0.0833 0.9714
vn -0.5210 -0.5477 0.6546
vn -0.5641 0.0496 0.8242
vn -0.3815 -0.0805 0.9209
vn -0.4252 -0.4319 0.7954
vn -0.3538 -0.4645 0.8119
vn -0.3009 -0.1728 0.9379
vn -0.4811 -0.3843 0.7879
vn -0.2587 -0.1791 0.9492
vn -0.4485 -0.1088 0.8871
vn -0.6824 -0.3507 0.6414
vn -0.3422 -0.1776 0.9227
vn -0.5179 -0.3273 0.7904
vn -0.2204 -0.1953 0.9557
vn -0.2981 -0.2334 0.9256
vn -0.0910 -0.1598 0.9830
vn -0.2793 -0.2362 0.9307
vn -0.1899 -0.2194 0.9570
vn -0.2625 -0.2436 0.9337
vn -0.7088 -0.2395 0.6635
vn 0.1598 -0.1463 0.9763
vn -0.6983 -0.1309 0.7038
vn -0.0525 -0.2151 0.9752
vn -0.5266 -0.2066 0.8246
vn -0.6501 -0.0318 0.7592
vn -0.5333 -0.2664 0.8029
vn -0.4979 -0.1524 0.8537
vn -0.4041 -0.2155 0.8890
vn -0.3777 -0.1925 0.9057
vn -0.4196 -0.2441 0.8743
vn -0.4150 -0.3075 0.8563
vn -0.3322 -0.2424 0.9115
vn -0.4233 -0.2756 0.8631
vn -0.3165 -0.2356 0.9189
vn -0.3438 -0.2526 0.9044
vn -0.3953 -0.3371 0.8544
vn -0.3506 -0.2652 0.8982
vn -0.3486 -0.2930 0.8903
vn -0.2951 -0.2806 0.9133
vn -0.3400 -0.3059 0.8893
vn -0.3522 -0.2790 0.8934
vn -0.3654 -0.3617 0.8577
vn -0.3268 -0.3168 0.8904
vn -0.3277 -0.3784 0.8657
vn -0.3101 -0.3242 0.8937
vn -0.2492 -0.2544 0.9345
vn -0.2914 -0.3271 0.8990
vn -0.2857 -0.3849 0.8777
vn -0.2405 -0.2672 0.9331
vn -0.1697 -0.2485 0.9536
vn -0.2729 -0.3248 0.9055
vn -0.2571 -0.3180 0.9126
vn -0.1613 -0.2802 0.9463
vn -0.1651 -0.3119 0.9356
vn -0.2454 -0.3076 0.9193
vn -0.2369 -0.2811 0.9300
vn -0.2386 -0.2950 0.9252
vn 0.0693 -0.9597 -0.2724
vt 0.277300 0.816800
vt 0.308100 0.816400
vt 0.277300 0.849100
vt 0.309800 0.847800
vt 0.338900 0.816000
vt 0.341600 0.846900
vt 0.369400 0.815600
vt 0.373000 0.846800
vt 0.400600 0.814300
vt 0.306900 0.775600
vt 0.277300 0.884200
vt 0.367400 0.774400
vt 0.336200 0.775500
vt 0.244800 0.847800
vt 0.394800 0.773200
vt 0.242800 0.878800
vt 0.405800 0.846800
vt 0.311800 0.878800
vt 0.423800 0.769900
vt 0.390600 0.724100
vt 0.431900 0.811300
vt 0.363500 0.726100
vt 0.438500 0.843000
vt 0.342800 0.876800
vt 0.463900 0.806600
vt 0.343300 0.910800
vt 0.374000 0.877700
vt 0.453100 0.764300
vt 0.318100 0.913700
vt 0.470700 0.838900
vt 0.482900 0.755700
vt 0.439900 0.716800
vt 0.368700 0.913300
vt 0.497100 0.799900
vt 0.415800 0.721700
vt 0.395300 0.922000
vt 0.504400 0.834800
vt 0.463100 0.708300
vt 0.408900 0.881500
vt 0.532700 0.790300
vt 0.513200 0.743200
vt 0.485800 0.695300
vt 0.371600 0.957300
vt 0.461200 0.703900
vt 0.357900 0.950100
vt 0.542500 0.830300
vt 0.482700 0.691200
vt 0.366500 0.963100
vt 0.506300 0.867400
vt 0.477500 0.685300
vt 0.474900 0.869000
vt 0.542500 0.869500
vt 0.458300 0.697300
vt 0.343300 0.947600
vt 0.477800 0.903400
vt 0.503400 0.904100
vt 0.438500 0.712200
vt 0.436800 0.705100
vt 0.328600 0.949700
vt 0.531300 0.911200
vt 0.292200 0.922800
vt 0.480500 0.940700
vt 0.495400 0.942000
vt 0.415000 0.717000
vt 0.465800 0.944100
vt 0.414100 0.709700
vt 0.452400 0.908300
vt 0.509800 0.948500
vt 0.483400 0.980500
vt 0.443600 0.873700
vt 0.390600 0.718800
vt 0.475100 0.973500
vt 0.364300 0.720900
vt 0.365700 0.713400
vt 0.465300 0.964800
vt 0.329600 0.718500
vt 0.426800 0.919500
vt 0.328600 0.722900
vt 0.452600 0.952100
vt 0.331100 0.711700
vt 0.330100 0.731200
vt 0.457800 0.957500
vt 0.304900 0.710200
vt 0.335400 0.742400
vt 0.304400 0.717300
vt 0.307100 0.748000
vt 0.304200 0.721700
vt 0.277300 0.716600
vt 0.305200 0.732900
vt 0.277300 0.709200
vt 0.277300 0.750700
vt 0.277300 0.721200
vt 0.249800 0.710200
vt 0.277300 0.775500
vt 0.277300 0.734400
vt 0.250000 0.717300
vt 0.225200 0.718500
vt 0.246500 0.816400
vt 0.249500 0.732900
vt 0.226100 0.722900
vt 0.247700 0.748000
vt 0.191000 0.726100
vt 0.250200 0.721700
vt 0.247800 0.775600
vt 0.224500 0.731200
vt 0.213100 0.846900
vt 0.215900 0.816000
vt 0.219200 0.742400
vt 0.218500 0.775500
vt 0.187400 0.774400
vt 0.181600 0.846800
vt 0.159900 0.773100
vt 0.185200 0.815400
vt 0.211800 0.876700
vt 0.148900 0.846800
vt 0.154200 0.814300
vt 0.180700 0.877700
vt 0.122800 0.811300
vt 0.116200 0.843000
vt 0.130700 0.769900
vt 0.211400 0.910700
vt 0.145600 0.881500
vt 0.164100 0.724100
vt 0.236600 0.913600
vt 0.185900 0.913200
vt 0.090900 0.806500
vt 0.083900 0.838700
vt 0.262200 0.922800
vt 0.211300 0.947500
vt 0.159300 0.921900
vt 0.050300 0.834700
vt 0.226000 0.949700
vt 0.057700 0.799900
vt 0.239400 0.956700
vt 0.196800 0.950100
vt 0.012200 0.830200
vt 0.212200 0.987000
vt 0.204500 0.979800
vt 0.183100 0.957300
vt 0.021800 0.790300
vt 0.188100 0.963000
vt 0.195200 0.970600
vt 0.071900 0.755600
vt 0.012100 0.869400
vt 0.101600 0.764300
vt 0.048100 0.867300
vt 0.041500 0.743200
vt 0.091600 0.708300
vt 0.023600 0.911000
vt 0.069000 0.695300
vt 0.080000 0.868900
vt 0.139000 0.721700
vt 0.072200 0.691200
vt 0.114900 0.716800
vt 0.093600 0.703900
vt 0.111100 0.873500
vt 0.077200 0.685300
vt 0.077000 0.903300
vt 0.116100 0.712200
vt 0.102400 0.908200
vt 0.139600 0.717000
vt 0.096600 0.697300
vt 0.118000 0.705100
vt 0.127800 0.919400
vt 0.164200 0.718800
vt 0.140500 0.709700
vt 0.088800 0.944000
vt 0.190400 0.720900
vt 0.101900 0.951900
vt 0.163900 0.711200
vt 0.096800 0.957400
vt 0.189000 0.713400
vt 0.074300 0.940500
vt 0.089400 0.964600
vt 0.223500 0.711700
vt 0.051100 0.903900
vt 0.079500 0.973400
vt 0.059300 0.941900
vt 0.045100 0.948400
vt 0.071300 0.980300
vt 0.315200 0.956700
vt 0.342300 0.987000
vt 0.350100 0.979800
vt 0.359400 0.970700
vt 0.070300 0.650600
vt 0.068200 0.641400
vt 0.070600 0.641100
vt 0.063400 0.644000
vt 0.068400 0.632100
vt 0.066400 0.665300
vt 0.063700 0.623000
vt 0.055100 0.644800
vt 0.057100 0.673300
vt 0.055500 0.616500
vt 0.044500 0.644800
vt 0.044100 0.676000
vt 0.045000 0.614300
vt 0.031100 0.673100
vt 0.034400 0.616200
vt 0.033900 0.644500
vt 0.022000 0.664800
vt 0.025900 0.622600
vt 0.025700 0.643600
vt 0.018600 0.649900
vt 0.021000 0.631300
vt 0.021000 0.640900
vt 0.018600 0.640400
vt 0.390900 0.711200
vt 0.397900 0.146000
vt 0.415500 0.133300
vt 0.400100 0.150400
vt 0.378200 0.157700
vt 0.419200 0.136700
vt 0.377200 0.152800
vt 0.428500 0.115700
vt 0.354700 0.157700
vt 0.366500 0.084000
vt 0.432900 0.117700
vt 0.355500 0.152800
vt 0.435100 0.094700
vt 0.332500 0.150400
vt 0.440200 0.095700
vt 0.435100 0.073200
vt 0.335000 0.146000
vt 0.440200 0.072300
vt 0.313700 0.136700
vt 0.428200 0.052200
vt 0.317100 0.133300
vt 0.432900 0.050300
vt 0.299800 0.117700
vt 0.415500 0.034700
vt 0.304400 0.115700
vt 0.419200 0.031300
vt 0.292700 0.095700
vt 0.397900 0.022000
vt 0.297600 0.094700
vt 0.400100 0.017600
vt 0.292700 0.072300
vt 0.377200 0.015100
vt 0.297600 0.073200
vt 0.378200 0.010300
vt 0.299800 0.050300
vt 0.355500 0.015100
vt 0.304400 0.052200
vt 0.354700 0.010300
vt 0.313700 0.031300
vt 0.334700 0.022000
vt 0.317100 0.034700
vt 0.332500 0.017600
vt 0.123900 0.046400
vt 0.146600 0.046400
vt 0.123900 0.066900
vt 0.101100 0.066900
vt 0.146600 0.066900
vt 0.101100 0.046400
vt 0.169400 0.046400
vt 0.078300 0.066900
vt 0.169400 0.066900
vt 0.078300 0.046400
vt 0.192300 0.046400
vt 0.055500 0.066900
vt 0.192300 0.066900
vt 0.055500 0.046400
vt 0.215000 0.046400
vt 0.032800 0.066900
vt 0.032800 0.046400
vt 0.215000 0.066900
vt 0.237800 0.046400
vt 0.237800 0.066900
vt 0.260500 0.046400
vt 0.260500 0.066900
vt 0.259800 0.017100
vt 0.259800 0.037100
vt 0.237100 0.017100
vt 0.237100 0.037100
vt 0.214200 0.017100
vt 0.214200 0.037100
vt 0.191500 0.017100
vt 0.191500 0.037100
vt 0.168700 0.017100
vt 0.168700 0.037100
vt 0.145900 0.017100
vt 0.145900 0.037100
vt 0.123200 0.017100
vt 0.123200 0.037100
vt 0.100400 0.017100
vt 0.100400 0.037100
vt 0.077600 0.017100
vt 0.077600 0.037100
vt 0.054800 0.017100
vt 0.054800 0.037100
vt 0.032000 0.017100
vt 0.032000 0.037100
vt 0.215800 0.816000
vt 0.247600 0.748000
vt 0.187300 0.774400
vt 0.185200 0.815600
vt 0.262500 0.922800
vt 0.211800 0.876800
vt 0.342800 0.876700
vt 0.159900 0.773200
vt 0.190300 0.720900
vt 0.122700 0.811300
vt 0.164100 0.718800
vt 0.369400 0.815400
vt 0.139500 0.717000
vt 0.138900 0.721700
vt 0.394800 0.773100
vt 0.400400 0.814300
vt 0.186000 0.913300
vt 0.211400 0.910800
vt 0.368700 0.913200
vt 0.236700 0.913700
vt 0.395300 0.921900
vt 0.239500 0.956700
vt 0.343300 0.910700
vt 0.226100 0.949700
vt 0.443600 0.873500
vt 0.211400 0.947600
vt 0.452400 0.908200
vt 0.426800 0.919400
vt 0.212300 0.987000
vt 0.465800 0.944000
vt 0.195200 0.970700
vt 0.480500 0.940500
vt 0.463600 0.806500
vt 0.477500 0.903300
vt 0.188100 0.963100
vt 0.474600 0.868900
vt 0.495400 0.941900
vt 0.470700 0.838700
vt 0.503400 0.903900
vt 0.159400 0.922000
vt 0.506300 0.867300
vt 0.504400 0.834700
vt 0.542500 0.869400
vt 0.542500 0.830200
vt 0.482700 0.755600
vt 0.530800 0.911000
vt 0.111100 0.873700
vt 0.485600 0.695300
vt 0.509300 0.948400
vt 0.083900 0.838900
vt 0.483400 0.980300
vt 0.090900 0.806600
vt 0.482400 0.691200
vt 0.080000 0.869000
vt 0.475100 0.973400
vt 0.057600 0.799900
vt 0.050200 0.834800
vt 0.048000 0.867400
vt 0.465300 0.964600
vt 0.021700 0.790300
vt 0.012100 0.830300
vt 0.114800 0.716800
vt 0.458000 0.957400
vt 0.091500 0.708300
vt 0.041400 0.743200
vt 0.452600 0.951900
vt 0.071800 0.755700
vt 0.068800 0.695300
vt 0.093500 0.703900
vt 0.072100 0.691200
vt 0.117900 0.705100
vt 0.077100 0.685300
vt 0.096500 0.697300
vt 0.163800 0.711200
vt 0.188800 0.713400
vt 0.329300 0.718500
vt 0.306900 0.748000
vt 0.390600 0.711200
vt 0.439700 0.716800
vt 0.458000 0.697300
vt 0.012000 0.869500
vt 0.051000 0.904100
vt 0.077000 0.903400
vt 0.023500 0.911200
vt 0.059300 0.942000
vt 0.045000 0.948500
vt 0.102400 0.908300
vt 0.074300 0.940700
vt 0.071300 0.980500
vt 0.088800 0.944100
vt 0.079500 0.973500
vt 0.127800 0.919500
vt 0.089400 0.964800
vt 0.102000 0.952100
vt 0.096800 0.957500
vt 0.318100 0.913600
vt 0.343300 0.947500
vt 0.342500 0.987000
vt 0.359600 0.970600
vt 0.366700 0.963000
vt 0.246600 0.816400
vt 0.247900 0.775600
vt 0.244900 0.847800
vt 0.310100 0.847800
vt 0.218600 0.775500
vt 0.242900 0.878800
vt 0.308300 0.816400
vt 0.213300 0.846900
vt 0.312000 0.878800
vt 0.185300 0.815600
vt 0.343000 0.876700
vt 0.292500 0.922800
vt 0.160000 0.773200
vt 0.409200 0.881500
vt 0.130900 0.769900
vt 0.474900 0.868900
vt 0.477800 0.903300
vt 0.463900 0.806500
vt 0.427000 0.919400
vt 0.452900 0.951900
vt 0.116300 0.843000
vt 0.531300 0.911000
vt 0.482900 0.755600
vt 0.475300 0.973400
vt 0.495600 0.941900
vt 0.509800 0.948400
vt 0.438700 0.712200
vt 0.331300 0.711700
vt 0.330300 0.731200
vt 0.304700 0.717300
vt 0.304400 0.721700
vt 0.250200 0.717300
vt 0.249600 0.732900
vt 0.224600 0.731200
vt 0.191200 0.726100
vt 0.140600 0.709700
vt 0.071900 0.755700
vt 0.068900 0.695300
vt 0.084000 0.838900
vt 0.050300 0.834800
vt 0.111200 0.873700
vt 0.145800 0.881500
vt 0.048100 0.867400
vt 0.012100 0.869500
vt 0.180800 0.877700
vt 0.077100 0.903400
vt 0.051100 0.904100
vt 0.211900 0.876800
vt 0.088900 0.944100
vt 0.183200 0.957300
vt 0.102100 0.952100
vt 0.211500 0.910800
vt 0.196900 0.950100
vt 0.211500 0.947600
vt 0.188200 0.963100
vt 0.096900 0.957500
vt 0.195300 0.970700
vt 0.079600 0.973500
vt 0.204600 0.979800
vt 0.212400 0.987000
vt 0.071400 0.980500
vt 0.045100 0.948500
vt 0.023600 0.911200
vt 0.328900 0.949700
vt 0.350300 0.979800
vt 0.847200 0.435500
vt 0.865700 0.423800
vt 0.858400 0.452100
vt 0.852500 0.406700
vt 0.877900 0.442400
vt 0.835000 0.421400
vt 0.867200 0.471700
vt 0.867700 0.421900
vt 0.856000 0.453100
vt 0.839800 0.392600
vt 0.891600 0.459500
vt 0.864300 0.472200
vt 0.822300 0.408700
vt 0.880400 0.440400
vt 0.824200 0.378400
vt 0.894000 0.457500
vt 0.861300 0.472200
vt 0.841800 0.390600
vt 0.896000 0.455600
vt 0.855500 0.491700
vt 0.807100 0.397000
vt 0.882300 0.438500
vt 0.853500 0.454100
vt 0.820300 0.410600
vt 0.870100 0.420400
vt 0.845200 0.437000
vt 0.833000 0.422900
vt 0.855000 0.404800
vt 0.719200 0.471700
vt 0.804700 0.399400
vt 0.853000 0.490700
vt 0.787600 0.385300
vt 0.856900 0.403300
vt 0.786100 0.387700
vt 0.878400 0.413100
vt 0.720700 0.490700
vt 0.767600 0.373500
vt 0.890100 0.430200
vt 0.766100 0.376500
vt 0.891600 0.428200
vt 0.747100 0.366700
vt 0.904800 0.442900
vt 0.745600 0.370100
vt 0.903300 0.445300
vt 0.880400 0.411100
vt 0.765100 0.378900
vt 0.781700 0.347200
vt 0.784200 0.390100
vt 0.762200 0.334000
vt 0.740200 0.385300
vt 0.783700 0.343800
vt 0.744600 0.373000
vt 0.803200 0.401400
vt 0.804200 0.362800
vt 0.737300 0.396000
vt 0.806200 0.359900
vt 0.733900 0.407200
vt 0.786600 0.341800
vt 0.767100 0.328600
vt 0.818400 0.412100
vt 0.826200 0.375500
vt 0.808600 0.357900
vt 0.794900 0.335900
vt 0.729500 0.420400
vt 0.828100 0.373500
vt 0.776900 0.321300
vt 0.831100 0.424300
vt 0.814500 0.351100
vt 0.779300 0.319300
vt 0.725100 0.436000
vt 0.843800 0.388700
vt 0.842800 0.438500
vt 0.797900 0.334000
vt 0.850100 0.381300
vt 0.721200 0.453100
vt 0.816400 0.348600
vt 0.864700 0.397000
vt 0.834500 0.367200
vt 0.836400 0.364700
vt 0.852100 0.379400
vt 0.866700 0.395000
vt 0.764200 0.330600
vt 0.857900 0.603300
vt 0.862300 0.587600
vt 0.980500 0.603300
vt 0.862800 0.618900
vt 0.981000 0.587600
vt 0.981000 0.618900
vt 0.872600 0.573500
vt 0.873000 0.633100
vt 0.980500 0.573500
vt 0.980500 0.633100
vt 0.883300 0.560500
vt 0.883800 0.645800
vt 0.980500 0.560500
vt 0.980500 0.645800
vt 0.896500 0.549600
vt 0.897000 0.657000
vt 0.980500 0.549600
vt 0.980500 0.656700
vt 0.911100 0.540500
vt 0.912100 0.666000
vt 0.980500 0.540000
vt 0.980500 0.666300
vt 0.935100 0.529300
vt 0.935500 0.676800
vt 0.980500 0.528800
vt 0.980500 0.677200
vt 0.958500 0.521200
vt 0.980500 0.513900
vt 0.959000 0.684800
vt 0.980500 0.691700
vt 0.846700 0.508800
vt 0.858400 0.492700
vt 0.864700 0.521500
vt 0.851600 0.538300
vt 0.878400 0.502700
vt 0.834000 0.523400
vt 0.867200 0.523400
vt 0.867200 0.472700
vt 0.837900 0.552200
vt 0.880900 0.504400
vt 0.820800 0.535600
vt 0.844200 0.507300
vt 0.882800 0.506600
vt 0.822300 0.565900
vt 0.896500 0.489300
vt 0.805700 0.546900
vt 0.832000 0.521700
vt 0.894500 0.487300
vt 0.801800 0.580600
vt 0.892100 0.484900
vt 0.786100 0.558100
vt 0.818800 0.533900
vt 0.779800 0.595700
vt 0.766100 0.569300
vt 0.803700 0.544700
vt 0.824200 0.568600
vt 0.745600 0.575700
vt 0.840300 0.554400
vt 0.784700 0.555700
vt 0.760300 0.608200
vt 0.765100 0.566700
vt 0.816900 0.532200
vt 0.826200 0.570600
vt 0.744600 0.572300
vt 0.801800 0.542700
vt 0.806200 0.585900
vt 0.782700 0.553200
vt 0.733400 0.536400
vt 0.841800 0.556400
vt 0.763700 0.564200
vt 0.855500 0.542000
vt 0.739700 0.557900
vt 0.736800 0.547600
vt 0.853500 0.540300
vt 0.743700 0.569600
vt 0.869600 0.525400
vt 0.863300 0.548600
vt 0.729000 0.523200
vt 0.877400 0.532700
vt 0.830100 0.520300
vt 0.890600 0.515400
vt 0.724600 0.507800
vt 0.904800 0.500000
vt 0.892100 0.517600
vt 0.842300 0.506100
vt 0.906300 0.502400
vt 0.879400 0.534700
vt 0.865200 0.550500
vt 0.848100 0.563700
vt 0.850100 0.565900
vt 0.832000 0.577400
vt 0.834000 0.579600
vt 0.812000 0.592500
vt 0.814000 0.595200
vt 0.794900 0.609400
vt 0.792500 0.607200
vt 0.784200 0.600800
vt 0.776400 0.622800
vt 0.803700 0.583500
vt 0.773900 0.620800
vt 0.764600 0.613800
vt 0.781300 0.598900
vt 0.762200 0.611800
vt 0.771000 0.892200
vt 0.808600 0.889600
vt 0.771000 0.985900
vt 0.806200 0.844400
vt 0.838400 0.980700
vt 0.771000 0.842200
vt 0.732900 0.889600
vt 0.839400 0.877900
vt 0.805200 0.765100
vt 0.735400 0.844400
vt 0.893100 0.953300
vt 0.878900 0.774000
vt 0.702600 0.877900
vt 0.868200 0.856800
vt 0.886200 0.697300
vt 0.673300 0.856800
vt 0.807100 0.687300
vt 0.648900 0.953300
vt 0.930200 0.912500
vt 0.771000 0.764500
vt 0.703600 0.980700
vt 0.966300 0.799200
vt 0.771000 0.686300
vt 0.980500 0.710900
vt 0.734900 0.687300
vt 0.948200 0.877700
vt 0.736300 0.765100
vt 0.655300 0.697300
vt 0.663100 0.774000
vt 0.561000 0.710900
vt 0.575200 0.799200
vt 0.593300 0.877700
vt 0.611300 0.912500
vt 0.533200 0.125000
vt 0.529800 0.155800
vt 0.506300 0.125500
vt 0.510300 0.098600
vt 0.502900 0.157200
vt 0.536100 0.101100
vt 0.526400 0.189000
vt 0.556200 0.154800
vt 0.511200 0.086400
vt 0.502900 0.192400
vt 0.560100 0.124000
vt 0.549300 0.184600
vt 0.472200 0.160600
vt 0.555700 0.182600
vt 0.561000 0.104000
vt 0.476800 0.194800
vt 0.562500 0.154800
vt 0.549800 0.208500
vt 0.562000 0.089800
vt 0.444600 0.168000
vt 0.568400 0.178700
vt 0.545400 0.210000
vt 0.452100 0.198200
vt 0.570300 0.154800
vt 0.548300 0.227500
vt 0.435500 0.199200
vt 0.574700 0.130400
vt 0.566900 0.221700
vt 0.438000 0.223100
vt 0.568800 0.127400
vt 0.565900 0.201700
vt 0.414800 0.201700
vt 0.584500 0.114300
vt 0.417500 0.225100
vt 0.584500 0.194300
vt 0.430900 0.170400
vt 0.579100 0.110400
vt 0.588400 0.213900
vt 0.410400 0.172900
vt 0.592800 0.102100
vt 0.622100 0.199700
vt 0.387700 0.203100
vt 0.599600 0.127900
vt 0.632300 0.231900
vt 0.387500 0.172900
vt 0.611300 0.116200
vt 0.587400 0.098100
vt 0.614300 0.182100
vt 0.362300 0.202100
vt 0.589800 0.134300
vt 0.642100 0.189500
vt 0.362300 0.170400
vt 0.656300 0.222200
vt 0.337200 0.172900
vt 0.578100 0.153800
vt 0.682100 0.210400
vt 0.336900 0.203100
vt 0.666500 0.267600
vt 0.314200 0.172900
vt 0.362300 0.223600
vt 0.581500 0.173800
vt 0.698200 0.258800
vt 0.606900 0.162600
vt 0.707500 0.308600
vt 0.389600 0.224600
vt 0.597700 0.147000
vt 0.362300 0.240700
vt 0.620600 0.153800
vt 0.335200 0.224600
vt 0.632300 0.171400
vt 0.609400 0.139200
vt 0.624000 0.127000
vt 0.309800 0.201700
vt 0.664600 0.176300
vt 0.652300 0.157200
vt 0.293900 0.170400
vt 0.637700 0.140100
vt 0.289100 0.199200
vt 0.286600 0.223100
vt 0.280300 0.168000
vt 0.307400 0.224600
vt 0.272500 0.198200
vt 0.284400 0.240200
vt 0.248000 0.194800
vt 0.334200 0.240700
vt 0.305900 0.241200
vt 0.267600 0.222200
vt 0.252400 0.160600
vt 0.245000 0.219200
vt 0.302700 0.268100
vt 0.221400 0.192400
vt 0.243200 0.237800
vt 0.331500 0.268100
vt 0.221700 0.157200
vt 0.220900 0.235800
vt 0.351100 0.254900
vt 0.280300 0.267600
vt 0.218900 0.263700
vt 0.345900 0.265100
vt 0.264400 0.239300
vt 0.240600 0.265600
vt 0.362300 0.264200
vt 0.261000 0.267100
vt 0.362300 0.254900
vt 0.237200 0.299800
vt 0.345000 0.297900
vt 0.373500 0.254900
vt 0.258500 0.300800
vt 0.347900 0.267100
vt 0.276100 0.301300
vt 0.378700 0.265100
vt 0.390400 0.240700
vt 0.300500 0.300300
vt 0.236200 0.334500
vt 0.258100 0.335000
vt 0.329800 0.298800
vt 0.275900 0.335000
vt 0.301300 0.333500
vt 0.277800 0.371600
vt 0.418700 0.241200
vt 0.330100 0.330100
vt 0.302700 0.369600
vt 0.393100 0.268100
vt 0.345200 0.327100
vt 0.258800 0.372100
vt 0.421900 0.268100
vt 0.331800 0.363800
vt 0.440200 0.240200
vt 0.346200 0.359400
vt 0.279100 0.384800
vt 0.348100 0.356400
vt 0.303500 0.383800
vt 0.362300 0.359400
vt 0.280300 0.400400
vt 0.457000 0.222200
vt 0.332500 0.379900
vt 0.304200 0.399900
vt 0.460400 0.239700
vt 0.348100 0.367700
vt 0.333500 0.398400
vt 0.481700 0.237800
vt 0.350300 0.377400
vt 0.362300 0.367200
vt 0.479700 0.219200
vt 0.376500 0.367700
vt 0.351600 0.383800
vt 0.484100 0.265600
vt 0.378400 0.359400
vt 0.362300 0.377000
vt 0.463600 0.267100
vt 0.374300 0.377400
vt 0.376500 0.356400
vt 0.505900 0.263700
vt 0.362300 0.356000
vt 0.379400 0.327100
vt 0.373000 0.383800
vt 0.487500 0.299800
vt 0.377400 0.327100
vt 0.391100 0.398400
vt 0.466100 0.300800
vt 0.392800 0.363800
vt 0.392100 0.379900
vt 0.448500 0.301300
vt 0.394500 0.330100
vt 0.421100 0.383800
vt 0.444300 0.267600
vt 0.379600 0.297900
vt 0.420400 0.399900
vt 0.421900 0.369600
vt 0.444300 0.400400
vt 0.423300 0.333500
vt 0.443600 0.410200
vt 0.394800 0.298800
vt 0.462600 0.410200
vt 0.424100 0.300800
vt 0.445600 0.384800
vt 0.463400 0.400400
vt 0.448700 0.335000
vt 0.483200 0.410200
vt 0.466600 0.335000
vt 0.483200 0.418000
vt 0.377000 0.267100
vt 0.463100 0.418000
vt 0.377400 0.297400
vt 0.488500 0.334500
vt 0.487100 0.372100
vt 0.444300 0.418000
vt 0.375000 0.268600
vt 0.510700 0.333500
vt 0.420900 0.418000
vt 0.375500 0.296900
vt 0.509300 0.298300
vt 0.631800 0.418000
vt 0.375200 0.326700
vt 0.602500 0.418000
vt 0.529800 0.295900
vt 0.584000 0.418000
vt 0.374800 0.352500
vt 0.526900 0.261200
vt 0.583500 0.410200
vt 0.503400 0.235800
vt 0.565400 0.410200
vt 0.581500 0.387700
vt 0.362300 0.353000
vt 0.524900 0.232900
vt 0.602500 0.386700
vt 0.349600 0.352500
vt 0.503400 0.217300
vt 0.602100 0.410200
vt 0.524900 0.214400
vt 0.633800 0.410200
vt 0.637700 0.384800
vt 0.347200 0.327100
vt 0.672400 0.410200
vt 0.671400 0.418000
vt 0.705100 0.418000
vt 0.347200 0.297400
vt 0.543900 0.229000
vt 0.706100 0.410200
vt 0.349400 0.326700
vt 0.674800 0.383300
vt 0.708500 0.382300
vt 0.349100 0.296900
vt 0.349600 0.268600
vt 0.676800 0.360800
vt 0.641100 0.363300
vt 0.362300 0.266600
vt 0.603500 0.366700
vt 0.710400 0.358900
vt 0.675800 0.313500
vt 0.603000 0.324200
vt 0.580100 0.368200
vt 0.577100 0.327600
vt 0.636700 0.275400
vt 0.560100 0.369600
vt 0.572800 0.289100
vt 0.554200 0.330100
vt 0.562500 0.388200
vt 0.594700 0.244100
vt 0.550300 0.293000
vt 0.598600 0.283700
vt 0.549300 0.330600
vt 0.644000 0.317900
vt 0.562500 0.399900
vt 0.545900 0.293500
vt 0.535600 0.410200
vt 0.543900 0.257800
vt 0.535600 0.418000
vt 0.548300 0.256300
vt 0.564500 0.418000
vt 0.532200 0.332000
vt 0.569800 0.251000
vt 0.533700 0.370600
vt 0.554700 0.369600
vt 0.510700 0.371600
vt 0.509800 0.384800
vt 0.558600 0.383800
vt 0.534700 0.384300
vt 0.509300 0.400400
vt 0.485600 0.385300
vt 0.535200 0.400400
vt 0.465800 0.372100
vt 0.484100 0.400400
vt 0.464800 0.385300
vt 0.508300 0.410200
vt 0.507800 0.418000
vt 0.446800 0.371600
vt 0.362300 0.383300
vt 0.362300 0.410200
vt 0.390600 0.410200
vt 0.334000 0.410200
vt 0.362300 0.418000
vt 0.391800 0.418000
vt 0.332800 0.418000
vt 0.419900 0.410200
vt 0.304400 0.410200
vt 0.019600 0.418000
vt 0.303500 0.418000
vt 0.281000 0.410200
vt 0.052900 0.418000
vt 0.052000 0.410200
vt 0.280000 0.418000
vt 0.262000 0.410200
vt 0.090600 0.410200
vt 0.018500 0.410200
vt 0.092800 0.418000
vt 0.261500 0.418000
vt 0.049700 0.383300
vt 0.121900 0.418000
vt 0.122500 0.410200
vt 0.086700 0.384800
vt 0.016200 0.382300
vt 0.241300 0.418000
vt 0.121800 0.386700
vt 0.047700 0.360400
vt 0.241500 0.410200
vt 0.083400 0.363300
vt 0.141200 0.410200
vt 0.216400 0.418000
vt 0.080700 0.317900
vt 0.143100 0.387700
vt 0.215900 0.410200
vt 0.049000 0.313000
vt 0.159100 0.410200
vt 0.189000 0.410200
vt 0.014300 0.358900
vt 0.162000 0.388200
vt 0.189000 0.418000
vt 0.161700 0.399900
vt 0.160000 0.418000
vt 0.144700 0.368200
vt 0.166100 0.383800
vt 0.189500 0.400400
vt 0.140600 0.418000
vt 0.215500 0.400400
vt 0.190100 0.384300
vt 0.164600 0.369600
vt 0.214500 0.384800
vt 0.169800 0.369600
vt 0.240500 0.400400
vt 0.238900 0.385300
vt 0.170200 0.330100
vt 0.190700 0.370600
vt 0.175000 0.330600
vt 0.147600 0.327600
vt 0.259800 0.385300
vt 0.151900 0.289100
vt 0.237700 0.372100
vt 0.174200 0.292500
vt 0.192500 0.332000
vt 0.213700 0.371600
vt 0.176000 0.256300
vt 0.213600 0.333500
vt 0.154900 0.251000
vt 0.215300 0.297900
vt 0.125900 0.283700
vt 0.194600 0.295900
vt 0.121300 0.324200
vt 0.176300 0.227500
vt 0.180700 0.229000
vt 0.197600 0.260700
vt 0.179400 0.209500
vt 0.174800 0.208000
vt 0.199800 0.232900
vt 0.178700 0.293500
vt 0.175200 0.184600
vt 0.221300 0.217300
vt 0.169100 0.182100
vt 0.199800 0.214400
vt 0.180400 0.257300
vt 0.157600 0.221200
vt 0.198500 0.189000
vt 0.130100 0.243700
vt 0.136400 0.213900
vt 0.158600 0.201700
vt 0.195100 0.155300
vt 0.092300 0.231400
vt 0.218300 0.125500
vt 0.102400 0.199700
vt 0.191300 0.124500
vt 0.140000 0.193800
vt 0.087700 0.275400
vt 0.214500 0.098600
vt 0.068600 0.222200
vt 0.156400 0.178200
vt 0.188800 0.101100
vt 0.110500 0.181600
vt 0.162000 0.154800
vt 0.164900 0.124000
vt 0.143200 0.173800
vt 0.168600 0.154800
vt 0.118000 0.162600
vt 0.155900 0.127400
vt 0.163800 0.104000
vt 0.146500 0.153800
vt 0.162800 0.089800
vt 0.154300 0.154800
vt 0.188000 0.087900
vt 0.150100 0.130400
vt 0.213400 0.086400
vt 0.140400 0.113800
vt 0.134900 0.134300
vt 0.145600 0.109900
vt 0.127200 0.146500
vt 0.125000 0.127400
vt 0.132000 0.102100
vt 0.137200 0.098100
vt 0.113400 0.116200
vt 0.104000 0.153300
vt 0.115500 0.138700
vt 0.092500 0.171400
vt 0.100700 0.127000
vt 0.087000 0.139600
vt 0.082500 0.189000
vt 0.072400 0.157200
vt 0.060000 0.175800
vt 0.042500 0.210400
vt 0.026200 0.258300
vt 0.058100 0.267600
vt 0.017000 0.308100
vt 0.121300 0.366700
vt 0.536600 0.087900
vt 0.362300 0.268600
vt 0.261200 0.400400
vt 0.977500 0.450700
vt 0.977500 0.444300
vt 0.979500 0.450700
vt 0.979500 0.455600
vt 0.979500 0.444300
vt 0.977500 0.455600
vt 0.981400 0.444300
vt 0.979500 0.438000
vt 0.972700 0.450700
vt 0.981400 0.450700
vt 0.977500 0.438000
vt 0.971700 0.444300
vt 0.981400 0.455600
vt 0.981400 0.438000
vt 0.986300 0.450700
vt 0.979500 0.431600
vt 0.971700 0.438000
vt 0.987300 0.444300
vt 0.977500 0.431600
vt 0.972200 0.431600
vt 0.981400 0.431600
vt 0.987300 0.438000
vt 0.977500 0.426300
vt 0.986800 0.431600
vt 0.979500 0.426300
vt 0.981400 0.426300
vt 0.390900 0.433600
vt 0.389600 0.439500
vt 0.362300 0.433600
vt 0.420700 0.439500
vt 0.362300 0.439500
vt 0.421900 0.433600
vt 0.335200 0.439500
vt 0.362300 0.444800
vt 0.443800 0.439500
vt 0.333700 0.433600
vt 0.389600 0.444300
vt 0.420400 0.443400
vt 0.443800 0.433600
vt 0.304000 0.439500
vt 0.463400 0.433600
vt 0.304200 0.443400
vt 0.420200 0.448700
vt 0.302700 0.433600
vt 0.463100 0.439500
vt 0.443100 0.446800
vt 0.389900 0.451700
vt 0.281000 0.439500
vt 0.484900 0.433600
vt 0.419900 0.452600
vt 0.281300 0.442400
vt 0.484100 0.439500
vt 0.389900 0.456100
vt 0.281700 0.446300
vt 0.462400 0.441900
vt 0.362300 0.457500
vt 0.304700 0.448700
vt 0.511200 0.433600
vt 0.362300 0.452600
vt 0.282000 0.449200
vt 0.335000 0.444300
vt 0.510700 0.439500
vt 0.388700 0.480000
vt 0.483600 0.441900
vt 0.417700 0.474100
vt 0.538600 0.433600
vt 0.362300 0.481900
vt 0.537600 0.439500
vt 0.388400 0.491200
vt 0.334700 0.451700
vt 0.510300 0.441900
vt 0.362300 0.493200
vt 0.334700 0.456100
vt 0.387900 0.502000
vt 0.304900 0.452600
vt 0.537600 0.442900
vt 0.416500 0.494600
vt 0.306900 0.474100
vt 0.509800 0.445300
vt 0.362300 0.503700
vt 0.335900 0.480000
vt 0.483200 0.445800
vt 0.362300 0.512500
vt 0.482900 0.448200
vt 0.336700 0.502000
vt 0.461200 0.448200
vt 0.387900 0.510500
vt 0.336200 0.491200
vt 0.509300 0.447800
vt 0.387900 0.519000
vt 0.307600 0.484900
vt 0.537100 0.447800
vt 0.415300 0.513200
vt 0.308300 0.494600
vt 0.537100 0.451200
vt 0.416000 0.503900
vt 0.308800 0.503700
vt 0.536100 0.465300
vt 0.433600 0.508100
vt 0.336700 0.510500
vt 0.567400 0.456500
vt 0.435800 0.497600
vt 0.309300 0.512900
vt 0.567400 0.451700
vt 0.450200 0.503400
vt 0.336700 0.519000
vt 0.583000 0.455100
vt 0.446300 0.527800
vt 0.562000 0.474600
vt 0.469700 0.524900
vt 0.362300 0.521000
vt 0.568800 0.469700
vt 0.474400 0.497600
vt 0.583000 0.460900
vt 0.493700 0.525600
vt 0.387900 0.540000
vt 0.464400 0.549600
vt 0.412800 0.534700
vt 0.583500 0.476600
vt 0.442400 0.551300
vt 0.362300 0.542200
vt 0.430700 0.530800
vt 0.457500 0.576400
vt 0.336700 0.540000
vt 0.438000 0.576200
vt 0.387200 0.559600
vt 0.427500 0.553500
vt 0.311800 0.534700
vt 0.411400 0.555900
vt 0.452100 0.600600
vt 0.313200 0.555700
vt 0.471400 0.602800
vt 0.433600 0.599900
vt 0.408900 0.577400
vt 0.423800 0.576700
vt 0.293900 0.530800
vt 0.419900 0.599600
vt 0.297100 0.553500
vt 0.291000 0.508100
vt 0.430700 0.617900
vt 0.300800 0.576400
vt 0.447800 0.620100
vt 0.315700 0.577400
vt 0.278600 0.527800
vt 0.337400 0.559300
vt 0.282200 0.551300
vt 0.446800 0.625700
vt 0.338400 0.578900
vt 0.286600 0.575900
vt 0.429900 0.623500
vt 0.340100 0.600100
vt 0.291000 0.599600
vt 0.417200 0.616900
vt 0.362300 0.601600
vt 0.304700 0.599400
vt 0.416700 0.622600
vt 0.362300 0.580300
vt 0.317600 0.599600
vt 0.445800 0.632600
vt 0.386200 0.578900
vt 0.341800 0.614500
vt 0.462400 0.635300
vt 0.362300 0.614700
vt 0.463900 0.628400
vt 0.384500 0.600100
vt 0.484100 0.640100
vt 0.362300 0.561300
vt 0.486600 0.633500
vt 0.407000 0.599600
vt 0.465100 0.623000
vt 0.382800 0.614500
vt 0.488300 0.628400
vt 0.382600 0.620100
vt 0.404800 0.615500
vt 0.496300 0.607700
vt 0.478800 0.577900
vt 0.503900 0.631800
vt 0.403600 0.621600
vt 0.506300 0.581800
vt 0.502000 0.636700
vt 0.512200 0.611600
vt 0.516100 0.640100
vt 0.382300 0.627000
vt 0.517600 0.635500
vt 0.513700 0.646200
vt 0.362300 0.620100
vt 0.526900 0.616000
vt 0.535600 0.644300
vt 0.499800 0.643100
vt 0.522500 0.585900
vt 0.533700 0.648700
vt 0.546400 0.624300
vt 0.531300 0.653800
vt 0.567900 0.638900
vt 0.538600 0.590600
vt 0.553200 0.663100
vt 0.555700 0.659400
vt 0.549300 0.668000
vt 0.556600 0.598100
vt 0.588400 0.657700
vt 0.530300 0.563000
vt 0.567900 0.678200
vt 0.596200 0.649400
vt 0.514600 0.556400
vt 0.571300 0.675000
vt 0.563500 0.681900
vt 0.544900 0.569800
vt 0.579600 0.612800
vt 0.486800 0.550500
vt 0.560500 0.578900
vt 0.583500 0.613300
vt 0.537600 0.535900
vt 0.600100 0.646000
vt 0.522500 0.530300
vt 0.586900 0.613000
vt 0.603500 0.642800
vt 0.500500 0.498000
vt 0.577100 0.582800
vt 0.528800 0.505900
vt 0.574200 0.584000
vt 0.541500 0.511700
vt 0.571800 0.550300
vt 0.548800 0.541500
vt 0.503400 0.485800
vt 0.568400 0.549100
vt 0.531700 0.493700
vt 0.565400 0.517600
vt 0.557600 0.545200
vt 0.476800 0.486300
vt 0.548800 0.514900
vt 0.563000 0.517800
vt 0.505900 0.473100
vt 0.554700 0.516800
vt 0.564500 0.547900
vt 0.540000 0.498000
vt 0.559100 0.517800
vt 0.533700 0.481900
vt 0.552700 0.495600
vt 0.554200 0.496600
vt 0.543900 0.491700
vt 0.548800 0.493200
vt 0.556200 0.497600
vt 0.555200 0.494600
vt 0.506800 0.466300
vt 0.535200 0.474100
vt 0.556600 0.497600
vt 0.546900 0.481900
vt 0.553200 0.491700
vt 0.551300 0.488300
vt 0.556600 0.494100
vt 0.557100 0.497100
vt 0.556600 0.491700
vt 0.507300 0.459000
vt 0.555200 0.479500
vt 0.556200 0.487300
vt 0.481200 0.460400
vt 0.574200 0.504900
vt 0.480000 0.467800
vt 0.572300 0.496100
vt 0.570300 0.485400
vt 0.574200 0.508300
vt 0.478800 0.475100
vt 0.584000 0.492700
vt 0.457000 0.472200
vt 0.574200 0.512200
vt 0.458700 0.462900
vt 0.455300 0.480500
vt 0.584500 0.520500
vt 0.439200 0.478500
vt 0.585000 0.517600
vt 0.584500 0.523700
vt 0.440700 0.468800
vt 0.599100 0.482900
vt 0.594700 0.529100
vt 0.597700 0.500200
vt 0.594200 0.531700
vt 0.584500 0.507300
vt 0.594200 0.534900
vt 0.442900 0.449200
vt 0.595700 0.518600
vt 0.615200 0.555900
vt 0.615200 0.552700
vt 0.622100 0.515600
vt 0.617200 0.541500
vt 0.625000 0.494600
vt 0.654300 0.534200
vt 0.660200 0.508800
vt 0.461700 0.445800
vt 0.644500 0.563200
vt 0.443400 0.442400
vt 0.683600 0.550800
vt 0.670400 0.579100
vt 0.690400 0.522900
vt 0.638700 0.576700
vt 0.664100 0.592800
vt 0.637200 0.578400
vt 0.662100 0.596200
vt 0.615200 0.559100
vt 0.635700 0.580300
vt 0.659700 0.599400
vt 0.632300 0.439500
vt 0.603500 0.439500
vt 0.632300 0.433600
vt 0.671900 0.433600
vt 0.604000 0.433600
vt 0.671900 0.439500
vt 0.583000 0.439500
vt 0.602500 0.447300
vt 0.705100 0.433600
vt 0.583000 0.433600
vt 0.630900 0.449700
vt 0.583000 0.445800
vt 0.704600 0.439500
vt 0.601600 0.458000
vt 0.669900 0.453100
vt 0.702100 0.456500
vt 0.566900 0.444800
vt 0.566900 0.439500
vt 0.699200 0.479500
vt 0.667500 0.471200
vt 0.600600 0.465300
vt 0.697300 0.495100
vt 0.628900 0.463900
vt 0.665500 0.483400
vt 0.627900 0.473100
vt 0.566400 0.433600
vt 0.402800 0.628400
vt 0.416000 0.629600
vt 0.429200 0.630400
vt 0.362300 0.626200
vt 0.342300 0.627000
vt 0.342000 0.620100
vt 0.321000 0.621600
vt 0.319600 0.615500
vt 0.321500 0.628400
vt 0.307900 0.622600
vt 0.307400 0.616900
vt 0.308600 0.629600
vt 0.294700 0.623300
vt 0.295400 0.630400
vt 0.293900 0.617700
vt 0.278800 0.632600
vt 0.277800 0.625500
vt 0.276900 0.620100
vt 0.262200 0.635000
vt 0.272500 0.600300
vt 0.260700 0.628400
vt 0.240500 0.639900
vt 0.259500 0.623000
vt 0.267100 0.576200
vt 0.238000 0.633500
vt 0.253200 0.602800
vt 0.224900 0.642800
vt 0.260300 0.549600
vt 0.236300 0.628200
vt 0.222400 0.636700
vt 0.228300 0.607400
vt 0.210800 0.646000
vt 0.254900 0.524900
vt 0.245700 0.577900
vt 0.208500 0.640100
vt 0.274400 0.503200
vt 0.220700 0.631800
vt 0.237800 0.550500
vt 0.206800 0.635300
vt 0.218400 0.581500
vt 0.250200 0.497600
vt 0.188700 0.644300
vt 0.212400 0.611300
vt 0.231100 0.525600
vt 0.197500 0.615700
vt 0.209800 0.556200
vt 0.224000 0.498000
vt 0.202000 0.585900
vt 0.178100 0.624000
vt 0.202100 0.530300
vt 0.186200 0.590600
vt 0.156700 0.638700
vt 0.194100 0.562700
vt 0.195800 0.505600
vt 0.168600 0.659400
vt 0.167800 0.598100
vt 0.221200 0.485400
vt 0.136200 0.657500
vt 0.163900 0.578600
vt 0.248000 0.486300
vt 0.128300 0.649200
vt 0.179600 0.569600
vt 0.145000 0.612500
vt 0.187100 0.535600
vt 0.271700 0.491700
vt 0.269300 0.480000
vt 0.140700 0.613000
vt 0.175500 0.541300
vt 0.289100 0.497600
vt 0.150100 0.583700
vt 0.183100 0.511500
vt 0.286900 0.487300
vt 0.154800 0.583700
vt 0.175500 0.514900
vt 0.285400 0.478000
vt 0.156300 0.548800
vt 0.184400 0.498000
vt 0.152600 0.550300
vt 0.147500 0.582500
vt 0.158900 0.517300
vt 0.193000 0.493700
vt 0.137300 0.612800
vt 0.124400 0.646000
vt 0.190900 0.481900
vt 0.120900 0.642600
vt 0.218900 0.472700
vt 0.180800 0.491200
vt 0.246000 0.475100
vt 0.217900 0.466300
vt 0.244800 0.467800
vt 0.175700 0.493200
vt 0.189600 0.473600
vt 0.267600 0.471700
vt 0.170000 0.516600
vt 0.217000 0.459000
vt 0.172100 0.495100
vt 0.243500 0.460000
vt 0.283900 0.468800
vt 0.241900 0.448200
vt 0.265900 0.462900
vt 0.215300 0.447800
vt 0.188400 0.464800
vt 0.215000 0.445300
vt 0.177700 0.481900
vt 0.187300 0.447800
vt 0.241600 0.445800
vt 0.173600 0.487800
vt 0.263400 0.448200
vt 0.262900 0.445800
vt 0.169300 0.479000
vt 0.168600 0.486800
vt 0.171100 0.491700
vt 0.154100 0.484900
vt 0.169600 0.494100
vt 0.152300 0.496100
vt 0.170300 0.496100
vt 0.168200 0.491200
vt 0.262200 0.441900
vt 0.165300 0.517600
vt 0.241100 0.441900
vt 0.161700 0.517600
vt 0.150300 0.504600
vt 0.168300 0.497600
vt 0.140300 0.507100
vt 0.167800 0.494100
vt 0.261700 0.439500
vt 0.150400 0.508100
vt 0.261200 0.433600
vt 0.167800 0.497100
vt 0.139600 0.517600
vt 0.280800 0.433600
vt 0.128700 0.518300
vt 0.139900 0.520300
vt 0.126700 0.500000
vt 0.167200 0.497100
vt 0.130000 0.528800
vt 0.140700 0.492200
vt 0.130200 0.531700
vt 0.150500 0.512200
vt 0.109500 0.552700
vt 0.102400 0.515400
vt 0.109500 0.555700
vt 0.107200 0.541300
vt 0.140300 0.523700
vt 0.085900 0.576400
vt 0.070100 0.533900
vt 0.130500 0.534700
vt 0.079900 0.563000
vt 0.087200 0.578100
vt 0.099700 0.494100
vt 0.060400 0.592500
vt 0.064600 0.508500
vt 0.041200 0.550500
vt 0.054100 0.578900
vt 0.125400 0.482400
vt 0.034300 0.522700
vt 0.062500 0.595900
vt 0.141200 0.476600
vt 0.088900 0.580100
vt 0.109400 0.558800
vt 0.064900 0.599100
vt 0.155600 0.469700
vt 0.162500 0.474100
vt 0.157000 0.456500
vt 0.187400 0.450700
vt 0.141800 0.460400
vt 0.157200 0.451700
vt 0.141800 0.454600
vt 0.124100 0.464800
vt 0.187100 0.442900
vt 0.123300 0.457500
vt 0.096900 0.473100
vt 0.157600 0.444300
vt 0.141800 0.445800
vt 0.095600 0.463400
vt 0.157700 0.439500
vt 0.122100 0.447300
vt 0.057300 0.470700
vt 0.186900 0.439500
vt 0.093700 0.449700
vt 0.121200 0.439000
vt 0.158100 0.433600
vt 0.054800 0.452600
vt 0.186000 0.433600
vt 0.141500 0.433600
vt 0.092200 0.439000
vt 0.214100 0.439500
vt 0.141700 0.439500
vt 0.092200 0.433600
vt 0.213600 0.433600
vt 0.120700 0.433600
vt 0.240600 0.439500
vt 0.053000 0.433600
vt 0.214500 0.441900
vt 0.052900 0.439000
vt 0.239900 0.433600
vt 0.019700 0.433600
vt 0.020100 0.439000
vt 0.022400 0.456500
vt 0.025400 0.479500
vt 0.027500 0.495100
vt 0.059000 0.483400
vt 0.847200 0.308100
vt 0.802700 0.304700
vt 0.847200 0.274900
vt 0.891600 0.304700
vt 0.802700 0.273900
vt 0.891600 0.273900
vt 0.762700 0.284700
vt 0.931600 0.284200
vt 0.847200 0.241700
vt 0.779800 0.268600
vt 0.914100 0.268600
vt 0.802700 0.242700
vt 0.761200 0.250000
vt 0.891600 0.242700
vt 0.933100 0.250000
vt 0.742200 0.264600
vt 0.951700 0.264600
vt 0.759800 0.207500
vt 0.934600 0.207500
vt 0.745600 0.230500
vt 0.948700 0.230500
vt 0.891600 0.204600
vt 0.969700 0.243700
vt 0.802200 0.204600
vt 0.936000 0.169900
vt 0.957000 0.209000
vt 0.758300 0.170400
vt 0.891600 0.165000
vt 0.736800 0.209500
vt 0.938000 0.125000
vt 0.960400 0.172900
vt 0.847200 0.200700
vt 0.965300 0.130400
vt 0.891600 0.120100
vt 0.802200 0.165000
vt 0.847200 0.120600
vt 0.891600 0.079600
vt 0.756300 0.125000
vt 0.847200 0.163600
vt 0.728500 0.130900
vt 0.944800 0.077100
vt 0.733400 0.172900
vt 0.846700 0.076700
vt 0.802200 0.120100
vt 0.703100 0.176300
vt 0.927700 0.059600
vt 0.710000 0.211400
vt 0.971200 0.065900
vt 0.802200 0.079600
vt 0.706500 0.128400
vt 0.959000 0.101100
vt 0.734900 0.101100
vt 0.981900 0.094700
vt 0.749000 0.077100
vt 0.711900 0.095200
vt 0.987300 0.128400
vt 0.766100 0.059600
vt 0.722700 0.065900
vt 0.802200 0.044900
vt 0.752400 0.034700
vt 0.990700 0.176300
vt 0.846700 0.040000
vt 0.801800 0.016100
vt 0.891600 0.044900
vt 0.983900 0.210900
vt 0.846700 0.011200
vt 0.892100 0.016100
vt 0.941400 0.034700
vt 0.569800 0.583700
vt 0.452900 0.491700
vt 0.437700 0.487300
vt 0.417000 0.484900
vt 0.595700 0.064000
vt 0.646000 0.064900
vt 0.604000 0.078100
vt 0.646000 0.056200
vt 0.645500 0.078600
vt 0.588900 0.056200
vt 0.614700 0.091800
vt 0.687500 0.078100
vt 0.646000 0.055700
vt 0.645500 0.091800
vt 0.695800 0.064500
vt 0.588400 0.055200
vt 0.676300 0.091800
vt 0.646000 0.054700
vt 0.702600 0.056200
vt 0.626500 0.099100
vt 0.587900 0.054700
vt 0.665000 0.099100
vt 0.593800 0.046900
vt 0.703100 0.055700
vt 0.645500 0.099100
vt 0.646000 0.045400
vt 0.645500 0.104500
vt 0.703600 0.054700
vt 0.646000 0.038600
vt 0.697800 0.046900
vt 0.599100 0.039600
vt 0.692900 0.039600
vt 0.604000 0.032200
vt 0.687500 0.032700
vt 0.646000 0.031300
vt 0.615700 0.019500
vt 0.675800 0.019500
vt 0.646000 0.018600
vt 0.631800 0.011700
vt 0.659700 0.012200
vt 0.646000 0.010300
vt 0.646000 0.008300
vt 0.724600 0.243700
vt 0.100800 0.623800
vt 0.099500 0.590300
vt 0.105200 0.624000
vt 0.094400 0.593000
vt 0.105200 0.589800
vt 0.095600 0.621800
vt 0.110800 0.590300
vt 0.091200 0.595700
vt 0.109500 0.623800
vt 0.092000 0.619600
vt 0.115900 0.593000
vt 0.089400 0.598600
vt 0.114700 0.621800
vt 0.089800 0.617200
vt 0.119100 0.595700
vt 0.088100 0.602100
vt 0.118300 0.619600
vt 0.088500 0.615000
vt 0.121000 0.598600
vt 0.087400 0.606200
vt 0.087300 0.610800
vt 0.120500 0.617200
vt 0.122300 0.602100
vt 0.121800 0.615000
vt 0.122900 0.606200
vt 0.123000 0.610800
vt 0.153000 0.675000
vt 0.171400 0.663100
vt 0.190700 0.648400
vt 0.156500 0.678000
vt 0.174900 0.667700
vt 0.193200 0.653800
vt 0.161100 0.681900
vt 0.160000 0.547600
vt 0.166700 0.545200
vt 0.964400 0.294400
vt 0.963400 0.295400
vt 0.963900 0.295400
vt 0.965300 0.294900
vt 0.963900 0.295900
vt 0.965800 0.293500
vt 0.964800 0.295900
vt 0.962900 0.295400
vt 0.966800 0.294900
vt 0.964400 0.296900
vt 0.962900 0.296400
vt 0.966300 0.296400
vt 0.967800 0.293500
vt 0.963400 0.296400
vt 0.965800 0.297900
vt 0.968800 0.295400
vt 0.963400 0.296900
vt 0.967300 0.298300
vt 0.969700 0.293500
vt 0.963400 0.297900
vt 0.968300 0.296900
vt 0.971200 0.296400
vt 0.965300 0.298800
vt 0.971700 0.294400
vt 0.970200 0.297900
vt 0.969700 0.298800
vt 0.966800 0.299800
vt 0.974100 0.295400
vt 0.968800 0.300300
vt 0.973100 0.296900
vt 0.971700 0.299800
vt 0.976100 0.296900
vt 0.972200 0.298300
vt 0.971200 0.300800
vt 0.975100 0.298300
vt 0.973600 0.300800
vt 0.978000 0.298300
vt 0.974600 0.299300
vt 0.972700 0.301800
vt 0.977100 0.299800
vt 0.975600 0.301800
vt 0.980000 0.300300
vt 0.976600 0.300800
vt 0.974600 0.302700
vt 0.979000 0.301800
vt 0.977500 0.303200
vt 0.982400 0.302700
vt 0.978500 0.302200
vt 0.977100 0.304200
vt 0.981400 0.303700
vt 0.980500 0.304200
vt 0.983900 0.305700
vt 0.979000 0.305700
vt 0.980000 0.305200
vt 0.982900 0.306200
vt 0.981400 0.308100
vt 0.985400 0.308600
vt 0.982400 0.307100
vt 0.981900 0.307600
vt 0.984900 0.309100
vt 0.983400 0.310500
vt 0.984400 0.309600
vt 0.986800 0.311000
vt 0.983900 0.310100
vt 0.986300 0.311500
vt 0.985800 0.312000
vt 0.986800 0.312000
vt 0.987300 0.312500
vt 0.986300 0.312500
vt 0.986800 0.313000
vt 0.988300 0.313500
vt 0.990200 0.386700
vt 0.988300 0.386200
vt 0.982400 0.405300
vt 0.991200 0.366200
vt 0.981000 0.404300
vt 0.992700 0.366200
vt 0.970700 0.419900
vt 0.979500 0.403300
vt 0.990200 0.345700
vt 0.969200 0.418500
vt 0.986800 0.385700
vt 0.988300 0.346200
vt 0.955100 0.429200
vt 0.967800 0.417000
vt 0.982400 0.327600
vt 0.989300 0.366200
vt 0.980500 0.328100
vt 0.976100 0.400400
vt 0.954100 0.427200
vt 0.970200 0.313000
vt 0.982900 0.384300
vt 0.953600 0.425800
vt 0.968800 0.314000
vt 0.984900 0.366200
vt 0.965300 0.413100
vt 0.967800 0.315400
vt 0.969200 0.394000
vt 0.952600 0.420900
vt 0.953600 0.307100
vt 0.974600 0.380900
vt 0.938500 0.423800
vt 0.954600 0.305200
vt 0.976100 0.366200
vt 0.950200 0.411100
vt 0.955100 0.303700
vt 0.974100 0.351600
vt 0.960400 0.404300
vt 0.938500 0.300300
vt 0.962900 0.356400
vt 0.938500 0.302200
vt 0.982400 0.348100
vt 0.922400 0.305200
vt 0.953600 0.392100
vt 0.921400 0.303200
vt 0.986300 0.346700
vt 0.959500 0.385300
vt 0.907700 0.314000
vt 0.906300 0.312500
vt 0.962900 0.376000
vt 0.895500 0.328100
vt 0.979000 0.329100
vt 0.894000 0.327100
vt 0.964400 0.366200
vt 0.888200 0.346200
vt 0.886200 0.345700
vt 0.897500 0.329100
vt 0.965300 0.319800
vt 0.949200 0.361800
vt 0.885700 0.366200
vt 0.952600 0.311500
vt 0.947800 0.357900
vt 0.883800 0.366200
vt 0.959000 0.347200
vt 0.886700 0.386700
vt 0.938500 0.308600
vt 0.888200 0.386200
vt 0.938500 0.303700
vt 0.968800 0.338400
vt 0.894500 0.405300
vt 0.896000 0.404300
vt 0.975600 0.332000
vt 0.906300 0.419400
vt 0.907700 0.418500
vt 0.922900 0.306600
vt 0.921400 0.428700
vt 0.922400 0.427200
vt 0.908700 0.315400
vt 0.960400 0.328100
vt 0.938000 0.432100
vt 0.924300 0.311500
vt 0.949700 0.321300
vt 0.938500 0.430200
vt 0.911100 0.319300
vt 0.938500 0.319300
vt 0.938500 0.428700
vt 0.926800 0.321300
vt 0.900900 0.332000
vt 0.916000 0.328100
vt 0.938500 0.334000
vt 0.890100 0.346700
vt 0.922900 0.425300
vt 0.924300 0.420900
vt 0.946300 0.335400
vt 0.887700 0.366200
vt 0.938500 0.352100
vt 0.908700 0.417000
vt 0.894000 0.348100
vt 0.930200 0.335400
vt 0.890100 0.385700
vt 0.934600 0.352500
vt 0.897500 0.403300
vt 0.894000 0.384300
vt 0.923300 0.340300
vt 0.891600 0.366200
vt 0.900900 0.400400
vt 0.907700 0.338400
vt 0.911100 0.413100
vt 0.902300 0.380900
vt 0.902300 0.351600
vt 0.907700 0.394000
vt 0.900400 0.366200
vt 0.926800 0.411100
vt 0.913600 0.356400
vt 0.938500 0.413100
vt 0.913600 0.376500
vt 0.917500 0.347200
vt 0.917500 0.385300
vt 0.912600 0.366200
vt 0.923300 0.392100
vt 0.927200 0.361800
vt 0.938500 0.398400
vt 0.916500 0.404300
vt 0.927200 0.370600
vt 0.946300 0.397000
vt 0.929200 0.374500
vt 0.931600 0.377900
vt 0.930700 0.397000
vt 0.938500 0.366200
vt 0.938500 0.380400
vt 0.926800 0.366200
vt 0.934600 0.379900
vt 0.941900 0.379900
vt 0.945300 0.377900
vt 0.929200 0.357900
vt 0.947800 0.374500
vt 0.949200 0.370600
vt 0.931600 0.354500
vt 0.949700 0.366200
vt 0.941900 0.352500
vt 0.944800 0.354500
vt 0.953600 0.340300
s 1
usemtl Material__30
f 1/1/1 2/2/2 3/3/3
f 3/3/4 2/2/2 4/4/5
f 2/2/2 5/5/6 4/4/5
f 4/4/5 5/5/6 6/6/7
f 5/5/6 7/7/8 6/6/7
f 6/6/7 7/7/8 8/8/9
f 7/7/8 9/9/10 8/8/9
f 2/2/2 1/1/1 10/10/11
f 3/3/3 4/4/5 11/11/12
f 7/7/8 5/5/6 12/12/13
f 5/5/6 2/2/2 13/13/14
f 13/13/14 2/2/2 10/10/11
f 3/3/3 14/14/15 1/1/1
f 9/9/10 7/7/8 15/15/16
f 12/12/13 5/5/6 13/13/14
f 11/11/12 16/16/17 3/3/3
f 3/3/3 16/16/17 14/14/15
f 15/15/16 7/7/8 12/12/13
f 8/8/9 9/9/10 17/17/18
f 11/11/12 4/4/5 18/18/19
f 19/19/20 9/9/10 15/15/16
f 15/15/16 12/12/13 20/20/21
f 9/9/10 21/21/22 17/17/18
f 4/4/5 6/6/7 18/18/19
f 21/21/22 9/9/10 19/19/20
f 20/20/21 12/12/13 22/22/23
f 17/17/18 21/21/22 23/23/24
f 18/18/19 6/6/7 24/24/25
f 6/6/7 8/8/9 24/24/25
f 12/12/13 13/13/14 22/22/23
f 21/21/22 25/25/26 23/23/24
f 24/24/25 26/26/27 18/18/19
f 24/24/25 8/8/9 27/27/28
f 8/8/9 17/17/18 27/27/28
f 25/25/26 21/21/22 28/28/29
f 24/24/25 27/27/28 26/26/27
f 28/28/29 21/21/22 19/19/20
f 18/18/19 26/26/27 29/29/30
f 23/23/24 25/25/26 30/30/31
f 31/31/32 25/25/26 28/28/29
f 28/28/29 19/19/20 32/32/33
f 26/26/27 27/27/28 33/33/34
f 25/25/26 34/34/35 30/30/31
f 34/34/35 25/25/26 31/31/32
f 32/32/33 19/19/20 35/35/36
f 27/27/28 36/36/37 33/33/34
f 30/30/31 34/34/35 37/37/38
f 38/38/39 28/28/29 32/32/33
f 31/31/32 28/28/29 38/38/39
f 39/39/40 36/36/37 27/27/28
f 34/34/35 40/40/41 37/37/38
f 41/41/42 34/34/35 31/31/32
f 42/42/43 31/31/32 38/38/39
f 36/36/37 43/43/44 33/33/34
f 40/40/41 34/34/35 41/41/42
f 41/41/42 31/31/32 42/42/43
f 38/38/39 32/32/33 44/44/45
f 33/33/34 43/43/44 45/45/46
f 37/37/38 40/40/41 46/46/47
f 42/42/43 38/38/39 47/47/48
f 47/47/48 38/38/39 44/44/45
f 43/43/44 48/48/49 45/45/46
f 37/37/38 46/46/47 49/49/50
f 47/47/51 44/44/45 50/50/51
f 33/33/52 45/45/46 26/26/27
f 51/51/53 37/37/38 49/49/50
f 49/49/50 46/46/47 52/52/54
f 50/50/51 44/44/45 53/53/55
f 26/26/27 45/45/46 54/54/56
f 51/51/53 49/49/50 55/55/57
f 49/49/50 52/52/54 56/56/58
f 44/44/45 57/57/59 53/53/55
f 26/26/27 54/54/56 29/29/30
f 55/55/57 49/49/50 56/56/58
f 44/44/45 32/32/33 57/57/59
f 53/53/55 57/57/59 58/58/60
f 29/29/30 54/54/56 59/59/61
f 56/56/58 52/52/54 60/60/62
f 32/32/33 35/35/36 57/57/59
f 29/29/30 59/59/61 61/61/63
f 55/55/57 56/56/58 62/62/64
f 56/56/58 60/60/62 63/63/65
f 57/57/59 35/35/36 64/64/66
f 57/57/59 64/64/66 58/58/60
f 65/65/67 55/55/57 62/62/64
f 62/62/64 56/56/58 63/63/65
f 35/35/36 20/20/21 64/64/66
f 58/58/60 64/64/66 66/66/68
f 67/67/69 55/55/57 65/65/67
f 63/63/65 60/60/62 68/68/70
f 35/35/36 15/15/16 20/20/21
f 67/67/69 51/51/53 55/55/57
f 68/68/70 69/69/71 63/63/65
f 19/19/20 15/15/16 35/35/36
f 70/70/72 51/51/53 67/67/69
f 64/64/66 20/20/21 71/71/73
f 64/64/66 71/71/73 66/66/68
f 63/63/65 69/69/71 72/72/74
f 70/70/72 30/30/31 51/51/53
f 20/20/21 73/73/75 71/71/73
f 63/63/65 72/72/74 62/62/64
f 23/23/24 30/30/31 70/70/72
f 30/30/31 37/37/38 51/51/53
f 73/73/75 74/74/76 71/71/73
f 62/62/64 72/72/74 75/75/77
f 39/39/40 23/23/24 70/70/72
f 22/22/23 73/73/75 20/20/21
f 62/62/64 75/75/77 65/65/67
f 17/17/18 23/23/24 39/39/40
f 22/22/23 76/76/78 73/73/75
f 39/39/40 70/70/72 36/77/79
f 67/67/69 65/65/67 36/77/79
f 27/27/28 17/17/18 39/39/40
f 77/78/80 76/76/78 22/22/23
f 36/77/79 70/70/72 67/67/69
f 36/77/79 65/65/67 43/79/81
f 76/76/78 78/80/82 73/73/75
f 77/78/80 22/22/23 79/81/83
f 65/65/67 75/75/77 48/82/84
f 65/65/67 48/82/84 43/79/81
f 76/76/78 80/83/85 78/80/82
f 22/22/23 81/84/86 79/81/83
f 77/78/80 82/85/87 76/76/78
f 73/73/75 78/80/82 74/74/76
f 82/85/87 80/83/85 76/76/78
f 81/84/86 83/86/88 79/81/83
f 84/87/89 82/85/87 77/78/80
f 22/22/90 13/13/14 81/84/86
f 82/85/87 85/88/91 80/83/85
f 79/81/83 83/86/88 86/89/92
f 79/81/83 86/89/92 77/78/80
f 77/78/80 86/89/92 84/87/89
f 13/13/14 10/10/11 81/84/86
f 80/83/85 85/88/91 87/90/93
f 81/84/86 10/10/11 83/86/88
f 83/86/88 88/91/94 86/89/92
f 84/87/89 89/92/95 82/85/87
f 82/85/87 89/92/95 85/88/91
f 85/88/91 90/93/96 87/90/93
f 10/10/11 91/94/97 83/86/88
f 83/86/88 91/94/97 88/91/94
f 86/89/92 92/95/98 84/87/89
f 84/87/89 92/95/98 89/92/95
f 93/96/99 90/93/96 85/88/91
f 10/10/11 1/1/1 91/94/97
f 86/89/92 88/91/94 92/95/98
f 89/92/95 93/96/99 85/88/91
f 94/97/100 90/93/96 93/96/99
f 95/98/101 91/94/97 1/1/1
f 88/91/94 96/99/102 92/95/98
f 94/97/100 93/96/99 97/100/103
f 1/1/1 14/14/15 95/98/101
f 98/101/104 96/99/102 88/91/94
f 99/102/105 94/97/100 97/100/103
f 97/100/103 93/96/99 100/103/106
f 96/99/102 100/103/106 92/95/98
f 100/103/106 93/96/99 89/92/95
f 98/101/104 88/91/94 101/104/107
f 96/99/102 97/100/103 100/103/106
f 92/95/98 100/103/106 89/92/95
f 101/104/107 91/94/97 95/98/101
f 101/104/107 88/91/94 91/94/97
f 98/101/104 102/105/108 96/99/102
f 97/100/103 102/105/108 99/102/105
f 14/14/15 103/106/109 95/98/101
f 104/107/110 101/104/107 95/98/101
f 102/105/108 97/100/103 96/99/102
f 99/102/105 102/105/108 105/108/111
f 95/98/101 103/106/109 104/107/110
f 105/108/111 102/105/108 98/101/104
f 106/109/112 101/104/107 104/107/110
f 99/102/105 105/108/111 107/110/113
f 103/106/109 108/111/114 104/107/110
f 105/108/111 98/101/104 106/109/112
f 106/109/112 98/101/104 101/104/107
f 109/112/115 99/102/105 107/110/113
f 104/107/110 108/111/114 110/113/116
f 107/110/113 106/109/112 110/113/116
f 107/110/113 105/108/111 106/109/112
f 14/14/15 111/114/117 103/106/109
f 110/113/116 106/109/112 104/107/110
f 108/111/114 112/115/118 110/113/116
f 109/112/115 107/110/113 113/116/119
f 111/114/117 114/117/120 103/106/109
f 103/106/109 114/117/120 108/111/114
f 110/113/116 112/115/118 113/116/119
f 115/118/121 109/112/115 113/116/119
f 113/116/119 107/110/113 110/113/116
f 16/16/17 111/114/117 14/14/15
f 112/115/118 116/119/122 113/116/119
f 113/116/119 116/119/122 115/118/121
f 117/120/123 109/112/115 115/118/121
f 16/16/17 118/121/124 111/114/117
f 108/111/114 119/122/125 112/115/118
f 114/117/120 119/122/125 108/111/114
f 117/120/123 120/123/126 109/112/115
f 121/124/127 118/121/124 16/16/17
f 111/114/117 122/125/128 114/117/120
f 123/126/129 117/120/123 115/118/121
f 11/11/12 121/124/127 16/16/17
f 118/121/124 122/125/128 111/114/117
f 115/118/121 124/127/130 123/126/129
f 61/128/131 121/124/127 11/11/12
f 121/124/127 125/129/132 118/121/124
f 122/125/128 126/130/133 114/117/120
f 124/127/130 127/131/134 123/126/129
f 61/128/131 128/132/135 121/124/127
f 128/132/135 125/129/132 121/124/127
f 114/117/120 126/130/133 119/122/125
f 123/126/129 127/131/134 129/133/136
f 130/134/137 128/132/135 61/128/131
f 125/129/132 131/135/138 118/121/124
f 118/121/124 131/135/138 122/125/128
f 127/131/134 46/136/139 129/133/136
f 69/137/140 128/132/135 130/134/137
f 132/138/141 125/129/132 128/132/135
f 131/135/138 133/139/142 122/125/128
f 122/125/128 133/139/142 126/130/133
f 132/138/141 128/132/135 69/137/140
f 129/133/136 46/136/139 40/140/143
f 134/141/144 133/139/142 131/135/138
f 135/142/145 125/129/132 132/138/141
f 40/140/143 136/143/146 129/133/136
f 134/141/144 131/135/138 135/142/145
f 127/131/134 52/144/147 46/136/139
f 135/142/145 131/135/138 125/129/132
f 136/143/146 137/145/148 129/133/136
f 138/146/149 52/144/147 127/131/134
f 41/147/150 136/143/146 40/140/143
f 129/133/136 137/145/148 123/126/129
f 124/127/130 138/146/149 127/131/134
f 41/147/150 139/148/151 136/143/146
f 138/146/149 60/149/152 52/144/147
f 137/145/148 117/120/123 123/126/129
f 42/150/153 139/148/151 41/147/150
f 140/151/154 138/146/149 124/127/130
f 137/145/148 141/152/155 117/120/123
f 42/150/153 47/153/156 139/148/151
f 116/119/122 140/151/154 124/127/130
f 142/154/157 141/152/155 137/145/148
f 139/148/151 142/154/157 136/143/146
f 139/148/151 47/153/156 143/155/158
f 144/156/159 140/151/154 116/119/122
f 136/143/146 142/154/157 137/145/148
f 139/148/151 143/155/158 142/154/157
f 47/153/156 50/157/160 143/155/158
f 144/156/159 145/158/161 140/151/154
f 116/119/122 124/127/130 115/118/121
f 142/154/157 146/159/162 141/152/155
f 142/154/157 143/155/158 146/159/162
f 147/160/163 145/158/161 144/156/159
f 112/115/118 144/156/159 116/119/122
f 141/152/155 146/159/162 148/161/164
f 143/155/158 149/162/165 146/159/162
f 143/155/158 50/157/160 149/162/165
f 119/122/166 144/156/159 112/115/167
f 119/122/166 147/160/163 144/156/159
f 141/152/155 148/161/164 120/123/126
f 146/159/162 150/163/168 148/161/164
f 146/159/162 149/162/165 150/163/168
f 126/164/169 147/160/163 119/122/166
f 141/152/155 120/123/126 117/120/123
f 120/123/126 148/161/164 151/165/170
f 148/161/164 150/163/168 152/166/171
f 126/164/169 153/167/172 147/160/163
f 148/161/164 152/166/171 151/165/170
f 151/165/170 154/168/173 120/123/126
f 133/169/174 153/167/172 126/164/169
f 147/160/163 153/167/172 145/158/161
f 151/165/170 152/166/171 155/170/175
f 120/123/126 154/168/173 99/102/105
f 153/167/172 133/169/174 134/171/176
f 155/170/175 156/172/177 151/165/170
f 120/123/126 99/102/105 109/112/115
f 151/165/170 156/172/177 154/168/173
f 145/158/161 153/167/172 157/173/178
f 135/174/179 153/167/172 134/171/176
f 154/168/173 94/97/100 99/102/105
f 156/172/177 158/175/180 154/168/173
f 157/173/178 153/167/172 135/174/179
f 145/158/161 157/173/178 159/176/181
f 154/168/173 158/175/180 94/97/100
f 158/175/180 90/93/96 94/97/100
f 132/177/182 157/173/178 135/174/179
f 145/158/161 159/176/181 140/151/154
f 160/178/183 157/173/178 132/177/182
f 159/176/181 157/173/178 160/178/183
f 140/151/154 159/176/181 138/146/149
f 160/178/183 132/177/182 68/179/184
f 159/176/181 60/149/152 138/146/149
f 159/176/181 160/178/183 60/149/152
f 60/149/152 160/178/183 68/179/184
f 68/179/184 132/177/182 69/180/185
f 11/11/12 18/18/19 61/61/186
f 61/61/186 18/18/19 29/29/30
f 61/61/186 59/59/61 130/181/187
f 130/181/187 59/59/61 69/182/188
f 69/182/188 59/59/61 72/183/189
f 54/54/56 72/183/189 59/59/61
f 75/184/190 72/183/189 54/54/56
f 45/45/46 75/184/190 54/54/56
f 48/48/49 75/184/190 45/45/46
f 74/185/191 161/186/191 162/187/191
f 74/185/191 163/188/191 161/186/191
f 162/187/191 161/186/191 66/189/191
f 161/186/191 163/188/191 66/189/191
f 78/190/191 163/188/191 74/185/191
f 66/189/191 163/188/191 58/191/191
f 78/190/191 164/192/191 163/188/191
f 163/188/191 164/192/191 58/191/191
f 80/193/191 164/192/191 78/190/191
f 58/191/191 164/192/191 53/194/191
f 80/193/191 165/195/191 164/192/191
f 165/195/191 53/194/191 164/192/191
f 87/196/191 165/195/191 80/193/191
f 50/197/191 53/194/191 165/195/191
f 87/196/191 90/198/191 165/195/191
f 165/195/191 149/199/191 50/197/191
f 165/195/191 90/198/191 166/200/191
f 166/200/191 149/199/191 165/195/191
f 90/198/191 158/201/191 166/200/191
f 166/200/191 150/202/191 149/199/191
f 166/200/191 158/201/191 167/203/191
f 167/203/191 150/202/191 166/200/191
f 158/201/191 156/204/191 167/203/191
f 167/203/191 152/205/191 150/202/191
f 167/203/191 156/204/191 168/206/191
f 168/206/191 152/205/191 167/203/191
f 156/204/191 155/207/191 168/206/191
f 168/206/191 155/207/191 152/205/191
f 71/71/73 74/74/76 162/208/192
f 66/66/68 71/71/73 162/208/192
f 169/209/193 170/210/194 171/211/195
f 172/212/196 169/209/193 171/211/195
f 171/211/195 170/210/194 173/213/197
f 174/214/198 169/209/193 172/212/196
f 170/210/194 175/215/199 173/213/197
f 176/216/200 174/214/198 172/212/196
f 170/210/194 169/209/193 177/217/201
f 175/215/199 170/210/194 177/217/201
f 169/209/193 174/214/198 177/217/201
f 173/213/197 175/215/199 178/218/202
f 179/219/203 174/214/198 176/216/200
f 174/214/198 179/219/203 177/217/201
f 175/215/199 180/220/204 178/218/202
f 180/220/204 175/215/199 177/217/201
f 181/221/205 179/219/203 176/216/200
f 178/218/202 180/220/204 182/222/206
f 183/223/207 180/220/204 177/217/201
f 180/220/204 183/223/207 182/222/206
f 184/224/208 179/219/203 181/221/205
f 179/219/203 184/224/208 177/217/201
f 182/222/206 183/223/207 185/225/209
f 186/226/210 184/224/208 181/221/205
f 187/227/211 183/223/207 177/217/201
f 183/223/207 187/227/211 185/225/209
f 188/228/212 184/224/208 186/226/210
f 184/224/208 188/228/212 177/217/201
f 185/225/209 187/227/211 189/229/213
f 190/230/214 188/228/212 186/226/210
f 191/231/215 187/227/211 177/217/201
f 187/227/211 191/231/215 189/229/213
f 192/232/216 188/228/212 190/230/214
f 188/228/212 192/232/216 177/217/201
f 189/229/213 191/231/215 193/233/217
f 194/234/218 192/232/216 190/230/214
f 195/235/219 191/231/215 177/217/201
f 191/231/215 195/235/219 193/233/217
f 196/236/220 192/232/216 194/234/218
f 192/232/216 196/236/220 177/217/201
f 193/233/217 195/235/219 197/237/221
f 198/238/222 196/236/220 194/234/218
f 199/239/223 195/235/219 177/217/201
f 195/235/219 199/239/223 197/237/221
f 200/240/224 196/236/220 198/238/222
f 196/236/220 200/240/224 177/217/201
f 197/237/221 199/239/223 201/241/225
f 202/242/226 200/240/224 198/238/222
f 203/243/227 199/239/223 177/217/201
f 199/239/223 203/243/227 201/241/225
f 204/244/228 200/240/224 202/242/226
f 200/240/224 204/244/228 177/217/201
f 201/241/225 203/243/227 205/245/229
f 206/246/230 204/244/228 202/242/226
f 207/247/231 203/243/227 177/217/201
f 203/243/227 207/247/231 205/245/229
f 208/248/232 204/244/228 206/246/230
f 208/248/232 207/247/231 177/217/201
f 204/244/228 208/248/232 177/217/201
f 205/245/229 207/247/231 209/249/233
f 209/249/233 208/248/232 206/246/230
f 207/247/231 208/248/232 209/249/233
f 201/250/234 205/251/235 210/252/236
f 211/253/237 201/250/234 210/252/236
f 210/252/236 205/251/235 212/254/238
f 197/255/239 201/250/234 211/253/237
f 205/251/235 209/256/240 212/254/238
f 213/257/241 197/255/239 211/253/237
f 212/254/238 209/256/240 214/258/242
f 193/259/243 197/255/239 213/257/241
f 209/256/240 206/260/244 214/258/242
f 215/261/245 193/259/243 213/257/241
f 214/258/242 206/260/244 216/262/246
f 189/263/247 193/259/243 215/261/245
f 206/260/244 202/264/248 216/262/246
f 217/265/249 189/263/247 215/261/245
f 185/266/249 189/263/247 217/265/249
f 216/262/246 202/264/248 218/267/250
f 202/264/248 198/268/251 218/267/250
f 218/267/250 198/268/251 219/269/252
f 198/268/251 194/270/253 219/269/252
f 219/269/252 194/270/253 220/271/253
f 185/272/254 217/273/254 182/274/255
f 182/274/255 217/273/254 221/275/256
f 182/274/255 221/275/256 178/276/257
f 178/276/257 221/275/256 222/277/258
f 178/276/257 222/277/258 173/278/259
f 173/278/259 222/277/258 223/279/260
f 173/278/259 223/279/260 171/280/261
f 171/280/261 223/279/260 224/281/262
f 171/280/261 224/281/262 172/282/263
f 172/282/263 224/281/262 225/283/264
f 172/282/263 225/283/264 176/284/265
f 176/284/265 225/283/264 226/285/266
f 176/284/265 226/285/266 181/286/267
f 181/286/267 226/285/266 227/287/268
f 181/286/267 227/287/268 186/288/269
f 186/288/269 227/287/268 228/289/270
f 186/288/269 228/289/270 190/290/271
f 190/290/271 228/289/270 229/291/272
f 190/290/271 229/291/272 194/292/273
f 194/292/273 229/291/272 220/293/273
f 230/1/274 231/3/275 232/98/276
f 232/98/276 233/94/277 230/1/274
f 232/98/276 231/3/275 234/14/278
f 235/104/279 233/94/277 232/98/276
f 230/1/274 236/2/280 231/3/275
f 232/98/276 234/14/278 237/294/281
f 232/98/276 238/109/282 235/104/279
f 235/104/279 239/91/283 233/94/277
f 231/3/275 236/2/280 240/4/284
f 237/294/281 238/109/282 232/98/276
f 238/109/282 241/295/285 235/104/279
f 241/295/285 239/91/283 235/104/279
f 231/3/275 242/11/286 234/14/278
f 237/294/281 234/14/278 243/106/287
f 237/294/281 244/296/288 238/109/282
f 241/295/285 245/95/289 239/91/283
f 234/14/278 242/11/286 246/16/290
f 234/14/278 246/16/290 243/106/287
f 247/297/291 244/296/288 237/294/281
f 248/99/292 245/95/289 241/295/285
f 242/11/286 249/298/293 246/16/290
f 237/294/281 243/106/287 247/297/291
f 241/295/285 250/105/294 248/99/292
f 231/3/275 251/18/295 242/11/286
f 243/106/287 246/16/290 252/299/296
f 253/108/297 250/105/294 241/295/285
f 240/4/284 251/18/295 231/3/275
f 247/297/291 243/106/287 254/111/298
f 243/106/287 252/299/296 254/111/298
f 255/102/299 250/105/294 253/108/297
f 240/4/284 256/300/300 251/18/295
f 247/297/291 254/111/298 257/116/301
f 258/100/302 250/105/294 255/102/299
f 259/6/303 256/300/300 240/4/284
f 257/116/301 260/301/304 247/297/291
f 255/102/299 261/97/305 258/100/302
f 240/4/284 262/5/306 259/6/303
f 257/116/301 254/111/298 263/115/307
f 264/302/308 261/97/305 255/102/299
f 236/2/280 262/5/306 240/4/284
f 257/116/301 263/115/307 265/303/309
f 266/123/310 264/302/308 255/102/299
f 262/5/306 236/2/280 267/13/311
f 265/303/309 268/120/312 257/116/301
f 269/304/313 264/302/308 266/123/310
f 262/5/306 270/305/314 259/6/303
f 265/303/309 263/115/307 271/119/315
f 266/123/310 272/306/316 269/304/313
f 270/305/314 262/5/306 273/12/317
f 273/12/317 262/5/306 267/13/311
f 263/115/307 274/122/318 271/119/315
f 275/307/319 272/306/316 266/123/310
f 276/308/320 270/305/314 273/12/317
f 263/115/307 277/117/321 274/122/318
f 260/301/304 275/307/319 266/123/310
f 278/309/322 270/305/314 276/308/320
f 254/111/298 277/117/321 263/115/307
f 268/120/312 275/307/319 260/301/304
f 270/305/314 278/309/322 279/8/323
f 254/111/298 252/299/296 277/117/321
f 257/116/301 268/120/312 260/301/304
f 259/6/303 270/305/314 279/8/323
f 279/8/323 278/309/322 280/17/324
f 252/299/296 281/310/325 277/117/321
f 260/301/304 266/123/310 244/296/288
f 259/6/303 279/8/323 256/300/300
f 282/311/326 281/310/325 252/299/296
f 247/297/291 260/301/304 244/296/288
f 244/296/288 266/123/310 255/102/299
f 256/300/300 279/8/323 283/27/327
f 279/8/323 280/17/324 283/27/327
f 246/16/290 282/311/326 252/299/296
f 255/102/299 253/108/297 244/296/288
f 283/27/327 284/312/328 256/300/300
f 285/313/329 282/311/326 246/16/290
f 283/27/327 280/17/324 286/39/330
f 244/296/288 253/108/297 238/109/282
f 246/16/290 249/298/293 285/313/329
f 286/39/330 287/314/331 283/27/327
f 283/27/332 287/314/331 284/312/328
f 253/108/297 241/295/285 238/109/282
f 249/298/293 288/315/333 285/313/329
f 280/17/324 289/23/334 286/39/330
f 256/300/300 284/312/328 290/316/335
f 287/314/331 291/43/336 284/312/328
f 285/313/329 288/315/333 292/317/337
f 286/39/330 289/23/334 293/318/338
f 256/300/300 290/316/335 251/18/295
f 292/317/337 294/319/339 285/313/329
f 293/318/338 295/320/340 286/39/330
f 280/17/324 296/21/341 289/23/334
f 288/315/333 297/138/342 292/317/337
f 297/138/342 294/319/339 292/317/337
f 286/39/330 295/320/340 287/321/343
f 278/309/322 296/21/341 280/17/324
f 298/322/344 297/138/342 288/315/333
f 285/313/329 294/319/339 282/311/326
f 296/21/341 278/309/322 299/19/345
f 295/320/340 300/323/346 287/321/343
f 301/324/347 294/319/339 297/138/342
f 302/28/348 296/21/341 299/19/345
f 295/320/340 303/325/349 300/323/346
f 301/324/347 304/135/350 294/319/339
f 294/319/339 304/135/350 282/311/326
f 305/326/351 296/21/341 302/28/348
f 306/327/352 303/325/349 295/320/340
f 307/328/353 304/135/350 301/324/347
f 296/21/341 305/326/351 289/23/334
f 295/320/340 308/329/354 306/327/352
f 309/139/355 304/135/350 307/328/353
f 306/327/352 310/330/356 303/325/349
f 289/23/334 305/326/351 311/331/357
f 304/135/350 309/139/355 281/310/325
f 282/311/326 304/135/350 281/310/325
f 312/332/358 310/330/356 306/327/352
f 305/326/351 313/34/359 311/331/357
f 281/310/325 309/139/355 314/333/360
f 306/327/352 315/334/361 312/332/358
f 308/329/354 315/334/361 306/327/352
f 311/331/357 313/34/359 316/335/362
f 281/310/325 314/333/360 277/117/321
f 311/331/357 316/335/362 308/329/354
f 308/329/354 316/335/362 315/334/361
f 315/334/361 317/336/363 312/332/358
f 313/34/359 318/40/364 316/335/362
f 277/117/321 314/333/360 274/122/318
f 316/335/362 319/337/365 315/334/361
f 315/334/361 319/337/365 317/336/363
f 313/34/359 305/326/351 320/338/366
f 316/335/362 318/40/364 319/337/365
f 312/332/358 317/336/363 321/339/367
f 318/40/364 313/34/359 322/41/368
f 322/41/368 313/34/359 320/338/366
f 320/338/366 305/326/351 302/28/348
f 312/332/358 321/339/367 310/330/356
f 271/119/315 274/122/318 323/340/369
f 320/338/366 302/28/348 324/38/370
f 322/41/368 320/338/366 325/341/371
f 310/330/356 321/339/367 326/342/372
f 271/119/315 323/340/369 327/343/373
f 325/341/371 320/338/366 324/38/370
f 326/342/372 298/344/374 310/330/356
f 328/345/375 271/119/315 327/343/373
f 325/341/371 324/38/370 329/346/376
f 327/343/373 323/340/369 330/347/377
f 310/330/356 298/344/374 331/348/378
f 265/303/309 271/119/315 328/345/375
f 328/345/375 327/343/373 332/349/379
f 327/343/373 330/347/377 333/350/380
f 310/330/356 331/348/378 303/325/349
f 328/345/375 334/145/381 265/303/309
f 332/349/379 327/343/373 333/350/380
f 333/350/380 330/347/377 335/351/382
f 303/325/349 331/348/378 336/352/383
f 265/303/309 334/145/381 268/120/312
f 332/349/379 333/350/380 318/353/384
f 303/325/349 336/352/383 300/323/346
f 333/350/380 335/351/382 319/354/385
f 334/145/381 337/355/386 268/120/312
f 318/353/384 333/350/380 319/354/385
f 300/323/346 336/352/383 338/356/387
f 334/145/381 339/357/388 337/355/386
f 318/353/384 322/358/389 332/349/379
f 300/323/346 338/356/387 291/359/390
f 340/360/391 339/357/388 334/145/381
f 268/120/312 337/355/386 275/307/319
f 332/349/379 322/358/389 340/360/391
f 287/321/343 300/323/346 291/359/390
f 328/345/375 340/360/391 334/145/381
f 337/355/386 341/159/392 275/307/319
f 332/349/379 340/360/391 328/345/375
f 322/358/389 325/361/393 340/360/391
f 340/360/391 325/361/393 339/357/388
f 339/357/388 342/362/394 337/355/386
f 337/355/386 342/362/394 341/159/392
f 275/307/319 341/159/392 272/306/316
f 325/361/393 329/363/395 339/357/388
f 339/357/388 329/363/395 342/362/394
f 341/159/392 343/364/396 272/306/316
f 329/363/395 344/365/397 342/362/394
f 342/362/394 345/366/398 341/159/392
f 341/159/392 345/366/398 343/364/396
f 342/362/394 344/365/397 345/366/398
f 272/306/316 343/364/396 346/166/399
f 272/306/316 346/166/399 269/304/313
f 269/304/313 346/166/399 347/367/400
f 347/367/400 348/368/401 269/304/313
f 269/304/313 348/368/401 264/302/308
f 348/368/401 349/175/402 264/302/308
f 264/302/308 349/175/402 261/97/305
f 349/175/402 350/93/403 261/97/305
f 261/97/305 350/93/403 351/96/404
f 261/97/305 351/96/404 258/100/302
f 351/96/404 350/93/403 352/88/405
f 258/100/302 351/96/404 353/103/406
f 352/88/405 350/93/403 354/90/407
f 248/99/292 258/100/302 353/103/406
f 353/103/406 351/96/404 355/92/408
f 355/92/408 351/96/404 352/88/405
f 356/83/409 352/88/405 354/90/407
f 248/99/292 353/103/406 245/95/289
f 250/105/294 258/100/302 248/99/292
f 245/95/289 353/103/406 355/92/408
f 357/85/410 352/88/405 356/83/409
f 357/85/410 355/92/408 352/88/405
f 358/87/411 245/95/289 355/92/408
f 358/87/411 355/92/408 357/85/410
f 357/85/410 356/83/409 359/369/412
f 360/89/413 245/95/289 358/87/411
f 358/87/411 357/85/410 361/78/414
f 361/78/414 357/85/410 359/369/412
f 361/78/414 360/89/413 358/87/411
f 359/369/412 356/83/409 362/80/415
f 360/89/413 239/91/283 245/95/289
f 361/78/414 359/369/412 363/22/416
f 359/369/412 362/80/415 364/73/417
f 363/22/416 359/369/412 364/73/417
f 365/370/418 239/91/283 360/89/413
f 361/78/414 363/22/416 366/81/419
f 364/73/417 362/80/415 367/74/420
f 366/81/419 365/370/418 360/89/413
f 365/370/418 233/94/277 239/91/283
f 366/81/419 360/89/413 361/78/414
f 363/22/416 364/73/417 368/20/421
f 369/84/422 365/370/418 366/81/419
f 370/10/423 233/94/277 365/370/418
f 364/73/417 367/74/420 371/71/424
f 368/20/421 364/73/417 371/71/424
f 363/22/416 369/84/422 366/81/419
f 369/84/422 370/10/423 365/370/418
f 371/71/424 367/74/420 372/371/425
f 373/64/426 368/20/421 371/71/424
f 368/20/421 273/12/317 363/22/416
f 273/12/317 369/84/422 363/22/416
f 370/10/423 230/1/274 233/94/277
f 374/35/427 368/20/421 373/64/426
f 276/308/320 273/12/317 368/20/421
f 267/13/311 369/84/422 273/12/317
f 267/13/311 370/10/423 369/84/422
f 236/2/280 230/1/274 370/10/423
f 374/35/427 276/308/320 368/20/421
f 375/57/428 374/35/427 373/64/426
f 267/13/311 236/2/280 370/10/423
f 373/64/426 371/71/424 376/66/429
f 376/66/429 371/71/424 372/371/425
f 377/372/430 374/35/427 375/57/428
f 299/19/345 276/308/320 374/35/427
f 375/57/428 373/64/426 378/58/431
f 378/58/431 373/64/426 376/66/429
f 377/372/430 299/19/345 374/35/427
f 299/19/345 278/309/322 276/308/320
f 379/44/432 377/372/430 375/57/428
f 380/373/433 375/57/428 378/58/431
f 379/44/432 375/57/428 380/373/433
f 302/28/348 299/19/345 377/372/430
f 324/38/370 377/372/430 379/44/432
f 324/38/370 302/28/348 377/372/430
f 344/50/434 379/44/432 380/373/433
f 329/346/376 324/38/370 379/44/432
f 329/346/376 379/44/432 344/50/434
f 319/354/385 335/351/382 317/374/435
f 335/351/382 381/375/436 317/374/435
f 335/351/382 382/376/437 381/375/436
f 317/374/435 381/375/436 321/377/438
f 330/347/377 382/376/437 335/351/382
f 382/376/437 383/378/439 381/375/436
f 381/375/436 326/379/440 321/377/438
f 383/378/439 326/379/440 381/375/436
f 330/347/377 384/380/441 382/376/437
f 385/381/442 383/378/439 382/376/437
f 384/380/441 385/381/442 382/376/437
f 326/379/440 383/378/439 298/382/443
f 323/340/369 384/380/441 330/347/377
f 386/383/444 385/381/442 384/380/441
f 298/382/443 383/378/439 297/384/445
f 383/378/439 385/381/442 297/384/445
f 274/122/318 384/380/441 323/340/369
f 314/385/446 386/383/444 384/380/441
f 314/385/446 384/380/441 274/122/318
f 297/384/445 385/381/442 301/386/447
f 385/381/442 386/383/444 301/386/447
f 309/387/448 386/383/444 314/385/446
f 301/386/447 386/383/444 307/388/449
f 386/383/444 309/387/448 307/388/449
f 348/185/191 347/187/191 387/186/191
f 388/188/191 348/185/191 387/186/191
f 387/186/191 347/187/191 346/189/191
f 387/186/191 346/189/191 388/188/191
f 349/190/191 348/185/191 388/188/191
f 388/188/191 346/189/191 343/191/191
f 389/192/191 349/190/191 388/188/191
f 388/188/191 343/191/191 389/192/191
f 350/193/191 349/190/191 389/192/191
f 389/192/191 343/191/191 345/194/191
f 390/195/191 350/193/191 389/192/191
f 389/192/191 345/194/191 390/195/191
f 354/196/191 350/193/191 390/195/191
f 390/195/191 345/194/191 344/197/191
f 354/196/191 390/195/191 356/198/191
f 344/197/191 380/199/191 390/195/191
f 356/198/191 390/195/191 391/200/191
f 390/195/191 380/199/191 391/200/191
f 356/198/191 391/200/191 362/201/191
f 378/202/191 391/200/191 380/199/191
f 362/201/191 391/200/191 392/203/191
f 392/203/191 391/200/191 378/202/191
f 362/201/191 392/203/191 367/204/191
f 376/205/191 392/203/191 378/202/191
f 367/204/191 392/203/191 393/206/191
f 393/206/191 392/203/191 376/205/191
f 367/204/191 393/206/191 372/207/191
f 372/207/191 393/206/191 376/205/191
f 289/23/334 311/331/357 293/318/338
f 293/318/338 311/331/357 308/329/354
f 293/318/338 308/329/354 295/320/340
f 251/18/295 394/389/450 242/11/286
f 251/18/295 290/316/335 394/389/450
f 242/11/286 394/389/450 249/61/451
f 290/316/335 395/390/452 394/389/450
f 394/389/450 396/59/453 249/61/451
f 394/389/450 395/390/452 396/59/453
f 290/316/335 397/45/454 395/390/452
f 249/61/451 396/59/453 288/181/455
f 284/312/328 397/45/454 290/316/335
f 395/390/452 331/183/456 396/59/453
f 288/181/455 396/59/453 298/391/457
f 298/391/457 396/59/453 331/183/456
f 284/312/328 291/43/336 397/45/454
f 336/392/458 331/183/456 395/390/452
f 397/45/454 336/392/458 395/390/452
f 338/393/459 397/45/454 291/43/336
f 338/393/459 336/392/458 397/45/454
f 398/1/460 399/3/461 400/394/462
f 400/394/462 401/395/463 398/1/460
f 400/394/462 399/3/461 402/396/464
f 398/1/460 401/395/463 403/94/465
f 400/394/462 402/396/464 404/107/466
f 399/3/461 405/11/467 402/396/464
f 398/1/460 406/397/468 399/3/461
f 400/394/462 407/398/469 401/395/463
f 404/107/466 407/398/469 400/394/462
f 402/396/464 405/11/467 408/399/470
f 409/400/471 406/397/468 398/1/460
f 398/1/460 403/94/465 409/400/471
f 404/107/466 410/110/472 407/398/469
f 405/11/467 411/298/473 408/399/470
f 409/400/471 412/6/474 406/397/468
f 404/107/466 402/396/464 413/401/475
f 399/3/461 414/402/476 405/11/467
f 402/396/464 408/399/470 413/401/475
f 415/5/477 412/6/474 409/400/471
f 406/397/468 414/402/476 399/3/461
f 414/402/476 416/389/478 405/11/467
f 404/107/466 413/401/475 417/403/479
f 417/403/479 410/110/472 404/107/466
f 412/6/474 418/404/480 406/397/468
f 406/397/468 418/404/480 414/402/476
f 405/11/467 416/389/478 411/405/481
f 417/403/479 419/406/482 410/110/472
f 415/5/477 420/8/483 412/6/474
f 418/404/480 421/316/484 414/402/476
f 414/402/476 421/316/484 416/389/478
f 422/116/485 419/406/482 417/403/479
f 423/305/486 420/8/483 415/5/477
f 412/6/474 424/27/487 418/404/480
f 417/403/479 425/111/488 422/116/485
f 423/305/486 426/17/489 420/8/483
f 420/8/483 424/27/487 412/6/474
f 424/27/487 427/312/490 418/404/480
f 418/404/480 427/312/490 421/316/484
f 422/116/485 425/111/488 428/115/491
f 426/17/489 429/407/492 420/8/483
f 420/8/483 429/407/492 424/27/487
f 424/27/487 430/314/493 427/312/490
f 422/116/485 428/115/491 431/118/494
f 432/9/495 426/17/489 423/305/486
f 429/407/492 430/314/493 424/27/487
f 431/118/494 433/408/496 422/116/485
f 432/9/495 434/23/497 426/17/489
f 426/17/489 435/318/498 429/407/492
f 430/314/493 436/43/499 427/312/490
f 422/116/485 433/408/496 419/406/482
f 434/23/497 435/318/498 426/17/489
f 435/318/498 437/320/500 429/407/492
f 427/312/490 436/43/499 438/45/501
f 433/408/496 439/152/502 419/406/482
f 434/23/497 440/409/503 435/318/498
f 427/312/490 438/45/501 421/316/484
f 433/408/496 441/154/504 439/152/502
f 442/331/505 440/409/503 434/23/497
f 440/409/503 443/410/506 435/318/498
f 435/318/498 443/410/506 437/320/500
f 444/145/507 441/154/504 433/408/496
f 445/21/508 442/331/505 434/23/497
f 442/331/505 446/334/509 440/409/503
f 437/320/500 443/410/506 447/323/510
f 431/118/494 444/145/507 433/408/496
f 448/411/511 442/331/505 445/21/508
f 437/320/500 447/323/510 430/412/512
f 449/345/513 444/145/507 431/118/494
f 448/411/511 450/335/514 442/331/505
f 450/335/514 446/334/509 442/331/505
f 430/412/512 447/323/510 436/413/515
f 429/407/492 437/320/500 430/412/512
f 451/34/516 450/335/514 448/411/511
f 450/335/514 452/336/517 446/334/509
f 447/323/510 453/356/518 436/413/515
f 431/118/494 454/414/519 449/345/513
f 451/34/516 455/337/520 450/335/514
f 455/337/520 452/336/517 450/335/514
f 447/323/510 456/352/521 453/356/518
f 431/118/494 428/115/491 454/414/519
f 457/40/522 455/337/520 451/34/516
f 458/325/523 456/352/521 447/323/510
f 452/336/517 459/415/524 446/334/509
f 451/34/516 460/416/525 457/40/522
f 447/323/510 443/410/506 458/325/523
f 458/325/523 461/417/526 456/352/521
f 446/334/509 459/415/524 462/332/527
f 457/40/522 460/416/525 463/41/528
f 443/410/506 462/332/527 458/325/523
f 464/418/529 461/417/526 458/325/523
f 462/332/527 459/415/524 464/418/529
f 446/334/509 462/332/527 440/409/503
f 460/416/525 465/38/530 463/41/528
f 458/325/523 462/332/527 464/418/529
f 440/409/503 462/332/527 443/410/506
f 464/418/529 459/415/524 466/419/531
f 466/419/531 461/417/526 464/418/529
f 463/41/528 465/38/530 467/42/532
f 460/416/525 468/32/533 465/38/530
f 469/344/534 461/417/526 466/419/531
f 467/42/532 465/38/530 470/47/535
f 471/28/536 468/32/533 460/416/525
f 465/38/530 468/32/533 472/44/537
f 470/47/535 465/38/530 472/44/537
f 451/34/516 471/28/536 460/416/525
f 471/28/536 473/35/538 468/32/533
f 470/47/535 472/44/537 474/50/539
f 448/411/511 471/28/536 451/34/516
f 475/19/540 473/35/538 471/28/536
f 468/32/533 473/35/538 476/420/541
f 472/44/537 468/32/533 476/420/541
f 474/50/539 472/44/537 477/53/542
f 448/411/511 475/19/540 471/28/536
f 475/19/540 478/20/543 473/35/538
f 472/44/537 476/420/541 477/53/542
f 445/21/508 475/19/540 448/411/511
f 479/308/544 478/20/543 475/19/540
f 473/35/538 478/20/543 480/64/545
f 476/420/541 473/35/538 480/64/545
f 477/53/542 476/420/541 481/58/546
f 445/21/508 479/308/544 475/19/540
f 480/64/545 478/20/543 482/71/547
f 476/420/541 480/64/545 481/58/546
f 432/9/495 479/308/544 445/21/508
f 478/20/543 483/73/548 482/71/547
f 480/64/545 482/71/547 484/66/549
f 481/58/546 480/64/545 484/66/549
f 445/21/508 434/23/497 432/9/495
f 485/22/550 483/73/548 478/20/543
f 479/308/544 485/22/550 478/20/543
f 483/73/548 486/74/551 482/71/547
f 484/66/549 482/71/547 487/208/552
f 432/9/495 488/12/553 479/308/544
f 488/12/553 485/22/550 479/308/544
f 485/22/550 489/76/554 483/73/548
f 482/71/547 486/74/551 487/208/552
f 423/305/486 488/12/553 432/9/495
f 490/78/555 489/76/554 485/22/550
f 489/76/554 491/421/556 483/73/548
f 483/73/548 491/421/556 486/74/551
f 423/305/486 492/13/557 488/12/553
f 490/78/555 485/22/550 493/422/558
f 490/78/555 494/423/559 489/76/554
f 489/76/554 495/83/560 491/421/556
f 415/5/477 492/13/557 423/305/486
f 485/22/550 496/84/561 493/422/558
f 494/423/559 495/83/560 489/76/554
f 492/13/557 496/84/561 488/12/553
f 415/5/477 497/10/562 492/13/557
f 488/12/553 496/84/561 485/22/550
f 498/424/563 494/423/559 490/78/555
f 409/400/471 497/10/562 415/5/477
f 497/10/562 499/86/564 492/13/557
f 496/84/561 499/86/564 493/422/558
f 498/424/563 500/92/565 494/423/559
f 409/400/471 403/94/465 497/10/562
f 492/13/557 499/86/564 496/84/561
f 498/424/563 501/95/566 500/92/565
f 494/423/559 500/92/565 502/88/567
f 403/94/465 503/91/568 497/10/562
f 497/10/562 503/91/568 499/86/564
f 504/89/569 501/95/566 498/424/563
f 493/422/558 499/86/564 504/89/569
f 493/422/558 504/89/569 490/78/555
f 403/94/465 505/101/570 503/91/568
f 504/89/569 503/91/568 501/95/566
f 490/78/555 504/89/569 498/424/563
f 499/86/564 503/91/568 504/89/569
f 500/92/565 506/425/571 502/88/567
f 503/91/568 507/426/572 501/95/566
f 505/101/570 507/426/572 503/91/568
f 401/395/463 505/101/570 403/94/465
f 508/103/573 506/425/571 500/92/565
f 507/426/572 508/103/573 501/95/566
f 506/425/571 509/93/574 502/88/567
f 505/101/570 510/427/575 507/426/572
f 501/95/566 508/103/573 500/92/565
f 511/100/576 506/425/571 508/103/573
f 502/88/567 509/93/574 512/90/577
f 510/427/575 511/100/576 507/426/572
f 513/108/578 510/427/575 505/101/570
f 507/426/572 511/100/576 508/103/573
f 401/395/463 513/108/578 505/101/570
f 514/97/579 509/93/574 506/425/571
f 511/100/576 510/427/575 515/428/580
f 407/398/469 513/108/578 401/395/463
f 514/97/579 506/425/571 511/100/576
f 516/175/581 509/93/574 514/97/579
f 515/428/580 510/427/575 513/108/578
f 407/398/469 515/428/580 513/108/578
f 495/83/560 502/88/567 512/90/577
f 515/428/580 514/97/579 511/100/576
f 517/168/582 516/175/581 514/97/579
f 410/110/472 515/428/580 407/398/469
f 494/423/559 502/88/567 495/83/560
f 517/168/582 514/97/579 515/428/580
f 518/172/583 516/175/581 517/168/582
f 410/110/472 519/123/584 515/428/580
f 519/123/584 517/168/582 515/428/580
f 520/165/585 518/172/583 517/168/582
f 520/165/585 517/168/582 519/123/584
f 419/406/482 519/123/584 410/110/472
f 521/170/586 518/172/583 520/165/585
f 419/406/482 439/152/502 519/123/584
f 520/165/585 522/429/587 521/170/586
f 439/152/502 523/161/588 519/123/584
f 519/123/584 523/161/588 520/165/585
f 523/161/588 522/429/587 520/165/585
f 439/152/502 524/159/589 523/161/588
f 523/161/588 525/163/590 522/429/587
f 524/159/589 525/163/590 523/161/588
f 441/154/504 524/159/589 439/152/502
f 524/159/589 526/162/591 525/163/590
f 441/154/504 527/155/592 524/159/589
f 527/155/592 526/162/591 524/159/589
f 528/148/593 527/155/592 441/154/504
f 527/155/592 474/365/594 526/162/591
f 444/145/507 528/148/593 441/154/504
f 528/148/593 470/153/595 527/155/592
f 470/153/595 474/365/594 527/155/592
f 529/430/596 528/148/593 444/145/507
f 467/431/597 470/153/595 528/148/593
f 529/430/596 467/431/597 528/148/593
f 449/345/513 529/430/596 444/145/507
f 463/147/598 467/431/597 529/430/596
f 530/133/599 529/430/596 449/345/513
f 530/133/599 463/147/598 529/430/596
f 449/345/513 531/432/600 530/133/599
f 457/140/601 463/147/598 530/133/599
f 449/345/513 454/414/519 531/432/600
f 530/133/599 532/433/602 457/140/601
f 530/133/599 531/432/600 532/433/602
f 454/414/519 533/434/603 531/432/600
f 457/140/601 532/433/602 455/354/604
f 454/414/519 534/435/605 533/434/603
f 531/432/600 533/434/603 535/347/606
f 531/432/600 535/347/606 532/433/602
f 532/433/602 536/436/607 455/354/604
f 532/433/602 535/347/606 536/436/607
f 428/115/491 534/435/605 454/414/519
f 534/435/605 537/385/608 533/434/603
f 455/354/604 536/436/607 452/437/609
f 533/434/603 538/380/610 535/347/606
f 428/115/491 539/438/611 534/435/605
f 533/434/603 537/385/608 538/380/610
f 535/347/606 540/439/612 536/436/607
f 425/111/488 539/438/611 428/115/491
f 539/438/611 537/333/613 534/435/605
f 535/347/606 538/380/610 540/439/612
f 536/436/607 540/439/612 541/440/614
f 536/436/607 541/440/614 452/437/609
f 425/111/488 542/441/615 539/438/611
f 543/310/616 537/333/613 539/438/611
f 538/380/610 544/442/617 540/439/612
f 537/385/608 544/442/617 538/380/610
f 413/401/475 542/441/615 425/111/488
f 543/310/616 545/443/618 537/333/613
f 545/444/619 544/442/617 537/385/608
f 417/403/479 413/401/475 425/111/488
f 539/438/611 546/445/620 543/310/616
f 542/441/615 546/445/620 539/438/611
f 540/439/612 544/442/617 547/381/621
f 413/401/475 408/399/470 542/441/615
f 546/445/620 548/446/622 543/310/616
f 548/446/622 545/443/618 543/310/616
f 547/381/621 544/442/617 549/386/623
f 408/399/470 546/445/620 542/441/615
f 550/447/624 548/446/622 546/445/620
f 545/443/618 548/446/622 551/448/625
f 549/386/623 544/442/617 551/449/626
f 552/313/627 546/445/620 408/399/470
f 552/313/627 550/447/624 546/445/620
f 551/448/625 548/446/622 549/450/628
f 544/442/617 545/444/619 551/449/626
f 408/399/470 411/298/473 552/313/627
f 549/450/628 548/446/622 550/447/624
f 553/451/629 547/381/621 549/386/623
f 411/298/473 554/317/630 552/313/627
f 549/450/628 550/447/624 553/452/631
f 555/378/632 547/381/621 553/451/629
f 556/315/633 554/317/630 411/298/473
f 554/317/630 550/447/624 552/313/627
f 553/452/631 550/447/624 554/317/630
f 541/440/614 547/381/621 555/378/632
f 469/453/634 554/317/630 556/315/633
f 469/454/635 555/378/632 553/451/629
f 553/452/631 554/317/630 469/453/634
f 540/439/612 547/381/621 541/440/614
f 466/455/636 555/378/632 469/454/635
f 541/440/614 555/378/632 459/456/637
f 459/456/637 555/378/632 466/455/636
f 452/437/609 541/440/614 459/456/637
f 518/185/191 521/187/191 557/186/191
f 558/188/191 518/185/191 557/186/191
f 557/186/191 521/187/191 522/189/191
f 557/186/191 522/189/191 558/188/191
f 516/190/191 518/185/191 558/188/191
f 558/188/191 522/189/191 525/191/191
f 559/192/191 516/190/191 558/188/191
f 558/188/191 525/191/191 559/192/191
f 509/193/191 516/190/191 559/192/191
f 559/192/191 525/191/191 526/194/191
f 560/195/191 509/193/191 559/192/191
f 559/192/191 526/194/191 560/195/191
f 512/196/191 509/193/191 560/195/191
f 560/195/191 526/194/191 474/197/191
f 512/196/191 560/195/191 495/198/191
f 474/197/191 477/199/191 560/195/191
f 495/198/191 560/195/191 561/200/191
f 560/195/191 477/199/191 561/200/191
f 495/198/191 561/200/191 491/201/191
f 481/202/191 561/200/191 477/199/191
f 491/201/191 561/200/191 562/203/191
f 562/203/191 561/200/191 481/202/191
f 491/201/191 562/203/191 486/204/191
f 484/205/191 562/203/191 481/202/191
f 486/204/191 562/203/191 563/206/191
f 563/206/191 562/203/191 484/205/191
f 486/204/191 563/206/191 487/207/191
f 487/207/191 563/206/191 484/205/191
f 416/389/478 564/457/638 411/405/481
f 416/389/478 565/390/639 564/457/638
f 411/405/481 564/457/638 556/181/640
f 421/316/484 565/390/639 416/389/478
f 556/181/640 564/457/638 469/391/641
f 421/316/484 438/45/501 565/390/639
f 469/391/641 564/457/638 461/458/642
f 565/390/639 461/458/642 564/457/638
f 438/45/501 456/392/643 565/390/639
f 456/392/643 461/458/642 565/390/639
f 453/393/644 456/392/643 438/45/501
f 453/393/644 438/45/501 436/43/499
f 566/459/645 567/460/646 568/461/647
f 567/460/646 566/459/645 569/462/648
f 568/461/647 567/460/646 570/463/649
f 569/462/648 566/459/645 571/464/650
f 570/463/649 572/465/651 568/461/647
f 569/462/648 573/466/652 567/460/646
f 567/460/646 573/466/652 570/463/649
f 574/467/653 566/459/645 568/461/647
f 571/464/650 575/468/654 569/462/648
f 576/469/655 572/465/651 570/463/649
f 568/461/647 577/470/656 574/467/653
f 578/471/657 575/468/654 571/464/650
f 579/472/658 576/469/655 570/463/649
f 572/465/651 577/470/656 568/461/647
f 570/463/649 573/466/652 579/472/658
f 575/468/654 578/471/657 580/473/659
f 581/474/660 576/469/655 579/472/658
f 577/470/656 582/475/661 574/467/653
f 580/473/659 583/476/662 575/468/654
f 579/472/658 584/477/663 581/474/660
f 585/478/664 582/475/661 577/470/656
f 580/473/659 578/471/657 586/479/665
f 573/466/652 587/480/666 579/472/658
f 587/480/666 584/477/663 579/472/658
f 574/467/653 582/475/661 588/481/667
f 578/471/657 589/482/668 586/479/665
f 590/483/669 587/480/666 573/466/652
f 588/481/667 591/484/670 574/467/653
f 589/482/668 578/471/657 592/485/671
f 573/466/652 593/486/672 590/483/669
f 582/475/661 594/487/673 588/481/667
f 586/479/665 589/482/668 595/488/674
f 593/486/672 573/466/652 569/462/648
f 582/475/661 596/489/675 594/487/673
f 595/488/674 597/490/676 586/479/665
f 590/483/669 593/486/672 598/491/677
f 596/489/675 582/475/661 585/478/664
f 599/492/678 597/490/676 595/488/674
f 590/483/669 598/491/677 600/493/679
f 594/487/673 596/489/675 601/494/680
f 599/492/678 602/495/681 597/490/676
f 603/496/682 590/483/669 600/493/679
f 593/486/672 583/476/662 598/491/677
f 604/497/683 602/495/681 599/492/678
f 603/496/682 600/493/679 605/498/684
f 593/486/672 575/468/654 583/476/662
f 604/497/683 606/499/685 602/495/681
f 607/500/686 603/496/682 605/498/684
f 569/462/648 575/468/654 593/486/672
f 608/501/687 606/499/685 604/497/683
f 609/502/688 603/496/682 607/500/686
f 605/498/684 600/493/679 610/503/689
f 611/504/690 608/501/687 604/497/683
f 609/502/688 587/480/666 603/496/682
f 602/495/681 606/499/685 612/505/691
f 611/504/690 604/497/683 613/506/692
f 584/477/663 587/480/666 609/502/688
f 587/480/666 590/483/669 603/496/682
f 612/505/691 606/499/685 614/507/693
f 613/506/692 615/508/694 611/504/690
f 613/506/692 604/497/683 599/492/678
f 602/495/681 612/505/691 597/490/676
f 612/505/691 614/507/693 616/509/695
f 611/504/690 615/508/694 617/510/696
f 613/506/692 599/492/678 618/511/697
f 597/490/676 612/505/691 619/512/698
f 617/510/696 608/501/687 611/504/690
f 618/511/697 620/513/699 613/506/692
f 613/506/692 620/513/699 615/508/694
f 619/512/698 612/505/691 621/514/700
f 621/514/700 612/505/691 616/509/695
f 597/490/676 619/512/698 586/479/665
f 618/511/697 622/515/701 620/513/699
f 616/509/695 623/516/702 621/514/700
f 618/511/697 599/492/678 595/488/674
f 586/479/665 619/512/698 580/473/659
f 616/509/695 624/517/703 623/516/702
f 625/518/704 622/515/701 618/511/697
f 595/488/674 625/518/704 618/511/697
f 580/473/659 619/512/698 626/519/705
f 626/519/705 619/512/698 621/514/700
f 621/514/700 623/516/702 627/520/706
f 589/482/668 625/518/704 595/488/674
f 626/519/705 583/476/662 580/473/659
f 621/514/700 627/520/706 626/519/705
f 623/516/702 628/521/707 627/520/706
f 625/518/704 629/522/708 622/515/701
f 626/519/705 630/523/709 583/476/662
f 624/517/703 631/524/710 623/516/702
f 626/519/705 627/520/706 630/523/709
f 623/516/702 631/524/710 628/521/707
f 632/525/711 629/522/708 625/518/704
f 625/518/704 589/482/668 632/525/711
f 627/520/706 633/526/712 630/523/709
f 631/524/710 634/527/713 628/521/707
f 632/525/711 635/528/714 629/522/708
f 627/520/706 628/521/707 633/526/712
f 583/476/662 630/523/709 636/529/715
f 637/530/716 635/528/714 632/525/711
f 628/521/707 634/527/713 638/531/717
f 628/521/707 638/531/717 633/526/712
f 636/529/715 630/523/709 639/532/718
f 637/530/716 640/533/719 635/528/714
f 592/485/671 637/530/716 632/525/711
f 633/526/712 638/531/717 641/534/720
f 642/535/721 636/529/715 639/532/718
f 591/484/670 637/530/716 592/485/671
f 633/526/712 641/534/720 643/536/722
f 639/532/718 630/523/709 643/536/722
f 598/491/677 636/529/715 642/535/721
f 571/464/650 591/484/670 592/485/671
f 630/523/709 633/526/712 643/536/722
f 598/491/677 583/476/662 636/529/715
f 566/459/645 591/484/670 571/464/650
f 592/485/671 578/471/657 571/464/650
f 643/536/722 641/534/720 644/537/723
f 600/493/679 598/491/677 642/535/721
f 591/484/670 566/459/645 574/467/653
f 645/538/724 643/536/722 644/537/723
f 600/493/679 642/535/721 610/503/689
f 632/525/711 589/482/668 592/485/671
f 639/532/718 643/536/722 645/538/724
f 637/530/716 591/484/670 588/481/667
f 610/503/689 642/535/721 646/539/725
f 642/535/721 639/532/718 646/539/725
f 646/539/725 639/532/718 645/538/724
f 588/481/667 640/533/719 637/530/716
f 588/481/667 594/487/673 640/533/719
f 647/540/726 624/517/703 616/509/695
f 616/509/695 614/507/693 647/540/726
f 607/541/727 605/542/727 648/543/727
f 648/543/727 649/544/727 607/541/727
f 648/543/727 605/542/727 650/545/727
f 651/546/727 649/544/727 648/543/727
f 605/542/727 610/547/727 650/545/727
f 651/546/727 652/548/727 649/544/727
f 650/545/727 610/547/727 653/549/728
f 654/550/727 652/548/727 651/546/727
f 610/547/727 646/551/727 653/549/728
f 654/550/727 655/552/729 652/548/727
f 653/549/728 646/551/727 656/553/727
f 657/554/727 655/552/729 654/550/727
f 646/551/727 645/555/727 656/553/727
f 657/554/727 658/556/727 655/552/729
f 656/553/727 645/555/727 659/557/727
f 660/558/727 658/556/727 657/554/727
f 645/555/727 644/559/727 659/557/727
f 660/558/727 661/560/730 658/556/727
f 659/557/727 644/559/727 662/561/727
f 663/562/730 661/560/730 660/558/727
f 644/559/727 641/563/727 662/561/727
f 663/562/730 664/564/727 661/560/730
f 662/561/727 641/563/727 665/565/730
f 666/566/727 664/564/727 663/562/730
f 641/563/727 638/567/730 665/565/730
f 665/565/730 638/567/730 634/568/729
f 666/566/727 667/569/727 664/564/727
f 668/570/727 667/569/727 666/566/727
f 669/571/731 670/572/732 671/573/733
f 672/574/734 669/571/731 671/573/733
f 671/573/733 670/572/732 673/575/735
f 674/576/736 669/571/731 672/574/734
f 671/573/733 673/575/735 675/577/737
f 675/577/737 672/574/734 671/573/733
f 670/572/732 572/578/738 673/575/735
f 676/579/739 674/576/736 672/574/734
f 669/571/731 585/478/664 670/572/732
f 675/577/737 673/575/735 677/580/740
f 678/581/741 674/576/736 676/579/739
f 679/582/742 585/478/664 669/571/731
f 677/580/740 680/583/743 675/577/737
f 681/584/744 678/581/741 676/579/739
f 674/576/736 679/582/742 669/571/731
f 677/580/740 584/585/745 680/583/743
f 682/586/746 678/581/741 681/584/744
f 683/587/747 679/582/742 674/576/736
f 581/588/748 584/585/745 677/580/740
f 684/589/749 682/586/746 681/584/744
f 678/581/741 683/587/747 674/576/736
f 677/580/740 576/590/750 581/588/748
f 685/591/751 682/586/746 684/589/749
f 686/592/752 683/587/747 678/581/741
f 673/575/735 576/590/750 677/580/740
f 687/593/753 685/591/751 684/589/749
f 682/586/746 686/592/752 678/581/741
f 673/575/735 572/578/738 576/590/750
f 688/594/754 685/591/751 687/593/753
f 689/595/755 686/592/752 682/586/746
f 681/584/744 690/596/756 684/589/749
f 688/594/754 687/593/753 691/597/757
f 685/591/751 689/595/755 682/586/746
f 690/596/756 681/584/744 692/598/758
f 688/594/754 693/599/759 685/591/751
f 691/597/757 687/593/753 694/600/760
f 693/599/759 689/595/755 685/591/751
f 692/598/758 681/584/744 676/579/739
f 688/594/754 691/597/757 695/601/761
f 695/601/761 693/599/759 688/594/754
f 689/595/755 696/602/762 686/592/752
f 692/598/758 697/603/763 690/596/756
f 695/601/761 691/597/757 698/604/764
f 699/605/765 696/602/762 689/595/755
f 693/599/759 699/605/765 689/595/755
f 697/603/763 700/606/766 690/596/756
f 695/601/761 701/607/767 693/599/759
f 696/602/762 699/605/765 702/608/768
f 703/609/769 697/603/763 692/598/758
f 704/610/770 701/607/767 695/601/761
f 701/607/767 699/605/765 693/599/759
f 695/601/761 698/604/764 704/610/770
f 692/598/758 705/611/771 703/609/769
f 701/607/767 704/610/770 706/612/772
f 702/608/768 699/605/765 707/613/773
f 708/614/774 705/611/771 692/598/758
f 699/605/765 701/607/767 707/613/773
f 706/612/772 704/610/770 709/615/775
f 704/610/770 698/604/764 709/615/775
f 708/614/774 710/616/776 705/611/771
f 707/613/773 701/607/767 706/612/772
f 676/579/739 708/614/774 692/598/758
f 705/611/771 711/617/777 703/609/769
f 675/577/737 710/616/776 708/614/774
f 712/618/778 696/602/762 702/608/768
f 710/616/776 713/619/779 705/611/771
f 705/611/771 713/619/779 711/617/777
f 675/577/737 680/583/743 710/616/776
f 714/620/780 696/602/762 712/618/778
f 708/614/774 672/574/734 675/577/737
f 672/574/734 708/614/774 676/579/739
f 680/583/743 715/621/781 710/616/776
f 710/616/776 715/621/781 713/619/779
f 716/622/782 714/620/780 712/618/778
f 696/602/762 714/620/780 686/592/752
f 680/583/743 609/623/783 715/621/781
f 715/621/781 649/624/784 713/619/779
f 717/625/785 714/620/780 716/622/782
f 686/592/752 714/620/780 683/587/747
f 609/623/783 607/626/786 715/621/781
f 715/621/781 607/626/786 649/624/784
f 714/620/780 717/625/785 683/587/747
f 584/585/745 609/623/783 680/583/743
f 601/494/680 717/625/785 716/622/782
f 713/619/779 649/624/784 652/627/787
f 683/587/747 717/625/785 679/582/742
f 596/489/675 717/625/785 601/494/680
f 717/625/785 596/489/675 679/582/742
f 655/628/788 713/619/779 652/627/787
f 679/582/742 596/489/675 585/478/664
f 711/617/777 713/619/779 655/628/788
f 711/617/777 655/628/788 718/629/789
f 703/609/769 711/617/777 718/629/789
f 718/629/789 655/628/788 658/630/790
f 703/609/769 718/629/789 697/603/763
f 718/629/789 658/630/790 719/631/791
f 585/478/664 577/470/656 670/572/732
f 697/603/763 718/629/789 719/631/791
f 670/572/732 577/470/656 572/578/738
f 719/631/791 658/630/790 661/632/792
f 720/633/793 697/603/763 719/631/791
f 664/634/794 719/631/791 661/632/792
f 720/633/793 719/631/791 664/634/794
f 700/606/766 697/603/763 720/633/793
f 667/635/795 720/633/793 664/634/794
f 721/636/796 700/606/766 720/633/793
f 721/636/796 720/633/793 667/635/795
f 722/637/797 700/606/766 721/636/796
f 668/638/798 721/636/796 667/635/795
f 700/606/766 722/637/797 723/639/799
f 724/640/800 721/636/796 668/638/798
f 724/640/800 722/637/797 721/636/796
f 690/596/756 700/606/766 723/639/799
f 725/641/801 722/637/797 724/640/800
f 684/589/749 690/596/756 723/639/799
f 725/641/801 726/642/802 722/637/797
f 723/639/799 722/637/797 726/642/802
f 684/589/749 723/639/799 687/593/753
f 687/593/753 723/639/799 726/642/802
f 727/643/803 726/642/802 725/641/801
f 687/593/753 726/642/802 694/600/760
f 694/600/760 726/642/802 727/643/803
f 728/644/804 729/645/805 730/646/806
f 729/645/805 728/644/804 731/647/807
f 730/646/806 729/645/805 732/648/808
f 731/647/807 728/644/804 733/649/809
f 728/644/804 730/646/806 734/650/810
f 735/651/811 732/648/808 729/645/805
f 731/647/807 735/651/811 729/645/805
f 733/649/809 736/652/812 731/647/807
f 733/649/809 728/644/804 737/653/813
f 737/653/813 728/644/804 734/650/810
f 738/654/814 732/648/808 735/651/811
f 736/652/812 739/655/815 731/647/807
f 740/656/816 737/653/813 734/650/810
f 735/651/811 741/657/817 738/654/814
f 736/652/812 742/658/818 739/655/815
f 731/647/807 739/655/815 741/657/817
f 743/659/819 737/653/813 740/656/816
f 741/657/817 735/651/811 731/647/807
f 744/660/820 742/658/818 736/652/812
f 740/656/816 745/661/821 743/659/819
f 738/654/814 741/657/817 746/662/822
f 747/663/823 744/660/820 736/652/812
f 745/661/821 740/656/816 748/664/824
f 748/664/824 740/656/816 734/650/810
f 739/655/815 749/665/825 741/657/817
f 750/666/826 744/660/820 747/663/823
f 734/650/810 730/646/806 748/664/824
f 742/658/818 751/667/827 739/655/815
f 739/655/815 751/667/827 749/665/825
f 750/666/826 747/663/823 752/668/828
f 741/657/817 749/665/825 753/669/829
f 747/663/823 736/652/812 733/649/809
f 741/657/817 753/669/829 746/662/822
f 752/668/828 747/663/823 754/670/830
f 747/663/823 733/649/809 754/670/830
f 752/668/828 754/670/830 755/671/831
f 754/670/830 733/649/809 737/653/813
f 755/671/831 754/670/830 756/672/832
f 754/670/830 737/653/813 756/672/832
f 756/672/832 757/673/833 755/671/831
f 756/672/832 737/653/813 743/659/819
f 758/674/834 757/673/833 756/672/832
f 743/659/819 758/674/834 756/672/832
f 759/675/835 758/674/834 743/659/819
f 743/659/819 760/676/836 759/675/835
f 743/659/819 745/661/821 760/676/836
f 761/677/837 762/678/838 742/679/839
f 742/679/839 744/680/840 761/677/837
f 742/679/839 762/678/838 751/681/841
f 761/677/837 744/680/840 763/682/842
f 762/678/838 764/683/843 751/681/841
f 761/677/837 765/684/844 762/678/838
f 744/680/840 750/685/845 763/682/842
f 751/681/841 764/683/843 766/686/846
f 767/687/847 765/684/844 761/677/837
f 765/684/844 768/688/848 762/678/838
f 761/677/837 763/682/842 767/687/847
f 751/681/841 766/686/846 749/689/849
f 762/678/838 768/688/848 764/683/843
f 765/684/844 769/690/850 768/688/848
f 767/687/847 763/682/842 770/691/851
f 749/689/849 766/686/846 771/692/852
f 772/693/853 769/690/850 765/684/844
f 769/690/850 773/694/854 768/688/848
f 770/691/851 763/682/842 774/695/855
f 749/689/849 771/692/852 753/696/856
f 772/693/853 775/697/857 769/690/850
f 768/688/848 773/694/854 776/698/858
f 768/688/848 776/698/858 764/683/843
f 753/696/856 771/692/852 777/699/859
f 778/700/860 775/697/857 772/693/853
f 773/694/854 779/701/861 776/698/858
f 780/702/862 753/696/856 777/699/859
f 772/693/853 781/703/863 778/700/860
f 773/694/854 782/704/864 779/701/861
f 780/702/862 777/699/859 783/705/865
f 781/703/863 772/693/853 767/706/866
f 784/707/867 782/704/864 773/694/854
f 780/702/862 783/705/865 785/708/868
f 781/703/863 767/706/866 786/709/869
f 775/697/857 784/707/867 769/690/850
f 769/690/850 784/707/867 773/694/854
f 785/708/868 783/705/865 787/710/870
f 767/706/866 772/693/853 765/684/844
f 784/707/867 775/697/857 788/711/871
f 785/708/868 746/712/872 780/702/862
f 786/709/869 767/706/866 770/713/873
f 789/714/874 784/707/867 788/711/871
f 738/715/875 746/712/872 785/708/868
f 746/712/872 753/696/856 780/702/862
f 786/709/869 770/713/873 790/716/876
f 789/714/874 788/711/871 791/717/877
f 792/718/878 738/715/875 785/708/868
f 790/716/876 793/719/879 786/709/869
f 794/720/880 789/714/874 791/717/877
f 732/721/881 738/715/875 792/718/878
f 795/722/882 793/719/879 790/716/876
f 790/716/876 770/713/873 774/723/883
f 791/717/877 788/711/871 796/724/884
f 797/725/885 732/721/881 792/718/878
f 798/726/886 786/709/869 793/719/879
f 791/717/877 796/724/884 799/727/887
f 730/728/888 732/721/881 797/725/885
f 781/703/863 786/709/869 798/726/886
f 800/729/889 791/717/877 799/727/887
f 730/728/888 797/725/885 748/730/890
f 798/726/886 801/731/891 781/703/863
f 799/727/887 802/732/892 800/729/889
f 794/720/880 791/717/877 800/729/889
f 748/730/890 797/725/885 803/733/893
f 781/703/863 801/731/891 778/700/860
f 804/734/894 794/720/880 800/729/889
f 748/730/890 803/733/893 745/735/895
f 797/725/885 805/736/896 803/733/893
f 801/731/891 806/737/897 778/700/860
f 802/732/892 807/738/898 800/729/889
f 800/729/889 807/738/898 804/734/894
f 797/725/885 792/718/878 805/736/896
f 806/737/897 801/731/891 808/739/899
f 778/700/860 806/737/897 775/697/857
f 807/738/898 809/740/900 804/734/894
f 805/736/896 792/718/878 810/741/901
f 808/739/899 801/731/891 811/742/902
f 788/711/871 775/697/857 806/737/897
f 805/736/896 810/741/901 812/743/903
f 796/724/884 806/737/897 808/739/899
f 808/739/899 811/742/902 813/744/904
f 788/711/871 806/737/897 796/724/884
f 805/736/896 812/743/903 814/745/905
f 796/724/884 808/739/899 815/746/906
f 815/746/906 808/739/899 813/744/904
f 813/744/904 811/742/902 816/747/907
f 803/733/893 805/736/896 814/745/905
f 799/727/887 796/724/884 815/746/906
f 816/747/907 817/748/908 813/744/904
f 803/733/893 814/745/905 818/749/909
f 815/746/906 819/750/910 799/727/887
f 816/747/907 811/742/902 793/719/879
f 745/735/895 803/733/893 818/749/909
f 813/744/904 820/751/911 815/746/906
f 820/751/911 819/750/910 815/746/906
f 819/750/910 802/732/892 799/727/887
f 745/735/895 818/749/909 760/752/912
f 813/744/904 817/748/908 821/753/913
f 821/753/913 820/751/911 813/744/904
f 793/719/879 811/742/902 798/726/886
f 760/752/912 818/749/909 822/754/914
f 816/747/907 795/722/882 817/748/908
f 793/719/879 795/722/882 816/747/907
f 811/742/902 801/731/891 798/726/886
f 818/749/909 823/755/915 822/754/914
f 760/752/912 822/754/914 759/756/916
f 824/757/917 823/755/915 818/749/909
f 822/754/914 823/755/915 825/758/918
f 759/756/916 822/754/914 825/758/918
f 818/749/909 814/745/905 824/757/917
f 824/757/917 826/759/919 823/755/915
f 825/758/918 827/760/920 759/756/916
f 814/745/905 828/761/921 824/757/917
f 829/762/922 826/759/919 824/757/917
f 823/755/915 826/759/919 830/763/923
f 825/758/918 823/755/915 830/763/923
f 759/756/916 827/760/920 758/764/924
f 824/757/917 828/761/921 829/762/922
f 830/763/923 831/765/925 825/758/918
f 829/762/922 832/766/926 826/759/919
f 825/758/918 831/765/925 827/760/920
f 827/760/920 833/767/927 758/764/924
f 830/763/923 834/768/928 831/765/925
f 829/762/922 835/769/929 832/766/926
f 828/761/921 835/769/929 829/762/922
f 758/764/924 833/767/927 757/770/930
f 834/768/928 836/771/931 831/765/925
f 837/772/932 835/769/929 828/761/921
f 826/759/919 832/766/926 838/773/933
f 834/768/928 839/774/934 836/771/931
f 840/775/935 835/769/929 837/772/932
f 826/759/919 838/773/933 841/776/936
f 841/776/936 842/777/937 834/768/928
f 842/777/937 839/774/934 834/768/928
f 837/772/932 843/778/938 840/775/935
f 830/763/923 826/759/919 841/776/936
f 844/779/939 842/777/937 841/776/936
f 841/776/936 834/768/928 830/763/923
f 841/776/936 838/773/933 844/779/939
f 845/780/940 843/778/938 837/772/932
f 844/779/939 846/781/941 842/777/937
f 842/777/937 846/781/941 839/774/934
f 840/775/935 847/782/942 835/769/929
f 845/780/940 848/783/943 843/778/938
f 849/784/944 846/781/941 844/779/939
f 840/775/935 850/785/945 847/782/942
f 812/743/903 848/783/943 845/780/940
f 840/775/935 843/778/938 850/785/945
f 837/772/932 812/743/903 845/780/940
f 838/773/933 851/786/946 844/779/939
f 844/779/939 851/786/946 849/784/944
f 843/778/938 848/783/943 852/787/947
f 853/788/948 848/783/943 812/743/903
f 838/773/933 854/789/949 851/786/946
f 849/784/944 855/790/950 846/781/941
f 812/743/903 810/741/901 853/788/948
f 832/766/926 854/789/949 838/773/933
f 856/791/951 855/790/950 849/784/944
f 851/786/946 856/791/951 849/784/944
f 810/741/901 787/710/870 853/788/948
f 832/766/926 857/792/952 854/789/949
f 854/789/949 858/793/953 851/786/946
f 858/793/953 856/791/951 851/786/946
f 810/741/901 785/708/868 787/710/870
f 835/769/929 857/792/952 832/766/926
f 859/794/954 858/793/953 854/789/949
f 792/718/878 785/708/868 810/741/901
f 835/769/929 847/782/942 857/792/952
f 857/792/952 859/794/954 854/789/949
f 859/794/954 860/795/955 858/793/953
f 853/788/948 787/710/870 861/796/956
f 847/782/942 862/797/957 857/792/952
f 862/797/957 859/794/954 857/792/952
f 863/798/958 860/795/955 859/794/954
f 853/788/948 861/796/956 864/799/959
f 865/800/960 862/797/957 847/782/942
f 862/797/957 863/798/958 859/794/954
f 860/795/955 866/801/961 858/793/953
f 864/799/959 861/796/956 867/802/962
f 868/803/963 863/798/958 862/797/957
f 865/800/960 868/803/963 862/797/957
f 858/793/953 866/801/961 856/791/951
f 861/796/956 869/804/964 867/802/962
f 870/805/965 868/803/963 865/800/960
f 863/798/958 871/806/966 860/795/955
f 787/710/870 869/804/964 861/796/956
f 870/805/965 865/800/960 872/807/967
f 873/808/968 871/806/966 863/798/958
f 783/705/865 869/804/964 787/710/870
f 870/805/965 872/807/967 874/809/969
f 871/806/966 873/808/968 875/810/970
f 783/705/865 876/811/971 869/804/964
f 870/805/965 877/812/972 868/803/963
f 868/803/963 877/812/972 863/798/958
f 863/798/958 877/812/972 873/808/968
f 875/810/970 873/808/968 878/813/973
f 869/804/964 876/811/971 879/814/974
f 880/815/975 877/812/972 870/805/965
f 874/809/969 880/815/975 870/805/965
f 877/812/972 881/816/976 873/808/968
f 873/808/968 881/816/976 878/813/973
f 876/811/971 882/817/977 879/814/974
f 880/815/975 883/818/978 877/812/972
f 884/819/979 880/815/975 874/809/969
f 877/812/972 883/818/978 881/816/976
f 885/820/980 882/817/977 876/811/971
f 884/819/979 883/818/978 880/815/975
f 874/809/969 886/821/981 884/819/979
f 883/818/978 887/822/982 881/816/976
f 882/817/977 888/823/983 879/814/974
f 889/824/984 886/821/981 874/809/969
f 890/825/985 883/818/978 884/819/979
f 883/818/978 890/825/985 887/822/982
f 879/814/974 888/823/983 891/826/986
f 886/821/981 892/827/987 884/819/979
f 874/809/969 893/828/988 889/824/984
f 884/819/979 892/827/987 890/825/985
f 882/817/977 894/829/989 888/823/983
f 895/830/990 893/828/988 874/809/969
f 889/824/984 893/828/988 896/831/991
f 892/827/987 897/832/992 890/825/985
f 888/823/983 898/833/993 891/826/986
f 888/823/983 894/829/989 898/833/993
f 896/831/991 893/828/988 899/834/994
f 892/827/987 900/835/995 897/832/992
f 891/826/986 898/833/993 901/836/996
f 896/831/991 902/837/997 889/824/984
f 892/827/987 903/838/998 900/835/995
f 904/839/999 891/826/986 901/836/996
f 905/840/1000 902/837/997 896/831/991
f 902/837/997 903/838/998 889/824/984
f 903/838/998 906/841/1001 900/835/995
f 907/842/1002 891/826/986 904/839/999
f 908/843/1003 905/840/1000 896/831/991
f 896/831/991 899/834/994 908/843/1003
f 900/835/995 906/841/1001 909/844/1004
f 907/842/1002 879/814/974 891/826/986
f 905/840/1000 910/845/1005 902/837/997
f 902/837/997 910/845/1005 903/838/998
f 903/838/998 910/845/1005 906/841/1001
f 909/844/1004 906/841/1001 911/846/1006
f 869/804/964 879/814/974 907/842/1002
f 912/847/1007 910/845/1005 905/840/1000
f 913/848/1008 909/844/1004 911/846/1006
f 867/802/962 869/804/964 907/842/1002
f 914/849/1009 912/847/1007 905/840/1000
f 911/846/1006 915/850/1010 913/848/1008
f 864/799/959 867/802/962 914/849/1009
f 867/802/962 907/842/1002 916/851/1011
f 916/851/1011 912/847/1007 914/849/1009
f 911/846/1006 906/841/1001 917/852/1012
f 906/841/1001 910/845/1005 917/852/1012
f 914/849/1009 867/802/962 916/851/1011
f 916/851/1011 907/842/1002 904/839/999
f 917/852/1012 918/853/1013 911/846/1006
f 918/853/1013 915/850/1010 911/846/1006
f 914/849/1009 905/840/1000 908/843/1003
f 908/843/1003 864/799/959 914/849/1009
f 904/839/999 919/854/1014 916/851/1011
f 916/851/1011 919/854/1014 912/847/1007
f 915/850/1010 918/853/1013 920/855/1015
f 852/787/947 864/799/959 908/843/1003
f 904/839/999 921/856/1016 919/854/1014
f 922/857/1017 915/850/1010 920/855/1015
f 908/843/1003 923/858/1018 852/787/947
f 901/836/996 921/856/1016 904/839/999
f 924/859/1019 915/850/1010 922/857/1017
f 925/860/1020 923/858/1018 908/843/1003
f 901/836/996 926/861/1021 921/856/1016
f 915/850/1010 924/859/1019 913/848/1008
f 908/843/1003 899/834/994 925/860/1020
f 898/833/993 926/861/1021 901/836/996
f 926/861/1021 927/862/1022 921/856/1016
f 913/848/1008 924/859/1019 928/863/1023
f 925/860/1020 929/864/1024 923/858/1018
f 898/833/993 930/865/1025 926/861/1021
f 928/863/1023 931/866/1026 913/848/1008
f 932/867/1027 929/864/1024 925/860/1020
f 933/868/1028 930/865/1025 898/833/993
f 928/863/1023 934/869/1029 931/866/1026
f 925/860/1020 935/870/1030 932/867/1027
f 898/833/993 894/829/989 933/868/1028
f 936/871/1031 934/869/1029 928/863/1023
f 924/859/1019 936/871/1031 928/863/1023
f 899/834/994 935/870/1030 925/860/1020
f 894/829/989 937/872/1032 933/868/1028
f 938/873/1033 936/871/1031 924/859/1019
f 899/834/994 939/874/1034 935/870/1030
f 940/875/1035 937/872/1032 894/829/989
f 941/876/1036 936/871/1031 938/873/1033
f 893/828/988 939/874/1034 899/834/994
f 942/877/1037 940/875/1035 894/829/989
f 941/876/1036 938/873/1033 943/878/1038
f 895/830/990 939/874/1034 893/828/988
f 942/877/1037 894/829/989 882/817/977
f 941/876/1036 943/878/1038 944/879/1039
f 945/880/1040 939/874/1034 895/830/990
f 946/881/1041 940/875/1035 942/877/1037
f 947/882/1042 941/876/1036 944/879/1039
f 895/830/990 948/883/1043 945/880/1040
f 949/884/1044 946/881/1041 942/877/1037
f 950/885/1045 941/876/1036 947/882/1042
f 872/807/967 948/883/1043 895/830/990
f 951/886/1046 946/881/1041 949/884/1044
f 950/885/1045 947/882/1042 952/887/1047
f 874/809/969 872/807/967 895/830/990
f 766/686/846 951/886/1046 949/884/1044
f 934/869/1029 950/885/1045 952/887/1047
f 952/887/1047 947/882/1042 953/888/1048
f 872/807/967 954/889/1049 948/883/1043
f 766/686/846 949/884/1044 771/692/852
f 952/887/1047 953/888/1048 955/890/1050
f 872/807/967 865/800/960 954/889/1049
f 764/683/843 951/886/1046 766/686/846
f 934/869/1029 952/887/1047 956/891/1051
f 956/891/1051 952/887/1047 955/890/1050
f 865/800/960 847/782/942 954/889/1049
f 764/683/843 776/698/858 951/886/1046
f 955/890/1050 957/892/1052 956/891/1051
f 934/869/1029 956/891/1051 931/866/1026
f 954/889/1049 847/782/942 958/893/1053
f 776/698/858 959/894/1054 951/886/1046
f 960/895/1055 957/892/1052 955/890/1050
f 954/889/1049 958/893/1053 961/896/1056
f 776/698/858 779/701/861 959/894/1054
f 962/897/1057 960/895/1055 955/890/1050
f 948/883/1043 954/889/1049 961/896/1056
f 847/782/942 850/785/945 958/893/1053
f 963/898/1058 960/895/1055 962/897/1057
f 955/890/1050 953/888/1048 962/897/1057
f 961/896/1056 958/893/1053 964/899/1059
f 850/785/945 965/900/1060 958/893/1053
f 966/901/1061 963/898/1058 962/897/1057
f 953/888/1048 967/902/1062 962/897/1057
f 958/893/1053 965/900/1060 964/899/1059
f 850/785/945 968/903/1063 965/900/1060
f 962/897/1057 967/902/1062 966/901/1061
f 953/888/1048 969/904/1064 967/902/1062
f 970/905/1065 963/898/1058 966/901/1061
f 850/785/945 843/778/938 968/903/1063
f 947/882/1042 969/904/1064 953/888/1048
f 971/906/1066 970/905/1065 966/901/1061
f 969/904/1064 972/907/1067 967/902/1062
f 843/778/938 923/858/1018 968/903/1063
f 809/740/900 970/905/1065 971/906/1066
f 973/908/1068 972/907/1067 969/904/1064
f 852/787/947 923/858/1018 843/778/938
f 804/734/894 809/740/900 971/906/1066
f 974/909/1069 972/907/1067 973/908/1068
f 947/882/1042 944/879/1039 969/904/1064
f 971/906/1066 975/910/1070 804/734/894
f 976/911/1071 974/909/1069 973/908/1068
f 974/909/1069 977/912/1072 972/907/1067
f 969/904/1064 944/879/1039 973/908/1068
f 975/910/1070 794/720/880 804/734/894
f 978/913/1073 974/909/1069 976/911/1071
f 978/913/1073 977/912/1072 974/909/1069
f 944/879/1039 979/914/1074 973/908/1068
f 975/910/1070 980/915/1075 794/720/880
f 973/908/1068 979/914/1074 976/911/1071
f 981/916/1076 977/912/1072 978/913/1073
f 982/917/1077 980/915/1075 975/910/1070
f 972/907/1067 977/912/1072 982/917/1077
f 944/879/1039 943/878/1038 979/914/1074
f 978/913/1073 983/918/1078 981/916/1076
f 972/907/1067 982/917/1077 984/919/1079
f 984/919/1079 982/917/1077 975/910/1070
f 943/878/1038 985/920/1080 979/914/1074
f 981/916/1076 983/918/1078 986/921/1081
f 967/902/1062 972/907/1067 984/919/1079
f 943/878/1038 987/922/1082 985/920/1080
f 988/923/1083 981/916/1076 986/921/1081
f 967/902/1062 984/919/1079 966/901/1061
f 943/878/1038 989/924/1084 987/922/1082
f 990/925/1085 981/916/1076 988/923/1083
f 986/921/1081 983/918/1078 937/872/1032
f 991/926/1086 989/924/1084 943/878/1038
f 959/894/1054 990/925/1085 988/923/1083
f 988/923/1083 986/921/1081 940/875/1035
f 940/875/1035 986/921/1081 937/872/1032
f 943/878/1038 938/873/1033 991/926/1086
f 779/701/861 990/925/1085 959/894/1054
f 946/881/1041 988/923/1083 940/875/1035
f 937/872/1032 983/918/1078 992/927/1087
f 779/701/861 993/928/1088 990/925/1085
f 959/894/1054 988/923/1083 946/881/1041
f 937/872/1032 992/927/1087 933/868/1028
f 782/704/864 993/928/1088 779/701/861
f 951/886/1046 959/894/1054 946/881/1041
f 993/928/1088 977/912/1072 990/925/1085
f 933/868/1028 992/927/1087 930/865/1025
f 993/928/1088 782/704/864 980/915/1075
f 983/918/1078 994/929/1089 992/927/1087
f 990/925/1085 977/912/1072 981/916/1076
f 977/912/1072 993/928/1088 982/917/1077
f 982/917/1077 993/928/1088 980/915/1075
f 995/930/1090 994/929/1089 983/918/1078
f 930/865/1025 992/927/1087 996/931/1091
f 980/915/1075 782/704/864 789/714/874
f 978/913/1073 995/930/1090 983/918/1078
f 996/931/1091 992/927/1087 994/929/1089
f 980/915/1075 789/714/874 794/720/880
f 782/704/864 784/707/867 789/714/874
f 976/911/1071 995/930/1090 978/913/1073
f 994/929/1089 997/932/1092 996/931/1091
f 930/865/1025 996/931/1091 926/861/1021
f 976/911/1071 998/933/1093 995/930/1090
f 999/934/1094 997/932/1092 994/929/1089
f 998/933/1093 999/934/1094 995/930/1090
f 995/930/1090 999/934/1094 994/929/1089
f 926/861/1021 996/931/1091 927/862/1022
f 979/914/1074 998/933/1093 976/911/1071
f 997/932/1092 927/862/1022 996/931/1091
f 999/934/1094 1000/935/1095 997/932/1092
f 979/914/1074 985/920/1080 998/933/1093
f 1001/936/1096 927/862/1022 997/932/1092
f 1000/935/1095 1001/936/1096 997/932/1092
f 1002/937/1097 1000/935/1095 999/934/1094
f 985/920/1080 1002/937/1097 998/933/1093
f 998/933/1093 1002/937/1097 999/934/1094
f 1001/936/1096 1003/938/1098 927/862/1022
f 1004/939/1099 1001/936/1096 1000/935/1095
f 985/920/1080 987/922/1082 1002/937/1097
f 921/856/1016 927/862/1022 1003/938/1098
f 1004/939/1099 1005/940/1100 1001/936/1096
f 1002/937/1097 1006/941/1101 1000/935/1095
f 987/922/1082 1006/941/1101 1002/937/1097
f 921/856/1016 1003/938/1098 919/854/1014
f 1005/940/1100 1003/938/1098 1001/936/1096
f 1006/941/1101 1004/939/1099 1000/935/1095
f 987/922/1082 1007/942/1102 1006/941/1101
f 919/854/1014 1003/938/1098 1008/943/1103
f 1003/938/1098 1005/940/1100 1008/943/1103
f 918/853/1013 1005/940/1100 1004/939/1099
f 989/924/1084 1007/942/1102 987/922/1082
f 919/854/1014 1008/943/1103 912/847/1007
f 1005/940/1100 918/853/1013 917/852/1012
f 991/926/1086 1007/942/1102 989/924/1084
f 920/855/1015 1004/939/1099 1006/941/1101
f 1008/943/1103 1005/940/1100 917/852/1012
f 920/855/1015 918/853/1013 1004/939/1099
f 1007/942/1102 920/855/1015 1006/941/1101
f 922/857/1017 1007/942/1102 991/926/1086
f 912/847/1007 1008/943/1103 910/845/1005
f 917/852/1012 910/845/1005 1008/943/1103
f 922/857/1017 920/855/1015 1007/942/1102
f 991/926/1086 938/873/1033 922/857/1017
f 922/857/1017 938/873/1033 924/859/1019
f 771/692/852 885/820/980 777/699/859
f 771/692/852 949/884/1044 885/820/980
f 777/699/859 885/820/980 876/811/971
f 783/705/865 777/699/859 876/811/971
f 949/884/1044 942/877/1037 885/820/980
f 885/820/980 942/877/1037 882/817/977
f 1009/944/1104 897/832/992 1010/945/1105
f 1010/945/1105 887/822/982 1009/944/1104
f 1010/945/1105 897/832/992 1011/946/1106
f 1012/947/1107 887/822/982 1010/945/1105
f 890/825/985 897/832/992 1009/944/1104
f 887/822/982 890/825/985 1009/944/1104
f 1010/945/1105 1011/946/1106 1013/948/1108
f 1010/945/1105 1013/948/1108 1012/947/1107
f 897/832/992 900/835/995 1011/946/1106
f 881/816/976 887/822/982 1012/947/1107
f 1013/948/1108 1011/946/1106 1014/949/1109
f 900/835/995 909/844/1004 1011/946/1106
f 881/816/976 1012/947/1107 878/813/973
f 1012/947/1107 1013/948/1108 1015/950/1110
f 1011/946/1106 1016/951/1111 1014/949/1109
f 1011/946/1106 909/844/1004 1016/951/1111
f 878/813/973 1012/947/1107 1017/952/1112
f 1014/949/1109 957/953/1113 1013/948/1108
f 1012/947/1107 1015/950/1110 1017/952/1112
f 1016/951/1111 909/844/1004 913/848/1008
f 1014/949/1109 1016/951/1111 931/866/1026
f 1013/948/1108 957/953/1113 1015/950/1110
f 1017/952/1112 1015/950/1110 1018/954/1114
f 913/848/1008 931/866/1026 1016/951/1111
f 956/891/1051 957/953/1113 1014/949/1109
f 1018/954/1114 1019/955/1115 1017/952/1112
f 1019/955/1115 878/813/973 1017/952/1112
f 931/866/1026 956/891/1051 1014/949/1109
f 1015/950/1110 957/953/1113 1020/956/1116
f 1015/950/1110 1020/956/1116 1018/954/1114
f 875/810/970 878/813/973 1019/955/1115
f 1020/956/1116 957/953/1113 1021/957/1117
f 1022/958/1118 1019/955/1115 1018/954/1114
f 1023/959/1119 875/810/970 1019/955/1115
f 1021/957/1117 1024/960/1120 1020/956/1116
f 1021/957/1117 957/953/1113 960/961/1121
f 1018/954/1114 1020/956/1116 1025/962/1122
f 1018/954/1114 1025/962/1122 1022/958/1118
f 1022/958/1118 1026/963/1123 1019/955/1115
f 1020/956/1116 1024/960/1120 1025/962/1122
f 1019/955/1115 1026/963/1123 1023/959/1119
f 1021/957/1117 960/961/1121 1027/964/1124
f 1022/958/1118 1025/962/1122 1028/965/1125
f 1024/960/1120 1029/966/1126 1025/962/1122
f 1022/958/1118 1028/965/1125 1026/963/1123
f 1027/964/1124 1030/967/1127 1021/957/1117
f 1021/957/1117 1030/967/1127 1024/960/1120
f 1025/962/1122 1029/966/1126 1028/965/1125
f 1027/964/1124 960/961/1121 963/968/1128
f 1031/969/1129 1023/959/1119 1026/963/1123
f 1030/967/1127 1032/970/1130 1024/960/1120
f 1024/960/1120 1032/970/1130 1029/966/1126
f 1027/964/1124 963/968/1128 1033/971/1131
f 1034/972/1132 1023/959/1119 1031/969/1129
f 1030/967/1127 1027/964/1124 1035/973/1133
f 1029/966/1126 1036/974/1134 1028/965/1125
f 1035/973/1133 1027/964/1124 1033/971/1131
f 1032/970/1130 1036/974/1134 1029/966/1126
f 1037/975/1135 1034/972/1132 1031/969/1129
f 1033/971/1131 1038/976/1136 1035/973/1133
f 1039/977/1137 1036/974/1134 1032/970/1130
f 1040/978/1138 1034/972/1132 1037/975/1135
f 1041/979/1139 1038/976/1136 1033/971/1131
f 1039/977/1137 1042/980/1140 1036/974/1134
f 1037/975/1135 1043/981/1141 1040/978/1138
f 1033/971/1131 970/982/1142 1041/979/1139
f 1044/983/1143 1042/980/1140 1039/977/1137
f 1045/984/1144 1043/981/1141 1037/975/1135
f 1033/971/1131 963/968/1128 970/982/1142
f 1042/980/1140 1044/983/1143 1046/985/1145
f 1043/981/1141 1045/984/1144 1042/980/1140
f 1037/975/1135 1047/986/1146 1045/984/1144
f 1048/987/1147 1044/983/1143 1039/977/1137
f 1046/985/1145 1043/981/1141 1042/980/1140
f 1031/969/1129 1047/986/1146 1037/975/1135
f 1042/980/1140 1045/984/1144 1047/986/1146
f 1046/985/1145 1044/983/1143 1049/988/1148
f 1043/981/1141 1050/989/1149 1040/978/1138
f 1051/990/1150 1042/980/1140 1047/986/1146
f 1049/988/1148 1050/989/1149 1046/985/1145
f 1031/969/1129 1051/990/1150 1047/986/1146
f 1050/989/1149 1043/981/1141 1046/985/1145
f 1040/978/1138 1050/989/1149 1052/991/1151
f 1053/992/1152 1050/989/1149 1049/988/1148
f 1036/974/1134 1042/980/1140 1051/990/1150
f 1026/963/1123 1051/990/1150 1031/969/1129
f 1050/989/1149 1053/992/1152 1052/991/1151
f 1044/983/1143 1054/993/1153 1049/988/1148
f 1026/963/1123 1028/965/1125 1051/990/1150
f 1028/965/1125 1036/974/1134 1051/990/1150
f 1052/991/1151 1053/992/1152 1055/994/1154
f 1054/993/1153 1044/983/1143 1048/987/1147
f 1049/988/1148 1054/993/1153 1056/995/1155
f 1052/991/1151 1057/996/1156 1040/978/1138
f 1056/995/1155 1053/992/1152 1049/988/1148
f 1055/994/1154 1058/997/1157 1052/991/1151
f 1059/998/1158 1056/995/1155 1054/993/1153
f 1052/991/1151 1058/997/1157 1057/996/1156
f 1060/999/1159 1053/992/1152 1056/995/1155
f 1053/992/1152 1060/999/1159 1055/994/1154
f 1061/1000/1160 1056/995/1155 1059/998/1158
f 1059/998/1158 1054/993/1153 1062/1001/1161
f 1062/1001/1161 1054/993/1153 1048/987/1147
f 1058/997/1157 1063/1002/1162 1057/996/1156
f 1061/1000/1160 1060/999/1159 1056/995/1155
f 1064/1003/1163 1059/998/1158 1062/1001/1161
f 1058/997/1157 1055/994/1154 1065/1004/1164
f 1066/1005/1165 1061/1000/1160 1059/998/1158
f 1067/1006/1166 1060/999/1159 1061/1000/1160
f 1066/1005/1165 1059/998/1158 1064/1003/1163
f 1063/1002/1162 1058/997/1157 866/801/961
f 866/801/961 1058/997/1157 1065/1004/1164
f 1067/1006/1166 1068/1007/1167 1060/999/1159
f 1055/994/1154 1060/999/1159 1068/1007/1167
f 1066/1005/1165 1064/1003/1163 1069/1008/1168
f 866/801/961 1065/1004/1164 856/791/951
f 1065/1004/1164 1055/994/1154 1068/1007/1167
f 1070/1009/1169 1068/1007/1167 1067/1006/1166
f 1069/1008/1168 1064/1003/1163 1071/1010/1170
f 856/791/951 1065/1004/1164 855/790/950
f 855/790/950 1068/1007/1167 1070/1009/1169
f 1067/1006/1166 1072/1011/1171 1070/1009/1169
f 1064/1003/1163 1073/1012/1172 1071/1010/1170
f 1065/1004/1164 1068/1007/1167 855/790/950
f 1074/1013/1173 1072/1011/1171 1067/1006/1166
f 1064/1003/1163 1075/1014/1174 1073/1012/1172
f 1069/1008/1168 1071/1010/1170 1076/1015/1175
f 1074/1013/1173 839/774/934 1072/1011/1171
f 1062/1001/1161 1075/1014/1174 1064/1003/1163
f 1076/1015/1175 1077/1016/1176 1069/1008/1168
f 1078/1017/1177 839/774/934 1074/1013/1173
f 1062/1001/1161 1048/987/1147 1075/1014/1174
f 1076/1015/1175 1079/1018/1178 1077/1016/1176
f 1078/1017/1177 836/771/931 839/774/934
f 1061/1000/1160 1074/1013/1173 1067/1006/1166
f 1080/1019/1179 1079/1018/1178 1076/1015/1175
f 1081/1020/1180 836/771/931 1078/1017/1177
f 1082/1021/1181 1074/1013/1173 1061/1000/1160
f 1080/1019/1179 1083/1022/1182 1079/1018/1178
f 1081/1020/1180 1084/1023/1183 836/771/931
f 1082/1021/1181 1078/1017/1177 1074/1013/1173
f 1085/1024/1184 1083/1022/1182 1080/1019/1179
f 1086/1025/1185 1084/1023/1183 1081/1020/1180
f 1079/1018/1178 1086/1025/1185 1077/1016/1176
f 1087/1026/1186 1078/1017/1177 1082/1021/1181
f 1076/1015/1175 1088/1027/1187 1080/1019/1179
f 1077/1016/1176 1081/1020/1180 1087/1026/1186
f 1077/1016/1176 1086/1025/1185 1081/1020/1180
f 1087/1026/1186 1081/1020/1180 1078/1017/1177
f 1066/1005/1165 1087/1026/1186 1082/1021/1181
f 1076/1015/1175 1071/1010/1170 1088/1027/1187
f 1086/1025/1185 833/767/927 1084/1023/1183
f 1069/1008/1168 1087/1026/1186 1066/1005/1165
f 1069/1008/1168 1077/1016/1176 1087/1026/1186
f 1082/1021/1181 1061/1000/1160 1066/1005/1165
f 1089/1028/1188 833/767/927 1086/1025/1185
f 827/760/920 1084/1023/1183 833/767/927
f 1071/1010/1170 1090/1029/1189 1088/1027/1187
f 1089/1028/1188 757/770/930 833/767/927
f 1079/1018/1178 1089/1028/1188 1086/1025/1185
f 831/765/925 1084/1023/1183 827/760/920
f 1088/1027/1187 1090/1029/1189 1091/1030/1190
f 1083/1022/1182 1089/1028/1188 1079/1018/1178
f 831/765/925 836/771/931 1084/1023/1183
f 1088/1027/1187 1091/1030/1190 1092/1031/1191
f 1089/1028/1188 1083/1022/1182 1093/1032/1192
f 1093/1032/1192 757/770/930 1089/1028/1188
f 1094/1033/1193 1091/1030/1190 1090/1029/1189
f 1080/1019/1179 1088/1027/1187 1092/1031/1191
f 1093/1032/1192 755/1034/1194 757/770/930
f 1095/1035/1195 1091/1030/1190 1094/1033/1193
f 1080/1019/1196 1092/1031/1191 1085/1024/1184
f 1096/1036/1197 755/1034/1194 1093/1032/1192
f 1095/1035/1195 1097/1037/1198 1091/1030/1190
f 1094/1033/1193 1090/1029/1189 1098/1038/1199
f 1092/1031/1191 1091/1030/1190 1097/1037/1198
f 1096/1036/1197 752/1039/1200 755/1034/1194
f 1099/1040/1201 1095/1035/1195 1094/1033/1193
f 1085/1024/1184 1092/1031/1191 1100/1041/1202
f 1092/1031/1191 1097/1037/1198 1100/1041/1202
f 1101/1042/1203 752/1039/1200 1096/1036/1197
f 1102/1043/1204 1097/1037/1198 1095/1035/1195
f 1085/1024/1184 1100/1041/1202 1103/1044/1205
f 1104/1045/1206 1101/1042/1203 1096/1036/1197
f 1097/1037/1198 1102/1043/1204 1105/1046/1207
f 1106/1047/1208 1085/1024/1184 1103/1044/1205
f 1096/1036/1197 1106/1047/1208 1104/1045/1206
f 1100/1041/1202 1097/1037/1198 1105/1046/1207
f 1105/1046/1207 1102/1043/1204 1107/1048/1209
f 1106/1047/1208 1103/1044/1205 1104/1049/1210
f 1108/1050/1211 1101/1042/1203 1104/1045/1206
f 1105/1046/1207 1107/1048/1209 1109/1051/1212
f 1083/1022/1182 1085/1024/1184 1106/1047/1208
f 1108/1050/1211 774/1052/1213 1101/1042/1203
f 1100/1041/1202 1105/1046/1207 1110/1053/1214
f 1110/1053/1214 1105/1046/1207 1109/1051/1212
f 1103/1044/1205 1100/1041/1202 1110/1053/1214
f 1093/1032/1192 1083/1022/1182 1106/1047/1208
f 1101/1042/1203 774/1052/1213 1111/1054/1215
f 1104/1049/1210 1103/1044/1205 1112/1055/1216
f 1103/1044/1205 1110/1053/1214 1112/1055/1216
f 1110/1053/1214 1109/1051/1212 1112/1055/1216
f 1093/1032/1192 1106/1047/1208 1096/1036/1197
f 1111/1054/1215 750/1056/1217 1101/1042/1203
f 1112/1055/1216 1113/1057/1218 1104/1049/1210
f 1109/1051/1212 1114/1058/1219 1112/1055/1216
f 1112/1055/1216 1114/1058/1219 1113/1057/1218
f 1101/1042/1203 750/1056/1217 752/1039/1200
f 1104/1049/1210 1113/1057/1218 1108/1059/1220
f 1115/1060/1221 1114/1058/1219 1109/1051/1212
f 1113/1057/1218 1114/1058/1219 1116/1061/1222
f 1115/1060/1221 1116/1061/1222 1114/1058/1219
f 1113/1057/1218 790/1062/1223 1108/1059/1220
f 1113/1057/1218 1116/1061/1222 790/1062/1223
f 1109/1051/1212 1107/1048/1209 1115/1060/1221
f 1108/1059/1220 790/1062/1223 774/1063/1224
f 790/1062/1223 1116/1061/1222 795/1064/1225
f 1117/1065/1226 1115/1060/1221 1107/1048/1209
f 1118/1066/1227 1116/1061/1222 1115/1060/1221
f 1116/1061/1222 1118/1066/1227 795/1064/1225
f 1118/1066/1227 1115/1060/1221 1117/1065/1226
f 1107/1048/1209 1119/1067/1228 1117/1065/1226
f 795/1064/1225 1118/1066/1227 817/1068/1229
f 1118/1066/1227 1117/1065/1226 817/1068/1229
f 1102/1043/1204 1119/1067/1228 1107/1048/1209
f 817/1068/1229 1117/1065/1226 821/1069/1230
f 1119/1067/1228 1102/1043/1204 1120/1070/1231
f 1119/1067/1228 820/1071/1232 1117/1065/1226
f 1117/1065/1226 820/1071/1232 821/1069/1230
f 1120/1070/1231 1102/1043/1204 1095/1035/1195
f 1120/1070/1231 819/1072/1233 1119/1067/1228
f 1119/1067/1228 819/1072/1233 820/1071/1232
f 1120/1070/1231 1095/1035/1195 1099/1040/1201
f 1120/1070/1231 802/1073/1234 819/1072/1233
f 1099/1040/1201 802/1073/1234 1120/1070/1231
f 1099/1040/1201 807/1074/1235 802/1073/1234
f 1121/1075/1236 807/1074/1235 1099/1040/1201
f 1121/1075/1236 809/1076/1237 807/1074/1235
f 1099/1040/1201 1094/1033/1193 1121/1075/1236
f 1041/979/1139 809/1076/1237 1121/1075/1236
f 1121/1075/1236 1094/1033/1193 1098/1038/1199
f 1098/1038/1199 1041/979/1139 1121/1075/1236
f 1041/979/1139 970/982/1142 809/1076/1237
f 1038/976/1136 1041/979/1139 1098/1038/1199
f 1073/1012/1172 1038/976/1136 1098/1038/1199
f 1098/1038/1199 1090/1029/1189 1073/1012/1172
f 1075/1014/1174 1038/976/1136 1073/1012/1172
f 1071/1010/1170 1073/1012/1172 1090/1029/1189
f 1038/976/1136 1075/1014/1174 1035/973/1133
f 1035/973/1133 1075/1014/1174 1122/1077/1238
f 1122/1077/1238 1030/967/1127 1035/973/1133
f 1075/1014/1174 1048/987/1147 1122/1077/1238
f 1032/970/1130 1030/967/1127 1122/1077/1238
f 1048/987/1147 1039/977/1137 1122/1077/1238
f 1122/1077/1238 1039/977/1137 1032/970/1130
f 936/871/1031 950/885/1045 934/869/1029
f 950/885/1045 936/871/1031 941/876/1036
f 984/919/1079 975/910/1070 971/906/1066
f 966/901/1061 984/919/1079 971/906/1066
f 763/682/842 750/685/845 1111/1078/1239
f 774/695/855 763/682/842 1111/1078/1239
f 886/821/981 903/838/998 892/827/987
f 889/824/984 903/838/998 886/821/981
f 853/788/948 864/799/959 848/783/943
f 848/783/943 864/799/959 852/787/947
f 923/858/1018 929/864/1024 968/903/1063
f 968/903/1063 929/864/1024 1123/1079/1240
f 965/900/1060 968/903/1063 1123/1079/1240
f 839/774/934 846/781/941 1072/1011/1171
f 846/781/941 1070/1009/1169 1072/1011/1171
f 855/790/950 1070/1009/1169 846/781/941
f 814/745/905 812/743/903 828/761/921
f 828/761/921 812/743/903 837/772/932
f 875/810/970 1124/1080/1241 871/806/966
f 1124/1080/1241 875/810/970 1023/959/1119
f 871/806/966 1124/1080/1241 1063/1002/1162
f 1034/972/1132 1124/1080/1241 1023/959/1119
f 871/806/966 1063/1002/1162 860/795/955
f 1057/996/1156 1124/1080/1241 1034/972/1132
f 1057/996/1156 1063/1002/1162 1124/1080/1241
f 860/795/955 1063/1002/1162 866/801/961
f 1040/978/1138 1057/996/1156 1034/972/1132
f 1125/1081/1242 1126/1082/1243 1127/1083/1244
f 1123/1084/1245 1125/1081/1242 1127/1083/1244
f 1127/1083/1244 1126/1082/1243 1128/1085/1246
f 929/1086/1247 1125/1081/1242 1123/1084/1245
f 1128/1085/1246 1129/1087/1248 1127/1083/1244
f 1128/1085/1246 1126/1082/1243 1130/1088/1249
f 1128/1085/1246 1130/1088/1249 1129/1087/1248
f 929/1089/1250 1126/1082/1243 1125/1081/1242
f 1131/1090/1251 1123/1084/1245 1127/1083/1244
f 1127/1083/1244 1129/1087/1248 1131/1090/1251
f 1130/1088/1249 1126/1082/1243 1132/1091/1252
f 932/1092/1250 1126/1082/1243 929/1089/1250
f 965/1093/1253 1123/1084/1245 1131/1090/1251
f 1129/1087/1248 1130/1088/1249 1133/1094/1254
f 932/1092/1250 1132/1091/1252 1126/1082/1243
f 1129/1087/1248 965/1095/1255 1131/1090/1251
f 1130/1088/1249 1132/1091/1252 1134/1096/1256
f 1130/1088/1249 1134/1096/1256 1133/1094/1254
f 935/1097/1257 1132/1091/1252 932/1092/1250
f 964/1098/1255 965/1095/1255 1129/1087/1248
f 1133/1094/1254 964/1098/1255 1129/1087/1248
f 1134/1096/1256 1132/1091/1252 1135/1099/1258
f 939/1100/1259 1132/1091/1252 935/1097/1257
f 1135/1099/1258 1132/1091/1252 939/1100/1259
f 1133/1094/1254 1134/1096/1256 1136/1101/1260
f 961/1102/1261 964/1098/1255 1133/1094/1254
f 939/1103/1262 1134/1096/1256 1135/1099/1258
f 948/1104/1263 1133/1094/1254 1136/1101/1260
f 961/1102/1261 1133/1094/1254 948/1104/1263
f 945/1105/1262 1134/1096/1256 939/1103/1262
f 1134/1096/1256 948/1106/1262 1136/1101/1260
f 945/1105/1262 948/1106/1262 1134/1096/1256
f 1137/1/1264 1138/2/1265 1139/3/1266
f 1137/1/1264 1140/94/1267 1138/2/1265
f 1139/3/1266 1138/2/1265 1141/4/1268
f 1137/1/1264 1139/3/1266 1142/98/1269
f 1138/2/1265 1140/94/1267 1143/10/1270
f 1138/2/1265 1144/5/1271 1141/4/1268
f 1142/98/1269 1145/104/1272 1137/1/1264
f 1139/3/1266 1141/4/1268 1146/11/1273
f 1137/1/1264 1145/104/1272 1140/94/1267
f 1144/5/1271 1138/2/1265 1147/13/1274
f 1147/13/1274 1138/2/1265 1143/10/1270
f 1141/4/1268 1144/5/1271 1148/6/1275
f 1146/11/1273 1141/4/1268 1149/18/1276
f 1140/94/1267 1150/91/1277 1143/10/1270
f 1145/104/1272 1150/91/1277 1140/94/1267
f 1144/5/1271 1151/7/1278 1148/6/1275
f 1141/4/1268 1148/6/1275 1149/18/1276
f 1143/10/1270 1152/86/1279 1147/13/1274
f 1143/10/1270 1150/91/1277 1152/86/1279
f 1151/7/1278 1144/5/1271 1153/12/1280
f 1148/6/1275 1151/7/1278 1154/8/1281
f 1153/12/1280 1144/5/1271 1147/13/1274
f 1149/18/1276 1148/6/1275 1155/24/1282
f 1150/91/1277 1156/95/1283 1152/86/1279
f 1148/6/1275 1154/8/1281 1155/24/1282
f 1157/15/1284 1151/7/1278 1153/12/1280
f 1150/91/1277 1158/99/1285 1156/95/1283
f 1152/86/1279 1156/95/1283 1159/89/1286
f 1155/24/1282 1154/8/1281 1160/27/1287
f 1157/15/1284 1153/12/1280 1161/20/1288
f 1162/81/1289 1152/86/1279 1159/89/1286
f 1155/24/1282 1163/26/1290 1149/18/1276
f 1164/9/1291 1151/7/1278 1157/15/1284
f 1151/7/1278 1164/9/1291 1154/8/1281
f 1165/84/1292 1152/86/1279 1162/81/1289
f 1149/18/1276 1163/26/1290 1166/29/1293
f 1167/19/1294 1164/9/1291 1157/15/1284
f 1168/22/1295 1165/84/1292 1162/81/1289
f 1161/20/1288 1153/12/1280 1168/22/1295
f 1169/61/1296 1149/18/1276 1166/29/1293
f 1167/19/1294 1157/15/1284 1170/35/1297
f 1170/35/1297 1157/15/1284 1161/20/1288
f 1153/12/1280 1165/84/1292 1168/22/1295
f 1146/11/1273 1149/18/1276 1169/61/1296
f 1171/32/1298 1167/19/1294 1170/35/1297
f 1147/13/1274 1165/84/1292 1153/12/1280
f 1172/78/1299 1168/22/1295 1162/81/1289
f 1173/28/1300 1167/19/1294 1171/32/1298
f 1147/13/1274 1152/86/1279 1165/84/1292
f 1172/78/1299 1174/76/1301 1168/22/1295
f 1173/28/1300 1175/21/1302 1167/19/1294
f 1176/38/1303 1173/28/1300 1171/32/1298
f 1162/81/1289 1159/89/1286 1172/78/1299
f 1168/22/1295 1174/76/1301 1177/73/1304
f 1178/31/1305 1173/28/1300 1176/38/1303
f 1176/38/1303 1171/32/1298 1179/44/1306
f 1172/78/1299 1180/85/1307 1174/76/1301
f 1168/22/1295 1177/73/1304 1161/20/1288
f 1181/42/1308 1178/31/1305 1176/38/1303
f 1182/87/1309 1180/85/1307 1172/78/1299
f 1172/78/1299 1159/89/1286 1182/87/1309
f 1161/20/1288 1177/73/1304 1183/71/1310
f 1178/31/1305 1184/25/1311 1173/28/1300
f 1182/87/1309 1185/92/1312 1180/85/1307
f 1186/64/1313 1161/20/1288 1183/71/1310
f 1187/34/1314 1184/25/1311 1178/31/1305
f 1159/89/1286 1156/95/1283 1182/87/1309
f 1182/87/1309 1156/95/1283 1185/92/1312
f 1170/35/1297 1161/20/1288 1186/64/1313
f 1184/25/1311 1187/34/1314 1188/30/1315
f 1189/41/1316 1187/34/1314 1178/31/1305
f 1180/85/1307 1185/92/1312 1190/88/1317
f 1191/57/1318 1170/35/1297 1186/64/1313
f 1192/40/1319 1187/34/1314 1189/41/1316
f 1180/85/1307 1190/88/1317 1193/83/1320
f 1171/32/1298 1170/35/1297 1191/57/1318
f 1187/34/1314 1192/40/1319 1194/37/1321
f 1188/30/1315 1187/34/1314 1194/37/1321
f 1193/83/1320 1190/88/1317 1195/90/1322
f 1179/44/1306 1171/32/1298 1191/57/1318
f 1188/30/1315 1194/37/1321 1196/51/1323
f 1180/85/1307 1193/83/1320 1174/76/1301
f 1179/44/1306 1191/57/1318 1197/53/1324
f 1198/70/1325 1188/30/1315 1196/51/1323
f 1194/37/1321 1192/40/1319 1199/46/1326
f 1200/50/1327 1179/44/1306 1197/53/1324
f 1201/23/1328 1188/30/1315 1198/70/1325
f 1196/51/1323 1194/37/1321 1202/49/1329
f 1194/37/1321 1199/46/1326 1202/49/1329
f 1203/47/1330 1179/44/1306 1200/50/1327
f 1201/23/1328 1184/25/1311 1188/30/1315
f 1198/70/1325 1196/51/1323 1204/67/1331
f 1203/47/1330 1176/38/1303 1179/44/1306
f 1175/21/1302 1184/25/1311 1201/23/1328
f 1205/39/1332 1201/23/1328 1198/70/1325
f 1198/70/1325 1204/67/1331 1205/39/1332
f 1181/42/1308 1176/38/1303 1203/47/1330
f 1206/17/1333 1175/21/1302 1201/23/1328
f 1184/25/1311 1175/21/1302 1173/28/1300
f 1206/17/1333 1201/23/1328 1205/39/1332
f 1205/39/1332 1204/67/1331 1207/77/1334
f 1204/67/1331 1196/51/1323 1208/55/1335
f 1164/9/1291 1175/21/1302 1206/17/1333
f 1189/41/1316 1178/31/1305 1181/42/1308
f 1204/67/1331 1209/65/1336 1207/77/1334
f 1154/8/1281 1164/9/1291 1206/17/1333
f 1175/21/1302 1164/9/1291 1167/19/1294
f 1196/51/1323 1202/49/1329 1208/55/1335
f 1207/77/1334 1209/65/1336 1210/79/1337
f 1154/8/1281 1206/17/1333 1160/27/1287
f 1208/55/1335 1211/62/1338 1204/67/1331
f 1208/55/1335 1202/49/1329 1212/56/1339
f 1204/67/1331 1211/62/1338 1209/65/1336
f 1209/65/1336 1213/82/1340 1210/79/1337
f 1160/27/1287 1206/17/1333 1205/39/1332
f 1202/49/1329 1214/52/1341 1212/56/1339
f 1211/62/1338 1215/75/1342 1209/65/1336
f 1209/65/1336 1215/75/1342 1213/82/1340
f 1205/39/1332 1207/36/1343 1160/27/1287
f 1202/49/1329 1199/46/1326 1214/52/1341
f 1208/55/1335 1216/63/1344 1211/62/1338
f 1212/56/1339 1216/63/1344 1208/55/1335
f 1160/27/1287 1207/36/1343 1217/33/1345
f 1211/62/1338 1218/72/1346 1215/75/1342
f 1212/56/1339 1214/52/1341 1219/60/1347
f 1216/63/1344 1218/72/1346 1211/62/1338
f 1207/36/1343 1210/43/1348 1217/33/1345
f 1219/60/1347 1220/68/1349 1212/56/1339
f 1212/56/1339 1220/68/1349 1216/63/1344
f 1216/63/1344 1221/69/1350 1218/72/1346
f 1160/27/1287 1217/33/1345 1155/24/1282
f 1217/33/1345 1210/43/1348 1222/45/1351
f 1220/68/1349 1221/69/1350 1216/63/1344
f 1155/24/1282 1217/33/1345 1163/26/1290
f 1217/33/1345 1222/45/1351 1163/26/1290
f 1210/43/1348 1213/48/1352 1222/45/1351
f 1163/26/1290 1222/45/1351 1223/54/1353
f 1213/48/1352 1215/184/1354 1222/45/1351
f 1222/45/1351 1215/184/1354 1223/54/1353
f 1163/26/1290 1223/54/1353 1166/29/1293
f 1215/184/1354 1218/183/1355 1223/54/1353
f 1166/29/1293 1223/54/1353 1224/59/1356
f 1223/54/1353 1218/183/1355 1224/59/1356
f 1225/181/1357 1166/29/1293 1224/59/1356
f 1218/183/1355 1225/181/1357 1224/59/1356
f 1169/61/1296 1166/29/1293 1225/181/1357
f 1221/182/1358 1225/181/1357 1218/183/1355
f 1226/185/191 1227/186/191 1228/187/191
f 1226/185/191 1229/188/191 1227/186/191
f 1228/187/191 1227/186/191 1230/189/191
f 1227/186/191 1229/188/191 1230/189/191
f 1231/190/191 1229/188/191 1226/185/191
f 1230/189/191 1229/188/191 1232/191/191
f 1231/190/191 1233/192/191 1229/188/191
f 1229/188/191 1233/192/191 1232/191/191
f 1193/193/191 1233/192/191 1231/190/191
f 1232/191/191 1233/192/191 1197/194/191
f 1193/193/191 1234/195/191 1233/192/191
f 1234/195/191 1197/194/191 1233/192/191
f 1195/196/191 1234/195/191 1193/193/191
f 1200/197/191 1197/194/191 1234/195/191
f 1195/196/191 1235/198/191 1234/195/191
f 1234/195/191 1236/199/191 1200/197/191
f 1234/195/191 1235/198/191 1237/200/191
f 1237/200/191 1236/199/191 1234/195/191
f 1235/198/191 1238/201/191 1237/200/191
f 1237/200/191 1239/202/191 1236/199/191
f 1237/200/191 1238/201/191 1240/203/191
f 1240/203/191 1239/202/191 1237/200/191
f 1238/201/191 1241/204/191 1240/203/191
f 1240/203/191 1242/205/191 1239/202/191
f 1240/203/191 1241/204/191 1243/206/191
f 1243/206/191 1242/205/191 1240/203/191
f 1241/204/191 1244/207/191 1243/206/191
f 1243/206/191 1244/207/191 1242/205/191
f 1174/76/1301 1193/83/1320 1231/80/1359
f 1174/76/1301 1231/80/1359 1177/73/1304
f 1177/73/1304 1231/80/1359 1226/74/1360
f 1177/73/1304 1226/74/1360 1183/71/1310
f 1183/71/1310 1226/74/1360 1228/208/1361
f 1230/66/1362 1183/71/1310 1228/208/1361
f 1186/64/1313 1183/71/1310 1230/66/1362
f 1232/58/1363 1186/64/1313 1230/66/1362
f 1191/57/1318 1186/64/1313 1232/58/1363
f 1197/53/1324 1191/57/1318 1232/58/1363
f 1142/98/1269 1139/3/1266 1245/14/1364
f 1142/98/1269 1245/14/1364 1246/107/1365
f 1139/3/1266 1247/16/1366 1245/14/1364
f 1246/107/1365 1248/109/1367 1142/98/1269
f 1146/11/1273 1247/16/1366 1139/3/1266
f 1246/107/1365 1245/14/1364 1249/106/1368
f 1142/98/1269 1248/109/1367 1145/104/1272
f 1146/11/1273 1250/124/1369 1247/16/1366
f 1246/107/1365 1249/106/1368 1251/113/1370
f 1247/16/1366 1252/114/1371 1245/14/1364
f 1248/109/1367 1253/101/1372 1145/104/1272
f 1251/113/1370 1254/110/1373 1246/107/1365
f 1245/14/1364 1252/114/1371 1249/106/1368
f 1246/107/1365 1254/110/1373 1248/109/1367
f 1255/108/1374 1253/101/1372 1248/109/1367
f 1251/113/1370 1249/106/1368 1256/111/1375
f 1249/106/1368 1252/114/1371 1256/111/1375
f 1253/101/1372 1150/91/1277 1145/104/1272
f 1254/110/1373 1255/108/1374 1248/109/1367
f 1251/113/1370 1256/111/1375 1257/116/1376
f 1253/101/1372 1158/99/1285 1150/91/1277
f 1251/113/1370 1258/112/1377 1254/110/1373
f 1255/108/1374 1259/105/1378 1253/101/1372
f 1257/116/1376 1258/112/1377 1251/113/1370
f 1253/101/1372 1259/105/1378 1158/99/1285
f 1257/116/1376 1256/111/1375 1260/115/1379
f 1261/102/1380 1259/105/1378 1255/108/1374
f 1261/102/1380 1255/108/1374 1254/110/1373
f 1257/116/1376 1262/120/1381 1258/112/1377
f 1256/111/1375 1252/114/1371 1263/117/1382
f 1256/111/1375 1263/117/1382 1260/115/1379
f 1264/100/1383 1259/105/1378 1261/102/1380
f 1259/105/1378 1264/100/1383 1158/99/1285
f 1262/120/1381 1265/152/1384 1258/112/1377
f 1260/115/1379 1263/117/1382 1266/122/1385
f 1261/102/1380 1267/97/1386 1264/100/1383
f 1268/118/1387 1262/120/1381 1257/116/1376
f 1257/116/1376 1260/115/1379 1268/118/1387
f 1252/114/1371 1269/125/1388 1263/117/1382
f 1267/97/1386 1270/96/1389 1264/100/1383
f 1268/118/1387 1271/145/1390 1262/120/1381
f 1272/121/1391 1269/125/1388 1252/114/1371
f 1273/168/1392 1267/97/1386 1261/102/1380
f 1268/118/1387 1260/115/1379 1274/119/1393
f 1260/115/1379 1266/122/1385 1274/119/1393
f 1269/125/1388 1275/130/1394 1263/117/1382
f 1267/97/1386 1235/93/1395 1270/96/1389
f 1268/118/1387 1274/119/1393 1276/126/1396
f 1263/117/1382 1275/130/1394 1266/122/1385
f 1238/175/1397 1235/93/1395 1267/97/1386
f 1273/168/1392 1238/175/1397 1267/97/1386
f 1276/126/1396 1274/119/1393 1277/127/1398
f 1269/125/1388 1278/139/1399 1275/130/1394
f 1279/123/1400 1273/168/1392 1261/102/1380
f 1276/126/1396 1277/127/1398 1280/133/1401
f 1281/135/1402 1278/139/1399 1269/125/1388
f 1282/165/1403 1273/168/1392 1279/123/1400
f 1280/133/1401 1283/143/1404 1276/126/1396
f 1272/121/1391 1281/135/1402 1269/125/1388
f 1279/123/1400 1284/161/1405 1282/165/1403
f 1280/133/1401 1277/127/1398 1285/131/1406
f 1286/129/1407 1281/135/1402 1272/121/1391
f 1265/152/1384 1284/161/1405 1279/123/1400
f 1280/133/1401 1285/131/1406 1192/140/1408
f 1250/124/1369 1286/129/1407 1272/121/1391
f 1258/112/1377 1265/152/1384 1279/123/1400
f 1192/140/1408 1189/147/1409 1280/133/1401
f 1250/124/1369 1272/121/1391 1247/16/1366
f 1258/112/1377 1279/123/1400 1254/110/1373
f 1192/140/1408 1285/131/1406 1199/136/1410
f 1287/132/1411 1286/129/1407 1250/124/1369
f 1247/16/1366 1272/121/1391 1252/114/1371
f 1254/110/1373 1279/123/1400 1261/102/1380
f 1169/128/1412 1287/132/1411 1250/124/1369
f 1288/138/1413 1286/129/1407 1287/132/1411
f 1285/131/1406 1289/146/1414 1199/136/1410
f 1169/128/1412 1250/124/1369 1146/11/1273
f 1288/138/1413 1287/132/1411 1221/137/1415
f 1285/131/1406 1290/151/1416 1289/146/1414
f 1225/134/1417 1287/132/1411 1169/128/1412
f 1199/136/1410 1289/146/1414 1214/144/1418
f 1221/137/1415 1287/132/1411 1225/134/1417
f 1277/127/1398 1290/151/1416 1285/131/1406
f 1291/142/1419 1286/129/1407 1288/138/1413
f 1289/146/1414 1292/176/1420 1214/144/1418
f 1277/127/1398 1293/156/1421 1290/151/1416
f 1291/142/1419 1281/135/1402 1286/129/1407
f 1290/151/1416 1294/158/1422 1289/146/1414
f 1289/146/1414 1294/158/1422 1292/176/1420
f 1274/119/1393 1293/156/1421 1277/127/1398
f 1295/141/1423 1281/135/1402 1291/142/1419
f 1293/156/1421 1296/160/1424 1290/151/1416
f 1290/151/1416 1296/160/1424 1294/158/1422
f 1274/119/1393 1266/122/1385 1293/156/1421
f 1295/141/1423 1278/139/1399 1281/135/1402
f 1214/144/1418 1292/176/1420 1219/149/1425
f 1266/122/1385 1296/160/1424 1293/156/1421
f 1296/160/1424 1297/173/1426 1294/158/1422
f 1294/158/1422 1298/178/1427 1292/176/1420
f 1292/176/1420 1298/178/1427 1219/149/1425
f 1297/173/1426 1298/178/1427 1294/158/1422
f 1275/164/1428 1296/160/1424 1266/122/1385
f 1219/149/1425 1298/178/1427 1220/179/1429
f 1299/167/1430 1297/173/1426 1296/160/1424
f 1275/164/1428 1299/167/1430 1296/160/1424
f 1220/179/1429 1298/178/1427 1221/180/1431
f 1298/178/1427 1297/173/1426 1288/177/1432
f 1221/180/1431 1298/178/1427 1288/177/1432
f 1278/169/1433 1299/167/1430 1275/164/1428
f 1288/177/1432 1297/173/1426 1291/174/1434
f 1297/173/1426 1299/167/1430 1291/174/1434
f 1299/167/1430 1278/169/1433 1295/171/1435
f 1291/174/1434 1299/167/1430 1295/171/1435
f 1276/126/1396 1271/145/1390 1268/118/1387
f 1276/126/1396 1283/143/1404 1271/145/1390
f 1283/143/1404 1300/148/1436 1271/145/1390
f 1283/143/1404 1181/150/1437 1300/148/1436
f 1271/145/1390 1300/148/1436 1301/154/1438
f 1189/147/1409 1181/150/1437 1283/143/1404
f 1280/133/1401 1189/147/1409 1283/143/1404
f 1271/145/1390 1301/154/1438 1262/120/1381
f 1300/148/1436 1302/155/1439 1301/154/1438
f 1181/150/1437 1203/153/1440 1300/148/1436
f 1300/148/1436 1203/153/1440 1302/155/1439
f 1262/120/1381 1301/154/1438 1265/152/1384
f 1203/153/1440 1200/157/1441 1302/155/1439
f 1301/154/1438 1303/159/1442 1265/152/1384
f 1301/154/1438 1302/155/1439 1303/159/1442
f 1302/155/1439 1200/157/1441 1236/162/1443
f 1302/155/1439 1236/162/1443 1303/159/1442
f 1265/152/1384 1303/159/1442 1284/161/1405
f 1303/159/1442 1236/162/1443 1239/163/1444
f 1303/159/1442 1239/163/1444 1284/161/1405
f 1284/161/1405 1239/163/1444 1242/166/1445
f 1284/161/1405 1242/166/1445 1282/165/1403
f 1282/165/1403 1242/166/1445 1244/170/1446
f 1244/170/1446 1241/172/1447 1282/165/1403
f 1282/165/1403 1241/172/1447 1273/168/1392
f 1241/172/1447 1238/175/1397 1273/168/1392
f 1264/100/1383 1270/96/1389 1304/103/1448
f 1158/99/1285 1264/100/1383 1304/103/1448
f 1304/103/1448 1270/96/1389 1185/92/1312
f 1158/99/1285 1304/103/1448 1156/95/1283
f 1156/95/1283 1304/103/1448 1185/92/1312
f 1185/92/1312 1270/96/1389 1190/88/1317
f 1270/96/1389 1235/93/1395 1190/88/1317
f 1190/88/1317 1235/93/1395 1195/90/1322
f 1305/459/1449 1306/460/1450 1307/461/1451
f 1306/460/1450 1305/459/1449 1308/462/1452
f 1307/461/1451 1306/460/1450 1309/463/1453
f 1308/462/1452 1305/459/1449 1310/464/1454
f 1309/463/1453 1311/465/1455 1307/461/1451
f 1308/462/1452 1312/466/1456 1306/460/1450
f 1306/460/1450 1312/466/1456 1309/463/1453
f 1313/467/1457 1305/459/1449 1307/461/1451
f 1310/464/1454 1314/468/1458 1308/462/1452
f 1315/469/1459 1311/465/1455 1309/463/1453
f 1307/461/1451 1316/470/1460 1313/467/1457
f 1317/471/1461 1314/468/1458 1310/464/1454
f 1318/472/1462 1315/469/1459 1309/463/1453
f 1311/465/1455 1316/470/1460 1307/461/1451
f 1309/463/1453 1312/466/1456 1318/472/1462
f 1314/468/1458 1317/471/1461 1319/473/1463
f 1320/474/1464 1315/469/1459 1318/472/1462
f 1316/470/1460 1321/475/1465 1313/467/1457
f 1319/473/1463 1322/476/1466 1314/468/1458
f 1318/472/1462 1323/477/1467 1320/474/1464
f 1324/478/1468 1321/475/1465 1316/470/1460
f 1319/473/1463 1317/471/1461 1325/479/1469
f 1312/466/1456 1326/480/1470 1318/472/1462
f 1326/480/1470 1323/477/1467 1318/472/1462
f 1313/467/1457 1321/475/1465 1327/481/1471
f 1317/471/1461 1328/482/1472 1325/479/1469
f 1329/483/1473 1326/480/1470 1312/466/1456
f 1327/481/1471 1330/484/1474 1313/467/1457
f 1328/482/1472 1317/471/1461 1331/485/1475
f 1312/466/1456 1332/486/1476 1329/483/1473
f 1321/475/1465 1333/487/1477 1327/481/1471
f 1325/479/1469 1328/482/1472 1334/488/1478
f 1332/486/1476 1312/466/1456 1308/462/1452
f 1321/475/1465 1335/489/1479 1333/487/1477
f 1334/488/1478 1336/490/1480 1325/479/1469
f 1329/483/1473 1332/486/1476 1337/491/1481
f 1335/489/1479 1321/475/1465 1324/478/1468
f 1338/492/1482 1336/490/1480 1334/488/1478
f 1329/483/1473 1337/491/1481 1339/493/1483
f 1333/487/1477 1335/489/1479 1340/494/1484
f 1338/492/1482 1341/495/1485 1336/490/1480
f 1342/496/1486 1329/483/1473 1339/493/1483
f 1332/486/1476 1322/476/1466 1337/491/1481
f 1343/497/1487 1341/495/1485 1338/492/1482
f 1342/496/1486 1339/493/1483 1344/498/1488
f 1332/486/1476 1314/468/1458 1322/476/1466
f 1343/497/1487 1345/499/1489 1341/495/1485
f 1346/500/1490 1342/496/1486 1344/498/1488
f 1308/462/1452 1314/468/1458 1332/486/1476
f 1347/501/1491 1345/499/1489 1343/497/1487
f 1348/502/1492 1342/496/1486 1346/500/1490
f 1344/498/1488 1339/493/1483 1349/503/1493
f 1350/504/1494 1347/501/1491 1343/497/1487
f 1348/502/1492 1326/480/1470 1342/496/1486
f 1341/495/1485 1345/499/1489 1351/505/1495
f 1350/504/1494 1343/497/1487 1352/506/1496
f 1323/477/1467 1326/480/1470 1348/502/1492
f 1326/480/1470 1329/483/1473 1342/496/1486
f 1351/505/1495 1345/499/1489 1353/507/1497
f 1352/506/1496 1354/508/1498 1350/504/1494
f 1352/506/1496 1343/497/1487 1338/492/1482
f 1341/495/1485 1351/505/1495 1336/490/1480
f 1351/505/1495 1353/507/1497 1355/509/1499
f 1350/504/1494 1354/508/1498 1356/510/1500
f 1352/506/1496 1338/492/1482 1357/511/1501
f 1336/490/1480 1351/505/1495 1358/512/1502
f 1356/510/1500 1347/501/1491 1350/504/1494
f 1357/511/1501 1359/513/1503 1352/506/1496
f 1352/506/1496 1359/513/1503 1354/508/1498
f 1358/512/1502 1351/505/1495 1360/514/1504
f 1360/514/1504 1351/505/1495 1355/509/1499
f 1336/490/1480 1358/512/1502 1325/479/1469
f 1357/511/1501 1361/515/1505 1359/513/1503
f 1355/509/1499 1362/516/1506 1360/514/1504
f 1357/511/1501 1338/492/1482 1334/488/1478
f 1325/479/1469 1358/512/1502 1319/473/1463
f 1355/509/1499 1363/517/1507 1362/516/1506
f 1364/518/1508 1361/515/1505 1357/511/1501
f 1334/488/1478 1364/518/1508 1357/511/1501
f 1319/473/1463 1358/512/1502 1365/519/1509
f 1365/519/1509 1358/512/1502 1360/514/1504
f 1360/514/1504 1362/516/1506 1366/520/1510
f 1328/482/1472 1364/518/1508 1334/488/1478
f 1365/519/1509 1322/476/1466 1319/473/1463
f 1360/514/1504 1366/520/1510 1365/519/1509
f 1362/516/1506 1367/521/1511 1366/520/1510
f 1364/518/1508 1368/522/1512 1361/515/1505
f 1365/519/1509 1369/523/1513 1322/476/1466
f 1363/517/1507 1370/524/1514 1362/516/1506
f 1365/519/1509 1366/520/1510 1369/523/1513
f 1362/516/1506 1370/524/1514 1367/521/1511
f 1371/525/1515 1368/522/1512 1364/518/1508
f 1364/518/1508 1328/482/1472 1371/525/1515
f 1366/520/1510 1372/526/1516 1369/523/1513
f 1370/524/1514 1373/527/1517 1367/521/1511
f 1371/525/1515 1374/528/1518 1368/522/1512
f 1366/520/1510 1367/521/1511 1372/526/1516
f 1322/476/1466 1369/523/1513 1375/529/1519
f 1376/530/1520 1374/528/1518 1371/525/1515
f 1367/521/1511 1373/527/1521 1377/531/1522
f 1367/521/1511 1377/531/1522 1372/526/1516
f 1375/529/1519 1369/523/1513 1378/532/1523
f 1376/530/1520 1379/533/1524 1374/528/1518
f 1331/485/1475 1376/530/1520 1371/525/1515
f 1372/526/1516 1377/531/1522 1380/534/1525
f 1381/535/1526 1375/529/1519 1378/532/1523
f 1330/484/1474 1376/530/1520 1331/485/1475
f 1372/526/1516 1380/534/1525 1382/536/1527
f 1378/532/1523 1369/523/1513 1382/536/1527
f 1337/491/1481 1375/529/1519 1381/535/1526
f 1310/464/1454 1330/484/1474 1331/485/1475
f 1369/523/1513 1372/526/1516 1382/536/1527
f 1337/491/1481 1322/476/1466 1375/529/1519
f 1305/459/1449 1330/484/1474 1310/464/1454
f 1331/485/1475 1317/471/1461 1310/464/1454
f 1382/536/1527 1380/534/1525 1383/537/1528
f 1339/493/1483 1337/491/1481 1381/535/1526
f 1330/484/1474 1305/459/1449 1313/467/1457
f 1384/538/1529 1382/536/1527 1383/537/1528
f 1339/493/1483 1381/535/1526 1349/503/1493
f 1371/525/1515 1328/482/1472 1331/485/1475
f 1378/532/1523 1382/536/1527 1384/538/1529
f 1376/530/1520 1330/484/1474 1327/481/1471
f 1349/503/1493 1381/535/1526 1385/539/1530
f 1381/535/1526 1378/532/1523 1385/539/1530
f 1385/539/1530 1378/532/1523 1384/538/1529
f 1327/481/1471 1379/533/1524 1376/530/1520
f 1327/481/1471 1333/487/1477 1379/533/1524
f 1386/540/1531 1363/517/1507 1355/509/1499
f 1355/509/1499 1353/507/1497 1386/540/1531
f 1346/541/1532 1344/542/1532 1387/543/1532
f 1387/543/1532 1388/544/1532 1346/541/1532
f 1387/543/1532 1344/542/1532 1389/545/1532
f 1390/546/1532 1388/544/1532 1387/543/1532
f 1344/542/1532 1349/547/1532 1389/545/1532
f 1390/546/1532 1391/548/1533 1388/544/1532
f 1389/545/1532 1349/547/1532 1392/549/1532
f 1393/550/1532 1391/548/1533 1390/546/1532
f 1349/547/1532 1385/551/1532 1392/549/1532
f 1393/550/1532 1394/552/1532 1391/548/1533
f 1392/549/1532 1385/551/1532 1395/553/1532
f 1396/554/1533 1394/552/1532 1393/550/1532
f 1385/551/1532 1384/555/1533 1395/553/1532
f 1396/554/1533 1397/556/1532 1394/552/1532
f 1395/553/1532 1384/555/1533 1398/557/1532
f 1399/558/1533 1397/556/1532 1396/554/1533
f 1384/555/1533 1383/559/1532 1398/557/1532
f 1399/558/1533 1400/560/1533 1397/556/1532
f 1398/557/1532 1383/559/1532 1401/561/1533
f 1402/562/1532 1400/560/1533 1399/558/1533
f 1383/559/1532 1380/563/1533 1401/561/1533
f 1402/562/1532 1403/564/1532 1400/560/1533
f 1401/561/1533 1380/563/1533 1404/565/1532
f 1405/566/1532 1403/564/1532 1402/562/1532
f 1380/563/1533 1377/567/1532 1404/565/1532
f 1404/565/1532 1377/567/1532 1373/568/1532
f 1405/566/1532 1406/569/1532 1403/564/1532
f 1407/570/1533 1406/569/1532 1405/566/1532
f 1408/571/1534 1409/572/1535 1410/573/1536
f 1411/574/1537 1408/571/1534 1410/573/1536
f 1410/573/1536 1409/572/1535 1412/575/1538
f 1413/576/1539 1408/571/1534 1411/574/1537
f 1410/573/1536 1412/575/1538 1414/577/1540
f 1414/577/1540 1411/574/1537 1410/573/1536
f 1409/572/1535 1311/578/1541 1412/575/1538
f 1415/579/1542 1413/576/1539 1411/574/1537
f 1408/571/1534 1324/478/1468 1409/572/1535
f 1414/577/1540 1412/575/1538 1416/580/1543
f 1417/581/1544 1413/576/1539 1415/579/1542
f 1418/582/1545 1324/478/1468 1408/571/1534
f 1416/580/1543 1419/583/1546 1414/577/1540
f 1420/584/1547 1417/581/1544 1415/579/1542
f 1413/576/1539 1418/582/1545 1408/571/1534
f 1416/580/1543 1323/585/1548 1419/583/1546
f 1421/586/1549 1417/581/1544 1420/584/1547
f 1422/587/1550 1418/582/1545 1413/576/1539
f 1320/588/1551 1323/585/1548 1416/580/1543
f 1423/589/1552 1421/586/1549 1420/584/1547
f 1417/581/1544 1422/587/1550 1413/576/1539
f 1416/580/1543 1315/590/1553 1320/588/1551
f 1424/591/1554 1421/586/1549 1423/589/1552
f 1425/592/1555 1422/587/1550 1417/581/1544
f 1412/575/1538 1315/590/1553 1416/580/1543
f 1426/593/1556 1424/591/1554 1423/589/1552
f 1421/586/1549 1425/592/1555 1417/581/1544
f 1412/575/1538 1311/578/1541 1315/590/1553
f 1427/594/1557 1424/591/1554 1426/593/1556
f 1428/595/1558 1425/592/1555 1421/586/1549
f 1420/584/1547 1429/596/1559 1423/589/1552
f 1427/594/1557 1426/593/1556 1430/597/1560
f 1424/591/1554 1428/595/1558 1421/586/1549
f 1429/596/1559 1420/584/1547 1431/598/1561
f 1427/594/1557 1432/599/1562 1424/591/1554
f 1430/597/1560 1426/593/1556 1433/600/1563
f 1432/599/1562 1428/595/1558 1424/591/1554
f 1431/598/1561 1420/584/1547 1415/579/1542
f 1427/594/1557 1430/597/1560 1434/601/1564
f 1434/601/1564 1432/599/1562 1427/594/1557
f 1428/595/1558 1435/602/1565 1425/592/1555
f 1431/598/1561 1436/603/1566 1429/596/1559
f 1434/601/1564 1430/597/1560 1437/604/1567
f 1438/605/1568 1435/602/1565 1428/595/1558
f 1432/599/1562 1438/605/1568 1428/595/1558
f 1436/603/1566 1439/606/1569 1429/596/1559
f 1434/601/1564 1440/607/1570 1432/599/1562
f 1435/602/1565 1438/605/1568 1441/608/1571
f 1442/609/1572 1436/603/1566 1431/598/1561
f 1443/610/1573 1440/607/1570 1434/601/1564
f 1440/607/1570 1438/605/1568 1432/599/1562
f 1434/601/1564 1437/604/1567 1443/610/1573
f 1431/598/1561 1444/611/1574 1442/609/1572
f 1440/607/1570 1443/610/1573 1445/612/1575
f 1441/608/1571 1438/605/1568 1446/613/1576
f 1447/614/1577 1444/611/1574 1431/598/1561
f 1438/605/1568 1440/607/1570 1446/613/1576
f 1445/612/1575 1443/610/1573 1448/615/1578
f 1443/610/1573 1437/604/1567 1448/615/1578
f 1447/614/1577 1449/616/1579 1444/611/1574
f 1446/613/1576 1440/607/1570 1445/612/1575
f 1415/579/1542 1447/614/1577 1431/598/1561
f 1444/611/1574 1450/617/1580 1442/609/1572
f 1414/577/1540 1449/616/1579 1447/614/1577
f 1451/618/1581 1435/602/1565 1441/608/1571
f 1449/616/1579 1452/619/1582 1444/611/1574
f 1444/611/1574 1452/619/1582 1450/617/1580
f 1414/577/1540 1419/583/1546 1449/616/1579
f 1453/620/1583 1435/602/1565 1451/618/1581
f 1447/614/1577 1411/574/1537 1414/577/1540
f 1411/574/1537 1447/614/1577 1415/579/1542
f 1419/583/1546 1454/621/1584 1449/616/1579
f 1449/616/1579 1454/621/1584 1452/619/1582
f 1455/622/1585 1453/620/1583 1451/618/1581
f 1435/602/1565 1453/620/1583 1425/592/1555
f 1419/583/1546 1348/623/1586 1454/621/1584
f 1454/621/1584 1388/624/1587 1452/619/1582
f 1456/625/1588 1453/620/1583 1455/622/1585
f 1425/592/1555 1453/620/1583 1422/587/1550
f 1348/623/1586 1346/626/1589 1454/621/1584
f 1454/621/1584 1346/626/1589 1388/624/1587
f 1453/620/1583 1456/625/1588 1422/587/1550
f 1323/585/1548 1348/623/1586 1419/583/1546
f 1340/494/1484 1456/625/1588 1455/622/1585
f 1452/619/1582 1388/624/1587 1391/627/1590
f 1422/587/1550 1456/625/1588 1418/582/1545
f 1335/489/1479 1456/625/1588 1340/494/1484
f 1456/625/1588 1335/489/1479 1418/582/1545
f 1394/628/1591 1452/619/1582 1391/627/1590
f 1418/582/1545 1335/489/1479 1324/478/1468
f 1450/617/1580 1452/619/1582 1394/628/1591
f 1450/617/1580 1394/628/1591 1457/629/1592
f 1442/609/1572 1450/617/1580 1457/629/1592
f 1457/629/1592 1394/628/1591 1397/630/1593
f 1442/609/1572 1457/629/1592 1436/603/1566
f 1457/629/1592 1397/630/1593 1458/631/1594
f 1324/478/1468 1316/470/1460 1409/572/1535
f 1436/603/1566 1457/629/1592 1458/631/1594
f 1409/572/1535 1316/470/1460 1311/578/1541
f 1458/631/1594 1397/630/1593 1400/632/1595
f 1459/633/1596 1436/603/1566 1458/631/1594
f 1403/634/1597 1458/631/1594 1400/632/1595
f 1459/633/1596 1458/631/1594 1403/634/1597
f 1439/606/1569 1436/603/1566 1459/633/1596
f 1406/635/1598 1459/633/1596 1403/634/1597
f 1460/636/1599 1439/606/1569 1459/633/1596
f 1460/636/1599 1459/633/1596 1406/635/1598
f 1461/637/1600 1439/606/1569 1460/636/1599
f 1407/638/1601 1460/636/1599 1406/635/1598
f 1439/606/1569 1461/637/1600 1462/639/1602
f 1463/640/1603 1460/636/1599 1407/638/1601
f 1463/640/1603 1461/637/1600 1460/636/1599
f 1429/596/1559 1439/606/1569 1462/639/1602
f 1464/641/1604 1461/637/1600 1463/640/1603
f 1423/589/1552 1429/596/1559 1462/639/1602
f 1464/641/1604 1465/642/1605 1461/637/1600
f 1462/639/1602 1461/637/1600 1465/642/1605
f 1423/589/1552 1462/639/1602 1426/593/1556
f 1426/593/1556 1462/639/1602 1465/642/1605
f 1466/643/1606 1465/642/1605 1464/641/1604
f 1426/593/1556 1465/642/1605 1433/600/1563
f 1433/600/1563 1465/642/1605 1466/643/1606
f 1467/1107/1607 1468/1108/1608 1013/1109/1609
f 1467/1107/1607 1469/1110/1610 1468/1108/1608
f 1013/1109/1609 1468/1108/1608 1470/1111/1611
f 1471/1112/1612 1469/1110/1610 1467/1107/1607
f 1470/1111/1611 1472/1113/1613 1013/1109/1609
f 1468/1108/1608 1473/1114/1614 1470/1111/1611
f 1473/1114/1614 1472/1113/1613 1470/1111/1611
f 1469/1110/1610 1471/1112/1612 1474/1115/1615
f 1013/1109/1609 1472/1113/1613 1475/1116/1616
f 1476/1117/1617 1473/1114/1614 1468/1108/1608
f 1477/1118/1618 1468/1108/1608 1469/1110/1610
f 1474/1115/1615 1471/1112/1612 1478/1119/1619
f 1472/1113/1613 1479/1120/1620 1475/1116/1616
f 1476/1117/1617 1468/1108/1608 1477/1118/1618
f 1478/1119/1619 1480/1121/1621 1474/1115/1615
f 1472/1113/1613 1481/1122/1622 1479/1120/1620
f 1482/1123/1623 1476/1117/1617 1477/1118/1618
f 1475/1116/1616 1479/1120/1620 1483/1124/1624
f 1474/1115/1615 1480/1121/1621 1484/1125/1625
f 1482/1123/1623 1477/1118/1618 1485/1126/1626
f 1486/1127/1627 1476/1117/1617 1482/1123/1623
f 1479/1120/1620 1487/1128/1628 1483/1124/1624
f 1480/1121/1621 1488/1129/1629 1484/1125/1625
f 1489/1130/1630 1486/1127/1627 1482/1123/1623
f 1481/1122/1622 1490/1131/1631 1479/1120/1620
f 1479/1120/1620 1490/1131/1631 1487/1128/1628
f 1484/1125/1625 1488/1129/1629 1491/1132/1632
f 1492/1133/1633 1486/1127/1627 1489/1130/1630
f 1481/1122/1622 1493/1134/1634 1490/1131/1631
f 1491/1132/1632 1494/1135/1635 1484/1125/1625
f 1495/1136/1636 1486/1127/1627 1492/1133/1633
f 1496/1137/1637 1493/1134/1634 1481/1122/1622
f 1488/1129/1629 1497/1138/1638 1491/1132/1632
f 1498/1139/1639 1486/1127/1627 1495/1136/1636
f 1496/1137/1637 1499/1140/1640 1493/1134/1634
f 1500/1141/1641 1496/1137/1637 1481/1122/1622
f 1491/1132/1632 1497/1138/1638 1501/1142/1642
f 1502/1143/1643 1495/1136/1636 1492/1133/1633
f 1500/1141/1641 1481/1122/1622 1472/1113/1613
f 1501/1142/1642 1503/1144/1644 1491/1132/1632
f 1502/1143/1643 1492/1133/1633 1504/1145/1645
f 1500/1141/1641 1472/1113/1613 1473/1114/1614
f 1505/1146/1646 1501/1142/1642 1497/1138/1638
f 1506/1147/1647 1495/1136/1636 1502/1143/1643
f 1498/1139/1639 1500/1141/1641 1473/1114/1614
f 1507/1148/1648 1501/1142/1642 1505/1146/1646
f 1508/1149/1649 1506/1147/1647 1502/1143/1643
f 1495/1136/1636 1509/1150/1650 1498/1139/1639
f 1509/1150/1650 1500/1141/1641 1498/1139/1639
f 1501/1142/1642 1507/1148/1648 1510/1151/1651
f 1511/1152/1652 1506/1147/1647 1508/1149/1649
f 1512/1153/1653 1509/1150/1650 1495/1136/1636
f 1510/1151/1651 1503/1144/1644 1501/1142/1642
f 1513/1154/1654 1511/1152/1652 1508/1149/1649
f 1512/1153/1653 1514/1155/1655 1509/1150/1650
f 1510/1151/1651 1507/1148/1648 1515/1156/1656
f 1513/1154/1654 1508/1149/1649 1516/1157/1657
f 1512/1153/1653 1517/1158/1658 1514/1155/1655
f 1510/1151/1651 1515/1156/1656 1518/1159/1659
f 1519/1160/1660 1511/1152/1652 1513/1154/1654
f 1520/1161/1661 1517/1158/1658 1512/1153/1653
f 1518/1159/1659 1521/1162/1662 1510/1151/1651
f 1519/1160/1660 1513/1154/1654 1522/1163/1663
f 1495/1136/1636 1520/1161/1661 1512/1153/1653
f 1518/1159/1659 1523/1164/1664 1521/1162/1662
f 1519/1160/1660 1524/1165/1665 1511/1152/1652
f 1522/1163/1663 1524/1165/1665 1519/1160/1660
f 1506/1147/1647 1520/1161/1661 1495/1136/1636
f 1525/1166/1666 1521/1162/1662 1523/1164/1664
f 1522/1163/1663 1513/1154/1654 1526/1167/1667
f 1511/1152/1652 1527/1168/1668 1506/1147/1647
f 1506/1147/1647 1527/1168/1668 1520/1161/1661
f 1511/1152/1652 1524/1165/1665 1527/1168/1668
f 1528/1169/1669 1523/1164/1664 1518/1159/1659
f 1529/1170/1670 1522/1163/1663 1526/1167/1667
f 1527/1168/1668 1530/1171/1671 1520/1161/1661
f 1518/1159/1659 1531/1172/1672 1528/1169/1669
f 1526/1167/1667 1532/1173/1673 1529/1170/1670
f 1524/1165/1665 1533/1174/1674 1527/1168/1668
f 1527/1168/1668 1533/1174/1674 1530/1171/1671
f 1528/1169/1669 1531/1172/1672 1534/1175/1675
f 1535/1176/1676 1532/1173/1673 1526/1167/1667
f 1524/1165/1665 1536/1177/1677 1533/1174/1674
f 1534/1175/1675 1537/1178/1678 1528/1169/1669
f 1535/1176/1676 1538/1179/1679 1532/1173/1673
f 1539/1180/1680 1536/1177/1677 1524/1165/1665
f 1531/1172/1672 1540/1181/1681 1534/1175/1675
f 1541/1182/1682 1538/1179/1679 1535/1176/1676
f 1539/1180/1680 1542/1183/1683 1536/1177/1677
f 1543/1184/1684 1540/1181/1681 1531/1172/1672
f 1538/1179/1679 1541/1182/1682 1544/1185/1685
f 1545/1186/1686 1542/1183/1683 1539/1180/1680
f 1546/1187/1687 1540/1181/1681 1543/1184/1684
f 1544/1185/1685 1547/1188/1688 1538/1179/1679
f 1522/1163/1663 1545/1186/1686 1539/1180/1680
f 1539/1180/1680 1524/1165/1665 1522/1163/1663
f 1540/1181/1681 1548/1189/1689 1534/1175/1675
f 1544/1185/1685 1549/1190/1690 1547/1188/1688
f 1550/1191/1691 1545/1186/1686 1522/1163/1663
f 1551/1192/1692 1548/1189/1689 1540/1181/1681
f 1552/1193/1693 1549/1190/1690 1544/1185/1685
f 1550/1191/1691 1522/1163/1663 1529/1170/1670
f 1540/1181/1681 1553/1194/1694 1551/1192/1692
f 1549/1190/1690 1552/1193/1693 1554/1195/1695
f 1555/1196/1696 1550/1191/1691 1529/1170/1670
f 1553/1194/1694 1540/1181/1681 1546/1187/1687
f 1556/1197/1697 1547/1188/1688 1549/1190/1690
f 1529/1170/1670 1557/1198/1698 1555/1196/1696
f 1551/1192/1692 1553/1194/1694 1558/1199/1699
f 1559/1200/1700 1547/1188/1688 1556/1197/1697
f 1532/1173/1673 1557/1198/1698 1529/1170/1670
f 1560/1201/1701 1550/1191/1691 1555/1196/1696
f 1547/1188/1688 1559/1200/1700 1561/1202/1702
f 1532/1173/1673 1561/1202/1702 1557/1198/1698
f 1556/1197/1697 1562/1203/1703 1559/1200/1700
f 1560/1201/1701 1563/1204/1704 1550/1191/1691
f 1538/1179/1679 1561/1202/1702 1532/1173/1673
f 1538/1179/1679 1547/1188/1688 1561/1202/1702
f 1559/1200/1700 1562/1203/1703 1564/1205/1705
f 1550/1191/1691 1563/1204/1704 1545/1186/1686
f 1565/1206/1706 1560/1201/1701 1555/1196/1696
f 1561/1202/1702 1559/1200/1700 1566/1207/1707
f 1559/1200/1700 1564/1205/1705 1566/1207/1707
f 1561/1202/1702 1566/1207/1707 1557/1198/1698
f 1567/1208/1708 1545/1186/1686 1563/1204/1704
f 1557/1198/1698 1568/1209/1709 1555/1196/1696
f 1555/1196/1696 1568/1209/1709 1565/1206/1706
f 1562/1203/1703 1569/1210/1710 1564/1205/1705
f 1557/1198/1698 1566/1207/1707 1568/1209/1709
f 1563/1204/1704 1570/1211/1711 1567/1208/1708
f 1562/1203/1703 1571/1212/1712 1569/1210/1710
f 1564/1205/1705 1569/1210/1710 1572/1213/1713
f 1568/1209/1709 1573/1214/1714 1565/1206/1706
f 1542/1183/1683 1545/1186/1686 1567/1208/1708
f 1564/1205/1705 1572/1213/1713 1574/1215/1715
f 1566/1207/1707 1574/1215/1715 1568/1209/1709
f 1568/1209/1709 1574/1215/1715 1573/1214/1714
f 1567/1208/1708 1575/1216/1716 1542/1183/1683
f 1566/1207/1707 1564/1205/1705 1574/1215/1715
f 1574/1215/1715 1572/1213/1713 1576/1217/1717
f 1574/1215/1715 1576/1217/1717 1573/1214/1714
f 1570/1211/1711 1577/1218/1718 1567/1208/1708
f 1567/1208/1708 1577/1218/1718 1575/1216/1716
f 1542/1183/1683 1575/1216/1716 1578/1219/1719
f 1572/1213/1713 1579/1220/1720 1576/1217/1717
f 1570/1211/1711 1580/1221/1721 1577/1218/1718
f 1578/1219/1719 1536/1177/1677 1542/1183/1683
f 1572/1213/1713 1581/1222/1722 1579/1220/1720
f 1582/1223/1723 1580/1221/1721 1570/1211/1711
f 1575/1216/1716 1583/1224/1724 1578/1219/1719
f 1569/1210/1710 1581/1222/1722 1572/1213/1713
f 1584/1225/1725 1582/1223/1723 1570/1211/1711
f 1577/1218/1718 1585/1226/1726 1575/1216/1716
f 1575/1216/1716 1585/1226/1726 1583/1224/1724
f 1581/1222/1722 1586/1227/1727 1579/1220/1720
f 1587/1228/1728 1582/1223/1723 1584/1225/1725
f 1580/1221/1721 1588/1229/1729 1577/1218/1718
f 1577/1218/1718 1588/1229/1729 1585/1226/1726
f 1579/1220/1720 1586/1227/1727 1589/1230/1730
f 1587/1228/1728 1590/1231/1731 1582/1223/1723
f 1580/1221/1721 1591/1232/1732 1588/1229/1729
f 1579/1220/1720 1589/1230/1730 1592/1233/1733
f 1587/1228/1728 1593/1234/1734 1590/1231/1731
f 1594/1235/1735 1591/1232/1732 1580/1221/1721
f 1582/1223/1723 1594/1235/1735 1580/1221/1721
f 1592/1233/1733 1589/1230/1730 1595/1236/1736
f 1596/1237/1737 1593/1234/1734 1587/1228/1728
f 1582/1223/1723 1590/1231/1731 1597/1238/1738
f 1597/1238/1738 1594/1235/1735 1582/1223/1723
f 1586/1227/1727 1598/1239/1739 1589/1230/1730
f 1596/1237/1737 1599/1240/1740 1593/1234/1734
f 1590/1231/1731 1600/1241/1741 1597/1238/1738
f 1586/1227/1727 1601/1242/1742 1598/1239/1739
f 1596/1237/1737 1565/1206/1706 1599/1240/1740
f 1593/1234/1734 1602/1243/1743 1590/1231/1731
f 1590/1231/1731 1602/1243/1743 1600/1241/1741
f 1603/1244/1744 1601/1242/1742 1586/1227/1727
f 1565/1206/1706 1573/1214/1714 1599/1240/1740
f 1593/1234/1734 1599/1240/1740 1604/1245/1745
f 1593/1234/1734 1604/1245/1745 1602/1243/1743
f 1603/1244/1744 1605/1246/1746 1601/1242/1742
f 1606/1247/1747 1565/1206/1706 1596/1237/1737
f 1599/1240/1740 1573/1214/1714 1604/1245/1745
f 1607/1248/1748 1605/1246/1746 1603/1244/1744
f 1606/1247/1747 1560/1201/1701 1565/1206/1706
f 1606/1247/1747 1596/1237/1737 1584/1225/1725
f 1604/1245/1745 1573/1214/1714 1608/1249/1749
f 1609/1250/1750 1607/1248/1748 1603/1244/1744
f 1606/1247/1747 1584/1225/1725 1560/1201/1701
f 1604/1245/1745 1608/1249/1749 1610/1251/1751
f 1602/1243/1743 1604/1245/1745 1610/1251/1751
f 1611/1252/1752 1607/1248/1748 1609/1250/1750
f 1584/1225/1725 1596/1237/1737 1587/1228/1728
f 1610/1251/1751 1612/1253/1753 1602/1243/1743
f 1571/1212/1712 1611/1252/1752 1609/1250/1750
f 1560/1201/1701 1584/1225/1725 1563/1204/1704
f 1610/1251/1751 1608/1249/1749 1613/1254/1754
f 1610/1251/1751 1613/1254/1754 1612/1253/1753
f 1614/1255/1755 1611/1252/1752 1571/1212/1712
f 1584/1225/1725 1570/1211/1711 1563/1204/1704
f 1608/1249/1749 1576/1217/1717 1613/1254/1754
f 1571/1212/1712 1615/1256/1756 1614/1255/1755
f 1614/1255/1755 1616/1257/1757 1611/1252/1752
f 1612/1253/1753 1613/1254/1754 1617/1258/1758
f 1613/1254/1754 1576/1217/1717 1592/1233/1733
f 1614/1255/1755 1615/1256/1756 1618/1259/1759
f 1616/1257/1757 1619/1260/1760 1611/1252/1752
f 1613/1254/1754 1592/1233/1733 1617/1258/1758
f 1620/1261/1761 1616/1257/1757 1614/1255/1755
f 1618/1259/1759 1620/1261/1761 1614/1255/1755
f 1616/1257/1757 1621/1262/1762 1619/1260/1760
f 1611/1252/1752 1619/1260/1760 1607/1248/1748
f 1612/1253/1753 1617/1258/1758 1622/1263/1763
f 1620/1261/1761 1623/1264/1764 1616/1257/1757
f 1623/1264/1764 1621/1262/1762 1616/1257/1757
f 1621/1262/1762 1624/1265/1765 1619/1260/1760
f 1612/1253/1753 1622/1263/1763 1625/1266/1766
f 1626/1267/1767 1623/1264/1764 1620/1261/1761
f 1623/1264/1764 1627/1268/1768 1621/1262/1762
f 1619/1260/1760 1624/1265/1765 1628/1269/1769
f 1619/1260/1760 1628/1269/1769 1607/1248/1748
f 1626/1267/1767 1627/1268/1768 1623/1264/1764
f 1629/1270/1770 1626/1267/1767 1620/1261/1761
f 1621/1262/1762 1630/1271/1771 1624/1265/1765
f 1607/1248/1748 1628/1269/1769 1605/1246/1746
f 1621/1262/1762 1627/1268/1768 1630/1271/1771
f 1631/1272/1772 1627/1268/1768 1626/1267/1767
f 1624/1265/1765 1630/1271/1771 1632/1273/1773
f 1629/1270/1770 1620/1261/1761 1618/1259/1759
f 1631/1272/1772 1633/1274/1774 1627/1268/1768
f 1634/1275/1775 1626/1267/1767 1629/1270/1770
f 1630/1271/1771 1635/1276/1776 1632/1273/1773
f 1634/1275/1775 1631/1272/1772 1626/1267/1767
f 1627/1268/1768 1633/1274/1774 1636/1277/1777
f 1627/1268/1768 1636/1277/1777 1630/1271/1771
f 1630/1271/1771 1636/1277/1777 1635/1276/1776
f 1632/1273/1773 1635/1276/1776 1637/1278/1778
f 1638/1279/1779 1631/1272/1772 1634/1275/1775
f 1633/1274/1774 1639/1280/1780 1636/1277/1777
f 1629/1270/1770 1640/1281/1781 1634/1275/1775
f 1635/1276/1776 1641/1282/1782 1637/1278/1778
f 1633/1274/1774 1642/1283/1783 1639/1280/1780
f 1629/1270/1770 1643/1284/1784 1640/1281/1781
f 1636/1277/1777 1644/1285/1785 1635/1276/1776
f 1635/1276/1776 1644/1285/1785 1641/1282/1782
f 1637/1278/1778 1641/1282/1782 1645/1286/1786
f 1636/1277/1777 1639/1280/1780 1644/1285/1785
f 1618/1259/1759 1643/1284/1784 1629/1270/1770
f 1634/1275/1775 1640/1281/1781 1646/1287/1787
f 1647/1288/1788 1642/1283/1783 1633/1274/1774
f 1618/1259/1759 1648/1289/1789 1643/1284/1784
f 1646/1287/1787 1649/1290/1790 1634/1275/1775
f 1650/1291/1791 1642/1283/1783 1647/1288/1788
f 1615/1256/1756 1648/1289/1789 1618/1259/1759
f 1640/1281/1781 1651/1292/1792 1646/1287/1787
f 1652/1293/1793 1642/1283/1783 1650/1291/1791
f 1648/1289/1789 1615/1256/1756 1556/1197/1697
f 1643/1284/1784 1653/1294/1794 1640/1281/1781
f 1640/1281/1781 1653/1294/1794 1651/1292/1792
f 1654/1295/1795 1652/1293/1793 1650/1291/1791
f 1556/1197/1697 1615/1256/1756 1562/1203/1703
f 1648/1289/1789 1554/1195/1695 1643/1284/1784
f 1643/1284/1784 1554/1195/1695 1653/1294/1794
f 1655/1296/1796 1652/1293/1793 1654/1295/1795
f 1615/1256/1756 1571/1212/1712 1562/1203/1703
f 1556/1197/1697 1549/1190/1690 1648/1289/1789
f 1648/1289/1789 1549/1190/1690 1554/1195/1695
f 1554/1195/1695 1656/1297/1797 1653/1294/1794
f 1654/1295/1795 1650/1291/1791 1657/1298/1798
f 1653/1294/1794 1658/1299/1799 1651/1292/1792
f 1571/1212/1712 1609/1250/1750 1569/1210/1710
f 1653/1294/1794 1656/1297/1797 1658/1299/1799
f 1657/1298/1798 1650/1291/1791 1659/1300/1800
f 1651/1292/1792 1658/1299/1799 1660/1301/1801
f 1569/1210/1710 1609/1250/1750 1581/1222/1722
f 1659/1300/1800 1661/1302/1802 1657/1298/1798
f 1651/1292/1792 1660/1301/1801 1662/1303/1803
f 1663/1304/1804 1658/1299/1799 1656/1297/1797
f 1664/1305/1805 1661/1302/1802 1659/1300/1800
f 1646/1287/1787 1651/1292/1792 1662/1303/1803
f 1665/1306/1806 1658/1299/1799 1663/1304/1804
f 1658/1299/1799 1665/1306/1806 1660/1301/1801
f 1661/1302/1802 1664/1305/1805 1666/1307/1807
f 1662/1303/1803 1667/1308/1808 1646/1287/1787
f 1663/1304/1804 1656/1297/1797 1668/1309/1809
f 1662/1303/1803 1660/1301/1801 1669/1310/1810
f 1666/1307/1807 1664/1305/1805 1670/1311/1811
f 1671/1312/1812 1665/1306/1806 1663/1304/1804
f 1669/1310/1810 1672/1313/1813 1662/1303/1803
f 1662/1303/1803 1672/1313/1813 1667/1308/1808
f 1664/1305/1805 1673/1314/1814 1670/1311/1811
f 1660/1301/1801 1665/1306/1806 1674/1315/1815
f 1660/1301/1801 1674/1315/1815 1669/1310/1810
f 1672/1313/1813 1675/1316/1816 1667/1308/1808
f 1667/1308/1808 1675/1316/1816 1673/1314/1814
f 1670/1311/1811 1673/1314/1814 1675/1316/1816
f 1676/1317/1817 1674/1315/1815 1665/1306/1806
f 1676/1317/1817 1665/1306/1806 1671/1312/1812
f 1672/1313/1813 1677/1318/1818 1675/1316/1816
f 1675/1316/1816 1678/1319/1819 1670/1311/1811
f 1669/1310/1810 1674/1315/1815 1679/1320/1820
f 1679/1320/1820 1674/1315/1815 1676/1317/1817
f 1680/1321/1821 1677/1318/1818 1672/1313/1813
f 1677/1318/1818 1678/1319/1819 1675/1316/1816
f 1672/1313/1813 1669/1310/1810 1680/1321/1821
f 1680/1321/1821 1669/1310/1810 1679/1320/1820
f 1678/1319/1819 1681/1322/1822 1670/1311/1811
f 1678/1319/1819 1677/1318/1818 1682/1323/1823
f 1683/1324/1824 1676/1317/1817 1671/1312/1812
f 1676/1317/1817 1684/1325/1825 1679/1320/1820
f 1670/1311/1811 1681/1322/1822 1666/1307/1807
f 1682/1323/1823 1685/1326/1826 1678/1319/1819
f 1684/1325/1825 1676/1317/1817 1683/1324/1824
f 1679/1320/1820 1684/1325/1825 1686/1327/1827
f 1678/1319/1819 1685/1326/1826 1681/1322/1822
f 1682/1323/1823 1677/1318/1818 1687/1328/1828
f 1680/1321/1821 1679/1320/1820 1688/1329/1829
f 1688/1329/1829 1679/1320/1820 1686/1327/1827
f 1682/1323/1823 1689/1330/1830 1685/1326/1826
f 1680/1321/1821 1688/1329/1829 1677/1318/1818
f 1677/1318/1818 1688/1329/1829 1687/1328/1828
f 1684/1325/1825 1537/1178/1678 1686/1327/1827
f 1685/1326/1826 1689/1330/1830 1690/1331/1831
f 1687/1328/1828 1691/1332/1832 1682/1323/1823
f 1537/1178/1678 1684/1325/1825 1692/1333/1833
f 1686/1327/1827 1693/1334/1834 1688/1329/1829
f 1682/1323/1823 1691/1332/1832 1689/1330/1830
f 1686/1327/1827 1537/1178/1678 1693/1334/1834
f 1692/1333/1833 1684/1325/1825 1683/1324/1824
f 1688/1329/1829 1694/1335/1835 1687/1328/1828
f 1687/1328/1828 1694/1335/1835 1691/1332/1832
f 1528/1169/1669 1537/1178/1678 1692/1333/1833
f 1688/1329/1829 1693/1334/1834 1694/1335/1835
f 1683/1324/1824 1695/1336/1836 1692/1333/1833
f 1691/1332/1832 1696/1337/1837 1689/1330/1830
f 1534/1175/1675 1693/1334/1834 1537/1178/1678
f 1697/1338/1838 1695/1336/1836 1683/1324/1824
f 1696/1337/1837 1691/1332/1832 1698/1339/1839
f 1698/1339/1839 1691/1332/1832 1694/1335/1835
f 1699/1340/1840 1694/1335/1835 1693/1334/1834
f 1671/1312/1812 1697/1338/1838 1683/1324/1824
f 1689/1330/1830 1696/1337/1837 1700/1341/1841
f 1698/1339/1839 1694/1335/1835 1699/1340/1840
f 1701/1342/1842 1697/1338/1838 1671/1312/1812
f 1689/1330/1830 1700/1341/1841 1690/1331/1831
f 1702/1343/1843 1698/1339/1839 1699/1340/1840
f 1701/1342/1842 1703/1344/1844 1697/1338/1838
f 1671/1312/1812 1663/1304/1804 1701/1342/1842
f 1690/1331/1831 1700/1341/1841 1704/1345/1845
f 1699/1340/1840 1693/1334/1834 1551/1192/1692
f 1703/1344/1844 1705/1346/1846 1697/1338/1838
f 1706/1347/1847 1703/1344/1844 1701/1342/1842
f 1700/1341/1841 1707/1348/1848 1704/1345/1845
f 1551/1192/1692 1693/1334/1834 1548/1189/1689
f 1706/1347/1847 1708/1349/1849 1703/1344/1844
f 1707/1348/1848 1700/1341/1841 1709/1350/1850
f 1558/1199/1851 1699/1340/1840 1551/1192/1692
f 1548/1189/1689 1693/1334/1834 1534/1175/1675
f 1704/1345/1845 1707/1348/1848 1710/1351/1852
f 1702/1343/1843 1699/1340/1840 1558/1199/1851
f 1709/1350/1850 1700/1341/1841 1696/1337/1837
f 1708/1349/1849 1711/1352/1853 1703/1344/1844
f 1712/1353/1854 1702/1343/1843 1558/1199/1851
f 1713/1354/1855 1707/1348/1848 1709/1350/1850
f 1708/1349/1849 1504/1145/1645 1711/1352/1853
f 1714/1355/1856 1702/1343/1843 1712/1353/1854
f 1715/1356/1857 1707/1348/1848 1713/1354/1855
f 1707/1348/1848 1715/1356/1857 1710/1351/1852
f 1504/1145/1645 1489/1130/1630 1711/1352/1853
f 1714/1355/1856 1716/1357/1858 1702/1343/1843
f 1709/1350/1850 1696/1337/1837 1716/1357/1858
f 1710/1351/1852 1715/1356/1857 1717/1358/1859
f 1711/1352/1853 1489/1130/1630 1718/1359/1860
f 1713/1354/1855 1709/1350/1850 1719/1360/1861
f 1719/1360/1861 1716/1357/1858 1714/1355/1856
f 1715/1356/1857 1720/1361/1862 1717/1358/1859
f 1489/1130/1630 1482/1123/1623 1718/1359/1860
f 1719/1360/1861 1709/1350/1850 1716/1357/1858
f 1713/1354/1855 1721/1362/1863 1715/1356/1857
f 1715/1356/1857 1721/1362/1863 1720/1361/1862
f 1718/1359/1860 1482/1123/1623 1485/1126/1626
f 1722/1363/1864 1719/1360/1861 1714/1355/1856
f 1721/1362/1863 1713/1354/1855 1723/1364/1865
f 1718/1359/1860 1485/1126/1626 1525/1166/1666
f 1723/1364/1865 1719/1360/1861 1722/1363/1864
f 1714/1355/1856 1724/1365/1866 1722/1363/1864
f 1723/1364/1865 1713/1354/1855 1719/1360/1861
f 1705/1346/1846 1718/1359/1860 1525/1166/1666
f 1712/1353/1854 1724/1365/1866 1714/1355/1856
f 1725/1366/1867 1723/1364/1865 1722/1363/1864
f 1705/1346/1846 1525/1166/1666 1695/1336/1836
f 1711/1352/1853 1718/1359/1860 1705/1346/1846
f 1726/1367/1868 1722/1363/1864 1724/1365/1866
f 1725/1366/1867 1722/1363/1864 1726/1367/1868
f 1525/1166/1666 1485/1126/1626 1727/1368/1869
f 1703/1344/1844 1711/1352/1853 1705/1346/1846
f 1728/1369/1870 1723/1364/1865 1725/1366/1867
f 1727/1368/1869 1521/1162/1662 1525/1166/1666
f 1485/1126/1626 1729/1370/1871 1727/1368/1869
f 1697/1338/1838 1705/1346/1846 1695/1336/1836
f 1730/1371/1872 1728/1369/1870 1725/1366/1867
f 1485/1126/1626 1477/1118/1618 1729/1370/1871
f 1521/1162/1662 1727/1368/1869 1503/1144/1644
f 1731/1372/1873 1728/1369/1870 1730/1371/1872
f 1730/1371/1872 1725/1366/1867 1732/1373/1874
f 1477/1118/1618 1469/1110/1610 1729/1370/1871
f 1510/1151/1651 1521/1162/1662 1503/1144/1644
f 1731/1372/1873 1733/1374/1875 1728/1369/1870
f 1732/1373/1874 1725/1366/1867 1726/1367/1868
f 1729/1370/1871 1469/1110/1610 1474/1115/1615
f 1734/1375/1876 1733/1374/1875 1731/1372/1873
f 1733/1374/1875 1721/1362/1863 1728/1369/1870
f 1503/1144/1644 1494/1135/1635 1491/1132/1632
f 1729/1370/1871 1474/1115/1615 1494/1135/1635
f 1734/1375/1876 1735/1376/1877 1733/1374/1875
f 1728/1369/1870 1721/1362/1863 1723/1364/1865
f 1727/1368/1869 1729/1370/1871 1494/1135/1635
f 1503/1144/1644 1727/1368/1869 1494/1135/1635
f 1494/1135/1635 1474/1115/1615 1484/1125/1625
f 1721/1362/1863 1733/1374/1875 1720/1361/1862
f 1720/1361/1862 1733/1374/1875 1735/1376/1877
f 1736/1377/1878 1735/1376/1877 1734/1375/1876
f 1720/1361/1862 1735/1376/1877 1737/1378/1879
f 1736/1377/1878 1738/1379/1880 1735/1376/1877
f 1737/1378/1879 1735/1376/1877 1738/1379/1880
f 1717/1358/1859 1720/1361/1862 1737/1378/1879
f 1739/1380/1881 1738/1379/1880 1736/1377/1878
f 1740/1381/1882 1741/1382/1883 1742/1383/1884
f 1742/1383/1884 1743/1384/1885 1740/1381/1882
f 1742/1383/1884 1741/1382/1883 1744/1385/1886
f 1740/1381/1882 1743/1384/1885 1745/1386/1887
f 1741/1382/1883 1746/1387/1888 1744/1385/1886
f 1740/1381/1882 1747/1388/1889 1741/1382/1883
f 1743/1384/1885 957/1389/1890 1745/1386/1887
f 1744/1385/1886 1746/1387/1888 1748/1390/1891
f 1749/1391/1892 1747/1388/1889 1740/1381/1882
f 1747/1388/1889 1750/1392/1893 1741/1382/1883
f 1740/1381/1882 1745/1386/1887 1749/1391/1892
f 1745/1386/1887 957/1389/1890 1751/1393/1894
f 1741/1382/1883 1750/1392/1893 1746/1387/1888
f 1749/1391/1892 1752/1394/1895 1747/1388/1889
f 1749/1391/1892 1745/1386/1887 1753/1395/1896
f 1754/1396/1897 1745/1386/1887 1751/1393/1894
f 1750/1392/1893 1755/1397/1898 1746/1387/1888
f 1750/1392/1893 1747/1388/1889 1546/1187/1687
f 1753/1395/1896 1745/1386/1887 1754/1396/1897
f 1546/1187/1687 1747/1388/1889 1752/1394/1895
f 1746/1387/1888 1755/1397/1898 1756/1398/1899
f 1746/1387/1888 1756/1398/1899 1748/1390/1891
f 1757/1399/1900 1753/1395/1896 1754/1396/1897
f 1752/1394/1895 1553/1194/1694 1546/1187/1687
f 1755/1397/1898 1515/1156/1656 1756/1398/1899
f 1758/1400/1901 1753/1395/1896 1757/1399/1900
f 1759/1401/1902 1553/1194/1694 1752/1394/1895
f 1755/1397/1898 1750/1392/1893 1543/1184/1684
f 1755/1397/1898 1543/1184/1684 1515/1156/1656
f 1543/1184/1684 1750/1392/1893 1546/1187/1687
f 1760/1402/1903 1758/1400/1901 1757/1399/1900
f 1761/1403/1904 1759/1401/1902 1752/1394/1895
f 1761/1403/1904 1753/1395/1896 1758/1400/1901
f 1515/1156/1656 1543/1184/1684 1531/1172/1672
f 1762/1404/1905 1758/1400/1901 1760/1402/1903
f 1761/1403/1904 1752/1394/1895 1749/1391/1892
f 1749/1391/1892 1753/1395/1896 1761/1403/1904
f 1518/1159/1659 1515/1156/1656 1531/1172/1672
f 1761/1403/1904 1758/1400/1901 1763/1405/1906
f 1763/1405/1906 1758/1400/1901 1762/1404/1905
f 1763/1405/1906 1759/1401/1902 1761/1403/1904
f 1760/1402/1903 1732/1373/1907 1762/1404/1905
f 1756/1398/1899 1515/1156/1656 1507/1148/1648
f 1759/1401/1902 1763/1405/1906 1712/1353/1908
f 1762/1404/1905 1732/1373/1907 1726/1367/1909
f 1756/1398/1899 1507/1148/1648 1764/1406/1910
f 1558/1199/1699 1759/1401/1902 1712/1353/1908
f 1763/1405/1906 1762/1404/1905 1724/1365/1911
f 1724/1365/1911 1762/1404/1905 1726/1367/1909
f 1764/1406/1910 1507/1148/1648 1505/1146/1646
f 1553/1194/1694 1759/1401/1902 1558/1199/1699
f 1712/1353/1908 1763/1405/1906 1724/1365/1911
f 1748/1390/1891 1756/1398/1899 1764/1406/1910
f 1576/1217/1717 1579/1220/1720 1592/1233/1733
f 1573/1214/1714 1576/1217/1717 1608/1249/1749
f 1617/1258/1758 1592/1233/1733 1595/1236/1736
f 1617/1258/1758 1595/1236/1736 1765/1407/1912
f 1622/1263/1763 1617/1258/1758 1765/1407/1912
f 1765/1407/1912 1595/1236/1736 1766/1408/1913
f 1595/1236/1736 1767/1409/1914 1766/1408/1913
f 1589/1230/1730 1767/1409/1914 1595/1236/1736
f 1589/1230/1730 1598/1239/1739 1767/1409/1914
f 1625/1266/1766 1622/1263/1763 1768/1410/1915
f 1768/1410/1915 1769/1411/1916 1625/1266/1766
f 1625/1266/1766 1769/1411/1916 1770/1412/1917
f 1625/1266/1766 1770/1412/1917 1602/1243/1743
f 1770/1412/1917 1769/1411/1916 1771/1413/1918
f 1602/1243/1743 1612/1253/1753 1625/1266/1766
f 1772/1414/1919 1770/1412/1917 1771/1413/1918
f 1771/1413/1918 1769/1411/1916 1773/1415/1920
f 1602/1243/1743 1770/1412/1917 1600/1241/1741
f 1600/1241/1741 1770/1412/1917 1772/1414/1919
f 1771/1413/1918 1773/1415/1920 1774/1416/1921
f 1597/1238/1738 1600/1241/1741 1772/1414/1919
f 1772/1414/1919 1771/1413/1918 1775/1417/1922
f 1775/1417/1922 1771/1413/1918 1774/1416/1921
f 1774/1416/1921 1773/1415/1920 1776/1418/1923
f 1597/1238/1738 1772/1414/1919 1594/1235/1735
f 1594/1235/1735 1772/1414/1919 1775/1417/1922
f 1774/1416/1921 1777/1419/1924 1775/1417/1922
f 1776/1418/1923 1778/1420/1925 1774/1416/1921
f 1774/1416/1921 1778/1420/1925 1777/1419/1924
f 1775/1417/1922 1779/1421/1926 1594/1235/1735
f 1775/1417/1922 1777/1419/1924 1779/1421/1926
f 1778/1420/1925 1780/1422/1927 1777/1419/1924
f 1594/1235/1735 1779/1421/1926 1591/1232/1732
f 1777/1419/1924 1780/1422/1927 1781/1423/1928
f 1777/1419/1924 1781/1423/1928 1779/1421/1926
f 1779/1421/1926 1782/1424/1929 1591/1232/1732
f 1779/1421/1926 1781/1423/1928 1782/1424/1929
f 1780/1422/1927 1783/1425/1930 1781/1423/1928
f 1591/1232/1732 1782/1424/1929 1784/1426/1931
f 1781/1423/1928 1783/1425/1930 1785/1427/1932
f 1781/1423/1928 1785/1427/1932 1782/1424/1929
f 1591/1232/1732 1784/1426/1931 1588/1229/1729
f 1783/1425/1930 1786/1428/1933 1785/1427/1932
f 1782/1424/1929 1785/1427/1932 1787/1429/1934
f 1782/1424/1929 1787/1429/1934 1784/1426/1931
f 1588/1229/1729 1784/1426/1931 1788/1430/1935
f 1785/1427/1932 1786/1428/1933 1789/1431/1936
f 1785/1427/1932 1789/1431/1936 1787/1429/1934
f 1588/1229/1729 1788/1430/1935 1585/1226/1726
f 1784/1426/1931 1787/1429/1934 1790/1432/1937
f 1786/1428/1933 1791/1433/1938 1789/1431/1936
f 1784/1426/1931 1790/1432/1937 1788/1430/1935
f 1585/1226/1726 1788/1430/1935 1792/1434/1939
f 1787/1429/1934 1793/1435/1940 1790/1432/1937
f 1789/1431/1936 1791/1433/1938 1794/1436/1941
f 1585/1226/1726 1792/1434/1939 1583/1224/1724
f 1787/1429/1934 1789/1431/1936 1793/1435/1940
f 1790/1432/1937 1793/1435/1940 1795/1437/1942
f 1789/1431/1936 1794/1436/1941 1793/1435/1940
f 1791/1433/1938 1796/1438/1943 1794/1436/1941
f 1583/1224/1724 1792/1434/1939 1797/1439/1944
f 1795/1437/1942 1798/1440/1945 1790/1432/1937
f 1788/1430/1935 1790/1432/1937 1798/1440/1945
f 1794/1436/1941 1796/1438/1943 1799/1441/1946
f 1798/1440/1945 1792/1434/1939 1788/1430/1935
f 1583/1224/1724 1797/1439/1944 1800/1442/1947
f 1794/1436/1941 1799/1441/1946 1801/1443/1948
f 1793/1435/1940 1801/1443/1948 1795/1437/1942
f 1802/1444/1949 1792/1434/1939 1798/1440/1945
f 1792/1434/1939 1802/1444/1949 1797/1439/1944
f 1793/1435/1940 1794/1436/1941 1801/1443/1948
f 1801/1443/1948 1799/1441/1946 1803/1445/1950
f 1804/1446/1951 1798/1440/1945 1795/1437/1942
f 1798/1440/1945 1804/1446/1951 1802/1444/1949
f 1800/1442/1947 1797/1439/1944 1805/1447/1952
f 1803/1445/1950 1799/1441/1946 1806/1448/1953
f 1795/1437/1942 1801/1443/1948 1807/1449/1954
f 1795/1437/1942 1807/1449/1954 1804/1446/1951
f 1797/1439/1944 1802/1444/1949 1808/1450/1955
f 1801/1443/1948 1803/1445/1950 1807/1449/1954
f 1797/1439/1944 1808/1450/1955 1805/1447/1952
f 1803/1445/1950 1806/1448/1953 1809/1451/1956
f 1802/1444/1949 1804/1446/1951 1810/1452/1957
f 1807/1449/1954 1803/1445/1950 1809/1451/1956
f 1802/1444/1949 1810/1452/1957 1808/1450/1955
f 1805/1447/1952 1808/1450/1955 1811/1453/1958
f 1804/1446/1951 1807/1449/1954 1812/1454/1959
f 1807/1449/1954 1809/1451/1956 1812/1454/1959
f 1809/1451/1956 1806/1448/1953 1813/1455/1960
f 1804/1446/1951 1812/1454/1959 1810/1452/1957
f 1808/1450/1955 1810/1452/1957 1814/1456/1961
f 1808/1450/1955 1814/1456/1961 1811/1453/1958
f 1812/1454/1959 1809/1451/1956 1815/1457/1962
f 1813/1455/1960 1815/1457/1962 1809/1451/1956
f 1806/1448/1953 1816/1458/1963 1813/1455/1960
f 1810/1452/1957 1812/1454/1959 1817/1459/1964
f 1810/1452/1957 1817/1459/1964 1814/1456/1961
f 1812/1454/1959 1815/1457/1962 1817/1459/1964
f 1811/1453/1958 1814/1456/1961 1818/1460/1965
f 1819/1461/1966 1816/1458/1963 1806/1448/1953
f 1820/1462/1967 1815/1457/1962 1813/1455/1960
f 1811/1453/1958 1818/1460/1965 1821/1463/1968
f 1816/1458/1963 1819/1461/1966 1639/1464/1969
f 1822/1465/1970 1815/1457/1962 1820/1462/1967
f 1823/1466/1971 1811/1453/1958 1821/1463/1968
f 1642/1467/1972 1816/1458/1963 1639/1464/1969
f 1824/1468/1973 1815/1457/1962 1822/1465/1970
f 1817/1459/1964 1815/1457/1962 1824/1468/1973
f 1805/1447/1952 1811/1453/1958 1823/1466/1971
f 1825/1469/1974 1816/1458/1963 1642/1467/1972
f 1813/1455/1960 1825/1469/1974 1820/1462/1967
f 1817/1459/1964 1824/1468/1973 1826/1470/1975
f 1827/1471/1976 1805/1447/1952 1823/1466/1971
f 1816/1458/1963 1825/1469/1974 1813/1455/1960
f 1814/1456/1961 1817/1459/1964 1826/1470/1975
f 1800/1442/1947 1805/1447/1952 1827/1471/1976
f 1827/1471/1976 1823/1466/1971 1828/1472/1977
f 1825/1469/1974 1642/1467/1972 1829/1473/1978
f 1826/1470/1975 1824/1468/1973 1830/1474/1979
f 1827/1471/1976 1831/1475/1980 1800/1442/1947
f 1832/1476/1981 1825/1469/1974 1829/1473/1978
f 1826/1470/1975 1830/1474/1979 1833/1477/1982
f 1831/1475/1980 1827/1471/1976 1834/1478/1983
f 1834/1478/1983 1827/1471/1976 1828/1472/1977
f 1835/1479/1984 1825/1469/1974 1832/1476/1981
f 1833/1477/1982 1830/1474/1979 1836/1480/1985
f 1834/1478/1983 1828/1472/1977 1837/1481/1986
f 1832/1476/1981 1838/1482/1987 1835/1479/1984
f 1833/1477/1982 1836/1480/1985 1839/1483/1988
f 1530/1171/1671 1834/1478/1983 1837/1481/1986
f 1832/1476/1981 1840/1484/1989 1838/1482/1987
f 1818/1460/1965 1826/1470/1975 1833/1477/1982
f 1533/1174/1674 1834/1478/1983 1530/1171/1671
f 1841/1485/1990 1840/1484/1989 1832/1476/1981
f 1814/1456/1961 1826/1470/1975 1818/1460/1965
f 1834/1478/1983 1533/1174/1674 1831/1475/1980
f 1832/1476/1981 1829/1473/1978 1841/1485/1990
f 1840/1484/1989 1842/1486/1991 1838/1482/1987
f 1818/1460/1965 1833/1477/1982 1843/1487/1992
f 1831/1475/1980 1533/1174/1674 1536/1177/1677
f 1841/1485/1990 1829/1473/1978 1844/1488/1993
f 1821/1463/1968 1818/1460/1965 1843/1487/1992
f 1831/1475/1980 1536/1177/1677 1578/1219/1719
f 1843/1487/1992 1833/1477/1982 1839/1483/1988
f 1829/1473/1978 1652/1489/1994 1844/1488/1993
f 1800/1442/1947 1831/1475/1980 1578/1219/1719
f 1839/1483/1988 1845/1490/1995 1843/1487/1992
f 1829/1473/1978 1642/1467/1972 1652/1489/1994
f 1578/1219/1719 1583/1224/1724 1800/1442/1947
f 1844/1488/1993 1652/1489/1994 1655/1491/1996
f 1821/1463/1968 1843/1487/1992 1846/1492/1997
f 1846/1492/1997 1843/1487/1992 1845/1490/1995
f 1847/1493/1998 1845/1490/1995 1839/1483/1988
f 1848/1494/1999 1821/1463/1968 1846/1492/1997
f 1839/1483/1988 1836/1480/1985 1847/1493/1998
f 1846/1492/1997 1845/1490/1995 1849/1495/2000
f 1848/1494/1999 1846/1492/1997 1850/1496/2001
f 1823/1466/1971 1821/1463/1968 1848/1494/1999
f 1847/1493/1998 1836/1480/1985 1851/1497/2002
f 1850/1496/2001 1846/1492/1997 1849/1495/2000
f 1828/1472/1977 1823/1466/1971 1848/1494/1999
f 1847/1493/1998 1852/1498/2003 1845/1490/1995
f 1853/1499/2004 1848/1494/1999 1850/1496/2001
f 1849/1495/2000 1845/1490/1995 1852/1498/2003
f 1828/1472/1977 1848/1494/1999 1853/1499/2004
f 1851/1497/2002 1836/1480/1985 1854/1500/2005
f 1849/1495/2000 1852/1498/2003 1855/1501/2006
f 1837/1481/1986 1828/1472/1977 1853/1499/2004
f 1851/1497/2002 1854/1500/2005 1856/1502/2007
f 1850/1496/2001 1849/1495/2000 1857/1503/2008
f 1857/1503/2008 1849/1495/2000 1855/1501/2006
f 1837/1481/1986 1853/1499/2004 1858/1504/2009
f 1836/1480/1985 1830/1474/1979 1854/1500/2005
f 1855/1501/2006 1859/1505/2010 1857/1503/2008
f 1517/1158/1658 1837/1481/1986 1858/1504/2009
f 1853/1499/2004 1850/1496/2001 1860/1506/2011
f 1861/1507/2012 1859/1505/2010 1855/1501/2006
f 1860/1506/2011 1850/1496/2001 1857/1503/2008
f 1530/1171/1671 1837/1481/1986 1517/1158/1658
f 1858/1504/2009 1853/1499/2004 1860/1506/2011
f 1855/1501/2006 1862/1508/2013 1861/1507/2012
f 1520/1161/1661 1530/1171/1671 1517/1158/1658
f 1858/1504/2009 1860/1506/2011 1499/1140/1640
f 1855/1501/2006 1852/1498/2003 1862/1508/2013
f 1861/1507/2012 1863/1509/2014 1859/1505/2010
f 1517/1158/1658 1858/1504/2009 1514/1155/1655
f 1514/1155/1655 1858/1504/2009 1499/1140/1640
f 1852/1498/2003 1864/1510/2015 1862/1508/2013
f 1863/1509/2014 1861/1507/2012 1865/1511/2016
f 1514/1155/1655 1499/1140/1640 1496/1137/1637
f 1864/1510/2015 1852/1498/2003 1847/1493/1998
f 1859/1505/2010 1863/1509/2014 1866/1512/2017
f 1509/1150/1650 1514/1155/1655 1496/1137/1637
f 1847/1493/1998 1867/1513/2018 1864/1510/2015
f 1859/1505/2010 1866/1512/2017 1868/1514/2019
f 1509/1150/1650 1496/1137/1637 1500/1141/1641
f 1851/1497/2002 1867/1513/2018 1847/1493/1998
f 1868/1514/2019 1857/1503/2008 1859/1505/2010
f 1868/1514/2019 1866/1512/2017 1869/1515/2020
f 1864/1510/2015 1867/1513/2018 1870/1516/2021
f 1856/1502/2007 1867/1513/2018 1851/1497/2002
f 1860/1506/2011 1857/1503/2008 1868/1514/2019
f 1493/1134/1634 1868/1514/2019 1869/1515/2020
f 1870/1516/2021 1867/1513/2018 1871/1517/2022
f 1872/1518/2023 1867/1513/2018 1856/1502/2007
f 1499/1140/1640 1860/1506/2011 1868/1514/2019
f 1499/1140/1640 1868/1514/2019 1493/1134/1634
f 1870/1516/2021 1871/1517/2022 1873/1519/2024
f 1867/1513/2018 1872/1518/2023 1871/1517/2022
f 1856/1502/2007 1874/1520/2025 1872/1518/2023
f 1493/1134/1634 1869/1515/2020 1490/1131/1631
f 1873/1519/2024 1871/1517/2022 1875/1521/2026
f 1876/1522/2027 1874/1520/2025 1856/1502/2007
f 1872/1518/2023 1874/1520/2025 1877/1523/2028
f 1490/1131/1631 1869/1515/2020 1878/1524/2029
f 1871/1517/2022 1877/1523/2028 1875/1521/2026
f 1879/1525/2030 1876/1522/2027 1856/1502/2007
f 1871/1517/2022 1872/1518/2023 1877/1523/2028
f 1869/1515/2020 1880/1526/2031 1878/1524/2029
f 1881/1527/2032 1876/1522/2027 1879/1525/2030
f 1856/1502/2007 1854/1500/2005 1879/1525/2030
f 1875/1521/2026 1877/1523/2028 1882/1528/2033
f 1490/1131/1631 1878/1524/2029 1487/1128/1628
f 1876/1522/2027 1881/1527/2032 1883/1529/2034
f 1882/1528/2033 1884/1530/2035 1875/1521/2026
f 1885/1531/2036 1882/1528/2033 1877/1523/2028
f 1487/1128/1628 1878/1524/2029 1886/1532/2037
f 1883/1529/2034 1881/1527/2032 1842/1486/1991
f 1887/1533/2038 1882/1528/2033 1885/1531/2036
f 1888/1534/2039 1487/1128/1628 1886/1532/2037
f 1883/1529/2034 1889/1535/2040 1876/1522/2027
f 1882/1528/2033 1887/1533/2038 1890/1536/2041
f 1890/1536/2041 1884/1530/2035 1882/1528/2033
f 1891/1537/2042 1487/1128/1628 1888/1534/2039
f 1876/1522/2027 1889/1535/2040 1874/1520/2025
f 1874/1520/2025 1889/1535/2040 1885/1531/2036
f 1890/1536/2041 1892/1538/2043 1884/1530/2035
f 1483/1124/1624 1487/1128/1628 1891/1537/2042
f 1877/1523/2028 1874/1520/2025 1885/1531/2036
f 1890/1536/2041 1887/1533/2038 1893/1539/2044
f 1892/1538/2043 1894/1540/2045 1884/1530/2035
f 1885/1531/2036 1889/1535/2040 1895/1541/2046
f 1890/1536/2041 1893/1539/2044 1896/1542/2047
f 1896/1542/2047 1892/1538/2043 1890/1536/2041
f 1895/1541/2046 1887/1533/2038 1885/1531/2036
f 1884/1530/2035 1894/1540/2045 1897/1543/2048
f 1896/1542/2047 1893/1539/2044 1898/1544/2049
f 1899/1545/2050 1887/1533/2038 1895/1541/2046
f 1884/1530/2035 1897/1543/2048 1875/1521/2026
f 1898/1544/2049 1900/1546/2051 1896/1542/2047
f 1887/1533/2038 1899/1545/2050 1893/1539/2044
f 1892/1538/2043 1901/1547/2052 1894/1540/2045
f 1902/1548/2053 1900/1546/2051 1898/1544/2049
f 1900/1546/2051 1903/1549/2054 1896/1542/2047
f 1893/1539/2044 1899/1545/2050 1904/1550/2055
f 1903/1549/2054 1901/1547/2052 1892/1538/2043
f 1893/1539/2044 1904/1550/2055 1898/1544/2049
f 1902/1548/2053 1905/1551/2056 1900/1546/2051
f 1896/1542/2047 1903/1549/2054 1892/1538/2043
f 1903/1549/2054 1906/1552/2057 1901/1547/2052
f 1907/1553/2058 1902/1548/2053 1898/1544/2049
f 1898/1544/2049 1904/1550/2055 1907/1553/2058
f 1905/1551/2056 1908/1554/2059 1900/1546/2051
f 1908/1554/2059 1906/1552/2057 1903/1549/2054
f 1909/1555/2060 1905/1551/2056 1902/1548/2053
f 1901/1547/2052 1910/1556/2061 1894/1540/2045
f 1900/1546/2051 1908/1554/2059 1903/1549/2054
f 1905/1551/2056 1909/1555/2060 1734/1557/2062
f 1910/1556/2061 1901/1547/2052 1911/1558/2063
f 1911/1558/2063 1901/1547/2052 1906/1552/2057
f 1906/1552/2057 1908/1554/2059 1730/1559/2064
f 1908/1554/2059 1905/1551/2056 1731/1560/2065
f 1731/1560/2065 1905/1551/2056 1734/1557/2062
f 1894/1540/2045 1910/1556/2061 1912/1561/2066
f 1911/1558/2063 1906/1552/2057 1732/1562/2067
f 1730/1559/2064 1908/1554/2059 1731/1560/2065
f 1912/1561/2066 1897/1543/2048 1894/1540/2045
f 1734/1557/2062 1909/1555/2060 1736/1563/2068
f 1732/1562/2067 1906/1552/2057 1730/1559/2064
f 1913/1564/2069 1897/1543/2048 1912/1561/2066
f 1909/1555/2060 1914/1565/2070 1736/1563/2068
f 1913/1564/2069 1873/1519/2024 1897/1543/2048
f 1914/1565/2070 1909/1555/2060 1915/1566/2071
f 1736/1563/2068 1914/1565/2070 1739/1567/2072
f 1916/1568/2073 1873/1519/2024 1913/1564/2069
f 1875/1521/2026 1897/1543/2048 1873/1519/2024
f 1915/1566/2071 1909/1555/2060 1902/1548/2053
f 1915/1566/2071 1902/1548/2053 1907/1553/2058
f 1916/1568/2073 1870/1516/2021 1873/1519/2024
f 1917/1569/2074 1870/1516/2021 1916/1568/2073
f 1918/1570/2075 1917/1569/2074 1916/1568/2073
f 1917/1569/2074 1919/1571/2076 1870/1516/2021
f 1919/1571/2076 1917/1569/2074 1918/1570/2075
f 1918/1570/2075 1916/1568/2073 1920/1572/2077
f 1870/1516/2021 1919/1571/2076 1862/1508/2013
f 1918/1570/2075 1865/1511/2016 1919/1571/2076
f 1920/1572/2077 1916/1568/2073 1913/1564/2078
f 1862/1508/2013 1864/1510/2015 1870/1516/2021
f 1921/1573/2079 1865/1511/2016 1918/1570/2075
f 1922/1574/2080 1918/1570/2075 1920/1572/2077
f 1920/1572/2077 1913/1564/2078 1923/1575/2081
f 1861/1507/2012 1862/1508/2013 1919/1571/2076
f 1865/1511/2016 1861/1507/2012 1919/1571/2076
f 1921/1573/2079 1918/1570/2075 1922/1574/2080
f 1923/1575/2081 1913/1564/2078 1912/1561/2082
f 1921/1573/2079 1924/1576/2083 1865/1511/2016
f 1922/1574/2080 1920/1572/2077 1925/1577/2084
f 1925/1577/2084 1920/1572/2077 1923/1575/2081
f 1912/1561/2082 1926/1578/2085 1923/1575/2081
f 1927/1579/2086 1924/1576/2083 1921/1573/2079
f 1928/1580/2087 1921/1573/2079 1922/1574/2080
f 1923/1575/2081 1929/1581/2088 1925/1577/2084
f 1926/1578/2085 1929/1581/2088 1923/1575/2081
f 1927/1579/2086 1921/1573/2079 1928/1580/2087
f 1930/1582/2089 1924/1576/2083 1927/1579/2086
f 1931/1583/2090 1922/1574/2080 1925/1577/2084
f 1929/1581/2088 1926/1578/2085 1932/1584/2091
f 1928/1580/2087 1922/1574/2080 1931/1583/2090
f 1933/1585/2092 1924/1576/2083 1930/1582/2089
f 1929/1581/2088 1934/1586/2093 1925/1577/2084
f 1935/1587/2094 1928/1580/2087 1931/1583/2090
f 1936/1588/2095 1933/1585/2092 1930/1582/2089
f 1934/1586/2093 1929/1581/2088 1937/1589/2096
f 1925/1577/2084 1934/1586/2093 1931/1583/2090
f 1937/1589/2096 1929/1581/2088 1932/1584/2091
f 1938/1590/2097 1933/1585/2092 1936/1588/2095
f 1936/1588/2095 1930/1582/2089 1939/1591/2098
f 1934/1586/2093 1940/1592/2099 1931/1583/2090
f 1931/1583/2090 1940/1592/2099 1935/1587/2094
f 1933/1585/2092 1938/1590/2097 1941/1593/2100
f 1939/1591/2098 1930/1582/2089 1942/1594/2101
f 1942/1594/2101 1928/1580/2087 1935/1587/2094
f 1940/1592/2099 1943/1595/2102 1935/1587/2094
f 1941/1593/2100 1938/1590/2097 1944/1596/2103
f 1930/1582/2089 1927/1579/2086 1942/1594/2101
f 1942/1594/2101 1927/1579/2086 1928/1580/2087
f 1935/1587/2094 1943/1595/2102 1945/1597/2104
f 1939/1591/2098 1942/1594/2101 1945/1597/2104
f 1941/1593/2100 1944/1596/2103 1946/1598/2105
f 1940/1592/2099 1947/1599/2106 1943/1595/2102
f 1945/1597/2104 1942/1594/2101 1935/1587/2094
f 1941/1593/2100 1948/1600/2107 1933/1585/2092
f 1949/1601/2108 1947/1599/2106 1940/1592/2099
f 1946/1598/2105 1944/1596/2103 1950/1602/2109
f 1948/1600/2107 1941/1593/2100 1880/1526/2031
f 1947/1599/2106 1949/1601/2108 957/1603/2110
f 1880/1526/2031 1941/1593/2100 1946/1598/2105
f 1940/1592/2099 1934/1586/2093 1949/1601/2108
f 1933/1585/2092 1948/1600/2107 1924/1576/2083
f 1880/1526/2031 1946/1598/2105 1878/1524/2029
f 957/1603/2110 1949/1601/2108 1751/1604/2111
f 1949/1601/2108 1934/1586/2093 1937/1589/2096
f 1948/1600/2107 1863/1509/2014 1924/1576/2083
f 1878/1524/2029 1946/1598/2105 1886/1532/2037
f 1937/1589/2096 1754/1605/2112 1949/1601/2108
f 1949/1601/2108 1754/1605/2112 1751/1604/2111
f 1863/1509/2014 1948/1600/2107 1866/1512/2017
f 1866/1512/2017 1948/1600/2107 1880/1526/2031
f 1924/1576/2083 1863/1509/2014 1865/1511/2016
f 1937/1589/2096 1757/1606/2113 1754/1605/2112
f 1866/1512/2017 1880/1526/2031 1869/1515/2020
f 1946/1598/2105 1950/1602/2109 1886/1532/2037
f 1932/1584/2091 1757/1606/2113 1937/1589/2096
f 1886/1532/2037 1950/1602/2109 1888/1534/2039
f 1757/1606/2113 1932/1584/2091 1760/1607/2114
f 1760/1607/2114 1932/1584/2091 1951/1608/2115
f 1951/1608/2115 1732/1562/2116 1760/1607/2114
f 1932/1584/2091 1926/1578/2085 1951/1608/2115
f 1911/1558/2117 1732/1562/2116 1951/1608/2115
f 1926/1578/2085 1910/1556/2118 1951/1608/2115
f 1951/1608/2115 1910/1556/2118 1911/1558/2117
f 1910/1556/2118 1926/1578/2085 1912/1561/2082
f 1768/1609/2119 1622/1610/2120 1952/1611/2121
f 1952/1611/2121 1769/1612/2122 1768/1609/2119
f 1952/1611/2121 1622/1610/2120 1953/1613/2123
f 1954/1614/2124 1769/1612/2122 1952/1611/2121
f 1622/1610/2120 1765/1615/2125 1953/1613/2123
f 1954/1614/2124 1773/1616/2126 1769/1612/2122
f 1952/1611/2121 1953/1613/2123 1955/1617/2127
f 1955/1617/2127 1954/1614/2124 1952/1611/2121
f 1953/1613/2123 1765/1615/2125 1956/1618/2128
f 1957/1619/2129 1773/1616/2126 1954/1614/2124
f 1955/1617/2127 1953/1613/2123 1958/1620/2130
f 1953/1613/2123 1956/1618/2128 1958/1620/2130
f 1956/1618/2128 1765/1615/2125 1959/1621/2131
f 1960/1622/2132 1957/1619/2129 1954/1614/2124
f 1960/1622/2132 1954/1614/2124 1955/1617/2127
f 1961/1623/2133 1773/1616/2126 1957/1619/2129
f 1958/1620/2130 1956/1618/2128 1959/1621/2131
f 1961/1623/2133 1957/1619/2129 1960/1622/2132
f 1959/1621/2131 1765/1615/2125 1766/1624/2134
f 1776/1625/2135 1773/1616/2126 1961/1623/2133
f 1962/1626/2136 1958/1620/2130 1959/1621/2131
f 1960/1622/2132 1963/1627/2137 1961/1623/2133
f 1959/1621/2131 1766/1624/2134 1964/1628/2138
f 1961/1623/2133 1965/1629/2139 1776/1625/2135
f 1959/1621/2131 1964/1628/2138 1962/1626/2136
f 1966/1630/2140 1963/1627/2137 1960/1622/2132
f 1963/1627/2137 1965/1629/2139 1961/1623/2133
f 1955/1617/2127 1966/1630/2140 1960/1622/2132
f 1776/1625/2135 1965/1629/2139 1778/1631/2141
f 1967/1632/2142 1958/1620/2130 1962/1626/2136
f 1967/1632/2142 1955/1617/2127 1958/1620/2130
f 1966/1630/2140 1968/1633/2143 1963/1627/2137
f 1969/1634/2144 1778/1631/2141 1965/1629/2139
f 1970/1635/2145 1967/1632/2142 1962/1626/2136
f 1971/1636/2146 1968/1633/2143 1966/1630/2140
f 1968/1633/2143 1969/1634/2144 1963/1627/2137
f 1969/1634/2144 1965/1629/2139 1963/1627/2137
f 1962/1626/2136 1972/1637/2147 1970/1635/2145
f 1971/1636/2146 1973/1638/2148 1968/1633/2143
f 1974/1639/2149 1969/1634/2144 1968/1633/2143
f 1975/1640/2150 1971/1636/2146 1966/1630/2140
f 1975/1640/2150 1955/1617/2127 1967/1632/2142
f 1973/1638/2148 1976/1641/2151 1968/1633/2143
f 1968/1633/2143 1976/1641/2151 1974/1639/2149
f 1977/1642/2152 1973/1638/2148 1971/1636/2146
f 1975/1640/2150 1966/1630/2140 1955/1617/2127
f 1978/1643/2153 1967/1632/2142 1970/1635/2145
f 1977/1642/2152 1971/1636/2146 1979/1644/2154
f 1978/1643/2153 1975/1640/2150 1967/1632/2142
f 1980/1645/2155 1973/1638/2148 1977/1642/2152
f 1981/1646/2156 1978/1643/2153 1970/1635/2145
f 1977/1642/2152 1979/1644/2154 1980/1645/2155
f 1982/1647/2157 1975/1640/2150 1978/1643/2153
f 1979/1644/2154 1971/1636/2146 1982/1647/2157
f 1981/1646/2156 1970/1635/2145 1983/1648/2158
f 1984/1649/2159 1973/1638/2148 1980/1645/2155
f 1982/1647/2157 1978/1643/2153 1979/1644/2154
f 1982/1647/2157 1971/1636/2146 1975/1640/2150
f 1983/1648/2158 1970/1635/2145 1985/1650/2160
f 1980/1645/2155 1979/1644/2154 1986/1651/2161
f 1987/1652/2162 1978/1643/2153 1981/1646/2156
f 1985/1650/2160 1601/1653/2163 1983/1648/2158
f 1984/1649/2159 1980/1645/2155 1988/1654/2164
f 1979/1644/2154 1978/1643/2153 1987/1652/2162
f 1985/1650/2160 1598/1655/2165 1601/1653/2163
f 1988/1654/2164 1796/1656/2166 1984/1649/2159
f 1986/1651/2161 1979/1644/2154 1989/1657/2167
f 1981/1646/2156 1989/1657/2167 1987/1652/2162
f 1983/1648/2158 1601/1653/2163 1605/1658/2168
f 1984/1649/2159 1796/1656/2166 1990/1659/2169
f 1989/1657/2167 1979/1644/2154 1987/1652/2162
f 1605/1658/2168 1991/1660/2170 1983/1648/2158
f 1983/1648/2158 1991/1660/2170 1981/1646/2156
f 1990/1659/2169 1796/1656/2166 1791/1661/2171
f 1992/1662/2172 1989/1657/2167 1981/1646/2156
f 1628/1663/2173 1991/1660/2170 1605/1658/2168
f 1791/1661/2171 1786/1664/2174 1990/1659/2169
f 1981/1646/2156 1991/1660/2170 1992/1662/2172
f 1993/1665/2175 1989/1657/2167 1992/1662/2172
f 1624/1666/2176 1991/1660/2170 1628/1663/2173
f 1990/1659/2169 1786/1664/2174 1976/1641/2151
f 1992/1662/2172 1624/1666/2176 1993/1665/2175
f 1994/1667/2177 1989/1657/2167 1993/1665/2175
f 1992/1662/2172 1991/1660/2170 1624/1666/2176
f 1976/1641/2151 1973/1638/2148 1990/1659/2169
f 1632/1668/2178 1994/1667/2177 1993/1665/2175
f 1994/1667/2177 1986/1651/2161 1989/1657/2167
f 1993/1665/2175 1624/1666/2176 1632/1668/2178
f 1786/1664/2174 1783/1669/2179 1976/1641/2151
f 1990/1659/2169 1973/1638/2148 1984/1649/2159
f 1995/1670/2180 1986/1651/2161 1994/1667/2177
f 1637/1671/2181 1994/1667/2177 1632/1668/2178
f 1976/1641/2151 1783/1669/2179 1974/1639/2149
f 1637/1671/2181 1995/1670/2180 1994/1667/2177
f 1996/1672/2182 1986/1651/2161 1995/1670/2180
f 1783/1669/2179 1780/1673/2183 1974/1639/2149
f 1645/1674/2184 1995/1670/2180 1637/1671/2181
f 1995/1670/2180 1997/1675/2185 1996/1672/2182
f 1980/1645/2155 1986/1651/2161 1996/1672/2182
f 1974/1639/2149 1780/1673/2183 1969/1634/2144
f 1645/1674/2184 1997/1675/2185 1995/1670/2180
f 1988/1654/2164 1980/1645/2155 1996/1672/2182
f 1780/1673/2183 1778/1631/2141 1969/1634/2144
f 1997/1675/2185 1998/1676/2186 1996/1672/2182
f 1996/1672/2182 1998/1676/2186 1988/1654/2164
f 1998/1676/2186 1796/1656/2166 1988/1654/2164
f 1634/1275/1775 1649/1290/1790 1638/1279/1779
f 1649/1290/1790 1999/1677/2187 1638/1279/1779
f 1649/1290/1790 1673/1314/1814 1999/1677/2187
f 1638/1279/1779 1999/1677/2187 1647/1288/1788
f 1667/1308/1808 1673/1314/1814 1649/1290/1790
f 1646/1287/1787 1667/1308/1808 1649/1290/1790
f 1647/1288/1788 1631/1272/1772 1638/1279/1779
f 1659/1300/1800 1647/1288/1788 1999/1677/2187
f 1664/1305/1805 1999/1677/2187 1673/1314/1814
f 1659/1300/1800 1999/1677/2187 1664/1305/1805
f 1633/1274/1774 1631/1272/1772 1647/1288/1788
f 1650/1291/1791 1647/1288/1788 1659/1300/1800
f 1609/1250/1750 1603/1244/1744 1581/1222/1722
f 1581/1222/1722 1603/1244/1744 1586/1227/1727
f 1554/1195/1695 1552/1193/1693 1656/1297/1797
f 1668/1309/1809 1656/1297/1797 1552/1193/1693
f 1668/1309/1809 1552/1193/1693 2000/1678/2188
f 1706/1347/1847 1668/1309/1809 2000/1678/2188
f 2000/1678/2188 1552/1193/1693 1544/1185/1685
f 1701/1342/1842 1668/1309/1809 1706/1347/1847
f 1701/1342/1842 1663/1304/1804 1668/1309/1809
f 1544/1185/1685 1541/1182/1682 2000/1678/2188
f 2000/1678/2188 2001/1679/2189 1706/1347/1847
f 1541/1182/1682 2001/1679/2189 2000/1678/2188
f 2001/1679/2189 1708/1349/1849 1706/1347/1847
f 2001/1679/2189 1541/1182/1682 1516/1157/1657
f 2001/1679/2189 2002/1680/2190 1708/1349/1849
f 1516/1157/1657 2002/1680/2190 2001/1679/2189
f 1516/1157/1657 1541/1182/1682 1535/1176/1676
f 2002/1680/2190 1504/1145/1645 1708/1349/1849
f 1516/1157/1657 1508/1149/1649 2002/1680/2190
f 1516/1157/1657 1535/1176/1676 1513/1154/1654
f 1513/1154/1654 1535/1176/1676 1526/1167/1667
f 2002/1680/2190 1502/1143/1643 1504/1145/1645
f 1508/1149/1649 1502/1143/1643 2002/1680/2190
f 1504/1145/1645 1492/1133/1633 1489/1130/1630
f 1695/1336/1836 1525/1166/1666 1523/1164/1664
f 1695/1336/1836 1523/1164/1664 1692/1333/1833
f 1692/1333/1833 1523/1164/1664 1528/1169/1669
f 1666/1681/2191 2003/1682/2192 1661/1683/2193
f 1666/1681/2191 2004/1684/2194 2003/1682/2192
f 1661/1683/2193 2003/1682/2192 2005/1685/2195
f 1681/1686/2196 2004/1684/2194 1666/1681/2191
f 1661/1683/2193 2005/1685/2195 1657/1687/2197
f 2003/1682/2192 1840/1688/2198 2005/1685/2195
f 1681/1686/2196 2006/1689/2199 2004/1684/2194
f 1657/1687/2197 2005/1685/2195 2007/1690/2200
f 1842/1691/2201 1840/1688/2198 2003/1682/2192
f 1685/1692/2202 2006/1689/2199 1681/1686/2196
f 2004/1684/2194 1842/1691/2201 2003/1682/2192
f 1840/1688/2198 1841/1693/2203 2005/1685/2195
f 2005/1685/2195 1841/1693/2203 2007/1690/2200
f 1685/1692/2202 2008/1694/2204 2006/1689/2199
f 1883/1695/2205 1842/1691/2201 2004/1684/2194
f 1657/1687/2197 2007/1690/2200 1654/1696/2206
f 1690/1697/2207 2008/1694/2204 1685/1692/2202
f 2006/1689/2199 1883/1695/2205 2004/1684/2194
f 1841/1693/2203 1844/1698/2206 2007/1690/2200
f 1704/1699/2208 2008/1694/2204 1690/1697/2207
f 1889/1700/2209 1883/1695/2205 2006/1689/2199
f 1654/1696/2206 2007/1690/2200 2009/1701/2210
f 2007/1690/2200 1844/1698/2206 2009/1701/2210
f 2008/1694/2204 1889/1700/2209 2006/1689/2199
f 2010/1702/2211 2008/1694/2204 1704/1699/2208
f 1654/1696/2206 2009/1701/2210 1655/1703/2212
f 1844/1698/2206 1655/1703/2212 2009/1701/2210
f 1895/1704/2213 1889/1700/2209 2008/1694/2204
f 1704/1699/2208 2011/1705/2214 2010/1702/2211
f 1895/1704/2213 2008/1694/2204 1899/1706/2215
f 2011/1705/2214 1899/1706/2215 2010/1702/2211
f 1899/1706/2215 2008/1694/2204 2010/1702/2211
f 1710/1707/2216 2011/1705/2214 1704/1699/2208
f 1904/1708/2217 1899/1706/2215 2011/1705/2214
f 1717/1709/2218 2011/1705/2214 1710/1707/2216
f 1904/1708/2217 2011/1705/2214 1907/1710/2219
f 2012/1711/2220 2011/1705/2214 1717/1709/2218
f 1907/1710/2219 2011/1705/2214 2012/1711/2220
f 1737/1712/2221 2012/1711/2220 1717/1709/2218
f 1907/1710/2219 2012/1711/2220 1915/1713/2222
f 2013/1714/2223 2012/1711/2220 1737/1712/2221
f 1915/1713/2222 2012/1711/2220 2013/1714/2223
f 1737/1712/2221 1738/1715/2224 2013/1714/2223
f 1915/1713/2222 2013/1714/2223 1914/1716/2225
f 2013/1714/2223 1738/1715/2224 2014/1717/2226
f 1914/1716/2225 2013/1714/2223 2014/1717/2226
f 2014/1717/2226 1738/1715/2224 1739/1718/2227
f 2014/1717/2226 1739/1718/2227 1914/1716/2225
f 1716/1357/1858 1698/1339/1839 1702/1343/1843
f 1716/1357/1858 1696/1337/1837 1698/1339/1839
f 1964/1628/2138 1766/1624/2134 1767/1719/2228
f 1964/1628/2138 1767/1719/2228 1972/1637/2147
f 1962/1626/2136 1964/1628/2138 1972/1637/2147
f 1972/1637/2147 1767/1719/2228 1598/1655/2165
f 1972/1637/2147 1598/1655/2165 1985/1650/2160
f 1970/1635/2145 1972/1637/2147 1985/1650/2160
f 1743/1720/2229 1467/1721/2229 957/1722/2229
f 1743/1720/2229 1471/1723/2229 1467/1721/2229
f 957/1722/2229 1467/1721/2229 1013/1724/2229
f 1742/1725/2229 1471/1723/2229 1743/1720/2229
f 1013/1724/2230 1475/1726/2230 957/1722/2230
f 1742/1725/2229 1478/1727/2229 1471/1723/2229
f 957/1722/2230 1475/1726/2230 1947/1728/2230
f 1744/1729/2229 1478/1727/2229 1742/1725/2229
f 1475/1726/2230 1483/1730/2230 1947/1728/2230
f 1744/1729/2229 1480/1731/2229 1478/1727/2229
f 1947/1728/2230 1483/1730/2230 1943/1732/2230
f 1748/1733/2229 1480/1731/2229 1744/1729/2229
f 1483/1730/2230 1891/1734/2230 1943/1732/2230
f 1748/1733/2229 1488/1735/2231 1480/1731/2229
f 1943/1732/2230 1891/1734/2230 1945/1736/2230
f 1764/1737/2232 1488/1735/2231 1748/1733/2229
f 1891/1734/2230 1888/1738/2230 1945/1736/2230
f 1764/1737/2232 1497/1739/2233 1488/1735/2231
f 1505/1740/2234 1497/1739/2233 1764/1737/2232
f 1945/1736/2230 1888/1738/2230 1939/1741/2230
f 1888/1738/2230 1950/1742/2235 1939/1741/2230
f 1939/1741/2230 1950/1742/2235 1936/1743/2236
f 1950/1742/2235 1944/1744/2237 1936/1743/2236
f 1936/1743/2236 1944/1744/2237 1938/1745/2238
f 1639/1464/1969 1819/1461/1966 1644/1746/2239
f 1819/1461/1966 2015/1747/2240 1644/1746/2239
f 2015/1747/2240 1819/1461/1966 2016/1748/2241
f 1644/1746/2239 2015/1747/2240 1641/1749/2242
f 2016/1748/2241 1819/1461/1966 1806/1448/1953
f 2015/1747/2240 1997/1750/2243 1641/1749/2242
f 1806/1448/1953 1799/1441/1946 2016/1748/2241
f 1997/1750/2243 2015/1747/2240 1998/1751/2244
f 1998/1751/2244 2015/1747/2240 2016/1748/2241
f 1641/1749/2242 1997/1750/2243 1645/1752/2245
f 1799/1441/1946 1796/1438/1943 2016/1748/2241
f 2016/1748/2241 1796/1438/1943 1998/1751/2244
f 2017/1753/2246 1879/1525/2030 2018/1754/2247
f 1879/1525/2030 2017/1753/2246 1881/1527/2032
f 2018/1754/2247 1879/1525/2030 1854/1500/2005
f 1881/1527/2032 2017/1753/2246 1838/1482/1987
f 1822/1465/1970 2017/1753/2246 2018/1754/2247
f 1854/1500/2005 1830/1474/1979 2018/1754/2247
f 1838/1482/1987 1842/1486/1991 1881/1527/2032
f 1822/1465/1970 2018/1754/2247 1824/1468/1973
f 1835/1479/1984 1838/1482/1987 2017/1753/2246
f 1824/1468/1973 2018/1754/2247 1830/1474/1979
f 1835/1479/1984 2017/1753/2246 1822/1465/1970
f 1820/1462/1967 1835/1479/1984 1822/1465/1970
f 1825/1469/1974 1835/1479/1984 1820/1462/1967
f 2019/1755/2248 2020/1756/2249 2021/1757/2250
f 2022/1758/2251 2019/1755/2248 2021/1757/2250
f 2021/1757/2250 2020/1756/2249 2023/1759/2252
f 2024/1760/2253 2019/1755/2248 2022/1758/2251
f 2023/1759/2252 2025/1761/2254 2021/1757/2250
f 2021/1757/2250 2025/1761/2254 2022/1758/2251
f 2023/1759/2252 2020/1756/2249 2026/1762/2255
f 2022/1758/2251 2027/1763/2256 2024/1760/2253
f 2023/1759/2252 2028/1764/2257 2025/1761/2254
f 2029/1765/2258 2023/1759/2252 2026/1762/2255
f 2025/1761/2254 2030/1766/2259 2022/1758/2251
f 2022/1758/2251 2030/1766/2259 2027/1763/2256
f 2024/1760/2253 2027/1763/2256 2031/1767/2260
f 2032/1768/2261 2023/1759/2252 2029/1765/2258
f 2032/1768/2261 2028/1764/2257 2023/1759/2252
f 2028/1764/2257 2033/1769/2262 2025/1761/2254
f 2025/1761/2254 2033/1769/2262 2030/1766/2259
f 2027/1763/2256 2034/1770/2263 2031/1767/2260
f 2032/1768/2261 2035/1771/2264 2028/1764/2257
f 2035/1771/2264 2032/1768/2261 2029/1765/2258
f 2033/1769/2262 2036/1772/2265 2030/1766/2259
f 2031/1767/2260 2034/1770/2263 2037/1773/2266
f 2028/1764/2257 2035/1771/2264 2038/1774/2267
f 2028/1764/2257 2038/1774/2267 2033/1769/2262
f 2030/1766/2259 2036/1772/2265 2039/1775/2268
f 2027/1763/2256 2039/1775/2268 2034/1770/2263
f 2034/1770/2263 2040/1776/2269 2037/1773/2266
f 2033/1769/2262 2038/1774/2267 2041/1777/2270
f 2033/1769/2262 2041/1777/2270 2036/1772/2265
f 2030/1766/2259 2039/1775/2268 2027/1763/2256
f 2037/1773/2266 2040/1776/2269 2042/1778/2271
f 2039/1775/2268 2043/1779/2272 2034/1770/2263
f 2036/1772/2265 2044/1780/2273 2039/1775/2268
f 2036/1772/2265 2041/1777/2270 2045/1781/2274
f 2034/1770/2263 2043/1779/2272 2040/1776/2269
f 2040/1776/2269 2046/1782/2275 2042/1778/2271
f 2039/1775/2268 2044/1780/2273 2043/1779/2272
f 2045/1781/2274 2047/1783/2276 2036/1772/2265
f 2048/1784/2277 2046/1782/2275 2040/1776/2269
f 2036/1772/2265 2047/1783/2276 2044/1780/2273
f 2044/1780/2273 2049/1785/2278 2043/1779/2272
f 2048/1784/2277 2050/1786/2279 2046/1782/2275
f 2043/1779/2272 2051/1787/2280 2040/1776/2269
f 2047/1783/2276 2052/1788/2281 2044/1780/2273
f 2040/1776/2269 2051/1787/2280 2048/1784/2277
f 2043/1779/2272 2049/1785/2278 2051/1787/2280
f 2053/1789/2282 2050/1786/2279 2048/1784/2277
f 2044/1780/2273 2052/1788/2281 2049/1785/2278
f 2049/1785/2278 2054/1790/2283 2051/1787/2280
f 2053/1789/2282 2055/1791/2284 2050/1786/2279
f 2051/1787/2280 2056/1792/2285 2048/1784/2277
f 2052/1788/2281 2057/1793/2286 2049/1785/2278
f 2048/1784/2277 2056/1792/2285 2053/1789/2282
f 2051/1787/2280 2054/1790/2283 2056/1792/2285
f 2058/1794/2287 2055/1791/2284 2053/1789/2282
f 2049/1785/2278 2057/1793/2286 2054/1790/2283
f 2054/1790/2283 2059/1795/2288 2056/1792/2285
f 2058/1794/2287 2060/1796/2289 2055/1791/2284
f 2056/1792/2285 2061/1797/2290 2053/1789/2282
f 2057/1793/2286 2062/1798/2291 2054/1790/2283
f 2053/1789/2282 2061/1797/2290 2058/1794/2287
f 2056/1792/2285 2059/1795/2288 2061/1797/2290
f 2063/1799/2292 2060/1796/2289 2058/1794/2287
f 2054/1790/2283 2062/1798/2291 2059/1795/2288
f 2059/1795/2288 2064/1800/2293 2061/1797/2290
f 2063/1799/2292 2065/1801/2294 2060/1796/2289
f 2061/1797/2290 2066/1802/2295 2058/1794/2287
f 2062/1798/2291 2067/1803/2296 2059/1795/2288
f 2058/1794/2287 2066/1802/2295 2063/1799/2292
f 2061/1797/2290 2064/1800/2293 2066/1802/2295
f 2068/1804/2297 2065/1801/2294 2063/1799/2292
f 2059/1795/2288 2067/1803/2296 2064/1800/2293
f 2064/1800/2293 2069/1805/2298 2066/1802/2295
f 2063/1799/2292 2069/1805/2298 2068/1804/2297
f 2066/1802/2295 2069/1805/2298 2063/1799/2292
f 2068/1804/2297 2070/1806/2299 2065/1801/2294
f 2067/1803/2296 2071/1807/2300 2064/1800/2293
f 2072/1808/2301 2069/1805/2298 2064/1800/2293
f 2064/1800/2293 2071/1807/2300 2072/1808/2301
f 2073/1809/2302 2070/1806/2299 2068/1804/2297
f 2069/1805/2298 2073/1809/2302 2068/1804/2297
f 2071/1807/2300 2074/1810/2303 2072/1808/2301
f 2073/1809/2302 2075/1811/2304 2070/1806/2299
f 2072/1808/2301 2076/1812/2305 2069/1805/2298
f 2076/1812/2305 2073/1809/2302 2069/1805/2298
f 2072/1808/2301 2074/1810/2303 2077/1813/2306
f 2077/1813/2306 2076/1812/2305 2072/1808/2301
f 2078/1814/2307 2075/1811/2304 2073/1809/2302
f 2074/1810/2303 2079/1815/2308 2077/1813/2306
f 2077/1813/2306 2080/1816/2309 2076/1812/2305
f 2073/1809/2302 2080/1816/2309 2078/1814/2307
f 2076/1812/2305 2080/1816/2309 2073/1809/2302
f 2078/1814/2307 2081/1817/2310 2075/1811/2304
f 2077/1813/2306 2079/1815/2308 2082/1818/2311
f 2082/1818/2311 2080/1816/2309 2077/1813/2306
f 2083/1819/2312 2081/1817/2310 2078/1814/2307
f 2079/1815/2308 2084/1820/2313 2082/1818/2311
f 2082/1818/2311 2085/1819/2314 2080/1816/2309
f 2078/1814/2307 2085/1819/2314 2083/1819/2312
f 2080/1816/2309 2085/1819/2314 2078/1814/2307
f 2083/1819/2312 2086/1821/2315 2081/1817/2310
f 2082/1818/2311 2084/1820/2313 2087/1820/2316
f 2087/1820/2316 2085/1819/2314 2082/1818/2311
f 2085/1819/2314 2088/1821/2317 2083/1819/2312
f 2083/1819/2312 2088/1821/2317 2086/1821/2315
f 2085/1819/2314 2087/1820/2316 2088/1821/2317
f 2081/1817/2310 2086/1821/2315 2089/1822/2318
f 2087/1820/2316 2084/1820/2313 2090/1823/2319
f 2088/1821/2317 2087/1820/2316 2090/1823/2319
f 2088/1821/2317 2091/1822/2320 2086/1821/2315
f 2086/1821/2315 2091/1822/2320 2089/1822/2318
f 2090/1823/2319 2091/1822/2320 2088/1821/2317
f 2090/1823/2319 2084/1820/2313 2092/1824/2321
f 2092/1824/2321 2089/1822/2318 2091/1822/2320
f 2092/1824/2321 2091/1822/2320 2090/1823/2319
f 2093/1825/2322 2089/1822/2318 2092/1824/2321
f 2094/1826/2323 2095/1827/2324 2096/1828/2325
f 2094/1826/2323 2097/1829/2326 2095/1827/2324
f 2096/1828/2325 2095/1827/2324 2098/1830/2327
f 2099/1831/2328 2097/1829/2326 2094/1826/2323
f 2096/1828/2325 2098/1830/2327 2100/1832/2329
f 2095/1827/2324 2101/1833/2330 2098/1830/2327
f 2102/1834/2331 2097/1829/2326 2099/1831/2328
f 2100/1832/2329 2098/1830/2327 2103/1835/2332
f 2104/1836/2333 2101/1833/2330 2095/1827/2324
f 2105/1837/2334 2097/1829/2326 2102/1834/2331
f 2100/1832/2329 2103/1835/2332 2106/1838/2335
f 2097/1829/2326 2104/1836/2333 2095/1827/2324
f 2101/1833/2330 2107/1839/2336 2098/1830/2327
f 2108/1840/2337 2105/1837/2334 2102/1834/2331
f 2098/1830/2327 2107/1839/2336 2103/1835/2332
f 2109/1841/2338 2104/1836/2333 2097/1829/2326
f 2110/1842/2339 2105/1837/2334 2108/1840/2337
f 2104/1836/2333 2111/1843/2340 2101/1833/2330
f 2106/1838/2335 2103/1835/2332 2112/1844/2341
f 2113/1845/2342 2110/1842/2339 2108/1840/2337
f 2114/1846/2343 2111/1843/2340 2104/1836/2333
f 2109/1841/2338 2114/1846/2343 2104/1836/2333
f 2107/1839/2336 2115/1847/2344 2103/1835/2332
f 2103/1835/2332 2115/1847/2344 2112/1844/2341
f 2116/1848/2345 2110/1842/2339 2113/1845/2342
f 2117/1849/2346 2114/1846/2343 2109/1841/2338
f 2101/1833/2330 2118/1850/2347 2107/1839/2336
f 2111/1843/2340 2118/1850/2347 2101/1833/2330
f 2116/1848/2345 2119/1851/2348 2110/1842/2339
f 2114/1846/2343 2120/1852/2349 2111/1843/2340
f 2118/1850/2347 2121/1853/2350 2107/1839/2336
f 2107/1839/2336 2121/1853/2350 2115/1847/2344
f 2116/1848/2345 2122/1854/2351 2119/1851/2348
f 2123/1855/2352 2120/1852/2349 2114/1846/2343
f 2117/1849/2346 2123/1855/2352 2114/1846/2343
f 2121/1853/2350 2124/1856/2353 2115/1847/2344
f 2125/1857/2354 2122/1854/2351 2116/1848/2345
f 2126/1858/2355 2123/1855/2352 2117/1849/2346
f 2118/1850/2347 2127/1859/2356 2121/1853/2350
f 2125/1857/2354 2116/1848/2345 2128/1860/2357
f 2117/1849/2346 2129/1861/2358 2126/1858/2355
f 2130/1862/2359 2127/1859/2356 2118/1850/2347
f 2131/1863/2360 2125/1857/2354 2128/1860/2357
f 2128/1860/2357 2116/1848/2345 2113/1845/2342
f 2129/1861/2358 2132/1864/2361 2126/1858/2355
f 2111/1843/2340 2130/1862/2359 2118/1850/2347
f 2133/1865/2362 2125/1857/2354 2131/1863/2360
f 2134/1866/2363 2129/1861/2358 2117/1849/2346
f 2120/1852/2349 2130/1862/2359 2111/1843/2340
f 2131/1863/2360 2135/1867/2364 2133/1865/2362
f 2109/1841/2338 2134/1866/2363 2117/1849/2346
f 2120/1852/2349 2136/1868/2365 2130/1862/2359
f 2137/1869/2366 2135/1867/2364 2131/1863/2360
f 2138/1870/2367 2134/1866/2363 2109/1841/2338
f 2139/1871/2368 2136/1868/2365 2120/1852/2349
f 2137/1869/2366 2140/1872/2369 2135/1867/2364
f 2097/1829/2326 2138/1870/2367 2109/1841/2338
f 2123/1855/2352 2139/1871/2368 2120/1852/2349
f 2141/1873/2370 2140/1872/2369 2137/1869/2366
f 2105/1837/2334 2138/1870/2367 2097/1829/2326
f 2142/1874/2371 2139/1871/2368 2123/1855/2352
f 2141/1873/2370 2143/1875/2372 2140/1872/2369
f 2105/1837/2334 2144/1876/2373 2138/1870/2367
f 2126/1858/2355 2142/1874/2371 2123/1855/2352
f 2145/1877/2374 2143/1875/2372 2141/1873/2370
f 2110/1842/2339 2144/1876/2373 2105/1837/2334
f 2146/1878/2375 2142/1874/2371 2126/1858/2355
f 2145/1877/2374 2147/1879/2376 2143/1875/2372
f 2110/1842/2339 2119/1851/2348 2144/1876/2373
f 2126/1858/2355 2132/1864/2361 2146/1878/2375
f 2148/1880/2377 2147/1879/2376 2145/1877/2374
f 2147/1879/2376 2149/1881/2378 2143/1875/2372
f 2119/1851/2348 2150/1882/2379 2144/1876/2373
f 2132/1864/2361 2151/1883/2380 2146/1878/2375
f 2148/1880/2377 2152/1884/2381 2147/1879/2376
f 2119/1851/2348 2153/1885/2382 2150/1882/2379
f 2132/1864/2361 2154/1886/2383 2151/1883/2380
f 2155/1887/2384 2152/1884/2381 2148/1880/2377
f 2122/1854/2351 2153/1885/2382 2119/1851/2348
f 2156/1888/2385 2154/1886/2383 2132/1864/2361
f 2157/1889/2386 2152/1884/2381 2155/1887/2384
f 2122/1854/2351 2158/1890/2387 2153/1885/2382
f 2129/1861/2358 2156/1888/2385 2132/1864/2361
f 2159/1891/2388 2152/1884/2381 2157/1889/2386
f 2160/1892/2389 2158/1890/2387 2122/1854/2351
f 2161/1893/2390 2156/1888/2385 2129/1861/2358
f 2162/1894/2391 2159/1891/2388 2157/1889/2386
f 2125/1857/2354 2160/1892/2389 2122/1854/2351
f 2134/1866/2363 2161/1893/2390 2129/1861/2358
f 2163/1895/2392 2159/1891/2388 2162/1894/2391
f 2133/1865/2362 2160/1892/2389 2125/1857/2354
f 2164/1896/2393 2161/1893/2390 2134/1866/2363
f 2165/1897/2394 2163/1895/2392 2162/1894/2391
f 2135/1867/2364 2160/1892/2389 2133/1865/2362
f 2138/1870/2367 2164/1896/2393 2134/1866/2363
f 2166/1898/2395 2163/1895/2392 2165/1897/2394
f 2167/1899/2396 2160/1892/2389 2135/1867/2364
f 2144/1876/2373 2164/1896/2393 2138/1870/2367
f 2168/1900/2397 2166/1898/2395 2165/1897/2394
f 2140/1872/2369 2167/1899/2396 2135/1867/2364
f 2144/1876/2373 2150/1882/2379 2164/1896/2393
f 2169/1901/2398 2166/1898/2395 2168/1900/2397
f 2170/1902/2399 2167/1899/2396 2140/1872/2369
f 2167/1899/2396 2158/1890/2387 2160/1892/2389
f 2150/1882/2379 2171/1903/2400 2164/1896/2393
f 2172/1904/2401 2169/1901/2398 2168/1900/2397
f 2170/1902/2399 2173/1905/2402 2167/1899/2396
f 2173/1905/2402 2158/1890/2387 2167/1899/2396
f 2150/1882/2379 2174/1906/2403 2171/1903/2400
f 2175/1907/2404 2169/1901/2398 2172/1904/2401
f 2176/1908/2405 2173/1905/2402 2170/1902/2399
f 2153/1885/2382 2174/1906/2403 2150/1882/2379
f 2172/1904/2401 2112/1844/2341 2175/1907/2404
f 2149/1881/2378 2176/1908/2405 2170/1902/2399
f 2158/1890/2387 2177/1909/2406 2153/1885/2382
f 2153/1885/2382 2177/1909/2406 2174/1906/2403
f 2173/1905/2402 2177/1909/2406 2158/1890/2387
f 2112/1844/2341 2178/1910/2407 2175/1907/2404
f 2175/1907/2404 2178/1910/2407 2169/1901/2398
f 2149/1881/2378 2170/1902/2399 2143/1875/2372
f 2179/1911/2408 2177/1909/2406 2173/1905/2402
f 2176/1908/2405 2179/1911/2408 2173/1905/2402
f 2115/1847/2344 2178/1910/2407 2112/1844/2341
f 2143/1875/2372 2170/1902/2399 2140/1872/2369
f 2180/1912/2409 2176/1908/2405 2149/1881/2378
f 2115/1847/2344 2124/1856/2353 2178/1910/2407
f 2181/1913/2410 2179/1911/2408 2176/1908/2405
f 2179/1911/2408 2182/1914/2411 2177/1909/2406
f 2180/1912/2409 2181/1913/2410 2176/1908/2405
f 2183/1915/2412 2180/1912/2409 2149/1881/2378
f 2178/1910/2407 2124/1856/2353 2184/1916/2413
f 2177/1909/2406 2182/1914/2411 2174/1906/2403
f 2183/1915/2412 2149/1881/2378 2147/1879/2376
f 2169/1901/2398 2178/1910/2407 2184/1916/2413
f 2184/1916/2413 2124/1856/2353 2185/1917/2414
f 2174/1906/2403 2182/1914/2411 2186/1918/2415
f 2152/1884/2381 2183/1915/2412 2147/1879/2376
f 2169/1901/2398 2184/1916/2413 2166/1898/2395
f 2174/1906/2403 2186/1918/2415 2171/1903/2400
f 2187/1919/2416 2183/1915/2412 2152/1884/2381
f 2182/1914/2411 2188/1920/2417 2186/1918/2415
f 2166/1898/2395 2184/1916/2413 2189/1921/2418
f 2184/1916/2413 2185/1917/2414 2189/1921/2418
f 2187/1919/2416 2190/1922/2419 2183/1915/2412
f 2191/1923/2420 2188/1920/2417 2182/1914/2411
f 2166/1898/2395 2189/1921/2418 2163/1895/2392
f 2152/1884/2381 2192/1924/2421 2187/1919/2416
f 2191/1923/2420 2182/1914/2411 2179/1911/2408
f 2193/1925/2422 2188/1920/2417 2191/1923/2420
f 2163/1895/2392 2189/1921/2418 2194/1926/2423
f 2192/1924/2421 2195/1927/2424 2187/1919/2416
f 2196/1928/2425 2193/1925/2422 2191/1923/2420
f 2163/1895/2392 2194/1926/2423 2159/1891/2388
f 2159/1891/2388 2194/1926/2423 2192/1924/2421
f 2159/1891/2388 2192/1924/2421 2152/1884/2381
f 2187/1919/2416 2195/1927/2424 2197/1929/2426
f 2196/1928/2425 2191/1923/2420 2181/1913/2410
f 2181/1913/2410 2191/1923/2420 2179/1911/2408
f 2194/1926/2423 2198/1930/2427 2192/1924/2421
f 2192/1924/2421 2198/1930/2427 2195/1927/2424
f 2197/1929/2426 2190/1922/2419 2187/1919/2416
f 2199/1931/2428 2196/1928/2425 2181/1913/2410
f 2194/1926/2423 2200/1932/2429 2198/1930/2427
f 2195/1927/2424 2201/1933/2430 2197/1929/2426
f 2202/1934/2431 2199/1931/2428 2190/1922/2419
f 2189/1921/2418 2200/1932/2429 2194/1926/2423
f 2198/1930/2427 2203/1935/2432 2195/1927/2424
f 2197/1929/2426 2202/1934/2431 2190/1922/2419
f 2195/1927/2424 2203/1935/2432 2201/1933/2430
f 2189/1921/2418 2185/1917/2414 2200/1932/2429
f 2197/1929/2426 2201/1933/2430 2204/1936/2433
f 2204/1936/2433 2202/1934/2431 2197/1929/2426
f 2190/1922/2419 2199/1931/2428 2180/1912/2409
f 2199/1931/2428 2181/1913/2410 2180/1912/2409
f 2185/1917/2414 2205/1937/2434 2200/1932/2429
f 2204/1936/2433 2206/1938/2435 2202/1934/2431
f 2190/1922/2419 2180/1912/2409 2183/1915/2412
f 2185/1917/2414 2207/1939/2436 2205/1937/2434
f 2201/1933/2430 2208/1940/2437 2204/1936/2433
f 2206/1938/2435 2209/1941/2438 2202/1934/2431
f 2202/1934/2431 2209/1941/2438 2199/1931/2428
f 2124/1856/2353 2207/1939/2436 2185/1917/2414
f 2201/1933/2430 2210/1942/2439 2208/1940/2437
f 2211/1943/2440 2206/1938/2435 2204/1936/2433
f 2121/1853/2350 2207/1939/2436 2124/1856/2353
f 2203/1935/2432 2210/1942/2439 2201/1933/2430
f 2204/1936/2433 2208/1940/2437 2211/1943/2440
f 2127/1859/2356 2207/1939/2436 2121/1853/2350
f 2203/1935/2432 2212/1944/2441 2210/1942/2439
f 2211/1943/2440 2213/1945/2442 2206/1938/2435
f 2127/1859/2356 2214/1946/2443 2207/1939/2436
f 2215/1947/2444 2212/1944/2441 2203/1935/2432
f 2208/1940/2437 2216/1948/2445 2211/1943/2440
f 2217/1949/2446 2214/1946/2443 2127/1859/2356
f 2198/1930/2427 2215/1947/2444 2203/1935/2432
f 2210/1942/2439 2218/1950/2447 2208/1940/2437
f 2208/1940/2437 2218/1950/2447 2216/1948/2445
f 2207/1939/2436 2214/1946/2443 2205/1937/2434
f 2200/1932/2429 2205/1937/2434 2215/1947/2444
f 2200/1932/2429 2215/1947/2444 2198/1930/2427
f 2212/1944/2441 2219/1951/2448 2210/1942/2439
f 2210/1942/2439 2219/1951/2448 2218/1950/2447
f 2205/1937/2434 2214/1946/2443 2220/1952/2449
f 2205/1937/2434 2220/1952/2449 2215/1947/2444
f 2218/1950/2447 2221/1953/2450 2216/1948/2445
f 2215/1947/2444 2220/1952/2449 2212/1944/2441
f 2219/1951/2448 2221/1953/2450 2218/1950/2447
f 2214/1946/2443 2222/1954/2451 2220/1952/2449
f 2216/1948/2445 2221/1953/2450 2223/1955/2452
f 2220/1952/2449 2224/1956/2453 2212/1944/2441
f 2212/1944/2441 2224/1956/2453 2219/1951/2448
f 2217/1949/2446 2222/1954/2451 2214/1946/2443
f 2222/1954/2451 2221/1953/2450 2224/1956/2453
f 2211/1943/2440 2216/1948/2445 2223/1955/2452
f 2224/1956/2453 2221/1953/2450 2219/1951/2448
f 2220/1952/2449 2222/1954/2451 2224/1956/2453
f 2225/1957/2454 2222/1954/2451 2217/1949/2446
f 2223/1955/2452 2213/1945/2442 2211/1943/2440
f 2225/1957/2454 2221/1953/2450 2222/1954/2451
f 2223/1955/2452 2221/1953/2450 2213/1945/2442
f 2136/1868/2365 2225/1957/2454 2217/1949/2446
f 2226/1958/2455 2221/1953/2450 2225/1957/2454
f 2226/1958/2455 2225/1957/2454 2136/1868/2365
f 2213/1945/2442 2221/1953/2450 2227/1959/2456
f 2136/1868/2365 2217/1949/2446 2130/1862/2359
f 2130/1862/2359 2217/1949/2446 2127/1859/2356
f 2139/1871/2368 2226/1958/2455 2136/1868/2365
f 2213/1945/2442 2227/1959/2456 2206/1938/2435
f 2228/1960/2457 2221/1953/2450 2226/1958/2455
f 2228/1960/2457 2226/1958/2455 2139/1871/2368
f 2206/1938/2435 2227/1959/2456 2209/1941/2438
f 2229/1961/2458 2221/1953/2450 2228/1960/2457
f 2142/1874/2371 2228/1960/2457 2139/1871/2368
f 2229/1961/2458 2228/1960/2457 2142/1874/2371
f 2227/1959/2456 2230/1962/2459 2209/1941/2438
f 2227/1959/2456 2221/1953/2450 2230/1962/2459
f 2146/1878/2375 2229/1961/2458 2142/1874/2371
f 2209/1941/2438 2230/1962/2459 2196/1928/2425
f 2230/1962/2459 2221/1953/2450 2193/1925/2422
f 2230/1962/2459 2193/1925/2422 2196/1928/2425
f 2209/1941/2438 2196/1928/2425 2199/1931/2428
f 2231/1963/2460 2229/1961/2458 2146/1878/2375
f 2231/1963/2460 2221/1953/2450 2229/1961/2458
f 2193/1925/2422 2221/1953/2450 2188/1920/2417
f 2146/1878/2375 2151/1883/2380 2231/1963/2460
f 2151/1883/2380 2221/1953/2450 2231/1963/2460
f 2188/1920/2417 2221/1953/2450 2232/1964/2461
f 2154/1886/2383 2221/1953/2450 2151/1883/2380
f 2186/1918/2415 2188/1920/2417 2232/1964/2461
f 2233/1965/2462 2221/1953/2450 2154/1886/2383
f 2232/1964/2461 2221/1953/2450 2233/1965/2462
f 2186/1918/2415 2232/1964/2461 2234/1966/2463
f 2234/1966/2463 2232/1964/2461 2233/1965/2462
f 2156/1888/2385 2233/1965/2462 2154/1886/2383
f 2234/1966/2463 2233/1965/2462 2156/1888/2385
f 2171/1903/2400 2186/1918/2415 2234/1966/2463
f 2161/1893/2390 2234/1966/2463 2156/1888/2385
f 2171/1903/2400 2234/1966/2463 2161/1893/2390
f 2164/1896/2393 2171/1903/2400 2161/1893/2390
f 2106/1838/2335 2112/1844/2341 2172/1904/2401
f 2235/1755/2464 2236/1757/2465 2237/1756/2466
f 2235/1755/2464 2238/1758/2467 2236/1757/2465
f 2239/1759/2468 2237/1756/2466 2236/1757/2465
f 2240/1760/2469 2238/1758/2467 2235/1755/2464
f 2236/1757/2465 2241/1761/2470 2239/1759/2468
f 2238/1758/2467 2241/1761/2470 2236/1757/2465
f 2242/1762/2471 2237/1756/2466 2239/1759/2468
f 2240/1760/2469 2243/1763/2472 2238/1758/2467
f 2241/1761/2470 2244/1764/2473 2239/1759/2468
f 2242/1762/2471 2239/1759/2468 2245/1765/2474
f 2246/1767/2475 2243/1763/2472 2240/1760/2469
f 2243/1763/2472 2247/1766/2476 2238/1758/2467
f 2238/1758/2467 2247/1766/2476 2241/1761/2470
f 2241/1761/2470 2248/1769/2477 2244/1764/2473
f 2245/1765/2474 2239/1759/2468 2249/1768/2478
f 2246/1767/2475 2250/1770/2479 2243/1763/2472
f 2247/1766/2476 2248/1769/2477 2241/1761/2470
f 2239/1759/2468 2244/1764/2473 2249/1768/2478
f 2251/1773/2480 2250/1770/2479 2246/1767/2475
f 2247/1766/2476 2252/1772/2481 2248/1769/2477
f 2250/1770/2479 2253/1775/2482 2243/1763/2472
f 2249/1768/2478 2244/1764/2473 2254/1771/2483
f 2253/1775/2482 2252/1772/2481 2247/1766/2476
f 2254/1771/2483 2245/1765/2474 2249/1768/2478
f 2250/1770/2479 2251/1773/2480 2255/1776/2484
f 2243/1763/2472 2253/1775/2482 2247/1766/2476
f 2254/1771/2483 2244/1764/2473 2256/1774/2485
f 2244/1764/2473 2248/1769/2477 2256/1774/2485
f 2255/1776/2484 2251/1773/2480 2257/1778/2486
f 2252/1772/2481 2253/1775/2482 2258/1780/2487
f 2253/1775/2482 2250/1770/2479 2259/1779/2488
f 2256/1774/2485 2248/1769/2477 2260/1777/2489
f 2259/1779/2488 2250/1770/2479 2255/1776/2484
f 2248/1769/2477 2252/1772/2481 2260/1777/2489
f 2258/1780/2487 2253/1775/2482 2259/1779/2488
f 2257/1778/2486 2261/1782/2490 2255/1776/2484
f 2262/1783/2491 2252/1772/2481 2258/1780/2487
f 2260/1777/2489 2252/1772/2481 2263/1781/2492
f 2258/1780/2487 2259/1779/2488 2264/1785/2493
f 2255/1776/2484 2261/1782/2490 2265/1784/2494
f 2263/1781/2492 2252/1772/2481 2262/1783/2491
f 2262/1783/2491 2258/1780/2487 2266/1788/2495
f 2266/1788/2495 2258/1780/2487 2264/1785/2493
f 2259/1779/2488 2255/1776/2484 2267/1787/2496
f 2267/1787/2496 2255/1776/2484 2265/1784/2494
f 2261/1782/2490 2268/1786/2497 2265/1784/2494
f 2266/1788/2495 2264/1785/2493 2269/1793/2498
f 2264/1785/2493 2259/1779/2488 2267/1787/2496
f 2265/1784/2494 2268/1786/2497 2270/1789/2499
f 2269/1793/2498 2264/1785/2493 2271/1790/2500
f 2264/1785/2493 2267/1787/2496 2271/1790/2500
f 2267/1787/2496 2265/1784/2494 2272/1792/2501
f 2272/1792/2501 2265/1784/2494 2270/1789/2499
f 2271/1790/2500 2267/1787/2496 2272/1792/2501
f 2268/1786/2497 2273/1791/2502 2270/1789/2499
f 2269/1793/2498 2271/1790/2500 2274/1798/2503
f 2271/1790/2500 2272/1792/2501 2275/1795/2504
f 2274/1798/2503 2271/1790/2500 2275/1795/2504
f 2270/1789/2499 2273/1791/2502 2276/1794/2505
f 2275/1795/2504 2272/1792/2501 2277/1797/2506
f 2272/1792/2501 2270/1789/2499 2277/1797/2506
f 2277/1797/2506 2270/1789/2499 2276/1794/2505
f 2274/1798/2503 2275/1795/2504 2278/1803/2507
f 2273/1791/2502 2279/1796/2508 2276/1794/2505
f 2275/1795/2504 2277/1797/2506 2280/1800/2509
f 2278/1803/2507 2275/1795/2504 2280/1800/2509
f 2276/1794/2505 2279/1796/2508 2281/1799/2510
f 2280/1800/2509 2277/1797/2506 2282/1802/2511
f 2277/1797/2506 2276/1794/2505 2282/1802/2511
f 2282/1802/2511 2276/1794/2505 2281/1799/2510
f 2278/1803/2507 2280/1800/2509 2283/1807/2512
f 2279/1796/2508 2284/1801/2513 2281/1799/2510
f 2282/1802/2511 2285/1805/2514 2280/1800/2509
f 2282/1802/2511 2281/1799/2510 2285/1805/2514
f 2283/1807/2512 2280/1800/2509 2286/1808/2515
f 2280/1800/2509 2285/1805/2514 2286/1808/2515
f 2281/1799/2510 2284/1801/2513 2287/1804/2516
f 2285/1805/2514 2281/1799/2510 2287/1804/2516
f 2283/1807/2512 2286/1808/2515 2288/1810/2517
f 2284/1801/2513 2289/1806/2518 2287/1804/2516
f 2285/1805/2514 2290/1812/2519 2286/1808/2515
f 2288/1810/2517 2286/1808/2515 2291/1813/2520
f 2286/1808/2515 2290/1812/2519 2291/1813/2520
f 2287/1804/2516 2289/1806/2518 2292/1809/2521
f 2287/1804/2516 2292/1809/2521 2285/1805/2514
f 2285/1805/2514 2292/1809/2521 2290/1812/2519
f 2288/1810/2517 2291/1813/2520 2293/1815/2522
f 2289/1806/2518 2294/1811/2523 2292/1809/2521
f 2290/1812/2519 2295/1816/2524 2291/1813/2520
f 2290/1812/2519 2292/1809/2521 2295/1816/2524
f 2293/1815/2522 2291/1813/2520 2296/1818/2525
f 2291/1813/2520 2295/1816/2524 2296/1818/2525
f 2292/1809/2521 2294/1811/2523 2297/1814/2526
f 2295/1816/2524 2292/1809/2521 2297/1814/2526
f 2293/1815/2522 2296/1818/2525 2298/1820/2527
f 2294/1811/2523 2299/1817/2528 2297/1814/2526
f 2295/1816/2524 2300/1819/2529 2296/1818/2525
f 2295/1816/2524 2297/1814/2526 2300/1819/2529
f 2298/1820/2527 2296/1818/2525 2301/1820/2530
f 2296/1818/2525 2300/1819/2529 2301/1820/2530
f 2297/1814/2526 2299/1817/2528 2302/1819/2531
f 2300/1819/2529 2297/1814/2526 2302/1819/2531
f 2301/1820/2530 2303/1823/2532 2298/1820/2527
f 2302/1819/2531 2299/1817/2528 2304/1821/2533
f 2300/1819/2529 2305/1821/2534 2301/1820/2530
f 2301/1820/2530 2305/1821/2534 2303/1823/2532
f 2304/1821/2533 2305/1821/2534 2302/1819/2531
f 2302/1819/2531 2305/1821/2534 2300/1819/2529
f 2298/1820/2527 2303/1823/2532 2306/1824/2535
f 2304/1821/2533 2299/1817/2528 2307/1822/2536
f 2304/1821/2533 2308/1822/2537 2305/1821/2534
f 2305/1821/2534 2308/1822/2537 2303/1823/2532
f 2308/1822/2537 2307/1822/2536 2306/1824/2535
f 2307/1822/2536 2308/1822/2537 2304/1821/2533
f 2303/1823/2532 2308/1822/2537 2306/1824/2535
f 2306/1824/2535 2307/1822/2536 2309/1825/2538
f 2310/1826/2539 2311/1828/2540 2312/1827/2541
f 2313/1829/2542 2310/1826/2539 2312/1827/2541
f 2312/1827/2541 2311/1828/2540 2314/1830/2543
f 2315/1831/2544 2310/1826/2539 2313/1829/2542
f 2314/1830/2543 2316/1833/2545 2312/1827/2541
f 2311/1828/2540 2317/1832/2546 2314/1830/2543
f 2315/1831/2544 2313/1829/2542 2318/1834/2547
f 2312/1827/2541 2316/1833/2545 2319/1836/2548
f 2312/1827/2541 2319/1836/2548 2313/1829/2542
f 2314/1830/2543 2317/1832/2546 2320/1835/2549
f 2318/1834/2547 2313/1829/2542 2321/1837/2550
f 2314/1830/2543 2322/1839/2551 2316/1833/2545
f 2313/1829/2542 2319/1836/2548 2323/1841/2552
f 2320/1835/2549 2322/1839/2551 2314/1830/2543
f 2318/1834/2547 2321/1837/2550 2324/1840/2553
f 2321/1837/2550 2313/1829/2542 2325/1870/2554
f 2325/1870/2554 2313/1829/2542 2323/1841/2552
f 2317/1832/2546 2326/1838/2555 2320/1835/2549
f 2320/1835/2549 2327/1847/2556 2322/1839/2551
f 2324/1840/2553 2321/1837/2550 2328/1842/2557
f 2325/1870/2554 2323/1841/2552 2329/1866/2558
f 2320/1835/2549 2326/1838/2555 2330/1844/2559
f 2330/1844/2559 2327/1847/2556 2320/1835/2549
f 2328/1842/2557 2321/1837/2550 2331/1876/2560
f 2331/1876/2560 2321/1837/2550 2325/1870/2554
f 2332/1896/2561 2325/1870/2554 2329/1866/2558
f 2326/1838/2555 2333/1904/2562 2330/1844/2559
f 2324/1840/2553 2328/1842/2557 2334/1845/2563
f 2331/1876/2560 2325/1870/2554 2332/1896/2561
f 2329/1866/2558 2323/1841/2552 2335/1849/2564
f 2330/1844/2559 2333/1904/2562 2336/1907/2565
f 2337/1851/2566 2328/1842/2557 2331/1876/2560
f 2332/1896/2561 2329/1866/2558 2338/1893/2567
f 2336/1907/2565 2339/1910/2568 2330/1844/2559
f 2340/1848/2569 2328/1842/2557 2337/1851/2566
f 2334/1845/2563 2328/1842/2557 2340/1848/2569
f 2338/1893/2567 2329/1866/2558 2341/1861/2570
f 2329/1866/2558 2335/1849/2564 2341/1861/2570
f 2330/1844/2559 2339/1910/2568 2327/1847/2556
f 2334/1845/2563 2340/1848/2569 2342/1860/2571
f 2343/1903/2572 2332/1896/2561 2338/1893/2567
f 2341/1861/2570 2335/1849/2564 2344/1858/2573
f 2339/1910/2568 2345/1856/2574 2327/1847/2556
f 2346/1882/2575 2332/1896/2561 2343/1903/2572
f 2338/1893/2567 2341/1861/2570 2347/1888/2576
f 2339/1910/2568 2348/1916/2577 2345/1856/2574
f 2346/1882/2575 2331/1876/2560 2332/1896/2561
f 2343/1903/2572 2338/1893/2567 2349/1966/2578
f 2349/1966/2578 2338/1893/2567 2347/1888/2576
f 2339/1910/2568 2350/1901/2579 2348/1916/2577
f 2337/1851/2566 2331/1876/2560 2346/1882/2575
f 2351/1918/2580 2343/1903/2572 2349/1966/2578
f 2336/1907/2565 2350/1901/2579 2339/1910/2568
f 2352/1885/2581 2337/1851/2566 2346/1882/2575
f 2353/1906/2582 2343/1903/2572 2351/1918/2580
f 2333/1904/2562 2350/1901/2579 2336/1907/2565
f 2352/1885/2581 2346/1882/2575 2353/1906/2582
f 2354/1854/2583 2337/1851/2566 2352/1885/2581
f 2353/1906/2582 2346/1882/2575 2343/1903/2572
f 2355/1900/2584 2350/1901/2579 2333/1904/2562
f 2354/1854/2583 2340/1848/2569 2337/1851/2566
f 2356/1909/2585 2352/1885/2581 2353/1906/2582
f 2355/1900/2584 2357/1898/2586 2350/1901/2579
f 2358/1857/2587 2340/1848/2569 2354/1854/2583
f 2359/1890/2588 2352/1885/2581 2356/1909/2585
f 2360/1897/2589 2357/1898/2586 2355/1900/2584
f 2342/1860/2571 2340/1848/2569 2358/1857/2587
f 2359/1890/2588 2354/1854/2583 2352/1885/2581
f 2360/1897/2589 2361/1895/2590 2357/1898/2586
f 2342/1860/2571 2358/1857/2587 2362/1863/2591
f 2363/1892/2592 2354/1854/2583 2359/1890/2588
f 2364/1894/2593 2361/1895/2590 2360/1897/2589
f 2350/1901/2579 2357/1898/2586 2348/1916/2577
f 2363/1892/2592 2358/1857/2587 2354/1854/2583
f 2364/1894/2593 2365/1891/2594 2361/1895/2590
f 2363/1892/2592 2359/1890/2588 2366/1899/2595
f 2348/1916/2577 2357/1898/2586 2367/1921/2596
f 2368/1889/2597 2365/1891/2594 2364/1894/2593
f 2357/1898/2586 2361/1895/2590 2367/1921/2596
f 2366/1899/2595 2359/1890/2588 2369/1905/2598
f 2368/1889/2597 2370/1884/2599 2365/1891/2594
f 2348/1916/2577 2367/1921/2596 2371/1917/2600
f 2372/1867/2601 2363/1892/2592 2366/1899/2595
f 2373/1887/2602 2370/1884/2599 2368/1889/2597
f 2345/1856/2574 2348/1916/2577 2371/1917/2600
f 2372/1867/2601 2366/1899/2595 2374/1872/2603
f 2373/1887/2602 2375/1880/2604 2370/1884/2599
f 2345/1856/2574 2371/1917/2600 2376/1939/2605
f 2374/1872/2603 2377/1869/2606 2372/1867/2601
f 2374/1872/2603 2366/1899/2595 2378/1902/2607
f 2370/1884/2599 2375/1880/2604 2379/1879/2608
f 2345/1856/2574 2376/1939/2605 2380/1853/2609
f 2381/1873/2610 2377/1869/2606 2374/1872/2603
f 2379/1879/2608 2382/1915/2611 2370/1884/2599
f 2327/1847/2556 2345/1856/2574 2380/1853/2609
f 2383/1875/2612 2381/1873/2610 2374/1872/2603
f 2374/1872/2603 2378/1902/2607 2383/1875/2612
f 2370/1884/2599 2382/1915/2611 2384/1919/2613
f 2327/1847/2556 2380/1853/2609 2322/1839/2551
f 2385/1877/2614 2381/1873/2610 2383/1875/2612
f 2375/1880/2604 2385/1877/2614 2379/1879/2608
f 2386/1924/2615 2370/1884/2599 2384/1919/2613
f 2322/1839/2551 2380/1853/2609 2387/1850/2616
f 2379/1879/2608 2385/1877/2614 2383/1875/2612
f 2365/1891/2594 2370/1884/2599 2386/1924/2615
f 2322/1839/2551 2387/1850/2616 2316/1833/2545
f 2383/1875/2612 2388/1881/2617 2379/1879/2608
f 2379/1879/2608 2388/1881/2617 2382/1915/2611
f 2389/1926/2618 2365/1891/2594 2386/1924/2615
f 2316/1833/2545 2387/1850/2616 2390/1843/2619
f 2383/1875/2612 2378/1902/2607 2388/1881/2617
f 2361/1895/2590 2365/1891/2594 2389/1926/2618
f 2316/1833/2545 2390/1843/2619 2319/1836/2548
f 2387/1850/2616 2391/1862/2620 2390/1843/2619
f 2388/1881/2617 2392/1912/2621 2382/1915/2611
f 2367/1921/2596 2361/1895/2590 2389/1926/2618
f 2387/1850/2616 2393/1859/2622 2391/1862/2620
f 2378/1902/2607 2394/1908/2623 2388/1881/2617
f 2388/1881/2617 2394/1908/2623 2392/1912/2621
f 2367/1921/2596 2389/1926/2618 2395/1932/2624
f 2380/1853/2609 2393/1859/2622 2387/1850/2616
f 2378/1902/2607 2369/1905/2598 2394/1908/2623
f 2371/1917/2600 2367/1921/2596 2395/1932/2624
f 2380/1853/2609 2376/1939/2605 2393/1859/2622
f 2366/1899/2595 2369/1905/2598 2378/1902/2607
f 2376/1939/2605 2371/1917/2600 2396/1937/2625
f 2371/1917/2600 2395/1932/2624 2396/1937/2625
f 2394/1908/2623 2397/1913/2626 2392/1912/2621
f 2369/1905/2598 2398/1911/2627 2394/1908/2623
f 2376/1939/2605 2399/1946/2628 2393/1859/2622
f 2376/1939/2605 2396/1937/2625 2399/1946/2628
f 2394/1908/2623 2398/1911/2627 2397/1913/2626
f 2392/1912/2621 2397/1913/2626 2400/1931/2629
f 2393/1859/2622 2399/1946/2628 2401/1949/2630
f 2396/1937/2625 2395/1932/2624 2402/1947/2631
f 2392/1912/2621 2400/1931/2629 2403/1922/2632
f 2393/1859/2622 2401/1949/2630 2391/1862/2620
f 2399/1946/2628 2396/1937/2625 2404/1952/2633
f 2396/1937/2625 2402/1947/2631 2404/1952/2633
f 2403/1922/2632 2400/1931/2629 2405/1934/2634
f 2391/1862/2620 2401/1949/2630 2406/1868/2635
f 2399/1946/2628 2407/1954/2636 2401/1949/2630
f 2399/1946/2628 2404/1952/2633 2407/1954/2636
f 2382/1915/2611 2392/1912/2621 2403/1922/2632
f 2391/1862/2620 2406/1868/2635 2408/1852/2637
f 2401/1949/2630 2409/1957/2638 2406/1868/2635
f 2401/1949/2630 2407/1954/2636 2409/1957/2638
f 2382/1915/2611 2403/1922/2632 2384/1919/2613
f 2390/1843/2619 2391/1862/2620 2408/1852/2637
f 2408/1852/2637 2406/1868/2635 2410/1871/2639
f 2406/1868/2635 2409/1957/2638 2411/1958/2640
f 2384/1919/2613 2403/1922/2632 2412/1929/2641
f 2390/1843/2619 2408/1852/2637 2413/1846/2642
f 2406/1868/2635 2411/1958/2640 2410/1871/2639
f 2414/1927/2643 2384/1919/2613 2412/1929/2641
f 2319/1836/2548 2390/1843/2619 2413/1846/2642
f 2413/1846/2642 2408/1852/2637 2415/1855/2644
f 2408/1852/2637 2410/1871/2639 2415/1855/2644
f 2386/1924/2615 2384/1919/2613 2414/1927/2643
f 2319/1836/2548 2413/1846/2642 2323/1841/2552
f 2414/1927/2643 2412/1929/2641 2416/1933/2645
f 2413/1846/2642 2415/1855/2644 2335/1849/2564
f 2417/1930/2646 2386/1924/2615 2414/1927/2643
f 2323/1841/2552 2413/1846/2642 2335/1849/2564
f 2416/1933/2645 2412/1929/2641 2418/1936/2647
f 2389/1926/2618 2386/1924/2615 2417/1930/2646
f 2417/1930/2646 2414/1927/2643 2419/1935/2648
f 2335/1849/2564 2415/1855/2644 2344/1858/2573
f 2419/1935/2648 2414/1927/2643 2416/1933/2645
f 2395/1932/2624 2389/1926/2618 2417/1930/2646
f 2412/1929/2641 2405/1934/2634 2418/1936/2647
f 2402/1947/2631 2417/1930/2646 2419/1935/2648
f 2419/1935/2648 2416/1933/2645 2420/1942/2649
f 2395/1932/2624 2417/1930/2646 2402/1947/2631
f 2403/1922/2632 2405/1934/2634 2412/1929/2641
f 2402/1947/2631 2419/1935/2648 2421/1944/2650
f 2421/1944/2650 2419/1935/2648 2420/1942/2649
f 2420/1942/2649 2416/1933/2645 2422/1940/2651
f 2416/1933/2645 2418/1936/2647 2422/1940/2651
f 2405/1934/2634 2423/1938/2652 2418/1936/2647
f 2404/1952/2633 2402/1947/2631 2421/1944/2650
f 2421/1944/2650 2420/1942/2649 2424/1951/2653
f 2422/1940/2651 2418/1936/2647 2425/1943/2654
f 2418/1936/2647 2423/1938/2652 2425/1943/2654
f 2404/1952/2633 2421/1944/2650 2426/1956/2655
f 2424/1951/2653 2420/1942/2649 2427/1950/2656
f 2420/1942/2649 2422/1940/2651 2427/1950/2656
f 2405/1934/2634 2428/1941/2657 2423/1938/2652
f 2426/1956/2655 2421/1944/2650 2424/1951/2653
f 2407/1954/2636 2404/1952/2633 2426/1956/2655
f 2427/1950/2656 2422/1940/2651 2429/1948/2658
f 2422/1940/2651 2425/1943/2654 2429/1948/2658
f 2423/1938/2652 2430/1945/2659 2425/1943/2654
f 2407/1954/2636 2426/1956/2655 2431/1953/2660
f 2424/1951/2653 2427/1950/2656 2431/1953/2660
f 2427/1950/2656 2429/1948/2658 2431/1953/2660
f 2428/1941/2657 2432/1959/2661 2423/1938/2652
f 2423/1938/2652 2432/1959/2661 2430/1945/2659
f 2426/1956/2655 2424/1951/2653 2431/1953/2660
f 2409/1957/2638 2407/1954/2636 2431/1953/2660
f 2400/1931/2629 2428/1941/2657 2405/1934/2634
f 2430/1945/2659 2432/1959/2661 2431/1953/2660
f 2429/1948/2658 2425/1943/2654 2433/1955/2662
f 2400/1931/2629 2434/1928/2663 2428/1941/2657
f 2425/1943/2654 2430/1945/2659 2433/1955/2662
f 2428/1941/2657 2435/1962/2664 2432/1959/2661
f 2429/1948/2658 2433/1955/2662 2431/1953/2660
f 2434/1928/2663 2435/1962/2664 2428/1941/2657
f 2397/1913/2626 2434/1928/2663 2400/1931/2629
f 2432/1959/2661 2435/1962/2664 2431/1953/2660
f 2433/1955/2662 2430/1945/2659 2431/1953/2660
f 2411/1958/2640 2409/1957/2638 2431/1953/2660
f 2397/1913/2626 2436/1923/2665 2434/1928/2663
f 2434/1928/2663 2437/1925/2666 2435/1962/2664
f 2435/1962/2664 2437/1925/2666 2431/1953/2660
f 2436/1923/2665 2437/1925/2666 2434/1928/2663
f 2438/1960/2667 2411/1958/2640 2431/1953/2660
f 2398/1911/2627 2436/1923/2665 2397/1913/2626
f 2436/1923/2665 2439/1920/2668 2437/1925/2666
f 2437/1925/2666 2439/1920/2668 2431/1953/2660
f 2410/1871/2639 2411/1958/2640 2438/1960/2667
f 2398/1911/2627 2440/1914/2669 2436/1923/2665
f 2440/1914/2669 2439/1920/2668 2436/1923/2665
f 2441/1961/2670 2438/1960/2667 2431/1953/2660
f 2410/1871/2639 2438/1960/2667 2442/1874/2671
f 2356/1909/2585 2440/1914/2669 2398/1911/2627
f 2440/1914/2669 2351/1918/2580 2439/1920/2668
f 2442/1874/2671 2438/1960/2667 2441/1961/2670
f 2415/1855/2644 2410/1871/2639 2442/1874/2671
f 2369/1905/2598 2356/1909/2585 2398/1911/2627
f 2439/1920/2668 2351/1918/2580 2443/1964/2672
f 2439/1920/2668 2443/1964/2672 2431/1953/2660
f 2415/1855/2644 2442/1874/2671 2344/1858/2573
f 2359/1890/2588 2356/1909/2585 2369/1905/2598
f 2440/1914/2669 2353/1906/2582 2351/1918/2580
f 2443/1964/2672 2444/1965/2673 2431/1953/2660
f 2344/1858/2573 2442/1874/2671 2445/1878/2674
f 2356/1909/2585 2353/1906/2582 2440/1914/2669
f 2351/1918/2580 2349/1966/2578 2443/1964/2672
f 2443/1964/2672 2349/1966/2578 2444/1965/2673
f 2442/1874/2671 2441/1961/2670 2445/1878/2674
f 2446/1864/2675 2344/1858/2573 2445/1878/2674
f 2444/1965/2673 2447/1886/2676 2431/1953/2660
f 2349/1966/2578 2347/1888/2576 2444/1965/2673
f 2445/1878/2674 2441/1961/2670 2448/1963/2677
f 2347/1888/2576 2446/1864/2675 2447/1886/2676
f 2448/1963/2677 2441/1961/2670 2431/1953/2660
f 2341/1861/2570 2344/1858/2573 2446/1864/2675
f 2444/1965/2673 2347/1888/2576 2447/1886/2676
f 2449/1883/2678 2445/1878/2674 2448/1963/2677
f 2347/1888/2576 2341/1861/2570 2446/1864/2675
f 2447/1886/2676 2449/1883/2678 2431/1953/2660
f 2446/1864/2675 2445/1878/2674 2449/1883/2678
f 2449/1883/2678 2448/1963/2677 2431/1953/2660
f 2447/1886/2676 2446/1864/2675 2449/1883/2678
f 2377/1869/2606 2362/1863/2591 2372/1867/2601
f 2372/1867/2601 2362/1863/2591 2450/1865/2679
f 2450/1865/2679 2363/1892/2592 2372/1867/2601
f 2362/1863/2591 2358/1857/2587 2450/1865/2679
f 2450/1865/2679 2358/1857/2587 2363/1892/2592
f 1486/1127/1627 1498/1139/1639 1476/1117/1617
f 1476/1117/1617 1498/1139/1639 1473/1114/1614
