# Blender 4.4.3
# www.blender.org
mtllib heart.mtl
o BASE_HEART
v -2.533393 -1.213776 2.256484
v -1.630519 -1.252434 1.815321
v -0.546076 -1.277036 1.508996
v 0.531054 -1.277036 1.508996
v 1.615788 -1.252434 1.815321
v 2.519258 -1.213775 2.256484
v -2.575405 -0.801427 1.915755
v -1.445485 -0.772036 1.203633
v -0.450183 -0.783356 0.812856
v 0.434940 -0.783357 0.812856
v 1.430385 -0.772036 1.203633
v 2.560940 -0.801427 1.915755
v -2.570920 -0.249332 1.653059
v -1.340823 -0.249100 0.829823
v -0.379256 -0.258508 0.341267
v 0.363963 -0.258508 0.341267
v 1.325622 -0.249100 0.829823
v 2.556269 -0.249333 1.653059
v -2.570920 0.338665 1.637119
v -1.340823 0.293832 0.815104
v -0.379256 0.276757 0.326757
v 0.363962 0.276757 0.326757
v 1.325621 0.293832 0.815104
v 2.556269 0.338666 1.637119
v -2.575406 0.904180 1.869517
v -1.445485 0.836252 1.160033
v -0.450183 0.826385 0.769217
v 0.434938 0.826384 0.769217
v 1.430384 0.836252 1.160034
v 2.560939 0.904181 1.869517
v -2.533393 1.334383 2.187405
v -1.630519 1.349084 1.744795
v -0.546076 1.357055 1.437588
v 0.531053 1.357054 1.437588
v 1.615788 1.349085 1.744795
v 2.519258 1.334383 2.187404
v -2.499026 -2.092174 9.054723
v -1.560722 -2.182713 8.542793
v -0.498085 -2.200732 8.014552
v 0.514962 -2.200732 8.014551
v 1.584709 -2.182713 8.542791
v 2.529142 -2.092174 9.054722
v -2.453229 -1.468738 9.842031
v -1.229195 -1.486625 9.303112
v -0.324235 -1.514591 8.636065
v 0.351064 -1.514591 8.636064
v 1.265613 -1.486625 9.303111
v 2.495126 -1.468737 9.842030
v -2.352359 -0.364412 10.469276
v -0.978801 -0.385199 9.855054
v -0.169352 -0.414924 9.058414
v 0.204574 -0.414924 9.058416
v 1.025683 -0.385199 9.855054
v 2.404638 -0.364413 10.469276
v -2.352359 0.931227 10.434153
v -0.978802 0.918705 9.819706
v -0.169353 0.905226 9.022627
v 0.204573 0.905226 9.022625
v 1.025682 0.918706 9.819705
v 2.404638 0.931227 10.434153
v -2.453229 1.999947 9.747995
v -1.229196 1.988610 9.208899
v -0.324236 1.980396 8.541314
v 0.351063 1.980394 8.541315
v 1.265613 1.988610 9.208899
v 2.495126 1.999947 9.747994
v -2.499027 2.579813 8.928067
v -1.560722 2.642484 8.411983
v -0.498084 2.631855 7.883541
v 0.514962 2.631854 7.883540
v 1.584708 2.642482 8.411983
v 2.529142 2.579812 8.928066
v -3.367992 -1.590187 3.338100
v -2.262141 -1.757959 2.901851
v -0.797794 -1.813684 2.528852
v 0.783735 -1.813684 2.528852
v 2.248992 -1.757959 2.901851
v 3.356087 -1.590186 3.338100
v 3.851121 -1.092380 3.250831
v 4.082516 -0.343959 3.088471
v 4.082516 0.510921 3.065296
v 3.851119 1.267040 3.186868
v 3.356086 1.768843 3.247038
v 2.248992 1.912734 2.802341
v 0.783734 1.948169 2.426870
v -0.797794 1.948170 2.426870
v -2.262142 1.912734 2.802341
v -3.367992 1.768843 3.247038
v -3.862888 1.267038 3.186868
v -4.094380 0.510921 3.065296
v -4.094380 -0.343958 3.088471
v -3.862888 -1.092379 3.250831
v -4.175159 -2.085404 5.104521
v -2.893061 -2.324306 4.544132
v -1.059528 -2.412031 4.074956
v 1.048885 -2.412030 4.074957
v 2.884813 -2.324305 4.544132
v 4.169903 -2.085403 5.104521
v 5.027202 -1.515171 5.419171
v 5.595147 -0.488258 5.612787
v 5.595147 0.791772 5.578086
v 5.027200 1.806688 5.329116
v 4.169902 2.359035 4.984035
v 2.884813 2.567226 4.411525
v 1.048885 2.629401 3.938286
v -1.059529 2.629401 3.938286
v -2.893063 2.567224 4.411525
v -4.175159 2.359035 4.984034
v -5.030177 1.806688 5.329116
v -5.596434 0.791772 5.578086
v -5.596434 -0.488257 5.612787
v -5.030176 -1.515172 5.419170
v -4.230072 -2.411080 7.031459
v -2.930223 -2.674912 6.375684
v -1.070958 -2.754923 5.843759
v 1.068120 -2.754923 5.843758
v 2.931898 -2.674912 6.375684
v 4.237182 -2.411080 7.031459
v 5.115616 -1.793828 7.857474
v 5.699573 -0.564076 8.542361
v 5.699574 1.026199 8.499249
v 5.115615 2.217040 7.748741
v 4.237182 2.788631 6.890499
v 2.931898 3.016549 6.221391
v 1.068120 3.067623 5.685910
v -1.070959 3.067622 5.685910
v -2.930225 3.016549 6.221391
v -4.230073 2.788631 6.890498
v -5.101058 2.217041 7.748742
v -5.678360 1.026200 8.499249
v -5.678360 -0.564075 8.542361
v -5.101058 -1.793828 7.857474
v -3.432960 -2.363652 8.437462
v -2.294521 -2.585089 7.743588
v -0.798611 -2.625953 7.204293
v 0.806096 -2.625953 7.204293
v 2.308139 -2.585089 7.743588
v 3.454120 -2.363651 8.437462
v 3.947205 -1.707473 9.431708
v 4.159185 -0.482962 10.230443
v 4.159184 1.036664 10.189246
v 3.947205 2.216101 9.325341
v 3.454120 2.817448 8.297005
v 2.308138 3.000968 7.592153
v 0.806095 3.012555 7.051435
v -0.798612 3.012555 7.051435
v -2.294522 3.000970 7.592153
v -3.432960 2.817450 8.297006
v -3.914121 2.216102 9.325341
v -4.115643 1.036665 10.189248
v -4.115642 -0.482961 10.230445
v -3.914120 -1.707473 9.431707
v -2.026682 -1.005817 1.732456
v -0.984724 -1.025195 1.265479
v -0.007597 -1.032954 1.088862
v 0.969613 -1.025195 1.265479
v 2.011918 -1.005816 1.732456
v -1.954707 -0.509632 1.320708
v -0.871764 -0.521224 0.714272
v -0.007643 -0.525045 0.475207
v 0.856518 -0.521225 0.714272
v 1.939720 -0.509633 1.320708
v -1.909443 0.031081 1.143969
v -0.806555 0.012846 0.471304
v -0.007652 0.005514 0.200820
v 0.791277 0.012846 0.471304
v 1.894387 0.031082 1.143969
v -1.954708 0.580576 1.291153
v -0.871765 0.559297 0.684980
v -0.007644 0.550160 0.446059
v 0.856516 0.559296 0.684980
v 1.939719 0.580577 1.291154
v -2.026682 1.098339 1.675414
v -0.984724 1.092389 1.208073
v -0.007597 1.090569 1.031294
v 0.969612 1.092389 1.208073
v 2.011918 1.098339 1.675414
v -1.908117 -1.850521 9.244555
v -0.858359 -1.896879 8.591167
v 0.010253 -1.902562 8.252936
v 0.883781 -1.896879 8.591166
v 1.942040 -1.850521 9.244553
v -1.692655 -0.951612 9.997190
v -0.603360 -1.002601 9.217249
v 0.014947 -1.016055 8.773705
v 0.640003 -1.002601 9.217248
v 1.739333 -0.951612 9.997189
v -1.571836 0.279328 10.301265
v -0.459661 0.256753 9.468501
v 0.017227 0.243395 8.975747
v 0.501716 0.256753 9.468501
v 1.624439 0.279329 10.301265
v -1.692656 1.491987 9.930944
v -0.603361 1.500645 9.149384
v 0.014946 1.490049 8.705764
v 0.640002 1.500645 9.149384
v 1.739333 1.491988 9.930943
v -1.908118 2.348800 9.130713
v -0.858359 2.359690 8.475771
v 0.010253 2.347038 8.137730
v 0.883780 2.359688 8.475771
v 1.942039 2.348799 9.130712
v -2.465804 -1.457557 2.519591
v -1.293090 -1.519296 2.089877
v -0.007390 -1.538607 1.917292
v 1.278565 -1.519297 2.089878
v 2.452026 -1.457557 2.519591
v -3.292717 -1.973277 3.947878
v -1.827839 -2.093940 3.416607
v -0.006514 -2.130145 3.184689
v 1.815643 -2.093939 3.416607
v 3.282512 -1.973277 3.947878
v -3.727288 -2.445808 5.786203
v -2.120415 -2.606144 5.186930
v -0.003881 -2.645586 4.898366
v 2.114626 -2.606143 5.186930
v 3.725522 -2.445807 5.786204
v -3.358218 -2.590272 7.457833
v -1.858421 -2.724627 6.831198
v 0.000725 -2.746686 6.515873
v 1.863078 -2.724627 6.831199
v 3.368978 -2.590272 7.457832
v -2.473354 -2.362327 8.494448
v -1.273822 -2.437901 7.879075
v 0.005624 -2.443286 7.579105
v 1.288900 -2.437901 7.879075
v 2.495821 -2.362326 8.494448
v 3.092386 -1.177705 2.624423
v 3.248414 -0.613988 2.349646
v 3.293354 0.060156 2.216474
v 3.248413 0.740525 2.312926
v 3.092385 1.318301 2.556757
v 4.214711 -1.619407 4.247625
v 4.757596 -0.897096 4.238592
v 4.981286 0.114308 4.214025
v 4.757596 1.125558 4.183759
v 4.214710 1.847298 4.153645
v 4.815963 -2.047951 6.391330
v 5.616903 -1.183801 6.947735
v 5.967152 0.194937 7.188266
v 5.616902 1.558620 6.873389
v 4.815963 2.391355 6.270983
v 4.328305 -2.179234 8.285626
v 4.883664 -1.238742 9.254119
v 5.110433 0.262564 9.682822
v 4.883663 1.738438 9.173408
v 4.328305 2.625075 8.155384
v 3.139606 -1.971320 9.299149
v 3.241975 -1.046018 10.206162
v 3.256167 0.287043 10.585820
v 3.241974 1.597577 10.134495
v 3.139606 2.472378 9.178680
v 2.452025 1.592062 2.436916
v 1.278564 1.630431 2.004490
v -0.007390 1.640363 1.831112
v -1.293090 1.630431 2.004490
v -2.465804 1.592062 2.436917
v 3.282511 2.184408 3.835165
v 1.815642 2.276110 3.298137
v -0.006515 2.299697 3.064599
v -1.827840 2.276110 3.298137
v -3.292718 2.184407 3.835165
v 3.725522 2.755842 5.645190
v 2.114626 2.883476 5.038109
v -0.003882 2.907225 4.747832
v -2.120417 2.883474 5.038108
v -3.727289 2.755841 5.645189
v 3.368978 2.990661 7.306536
v 1.863077 3.090870 6.673543
v 0.000724 3.095813 6.357484
v -1.858422 3.090871 6.673542
v -3.358220 2.990662 7.306536
v 2.495821 2.819212 8.353976
v 1.288899 2.861336 7.735414
v 0.005623 2.850461 7.435593
v -1.273822 2.861338 7.735414
v -2.473354 2.819215 8.353977
v -3.105832 1.318300 2.556758
v -3.262138 0.740524 2.312926
v -3.307200 0.060157 2.216474
v -3.262138 -0.613987 2.349646
v -3.105831 -1.177705 2.624424
v -4.223449 1.847297 4.153645
v -4.765789 1.125557 4.183759
v -4.989245 0.114309 4.214025
v -4.765789 -0.897095 4.238592
v -4.223449 -1.619407 4.247625
v -4.813309 2.391356 6.270982
v -5.609601 1.558621 6.873389
v -5.957577 0.194938 7.188266
v -5.609601 -1.183801 6.947735
v -4.813308 -2.047951 6.391331
v -4.309259 2.625076 8.155384
v -4.854077 1.738439 9.173408
v -5.075698 0.262565 9.682822
v -4.854077 -1.238741 9.254119
v -4.309259 -2.179234 8.285626
v -3.107001 2.472379 9.178681
v -3.196560 1.597577 10.134495
v -3.204774 0.287044 10.585820
v -3.196560 -1.046018 10.206163
v -3.107002 -1.971320 9.299150
v -2.557296 -1.042642 2.096201
v -1.991632 -0.765887 1.505886
v -1.500580 -1.014941 1.468627
v -2.149299 -1.231867 2.046535
v -0.929853 -0.779478 0.967695
v -0.486125 -1.031032 1.133584
v -1.089346 -1.267805 1.629314
v -0.007628 -0.784605 0.760238
v 0.470952 -1.031032 1.133584
v -0.007528 -1.280113 1.468230
v 0.914654 -0.779478 0.967695
v 1.485594 -1.014941 1.468627
v 1.074429 -1.267806 1.629314
v 1.976730 -0.765888 1.505885
v 2.542980 -1.042641 2.096200
v 2.134849 -1.231866 2.046535
v -2.576828 -0.533400 1.760667
v -1.921393 -0.242089 1.192681
v -1.388703 -0.515329 0.983108
v -0.823613 -0.255153 0.536956
v -0.411309 -0.524126 0.535941
v -0.007650 -0.259605 0.274525
v 0.396031 -0.524126 0.535941
v 0.808343 -0.255153 0.536956
v 1.373537 -0.515330 0.983108
v 1.906354 -0.242089 1.192681
v 2.562250 -0.533400 1.760667
v -2.568438 0.043741 1.610962
v -1.921393 0.306490 1.177809
v -1.323817 0.021010 0.772452
v -0.823613 0.284009 0.522340
v -0.367911 0.007379 0.269633
v -0.007650 0.274236 0.260053
v 0.352613 0.007379 0.269633
v 0.808342 0.284009 0.522340
v 1.308604 0.021010 0.772453
v 1.906354 0.306490 1.177809
v 2.553763 0.043741 1.610962
v -2.576829 0.628145 1.729178
v -1.991632 0.846488 1.462175
v -1.388703 0.567975 0.953740
v -0.929854 0.830901 0.924038
v -0.411309 0.552533 0.506754
v -0.007629 0.824781 0.716609
v 0.396029 0.552532 0.506754
v 0.914653 0.830900 0.924038
v 1.373536 0.567975 0.953741
v 1.976730 0.846488 1.462175
v 2.562249 0.628146 1.729178
v -2.557296 1.154816 2.036628
v -2.149300 1.341073 1.976784
v -1.500581 1.093157 1.411478
v -1.089346 1.354356 1.558229
v -0.486125 1.091073 1.076055
v -0.007528 1.357919 1.396715
v 0.470951 1.091072 1.076055
v 1.074428 1.354356 1.558229
v 1.485593 1.093157 1.411478
v 2.134848 1.341073 1.976784
v 2.542979 1.154817 2.036628
v -2.095684 -2.145149 8.848176
v -1.361586 -1.880330 8.925097
v -1.802575 -1.455171 9.647877
v -2.487382 -1.860788 9.413759
v -1.021659 -2.197917 8.238738
v -0.402534 -1.901446 8.340362
v -0.735437 -1.506838 8.926604
v 0.007898 -2.201192 7.936660
v 0.424320 -1.901446 8.340360
v 0.012649 -1.516844 8.534319
v 1.041627 -2.197917 8.238737
v 1.391597 -1.880330 8.925097
v 0.766597 -1.506838 8.926602
v 2.123413 -2.145148 8.848174
v 2.522727 -1.860788 9.413757
v 1.843116 -1.455171 9.647874
v -1.090384 -0.981296 9.632270
v -1.603366 -0.362788 10.232412
v -2.399914 -0.960165 10.216729
v -0.238492 -1.012836 8.889088
v -0.497120 -0.403845 9.413369
v 0.270157 -1.012836 8.889088
v 0.016640 -0.418608 8.933284
v 1.132861 -0.981297 9.632268
v 0.537781 -0.403845 9.413371
v 2.447877 -0.960165 10.216729
v 1.654448 -0.362788 10.232413
v -0.939463 0.268979 9.919485
v -1.603367 0.916771 10.197724
v -2.335328 0.285907 10.543909
v -0.144965 0.246879 9.104256
v -0.497120 0.913395 9.377659
v 0.181422 0.246879 9.104257
v 0.016639 0.902126 8.897477
v 0.987871 0.268979 9.919485
v 0.537780 0.913395 9.377659
v 2.389097 0.285907 10.543909
v 1.654447 0.916772 10.197724
v -1.090385 1.501857 9.564950
v -1.802575 1.975881 9.554860
v -2.399914 1.512422 10.149696
v -0.238493 1.493087 8.821152
v -0.735438 1.988395 8.831848
v 0.270155 1.493086 8.821152
v 0.012647 1.977132 8.439599
v 1.132860 1.501857 9.564951
v 0.766595 1.988394 8.831848
v 2.447876 1.512423 10.149696
v 1.843116 1.975881 9.554860
v -1.361587 2.361257 8.810108
v -2.095685 2.621520 8.718952
v -2.487383 2.368219 9.299111
v -0.402534 2.350661 8.225086
v -1.021659 2.641191 8.107550
v 0.424319 2.350660 8.225087
v 0.007898 2.628094 7.805739
v 1.391596 2.361256 8.810108
v 1.041627 2.641189 8.107550
v 2.522726 2.368217 9.299111
v 2.123412 2.621518 8.718951
v -1.904651 -1.495492 2.286857
v -2.883673 -1.703375 3.159253
v -2.891655 -1.367177 2.672265
v -0.655847 -1.533769 1.961043
v -1.557605 -1.792836 2.678357
v 0.641131 -1.533769 1.961044
v -0.007089 -1.820628 2.477849
v 1.890447 -1.495492 2.286857
v 1.543899 -1.792836 2.678358
v 2.878204 -1.367176 2.672265
v 2.871216 -1.703375 3.159253
v -2.620058 -2.046747 3.667211
v -3.600720 -2.233726 4.841651
v -3.829169 -1.841412 4.166883
v -0.945116 -2.121156 3.243936
v -2.036237 -2.381028 4.269960
v 0.932299 -2.121156 3.243936
v -0.005493 -2.422135 4.007645
v 2.608781 -2.046747 3.667211
v 2.026588 -2.381027 4.269960
v 3.819893 -1.841412 4.166883
v 3.594007 -2.233725 4.841651
v -3.004298 -2.546575 5.479063
v -3.647367 -2.573864 6.688301
v -4.318072 -2.286622 6.092652
v -1.105047 -2.636057 4.972719
v -2.061530 -2.730155 6.071620
v 1.097793 -2.636056 4.972719
v -0.001760 -2.762544 5.764363
v 3.000483 -2.546574 5.479063
v 2.060644 -2.730155 6.071620
v 4.318441 -2.286621 6.092652
v 3.651604 -2.573864 6.688300
v -2.668882 -2.680205 7.140887
v -2.935661 -2.512352 8.062271
v -3.907626 -2.431937 7.824541
v -0.956826 -2.741714 6.597429
v -1.572502 -2.616461 7.435608
v 0.959108 -2.741715 6.597429
v 0.003274 -2.628410 7.123664
v 2.676612 -2.680205 7.140887
v 1.582661 -2.616461 7.435607
v 3.921952 -2.431937 7.824541
v 2.952698 -2.512352 8.062271
v -1.894711 -2.417229 8.179473
v -2.908765 -2.230989 8.849274
v -0.636345 -2.442389 7.656503
v 0.648585 -2.442389 7.656502
v 1.913494 -2.417228 8.179473
v 2.935494 -2.230989 8.849273
v 3.189444 -0.915925 2.482882
v 3.661985 -1.382172 3.342745
v 3.282209 -0.285042 2.255156
v 3.991546 -0.741214 3.157387
v 3.282209 0.406944 2.236396
v 4.113348 0.082940 3.056925
v 3.189443 1.049238 2.429608
v 3.991545 0.911328 3.112588
v 2.878203 1.510086 2.594264
v 3.661983 1.561386 3.262946
v 4.512861 -1.303563 4.248129
v 4.637010 -1.853395 5.287006
v 4.924239 -0.416663 4.227639
v 5.362170 -1.054371 5.534656
v 4.924239 0.645237 4.198851
v 5.675231 0.152635 5.627837
v 4.512860 1.531945 4.171260
v 5.362168 1.352821 5.469399
v 3.819892 2.064602 4.060992
v 4.637009 2.137255 5.178822
v 5.244420 -1.691330 6.679677
v 4.714821 -2.166296 7.432126
v 5.877482 -0.542851 7.136674
v 5.460003 -1.253546 8.257847
v 5.877482 0.928847 7.096777
v 5.781924 0.233911 8.625901
v 5.244419 2.050882 6.578226
v 5.460003 1.699244 8.177799
v 4.318440 2.613492 5.959813
v 4.714821 2.565916 7.303837
v 4.634261 -1.792467 8.787148
v 3.763802 -2.103627 8.915256
v 5.052641 -0.539718 9.583840
v 4.077413 -1.158980 9.902436
v 5.052642 1.058304 9.540519
v 4.186718 0.280091 10.329367
v 4.634260 2.266049 8.677123
v 4.077413 1.693918 9.825094
v 3.921952 2.852425 7.681285
v 3.763802 2.583692 8.788184
v 3.211812 -1.574241 9.779460
v 3.253020 -0.413473 10.498322
v 3.253020 0.981790 10.460496
v 3.211811 2.101906 9.679800
v 2.935494 2.707292 8.715399
v 1.890446 1.617333 2.202470
v 2.871215 1.872175 3.062322
v 0.641130 1.637902 1.875061
v 1.543899 1.935451 2.577285
v -0.655847 1.637903 1.875061
v -0.007090 1.952340 2.375567
v -1.904651 1.617332 2.202470
v -1.557606 1.935452 2.577286
v -2.891655 1.510086 2.594264
v -2.883674 1.872175 3.062322
v 2.608781 2.242564 3.550930
v 3.594007 2.492898 4.713515
v 0.932298 2.293931 3.124246
v 2.026588 2.609011 4.134683
v -0.945116 2.293931 3.124246
v -0.005493 2.635844 3.870526
v -2.620059 2.242563 3.550930
v -2.036238 2.609010 4.134683
v -3.829169 2.064601 4.060992
v -3.600721 2.492897 4.713515
v 3.000483 2.839822 5.333039
v 3.651604 2.932585 6.539024
v 1.097794 2.901738 4.822592
v 2.060644 3.055237 5.914781
v -1.105048 2.901738 4.822592
v -0.001761 3.070931 5.606219
v -3.004300 2.839820 5.333039
v -2.061531 3.055236 5.914781
v -4.318072 2.613492 5.959813
v -3.647368 2.932585 6.539024
v 2.676611 3.063292 6.985184
v 2.952697 2.945604 7.914309
v 0.959108 3.095268 6.439189
v 1.582660 3.015609 7.282924
v -0.956827 3.095268 6.439189
v 0.003273 3.010640 6.970790
v -2.668883 3.063293 6.985183
v -1.572503 3.015610 7.282924
v -3.907627 2.852426 7.681285
v -2.935662 2.945605 7.914309
v 1.913493 2.856969 8.036490
v 0.648584 2.853759 7.512926
v -0.636345 2.853760 7.512926
v -1.894711 2.856971 8.036489
v -2.908766 2.707294 8.715400
v -3.203034 1.049236 2.429607
v -3.673712 1.561385 3.262946
v -3.296024 0.406943 2.236396
v -4.003370 0.911326 3.112588
v -3.296024 -0.285042 2.255155
v -4.125226 0.082941 3.056925
v -3.203033 -0.915925 2.482882
v -4.003370 -0.741213 3.157387
v -3.673712 -1.382172 3.342745
v -4.521298 1.531945 4.171259
v -4.641046 2.137255 5.178821
v -4.932257 0.645237 4.198851
v -5.364167 1.352821 5.469399
v -4.932257 -0.416662 4.227639
v -5.676270 0.152636 5.627837
v -4.521298 -1.303563 4.248129
v -5.364167 -1.054371 5.534656
v -4.641046 -1.853396 5.287006
v -5.239401 2.050882 6.578226
v -4.704177 2.565916 7.303837
v -5.868494 0.928848 7.096777
v -5.441622 1.699245 8.177799
v -5.868494 -0.542851 7.136674
v -5.759728 0.233912 8.625900
v -5.239401 -1.691331 6.679676
v -5.441621 -1.253546 8.257848
v -4.704177 -2.166297 7.432126
v -4.609866 2.266050 8.677123
v -3.737051 2.583693 8.788184
v -5.019235 1.058306 9.540519
v -4.038280 1.693919 9.825095
v -5.019234 -0.539717 9.583841
v -4.141647 0.280092 10.329369
v -4.609866 -1.792467 8.787148
v -4.038279 -1.158979 9.902435
v -3.737051 -2.103627 8.915256
v -3.172584 2.101906 9.679800
v -3.203164 0.981790 10.460497
v -3.203163 -0.413472 10.498322
v -3.172584 -1.574241 9.779460
v -2.544389 -1.143016 2.186216
v -2.568102 -0.927233 2.004674
v -2.278240 -0.775551 1.694203
v -1.714430 -0.766645 1.344473
v -1.469368 -0.894821 1.328870
v -1.550504 -1.133708 1.628809
v -1.897584 -1.242450 1.928006
v -2.373026 -1.221617 2.164289
v -1.183645 -0.776269 1.077035
v -0.685052 -0.781796 0.878629
v -0.467219 -0.908177 0.967578
v -0.511033 -1.153468 1.313262
v -0.817426 -1.273189 1.559954
v -1.360742 -1.260887 1.715097
v -0.226188 -0.784293 0.773393
v 0.210935 -0.784293 0.773393
v 0.452004 -0.908178 0.967578
v 0.495922 -1.153468 1.313262
v 0.261341 -1.279344 1.478422
v -0.276388 -1.279344 1.478422
v 0.669826 -0.781796 0.878629
v 1.168487 -0.776269 1.077035
v 1.454314 -0.894821 1.328870
v 1.535621 -1.133708 1.628809
v 1.345906 -1.260887 1.715097
v 0.802447 -1.273189 1.559954
v 1.699409 -0.766646 1.344473
v 2.263517 -0.775551 1.694202
v 2.553706 -0.927233 2.004674
v 2.530169 -1.143016 2.186216
v 2.358746 -1.221616 2.164289
v 1.882983 -1.242450 1.928006
v -2.577802 -0.669857 1.833562
v -2.574022 -0.392933 1.699641
v -2.237030 -0.242838 1.408389
v -1.622995 -0.244904 1.001352
v -1.362081 -0.383006 0.896012
v -1.417550 -0.645272 1.087014
v -1.073862 -0.252496 0.673511
v -0.591577 -0.257137 0.424695
v -0.393438 -0.391636 0.425409
v -0.430885 -0.655019 0.667034
v -0.188149 -0.259331 0.291211
v 0.172852 -0.259331 0.291211
v 0.378151 -0.391636 0.425409
v 0.415621 -0.655020 0.667034
v 0.576293 -0.257137 0.424695
v 1.058619 -0.252496 0.673511
v 1.346894 -0.383006 0.896012
v 1.402413 -0.645273 1.087014
v 1.607857 -0.244904 1.001352
v 2.222148 -0.242838 1.408390
v 2.559402 -0.392933 1.699642
v 2.563275 -0.669857 1.833562
v -2.569058 -0.103475 1.623491
v -2.569059 0.191420 1.615496
v -2.237030 0.318924 1.393160
v -1.622996 0.298935 0.986609
v -1.328069 0.157108 0.781275
v -1.328069 -0.114410 0.788636
v -1.073862 0.288753 0.658838
v -0.591577 0.279907 0.410136
v -0.370747 0.141333 0.282108
v -0.370747 -0.125702 0.289348
v -0.188150 0.274866 0.276729
v 0.172851 0.274866 0.276729
v 0.355450 0.141333 0.282108
v 0.355450 -0.125702 0.289348
v 0.576291 0.279907 0.410136
v 1.058617 0.288754 0.658838
v 1.312858 0.157109 0.781275
v 1.312859 -0.114410 0.788636
v 1.607855 0.298935 0.986609
v 2.222147 0.318925 1.393160
v 2.554390 0.191421 1.615497
v 2.554390 -0.103475 1.623491
v -2.574023 0.484578 1.675853
v -2.577802 0.768350 1.794573
v -2.278241 0.866339 1.649692
v -1.714430 0.838500 1.300958
v -1.417550 0.703357 1.050453
v -1.362081 0.431127 0.873942
v -1.183645 0.833620 1.033391
v -0.685052 0.828390 0.834978
v -0.430885 0.690336 0.630562
v -0.393438 0.414248 0.403562
v -0.226189 0.825182 0.729761
v 0.210933 0.825181 0.729761
v 0.415620 0.690335 0.630562
v 0.378149 0.414248 0.403562
v 0.669824 0.828389 0.834978
v 1.168486 0.833620 1.033392
v 1.402412 0.703356 1.050454
v 1.346893 0.431127 0.873942
v 1.699408 0.838500 1.300959
v 2.263517 0.866340 1.649692
v 2.563275 0.768351 1.794573
v 2.559402 0.484579 1.675853
v -2.568102 1.034619 1.951490
v -2.544389 1.259920 2.121074
v -2.373027 1.337217 2.094920
v -1.897584 1.345219 1.857856
v -1.550504 1.220427 1.564990
v -1.469368 0.965642 1.278433
v -1.360742 1.352094 1.644260
v -0.817426 1.355974 1.488679
v -0.511034 1.223064 1.248836
v -0.467219 0.959405 0.916949
v -0.276388 1.357703 1.406933
v 0.261340 1.357702 1.406933
v 0.495921 1.223063 1.248836
v 0.452002 0.959404 0.916949
v 0.802446 1.355974 1.488679
v 1.345905 1.352095 1.644260
v 1.535620 1.220428 1.564990
v 1.454312 0.965642 1.278434
v 1.882982 1.345220 1.857855
v 2.358745 1.337217 2.094920
v 2.530168 1.259921 2.121074
v 2.553705 1.034620 1.951489
v -2.330087 -2.117576 8.972054
v -1.834322 -2.166881 8.701049
v -1.447126 -2.041239 8.731831
v -1.292733 -1.696590 9.117292
v -1.506085 -1.469360 9.486879
v -2.118384 -1.452237 9.771221
v -2.473203 -1.681543 9.628868
v -2.495609 -2.001739 9.209307
v -1.289602 -2.192580 8.385526
v -0.757588 -2.200156 8.111917
v -0.446102 -2.059847 8.180730
v -0.363279 -1.721153 8.492465
v -0.519327 -1.511775 8.763243
v -0.972186 -1.498786 9.111458
v -0.243845 -2.201077 7.956133
v 0.259911 -2.201077 7.956133
v 0.465403 -2.059847 8.180729
v 0.387584 -1.721153 8.492464
v 0.176220 -1.516281 8.559755
v -0.150540 -1.516281 8.559756
v 0.775818 -2.200156 8.111916
v 1.311541 -2.192580 8.385525
v 1.474037 -2.041239 8.731830
v 1.325939 -1.696590 9.117290
v 1.005992 -1.498786 9.111456
v 0.548072 -1.511775 8.763241
v 1.860281 -2.166881 8.701048
v 2.359263 -2.117576 8.972054
v 2.527949 -2.001738 9.209306
v 2.511795 -1.681542 9.628865
v 2.160046 -1.452237 9.771219
v 1.544813 -1.469360 9.486877
v -1.159602 -1.247039 9.477258
v -1.027974 -0.692862 9.760687
v -1.274299 -0.372977 10.057315
v -1.963540 -0.358608 10.372387
v -2.373647 -0.671428 10.362269
v -2.427620 -1.227107 10.040649
v -0.281299 -1.277385 8.770179
v -0.199836 -0.724249 8.987074
v -0.313384 -0.410318 9.214829
v -0.719333 -0.395481 9.633592
v 0.310631 -1.277385 8.770177
v 0.233514 -0.724248 8.987075
v 0.100011 -0.417687 8.964567
v -0.066246 -0.417687 8.964566
v 1.199168 -1.247039 9.477256
v 1.072947 -0.692862 9.760687
v 0.763201 -0.395481 9.633593
v 0.351034 -0.410318 9.214831
v 2.472692 -1.227107 10.040648
v 2.424065 -0.671429 10.362269
v 2.015638 -0.358608 10.372386
v 1.323614 -0.372977 10.057315
v -0.949297 -0.061773 9.907910
v -0.949298 0.598618 9.890008
v -1.274300 0.917459 10.022331
v -1.963540 0.920181 10.337718
v -2.339586 0.613195 10.511971
v -2.339585 -0.042631 10.529749
v -0.151062 -0.088165 9.097394
v -0.151062 0.581059 9.079251
v -0.313385 0.909101 9.179061
v -0.719334 0.916973 9.598011
v 0.187210 -0.088165 9.097395
v 0.187209 0.581059 9.079251
v 0.100010 0.902901 8.928764
v -0.066247 0.902901 8.928765
v 0.997324 -0.061773 9.907910
v 0.997323 0.598618 9.890008
v 0.763200 0.916974 9.598011
v 0.351034 0.909101 9.179061
v 2.392983 -0.042632 10.529749
v 2.392982 0.613195 10.511971
v 2.015638 0.920182 10.337718
v 1.323613 0.917460 10.022332
v -1.027975 1.220803 9.708807
v -1.159603 1.758811 9.395768
v -1.506086 1.981327 9.393332
v -2.118384 1.979634 9.678183
v -2.427620 1.769432 9.959414
v -2.373648 1.231995 10.310668
v -0.199837 1.210231 8.934629
v -0.281299 1.750804 8.688083
v -0.519328 1.984474 8.668460
v -0.972187 1.990370 9.016867
v 0.233512 1.210231 8.934628
v 0.310629 1.750803 8.688083
v 0.176218 1.977948 8.465026
v -0.150541 1.977949 8.465026
v 1.072946 1.220804 9.708808
v 1.199168 1.758811 9.395768
v 1.005992 1.990369 9.016867
v 0.548070 1.984473 8.668459
v 2.424064 1.231995 10.310667
v 2.472692 1.769432 9.959414
v 2.160045 1.979634 9.678183
v 1.544813 1.981326 9.393332
v -1.292734 2.188200 9.011975
v -1.447126 2.511459 8.608407
v -1.834323 2.635250 8.570864
v -2.330087 2.600700 8.844144
v -2.495609 2.497886 9.087322
v -2.473203 2.200891 9.523615
v -0.363280 2.178874 8.386735
v -0.446102 2.500180 8.057109
v -0.757588 2.636555 7.980794
v -1.289602 2.643816 8.254412
v 0.387583 2.178873 8.386735
v 0.465402 2.500179 8.057108
v 0.259911 2.629034 7.825189
v -0.243845 2.629034 7.825190
v 1.325939 2.188199 9.011975
v 1.474036 2.511457 8.608408
v 1.311540 2.643814 8.254412
v 0.775817 2.636554 7.980793
v 2.511795 2.200891 9.523615
v 2.527949 2.497885 9.087321
v 2.359262 2.600698 8.844143
v 1.860280 2.635248 8.570864
v -1.752007 -1.372432 2.034065
v -2.078134 -1.623404 2.575514
v -2.586395 -1.735215 3.032589
v -3.146648 -1.656883 3.266279
v -3.124800 -1.473049 2.980608
v -2.682927 -1.276698 2.422143
v -0.595384 -1.403283 1.723174
v -0.724354 -1.670050 2.227853
v -1.183152 -1.805004 2.592604
v -1.918240 -1.777160 2.782607
v 0.580485 -1.403284 1.723174
v 0.709909 -1.670050 2.227853
v 0.390298 -1.818892 2.490600
v -0.404447 -1.818892 2.490600
v 1.737491 -1.372432 2.034065
v 2.064374 -1.623404 2.575514
v 1.904789 -1.777160 2.782607
v 1.169242 -1.805005 2.592605
v 2.669036 -1.276697 2.422143
v 3.112002 -1.473048 2.980608
v 3.134503 -1.656883 3.266279
v 2.573590 -1.735215 3.032589
v -2.446355 -1.900947 3.267684
v -2.772533 -2.189740 4.094627
v -3.265011 -2.284577 4.693576
v -3.903124 -2.168440 4.981066
v -4.022681 -1.966550 4.625310
v -3.606861 -1.714466 3.735669
v -0.873056 -1.966230 2.869288
v -1.008948 -2.271933 3.647568
v -1.560567 -2.399400 4.159097
v -2.481936 -2.356227 4.400616
v 0.859524 -1.966230 2.869289
v 0.997079 -2.271932 3.647568
v 0.526823 -2.419608 4.024473
v -0.537724 -2.419609 4.024473
v 2.434019 -1.900947 3.267684
v 2.762604 -2.189740 4.094627
v 2.472954 -2.356226 4.400616
v 1.550353 -2.399399 4.159097
v 3.596116 -1.714466 3.735669
v 4.015221 -1.966549 4.625310
v 3.897163 -2.168439 4.981066
v 3.257528 -2.284576 4.693576
v -2.970927 -2.444823 5.009920
v -2.991341 -2.624844 5.938628
v -3.307157 -2.631103 6.530483
v -3.953968 -2.501191 6.853755
v -4.304051 -2.360554 6.574892
v -4.274365 -2.193500 5.598082
v -1.091832 -2.534918 4.520876
v -1.098359 -2.710905 5.417882
v -1.579137 -2.745396 5.943002
v -2.513453 -2.707295 6.219289
v 1.082739 -2.534918 4.520876
v 1.093202 -2.710904 5.417882
v 0.538327 -2.760639 5.784212
v -0.541677 -2.760639 5.784212
v 2.964736 -2.444822 5.009920
v 2.990167 -2.624843 5.938628
v 2.513819 -2.707295 6.219289
v 1.577151 -2.745396 5.943002
v 4.271745 -2.193499 5.598081
v 4.307688 -2.360553 6.574892
v 3.959573 -2.501190 6.853754
v 3.310103 -2.631103 6.530483
v -2.819114 -2.692064 6.777301
v -2.490394 -2.643244 7.463847
v -2.628782 -2.555897 7.899893
v -3.206579 -2.449818 8.238776
v -3.683288 -2.407603 8.155029
v -4.093910 -2.433985 7.449014
v -1.022029 -2.763571 6.237743
v -0.880602 -2.694220 6.920414
v -1.190581 -2.622881 7.305080
v -1.941455 -2.604570 7.585302
v 1.021699 -2.763571 6.237743
v 0.885518 -2.694220 6.920414
v 0.406293 -2.627795 7.143822
v -0.399510 -2.627795 7.143822
v 2.823789 -2.692064 6.777301
v 2.501137 -2.643244 7.463847
v 1.953313 -2.604570 7.585302
v 1.199237 -2.622881 7.305080
v 4.104619 -2.433985 7.449014
v 3.701135 -2.407602 8.155028
v 3.225527 -2.449817 8.238776
v 2.644084 -2.555896 7.899893
v -2.092131 -2.509646 7.977519
v -1.713745 -2.308147 8.363286
v -2.671371 -2.154454 8.978940
v -3.168707 -2.302751 8.668830
v -0.716106 -2.541778 7.446661
v -0.562585 -2.328476 7.842805
v 0.726013 -2.541779 7.446661
v 0.577129 -2.328476 7.842805
v 2.108388 -2.509646 7.977519
v 1.735064 -2.308147 8.363285
v 3.192861 -2.302751 8.668829
v 2.700158 -2.154454 8.978939
v 2.870167 -0.849303 2.176875
v 3.517014 -0.998036 2.839094
v 3.766178 -1.246170 3.302200
v 3.528601 -1.497730 3.359150
v 2.909751 -0.263755 1.931270
v 3.673259 -0.312131 2.636845
v 4.043976 -0.547446 3.118953
v 3.926752 -0.923460 3.201953
v 2.909751 0.368140 1.914140
v 3.673259 0.454672 2.616057
v 4.105640 0.298707 3.056069
v 4.105640 -0.132556 3.067760
v 2.870167 0.966135 2.127660
v 3.517013 1.150527 2.780848
v 3.926751 1.095720 3.147214
v 4.043975 0.715762 3.084708
v 2.669035 1.406188 2.349411
v 3.112000 1.632508 2.896418
v 3.528600 1.677663 3.273067
v 3.766176 1.423387 3.229829
v 4.190008 -1.195701 3.723410
v 4.798864 -1.411532 4.816283
v 4.839651 -1.698933 5.356710
v 4.415140 -1.981304 5.204722
v 4.509597 -0.379461 3.622164
v 5.296176 -0.453588 4.894609
v 5.495043 -0.783049 5.580249
v 5.203798 -1.299364 5.479725
v 4.509597 0.575287 3.596282
v 5.296176 0.718243 4.862841
v 5.655210 0.477686 5.610919
v 5.655210 -0.172854 5.628554
v 4.190007 1.395813 3.653155
v 4.798863 1.670537 4.732731
v 5.203797 1.594479 5.401274
v 5.495042 1.084368 5.529624
v 3.596115 1.914480 3.637290
v 4.015220 2.214393 4.511967
v 4.415140 2.260517 5.089728
v 4.839650 1.986796 5.256792
v 5.177057 -1.610046 6.048086
v 5.225276 -1.754200 7.290590
v 4.922830 -1.999143 7.644389
v 4.487602 -2.301528 7.226033
v 5.790887 -0.518698 6.371888
v 5.849016 -0.558662 7.871911
v 5.596633 -0.925684 8.420697
v 5.297170 -1.544112 8.066034
v 5.790887 0.863294 6.334423
v 5.849016 0.984470 7.830078
v 5.761337 0.638672 8.588635
v 5.761336 -0.172275 8.610620
v 5.177056 1.935498 5.951968
v 5.225276 2.146757 7.184837
v 5.297169 1.978991 7.970525
v 5.596633 1.380685 8.358172
v 4.271744 2.493712 5.471014
v 4.307688 2.713443 6.437339
v 4.487601 2.689783 7.090721
v 4.922830 2.410508 7.524845
v 4.911427 -1.805391 8.356977
v 4.305669 -1.758634 9.146041
v 3.866009 -1.924007 9.173792
v 3.630025 -2.249215 8.666384
v 5.423238 -0.557035 9.112786
v 4.620414 -0.514301 9.956176
v 4.124768 -0.834933 10.090472
v 4.017949 -1.451145 9.678720
v 5.423238 1.050075 9.069219
v 4.620414 1.053098 9.913684
v 4.179834 0.665585 10.289014
v 4.179835 -0.107022 10.309958
v 4.911427 2.255648 8.246882
v 4.305669 2.251710 9.037321
v 4.017949 1.973533 9.585876
v 4.124768 1.380535 10.030412
v 4.104619 2.834126 7.306199
v 3.701135 2.846033 8.012605
v 3.630025 2.715583 8.531790
v 3.866009 2.418343 9.056073
v 3.580420 -1.642561 9.642200
v 2.847881 -1.512853 9.845422
v 3.701584 -0.447877 10.407294
v 2.818902 -0.384176 10.515118
v 3.701583 1.011212 10.367740
v 2.818901 0.953446 10.478855
v 3.580419 2.162689 9.539042
v 2.847880 2.044181 9.748993
v 3.192861 2.769172 8.531331
v 2.700157 2.637894 8.849020
v 1.737490 1.480757 1.956716
v 2.064374 1.760696 2.483773
v 2.573589 1.897107 2.934118
v 3.134502 1.831551 3.171709
v 0.580484 1.494720 1.644611
v 0.709908 1.788438 2.134095
v 1.169241 1.942957 2.491000
v 1.904789 1.925446 2.682231
v -0.595384 1.494721 1.644611
v -0.724354 1.788439 2.134095
v -0.404447 1.951298 2.388392
v 0.390297 1.951297 2.388392
v -1.752007 1.480757 1.956716
v -2.078135 1.760696 2.483773
v -1.918240 1.925447 2.682231
v -1.183152 1.942958 2.491000
v -2.682928 1.406188 2.349411
v -3.124800 1.632508 2.896418
v -3.146648 1.831550 3.171709
v -2.586395 1.897106 2.934118
v 2.434018 2.075332 3.159889
v 2.762603 2.408505 3.969971
v 3.257527 2.535652 4.562901
v 3.897162 2.435261 4.856261
v 0.859524 2.118935 2.758542
v 0.997079 2.466355 3.519115
v 1.550353 2.621348 4.022986
v 2.472954 2.591324 4.266490
v -0.873057 2.118936 2.758542
v -1.008948 2.466355 3.519115
v -0.537724 2.634233 3.887466
v 0.526823 2.634233 3.887466
v -2.446355 2.075332 3.159889
v -2.772533 2.408503 3.969971
v -2.481937 2.591322 4.266490
v -1.560568 2.621347 4.022986
v -3.606861 1.914479 3.637290
v -4.022681 2.214392 4.511967
v -3.903124 2.435260 4.856261
v -3.265012 2.535650 4.562901
v 2.964735 2.712802 4.870100
v 2.990166 2.942875 5.787689
v 3.310102 2.981191 6.378336
v 3.959573 2.868982 6.708173
v 1.082739 2.776268 4.376892
v 1.093203 3.000596 5.263045
v 1.577151 3.063488 5.785525
v 2.513819 3.040411 6.063470
v -1.091833 2.776268 4.376892
v -1.098361 3.000595 5.263045
v -0.541678 3.070104 5.626142
v 0.538327 3.070104 5.626142
v -2.970928 2.712800 4.870100
v -2.991342 2.942874 5.787688
v -2.513455 3.040411 6.063470
v -1.579138 3.063487 5.785525
v -4.274365 2.493712 5.471013
v -4.304051 2.713443 6.437339
v -3.953968 2.868981 6.708172
v -3.307158 2.981190 6.378336
v 2.823789 3.055434 6.621490
v 2.501137 3.043882 7.309671
v 2.644084 2.980286 7.749811
v 3.225526 2.892723 8.093943
v 1.021698 3.097604 6.078847
v 0.885517 3.065342 6.764275
v 1.199236 3.014948 7.152240
v 1.953312 3.011845 7.433043
v -1.022030 3.097604 6.078846
v -0.880603 3.065342 6.764275
v -0.399511 3.011119 6.990951
v 0.406291 3.011119 6.990952
v -2.819116 3.055435 6.621490
v -2.490395 3.043884 7.309671
v -1.941455 3.011847 7.433043
v -1.190582 3.014949 7.152240
v -4.093910 2.834126 7.306199
v -3.683288 2.846034 8.012607
v -3.206581 2.892725 8.093943
v -2.628783 2.980288 7.749810
v 2.108387 2.938309 7.829826
v 1.735064 2.758006 8.225943
v 0.726012 2.941635 7.298007
v 0.577128 2.750107 7.705124
v -0.716107 2.941635 7.298007
v -0.562585 2.750107 7.705125
v -2.092132 2.938312 7.829825
v -1.713746 2.758008 8.225943
v -3.168707 2.769174 8.531332
v -2.671371 2.637895 8.849021
v -2.884278 0.966133 2.127660
v -3.529845 1.150525 2.780848
v -3.777913 1.423385 3.229829
v -3.540376 1.677662 3.273067
v -2.924077 0.368140 1.914140
v -3.686284 0.454672 2.616057
v -4.055823 0.715761 3.084708
v -3.938549 1.095719 3.147214
v -2.924077 -0.263755 1.931270
v -3.686284 -0.312130 2.636845
v -4.117514 -0.132555 3.067760
v -4.117514 0.298707 3.056069
v -2.884278 -0.849303 2.176876
v -3.529845 -0.998035 2.839095
v -3.938549 -0.923459 3.201953
v -4.055823 -0.547445 3.118953
v -3.540376 -1.497730 3.359150
v -3.777912 -1.246169 3.302200
v -4.200337 1.395811 3.653156
v -4.804876 1.670537 4.732731
v -4.843144 1.986796 5.256792
v -4.419758 2.260517 5.089727
v -4.519835 0.575286 3.596282
v -5.301254 0.718243 4.862841
v -5.496637 1.084368 5.529624
v -5.206265 1.594479 5.401274
v -4.519835 -0.379460 3.622164
v -5.301254 -0.453587 4.894609
v -5.656311 -0.172854 5.628554
v -5.656311 0.477686 5.610919
v -4.200337 -1.195700 3.723410
v -4.804876 -1.411532 4.816283
v -5.206265 -1.299364 5.479725
v -5.496637 -0.783049 5.580248
v -4.419758 -1.981304 5.204722
v -4.843144 -1.698933 5.356709
v -5.176305 1.935498 5.951968
v -5.215606 2.146758 7.184837
v -4.910252 2.410509 7.524845
v -4.478797 2.689783 7.090721
v -5.787404 0.863294 6.334423
v -5.834036 0.984470 7.830077
v -5.576652 1.380686 8.358172
v -5.280637 1.978992 7.970525
v -5.787404 -0.518697 6.371888
v -5.834036 -0.558662 7.871911
v -5.739387 -0.172274 8.610620
v -5.739387 0.638673 8.588634
v -5.176305 -1.610046 6.048086
v -5.215606 -1.754200 7.290590
v -5.280637 -1.544112 8.066034
v -5.576652 -0.925683 8.420698
v -4.478796 -2.301529 7.226033
v -4.910251 -1.999143 7.644389
v -4.891900 2.255650 8.246883
v -4.276694 2.251712 9.037321
v -3.836124 2.418344 9.056073
v -3.606224 2.715584 8.531791
v -5.395798 1.050076 9.069218
v -4.581554 1.053099 9.913684
v -4.083136 1.380536 10.030412
v -3.981723 1.973534 9.585876
v -5.395798 -0.557034 9.112787
v -4.581554 -0.514300 9.956178
v -4.135146 -0.107021 10.309960
v -4.135146 0.665586 10.289015
v -4.891900 -1.805391 8.356977
v -4.276694 -1.758634 9.146041
v -3.981723 -1.451145 9.678717
v -4.083136 -0.834932 10.090473
v -3.606223 -2.249215 8.666385
v -3.836123 -1.924006 9.173793
v -3.543882 2.162690 9.539042
v -2.806831 2.044182 9.748993
v -3.654385 1.011213 10.367740
v -2.767361 0.953446 10.478855
v -3.654384 -0.447876 10.407294
v -2.767360 -0.384176 10.515118
v -3.543882 -1.642561 9.642200
v -2.806831 -1.512853 9.845424
v -2.290691 -1.014496 1.897636
v -2.005108 -0.887894 1.611993
v -1.762908 -1.007980 1.591236
v -2.068621 -1.119901 1.873676
v -1.240910 -1.020656 1.359284
v -0.955069 -0.903461 1.110243
v -0.732853 -1.028629 1.189488
v -1.026817 -1.146151 1.437228
v -0.245369 -1.032473 1.100042
v -0.007616 -0.909714 0.919153
v 0.230181 -1.032473 1.100042
v -0.007568 -1.155896 1.271257
v 0.717705 -1.028630 1.189488
v 0.939906 -0.903461 1.110243
v 1.225852 -1.020656 1.359284
v 1.011785 -1.146152 1.437228
v 1.748014 -1.007980 1.591236
v 1.990262 -0.887894 1.611992
v 2.276114 -1.014495 1.897636
v 2.053983 -1.119901 1.873676
v -2.258162 -0.515732 1.525217
v -1.936331 -0.376894 1.247968
v -1.665281 -0.510899 1.141789
v -1.973986 -0.639548 1.407736
v -1.123787 -0.518723 0.839312
v -0.844935 -0.388724 0.613560
v -0.633862 -0.522977 0.611859
v -0.901078 -0.651771 0.834011
v -0.205332 -0.524816 0.490391
v -0.007647 -0.392567 0.361276
v 0.190048 -0.524816 0.490391
v -0.007637 -0.656053 0.610226
v 0.618596 -0.522977 0.611858
v 0.829675 -0.388724 0.613560
v 1.108573 -0.518724 0.839312
v 0.885852 -0.651771 0.834011
v 1.650186 -0.510899 1.141790
v 1.921313 -0.376895 1.247968
v 2.243341 -0.515733 1.525217
v 1.959037 -0.639549 1.407736
v -2.229298 0.037030 1.363396
v -1.912431 0.168694 1.150565
v -1.607931 0.025780 0.948410
v -1.912431 -0.105972 1.158011
v -1.056159 0.016656 0.611828
v -0.810820 0.147881 0.482240
v -0.576606 0.009711 0.355650
v -0.810820 -0.121398 0.489540
v -0.182068 0.005980 0.218024
v -0.007651 0.139074 0.213829
v 0.166766 0.005980 0.218024
v -0.007651 -0.127146 0.221046
v 0.561315 0.009711 0.355650
v 0.795543 0.147881 0.482240
v 1.040905 0.016656 0.611828
v 0.795544 -0.121398 0.489540
v 1.592777 0.025780 0.948410
v 1.897379 0.168694 1.150565
v 2.214395 0.037030 1.363397
v 1.897379 -0.105972 1.158011
v -2.258162 0.597747 1.495031
v -1.973987 0.715017 1.371014
v -1.665282 0.572148 1.112429
v -1.936331 0.444092 1.225712
v -1.123787 0.563574 0.809972
v -0.901078 0.696139 0.797470
v -0.633862 0.555498 0.582622
v -0.844935 0.421534 0.591595
v -0.205333 0.550753 0.461233
v -0.007638 0.688290 0.573781
v 0.190046 0.550753 0.461233
v -0.007648 0.411703 0.339473
v 0.618594 0.555498 0.582622
v 0.885850 0.696138 0.797470
v 1.108572 0.563573 0.809972
v 0.829673 0.421534 0.591595
v 1.650184 0.572148 1.112429
v 1.959036 0.715017 1.371014
v 2.243340 0.597748 1.495031
v 1.921312 0.444093 1.225712
v -2.290691 1.115954 1.839881
v -2.068622 1.219907 1.810245
v -1.762908 1.092848 1.534283
v -2.005108 0.974064 1.561516
v -1.240910 1.092939 1.301985
v -1.026817 1.222474 1.373016
v -0.732853 1.091703 1.132007
v -0.955070 0.962425 1.059659
v -0.245370 1.090695 1.042484
v -0.007569 1.223212 1.206760
v 0.230180 1.090694 1.042484
v -0.007617 0.958316 0.868511
v 0.717703 1.091702 1.132007
v 1.011784 1.222474 1.373016
v 1.225851 1.092939 1.301985
v 0.939904 0.962424 1.059660
v 1.748013 1.092848 1.534283
v 2.053982 1.219907 1.810245
v 2.276113 1.115954 1.839881
v 1.990262 0.974064 1.561516
v -1.983004 -2.008969 9.041582
v -1.630261 -1.864514 9.094572
v -1.852013 -1.666337 9.449183
v -2.193061 -1.845605 9.357706
v -0.930985 -2.056482 8.415566
v -0.624378 -1.900051 8.449641
v -0.795827 -1.715026 8.762519
v -1.104190 -1.890712 8.753475
v 0.009066 -2.060531 8.099036
v 0.213941 -1.902283 8.274792
v 0.011451 -1.722821 8.398113
v -0.193115 -1.902283 8.274794
v 0.953618 -2.056482 8.415565
v 1.131888 -1.890712 8.753473
v 0.824109 -1.715026 8.762517
v 0.647762 -1.900051 8.449639
v 2.013727 -2.008969 9.041581
v 2.228137 -1.845605 9.357705
v 1.889244 -1.666337 9.449181
v 1.662420 -1.864514 9.094569
v -1.747688 -1.215777 9.833045
v -1.377720 -0.965046 9.827381
v -1.642780 -0.666131 10.132812
v -2.033837 -0.947738 10.130654
v -0.669236 -1.268232 9.080405
v -0.405259 -1.008813 9.033317
v -0.543943 -0.713341 9.330461
v -0.832000 -0.993622 9.422895
v 0.013838 -1.280166 8.661304
v 0.134188 -1.015250 8.802550
v 0.015905 -0.727780 8.866153
v -0.103851 -1.015250 8.802550
v 0.703238 -1.268232 9.080404
v 0.871620 -0.993622 9.422894
v 0.582861 -0.713341 9.330462
v 0.439138 -1.008813 9.033316
v 1.791433 -1.215777 9.833043
v 2.081590 -0.947738 10.130651
v 1.691958 -0.666131 10.132812
v 1.422594 -0.965046 9.827380
v -1.579718 -0.045039 10.288492
v -1.237826 0.274531 10.124292
v -1.579719 0.602527 10.270937
v -1.938625 0.283183 10.443454
v -0.469026 -0.077509 9.459303
v -0.280984 0.251233 9.264893
v -0.469026 0.590026 9.441206
v -0.679615 0.262860 9.693794
v 0.017081 -0.091809 8.969731
v 0.087940 0.244266 9.007874
v 0.017080 0.577781 8.951579
v -0.052984 0.244266 9.007874
v 0.510733 -0.077509 9.459305
v 0.724955 0.262861 9.693794
v 0.510732 0.590026 9.441206
v 0.319943 0.251234 9.264894
v 1.631941 -0.045039 10.288492
v 1.992224 0.283183 10.443454
v 1.631941 0.602528 10.270937
v 1.288677 0.274531 10.124292
v -1.642781 1.214272 10.081834
v -1.377721 1.496201 9.760655
v -1.747689 1.746871 9.752728
v -2.033837 1.495350 10.064421
v -0.543944 1.217944 9.278104
v -0.405260 1.496883 8.965386
v -0.669237 1.758472 8.998350
v -0.832001 1.502821 9.355217
v 0.015904 1.207206 8.813695
v 0.134186 1.490808 8.734611
v 0.013836 1.747682 8.579220
v -0.103852 1.490809 8.734611
v 0.582860 1.217943 9.278104
v 0.871620 1.502821 9.355217
v 0.703237 1.758471 8.998350
v 0.439137 1.496882 8.965386
v 1.691958 1.214273 10.081835
v 2.081589 1.495350 10.064421
v 1.791432 1.746871 9.752728
v 1.422594 1.496201 9.760655
v -1.852013 2.175972 9.345018
v -1.630261 2.354647 8.980190
v -1.983005 2.496019 8.919453
v -2.193062 2.350022 9.243962
v -0.795828 2.187387 8.656725
v -0.624378 2.355189 8.334281
v -0.930985 2.509544 8.291782
v -1.104191 2.362325 8.638174
v 0.011450 2.175427 8.292433
v 0.213940 2.347944 8.159569
v 0.009066 2.496436 7.975497
v -0.193115 2.347944 8.159570
v 0.824108 2.187386 8.656724
v 1.131888 2.362324 8.638174
v 0.953618 2.509542 8.291782
v 0.647762 2.355187 8.334281
v 1.889243 2.175972 9.345018
v 2.228136 2.350021 9.243962
v 2.013726 2.496017 8.919452
v 1.662420 2.354645 8.980190
v -2.287088 -1.343431 2.261914
v -2.196107 -1.480198 2.404852
v -2.669266 -1.577209 2.819339
v -2.702159 -1.422472 2.615618
v -1.180311 -1.391630 1.845561
v -0.976740 -1.527721 2.015733
v -1.421062 -1.652475 2.366173
v -1.603019 -1.508539 2.181059
v -0.007473 -1.407178 1.681675
v 0.317525 -1.537398 1.928230
v -0.007266 -1.675918 2.180783
v -0.332289 -1.537398 1.928230
v 1.165552 -1.391630 1.845561
v 1.588638 -1.508539 2.181059
v 1.406877 -1.652475 2.366174
v 0.962103 -1.527721 2.015733
v 2.272911 -1.343431 2.261914
v 2.688574 -1.422471 2.615618
v 2.656049 -1.577209 2.819339
v 2.182113 -1.480198 2.404852
v -3.095225 -1.837041 3.537429
v -2.972502 -2.015035 3.809063
v -3.464950 -2.107150 4.384614
v -3.578881 -1.916920 4.071278
v -1.696099 -1.942050 3.030339
v -1.395845 -2.109920 3.317994
v -1.944120 -2.242326 3.831651
v -2.237207 -2.072965 3.534702
v -0.006846 -1.974253 2.814193
v 0.466564 -2.127897 3.199501
v -0.006071 -2.281655 3.584214
v -0.479540 -2.127898 3.199501
v 1.683041 -1.942051 3.030339
v 2.225441 -2.072965 3.534702
v 1.933045 -2.242324 3.831651
v 1.383294 -2.109920 3.317995
v 3.083757 -1.837041 3.537429
v 3.569177 -1.916920 4.071278
v 3.456316 -2.107149 4.384614
v 2.961759 -2.015035 3.809063
v -3.688826 -2.348076 5.313003
v -3.384717 -2.502358 5.632230
v -3.714128 -2.522534 6.248791
v -4.036808 -2.374652 5.940003
v -2.095485 -2.503870 4.726024
v -1.626724 -2.624145 5.065660
v -2.109580 -2.683141 5.639766
v -2.581235 -2.580728 5.327680
v -0.004758 -2.544935 4.449855
v 0.552635 -2.643203 4.916955
v -0.002877 -2.719613 5.340696
v -0.560271 -2.643204 4.916955
v 2.087613 -2.503870 4.726024
v 2.576402 -2.580728 5.327680
v 2.106135 -2.683141 5.639766
v 1.620107 -2.624144 5.065660
v 3.684423 -2.348075 5.313003
v 4.036093 -2.374651 5.940003
v 3.715263 -2.522533 6.248791
v 3.381921 -2.502357 5.632230
v -3.525026 -2.595410 7.092270
v -3.029983 -2.642309 7.296954
v -3.158059 -2.561553 7.782121
v -3.651473 -2.521135 7.631152
v -1.974817 -2.742478 6.469581
v -1.417024 -2.735501 6.699374
v -1.721322 -2.681116 7.154024
v -2.277034 -2.706920 6.982002
v -0.000546 -2.769908 6.156887
v 0.483466 -2.745444 6.536262
v 0.002013 -2.697859 6.838930
v -0.481807 -2.745443 6.536262
v 1.976662 -2.742479 6.469581
v 2.283200 -2.706920 6.982002
v 1.728781 -2.681116 7.154024
v 1.420346 -2.735501 6.699374
v 3.532504 -2.595409 7.092270
v 3.663897 -2.521134 7.631151
v 3.172037 -2.561553 7.782121
v 3.039210 -2.642309 7.296954
v -2.702138 -2.445773 8.295418
v -2.194706 -2.396326 8.334803
v -2.265168 -2.262526 8.672249
v -2.716835 -2.309777 8.662502
v -1.420940 -2.535177 7.673501
v -0.956311 -2.441269 7.753250
v -1.138333 -2.325269 8.063697
v -1.587185 -2.430487 8.024356
v 0.004470 -2.543319 7.367682
v 0.327109 -2.443062 7.598455
v 0.006758 -2.329010 7.766057
v -0.315614 -2.443061 7.598455
v 1.433608 -2.535177 7.673502
v 1.604078 -2.430487 8.024356
v 1.155814 -2.325269 8.063697
v 0.969792 -2.441269 7.753250
v 2.721972 -2.445773 8.295418
v 2.741281 -2.309777 8.662502
v 2.290206 -2.262526 8.672248
v 2.215317 -2.396325 8.334803
v 2.814898 -1.098879 2.337574
v 3.149617 -1.053608 2.557953
v 3.375964 -1.273615 2.959409
v 3.007361 -1.283908 2.668864
v 2.897649 -0.566837 2.032411
v 3.268278 -0.452260 2.296342
v 3.613421 -0.672799 2.721572
v 3.222256 -0.768964 2.412637
v 2.913453 0.051331 1.890933
v 3.290567 0.234309 2.219084
v 3.693356 0.070574 2.600750
v 3.290568 -0.113599 2.228515
v 2.897649 0.676256 1.998711
v 3.222255 0.898687 2.367427
v 3.613420 0.819400 2.681120
v 3.268277 0.576147 2.268463
v 2.814896 1.224050 2.274601
v 3.007360 1.426755 2.595379
v 3.375962 1.432220 2.886056
v 3.149616 1.190785 2.497109
v 3.946801 -1.498940 3.774639
v 4.372459 -1.473154 4.252878
v 4.450016 -1.739063 4.754236
v 4.032797 -1.742200 4.222312
v 4.381665 -0.817180 3.666289
v 4.852930 -0.664944 4.233395
v 5.093159 -0.977359 4.864610
v 4.642741 -1.110756 4.243435
v 4.553222 0.097613 3.598164
v 4.967024 0.383222 4.206540
v 5.365852 0.132743 4.894063
v 4.967024 -0.154616 4.221120
v 4.381664 1.014753 3.616627
v 4.642739 1.339167 4.177019
v 5.093158 1.239621 4.804509
v 4.852929 0.893465 4.191147
v 3.946800 1.701382 3.687880
v 4.032796 1.968539 4.121716
v 4.450014 1.994225 4.653029
v 4.372458 1.701544 4.166814
v 4.759995 -1.957895 5.838466
v 5.037287 -1.886970 6.536908
v 4.801908 -2.118954 6.928312
v 4.577373 -2.179444 6.243170
v 5.538446 -1.124530 6.239045
v 5.765395 -0.878385 7.056281
v 5.592451 -1.228152 7.630683
v 5.440435 -1.455862 6.819409
v 5.877732 0.173701 6.404902
v 5.944735 0.569340 7.160218
v 5.937284 0.215342 7.940930
v 5.944734 -0.180435 7.180544
v 5.538446 1.461040 6.168952
v 5.440434 1.823329 6.730512
v 5.592451 1.639907 7.552932
v 5.765395 1.259534 6.998323
v 4.759995 2.271478 5.723809
v 4.577373 2.514628 6.115917
v 4.801908 2.491348 6.803329
v 5.037287 2.238498 6.425069
v 4.551697 -2.185367 7.885482
v 4.490386 -2.005232 8.535730
v 4.060417 -2.150964 8.629803
v 4.141124 -2.319719 8.045631
v 5.214473 -1.255952 8.799187
v 4.980403 -0.905471 9.442843
v 4.495376 -1.205293 9.622063
v 4.766818 -1.535689 9.031082
v 5.494867 0.249642 9.206182
v 5.095985 0.668820 9.641625
v 4.662943 0.272704 10.056869
v 5.095985 -0.145328 9.663697
v 5.214473 1.730975 8.718213
v 4.766818 2.022864 8.934611
v 4.495375 1.724973 9.542624
v 4.980403 1.415881 9.379911
v 4.551697 2.609520 7.755495
v 4.141124 2.752351 7.908130
v 4.060417 2.615495 8.500587
v 4.490386 2.464880 8.414548
v 3.454231 -2.040289 9.139227
v 3.185554 -1.789819 9.540793
v 2.827827 -1.907089 9.392448
v 3.062261 -2.118273 9.065065
v 3.657578 -1.103177 10.094659
v 3.249086 -0.740903 10.374088
v 2.836706 -0.995636 10.244375
v 3.230085 -1.325052 10.004600
v 3.716079 0.284754 10.501366
v 3.255380 0.640136 10.549624
v 2.812126 0.287310 10.595681
v 3.255381 -0.067492 10.568809
v 3.657578 1.648611 10.020059
v 3.230084 1.865281 9.918112
v 2.836706 1.549340 10.175380
v 3.249085 1.302009 10.318704
v 3.454231 2.532582 9.015258
v 3.062261 2.606433 8.936979
v 2.827826 2.413297 9.275325
v 3.185554 2.304237 9.429806
v 2.272910 1.464142 2.185802
v 2.182112 1.608453 2.321120
v 2.656048 1.727779 2.729742
v 2.688573 1.562231 2.534704
v 1.165551 1.489715 1.767449
v 0.962102 1.634825 1.929998
v 1.406877 1.778383 2.273165
v 1.588637 1.624629 2.096120
v -0.007473 1.496361 1.602962
v -0.332289 1.639748 1.842099
v -0.007267 1.791748 2.086776
v 0.317525 1.639748 1.842099
v -1.180311 1.489715 1.767449
v -1.603019 1.624629 2.096120
v -1.421062 1.778383 2.273165
v -0.976740 1.634826 1.929998
v -2.287088 1.464142 2.185802
v -2.702159 1.562231 2.534704
v -2.669266 1.727779 2.729742
v -2.196107 1.608453 2.321121
v 3.083756 2.026135 3.432700
v 2.961758 2.218584 3.694291
v 3.456315 2.341746 4.264008
v 3.569176 2.134819 3.961437
v 1.683041 2.103516 2.920666
v 1.383293 2.286724 3.198804
v 1.933045 2.446764 3.704532
v 2.225440 2.261565 3.417195
v -0.006847 2.123962 2.703093
v -0.479540 2.298256 3.079510
v -0.006071 2.472630 3.455329
v 0.466564 2.298255 3.079510
v -1.696100 2.103517 2.920666
v -2.237207 2.261564 3.417195
v -1.944121 2.446764 3.704532
v -1.395846 2.286724 3.198804
v -3.095225 2.026134 3.432700
v -3.578881 2.134819 3.961437
v -3.464950 2.341744 4.264007
v -2.972503 2.218583 3.694291
v 3.684423 2.632617 5.177979
v 3.381921 2.803968 5.488378
v 3.715262 2.857518 6.102941
v 4.036093 2.693124 5.802620
v 2.087613 2.756381 4.583421
v 1.620107 2.894880 4.916042
v 2.106134 2.984895 5.486108
v 2.576401 2.865724 5.180029
v -0.004758 2.782423 4.305434
v -0.560271 2.905853 4.766522
v -0.002877 3.005108 5.185500
v 0.552635 2.905853 4.766522
v -2.095486 2.756380 4.583420
v -2.581237 2.865722 5.180028
v -2.109581 2.984894 5.486108
v -1.626725 2.894879 4.916041
v -3.688826 2.632615 5.177979
v -4.036808 2.693123 5.802619
v -3.714129 2.857517 6.102941
v -3.384718 2.803967 5.488378
v 3.532504 2.975986 6.941233
v 3.039210 3.033906 7.143075
v 3.172037 2.979553 7.631905
v 3.663897 2.931015 7.483346
v 1.976662 3.089104 6.311488
v 1.420346 3.094586 6.541322
v 1.728780 3.064913 6.998251
v 2.283200 3.081359 6.825084
v -0.000547 3.099551 5.997766
v -0.481808 3.095677 6.377910
v 0.002011 3.064562 6.682712
v 0.483465 3.095677 6.377911
v -1.974818 3.089103 6.311488
v -2.277035 3.081360 6.825084
v -1.721323 3.064914 6.998250
v -1.417025 3.094586 6.541322
v -3.525027 2.975986 6.941233
v -3.651474 2.931015 7.483346
v -3.158060 2.979555 7.631905
v -3.029984 3.033907 7.143075
v 2.721972 2.891753 8.150719
v 2.215316 2.844512 8.192726
v 2.290206 2.729192 8.536924
v 2.741281 2.775846 8.524633
v 1.433608 2.947332 7.524872
v 0.969791 2.857882 7.609591
v 1.155813 2.758871 7.925866
v 1.604077 2.861804 7.880883
v 0.004469 2.938894 7.219060
v -0.315614 2.851286 7.454926
v 0.006758 2.746482 7.628461
v 0.327109 2.851286 7.454926
v -1.420941 2.947334 7.524872
v -1.587186 2.861806 7.880883
v -1.138333 2.758873 7.925866
v -0.956311 2.857883 7.609591
v -2.702139 2.891755 8.150719
v -2.716835 2.775847 8.524634
v -2.265168 2.729194 8.536924
v -2.194707 2.844515 8.192725
v -2.828856 1.224049 2.274601
v -3.163128 1.190784 2.497109
v -3.388683 1.432219 2.886056
v -3.020777 1.426755 2.595379
v -2.911890 0.676255 1.998711
v -3.282054 0.576146 2.268463
v -3.626367 0.819399 2.681120
v -3.235917 0.898685 2.367427
v -2.927807 0.051331 1.890933
v -3.304405 -0.113598 2.228515
v -3.706408 0.070574 2.600750
v -3.304405 0.234309 2.219084
v -2.911889 -0.566836 2.032411
v -3.235917 -0.768963 2.412637
v -3.626367 -0.672798 2.721573
v -3.282054 -0.452259 2.296342
v -2.828855 -1.098880 2.337575
v -3.020776 -1.283908 2.668864
v -3.388683 -1.273615 2.959410
v -3.163127 -1.053608 2.557954
v -3.957219 1.701381 3.687879
v -4.381030 1.701544 4.166813
v -4.456642 1.994225 4.653028
v -4.041760 1.968539 4.121716
v -4.391940 1.014753 3.616627
v -4.861023 0.893465 4.191147
v -5.098627 1.239620 4.804509
v -4.651049 1.339166 4.177019
v -4.563447 0.097613 3.598164
v -4.974998 -0.154616 4.221120
v -5.370795 0.132744 4.894063
v -4.974998 0.383222 4.206540
v -4.391940 -0.817179 3.666289
v -4.651049 -1.110756 4.243435
v -5.098627 -0.977359 4.864609
v -4.861023 -0.664943 4.233395
v -3.957219 -1.498940 3.774639
v -4.041760 -1.742200 4.222312
v -4.456642 -1.739063 4.754236
v -4.381029 -1.473154 4.252878
v -4.760900 2.271478 5.723809
v -5.033454 2.238499 6.425068
v -4.795367 2.491348 6.803329
v -4.575877 2.514628 6.115916
v -5.536119 1.461040 6.168952
v -5.757140 1.259534 6.998323
v -5.579730 1.639908 7.552932
v -5.434236 1.823330 6.730512
v -5.873846 0.173701 6.404902
v -5.935307 -0.180434 7.180544
v -5.921520 0.215342 7.940930
v -5.935307 0.569340 7.160218
v -5.536119 -1.124530 6.239045
v -5.434236 -1.455862 6.819410
v -5.579730 -1.228151 7.630683
v -5.757140 -0.878385 7.056281
v -4.760900 -1.957895 5.838466
v -4.575876 -2.179445 6.243170
v -4.795367 -2.118955 6.928312
v -5.033453 -1.886970 6.536908
v -4.536836 2.609521 7.755495
v -4.468701 2.464881 8.414548
v -4.037361 2.615496 8.500587
v -4.124562 2.752352 7.908131
v -5.190395 1.730976 8.718213
v -4.948655 1.415882 9.379911
v -4.460696 1.724974 9.542624
v -4.739737 2.022866 8.934611
v -5.466259 0.249643 9.206182
v -5.061583 -0.145327 9.663698
v -4.622633 0.272705 10.056869
v -5.061583 0.668821 9.641626
v -5.190395 -1.255951 8.799187
v -4.739737 -1.535688 9.031081
v -4.460696 -1.205292 9.622063
v -4.948655 -0.905470 9.442845
v -4.536836 -2.185367 7.885482
v -4.124561 -2.319719 8.045631
v -4.037360 -2.150964 8.629803
v -4.468701 -2.005232 8.535730
v -3.424247 2.532583 9.015258
v -3.149658 2.304238 9.429806
v -2.793371 2.413298 9.275325
v -3.032763 2.606434 8.936981
v -3.614855 1.648612 10.020059
v -3.201149 1.302009 10.318705
v -2.789534 1.549340 10.175382
v -3.187628 1.865281 9.918112
v -3.667330 0.284755 10.501366
v -3.204371 -0.067491 10.568810
v -2.759076 0.287311 10.595683
v -3.204372 0.640137 10.549624
v -3.614854 -1.103176 10.094659
v -3.187628 -1.325052 10.004601
v -2.789534 -0.995636 10.244375
v -3.201149 -0.740903 10.374088
v -3.424247 -2.040289 9.139228
v -3.032762 -2.118273 9.065067
v -2.793371 -1.907089 9.392451
v -3.149658 -1.789820 9.540796
v -2.310027 -1.120974 2.015361
v -2.282722 -0.898591 1.791233
v -1.734307 -0.888765 1.460142
v -1.813059 -1.125479 1.744832
v -1.288123 -1.140588 1.525592
v -1.209338 -0.899685 1.211367
v -0.707413 -0.906256 1.028110
v -0.767487 -1.150434 1.365769
v -0.258358 -1.155289 1.281758
v -0.235340 -0.909330 0.931259
v 0.220112 -0.909330 0.931259
v 0.243228 -1.155289 1.281758
v 0.752408 -1.150434 1.365769
v 0.692218 -0.906257 1.028110
v 1.194221 -0.899685 1.211366
v 1.273156 -1.140588 1.525592
v 1.798282 -1.125479 1.744832
v 1.719337 -0.888765 1.460142
v 2.268061 -0.898591 1.791233
v 2.295566 -1.120973 2.015361
v -2.269365 -0.647670 1.604594
v -2.246695 -0.380526 1.458879
v -1.641827 -0.378800 1.061987
v -1.690452 -0.640435 1.237154
v -1.154067 -0.649001 0.951484
v -1.095991 -0.386274 0.745122
v -0.610292 -0.390472 0.505574
v -0.659659 -0.653727 0.738045
v -0.215832 -0.655795 0.624428
v -0.195751 -0.392334 0.377309
v 0.180458 -0.392334 0.377309
v 0.200560 -0.655795 0.624428
v 0.644409 -0.653728 0.738045
v 0.595014 -0.390472 0.505574
v 1.080760 -0.386275 0.745122
v 1.138877 -0.649002 0.951484
v 1.675390 -0.640436 1.237154
v 1.626705 -0.378800 1.061987
v 2.231839 -0.380526 1.458879
v 2.254589 -0.647670 1.604594
v -2.231231 -0.103455 1.376556
v -2.231231 0.178021 1.368926
v -1.611697 0.162152 0.956114
v -1.611697 -0.109975 0.963491
v -1.060585 -0.118227 0.629081
v -1.060585 0.152274 0.621748
v -0.580349 0.144157 0.367458
v -0.580349 -0.123898 0.374725
v -0.183588 -0.126785 0.238122
v -0.183589 0.139638 0.230899
v 0.168287 0.139639 0.230899
v 0.168288 -0.126785 0.238122
v 0.565059 -0.123898 0.374725
v 0.565059 0.144157 0.367458
v 1.045333 0.152275 0.621748
v 1.045334 -0.118227 0.629081
v 1.596547 -0.109975 0.963492
v 1.596547 0.162153 0.956114
v 2.216333 0.178021 1.368926
v 2.216333 -0.103454 1.376557
v -2.246696 0.459146 1.436116
v -2.269366 0.733791 1.567143
v -1.690452 0.706661 1.200634
v -1.641827 0.435919 1.039900
v -1.095991 0.426216 0.723095
v -1.154067 0.699738 0.914920
v -0.659659 0.692893 0.701539
v -0.610292 0.417429 0.483673
v -0.195752 0.412340 0.355495
v -0.215832 0.688802 0.587976
v 0.200558 0.688801 0.587976
v 0.180457 0.412339 0.355495
v 0.595012 0.417429 0.483673
v 0.644407 0.692892 0.701539
v 1.138875 0.699737 0.914920
v 1.080758 0.426216 0.723096
v 1.626704 0.435920 1.039901
v 1.675388 0.706661 1.200635
v 2.254588 0.733792 1.567143
v 2.231838 0.459146 1.436116
v -2.282722 0.994455 1.739914
v -2.310027 1.228654 1.951664
v -1.813059 1.218496 1.681288
v -1.734307 0.966706 1.409841
v -1.209338 0.964132 1.160839
v -1.288123 1.221705 1.461551
v -0.767487 1.222878 1.301429
v -0.707413 0.960767 0.977495
v -0.235340 0.958588 0.880621
v -0.258358 1.223175 1.217279
v 0.243227 1.223175 1.217279
v 0.220111 0.958588 0.880621
v 0.692216 0.960766 0.977496
v 0.752407 1.222878 1.301429
v 1.273155 1.221705 1.461551
v 1.194219 0.964132 1.160839
v 1.719336 0.966706 1.409841
v 1.798281 1.218497 1.681288
v 2.295565 1.228654 1.951664
v 2.268061 0.994455 1.739914
v -2.239933 -1.994553 9.155695
v -1.715872 -2.025880 8.894885
v -1.564621 -1.679952 9.293954
v -2.154882 -1.664086 9.566360
v -1.185357 -2.051002 8.568644
v -0.684427 -2.058992 8.282847
v -0.571368 -1.719067 8.610403
v -1.036375 -1.707907 8.935815
v -0.216428 -2.060360 8.119459
v 0.234852 -2.060360 8.119459
v 0.195092 -1.722404 8.421700
v -0.171840 -1.722404 8.421701
v 0.705189 -2.058992 8.282846
v 1.210099 -2.051002 8.568643
v 1.067117 -1.707908 8.935813
v 0.597427 -1.719067 8.610402
v 1.744841 -2.025880 8.894884
v 2.271911 -1.994553 9.155695
v 2.193236 -1.664086 9.566358
v 1.600063 -1.679952 9.293952
v -2.076553 -1.212299 9.961851
v -1.441785 -1.229904 9.667193
v -1.319891 -0.678249 9.959926
v -1.994683 -0.662019 10.270030
v -0.901898 -1.259545 9.276199
v -0.462182 -1.273908 8.906269
v -0.353885 -0.719834 9.138225
v -0.768981 -0.704455 9.544407
v -0.127150 -1.279470 8.688523
v 0.155240 -1.279470 8.688522
v 0.115100 -0.726897 8.896382
v -0.082823 -0.726897 8.896382
v 0.493586 -1.273908 8.906267
v 0.938721 -1.259545 9.276197
v 0.811008 -0.704455 9.544406
v 0.389898 -0.719834 9.138226
v 1.483714 -1.229904 9.667192
v 2.121400 -1.212299 9.961850
v 2.044906 -0.662020 10.270029
v 1.367285 -0.678250 9.959926
v -1.944854 -0.040970 10.430123
v -1.246944 -0.052690 10.112030
v -1.246945 0.600607 10.094320
v -1.944854 0.606138 10.412581
v -0.689544 -0.070138 9.683309
v -0.289084 -0.083610 9.256970
v -0.289085 0.585156 9.238841
v -0.689545 0.594802 9.665282
v -0.056300 -0.090898 9.001647
v 0.090957 -0.090898 9.001648
v 0.090957 0.578600 8.983497
v -0.056300 0.578600 8.983497
v 0.327716 -0.083610 9.256972
v 0.734516 -0.070138 9.683310
v 0.734516 0.594802 9.665282
v 0.327716 0.585156 9.238842
v 1.297411 -0.052690 10.112030
v 1.998077 -0.040970 10.430123
v 1.998077 0.606138 10.412581
v 1.297411 0.600608 10.094320
v -1.994684 1.217601 10.219074
v -1.319892 1.217007 9.908545
v -1.441786 1.751991 9.586354
v -2.076553 1.750377 9.881533
v -0.768982 1.220661 9.492216
v -0.353886 1.214013 9.085797
v -0.462183 1.754706 8.824162
v -0.901899 1.760406 9.194326
v -0.082824 1.207962 8.843929
v 0.115098 1.207962 8.843928
v 0.155238 1.748462 8.606436
v -0.127151 1.748463 8.606436
v 0.389897 1.214012 9.085797
v 0.811007 1.220662 9.492216
v 0.938720 1.760405 9.194326
v 0.493584 1.754705 8.824161
v 1.367284 1.217008 9.908547
v 2.044905 1.217602 10.219074
v 2.121400 1.750377 9.881532
v 1.483714 1.751991 9.586354
v -2.154883 2.180073 9.462146
v -1.564622 2.181158 9.189280
v -1.715872 2.504957 8.772055
v -2.239933 2.487806 9.034181
v -1.036376 2.189668 8.830152
v -0.571369 2.183181 8.504614
v -0.684427 2.504860 8.159123
v -1.185358 2.512366 8.444929
v -0.171840 2.176289 8.316009
v 0.195091 2.176288 8.316009
v 0.234852 2.497372 7.995900
v -0.216428 2.497372 7.995900
v 0.597426 2.183180 8.504612
v 1.067116 2.189667 8.830151
v 1.210098 2.512364 8.444931
v 0.705188 2.504858 8.159122
v 1.600063 2.181157 9.189280
v 2.193236 2.180073 9.462145
v 2.271911 2.487805 9.034180
v 1.744840 2.504955 8.772056
v -2.511988 -1.320014 2.364303
v -2.029310 -1.360080 2.147835
v -2.385845 -1.604633 2.699592
v -2.918788 -1.535294 2.918446
v -1.468529 -1.382959 1.932603
v -0.888785 -1.398415 1.775048
v -1.076469 -1.662714 2.286690
v -1.755745 -1.639361 2.463411
v -0.301541 -1.406204 1.692050
v 0.286608 -1.406205 1.692050
v 0.352589 -1.674451 2.192551
v -0.367100 -1.674451 2.192550
v 0.873943 -1.398415 1.775048
v 1.453878 -1.382959 1.932603
v 1.741753 -1.639362 2.463411
v 1.062134 -1.662715 2.286691
v 2.014958 -1.360080 2.147835
v 2.497984 -1.320014 2.364303
v 2.905813 -1.535294 2.918446
v 2.372355 -1.604633 2.699592
v -3.370513 -1.785642 3.652606
v -2.785628 -1.873774 3.404376
v -3.135977 -2.153728 4.240760
v -3.760252 -2.046069 4.516148
v -2.082037 -1.923669 3.141593
v -1.291964 -1.956200 2.938158
v -1.487733 -2.259781 3.726759
v -2.373816 -2.219126 3.956266
v -0.442799 -1.972247 2.827967
v 0.429146 -1.972247 2.827967
v 0.499980 -2.279224 3.600053
v -0.512053 -2.279224 3.600053
v 1.278633 -1.956201 2.938159
v 2.069314 -1.923669 3.141593
v 2.363283 -2.219125 3.956266
v 1.476205 -2.259780 3.726760
v 2.773724 -1.873774 3.404376
v 3.359445 -1.785642 3.652606
v 3.752237 -2.046069 4.516148
v 3.126693 -2.153727 4.240760
v -3.995998 -2.279383 5.459884
v -3.348564 -2.402311 5.161621
v -3.371554 -2.580146 6.092740
v -4.023487 -2.450004 6.408827
v -2.551634 -2.478344 4.862084
v -1.607283 -2.522397 4.609651
v -1.617728 -2.700020 5.514365
v -2.569067 -2.658629 5.784412
v -0.553933 -2.542431 4.467610
v 0.544523 -2.542431 4.467610
v 0.550718 -2.717436 5.359993
v -0.556323 -2.717436 5.359993
v 1.598719 -2.522396 4.609651
v 2.544569 -2.478343 4.862084
v 2.566727 -2.658628 5.784412
v 1.613317 -2.700019 5.514365
v 3.343262 -2.402310 5.161621
v 3.992492 -2.279382 5.459884
v 4.025831 -2.450003 6.408827
v 3.371527 -2.580145 6.092739
v -3.826186 -2.523969 7.262188
v -3.189609 -2.650658 6.932797
v -2.839350 -2.609556 7.620228
v -3.441160 -2.495486 7.957672
v -2.412721 -2.721977 6.619320
v -1.509790 -2.755649 6.338812
v -1.308176 -2.689671 7.022270
v -2.116557 -2.666369 7.304830
v -0.515921 -2.768323 6.177100
v 0.515020 -2.768324 6.177100
v 0.446334 -2.696950 6.859301
v -0.442086 -2.696949 6.859301
v 1.510411 -2.755650 6.338812
v 2.415953 -2.721977 6.619320
v 2.125630 -2.666369 7.304831
v 1.314205 -2.689671 7.022270
v 3.195673 -2.650658 6.932796
v 3.835186 -2.523968 7.262187
v 3.456935 -2.495485 7.957672
v 2.851689 -2.609555 7.620228
v -2.959064 -2.386929 8.471490
v -2.409354 -2.484830 8.133224
v -1.998481 -2.290354 8.519217
v -2.498115 -2.221322 8.818507
v -1.761892 -2.525768 7.820912
v -1.071577 -2.539853 7.545385
v -0.849932 -2.327809 7.938739
v -1.426650 -2.319250 8.208329
v -0.356830 -2.542934 7.387427
v 0.366012 -2.542934 7.387427
v 0.291203 -2.328877 7.785244
v -0.277430 -2.328877 7.785244
v 1.082692 -2.539854 7.545385
v 1.776321 -2.525768 7.820912
v 1.446009 -2.319250 8.208328
v 0.865759 -2.327809 7.938739
v 2.427370 -2.484830 8.133224
v 2.980900 -2.386929 8.471490
v 2.524894 -2.221322 8.818506
v 2.021696 -2.290353 8.519216
v 2.764931 -1.200348 2.402573
v 2.848166 -0.980203 2.259125
v 3.456230 -1.143561 2.904523
v 3.264970 -1.384633 2.989517
v 2.886329 -0.711168 2.100473
v 2.905124 -0.417352 1.975179
v 3.648138 -0.496132 2.673984
v 3.569562 -0.840608 2.777360
v 2.912528 -0.107087 1.903177
v 2.912527 0.210180 1.894576
v 3.688332 0.263815 2.601941
v 3.688332 -0.122319 2.612409
v 2.905124 0.523890 1.949663
v 2.886328 0.824063 2.058854
v 3.569561 0.989985 2.727734
v 3.648137 0.640415 2.643173
v 2.848166 1.101297 2.202697
v 2.764930 1.328891 2.334007
v 3.264969 1.544706 2.910104
v 3.456228 1.299382 2.838296
v 3.789098 -1.618406 3.772379
v 4.077634 -1.357545 3.754349
v 4.632512 -1.588461 4.789696
v 4.246033 -1.864653 4.702058
v 4.292332 -1.014884 3.693724
v 4.455067 -0.604677 3.642103
v 5.209082 -0.725362 4.882790
v 4.954417 -1.206957 4.841848
v 4.542315 -0.143618 3.607471
v 4.542315 0.338994 3.594387
v 5.348433 0.429937 4.882169
v 5.348433 -0.164659 4.898288
v 4.455067 0.801252 3.603989
v 4.292331 1.213653 3.633310
v 4.954416 1.467648 4.769341
v 5.209081 0.988978 4.836314
v 4.077633 1.559096 3.675280
v 3.789097 1.820550 3.679151
v 4.246032 2.116804 4.594122
v 4.632510 1.845767 4.696596
v 4.526455 -2.087693 5.723413
v 4.975739 -1.800035 5.945828
v 5.020813 -1.954938 7.109809
v 4.565290 -2.252182 6.749030
v 5.367324 -1.383857 6.147827
v 5.682332 -0.835123 6.315734
v 5.738680 -0.909638 7.768923
v 5.418570 -1.510805 7.467727
v 5.856021 -0.178313 6.401500
v 5.856021 0.525013 6.382433
v 5.915217 0.608086 7.907783
v 5.915217 -0.178622 7.929110
v 5.682332 1.176213 6.261208
v 5.367323 1.715045 6.063817
v 5.418569 1.913317 7.374901
v 5.738680 1.329351 7.708225
v 4.975737 2.119668 5.839567
v 4.526455 2.394852 5.601893
v 4.565289 2.614665 6.617093
v 5.020813 2.337406 6.993445
v 4.341704 -2.323109 7.659215
v 4.739853 -2.014786 8.120506
v 4.192937 -1.973850 8.887636
v 3.899389 -2.294155 8.382337
v 5.071674 -1.551210 8.587584
v 5.333702 -0.923324 8.978636
v 4.567253 -0.875036 9.813421
v 4.407331 -1.501137 9.395226
v 5.476960 -0.160794 9.188493
v 5.476960 0.658517 9.166282
v 4.652311 0.670777 10.015570
v 4.652311 -0.127021 10.037197
v 5.333702 1.408558 8.915421
v 5.071674 2.014335 8.490924
v 4.407331 2.008092 9.300091
v 4.567253 1.405569 9.751595
v 4.739853 2.451923 7.999414
v 4.341704 2.734801 7.522098
v 3.899389 2.745068 8.245726
v 4.192937 2.452610 8.767636
v 3.346560 -2.187694 8.894827
v 3.528106 -1.859068 9.391770
v 2.844676 -1.727049 9.620085
v 2.790395 -2.049633 9.174493
v 3.623403 -1.389302 9.880261
v 3.683465 -0.788073 10.274100
v 2.827372 -0.699873 10.400216
v 2.844384 -1.267839 10.056480
v 3.712455 -0.086477 10.482946
v 3.712455 0.654442 10.462860
v 2.813820 0.625458 10.561823
v 2.813820 -0.052175 10.580193
v 3.683465 1.343692 10.216309
v 3.623403 1.922700 9.790474
v 2.844383 1.810963 9.973017
v 2.827371 1.262454 10.347017
v 3.528106 2.365309 9.277250
v 3.346560 2.666529 8.763232
v 2.790394 2.543823 9.049967
v 2.844675 2.245855 9.512381
v 2.497983 1.446307 2.289310
v 2.014957 1.474587 2.070988
v 2.372354 1.748675 2.608686
v 2.905812 1.691295 2.830975
v 1.453877 1.485772 1.854833
v 0.873943 1.492670 1.696672
v 1.062133 1.784301 2.193244
v 1.741752 1.770557 2.370970
v 0.286607 1.495951 1.613374
v -0.301542 1.495951 1.613374
v -0.367101 1.790921 2.098606
v 0.352589 1.790921 2.098606
v -0.888785 1.492670 1.696672
v -1.468529 1.485772 1.854833
v -1.755745 1.770557 2.370970
v -1.076470 1.784302 2.193244
v -2.029310 1.474586 2.070988
v -2.511988 1.446307 2.289310
v -2.918788 1.691294 2.830975
v -2.385845 1.748675 2.608686
v 3.359444 1.981051 3.550493
v 2.773724 2.055605 3.297852
v 3.126693 2.380462 4.117840
v 3.752236 2.287881 4.398655
v 2.069313 2.091190 3.032752
v 1.278633 2.112652 2.827854
v 1.476205 2.458511 3.598849
v 2.363282 2.430351 3.830221
v 0.429146 2.122705 2.716955
v -0.442799 2.122705 2.716955
v -0.512054 2.471061 3.471275
v 0.499980 2.471061 3.471275
v -1.291965 2.112653 2.827854
v -2.082038 2.091190 3.032752
v -2.373818 2.430349 3.830221
v -1.487734 2.458510 3.598849
v -2.785628 2.055604 3.297852
v -3.370513 1.981050 3.550493
v -3.760252 2.287880 4.398655
v -3.135978 2.380460 4.117839
v 3.992492 2.571982 5.328366
v 3.343262 2.678571 5.023880
v 3.371526 2.906592 5.943996
v 4.025831 2.793765 6.266672
v 2.544569 2.738265 4.720665
v 1.598720 2.768575 4.466215
v 1.613317 2.994954 5.359976
v 2.566727 2.968255 5.631869
v 0.544523 2.780884 4.323298
v -0.553934 2.780884 4.323298
v -0.556323 3.003980 5.204886
v 0.550718 3.003980 5.204886
v -1.607284 2.768574 4.466214
v -2.551635 2.738263 4.720665
v -2.569068 2.968254 5.631869
v -1.617729 2.994953 5.359975
v -3.348564 2.678570 5.023880
v -3.995999 2.571981 5.328365
v -4.023487 2.793764 6.266672
v -3.371555 2.906591 5.943995
v 3.835186 2.913855 7.114771
v 3.195672 3.022513 6.778999
v 2.851689 3.018715 7.467649
v 3.456935 2.923094 7.810778
v 2.415953 3.076745 6.462119
v 1.510411 3.095170 6.180198
v 1.314204 3.066318 6.866227
v 2.125629 3.058358 7.149635
v 0.515020 3.099064 6.018037
v -0.515922 3.099064 6.018036
v -0.442087 3.064757 6.703103
v 0.446333 3.064757 6.703103
v -1.509791 3.095170 6.180197
v -2.412722 3.076745 6.462119
v -2.116558 3.058359 7.149635
v -1.308177 3.066318 6.866227
v -3.189610 3.022513 6.778999
v -3.826187 2.913855 7.114771
v -3.441161 2.923095 7.810778
v -2.839350 3.018717 7.467649
v 2.980900 2.842535 8.329720
v 2.427369 2.921966 7.986648
v 2.021696 2.748687 8.382610
v 2.524894 2.695972 8.685201
v 1.776320 2.945924 7.672576
v 1.082691 2.945061 7.396691
v 0.865759 2.754638 7.800954
v 1.446009 2.760697 8.070612
v 0.366011 2.939579 7.238797
v -0.356830 2.939579 7.238797
v -0.277429 2.747388 7.647627
v 0.291203 2.747388 7.647627
v -1.071577 2.945062 7.396691
v -1.761893 2.945926 7.672576
v -1.426650 2.760700 8.070612
v -0.849932 2.754638 7.800955
v -2.409354 2.921968 7.986647
v -2.959064 2.842536 8.329721
v -2.498115 2.695974 8.685201
v -1.998482 2.748689 8.382609
v -2.778824 1.328891 2.334007
v -2.862200 1.101296 2.202698
v -3.468994 1.299381 2.838296
v -3.277692 1.544705 2.910104
v -2.900510 0.824061 2.058854
v -2.919414 0.523889 1.949662
v -3.661129 0.640414 2.643173
v -3.582454 0.989984 2.727734
v -2.926875 0.210180 1.894575
v -2.926875 -0.107087 1.903176
v -3.701376 -0.122318 2.612409
v -3.701376 0.263815 2.601941
v -2.919413 -0.417352 1.975179
v -2.900509 -0.711167 2.100473
v -3.582453 -0.840607 2.777360
v -3.661129 -0.496131 2.673983
v -2.862200 -0.980202 2.259126
v -2.778824 -1.200349 2.402574
v -3.277692 -1.384633 2.989517
v -3.468994 -1.143560 2.904523
v -3.799636 1.820550 3.679151
v -4.087993 1.559095 3.675280
v -4.638815 1.845766 4.696596
v -4.253038 2.116804 4.594121
v -4.302632 1.213651 3.633310
v -4.465321 0.801252 3.603989
v -5.214329 0.988978 4.836315
v -4.960145 1.467647 4.769341
v -4.552544 0.338994 3.594387
v -4.552544 -0.143618 3.607471
v -5.353409 -0.164658 4.898288
v -5.353409 0.429938 4.882169
v -4.465321 -0.604676 3.642103
v -4.302632 -1.014883 3.693724
v -4.960145 -1.206957 4.841848
v -5.214328 -0.725361 4.882789
v -4.087993 -1.357545 3.754349
v -3.799636 -1.618406 3.772379
v -4.253037 -1.864653 4.702057
v -4.638815 -1.588461 4.789696
v -4.528209 2.394852 5.601893
v -4.975810 2.119668 5.839566
v -5.012721 2.337407 6.993445
v -4.560245 2.614665 6.617093
v -5.365756 1.715045 6.063817
v -5.679350 1.176213 6.261208
v -5.724681 1.329351 7.708225
v -5.407323 1.913318 7.374901
v -5.852235 0.525013 6.382433
v -5.852235 -0.178312 6.401500
v -5.899649 -0.178621 7.929109
v -5.899649 0.608087 7.907782
v -5.679350 -0.835123 6.315734
v -5.365756 -1.383857 6.147827
v -5.407323 -1.510805 7.467728
v -5.724681 -0.909638 7.768924
v -4.975809 -1.800036 5.945827
v -4.528209 -2.087694 5.723413
v -4.560244 -2.252182 6.749030
v -5.012720 -1.954939 7.109809
v -4.329019 2.734801 7.522098
v -4.722689 2.451924 7.999414
v -4.166956 2.452611 8.767635
v -3.879080 2.745069 8.245726
v -5.049795 2.014336 8.490926
v -5.307723 1.408559 8.915421
v -4.530206 1.405570 9.751595
v -4.375400 2.008094 9.300091
v -5.448644 0.658518 9.166282
v -5.448644 -0.160793 9.188494
v -4.612363 -0.127020 10.037198
v -4.612363 0.670778 10.015571
v -5.307723 -0.923323 8.978637
v -5.049795 -1.551210 8.587584
v -4.375400 -1.501137 9.395226
v -4.530206 -0.875036 9.813421
v -4.722688 -2.014786 8.120506
v -4.329018 -2.323109 7.659215
v -3.879079 -2.294156 8.382337
v -4.166956 -1.973850 8.887636
v -3.319647 2.666530 8.763233
v -3.494870 2.365310 9.277250
v -2.806949 2.245855 9.512381
v -2.758984 2.543824 9.049967
v -3.583646 1.922701 9.790474
v -3.638203 1.343693 10.216310
v -2.777717 1.262453 10.347018
v -2.800133 1.810963 9.973017
v -3.664093 0.654442 10.462860
v -3.664093 -0.086476 10.482947
v -2.761147 -0.052174 10.580194
v -2.761147 0.625458 10.561825
v -3.638202 -0.788072 10.274100
v -3.583646 -1.389302 9.880261
v -2.800133 -1.267839 10.056482
v -2.777716 -0.699872 10.400216
v -3.494870 -1.859067 9.391771
v -3.319647 -2.187694 8.894828
v -2.758984 -2.049633 9.174495
v -2.806949 -1.727049 9.620087
vn -0.3926 -0.6834 -0.6155
vn -0.4139 -0.6537 -0.6336
vn -0.3864 -0.6679 -0.6361
vn -0.3684 -0.7006 -0.6111
vn -0.4444 -0.6062 -0.6595
vn -0.4136 -0.6219 -0.6650
vn -0.3516 -0.6901 -0.6325
vn -0.3332 -0.7241 -0.6039
vn -0.3777 -0.6464 -0.6629
vn -0.4754 -0.5516 -0.6853
vn -0.5042 -0.4930 -0.7090
vn -0.4728 -0.5110 -0.7179
vn -0.4433 -0.5692 -0.6925
vn -0.4380 -0.5385 -0.7198
vn -0.4074 -0.5958 -0.6921
vn -0.3662 -0.6074 -0.7049
vn -0.3332 -0.6597 -0.6736
vn -0.3705 -0.6271 -0.6852
vn -0.4023 -0.5717 -0.7150
vn -0.3030 -0.7040 -0.6423
vn -0.3407 -0.6748 -0.6546
vn -0.2775 -0.7410 -0.6114
vn -0.2585 -0.7706 -0.5826
vn -0.2959 -0.7479 -0.5942
vn -0.3150 -0.7154 -0.6237
vn -0.2377 -0.7659 -0.5975
vn -0.2193 -0.7923 -0.5694
vn -0.2625 -0.7327 -0.6279
vn -0.1948 -0.7889 -0.5829
vn -0.1781 -0.8120 -0.5558
vn -0.2175 -0.7598 -0.6127
vn -0.3262 -0.6443 -0.6917
vn -0.2925 -0.6925 -0.6595
vn -0.2776 -0.6815 -0.6771
vn -0.2454 -0.7243 -0.6443
vn -0.1536 -0.7447 -0.6495
vn -0.1322 -0.7758 -0.6170
vn -0.1921 -0.7528 -0.6296
vn -0.2204 -0.7160 -0.6624
vn -0.1145 -0.8021 -0.5861
vn -0.1682 -0.7834 -0.5983
vn -0.1005 -0.8239 -0.5578
vn -0.0905 -0.8414 -0.5327
vn -0.1352 -0.8287 -0.5432
vn -0.1491 -0.8086 -0.5692
vn -0.0503 -0.8335 -0.5502
vn -0.0450 -0.8494 -0.5258
vn -0.0577 -0.8141 -0.5779
vn -0.0000 -0.8368 -0.5475
vn -0.0000 -0.8521 -0.5234
vn -0.0000 -0.8181 -0.5750
vn -0.0788 -0.7640 -0.6404
vn -0.0671 -0.7908 -0.6083
vn -0.0000 -0.7707 -0.6372
vn -0.0000 -0.7960 -0.6053
vn 0.1536 -0.7447 -0.6495
vn 0.1322 -0.7758 -0.6170
vn 0.0671 -0.7908 -0.6083
vn 0.0788 -0.7639 -0.6405
vn 0.1145 -0.8021 -0.5861
vn 0.0576 -0.8140 -0.5779
vn 0.1005 -0.8238 -0.5578
vn 0.0905 -0.8414 -0.5328
vn 0.0450 -0.8494 -0.5258
vn 0.0503 -0.8335 -0.5502
vn 0.1491 -0.8085 -0.5692
vn 0.1352 -0.8286 -0.5432
vn 0.1682 -0.7834 -0.5983
vn 0.1948 -0.7888 -0.5830
vn 0.1781 -0.8120 -0.5559
vn 0.2175 -0.7597 -0.6128
vn 0.2204 -0.7160 -0.6624
vn 0.1921 -0.7528 -0.6296
vn 0.2776 -0.6815 -0.6771
vn 0.2454 -0.7243 -0.6444
vn 0.3662 -0.6074 -0.7050
vn 0.3331 -0.6597 -0.6737
vn 0.2924 -0.6925 -0.6595
vn 0.3261 -0.6443 -0.6918
vn 0.3029 -0.7040 -0.6424
vn 0.2625 -0.7326 -0.6280
vn 0.2774 -0.7409 -0.6116
vn 0.2585 -0.7705 -0.5827
vn 0.2192 -0.7922 -0.5695
vn 0.2376 -0.7658 -0.5976
vn 0.3149 -0.7153 -0.6238
vn 0.2959 -0.7477 -0.5944
vn 0.3406 -0.6747 -0.6548
vn 0.3515 -0.6900 -0.6327
vn 0.3331 -0.7239 -0.6041
vn 0.3776 -0.6463 -0.6631
vn 0.4022 -0.5717 -0.7151
vn 0.3704 -0.6270 -0.6853
vn 0.4379 -0.5385 -0.7199
vn 0.4073 -0.5958 -0.6922
vn 0.5039 -0.4929 -0.7093
vn 0.4752 -0.5515 -0.6856
vn 0.4431 -0.5691 -0.6927
vn 0.4726 -0.5109 -0.7181
vn 0.4442 -0.6061 -0.6598
vn 0.4134 -0.6218 -0.6652
vn 0.4137 -0.6535 -0.6339
vn 0.3924 -0.6832 -0.6158
vn 0.3682 -0.7004 -0.6114
vn 0.3862 -0.6677 -0.6364
vn -0.5308 -0.4284 -0.7313
vn -0.5004 -0.4462 -0.7420
vn -0.5542 -0.3580 -0.7515
vn -0.5252 -0.3744 -0.7642
vn -0.4674 -0.4737 -0.7464
vn -0.4947 -0.4002 -0.7714
vn -0.5739 -0.2811 -0.7692
vn -0.5891 -0.1972 -0.7836
vn -0.5631 -0.2075 -0.7999
vn -0.5465 -0.2950 -0.7838
vn -0.5378 -0.2238 -0.8128
vn -0.5187 -0.3171 -0.7940
vn -0.4950 -0.2691 -0.8262
vn -0.4676 -0.3777 -0.7992
vn -0.4921 -0.3454 -0.7991
vn -0.5147 -0.2448 -0.8217
vn -0.4350 -0.4691 -0.7686
vn -0.4644 -0.4326 -0.7728
vn -0.4005 -0.5451 -0.7366
vn -0.4338 -0.5077 -0.7443
vn -0.3625 -0.5851 -0.7255
vn -0.4007 -0.5097 -0.7613
vn -0.3137 -0.6273 -0.7128
vn -0.3535 -0.5546 -0.7533
vn -0.4708 -0.2981 -0.8303
vn -0.4381 -0.4151 -0.7973
vn -0.4318 -0.3334 -0.8381
vn -0.3945 -0.4586 -0.7963
vn -0.2827 -0.4128 -0.8659
vn -0.2465 -0.5492 -0.7985
vn -0.3326 -0.5049 -0.7965
vn -0.3723 -0.3728 -0.8499
vn -0.2108 -0.6412 -0.7379
vn -0.2914 -0.6000 -0.7450
vn -0.1794 -0.7031 -0.6881
vn -0.2533 -0.6679 -0.6998
vn -0.0932 -0.7275 -0.6798
vn -0.1113 -0.6710 -0.7330
vn -0.0000 -0.7362 -0.6768
vn -0.0000 -0.6820 -0.7313
vn -0.1555 -0.4449 -0.8820
vn -0.1328 -0.5831 -0.8015
vn -0.0000 -0.4575 -0.8892
vn -0.0000 -0.5960 -0.8030
vn 0.2827 -0.4128 -0.8659
vn 0.2465 -0.5492 -0.7985
vn 0.1328 -0.5831 -0.8015
vn 0.1555 -0.4449 -0.8820
vn 0.2108 -0.6412 -0.7379
vn 0.1113 -0.6710 -0.7331
vn 0.1794 -0.7031 -0.6881
vn 0.0932 -0.7274 -0.6798
vn 0.2533 -0.6679 -0.6998
vn 0.2914 -0.6000 -0.7450
vn 0.3137 -0.6272 -0.7129
vn 0.3535 -0.5546 -0.7533
vn 0.3723 -0.3728 -0.8500
vn 0.3326 -0.5049 -0.7965
vn 0.4318 -0.3333 -0.8381
vn 0.3944 -0.4586 -0.7963
vn 0.4949 -0.2691 -0.8263
vn 0.4675 -0.3777 -0.7992
vn 0.4381 -0.4151 -0.7973
vn 0.4708 -0.2981 -0.8304
vn 0.4350 -0.4691 -0.7686
vn 0.4007 -0.5097 -0.7614
vn 0.4004 -0.5450 -0.7366
vn 0.3624 -0.5851 -0.7255
vn 0.4337 -0.5077 -0.7444
vn 0.4643 -0.4326 -0.7729
vn 0.4672 -0.4737 -0.7465
vn 0.4946 -0.4001 -0.7715
vn 0.5146 -0.2447 -0.8218
vn 0.4920 -0.3453 -0.7992
vn 0.5377 -0.2238 -0.8129
vn 0.5186 -0.3171 -0.7941
vn 0.5888 -0.1971 -0.7838
vn 0.5736 -0.2811 -0.7694
vn 0.5463 -0.2950 -0.7839
vn 0.5629 -0.2075 -0.8001
vn 0.5539 -0.3579 -0.7518
vn 0.5250 -0.3743 -0.7644
vn 0.5305 -0.4283 -0.7315
vn 0.5001 -0.4461 -0.7422
vn -0.5987 -0.1095 -0.7934
vn -0.5737 -0.1152 -0.8110
vn -0.6019 -0.0216 -0.7983
vn -0.5772 -0.0221 -0.8163
vn -0.5501 -0.1239 -0.8259
vn -0.5542 -0.0226 -0.8321
vn -0.5987 0.0663 -0.7982
vn -0.5891 0.1544 -0.7931
vn -0.5631 0.1639 -0.8100
vn -0.5737 0.0711 -0.8160
vn -0.5378 0.1794 -0.8237
vn -0.5501 0.0790 -0.8314
vn -0.4950 0.2239 -0.8396
vn -0.5131 0.1021 -0.8522
vn -0.5294 0.0895 -0.8437
vn -0.5147 0.1999 -0.8338
vn -0.5194 -0.0232 -0.8542
vn -0.5344 -0.0229 -0.8449
vn -0.5131 -0.1481 -0.8454
vn -0.5294 -0.1351 -0.8376
vn -0.4931 -0.1640 -0.8544
vn -0.5008 -0.0235 -0.8652
vn -0.4582 -0.1839 -0.8696
vn -0.4675 -0.0240 -0.8837
vn -0.4708 0.2527 -0.8453
vn -0.4931 0.1175 -0.8620
vn -0.4318 0.2875 -0.8549
vn -0.4582 0.1365 -0.8783
vn -0.2827 0.3653 -0.8869
vn -0.3106 0.1815 -0.9331
vn -0.4015 0.1585 -0.9020
vn -0.3723 0.3262 -0.8689
vn -0.3209 -0.0257 -0.9468
vn -0.4121 -0.0247 -0.9108
vn -0.3106 -0.2318 -0.9219
vn -0.4015 -0.2071 -0.8921
vn -0.1736 -0.2525 -0.9519
vn -0.1805 -0.0267 -0.9832
vn -0.0000 -0.2608 -0.9654
vn -0.0000 -0.0271 -0.9996
vn -0.1555 0.3964 -0.9048
vn -0.1736 0.2005 -0.9642
vn -0.0000 0.4087 -0.9127
vn -0.0000 0.2081 -0.9781
vn 0.2827 0.3652 -0.8870
vn 0.3106 0.1815 -0.9331
vn 0.1736 0.2005 -0.9642
vn 0.1555 0.3964 -0.9048
vn 0.3209 -0.0257 -0.9468
vn 0.1805 -0.0267 -0.9832
vn 0.3106 -0.2318 -0.9219
vn 0.1736 -0.2524 -0.9519
vn 0.4015 -0.2071 -0.8921
vn 0.4121 -0.0247 -0.9108
vn 0.4582 -0.1839 -0.8696
vn 0.4675 -0.0240 -0.8837
vn 0.3723 0.3262 -0.8689
vn 0.4015 0.1585 -0.9020
vn 0.4318 0.2874 -0.8549
vn 0.4582 0.1365 -0.8783
vn 0.4949 0.2239 -0.8396
vn 0.5131 0.1021 -0.8523
vn 0.4930 0.1174 -0.8621
vn 0.4708 0.2527 -0.8453
vn 0.5193 -0.0232 -0.8543
vn 0.5008 -0.0235 -0.8653
vn 0.5131 -0.1481 -0.8455
vn 0.4930 -0.1640 -0.8544
vn 0.5293 -0.1351 -0.8376
vn 0.5343 -0.0229 -0.8450
vn 0.5499 -0.1239 -0.8260
vn 0.5540 -0.0226 -0.8322
vn 0.5146 0.1999 -0.8338
vn 0.5293 0.0895 -0.8437
vn 0.5377 0.1794 -0.8238
vn 0.5499 0.0790 -0.8315
vn 0.5888 0.1544 -0.7934
vn 0.5984 0.0663 -0.7984
vn 0.5734 0.0711 -0.8162
vn 0.5629 0.1638 -0.8101
vn 0.6016 -0.0216 -0.7985
vn 0.5770 -0.0221 -0.8165
vn 0.5984 -0.1095 -0.7937
vn 0.5734 -0.1152 -0.8111
vn -0.5739 0.2390 -0.7833
vn -0.5465 0.2521 -0.7986
vn -0.5542 0.3167 -0.7698
vn -0.5252 0.3324 -0.7834
vn -0.5187 0.2736 -0.8100
vn -0.4947 0.3578 -0.7920
vn -0.5308 0.3881 -0.7534
vn -0.5042 0.4539 -0.7347
vn -0.4728 0.4713 -0.7445
vn -0.5004 0.4053 -0.7651
vn -0.4380 0.4987 -0.7479
vn -0.4674 0.4326 -0.7710
vn -0.3662 0.5683 -0.7368
vn -0.4005 0.5043 -0.7650
vn -0.4338 0.4666 -0.7707
vn -0.4023 0.5322 -0.7450
vn -0.4350 0.4268 -0.7928
vn -0.4644 0.3901 -0.7951
vn -0.4676 0.3339 -0.8185
vn -0.4921 0.3016 -0.8167
vn -0.4381 0.3713 -0.8186
vn -0.4007 0.4677 -0.7878
vn -0.3945 0.4148 -0.8200
vn -0.3535 0.5130 -0.7822
vn -0.3262 0.6059 -0.7256
vn -0.3625 0.5449 -0.7561
vn -0.2776 0.6439 -0.7130
vn -0.3137 0.5877 -0.7458
vn -0.1536 0.7084 -0.6889
vn -0.1794 0.6648 -0.7252
vn -0.2533 0.6290 -0.7350
vn -0.2204 0.6791 -0.7002
vn -0.2108 0.6003 -0.7715
vn -0.2914 0.5588 -0.7764
vn -0.2465 0.5052 -0.8271
vn -0.3326 0.4610 -0.8227
vn -0.1328 0.5388 -0.8319
vn -0.1113 0.6303 -0.7683
vn -0.0000 0.5516 -0.8341
vn -0.0000 0.6414 -0.7672
vn -0.0788 0.7281 -0.6809
vn -0.0932 0.6896 -0.7182
vn -0.0000 0.7351 -0.6780
vn -0.0000 0.6984 -0.7157
vn 0.1536 0.7084 -0.6889
vn 0.1794 0.6647 -0.7252
vn 0.0932 0.6895 -0.7182
vn 0.0788 0.7281 -0.6809
vn 0.2108 0.6002 -0.7715
vn 0.1113 0.6303 -0.7683
vn 0.2465 0.5052 -0.8271
vn 0.1328 0.5388 -0.8319
vn 0.3326 0.4610 -0.8227
vn 0.2914 0.5588 -0.7765
vn 0.3944 0.4147 -0.8200
vn 0.3535 0.5130 -0.7822
vn 0.2204 0.6791 -0.7002
vn 0.2533 0.6290 -0.7350
vn 0.2776 0.6438 -0.7130
vn 0.3137 0.5877 -0.7458
vn 0.3662 0.5683 -0.7369
vn 0.4004 0.5043 -0.7651
vn 0.3624 0.5449 -0.7561
vn 0.3261 0.6059 -0.7257
vn 0.4350 0.4267 -0.7929
vn 0.4007 0.4677 -0.7879
vn 0.4675 0.3338 -0.8185
vn 0.4381 0.3713 -0.8187
vn 0.4919 0.3015 -0.8167
vn 0.4643 0.3901 -0.7952
vn 0.5186 0.2736 -0.8101
vn 0.4946 0.3577 -0.7921
vn 0.4022 0.5321 -0.7451
vn 0.4337 0.4666 -0.7708
vn 0.4379 0.4987 -0.7481
vn 0.4672 0.4325 -0.7711
vn 0.5039 0.4538 -0.7349
vn 0.5305 0.3880 -0.7537
vn 0.5001 0.4052 -0.7653
vn 0.4726 0.4712 -0.7447
vn 0.5539 0.3167 -0.7700
vn 0.5250 0.3324 -0.7835
vn 0.5736 0.2390 -0.7835
vn 0.5463 0.2521 -0.7988
vn -0.4754 0.5137 -0.7142
vn -0.4433 0.5308 -0.7223
vn -0.4444 0.5696 -0.6914
vn -0.4136 0.5849 -0.6977
vn -0.4074 0.5575 -0.7233
vn -0.3777 0.6095 -0.6970
vn -0.4139 0.6184 -0.6681
vn -0.3926 0.6490 -0.6516
vn -0.3684 0.6665 -0.6482
vn -0.3864 0.6324 -0.6714
vn -0.3332 0.6903 -0.6422
vn -0.3516 0.6549 -0.6690
vn -0.2585 0.7379 -0.6234
vn -0.2775 0.7068 -0.6507
vn -0.3150 0.6806 -0.6615
vn -0.2959 0.7146 -0.6339
vn -0.3030 0.6682 -0.6795
vn -0.3407 0.6384 -0.6902
vn -0.3332 0.6223 -0.7084
vn -0.3705 0.5890 -0.7182
vn -0.2925 0.6557 -0.6960
vn -0.2625 0.6976 -0.6667
vn -0.2454 0.6883 -0.6826
vn -0.2175 0.7255 -0.6530
vn -0.2193 0.7603 -0.6115
vn -0.2377 0.7324 -0.6381
vn -0.1781 0.7807 -0.5990
vn -0.1948 0.7561 -0.6248
vn -0.0905 0.8113 -0.5775
vn -0.1005 0.7924 -0.6016
vn -0.1491 0.7765 -0.6122
vn -0.1352 0.7980 -0.5873
vn -0.1145 0.7692 -0.6287
vn -0.1682 0.7499 -0.6398
vn -0.1322 0.7412 -0.6581
vn -0.1921 0.7176 -0.6694
vn -0.0671 0.7567 -0.6503
vn -0.0577 0.7815 -0.6212
vn -0.0000 0.7621 -0.6475
vn -0.0000 0.7858 -0.6185
vn -0.0450 0.8197 -0.5710
vn -0.0503 0.8025 -0.5945
vn -0.0000 0.8225 -0.5688
vn -0.0000 0.8059 -0.5920
vn 0.0905 0.8113 -0.5776
vn 0.1005 0.7924 -0.6016
vn 0.0503 0.8025 -0.5945
vn 0.0450 0.8197 -0.5711
vn 0.1145 0.7691 -0.6287
vn 0.0576 0.7815 -0.6212
vn 0.1322 0.7412 -0.6581
vn 0.0671 0.7567 -0.6503
vn 0.1921 0.7176 -0.6694
vn 0.1682 0.7498 -0.6399
vn 0.2454 0.6883 -0.6827
vn 0.2175 0.7254 -0.6530
vn 0.1352 0.7980 -0.5873
vn 0.1491 0.7765 -0.6122
vn 0.1781 0.7807 -0.5990
vn 0.1948 0.7561 -0.6248
vn 0.2585 0.7378 -0.6236
vn 0.2774 0.7067 -0.6508
vn 0.2376 0.7323 -0.6382
vn 0.2192 0.7602 -0.6116
vn 0.3029 0.6681 -0.6796
vn 0.2625 0.6975 -0.6668
vn 0.3331 0.6222 -0.7084
vn 0.2924 0.6557 -0.6961
vn 0.3704 0.5890 -0.7183
vn 0.3406 0.6383 -0.6903
vn 0.4073 0.5574 -0.7235
vn 0.3776 0.6094 -0.6972
vn 0.2959 0.7144 -0.6341
vn 0.3149 0.6805 -0.6617
vn 0.3331 0.6901 -0.6425
vn 0.3515 0.6547 -0.6691
vn 0.3924 0.6488 -0.6519
vn 0.4137 0.6182 -0.6684
vn 0.3862 0.6323 -0.6716
vn 0.3682 0.6663 -0.6484
vn 0.4442 0.5695 -0.6917
vn 0.4134 0.5848 -0.6979
vn 0.4752 0.5135 -0.7145
vn 0.4431 0.5307 -0.7225
vn 0.1062 -0.8628 0.4942
vn 0.1343 -0.8656 0.4823
vn 0.1628 -0.8317 0.5308
vn 0.1105 -0.8373 0.5354
vn 0.1700 -0.8670 0.4683
vn 0.2082 -0.8290 0.5191
vn 0.1868 -0.7841 0.5919
vn 0.1176 -0.7929 0.5979
vn 0.2438 -0.7790 0.5777
vn 0.2015 -0.8646 0.4603
vn 0.2263 -0.8582 0.4608
vn 0.2735 -0.8173 0.5072
vn 0.2447 -0.8248 0.5097
vn 0.3238 -0.7647 0.5571
vn 0.2880 -0.7737 0.5643
vn 0.4193 -0.6388 0.6451
vn 0.3650 -0.6506 0.6660
vn 0.3286 -0.7144 0.6178
vn 0.3736 -0.7034 0.6046
vn 0.3020 -0.6575 0.6903
vn 0.2747 -0.7211 0.6361
vn 0.2265 -0.6637 0.7129
vn 0.1384 -0.6734 0.7262
vn 0.1273 -0.7377 0.6630
vn 0.2076 -0.7275 0.6539
vn 0.2420 -0.8479 0.4717
vn 0.2925 -0.8052 0.5158
vn 0.2426 -0.8340 0.4956
vn 0.2946 -0.7892 0.5389
vn 0.3487 -0.7502 0.5618
vn 0.3545 -0.7314 0.5825
vn 0.2221 -0.8176 0.5313
vn 0.1708 -0.8009 0.5740
vn 0.2128 -0.7524 0.6234
vn 0.2724 -0.7706 0.5762
vn 0.2655 -0.6906 0.6727
vn 0.3327 -0.7103 0.6203
vn 0.3958 -0.5429 0.7407
vn 0.4672 -0.5675 0.6780
vn 0.3992 -0.6404 0.6562
vn 0.3271 -0.6188 0.7141
vn 0.4795 -0.5951 0.6449
vn 0.4179 -0.6645 0.6196
vn 0.4604 -0.6197 0.6356
vn 0.4061 -0.6863 0.6033
vn 0.0921 -0.7874 0.6095
vn 0.1165 -0.7380 0.6647
vn -0.0000 -0.7820 0.6233
vn -0.0000 -0.7322 0.6811
vn 0.1483 -0.6759 0.7219
vn 0.0001 -0.6699 0.7424
vn -0.0920 -0.7868 0.6104
vn -0.1706 -0.7997 0.5756
vn -0.2124 -0.7509 0.6253
vn -0.1163 -0.7372 0.6656
vn -0.2648 -0.6886 0.6750
vn -0.1481 -0.6747 0.7231
vn -0.3942 -0.5400 0.7437
vn -0.2354 -0.5254 0.8176
vn -0.1875 -0.6025 0.7758
vn -0.3261 -0.6163 0.7168
vn 0.0001 -0.5219 0.8530
vn 0.0001 -0.5983 0.8013
vn 0.2361 -0.5273 0.8162
vn 0.1880 -0.6040 0.7745
vn -0.2217 -0.8162 0.5336
vn -0.2719 -0.7687 0.5789
vn -0.2423 -0.8325 0.4982
vn -0.2940 -0.7872 0.5421
vn -0.3319 -0.7079 0.6235
vn -0.3537 -0.7289 0.5861
vn -0.2418 -0.8464 0.4744
vn -0.2262 -0.8568 0.4634
vn -0.2732 -0.8155 0.5102
vn -0.2921 -0.8033 0.5190
vn -0.3234 -0.7624 0.5605
vn -0.3480 -0.7478 0.5655
vn -0.4182 -0.6356 0.6489
vn -0.4589 -0.6164 0.6399
vn -0.4051 -0.6834 0.6074
vn -0.3729 -0.7007 0.6083
vn -0.4777 -0.5917 0.6494
vn -0.4166 -0.6615 0.6236
vn -0.4653 -0.5642 0.6821
vn -0.3978 -0.6374 0.6599
vn -0.2014 -0.8634 0.4625
vn -0.2446 -0.8232 0.5124
vn -0.1700 -0.8660 0.4702
vn -0.2082 -0.8276 0.5213
vn -0.2878 -0.7716 0.5672
vn -0.2437 -0.7772 0.5801
vn -0.1344 -0.8648 0.4838
vn -0.1063 -0.8621 0.4954
vn -0.1107 -0.8366 0.5365
vn -0.1628 -0.8306 0.5325
vn -0.1177 -0.7921 0.5990
vn -0.1868 -0.7828 0.5936
vn -0.1385 -0.6723 0.7272
vn -0.2265 -0.6620 0.7145
vn -0.2076 -0.7259 0.6557
vn -0.1275 -0.7367 0.6641
vn -0.3017 -0.6551 0.6926
vn -0.2745 -0.7190 0.6385
vn -0.3644 -0.6478 0.6690
vn -0.3282 -0.7119 0.6209
vn 0.2450 -0.5895 0.7698
vn 0.1497 -0.5972 0.7880
vn 0.3281 -0.5850 0.7417
vn 0.2625 -0.5006 0.8249
vn 0.1603 -0.5065 0.8472
vn 0.3533 -0.4980 0.7920
vn 0.4627 -0.5680 0.6807
vn 0.3994 -0.5794 0.7104
vn 0.5055 -0.4830 0.7150
vn 0.4332 -0.4937 0.7541
vn 0.5812 -0.2514 0.7740
vn 0.4935 -0.2580 0.8306
vn 0.4654 -0.3881 0.7955
vn 0.5461 -0.3790 0.7470
vn 0.3979 -0.2599 0.8799
vn 0.3771 -0.3911 0.8395
vn 0.2925 -0.2602 0.9202
vn 0.1775 -0.2623 0.9485
vn 0.1699 -0.3962 0.9023
vn 0.2787 -0.3923 0.8766
vn 0.5123 -0.5482 0.6611
vn 0.5394 -0.5218 0.6609
vn 0.5634 -0.4636 0.6839
vn 0.5979 -0.4370 0.6719
vn 0.4705 -0.4637 0.7508
vn 0.5356 -0.4914 0.6868
vn 0.5495 -0.3767 0.7457
vn 0.6033 -0.4059 0.6865
vn 0.6877 -0.1766 0.7042
vn 0.7146 -0.1985 0.6708
vn 0.6650 -0.3087 0.6800
vn 0.6254 -0.2809 0.7280
vn 0.6958 -0.2203 0.6836
vn 0.6517 -0.3374 0.6793
vn 0.6513 -0.2384 0.7204
vn 0.6111 -0.3616 0.7042
vn 0.2942 -0.4476 0.8445
vn 0.0002 -0.4435 0.8963
vn 0.3631 -0.3620 0.8586
vn 0.0003 -0.3612 0.9325
vn -0.4682 -0.4605 0.7542
vn -0.2930 -0.4454 0.8460
vn -0.5463 -0.3735 0.7497
vn -0.3613 -0.3597 0.8603
vn -0.6827 -0.1745 0.7096
vn -0.5052 -0.1654 0.8470
vn -0.4358 -0.2663 0.8598
vn -0.6212 -0.2780 0.7327
vn 0.0008 -0.1727 0.9850
vn 0.0005 -0.2718 0.9623
vn 0.5087 -0.1671 0.8446
vn 0.4384 -0.2685 0.8578
vn -0.5329 -0.4879 0.6913
vn -0.5370 -0.5182 0.6657
vn -0.5998 -0.4024 0.6916
vn -0.5948 -0.4334 0.6771
vn -0.4612 -0.5646 0.6845
vn -0.5103 -0.5446 0.6656
vn -0.5035 -0.4796 0.7186
vn -0.5607 -0.4600 0.6885
vn -0.5780 -0.2490 0.7771
vn -0.6471 -0.2359 0.7250
vn -0.6077 -0.3583 0.7088
vn -0.5436 -0.3759 0.7505
vn -0.6910 -0.2179 0.6892
vn -0.6477 -0.3342 0.6847
vn -0.7095 -0.1962 0.6769
vn -0.6607 -0.3056 0.6856
vn -0.3985 -0.5764 0.7134
vn -0.3277 -0.5825 0.7438
vn -0.4319 -0.4906 0.7568
vn -0.3526 -0.4954 0.7938
vn -0.1498 -0.5961 0.7888
vn -0.2449 -0.5876 0.7712
vn -0.1604 -0.5053 0.8479
vn -0.2623 -0.4988 0.8261
vn -0.1776 -0.2615 0.9487
vn -0.2921 -0.2589 0.9207
vn -0.2784 -0.3906 0.8774
vn -0.1700 -0.3952 0.9027
vn -0.3967 -0.2581 0.8809
vn -0.3762 -0.3888 0.8410
vn -0.4914 -0.2559 0.8325
vn -0.4637 -0.3853 0.7978
vn 0.3012 -0.1163 0.9464
vn 0.1820 -0.1169 0.9763
vn 0.4112 -0.1166 0.9041
vn 0.3040 0.0258 0.9523
vn 0.1834 0.0266 0.9827
vn 0.4155 0.0246 0.9093
vn 0.6036 -0.1133 0.7892
vn 0.5117 -0.1162 0.8513
vn 0.6109 0.0215 0.7914
vn 0.5176 0.0232 0.8553
vn 0.5812 0.2930 0.7592
vn 0.4935 0.3027 0.8154
vn 0.5117 0.1621 0.8437
vn 0.6036 0.1559 0.7819
vn 0.3979 0.3072 0.8645
vn 0.4112 0.1654 0.8964
vn 0.2925 0.3096 0.9047
vn 0.1775 0.3133 0.9329
vn 0.1820 0.1696 0.9686
vn 0.3012 0.1674 0.9388
vn 0.6766 -0.1070 0.7285
vn 0.7231 -0.0980 0.6838
vn 0.6848 0.0197 0.7285
vn 0.7319 0.0185 0.6812
vn 0.7265 -0.0748 0.6830
vn 0.7449 -0.0867 0.6615
vn 0.7392 0.0183 0.6732
vn 0.7546 0.0178 0.6559
vn 0.6877 0.2145 0.6936
vn 0.7146 0.2345 0.6591
vn 0.7449 0.1225 0.6558
vn 0.7265 0.1117 0.6780
vn 0.6958 0.2570 0.6707
vn 0.7231 0.1349 0.6775
vn 0.6513 0.2771 0.7065
vn 0.6766 0.1463 0.7217
vn 0.5574 -0.0681 0.8274
vn 0.0011 -0.0705 0.9975
vn 0.5744 0.0222 0.8182
vn 0.0012 0.0271 0.9996
vn -0.7210 -0.0737 0.6890
vn -0.5533 -0.0672 0.8302
vn -0.7335 0.0184 0.6794
vn -0.5702 0.0223 0.8212
vn -0.6827 0.2127 0.6991
vn -0.5052 0.2110 0.8368
vn -0.5533 0.1121 0.8254
vn -0.7210 0.1109 0.6840
vn 0.0008 0.2258 0.9742
vn 0.0011 0.1245 0.9922
vn 0.5087 0.2126 0.8343
vn 0.5574 0.1129 0.8225
vn -0.7393 -0.0855 0.6679
vn -0.7178 -0.0966 0.6895
vn -0.7489 0.0180 0.6624
vn -0.7264 0.0186 0.6870
vn -0.6000 -0.1120 0.7922
vn -0.6720 -0.1057 0.7330
vn -0.6071 0.0215 0.7944
vn -0.6800 0.0199 0.7330
vn -0.5780 0.2908 0.7625
vn -0.6471 0.2749 0.7111
vn -0.6720 0.1452 0.7262
vn -0.6000 0.1547 0.7849
vn -0.6910 0.2549 0.6764
vn -0.7178 0.1338 0.6832
vn -0.7095 0.2326 0.6652
vn -0.7393 0.1216 0.6623
vn -0.5092 -0.1150 0.8529
vn -0.4098 -0.1157 0.9048
vn -0.5150 0.0232 0.8569
vn -0.4141 0.0247 0.9099
vn -0.1820 -0.1164 0.9764
vn -0.3007 -0.1156 0.9467
vn -0.1834 0.0266 0.9827
vn -0.3035 0.0258 0.9525
vn -0.1776 0.3125 0.9332
vn -0.2921 0.3084 0.9053
vn -0.3007 0.1667 0.9390
vn -0.1820 0.1692 0.9686
vn -0.3967 0.3055 0.8656
vn -0.4098 0.1645 0.8972
vn -0.4914 0.3006 0.8174
vn -0.5092 0.1611 0.8454
vn 0.2787 0.4393 0.8540
vn 0.1699 0.4445 0.8795
vn 0.3771 0.4360 0.8171
vn 0.2625 0.5446 0.7966
vn 0.1603 0.5516 0.8185
vn 0.3533 0.5401 0.7638
vn 0.5461 0.4189 0.7254
vn 0.4654 0.4307 0.7733
vn 0.5055 0.5211 0.6877
vn 0.4332 0.5338 0.7262
vn 0.4193 0.6728 0.6096
vn 0.3650 0.6857 0.6297
vn 0.3994 0.6171 0.6780
vn 0.4627 0.6040 0.6489
vn 0.3020 0.6939 0.6536
vn 0.3281 0.6244 0.7089
vn 0.2265 0.7014 0.6759
vn 0.1384 0.7117 0.6887
vn 0.1497 0.6390 0.7545
vn 0.2450 0.6303 0.7367
vn 0.6111 0.3992 0.6835
vn 0.6517 0.3737 0.6600
vn 0.5634 0.5000 0.6578
vn 0.5979 0.4728 0.6472
vn 0.6254 0.3199 0.7117
vn 0.6650 0.3451 0.6623
vn 0.5495 0.4166 0.7242
vn 0.6033 0.4425 0.6635
vn 0.3958 0.5823 0.7102
vn 0.4672 0.6034 0.6462
vn 0.5356 0.5279 0.6591
vn 0.4705 0.5037 0.7245
vn 0.4795 0.6292 0.6117
vn 0.5394 0.5568 0.6316
vn 0.4604 0.6533 0.6011
vn 0.5123 0.5832 0.6304
vn 0.4384 0.3145 0.8420
vn 0.0005 0.3236 0.9462
vn 0.3631 0.4080 0.8377
vn 0.0003 0.4111 0.9116
vn -0.6212 0.3173 0.7166
vn -0.4358 0.3125 0.8441
vn -0.5463 0.4136 0.7284
vn -0.3613 0.4058 0.8395
vn -0.3942 0.5795 0.7133
vn -0.2354 0.5689 0.7880
vn -0.2930 0.4906 0.8206
vn -0.4682 0.5007 0.7281
vn 0.0001 0.5674 0.8235
vn 0.0002 0.4914 0.8709
vn 0.2361 0.5707 0.7865
vn 0.2942 0.4927 0.8190
vn -0.6607 0.3423 0.6681
vn -0.6477 0.3708 0.6656
vn -0.5998 0.4392 0.6688
vn -0.5948 0.4695 0.6526
vn -0.5436 0.4160 0.7290
vn -0.6077 0.3962 0.6883
vn -0.5035 0.5179 0.6916
vn -0.5607 0.4966 0.6626
vn -0.4182 0.6698 0.6135
vn -0.4589 0.6502 0.6056
vn -0.5103 0.5799 0.6351
vn -0.4612 0.6008 0.6529
vn -0.4777 0.6260 0.6164
vn -0.5370 0.5535 0.6367
vn -0.4653 0.6003 0.6505
vn -0.5329 0.5246 0.6639
vn -0.4637 0.4280 0.7758
vn -0.3762 0.4338 0.8187
vn -0.4319 0.5309 0.7291
vn -0.3526 0.5377 0.7658
vn -0.1700 0.4435 0.8800
vn -0.2784 0.4376 0.8550
vn -0.1604 0.5505 0.8193
vn -0.2623 0.5428 0.7979
vn -0.1385 0.7107 0.6897
vn -0.2265 0.6997 0.6776
vn -0.2449 0.6285 0.7383
vn -0.1498 0.6380 0.7554
vn -0.3017 0.6917 0.6561
vn -0.3277 0.6220 0.7112
vn -0.3644 0.6831 0.6330
vn -0.3985 0.6142 0.6811
vn 0.2076 0.7619 0.6136
vn 0.1273 0.7725 0.6221
vn 0.2747 0.7545 0.5961
vn 0.1868 0.8150 0.5485
vn 0.1176 0.8241 0.5540
vn 0.2438 0.8092 0.5346
vn 0.3736 0.7352 0.5656
vn 0.3286 0.7468 0.5782
vn 0.3238 0.7937 0.5149
vn 0.2880 0.8031 0.5216
vn 0.2263 0.8819 0.4136
vn 0.2015 0.8883 0.4128
vn 0.2447 0.8512 0.4643
vn 0.2735 0.8436 0.4622
vn 0.1700 0.8911 0.4207
vn 0.2082 0.8559 0.4734
vn 0.1343 0.8905 0.4347
vn 0.1062 0.8883 0.4468
vn 0.1105 0.8651 0.4892
vn 0.1628 0.8592 0.4850
vn 0.4061 0.7180 0.5653
vn 0.4179 0.6971 0.5827
vn 0.3487 0.7795 0.5204
vn 0.3545 0.7619 0.5420
vn 0.3271 0.6566 0.6796
vn 0.3992 0.6750 0.6206
vn 0.2655 0.7261 0.6343
vn 0.3327 0.7429 0.5809
vn 0.1708 0.8308 0.5297
vn 0.2221 0.8451 0.4862
vn 0.2724 0.8007 0.5336
vn 0.2128 0.7851 0.5817
vn 0.2426 0.8596 0.4497
vn 0.2946 0.8172 0.4954
vn 0.2420 0.8722 0.4251
vn 0.2925 0.8320 0.4715
vn 0.1880 0.6450 0.7407
vn 0.0001 0.6408 0.7677
vn 0.1484 0.7140 0.6843
vn 0.0001 0.7092 0.7050
vn -0.3261 0.6543 0.6823
vn -0.1875 0.6436 0.7420
vn -0.2648 0.7242 0.6367
vn -0.1481 0.7129 0.6855
vn -0.1706 0.8298 0.5314
vn -0.0920 0.8187 0.5668
vn -0.1163 0.7721 0.6247
vn -0.2124 0.7837 0.5837
vn -0.0000 0.8146 0.5800
vn -0.0000 0.7680 0.6404
vn 0.0921 0.8193 0.5660
vn 0.1165 0.7729 0.6237
vn -0.3978 0.6722 0.6244
vn -0.4166 0.6943 0.5869
vn -0.3319 0.7406 0.5842
vn -0.3537 0.7596 0.5458
vn -0.3729 0.7326 0.5694
vn -0.4051 0.7153 0.5694
vn -0.3234 0.7916 0.5184
vn -0.3480 0.7773 0.5241
vn -0.2262 0.8807 0.4163
vn -0.2418 0.8709 0.4278
vn -0.2921 0.8302 0.4748
vn -0.2732 0.8419 0.4653
vn -0.2423 0.8583 0.4524
vn -0.2941 0.8154 0.4986
vn -0.2217 0.8439 0.4886
vn -0.2719 0.7990 0.5364
vn -0.3282 0.7445 0.5814
vn -0.2745 0.7525 0.5986
vn -0.2878 0.8012 0.5246
vn -0.2437 0.8075 0.5371
vn -0.1275 0.7716 0.6232
vn -0.2076 0.7604 0.6154
vn -0.1177 0.8233 0.5552
vn -0.1868 0.8138 0.5503
vn -0.1063 0.8877 0.4480
vn -0.1344 0.8897 0.4362
vn -0.1628 0.8582 0.4867
vn -0.1107 0.8644 0.4904
vn -0.1700 0.8902 0.4226
vn -0.2082 0.8546 0.4757
vn -0.2014 0.8872 0.4151
vn -0.2446 0.8498 0.4670
vn -0.3613 -0.7246 -0.5869
vn -0.3974 -0.6954 -0.5987
vn -0.3226 -0.7514 -0.5757
vn -0.3603 -0.7484 -0.5569
vn -0.4064 -0.7122 -0.5724
vn -0.3168 -0.7768 -0.5443
vn -0.2460 -0.7955 -0.5538
vn -0.2839 -0.7749 -0.5648
vn -0.2375 -0.8184 -0.5232
vn -0.2764 -0.7993 -0.5336
vn -0.2286 -0.8552 -0.4652
vn -0.2710 -0.8376 -0.4743
vn -0.2726 -0.8200 -0.5033
vn -0.2320 -0.8383 -0.4934
vn -0.3173 -0.8154 -0.4842
vn -0.3159 -0.7976 -0.5138
vn -0.3687 -0.7862 -0.4959
vn -0.4247 -0.7475 -0.5108
vn -0.4157 -0.7299 -0.5426
vn -0.3637 -0.7685 -0.5264
vn -0.2069 -0.8148 -0.5415
vn -0.1669 -0.8320 -0.5291
vn -0.1983 -0.8358 -0.5120
vn -0.1591 -0.8508 -0.5008
vn -0.0838 -0.8571 -0.5083
vn -0.1260 -0.8462 -0.5177
vn -0.0791 -0.8724 -0.4824
vn -0.1195 -0.8631 -0.4907
vn -0.0731 -0.8985 -0.4327
vn -0.1115 -0.8914 -0.4393
vn -0.1149 -0.8782 -0.4642
vn -0.0757 -0.8863 -0.4568
vn -0.1497 -0.8818 -0.4473
vn -0.1537 -0.8675 -0.4732
vn -0.1885 -0.8697 -0.4561
vn -0.1925 -0.8541 -0.4832
vn -0.0415 -0.8638 -0.5021
vn -0.0000 -0.8661 -0.5000
vn -0.0390 -0.8781 -0.4769
vn -0.0000 -0.8800 -0.4751
vn 0.0838 -0.8571 -0.5084
vn 0.0415 -0.8638 -0.5021
vn 0.0791 -0.8723 -0.4825
vn 0.0390 -0.8781 -0.4770
vn 0.0731 -0.8985 -0.4328
vn 0.0358 -0.9029 -0.4284
vn 0.0372 -0.8912 -0.4520
vn 0.0757 -0.8863 -0.4569
vn -0.0000 -0.9043 -0.4269
vn -0.0000 -0.8929 -0.4503
vn -0.0358 -0.9029 -0.4284
vn -0.0372 -0.8913 -0.4520
vn 0.1260 -0.8462 -0.5178
vn 0.1669 -0.8319 -0.5292
vn 0.1195 -0.8630 -0.4908
vn 0.1591 -0.8507 -0.5010
vn 0.2460 -0.7954 -0.5539
vn 0.2069 -0.8147 -0.5416
vn 0.2374 -0.8183 -0.5234
vn 0.1983 -0.8357 -0.5121
vn 0.2285 -0.8550 -0.4656
vn 0.1884 -0.8696 -0.4563
vn 0.1925 -0.8540 -0.4834
vn 0.2319 -0.8381 -0.4937
vn 0.1496 -0.8817 -0.4474
vn 0.1536 -0.8674 -0.4733
vn 0.1114 -0.8913 -0.4394
vn 0.1149 -0.8782 -0.4643
vn 0.2838 -0.7747 -0.5651
vn 0.3224 -0.7512 -0.5759
vn 0.2762 -0.7991 -0.5339
vn 0.3167 -0.7766 -0.5446
vn 0.3972 -0.6952 -0.5991
vn 0.3611 -0.7244 -0.5872
vn 0.4062 -0.7119 -0.5729
vn 0.3601 -0.7481 -0.5573
vn 0.4244 -0.7471 -0.5116
vn 0.3685 -0.7859 -0.4966
vn 0.3635 -0.7682 -0.5270
vn 0.4154 -0.7296 -0.5433
vn 0.3171 -0.8151 -0.4847
vn 0.3157 -0.7974 -0.5142
vn 0.2709 -0.8374 -0.4748
vn 0.2725 -0.8198 -0.5037
vn -0.3733 -0.8049 -0.4612
vn -0.4332 -0.7666 -0.4739
vn -0.3184 -0.8337 -0.4512
vn -0.3761 -0.8262 -0.4195
vn -0.4400 -0.7886 -0.4295
vn -0.3175 -0.8543 -0.4115
vn -0.2252 -0.8718 -0.4349
vn -0.2693 -0.8552 -0.4427
vn -0.2198 -0.8905 -0.3983
vn -0.2655 -0.8751 -0.4047
vn -0.2001 -0.9315 -0.3037
vn -0.2476 -0.9193 -0.3059
vn -0.2587 -0.8967 -0.3593
vn -0.2117 -0.9106 -0.3548
vn -0.3043 -0.9015 -0.3078
vn -0.3132 -0.8771 -0.3640
vn -0.3697 -0.8761 -0.3094
vn -0.4418 -0.8415 -0.3110
vn -0.4435 -0.8137 -0.3758
vn -0.3754 -0.8501 -0.3693
vn -0.1845 -0.8852 -0.4271
vn -0.1457 -0.8960 -0.4195
vn -0.1787 -0.9024 -0.3920
vn -0.1403 -0.9118 -0.3859
vn -0.0705 -0.9107 -0.4070
vn -0.1080 -0.9045 -0.4127
vn -0.0673 -0.9243 -0.3757
vn -0.1034 -0.9191 -0.3803
vn -0.0581 -0.9541 -0.2937
vn -0.0900 -0.9510 -0.2959
vn -0.0976 -0.9348 -0.3416
vn -0.0632 -0.9389 -0.3382
vn -0.1234 -0.9464 -0.2985
vn -0.1330 -0.9288 -0.3458
vn -0.1596 -0.9401 -0.3012
vn -0.1706 -0.9210 -0.3502
vn -0.0344 -0.9145 -0.4032
vn -0.0000 -0.9157 -0.4019
vn -0.0327 -0.9274 -0.3726
vn -0.0000 -0.9284 -0.3715
vn 0.0705 -0.9107 -0.4071
vn 0.0344 -0.9144 -0.4032
vn 0.0673 -0.9243 -0.3758
vn 0.0327 -0.9274 -0.3726
vn 0.0581 -0.9541 -0.2939
vn 0.0281 -0.9559 -0.2923
vn 0.0306 -0.9414 -0.3360
vn 0.0632 -0.9389 -0.3384
vn -0.0000 -0.9565 -0.2917
vn -0.0000 -0.9422 -0.3351
vn -0.0281 -0.9559 -0.2922
vn -0.0306 -0.9414 -0.3359
vn 0.1079 -0.9044 -0.4128
vn 0.1456 -0.8959 -0.4198
vn 0.1034 -0.9190 -0.3805
vn 0.1402 -0.9117 -0.3862
vn 0.2251 -0.8717 -0.4354
vn 0.1844 -0.8850 -0.4274
vn 0.2197 -0.8903 -0.3989
vn 0.1786 -0.9023 -0.3924
vn 0.1999 -0.9313 -0.3044
vn 0.1595 -0.9400 -0.3017
vn 0.1705 -0.9208 -0.3507
vn 0.2116 -0.9104 -0.3554
vn 0.1234 -0.9463 -0.2989
vn 0.1330 -0.9287 -0.3461
vn 0.0899 -0.9509 -0.2962
vn 0.0975 -0.9347 -0.3419
vn 0.2691 -0.8550 -0.4433
vn 0.3182 -0.8334 -0.4519
vn 0.2653 -0.8748 -0.4053
vn 0.3172 -0.8540 -0.4124
vn 0.4328 -0.7663 -0.4749
vn 0.3730 -0.8046 -0.4621
vn 0.4395 -0.7882 -0.4308
vn 0.3757 -0.8258 -0.4205
vn 0.4413 -0.8410 -0.3129
vn 0.3693 -0.8757 -0.3110
vn 0.3751 -0.8497 -0.3706
vn 0.4430 -0.8132 -0.3774
vn 0.3040 -0.9011 -0.3091
vn 0.3130 -0.8768 -0.3651
vn 0.2475 -0.9190 -0.3069
vn 0.2585 -0.8964 -0.3601
vn -0.3585 -0.9011 -0.2439
vn -0.4337 -0.8686 -0.2397
vn -0.2908 -0.9244 -0.2467
vn -0.3419 -0.9232 -0.1758
vn -0.4185 -0.8930 -0.1653
vn -0.2732 -0.9443 -0.1834
vn -0.1854 -0.9507 -0.2485
vn -0.2329 -0.9403 -0.2482
vn -0.1681 -0.9670 -0.1913
vn -0.2151 -0.9583 -0.1884
vn -0.1177 -0.9915 -0.0548
vn -0.1610 -0.9858 -0.0475
vn -0.1920 -0.9737 -0.1228
vn -0.1464 -0.9809 -0.1282
vn -0.2156 -0.9758 -0.0356
vn -0.2491 -0.9617 -0.1143
vn -0.2808 -0.9596 -0.0179
vn -0.3536 -0.9354 0.0069
vn -0.3932 -0.9156 -0.0842
vn -0.3171 -0.9429 -0.1016
vn -0.1460 -0.9577 -0.2480
vn -0.1117 -0.9625 -0.2471
vn -0.1302 -0.9726 -0.1928
vn -0.0982 -0.9762 -0.1933
vn -0.0519 -0.9682 -0.2449
vn -0.0808 -0.9659 -0.2459
vn -0.0449 -0.9802 -0.1930
vn -0.0702 -0.9786 -0.1933
vn -0.0242 -0.9978 -0.0616
vn -0.0394 -0.9973 -0.0618
vn -0.0570 -0.9894 -0.1337
vn -0.0360 -0.9903 -0.1339
vn -0.0592 -0.9964 -0.0613
vn -0.0814 -0.9878 -0.1330
vn -0.0846 -0.9947 -0.0592
vn -0.1105 -0.9852 -0.1314
vn -0.0251 -0.9694 -0.2441
vn -0.0000 -0.9698 -0.2438
vn -0.0217 -0.9810 -0.1927
vn -0.0000 -0.9813 -0.1927
vn 0.0519 -0.9681 -0.2450
vn 0.0251 -0.9694 -0.2441
vn 0.0448 -0.9801 -0.1932
vn 0.0217 -0.9810 -0.1928
vn 0.0242 -0.9978 -0.0618
vn 0.0117 -0.9981 -0.0612
vn 0.0174 -0.9908 -0.1339
vn 0.0360 -0.9903 -0.1341
vn -0.0000 -0.9981 -0.0610
vn -0.0000 -0.9910 -0.1338
vn -0.0117 -0.9981 -0.0611
vn -0.0174 -0.9909 -0.1338
vn 0.0808 -0.9658 -0.2462
vn 0.1117 -0.9624 -0.2475
vn 0.0701 -0.9786 -0.1936
vn 0.0981 -0.9761 -0.1938
vn 0.1852 -0.9506 -0.2493
vn 0.1459 -0.9575 -0.2486
vn 0.1680 -0.9669 -0.1921
vn 0.1301 -0.9725 -0.1934
vn 0.1177 -0.9915 -0.0557
vn 0.0846 -0.9946 -0.0598
vn 0.1104 -0.9851 -0.1320
vn 0.1463 -0.9808 -0.1290
vn 0.0591 -0.9963 -0.0617
vn 0.0813 -0.9877 -0.1335
vn 0.0394 -0.9973 -0.0621
vn 0.0569 -0.9893 -0.1340
vn 0.2328 -0.9401 -0.2492
vn 0.2906 -0.9241 -0.2482
vn 0.2149 -0.9581 -0.1896
vn 0.2730 -0.9441 -0.1850
vn 0.4333 -0.8682 -0.2420
vn 0.3582 -0.9007 -0.2457
vn 0.4182 -0.8927 -0.1679
vn 0.3416 -0.9229 -0.1779
vn 0.3535 -0.9354 0.0040
vn 0.2807 -0.9596 -0.0201
vn 0.3169 -0.9428 -0.1038
vn 0.3929 -0.9154 -0.0871
vn 0.2155 -0.9758 -0.0373
vn 0.2490 -0.9615 -0.1159
vn 0.1609 -0.9858 -0.0487
vn 0.1919 -0.9735 -0.1240
vn -0.2351 -0.9696 0.0672
vn -0.3028 -0.9479 0.0990
vn -0.1742 -0.9837 0.0449
vn -0.1862 -0.9719 0.1437
vn -0.2484 -0.9516 0.1813
vn -0.1301 -0.9845 0.1181
vn -0.0834 -0.9963 0.0220
vn -0.1234 -0.9919 0.0305
vn -0.0468 -0.9945 0.0936
vn -0.0834 -0.9913 0.1022
vn 0.0348 -0.9732 0.2274
vn 0.0050 -0.9723 0.2336
vn -0.0408 -0.9848 0.1691
vn -0.0077 -0.9869 0.1613
vn -0.0331 -0.9679 0.2492
vn -0.0832 -0.9791 0.1853
vn -0.0787 -0.9574 0.2779
vn -0.1281 -0.9381 0.3219
vn -0.1905 -0.9480 0.2549
vn -0.1343 -0.9677 0.2132
vn -0.0537 -0.9984 0.0175
vn -0.0324 -0.9993 0.0163
vn -0.0204 -0.9957 0.0901
vn -0.0032 -0.9959 0.0909
vn -0.0096 -0.9998 0.0191
vn -0.0180 -0.9997 0.0172
vn 0.0070 -0.9950 0.0997
vn 0.0058 -0.9955 0.0947
vn 0.0481 -0.9632 0.2643
vn 0.0628 -0.9664 0.2492
vn 0.0325 -0.9847 0.1714
vn 0.0260 -0.9832 0.1808
vn 0.0646 -0.9696 0.2362
vn 0.0288 -0.9861 0.1635
vn 0.0551 -0.9720 0.2283
vn 0.0156 -0.9871 0.1595
vn -0.0045 -0.9998 0.0209
vn -0.0000 -0.9998 0.0215
vn 0.0038 -0.9946 0.1039
vn -0.0000 -0.9944 0.1053
vn 0.0096 -0.9998 0.0190
vn 0.0045 -0.9998 0.0209
vn -0.0070 -0.9950 0.0997
vn -0.0038 -0.9946 0.1039
vn -0.0480 -0.9631 0.2648
vn -0.0249 -0.9606 0.2767
vn -0.0135 -0.9820 0.1886
vn -0.0260 -0.9831 0.1811
vn -0.0000 -0.9598 0.2808
vn -0.0000 -0.9815 0.1912
vn 0.0250 -0.9607 0.2764
vn 0.0135 -0.9820 0.1885
vn 0.0180 -0.9997 0.0171
vn 0.0324 -0.9993 0.0160
vn -0.0058 -0.9955 0.0947
vn 0.0032 -0.9959 0.0909
vn 0.0834 -0.9963 0.0213
vn 0.0536 -0.9984 0.0171
vn 0.0468 -0.9945 0.0932
vn 0.0204 -0.9957 0.0899
vn -0.0348 -0.9731 0.2278
vn -0.0551 -0.9719 0.2288
vn -0.0156 -0.9870 0.1597
vn 0.0077 -0.9869 0.1612
vn -0.0646 -0.9694 0.2368
vn -0.0288 -0.9861 0.1637
vn -0.0628 -0.9663 0.2498
vn -0.0325 -0.9846 0.1717
vn 0.1234 -0.9919 0.0295
vn 0.1742 -0.9838 0.0434
vn 0.0834 -0.9913 0.1015
vn 0.1301 -0.9846 0.1169
vn 0.3029 -0.9482 0.0963
vn 0.2351 -0.9698 0.0651
vn 0.2485 -0.9520 0.1789
vn 0.1863 -0.9722 0.1420
vn 0.1282 -0.9385 0.3206
vn 0.0787 -0.9576 0.2770
vn 0.1344 -0.9680 0.2118
vn 0.1907 -0.9485 0.2529
vn 0.0331 -0.9680 0.2488
vn 0.0833 -0.9793 0.1845
vn -0.0049 -0.9723 0.2337
vn 0.0409 -0.9848 0.1687
vn -0.0202 -0.9413 0.3369
vn -0.0630 -0.9224 0.3810
vn 0.0204 -0.9506 0.3097
vn 0.0389 -0.9196 0.3908
vn 0.0025 -0.9022 0.4312
vn 0.0749 -0.9273 0.3668
vn 0.0813 -0.9525 0.2934
vn 0.0544 -0.9534 0.2967
vn 0.1303 -0.9251 0.3566
vn 0.1056 -0.9282 0.3567
vn 0.1558 -0.8979 0.4118
vn 0.1795 -0.8928 0.4131
vn 0.1264 -0.8984 0.4206
vn 0.0647 -0.8798 0.4710
vn 0.0935 -0.8930 0.4402
vn 0.0989 -0.9495 0.2977
vn 0.1050 -0.9448 0.3105
vn 0.1461 -0.9196 0.3646
vn 0.1492 -0.9117 0.3827
vn 0.0739 -0.9332 0.3518
vn 0.0976 -0.9390 0.3297
vn 0.1034 -0.8926 0.4387
vn 0.1366 -0.9023 0.4089
vn 0.1784 -0.8599 0.4782
vn 0.1359 -0.8461 0.5154
vn 0.1956 -0.8734 0.4461
vn 0.1945 -0.8846 0.4238
vn 0.0386 -0.9285 0.3694
vn -0.0000 -0.9267 0.3758
vn 0.0545 -0.8848 0.4627
vn -0.0000 -0.8818 0.4716
vn -0.0738 -0.9329 0.3525
vn -0.0386 -0.9283 0.3698
vn -0.1033 -0.8922 0.4397
vn -0.0545 -0.8846 0.4632
vn -0.0723 -0.8344 0.5464
vn -0.1358 -0.8453 0.5168
vn -0.0000 -0.8304 0.5571
vn 0.0724 -0.8348 0.5457
vn -0.0975 -0.9387 0.3307
vn -0.1049 -0.9444 0.3115
vn -0.1364 -0.9017 0.4103
vn -0.1491 -0.9111 0.3843
vn -0.0813 -0.9523 0.2943
vn -0.0989 -0.9492 0.2987
vn -0.1303 -0.9246 0.3580
vn -0.1460 -0.9190 0.3662
vn -0.1944 -0.8836 0.4260
vn -0.1795 -0.8919 0.4151
vn -0.1954 -0.8723 0.4482
vn -0.1782 -0.8589 0.4801
vn -0.0544 -0.9532 0.2973
vn -0.0204 -0.9505 0.3099
vn -0.1056 -0.9278 0.3579
vn -0.0749 -0.9270 0.3676
vn 0.0631 -0.9227 0.3804
vn 0.0202 -0.9414 0.3368
vn -0.0026 -0.9022 0.4313
vn -0.0389 -0.9195 0.3913
vn -0.0936 -0.8925 0.4412
vn -0.0648 -0.8794 0.4717
vn -0.1264 -0.8977 0.4220
vn -0.1558 -0.8971 0.4136
vn 0.4353 -0.6533 -0.6194
vn 0.4718 -0.6014 -0.6448
vn 0.4537 -0.6638 -0.5945
vn 0.4978 -0.6071 -0.6194
vn 0.5349 -0.4852 -0.6917
vn 0.5053 -0.5449 -0.6691
vn 0.5682 -0.4849 -0.6649
vn 0.5356 -0.5471 -0.6432
vn 0.6318 -0.4987 -0.5933
vn 0.5900 -0.5673 -0.5745
vn 0.5640 -0.5554 -0.6110
vn 0.6010 -0.4899 -0.6315
vn 0.5398 -0.6345 -0.5531
vn 0.5200 -0.6194 -0.5882
vn 0.4829 -0.6963 -0.5311
vn 0.4691 -0.6792 -0.5645
vn 0.5619 -0.4203 -0.7125
vn 0.5853 -0.3502 -0.7313
vn 0.5971 -0.4188 -0.6841
vn 0.6221 -0.3481 -0.7013
vn 0.6199 -0.1918 -0.7608
vn 0.6049 -0.2743 -0.7476
vn 0.6589 -0.1892 -0.7281
vn 0.6429 -0.2718 -0.7161
vn 0.7412 -0.1896 -0.6440
vn 0.7222 -0.2754 -0.6345
vn 0.6831 -0.2724 -0.6776
vn 0.7005 -0.1886 -0.6882
vn 0.6973 -0.3548 -0.6228
vn 0.6605 -0.3499 -0.6644
vn 0.6672 -0.4288 -0.6091
vn 0.6330 -0.4220 -0.6490
vn 0.6294 -0.1062 -0.7698
vn 0.6325 -0.0210 -0.7743
vn 0.6688 -0.1041 -0.7362
vn 0.6720 -0.0201 -0.7403
vn 0.6199 0.1503 -0.7701
vn 0.6294 0.0643 -0.7744
vn 0.6589 0.1495 -0.7373
vn 0.6688 0.0641 -0.7407
vn 0.7412 0.1545 -0.6533
vn 0.7527 0.0670 -0.6549
vn 0.7112 0.0651 -0.7000
vn 0.7005 0.1510 -0.6974
vn 0.7564 -0.0177 -0.6538
vn 0.7147 -0.0190 -0.6992
vn 0.7527 -0.1024 -0.6503
vn 0.7112 -0.1029 -0.6954
vn 0.6049 0.2334 -0.7614
vn 0.5853 0.3101 -0.7492
vn 0.6429 0.2326 -0.7298
vn 0.6221 0.3096 -0.7191
vn 0.5349 0.4470 -0.7170
vn 0.5619 0.3810 -0.7343
vn 0.5682 0.4482 -0.6902
vn 0.5971 0.3811 -0.7058
vn 0.6318 0.4659 -0.6195
vn 0.6672 0.3952 -0.6314
vn 0.6330 0.3862 -0.6709
vn 0.6010 0.4550 -0.6571
vn 0.6973 0.3205 -0.6411
vn 0.6605 0.3133 -0.6824
vn 0.7222 0.2406 -0.6485
vn 0.6831 0.2352 -0.6914
vn 0.5053 0.5078 -0.6977
vn 0.4718 0.5656 -0.6764
vn 0.5356 0.5115 -0.6719
vn 0.4978 0.5726 -0.6514
vn 0.3972 0.6617 -0.6359
vn 0.4353 0.6188 -0.6539
vn 0.4062 0.6798 -0.6106
vn 0.4537 0.6306 -0.6296
vn 0.4244 0.7183 -0.5513
vn 0.4829 0.6665 -0.5680
vn 0.4691 0.6476 -0.6004
vn 0.4154 0.6991 -0.5820
vn 0.5398 0.6036 -0.5867
vn 0.5200 0.5867 -0.6209
vn 0.5900 0.5353 -0.6044
vn 0.5640 0.5215 -0.6402
vn 0.4960 -0.7153 -0.4922
vn 0.5589 -0.6523 -0.5120
vn 0.5078 -0.7377 -0.4449
vn 0.5770 -0.6740 -0.4613
vn 0.6619 -0.5114 -0.5480
vn 0.6151 -0.5825 -0.5313
vn 0.6928 -0.5287 -0.4905
vn 0.6401 -0.6022 -0.4771
vn 0.7477 -0.5804 -0.3226
vn 0.6813 -0.6573 -0.3221
vn 0.6632 -0.6271 -0.4085
vn 0.7226 -0.5515 -0.4168
vn 0.6032 -0.7307 -0.3197
vn 0.5928 -0.7001 -0.3981
vn 0.5203 -0.7933 -0.3162
vn 0.5167 -0.7637 -0.3870
vn 0.7011 -0.4393 -0.5617
vn 0.7344 -0.3630 -0.5735
vn 0.7366 -0.4543 -0.5010
vn 0.7740 -0.3755 -0.5099
vn 0.7829 -0.1925 -0.5917
vn 0.7618 -0.2812 -0.5836
vn 0.8286 -0.1976 -0.5238
vn 0.8049 -0.2904 -0.5175
vn 0.9233 -0.2167 -0.3172
vn 0.8918 -0.3218 -0.3180
vn 0.8497 -0.3037 -0.4311
vn 0.8769 -0.2055 -0.4345
vn 0.8513 -0.4162 -0.3195
vn 0.8143 -0.3930 -0.4271
vn 0.8033 -0.5015 -0.3213
vn 0.7720 -0.4748 -0.4225
vn 0.7955 -0.1027 -0.5972
vn 0.7995 -0.0163 -0.6005
vn 0.8427 -0.1040 -0.5282
vn 0.8472 -0.0144 -0.5311
vn 0.7829 0.1602 -0.6012
vn 0.7955 0.0702 -0.6019
vn 0.8286 0.1690 -0.5337
vn 0.8427 0.0752 -0.5331
vn 0.9233 0.1992 -0.3285
vn 0.9418 0.0926 -0.3232
vn 0.8930 0.0825 -0.4425
vn 0.8769 0.1817 -0.4450
vn 0.9475 -0.0087 -0.3195
vn 0.8980 -0.0119 -0.4399
vn 0.9418 -0.1099 -0.3177
vn 0.8930 -0.1063 -0.4374
vn 0.7618 0.2491 -0.5979
vn 0.7344 0.3314 -0.5923
vn 0.8049 0.2619 -0.5325
vn 0.7740 0.3473 -0.5295
vn 0.6619 0.4809 -0.5749
vn 0.7011 0.4082 -0.5847
vn 0.6928 0.5014 -0.5184
vn 0.7366 0.4265 -0.5248
vn 0.7477 0.5621 -0.3536
vn 0.8033 0.4833 -0.3480
vn 0.7720 0.4513 -0.4476
vn 0.7226 0.5281 -0.4460
vn 0.8513 0.3983 -0.3416
vn 0.8143 0.3693 -0.4478
vn 0.8918 0.3041 -0.3350
vn 0.8497 0.2799 -0.4469
vn 0.6151 0.5529 -0.5621
vn 0.5589 0.6236 -0.5466
vn 0.6401 0.5755 -0.5090
vn 0.5770 0.6480 -0.4971
vn 0.4328 0.7394 -0.5158
vn 0.4960 0.6876 -0.5303
vn 0.4395 0.7637 -0.4729
vn 0.5078 0.7125 -0.4842
vn 0.4413 0.8228 -0.3581
vn 0.5203 0.7750 -0.3587
vn 0.5167 0.7417 -0.4278
vn 0.4430 0.7916 -0.4209
vn 0.6032 0.7123 -0.3588
vn 0.5928 0.6775 -0.4355
vn 0.6813 0.6389 -0.3572
vn 0.6632 0.6040 -0.4419
vn 0.5164 -0.8227 -0.2376
vn 0.6048 -0.7619 -0.2318
vn 0.5034 -0.8500 -0.1552
vn 0.5947 -0.7918 -0.1393
vn 0.7614 -0.6113 -0.2156
vn 0.6890 -0.6891 -0.2244
vn 0.7592 -0.6427 -0.1025
vn 0.6827 -0.7206 -0.1213
vn 0.6802 -0.7135 0.1684
vn 0.6046 -0.7870 0.1228
vn 0.6573 -0.7536 -0.0071
vn 0.7355 -0.6771 0.0236
vn 0.5202 -0.8505 0.0777
vn 0.5686 -0.8217 -0.0375
vn 0.4340 -0.9002 0.0369
vn 0.4776 -0.8762 -0.0649
vn 0.8224 -0.5303 -0.2060
vn 0.8754 -0.4415 -0.1967
vn 0.8242 -0.5600 -0.0840
vn 0.8812 -0.4680 -0.0667
vn 0.9561 -0.2290 -0.1830
vn 0.9207 -0.3417 -0.1888
vn 0.9694 -0.2421 -0.0405
vn 0.9305 -0.3627 -0.0518
vn 0.9063 -0.2779 0.3183
vn 0.8616 -0.4171 0.2893
vn 0.9158 -0.3878 0.1040
vn 0.9582 -0.2584 0.1225
vn 0.8071 -0.5336 0.2527
vn 0.8630 -0.4987 0.0802
vn 0.7467 -0.6306 0.2118
vn 0.8030 -0.5937 0.0529
vn 0.9769 -0.1139 -0.1806
vn 0.9833 -0.0049 -0.1817
vn 0.9924 -0.1183 -0.0351
vn 0.9994 -0.0010 -0.0353
vn 0.9561 0.2187 -0.1951
vn 0.9769 0.1040 -0.1865
vn 0.9694 0.2396 -0.0536
vn 0.9924 0.1162 -0.0414
vn 0.9063 0.2947 0.3028
vn 0.9334 0.1490 0.3264
vn 0.9835 0.1310 0.1251
vn 0.9582 0.2646 0.1083
vn 0.9417 0.0091 0.3364
vn 0.9911 0.0036 0.1328
vn 0.9334 -0.1311 0.3340
vn 0.9835 -0.1240 0.1320
vn 0.9207 0.3309 -0.2070
vn 0.8754 0.4302 -0.2203
vn 0.9305 0.3594 -0.0713
vn 0.8812 0.4637 -0.0919
vn 0.7614 0.5987 -0.2484
vn 0.8224 0.5183 -0.2344
vn 0.7592 0.6362 -0.1371
vn 0.8242 0.5547 -0.1142
vn 0.6802 0.7215 0.1295
vn 0.7467 0.6411 0.1773
vn 0.8030 0.5957 0.0206
vn 0.7355 0.6774 -0.0132
vn 0.8071 0.5465 0.2234
vn 0.8630 0.5023 0.0530
vn 0.8616 0.4322 0.2663
vn 0.9158 0.3929 0.0829
vn 0.6890 0.6760 -0.2614
vn 0.6048 0.7482 -0.2728
vn 0.6827 0.7130 -0.1602
vn 0.5947 0.7831 -0.1820
vn 0.4333 0.8538 -0.2887
vn 0.5164 0.8086 -0.2818
vn 0.4182 0.8823 -0.2161
vn 0.5034 0.8404 -0.2010
vn 0.3535 0.9343 -0.0466
vn 0.4340 0.9008 -0.0119
vn 0.4776 0.8714 -0.1122
vn 0.3929 0.9094 -0.1365
vn 0.5202 0.8534 0.0315
vn 0.5686 0.8185 -0.0820
vn 0.6046 0.7925 0.0800
vn 0.6573 0.7521 -0.0480
vn 0.3763 -0.9160 0.1395
vn 0.4536 -0.8701 0.1930
vn 0.3141 -0.9211 0.2301
vn 0.3809 -0.8770 0.2930
vn 0.5964 -0.7396 0.3118
vn 0.5287 -0.8105 0.2521
vn 0.5016 -0.7499 0.4314
vn 0.4445 -0.8194 0.3619
vn 0.2928 -0.7405 0.6049
vn 0.2590 -0.8087 0.5282
vn 0.3550 -0.8177 0.4532
vn 0.4005 -0.7488 0.5281
vn 0.2201 -0.8645 0.4518
vn 0.3036 -0.8743 0.3786
vn 0.1760 -0.9079 0.3805
vn 0.2478 -0.9179 0.3098
vn 0.6569 -0.6575 0.3691
vn 0.7127 -0.5592 0.4235
vn 0.5527 -0.6680 0.4982
vn 0.6001 -0.5692 0.5620
vn 0.8072 -0.2923 0.5128
vn 0.7640 -0.4389 0.4730
vn 0.6822 -0.2975 0.6679
vn 0.6443 -0.4472 0.6204
vn 0.4017 -0.2920 0.8679
vn 0.3781 -0.4403 0.8143
vn 0.5147 -0.4463 0.7320
vn 0.5457 -0.2964 0.7838
vn 0.3514 -0.5612 0.7494
vn 0.4792 -0.5684 0.6688
vn 0.3233 -0.6593 0.6788
vn 0.4413 -0.6671 0.6001
vn 0.8337 -0.1359 0.5352
vn 0.8419 0.0146 0.5395
vn 0.7059 -0.1366 0.6951
vn 0.7131 0.0190 0.7008
vn 0.8072 0.3196 0.4963
vn 0.8337 0.1647 0.5270
vn 0.6822 0.3332 0.6508
vn 0.7059 0.1740 0.6867
vn 0.4017 0.3386 0.8508
vn 0.4171 0.1802 0.8908
vn 0.5653 0.1786 0.8053
vn 0.5457 0.3384 0.7666
vn 0.4219 0.0246 0.9063
vn 0.5714 0.0222 0.8204
vn 0.4171 -0.1317 0.8993
vn 0.5653 -0.1347 0.8138
vn 0.7640 0.4639 0.4485
vn 0.7127 0.5814 0.3926
vn 0.6443 0.4802 0.5952
vn 0.6001 0.5988 0.5303
vn 0.5964 0.7554 0.2713
vn 0.6569 0.6765 0.3329
vn 0.5016 0.7721 0.3902
vn 0.5527 0.6940 0.4613
vn 0.2928 0.7722 0.5639
vn 0.3233 0.6951 0.6421
vn 0.4413 0.6987 0.5631
vn 0.4005 0.7763 0.4867
vn 0.3514 0.6010 0.7179
vn 0.4792 0.6038 0.6371
vn 0.3781 0.4838 0.7893
vn 0.5147 0.4854 0.7068
vn 0.5287 0.8230 0.2078
vn 0.4536 0.8793 0.1456
vn 0.4445 0.8378 0.3170
vn 0.3809 0.8916 0.2450
vn 0.3029 0.9520 0.0448
vn 0.3763 0.9222 0.0896
vn 0.2485 0.9603 0.1270
vn 0.3141 0.9322 0.1798
vn 0.1282 0.9545 0.2693
vn 0.1760 0.9271 0.3308
vn 0.2478 0.9334 0.2596
vn 0.1907 0.9608 0.2012
vn 0.2201 0.8877 0.4043
vn 0.3036 0.8936 0.3307
vn 0.2590 0.8361 0.4836
vn 0.3550 0.8410 0.4082
vn 0.1015 -0.8917 0.4410
vn 0.1335 -0.8484 0.5122
vn 0.0266 -0.8718 0.4891
vn 0.0470 -0.8284 0.5581
vn 0.1803 -0.7263 0.6633
vn 0.1590 -0.7934 0.5876
vn 0.0681 -0.7081 0.7028
vn 0.0596 -0.7740 0.6303
vn -0.0371 -0.7538 0.6561
vn -0.0394 -0.6887 0.7239
vn -0.0385 -0.8082 0.5876
vn -0.0470 -0.8515 0.5222
vn 0.1995 -0.6461 0.7367
vn 0.2172 -0.5494 0.8068
vn 0.0756 -0.6290 0.7737
vn 0.0823 -0.5342 0.8414
vn 0.2498 -0.2853 0.9253
vn 0.2342 -0.4307 0.8716
vn 0.0959 -0.2769 0.9561
vn 0.0890 -0.4183 0.9039
vn -0.0479 -0.4053 0.9129
vn -0.0489 -0.2681 0.9621
vn -0.0455 -0.5182 0.8541
vn -0.0425 -0.6110 0.7905
vn 0.2602 -0.1279 0.9570
vn 0.2635 0.0261 0.9643
vn 0.1009 -0.1236 0.9872
vn 0.1026 0.0270 0.9944
vn 0.2498 0.3350 0.9085
vn 0.2602 0.1796 0.9487
vn 0.0959 0.3283 0.9397
vn 0.1009 0.1769 0.9790
vn -0.0490 0.1729 0.9837
vn -0.0489 0.3198 0.9462
vn -0.0490 0.0271 0.9984
vn -0.0490 -0.1194 0.9916
vn 0.2342 0.4773 0.8470
vn 0.2172 0.5923 0.7759
vn 0.0890 0.4666 0.8800
vn 0.0823 0.5790 0.8112
vn 0.1803 0.7612 0.6230
vn 0.1995 0.6850 0.7007
vn 0.0681 0.7451 0.6635
vn 0.0756 0.6700 0.7385
vn -0.0425 0.6529 0.7563
vn -0.0394 0.7269 0.6856
vn -0.0455 0.5637 0.8248
vn -0.0479 0.4541 0.8896
vn 0.1590 0.8241 0.5437
vn 0.1335 0.8749 0.4655
vn 0.0596 0.8071 0.5875
vn 0.0470 0.8575 0.5124
vn 0.0631 0.9419 0.3298
vn 0.1015 0.9143 0.3920
vn -0.0026 0.9243 0.3818
vn 0.0266 0.8970 0.4412
vn -0.0470 0.8786 0.4753
vn -0.0648 0.9036 0.4234
vn -0.0385 0.8389 0.5429
vn -0.0371 0.7882 0.6142
vn 0.3611 0.6915 -0.6256
vn 0.3224 0.7189 -0.6158
vn 0.3601 0.7168 -0.5970
vn 0.3167 0.7459 -0.5859
vn 0.2460 0.7642 -0.5962
vn 0.2838 0.7430 -0.6062
vn 0.2374 0.7888 -0.5670
vn 0.2763 0.7690 -0.5764
vn 0.2285 0.8285 -0.5112
vn 0.2709 0.8104 -0.5195
vn 0.2725 0.7913 -0.5474
vn 0.2319 0.8102 -0.5384
vn 0.3171 0.7877 -0.5282
vn 0.3157 0.7684 -0.5567
vn 0.3685 0.7578 -0.5385
vn 0.3635 0.7385 -0.5679
vn 0.2069 0.7842 -0.5850
vn 0.1669 0.8020 -0.5735
vn 0.1983 0.8067 -0.5567
vn 0.1591 0.8223 -0.5463
vn 0.0838 0.8283 -0.5541
vn 0.1260 0.8169 -0.5629
vn 0.0791 0.8449 -0.5290
vn 0.1195 0.8352 -0.5369
vn 0.0731 0.8737 -0.4809
vn 0.1114 0.8662 -0.4871
vn 0.1149 0.8517 -0.5112
vn 0.0757 0.8602 -0.5043
vn 0.1496 0.8562 -0.4946
vn 0.1536 0.8405 -0.5196
vn 0.1884 0.8436 -0.5028
vn 0.1925 0.8266 -0.5289
vn 0.0415 0.8353 -0.5482
vn -0.0000 0.8377 -0.5461
vn 0.0390 0.8509 -0.5238
vn -0.0000 0.8529 -0.5220
vn -0.0838 0.8283 -0.5540
vn -0.0415 0.8353 -0.5482
vn -0.0791 0.8449 -0.5290
vn -0.0390 0.8509 -0.5238
vn -0.0731 0.8738 -0.4808
vn -0.0358 0.8784 -0.4767
vn -0.0372 0.8655 -0.4996
vn -0.0757 0.8603 -0.5042
vn -0.0000 0.8798 -0.4753
vn -0.0000 0.8672 -0.4980
vn 0.0358 0.8783 -0.4767
vn 0.0372 0.8654 -0.4996
vn -0.1260 0.8169 -0.5628
vn -0.1669 0.8021 -0.5734
vn -0.1195 0.8352 -0.5368
vn -0.1591 0.8224 -0.5462
vn -0.2460 0.7643 -0.5960
vn -0.2069 0.7843 -0.5849
vn -0.2375 0.7889 -0.5668
vn -0.1983 0.8068 -0.5565
vn -0.2286 0.8287 -0.5109
vn -0.1885 0.8438 -0.5025
vn -0.1925 0.8267 -0.5287
vn -0.2320 0.8103 -0.5381
vn -0.1497 0.8563 -0.4944
vn -0.1537 0.8405 -0.5195
vn -0.1115 0.8663 -0.4869
vn -0.1149 0.8518 -0.5111
vn -0.2839 0.7431 -0.6060
vn -0.3226 0.7191 -0.6155
vn -0.2764 0.7692 -0.5761
vn -0.3168 0.7462 -0.5856
vn -0.3974 0.6619 -0.6355
vn -0.3613 0.6918 -0.6253
vn -0.4064 0.6801 -0.6101
vn -0.3603 0.7171 -0.5966
vn -0.4247 0.7187 -0.5505
vn -0.3687 0.7582 -0.5378
vn -0.3637 0.7388 -0.5673
vn -0.4157 0.6994 -0.5814
vn -0.3173 0.7880 -0.5276
vn -0.3159 0.7686 -0.5562
vn -0.2710 0.8107 -0.5190
vn -0.2726 0.7915 -0.5470
vn 0.3730 0.7784 -0.5050
vn 0.3182 0.8077 -0.4964
vn 0.3757 0.8018 -0.4647
vn 0.3172 0.8304 -0.4580
vn 0.2251 0.8468 -0.4819
vn 0.2691 0.8297 -0.4890
vn 0.2197 0.8674 -0.4465
vn 0.2653 0.8516 -0.4522
vn 0.2000 0.9135 -0.3544
vn 0.2475 0.9010 -0.3562
vn 0.2585 0.8756 -0.4082
vn 0.2116 0.8898 -0.4042
vn 0.3040 0.8831 -0.3574
vn 0.3130 0.8557 -0.4120
vn 0.3693 0.8576 -0.3580
vn 0.3751 0.8284 -0.4161
vn 0.1844 0.8606 -0.4748
vn 0.1456 0.8718 -0.4677
vn 0.1786 0.8797 -0.4407
vn 0.1402 0.8895 -0.4350
vn 0.0705 0.8873 -0.4558
vn 0.1079 0.8807 -0.4612
vn 0.0673 0.9025 -0.4253
vn 0.1034 0.8970 -0.4297
vn 0.0581 0.9367 -0.3452
vn 0.0899 0.9334 -0.3473
vn 0.0975 0.9148 -0.3920
vn 0.0632 0.9192 -0.3887
vn 0.1234 0.9287 -0.3497
vn 0.1330 0.9086 -0.3959
vn 0.1595 0.9222 -0.3522
vn 0.1705 0.9005 -0.4001
vn 0.0344 0.8913 -0.4522
vn -0.0000 0.8926 -0.4509
vn 0.0327 0.9059 -0.4223
vn -0.0000 0.9069 -0.4213
vn -0.0705 0.8873 -0.4557
vn -0.0344 0.8913 -0.4521
vn -0.0673 0.9026 -0.4252
vn -0.0327 0.9059 -0.4223
vn -0.0581 0.9368 -0.3450
vn -0.0281 0.9387 -0.3436
vn -0.0306 0.9218 -0.3864
vn -0.0632 0.9192 -0.3886
vn -0.0000 0.9393 -0.3431
vn -0.0000 0.9226 -0.3857
vn 0.0281 0.9387 -0.3437
vn 0.0306 0.9218 -0.3865
vn -0.1080 0.8808 -0.4611
vn -0.1457 0.8719 -0.4675
vn -0.1034 0.8971 -0.4295
vn -0.1403 0.8896 -0.4347
vn -0.2252 0.8470 -0.4815
vn -0.1845 0.8607 -0.4744
vn -0.2198 0.8676 -0.4460
vn -0.1787 0.8799 -0.4403
vn -0.2001 0.9137 -0.3537
vn -0.1596 0.9224 -0.3516
vn -0.1706 0.9007 -0.3996
vn -0.2117 0.8901 -0.4036
vn -0.1234 0.9288 -0.3493
vn -0.1330 0.9087 -0.3956
vn -0.0900 0.9335 -0.3470
vn -0.0976 0.9149 -0.3918
vn -0.2693 0.8300 -0.4884
vn -0.3184 0.8080 -0.4957
vn -0.2655 0.8518 -0.4515
vn -0.3175 0.8308 -0.4572
vn -0.4332 0.7398 -0.5148
vn -0.3733 0.7788 -0.5041
vn -0.4400 0.7642 -0.4716
vn -0.3761 0.8023 -0.4636
vn -0.4418 0.8234 -0.3561
vn -0.3697 0.8581 -0.3564
vn -0.3754 0.8288 -0.4148
vn -0.4435 0.7921 -0.4193
vn -0.3043 0.8835 -0.3562
vn -0.3132 0.8561 -0.4110
vn -0.2476 0.9014 -0.3553
vn -0.2587 0.8759 -0.4074
vn 0.3582 0.8861 -0.2942
vn 0.2906 0.9093 -0.2979
vn 0.3416 0.9119 -0.2276
vn 0.2730 0.9326 -0.2359
vn 0.1852 0.9357 -0.3004
vn 0.2328 0.9252 -0.2998
vn 0.1680 0.9551 -0.2442
vn 0.2149 0.9464 -0.2412
vn 0.1177 0.9870 -0.1093
vn 0.1609 0.9817 -0.1020
vn 0.1919 0.9654 -0.1766
vn 0.1463 0.9724 -0.1820
vn 0.2155 0.9723 -0.0901
vn 0.2490 0.9539 -0.1678
vn 0.2807 0.9571 -0.0720
vn 0.3169 0.9358 -0.1547
vn 0.1459 0.9427 -0.3001
vn 0.1117 0.9476 -0.2993
vn 0.1301 0.9605 -0.2458
vn 0.0981 0.9642 -0.2464
vn 0.0519 0.9534 -0.2971
vn 0.0808 0.9511 -0.2982
vn 0.0448 0.9682 -0.2460
vn 0.0701 0.9666 -0.2463
vn 0.0242 0.9930 -0.1157
vn 0.0394 0.9925 -0.1160
vn 0.0569 0.9806 -0.1874
vn 0.0360 0.9816 -0.1875
vn 0.0591 0.9915 -0.1155
vn 0.0813 0.9790 -0.1868
vn 0.0846 0.9899 -0.1136
vn 0.1104 0.9765 -0.1852
vn 0.0251 0.9548 -0.2963
vn -0.0000 0.9552 -0.2960
vn 0.0217 0.9691 -0.2457
vn -0.0000 0.9694 -0.2456
vn -0.0519 0.9535 -0.2970
vn -0.0251 0.9548 -0.2962
vn -0.0449 0.9683 -0.2459
vn -0.0217 0.9691 -0.2456
vn -0.0242 0.9930 -0.1156
vn -0.0117 0.9933 -0.1151
vn -0.0174 0.9821 -0.1873
vn -0.0361 0.9816 -0.1874
vn -0.0000 0.9934 -0.1150
vn -0.0000 0.9823 -0.1873
vn 0.0117 0.9933 -0.1152
vn 0.0174 0.9821 -0.1874
vn -0.0808 0.9512 -0.2979
vn -0.1117 0.9477 -0.2989
vn -0.0702 0.9667 -0.2460
vn -0.0982 0.9643 -0.2459
vn -0.1854 0.9359 -0.2996
vn -0.1460 0.9428 -0.2995
vn -0.1681 0.9553 -0.2434
vn -0.1302 0.9607 -0.2452
vn -0.1177 0.9871 -0.1085
vn -0.0846 0.9900 -0.1130
vn -0.1105 0.9766 -0.1846
vn -0.1464 0.9725 -0.1811
vn -0.0592 0.9916 -0.1152
vn -0.0814 0.9791 -0.1864
vn -0.0394 0.9925 -0.1158
vn -0.0570 0.9807 -0.1871
vn -0.2329 0.9255 -0.2987
vn -0.2908 0.9097 -0.2965
vn -0.2151 0.9466 -0.2400
vn -0.2732 0.9330 -0.2343
vn -0.4337 0.8543 -0.2864
vn -0.3585 0.8866 -0.2924
vn -0.4185 0.8827 -0.2135
vn -0.3419 0.9123 -0.2256
vn -0.3536 0.9344 -0.0438
vn -0.2808 0.9572 -0.0698
vn -0.3171 0.9360 -0.1525
vn -0.3932 0.9097 -0.1337
vn -0.2156 0.9725 -0.0885
vn -0.2491 0.9541 -0.1662
vn -0.1610 0.9818 -0.1009
vn -0.1920 0.9656 -0.1754
vn 0.2351 0.9719 0.0125
vn 0.1742 0.9847 -0.0100
vn 0.1863 0.9784 0.0891
vn 0.1301 0.9895 0.0633
vn 0.0834 0.9960 -0.0327
vn 0.1234 0.9921 -0.0243
vn 0.0468 0.9981 0.0392
vn 0.0834 0.9954 0.0476
vn -0.0348 0.9840 0.1748
vn -0.0049 0.9835 0.1807
vn 0.0409 0.9925 0.1151
vn 0.0077 0.9942 0.1075
vn 0.0331 0.9800 0.1960
vn 0.0833 0.9879 0.1312
vn 0.0787 0.9712 0.2248
vn 0.1344 0.9781 0.1591
vn 0.0536 0.9979 -0.0370
vn 0.0324 0.9987 -0.0381
vn 0.0204 0.9992 0.0358
vn 0.0032 0.9993 0.0368
vn 0.0096 0.9993 -0.0352
vn 0.0180 0.9991 -0.0371
vn -0.0070 0.9989 0.0457
vn -0.0058 0.9992 0.0406
vn -0.0480 0.9760 0.2122
vn -0.0628 0.9784 0.1971
vn -0.0325 0.9925 0.1181
vn -0.0260 0.9915 0.1276
vn -0.0646 0.9808 0.1839
vn -0.0288 0.9935 0.1101
vn -0.0551 0.9829 0.1758
vn -0.0156 0.9942 0.1060
vn 0.0045 0.9994 -0.0333
vn -0.0000 0.9995 -0.0327
vn -0.0038 0.9987 0.0499
vn -0.0000 0.9987 0.0513
vn -0.0096 0.9993 -0.0351
vn -0.0045 0.9994 -0.0333
vn 0.0070 0.9989 0.0456
vn 0.0038 0.9987 0.0498
vn 0.0481 0.9761 0.2118
vn 0.0250 0.9743 0.2240
vn 0.0135 0.9907 0.1350
vn 0.0260 0.9915 0.1273
vn -0.0000 0.9736 0.2284
vn -0.0000 0.9905 0.1378
vn -0.0249 0.9742 0.2242
vn -0.0135 0.9907 0.1352
vn -0.0180 0.9992 -0.0370
vn -0.0324 0.9988 -0.0379
vn 0.0058 0.9992 0.0406
vn -0.0032 0.9993 0.0368
vn -0.0834 0.9960 -0.0320
vn -0.0537 0.9979 -0.0366
vn -0.0468 0.9981 0.0396
vn -0.0204 0.9991 0.0360
vn 0.0348 0.9841 0.1744
vn 0.0551 0.9830 0.1753
vn 0.0156 0.9943 0.1058
vn -0.0077 0.9942 0.1076
vn 0.0646 0.9809 0.1833
vn 0.0288 0.9935 0.1098
vn 0.0628 0.9785 0.1965
vn 0.0325 0.9925 0.1178
vn -0.1234 0.9921 -0.0233
vn -0.1742 0.9847 -0.0085
vn -0.0834 0.9953 0.0484
vn -0.1301 0.9894 0.0646
vn -0.3028 0.9519 0.0475
vn -0.2351 0.9719 0.0145
vn -0.2484 0.9600 0.1294
vn -0.1862 0.9783 0.0909
vn -0.1281 0.9541 0.2706
vn -0.0787 0.9710 0.2256
vn -0.1344 0.9779 0.1604
vn -0.1905 0.9604 0.2031
vn -0.0331 0.9800 0.1964
vn -0.0832 0.9877 0.1320
vn 0.0050 0.9835 0.1806
vn -0.0409 0.9925 0.1155
vn 0.0202 0.9582 0.2853
vn -0.0204 0.9659 0.2580
vn -0.0389 0.9393 0.3409
vn -0.0749 0.9455 0.3168
vn -0.0813 0.9668 0.2422
vn -0.0544 0.9679 0.2452
vn -0.1303 0.9426 0.3074
vn -0.1056 0.9458 0.3071
vn -0.1558 0.9181 0.3644
vn -0.1795 0.9131 0.3662
vn -0.1264 0.9193 0.3727
vn -0.0936 0.9151 0.3922
vn -0.0989 0.9640 0.2469
vn -0.1049 0.9599 0.2599
vn -0.1460 0.9375 0.3159
vn -0.1491 0.9306 0.3344
vn -0.0738 0.9506 0.3014
vn -0.0975 0.9552 0.2794
vn -0.1033 0.9147 0.3908
vn -0.1364 0.9226 0.3608
vn -0.1782 0.8837 0.4328
vn -0.1358 0.8721 0.4702
vn -0.1954 0.8953 0.4003
vn -0.1944 0.9054 0.3775
vn -0.0386 0.9470 0.3189
vn -0.0000 0.9457 0.3251
vn -0.0545 0.9084 0.4146
vn -0.0000 0.9061 0.4232
vn 0.0739 0.9509 0.3007
vn 0.0386 0.9471 0.3185
vn 0.1034 0.9151 0.3897
vn 0.0545 0.9086 0.4141
vn 0.0724 0.8632 0.4997
vn 0.1359 0.8728 0.4688
vn -0.0000 0.8594 0.5113
vn -0.0723 0.8628 0.5004
vn 0.0976 0.9555 0.2784
vn 0.1050 0.9602 0.2588
vn 0.1366 0.9231 0.3594
vn 0.1492 0.9311 0.3328
vn 0.0813 0.9670 0.2413
vn 0.0989 0.9643 0.2458
vn 0.1303 0.9431 0.3059
vn 0.1461 0.9380 0.3143
vn 0.1945 0.9063 0.3753
vn 0.1795 0.9139 0.3641
vn 0.1956 0.8962 0.3981
vn 0.1784 0.8846 0.4309
vn 0.0544 0.9681 0.2446
vn 0.0204 0.9660 0.2577
vn 0.1056 0.9462 0.3059
vn 0.0749 0.9458 0.3160
vn -0.0630 0.9417 0.3305
vn -0.0202 0.9582 0.2855
vn 0.0025 0.9243 0.3817
vn 0.0389 0.9395 0.3404
vn 0.0935 0.9156 0.3912
vn 0.0647 0.9040 0.4226
vn 0.1264 0.9199 0.3713
vn 0.1558 0.9189 0.3626
vn -0.4356 0.6190 -0.6535
vn -0.4721 0.5658 -0.6760
vn -0.4541 0.6309 -0.6291
vn -0.4982 0.5728 -0.6509
vn -0.5353 0.4471 -0.7166
vn -0.5057 0.5080 -0.6973
vn -0.5687 0.4483 -0.6896
vn -0.5361 0.5117 -0.6714
vn -0.6327 0.4661 -0.6184
vn -0.5908 0.5356 -0.6034
vn -0.5647 0.5217 -0.6395
vn -0.6017 0.4552 -0.6563
vn -0.5405 0.6040 -0.5857
vn -0.5205 0.5869 -0.6201
vn -0.4834 0.6668 -0.5671
vn -0.4695 0.6480 -0.5998
vn -0.5622 0.3812 -0.7339
vn -0.5857 0.3102 -0.7488
vn -0.5977 0.3813 -0.7053
vn -0.6227 0.3097 -0.7186
vn -0.6204 0.1504 -0.7698
vn -0.6053 0.2335 -0.7610
vn -0.6595 0.1496 -0.7367
vn -0.6435 0.2327 -0.7292
vn -0.7422 0.1546 -0.6521
vn -0.7232 0.2408 -0.6474
vn -0.6839 0.2354 -0.6905
vn -0.7014 0.1511 -0.6966
vn -0.6983 0.3207 -0.6400
vn -0.6612 0.3135 -0.6815
vn -0.6681 0.3954 -0.6303
vn -0.6338 0.3864 -0.6701
vn -0.6298 0.0643 -0.7741
vn -0.6329 -0.0210 -0.7739
vn -0.6694 0.0641 -0.7402
vn -0.6726 -0.0201 -0.7397
vn -0.6204 -0.1918 -0.7605
vn -0.6298 -0.1062 -0.7695
vn -0.6595 -0.1893 -0.7275
vn -0.6694 -0.1041 -0.7356
vn -0.7422 -0.1897 -0.6428
vn -0.7538 -0.1024 -0.6491
vn -0.7120 -0.1029 -0.6946
vn -0.7014 -0.1887 -0.6874
vn -0.7575 -0.0177 -0.6526
vn -0.7155 -0.0189 -0.6983
vn -0.7538 0.0671 -0.6537
vn -0.7120 0.0651 -0.6991
vn -0.6053 -0.2744 -0.7472
vn -0.5857 -0.3503 -0.7309
vn -0.6435 -0.2719 -0.7156
vn -0.6227 -0.3482 -0.7007
vn -0.5353 -0.4853 -0.6913
vn -0.5622 -0.4204 -0.7122
vn -0.5687 -0.4850 -0.6643
vn -0.5977 -0.4189 -0.6836
vn -0.6327 -0.4989 -0.5923
vn -0.6681 -0.4290 -0.6080
vn -0.6338 -0.4222 -0.6482
vn -0.6017 -0.4901 -0.6307
vn -0.6983 -0.3549 -0.6217
vn -0.6612 -0.3500 -0.6636
vn -0.7232 -0.2755 -0.6334
vn -0.6839 -0.2724 -0.6768
vn -0.5057 -0.5450 -0.6687
vn -0.4721 -0.6016 -0.6444
vn -0.5361 -0.5473 -0.6427
vn -0.4982 -0.6073 -0.6189
vn -0.4356 -0.6535 -0.6190
vn -0.4541 -0.6641 -0.5940
vn -0.4834 -0.6966 -0.5302
vn -0.4695 -0.6795 -0.5638
vn -0.5405 -0.6348 -0.5522
vn -0.5205 -0.6197 -0.5874
vn -0.5908 -0.5675 -0.5735
vn -0.5647 -0.5556 -0.6103
vn -0.4966 0.6880 -0.5291
vn -0.5596 0.6240 -0.5454
vn -0.5085 0.7130 -0.4828
vn -0.5779 0.6485 -0.4954
vn -0.6630 0.4813 -0.5735
vn -0.6161 0.5533 -0.5607
vn -0.6939 0.5018 -0.5164
vn -0.6411 0.5760 -0.5071
vn -0.7490 0.5626 -0.3499
vn -0.6824 0.6395 -0.3540
vn -0.6644 0.6046 -0.4394
vn -0.7239 0.5286 -0.4433
vn -0.6042 0.7129 -0.3560
vn -0.5937 0.6781 -0.4333
vn -0.5210 0.7756 -0.3564
vn -0.5174 0.7422 -0.4259
vn -0.7022 0.4085 -0.5831
vn -0.7356 0.3317 -0.5907
vn -0.7379 0.4269 -0.5227
vn -0.7753 0.3477 -0.5272
vn -0.7841 0.1603 -0.5995
vn -0.7631 0.2493 -0.5963
vn -0.8301 0.1692 -0.5313
vn -0.8064 0.2622 -0.5301
vn -0.9249 0.1995 -0.3237
vn -0.8934 0.3045 -0.3304
vn -0.8513 0.2802 -0.4436
vn -0.8786 0.1820 -0.4416
vn -0.8528 0.3987 -0.3373
vn -0.8159 0.3697 -0.4446
vn -0.8047 0.4838 -0.3440
vn -0.7735 0.4517 -0.4447
vn -0.7968 0.0703 -0.6002
vn -0.8008 -0.0162 -0.5987
vn -0.8443 0.0753 -0.5306
vn -0.8487 -0.0143 -0.5287
vn -0.7841 -0.1926 -0.5900
vn -0.7968 -0.1027 -0.5955
vn -0.8301 -0.1977 -0.5213
vn -0.8443 -0.1040 -0.5257
vn -0.9249 -0.2167 -0.3124
vn -0.9435 -0.1099 -0.3128
vn -0.8947 -0.1063 -0.4338
vn -0.8786 -0.2056 -0.4311
vn -0.9492 -0.0085 -0.3146
vn -0.8997 -0.0118 -0.4363
vn -0.9435 0.0928 -0.3183
vn -0.8947 0.0826 -0.4390
vn -0.7631 -0.2813 -0.5819
vn -0.7356 -0.3632 -0.5719
vn -0.8064 -0.2905 -0.5152
vn -0.7753 -0.3757 -0.5076
vn -0.6630 -0.5116 -0.5466
vn -0.7022 -0.4395 -0.5601
vn -0.6939 -0.5290 -0.4884
vn -0.7379 -0.4546 -0.4988
vn -0.7490 -0.5807 -0.3189
vn -0.8047 -0.5017 -0.3173
vn -0.7735 -0.4751 -0.4195
vn -0.7239 -0.5519 -0.4140
vn -0.8528 -0.4164 -0.3152
vn -0.8159 -0.3932 -0.4240
vn -0.8934 -0.3219 -0.3134
vn -0.8513 -0.3038 -0.4278
vn -0.6161 -0.5828 -0.5299
vn -0.5596 -0.6526 -0.5107
vn -0.6411 -0.6026 -0.4752
vn -0.5779 -0.6744 -0.4596
vn -0.4966 -0.7157 -0.4911
vn -0.5085 -0.7381 -0.4434
vn -0.5210 -0.7938 -0.3138
vn -0.5174 -0.7642 -0.3851
vn -0.6042 -0.7311 -0.3169
vn -0.5937 -0.7005 -0.3959
vn -0.6824 -0.6577 -0.3188
vn -0.6644 -0.6275 -0.4060
vn -0.5171 0.8092 -0.2789
vn -0.6056 0.7488 -0.2693
vn -0.5039 0.8408 -0.1977
vn -0.5953 0.7835 -0.1780
vn -0.7626 0.5992 -0.2438
vn -0.6900 0.6765 -0.2574
vn -0.7599 0.6365 -0.1317
vn -0.6834 0.7133 -0.1554
vn -0.6795 0.7211 0.1356
vn -0.6043 0.7922 0.0854
vn -0.6575 0.7522 -0.0427
vn -0.7356 0.6774 -0.0072
vn -0.5202 0.8533 0.0360
vn -0.5690 0.8187 -0.0776
vn -0.4340 0.9009 -0.0082
vn -0.4779 0.8717 -0.1087
vn -0.8236 0.5188 -0.2293
vn -0.8766 0.4306 -0.2148
vn -0.8249 0.5549 -0.1082
vn -0.8818 0.4638 -0.0854
vn -0.9573 0.2190 -0.1889
vn -0.9219 0.3313 -0.2011
vn -0.9697 0.2397 -0.0462
vn -0.9309 0.3595 -0.0643
vn -0.9038 0.2943 0.3109
vn -0.8595 0.4315 0.2741
vn -0.9152 0.3928 0.0906
vn -0.9573 0.2646 0.1165
vn -0.8055 0.5458 0.2307
vn -0.8627 0.5022 0.0603
vn -0.7456 0.6405 0.1841
vn -0.8028 0.5956 0.0273
vn -0.9781 0.1042 -0.1801
vn -0.9845 -0.0048 -0.1752
vn -0.9926 0.1164 -0.0338
vn -0.9996 -0.0007 -0.0277
vn -0.9573 -0.2289 -0.1768
vn -0.9781 -0.1138 -0.1742
vn -0.9697 -0.2419 -0.0331
vn -0.9926 -0.1181 -0.0275
vn -0.9038 -0.2770 0.3264
vn -0.9305 -0.1306 0.3422
vn -0.9823 -0.1236 0.1404
vn -0.9573 -0.2579 0.1306
vn -0.9386 0.0093 0.3447
vn -0.9900 0.0038 0.1412
vn -0.9305 0.1489 0.3347
vn -0.9823 0.1311 0.1335
vn -0.9219 -0.3417 -0.1828
vn -0.8766 -0.4416 -0.1912
vn -0.9309 -0.3625 -0.0447
vn -0.8818 -0.4678 -0.0601
vn -0.7626 -0.6116 -0.2110
vn -0.8236 -0.5304 -0.2009
vn -0.7599 -0.6427 -0.0971
vn -0.8249 -0.5599 -0.0779
vn -0.6795 -0.7127 0.1744
vn -0.7456 -0.6296 0.2185
vn -0.8028 -0.5932 0.0595
vn -0.7356 -0.6768 0.0295
vn -0.8055 -0.5325 0.2600
vn -0.8627 -0.4982 0.0874
vn -0.8595 -0.4160 0.2970
vn -0.9152 -0.3873 0.1118
vn -0.6900 -0.6894 -0.2203
vn -0.6056 -0.7623 -0.2284
vn -0.6834 -0.7207 -0.1166
vn -0.5953 -0.7920 -0.1353
vn -0.5171 -0.8231 -0.2347
vn -0.5039 -0.8503 -0.1519
vn -0.4340 -0.9000 0.0406
vn -0.4779 -0.8763 -0.0613
vn -0.5202 -0.8501 0.0822
vn -0.5690 -0.8217 -0.0331
vn -0.6043 -0.7864 0.1282
vn -0.6575 -0.7534 -0.0019
vn -0.3761 0.9219 0.0931
vn -0.4531 0.8788 0.1498
vn -0.3138 0.9317 0.1829
vn -0.3803 0.8908 0.2488
vn -0.5951 0.7544 0.2769
vn -0.5279 0.8222 0.2129
vn -0.5000 0.7707 0.3949
vn -0.4435 0.8367 0.3213
vn -0.2917 0.7707 0.5664
vn -0.2582 0.8349 0.4861
vn -0.3540 0.8398 0.4116
vn -0.3991 0.7748 0.4904
vn -0.2196 0.8868 0.4065
vn -0.3030 0.8926 0.3337
vn -0.1758 0.9265 0.3326
vn -0.2475 0.9327 0.2622
vn -0.6550 0.6753 0.3391
vn -0.7101 0.5801 0.3991
vn -0.5506 0.6924 0.4663
vn -0.5973 0.5971 0.5355
vn -0.8033 0.3187 0.5031
vn -0.7607 0.4626 0.4553
vn -0.6780 0.3320 0.6559
vn -0.6408 0.4785 0.6004
vn -0.3990 0.3374 0.8526
vn -0.3758 0.4822 0.7914
vn -0.5115 0.4836 0.7103
vn -0.5419 0.3371 0.7699
vn -0.3495 0.5993 0.7202
vn -0.4766 0.6019 0.6407
vn -0.3218 0.6935 0.6446
vn -0.4394 0.6969 0.5668
vn -0.8294 0.1643 0.5340
vn -0.8374 0.0148 0.5464
vn -0.7011 0.1734 0.6916
vn -0.7083 0.0191 0.7057
vn -0.8033 -0.2910 0.5197
vn -0.8294 -0.1351 0.5421
vn -0.6780 -0.2959 0.6729
vn -0.7011 -0.1357 0.7000
vn -0.3990 -0.2907 0.8697
vn -0.4141 -0.1310 0.9008
vn -0.5612 -0.1339 0.8168
vn -0.5419 -0.2949 0.7870
vn -0.4188 0.0246 0.9077
vn -0.5672 0.0223 0.8233
vn -0.4141 0.1796 0.8923
vn -0.5612 0.1779 0.8083
vn -0.7607 -0.4373 0.4797
vn -0.7101 -0.5576 0.4299
vn -0.6408 -0.4453 0.6254
vn -0.5973 -0.5672 0.5670
vn -0.5951 -0.7383 0.3174
vn -0.6550 -0.6559 0.3751
vn -0.5000 -0.7482 0.4361
vn -0.5506 -0.6661 0.5032
vn -0.2917 -0.7389 0.6074
vn -0.3218 -0.6575 0.6813
vn -0.4394 -0.6652 0.6038
vn -0.3991 -0.7471 0.5316
vn -0.3495 -0.5594 0.7516
vn -0.4766 -0.5663 0.6724
vn -0.3758 -0.4386 0.8163
vn -0.5115 -0.4444 0.7354
vn -0.5279 -0.8095 0.2571
vn -0.4531 -0.8694 0.1972
vn -0.4435 -0.8180 0.3662
vn -0.3803 -0.8760 0.2967
vn -0.3761 -0.9155 0.1429
vn -0.3138 -0.9204 0.2331
vn -0.1758 -0.9072 0.3823
vn -0.2475 -0.9172 0.3123
vn -0.2196 -0.8635 0.4540
vn -0.3030 -0.8733 0.3816
vn -0.2582 -0.8073 0.5306
vn -0.3540 -0.8162 0.4565
vn -0.1014 0.9139 0.3931
vn -0.1332 0.8743 0.4668
vn -0.0266 0.8969 0.4414
vn -0.0469 0.8572 0.5129
vn -0.1796 0.7601 0.6244
vn -0.1585 0.8232 0.5452
vn -0.0679 0.7447 0.6640
vn -0.0594 0.8067 0.5880
vn 0.0370 0.7885 0.6139
vn 0.0394 0.7272 0.6853
vn 0.0385 0.8391 0.5426
vn 0.0470 0.8788 0.4748
vn -0.1987 0.6839 0.7020
vn -0.2161 0.5911 0.7771
vn -0.0753 0.6695 0.7390
vn -0.0819 0.5785 0.8116
vn -0.2482 0.3341 0.9092
vn -0.2329 0.4761 0.8480
vn -0.0954 0.3279 0.9399
vn -0.0886 0.4662 0.8803
vn 0.0478 0.4544 0.8895
vn 0.0489 0.3201 0.9461
vn 0.0455 0.5640 0.8245
vn 0.0424 0.6532 0.7560
vn -0.2585 0.1791 0.9493
vn -0.2618 0.0262 0.9648
vn -0.1004 0.1767 0.9791
vn -0.1020 0.0270 0.9944
vn -0.2482 -0.2844 0.9260
vn -0.2585 -0.1274 0.9576
vn -0.0954 -0.2765 0.9563
vn -0.1003 -0.1234 0.9873
vn 0.0490 -0.1195 0.9916
vn 0.0489 -0.2683 0.9621
vn 0.0490 0.0271 0.9984
vn 0.0490 0.1731 0.9837
vn -0.2329 -0.4295 0.8725
vn -0.2161 -0.5481 0.8080
vn -0.0886 -0.4178 0.9042
vn -0.0819 -0.5337 0.8417
vn -0.1796 -0.7252 0.6647
vn -0.1987 -0.6448 0.7381
vn -0.0679 -0.7076 0.7033
vn -0.0753 -0.6285 0.7742
vn 0.0424 -0.6113 0.7903
vn 0.0394 -0.6890 0.7237
vn 0.0455 -0.5185 0.8539
vn 0.0478 -0.4056 0.9128
vn -0.1585 -0.7925 0.5890
vn -0.1332 -0.8477 0.5135
vn -0.0594 -0.7737 0.6308
vn -0.0469 -0.8282 0.5585
vn -0.1014 -0.8913 0.4420
vn -0.0266 -0.8717 0.4894
vn 0.0470 -0.8518 0.5217
vn 0.0385 -0.8085 0.5872
vn 0.0370 -0.7541 0.6557
vt 0.192761 0.562904
vt 0.191769 0.558920
vt 0.200530 0.550897
vt 0.198765 0.558868
vt 0.190212 0.553562
vt 0.200198 0.544163
vt 0.209815 0.544515
vt 0.207233 0.553640
vt 0.210464 0.536600
vt 0.188350 0.547792
vt 0.186248 0.541841
vt 0.197706 0.531394
vt 0.199164 0.537691
vt 0.209136 0.522774
vt 0.210075 0.529463
vt 0.231444 0.509494
vt 0.231606 0.516954
vt 0.220924 0.522692
vt 0.220411 0.515603
vt 0.231259 0.524890
vt 0.220871 0.530298
vt 0.229920 0.533584
vt 0.227021 0.543239
vt 0.216819 0.548334
vt 0.219722 0.538766
vt 0.240098 0.528916
vt 0.237328 0.538635
vt 0.241517 0.520036
vt 0.250217 0.524827
vt 0.247700 0.534586
vt 0.251610 0.515798
vt 0.242187 0.504053
vt 0.242074 0.511825
vt 0.252570 0.499338
vt 0.252277 0.507364
vt 0.272046 0.492363
vt 0.271740 0.500720
vt 0.262176 0.503639
vt 0.262535 0.495415
vt 0.271176 0.509435
vt 0.261504 0.512242
vt 0.270162 0.518631
vt 0.268493 0.528408
vt 0.258100 0.531155
vt 0.260246 0.521376
vt 0.279946 0.516661
vt 0.278856 0.526413
vt 0.280610 0.507452
vt 0.289701 0.515460
vt 0.289246 0.525165
vt 0.289957 0.506281
vt 0.281084 0.490270
vt 0.280956 0.498691
vt 0.289910 0.489114
vt 0.290024 0.497533
vt 0.308017 0.489586
vt 0.308541 0.497827
vt 0.299151 0.497243
vt 0.298803 0.488890
vt 0.308992 0.506387
vt 0.299367 0.505923
vt 0.309540 0.515384
vt 0.310354 0.524937
vt 0.299725 0.524670
vt 0.299531 0.515031
vt 0.319826 0.516535
vt 0.321187 0.525984
vt 0.318980 0.507690
vt 0.330359 0.518436
vt 0.332184 0.527766
vt 0.329302 0.509779
vt 0.317810 0.491233
vt 0.318392 0.499304
vt 0.328147 0.493766
vt 0.328675 0.501616
vt 0.350233 0.501206
vt 0.350353 0.508484
vt 0.339347 0.504697
vt 0.338977 0.497114
vt 0.350780 0.516090
vt 0.339918 0.512598
vt 0.351986 0.524295
vt 0.354449 0.533371
vt 0.343293 0.530243
vt 0.341097 0.521039
vt 0.362964 0.528152
vt 0.365583 0.537104
vt 0.361826 0.520194
vt 0.373685 0.532702
vt 0.376130 0.541225
vt 0.372948 0.525249
vt 0.361842 0.505970
vt 0.361630 0.512907
vt 0.373798 0.511778
vt 0.373157 0.518369
vt 0.398575 0.528036
vt 0.396744 0.534008
vt 0.384886 0.525271
vt 0.386064 0.519008
vt 0.394992 0.539721
vt 0.384011 0.531582
vt 0.393433 0.544974
vt 0.392341 0.548889
vt 0.385551 0.545471
vt 0.383798 0.538008
vt 0.183976 0.535933
vt 0.196109 0.525178
vt 0.181436 0.530166
vt 0.194252 0.519148
vt 0.208088 0.516201
vt 0.206792 0.509853
vt 0.178534 0.524636
vt 0.175181 0.519426
vt 0.189295 0.508026
vt 0.192019 0.513399
vt 0.202901 0.498243
vt 0.205109 0.503834
vt 0.228478 0.482533
vt 0.229899 0.488597
vt 0.217749 0.495659
vt 0.215967 0.489825
vt 0.230751 0.495189
vt 0.218977 0.501971
vt 0.231211 0.502196
vt 0.219812 0.508657
vt 0.242241 0.496460
vt 0.242083 0.489191
vt 0.252808 0.491506
vt 0.252850 0.484029
vt 0.240438 0.476137
vt 0.241544 0.482378
vt 0.251685 0.470681
vt 0.252537 0.477049
vt 0.271534 0.462852
vt 0.272131 0.469337
vt 0.262762 0.472676
vt 0.262085 0.466229
vt 0.272333 0.476497
vt 0.262956 0.479771
vt 0.272272 0.484225
vt 0.262836 0.487401
vt 0.281089 0.482071
vt 0.280944 0.474295
vt 0.289615 0.480907
vt 0.289182 0.473122
vt 0.279972 0.460622
vt 0.280598 0.467113
vt 0.287919 0.459452
vt 0.288630 0.465930
vt 0.304601 0.460184
vt 0.305419 0.466742
vt 0.296757 0.465887
vt 0.295963 0.459339
vt 0.306343 0.473886
vt 0.297537 0.473045
vt 0.307247 0.481545
vt 0.298236 0.480758
vt 0.316977 0.483332
vt 0.316028 0.475767
vt 0.327384 0.486051
vt 0.326532 0.478621
vt 0.314401 0.462085
vt 0.315113 0.468662
vt 0.325256 0.465024
vt 0.325759 0.471588
vt 0.349577 0.473790
vt 0.349450 0.480196
vt 0.337247 0.475456
vt 0.337030 0.468947
vt 0.349633 0.486955
vt 0.337768 0.482374
vt 0.349946 0.493991
vt 0.338401 0.489629
vt 0.361929 0.499065
vt 0.362013 0.492295
vt 0.374352 0.505191
vt 0.374920 0.498694
vt 0.362745 0.479493
vt 0.362233 0.485746
vt 0.376570 0.486266
vt 0.375617 0.492363
vt 0.406202 0.504015
vt 0.404129 0.509939
vt 0.389594 0.500329
vt 0.391061 0.494352
vt 0.402210 0.515948
vt 0.388335 0.506469
vt 0.400379 0.521997
vt 0.387188 0.512717
vt 0.171296 0.514611
vt 0.185974 0.503109
vt 0.166892 0.510170
vt 0.182052 0.498623
vt 0.200030 0.493168
vt 0.196477 0.488575
vt 1.041116 0.507548
vt 1.038220 0.513085
vt 1.024173 0.501952
vt 1.026533 0.496388
vt 1.010581 0.492511
vt 1.012505 0.486853
vt 1.044207 0.502137
vt 1.029179 0.491042
vt 1.014805 0.481489
vt 0.984987 0.477599
vt 0.986207 0.471673
vt 0.999064 0.478690
vt 0.997511 0.484480
vt 0.987943 0.466137
vt 1.001074 0.473251
vt 0.226295 0.477089
vt 0.213465 0.484564
vt 0.223292 0.472198
vt 0.210206 0.479825
vt 0.238550 0.470557
vt 0.235798 0.465545
vt 0.250065 0.465004
vt 0.247562 0.459892
vt 0.973001 0.471646
vt 0.973893 0.465626
vt 0.961703 0.466683
vt 0.962278 0.460612
vt 0.975330 0.460010
vt 0.963373 0.454931
vt 0.941713 0.460002
vt 0.941723 0.453959
vt 0.951508 0.456702
vt 0.951232 0.462781
vt 0.941969 0.448227
vt 0.952206 0.450979
vt 0.270349 0.457073
vt 0.260701 0.460488
vt 0.268392 0.451772
vt 0.258459 0.455283
vt 0.278936 0.454815
vt 0.277310 0.449405
vt 0.287005 0.453606
vt 0.285779 0.448074
vt 0.933239 0.458380
vt 0.933049 0.452397
vt 0.925310 0.457812
vt 0.924980 0.451888
vt 0.932802 0.446681
vt 0.924265 0.446278
vt 0.908824 0.459685
vt 0.908190 0.453797
vt 0.916890 0.452353
vt 0.917368 0.458251
vt 0.906750 0.448339
vt 0.915790 0.446818
vt 0.304030 0.454177
vt 0.295176 0.453403
vt 0.303725 0.448442
vt 0.294402 0.447752
vt 0.314091 0.456023
vt 0.314239 0.450251
vt 0.325243 0.458941
vt 0.325791 0.453174
vt 0.899160 0.462158
vt 0.898320 0.456289
vt 0.888444 0.465612
vt 0.887358 0.459787
vt 0.896581 0.450900
vt 0.885343 0.454467
vt 0.864344 0.475263
vt 0.862663 0.469626
vt 0.875422 0.464243
vt 0.876790 0.469994
vt 0.860112 0.464491
vt 0.873140 0.459005
vt 0.350215 0.467787
vt 0.337335 0.462884
vt 0.351418 0.462104
vt 0.338231 0.457149
vt 0.363723 0.473592
vt 0.365206 0.467981
vt 0.377921 0.480459
vt 0.379696 0.474894
vt 0.851282 0.481406
vt 0.849262 0.475929
vt 0.837597 0.488663
vt 0.835191 0.483348
vt 0.846433 0.470931
vt 0.832047 0.478480
vt 0.808444 0.507550
vt 0.805009 0.502420
vt 0.820440 0.492103
vt 0.823307 0.497292
vt 0.801000 0.497652
vt 0.816915 0.487322
vt 0.408508 0.498218
vt 0.392845 0.488590
vt 0.411042 0.492521
vt 0.394958 0.483008
vt 1.035528 0.518780
vt 1.022089 0.507770
vt 1.032971 0.524584
vt 1.020181 0.513781
vt 1.009006 0.498507
vt 1.007647 0.504770
vt 1.030493 0.530445
vt 1.028044 0.536305
vt 1.016564 0.526105
vt 1.018364 0.519917
vt 1.005123 0.517768
vt 1.006386 0.511220
vt 0.982804 0.505126
vt 0.983285 0.497858
vt 0.994669 0.503987
vt 0.993842 0.510903
vt 0.983708 0.490775
vt 0.995469 0.497211
vt 0.984219 0.483991
vt 0.996368 0.490679
vt 0.972572 0.478175
vt 0.972389 0.485155
vt 0.961558 0.473299
vt 0.961622 0.480421
vt 0.972054 0.500063
vt 0.972269 0.492492
vt 0.961663 0.495784
vt 0.961709 0.487960
vt 0.942187 0.489868
vt 0.942247 0.481701
vt 0.951681 0.484338
vt 0.951692 0.492362
vt 0.942115 0.473911
vt 0.951504 0.476648
vt 0.941895 0.466649
vt 0.951298 0.469434
vt 0.933417 0.464998
vt 0.933508 0.472277
vt 0.925411 0.464405
vt 0.925296 0.471683
vt 0.933177 0.488367
vt 0.933444 0.480119
vt 0.924405 0.487814
vt 0.924950 0.479539
vt 0.906503 0.489426
vt 0.907525 0.481240
vt 0.916423 0.479905
vt 0.915603 0.488171
vt 0.908329 0.473463
vt 0.917039 0.472077
vt 0.908807 0.466245
vt 0.917376 0.464824
vt 0.899232 0.468688
vt 0.898758 0.475841
vt 0.888704 0.472078
vt 0.888366 0.479127
vt 0.896840 0.491580
vt 0.897913 0.483518
vt 0.886639 0.494548
vt 0.887622 0.486659
vt 0.864823 0.502675
vt 0.865266 0.495279
vt 0.876712 0.490596
vt 0.875946 0.498264
vt 0.865452 0.488175
vt 0.877228 0.483254
vt 0.865207 0.481472
vt 0.877319 0.476354
vt 0.852527 0.487410
vt 0.853174 0.493864
vt 0.839288 0.494457
vt 0.840411 0.500652
vt 0.853352 0.507746
vt 0.853394 0.500675
vt 0.841552 0.513884
vt 0.841115 0.507158
vt 0.817341 0.531041
vt 0.815646 0.524885
vt 0.828496 0.515105
vt 0.829500 0.521510
vt 0.813667 0.518859
vt 0.827214 0.508874
vt 0.811300 0.513054
vt 0.825526 0.502907
vt 1.025578 0.542099
vt 1.014712 0.532265
vt 1.023225 0.547644
vt 1.013161 0.538503
vt 1.003769 0.524317
vt 1.002818 0.531194
vt 1.021117 0.552749
vt 1.019616 0.556562
vt 1.013235 0.552522
vt 1.012265 0.544912
vt 1.004300 0.547459
vt 1.002759 0.538721
vt 0.983532 0.537789
vt 0.982055 0.528470
vt 0.992568 0.533253
vt 0.994226 0.542447
vt 0.981742 0.520127
vt 0.992289 0.525175
vt 0.982140 0.512448
vt 0.992880 0.517846
vt 0.971611 0.507721
vt 0.971326 0.515716
vt 0.961354 0.503730
vt 0.961097 0.512003
vt 0.972767 0.533741
vt 0.971582 0.524304
vt 0.962001 0.530350
vt 0.961206 0.520807
vt 0.940698 0.525709
vt 0.940943 0.516010
vt 0.950981 0.518026
vt 0.951294 0.527660
vt 0.941378 0.506891
vt 0.951103 0.509042
vt 0.941845 0.498220
vt 0.951419 0.500542
vt 0.932653 0.496824
vt 0.931945 0.505600
vt 0.923647 0.496314
vt 0.922656 0.505138
vt 0.930247 0.524542
vt 0.931119 0.514804
vt 0.919886 0.524134
vt 0.921410 0.514382
vt 0.899183 0.525529
vt 0.901914 0.515810
vt 0.911710 0.514722
vt 0.909553 0.524466
vt 0.903899 0.506605
vt 0.913359 0.505479
vt 0.905359 0.497843
vt 0.914618 0.496659
vt 0.895669 0.499865
vt 0.894127 0.508514
vt 0.885568 0.502649
vt 0.884062 0.511136
vt 0.888715 0.527320
vt 0.891917 0.517642
vt 0.878180 0.529778
vt 0.881742 0.520154
vt 0.857072 0.536467
vt 0.860983 0.526978
vt 0.871418 0.523284
vt 0.867617 0.532845
vt 0.863182 0.518279
vt 0.873735 0.514409
vt 0.864287 0.510252
vt 0.875092 0.506129
vt 0.853209 0.514976
vt 0.852446 0.522694
vt 0.841870 0.520737
vt 0.841600 0.528009
vt 0.846591 0.540590
vt 0.850481 0.531186
vt 0.836711 0.544986
vt 0.840210 0.535988
vt 0.821770 0.552922
vt 0.821179 0.548792
vt 0.830487 0.541490
vt 0.827960 0.549424
vt 0.820152 0.543229
vt 0.830779 0.534635
vt 0.818859 0.537232
vt 0.830357 0.527998
vt 0.209545 0.862294
vt 0.217044 0.861097
vt 0.218501 0.870364
vt 0.207940 0.868856
vt 0.227519 0.858993
vt 0.229936 0.869228
vt 0.217735 0.880313
vt 0.205635 0.878079
vt 0.230391 0.879917
vt 0.239291 0.856132
vt 0.251630 0.852687
vt 0.254719 0.863401
vt 0.242201 0.866759
vt 0.256243 0.874500
vt 0.243348 0.877768
vt 0.256685 0.897986
vt 0.242733 0.900998
vt 0.243328 0.889154
vt 0.256724 0.885996
vt 0.228499 0.902739
vt 0.229726 0.891087
vt 0.214222 0.902576
vt 0.200202 0.899816
vt 0.203021 0.888523
vt 0.216190 0.891117
vt 0.263798 0.848902
vt 0.266934 0.859659
vt 0.275650 0.845040
vt 0.278676 0.855809
vt 0.268740 0.870778
vt 0.280635 0.866901
vt 0.287075 0.841370
vt 0.298015 0.838163
vt 0.300250 0.848931
vt 0.289808 0.852138
vt 0.301943 0.859929
vt 0.291743 0.863180
vt 0.304381 0.883264
vt 0.294258 0.886606
vt 0.293140 0.874614
vt 0.303264 0.871310
vt 0.282749 0.890422
vt 0.281876 0.878391
vt 0.270122 0.894339
vt 0.269656 0.882298
vt 0.308503 0.835685
vt 0.310027 0.846476
vt 0.318830 0.833956
vt 0.319526 0.844798
vt 0.311232 0.857462
vt 0.320106 0.855816
vt 0.329304 0.833006
vt 0.340208 0.832891
vt 0.339339 0.843886
vt 0.329164 0.843921
vt 0.338788 0.855066
vt 0.329113 0.855014
vt 0.337826 0.878667
vt 0.328788 0.878462
vt 0.329056 0.866456
vt 0.338364 0.866595
vt 0.320829 0.879140
vt 0.320567 0.867174
vt 0.312990 0.880759
vt 0.312198 0.868818
vt 0.351776 0.833693
vt 0.350370 0.844765
vt 0.363899 0.835269
vt 0.362135 0.846403
vt 0.349551 0.856047
vt 0.361243 0.857780
vt 0.376408 0.837441
vt 0.389114 0.839988
vt 0.387070 0.851151
vt 0.374439 0.848610
vt 0.386433 0.862615
vt 0.373621 0.860056
vt 0.387339 0.886683
vt 0.373658 0.884115
vt 0.373513 0.871851
vt 0.386697 0.874426
vt 0.360596 0.881720
vt 0.360856 0.869505
vt 0.348524 0.879819
vt 0.349035 0.867675
vt 0.401849 0.842658
vt 0.399841 0.853758
vt 0.413890 0.845205
vt 0.412206 0.855916
vt 0.399463 0.865160
vt 0.412391 0.867003
vt 0.424552 0.847367
vt 0.432175 0.848780
vt 0.434205 0.855840
vt 0.423649 0.857097
vt 0.436949 0.865569
vt 0.424930 0.867451
vt 0.443195 0.888172
vt 0.429448 0.890410
vt 0.426978 0.878629
vt 0.439969 0.876489
vt 0.415438 0.890482
vt 0.413650 0.878526
vt 0.401329 0.889045
vt 0.400152 0.876892
vt 0.212266 0.914555
vt 0.197343 0.911619
vt 0.227293 0.914933
vt 0.210300 0.926833
vt 0.194455 0.923776
vt 0.226118 0.927475
vt 0.256655 0.910642
vt 0.242160 0.913452
vt 0.256566 0.923754
vt 0.241558 0.926310
vt 0.256163 0.950792
vt 0.240025 0.952713
vt 0.240860 0.939472
vt 0.256394 0.937169
vt 0.223327 0.953244
vt 0.224741 0.940244
vt 0.206178 0.951993
vt 0.188708 0.948797
vt 0.191562 0.936184
vt 0.208263 0.939336
vt 0.270580 0.907087
vt 0.283601 0.903189
vt 0.270949 0.920337
vt 0.284336 0.916499
vt 0.305461 0.896000
vt 0.295347 0.899359
vt 0.306413 0.909340
vt 0.296303 0.912689
vt 0.308016 0.937244
vt 0.297938 0.940496
vt 0.297123 0.926438
vt 0.307226 0.923129
vt 0.285590 0.944175
vt 0.284960 0.930194
vt 0.271497 0.947777
vt 0.271230 0.933933
vt 0.313708 0.893490
vt 0.320945 0.891893
vt 0.314320 0.906841
vt 0.320925 0.905262
vt 0.337036 0.891464
vt 0.328333 0.891217
vt 0.336067 0.904803
vt 0.327714 0.904567
vt 0.333818 0.932508
vt 0.326240 0.932508
vt 0.326989 0.918367
vt 0.334985 0.918526
vt 0.320735 0.933291
vt 0.320811 0.919106
vt 0.315304 0.934833
vt 0.314807 0.920664
vt 0.347754 0.892660
vt 0.360096 0.894597
vt 0.346795 0.905981
vt 0.359396 0.907895
vt 0.387825 0.899523
vt 0.373597 0.897002
vt 0.388161 0.912675
vt 0.373343 0.910254
vt 0.387725 0.939348
vt 0.371869 0.937211
vt 0.372816 0.923689
vt 0.388197 0.925975
vt 0.357262 0.935086
vt 0.358478 0.921428
vt 0.344385 0.933412
vt 0.345676 0.919606
vt 0.402396 0.901757
vt 0.417203 0.902926
vt 0.403456 0.914698
vt 0.419019 0.915644
vt 0.446524 0.900243
vt 0.431956 0.902628
vt 0.450010 0.912491
vt 0.434561 0.915089
vt 0.457502 0.937119
vt 0.439769 0.940453
vt 0.437206 0.927705
vt 0.453670 0.924791
vt 0.421915 0.941540
vt 0.420651 0.928574
vt 0.404423 0.940990
vt 0.404213 0.927787
vt 0.203919 0.964847
vt 0.185894 0.961676
vt 0.221714 0.966391
vt 0.201237 0.977959
vt 0.183146 0.974924
vt 0.219609 0.979807
vt 0.255913 0.964597
vt 0.239129 0.966210
vt 0.255536 0.978660
vt 0.237859 0.980000
vt 0.976907 0.953891
vt 0.993519 0.956476
vt 0.991880 0.969752
vt 0.974577 0.967309
vt 1.010978 0.957955
vt 1.010397 0.971105
vt 0.988869 0.983204
vt 0.971117 0.980780
vt 1.008130 0.984589
vt 1.028819 0.957792
vt 1.046698 0.955327
vt 1.049819 0.968092
vt 1.030009 0.970980
vt 1.052853 0.981323
vt 1.029142 0.984418
vt 0.271860 0.961858
vt 0.286435 0.958401
vt 0.272344 0.976112
vt 0.287652 0.972698
vt 0.309109 0.951608
vt 0.299049 0.954805
vt 0.311068 0.965856
vt 0.300773 0.969086
vt 0.923307 0.943316
vt 0.933896 0.945071
vt 0.931055 0.958879
vt 0.920718 0.957355
vt 0.946700 0.947693
vt 0.943803 0.961340
vt 0.927991 0.972599
vt 0.918411 0.971308
vt 0.940291 0.974910
vt 0.961183 0.950792
vt 0.958449 0.964324
vt 0.954813 0.977822
vt 0.316048 0.949256
vt 0.320784 0.947754
vt 0.317869 0.963500
vt 0.322013 0.962025
vt 0.332673 0.946672
vt 0.325574 0.946890
vt 0.331881 0.960753
vt 0.325853 0.961117
vt 0.896284 0.945517
vt 0.904013 0.943931
vt 0.902990 0.958392
vt 0.895499 0.959941
vt 0.909760 0.942946
vt 0.908195 0.957375
vt 0.902927 0.972771
vt 0.895456 0.974339
vt 0.907689 0.971707
vt 0.915541 0.942662
vt 0.913387 0.956942
vt 0.912025 0.971132
vt 0.342890 0.947348
vt 0.355609 0.948853
vt 0.341212 0.961256
vt 0.353353 0.962635
vt 0.386460 0.952839
vt 0.370282 0.950843
vt 0.384031 0.966492
vt 0.367782 0.964549
vt 0.842321 0.951997
vt 0.858020 0.951222
vt 0.856419 0.965174
vt 0.840063 0.965670
vt 0.872708 0.949569
vt 0.871552 0.963755
vt 0.854843 0.979320
vt 0.837645 0.979528
vt 0.870692 0.978066
vt 0.885657 0.947515
vt 0.884811 0.961858
vt 0.884468 0.976243
vt 0.403801 0.954321
vt 0.422308 0.954608
vt 0.401741 0.967906
vt 0.420968 0.968203
vt 0.461473 0.949633
vt 0.441863 0.953455
vt 0.465289 0.962673
vt 0.441817 0.966913
vt 0.775618 0.940443
vt 0.792440 0.946101
vt 0.788320 0.958454
vt 0.770959 0.952736
vt 0.809282 0.949801
vt 0.805739 0.962541
vt 0.783765 0.971006
vt 0.766331 0.965412
vt 0.801699 0.975480
vt 0.825987 0.951688
vt 0.823076 0.964897
vt 0.819802 0.978319
vt 1.027153 0.944857
vt 1.043753 0.942740
vt 1.010615 0.944880
vt 1.025439 0.932050
vt 1.041023 0.930173
vt 1.009905 0.931823
vt 0.978451 0.940518
vt 0.994284 0.943253
vt 0.979499 0.927139
vt 0.994532 0.930034
vt 0.980869 0.900841
vt 0.994543 0.903997
vt 0.994601 0.916863
vt 0.980276 0.913844
vt 1.008380 0.906230
vt 1.009208 0.918876
vt 1.022314 0.906859
vt 1.036142 0.905304
vt 1.038511 0.917640
vt 1.023873 0.919290
vt 0.963281 0.937292
vt 0.949151 0.934083
vt 0.964962 0.923815
vt 0.951293 0.920537
vt 0.925893 0.929413
vt 0.936512 0.931334
vt 0.928376 0.915719
vt 0.938935 0.917723
vt 0.932699 0.889486
vt 0.943120 0.891442
vt 0.941151 0.904366
vt 0.930669 0.902358
vt 0.954853 0.894192
vt 0.953193 0.907176
vt 0.967548 0.897442
vt 0.966366 0.910465
vt 0.917843 0.928587
vt 0.911511 0.928757
vt 0.920076 0.914795
vt 0.913214 0.914880
vt 0.897268 0.931340
vt 0.905232 0.929717
vt 0.898178 0.917451
vt 0.906402 0.915811
vt 0.899251 0.891032
vt 0.908008 0.889426
vt 0.907338 0.902335
vt 0.898842 0.903964
vt 0.915898 0.888587
vt 0.914700 0.901435
vt 0.923846 0.888558
vt 0.922101 0.901405
vt 0.886695 0.933421
vt 0.873995 0.935613
vt 0.887652 0.919598
vt 0.875215 0.921893
vt 0.844473 0.938512
vt 0.859717 0.937541
vt 0.846655 0.925245
vt 0.861372 0.923953
vt 0.850204 0.899812
vt 0.863980 0.897946
vt 0.862760 0.910722
vt 0.848423 0.912357
vt 0.876983 0.895642
vt 0.876211 0.908521
vt 0.888847 0.893222
vt 0.888374 0.906148
vt 0.828660 0.938662
vt 0.812552 0.937235
vt 0.831280 0.925786
vt 0.815697 0.924794
vt 0.780281 0.928425
vt 0.796349 0.933926
vt 0.784943 0.916613
vt 0.800166 0.921885
vt 0.794060 0.893803
vt 0.807534 0.898495
vt 0.803898 0.910034
vt 0.789554 0.905039
vt 0.821626 0.900651
vt 0.818710 0.912561
vt 0.835972 0.900857
vt 0.833628 0.913170
vt 1.020801 0.894834
vt 1.033863 0.893358
vt 1.007591 0.894032
vt 1.019673 0.883433
vt 1.031745 0.882190
vt 1.007290 0.882302
vt 0.981267 0.888393
vt 0.994365 0.891642
vt 0.982016 0.876396
vt 0.994661 0.879720
vt 0.986652 0.853574
vt 0.998945 0.857056
vt 0.996001 0.868186
vt 0.983642 0.864791
vt 1.010598 0.860345
vt 1.008027 0.871075
vt 1.020948 0.863149
vt 1.028380 0.865017
vt 1.029815 0.872237
vt 1.019251 0.872905
vt 0.968476 0.885003
vt 0.956217 0.881823
vt 0.969622 0.873029
vt 0.957667 0.869928
vt 0.934392 0.877288
vt 0.944764 0.879164
vt 0.935940 0.865584
vt 0.946368 0.867369
vt 0.939475 0.843013
vt 0.950669 0.844696
vt 0.948236 0.855916
vt 0.937560 0.854206
vt 0.962362 0.847151
vt 0.959590 0.858394
vt 0.974410 0.850186
vt 0.971452 0.861435
vt 0.925283 0.876405
vt 0.916897 0.876446
vt 0.926510 0.864755
vt 0.917654 0.864795
vt 0.899513 0.878826
vt 0.908571 0.877244
vt 0.899483 0.867140
vt 0.908857 0.865604
vt 0.897914 0.844526
vt 0.908381 0.843078
vt 0.908788 0.854279
vt 0.898996 0.855766
vt 0.918592 0.842299
vt 0.918197 0.853478
vt 0.928861 0.842249
vt 0.927656 0.853425
vt 0.889163 0.881011
vt 0.877598 0.883455
vt 0.889103 0.869287
vt 0.877746 0.871725
vt 0.851802 0.887855
vt 0.865049 0.885838
vt 0.852792 0.876293
vt 0.865569 0.874155
vt 0.850890 0.853780
vt 0.863267 0.851465
vt 0.865118 0.862726
vt 0.852661 0.864958
vt 0.875316 0.848983
vt 0.877098 0.860272
vt 0.886895 0.846584
vt 0.888428 0.857859
vt 0.838154 0.889204
vt 0.824441 0.889279
vt 0.839662 0.877870
vt 0.826600 0.878288
vt 0.798420 0.883058
vt 0.811063 0.887449
vt 0.802428 0.873107
vt 0.814058 0.876973
vt 0.808373 0.858018
vt 0.815887 0.857799
vt 0.816139 0.867215
vt 0.805936 0.864302
vt 0.826445 0.857054
vt 0.827545 0.867589
vt 0.838361 0.855691
vt 0.839931 0.866718
vt 0.194850 0.569227
vt 0.188209 0.571349
vt 0.203348 0.564824
vt 0.188920 0.581734
vt 0.181451 0.583608
vt 0.197909 0.577785
vt 0.223493 0.554588
vt 0.213046 0.559746
vt 0.218869 0.567413
vt 0.208004 0.572752
vt 0.208004 0.597663
vt 0.196012 0.603396
vt 0.202158 0.587310
vt 0.213567 0.581762
vt 0.184933 0.608699
vt 0.191568 0.592445
vt 0.174991 0.612866
vt 0.166371 0.615242
vt 0.173993 0.598404
vt 0.182084 0.596379
vt 0.234186 0.549901
vt 0.245072 0.545759
vt 0.230128 0.562521
vt 0.241723 0.558168
vt 0.267226 0.539400
vt 0.256101 0.542235
vt 0.265662 0.551432
vt 0.253588 0.554443
vt 0.262296 0.579489
vt 0.247935 0.583016
vt 0.250791 0.567974
vt 0.263965 0.564723
vt 0.234043 0.587315
vt 0.237950 0.571971
vt 0.220705 0.592248
vt 0.225518 0.576606
vt 0.278411 0.537325
vt 0.289673 0.536005
vt 0.277892 0.549215
vt 0.290251 0.547786
vt 0.312509 0.535642
vt 0.301032 0.535441
vt 0.315264 0.547300
vt 0.302717 0.547144
vt 0.322253 0.574369
vt 0.307151 0.574287
vt 0.304762 0.560014
vt 0.318537 0.560135
vt 0.292035 0.575125
vt 0.291024 0.560746
vt 0.277039 0.576860
vt 0.277401 0.562316
vt 0.324116 0.536626
vt 0.335798 0.538352
vt 0.327860 0.548277
vt 0.340429 0.550028
vt 0.359103 0.543874
vt 0.347487 0.540781
vt 0.365123 0.555687
vt 0.352883 0.552513
vt 0.379783 0.583560
vt 0.366097 0.580084
vt 0.359177 0.565575
vt 0.372130 0.568895
vt 0.351856 0.577340
vt 0.345850 0.562970
vt 0.337196 0.575411
vt 0.332266 0.561139
vt 0.370563 0.547584
vt 0.381283 0.551438
vt 0.377051 0.559491
vt 0.388168 0.563275
vt 0.398121 0.556412
vt 0.390725 0.554901
vt 0.406199 0.567622
vt 0.398038 0.566320
vt 0.424835 0.596789
vt 0.415552 0.595004
vt 0.406489 0.579799
vt 0.415262 0.581243
vt 0.404793 0.591715
vt 0.396162 0.576739
vt 0.392784 0.587661
vt 0.384594 0.572850
vt 0.168242 0.630851
vt 0.159105 0.633628
vt 0.178597 0.626450
vt 0.162223 0.649955
vt 0.152602 0.653164
vt 0.172947 0.645336
vt 0.202614 0.615158
vt 0.190095 0.621013
vt 0.197786 0.633883
vt 0.184804 0.639806
vt 0.191285 0.673667
vt 0.177578 0.679546
vt 0.180514 0.659428
vt 0.193893 0.653495
vt 0.165157 0.685101
vt 0.168350 0.664998
vt 0.153845 0.690065
vt 0.143440 0.694173
vt 0.147254 0.673465
vt 0.157305 0.669808
vt 0.216043 0.609536
vt 0.230283 0.604338
vt 0.211885 0.628105
vt 0.226978 0.622683
vt 0.260813 0.595943
vt 0.245239 0.599749
vt 0.259694 0.613761
vt 0.242951 0.617833
vt 0.259191 0.652269
vt 0.240542 0.656771
vt 0.241310 0.636940
vt 0.259103 0.632633
vt 0.222917 0.662017
vt 0.224427 0.642013
vt 0.206450 0.667737
vt 0.208577 0.647612
vt 0.276908 0.593081
vt 0.293329 0.591163
vt 0.277100 0.610668
vt 0.294907 0.608560
vt 0.326344 0.590227
vt 0.309876 0.590201
vt 0.330637 0.607412
vt 0.312845 0.607460
vt 0.339003 0.644725
vt 0.319035 0.644951
vt 0.315943 0.625791
vt 0.334932 0.625655
vt 0.298817 0.646328
vt 0.296749 0.627034
vt 0.278741 0.648781
vt 0.277692 0.629326
vt 0.342519 0.591294
vt 0.358251 0.593304
vt 0.347999 0.608481
vt 0.364755 0.610543
vt 0.387752 0.599751
vt 0.373381 0.596160
vt 0.395729 0.617124
vt 0.380724 0.613471
vt 0.410163 0.654398
vt 0.394119 0.650779
vt 0.387773 0.631747
vt 0.403344 0.635405
vt 0.376763 0.647826
vt 0.371047 0.628789
vt 0.358316 0.645745
vt 0.353366 0.626705
vt 0.401221 0.603939
vt 0.413595 0.608107
vt 0.409606 0.621332
vt 0.422278 0.625560
vt 0.434471 0.613782
vt 0.424719 0.611610
vt 0.443864 0.631842
vt 0.433702 0.629252
vt 0.460503 0.670025
vt 0.449690 0.666601
vt 0.442164 0.647648
vt 0.452678 0.650660
vt 0.437811 0.662633
vt 0.430492 0.643798
vt 0.424685 0.658456
vt 0.417572 0.639568
vt 0.152191 0.710424
vt 0.141527 0.714971
vt 0.163713 0.705347
vt 0.152316 0.730403
vt 0.141488 0.735354
vt 0.163990 0.725256
vt 0.190303 0.694108
vt 0.176340 0.699867
vt 0.190922 0.714313
vt 0.176776 0.719899
vt 0.196906 0.752149
vt 0.182626 0.757289
vt 0.178868 0.739180
vt 0.193122 0.733807
vt 0.169673 0.762307
vt 0.165973 0.744378
vt 0.157868 0.767471
vt 0.147007 0.773046
vt 0.143312 0.754852
vt 0.154205 0.749552
vt 0.205820 0.688194
vt 0.222726 0.682412
vt 0.206661 0.708476
vt 0.223819 0.702695
vt 0.260098 0.672408
vt 0.240865 0.677051
vt 0.261770 0.692560
vt 0.242236 0.697283
vt 0.267189 0.731029
vt 0.247966 0.735711
vt 0.244613 0.716987
vt 0.264149 0.712252
vt 0.229748 0.741023
vt 0.226164 0.722383
vt 0.212673 0.746615
vt 0.208946 0.728099
vt 0.280299 0.668787
vt 0.301060 0.666210
vt 0.282293 0.688862
vt 0.303391 0.686205
vt 0.342601 0.664425
vt 0.321968 0.664727
vt 0.345611 0.684290
vt 0.324640 0.684649
vt 0.349339 0.722695
vt 0.328751 0.723095
vt 0.326939 0.704254
vt 0.347902 0.703861
vt 0.307947 0.724684
vt 0.305716 0.705847
vt 0.287304 0.727349
vt 0.284651 0.708533
vt 0.362524 0.665418
vt 0.381511 0.667488
vt 0.365861 0.685258
vt 0.385154 0.687308
vt 0.415713 0.673961
vt 0.399321 0.670415
vt 0.419855 0.693637
vt 0.403236 0.690190
vt 0.423167 0.731629
vt 0.406501 0.728401
vt 0.405694 0.709660
vt 0.422409 0.712996
vt 0.388465 0.725630
vt 0.387530 0.706833
vt 0.369324 0.723632
vt 0.368180 0.704809
vt 0.430458 0.677868
vt 0.443745 0.681948
vt 0.434765 0.697360
vt 0.448192 0.701308
vt 0.466830 0.689832
vt 0.455788 0.686004
vt 0.471610 0.709623
vt 0.460382 0.705418
vt 0.475655 0.747663
vt 0.464225 0.742810
vt 0.463282 0.724467
vt 0.474650 0.729014
vt 0.451823 0.738643
vt 0.450964 0.720326
vt 0.438210 0.734978
vt 0.437423 0.716525
vt 0.163362 0.783818
vt 0.152625 0.789588
vt 0.175149 0.778693
vt 0.170265 0.798696
vt 0.159726 0.804600
vt 0.181980 0.793632
vt 0.202329 0.768956
vt 0.188106 0.773859
vt 0.208967 0.784320
vt 0.194886 0.788983
vt 0.224301 0.810880
vt 0.210752 0.815063
vt 0.202561 0.802715
vt 0.216420 0.798292
vt 0.198151 0.819337
vt 0.189770 0.807178
vt 0.186758 0.824229
vt 0.176799 0.830263
vt 0.167907 0.818154
vt 0.178184 0.812163
vt 0.217883 0.763626
vt 0.234593 0.758207
vt 0.224178 0.779219
vt 0.240345 0.774011
vt 0.270869 0.748473
vt 0.252300 0.753038
vt 0.274969 0.764634
vt 0.257316 0.769033
vt 0.283593 0.793124
vt 0.268260 0.797089
vt 0.262728 0.783720
vt 0.279278 0.779524
vt 0.253198 0.801584
vt 0.246657 0.788471
vt 0.238501 0.806286
vt 0.231173 0.793438
vt 0.290203 0.744889
vt 0.310002 0.742296
vt 0.293222 0.761187
vt 0.311860 0.758704
vt 0.349781 0.740380
vt 0.329966 0.740756
vt 0.349402 0.756909
vt 0.330662 0.757242
vt 0.346896 0.786307
vt 0.330851 0.786550
vt 0.330926 0.772525
vt 0.348378 0.772241
vt 0.314923 0.787820
vt 0.313503 0.773893
vt 0.299159 0.790029
vt 0.296244 0.776244
vt 0.369126 0.741319
vt 0.387767 0.743298
vt 0.367835 0.757853
vt 0.385745 0.759808
vt 0.421906 0.749159
vt 0.405448 0.746019
vt 0.418992 0.765545
vt 0.402883 0.762480
vt 0.409649 0.794522
vt 0.394592 0.791608
vt 0.399149 0.777711
vt 0.414787 0.780704
vt 0.378963 0.789076
vt 0.382706 0.775097
vt 0.362992 0.787224
vt 0.365705 0.773182
vt 0.436888 0.752367
vt 0.450513 0.755930
vt 0.433826 0.768644
vt 0.447396 0.772138
vt 0.474290 0.765259
vt 0.462924 0.760133
vt 0.470937 0.781746
vt 0.459743 0.776383
vt 0.459691 0.810973
vt 0.449114 0.805252
vt 0.455028 0.791467
vt 0.465954 0.797029
vt 0.437132 0.800908
vt 0.442822 0.787173
vt 0.423909 0.797477
vt 0.429382 0.783723
vt 0.195659 0.834846
vt 0.186064 0.840885
vt 0.206786 0.830066
vt 0.204226 0.844269
vt 0.195130 0.849962
vt 0.215040 0.839919
vt 0.232253 0.822042
vt 0.219106 0.825984
vt 0.239810 0.832388
vt 0.227063 0.836120
vt 0.234012 0.846021
vt 0.246457 0.842457
vt 0.222245 0.849359
vt 0.203448 0.857342
vt 0.211802 0.852658
vt 0.245818 0.817721
vt 0.259656 0.813305
vt 0.252756 0.828309
vt 0.265765 0.824150
vt 0.287729 0.805380
vt 0.273653 0.809091
vt 0.291592 0.816713
vt 0.278731 0.820191
vt 0.283287 0.830825
vt 0.295069 0.827523
vt 0.271214 0.834594
vt 0.258903 0.838560
vt 0.301868 0.802483
vt 0.316121 0.800421
vt 0.304354 0.814001
vt 0.317145 0.812074
vt 0.345142 0.799018
vt 0.330533 0.799238
vt 0.343309 0.810773
vt 0.330092 0.810973
vt 0.329645 0.822119
vt 0.341598 0.821950
vt 0.318039 0.823143
vt 0.306584 0.824957
vt 0.359956 0.799881
vt 0.374826 0.801633
vt 0.356878 0.811581
vt 0.370670 0.813234
vt 0.403934 0.806860
vt 0.389556 0.804048
vt 0.398203 0.818235
vt 0.384510 0.815532
vt 0.379951 0.826525
vt 0.393052 0.829133
vt 0.366890 0.824318
vt 0.354050 0.822732
vt 0.417754 0.809756
vt 0.430659 0.813182
vt 0.411565 0.821065
vt 0.424111 0.824384
vt 0.452492 0.823409
vt 0.442329 0.817576
vt 0.444957 0.834140
vt 0.435385 0.828531
vt 0.428990 0.838150
vt 0.437693 0.842917
vt 0.418207 0.834867
vt 0.406020 0.831884
vt 0.402766 0.554387
vt 0.405883 0.550130
vt 0.412206 0.566172
vt 0.416782 0.562719
vt 0.411250 0.539218
vt 0.408654 0.544938
vt 0.424072 0.552587
vt 0.420603 0.558015
vt 0.450191 0.586084
vt 0.444653 0.590486
vt 0.432593 0.573207
vt 0.437045 0.568189
vt 0.438887 0.594056
vt 0.427796 0.577412
vt 0.432441 0.596316
vt 0.422186 0.580270
vt 0.413844 0.533374
vt 0.416468 0.527453
vt 0.427579 0.546963
vt 0.431129 0.541177
vt 0.421948 0.515530
vt 0.419155 0.521493
vt 0.438385 0.529222
vt 0.434727 0.535257
vt 0.473614 0.564687
vt 0.467696 0.570659
vt 0.450895 0.551531
vt 0.455590 0.545464
vt 0.461777 0.576189
vt 0.446223 0.557339
vt 0.455920 0.581322
vt 0.441598 0.562894
vt 0.424896 0.509594
vt 0.427977 0.503660
vt 0.442126 0.523086
vt 0.445906 0.516830
vt 0.793048 0.519690
vt 0.788910 0.514534
vt 0.777007 0.534011
vt 0.772008 0.528799
vt 0.784272 0.509688
vt 0.766575 0.523830
vt 0.742704 0.570776
vt 0.735440 0.565627
vt 0.754199 0.545651
vt 0.760235 0.550887
vt 0.727854 0.560502
vt 0.747788 0.540567
vt 0.479472 0.558218
vt 0.460296 0.539129
vt 0.485166 0.551234
vt 0.464944 0.532506
vt 0.796668 0.525166
vt 0.799843 0.530898
vt 0.781536 0.539472
vt 0.785651 0.545126
vt 0.805193 0.542810
vt 0.802655 0.536809
vt 0.792881 0.556701
vt 0.789411 0.550900
vt 0.767876 0.591218
vt 0.762154 0.586222
vt 0.775908 0.567309
vt 0.780435 0.572805
vt 0.756055 0.581105
vt 0.771057 0.561770
vt 0.749574 0.575940
vt 0.765844 0.556274
vt 0.807550 0.548806
vt 0.809955 0.554334
vt 0.796128 0.562432
vt 0.799588 0.567482
vt 0.816702 0.561110
vt 0.812625 0.558913
vt 0.809047 0.572899
vt 0.803679 0.571243
vt 0.791517 0.603451
vt 0.784580 0.602654
vt 0.794213 0.585933
vt 0.800467 0.587164
vt 0.778638 0.600001
vt 0.789110 0.582740
vt 0.773221 0.596003
vt 0.784675 0.578158
vt 0.442757 0.613946
vt 0.450066 0.612496
vt 0.452781 0.632746
vt 0.460911 0.632273
vt 0.463564 0.606339
vt 0.456858 0.609829
vt 0.476545 0.628400
vt 0.468693 0.630725
vt 0.499087 0.676041
vt 0.489341 0.675468
vt 0.479686 0.652717
vt 0.488573 0.651762
vt 0.479933 0.674341
vt 0.471016 0.652984
vt 0.470455 0.672564
vt 0.462154 0.652367
vt 0.470583 0.602414
vt 0.477809 0.598004
vt 0.484851 0.625589
vt 0.493467 0.622189
vt 0.492450 0.587384
vt 0.485135 0.593030
vt 0.511038 0.612995
vt 0.502244 0.618054
vt 0.543572 0.670963
vt 0.531963 0.673950
vt 0.518130 0.645178
vt 0.528386 0.640998
vt 0.520577 0.675547
vt 0.507967 0.648185
vt 0.509562 0.676144
vt 0.498059 0.650306
vt 0.499649 0.580935
vt 0.506577 0.573651
vt 0.519704 0.606777
vt 0.528030 0.599331
vt 0.724489 0.594226
vt 0.715814 0.589377
vt 0.706801 0.620752
vt 0.696621 0.616490
vt 0.706851 0.584385
vt 0.686131 0.611920
vt 0.677503 0.680973
vt 0.664473 0.678968
vt 0.679123 0.646518
vt 0.690792 0.649842
vt 0.650878 0.676475
vt 0.667047 0.642758
vt 0.555272 0.666093
vt 0.538579 0.635288
vt 0.566779 0.659116
vt 0.548444 0.627910
vt 0.732786 0.598912
vt 0.740691 0.603460
vt 0.716575 0.624661
vt 0.725930 0.628292
vt 0.755220 0.612052
vt 0.748180 0.607855
vt 0.743182 0.634797
vt 0.734821 0.631673
vt 0.723631 0.684122
vt 0.713044 0.683845
vt 0.722866 0.657160
vt 0.732438 0.658965
vt 0.701773 0.683285
vt 0.712682 0.655068
vt 0.689916 0.682364
vt 0.701975 0.652652
vt 0.761768 0.615985
vt 0.768245 0.619151
vt 0.750924 0.637631
vt 0.758450 0.639758
vt 0.782740 0.621308
vt 0.775082 0.621072
vt 0.774553 0.640373
vt 0.766177 0.640792
vt 0.761594 0.680773
vt 0.751954 0.682698
vt 0.758318 0.661445
vt 0.767369 0.660300
vt 0.742684 0.683768
vt 0.749762 0.661417
vt 0.733379 0.684174
vt 0.741272 0.660492
vt 0.477142 0.693227
vt 0.487080 0.696220
vt 0.482173 0.713858
vt 0.492401 0.718062
vt 0.507427 0.701055
vt 0.497038 0.698828
vt 0.513418 0.726087
vt 0.502676 0.722165
vt 0.517447 0.773622
vt 0.506877 0.766592
vt 0.506076 0.744913
vt 0.516867 0.750468
vt 0.496657 0.759776
vt 0.495714 0.739384
vt 0.486368 0.753394
vt 0.485360 0.734035
vt 0.518657 0.702886
vt 0.530542 0.704026
vt 0.525063 0.729726
vt 0.537452 0.732727
vt 0.555737 0.702617
vt 0.542936 0.704098
vt 0.564159 0.734931
vt 0.550490 0.734647
vt 0.568019 0.796932
vt 0.553983 0.792831
vt 0.554248 0.764545
vt 0.568338 0.766730
vt 0.541018 0.787204
vt 0.541020 0.760727
vt 0.528853 0.780640
vt 0.528553 0.755876
vt 0.568874 0.698958
vt 0.582057 0.692795
vt 0.578498 0.732856
vt 0.593238 0.727979
vt 0.667782 0.713674
vt 0.653619 0.713360
vt 0.662256 0.746711
vt 0.647367 0.748393
vt 0.638704 0.712607
vt 0.631429 0.749851
vt 0.664547 0.808400
vt 0.649867 0.814428
vt 0.646148 0.782530
vt 0.661202 0.778710
vt 0.634158 0.820961
vt 0.630053 0.786535
vt 0.583491 0.798752
vt 0.583513 0.766526
vt 0.600329 0.797890
vt 0.599533 0.763444
vt 0.681172 0.713346
vt 0.693914 0.712526
vt 0.676214 0.744457
vt 0.689448 0.741755
vt 0.717355 0.709915
vt 0.706008 0.711343
vt 0.713776 0.735535
vt 0.701998 0.738732
vt 0.715163 0.783160
vt 0.703554 0.789575
vt 0.701171 0.765086
vt 0.713025 0.760186
vt 0.691221 0.796002
vt 0.688564 0.769900
vt 0.678215 0.802282
vt 0.675289 0.774473
vt 0.727786 0.708353
vt 0.737708 0.706509
vt 0.724606 0.732321
vt 0.734907 0.729021
vt 0.757622 0.701518
vt 0.747526 0.704265
vt 0.755483 0.722037
vt 0.745078 0.725598
vt 0.756902 0.760596
vt 0.746383 0.765560
vt 0.744673 0.746181
vt 0.755222 0.741866
vt 0.736160 0.771069
vt 0.734365 0.750715
vt 0.725886 0.776972
vt 0.723947 0.755397
vt 0.484795 0.771599
vt 0.494763 0.778864
vt 0.481069 0.788603
vt 0.490508 0.796615
vt 0.514663 0.795063
vt 0.504572 0.786775
vt 0.509023 0.814817
vt 0.499667 0.805456
vt 0.491459 0.848685
vt 0.484106 0.837798
vt 0.492671 0.822525
vt 0.501085 0.832764
vt 0.476707 0.827639
vt 0.484339 0.812926
vt 0.468732 0.818571
vt 0.475584 0.804308
vt 0.525557 0.803453
vt 0.537224 0.811503
vt 0.519124 0.824387
vt 0.530005 0.833734
vt 0.563540 0.824599
vt 0.549749 0.818756
vt 0.554927 0.850044
vt 0.541823 0.842436
vt 0.527662 0.892560
vt 0.517185 0.882203
vt 0.530624 0.863715
vt 0.542539 0.872845
vt 0.507862 0.871238
vt 0.519939 0.853753
vt 0.499348 0.859953
vt 0.510151 0.843309
vt 0.578955 0.828597
vt 0.595975 0.830176
vt 0.569610 0.856128
vt 0.586262 0.860289
vt 0.672000 0.834888
vt 0.658102 0.842927
vt 0.682681 0.858631
vt 0.670013 0.868339
vt 0.643448 0.851836
vt 0.656893 0.879170
vt 0.710880 0.897446
vt 0.701332 0.909296
vt 0.684767 0.890551
vt 0.695948 0.879548
vt 0.691954 0.922371
vt 0.673462 0.902777
vt 0.539828 0.902098
vt 0.556185 0.880835
vt 0.554010 0.910622
vt 0.571854 0.887378
vt 0.685069 0.827095
vt 0.697373 0.819350
vt 0.694658 0.849429
vt 0.706208 0.840453
vt 0.720229 0.803935
vt 0.709134 0.811604
vt 0.727556 0.822776
vt 0.717181 0.831511
vt 0.746732 0.854851
vt 0.738268 0.865058
vt 0.727106 0.849345
vt 0.736575 0.839763
vt 0.729402 0.875566
vt 0.717105 0.859186
vt 0.720247 0.886322
vt 0.706709 0.869208
vt 0.730500 0.796589
vt 0.740389 0.789679
vt 0.737179 0.814454
vt 0.746503 0.806700
vt 0.760627 0.777894
vt 0.750307 0.783375
vt 0.765952 0.793836
vt 0.755958 0.799738
vt 0.779848 0.821715
vt 0.770752 0.828222
vt 0.762902 0.814695
vt 0.772478 0.808453
vt 0.762518 0.836146
vt 0.754024 0.822197
vt 0.754666 0.845128
vt 0.745398 0.830644
vt 0.460905 0.831211
vt 0.468073 0.840556
vt 0.452432 0.841940
vt 0.458506 0.851422
vt 0.480796 0.862311
vt 0.474519 0.851048
vt 0.469111 0.873546
vt 0.463904 0.862089
vt 0.452342 0.870674
vt 0.456516 0.882235
vt 0.448143 0.859922
vt 0.443678 0.850421
vt 0.487488 0.873997
vt 0.494683 0.885801
vt 0.474620 0.885431
vt 0.480507 0.897506
vt 0.511394 0.908696
vt 0.502544 0.897450
vt 0.494006 0.921498
vt 0.486889 0.909579
vt 0.470477 0.918638
vt 0.475876 0.930937
vt 0.465520 0.906384
vt 0.460888 0.894206
vt 0.521794 0.919389
vt 0.534172 0.929420
vt 0.502415 0.933075
vt 0.512787 0.944231
vt 0.726449 0.912054
vt 0.718499 0.924305
vt 0.742523 0.923834
vt 0.735993 0.936172
vt 0.710968 0.937712
vt 0.730022 0.949506
vt 0.753569 0.945437
vt 0.758972 0.933170
vt 0.748668 0.958430
vt 0.482018 0.943321
vt 0.490002 0.955345
vt 0.734422 0.900516
vt 0.742322 0.889358
vt 0.749206 0.912122
vt 0.755907 0.900754
vt 0.757479 0.867888
vt 0.750046 0.878466
vt 0.768920 0.878846
vt 0.762513 0.889646
vt 0.775699 0.898553
vt 0.781115 0.887573
vt 0.770144 0.909840
vt 0.764535 0.921367
vt 0.764511 0.857785
vt 0.771579 0.848451
vt 0.775035 0.868499
vt 0.781215 0.858932
vt 0.787743 0.833539
vt 0.779154 0.840237
vt 0.795613 0.843796
vt 0.787847 0.850525
vt 0.796570 0.858795
vt 0.802938 0.852267
vt 0.791428 0.867319
vt 0.786323 0.877044
vt 0.823299 0.559613
vt 0.831953 0.556006
vt 0.816425 0.571749
vt 0.825496 0.568668
vt 0.852560 0.547680
vt 0.841873 0.551844
vt 0.846844 0.560290
vt 0.835769 0.564596
vt 0.833385 0.589997
vt 0.821211 0.594558
vt 0.828718 0.578830
vt 0.840321 0.574377
vt 0.809989 0.598760
vt 0.817971 0.582934
vt 0.800014 0.601929
vt 0.808441 0.585930
vt 0.863459 0.544013
vt 0.874507 0.540904
vt 0.858284 0.556471
vt 0.870017 0.553219
vt 0.896821 0.536610
vt 0.885646 0.538415
vt 0.894070 0.548728
vt 0.881969 0.550613
vt 0.887971 0.577004
vt 0.873625 0.579175
vt 0.877895 0.564131
vt 0.891074 0.562115
vt 0.859680 0.582152
vt 0.864986 0.566912
vt 0.846235 0.585807
vt 0.852433 0.570363
vt 0.907989 0.535550
vt 0.919173 0.535230
vt 0.906260 0.547631
vt 0.918517 0.547307
vt 0.941686 0.536819
vt 0.930398 0.535649
vt 0.943161 0.548970
vt 0.930824 0.547752
vt 0.947170 0.577260
vt 0.932352 0.575879
vt 0.931486 0.561084
vt 0.945019 0.562379
vt 0.917460 0.575376
vt 0.917938 0.560609
vt 0.902624 0.575746
vt 0.904444 0.560949
vt 0.953053 0.538762
vt 0.964450 0.541435
vt 0.955498 0.550984
vt 0.967764 0.553747
vt 0.987047 0.548826
vt 0.975808 0.544802
vt 0.991718 0.561363
vt 0.979872 0.557220
vt 1.002998 0.591159
vt 0.989825 0.586570
vt 0.984635 0.571114
vt 0.997142 0.575470
vt 0.976035 0.582675
vt 0.971697 0.567446
vt 0.961772 0.579550
vt 0.958454 0.564518
vt 0.998087 0.553455
vt 1.008368 0.558194
vt 1.003196 0.566122
vt 1.013843 0.570838
vt 1.024535 0.564675
vt 1.017386 0.562473
vt 1.031187 0.576839
vt 1.023282 0.574764
vt 1.045995 0.608328
vt 1.037062 0.605685
vt 1.029990 0.589309
vt 1.038472 0.591576
vt 1.026832 0.601427
vt 1.020134 0.585317
vt 1.015419 0.596337
vt 1.009096 0.580440
vt 0.791757 0.619453
vt 0.802139 0.616107
vt 0.784073 0.638157
vt 0.794828 0.634651
vt 0.826452 0.607222
vt 0.813765 0.611832
vt 0.819938 0.625732
vt 0.806803 0.630341
vt 0.809733 0.665389
vt 0.795895 0.669832
vt 0.800721 0.649772
vt 0.814241 0.645217
vt 0.783363 0.674061
vt 0.788444 0.654069
vt 0.771989 0.677800
vt 0.777357 0.657708
vt 0.840020 0.602916
vt 0.854357 0.599096
vt 0.834168 0.621356
vt 0.849351 0.617415
vt 0.884895 0.593617
vt 0.869353 0.595943
vt 0.882054 0.611644
vt 0.865355 0.614112
vt 0.877824 0.650769
vt 0.859227 0.653458
vt 0.861897 0.633378
vt 0.879639 0.630787
vt 0.841574 0.656957
vt 0.844986 0.636797
vt 0.825019 0.661017
vt 0.829050 0.640819
vt 0.900877 0.592261
vt 0.917108 0.591850
vt 0.899327 0.610190
vt 0.916918 0.609726
vt 0.949534 0.593826
vt 0.933394 0.592368
vt 0.951982 0.611754
vt 0.934561 0.610242
vt 0.956455 0.650553
vt 0.936923 0.649015
vt 0.935774 0.629212
vt 0.954355 0.630750
vt 0.917047 0.648557
vt 0.916902 0.628717
vt 0.897220 0.649142
vt 0.898080 0.629241
vt 0.965312 0.596259
vt 0.980584 0.599570
vt 0.968893 0.614304
vt 0.985129 0.617767
vt 1.008985 0.608441
vt 0.995195 0.603667
vt 1.014874 0.626915
vt 1.000513 0.622018
vt 1.025061 0.666203
vt 1.009747 0.661259
vt 1.005486 0.641300
vt 1.020361 0.646252
vt 0.993071 0.656866
vt 0.989400 0.636952
vt 0.975237 0.653234
vt 0.972291 0.633382
vt 1.021811 0.613755
vt 1.033533 0.618991
vt 1.028054 0.632286
vt 1.040026 0.637600
vt 1.053405 0.626543
vt 1.044073 0.623483
vt 1.060479 0.645793
vt 1.050813 0.642295
vt 1.072494 0.686051
vt 1.062329 0.681704
vt 1.057017 0.661784
vt 1.066957 0.665717
vt 1.051178 0.676733
vt 1.046032 0.656928
vt 1.038818 0.671462
vt 1.033852 0.651603
vt 0.768340 0.698169
vt 0.779949 0.694369
vt 0.766434 0.718338
vt 0.778224 0.714515
vt 0.806775 0.685991
vt 0.792688 0.690262
vt 0.805390 0.706520
vt 0.791125 0.710575
vt 0.807485 0.745503
vt 0.793087 0.749052
vt 0.791239 0.730309
vt 0.805609 0.726502
vt 0.780006 0.752585
vt 0.778223 0.734053
vt 0.768025 0.756351
vt 0.766309 0.737863
vt 0.822413 0.681697
vt 0.839410 0.677642
vt 0.821253 0.702350
vt 0.838511 0.698346
vt 0.876769 0.671338
vt 0.857584 0.674098
vt 0.876467 0.692000
vt 0.856973 0.694796
vt 0.878079 0.731696
vt 0.858870 0.734461
vt 0.857396 0.715069
vt 0.876905 0.712272
vt 0.840582 0.737898
vt 0.838890 0.718582
vt 0.823387 0.741683
vt 0.821563 0.722493
vt 0.896815 0.669649
vt 0.917321 0.669006
vt 0.896840 0.690269
vt 0.917683 0.689580
vt 0.958056 0.670942
vt 0.937876 0.669422
vt 0.959086 0.691438
vt 0.938576 0.689950
vt 0.959066 0.730892
vt 0.938929 0.729499
vt 0.938953 0.710128
vt 0.959457 0.711572
vt 0.918469 0.729213
vt 0.918083 0.709802
vt 0.898064 0.729955
vt 0.897265 0.710524
vt 0.977423 0.673643
vt 0.995770 0.677304
vt 0.978767 0.694134
vt 0.997406 0.697788
vt 1.028516 0.686583
vt 1.012874 0.681698
vt 1.030638 0.706932
vt 1.014774 0.702146
vt 1.030258 0.745801
vt 1.014316 0.741272
vt 1.015309 0.722148
vt 1.031280 0.726810
vt 0.996980 0.737067
vt 0.997858 0.717857
vt 0.978486 0.733509
vt 0.979163 0.714238
vt 1.042487 0.691692
vt 1.054995 0.696857
vt 1.044780 0.711850
vt 1.057430 0.716868
vt 1.076618 0.706639
vt 1.066281 0.701900
vt 1.079324 0.727043
vt 1.068849 0.721947
vt 1.079754 0.765792
vt 1.069109 0.760100
vt 1.069874 0.741462
vt 1.080464 0.746876
vt 1.057461 0.755006
vt 1.058326 0.736372
vt 1.044580 0.750308
vt 1.045544 0.731518
vt 0.771686 0.773474
vt 0.783678 0.769772
vt 0.776869 0.789289
vt 0.788818 0.785664
vt 0.811116 0.763145
vt 0.796774 0.766444
vt 0.816082 0.779474
vt 0.801875 0.782535
vt 0.828446 0.808179
vt 0.814757 0.810792
vt 0.807993 0.797330
vt 0.821984 0.794498
vt 0.801976 0.813553
vt 0.795037 0.800270
vt 0.790290 0.817011
vt 0.783187 0.803813
vt 0.826813 0.759525
vt 0.843653 0.755891
vt 0.831442 0.776061
vt 0.847748 0.772597
vt 0.880010 0.749854
vt 0.861442 0.752558
vt 0.882475 0.766770
vt 0.864812 0.769391
vt 0.888186 0.796802
vt 0.872824 0.799206
vt 0.868696 0.784954
vt 0.885266 0.782433
vt 0.857656 0.802105
vt 0.852524 0.788014
vt 0.842808 0.805192
vt 0.836894 0.791296
vt 0.899226 0.748136
vt 0.918799 0.747386
vt 0.900623 0.765087
vt 0.919046 0.764336
vt 0.957806 0.748976
vt 0.938429 0.747638
vt 0.955845 0.765831
vt 0.937530 0.764555
vt 0.950551 0.795718
vt 0.934889 0.794607
vt 0.936318 0.780228
vt 0.953364 0.781430
vt 0.919247 0.794470
vt 0.919197 0.780046
vt 0.903669 0.795217
vt 0.902139 0.780796
vt 0.976598 0.751526
vt 0.994608 0.755006
vt 0.973745 0.768294
vt 0.991044 0.771672
vt 1.027365 0.763516
vt 1.011608 0.759113
vt 1.022964 0.779948
vt 1.007525 0.775667
vt 1.011073 0.808723
vt 0.996618 0.804713
vt 1.002413 0.790892
vt 1.017413 0.795045
vt 0.981581 0.801015
vt 0.986597 0.787030
vt 0.966163 0.797929
vt 0.970179 0.783781
vt 1.041659 0.767856
vt 1.054584 0.772431
vt 1.037144 0.784148
vt 1.050049 0.788630
vt 1.076851 0.783468
vt 1.066264 0.777536
vt 1.072119 0.799890
vt 1.061691 0.793754
vt 1.058582 0.828663
vt 1.048724 0.822231
vt 1.055733 0.808688
vt 1.065913 0.814992
vt 1.037384 0.817060
vt 1.044202 0.803541
vt 1.024754 0.812699
vt 1.031392 0.799128
vt 0.797868 0.828795
vt 0.809315 0.825426
vt 0.805237 0.839335
vt 0.816359 0.836363
vt 0.835126 0.820435
vt 0.821832 0.822838
vt 0.841486 0.831820
vt 0.828581 0.834036
vt 0.834331 0.844867
vt 0.846947 0.842813
vt 0.822388 0.846740
vt 0.811734 0.848705
vt 0.848856 0.817667
vt 0.862847 0.814790
vt 0.854604 0.829246
vt 0.867770 0.826553
vt 0.891059 0.809804
vt 0.876950 0.812073
vt 0.893747 0.821846
vt 0.880848 0.823997
vt 0.884259 0.835386
vt 0.896094 0.833310
vt 0.872060 0.837832
vt 0.859579 0.840390
vt 0.905125 0.808283
vt 0.919204 0.807538
vt 0.906447 0.820379
vt 0.919080 0.819632
vt 0.947599 0.808621
vt 0.933350 0.807622
vt 0.944660 0.820549
vt 0.931779 0.819659
vt 0.930257 0.831090
vt 0.941897 0.831896
vt 0.918878 0.831110
vt 0.907562 0.831870
vt 0.961960 0.810659
vt 0.976311 0.813541
vt 0.957806 0.822420
vt 0.971114 0.825104
vt 1.004301 0.820873
vt 0.990486 0.817036
vt 0.997603 0.832052
vt 0.984435 0.828396
vt 0.978914 0.839296
vt 0.991522 0.842792
vt 0.966339 0.836169
vt 0.953953 0.833638
vt 1.017580 0.824736
vt 1.029929 0.829051
vt 1.010460 0.835791
vt 1.022494 0.839952
vt 1.050467 0.840754
vt 1.040992 0.834240
vt 1.042168 0.851099
vt 1.033224 0.844851
vt 1.026107 0.854141
vt 1.034298 0.859480
vt 1.015756 0.850167
vt 1.004019 0.846398
vt 1.029343 0.563100
vt 1.032892 0.559141
vt 1.037282 0.575963
vt 1.042200 0.572939
vt 1.039401 0.548750
vt 1.036203 0.554215
vt 1.050564 0.563493
vt 1.046516 0.568591
vt 1.072298 0.599972
vt 1.066299 0.603853
vt 1.056528 0.585156
vt 1.061518 0.580557
vt 1.060175 0.606891
vt 1.051291 0.588919
vt 1.053545 0.608559
vt 1.045414 0.591255
vt 1.042616 0.543168
vt 1.045872 0.537520
vt 1.054672 0.558217
vt 1.058841 0.552800
vt 1.052617 0.526203
vt 1.049194 0.531852
vt 1.067378 0.541649
vt 1.063073 0.547270
vt 1.098000 0.581057
vt 1.091437 0.586356
vt 1.077156 0.565331
vt 1.082508 0.559798
vt 1.084927 0.591247
vt 1.071859 0.570634
vt 1.078527 0.595775
vt 1.066638 0.575711
vt 1.056182 0.520604
vt 1.059862 0.515026
vt 1.071771 0.535950
vt 1.076208 0.530143
vt 0.160615 0.532708
vt 0.156021 0.527926
vt 0.145526 0.548209
vt 0.140061 0.543448
vt 0.150975 0.523458
vt 0.134197 0.538930
vt 0.113775 0.587592
vt 0.106022 0.583128
vt 0.123378 0.561657
vt 0.129895 0.566340
vt 0.097953 0.578692
vt 0.116508 0.557125
vt 1.104569 0.575289
vt 1.087903 0.554020
vt 1.111039 0.569022
vt 1.093268 0.547968
vt 0.164731 0.537823
vt 0.168433 0.543208
vt 0.150557 0.553228
vt 0.155199 0.558452
vt 0.174891 0.554459
vt 0.171794 0.548784
vt 0.163525 0.569203
vt 0.159503 0.563807
vt 0.141002 0.605473
vt 0.134753 0.601082
vt 0.147136 0.581173
vt 0.152209 0.586173
vt 0.128134 0.596597
vt 0.141746 0.576149
vt 0.121143 0.592086
vt 0.136009 0.571183
vt 0.177805 0.560135
vt 0.180730 0.565337
vt 0.167323 0.574540
vt 0.171287 0.579182
vt 0.183847 0.569575
vt 0.175798 0.582492
vt 0.159136 0.615144
vt 0.167448 0.597799
vt 0.152782 0.613104
vt 0.161930 0.595141
vt 0.146876 0.609683
vt 0.156995 0.591049
vt 1.061536 0.627466
vt 1.068909 0.626684
vt 1.069124 0.647503
vt 1.077174 0.647767
vt 1.082975 0.621788
vt 1.075931 0.624644
vt 1.093058 0.645347
vt 1.085028 0.646933
vt 1.109699 0.695450
vt 1.100142 0.694004
vt 1.093230 0.670189
vt 1.102114 0.670055
vt 1.091015 0.692049
vt 1.084663 0.669672
vt 1.081929 0.689448
vt 1.076037 0.668264
vt 1.090382 0.618555
vt 1.098056 0.614886
vt 1.101604 0.643346
vt 1.110532 0.640816
vt 1.113812 0.605875
vt 1.105897 0.610697
vt 1.129022 0.633519
vt 1.119711 0.637606
vt 1.154379 0.694690
vt 1.142524 0.696484
vt 1.132147 0.666388
vt 1.142801 0.663307
vt 1.131047 0.696964
vt 1.121727 0.668357
vt 1.120058 0.696517
vt 1.111667 0.669503
vt 1.121715 0.600285
vt 1.129457 0.593884
vt 1.138350 0.628319
vt 1.147497 0.621927
vt 0.097350 0.612538
vt 0.088200 0.608537
vt 0.081873 0.640610
vt 0.071265 0.637389
vt 0.078744 0.604407
vt 0.060304 0.633889
vt 0.058305 0.703626
vt 0.045081 0.703073
vt 0.056510 0.669113
vt 0.068517 0.671190
vt 0.031227 0.702117
vt 0.044036 0.666655
vt 1.166535 0.691096
vt 1.153572 0.658758
vt 1.178733 0.685475
vt 1.164219 0.652596
vt 0.106112 0.616395
vt 0.114484 0.620141
vt 0.092047 0.643514
vt 0.101792 0.646178
vt 0.129969 0.627228
vt 0.122447 0.623765
vt 0.119838 0.650878
vt 0.111076 0.648632
vt 0.104919 0.701706
vt 0.094206 0.702590
vt 0.101427 0.675093
vt 0.111283 0.675875
vt 0.082823 0.703266
vt 0.090970 0.674086
vt 0.070854 0.703646
vt 0.079991 0.672810
vt 0.137003 0.630471
vt 0.143935 0.632957
vt 0.127992 0.652894
vt 0.135910 0.654229
vt 0.151162 0.634172
vt 0.143977 0.654454
vt 0.133704 0.697158
vt 0.138017 0.675577
vt 0.124289 0.699250
vt 0.129203 0.676466
vt 0.114822 0.700684
vt 0.120418 0.676453
vt 1.086305 0.710891
vt 1.095708 0.714713
vt 1.089174 0.732116
vt 1.098742 0.737132
vt 1.115235 0.721280
vt 1.105215 0.718161
vt 1.118634 0.746849
vt 1.108421 0.742057
vt 1.118245 0.794764
vt 1.108491 0.786965
vt 1.109622 0.765147
vt 1.119745 0.771528
vt 1.099100 0.779414
vt 1.099984 0.758835
vt 1.089645 0.772295
vt 1.090392 0.752707
vt 1.126166 0.724101
vt 1.137841 0.726319
vt 1.129823 0.751461
vt 1.141837 0.755529
vt 1.163016 0.727326
vt 1.150145 0.727553
vt 1.168147 0.760181
vt 1.154613 0.758614
vt 1.166365 0.822095
vt 1.152893 0.816756
vt 1.155698 0.788610
vt 1.169416 0.792140
vt 1.140377 0.810087
vt 1.142810 0.783714
vt 1.128914 0.802626
vt 1.130831 0.777839
vt 1.176447 0.725027
vt 1.190182 0.720330
vt 1.182584 0.759503
vt 1.197693 0.756158
vt 0.052039 0.737320
vt 0.037886 0.738641
vt 0.050204 0.770947
vt 0.035625 0.774371
vt 0.022929 0.739640
vt 0.020000 0.777731
vt 0.059905 0.832241
vt 0.046041 0.840144
vt 0.038322 0.808739
vt 0.052887 0.803031
vt 0.031259 0.848700
vt 0.022765 0.814699
vt 1.181672 0.825293
vt 1.184435 0.793311
vt 1.198450 0.825937
vt 1.200604 0.791766
vt 0.065367 0.735466
vt 0.078020 0.733198
vt 0.063830 0.767034
vt 0.076789 0.762780
vt 0.101304 0.727939
vt 0.090024 0.730647
vt 0.100489 0.753729
vt 0.089013 0.758289
vt 0.107392 0.800763
vt 0.096495 0.808638
vt 0.091290 0.784534
vt 0.102603 0.778231
vt 0.084921 0.816542
vt 0.079279 0.790811
vt 0.072771 0.824419
vt 0.066513 0.797023
vt 0.111708 0.725192
vt 0.121626 0.722220
vt 0.111099 0.749242
vt 0.121210 0.744736
vt 0.131445 0.718860
vt 0.131221 0.740123
vt 0.136872 0.779293
vt 0.133030 0.760421
vt 0.127144 0.786061
vt 0.123058 0.766190
vt 0.117458 0.793238
vt 0.113047 0.772117
vt 1.086520 0.790535
vt 1.095620 0.798482
vt 1.081409 0.807427
vt 1.089956 0.816063
vt 1.113781 0.816064
vt 1.104553 0.807068
vt 1.106625 0.835501
vt 1.098197 0.825511
vt 1.086705 0.868444
vt 1.080331 0.857076
vt 1.089952 0.842232
vt 1.097404 0.853024
vt 1.073881 0.846437
vt 1.082561 0.832091
vt 1.066802 0.836852
vt 1.074707 0.822906
vt 1.123835 0.825220
vt 1.134637 0.834141
vt 1.115808 0.845760
vt 1.125803 0.855882
vt 1.159601 0.849295
vt 1.146499 0.842213
vt 1.149042 0.873984
vt 1.136866 0.865414
vt 1.119152 0.914710
vt 1.109542 0.903658
vt 1.124159 0.885974
vt 1.135232 0.895944
vt 1.101143 0.892077
vt 1.114352 0.875280
vt 1.093602 0.880230
vt 1.105504 0.864173
vt 1.174519 0.854566
vt 1.191323 0.857612
vt 1.163137 0.881226
vt 1.179344 0.886703
vt 0.070731 0.857813
vt 0.057970 0.867637
vt 0.084588 0.880146
vt 0.073293 0.891523
vt 0.044586 0.878459
vt 0.061723 0.904086
vt 0.118113 0.915152
vt 0.110292 0.928272
vt 0.091101 0.911787
vt 0.100698 0.899301
vt 0.102814 0.942582
vt 0.081560 0.925508
vt 1.130529 0.925054
vt 1.148145 0.904900
vt 1.144001 0.934507
vt 1.163192 0.912570
vt 0.082673 0.848376
vt 0.094003 0.839047
vt 0.095314 0.869377
vt 0.105570 0.858868
vt 0.114958 0.820729
vt 0.104800 0.829793
vt 0.124617 0.838483
vt 0.115362 0.848539
vt 0.147895 0.867782
vt 0.140848 0.879110
vt 0.127599 0.864980
vt 0.135788 0.854164
vt 0.133472 0.890798
vt 0.118970 0.876130
vt 0.125864 0.902777
vt 0.109987 0.887536
vt 0.124378 0.812082
vt 0.133514 0.803916
vt 0.133215 0.828921
vt 0.141629 0.819960
vt 0.142796 0.796359
vt 0.150319 0.811777
vt 0.168458 0.837965
vt 0.159006 0.825638
vt 0.161209 0.846982
vt 0.151010 0.834307
vt 0.154523 0.857008
vt 0.143433 0.843889
vt 1.058082 0.849108
vt 1.064370 0.858924
vt 1.048885 0.859397
vt 1.054103 0.869290
vt 1.075170 0.881521
vt 1.069874 0.869841
vt 1.062807 0.892141
vt 1.058573 0.880326
vt 1.046516 0.888272
vt 1.049733 0.900139
vt 1.043228 0.877213
vt 1.039590 0.867393
vt 1.080865 0.893647
vt 1.087077 0.905920
vt 1.067328 0.904401
vt 1.072236 0.916864
vt 1.101961 0.929879
vt 1.093994 0.918074
vt 1.083893 0.941699
vt 1.077671 0.929346
vt 1.060810 0.937514
vt 1.065310 0.950149
vt 1.056791 0.924930
vt 1.053130 0.912429
vt 1.111546 0.941214
vt 1.123171 0.951991
vt 1.091474 0.953763
vt 1.101083 0.965492
vt 0.135724 0.927566
vt 0.129578 0.940871
vt 0.153432 0.937036
vt 0.148731 0.950229
vt 0.124007 0.955258
vt 0.144720 0.964324
vt 0.167565 0.956934
vt 0.171138 0.943972
vt 0.164582 0.970537
vt 1.070606 0.962879
vt 1.077834 0.975307
vt 0.141997 0.914964
vt 0.148265 0.902748
vt 0.158372 0.924437
vt 0.163388 0.912178
vt 0.160347 0.879256
vt 0.154415 0.890823
vt 0.173216 0.888540
vt 0.168367 0.900190
vt 0.182705 0.907166
vt 0.186521 0.895480
vt 0.178820 0.919181
vt 0.174933 0.931443
vt 0.165979 0.868217
vt 0.171791 0.857942
vt 0.177870 0.877386
vt 0.182727 0.867004
vt 0.178299 0.848718
vt 0.188230 0.857718
vt 0.197943 0.864709
vt 0.193969 0.873895
vt 0.190225 0.884276
s 1
usemtl Material_#41
f 1/1/1 603/2/2 1803/3/3 610/4/4
f 603/2/2 303/5/5 1203/6/6 1803/3/3
f 610/4/4 1803/3/3 1206/7/7 306/8/8
f 1803/3/3 1203/6/6 153/9/9 1206/7/7
f 604/10/10 7/11/11 605/12/12 1804/13/13
f 1804/13/13 605/12/12 304/14/14 1204/15/15
f 303/5/5 604/10/10 1804/13/13 1203/6/6
f 1203/6/6 1804/13/13 1204/15/15 153/9/9
f 8/16/16 607/17/17 1805/18/18 606/19/19
f 607/17/17 305/20/20 1205/21/21 1805/18/18
f 606/19/19 1805/18/18 1204/15/15 304/14/14
f 1805/18/18 1205/21/21 153/9/9 1204/15/15
f 608/22/22 2/23/23 609/24/24 1806/25/25
f 1806/25/25 609/24/24 306/8/8 1206/7/7
f 305/20/20 608/22/22 1806/25/25 1205/21/21
f 1205/21/21 1806/25/25 1206/7/7 153/9/9
f 2/23/23 608/22/22 1807/26/26 616/27/27
f 608/22/22 305/20/20 1207/28/28 1807/26/26
f 616/27/27 1807/26/26 1210/29/29 309/30/30
f 1807/26/26 1207/28/28 154/31/31 1210/29/29
f 607/17/17 8/16/16 611/32/32 1808/33/33
f 1808/33/33 611/32/32 307/34/34 1208/35/35
f 305/20/20 607/17/17 1808/33/33 1207/28/28
f 1207/28/28 1808/33/33 1208/35/35 154/31/31
f 9/36/36 613/37/37 1809/38/38 612/39/39
f 613/37/37 308/40/40 1209/41/41 1809/38/38
f 612/39/39 1809/38/38 1208/35/35 307/34/34
f 1809/38/38 1209/41/41 154/31/31 1208/35/35
f 614/42/42 3/43/43 615/44/44 1810/45/45
f 1810/45/45 615/44/44 309/30/30 1210/29/29
f 308/40/40 614/42/42 1810/45/45 1209/41/41
f 1209/41/41 1810/45/45 1210/29/29 154/31/31
f 3/43/43 614/42/42 1811/46/46 622/47/47
f 614/42/42 308/40/40 1211/48/48 1811/46/46
f 622/47/47 1811/46/46 1214/49/49 312/50/50
f 1811/46/46 1211/48/48 155/51/51 1214/49/49
f 613/37/37 9/36/36 617/52/52 1812/53/53
f 1812/53/53 617/52/52 310/54/54 1212/55/55
f 308/40/40 613/37/37 1812/53/53 1211/48/48
f 1211/48/48 1812/53/53 1212/55/55 155/51/51
f 10/56/56 619/57/57 1813/58/58 618/59/59
f 619/57/57 311/60/60 1213/61/61 1813/58/58
f 618/59/59 1813/58/58 1212/55/55 310/54/54
f 1813/58/58 1213/61/61 155/51/51 1212/55/55
f 620/62/62 4/63/63 621/64/64 1814/65/65
f 1814/65/65 621/64/64 312/50/50 1214/49/49
f 311/60/60 620/62/62 1814/65/65 1213/61/61
f 1213/61/61 1814/65/65 1214/49/49 155/51/51
f 4/63/63 620/62/62 1815/66/66 628/67/67
f 620/62/62 311/60/60 1215/68/68 1815/66/66
f 628/67/67 1815/66/66 1218/69/69 315/70/70
f 1815/66/66 1215/68/68 156/71/71 1218/69/69
f 619/57/57 10/56/56 623/72/72 1816/73/73
f 1816/73/73 623/72/72 313/74/74 1216/75/75
f 311/60/60 619/57/57 1816/73/73 1215/68/68
f 1215/68/68 1816/73/73 1216/75/75 156/71/71
f 11/76/76 625/77/77 1817/78/78 624/79/79
f 625/77/77 314/80/80 1217/81/81 1817/78/78
f 624/79/79 1817/78/78 1216/75/75 313/74/74
f 1817/78/78 1217/81/81 156/71/71 1216/75/75
f 626/82/82 5/83/83 627/84/84 1818/85/85
f 1818/85/85 627/84/84 315/70/70 1218/69/69
f 314/80/80 626/82/82 1818/85/85 1217/81/81
f 1217/81/81 1818/85/85 1218/69/69 156/71/71
f 5/83/83 626/82/82 1819/86/86 634/87/87
f 626/82/82 314/80/80 1219/88/88 1819/86/86
f 634/87/87 1819/86/86 1222/89/89 318/90/90
f 1819/86/86 1219/88/88 157/91/91 1222/89/89
f 625/77/77 11/76/76 629/92/92 1820/93/93
f 1820/93/93 629/92/92 316/94/94 1220/95/95
f 314/80/80 625/77/77 1820/93/93 1219/88/88
f 1219/88/88 1820/93/93 1220/95/95 157/91/91
f 12/96/96 631/97/97 1821/98/98 630/99/99
f 631/97/97 317/100/100 1221/101/101 1821/98/98
f 630/99/99 1821/98/98 1220/95/95 316/94/94
f 1821/98/98 1221/101/101 157/91/91 1220/95/95
f 632/102/102 6/103/103 633/104/104 1822/105/105
f 1822/105/105 633/104/104 318/90/90 1222/89/89
f 317/100/100 632/102/102 1822/105/105 1221/101/101
f 1221/101/101 1822/105/105 1222/89/89 157/91/91
f 7/11/11 635/106/106 1823/107/107 605/12/12
f 635/106/106 319/108/108 1223/109/109 1823/107/107
f 605/12/12 1823/107/107 1226/110/110 304/14/14
f 1823/107/107 1223/109/109 158/111/111 1226/110/110
f 636/112/112 13/113/113 637/114/114 1824/115/115
f 1824/115/115 637/114/114 320/116/116 1224/117/117
f 319/108/108 636/112/112 1824/115/115 1223/109/109
f 1223/109/109 1824/115/115 1224/117/117 158/111/111
f 14/118/118 639/119/119 1825/120/120 638/121/121
f 639/119/119 321/122/122 1225/123/123 1825/120/120
f 638/121/121 1825/120/120 1224/117/117 320/116/116
f 1825/120/120 1225/123/123 158/111/111 1224/117/117
f 640/124/124 8/16/16 606/19/19 1826/125/125
f 1826/125/125 606/19/19 304/14/14 1226/110/110
f 321/122/122 640/124/124 1826/125/125 1225/123/123
f 1225/123/123 1826/125/125 1226/110/110 158/111/111
f 8/16/16 640/124/124 1827/126/126 611/32/32
f 640/124/124 321/122/122 1227/127/127 1827/126/126
f 611/32/32 1827/126/126 1230/128/128 307/34/34
f 1827/126/126 1227/127/127 159/129/129 1230/128/128
f 639/119/119 14/118/118 641/130/130 1828/131/131
f 1828/131/131 641/130/130 322/132/132 1228/133/133
f 321/122/122 639/119/119 1828/131/131 1227/127/127
f 1227/127/127 1828/131/131 1228/133/133 159/129/129
f 15/134/134 643/135/135 1829/136/136 642/137/137
f 643/135/135 323/138/138 1229/139/139 1829/136/136
f 642/137/137 1829/136/136 1228/133/133 322/132/132
f 1829/136/136 1229/139/139 159/129/129 1228/133/133
f 644/140/140 9/36/36 612/39/39 1830/141/141
f 1830/141/141 612/39/39 307/34/34 1230/128/128
f 323/138/138 644/140/140 1830/141/141 1229/139/139
f 1229/139/139 1830/141/141 1230/128/128 159/129/129
f 9/36/36 644/140/140 1831/142/142 617/52/52
f 644/140/140 323/138/138 1231/143/143 1831/142/142
f 617/52/52 1831/142/142 1234/144/144 310/54/54
f 1831/142/142 1231/143/143 160/145/145 1234/144/144
f 643/135/135 15/134/134 645/146/146 1832/147/147
f 1832/147/147 645/146/146 324/148/148 1232/149/149
f 323/138/138 643/135/135 1832/147/147 1231/143/143
f 1231/143/143 1832/147/147 1232/149/149 160/145/145
f 16/150/150 647/151/151 1833/152/152 646/153/153
f 647/151/151 325/154/154 1233/155/155 1833/152/152
f 646/153/153 1833/152/152 1232/149/149 324/148/148
f 1833/152/152 1233/155/155 160/145/145 1232/149/149
f 648/156/156 10/56/56 618/59/59 1834/157/157
f 1834/157/157 618/59/59 310/54/54 1234/144/144
f 325/154/154 648/156/156 1834/157/157 1233/155/155
f 1233/155/155 1834/157/157 1234/144/144 160/145/145
f 10/56/56 648/156/156 1835/158/158 623/72/72
f 648/156/156 325/154/154 1235/159/159 1835/158/158
f 623/72/72 1835/158/158 1238/160/160 313/74/74
f 1835/158/158 1235/159/159 161/161/161 1238/160/160
f 647/151/151 16/150/150 649/162/162 1836/163/163
f 1836/163/163 649/162/162 326/164/164 1236/165/165
f 325/154/154 647/151/151 1836/163/163 1235/159/159
f 1235/159/159 1836/163/163 1236/165/165 161/161/161
f 17/166/166 651/167/167 1837/168/168 650/169/169
f 651/167/167 327/170/170 1237/171/171 1837/168/168
f 650/169/169 1837/168/168 1236/165/165 326/164/164
f 1837/168/168 1237/171/171 161/161/161 1236/165/165
f 652/172/172 11/76/76 624/79/79 1838/173/173
f 1838/173/173 624/79/79 313/74/74 1238/160/160
f 327/170/170 652/172/172 1838/173/173 1237/171/171
f 1237/171/171 1838/173/173 1238/160/160 161/161/161
f 11/76/76 652/172/172 1839/174/174 629/92/92
f 652/172/172 327/170/170 1239/175/175 1839/174/174
f 629/92/92 1839/174/174 1242/176/176 316/94/94
f 1839/174/174 1239/175/175 162/177/177 1242/176/176
f 651/167/167 17/166/166 653/178/178 1840/179/179
f 1840/179/179 653/178/178 328/180/180 1240/181/181
f 327/170/170 651/167/167 1840/179/179 1239/175/175
f 1239/175/175 1840/179/179 1240/181/181 162/177/177
f 18/182/182 655/183/183 1841/184/184 654/185/185
f 655/183/183 329/186/186 1241/187/187 1841/184/184
f 654/185/185 1841/184/184 1240/181/181 328/180/180
f 1841/184/184 1241/187/187 162/177/177 1240/181/181
f 656/188/188 12/96/96 630/99/99 1842/189/189
f 1842/189/189 630/99/99 316/94/94 1242/176/176
f 329/186/186 656/188/188 1842/189/189 1241/187/187
f 1241/187/187 1842/189/189 1242/176/176 162/177/177
f 13/113/113 657/190/190 1843/191/191 637/114/114
f 657/190/190 330/192/192 1243/193/193 1843/191/191
f 637/114/114 1843/191/191 1246/194/194 320/116/116
f 1843/191/191 1243/193/193 163/195/195 1246/194/194
f 658/196/196 19/197/197 659/198/198 1844/199/199
f 1844/199/199 659/198/198 331/200/200 1244/201/201
f 330/202/192 658/196/196 1844/199/199 1243/203/193
f 1243/203/193 1844/199/199 1244/201/201 163/204/195
f 20/205/202 661/206/203 1845/207/204 660/208/205
f 661/206/203 332/209/206 1245/210/207 1845/207/204
f 660/208/205 1845/207/204 1244/201/201 331/200/200
f 1845/207/204 1245/210/207 163/204/195 1244/201/201
f 662/211/208 14/118/118 638/121/121 1846/212/209
f 1846/212/209 638/121/121 320/116/116 1246/194/194
f 332/213/206 662/211/208 1846/212/209 1245/214/207
f 1245/214/207 1846/212/209 1246/194/194 163/195/195
f 14/118/118 662/211/208 1847/215/210 641/130/130
f 662/211/208 332/213/206 1247/216/211 1847/215/210
f 641/130/130 1847/215/210 1250/217/212 322/132/132
f 1847/215/210 1247/216/211 164/218/213 1250/217/212
f 661/206/203 20/205/202 663/219/214 1848/220/215
f 1848/220/215 663/219/214 333/221/216 1248/222/217
f 332/209/206 661/206/203 1848/220/215 1247/223/211
f 1247/223/211 1848/220/215 1248/222/217 164/224/213
f 21/225/218 665/226/219 1849/227/220 664/228/221
f 665/226/219 334/229/222 1249/230/223 1849/227/220
f 664/228/221 1849/227/220 1248/222/217 333/221/216
f 1849/227/220 1249/230/223 164/224/213 1248/222/217
f 666/231/224 15/134/134 642/137/137 1850/232/225
f 1850/232/225 642/137/137 322/132/132 1250/217/212
f 334/233/222 666/231/224 1850/232/225 1249/234/223
f 1249/234/223 1850/232/225 1250/217/212 164/218/213
f 15/134/134 666/231/224 1851/235/226 645/146/146
f 666/231/224 334/233/222 1251/236/227 1851/235/226
f 645/146/146 1851/235/226 1254/237/228 324/148/148
f 1851/235/226 1251/236/227 165/238/229 1254/237/228
f 665/226/219 21/225/218 667/239/230 1852/240/231
f 1852/240/231 667/239/230 335/241/232 1252/242/233
f 334/229/222 665/226/219 1852/240/231 1251/243/227
f 1251/243/227 1852/240/231 1252/242/233 165/244/229
f 22/245/234 669/246/235 1853/247/236 668/248/237
f 669/246/235 336/249/238 1253/250/239 1853/247/236
f 668/248/237 1853/247/236 1252/242/233 335/241/232
f 1853/247/236 1253/250/239 165/244/229 1252/242/233
f 670/251/240 16/150/150 646/153/153 1854/252/241
f 1854/252/241 646/153/153 324/148/148 1254/237/228
f 336/253/238 670/251/240 1854/252/241 1253/254/239
f 1253/254/239 1854/252/241 1254/237/228 165/238/229
f 16/150/150 670/251/240 1855/255/242 649/162/162
f 670/251/240 336/253/238 1255/256/243 1855/255/242
f 649/162/162 1855/255/242 1258/257/244 326/164/164
f 1855/255/242 1255/256/243 166/258/245 1258/257/244
f 669/246/235 22/245/234 671/259/246 1856/260/247
f 1856/260/247 671/259/246 337/261/248 1256/262/249
f 336/249/238 669/246/235 1856/260/247 1255/263/243
f 1255/263/243 1856/260/247 1256/262/249 166/264/245
f 23/265/250 673/266/251 1857/267/252 672/268/253
f 673/266/251 338/269/254 1257/270/255 1857/267/252
f 672/268/253 1857/267/252 1256/262/249 337/261/248
f 1857/267/252 1257/270/255 166/264/245 1256/262/249
f 674/271/256 17/166/166 650/169/169 1858/272/257
f 1858/272/257 650/169/169 326/164/164 1258/257/244
f 338/273/254 674/271/256 1858/272/257 1257/274/255
f 1257/274/255 1858/272/257 1258/257/244 166/258/245
f 17/166/166 674/271/256 1859/275/258 653/178/178
f 674/271/256 338/273/254 1259/276/259 1859/275/258
f 653/178/178 1859/275/258 1262/277/260 328/180/180
f 1859/275/258 1259/276/259 167/278/261 1262/277/260
f 673/266/251 23/265/250 675/279/262 1860/280/263
f 1860/280/263 675/279/262 339/281/264 1260/282/265
f 338/269/254 673/266/251 1860/280/263 1259/283/259
f 1259/283/259 1860/280/263 1260/282/265 167/284/261
f 24/285/266 677/286/267 1861/287/268 676/288/269
f 677/286/267 340/289/270 1261/290/271 1861/287/268
f 676/288/269 1861/287/268 1260/282/265 339/281/264
f 1861/287/268 1261/290/271 167/284/261 1260/282/265
f 678/291/272 18/182/182 654/185/185 1862/292/273
f 1862/292/273 654/185/185 328/180/180 1262/277/260
f 340/293/270 678/291/272 1862/292/273 1261/294/271
f 1261/294/271 1862/292/273 1262/277/260 167/278/261
f 19/197/197 679/295/274 1863/296/275 659/198/198
f 679/295/274 341/297/276 1263/298/277 1863/296/275
f 659/198/198 1863/296/275 1266/299/278 331/200/200
f 1863/296/275 1263/298/277 168/300/279 1266/299/278
f 680/301/280 25/302/281 681/303/282 1864/304/283
f 1864/304/283 681/303/282 342/305/284 1264/306/285
f 341/297/276 680/301/280 1864/304/283 1263/298/277
f 1263/298/277 1864/304/283 1264/306/285 168/300/279
f 26/307/286 683/308/287 1865/309/288 682/310/289
f 683/308/287 343/311/290 1265/312/291 1865/309/288
f 682/310/289 1865/309/288 1264/306/285 342/305/284
f 1865/309/288 1265/312/291 168/300/279 1264/306/285
f 684/313/292 20/205/202 660/208/205 1866/314/293
f 1866/314/293 660/208/205 331/200/200 1266/299/278
f 343/311/290 684/313/292 1866/314/293 1265/312/291
f 1265/312/291 1866/314/293 1266/299/278 168/300/279
f 20/205/202 684/313/292 1867/315/294 663/219/214
f 684/313/292 343/311/290 1267/316/295 1867/315/294
f 663/219/214 1867/315/294 1270/317/296 333/221/216
f 1867/315/294 1267/316/295 169/318/297 1270/317/296
f 683/308/287 26/307/286 685/319/298 1868/320/299
f 1868/320/299 685/319/298 344/321/300 1268/322/301
f 343/311/290 683/308/287 1868/320/299 1267/316/295
f 1267/316/295 1868/320/299 1268/322/301 169/318/297
f 27/323/302 687/324/303 1869/325/304 686/326/305
f 687/324/303 345/327/306 1269/328/307 1869/325/304
f 686/326/305 1869/325/304 1268/322/301 344/321/300
f 1869/325/304 1269/328/307 169/318/297 1268/322/301
f 688/329/308 21/225/218 664/228/221 1870/330/309
f 1870/330/309 664/228/221 333/221/216 1270/317/296
f 345/327/306 688/329/308 1870/330/309 1269/328/307
f 1269/328/307 1870/330/309 1270/317/296 169/318/297
f 21/225/218 688/329/308 1871/331/310 667/239/230
f 688/329/308 345/327/306 1271/332/311 1871/331/310
f 667/239/230 1871/331/310 1274/333/312 335/241/232
f 1871/331/310 1271/332/311 170/334/313 1274/333/312
f 687/324/303 27/323/302 689/335/314 1872/336/315
f 1872/336/315 689/335/314 346/337/316 1272/338/317
f 345/327/306 687/324/303 1872/336/315 1271/332/311
f 1271/332/311 1872/336/315 1272/338/317 170/334/313
f 28/339/318 691/340/319 1873/341/320 690/342/321
f 691/340/319 347/343/322 1273/344/323 1873/341/320
f 690/342/321 1873/341/320 1272/338/317 346/337/316
f 1873/341/320 1273/344/323 170/334/313 1272/338/317
f 692/345/324 22/245/234 668/248/237 1874/346/325
f 1874/346/325 668/248/237 335/241/232 1274/333/312
f 347/343/322 692/345/324 1874/346/325 1273/344/323
f 1273/344/323 1874/346/325 1274/333/312 170/334/313
f 22/245/234 692/345/324 1875/347/326 671/259/246
f 692/345/324 347/343/322 1275/348/327 1875/347/326
f 671/259/246 1875/347/326 1278/349/328 337/261/248
f 1875/347/326 1275/348/327 171/350/329 1278/349/328
f 691/340/319 28/339/318 693/351/330 1876/352/331
f 1876/352/331 693/351/330 348/353/332 1276/354/333
f 347/343/322 691/340/319 1876/352/331 1275/348/327
f 1275/348/327 1876/352/331 1276/354/333 171/350/329
f 29/355/334 695/356/335 1877/357/336 694/358/337
f 695/356/335 349/359/338 1277/360/339 1877/357/336
f 694/358/337 1877/357/336 1276/354/333 348/353/332
f 1877/357/336 1277/360/339 171/350/329 1276/354/333
f 696/361/340 23/265/250 672/268/253 1878/362/341
f 1878/362/341 672/268/253 337/261/248 1278/349/328
f 349/359/338 696/361/340 1878/362/341 1277/360/339
f 1277/360/339 1878/362/341 1278/349/328 171/350/329
f 23/265/250 696/361/340 1879/363/342 675/279/262
f 696/361/340 349/359/338 1279/364/343 1879/363/342
f 675/279/262 1879/363/342 1282/365/344 339/281/264
f 1879/363/342 1279/364/343 172/366/345 1282/365/344
f 695/356/335 29/355/334 697/367/346 1880/368/347
f 1880/368/347 697/367/346 350/369/348 1280/370/349
f 349/359/338 695/356/335 1880/368/347 1279/364/343
f 1279/364/343 1880/368/347 1280/370/349 172/366/345
f 30/371/350 699/372/351 1881/373/352 698/374/353
f 699/372/351 351/375/354 1281/376/355 1881/373/352
f 698/374/353 1881/373/352 1280/370/349 350/369/348
f 1881/373/352 1281/376/355 172/366/345 1280/370/349
f 700/377/356 24/285/266 676/288/269 1882/378/357
f 1882/378/357 676/288/269 339/281/264 1282/365/344
f 351/375/354 700/377/356 1882/378/357 1281/376/355
f 1281/376/355 1882/378/357 1282/365/344 172/366/345
f 25/302/281 701/379/358 1883/380/359 681/303/282
f 701/379/358 352/381/360 1283/382/361 1883/380/359
f 681/303/282 1883/380/359 1286/383/362 342/305/284
f 1883/380/359 1283/382/361 173/384/363 1286/383/362
f 702/385/364 31/386/365 703/387/366 1884/388/367
f 1884/388/367 703/387/366 353/389/368 1284/390/369
f 352/381/360 702/385/364 1884/388/367 1283/382/361
f 1283/382/361 1884/388/367 1284/390/369 173/384/363
f 32/391/370 705/392/371 1885/393/372 704/394/373
f 705/392/371 354/395/374 1285/396/375 1885/393/372
f 704/394/373 1885/393/372 1284/390/369 353/389/368
f 1885/393/372 1285/396/375 173/384/363 1284/390/369
f 706/397/376 26/307/286 682/310/289 1886/398/377
f 1886/398/377 682/310/289 342/305/284 1286/383/362
f 354/395/374 706/397/376 1886/398/377 1285/396/375
f 1285/396/375 1886/398/377 1286/383/362 173/384/363
f 26/307/286 706/397/376 1887/399/378 685/319/298
f 706/397/376 354/395/374 1287/400/379 1887/399/378
f 685/319/298 1887/399/378 1290/401/380 344/321/300
f 1887/399/378 1287/400/379 174/402/381 1290/401/380
f 705/392/371 32/391/370 707/403/382 1888/404/383
f 1888/404/383 707/403/382 355/405/384 1288/406/385
f 354/395/374 705/392/371 1888/404/383 1287/400/379
f 1287/400/379 1888/404/383 1288/406/385 174/402/381
f 33/407/386 709/408/387 1889/409/388 708/410/389
f 709/408/387 356/411/390 1289/412/391 1889/409/388
f 708/410/389 1889/409/388 1288/406/385 355/405/384
f 1889/409/388 1289/412/391 174/402/381 1288/406/385
f 710/413/392 27/323/302 686/326/305 1890/414/393
f 1890/414/393 686/326/305 344/321/300 1290/401/380
f 356/411/390 710/413/392 1890/414/393 1289/412/391
f 1289/412/391 1890/414/393 1290/401/380 174/402/381
f 27/323/302 710/413/392 1891/415/394 689/335/314
f 710/413/392 356/411/390 1291/416/395 1891/415/394
f 689/335/314 1891/415/394 1294/417/396 346/337/316
f 1891/415/394 1291/416/395 175/418/397 1294/417/396
f 709/408/387 33/407/386 711/419/398 1892/420/399
f 1892/420/399 711/419/398 357/421/400 1292/422/401
f 356/411/390 709/408/387 1892/420/399 1291/416/395
f 1291/416/395 1892/420/399 1292/422/401 175/418/397
f 34/423/402 713/424/403 1893/425/404 712/426/405
f 713/424/403 358/427/406 1293/428/407 1893/425/404
f 712/426/405 1893/425/404 1292/422/401 357/421/400
f 1893/425/404 1293/428/407 175/418/397 1292/422/401
f 714/429/408 28/339/318 690/342/321 1894/430/409
f 1894/430/409 690/342/321 346/337/316 1294/417/396
f 358/427/406 714/429/408 1894/430/409 1293/428/407
f 1293/428/407 1894/430/409 1294/417/396 175/418/397
f 28/339/318 714/429/408 1895/431/410 693/351/330
f 714/429/408 358/427/406 1295/432/411 1895/431/410
f 693/351/330 1895/431/410 1298/433/412 348/353/332
f 1895/431/410 1295/432/411 176/434/413 1298/433/412
f 713/424/403 34/423/402 715/435/414 1896/436/415
f 1896/436/415 715/435/414 359/437/416 1296/438/417
f 358/427/406 713/424/403 1896/436/415 1295/432/411
f 1295/432/411 1896/436/415 1296/438/417 176/434/413
f 35/439/418 717/440/419 1897/441/420 716/442/421
f 717/440/419 360/443/422 1297/444/423 1897/441/420
f 716/442/421 1897/441/420 1296/438/417 359/437/416
f 1897/441/420 1297/444/423 176/434/413 1296/438/417
f 718/445/424 29/355/334 694/358/337 1898/446/425
f 1898/446/425 694/358/337 348/353/332 1298/433/412
f 360/443/422 718/445/424 1898/446/425 1297/444/423
f 1297/444/423 1898/446/425 1298/433/412 176/434/413
f 29/355/334 718/445/424 1899/447/426 697/367/346
f 718/445/424 360/443/422 1299/448/427 1899/447/426
f 697/367/346 1899/447/426 1302/449/428 350/369/348
f 1899/447/426 1299/448/427 177/450/429 1302/449/428
f 717/440/419 35/439/418 719/451/430 1900/452/431
f 1900/452/431 719/451/430 361/453/432 1300/454/433
f 360/443/422 717/440/419 1900/452/431 1299/448/427
f 1299/448/427 1900/452/431 1300/454/433 177/450/429
f 36/455/434 721/456/435 1901/457/436 720/458/437
f 721/456/435 362/459/438 1301/460/439 1901/457/436
f 720/458/437 1901/457/436 1300/454/433 361/453/432
f 1901/457/436 1301/460/439 177/450/429 1300/454/433
f 722/461/440 30/371/350 698/374/353 1902/462/441
f 1902/462/441 698/374/353 350/369/348 1302/449/428
f 362/459/438 722/461/440 1902/462/441 1301/460/439
f 1301/460/439 1902/462/441 1302/449/428 177/450/429
f 37/463/442 723/464/443 1903/465/444 730/466/445
f 723/464/443 363/467/446 1303/468/447 1903/465/444
f 730/466/445 1903/465/444 1306/469/448 366/470/449
f 1903/465/444 1303/468/447 178/471/450 1306/469/448
f 724/472/451 38/473/452 725/474/453 1904/475/454
f 1904/475/454 725/474/453 364/476/455 1304/477/456
f 363/467/446 724/472/451 1904/475/454 1303/468/447
f 1303/468/447 1904/475/454 1304/477/456 178/471/450
f 44/478/457 727/479/458 1905/480/459 726/481/460
f 727/479/458 365/482/461 1305/483/462 1905/480/459
f 726/481/460 1905/480/459 1304/477/456 364/476/455
f 1905/480/459 1305/483/462 178/471/450 1304/477/456
f 728/484/463 43/485/464 729/486/465 1906/487/466
f 1906/487/466 729/486/465 366/470/449 1306/469/448
f 365/482/461 728/484/463 1906/487/466 1305/483/462
f 1305/483/462 1906/487/466 1306/469/448 178/471/450
f 38/473/452 731/488/467 1907/489/468 725/474/453
f 731/488/467 367/490/469 1307/491/470 1907/489/468
f 725/474/453 1907/489/468 1310/492/471 364/476/455
f 1907/489/468 1307/491/470 179/493/472 1310/492/471
f 732/494/473 39/495/474 733/496/475 1908/497/476
f 1908/497/476 733/496/475 368/498/477 1308/499/478
f 367/490/469 732/494/473 1908/497/476 1307/491/470
f 1307/491/470 1908/497/476 1308/499/478 179/493/472
f 45/500/479 735/501/480 1909/502/481 734/503/482
f 735/501/480 369/504/483 1309/505/484 1909/502/481
f 734/503/482 1909/502/481 1308/499/478 368/498/477
f 1909/502/481 1309/505/484 179/493/472 1308/499/478
f 736/506/485 44/478/457 726/481/460 1910/507/486
f 1910/507/486 726/481/460 364/476/455 1310/492/471
f 369/504/483 736/506/485 1910/507/486 1309/505/484
f 1309/505/484 1910/507/486 1310/492/471 179/493/472
f 39/495/474 737/508/487 1911/509/488 733/496/475
f 737/508/487 370/510/489 1311/511/490 1911/509/488
f 733/496/475 1911/509/488 1314/512/491 368/498/477
f 1911/509/488 1311/511/490 180/513/492 1314/512/491
f 738/514/493 40/515/494 739/516/495 1912/517/496
f 1912/517/496 739/516/495 371/518/497 1312/519/498
f 370/510/489 738/514/493 1912/517/496 1311/511/490
f 1311/511/490 1912/517/496 1312/519/498 180/513/492
f 46/520/499 741/521/500 1913/522/501 740/523/502
f 741/521/500 372/524/503 1313/525/504 1913/522/501
f 740/523/502 1913/522/501 1312/519/498 371/518/497
f 1913/522/501 1313/525/504 180/513/492 1312/519/498
f 742/526/505 45/500/479 734/503/482 1914/527/506
f 1914/527/506 734/503/482 368/498/477 1314/512/491
f 372/524/503 742/526/505 1914/527/506 1313/525/504
f 1313/525/504 1914/527/506 1314/512/491 180/513/492
f 40/515/494 743/528/507 1915/529/508 739/516/495
f 743/528/507 373/530/509 1315/531/510 1915/529/508
f 739/516/495 1915/529/508 1318/532/511 371/518/497
f 1915/529/508 1315/531/510 181/533/512 1318/532/511
f 744/534/513 41/535/514 745/536/515 1916/537/516
f 1916/537/516 745/536/515 374/538/517 1316/539/518
f 373/530/509 744/534/513 1916/537/516 1315/531/510
f 1315/531/510 1916/537/516 1316/539/518 181/533/512
f 47/540/519 747/541/520 1917/542/521 746/543/522
f 747/541/520 375/544/523 1317/545/524 1917/542/521
f 746/543/522 1917/542/521 1316/539/518 374/538/517
f 1917/542/521 1317/545/524 181/533/512 1316/539/518
f 748/546/525 46/520/499 740/523/502 1918/547/526
f 1918/547/526 740/523/502 371/518/497 1318/532/511
f 375/544/523 748/546/525 1918/547/526 1317/545/524
f 1317/545/524 1918/547/526 1318/532/511 181/533/512
f 41/535/514 749/548/527 1919/549/528 745/536/515
f 749/548/527 376/550/529 1319/551/530 1919/549/528
f 745/536/515 1919/549/528 1322/552/531 374/538/517
f 1919/549/528 1319/551/530 182/553/532 1322/552/531
f 750/554/533 42/555/534 751/556/535 1920/557/536
f 1920/557/536 751/556/535 377/558/537 1320/559/538
f 376/550/529 750/554/533 1920/557/536 1319/551/530
f 1319/551/530 1920/557/536 1320/559/538 182/553/532
f 48/560/539 753/561/540 1921/562/541 752/563/542
f 753/561/540 378/564/543 1321/565/544 1921/562/541
f 752/563/542 1921/562/541 1320/559/538 377/558/537
f 1921/562/541 1321/565/544 182/553/532 1320/559/538
f 754/566/545 47/540/519 746/543/522 1922/567/546
f 1922/567/546 746/543/522 374/538/517 1322/552/531
f 378/564/543 754/566/545 1922/567/546 1321/565/544
f 1321/565/544 1922/567/546 1322/552/531 182/553/532
f 43/485/464 728/484/463 1923/568/547 760/569/548
f 728/484/463 365/482/461 1323/570/549 1923/568/547
f 760/569/548 1923/568/547 1326/571/550 381/572/551
f 1923/568/547 1323/570/549 183/573/552 1326/571/550
f 727/479/458 44/478/457 755/574/553 1924/575/554
f 1924/575/554 755/574/553 379/576/555 1324/577/556
f 365/482/461 727/479/458 1924/575/554 1323/570/549
f 1323/570/549 1924/575/554 1324/577/556 183/573/552
f 50/578/557 757/579/558 1925/580/559 756/581/560
f 757/579/558 380/582/561 1325/583/562 1925/580/559
f 756/581/560 1925/580/559 1324/577/556 379/576/555
f 1925/580/559 1325/583/562 183/573/552 1324/577/556
f 758/584/563 49/585/564 759/586/565 1926/587/566
f 1926/587/566 759/586/565 381/572/551 1326/571/550
f 380/582/561 758/584/563 1926/587/566 1325/583/562
f 1325/583/562 1926/587/566 1326/571/550 183/573/552
f 44/478/457 736/506/485 1927/588/567 755/574/553
f 736/506/485 369/504/483 1327/589/568 1927/588/567
f 755/574/553 1927/588/567 1330/590/569 379/576/555
f 1927/588/567 1327/589/568 184/591/570 1330/590/569
f 735/501/480 45/500/479 761/592/571 1928/593/572
f 1928/593/572 761/592/571 382/594/573 1328/595/574
f 369/504/483 735/501/480 1928/593/572 1327/589/568
f 1327/589/568 1928/593/572 1328/595/574 184/591/570
f 51/596/575 763/597/576 1929/598/577 762/599/578
f 763/597/576 383/600/579 1329/601/580 1929/598/577
f 762/599/578 1929/598/577 1328/595/574 382/594/573
f 1929/598/577 1329/601/580 184/591/570 1328/595/574
f 764/602/581 50/578/557 756/581/560 1930/603/582
f 1930/603/582 756/581/560 379/576/555 1330/590/569
f 383/600/579 764/602/581 1930/603/582 1329/601/580
f 1329/601/580 1930/603/582 1330/590/569 184/591/570
f 45/500/479 742/526/505 1931/604/583 761/592/571
f 742/526/505 372/524/503 1331/605/584 1931/604/583
f 761/592/571 1931/604/583 1334/606/585 382/594/573
f 1931/604/583 1331/605/584 185/607/586 1334/606/585
f 741/521/500 46/520/499 765/608/587 1932/609/588
f 1932/609/588 765/608/587 384/610/589 1332/611/590
f 372/524/503 741/521/500 1932/609/588 1331/605/584
f 1331/605/584 1932/609/588 1332/611/590 185/607/586
f 52/612/591 767/613/592 1933/614/593 766/615/594
f 767/613/592 385/616/595 1333/617/596 1933/614/593
f 766/615/594 1933/614/593 1332/611/590 384/610/589
f 1933/614/593 1333/617/596 185/607/586 1332/611/590
f 768/618/597 51/596/575 762/599/578 1934/619/598
f 1934/619/598 762/599/578 382/594/573 1334/606/585
f 385/616/595 768/618/597 1934/619/598 1333/617/596
f 1333/617/596 1934/619/598 1334/606/585 185/607/586
f 46/520/499 748/546/525 1935/620/599 765/608/587
f 748/546/525 375/544/523 1335/621/600 1935/620/599
f 765/608/587 1935/620/599 1338/622/601 384/610/589
f 1935/620/599 1335/621/600 186/623/602 1338/622/601
f 747/541/520 47/540/519 769/624/603 1936/625/604
f 1936/625/604 769/624/603 386/626/605 1336/627/606
f 375/544/523 747/541/520 1936/625/604 1335/621/600
f 1335/621/600 1936/625/604 1336/627/606 186/623/602
f 53/628/607 771/629/608 1937/630/609 770/631/610
f 771/629/608 387/632/611 1337/633/612 1937/630/609
f 770/631/610 1937/630/609 1336/627/606 386/626/605
f 1937/630/609 1337/633/612 186/623/602 1336/627/606
f 772/634/613 52/612/591 766/615/594 1938/635/614
f 1938/635/614 766/615/594 384/610/589 1338/622/601
f 387/632/611 772/634/613 1938/635/614 1337/633/612
f 1337/633/612 1938/635/614 1338/622/601 186/623/602
f 47/540/519 754/566/545 1939/636/615 769/624/603
f 754/566/545 378/564/543 1339/637/616 1939/636/615
f 769/624/603 1939/636/615 1342/638/617 386/626/605
f 1939/636/615 1339/637/616 187/639/618 1342/638/617
f 753/561/540 48/560/539 773/640/619 1940/641/620
f 1940/641/620 773/640/619 388/642/621 1340/643/622
f 378/564/543 753/561/540 1940/641/620 1339/637/616
f 1339/637/616 1940/641/620 1340/643/622 187/639/618
f 54/644/623 775/645/624 1941/646/625 774/647/626
f 775/645/624 389/648/627 1341/649/628 1941/646/625
f 774/647/626 1941/646/625 1340/643/622 388/642/621
f 1941/646/625 1341/649/628 187/639/618 1340/643/622
f 776/650/629 53/628/607 770/631/610 1942/651/630
f 1942/651/630 770/631/610 386/626/605 1342/638/617
f 389/648/627 776/650/629 1942/651/630 1341/649/628
f 1341/649/628 1942/651/630 1342/638/617 187/639/618
f 49/585/564 758/584/563 1943/652/631 782/653/632
f 758/584/563 380/582/561 1343/654/633 1943/652/631
f 782/653/632 1943/652/631 1346/655/634 392/656/635
f 1943/652/631 1343/654/633 188/657/636 1346/655/634
f 757/579/558 50/578/557 777/658/637 1944/659/638
f 1944/659/638 777/658/637 390/660/639 1344/661/640
f 380/582/561 757/579/558 1944/659/638 1343/654/633
f 1343/654/633 1944/659/638 1344/661/640 188/657/636
f 56/662/641 779/663/642 1945/664/643 778/665/644
f 779/663/642 391/666/645 1345/667/646 1945/664/643
f 778/665/644 1945/664/643 1344/668/640 390/669/639
f 1945/664/643 1345/667/646 188/670/636 1344/668/640
f 780/671/647 55/672/648 781/673/649 1946/674/650
f 1946/674/650 781/673/649 392/675/635 1346/676/634
f 391/666/645 780/671/647 1946/674/650 1345/667/646
f 1345/667/646 1946/674/650 1346/676/634 188/670/636
f 50/578/557 764/602/581 1947/677/651 777/658/637
f 764/602/581 383/600/579 1347/678/652 1947/677/651
f 777/658/637 1947/677/651 1350/679/653 390/660/639
f 1947/677/651 1347/678/652 189/680/654 1350/679/653
f 763/597/576 51/596/575 783/681/655 1948/682/656
f 1948/682/656 783/681/655 393/683/657 1348/684/658
f 383/600/579 763/597/576 1948/682/656 1347/678/652
f 1347/678/652 1948/682/656 1348/684/658 189/680/654
f 57/685/659 785/686/660 1949/687/661 784/688/662
f 785/686/660 394/689/663 1349/690/664 1949/687/661
f 784/688/662 1949/687/661 1348/691/658 393/692/657
f 1949/687/661 1349/690/664 189/693/654 1348/691/658
f 786/694/665 56/662/641 778/665/644 1950/695/666
f 1950/695/666 778/665/644 390/669/639 1350/696/653
f 394/689/663 786/694/665 1950/695/666 1349/690/664
f 1349/690/664 1950/695/666 1350/696/653 189/693/654
f 51/596/575 768/618/597 1951/697/667 783/681/655
f 768/618/597 385/616/595 1351/698/668 1951/697/667
f 783/681/655 1951/697/667 1354/699/669 393/683/657
f 1951/697/667 1351/698/668 190/700/670 1354/699/669
f 767/613/592 52/612/591 787/701/671 1952/702/672
f 1952/702/672 787/701/671 395/703/673 1352/704/674
f 385/616/595 767/613/592 1952/702/672 1351/698/668
f 1351/698/668 1952/702/672 1352/704/674 190/700/670
f 58/705/675 789/706/676 1953/707/677 788/708/678
f 789/706/676 396/709/679 1353/710/680 1953/707/677
f 788/708/678 1953/707/677 1352/711/674 395/712/673
f 1953/707/677 1353/710/680 190/713/670 1352/711/674
f 790/714/681 57/685/659 784/688/662 1954/715/682
f 1954/715/682 784/688/662 393/692/657 1354/716/669
f 396/709/679 790/714/681 1954/715/682 1353/710/680
f 1353/710/680 1954/715/682 1354/716/669 190/713/670
f 52/612/591 772/634/613 1955/717/683 787/701/671
f 772/634/613 387/632/611 1355/718/684 1955/717/683
f 787/701/671 1955/717/683 1358/719/685 395/703/673
f 1955/717/683 1355/718/684 191/720/686 1358/719/685
f 771/629/608 53/628/607 791/721/687 1956/722/688
f 1956/722/688 791/721/687 397/723/689 1356/724/690
f 387/632/611 771/629/608 1956/722/688 1355/718/684
f 1355/718/684 1956/722/688 1356/724/690 191/720/686
f 59/725/691 793/726/692 1957/727/693 792/728/694
f 793/726/692 398/729/695 1357/730/696 1957/727/693
f 792/728/694 1957/727/693 1356/731/690 397/732/689
f 1957/727/693 1357/730/696 191/733/686 1356/731/690
f 794/734/697 58/705/675 788/708/678 1958/735/698
f 1958/735/698 788/708/678 395/712/673 1358/736/685
f 398/729/695 794/734/697 1958/735/698 1357/730/696
f 1357/730/696 1958/735/698 1358/736/685 191/733/686
f 53/628/607 776/650/629 1959/737/699 791/721/687
f 776/650/629 389/648/627 1359/738/700 1959/737/699
f 791/721/687 1959/737/699 1362/739/701 397/723/689
f 1959/737/699 1359/738/700 192/740/702 1362/739/701
f 775/645/624 54/644/623 795/741/703 1960/742/704
f 1960/742/704 795/741/703 399/743/705 1360/744/706
f 389/648/627 775/645/624 1960/742/704 1359/738/700
f 1359/738/700 1960/742/704 1360/744/706 192/740/702
f 60/745/707 797/746/708 1961/747/709 796/748/710
f 797/746/708 400/749/711 1361/750/712 1961/747/709
f 796/748/710 1961/747/709 1360/751/706 399/752/705
f 1961/747/709 1361/750/712 192/753/702 1360/751/706
f 798/754/713 59/725/691 792/728/694 1962/755/714
f 1962/755/714 792/728/694 397/732/689 1362/756/701
f 400/749/711 798/754/713 1962/755/714 1361/750/712
f 1361/750/712 1962/755/714 1362/756/701 192/753/702
f 55/672/648 780/671/647 1963/757/715 804/758/716
f 780/671/647 391/666/645 1363/759/717 1963/757/715
f 804/758/716 1963/757/715 1366/760/718 403/761/719
f 1963/757/715 1363/759/717 193/762/720 1366/760/718
f 779/663/642 56/662/641 799/763/721 1964/764/722
f 1964/764/722 799/763/721 401/765/723 1364/766/724
f 391/666/645 779/663/642 1964/764/722 1363/759/717
f 1363/759/717 1964/764/722 1364/766/724 193/762/720
f 62/767/725 801/768/726 1965/769/727 800/770/728
f 801/768/726 402/771/729 1365/772/730 1965/769/727
f 800/770/728 1965/769/727 1364/766/724 401/765/723
f 1965/769/727 1365/772/730 193/762/720 1364/766/724
f 802/773/731 61/774/732 803/775/733 1966/776/734
f 1966/776/734 803/775/733 403/761/719 1366/760/718
f 402/771/729 802/773/731 1966/776/734 1365/772/730
f 1365/772/730 1966/776/734 1366/760/718 193/762/720
f 56/662/641 786/694/665 1967/777/735 799/763/721
f 786/694/665 394/689/663 1367/778/736 1967/777/735
f 799/763/721 1967/777/735 1370/779/737 401/765/723
f 1967/777/735 1367/778/736 194/780/738 1370/779/737
f 785/686/660 57/685/659 805/781/739 1968/782/740
f 1968/782/740 805/781/739 404/783/741 1368/784/742
f 394/689/663 785/686/660 1968/782/740 1367/778/736
f 1367/778/736 1968/782/740 1368/784/742 194/780/738
f 63/785/743 807/786/744 1969/787/745 806/788/746
f 807/786/744 405/789/747 1369/790/748 1969/787/745
f 806/788/746 1969/787/745 1368/784/742 404/783/741
f 1969/787/745 1369/790/748 194/780/738 1368/784/742
f 808/791/749 62/767/725 800/770/728 1970/792/750
f 1970/792/750 800/770/728 401/765/723 1370/779/737
f 405/789/747 808/791/749 1970/792/750 1369/790/748
f 1369/790/748 1970/792/750 1370/779/737 194/780/738
f 57/685/659 790/714/681 1971/793/751 805/781/739
f 790/714/681 396/709/679 1371/794/752 1971/793/751
f 805/781/739 1971/793/751 1374/795/753 404/783/741
f 1971/793/751 1371/794/752 195/796/754 1374/795/753
f 789/706/676 58/705/675 809/797/755 1972/798/756
f 1972/798/756 809/797/755 406/799/757 1372/800/758
f 396/709/679 789/706/676 1972/798/756 1371/794/752
f 1371/794/752 1972/798/756 1372/800/758 195/796/754
f 64/801/759 811/802/760 1973/803/761 810/804/762
f 811/802/760 407/805/763 1373/806/764 1973/803/761
f 810/804/762 1973/803/761 1372/800/758 406/799/757
f 1973/803/761 1373/806/764 195/796/754 1372/800/758
f 812/807/765 63/785/743 806/788/746 1974/808/766
f 1974/808/766 806/788/746 404/783/741 1374/795/753
f 407/805/763 812/807/765 1974/808/766 1373/806/764
f 1373/806/764 1974/808/766 1374/795/753 195/796/754
f 58/705/675 794/734/697 1975/809/767 809/797/755
f 794/734/697 398/729/695 1375/810/768 1975/809/767
f 809/797/755 1975/809/767 1378/811/769 406/799/757
f 1975/809/767 1375/810/768 196/812/770 1378/811/769
f 793/726/692 59/725/691 813/813/771 1976/814/772
f 1976/814/772 813/813/771 408/815/773 1376/816/774
f 398/729/695 793/726/692 1976/814/772 1375/810/768
f 1375/810/768 1976/814/772 1376/816/774 196/812/770
f 65/817/775 815/818/776 1977/819/777 814/820/778
f 815/818/776 409/821/779 1377/822/780 1977/819/777
f 814/820/778 1977/819/777 1376/816/774 408/815/773
f 1977/819/777 1377/822/780 196/812/770 1376/816/774
f 816/823/781 64/801/759 810/804/762 1978/824/782
f 1978/824/782 810/804/762 406/799/757 1378/811/769
f 409/821/779 816/823/781 1978/824/782 1377/822/780
f 1377/822/780 1978/824/782 1378/811/769 196/812/770
f 59/725/691 798/754/713 1979/825/783 813/813/771
f 798/754/713 400/749/711 1379/826/784 1979/825/783
f 813/813/771 1979/825/783 1382/827/785 408/815/773
f 1979/825/783 1379/826/784 197/828/786 1382/827/785
f 797/746/708 60/745/707 817/829/787 1980/830/788
f 1980/830/788 817/829/787 410/831/789 1380/832/790
f 400/749/711 797/746/708 1980/830/788 1379/826/784
f 1379/826/784 1980/830/788 1380/832/790 197/828/786
f 66/833/791 819/834/792 1981/835/793 818/836/794
f 819/834/792 411/837/795 1381/838/796 1981/835/793
f 818/836/794 1981/835/793 1380/832/790 410/831/789
f 1981/835/793 1381/838/796 197/828/786 1380/832/790
f 820/839/797 65/817/775 814/820/778 1982/840/798
f 1982/840/798 814/820/778 408/815/773 1382/827/785
f 411/837/795 820/839/797 1982/840/798 1381/838/796
f 1381/838/796 1982/840/798 1382/827/785 197/828/786
f 61/774/732 802/773/731 1983/841/799 826/842/800
f 802/773/731 402/771/729 1383/843/801 1983/841/799
f 826/842/800 1983/841/799 1386/844/802 414/845/803
f 1983/841/799 1383/843/801 198/846/804 1386/844/802
f 801/768/726 62/767/725 821/847/805 1984/848/806
f 1984/848/806 821/847/805 412/849/807 1384/850/808
f 402/771/729 801/768/726 1984/848/806 1383/843/801
f 1383/843/801 1984/848/806 1384/850/808 198/846/804
f 68/851/809 823/852/810 1985/853/811 822/854/812
f 823/852/810 413/855/813 1385/856/814 1985/853/811
f 822/854/812 1985/853/811 1384/850/808 412/849/807
f 1985/853/811 1385/856/814 198/846/804 1384/850/808
f 824/857/815 67/858/816 825/859/817 1986/860/818
f 1986/860/818 825/859/817 414/845/803 1386/844/802
f 413/855/813 824/857/815 1986/860/818 1385/856/814
f 1385/856/814 1986/860/818 1386/844/802 198/846/804
f 62/767/725 808/791/749 1987/861/819 821/847/805
f 808/791/749 405/789/747 1387/862/820 1987/861/819
f 821/847/805 1987/861/819 1390/863/821 412/849/807
f 1987/861/819 1387/862/820 199/864/822 1390/863/821
f 807/786/744 63/785/743 827/865/823 1988/866/824
f 1988/866/824 827/865/823 415/867/825 1388/868/826
f 405/789/747 807/786/744 1988/866/824 1387/862/820
f 1387/862/820 1988/866/824 1388/868/826 199/864/822
f 69/869/827 829/870/828 1989/871/829 828/872/830
f 829/870/828 416/873/831 1389/874/832 1989/871/829
f 828/872/830 1989/871/829 1388/868/826 415/867/825
f 1989/871/829 1389/874/832 199/864/822 1388/868/826
f 830/875/833 68/851/809 822/854/812 1990/876/834
f 1990/876/834 822/854/812 412/849/807 1390/863/821
f 416/873/831 830/875/833 1990/876/834 1389/874/832
f 1389/874/832 1990/876/834 1390/863/821 199/864/822
f 63/785/743 812/807/765 1991/877/835 827/865/823
f 812/807/765 407/805/763 1391/878/836 1991/877/835
f 827/865/823 1991/877/835 1394/879/837 415/867/825
f 1991/877/835 1391/878/836 200/880/838 1394/879/837
f 811/802/760 64/801/759 831/881/839 1992/882/840
f 1992/882/840 831/881/839 417/883/841 1392/884/842
f 407/805/763 811/802/760 1992/882/840 1391/878/836
f 1391/878/836 1992/882/840 1392/884/842 200/880/838
f 70/885/843 833/886/844 1993/887/845 832/888/846
f 833/886/844 418/889/847 1393/890/848 1993/887/845
f 832/888/846 1993/887/845 1392/884/842 417/883/841
f 1993/887/845 1393/890/848 200/880/838 1392/884/842
f 834/891/849 69/869/827 828/872/830 1994/892/850
f 1994/892/850 828/872/830 415/867/825 1394/879/837
f 418/889/847 834/891/849 1994/892/850 1393/890/848
f 1393/890/848 1994/892/850 1394/879/837 200/880/838
f 64/801/759 816/823/781 1995/893/851 831/881/839
f 816/823/781 409/821/779 1395/894/852 1995/893/851
f 831/881/839 1995/893/851 1398/895/853 417/883/841
f 1995/893/851 1395/894/852 201/896/854 1398/895/853
f 815/818/776 65/817/775 835/897/855 1996/898/856
f 1996/898/856 835/897/855 419/899/857 1396/900/858
f 409/821/779 815/818/776 1996/898/856 1395/894/852
f 1395/894/852 1996/898/856 1396/900/858 201/896/854
f 71/901/859 837/902/860 1997/903/861 836/904/862
f 837/902/860 420/905/863 1397/906/864 1997/903/861
f 836/904/862 1997/903/861 1396/900/858 419/899/857
f 1997/903/861 1397/906/864 201/896/854 1396/900/858
f 838/907/865 70/885/843 832/888/846 1998/908/866
f 1998/908/866 832/888/846 417/883/841 1398/895/853
f 420/905/863 838/907/865 1998/908/866 1397/906/864
f 1397/906/864 1998/908/866 1398/895/853 201/896/854
f 65/817/775 820/839/797 1999/909/867 835/897/855
f 820/839/797 411/837/795 1399/910/868 1999/909/867
f 835/897/855 1999/909/867 1402/911/869 419/899/857
f 1999/909/867 1399/910/868 202/912/870 1402/911/869
f 819/834/792 66/833/791 839/913/871 2000/914/872
f 2000/914/872 839/913/871 421/915/873 1400/916/874
f 411/837/795 819/834/792 2000/914/872 1399/910/868
f 1399/910/868 2000/914/872 1400/916/874 202/912/870
f 72/917/875 841/918/876 2001/919/877 840/920/878
f 841/918/876 422/921/879 1401/922/880 2001/919/877
f 840/920/878 2001/919/877 1400/916/874 421/915/873
f 2001/919/877 1401/922/880 202/912/870 1400/916/874
f 842/923/881 71/901/859 836/904/862 2002/924/882
f 2002/924/882 836/904/862 419/899/857 1402/911/869
f 422/921/879 842/923/881 2002/924/882 1401/922/880
f 1401/922/880 2002/924/882 1402/911/869 202/912/870
f 1/1/1 610/4/4 2003/925/883 848/926/884
f 610/4/4 306/8/8 1403/927/885 2003/925/883
f 848/926/884 2003/925/883 1406/928/886 425/929/887
f 2003/925/883 1403/927/885 203/930/888 1406/928/886
f 609/24/24 2/23/23 843/931/889 2004/932/890
f 2004/932/890 843/931/889 423/933/891 1404/934/892
f 306/8/8 609/24/24 2004/932/890 1403/927/885
f 1403/927/885 2004/932/890 1404/934/892 203/930/888
f 74/935/893 845/936/894 2005/937/895 844/938/896
f 845/936/894 424/939/897 1405/940/898 2005/937/895
f 844/938/896 2005/937/895 1404/934/892 423/933/891
f 2005/937/895 1405/940/898 203/930/888 1404/934/892
f 846/941/899 73/942/900 847/943/901 2006/944/902
f 2006/944/902 847/943/901 425/929/887 1406/928/886
f 424/939/897 846/941/899 2006/944/902 1405/940/898
f 1405/940/898 2006/944/902 1406/928/886 203/930/888
f 2/23/23 616/27/27 2007/945/903 843/931/889
f 616/27/27 309/30/30 1407/946/904 2007/945/903
f 843/931/889 2007/945/903 1410/947/905 423/933/891
f 2007/945/903 1407/946/904 204/948/906 1410/947/905
f 615/44/44 3/43/43 849/949/907 2008/950/908
f 2008/950/908 849/949/907 426/951/909 1408/952/910
f 309/30/30 615/44/44 2008/950/908 1407/946/904
f 1407/946/904 2008/950/908 1408/952/910 204/948/906
f 75/953/911 851/954/912 2009/955/913 850/956/914
f 851/954/912 427/957/915 1409/958/916 2009/955/913
f 850/956/914 2009/955/913 1408/952/910 426/951/909
f 2009/955/913 1409/958/916 204/948/906 1408/952/910
f 852/959/917 74/935/893 844/938/896 2010/960/918
f 2010/960/918 844/938/896 423/933/891 1410/947/905
f 427/957/915 852/959/917 2010/960/918 1409/958/916
f 1409/958/916 2010/960/918 1410/947/905 204/948/906
f 3/43/43 622/47/47 2011/961/919 849/949/907
f 622/47/47 312/50/50 1411/962/920 2011/961/919
f 849/949/907 2011/961/919 1414/963/921 426/951/909
f 2011/961/919 1411/962/920 205/964/922 1414/963/921
f 621/64/64 4/63/63 853/965/923 2012/966/924
f 2012/966/924 853/965/923 428/967/925 1412/968/926
f 312/50/50 621/64/64 2012/966/924 1411/962/920
f 1411/962/920 2012/966/924 1412/968/926 205/964/922
f 76/969/927 855/970/928 2013/971/929 854/972/930
f 855/970/928 429/973/931 1413/974/932 2013/971/929
f 854/972/930 2013/971/929 1412/968/926 428/967/925
f 2013/971/929 1413/974/932 205/964/922 1412/968/926
f 856/975/933 75/953/911 850/956/914 2014/976/934
f 2014/976/934 850/956/914 426/951/909 1414/963/921
f 429/973/931 856/975/933 2014/976/934 1413/974/932
f 1413/974/932 2014/976/934 1414/963/921 205/964/922
f 4/63/63 628/67/67 2015/977/935 853/965/923
f 628/67/67 315/70/70 1415/978/936 2015/977/935
f 853/965/923 2015/977/935 1418/979/937 428/967/925
f 2015/977/935 1415/978/936 206/980/938 1418/979/937
f 627/84/84 5/83/83 857/981/939 2016/982/940
f 2016/982/940 857/981/939 430/983/941 1416/984/942
f 315/70/70 627/84/84 2016/982/940 1415/978/936
f 1415/978/936 2016/982/940 1416/984/942 206/980/938
f 77/985/943 859/986/944 2017/987/945 858/988/946
f 859/986/944 431/989/947 1417/990/948 2017/987/945
f 858/988/946 2017/987/945 1416/984/942 430/983/941
f 2017/987/945 1417/990/948 206/980/938 1416/984/942
f 860/991/949 76/969/927 854/972/930 2018/992/950
f 2018/992/950 854/972/930 428/967/925 1418/979/937
f 431/989/947 860/991/949 2018/992/950 1417/990/948
f 1417/990/948 2018/992/950 1418/979/937 206/980/938
f 5/83/83 634/87/87 2019/993/951 857/981/939
f 634/87/87 318/90/90 1419/994/952 2019/993/951
f 857/981/939 2019/993/951 1422/995/953 430/983/941
f 2019/993/951 1419/994/952 207/996/954 1422/995/953
f 633/104/104 6/103/103 861/997/955 2020/998/956
f 2020/998/956 861/997/955 432/999/957 1420/1000/958
f 318/90/90 633/104/104 2020/998/956 1419/994/952
f 1419/994/952 2020/998/956 1420/1000/958 207/996/954
f 78/1001/959 863/1002/960 2021/1003/961 862/1004/962
f 863/1002/960 433/1005/963 1421/1006/964 2021/1003/961
f 862/1004/962 2021/1003/961 1420/1000/958 432/999/957
f 2021/1003/961 1421/1006/964 207/996/954 1420/1000/958
f 864/1007/965 77/985/943 858/988/946 2022/1008/966
f 2022/1008/966 858/988/946 430/983/941 1422/995/953
f 433/1005/963 864/1007/965 2022/1008/966 1421/1006/964
f 1421/1006/964 2022/1008/966 1422/995/953 207/996/954
f 73/942/900 846/941/899 2023/1009/967 870/1010/968
f 846/941/899 424/939/897 1423/1011/969 2023/1009/967
f 870/1010/968 2023/1009/967 1426/1012/970 436/1013/971
f 2023/1009/967 1423/1011/969 208/1014/972 1426/1012/970
f 845/936/894 74/935/893 865/1015/973 2024/1016/974
f 2024/1016/974 865/1015/973 434/1017/975 1424/1018/976
f 424/939/897 845/936/894 2024/1016/974 1423/1011/969
f 1423/1011/969 2024/1016/974 1424/1018/976 208/1014/972
f 94/1019/977 867/1020/978 2025/1021/979 866/1022/980
f 867/1020/978 435/1023/981 1425/1024/982 2025/1021/979
f 866/1022/980 2025/1021/979 1424/1018/976 434/1017/975
f 2025/1021/979 1425/1024/982 208/1014/972 1424/1018/976
f 868/1025/983 93/1026/984 869/1027/985 2026/1028/986
f 2026/1028/986 869/1027/985 436/1013/971 1426/1012/970
f 435/1023/981 868/1025/983 2026/1028/986 1425/1024/982
f 1425/1024/982 2026/1028/986 1426/1012/970 208/1014/972
f 74/935/893 852/959/917 2027/1029/987 865/1015/973
f 852/959/917 427/957/915 1427/1030/988 2027/1029/987
f 865/1015/973 2027/1029/987 1430/1031/989 434/1017/975
f 2027/1029/987 1427/1030/988 209/1032/990 1430/1031/989
f 851/954/912 75/953/911 871/1033/991 2028/1034/992
f 2028/1034/992 871/1033/991 437/1035/993 1428/1036/994
f 427/957/915 851/954/912 2028/1034/992 1427/1030/988
f 1427/1030/988 2028/1034/992 1428/1036/994 209/1032/990
f 95/1037/995 873/1038/996 2029/1039/997 872/1040/998
f 873/1038/996 438/1041/999 1429/1042/1000 2029/1039/997
f 872/1040/998 2029/1039/997 1428/1036/994 437/1035/993
f 2029/1039/997 1429/1042/1000 209/1032/990 1428/1036/994
f 874/1043/1001 94/1019/977 866/1022/980 2030/1044/1002
f 2030/1044/1002 866/1022/980 434/1017/975 1430/1031/989
f 438/1041/999 874/1043/1001 2030/1044/1002 1429/1042/1000
f 1429/1042/1000 2030/1044/1002 1430/1031/989 209/1032/990
f 75/953/911 856/975/933 2031/1045/1003 871/1033/991
f 856/975/933 429/973/931 1431/1046/1004 2031/1045/1003
f 871/1033/991 2031/1045/1003 1434/1047/1005 437/1035/993
f 2031/1045/1003 1431/1046/1004 210/1048/1006 1434/1047/1005
f 855/970/928 76/969/927 875/1049/1007 2032/1050/1008
f 2032/1050/1008 875/1049/1007 439/1051/1009 1432/1052/1010
f 429/973/931 855/970/928 2032/1050/1008 1431/1046/1004
f 1431/1046/1004 2032/1050/1008 1432/1052/1010 210/1048/1006
f 96/1053/1011 877/1054/1012 2033/1055/1013 876/1056/1014
f 877/1054/1012 440/1057/1015 1433/1058/1016 2033/1055/1013
f 876/1056/1014 2033/1055/1013 1432/1052/1010 439/1051/1009
f 2033/1055/1013 1433/1058/1016 210/1048/1006 1432/1052/1010
f 878/1059/1017 95/1037/995 872/1040/998 2034/1060/1018
f 2034/1060/1018 872/1040/998 437/1035/993 1434/1047/1005
f 440/1057/1015 878/1059/1017 2034/1060/1018 1433/1058/1016
f 1433/1058/1016 2034/1060/1018 1434/1047/1005 210/1048/1006
f 76/969/927 860/991/949 2035/1061/1019 875/1049/1007
f 860/991/949 431/989/947 1435/1062/1020 2035/1061/1019
f 875/1049/1007 2035/1061/1019 1438/1063/1021 439/1051/1009
f 2035/1061/1019 1435/1062/1020 211/1064/1022 1438/1063/1021
f 859/986/944 77/985/943 879/1065/1023 2036/1066/1024
f 2036/1066/1024 879/1065/1023 441/1067/1025 1436/1068/1026
f 431/989/947 859/986/944 2036/1066/1024 1435/1062/1020
f 1435/1062/1020 2036/1066/1024 1436/1068/1026 211/1064/1022
f 97/1069/1027 881/1070/1028 2037/1071/1029 880/1072/1030
f 881/1070/1028 442/1073/1031 1437/1074/1032 2037/1071/1029
f 880/1072/1030 2037/1071/1029 1436/1068/1026 441/1067/1025
f 2037/1071/1029 1437/1074/1032 211/1064/1022 1436/1068/1026
f 882/1075/1033 96/1053/1011 876/1056/1014 2038/1076/1034
f 2038/1076/1034 876/1056/1014 439/1051/1009 1438/1063/1021
f 442/1073/1031 882/1075/1033 2038/1076/1034 1437/1074/1032
f 1437/1074/1032 2038/1076/1034 1438/1063/1021 211/1064/1022
f 77/985/943 864/1007/965 2039/1077/1035 879/1065/1023
f 864/1007/965 433/1005/963 1439/1078/1036 2039/1077/1035
f 879/1065/1023 2039/1077/1035 1442/1079/1037 441/1067/1025
f 2039/1077/1035 1439/1078/1036 212/1080/1038 1442/1079/1037
f 863/1002/960 78/1001/959 883/1081/1039 2040/1082/1040
f 2040/1082/1040 883/1081/1039 443/1083/1041 1440/1084/1042
f 433/1005/963 863/1002/960 2040/1082/1040 1439/1078/1036
f 1439/1078/1036 2040/1082/1040 1440/1084/1042 212/1080/1038
f 98/1085/1043 885/1086/1044 2041/1087/1045 884/1088/1046
f 885/1086/1044 444/1089/1047 1441/1090/1048 2041/1087/1045
f 884/1088/1046 2041/1087/1045 1440/1084/1042 443/1083/1041
f 2041/1087/1045 1441/1090/1048 212/1080/1038 1440/1084/1042
f 886/1091/1049 97/1069/1027 880/1072/1030 2042/1092/1050
f 2042/1092/1050 880/1072/1030 441/1067/1025 1442/1079/1037
f 444/1089/1047 886/1091/1049 2042/1092/1050 1441/1090/1048
f 1441/1090/1048 2042/1092/1050 1442/1079/1037 212/1080/1038
f 93/1026/984 868/1025/983 2043/1093/1051 892/1094/1052
f 868/1025/983 435/1023/981 1443/1095/1053 2043/1093/1051
f 892/1094/1052 2043/1093/1051 1446/1096/1054 447/1097/1055
f 2043/1093/1051 1443/1095/1053 213/1098/1056 1446/1096/1054
f 867/1020/978 94/1019/977 887/1099/1057 2044/1100/1058
f 2044/1100/1058 887/1099/1057 445/1101/1059 1444/1102/1060
f 435/1023/981 867/1020/978 2044/1100/1058 1443/1095/1053
f 1443/1095/1053 2044/1100/1058 1444/1102/1060 213/1098/1056
f 114/1103/1061 889/1104/1062 2045/1105/1063 888/1106/1064
f 889/1104/1062 446/1107/1065 1445/1108/1066 2045/1105/1063
f 888/1106/1064 2045/1105/1063 1444/1102/1060 445/1101/1059
f 2045/1105/1063 1445/1108/1066 213/1098/1056 1444/1102/1060
f 890/1109/1067 113/1110/1068 891/1111/1069 2046/1112/1070
f 2046/1112/1070 891/1111/1069 447/1097/1055 1446/1096/1054
f 446/1107/1065 890/1109/1067 2046/1112/1070 1445/1108/1066
f 1445/1108/1066 2046/1112/1070 1446/1096/1054 213/1098/1056
f 94/1019/977 874/1043/1001 2047/1113/1071 887/1099/1057
f 874/1043/1001 438/1041/999 1447/1114/1072 2047/1113/1071
f 887/1099/1057 2047/1113/1071 1450/1115/1073 445/1101/1059
f 2047/1113/1071 1447/1114/1072 214/1116/1074 1450/1115/1073
f 873/1038/996 95/1037/995 893/1117/1075 2048/1118/1076
f 2048/1118/1076 893/1117/1075 448/1119/1077 1448/1120/1078
f 438/1041/999 873/1038/996 2048/1118/1076 1447/1114/1072
f 1447/1114/1072 2048/1118/1076 1448/1120/1078 214/1116/1074
f 115/1121/1079 895/1122/1080 2049/1123/1081 894/1124/1082
f 895/1122/1080 449/1125/1083 1449/1126/1084 2049/1123/1081
f 894/1124/1082 2049/1123/1081 1448/1120/1078 448/1119/1077
f 2049/1123/1081 1449/1126/1084 214/1116/1074 1448/1120/1078
f 896/1127/1085 114/1103/1061 888/1106/1064 2050/1128/1086
f 2050/1128/1086 888/1106/1064 445/1101/1059 1450/1115/1073
f 449/1125/1083 896/1127/1085 2050/1128/1086 1449/1126/1084
f 1449/1126/1084 2050/1128/1086 1450/1115/1073 214/1116/1074
f 95/1037/995 878/1059/1017 2051/1129/1087 893/1117/1075
f 878/1059/1017 440/1057/1015 1451/1130/1088 2051/1129/1087
f 893/1117/1075 2051/1129/1087 1454/1131/1089 448/1119/1077
f 2051/1129/1087 1451/1130/1088 215/1132/1090 1454/1131/1089
f 877/1054/1012 96/1053/1011 897/1133/1091 2052/1134/1092
f 2052/1134/1092 897/1133/1091 450/1135/1093 1452/1136/1094
f 440/1057/1015 877/1054/1012 2052/1134/1092 1451/1130/1088
f 1451/1130/1088 2052/1134/1092 1452/1136/1094 215/1132/1090
f 116/1137/1095 899/1138/1096 2053/1139/1097 898/1140/1098
f 899/1138/1096 451/1141/1099 1453/1142/1100 2053/1139/1097
f 898/1140/1098 2053/1139/1097 1452/1136/1094 450/1135/1093
f 2053/1139/1097 1453/1142/1100 215/1132/1090 1452/1136/1094
f 900/1143/1101 115/1121/1079 894/1124/1082 2054/1144/1102
f 2054/1144/1102 894/1124/1082 448/1119/1077 1454/1131/1089
f 451/1141/1099 900/1143/1101 2054/1144/1102 1453/1142/1100
f 1453/1142/1100 2054/1144/1102 1454/1131/1089 215/1132/1090
f 96/1053/1011 882/1075/1033 2055/1145/1103 897/1133/1091
f 882/1075/1033 442/1073/1031 1455/1146/1104 2055/1145/1103
f 897/1133/1091 2055/1145/1103 1458/1147/1105 450/1135/1093
f 2055/1145/1103 1455/1146/1104 216/1148/1106 1458/1147/1105
f 881/1070/1028 97/1069/1027 901/1149/1107 2056/1150/1108
f 2056/1150/1108 901/1149/1107 452/1151/1109 1456/1152/1110
f 442/1073/1031 881/1070/1028 2056/1150/1108 1455/1146/1104
f 1455/1146/1104 2056/1150/1108 1456/1152/1110 216/1148/1106
f 117/1153/1111 903/1154/1112 2057/1155/1113 902/1156/1114
f 903/1154/1112 453/1157/1115 1457/1158/1116 2057/1155/1113
f 902/1156/1114 2057/1155/1113 1456/1152/1110 452/1151/1109
f 2057/1155/1113 1457/1158/1116 216/1148/1106 1456/1152/1110
f 904/1159/1117 116/1137/1095 898/1140/1098 2058/1160/1118
f 2058/1160/1118 898/1140/1098 450/1135/1093 1458/1147/1105
f 453/1157/1115 904/1159/1117 2058/1160/1118 1457/1158/1116
f 1457/1158/1116 2058/1160/1118 1458/1147/1105 216/1148/1106
f 97/1069/1027 886/1091/1049 2059/1161/1119 901/1149/1107
f 886/1091/1049 444/1089/1047 1459/1162/1120 2059/1161/1119
f 901/1149/1107 2059/1161/1119 1462/1163/1121 452/1151/1109
f 2059/1161/1119 1459/1162/1120 217/1164/1122 1462/1163/1121
f 885/1086/1044 98/1085/1043 905/1165/1123 2060/1166/1124
f 2060/1166/1124 905/1165/1123 454/1167/1125 1460/1168/1126
f 444/1089/1047 885/1086/1044 2060/1166/1124 1459/1162/1120
f 1459/1162/1120 2060/1166/1124 1460/1168/1126 217/1164/1122
f 118/1169/1127 907/1170/1128 2061/1171/1129 906/1172/1130
f 907/1170/1128 455/1173/1131 1461/1174/1132 2061/1171/1129
f 906/1172/1130 2061/1171/1129 1460/1168/1126 454/1167/1125
f 2061/1171/1129 1461/1174/1132 217/1164/1122 1460/1168/1126
f 908/1175/1133 117/1153/1111 902/1156/1114 2062/1176/1134
f 2062/1176/1134 902/1156/1114 452/1151/1109 1462/1163/1121
f 455/1173/1131 908/1175/1133 2062/1176/1134 1461/1174/1132
f 1461/1174/1132 2062/1176/1134 1462/1163/1121 217/1164/1122
f 113/1110/1068 890/1109/1067 2063/1177/1135 914/1178/1136
f 890/1109/1067 446/1107/1065 1463/1179/1137 2063/1177/1135
f 914/1178/1136 2063/1177/1135 1466/1180/1138 458/1181/1139
f 2063/1177/1135 1463/1179/1137 218/1182/1140 1466/1180/1138
f 889/1104/1062 114/1103/1061 909/1183/1141 2064/1184/1142
f 2064/1184/1142 909/1183/1141 456/1185/1143 1464/1186/1144
f 446/1107/1065 889/1104/1062 2064/1184/1142 1463/1179/1137
f 1463/1179/1137 2064/1184/1142 1464/1186/1144 218/1182/1140
f 134/1187/1145 911/1188/1146 2065/1189/1147 910/1190/1148
f 911/1188/1146 457/1191/1149 1465/1192/1150 2065/1189/1147
f 910/1190/1148 2065/1189/1147 1464/1186/1144 456/1185/1143
f 2065/1189/1147 1465/1192/1150 218/1182/1140 1464/1186/1144
f 912/1193/1151 133/1194/1152 913/1195/1153 2066/1196/1154
f 2066/1196/1154 913/1195/1153 458/1181/1139 1466/1180/1138
f 457/1191/1149 912/1193/1151 2066/1196/1154 1465/1192/1150
f 1465/1192/1150 2066/1196/1154 1466/1180/1138 218/1182/1140
f 114/1103/1061 896/1127/1085 2067/1197/1155 909/1183/1141
f 896/1127/1085 449/1125/1083 1467/1198/1156 2067/1197/1155
f 909/1183/1141 2067/1197/1155 1470/1199/1157 456/1185/1143
f 2067/1197/1155 1467/1198/1156 219/1200/1158 1470/1199/1157
f 895/1122/1080 115/1121/1079 915/1201/1159 2068/1202/1160
f 2068/1202/1160 915/1201/1159 459/1203/1161 1468/1204/1162
f 449/1125/1083 895/1122/1080 2068/1202/1160 1467/1198/1156
f 1467/1198/1156 2068/1202/1160 1468/1204/1162 219/1200/1158
f 135/1205/1163 917/1206/1164 2069/1207/1165 916/1208/1166
f 917/1206/1164 460/1209/1167 1469/1210/1168 2069/1207/1165
f 916/1208/1166 2069/1207/1165 1468/1204/1162 459/1203/1161
f 2069/1207/1165 1469/1210/1168 219/1200/1158 1468/1204/1162
f 918/1211/1169 134/1187/1145 910/1190/1148 2070/1212/1170
f 2070/1212/1170 910/1190/1148 456/1185/1143 1470/1199/1157
f 460/1209/1167 918/1211/1169 2070/1212/1170 1469/1210/1168
f 1469/1210/1168 2070/1212/1170 1470/1199/1157 219/1200/1158
f 115/1121/1079 900/1143/1101 2071/1213/1171 915/1201/1159
f 900/1143/1101 451/1141/1099 1471/1214/1172 2071/1213/1171
f 915/1201/1159 2071/1213/1171 1474/1215/1173 459/1203/1161
f 2071/1213/1171 1471/1214/1172 220/1216/1174 1474/1215/1173
f 899/1138/1096 116/1137/1095 919/1217/1175 2072/1218/1176
f 2072/1218/1176 919/1217/1175 461/1219/1177 1472/1220/1178
f 451/1141/1099 899/1138/1096 2072/1218/1176 1471/1214/1172
f 1471/1214/1172 2072/1218/1176 1472/1220/1178 220/1216/1174
f 136/1221/1179 921/1222/1180 2073/1223/1181 920/1224/1182
f 921/1222/1180 462/1225/1183 1473/1226/1184 2073/1223/1181
f 920/1224/1182 2073/1223/1181 1472/1220/1178 461/1219/1177
f 2073/1223/1181 1473/1226/1184 220/1216/1174 1472/1220/1178
f 922/1227/1185 135/1205/1163 916/1208/1166 2074/1228/1186
f 2074/1228/1186 916/1208/1166 459/1203/1161 1474/1215/1173
f 462/1225/1183 922/1227/1185 2074/1228/1186 1473/1226/1184
f 1473/1226/1184 2074/1228/1186 1474/1215/1173 220/1216/1174
f 116/1137/1095 904/1159/1117 2075/1229/1187 919/1217/1175
f 904/1159/1117 453/1157/1115 1475/1230/1188 2075/1229/1187
f 919/1217/1175 2075/1229/1187 1478/1231/1189 461/1219/1177
f 2075/1229/1187 1475/1230/1188 221/1232/1190 1478/1231/1189
f 903/1154/1112 117/1153/1111 923/1233/1191 2076/1234/1192
f 2076/1234/1192 923/1233/1191 463/1235/1193 1476/1236/1194
f 453/1157/1115 903/1154/1112 2076/1234/1192 1475/1230/1188
f 1475/1230/1188 2076/1234/1192 1476/1236/1194 221/1232/1190
f 137/1237/1195 925/1238/1196 2077/1239/1197 924/1240/1198
f 925/1238/1196 464/1241/1199 1477/1242/1200 2077/1239/1197
f 924/1240/1198 2077/1239/1197 1476/1236/1194 463/1235/1193
f 2077/1239/1197 1477/1242/1200 221/1232/1190 1476/1236/1194
f 926/1243/1201 136/1221/1179 920/1224/1182 2078/1244/1202
f 2078/1244/1202 920/1224/1182 461/1219/1177 1478/1231/1189
f 464/1241/1199 926/1243/1201 2078/1244/1202 1477/1242/1200
f 1477/1242/1200 2078/1244/1202 1478/1231/1189 221/1232/1190
f 117/1153/1111 908/1175/1133 2079/1245/1203 923/1233/1191
f 908/1175/1133 455/1173/1131 1479/1246/1204 2079/1245/1203
f 923/1233/1191 2079/1245/1203 1482/1247/1205 463/1235/1193
f 2079/1245/1203 1479/1246/1204 222/1248/1206 1482/1247/1205
f 907/1170/1128 118/1169/1127 927/1249/1207 2080/1250/1208
f 2080/1250/1208 927/1249/1207 465/1251/1209 1480/1252/1210
f 455/1173/1131 907/1170/1128 2080/1250/1208 1479/1246/1204
f 1479/1246/1204 2080/1250/1208 1480/1252/1210 222/1248/1206
f 138/1253/1211 929/1254/1212 2081/1255/1213 928/1256/1214
f 929/1254/1212 466/1257/1215 1481/1258/1216 2081/1255/1213
f 928/1256/1214 2081/1255/1213 1480/1252/1210 465/1251/1209
f 2081/1255/1213 1481/1258/1216 222/1248/1206 1480/1252/1210
f 930/1259/1217 137/1237/1195 924/1240/1198 2082/1260/1218
f 2082/1260/1218 924/1240/1198 463/1235/1193 1482/1247/1205
f 466/1257/1215 930/1259/1217 2082/1260/1218 1481/1258/1216
f 1481/1258/1216 2082/1260/1218 1482/1247/1205 222/1248/1206
f 133/1194/1152 912/1193/1151 2083/1261/1219 934/1262/1220
f 912/1193/1151 457/1191/1149 1483/1263/1221 2083/1261/1219
f 934/1262/1220 2083/1261/1219 1486/1264/1222 468/1265/1223
f 2083/1261/1219 1483/1263/1221 223/1266/1224 1486/1264/1222
f 911/1188/1146 134/1187/1145 931/1267/1225 2084/1268/1226
f 2084/1268/1226 931/1267/1225 467/1269/1227 1484/1270/1228
f 457/1191/1149 911/1188/1146 2084/1268/1226 1483/1263/1221
f 1483/1263/1221 2084/1268/1226 1484/1270/1228 223/1266/1224
f 38/473/452 724/472/451 2085/1271/1229 932/1272/1230
f 724/472/451 363/467/446 1485/1273/1231 2085/1271/1229
f 932/1272/1230 2085/1271/1229 1484/1270/1228 467/1269/1227
f 2085/1271/1229 1485/1273/1231 223/1266/1224 1484/1270/1228
f 723/464/443 37/463/442 933/1274/1232 2086/1275/1233
f 2086/1275/1233 933/1274/1232 468/1265/1223 1486/1264/1222
f 363/467/446 723/464/443 2086/1275/1233 1485/1273/1231
f 1485/1273/1231 2086/1275/1233 1486/1264/1222 223/1266/1224
f 134/1187/1145 918/1211/1169 2087/1276/1234 931/1267/1225
f 918/1211/1169 460/1209/1167 1487/1277/1235 2087/1276/1234
f 931/1267/1225 2087/1276/1234 1490/1278/1236 467/1269/1227
f 2087/1276/1234 1487/1277/1235 224/1279/1237 1490/1278/1236
f 917/1206/1164 135/1205/1163 935/1280/1238 2088/1281/1239
f 2088/1281/1239 935/1280/1238 469/1282/1240 1488/1283/1241
f 460/1209/1167 917/1206/1164 2088/1281/1239 1487/1277/1235
f 1487/1277/1235 2088/1281/1239 1488/1283/1241 224/1279/1237
f 39/495/474 732/494/473 2089/1284/1242 936/1285/1243
f 732/494/473 367/490/469 1489/1286/1244 2089/1284/1242
f 936/1285/1243 2089/1284/1242 1488/1283/1241 469/1282/1240
f 2089/1284/1242 1489/1286/1244 224/1279/1237 1488/1283/1241
f 731/488/467 38/473/452 932/1272/1230 2090/1287/1245
f 2090/1287/1245 932/1272/1230 467/1269/1227 1490/1278/1236
f 367/490/469 731/488/467 2090/1287/1245 1489/1286/1244
f 1489/1286/1244 2090/1287/1245 1490/1278/1236 224/1279/1237
f 135/1205/1163 922/1227/1185 2091/1288/1246 935/1280/1238
f 922/1227/1185 462/1225/1183 1491/1289/1247 2091/1288/1246
f 935/1280/1238 2091/1288/1246 1494/1290/1248 469/1282/1240
f 2091/1288/1246 1491/1289/1247 225/1291/1249 1494/1290/1248
f 921/1222/1180 136/1221/1179 937/1292/1250 2092/1293/1251
f 2092/1293/1251 937/1292/1250 470/1294/1252 1492/1295/1253
f 462/1225/1183 921/1222/1180 2092/1293/1251 1491/1289/1247
f 1491/1289/1247 2092/1293/1251 1492/1295/1253 225/1291/1249
f 40/515/494 738/514/493 2093/1296/1254 938/1297/1255
f 738/514/493 370/510/489 1493/1298/1256 2093/1296/1254
f 938/1297/1255 2093/1296/1254 1492/1295/1253 470/1294/1252
f 2093/1296/1254 1493/1298/1256 225/1291/1249 1492/1295/1253
f 737/508/487 39/495/474 936/1285/1243 2094/1299/1257
f 2094/1299/1257 936/1285/1243 469/1282/1240 1494/1290/1248
f 370/510/489 737/508/487 2094/1299/1257 1493/1298/1256
f 1493/1298/1256 2094/1299/1257 1494/1290/1248 225/1291/1249
f 136/1221/1179 926/1243/1201 2095/1300/1258 937/1292/1250
f 926/1243/1201 464/1241/1199 1495/1301/1259 2095/1300/1258
f 937/1292/1250 2095/1300/1258 1498/1302/1260 470/1294/1252
f 2095/1300/1258 1495/1301/1259 226/1303/1261 1498/1302/1260
f 925/1238/1196 137/1237/1195 939/1304/1262 2096/1305/1263
f 2096/1305/1263 939/1304/1262 471/1306/1264 1496/1307/1265
f 464/1241/1199 925/1238/1196 2096/1305/1263 1495/1301/1259
f 1495/1301/1259 2096/1305/1263 1496/1307/1265 226/1303/1261
f 41/535/514 744/534/513 2097/1308/1266 940/1309/1267
f 744/534/513 373/530/509 1497/1310/1268 2097/1308/1266
f 940/1309/1267 2097/1308/1266 1496/1307/1265 471/1306/1264
f 2097/1308/1266 1497/1310/1268 226/1303/1261 1496/1307/1265
f 743/528/507 40/515/494 938/1297/1255 2098/1311/1269
f 2098/1311/1269 938/1297/1255 470/1294/1252 1498/1302/1260
f 373/530/509 743/528/507 2098/1311/1269 1497/1310/1268
f 1497/1310/1268 2098/1311/1269 1498/1302/1260 226/1303/1261
f 137/1237/1195 930/1259/1217 2099/1312/1270 939/1304/1262
f 930/1259/1217 466/1257/1215 1499/1313/1271 2099/1312/1270
f 939/1304/1262 2099/1312/1270 1502/1314/1272 471/1306/1264
f 2099/1312/1270 1499/1313/1271 227/1315/1273 1502/1314/1272
f 929/1254/1212 138/1253/1211 941/1316/1274 2100/1317/1275
f 2100/1317/1275 941/1316/1274 472/1318/1276 1500/1319/1277
f 466/1257/1215 929/1254/1212 2100/1317/1275 1499/1313/1271
f 1499/1313/1271 2100/1317/1275 1500/1319/1277 227/1315/1273
f 42/555/534 750/554/533 2101/1320/1278 942/1321/1279
f 750/554/533 376/550/529 1501/1322/1280 2101/1320/1278
f 942/1321/1279 2101/1320/1278 1500/1319/1277 472/1318/1276
f 2101/1320/1278 1501/1322/1280 227/1315/1273 1500/1319/1277
f 749/548/527 41/535/514 940/1309/1267 2102/1323/1281
f 2102/1323/1281 940/1309/1267 471/1306/1264 1502/1314/1272
f 376/550/529 749/548/527 2102/1323/1281 1501/1322/1280
f 1501/1322/1280 2102/1323/1281 1502/1314/1272 227/1315/1273
f 6/103/103 632/102/102 2103/1324/1282 861/997/955
f 632/102/102 317/100/100 1503/1325/1283 2103/1324/1282
f 861/997/955 2103/1324/1282 1506/1326/1284 432/999/957
f 2103/1324/1282 1503/1325/1283 228/1327/1285 1506/1326/1284
f 631/97/97 12/96/96 943/1328/1286 2104/1329/1287
f 2104/1329/1287 943/1328/1286 473/1330/1288 1504/1331/1289
f 317/100/100 631/97/97 2104/1329/1287 1503/1325/1283
f 1503/1325/1283 2104/1329/1287 1504/1331/1289 228/1327/1285
f 79/1332/1290 945/1333/1291 2105/1334/1292 944/1335/1293
f 945/1333/1291 474/1336/1294 1505/1337/1295 2105/1334/1292
f 944/1335/1293 2105/1334/1292 1504/1331/1289 473/1330/1288
f 2105/1334/1292 1505/1337/1295 228/1327/1285 1504/1331/1289
f 946/1338/1296 78/1001/959 862/1004/962 2106/1339/1297
f 2106/1339/1297 862/1004/962 432/999/957 1506/1326/1284
f 474/1336/1294 946/1338/1296 2106/1339/1297 1505/1337/1295
f 1505/1337/1295 2106/1339/1297 1506/1326/1284 228/1327/1285
f 12/96/96 656/188/188 2107/1340/1298 943/1328/1286
f 656/188/188 329/186/186 1507/1341/1299 2107/1340/1298
f 943/1328/1286 2107/1340/1298 1510/1342/1300 473/1330/1288
f 2107/1340/1298 1507/1341/1299 229/1343/1301 1510/1342/1300
f 655/183/183 18/182/182 947/1344/1302 2108/1345/1303
f 2108/1345/1303 947/1344/1302 475/1346/1304 1508/1347/1305
f 329/186/186 655/183/183 2108/1345/1303 1507/1341/1299
f 1507/1341/1299 2108/1345/1303 1508/1347/1305 229/1343/1301
f 80/1348/1306 949/1349/1307 2109/1350/1308 948/1351/1309
f 949/1349/1307 476/1352/1310 1509/1353/1311 2109/1350/1308
f 948/1351/1309 2109/1350/1308 1508/1347/1305 475/1346/1304
f 2109/1350/1308 1509/1353/1311 229/1343/1301 1508/1347/1305
f 950/1354/1312 79/1332/1290 944/1335/1293 2110/1355/1313
f 2110/1355/1313 944/1335/1293 473/1330/1288 1510/1342/1300
f 476/1352/1310 950/1354/1312 2110/1355/1313 1509/1353/1311
f 1509/1353/1311 2110/1355/1313 1510/1342/1300 229/1343/1301
f 18/182/182 678/291/272 2111/1356/1314 947/1344/1302
f 678/291/272 340/293/270 1511/1357/1315 2111/1356/1314
f 947/1344/1302 2111/1356/1314 1514/1358/1316 475/1346/1304
f 2111/1356/1314 1511/1357/1315 230/1359/1317 1514/1358/1316
f 677/286/267 24/285/266 951/1360/1318 2112/1361/1319
f 2112/1361/1319 951/1360/1318 477/1362/1320 1512/1363/1321
f 340/289/270 677/286/267 2112/1361/1319 1511/1364/1315
f 1511/1364/1315 2112/1361/1319 1512/1363/1321 230/1365/1317
f 81/1366/1322 953/1367/1323 2113/1368/1324 952/1369/1325
f 953/1367/1323 478/1370/1326 1513/1371/1327 2113/1368/1324
f 952/1369/1325 2113/1368/1324 1512/1363/1321 477/1362/1320
f 2113/1368/1324 1513/1371/1327 230/1365/1317 1512/1363/1321
f 954/1372/1328 80/1348/1306 948/1351/1309 2114/1373/1329
f 2114/1373/1329 948/1351/1309 475/1346/1304 1514/1358/1316
f 478/1374/1326 954/1372/1328 2114/1373/1329 1513/1375/1327
f 1513/1375/1327 2114/1373/1329 1514/1358/1316 230/1359/1317
f 24/285/266 700/377/356 2115/1376/1330 951/1360/1318
f 700/377/356 351/375/354 1515/1377/1331 2115/1376/1330
f 951/1360/1318 2115/1376/1330 1518/1378/1332 477/1362/1320
f 2115/1376/1330 1515/1377/1331 231/1379/1333 1518/1378/1332
f 699/372/351 30/371/350 955/1380/1334 2116/1381/1335
f 2116/1381/1335 955/1380/1334 479/1382/1336 1516/1383/1337
f 351/375/354 699/372/351 2116/1381/1335 1515/1377/1331
f 1515/1377/1331 2116/1381/1335 1516/1383/1337 231/1379/1333
f 82/1384/1338 957/1385/1339 2117/1386/1340 956/1387/1341
f 957/1385/1339 480/1388/1342 1517/1389/1343 2117/1386/1340
f 956/1387/1341 2117/1386/1340 1516/1383/1337 479/1382/1336
f 2117/1386/1340 1517/1389/1343 231/1379/1333 1516/1383/1337
f 958/1390/1344 81/1366/1322 952/1369/1325 2118/1391/1345
f 2118/1391/1345 952/1369/1325 477/1362/1320 1518/1378/1332
f 480/1388/1342 958/1390/1344 2118/1391/1345 1517/1389/1343
f 1517/1389/1343 2118/1391/1345 1518/1378/1332 231/1379/1333
f 30/371/350 722/461/440 2119/1392/1346 955/1380/1334
f 722/461/440 362/459/438 1519/1393/1347 2119/1392/1346
f 955/1380/1334 2119/1392/1346 1522/1394/1348 479/1382/1336
f 2119/1392/1346 1519/1393/1347 232/1395/1349 1522/1394/1348
f 721/456/435 36/455/434 959/1396/1350 2120/1397/1351
f 2120/1397/1351 959/1396/1350 481/1398/1352 1520/1399/1353
f 362/459/438 721/456/435 2120/1397/1351 1519/1393/1347
f 1519/1393/1347 2120/1397/1351 1520/1399/1353 232/1395/1349
f 83/1400/1354 961/1401/1355 2121/1402/1356 960/1403/1357
f 961/1401/1355 482/1404/1358 1521/1405/1359 2121/1402/1356
f 960/1403/1357 2121/1402/1356 1520/1399/1353 481/1398/1352
f 2121/1402/1356 1521/1405/1359 232/1395/1349 1520/1399/1353
f 962/1406/1360 82/1384/1338 956/1387/1341 2122/1407/1361
f 2122/1407/1361 956/1387/1341 479/1382/1336 1522/1394/1348
f 482/1404/1358 962/1406/1360 2122/1407/1361 1521/1405/1359
f 1521/1405/1359 2122/1407/1361 1522/1394/1348 232/1395/1349
f 78/1001/959 946/1338/1296 2123/1408/1362 883/1081/1039
f 946/1338/1296 474/1336/1294 1523/1409/1363 2123/1408/1362
f 883/1081/1039 2123/1408/1362 1526/1410/1364 443/1083/1041
f 2123/1408/1362 1523/1409/1363 233/1411/1365 1526/1410/1364
f 945/1333/1291 79/1332/1290 963/1412/1366 2124/1413/1367
f 2124/1413/1367 963/1412/1366 483/1414/1368 1524/1415/1369
f 474/1336/1294 945/1333/1291 2124/1413/1367 1523/1409/1363
f 1523/1409/1363 2124/1413/1367 1524/1415/1369 233/1411/1365
f 99/1416/1370 965/1417/1371 2125/1418/1372 964/1419/1373
f 965/1417/1371 484/1420/1374 1525/1421/1375 2125/1418/1372
f 964/1419/1373 2125/1418/1372 1524/1415/1369 483/1414/1368
f 2125/1418/1372 1525/1421/1375 233/1411/1365 1524/1415/1369
f 966/1422/1376 98/1085/1043 884/1088/1046 2126/1423/1377
f 2126/1423/1377 884/1088/1046 443/1083/1041 1526/1410/1364
f 484/1420/1374 966/1422/1376 2126/1423/1377 1525/1421/1375
f 1525/1421/1375 2126/1423/1377 1526/1410/1364 233/1411/1365
f 79/1332/1290 950/1354/1312 2127/1424/1378 963/1412/1366
f 950/1354/1312 476/1352/1310 1527/1425/1379 2127/1424/1378
f 963/1412/1366 2127/1424/1378 1530/1426/1380 483/1414/1368
f 2127/1424/1378 1527/1425/1379 234/1427/1381 1530/1426/1380
f 949/1349/1307 80/1348/1306 967/1428/1382 2128/1429/1383
f 2128/1429/1383 967/1428/1382 485/1430/1384 1528/1431/1385
f 476/1352/1310 949/1349/1307 2128/1429/1383 1527/1425/1379
f 1527/1425/1379 2128/1429/1383 1528/1431/1385 234/1427/1381
f 100/1432/1386 969/1433/1387 2129/1434/1388 968/1435/1389
f 969/1433/1387 486/1436/1390 1529/1437/1391 2129/1434/1388
f 968/1435/1389 2129/1434/1388 1528/1431/1385 485/1430/1384
f 2129/1434/1388 1529/1437/1391 234/1427/1381 1528/1431/1385
f 970/1438/1392 99/1416/1370 964/1419/1373 2130/1439/1393
f 2130/1439/1393 964/1419/1373 483/1414/1368 1530/1426/1380
f 486/1436/1390 970/1438/1392 2130/1439/1393 1529/1437/1391
f 1529/1437/1391 2130/1439/1393 1530/1426/1380 234/1427/1381
f 80/1348/1306 954/1372/1328 2131/1440/1394 967/1428/1382
f 954/1372/1328 478/1374/1326 1531/1441/1395 2131/1440/1394
f 967/1428/1382 2131/1440/1394 1534/1442/1396 485/1430/1384
f 2131/1440/1394 1531/1441/1395 235/1443/1397 1534/1442/1396
f 953/1367/1323 81/1366/1322 971/1444/1398 2132/1445/1399
f 2132/1445/1399 971/1444/1398 487/1446/1400 1532/1447/1401
f 478/1370/1326 953/1367/1323 2132/1445/1399 1531/1448/1395
f 1531/1448/1395 2132/1445/1399 1532/1447/1401 235/1449/1397
f 101/1450/1402 973/1451/1403 2133/1452/1404 972/1453/1405
f 973/1451/1403 488/1454/1406 1533/1455/1407 2133/1452/1404
f 972/1453/1405 2133/1452/1404 1532/1447/1401 487/1446/1400
f 2133/1452/1404 1533/1455/1407 235/1449/1397 1532/1447/1401
f 974/1456/1408 100/1432/1386 968/1435/1389 2134/1457/1409
f 2134/1457/1409 968/1435/1389 485/1430/1384 1534/1442/1396
f 488/1458/1406 974/1456/1408 2134/1457/1409 1533/1459/1407
f 1533/1459/1407 2134/1457/1409 1534/1442/1396 235/1443/1397
f 81/1366/1322 958/1390/1344 2135/1460/1410 971/1444/1398
f 958/1390/1344 480/1388/1342 1535/1461/1411 2135/1460/1410
f 971/1444/1398 2135/1460/1410 1538/1462/1412 487/1446/1400
f 2135/1460/1410 1535/1461/1411 236/1463/1413 1538/1462/1412
f 957/1385/1339 82/1384/1338 975/1464/1414 2136/1465/1415
f 2136/1465/1415 975/1464/1414 489/1466/1416 1536/1467/1417
f 480/1388/1342 957/1385/1339 2136/1465/1415 1535/1461/1411
f 1535/1461/1411 2136/1465/1415 1536/1467/1417 236/1463/1413
f 102/1468/1418 977/1469/1419 2137/1470/1420 976/1471/1421
f 977/1469/1419 490/1472/1422 1537/1473/1423 2137/1470/1420
f 976/1471/1421 2137/1470/1420 1536/1467/1417 489/1466/1416
f 2137/1470/1420 1537/1473/1423 236/1463/1413 1536/1467/1417
f 978/1474/1424 101/1450/1402 972/1453/1405 2138/1475/1425
f 2138/1475/1425 972/1453/1405 487/1446/1400 1538/1462/1412
f 490/1472/1422 978/1474/1424 2138/1475/1425 1537/1473/1423
f 1537/1473/1423 2138/1475/1425 1538/1462/1412 236/1463/1413
f 82/1384/1338 962/1406/1360 2139/1476/1426 975/1464/1414
f 962/1406/1360 482/1404/1358 1539/1477/1427 2139/1476/1426
f 975/1464/1414 2139/1476/1426 1542/1478/1428 489/1466/1416
f 2139/1476/1426 1539/1477/1427 237/1479/1429 1542/1478/1428
f 961/1401/1355 83/1400/1354 979/1480/1430 2140/1481/1431
f 2140/1481/1431 979/1480/1430 491/1482/1432 1540/1483/1433
f 482/1404/1358 961/1401/1355 2140/1481/1431 1539/1477/1427
f 1539/1477/1427 2140/1481/1431 1540/1483/1433 237/1479/1429
f 103/1484/1434 981/1485/1435 2141/1486/1436 980/1487/1437
f 981/1485/1435 492/1488/1438 1541/1489/1439 2141/1486/1436
f 980/1487/1437 2141/1486/1436 1540/1483/1433 491/1482/1432
f 2141/1486/1436 1541/1489/1439 237/1479/1429 1540/1483/1433
f 982/1490/1440 102/1468/1418 976/1471/1421 2142/1491/1441
f 2142/1491/1441 976/1471/1421 489/1466/1416 1542/1478/1428
f 492/1488/1438 982/1490/1440 2142/1491/1441 1541/1489/1439
f 1541/1489/1439 2142/1491/1441 1542/1478/1428 237/1479/1429
f 98/1085/1043 966/1422/1376 2143/1492/1442 905/1165/1123
f 966/1422/1376 484/1420/1374 1543/1493/1443 2143/1492/1442
f 905/1165/1123 2143/1492/1442 1546/1494/1444 454/1167/1125
f 2143/1492/1442 1543/1493/1443 238/1495/1445 1546/1494/1444
f 965/1417/1371 99/1416/1370 983/1496/1446 2144/1497/1447
f 2144/1497/1447 983/1496/1446 493/1498/1448 1544/1499/1449
f 484/1420/1374 965/1417/1371 2144/1497/1447 1543/1493/1443
f 1543/1493/1443 2144/1497/1447 1544/1499/1449 238/1495/1445
f 119/1500/1450 985/1501/1451 2145/1502/1452 984/1503/1453
f 985/1501/1451 494/1504/1454 1545/1505/1455 2145/1502/1452
f 984/1503/1453 2145/1502/1452 1544/1499/1449 493/1498/1448
f 2145/1502/1452 1545/1505/1455 238/1495/1445 1544/1499/1449
f 986/1506/1456 118/1169/1127 906/1172/1130 2146/1507/1457
f 2146/1507/1457 906/1172/1130 454/1167/1125 1546/1494/1444
f 494/1504/1454 986/1506/1456 2146/1507/1457 1545/1505/1455
f 1545/1505/1455 2146/1507/1457 1546/1494/1444 238/1495/1445
f 99/1416/1370 970/1438/1392 2147/1508/1458 983/1496/1446
f 970/1438/1392 486/1436/1390 1547/1509/1459 2147/1508/1458
f 983/1496/1446 2147/1508/1458 1550/1510/1460 493/1498/1448
f 2147/1508/1458 1547/1509/1459 239/1511/1461 1550/1510/1460
f 969/1433/1387 100/1432/1386 987/1512/1462 2148/1513/1463
f 2148/1513/1463 987/1512/1462 495/1514/1464 1548/1515/1465
f 486/1436/1390 969/1433/1387 2148/1513/1463 1547/1509/1459
f 1547/1509/1459 2148/1513/1463 1548/1515/1465 239/1511/1461
f 120/1516/1466 989/1517/1467 2149/1518/1468 988/1519/1469
f 989/1517/1467 496/1520/1470 1549/1521/1471 2149/1518/1468
f 988/1519/1469 2149/1518/1468 1548/1515/1465 495/1514/1464
f 2149/1518/1468 1549/1521/1471 239/1511/1461 1548/1515/1465
f 990/1522/1472 119/1500/1450 984/1503/1453 2150/1523/1473
f 2150/1523/1473 984/1503/1453 493/1498/1448 1550/1510/1460
f 496/1520/1470 990/1522/1472 2150/1523/1473 1549/1521/1471
f 1549/1521/1471 2150/1523/1473 1550/1510/1460 239/1511/1461
f 100/1432/1386 974/1456/1408 2151/1524/1474 987/1512/1462
f 974/1456/1408 488/1458/1406 1551/1525/1475 2151/1524/1474
f 987/1512/1462 2151/1524/1474 1554/1526/1476 495/1514/1464
f 2151/1524/1474 1551/1525/1475 240/1527/1477 1554/1526/1476
f 973/1451/1403 101/1450/1402 991/1528/1478 2152/1529/1479
f 2152/1529/1479 991/1528/1478 497/1530/1480 1552/1531/1481
f 488/1454/1406 973/1451/1403 2152/1529/1479 1551/1532/1475
f 1551/1532/1475 2152/1529/1479 1552/1531/1481 240/1533/1477
f 121/1534/1482 993/1535/1483 2153/1536/1484 992/1537/1485
f 993/1535/1483 498/1538/1486 1553/1539/1487 2153/1536/1484
f 992/1537/1485 2153/1536/1484 1552/1531/1481 497/1530/1480
f 2153/1536/1484 1553/1539/1487 240/1533/1477 1552/1531/1481
f 994/1540/1488 120/1516/1466 988/1519/1469 2154/1541/1489
f 2154/1541/1489 988/1519/1469 495/1514/1464 1554/1526/1476
f 498/1542/1486 994/1540/1488 2154/1541/1489 1553/1543/1487
f 1553/1543/1487 2154/1541/1489 1554/1526/1476 240/1527/1477
f 101/1450/1402 978/1474/1424 2155/1544/1490 991/1528/1478
f 978/1474/1424 490/1472/1422 1555/1545/1491 2155/1544/1490
f 991/1528/1478 2155/1544/1490 1558/1546/1492 497/1530/1480
f 2155/1544/1490 1555/1545/1491 241/1547/1493 1558/1546/1492
f 977/1469/1419 102/1468/1418 995/1548/1494 2156/1549/1495
f 2156/1549/1495 995/1548/1494 499/1550/1496 1556/1551/1497
f 490/1472/1422 977/1469/1419 2156/1549/1495 1555/1545/1491
f 1555/1545/1491 2156/1549/1495 1556/1551/1497 241/1547/1493
f 122/1552/1498 997/1553/1499 2157/1554/1500 996/1555/1501
f 997/1553/1499 500/1556/1502 1557/1557/1503 2157/1554/1500
f 996/1555/1501 2157/1554/1500 1556/1551/1497 499/1550/1496
f 2157/1554/1500 1557/1557/1503 241/1547/1493 1556/1551/1497
f 998/1558/1504 121/1534/1482 992/1537/1485 2158/1559/1505
f 2158/1559/1505 992/1537/1485 497/1530/1480 1558/1546/1492
f 500/1556/1502 998/1558/1504 2158/1559/1505 1557/1557/1503
f 1557/1557/1503 2158/1559/1505 1558/1546/1492 241/1547/1493
f 102/1468/1418 982/1490/1440 2159/1560/1506 995/1548/1494
f 982/1490/1440 492/1488/1438 1559/1561/1507 2159/1560/1506
f 995/1548/1494 2159/1560/1506 1562/1562/1508 499/1550/1496
f 2159/1560/1506 1559/1561/1507 242/1563/1509 1562/1562/1508
f 981/1485/1435 103/1484/1434 999/1564/1510 2160/1565/1511
f 2160/1565/1511 999/1564/1510 501/1566/1512 1560/1567/1513
f 492/1488/1438 981/1485/1435 2160/1565/1511 1559/1561/1507
f 1559/1561/1507 2160/1565/1511 1560/1567/1513 242/1563/1509
f 123/1568/1514 1001/1569/1515 2161/1570/1516 1000/1571/1517
f 1001/1569/1515 502/1572/1518 1561/1573/1519 2161/1570/1516
f 1000/1571/1517 2161/1570/1516 1560/1567/1513 501/1566/1512
f 2161/1570/1516 1561/1573/1519 242/1563/1509 1560/1567/1513
f 1002/1574/1520 122/1552/1498 996/1555/1501 2162/1575/1521
f 2162/1575/1521 996/1555/1501 499/1550/1496 1562/1562/1508
f 502/1572/1518 1002/1574/1520 2162/1575/1521 1561/1573/1519
f 1561/1573/1519 2162/1575/1521 1562/1562/1508 242/1563/1509
f 118/1169/1127 986/1506/1456 2163/1576/1522 927/1249/1207
f 986/1506/1456 494/1504/1454 1563/1577/1523 2163/1576/1522
f 927/1249/1207 2163/1576/1522 1566/1578/1524 465/1251/1209
f 2163/1576/1522 1563/1577/1523 243/1579/1525 1566/1578/1524
f 985/1501/1451 119/1500/1450 1003/1580/1526 2164/1581/1527
f 2164/1581/1527 1003/1580/1526 503/1582/1528 1564/1583/1529
f 494/1504/1454 985/1501/1451 2164/1581/1527 1563/1577/1523
f 1563/1577/1523 2164/1581/1527 1564/1583/1529 243/1579/1525
f 139/1584/1530 1005/1585/1531 2165/1586/1532 1004/1587/1533
f 1005/1585/1531 504/1588/1534 1565/1589/1535 2165/1586/1532
f 1004/1587/1533 2165/1586/1532 1564/1583/1529 503/1582/1528
f 2165/1586/1532 1565/1589/1535 243/1579/1525 1564/1583/1529
f 1006/1590/1536 138/1253/1211 928/1256/1214 2166/1591/1537
f 2166/1591/1537 928/1256/1214 465/1251/1209 1566/1578/1524
f 504/1588/1534 1006/1590/1536 2166/1591/1537 1565/1589/1535
f 1565/1589/1535 2166/1591/1537 1566/1578/1524 243/1579/1525
f 119/1500/1450 990/1522/1472 2167/1592/1538 1003/1580/1526
f 990/1522/1472 496/1520/1470 1567/1593/1539 2167/1592/1538
f 1003/1580/1526 2167/1592/1538 1570/1594/1540 503/1582/1528
f 2167/1592/1538 1567/1593/1539 244/1595/1541 1570/1594/1540
f 989/1517/1467 120/1516/1466 1007/1596/1542 2168/1597/1543
f 2168/1597/1543 1007/1596/1542 505/1598/1544 1568/1599/1545
f 496/1520/1470 989/1517/1467 2168/1597/1543 1567/1593/1539
f 1567/1593/1539 2168/1597/1543 1568/1599/1545 244/1595/1541
f 140/1600/1546 1009/1601/1547 2169/1602/1548 1008/1603/1549
f 1009/1601/1547 506/1604/1550 1569/1605/1551 2169/1602/1548
f 1008/1603/1549 2169/1602/1548 1568/1599/1545 505/1598/1544
f 2169/1602/1548 1569/1605/1551 244/1595/1541 1568/1599/1545
f 1010/1606/1552 139/1584/1530 1004/1587/1533 2170/1607/1553
f 2170/1607/1553 1004/1587/1533 503/1582/1528 1570/1594/1540
f 506/1604/1550 1010/1606/1552 2170/1607/1553 1569/1605/1551
f 1569/1605/1551 2170/1607/1553 1570/1594/1540 244/1595/1541
f 120/1516/1466 994/1540/1488 2171/1608/1554 1007/1596/1542
f 994/1540/1488 498/1542/1486 1571/1609/1555 2171/1608/1554
f 1007/1596/1542 2171/1608/1554 1574/1610/1556 505/1598/1544
f 2171/1608/1554 1571/1609/1555 245/1611/1557 1574/1610/1556
f 993/1535/1483 121/1534/1482 1011/1612/1558 2172/1613/1559
f 2172/1613/1559 1011/1612/1558 507/1614/1560 1572/1615/1561
f 498/1538/1486 993/1535/1483 2172/1613/1559 1571/1616/1555
f 1571/1616/1555 2172/1613/1559 1572/1615/1561 245/1617/1557
f 141/1618/1562 1013/1619/1563 2173/1620/1564 1012/1621/1565
f 1013/1619/1563 508/1622/1566 1573/1623/1567 2173/1620/1564
f 1012/1621/1565 2173/1620/1564 1572/1615/1561 507/1614/1560
f 2173/1620/1564 1573/1623/1567 245/1617/1557 1572/1615/1561
f 1014/1624/1568 140/1600/1546 1008/1603/1549 2174/1625/1569
f 2174/1625/1569 1008/1603/1549 505/1598/1544 1574/1610/1556
f 508/1626/1566 1014/1624/1568 2174/1625/1569 1573/1627/1567
f 1573/1627/1567 2174/1625/1569 1574/1610/1556 245/1611/1557
f 121/1534/1482 998/1558/1504 2175/1628/1570 1011/1612/1558
f 998/1558/1504 500/1556/1502 1575/1629/1571 2175/1628/1570
f 1011/1612/1558 2175/1628/1570 1578/1630/1572 507/1614/1560
f 2175/1628/1570 1575/1629/1571 246/1631/1573 1578/1630/1572
f 997/1553/1499 122/1552/1498 1015/1632/1574 2176/1633/1575
f 2176/1633/1575 1015/1632/1574 509/1634/1576 1576/1635/1577
f 500/1556/1502 997/1553/1499 2176/1633/1575 1575/1629/1571
f 1575/1629/1571 2176/1633/1575 1576/1635/1577 246/1631/1573
f 142/1636/1578 1017/1637/1579 2177/1638/1580 1016/1639/1581
f 1017/1637/1579 510/1640/1582 1577/1641/1583 2177/1638/1580
f 1016/1639/1581 2177/1638/1580 1576/1635/1577 509/1634/1576
f 2177/1638/1580 1577/1641/1583 246/1631/1573 1576/1635/1577
f 1018/1642/1584 141/1618/1562 1012/1621/1565 2178/1643/1585
f 2178/1643/1585 1012/1621/1565 507/1614/1560 1578/1630/1572
f 510/1640/1582 1018/1642/1584 2178/1643/1585 1577/1641/1583
f 1577/1641/1583 2178/1643/1585 1578/1630/1572 246/1631/1573
f 122/1552/1498 1002/1574/1520 2179/1644/1586 1015/1632/1574
f 1002/1574/1520 502/1572/1518 1579/1645/1587 2179/1644/1586
f 1015/1632/1574 2179/1644/1586 1582/1646/1588 509/1634/1576
f 2179/1644/1586 1579/1645/1587 247/1647/1589 1582/1646/1588
f 1001/1569/1515 123/1568/1514 1019/1648/1590 2180/1649/1591
f 2180/1649/1591 1019/1648/1590 511/1650/1592 1580/1651/1593
f 502/1572/1518 1001/1569/1515 2180/1649/1591 1579/1645/1587
f 1579/1645/1587 2180/1649/1591 1580/1651/1593 247/1647/1589
f 143/1652/1594 1021/1653/1595 2181/1654/1596 1020/1655/1597
f 1021/1653/1595 512/1656/1598 1581/1657/1599 2181/1654/1596
f 1020/1655/1597 2181/1654/1596 1580/1651/1593 511/1650/1592
f 2181/1654/1596 1581/1657/1599 247/1647/1589 1580/1651/1593
f 1022/1658/1600 142/1636/1578 1016/1639/1581 2182/1659/1601
f 2182/1659/1601 1016/1639/1581 509/1634/1576 1582/1646/1588
f 512/1656/1598 1022/1658/1600 2182/1659/1601 1581/1657/1599
f 1581/1657/1599 2182/1659/1601 1582/1646/1588 247/1647/1589
f 138/1253/1211 1006/1590/1536 2183/1660/1602 941/1316/1274
f 1006/1590/1536 504/1588/1534 1583/1661/1603 2183/1660/1602
f 941/1316/1274 2183/1660/1602 1586/1662/1604 472/1318/1276
f 2183/1660/1602 1583/1661/1603 248/1663/1605 1586/1662/1604
f 1005/1585/1531 139/1584/1530 1023/1664/1606 2184/1665/1607
f 2184/1665/1607 1023/1664/1606 513/1666/1608 1584/1667/1609
f 504/1588/1534 1005/1585/1531 2184/1665/1607 1583/1661/1603
f 1583/1661/1603 2184/1665/1607 1584/1667/1609 248/1663/1605
f 48/560/539 752/563/542 2185/1668/1610 1024/1669/1611
f 752/563/542 377/558/537 1585/1670/1612 2185/1668/1610
f 1024/1669/1611 2185/1668/1610 1584/1667/1609 513/1666/1608
f 2185/1668/1610 1585/1670/1612 248/1663/1605 1584/1667/1609
f 751/556/535 42/555/534 942/1321/1279 2186/1671/1613
f 2186/1671/1613 942/1321/1279 472/1318/1276 1586/1662/1604
f 377/558/537 751/556/535 2186/1671/1613 1585/1670/1612
f 1585/1670/1612 2186/1671/1613 1586/1662/1604 248/1663/1605
f 139/1584/1530 1010/1606/1552 2187/1672/1614 1023/1664/1606
f 1010/1606/1552 506/1604/1550 1587/1673/1615 2187/1672/1614
f 1023/1664/1606 2187/1672/1614 1590/1674/1616 513/1666/1608
f 2187/1672/1614 1587/1673/1615 249/1675/1617 1590/1674/1616
f 1009/1601/1547 140/1600/1546 1025/1676/1618 2188/1677/1619
f 2188/1677/1619 1025/1676/1618 514/1678/1620 1588/1679/1621
f 506/1604/1550 1009/1601/1547 2188/1677/1619 1587/1673/1615
f 1587/1673/1615 2188/1677/1619 1588/1679/1621 249/1675/1617
f 54/644/623 774/647/626 2189/1680/1622 1026/1681/1623
f 774/647/626 388/642/621 1589/1682/1624 2189/1680/1622
f 1026/1681/1623 2189/1680/1622 1588/1679/1621 514/1678/1620
f 2189/1680/1622 1589/1682/1624 249/1675/1617 1588/1679/1621
f 773/640/619 48/560/539 1024/1669/1611 2190/1683/1625
f 2190/1683/1625 1024/1669/1611 513/1666/1608 1590/1674/1616
f 388/642/621 773/640/619 2190/1683/1625 1589/1682/1624
f 1589/1682/1624 2190/1683/1625 1590/1674/1616 249/1675/1617
f 140/1600/1546 1014/1624/1568 2191/1684/1626 1025/1676/1618
f 1014/1624/1568 508/1626/1566 1591/1685/1627 2191/1684/1626
f 1025/1676/1618 2191/1684/1626 1594/1686/1628 514/1678/1620
f 2191/1684/1626 1591/1685/1627 250/1687/1629 1594/1686/1628
f 1013/1619/1563 141/1618/1562 1027/1688/1630 2192/1689/1631
f 2192/1689/1631 1027/1688/1630 515/1690/1632 1592/1691/1633
f 508/1622/1566 1013/1619/1563 2192/1689/1631 1591/1692/1627
f 1591/1692/1627 2192/1689/1631 1592/1691/1633 250/1693/1629
f 60/745/707 796/748/710 2193/1694/1634 1028/1695/1635
f 796/748/710 399/752/705 1593/1696/1636 2193/1694/1634
f 1028/1695/1635 2193/1694/1634 1592/1691/1633 515/1690/1632
f 2193/1694/1634 1593/1696/1636 250/1693/1629 1592/1691/1633
f 795/741/703 54/644/623 1026/1681/1623 2194/1697/1637
f 2194/1697/1637 1026/1681/1623 514/1678/1620 1594/1686/1628
f 399/743/705 795/741/703 2194/1697/1637 1593/1698/1636
f 1593/1698/1636 2194/1697/1637 1594/1686/1628 250/1687/1629
f 141/1618/1562 1018/1642/1584 2195/1699/1638 1027/1688/1630
f 1018/1642/1584 510/1640/1582 1595/1700/1639 2195/1699/1638
f 1027/1688/1630 2195/1699/1638 1598/1701/1640 515/1690/1632
f 2195/1699/1638 1595/1700/1639 251/1702/1641 1598/1701/1640
f 1017/1637/1579 142/1636/1578 1029/1703/1642 2196/1704/1643
f 2196/1704/1643 1029/1703/1642 516/1705/1644 1596/1706/1645
f 510/1640/1582 1017/1637/1579 2196/1704/1643 1595/1700/1639
f 1595/1700/1639 2196/1704/1643 1596/1706/1645 251/1702/1641
f 66/833/791 818/836/794 2197/1707/1646 1030/1708/1647
f 818/836/794 410/831/789 1597/1709/1648 2197/1707/1646
f 1030/1708/1647 2197/1707/1646 1596/1706/1645 516/1705/1644
f 2197/1707/1646 1597/1709/1648 251/1702/1641 1596/1706/1645
f 817/829/787 60/745/707 1028/1695/1635 2198/1710/1649
f 2198/1710/1649 1028/1695/1635 515/1690/1632 1598/1701/1640
f 410/831/789 817/829/787 2198/1710/1649 1597/1709/1648
f 1597/1709/1648 2198/1710/1649 1598/1701/1640 251/1702/1641
f 142/1636/1578 1022/1658/1600 2199/1711/1650 1029/1703/1642
f 1022/1658/1600 512/1656/1598 1599/1712/1651 2199/1711/1650
f 1029/1703/1642 2199/1711/1650 1602/1713/1652 516/1705/1644
f 2199/1711/1650 1599/1712/1651 252/1714/1653 1602/1713/1652
f 1021/1653/1595 143/1652/1594 1031/1715/1654 2200/1716/1655
f 2200/1716/1655 1031/1715/1654 517/1717/1656 1600/1718/1657
f 512/1656/1598 1021/1653/1595 2200/1716/1655 1599/1712/1651
f 1599/1712/1651 2200/1716/1655 1600/1718/1657 252/1714/1653
f 72/917/875 840/920/878 2201/1719/1658 1032/1720/1659
f 840/920/878 421/915/873 1601/1721/1660 2201/1719/1658
f 1032/1720/1659 2201/1719/1658 1600/1718/1657 517/1717/1656
f 2201/1719/1658 1601/1721/1660 252/1714/1653 1600/1718/1657
f 839/913/871 66/833/791 1030/1708/1647 2202/1722/1661
f 2202/1722/1661 1030/1708/1647 516/1705/1644 1602/1713/1652
f 421/915/873 839/913/871 2202/1722/1661 1601/1721/1660
f 1601/1721/1660 2202/1722/1661 1602/1713/1652 252/1714/1653
f 36/455/434 720/458/437 2203/1723/1662 959/1396/1350
f 720/458/437 361/453/432 1603/1724/1663 2203/1723/1662
f 959/1396/1350 2203/1723/1662 1606/1725/1664 481/1398/1352
f 2203/1723/1662 1603/1724/1663 253/1726/1665 1606/1725/1664
f 719/451/430 35/439/418 1033/1727/1666 2204/1728/1667
f 2204/1728/1667 1033/1727/1666 518/1729/1668 1604/1730/1669
f 361/453/432 719/451/430 2204/1728/1667 1603/1724/1663
f 1603/1724/1663 2204/1728/1667 1604/1730/1669 253/1726/1665
f 84/1731/1670 1035/1732/1671 2205/1733/1672 1034/1734/1673
f 1035/1732/1671 519/1735/1674 1605/1736/1675 2205/1733/1672
f 1034/1734/1673 2205/1733/1672 1604/1730/1669 518/1729/1668
f 2205/1733/1672 1605/1736/1675 253/1726/1665 1604/1730/1669
f 1036/1737/1676 83/1400/1354 960/1403/1357 2206/1738/1677
f 2206/1738/1677 960/1403/1357 481/1398/1352 1606/1725/1664
f 519/1735/1674 1036/1737/1676 2206/1738/1677 1605/1736/1675
f 1605/1736/1675 2206/1738/1677 1606/1725/1664 253/1726/1665
f 35/439/418 716/442/421 2207/1739/1678 1033/1727/1666
f 716/442/421 359/437/416 1607/1740/1679 2207/1739/1678
f 1033/1727/1666 2207/1739/1678 1610/1741/1680 518/1729/1668
f 2207/1739/1678 1607/1740/1679 254/1742/1681 1610/1741/1680
f 715/435/414 34/423/402 1037/1743/1682 2208/1744/1683
f 2208/1744/1683 1037/1743/1682 520/1745/1684 1608/1746/1685
f 359/437/416 715/435/414 2208/1744/1683 1607/1740/1679
f 1607/1740/1679 2208/1744/1683 1608/1746/1685 254/1742/1681
f 85/1747/1686 1039/1748/1687 2209/1749/1688 1038/1750/1689
f 1039/1748/1687 521/1751/1690 1609/1752/1691 2209/1749/1688
f 1038/1750/1689 2209/1749/1688 1608/1746/1685 520/1745/1684
f 2209/1749/1688 1609/1752/1691 254/1742/1681 1608/1746/1685
f 1040/1753/1692 84/1731/1670 1034/1734/1673 2210/1754/1693
f 2210/1754/1693 1034/1734/1673 518/1729/1668 1610/1741/1680
f 521/1751/1690 1040/1753/1692 2210/1754/1693 1609/1752/1691
f 1609/1752/1691 2210/1754/1693 1610/1741/1680 254/1742/1681
f 34/423/402 712/426/405 2211/1755/1694 1037/1743/1682
f 712/426/405 357/421/400 1611/1756/1695 2211/1755/1694
f 1037/1743/1682 2211/1755/1694 1614/1757/1696 520/1745/1684
f 2211/1755/1694 1611/1756/1695 255/1758/1697 1614/1757/1696
f 711/419/398 33/407/386 1041/1759/1698 2212/1760/1699
f 2212/1760/1699 1041/1759/1698 522/1761/1700 1612/1762/1701
f 357/421/400 711/419/398 2212/1760/1699 1611/1756/1695
f 1611/1756/1695 2212/1760/1699 1612/1762/1701 255/1758/1697
f 86/1763/1702 1043/1764/1703 2213/1765/1704 1042/1766/1705
f 1043/1764/1703 523/1767/1706 1613/1768/1707 2213/1765/1704
f 1042/1766/1705 2213/1765/1704 1612/1762/1701 522/1761/1700
f 2213/1765/1704 1613/1768/1707 255/1758/1697 1612/1762/1701
f 1044/1769/1708 85/1747/1686 1038/1750/1689 2214/1770/1709
f 2214/1770/1709 1038/1750/1689 520/1745/1684 1614/1757/1696
f 523/1767/1706 1044/1769/1708 2214/1770/1709 1613/1768/1707
f 1613/1768/1707 2214/1770/1709 1614/1757/1696 255/1758/1697
f 33/407/386 708/410/389 2215/1771/1710 1041/1759/1698
f 708/410/389 355/405/384 1615/1772/1711 2215/1771/1710
f 1041/1759/1698 2215/1771/1710 1618/1773/1712 522/1761/1700
f 2215/1771/1710 1615/1772/1711 256/1774/1713 1618/1773/1712
f 707/403/382 32/391/370 1045/1775/1714 2216/1776/1715
f 2216/1776/1715 1045/1775/1714 524/1777/1716 1616/1778/1717
f 355/405/384 707/403/382 2216/1776/1715 1615/1772/1711
f 1615/1772/1711 2216/1776/1715 1616/1778/1717 256/1774/1713
f 87/1779/1718 1047/1780/1719 2217/1781/1720 1046/1782/1721
f 1047/1780/1719 525/1783/1722 1617/1784/1723 2217/1781/1720
f 1046/1782/1721 2217/1781/1720 1616/1778/1717 524/1777/1716
f 2217/1781/1720 1617/1784/1723 256/1774/1713 1616/1778/1717
f 1048/1785/1724 86/1763/1702 1042/1766/1705 2218/1786/1725
f 2218/1786/1725 1042/1766/1705 522/1761/1700 1618/1773/1712
f 525/1783/1722 1048/1785/1724 2218/1786/1725 1617/1784/1723
f 1617/1784/1723 2218/1786/1725 1618/1773/1712 256/1774/1713
f 32/391/370 704/394/373 2219/1787/1726 1045/1775/1714
f 704/394/373 353/389/368 1619/1788/1727 2219/1787/1726
f 1045/1775/1714 2219/1787/1726 1622/1789/1728 524/1777/1716
f 2219/1787/1726 1619/1788/1727 257/1790/1729 1622/1789/1728
f 703/387/366 31/386/365 1049/1791/1730 2220/1792/1731
f 2220/1792/1731 1049/1791/1730 526/1793/1732 1620/1794/1733
f 353/389/368 703/387/366 2220/1792/1731 1619/1788/1727
f 1619/1788/1727 2220/1792/1731 1620/1794/1733 257/1790/1729
f 88/1795/1734 1051/1796/1735 2221/1797/1736 1050/1798/1737
f 1051/1796/1735 527/1799/1738 1621/1800/1739 2221/1797/1736
f 1050/1798/1737 2221/1797/1736 1620/1794/1733 526/1793/1732
f 2221/1797/1736 1621/1800/1739 257/1790/1729 1620/1794/1733
f 1052/1801/1740 87/1779/1718 1046/1782/1721 2222/1802/1741
f 2222/1802/1741 1046/1782/1721 524/1777/1716 1622/1789/1728
f 527/1799/1738 1052/1801/1740 2222/1802/1741 1621/1800/1739
f 1621/1800/1739 2222/1802/1741 1622/1789/1728 257/1790/1729
f 83/1400/1354 1036/1737/1676 2223/1803/1742 979/1480/1430
f 1036/1737/1676 519/1735/1674 1623/1804/1743 2223/1803/1742
f 979/1480/1430 2223/1803/1742 1626/1805/1744 491/1482/1432
f 2223/1803/1742 1623/1804/1743 258/1806/1745 1626/1805/1744
f 1035/1732/1671 84/1731/1670 1053/1807/1746 2224/1808/1747
f 2224/1808/1747 1053/1807/1746 528/1809/1748 1624/1810/1749
f 519/1735/1674 1035/1732/1671 2224/1808/1747 1623/1804/1743
f 1623/1804/1743 2224/1808/1747 1624/1810/1749 258/1806/1745
f 104/1811/1750 1055/1812/1751 2225/1813/1752 1054/1814/1753
f 1055/1812/1751 529/1815/1754 1625/1816/1755 2225/1813/1752
f 1054/1814/1753 2225/1813/1752 1624/1810/1749 528/1809/1748
f 2225/1813/1752 1625/1816/1755 258/1806/1745 1624/1810/1749
f 1056/1817/1756 103/1484/1434 980/1487/1437 2226/1818/1757
f 2226/1818/1757 980/1487/1437 491/1482/1432 1626/1805/1744
f 529/1815/1754 1056/1817/1756 2226/1818/1757 1625/1816/1755
f 1625/1816/1755 2226/1818/1757 1626/1805/1744 258/1806/1745
f 84/1731/1670 1040/1753/1692 2227/1819/1758 1053/1807/1746
f 1040/1753/1692 521/1751/1690 1627/1820/1759 2227/1819/1758
f 1053/1807/1746 2227/1819/1758 1630/1821/1760 528/1809/1748
f 2227/1819/1758 1627/1820/1759 259/1822/1761 1630/1821/1760
f 1039/1748/1687 85/1747/1686 1057/1823/1762 2228/1824/1763
f 2228/1824/1763 1057/1823/1762 530/1825/1764 1628/1826/1765
f 521/1751/1690 1039/1748/1687 2228/1824/1763 1627/1820/1759
f 1627/1820/1759 2228/1824/1763 1628/1826/1765 259/1822/1761
f 105/1827/1766 1059/1828/1767 2229/1829/1768 1058/1830/1769
f 1059/1828/1767 531/1831/1770 1629/1832/1771 2229/1829/1768
f 1058/1830/1769 2229/1829/1768 1628/1826/1765 530/1825/1764
f 2229/1829/1768 1629/1832/1771 259/1822/1761 1628/1826/1765
f 1060/1833/1772 104/1811/1750 1054/1814/1753 2230/1834/1773
f 2230/1834/1773 1054/1814/1753 528/1809/1748 1630/1821/1760
f 531/1831/1770 1060/1833/1772 2230/1834/1773 1629/1832/1771
f 1629/1832/1771 2230/1834/1773 1630/1821/1760 259/1822/1761
f 85/1747/1686 1044/1769/1708 2231/1835/1774 1057/1823/1762
f 1044/1769/1708 523/1767/1706 1631/1836/1775 2231/1835/1774
f 1057/1823/1762 2231/1835/1774 1634/1837/1776 530/1825/1764
f 2231/1835/1774 1631/1836/1775 260/1838/1777 1634/1837/1776
f 1043/1764/1703 86/1763/1702 1061/1839/1778 2232/1840/1779
f 2232/1840/1779 1061/1839/1778 532/1841/1780 1632/1842/1781
f 523/1767/1706 1043/1764/1703 2232/1840/1779 1631/1836/1775
f 1631/1836/1775 2232/1840/1779 1632/1842/1781 260/1838/1777
f 106/1843/1782 1063/1844/1783 2233/1845/1784 1062/1846/1785
f 1063/1844/1783 533/1847/1786 1633/1848/1787 2233/1845/1784
f 1062/1846/1785 2233/1845/1784 1632/1842/1781 532/1841/1780
f 2233/1845/1784 1633/1848/1787 260/1838/1777 1632/1842/1781
f 1064/1849/1788 105/1827/1766 1058/1830/1769 2234/1850/1789
f 2234/1850/1789 1058/1830/1769 530/1825/1764 1634/1837/1776
f 533/1847/1786 1064/1849/1788 2234/1850/1789 1633/1848/1787
f 1633/1848/1787 2234/1850/1789 1634/1837/1776 260/1838/1777
f 86/1763/1702 1048/1785/1724 2235/1851/1790 1061/1839/1778
f 1048/1785/1724 525/1783/1722 1635/1852/1791 2235/1851/1790
f 1061/1839/1778 2235/1851/1790 1638/1853/1792 532/1841/1780
f 2235/1851/1790 1635/1852/1791 261/1854/1793 1638/1853/1792
f 1047/1780/1719 87/1779/1718 1065/1855/1794 2236/1856/1795
f 2236/1856/1795 1065/1855/1794 534/1857/1796 1636/1858/1797
f 525/1783/1722 1047/1780/1719 2236/1856/1795 1635/1852/1791
f 1635/1852/1791 2236/1856/1795 1636/1858/1797 261/1854/1793
f 107/1859/1798 1067/1860/1799 2237/1861/1800 1066/1862/1801
f 1067/1860/1799 535/1863/1802 1637/1864/1803 2237/1861/1800
f 1066/1862/1801 2237/1861/1800 1636/1858/1797 534/1857/1796
f 2237/1861/1800 1637/1864/1803 261/1854/1793 1636/1858/1797
f 1068/1865/1804 106/1843/1782 1062/1846/1785 2238/1866/1805
f 2238/1866/1805 1062/1846/1785 532/1841/1780 1638/1853/1792
f 535/1863/1802 1068/1865/1804 2238/1866/1805 1637/1864/1803
f 1637/1864/1803 2238/1866/1805 1638/1853/1792 261/1854/1793
f 87/1779/1718 1052/1801/1740 2239/1867/1806 1065/1855/1794
f 1052/1801/1740 527/1799/1738 1639/1868/1807 2239/1867/1806
f 1065/1855/1794 2239/1867/1806 1642/1869/1808 534/1857/1796
f 2239/1867/1806 1639/1868/1807 262/1870/1809 1642/1869/1808
f 1051/1796/1735 88/1795/1734 1069/1871/1810 2240/1872/1811
f 2240/1872/1811 1069/1871/1810 536/1873/1812 1640/1874/1813
f 527/1799/1738 1051/1796/1735 2240/1872/1811 1639/1868/1807
f 1639/1868/1807 2240/1872/1811 1640/1874/1813 262/1870/1809
f 108/1875/1814 1071/1876/1815 2241/1877/1816 1070/1878/1817
f 1071/1876/1815 537/1879/1818 1641/1880/1819 2241/1877/1816
f 1070/1878/1817 2241/1877/1816 1640/1874/1813 536/1873/1812
f 2241/1877/1816 1641/1880/1819 262/1870/1809 1640/1874/1813
f 1072/1881/1820 107/1859/1798 1066/1862/1801 2242/1882/1821
f 2242/1882/1821 1066/1862/1801 534/1857/1796 1642/1869/1808
f 537/1879/1818 1072/1881/1820 2242/1882/1821 1641/1880/1819
f 1641/1880/1819 2242/1882/1821 1642/1869/1808 262/1870/1809
f 103/1484/1434 1056/1817/1756 2243/1883/1822 999/1564/1510
f 1056/1817/1756 529/1815/1754 1643/1884/1823 2243/1883/1822
f 999/1564/1510 2243/1883/1822 1646/1885/1824 501/1566/1512
f 2243/1883/1822 1643/1884/1823 263/1886/1825 1646/1885/1824
f 1055/1812/1751 104/1811/1750 1073/1887/1826 2244/1888/1827
f 2244/1888/1827 1073/1887/1826 538/1889/1828 1644/1890/1829
f 529/1815/1754 1055/1812/1751 2244/1888/1827 1643/1884/1823
f 1643/1884/1823 2244/1888/1827 1644/1890/1829 263/1886/1825
f 124/1891/1830 1075/1892/1831 2245/1893/1832 1074/1894/1833
f 1075/1892/1831 539/1895/1834 1645/1896/1835 2245/1893/1832
f 1074/1894/1833 2245/1893/1832 1644/1890/1829 538/1889/1828
f 2245/1893/1832 1645/1896/1835 263/1886/1825 1644/1890/1829
f 1076/1897/1836 123/1568/1514 1000/1571/1517 2246/1898/1837
f 2246/1898/1837 1000/1571/1517 501/1566/1512 1646/1885/1824
f 539/1895/1834 1076/1897/1836 2246/1898/1837 1645/1896/1835
f 1645/1896/1835 2246/1898/1837 1646/1885/1824 263/1886/1825
f 104/1811/1750 1060/1833/1772 2247/1899/1838 1073/1887/1826
f 1060/1833/1772 531/1831/1770 1647/1900/1839 2247/1899/1838
f 1073/1887/1826 2247/1899/1838 1650/1901/1840 538/1889/1828
f 2247/1899/1838 1647/1900/1839 264/1902/1841 1650/1901/1840
f 1059/1828/1767 105/1827/1766 1077/1903/1842 2248/1904/1843
f 2248/1904/1843 1077/1903/1842 540/1905/1844 1648/1906/1845
f 531/1831/1770 1059/1828/1767 2248/1904/1843 1647/1900/1839
f 1647/1900/1839 2248/1904/1843 1648/1906/1845 264/1902/1841
f 125/1907/1846 1079/1908/1847 2249/1909/1848 1078/1910/1849
f 1079/1908/1847 541/1911/1850 1649/1912/1851 2249/1909/1848
f 1078/1910/1849 2249/1909/1848 1648/1906/1845 540/1905/1844
f 2249/1909/1848 1649/1912/1851 264/1902/1841 1648/1906/1845
f 1080/1913/1852 124/1891/1830 1074/1894/1833 2250/1914/1853
f 2250/1914/1853 1074/1894/1833 538/1889/1828 1650/1901/1840
f 541/1911/1850 1080/1913/1852 2250/1914/1853 1649/1912/1851
f 1649/1912/1851 2250/1914/1853 1650/1901/1840 264/1902/1841
f 105/1827/1766 1064/1849/1788 2251/1915/1854 1077/1903/1842
f 1064/1849/1788 533/1847/1786 1651/1916/1855 2251/1915/1854
f 1077/1903/1842 2251/1915/1854 1654/1917/1856 540/1905/1844
f 2251/1915/1854 1651/1916/1855 265/1918/1857 1654/1917/1856
f 1063/1844/1783 106/1843/1782 1081/1919/1858 2252/1920/1859
f 2252/1920/1859 1081/1919/1858 542/1921/1860 1652/1922/1861
f 533/1847/1786 1063/1844/1783 2252/1920/1859 1651/1916/1855
f 1651/1916/1855 2252/1920/1859 1652/1922/1861 265/1918/1857
f 126/1923/1862 1083/1924/1863 2253/1925/1864 1082/1926/1865
f 1083/1924/1863 543/1927/1866 1653/1928/1867 2253/1925/1864
f 1082/1926/1865 2253/1925/1864 1652/1922/1861 542/1921/1860
f 2253/1925/1864 1653/1928/1867 265/1918/1857 1652/1922/1861
f 1084/1929/1868 125/1907/1846 1078/1910/1849 2254/1930/1869
f 2254/1930/1869 1078/1910/1849 540/1905/1844 1654/1917/1856
f 543/1927/1866 1084/1929/1868 2254/1930/1869 1653/1928/1867
f 1653/1928/1867 2254/1930/1869 1654/1917/1856 265/1918/1857
f 106/1843/1782 1068/1865/1804 2255/1931/1870 1081/1919/1858
f 1068/1865/1804 535/1863/1802 1655/1932/1871 2255/1931/1870
f 1081/1919/1858 2255/1931/1870 1658/1933/1872 542/1921/1860
f 2255/1931/1870 1655/1932/1871 266/1934/1873 1658/1933/1872
f 1067/1860/1799 107/1859/1798 1085/1935/1874 2256/1936/1875
f 2256/1936/1875 1085/1935/1874 544/1937/1876 1656/1938/1877
f 535/1863/1802 1067/1860/1799 2256/1936/1875 1655/1932/1871
f 1655/1932/1871 2256/1936/1875 1656/1938/1877 266/1934/1873
f 127/1939/1878 1087/1940/1879 2257/1941/1880 1086/1942/1881
f 1087/1940/1879 545/1943/1882 1657/1944/1883 2257/1941/1880
f 1086/1942/1881 2257/1941/1880 1656/1938/1877 544/1937/1876
f 2257/1941/1880 1657/1944/1883 266/1934/1873 1656/1938/1877
f 1088/1945/1884 126/1923/1862 1082/1926/1865 2258/1946/1885
f 2258/1946/1885 1082/1926/1865 542/1921/1860 1658/1933/1872
f 545/1943/1882 1088/1945/1884 2258/1946/1885 1657/1944/1883
f 1657/1944/1883 2258/1946/1885 1658/1933/1872 266/1934/1873
f 107/1859/1798 1072/1881/1820 2259/1947/1886 1085/1935/1874
f 1072/1881/1820 537/1879/1818 1659/1948/1887 2259/1947/1886
f 1085/1935/1874 2259/1947/1886 1662/1949/1888 544/1937/1876
f 2259/1947/1886 1659/1948/1887 267/1950/1889 1662/1949/1888
f 1071/1876/1815 108/1875/1814 1089/1951/1890 2260/1952/1891
f 2260/1952/1891 1089/1951/1890 546/1953/1892 1660/1954/1893
f 537/1879/1818 1071/1876/1815 2260/1952/1891 1659/1948/1887
f 1659/1948/1887 2260/1952/1891 1660/1954/1893 267/1950/1889
f 128/1955/1894 1091/1956/1895 2261/1957/1896 1090/1958/1897
f 1091/1956/1895 547/1959/1898 1661/1960/1899 2261/1957/1896
f 1090/1958/1897 2261/1957/1896 1660/1954/1893 546/1953/1892
f 2261/1957/1896 1661/1960/1899 267/1950/1889 1660/1954/1893
f 1092/1961/1900 127/1939/1878 1086/1942/1881 2262/1962/1901
f 2262/1962/1901 1086/1942/1881 544/1937/1876 1662/1949/1888
f 547/1959/1898 1092/1961/1900 2262/1962/1901 1661/1960/1899
f 1661/1960/1899 2262/1962/1901 1662/1949/1888 267/1950/1889
f 123/1568/1514 1076/1897/1836 2263/1963/1902 1019/1648/1590
f 1076/1897/1836 539/1895/1834 1663/1964/1903 2263/1963/1902
f 1019/1648/1590 2263/1963/1902 1666/1965/1904 511/1650/1592
f 2263/1963/1902 1663/1964/1903 268/1966/1905 1666/1965/1904
f 1075/1892/1831 124/1891/1830 1093/1967/1906 2264/1968/1907
f 2264/1968/1907 1093/1967/1906 548/1969/1908 1664/1970/1909
f 539/1895/1834 1075/1892/1831 2264/1968/1907 1663/1964/1903
f 1663/1964/1903 2264/1968/1907 1664/1970/1909 268/1966/1905
f 144/1971/1910 1095/1972/1911 2265/1973/1912 1094/1974/1913
f 1095/1972/1911 549/1975/1914 1665/1976/1915 2265/1973/1912
f 1094/1974/1913 2265/1973/1912 1664/1970/1909 548/1969/1908
f 2265/1973/1912 1665/1976/1915 268/1966/1905 1664/1970/1909
f 1096/1977/1916 143/1652/1594 1020/1655/1597 2266/1978/1917
f 2266/1978/1917 1020/1655/1597 511/1650/1592 1666/1965/1904
f 549/1975/1914 1096/1977/1916 2266/1978/1917 1665/1976/1915
f 1665/1976/1915 2266/1978/1917 1666/1965/1904 268/1966/1905
f 124/1891/1830 1080/1913/1852 2267/1979/1918 1093/1967/1906
f 1080/1913/1852 541/1911/1850 1667/1980/1919 2267/1979/1918
f 1093/1967/1906 2267/1979/1918 1670/1981/1920 548/1969/1908
f 2267/1979/1918 1667/1980/1919 269/1982/1921 1670/1981/1920
f 1079/1908/1847 125/1907/1846 1097/1983/1922 2268/1984/1923
f 2268/1984/1923 1097/1983/1922 550/1985/1924 1668/1986/1925
f 541/1911/1850 1079/1908/1847 2268/1984/1923 1667/1980/1919
f 1667/1980/1919 2268/1984/1923 1668/1986/1925 269/1982/1921
f 145/1987/1926 1099/1988/1927 2269/1989/1928 1098/1990/1929
f 1099/1988/1927 551/1991/1930 1669/1992/1931 2269/1989/1928
f 1098/1990/1929 2269/1989/1928 1668/1986/1925 550/1985/1924
f 2269/1989/1928 1669/1992/1931 269/1982/1921 1668/1986/1925
f 1100/1993/1932 144/1971/1910 1094/1974/1913 2270/1994/1933
f 2270/1994/1933 1094/1974/1913 548/1969/1908 1670/1981/1920
f 551/1991/1930 1100/1993/1932 2270/1994/1933 1669/1992/1931
f 1669/1992/1931 2270/1994/1933 1670/1981/1920 269/1982/1921
f 125/1907/1846 1084/1929/1868 2271/1995/1934 1097/1983/1922
f 1084/1929/1868 543/1927/1866 1671/1996/1935 2271/1995/1934
f 1097/1983/1922 2271/1995/1934 1674/1997/1936 550/1985/1924
f 2271/1995/1934 1671/1996/1935 270/1998/1937 1674/1997/1936
f 1083/1924/1863 126/1923/1862 1101/1999/1938 2272/2000/1939
f 2272/2000/1939 1101/1999/1938 552/2001/1940 1672/2002/1941
f 543/1927/1866 1083/1924/1863 2272/2000/1939 1671/1996/1935
f 1671/1996/1935 2272/2000/1939 1672/2002/1941 270/1998/1937
f 146/2003/1942 1103/2004/1943 2273/2005/1944 1102/2006/1945
f 1103/2004/1943 553/2007/1946 1673/2008/1947 2273/2005/1944
f 1102/2006/1945 2273/2005/1944 1672/2002/1941 552/2001/1940
f 2273/2005/1944 1673/2008/1947 270/1998/1937 1672/2002/1941
f 1104/2009/1948 145/1987/1926 1098/1990/1929 2274/2010/1949
f 2274/2010/1949 1098/1990/1929 550/1985/1924 1674/1997/1936
f 553/2007/1946 1104/2009/1948 2274/2010/1949 1673/2008/1947
f 1673/2008/1947 2274/2010/1949 1674/1997/1936 270/1998/1937
f 126/1923/1862 1088/1945/1884 2275/2011/1950 1101/1999/1938
f 1088/1945/1884 545/1943/1882 1675/2012/1951 2275/2011/1950
f 1101/1999/1938 2275/2011/1950 1678/2013/1952 552/2001/1940
f 2275/2011/1950 1675/2012/1951 271/2014/1953 1678/2013/1952
f 1087/1940/1879 127/1939/1878 1105/2015/1954 2276/2016/1955
f 2276/2016/1955 1105/2015/1954 554/2017/1956 1676/2018/1957
f 545/1943/1882 1087/1940/1879 2276/2016/1955 1675/2012/1951
f 1675/2012/1951 2276/2016/1955 1676/2018/1957 271/2014/1953
f 147/2019/1958 1107/2020/1959 2277/2021/1960 1106/2022/1961
f 1107/2020/1959 555/2023/1962 1677/2024/1963 2277/2021/1960
f 1106/2022/1961 2277/2021/1960 1676/2018/1957 554/2017/1956
f 2277/2021/1960 1677/2024/1963 271/2014/1953 1676/2018/1957
f 1108/2025/1964 146/2003/1942 1102/2006/1945 2278/2026/1965
f 2278/2026/1965 1102/2006/1945 552/2001/1940 1678/2013/1952
f 555/2023/1962 1108/2025/1964 2278/2026/1965 1677/2024/1963
f 1677/2024/1963 2278/2026/1965 1678/2013/1952 271/2014/1953
f 127/1939/1878 1092/1961/1900 2279/2027/1966 1105/2015/1954
f 1092/1961/1900 547/1959/1898 1679/2028/1967 2279/2027/1966
f 1105/2015/1954 2279/2027/1966 1682/2029/1968 554/2017/1956
f 2279/2027/1966 1679/2028/1967 272/2030/1969 1682/2029/1968
f 1091/1956/1895 128/1955/1894 1109/2031/1970 2280/2032/1971
f 2280/2032/1971 1109/2031/1970 556/2033/1972 1680/2034/1973
f 547/1959/1898 1091/1956/1895 2280/2032/1971 1679/2028/1967
f 1679/2028/1967 2280/2032/1971 1680/2034/1973 272/2030/1969
f 148/2035/1974 1111/2036/1975 2281/2037/1976 1110/2038/1977
f 1111/2036/1975 557/2039/1978 1681/2040/1979 2281/2037/1976
f 1110/2038/1977 2281/2037/1976 1680/2034/1973 556/2033/1972
f 2281/2037/1976 1681/2040/1979 272/2030/1969 1680/2034/1973
f 1112/2041/1980 147/2019/1958 1106/2022/1961 2282/2042/1981
f 2282/2042/1981 1106/2022/1961 554/2017/1956 1682/2029/1968
f 557/2039/1978 1112/2041/1980 2282/2042/1981 1681/2040/1979
f 1681/2040/1979 2282/2042/1981 1682/2029/1968 272/2030/1969
f 143/1652/1594 1096/1977/1916 2283/2043/1982 1031/1715/1654
f 1096/1977/1916 549/1975/1914 1683/2044/1983 2283/2043/1982
f 1031/1715/1654 2283/2043/1982 1686/2045/1984 517/1717/1656
f 2283/2043/1982 1683/2044/1983 273/2046/1985 1686/2045/1984
f 1095/1972/1911 144/1971/1910 1113/2047/1986 2284/2048/1987
f 2284/2048/1987 1113/2047/1986 558/2049/1988 1684/2050/1989
f 549/1975/1914 1095/1972/1911 2284/2048/1987 1683/2044/1983
f 1683/2044/1983 2284/2048/1987 1684/2050/1989 273/2046/1985
f 71/901/859 842/923/881 2285/2051/1990 1114/2052/1991
f 842/923/881 422/921/879 1685/2053/1992 2285/2051/1990
f 1114/2052/1991 2285/2051/1990 1684/2050/1989 558/2049/1988
f 2285/2051/1990 1685/2053/1992 273/2046/1985 1684/2050/1989
f 841/918/876 72/917/875 1032/1720/1659 2286/2054/1993
f 2286/2054/1993 1032/1720/1659 517/1717/1656 1686/2045/1984
f 422/921/879 841/918/876 2286/2054/1993 1685/2053/1992
f 1685/2053/1992 2286/2054/1993 1686/2045/1984 273/2046/1985
f 144/1971/1910 1100/1993/1932 2287/2055/1994 1113/2047/1986
f 1100/1993/1932 551/1991/1930 1687/2056/1995 2287/2055/1994
f 1113/2047/1986 2287/2055/1994 1690/2057/1996 558/2049/1988
f 2287/2055/1994 1687/2056/1995 274/2058/1997 1690/2057/1996
f 1099/1988/1927 145/1987/1926 1115/2059/1998 2288/2060/1999
f 2288/2060/1999 1115/2059/1998 559/2061/2000 1688/2062/2001
f 551/1991/1930 1099/1988/1927 2288/2060/1999 1687/2056/1995
f 1687/2056/1995 2288/2060/1999 1688/2062/2001 274/2058/1997
f 70/885/843 838/907/865 2289/2063/2002 1116/2064/2003
f 838/907/865 420/905/863 1689/2065/2004 2289/2063/2002
f 1116/2064/2003 2289/2063/2002 1688/2062/2001 559/2061/2000
f 2289/2063/2002 1689/2065/2004 274/2058/1997 1688/2062/2001
f 837/902/860 71/901/859 1114/2052/1991 2290/2066/2005
f 2290/2066/2005 1114/2052/1991 558/2049/1988 1690/2057/1996
f 420/905/863 837/902/860 2290/2066/2005 1689/2065/2004
f 1689/2065/2004 2290/2066/2005 1690/2057/1996 274/2058/1997
f 145/1987/1926 1104/2009/1948 2291/2067/2006 1115/2059/1998
f 1104/2009/1948 553/2007/1946 1691/2068/2007 2291/2067/2006
f 1115/2059/1998 2291/2067/2006 1694/2069/2008 559/2061/2000
f 2291/2067/2006 1691/2068/2007 275/2070/2009 1694/2069/2008
f 1103/2004/1943 146/2003/1942 1117/2071/2010 2292/2072/2011
f 2292/2072/2011 1117/2071/2010 560/2073/2012 1692/2074/2013
f 553/2007/1946 1103/2004/1943 2292/2072/2011 1691/2068/2007
f 1691/2068/2007 2292/2072/2011 1692/2074/2013 275/2070/2009
f 69/869/827 834/891/849 2293/2075/2014 1118/2076/2015
f 834/891/849 418/889/847 1693/2077/2016 2293/2075/2014
f 1118/2076/2015 2293/2075/2014 1692/2074/2013 560/2073/2012
f 2293/2075/2014 1693/2077/2016 275/2070/2009 1692/2074/2013
f 833/886/844 70/885/843 1116/2064/2003 2294/2078/2017
f 2294/2078/2017 1116/2064/2003 559/2061/2000 1694/2069/2008
f 418/889/847 833/886/844 2294/2078/2017 1693/2077/2016
f 1693/2077/2016 2294/2078/2017 1694/2069/2008 275/2070/2009
f 146/2003/1942 1108/2025/1964 2295/2079/2018 1117/2071/2010
f 1108/2025/1964 555/2023/1962 1695/2080/2019 2295/2079/2018
f 1117/2071/2010 2295/2079/2018 1698/2081/2020 560/2073/2012
f 2295/2079/2018 1695/2080/2019 276/2082/2021 1698/2081/2020
f 1107/2020/1959 147/2019/1958 1119/2083/2022 2296/2084/2023
f 2296/2084/2023 1119/2083/2022 561/2085/2024 1696/2086/2025
f 555/2023/1962 1107/2020/1959 2296/2084/2023 1695/2080/2019
f 1695/2080/2019 2296/2084/2023 1696/2086/2025 276/2082/2021
f 68/851/809 830/875/833 2297/2087/2026 1120/2088/2027
f 830/875/833 416/873/831 1697/2089/2028 2297/2087/2026
f 1120/2088/2027 2297/2087/2026 1696/2086/2025 561/2085/2024
f 2297/2087/2026 1697/2089/2028 276/2082/2021 1696/2086/2025
f 829/870/828 69/869/827 1118/2076/2015 2298/2090/2029
f 2298/2090/2029 1118/2076/2015 560/2073/2012 1698/2081/2020
f 416/873/831 829/870/828 2298/2090/2029 1697/2089/2028
f 1697/2089/2028 2298/2090/2029 1698/2081/2020 276/2082/2021
f 147/2019/1958 1112/2041/1980 2299/2091/2030 1119/2083/2022
f 1112/2041/1980 557/2039/1978 1699/2092/2031 2299/2091/2030
f 1119/2083/2022 2299/2091/2030 1702/2093/2032 561/2085/2024
f 2299/2091/2030 1699/2092/2031 277/2094/2033 1702/2093/2032
f 1111/2036/1975 148/2035/1974 1121/2095/2034 2300/2096/2035
f 2300/2096/2035 1121/2095/2034 562/2097/2036 1700/2098/2037
f 557/2039/1978 1111/2036/1975 2300/2096/2035 1699/2092/2031
f 1699/2092/2031 2300/2096/2035 1700/2098/2037 277/2094/2033
f 67/858/816 824/857/815 2301/2099/2038 1122/2100/2039
f 824/857/815 413/855/813 1701/2101/2040 2301/2099/2038
f 1122/2100/2039 2301/2099/2038 1700/2098/2037 562/2097/2036
f 2301/2099/2038 1701/2101/2040 277/2094/2033 1700/2098/2037
f 823/852/810 68/851/809 1120/2088/2027 2302/2102/2041
f 2302/2102/2041 1120/2088/2027 561/2085/2024 1702/2093/2032
f 413/855/813 823/852/810 2302/2102/2041 1701/2101/2040
f 1701/2101/2040 2302/2102/2041 1702/2093/2032 277/2094/2033
f 31/386/365 702/385/364 2303/2103/2042 1049/1791/1730
f 702/385/364 352/381/360 1703/2104/2043 2303/2103/2042
f 1049/1791/1730 2303/2103/2042 1706/2105/2044 526/1793/1732
f 2303/2103/2042 1703/2104/2043 278/2106/2045 1706/2105/2044
f 701/379/358 25/302/281 1123/2107/2046 2304/2108/2047
f 2304/2108/2047 1123/2107/2046 563/2109/2048 1704/2110/2049
f 352/381/360 701/379/358 2304/2108/2047 1703/2104/2043
f 1703/2104/2043 2304/2108/2047 1704/2110/2049 278/2106/2045
f 89/2111/2050 1125/2112/2051 2305/2113/2052 1124/2114/2053
f 1125/2112/2051 564/2115/2054 1705/2116/2055 2305/2113/2052
f 1124/2114/2053 2305/2113/2052 1704/2110/2049 563/2109/2048
f 2305/2113/2052 1705/2116/2055 278/2106/2045 1704/2110/2049
f 1126/2117/2056 88/1795/1734 1050/1798/1737 2306/2118/2057
f 2306/2118/2057 1050/1798/1737 526/1793/1732 1706/2105/2044
f 564/2115/2054 1126/2117/2056 2306/2118/2057 1705/2116/2055
f 1705/2116/2055 2306/2118/2057 1706/2105/2044 278/2106/2045
f 25/302/281 680/301/280 2307/2119/2058 1123/2107/2046
f 680/301/280 341/297/276 1707/2120/2059 2307/2119/2058
f 1123/2107/2046 2307/2119/2058 1710/2121/2060 563/2109/2048
f 2307/2119/2058 1707/2120/2059 279/2122/2061 1710/2121/2060
f 679/295/274 19/197/197 1127/2123/2062 2308/2124/2063
f 2308/2124/2063 1127/2123/2062 565/2125/2064 1708/2126/2065
f 341/297/276 679/295/274 2308/2124/2063 1707/2120/2059
f 1707/2120/2059 2308/2124/2063 1708/2126/2065 279/2122/2061
f 90/2127/2066 1129/2128/2067 2309/2129/2068 1128/2130/2069
f 1129/2128/2067 566/2131/2070 1709/2132/2071 2309/2129/2068
f 1128/2130/2069 2309/2129/2068 1708/2126/2065 565/2125/2064
f 2309/2129/2068 1709/2132/2071 279/2122/2061 1708/2126/2065
f 1130/2133/2072 89/2111/2050 1124/2114/2053 2310/2134/2073
f 2310/2134/2073 1124/2114/2053 563/2109/2048 1710/2121/2060
f 566/2131/2070 1130/2133/2072 2310/2134/2073 1709/2132/2071
f 1709/2132/2071 2310/2134/2073 1710/2121/2060 279/2122/2061
f 19/197/197 658/196/196 2311/2135/2074 1127/2123/2062
f 658/196/196 330/202/192 1711/2136/2075 2311/2135/2074
f 1127/2123/2062 2311/2135/2074 1714/2137/2076 565/2125/2064
f 2311/2135/2074 1711/2136/2075 280/2138/2077 1714/2137/2076
f 657/190/190 13/113/113 1131/2139/2078 2312/2140/2079
f 2312/2140/2079 1131/2139/2078 567/2141/2080 1712/2142/2081
f 330/192/192 657/190/190 2312/2140/2079 1711/2143/2075
f 1711/2143/2075 2312/2140/2079 1712/2142/2081 280/2144/2077
f 91/2145/2082 1133/2146/2083 2313/2147/2084 1132/2148/2085
f 1133/2146/2083 568/2149/2086 1713/2150/2087 2313/2147/2084
f 1132/2148/2085 2313/2147/2084 1712/2142/2081 567/2141/2080
f 2313/2147/2084 1713/2150/2087 280/2144/2077 1712/2142/2081
f 1134/2151/2088 90/2127/2066 1128/2130/2069 2314/2152/2089
f 2314/2152/2089 1128/2130/2069 565/2125/2064 1714/2137/2076
f 568/2153/2086 1134/2151/2088 2314/2152/2089 1713/2154/2087
f 1713/2154/2087 2314/2152/2089 1714/2137/2076 280/2138/2077
f 13/113/113 636/112/112 2315/2155/2090 1131/2139/2078
f 636/112/112 319/108/108 1715/2156/2091 2315/2155/2090
f 1131/2139/2078 2315/2155/2090 1718/2157/2092 567/2141/2080
f 2315/2155/2090 1715/2156/2091 281/2158/2093 1718/2157/2092
f 635/106/106 7/11/11 1135/2159/2094 2316/2160/2095
f 2316/2160/2095 1135/2159/2094 569/2161/2096 1716/2162/2097
f 319/108/108 635/106/106 2316/2160/2095 1715/2156/2091
f 1715/2156/2091 2316/2160/2095 1716/2162/2097 281/2158/2093
f 92/2163/2098 1137/2164/2099 2317/2165/2100 1136/2166/2101
f 1137/2164/2099 570/2167/2102 1717/2168/2103 2317/2165/2100
f 1136/2166/2101 2317/2165/2100 1716/2162/2097 569/2161/2096
f 2317/2165/2100 1717/2168/2103 281/2158/2093 1716/2162/2097
f 1138/2169/2104 91/2145/2082 1132/2148/2085 2318/2170/2105
f 2318/2170/2105 1132/2148/2085 567/2141/2080 1718/2157/2092
f 570/2167/2102 1138/2169/2104 2318/2170/2105 1717/2168/2103
f 1717/2168/2103 2318/2170/2105 1718/2157/2092 281/2158/2093
f 7/11/11 604/10/10 2319/2171/2106 1135/2159/2094
f 604/10/10 303/5/5 1719/2172/2107 2319/2171/2106
f 1135/2159/2094 2319/2171/2106 1722/2173/2108 569/2161/2096
f 2319/2171/2106 1719/2172/2107 282/2174/2109 1722/2173/2108
f 603/2/2 1/1/1 848/926/884 2320/2175/2110
f 2320/2175/2110 848/926/884 425/929/887 1720/2176/2111
f 303/5/5 603/2/2 2320/2175/2110 1719/2172/2107
f 1719/2172/2107 2320/2175/2110 1720/2176/2111 282/2174/2109
f 73/942/900 1139/2177/2112 2321/2178/2113 847/943/901
f 1139/2177/2112 571/2179/2114 1721/2180/2115 2321/2178/2113
f 847/943/901 2321/2178/2113 1720/2176/2111 425/929/887
f 2321/2178/2113 1721/2180/2115 282/2174/2109 1720/2176/2111
f 1140/2181/2116 92/2163/2098 1136/2166/2101 2322/2182/2117
f 2322/2182/2117 1136/2166/2101 569/2161/2096 1722/2173/2108
f 571/2179/2114 1140/2181/2116 2322/2182/2117 1721/2180/2115
f 1721/2180/2115 2322/2182/2117 1722/2173/2108 282/2174/2109
f 88/1795/1734 1126/2117/2056 2323/2183/2118 1069/1871/1810
f 1126/2117/2056 564/2115/2054 1723/2184/2119 2323/2183/2118
f 1069/1871/1810 2323/2183/2118 1726/2185/2120 536/1873/1812
f 2323/2183/2118 1723/2184/2119 283/2186/2121 1726/2185/2120
f 1125/2112/2051 89/2111/2050 1141/2187/2122 2324/2188/2123
f 2324/2188/2123 1141/2187/2122 572/2189/2124 1724/2190/2125
f 564/2115/2054 1125/2112/2051 2324/2188/2123 1723/2184/2119
f 1723/2184/2119 2324/2188/2123 1724/2190/2125 283/2186/2121
f 109/2191/2126 1143/2192/2127 2325/2193/2128 1142/2194/2129
f 1143/2192/2127 573/2195/2130 1725/2196/2131 2325/2193/2128
f 1142/2194/2129 2325/2193/2128 1724/2190/2125 572/2189/2124
f 2325/2193/2128 1725/2196/2131 283/2186/2121 1724/2190/2125
f 1144/2197/2132 108/1875/1814 1070/1878/1817 2326/2198/2133
f 2326/2198/2133 1070/1878/1817 536/1873/1812 1726/2185/2120
f 573/2195/2130 1144/2197/2132 2326/2198/2133 1725/2196/2131
f 1725/2196/2131 2326/2198/2133 1726/2185/2120 283/2186/2121
f 89/2111/2050 1130/2133/2072 2327/2199/2134 1141/2187/2122
f 1130/2133/2072 566/2131/2070 1727/2200/2135 2327/2199/2134
f 1141/2187/2122 2327/2199/2134 1730/2201/2136 572/2189/2124
f 2327/2199/2134 1727/2200/2135 284/2202/2137 1730/2201/2136
f 1129/2128/2067 90/2127/2066 1145/2203/2138 2328/2204/2139
f 2328/2204/2139 1145/2203/2138 574/2205/2140 1728/2206/2141
f 566/2131/2070 1129/2128/2067 2328/2204/2139 1727/2200/2135
f 1727/2200/2135 2328/2204/2139 1728/2206/2141 284/2202/2137
f 110/2207/2142 1147/2208/2143 2329/2209/2144 1146/2210/2145
f 1147/2208/2143 575/2211/2146 1729/2212/2147 2329/2209/2144
f 1146/2210/2145 2329/2209/2144 1728/2206/2141 574/2205/2140
f 2329/2209/2144 1729/2212/2147 284/2202/2137 1728/2206/2141
f 1148/2213/2148 109/2191/2126 1142/2194/2129 2330/2214/2149
f 2330/2214/2149 1142/2194/2129 572/2189/2124 1730/2201/2136
f 575/2211/2146 1148/2213/2148 2330/2214/2149 1729/2212/2147
f 1729/2212/2147 2330/2214/2149 1730/2201/2136 284/2202/2137
f 90/2127/2066 1134/2151/2088 2331/2215/2150 1145/2203/2138
f 1134/2151/2088 568/2153/2086 1731/2216/2151 2331/2215/2150
f 1145/2203/2138 2331/2215/2150 1734/2217/2152 574/2205/2140
f 2331/2215/2150 1731/2216/2151 285/2218/2153 1734/2217/2152
f 1133/2146/2083 91/2145/2082 1149/2219/2154 2332/2220/2155
f 2332/2220/2155 1149/2219/2154 576/2221/2156 1732/2222/2157
f 568/2149/2086 1133/2146/2083 2332/2220/2155 1731/2223/2151
f 1731/2223/2151 2332/2220/2155 1732/2222/2157 285/2224/2153
f 111/2225/2158 1151/2226/2159 2333/2227/2160 1150/2228/2161
f 1151/2226/2159 577/2229/2162 1733/2230/2163 2333/2227/2160
f 1150/2228/2161 2333/2227/2160 1732/2222/2157 576/2221/2156
f 2333/2227/2160 1733/2230/2163 285/2224/2153 1732/2222/2157
f 1152/2231/2164 110/2207/2142 1146/2210/2145 2334/2232/2165
f 2334/2232/2165 1146/2210/2145 574/2205/2140 1734/2217/2152
f 577/2233/2162 1152/2231/2164 2334/2232/2165 1733/2234/2163
f 1733/2234/2163 2334/2232/2165 1734/2217/2152 285/2218/2153
f 91/2145/2082 1138/2169/2104 2335/2235/2166 1149/2219/2154
f 1138/2169/2104 570/2167/2102 1735/2236/2167 2335/2235/2166
f 1149/2219/2154 2335/2235/2166 1738/2237/2168 576/2221/2156
f 2335/2235/2166 1735/2236/2167 286/2238/2169 1738/2237/2168
f 1137/2164/2099 92/2163/2098 1153/2239/2170 2336/2240/2171
f 2336/2240/2171 1153/2239/2170 578/2241/2172 1736/2242/2173
f 570/2167/2102 1137/2164/2099 2336/2240/2171 1735/2236/2167
f 1735/2236/2167 2336/2240/2171 1736/2242/2173 286/2238/2169
f 112/2243/2174 1155/2244/2175 2337/2245/2176 1154/2246/2177
f 1155/2244/2175 579/2247/2178 1737/2248/2179 2337/2245/2176
f 1154/2246/2177 2337/2245/2176 1736/2242/2173 578/2241/2172
f 2337/2245/2176 1737/2248/2179 286/2238/2169 1736/2242/2173
f 1156/2249/2180 111/2225/2158 1150/2228/2161 2338/2250/2181
f 2338/2250/2181 1150/2228/2161 576/2221/2156 1738/2237/2168
f 579/2247/2178 1156/2249/2180 2338/2250/2181 1737/2248/2179
f 1737/2248/2179 2338/2250/2181 1738/2237/2168 286/2238/2169
f 92/2163/2098 1140/2181/2116 2339/2251/2182 1153/2239/2170
f 1140/2181/2116 571/2179/2114 1739/2252/2183 2339/2251/2182
f 1153/2239/2170 2339/2251/2182 1742/2253/2184 578/2241/2172
f 2339/2251/2182 1739/2252/2183 287/2254/2185 1742/2253/2184
f 1139/2177/2112 73/942/900 870/1010/968 2340/2255/2186
f 2340/2255/2186 870/1010/968 436/1013/971 1740/2256/2187
f 571/2179/2114 1139/2177/2112 2340/2255/2186 1739/2252/2183
f 1739/2252/2183 2340/2255/2186 1740/2256/2187 287/2254/2185
f 93/1026/984 1157/2257/2188 2341/2258/2189 869/1027/985
f 1157/2257/2188 580/2259/2190 1741/2260/2191 2341/2258/2189
f 869/1027/985 2341/2258/2189 1740/2256/2187 436/1013/971
f 2341/2258/2189 1741/2260/2191 287/2254/2185 1740/2256/2187
f 1158/2261/2192 112/2243/2174 1154/2246/2177 2342/2262/2193
f 2342/2262/2193 1154/2246/2177 578/2241/2172 1742/2253/2184
f 580/2259/2190 1158/2261/2192 2342/2262/2193 1741/2260/2191
f 1741/2260/2191 2342/2262/2193 1742/2253/2184 287/2254/2185
f 108/1875/1814 1144/2197/2132 2343/2263/2194 1089/1951/1890
f 1144/2197/2132 573/2195/2130 1743/2264/2195 2343/2263/2194
f 1089/1951/1890 2343/2263/2194 1746/2265/2196 546/1953/1892
f 2343/2263/2194 1743/2264/2195 288/2266/2197 1746/2265/2196
f 1143/2192/2127 109/2191/2126 1159/2267/2198 2344/2268/2199
f 2344/2268/2199 1159/2267/2198 581/2269/2200 1744/2270/2201
f 573/2195/2130 1143/2192/2127 2344/2268/2199 1743/2264/2195
f 1743/2264/2195 2344/2268/2199 1744/2270/2201 288/2266/2197
f 129/2271/2202 1161/2272/2203 2345/2273/2204 1160/2274/2205
f 1161/2272/2203 582/2275/2206 1745/2276/2207 2345/2273/2204
f 1160/2274/2205 2345/2273/2204 1744/2270/2201 581/2269/2200
f 2345/2273/2204 1745/2276/2207 288/2266/2197 1744/2270/2201
f 1162/2277/2208 128/1955/1894 1090/1958/1897 2346/2278/2209
f 2346/2278/2209 1090/1958/1897 546/1953/1892 1746/2265/2196
f 582/2275/2206 1162/2277/2208 2346/2278/2209 1745/2276/2207
f 1745/2276/2207 2346/2278/2209 1746/2265/2196 288/2266/2197
f 109/2191/2126 1148/2213/2148 2347/2279/2210 1159/2267/2198
f 1148/2213/2148 575/2211/2146 1747/2280/2211 2347/2279/2210
f 1159/2267/2198 2347/2279/2210 1750/2281/2212 581/2269/2200
f 2347/2279/2210 1747/2280/2211 289/2282/2213 1750/2281/2212
f 1147/2208/2143 110/2207/2142 1163/2283/2214 2348/2284/2215
f 2348/2284/2215 1163/2283/2214 583/2285/2216 1748/2286/2217
f 575/2211/2146 1147/2208/2143 2348/2284/2215 1747/2280/2211
f 1747/2280/2211 2348/2284/2215 1748/2286/2217 289/2282/2213
f 130/2287/2218 1165/2288/2219 2349/2289/2220 1164/2290/2221
f 1165/2288/2219 584/2291/2222 1749/2292/2223 2349/2289/2220
f 1164/2290/2221 2349/2289/2220 1748/2286/2217 583/2285/2216
f 2349/2289/2220 1749/2292/2223 289/2282/2213 1748/2286/2217
f 1166/2293/2224 129/2271/2202 1160/2274/2205 2350/2294/2225
f 2350/2294/2225 1160/2274/2205 581/2269/2200 1750/2281/2212
f 584/2291/2222 1166/2293/2224 2350/2294/2225 1749/2292/2223
f 1749/2292/2223 2350/2294/2225 1750/2281/2212 289/2282/2213
f 110/2207/2142 1152/2231/2164 2351/2295/2226 1163/2283/2214
f 1152/2231/2164 577/2233/2162 1751/2296/2227 2351/2295/2226
f 1163/2283/2214 2351/2295/2226 1754/2297/2228 583/2285/2216
f 2351/2295/2226 1751/2296/2227 290/2298/2229 1754/2297/2228
f 1151/2226/2159 111/2225/2158 1167/2299/2230 2352/2300/2231
f 2352/2300/2231 1167/2299/2230 585/2301/2232 1752/2302/2233
f 577/2229/2162 1151/2226/2159 2352/2300/2231 1751/2303/2227
f 1751/2303/2227 2352/2300/2231 1752/2302/2233 290/2304/2229
f 131/2305/2234 1169/2306/2235 2353/2307/2236 1168/2308/2237
f 1169/2306/2235 586/2309/2238 1753/2310/2239 2353/2307/2236
f 1168/2308/2237 2353/2307/2236 1752/2302/2233 585/2301/2232
f 2353/2307/2236 1753/2310/2239 290/2304/2229 1752/2302/2233
f 1170/2311/2240 130/2287/2218 1164/2290/2221 2354/2312/2241
f 2354/2312/2241 1164/2290/2221 583/2285/2216 1754/2297/2228
f 586/2313/2238 1170/2311/2240 2354/2312/2241 1753/2314/2239
f 1753/2314/2239 2354/2312/2241 1754/2297/2228 290/2298/2229
f 111/2225/2158 1156/2249/2180 2355/2315/2242 1167/2299/2230
f 1156/2249/2180 579/2247/2178 1755/2316/2243 2355/2315/2242
f 1167/2299/2230 2355/2315/2242 1758/2317/2244 585/2301/2232
f 2355/2315/2242 1755/2316/2243 291/2318/2245 1758/2317/2244
f 1155/2244/2175 112/2243/2174 1171/2319/2246 2356/2320/2247
f 2356/2320/2247 1171/2319/2246 587/2321/2248 1756/2322/2249
f 579/2247/2178 1155/2244/2175 2356/2320/2247 1755/2316/2243
f 1755/2316/2243 2356/2320/2247 1756/2322/2249 291/2318/2245
f 132/2323/2250 1173/2324/2251 2357/2325/2252 1172/2326/2253
f 1173/2324/2251 588/2327/2254 1757/2328/2255 2357/2325/2252
f 1172/2326/2253 2357/2325/2252 1756/2322/2249 587/2321/2248
f 2357/2325/2252 1757/2328/2255 291/2318/2245 1756/2322/2249
f 1174/2329/2256 131/2305/2234 1168/2308/2237 2358/2330/2257
f 2358/2330/2257 1168/2308/2237 585/2301/2232 1758/2317/2244
f 588/2327/2254 1174/2329/2256 2358/2330/2257 1757/2328/2255
f 1757/2328/2255 2358/2330/2257 1758/2317/2244 291/2318/2245
f 112/2243/2174 1158/2261/2192 2359/2331/2258 1171/2319/2246
f 1158/2261/2192 580/2259/2190 1759/2332/2259 2359/2331/2258
f 1171/2319/2246 2359/2331/2258 1762/2333/2260 587/2321/2248
f 2359/2331/2258 1759/2332/2259 292/2334/2261 1762/2333/2260
f 1157/2257/2188 93/1026/984 892/1094/1052 2360/2335/2262
f 2360/2335/2262 892/1094/1052 447/1097/1055 1760/2336/2263
f 580/2259/2190 1157/2257/2188 2360/2335/2262 1759/2332/2259
f 1759/2332/2259 2360/2335/2262 1760/2336/2263 292/2334/2261
f 113/1110/1068 1175/2337/2264 2361/2338/2265 891/1111/1069
f 1175/2337/2264 589/2339/2266 1761/2340/2267 2361/2338/2265
f 891/1111/1069 2361/2338/2265 1760/2336/2263 447/1097/1055
f 2361/2338/2265 1761/2340/2267 292/2334/2261 1760/2336/2263
f 1176/2341/2268 132/2323/2250 1172/2326/2253 2362/2342/2269
f 2362/2342/2269 1172/2326/2253 587/2321/2248 1762/2333/2260
f 589/2339/2266 1176/2341/2268 2362/2342/2269 1761/2340/2267
f 1761/2340/2267 2362/2342/2269 1762/2333/2260 292/2334/2261
f 128/1955/1894 1162/2277/2208 2363/2343/2270 1109/2031/1970
f 1162/2277/2208 582/2275/2206 1763/2344/2271 2363/2343/2270
f 1109/2031/1970 2363/2343/2270 1766/2345/2272 556/2033/1972
f 2363/2343/2270 1763/2344/2271 293/2346/2273 1766/2345/2272
f 1161/2272/2203 129/2271/2202 1177/2347/2274 2364/2348/2275
f 2364/2348/2275 1177/2347/2274 590/2349/2276 1764/2350/2277
f 582/2275/2206 1161/2272/2203 2364/2348/2275 1763/2344/2271
f 1763/2344/2271 2364/2348/2275 1764/2350/2277 293/2346/2273
f 149/2351/2278 1179/2352/2279 2365/2353/2280 1178/2354/2281
f 1179/2352/2279 591/2355/2282 1765/2356/2283 2365/2353/2280
f 1178/2354/2281 2365/2353/2280 1764/2350/2277 590/2349/2276
f 2365/2353/2280 1765/2356/2283 293/2346/2273 1764/2350/2277
f 1180/2357/2284 148/2035/1974 1110/2038/1977 2366/2358/2285
f 2366/2358/2285 1110/2038/1977 556/2033/1972 1766/2345/2272
f 591/2355/2282 1180/2357/2284 2366/2358/2285 1765/2356/2283
f 1765/2356/2283 2366/2358/2285 1766/2345/2272 293/2346/2273
f 129/2271/2202 1166/2293/2224 2367/2359/2286 1177/2347/2274
f 1166/2293/2224 584/2291/2222 1767/2360/2287 2367/2359/2286
f 1177/2347/2274 2367/2359/2286 1770/2361/2288 590/2349/2276
f 2367/2359/2286 1767/2360/2287 294/2362/2289 1770/2361/2288
f 1165/2288/2219 130/2287/2218 1181/2363/2290 2368/2364/2291
f 2368/2364/2291 1181/2363/2290 592/2365/2292 1768/2366/2293
f 584/2291/2222 1165/2288/2219 2368/2364/2291 1767/2360/2287
f 1767/2360/2287 2368/2364/2291 1768/2366/2293 294/2362/2289
f 150/2367/2294 1183/2368/2295 2369/2369/2296 1182/2370/2297
f 1183/2368/2295 593/2371/2298 1769/2372/2299 2369/2369/2296
f 1182/2370/2297 2369/2369/2296 1768/2366/2293 592/2365/2292
f 2369/2369/2296 1769/2372/2299 294/2362/2289 1768/2366/2293
f 1184/2373/2300 149/2351/2278 1178/2354/2281 2370/2374/2301
f 2370/2374/2301 1178/2354/2281 590/2349/2276 1770/2361/2288
f 593/2371/2298 1184/2373/2300 2370/2374/2301 1769/2372/2299
f 1769/2372/2299 2370/2374/2301 1770/2361/2288 294/2362/2289
f 130/2287/2218 1170/2311/2240 2371/2375/2302 1181/2363/2290
f 1170/2311/2240 586/2313/2238 1771/2376/2303 2371/2375/2302
f 1181/2363/2290 2371/2375/2302 1774/2377/2304 592/2365/2292
f 2371/2375/2302 1771/2376/2303 295/2378/2305 1774/2377/2304
f 1169/2306/2235 131/2305/2234 1185/2379/2306 2372/2380/2307
f 2372/2380/2307 1185/2379/2306 594/2381/2308 1772/2382/2309
f 586/2309/2238 1169/2306/2235 2372/2380/2307 1771/2383/2303
f 1771/2383/2303 2372/2380/2307 1772/2382/2309 295/2384/2305
f 151/2385/2310 1187/2386/2311 2373/2387/2312 1186/2388/2313
f 1187/2386/2311 595/2389/2314 1773/2390/2315 2373/2387/2312
f 1186/2388/2313 2373/2387/2312 1772/2382/2309 594/2381/2308
f 2373/2387/2312 1773/2390/2315 295/2384/2305 1772/2382/2309
f 1188/2391/2316 150/2367/2294 1182/2370/2297 2374/2392/2317
f 2374/2392/2317 1182/2370/2297 592/2365/2292 1774/2377/2304
f 595/2393/2314 1188/2391/2316 2374/2392/2317 1773/2394/2315
f 1773/2394/2315 2374/2392/2317 1774/2377/2304 295/2378/2305
f 131/2305/2234 1174/2329/2256 2375/2395/2318 1185/2379/2306
f 1174/2329/2256 588/2327/2254 1775/2396/2319 2375/2395/2318
f 1185/2379/2306 2375/2395/2318 1778/2397/2320 594/2381/2308
f 2375/2395/2318 1775/2396/2319 296/2398/2321 1778/2397/2320
f 1173/2324/2251 132/2323/2250 1189/2399/2322 2376/2400/2323
f 2376/2400/2323 1189/2399/2322 596/2401/2324 1776/2402/2325
f 588/2327/2254 1173/2324/2251 2376/2400/2323 1775/2396/2319
f 1775/2396/2319 2376/2400/2323 1776/2402/2325 296/2398/2321
f 152/2403/2326 1191/2404/2327 2377/2405/2328 1190/2406/2329
f 1191/2404/2327 597/2407/2330 1777/2408/2331 2377/2405/2328
f 1190/2406/2329 2377/2405/2328 1776/2402/2325 596/2401/2324
f 2377/2405/2328 1777/2408/2331 296/2398/2321 1776/2402/2325
f 1192/2409/2332 151/2385/2310 1186/2388/2313 2378/2410/2333
f 2378/2410/2333 1186/2388/2313 594/2381/2308 1778/2397/2320
f 597/2407/2330 1192/2409/2332 2378/2410/2333 1777/2408/2331
f 1777/2408/2331 2378/2410/2333 1778/2397/2320 296/2398/2321
f 132/2323/2250 1176/2341/2268 2379/2411/2334 1189/2399/2322
f 1176/2341/2268 589/2339/2266 1779/2412/2335 2379/2411/2334
f 1189/2399/2322 2379/2411/2334 1782/2413/2336 596/2401/2324
f 2379/2411/2334 1779/2412/2335 297/2414/2337 1782/2413/2336
f 1175/2337/2264 113/1110/1068 914/1178/1136 2380/2415/2338
f 2380/2415/2338 914/1178/1136 458/1181/1139 1780/2416/2339
f 589/2339/2266 1175/2337/2264 2380/2415/2338 1779/2412/2335
f 1779/2412/2335 2380/2415/2338 1780/2416/2339 297/2414/2337
f 133/1194/1152 1193/2417/2340 2381/2418/2341 913/1195/1153
f 1193/2417/2340 598/2419/2342 1781/2420/2343 2381/2418/2341
f 913/1195/1153 2381/2418/2341 1780/2416/2339 458/1181/1139
f 2381/2418/2341 1781/2420/2343 297/2414/2337 1780/2416/2339
f 1194/2421/2344 152/2403/2326 1190/2406/2329 2382/2422/2345
f 2382/2422/2345 1190/2406/2329 596/2401/2324 1782/2413/2336
f 598/2419/2342 1194/2421/2344 2382/2422/2345 1781/2420/2343
f 1781/2420/2343 2382/2422/2345 1782/2413/2336 297/2414/2337
f 148/2035/1974 1180/2357/2284 2383/2423/2346 1121/2095/2034
f 1180/2357/2284 591/2355/2282 1783/2424/2347 2383/2423/2346
f 1121/2095/2034 2383/2423/2346 1786/2425/2348 562/2097/2036
f 2383/2423/2346 1783/2424/2347 298/2426/2349 1786/2425/2348
f 1179/2352/2279 149/2351/2278 1195/2427/2350 2384/2428/2351
f 2384/2428/2351 1195/2427/2350 599/2429/2352 1784/2430/2353
f 591/2355/2282 1179/2352/2279 2384/2428/2351 1783/2424/2347
f 1783/2424/2347 2384/2428/2351 1784/2430/2353 298/2426/2349
f 61/774/732 826/842/800 2385/2431/2354 1196/2432/2355
f 826/842/800 414/845/803 1785/2433/2356 2385/2431/2354
f 1196/2432/2355 2385/2431/2354 1784/2430/2353 599/2429/2352
f 2385/2431/2354 1785/2433/2356 298/2426/2349 1784/2430/2353
f 825/859/817 67/858/816 1122/2100/2039 2386/2434/2357
f 2386/2434/2357 1122/2100/2039 562/2097/2036 1786/2425/2348
f 414/845/803 825/859/817 2386/2434/2357 1785/2433/2356
f 1785/2433/2356 2386/2434/2357 1786/2425/2348 298/2426/2349
f 149/2351/2278 1184/2373/2300 2387/2435/2358 1195/2427/2350
f 1184/2373/2300 593/2371/2298 1787/2436/2359 2387/2435/2358
f 1195/2427/2350 2387/2435/2358 1790/2437/2360 599/2429/2352
f 2387/2435/2358 1787/2436/2359 299/2438/2361 1790/2437/2360
f 1183/2368/2295 150/2367/2294 1197/2439/2362 2388/2440/2363
f 2388/2440/2363 1197/2439/2362 600/2441/2364 1788/2442/2365
f 593/2371/2298 1183/2368/2295 2388/2440/2363 1787/2436/2359
f 1787/2436/2359 2388/2440/2363 1788/2442/2365 299/2438/2361
f 55/672/648 804/758/716 2389/2443/2366 1198/2444/2367
f 804/758/716 403/761/719 1789/2445/2368 2389/2443/2366
f 1198/2444/2367 2389/2443/2366 1788/2442/2365 600/2441/2364
f 2389/2443/2366 1789/2445/2368 299/2438/2361 1788/2442/2365
f 803/775/733 61/774/732 1196/2432/2355 2390/2446/2369
f 2390/2446/2369 1196/2432/2355 599/2429/2352 1790/2437/2360
f 403/761/719 803/775/733 2390/2446/2369 1789/2445/2368
f 1789/2445/2368 2390/2446/2369 1790/2437/2360 299/2438/2361
f 150/2367/2294 1188/2391/2316 2391/2447/2370 1197/2439/2362
f 1188/2391/2316 595/2393/2314 1791/2448/2371 2391/2447/2370
f 1197/2439/2362 2391/2447/2370 1794/2449/2372 600/2441/2364
f 2391/2447/2370 1791/2448/2371 300/2450/2373 1794/2449/2372
f 1187/2386/2311 151/2385/2310 1199/2451/2374 2392/2452/2375
f 2392/2452/2375 1199/2451/2374 601/2453/2376 1792/2454/2377
f 595/2389/2314 1187/2386/2311 2392/2452/2375 1791/2455/2371
f 1791/2455/2371 2392/2452/2375 1792/2454/2377 300/2456/2373
f 49/585/564 782/653/632 2393/2457/2378 1200/2458/2379
f 782/653/632 392/656/635 1793/2459/2380 2393/2457/2378
f 1200/2458/2379 2393/2457/2378 1792/2454/2377 601/2453/2376
f 2393/2457/2378 1793/2459/2380 300/2456/2373 1792/2454/2377
f 781/673/649 55/672/648 1198/2444/2367 2394/2460/2381
f 2394/2460/2381 1198/2444/2367 600/2441/2364 1794/2449/2372
f 392/675/635 781/673/649 2394/2460/2381 1793/2461/2380
f 1793/2461/2380 2394/2460/2381 1794/2449/2372 300/2450/2373
f 151/2385/2310 1192/2409/2332 2395/2462/2382 1199/2451/2374
f 1192/2409/2332 597/2407/2330 1795/2463/2383 2395/2462/2382
f 1199/2451/2374 2395/2462/2382 1798/2464/2384 601/2453/2376
f 2395/2462/2382 1795/2463/2383 301/2465/2385 1798/2464/2384
f 1191/2404/2327 152/2403/2326 1201/2466/2386 2396/2467/2387
f 2396/2467/2387 1201/2466/2386 602/2468/2388 1796/2469/2389
f 597/2407/2330 1191/2404/2327 2396/2467/2387 1795/2463/2383
f 1795/2463/2383 2396/2467/2387 1796/2469/2389 301/2465/2385
f 43/485/464 760/569/548 2397/2470/2390 1202/2471/2391
f 760/569/548 381/572/551 1797/2472/2392 2397/2470/2390
f 1202/2471/2391 2397/2470/2390 1796/2469/2389 602/2468/2388
f 2397/2470/2390 1797/2472/2392 301/2465/2385 1796/2469/2389
f 759/586/565 49/585/564 1200/2458/2379 2398/2473/2393
f 2398/2473/2393 1200/2458/2379 601/2453/2376 1798/2464/2384
f 381/572/551 759/586/565 2398/2473/2393 1797/2472/2392
f 1797/2472/2392 2398/2473/2393 1798/2464/2384 301/2465/2385
f 152/2403/2326 1194/2421/2344 2399/2474/2394 1201/2466/2386
f 1194/2421/2344 598/2419/2342 1799/2475/2395 2399/2474/2394
f 1201/2466/2386 2399/2474/2394 1802/2476/2396 602/2468/2388
f 2399/2474/2394 1799/2475/2395 302/2477/2397 1802/2476/2396
f 1193/2417/2340 133/1194/1152 934/1262/1220 2400/2478/2398
f 2400/2478/2398 934/1262/1220 468/1265/1223 1800/2479/2399
f 598/2419/2342 1193/2417/2340 2400/2478/2398 1799/2475/2395
f 1799/2475/2395 2400/2478/2398 1800/2479/2399 302/2477/2397
f 37/463/442 730/466/445 2401/2480/2400 933/1274/1232
f 730/466/445 366/470/449 1801/2481/2401 2401/2480/2400
f 933/1274/1232 2401/2480/2400 1800/2479/2399 468/1265/1223
f 2401/2480/2400 1801/2481/2401 302/2477/2397 1800/2479/2399
f 729/486/465 43/485/464 1202/2471/2391 2402/2482/2402
f 2402/2482/2402 1202/2471/2391 602/2468/2388 1802/2476/2396
f 366/470/449 729/486/465 2402/2482/2402 1801/2481/2401
f 1801/2481/2401 2402/2482/2402 1802/2476/2396 302/2477/2397
