# Blender 4.4.3
# www.blender.org
mtllib nala.mtl
o Nala_mesh
v -2.311599 0.425386 8.163859
v -1.941668 0.101145 10.373767
v -1.813026 1.240839 10.159834
v -2.139984 1.339744 8.099870
v -1.839109 0.899132 6.815958
v -1.541846 2.108743 6.923128
v 0.000000 2.641169 6.171421
v -0.000000 1.191266 6.011860
v -2.214012 -2.678301 7.533947
v -2.446023 -1.301197 8.326416
v -1.943871 -0.783509 6.649311
v -1.872942 -2.507802 6.314159
v -1.938935 6.163947 9.831191
v -1.870250 4.629917 10.410949
v -1.140475 5.398121 11.094954
v -1.150270 6.357482 10.578244
v -1.534404 8.424683 3.308534
v -1.113677 6.690294 4.023682
v -1.090685 7.615281 3.028908
v -1.103145 6.635334 3.052945
v -0.637180 4.679463 0.438847
v -1.251410 4.185949 0.460823
v -1.295039 4.319827 0.005675
v -0.716920 4.802138 0.005675
v -2.283128 6.811399 0.005676
v -2.377228 6.028149 1.054915
v -2.168041 7.652835 2.995099
v -2.168041 7.652835 2.995099
v -2.211941 6.668006 3.903769
v -1.710117 7.055866 5.440417
v -1.723074 7.476159 7.477354
v -0.587972 6.656737 6.920136
v -0.587972 6.656737 6.920136
v -1.325159 3.228176 7.131784
v -1.091791 4.261854 4.887455
v -0.892009 6.200244 5.537694
v -2.259297 3.259269 6.526126
v -1.972034 4.000367 4.908877
v -2.647415 4.579888 5.033599
v -2.730036 3.947989 6.738123
v -2.667173 6.311278 7.391396
v -2.566017 6.439588 5.133079
v -1.877412 8.164275 2.576037
v -1.536811 8.254728 2.808326
v -1.174045 8.128830 2.570240
v -0.623321 7.502834 7.825102
v -1.331109 7.527520 8.900749
v 0.000003 7.318914 8.937953
v -2.643641 3.556027 8.200215
v -2.123575 2.994987 8.179451
v -2.420723 3.756530 8.900372
v -2.449113 6.288092 8.734076
v -1.723074 7.476159 7.477354
v -2.096188 7.250050 8.333052
v -1.669968 7.146943 4.581954
v -0.892009 6.200244 5.537694
v -1.113677 6.690294 4.023682
v -1.132816 5.012717 3.723338
v -1.103145 6.635334 3.052945
v -1.615624 6.556368 2.808993
v -1.917208 4.845850 3.695139
v -2.211875 6.827297 2.954224
v -2.499472 5.439207 3.662125
v -2.283128 6.811399 0.005676
v -2.732252 5.066632 0.005675
v -2.842759 4.942871 0.447490
v -1.628038 5.645461 1.201662
v -1.615624 6.556368 2.808993
v -2.211875 6.827297 2.954224
v -1.856410 -4.201174 0.873278
v -1.849311 -3.192601 5.407763
v -1.075750 -3.690155 5.452779
v -1.255713 -4.835584 0.706512
v -1.075750 -3.690155 5.452779
v -1.302961 -5.256181 5.430925
v -1.323393 -5.494813 1.102155
v -1.255713 -4.835584 0.706512
v -0.927799 -7.012146 0.564903
v -1.537780 -7.379275 0.634598
v -1.543573 -7.234196 0.005674
v -0.996233 -6.878764 0.005674
v -2.593820 -5.418719 0.986466
v -2.559930 -5.282882 1.100259
v -2.451251 -4.594579 0.703489
v -2.627717 -4.949332 0.005674
v -2.451251 -4.594579 0.703489
v -2.731391 -3.709185 5.528288
v -1.887684 -3.186835 6.431783
v -2.170478 -3.212203 7.023666
v -1.184792 -4.091814 6.323441
v -1.136027 -3.934304 6.196531
v -1.136027 -3.934304 6.196531
v -1.184792 -4.091814 6.323441
v -1.238377 -5.704737 6.395315
v -1.974894 -5.482421 5.285640
v -2.049780 -6.096743 6.573897
v -2.687897 -3.937607 6.207962
v -2.601470 -5.005794 5.438582
v -2.861868 -5.721602 7.194299
v -2.950327 -4.097830 7.206559
v -1.853195 -4.468532 0.732527
v -1.876761 -2.631951 11.312508
v -2.546611 -2.998513 9.294740
v -2.644864 -3.612478 10.648494
v -2.069765 -3.561637 12.100618
v -1.878287 -2.742329 5.706828
v -1.871598 -2.750593 5.526066
v -2.559930 -5.282882 1.100259
v -1.948537 -5.666492 1.435859
v -1.331306 -5.639751 0.987132
v -1.020838 -6.811914 1.113855
v -1.125594 -5.309351 0.005674
v -1.125594 -5.309351 0.005674
v -0.996233 -6.878764 0.005674
v -3.070471 -6.640158 0.005674
v -2.627717 -4.949332 0.005674
v -3.070471 -6.640158 0.005674
v -3.238901 -6.750653 0.555082
v -3.002481 -6.525991 1.071159
v -2.620733 -6.898711 1.209502
v -1.974781 -5.860742 1.291392
v -0.999808 -2.430988 11.948161
v -1.289885 -3.321376 12.484135
v -0.001503 -3.525632 12.316367
v -0.000624 -2.459405 11.836894
v -0.000004 -5.746416 6.462645
v -1.088461 -5.887042 6.816473
v -1.070044 -4.090001 6.322233
v -0.000003 -4.352397 5.727993
v -1.229234 7.144146 9.607227
v 0.000001 4.028498 11.445683
v 0.000002 5.894400 11.170728
v -0.877054 3.914544 11.339150
v -1.708883 3.507001 10.532299
v -2.123575 2.994987 8.179451
v -2.002477 2.223520 8.114493
v -3.070471 -6.640158 0.005674
v -2.699878 -7.114892 0.005674
v -2.812304 -7.248528 0.629687
v -3.238901 -6.750653 0.555082
v -2.842759 4.942871 0.447490
v -2.732252 5.066632 0.005675
v -2.302705 4.452074 0.005675
v -2.354199 4.317653 0.465145
v 0.000002 7.294312 7.828162
v -1.389367 -4.022171 12.857163
v -1.961862 -4.546860 12.405403
v -0.000002 -1.289312 11.486637
v -2.050728 -1.345175 10.908718
v -0.939099 5.776344 1.037921
v -1.103145 6.635334 3.052945
v -0.895593 6.815801 0.005676
v -1.853195 -4.468532 0.732527
v -1.820347 -4.624627 0.005674
v -1.543573 -7.234196 0.005674
v -2.699878 -7.114892 0.005674
v -0.927799 -7.012146 0.564903
v -0.996233 -6.878764 0.005674
v -0.000001 0.068615 11.358048
v -0.000000 1.312330 11.192125
v -0.000001 -0.540273 5.966428
v -0.000002 -2.301323 5.709410
v 0.000001 4.024468 6.605850
v -1.325159 3.228176 7.131784
v -0.587972 6.656737 6.920136
v 0.000002 6.401964 6.872257
v -0.536079 7.301206 9.546966
v -1.510805 -7.041674 1.230850
v -2.249560 -7.485606 0.704293
v -2.112778 -7.067912 1.302706
v -1.684469 5.404968 1.140153
v -2.482996 5.866481 0.903789
v -2.622552 5.064948 0.940390
v -0.895593 6.815801 0.005676
v -0.922877 5.611381 0.880364
v -0.728286 4.834731 0.961645
v -0.587972 6.656737 6.920136
v 0.000002 6.401964 6.872257
v -2.158241 -3.218697 7.709532
v -1.233364 -4.191918 6.561917
v -1.263707 -6.179844 7.018863
v -2.937497 -6.154042 8.387788
v -2.274518 -6.548960 7.506340
v -2.363219 -6.788031 8.910102
v -3.034054 -3.448304 9.531508
v -3.069479 -5.143476 9.756970
v -2.709005 -5.013976 11.012355
v -2.644864 -3.612478 10.648494
v -2.158241 -3.218697 7.709532
v -3.102229 -3.353837 8.303756
v -2.546611 -2.998513 9.294740
v -1.255713 -4.835584 0.706512
v -1.323393 -5.494813 1.102155
v -1.070044 -4.090001 6.322233
v -1.233364 -4.191918 6.561917
v -1.028455 -6.470781 7.493183
v -2.890624 -6.206036 9.801099
v -1.233364 -4.191918 6.561917
v -1.233364 -4.191918 6.561917
v -1.263707 -6.179844 7.018863
v -3.221392 -4.983008 8.403683
v -1.536571 8.174348 2.987354
v -1.090685 7.615281 3.028908
v -0.895593 6.815801 0.005676
v -0.716920 4.802138 0.005675
v -2.732252 5.066632 0.005675
v -2.283128 6.811399 0.005676
v -1.873159 4.173226 0.005675
v -2.302705 4.452074 0.005675
v -1.295039 4.319827 0.005675
v -1.255713 -4.835584 0.706512
v -1.125594 -5.309351 0.005674
v -1.820347 -4.624627 0.005674
v -1.820553 4.334201 1.147008
v -1.865639 4.028147 0.482799
v -1.274419 4.416610 1.106097
v -2.221552 4.531719 1.095469
v -0.637180 4.679463 0.438847
v -0.716920 4.802138 0.005675
v -1.538626 -6.614210 8.086858
v -1.090685 7.615281 3.028908
v -0.939099 5.776344 1.037921
v -1.628038 5.645461 1.201662
v -2.377228 6.028149 1.054915
v -0.895593 6.815801 0.005676
v -1.636211 2.317210 10.250472
v 0.000000 2.507432 11.303437
v -1.948537 -5.666492 1.435859
v -1.877502 -2.490093 5.837490
v -2.449113 6.288092 8.734076
v 0.000005 13.219836 9.102159
v -0.393866 13.232774 9.463503
v -0.364761 15.065185 9.437987
v 0.000006 15.063340 9.113959
v 0.007420 18.582983 8.296494
v -0.477571 18.564690 8.742645
v -0.092524 19.632584 8.192913
v -0.326951 16.608786 9.360708
v 0.000007 16.606340 9.039732
v -0.491611 9.271294 9.515063
v 0.000003 9.254719 8.998231
v 0.000003 7.318914 8.937953
v -0.536079 7.301206 9.546966
v -0.541237 17.208471 9.222724
v 0.046705 17.320524 8.662169
v 0.000005 13.249948 9.885628
v 0.000006 15.083549 9.793317
v 0.000007 16.627043 9.769581
v -0.073634 17.216429 9.829961
v 0.000002 6.992683 10.407895
v 0.000003 9.287945 10.065466
v 0.007420 18.766975 9.087072
v -0.598928 17.707146 9.056302
v 0.000008 18.281696 9.417314
v 0.087133 18.094891 8.434839
v -0.130466 17.895031 9.814634
v 0.187544 18.561975 9.596749
v -0.440634 11.345274 9.488935
v 0.000004 11.330518 9.054562
v 0.000004 11.362185 9.971519
v -1.538626 -6.614210 8.086858
v -0.000003 -4.352397 5.727993
v -0.714970 -11.218357 13.441097
v -0.481430 -11.596857 13.270286
v -0.525084 -11.673547 13.484150
v -1.111323 -10.028827 12.666132
v -0.939827 -10.324398 12.700036
v -1.137022 -10.110125 13.128298
v -1.529353 -9.563153 12.641339
v -1.105413 -9.640074 11.995484
v -0.853625 -10.094246 12.026795
v -0.877117 -9.828671 11.580146
v -0.769809 -9.032791 11.658272
v -1.429871 -8.986465 12.091559
v -0.000007 -11.722049 13.134521
v -0.502989 -10.508888 13.811950
v -0.500477 -11.068563 13.652390
v -0.355492 -11.190977 13.730645
v -0.310758 -10.410862 13.989471
v -0.000007 -11.818425 13.303746
v -0.000007 -11.886278 13.526825
v -0.338370 -11.761800 13.528764
v -0.000006 -11.348470 13.760551
v -0.530978 -11.583864 12.895732
v -0.000007 -11.607925 12.886832
v -0.489032 -11.281220 12.489822
v -0.529379 -11.434579 12.552455
v -0.759148 -11.081054 12.597102
v -0.675027 -11.046414 12.478004
v -0.891241 -11.217642 13.012815
v -1.023059 -10.680632 13.041889
v -0.855408 -10.692601 12.605700
v -0.789280 -10.659060 12.543045
v -0.733247 -10.649197 13.440992
v -0.615531 -10.252375 13.652287
v -0.514316 -10.216766 13.933481
v -0.836488 -10.349607 12.635304
v -0.796363 -10.504479 12.259871
v -0.714513 -10.493574 12.281225
v -0.770482 -10.561292 11.682563
v -0.672556 -10.754879 12.048800
v -1.541068 -9.650702 13.236929
v -1.251254 -9.849462 13.557042
v -0.718378 -10.396264 11.354625
v -0.555396 -11.157241 11.615121
v -0.486484 -11.160561 11.975786
v -0.000006 -11.233626 11.568404
v -0.000006 -11.246836 11.969173
v -0.514549 -10.933079 11.318049
v -0.000006 -10.985783 11.191474
v -0.000006 -10.329151 11.160221
v -0.000006 -9.747844 11.326807
v -0.000005 -9.226254 11.418775
v -0.000006 -9.891805 14.623372
v -0.676509 -9.800620 14.650739
v -0.482470 -10.099888 14.362314
v -0.000006 -10.128446 14.407332
v -0.498643 -10.159245 14.144527
v -0.537041 -10.091298 14.272166
v -0.657107 -10.076286 13.791826
v -0.976944 -9.561893 14.612456
v -0.997316 -9.701904 14.485795
v -0.722178 -9.929783 14.424339
v -1.178968 -9.713417 14.227935
v -1.143374 -9.787023 14.137345
v -1.003962 -9.850371 14.208179
v -1.017155 -9.838261 14.362440
v -1.304356 -9.312582 14.395838
v -1.290599 -9.418984 14.302845
v -1.167342 -9.773467 13.744260
v -1.426437 -9.508766 13.858773
v -1.806334 -9.080360 13.365026
v -1.489493 -9.123619 13.912070
v -0.871519 -9.929049 13.648971
v -0.828697 -10.161993 13.575708
v -1.779273 -9.035212 12.712666
v -0.883909 -10.403249 13.411930
v -0.489032 -11.281220 12.489822
v -0.326099 -10.170363 12.684288
v -0.000006 -10.170358 12.724480
v -0.000006 -11.311120 12.550792
v -0.563835 -10.343663 12.730193
v -0.675027 -11.046414 12.478004
v -0.789280 -10.659060 12.543045
v -0.701358 -10.305032 12.705602
v -0.836488 -10.349607 12.635304
v -0.742072 -10.077738 12.579394
v -0.836488 -10.349607 12.635304
v -0.714513 -10.493574 12.281225
v -0.726084 -10.226377 12.399616
v -0.742072 -10.077738 12.579394
v -0.593314 -10.207699 12.281245
v -0.672556 -10.754879 12.048800
v -0.000006 -10.324993 12.264903
v -0.319823 -10.519549 12.099913
v -0.182300 -10.861891 12.052942
v -0.486484 -11.160561 11.975786
v -0.442220 -10.569077 12.014029
v -0.000006 -10.034889 12.549228
v -0.323650 -10.034886 12.523034
v -0.439210 -10.223893 12.301096
v -0.581444 -10.057819 12.559158
v -0.683684 -9.982565 14.011591
v -0.784065 -9.452710 13.948542
v -0.759877 -9.940934 14.192163
v -1.255565 -9.658013 13.943316
v -0.353094 -11.088208 12.139928
v -0.278231 -11.007129 11.938510
v -0.431463 -10.957393 11.947665
v -0.278231 -11.007129 11.938510
v -0.372089 -11.091696 11.770843
v -0.461201 -11.132407 12.361132
v -0.533135 -11.125880 12.550662
v -0.404983 -11.126496 12.563974
v -0.475391 -11.300412 12.543704
v -0.404983 -11.126496 12.563974
v -0.746300 -9.998005 14.304756
v -0.604951 -10.080608 14.159984
v -0.691329 -9.869118 14.120284
v -0.882902 -9.959656 13.923940
v -0.640632 -9.904571 13.933333
v -0.850854 -9.858821 14.180018
v -1.009611 -9.826821 14.136820
v -1.097640 -9.835976 13.932318
v -0.690445 -9.911147 13.761771
v -0.854688 -9.923414 13.700448
v -1.017286 -9.873569 13.734202
v -0.740547 -9.514637 14.377953
v -0.793263 -9.709363 14.323619
v -0.572316 -9.718416 14.227508
v -0.541748 -9.521846 14.277291
v -0.474899 -9.750634 13.930579
v -0.430999 -9.504676 13.939937
v -1.039620 -9.460531 14.272750
v -1.063110 -9.616027 14.268407
v -1.203933 -9.422117 13.968792
v -1.203111 -9.687747 13.947480
v -0.540965 -9.754276 13.668951
v -0.502445 -9.491922 13.663246
v -0.804357 -9.758638 13.542659
v -0.791724 -9.471663 13.504422
v -1.063962 -9.704798 13.611091
v -1.035736 -9.452130 13.576192
v -0.252806 -10.878971 11.994212
v -0.000006 -11.246836 11.969173
v -0.000006 -11.014057 11.969253
v -0.000006 -10.970659 12.059869
v -0.000006 -11.460628 12.631315
v -0.730106 -8.647785 11.610739
v -0.000005 -8.936242 11.343198
v -0.766921 -8.111445 10.917585
v -0.000005 -8.260388 10.707666
v -0.000005 -8.936242 11.343198
v -0.730106 -8.647785 11.610739
v -0.000005 -7.510173 9.847175
v -0.858933 -7.471585 10.110253
v -1.016687 -6.787512 9.189924
v -0.000004 -6.870778 8.831411
v -1.404227 -8.385606 12.125144
v -1.889258 -8.352582 12.767160
v -2.585891 -6.103485 10.806098
v -2.144457 -6.661863 9.843284
v -1.797592 -6.792476 10.368529
v -1.860416 -6.176653 11.517775
v -1.473871 -5.385824 12.501392
v -0.809299 -4.745937 13.027843
v -0.000006 -10.469565 14.021189
v -2.525468 -6.872193 14.795673
v -2.667220 -6.656024 14.618338
v -1.892076 -7.073407 13.954982
v -2.631917 -6.562623 14.161756
v -2.414383 -6.570899 13.599242
v -2.196574 -6.743495 13.248097
v -1.952081 -7.022732 12.991699
v -1.591769 -7.506613 12.862637
v -1.642406 -7.601257 13.511887
v -1.654513 -7.587790 13.984877
v -2.222012 -7.251876 14.856399
v -1.945331 -7.600068 14.785872
v -1.557996 -7.319312 14.735348
v -1.894686 -6.937176 14.814799
v -2.525468 -6.872193 14.795673
v -2.208582 -6.465821 14.648485
v -2.667220 -6.656024 14.618338
v -2.414383 -6.570899 13.599242
v -2.631917 -6.562623 14.161756
v -2.202232 -6.234523 14.224778
v -2.023997 -6.257126 13.709762
v -2.196574 -6.743495 13.248097
v -1.747774 -6.632681 13.097691
v -1.952081 -7.022732 12.991699
v -1.401916 -6.904087 12.991817
v -1.591769 -7.506613 12.862637
v -1.660584 -7.972650 14.632927
v -1.224324 -7.621349 14.677765
v -0.394248 -9.171454 14.831212
v -0.000005 -9.207057 14.843485
v -0.000005 -8.366447 14.893470
v -0.001565 -4.638934 12.842912
v -0.000794 -5.647923 13.230940
v -0.913660 -9.003826 14.772578
v -1.340087 -8.794486 14.493208
v -1.546756 -8.673631 13.952969
v -1.583369 -8.145491 13.995321
v -1.724150 -7.956231 13.439480
v -1.819290 -8.466486 13.426536
v -1.747149 -7.904636 12.734302
v -0.000004 -6.471687 7.329219
v -0.607197 -8.332763 14.805541
v -0.000005 -7.655527 14.742858
v -0.757597 -7.821996 14.703162
v -0.000004 -7.320032 14.349028
v -0.837306 -7.229821 14.138537
v -1.210500 -8.264069 14.639997
v -1.660584 -7.972650 14.632927
v -1.945331 -7.600068 14.785872
v -0.000102 -6.505619 13.750023
v -0.828053 -6.858757 13.494381
v -1.449400 -6.603629 14.159956
v -1.345261 -8.005318 12.062765
v -1.558128 -7.335344 11.102155
v -1.345261 -8.005318 12.062765
v -1.591769 -7.506613 12.862637
v -1.401916 -6.904087 12.991817
v -1.609061 -6.864326 12.187096
v -1.034424 -6.223985 12.947550
v -0.828053 -6.858757 13.494381
v -0.000006 -11.311120 12.550792
v -2.222012 -7.251876 14.856399
v -2.585891 -6.103485 10.806098
v -2.144457 -6.661863 9.843284
v -2.709005 -5.013976 11.012355
v -0.000102 -6.505619 13.750023
v 0.007420 18.679684 7.958723
v -2.096188 7.250050 8.333052
v -2.420723 3.756530 8.900372
v 0.000002 6.992683 10.407895
v -1.536438 8.510900 3.137205
v -1.536438 8.510900 3.137205
v 2.311598 0.425385 8.163859
v 2.139984 1.339742 8.099870
v 1.813025 1.240838 10.159833
v 1.941666 0.101142 10.373767
v 1.839108 0.899130 6.815958
v -0.000000 1.191266 6.011860
v 0.000000 2.641169 6.171421
v 1.541846 2.108741 6.923128
v 2.214008 -2.678303 7.533947
v 1.872938 -2.507804 6.314159
v 1.943868 -0.783510 6.649311
v 2.446020 -1.301199 8.326416
v 1.938939 6.163945 9.831193
v 1.150275 6.357481 10.578244
v 1.140479 5.398120 11.094954
v 1.870253 4.629915 10.410949
v 1.534410 8.424681 3.308534
v 1.090690 7.615280 3.028908
v 1.113681 6.690293 4.023681
v 1.103150 6.635334 3.052945
v 0.637183 4.679462 0.438847
v 0.716923 4.802137 0.005675
v 1.295042 4.319825 0.005675
v 1.251412 4.185947 0.460823
v 2.283133 6.811397 0.005676
v 2.168046 7.652833 2.995099
v 2.377232 6.028147 1.054915
v 2.168046 7.652833 2.995099
v 2.211946 6.668004 3.903769
v 1.710122 7.055865 5.440417
v 0.587976 6.656736 6.920136
v 1.723079 7.476157 7.477354
v 0.587976 6.656736 6.920136
v 0.892012 6.200243 5.537694
v 1.091793 4.261853 4.887455
v 1.325161 3.228174 7.131784
v 1.972036 4.000365 4.908877
v 2.259298 3.259267 6.526126
v 2.647418 4.579886 5.033598
v 2.667177 6.311276 7.391396
v 2.730039 3.947987 6.738123
v 2.566021 6.439586 5.133078
v 1.877418 8.164273 2.576037
v 1.174051 8.128828 2.570240
v 1.536817 8.254726 2.808326
v 0.623327 7.502833 7.825102
v 1.331115 7.527518 8.900749
v 2.643645 3.556025 8.200214
v 2.420727 3.756528 8.900372
v 2.123577 2.994984 8.179451
v 2.449118 6.288090 8.734076
v 1.723079 7.476157 7.477354
v 2.096193 7.250047 8.333052
v 1.669972 7.146942 4.581954
v 0.892012 6.200243 5.537694
v 1.113681 6.690293 4.023681
v 1.103150 6.635334 3.052945
v 1.132819 5.012716 3.723337
v 1.615628 6.556367 2.808993
v 1.917211 4.845848 3.695138
v 2.499476 5.439205 3.662125
v 2.211879 6.827295 2.954224
v 2.283133 6.811397 0.005676
v 2.842762 4.942869 0.447490
v 2.732255 5.066630 0.005675
v 2.211879 6.827295 2.954224
v 1.615628 6.556367 2.808993
v 1.628042 5.645459 1.201662
v 1.856404 -4.201177 0.873278
v 1.255707 -4.835585 0.706512
v 1.075744 -3.690156 5.452779
v 1.849306 -3.192602 5.407763
v 1.075744 -3.690156 5.452779
v 1.255707 -4.835585 0.706512
v 1.323385 -5.494814 1.102155
v 1.302954 -5.256182 5.430925
v 0.927790 -7.012147 0.564903
v 0.996225 -6.878766 0.005674
v 1.543564 -7.234197 0.005674
v 1.537771 -7.379277 0.634598
v 2.593812 -5.418721 0.986466
v 2.627710 -4.949334 0.005674
v 2.451245 -4.594582 0.703489
v 2.559923 -5.282884 1.100259
v 2.451245 -4.594582 0.703489
v 2.731384 -3.709188 5.528288
v 1.887679 -3.186840 6.431782
v 1.136021 -3.934306 6.196530
v 1.184786 -4.091815 6.323441
v 2.170472 -3.289308 7.023666
v 1.136021 -3.934306 6.196530
v 1.238370 -5.704738 6.395315
v 1.184786 -4.091815 6.323441
v 1.974888 -5.482424 5.285640
v 2.049773 -6.096745 6.573897
v 2.687891 -3.937608 6.207961
v 2.950321 -4.097833 7.206559
v 2.861862 -5.721604 7.194299
v 2.601460 -5.005795 5.438582
v 1.853188 -4.468534 0.732527
v 1.874848 -2.631953 11.312506
v 2.065364 -3.561639 12.100618
v 2.643870 -3.612481 10.648494
v 2.546607 -2.998515 9.294740
v 1.878282 -2.742331 5.706827
v 1.871592 -2.750595 5.526066
v 2.559923 -5.282884 1.100259
v 1.948529 -5.666494 1.435859
v 1.331299 -5.639752 0.987132
v 1.125587 -5.309352 0.005674
v 1.020830 -6.811915 1.113855
v 1.125587 -5.309352 0.005674
v 2.627710 -4.949334 0.005674
v 3.070463 -6.640160 0.005674
v 0.996225 -6.878766 0.005674
v 3.238893 -6.750656 0.555082
v 3.070463 -6.640160 0.005674
v 1.974774 -5.860744 1.291392
v 2.620725 -6.898714 1.209502
v 3.002472 -6.525991 1.071159
v 0.998966 -2.430990 11.885275
v 1.284816 -3.321376 12.484135
v -0.000004 -5.746416 6.462645
v -0.000003 -4.352397 5.727993
v 1.070038 -4.090001 6.322233
v 1.088453 -5.887043 6.816473
v 1.229239 7.144145 9.607227
v 0.877056 3.914543 11.339150
v 1.708884 3.507000 10.532299
v 2.002478 2.223519 8.114493
v 2.123577 2.994984 8.179451
v 2.812295 -7.248532 0.629687
v 2.699870 -7.114894 0.005674
v 3.070463 -6.640160 0.005674
v 3.238893 -6.750656 0.555082
v 2.842762 4.942869 0.447490
v 2.354202 4.317651 0.465145
v 2.302708 4.452071 0.005675
v 2.732255 5.066630 0.005675
v 0.000002 7.294312 7.828162
v 1.383475 -4.022172 12.857163
v 1.957001 -4.546863 12.405405
v -0.000002 -1.289312 11.486637
v 2.059536 -1.345176 10.709330
v 1.103150 6.635334 3.052945
v 0.939102 5.776343 1.037921
v 0.895598 6.815799 0.005676
v 1.820341 -4.624628 0.005674
v 1.853188 -4.468534 0.732527
v 2.699870 -7.114894 0.005674
v 1.543564 -7.234197 0.005674
v 0.996225 -6.878766 0.005674
v 0.927790 -7.012147 0.564903
v -0.000001 0.068615 11.358048
v -0.000001 -0.540273 5.966428
v 0.000001 4.024468 6.605850
v 0.000002 6.401964 6.872257
v 0.587976 6.656736 6.920136
v 1.325161 3.228174 7.131784
v 0.536084 7.301205 9.546966
v 1.510796 -7.041675 1.230850
v 2.249551 -7.485608 0.704293
v 2.112770 -7.067915 1.302706
v 1.684473 5.404967 1.140153
v 2.622555 5.064946 0.940390
v 2.483000 5.866479 0.903789
v 0.895598 6.815799 0.005676
v 0.728288 4.834730 0.961645
v 0.922881 5.611380 0.880364
v 0.587976 6.656736 6.920136
v 0.000002 6.401964 6.872257
v 2.158236 -3.218699 7.709532
v 1.233358 -4.191919 6.561917
v 1.263699 -6.179846 7.018863
v 2.937489 -6.154046 8.387788
v 2.363211 -6.788033 8.910102
v 2.274510 -6.548963 7.506340
v 3.034049 -3.448307 9.531508
v 2.643870 -3.612481 10.648494
v 2.707810 -5.013978 11.012355
v 3.069472 -5.143478 9.756970
v 2.158236 -3.218699 7.709532
v 2.546607 -2.998515 9.294740
v 3.102224 -3.353840 8.303756
v 1.255707 -4.835585 0.706512
v 1.323385 -5.494814 1.102155
v 1.233358 -4.191919 6.561917
v 1.070038 -4.090001 6.322233
v 1.028447 -6.470782 7.493183
v 2.890616 -6.206039 9.801099
v 1.233358 -4.191919 6.561917
v 1.263699 -6.179846 7.018863
v 1.233358 -4.191919 6.561917
v 3.221385 -4.983012 8.403683
v 1.090690 7.615280 3.028908
v 1.536577 8.174346 2.987354
v 0.895598 6.815799 0.005676
v 2.283133 6.811397 0.005676
v 2.732255 5.066630 0.005675
v 0.716923 4.802137 0.005675
v 1.873161 4.173223 0.005675
v 1.295042 4.319825 0.005675
v 2.302708 4.452071 0.005675
v 1.125587 -5.309352 0.005674
v 1.255707 -4.835585 0.706512
v 1.820341 -4.624628 0.005674
v 1.820555 4.334198 1.147008
v 1.274422 4.416608 1.106097
v 1.865641 4.028145 0.482799
v 2.221555 4.531716 1.095469
v 0.637183 4.679462 0.438847
v 0.716923 4.802137 0.005675
v 1.538618 -6.614212 8.086858
v 1.090690 7.615280 3.028908
v 0.939102 5.776343 1.037921
v 1.628042 5.645459 1.201662
v 2.377232 6.028147 1.054915
v 0.895598 6.815799 0.005676
v 1.636212 2.317209 10.250472
v 0.000000 2.507432 11.303437
v 1.948529 -5.666494 1.435859
v 1.877498 -2.490097 5.837488
v 2.449118 6.288090 8.734076
v 0.000005 13.219836 9.102159
v 0.364774 15.065185 9.437987
v 0.393877 13.232774 9.463503
v 0.492410 18.564690 8.742645
v 0.000007 16.606340 9.039732
v 0.326964 16.608786 9.360708
v 0.491618 9.271294 9.515063
v 0.536084 7.301205 9.546966
v 0.000003 9.254719 8.998231
v 0.046705 17.320524 8.662169
v 0.541251 17.208471 9.222724
v 0.000006 15.083549 9.793317
v 0.000005 13.249948 9.885628
v -0.073634 17.216429 9.829961
v 0.000007 16.627043 9.769581
v 0.000003 9.287945 10.065466
v 0.000002 6.992683 10.407895
v 0.007420 18.766975 9.087072
v 0.000008 18.281696 9.417314
v 0.598943 17.707146 9.056302
v -0.130466 17.895031 9.814634
v 0.000004 11.330518 9.054562
v 0.440643 11.345274 9.488935
v 0.000004 11.362185 9.971519
v 1.538618 -6.614212 8.086858
v -0.000003 -4.352397 5.727993
v 0.714957 -11.218357 13.441097
v 0.525071 -11.673547 13.484150
v 0.481417 -11.596857 13.270286
v 1.111312 -10.028828 12.666132
v 1.137010 -10.110126 13.128298
v 0.939815 -10.324398 12.700036
v 1.529342 -9.563154 12.641339
v 1.105402 -9.640075 11.995484
v 0.853614 -10.094248 12.026795
v 0.877106 -9.828671 11.580146
v 0.769799 -9.032791 11.658272
v 1.429861 -8.986466 12.091559
v 0.502977 -10.508888 13.811950
v 0.310746 -10.410862 13.989471
v 0.355480 -11.190977 13.730645
v 0.500464 -11.068563 13.652390
v -0.000007 -11.818425 13.303746
v 0.338357 -11.761800 13.528764
v -0.000007 -11.886278 13.526825
v 0.530965 -11.583864 12.895732
v 0.489019 -11.281220 12.489822
v 0.675014 -11.046414 12.478004
v 0.759135 -11.081054 12.597102
v 0.529366 -11.434579 12.552455
v 0.891229 -11.217642 13.012815
v 1.023047 -10.680632 13.041889
v 0.855396 -10.692601 12.605700
v 0.789268 -10.659060 12.543045
v 0.733235 -10.649197 13.440992
v 0.615519 -10.252375 13.652287
v 0.514304 -10.216766 13.933481
v 0.836476 -10.349607 12.635304
v 0.796351 -10.504479 12.259871
v 0.714501 -10.493574 12.281225
v 0.672543 -10.754879 12.048800
v 0.770470 -10.561292 11.682563
v 1.541057 -9.650704 13.236929
v 1.251243 -9.849463 13.557042
v 0.718366 -10.396264 11.354625
v 0.486471 -11.160561 11.975786
v 0.555383 -11.157241 11.615121
v -0.000006 -11.233626 11.568404
v 0.514537 -10.933079 11.318049
v -0.000006 -10.985783 11.191474
v -0.000006 -10.329151 11.160221
v -0.000006 -9.747844 11.326807
v -0.000005 -9.226254 11.418775
v -0.000006 -9.891805 14.623372
v 0.482459 -10.099888 14.362314
v 0.676498 -9.800621 14.650739
v 0.604939 -10.080610 14.159984
v 0.540447 -10.090761 14.266521
v 0.498303 -10.158040 14.148953
v 0.657095 -10.076287 13.791826
v 0.719250 -9.921535 14.438799
v 0.746289 -9.998005 14.304756
v 1.017144 -9.838263 14.362440
v 0.996604 -9.697095 14.490149
v 1.178957 -9.713418 14.227935
v 1.003951 -9.850372 14.208179
v 1.143363 -9.787024 14.137345
v 1.255554 -9.658015 13.943316
v 1.426426 -9.508767 13.858773
v 1.302466 -9.414312 14.278978
v 1.167331 -9.773469 13.744260
v 1.806323 -9.080362 13.365026
v 1.489482 -9.123620 13.912070
v 0.871508 -9.929051 13.648971
v 0.828685 -10.161995 13.575708
v 1.779262 -9.035213 12.712666
v 0.883897 -10.403249 13.411930
v 0.489019 -11.281220 12.489822
v -0.000006 -10.170358 12.724480
v 0.326088 -10.170363 12.684288
v -0.000006 -11.311120 12.550792
v 0.563823 -10.343663 12.730193
v 0.675014 -11.046414 12.478004
v 0.789268 -10.659060 12.543045
v 0.701346 -10.305032 12.705602
v 0.836476 -10.349607 12.635304
v 0.742060 -10.077740 12.579394
v 0.836476 -10.349607 12.635304
v 0.742060 -10.077740 12.579394
v 0.726073 -10.226377 12.399616
v 0.714501 -10.493574 12.281225
v 0.593302 -10.207699 12.281245
v 0.672543 -10.754879 12.048800
v -0.000006 -10.324993 12.264903
v 0.182287 -10.861891 12.052942
v 0.319811 -10.519549 12.099913
v 0.486471 -11.160561 11.975786
v 0.442208 -10.569077 12.014029
v 0.439198 -10.223893 12.301096
v 0.323638 -10.034886 12.523034
v -0.000006 -10.034889 12.549228
v 0.581432 -10.057821 12.559158
v 0.784054 -9.452710 13.948542
v 0.683672 -9.982566 14.011591
v 0.759865 -9.940935 14.192163
v 0.353082 -11.088208 12.139928
v 0.431451 -10.957393 11.947665
v 0.278218 -11.007129 11.938510
v 0.278218 -11.007129 11.938510
v 0.372076 -11.091696 11.770843
v 0.461189 -11.132407 12.361132
v 0.404970 -11.126496 12.563974
v 0.533123 -11.125880 12.550662
v 0.475378 -11.300412 12.543704
v 0.404970 -11.126496 12.563974
v 0.691317 -9.869119 14.120284
v 0.640621 -9.904572 13.933333
v 0.882891 -9.959657 13.923940
v 0.850843 -9.858823 14.180018
v 1.009600 -9.826821 14.136820
v 1.097629 -9.835976 13.932318
v 0.690434 -9.911147 13.761771
v 0.854677 -9.923416 13.700448
v 1.017274 -9.873570 13.734202
v 0.740536 -9.514637 14.377953
v 0.541737 -9.521846 14.277291
v 0.572304 -9.718416 14.227508
v 0.793252 -9.709364 14.323619
v 0.430988 -9.504676 13.939937
v 0.474887 -9.750634 13.930579
v 1.063099 -9.616028 14.268407
v 1.039609 -9.460531 14.272750
v 1.203100 -9.687749 13.947480
v 1.203922 -9.422117 13.968792
v 0.502434 -9.491922 13.663246
v 0.540954 -9.754276 13.668951
v 0.791713 -9.471664 13.504422
v 0.804345 -9.758640 13.542659
v 1.035725 -9.452130 13.576192
v 1.063950 -9.704799 13.611091
v 0.252794 -10.878971 11.994212
v -0.000006 -11.246836 11.969173
v -0.000005 -8.936242 11.343198
v 0.730096 -8.647786 11.610739
v 0.766911 -8.111445 10.917585
v 0.730096 -8.647786 11.610739
v 1.016678 -6.787513 9.189924
v 0.858923 -7.471586 10.110253
v 1.404217 -8.385608 12.125144
v 1.889248 -8.352584 12.767160
v 2.585749 -6.103488 10.806098
v 1.859485 -6.176656 11.517773
v 1.797584 -6.792478 10.368529
v 2.144449 -6.661866 9.843284
v 1.470154 -5.385827 12.501392
v 0.804598 -4.745938 13.027843
v -0.000006 -10.469565 14.021189
v 2.525459 -6.872194 14.795673
v 1.892032 -7.073409 13.954982
v 2.667208 -6.656026 14.618338
v 2.631734 -6.562625 14.161756
v 2.413876 -6.570901 13.599242
v 2.196108 -6.743497 13.248097
v 1.951866 -7.022735 12.991698
v 1.642397 -7.601257 13.511887
v 1.591760 -7.506615 12.862637
v 1.654504 -7.587792 13.984877
v 2.222003 -7.251878 14.856399
v 1.894678 -6.937179 14.814799
v 1.557987 -7.319312 14.735348
v 1.945322 -7.600070 14.785872
v 2.525459 -6.872194 14.795673
v 2.208435 -6.465823 14.648485
v 2.667208 -6.656026 14.618338
v 2.413876 -6.570901 13.599242
v 2.022841 -6.257128 13.709762
v 2.201542 -6.234525 14.224778
v 2.631734 -6.562625 14.161756
v 2.196108 -6.743497 13.248097
v 1.746975 -6.632684 13.097691
v 1.951866 -7.022735 12.991698
v 1.591760 -7.506615 12.862637
v 1.401523 -6.904088 12.991817
v 1.224314 -7.621351 14.677765
v 1.660575 -7.972651 14.632927
v 0.394237 -9.171454 14.831212
v -0.000005 -9.207057 14.843485
v -0.000005 -8.366447 14.893470
v -0.000794 -5.647923 13.230940
v 0.976933 -9.561893 14.612456
v 0.913650 -9.003826 14.772578
v 1.340077 -8.794489 14.493208
v 1.304345 -9.312584 14.395838
v 1.546746 -8.673632 13.952969
v 1.819280 -8.466489 13.426536
v 1.724140 -7.956233 13.439480
v 1.583359 -8.145491 13.995321
v 1.747140 -7.904639 12.734302
v -0.000004 -6.471687 7.329219
v 0.607187 -8.332763 14.805541
v 0.757588 -7.821999 14.703162
v -0.000005 -7.655527 14.742858
v 0.837297 -7.229823 14.138537
v -0.000004 -7.320032 14.349028
v 1.210490 -8.264069 14.639997
v 1.660575 -7.972651 14.632927
v 1.945322 -7.600070 14.785872
v 0.827786 -6.858759 13.494381
v -0.000102 -6.505619 13.750023
v 1.449015 -6.603630 14.159956
v 1.345252 -8.005318 12.062765
v 1.558119 -7.335346 11.102155
v 1.345252 -8.005318 12.062765
v 1.591760 -7.506615 12.862637
v 1.608714 -6.864326 12.187098
v 1.401523 -6.904088 12.991817
v 1.032824 -6.223986 12.947550
v 0.827786 -6.858759 13.494381
v -0.000006 -11.311120 12.550792
v 2.222003 -7.251878 14.856399
v 2.585749 -6.103488 10.806098
v 2.144449 -6.661866 9.843284
v 2.707810 -5.013978 11.012355
v -0.000102 -6.505619 13.750023
v 2.096193 7.250047 8.333052
v 2.420727 3.756528 8.900372
v 0.000002 6.992683 10.407895
v 1.536445 8.510899 3.137205
v 1.536445 8.510899 3.137205
v 0.187544 18.561975 9.596749
v -1.873159 4.173226 0.005675
v 1.873161 4.173223 0.005675
v -2.200221 -7.328826 0.005674
v -2.200221 -7.328826 0.005674
v 2.200212 -7.328829 0.005674
v 2.200212 -7.328829 0.005674
vn -0.7816 0.2102 0.5872
vn -0.8231 0.1429 0.5497
vn -0.9902 0.1197 -0.0715
vn -0.9798 0.1813 -0.0838
vn -0.7314 0.2348 -0.6403
vn -0.0000 0.2326 -0.9726
vn -0.7573 0.1568 -0.6340
vn -0.0000 0.0906 -0.9959
vn -0.9951 0.0541 -0.0824
vn -0.7521 0.0947 -0.6522
vn -0.9440 -0.1468 -0.2954
vn -0.7188 -0.1193 -0.6849
vn -0.8559 0.0073 0.5172
vn -0.4786 0.2267 0.8483
vn -0.8025 0.3428 0.4883
vn -0.4578 0.5514 0.6974
vn 0.9617 0.2470 0.1186
vn 0.9531 0.2483 0.1733
vn 0.0833 0.8202 0.5660
vn 0.9471 -0.2998 -0.1150
vn 0.4355 -0.8998 0.0265
vn 0.2900 -0.5722 -0.7671
vn 0.9071 -0.4209 0.0072
vn 0.6641 -0.2296 -0.7115
vn -0.8796 -0.1899 0.4362
vn -0.9081 0.3851 0.1643
vn -0.5584 0.4843 -0.6735
vn -0.9198 0.3890 0.0517
vn -0.9081 0.3851 0.1644
vn -0.2883 0.9310 -0.2238
vn 0.4881 0.5870 -0.6459
vn 0.0225 0.9984 -0.0523
vn -0.2666 -0.4283 -0.8634
vn 0.7356 -0.5951 -0.3236
vn 0.4881 0.5870 -0.6458
vn 0.9427 0.2823 -0.1778
vn -0.3935 -0.8767 -0.2767
vn -0.1947 -0.8474 -0.4940
vn -0.9571 -0.2817 -0.0677
vn -0.9442 0.3293 0.0108
vn -0.9025 -0.3370 -0.2683
vn -0.8835 0.4658 -0.0494
vn 0.0279 0.9912 0.1296
vn 0.6483 0.7591 -0.0591
vn -0.5038 0.8589 -0.0921
vn -0.2866 0.9136 0.2883
vn -0.0000 0.9441 -0.3297
vn 0.1872 0.9322 -0.3097
vn -0.8733 -0.4856 -0.0398
vn -0.7856 -0.3923 0.4785
vn -0.9038 -0.3978 0.1576
vn -0.9020 0.2740 0.3336
vn -0.6971 0.6817 0.2221
vn -0.2884 0.9310 -0.2238
vn 0.9427 0.2822 -0.1778
vn 0.0225 0.9500 0.3115
vn 0.6873 -0.4655 -0.5576
vn -0.1314 -0.9609 -0.2439
vn -0.2000 -0.6766 -0.7086
vn -0.9707 -0.2182 -0.1008
vn -0.8159 -0.2335 -0.5290
vn -0.6858 -0.0785 -0.7236
vn -0.9737 -0.2090 0.0905
vn -0.5585 0.4842 -0.6735
vn -0.0064 -0.6010 0.7992
vn -0.1314 -0.9609 -0.2438
vn -0.0088 0.6279 -0.7782
vn 0.9213 0.3877 -0.0295
vn 0.1017 0.8568 -0.5055
vn 0.8924 0.4289 -0.1399
vn 0.8242 -0.5503 -0.1336
vn 0.8883 -0.4104 0.2062
vn 0.3210 -0.9381 0.1303
vn 0.2310 -0.6273 -0.7438
vn 0.8755 -0.4805 0.0513
vn 0.6731 -0.2846 -0.6826
vn -0.9629 -0.1896 0.1923
vn -0.7333 0.6510 -0.1962
vn -0.8647 0.1169 0.4884
vn -0.6378 0.4340 -0.6362
vn -0.9090 0.4158 -0.0290
vn -0.0153 0.9946 -0.1029
vn 0.8861 0.2100 0.4132
vn 0.1385 0.8210 0.5539
vn 0.9006 0.2456 0.3587
vn 0.8861 0.2099 0.4133
vn 0.8276 -0.4949 -0.2647
vn -0.1659 -0.9688 -0.1842
vn -0.1941 -0.8580 -0.4756
vn -0.9059 -0.4058 -0.1210
vn -0.8898 -0.3707 -0.2662
vn -0.9473 0.3196 -0.0219
vn -0.9378 0.2206 -0.2680
vn 0.1389 0.7415 -0.6564
vn -0.8706 0.4835 0.0910
vn -0.8879 0.3321 0.3184
vn -0.7344 0.4120 0.5393
vn -0.7640 0.3360 0.5508
vn 0.0147 0.8580 -0.5135
vn 0.0167 0.8604 -0.5094
vn -0.1224 -0.9062 0.4047
vn -0.9628 -0.1896 0.1923
vn 0.7399 -0.2067 0.6401
vn 0.7367 0.2458 -0.6300
vn 0.8458 -0.0287 0.5327
vn 0.6730 -0.2845 -0.6827
vn -0.6700 -0.1255 -0.7317
vn 0.7367 0.2457 -0.6300
vn -0.9693 -0.2343 0.0740
vn -0.4239 -0.3572 0.8323
vn -0.0286 -0.1573 0.9871
vn -0.7344 0.0163 0.6786
vn -0.1941 0.5320 0.8242
vn 0.0056 0.4368 0.8995
vn -0.2693 0.5691 0.7769
vn 0.0292 0.3490 0.9367
vn -0.3368 -0.4444 -0.8301
vn -0.6086 -0.2047 -0.7667
vn -0.0000 -0.5349 -0.8449
vn -0.0000 -0.2559 -0.9667
vn -0.4104 0.7384 0.5350
vn -0.0000 0.3859 0.9225
vn -0.0000 0.0336 0.9994
vn -0.4103 -0.0642 0.9097
vn -0.8732 -0.4857 -0.0398
vn -0.9859 0.0624 -0.1551
vn -0.8423 -0.1353 0.5217
vn -0.4011 -0.5230 -0.7521
vn -0.6040 -0.7835 0.1458
vn -0.4397 -0.4617 -0.7704
vn -0.6646 -0.7446 0.0626
vn -0.0000 0.9159 -0.4014
vn -0.7409 -0.0892 0.6657
vn -0.2905 0.2328 0.9281
vn -0.7305 0.2171 0.6475
vn 0.0191 0.3091 0.9508
vn 0.8222 -0.4150 0.3896
vn 0.9471 -0.2997 -0.1150
vn 0.6122 0.4427 -0.6551
vn 0.1457 0.6886 -0.7103
vn 0.2311 -0.6273 -0.7437
vn 0.6730 -0.2846 -0.6827
vn -0.0000 0.0358 0.9994
vn -0.0000 0.1293 0.9916
vn -0.0000 0.0296 -0.9996
vn -0.0000 0.0892 -0.9960
vn -0.0000 0.1287 -0.9917
vn -0.0000 0.3661 -0.9306
vn -0.5687 0.7457 0.3472
vn 0.2708 -0.5113 0.8156
vn -0.1344 -0.9690 0.2073
vn -0.0664 -0.4791 0.8752
vn -0.8798 0.0966 0.4654
vn -0.7286 -0.0394 0.6838
vn 0.0018 -0.0592 0.9982
vn 0.7799 0.0188 0.6256
vn 0.7513 -0.1719 0.6372
vn 0.6123 0.4428 -0.6550
vn -0.7112 0.6168 -0.3373
vn 0.1776 0.3717 -0.9112
vn 0.2734 -0.7810 -0.5615
vn -0.3187 -0.8850 -0.3395
vn -0.2840 -0.9588 0.0101
vn -0.8749 -0.4710 -0.1126
vn -0.9802 -0.0729 0.1844
vn -0.9149 -0.0397 0.4016
vn -0.8654 0.4508 0.2187
vn -0.7902 0.5949 -0.1472
vn 0.8924 0.4290 -0.1399
vn 0.1777 0.3717 -0.9112
vn -0.0950 -0.9025 -0.4201
vn -0.8388 -0.5111 0.1873
vn 0.1757 0.3739 -0.9107
vn 0.1777 0.3716 -0.9112
vn -0.9882 -0.1089 -0.1078
vn 0.1407 0.8932 -0.4270
vn 0.6641 -0.2296 -0.7116
vn 0.6123 0.4427 -0.6551
vn -0.5585 0.4843 -0.6735
vn -0.1130 -0.6664 -0.7370
vn 0.7366 0.2457 -0.6300
vn 0.1458 0.6886 -0.7103
vn -0.1350 -0.9881 0.0734
vn -0.0985 -0.5892 0.8020
vn 0.3462 -0.5440 0.7644
vn -0.4937 -0.4053 0.7694
vn 0.0453 -0.9795 -0.1961
vn 0.8222 -0.4150 0.3895
vn -0.0063 -0.6010 0.7992
vn 0.6123 0.4427 -0.6550
vn -0.8305 -0.0692 0.5527
vn -0.0000 -0.1989 0.9800
vn 0.0146 0.9885 -0.1508
vn -0.9990 0.0209 -0.0400
vn -0.9996 0.0133 -0.0232
vn -0.0000 0.0071 -1.0000
vn -0.0000 -0.0127 -0.9999
vn -0.9777 0.2067 -0.0377
vn -0.0783 0.8942 -0.4408
vn 0.0365 0.7218 -0.6912
vn -0.9848 -0.1728 -0.0161
vn -0.0041 -0.3042 -0.9526
vn -0.0000 0.0292 -0.9996
vn -0.9994 0.0301 -0.0160
vn -0.5687 0.7456 0.3472
vn -0.9754 -0.2168 -0.0391
vn 0.0380 -0.3788 -0.9247
vn -0.0000 0.0399 0.9992
vn -0.0000 0.0327 0.9995
vn 0.0105 -0.0434 0.9990
vn -0.0807 -0.0184 0.9966
vn -0.0000 0.6293 0.7772
vn -0.0000 0.0546 0.9985
vn 0.0152 0.6099 0.7924
vn -0.9926 -0.0032 -0.1211
vn -0.0192 0.9072 -0.4202
vn 0.1063 -0.5406 -0.8345
vn -0.2125 0.2225 0.9515
vn 0.2447 0.9341 0.2601
vn -0.9992 0.0283 -0.0289
vn -0.0000 0.0199 -0.9998
vn -0.0000 0.0434 0.9991
vn -0.5872 -0.7973 -0.1395
vn -0.6995 -0.6668 0.2569
vn -0.8212 -0.2464 0.5147
vn -0.8676 -0.3582 -0.3448
vn -0.8406 -0.5321 0.1017
vn -0.7842 -0.5742 -0.2353
vn -0.8118 -0.3070 -0.4968
vn -0.8197 -0.4960 -0.2865
vn -0.7485 0.0048 -0.6631
vn -0.9314 -0.3239 -0.1663
vn -0.4803 -0.0190 -0.8769
vn -0.7483 -0.1004 -0.6557
vn -0.0000 -0.9328 -0.3604
vn -0.6552 -0.1615 0.7380
vn -0.3990 -0.2649 0.8779
vn -0.7398 -0.1941 0.6442
vn -0.4075 -0.5323 0.7420
vn -0.0000 -0.9288 0.3705
vn -0.3886 -0.8133 0.4331
vn -0.0000 -0.9122 -0.4096
vn -0.0000 -0.3307 0.9437
vn -0.0000 -0.8883 -0.4593
vn -0.4363 -0.8735 -0.2159
vn -0.3457 -0.6437 -0.6827
vn -0.7974 -0.3254 -0.5082
vn -0.1071 -0.1560 -0.9819
vn -0.2592 -0.0957 -0.9611
vn -0.9095 -0.4153 0.0208
vn -0.8209 -0.0884 -0.5642
vn -0.9663 -0.2379 0.0985
vn -0.2167 0.1713 -0.9611
vn -0.7728 -0.1892 0.6058
vn -0.7265 -0.3522 0.5901
vn -0.7671 -0.5471 0.3351
vn 0.4327 -0.5657 -0.7020
vn -0.6986 -0.6673 0.2580
vn 0.4968 -0.6031 0.6241
vn -0.9535 -0.2720 -0.1296
vn -0.5031 -0.5175 0.6921
vn -0.8256 -0.5584 0.0808
vn -0.5823 -0.7102 0.3958
vn -0.6901 -0.0428 -0.7225
vn -0.6094 -0.7590 -0.2293
vn -0.4122 -0.6642 0.6236
vn -0.0000 -0.9493 -0.3145
vn -0.0000 -0.7674 0.6412
vn -0.5338 -0.4221 -0.7327
vn -0.0000 -0.4882 -0.8727
vn -0.0000 0.1247 -0.9922
vn -0.0000 0.2284 -0.9736
vn -0.0000 -0.0191 -0.9998
vn -0.2675 -0.5217 0.8101
vn -0.3232 -0.7947 0.5138
vn -0.0000 -0.5209 0.8536
vn -0.0000 -0.7264 0.6873
vn -0.6301 -0.7360 0.2474
vn -0.4951 -0.8308 0.2543
vn -0.7875 -0.4628 0.4069
vn -0.5148 -0.3331 0.7900
vn -0.6038 -0.5102 0.6124
vn -0.3939 -0.7584 0.5193
vn -0.3963 -0.8870 -0.2370
vn -0.3852 -0.8260 -0.4115
vn -0.7860 -0.5322 0.3146
vn -0.5823 -0.7010 0.4116
vn -0.8155 -0.2863 0.5030
vn -0.8365 -0.4063 0.3677
vn -0.2313 -0.7731 0.5907
vn -0.8116 -0.4760 0.3389
vn -0.9567 -0.2255 0.1839
vn -0.8999 -0.1768 0.3987
vn -0.4220 -0.4330 0.7965
vn -0.5829 -0.4543 0.6737
vn -0.9349 -0.2187 -0.2794
vn -0.7201 -0.2844 0.6329
vn 0.0420 -0.3882 -0.9206
vn -0.0000 -0.3572 -0.9340
vn -0.1072 -0.1560 -0.9819
vn -0.0000 -0.1872 -0.9823
vn 0.0178 -0.0165 -0.9997
vn 0.2748 -0.1275 -0.9530
vn 0.5496 -0.8008 -0.2380
vn 0.4326 -0.5657 -0.7020
vn 0.7796 -0.3624 0.5108
vn 0.5496 -0.8008 -0.2379
vn 0.2607 -0.6697 0.6953
vn -0.5031 -0.5175 0.6922
vn -0.2984 -0.4502 0.8416
vn -0.3779 -0.4768 0.7937
vn -0.0000 -0.5634 0.8262
vn -0.0032 -0.3838 0.9234
vn -0.4123 -0.6642 0.6236
vn -0.0000 -0.9996 0.0272
vn 0.0140 -0.9983 0.0559
vn -0.1010 -0.7208 0.6857
vn 0.1066 -0.9716 -0.2114
vn -0.9105 -0.4073 -0.0717
vn -0.4023 -0.9155 -0.0082
vn -0.6095 -0.6559 -0.4453
vn -0.4582 -0.8752 0.1550
vn 0.9441 -0.1697 0.2827
vn -0.8960 0.0994 0.4329
vn 0.0173 -0.3147 0.9490
vn -0.2651 -0.9639 0.0228
vn 0.9441 -0.1697 0.2826
vn -0.7656 0.5638 -0.3100
vn 0.8299 0.5014 -0.2446
vn 0.0533 0.2325 -0.9711
vn 0.0526 -0.7369 -0.6740
vn 0.8300 0.5013 -0.2446
vn -0.4473 -0.8782 0.1696
vn -0.6174 -0.7808 0.0954
vn -0.1494 -0.9840 0.0966
vn 0.4929 -0.8657 0.0877
vn 0.3525 -0.8293 0.4337
vn -0.0935 -0.8006 0.5919
vn -0.5167 -0.6925 0.5035
vn -0.7002 -0.7105 0.0701
vn 0.3890 -0.8637 -0.3205
vn -0.0676 -0.8640 -0.4989
vn -0.5567 -0.7313 -0.3940
vn -0.0112 -0.4679 0.8837
vn 0.6463 -0.4875 0.5870
vn 0.0524 -0.2643 0.9630
vn 0.7194 -0.2736 0.6385
vn 0.8849 -0.4633 0.0484
vn 0.9824 -0.1844 0.0281
vn -0.6184 0.0307 0.7853
vn -0.6193 -0.1992 0.7594
vn -0.9992 0.0191 0.0343
vn -0.9601 -0.2780 0.0296
vn 0.7013 -0.4358 -0.5641
vn 0.7825 -0.1321 -0.6085
vn 0.0580 -0.4265 -0.9026
vn 0.0806 -0.1194 -0.9896
vn -0.6638 -0.2835 -0.6921
vn -0.6501 -0.0362 -0.7590
vn -0.2054 -0.2556 0.9447
vn -0.0000 -0.3585 0.9335
vn -0.0000 -0.7161 0.6980
vn -0.0000 -0.7250 -0.6888
vn -0.6073 -0.3319 -0.7218
vn -0.0000 -0.4766 -0.8791
vn -0.0000 -0.7365 -0.6764
vn -0.0000 -0.4765 -0.8792
vn -0.5487 -0.6777 -0.4895
vn -0.4457 -0.7413 -0.5018
vn -0.2357 -0.9285 -0.2869
vn -0.0000 -0.7999 -0.6002
vn -0.0000 -0.9384 -0.3456
vn -0.7400 0.0316 -0.6719
vn -0.9657 0.0691 -0.2505
vn -0.3568 -0.9291 0.0975
vn -0.6272 -0.7782 -0.0320
vn -0.7580 -0.5135 0.4023
vn -0.8284 -0.3824 0.4092
vn -0.7007 -0.1462 0.6983
vn -0.1655 0.1605 0.9731
vn -0.0000 -0.5301 0.8479
vn -0.9386 0.0881 0.3337
vn -0.7830 -0.5941 -0.1845
vn -0.7343 -0.2492 0.6314
vn -0.8854 0.0885 -0.4562
vn -0.9767 0.0645 -0.2049
vn -0.8289 0.0022 -0.5595
vn -0.6721 -0.1794 -0.7184
vn -0.9685 0.0834 -0.2346
vn -0.9946 -0.1039 0.0054
vn -0.9411 -0.3118 -0.1305
vn -0.5309 -0.5763 0.6213
vn 0.3844 0.1716 0.9071
vn -0.5889 -0.4935 0.6400
vn 0.3281 0.3046 0.8942
vn -0.9386 0.0881 0.3336
vn 0.0573 0.7110 0.7009
vn -0.9767 0.0645 -0.2048
vn -0.1081 0.9807 0.1628
vn -0.8855 0.0885 -0.4562
vn 0.0238 0.9592 -0.2818
vn -0.8289 0.0022 -0.5594
vn 0.0401 0.7284 -0.6839
vn -0.6721 -0.1793 -0.7184
vn -0.5765 0.7568 -0.3082
vn -0.9685 0.0834 -0.2347
vn -0.6685 -0.3872 0.6350
vn 0.1957 0.2286 0.9536
vn -0.0000 -0.1906 0.9817
vn -0.0980 -0.1568 0.9828
vn -0.0000 0.0826 0.9966
vn 0.0001 0.2734 0.9619
vn -0.0001 0.3980 0.9174
vn -0.3551 -0.1072 0.9287
vn -0.7805 -0.1751 0.6002
vn -0.9220 -0.0873 0.3772
vn -0.9851 -0.1355 0.1063
vn -0.9654 0.1691 0.1984
vn -0.9580 0.0473 0.2827
vn -0.8958 0.3269 -0.3010
vn -0.0000 -0.8780 -0.4786
vn -0.1825 0.0893 0.9791
vn -0.0000 0.5117 0.8592
vn -0.0879 0.3575 0.9298
vn -0.0000 0.7492 0.6623
vn 0.2619 0.7337 0.6270
vn -0.2158 -0.0673 0.9741
vn 0.0001 0.5602 0.8283
vn -0.1059 0.8251 0.5550
vn 0.5531 0.7587 0.3442
vn -0.8906 -0.1922 -0.4122
vn -0.8581 -0.4935 -0.1418
vn -0.5765 0.7567 -0.3082
vn -0.9790 -0.0471 0.1986
vn -0.9685 0.0835 -0.2346
vn -0.6405 0.2345 0.7313
vn -0.1060 0.8251 0.5550
vn -0.7579 -0.5135 0.4023
vn -0.0060 0.5870 -0.8096
vn -0.0000 0.6293 0.7771
vn 0.0643 0.9737 -0.2188
vn 0.0642 0.9737 -0.2188
vn 0.9798 0.1813 -0.0838
vn 0.8231 0.1429 0.5497
vn 0.9905 0.1186 -0.0702
vn 0.7827 0.1844 0.5945
vn 0.7573 0.1568 -0.6340
vn 0.7314 0.2348 -0.6403
vn 0.7188 -0.1193 -0.6849
vn 0.7521 0.0947 -0.6522
vn 0.9440 -0.1468 -0.2954
vn 0.9954 0.0552 -0.0785
vn 0.4578 0.5514 0.6974
vn 0.4786 0.2267 0.8483
vn 0.8025 0.3428 0.4883
vn 0.8559 0.0073 0.5172
vn -0.9531 0.2483 0.1733
vn -0.9617 0.2470 0.1186
vn -0.0833 0.8202 0.5660
vn -0.9471 -0.2998 -0.1150
vn -0.6641 -0.2296 -0.7115
vn -0.2900 -0.5722 -0.7671
vn -0.9071 -0.4209 0.0072
vn -0.4355 -0.8998 0.0265
vn 0.9081 0.3851 0.1643
vn 0.8796 -0.1899 0.4362
vn 0.5585 0.4843 -0.6735
vn 0.9198 0.3890 0.0517
vn 0.9081 0.3851 0.1644
vn -0.4881 0.5870 -0.6459
vn 0.2884 0.9310 -0.2238
vn -0.0225 0.9984 -0.0523
vn -0.9427 0.2823 -0.1778
vn -0.7356 -0.5951 -0.3236
vn -0.4881 0.5870 -0.6458
vn 0.2666 -0.4283 -0.8634
vn 0.1947 -0.8474 -0.4940
vn 0.3935 -0.8767 -0.2767
vn 0.9442 0.3293 0.0108
vn 0.9571 -0.2817 -0.0677
vn 0.9025 -0.3370 -0.2683
vn 0.8835 0.4658 -0.0494
vn -0.6483 0.7591 -0.0591
vn -0.0279 0.9912 0.1296
vn 0.5038 0.8589 -0.0921
vn 0.2866 0.9136 0.2883
vn -0.1872 0.9322 -0.3097
vn 0.7856 -0.3923 0.4785
vn 0.8733 -0.4856 -0.0398
vn 0.9038 -0.3978 0.1576
vn 0.9020 0.2740 0.3336
vn 0.6971 0.6817 0.2221
vn -0.9427 0.2822 -0.1778
vn -0.0225 0.9500 0.3115
vn -0.6873 -0.4655 -0.5576
vn 0.2000 -0.6766 -0.7086
vn 0.1314 -0.9609 -0.2439
vn 0.8159 -0.2335 -0.5290
vn 0.9707 -0.2182 -0.1008
vn 0.9737 -0.2090 0.0905
vn 0.6858 -0.0785 -0.7236
vn 0.5585 0.4842 -0.6735
vn 0.1315 -0.9609 -0.2438
vn 0.0064 -0.6010 0.7992
vn -0.8924 0.4289 -0.1399
vn -0.9213 0.3877 -0.0295
vn -0.1017 0.8568 -0.5055
vn 0.0088 0.6279 -0.7782
vn -0.8883 -0.4104 0.2062
vn -0.8242 -0.5503 -0.1336
vn -0.6731 -0.2846 -0.6827
vn -0.2310 -0.6273 -0.7438
vn -0.8755 -0.4805 0.0513
vn -0.3210 -0.9381 0.1303
vn 0.6378 0.4340 -0.6362
vn 0.7333 0.6510 -0.1962
vn 0.8647 0.1169 0.4884
vn 0.9629 -0.1896 0.1923
vn 0.9090 0.4158 -0.0290
vn -0.9006 0.2456 0.3587
vn -0.8823 0.2133 0.4195
vn -0.1202 0.7941 0.5957
vn 0.0364 0.9931 -0.1117
vn -0.8276 -0.4949 -0.2647
vn 0.1941 -0.8580 -0.4756
vn 0.1659 -0.9688 -0.1842
vn 0.9332 0.2352 -0.2717
vn 0.8898 -0.3707 -0.2662
vn 0.9451 0.3265 -0.0117
vn 0.9059 -0.4058 -0.1210
vn -0.1389 0.7415 -0.6564
vn 0.7633 0.3357 0.5520
vn 0.8875 0.3321 0.3195
vn 0.7227 0.4425 0.5310
vn 0.8685 0.4866 0.0939
vn -0.0167 0.8604 -0.5094
vn -0.0147 0.8580 -0.5135
vn 0.9628 -0.1896 0.1923
vn 0.1224 -0.9062 0.4047
vn -0.7367 0.2458 -0.6300
vn -0.7399 -0.2067 0.6401
vn -0.8458 -0.0287 0.5327
vn 0.6700 -0.1255 -0.7317
vn -0.7367 0.2457 -0.6300
vn -0.6731 -0.2845 -0.6827
vn 0.9693 -0.2343 0.0740
vn 0.6700 -0.1256 -0.7317
vn 0.4239 -0.3572 0.8323
vn 0.7344 0.0163 0.6786
vn 0.0286 -0.1573 0.9871
vn 0.2732 0.5687 0.7759
vn 0.1852 0.5449 0.8178
vn 0.6086 -0.2047 -0.7667
vn 0.3368 -0.4444 -0.8301
vn 0.4104 0.7384 0.5350
vn 0.4103 -0.0642 0.9097
vn 0.9859 0.0624 -0.1551
vn 0.8732 -0.4857 -0.0398
vn 0.8423 -0.1353 0.5217
vn 0.4011 -0.5230 -0.7521
vn 0.6040 -0.7835 0.1458
vn 0.6646 -0.7446 0.0626
vn 0.4397 -0.4617 -0.7704
vn 0.7402 -0.0886 0.6665
vn 0.2898 0.2330 0.9283
vn 0.7748 0.2053 0.5980
vn -0.8222 -0.4150 0.3896
vn -0.6123 0.4427 -0.6551
vn -0.1457 0.6886 -0.7103
vn -0.1390 0.7415 -0.6564
vn -0.2311 -0.6273 -0.7437
vn -0.6730 -0.2846 -0.6827
vn -0.0000 0.0297 -0.9996
vn 0.5687 0.7457 0.3472
vn -0.2709 -0.5113 0.8156
vn 0.1344 -0.9690 0.2073
vn 0.0664 -0.4791 0.8752
vn 0.7286 -0.0394 0.6838
vn 0.8798 0.0966 0.4654
vn -0.0018 -0.0592 0.9982
vn -0.7513 -0.1719 0.6372
vn -0.7799 0.0188 0.6256
vn -0.6123 0.4427 -0.6550
vn 0.7260 0.5708 -0.3834
vn -0.2734 -0.7810 -0.5615
vn -0.1512 0.4027 -0.9028
vn 0.2840 -0.9588 0.0101
vn 0.3187 -0.8850 -0.3395
vn 0.8749 -0.4710 -0.1126
vn 0.9144 -0.0393 0.4029
vn 0.8653 0.4508 0.2190
vn 0.9801 -0.0727 0.1847
vn 0.7879 0.5962 -0.1543
vn 0.7260 0.5709 -0.3834
vn -0.8924 0.4290 -0.1399
vn -0.1512 0.4026 -0.9028
vn 0.0950 -0.9025 -0.4201
vn 0.8388 -0.5111 0.1874
vn -0.1511 0.4026 -0.9028
vn 0.9882 -0.1089 -0.1078
vn -0.9530 0.2483 0.1733
vn -0.1407 0.8932 -0.4270
vn -0.6641 -0.2296 -0.7116
vn 0.4396 -0.4617 -0.7704
vn 0.1130 -0.6664 -0.7370
vn -0.7366 0.2457 -0.6301
vn -0.3462 -0.5440 0.7644
vn 0.0985 -0.5892 0.8020
vn 0.1350 -0.9881 0.0734
vn 0.4937 -0.4053 0.7694
vn -0.0453 -0.9795 -0.1961
vn -0.8222 -0.4150 0.3895
vn 0.0063 -0.6010 0.7992
vn 0.8305 -0.0692 0.5527
vn -0.0000 -0.1988 0.9800
vn -0.0146 0.9885 -0.1508
vn 0.9996 0.0133 -0.0232
vn 0.9990 0.0209 -0.0400
vn 0.9679 0.2455 -0.0541
vn -0.0041 -0.3041 -0.9526
vn 0.9848 -0.1728 -0.0161
vn 0.9994 0.0301 -0.0160
vn 0.9810 -0.1888 0.0458
vn -0.0806 -0.0184 0.9966
vn 0.0104 -0.0434 0.9990
vn 0.0152 0.6098 0.7924
vn 0.9993 -0.0208 -0.0308
vn -0.2126 0.2226 0.9515
vn 0.9992 0.0283 -0.0289
vn 0.6995 -0.6668 0.2569
vn 0.5872 -0.7973 -0.1395
vn 0.8212 -0.2464 0.5147
vn 0.8406 -0.5321 0.1017
vn 0.8676 -0.3582 -0.3448
vn 0.7842 -0.5742 -0.2353
vn 0.8118 -0.3070 -0.4968
vn 0.8197 -0.4960 -0.2865
vn 0.7485 0.0048 -0.6631
vn 0.9314 -0.3239 -0.1663
vn 0.4803 -0.0190 -0.8769
vn 0.7483 -0.1004 -0.6557
vn 0.4075 -0.5323 0.7420
vn 0.3990 -0.2649 0.8779
vn 0.7398 -0.1941 0.6442
vn 0.6552 -0.1615 0.7380
vn 0.3886 -0.8133 0.4331
vn 0.4363 -0.8735 -0.2159
vn 0.2592 -0.0957 -0.9611
vn 0.7974 -0.3254 -0.5082
vn 0.1072 -0.1560 -0.9819
vn 0.3457 -0.6437 -0.6827
vn 0.9095 -0.4153 0.0208
vn 0.9663 -0.2379 0.0985
vn 0.8209 -0.0884 -0.5642
vn 0.2167 0.1713 -0.9611
vn 0.7728 -0.1892 0.6058
vn 0.7265 -0.3522 0.5901
vn 0.7671 -0.5471 0.3351
vn -0.4327 -0.5657 -0.7020
vn 0.6986 -0.6673 0.2580
vn -0.4968 -0.6031 0.6240
vn 0.5031 -0.5175 0.6921
vn 0.9535 -0.2720 -0.1296
vn 0.8256 -0.5584 0.0808
vn 0.5823 -0.7102 0.3958
vn 0.6901 -0.0428 -0.7225
vn 0.4123 -0.6642 0.6236
vn 0.6094 -0.7590 -0.2293
vn 0.5338 -0.4221 -0.7327
vn 0.3268 -0.7935 0.5135
vn 0.2683 -0.5219 0.8097
vn 0.6174 -0.7808 0.0954
vn 0.4950 -0.8298 0.2576
vn 0.6301 -0.7360 0.2474
vn 0.7875 -0.4628 0.4069
vn 0.4441 -0.8794 0.1713
vn 0.5851 -0.7005 0.4085
vn 0.3973 -0.7564 0.5196
vn 0.6090 -0.5041 0.6123
vn 0.3852 -0.8260 -0.4115
vn 0.7844 -0.5315 0.3197
vn 0.3963 -0.8870 -0.2370
vn 0.8111 -0.4768 0.3389
vn 0.8460 -0.3974 0.3554
vn 0.4592 -0.8748 0.1542
vn 0.2313 -0.7731 0.5907
vn 0.9003 -0.1760 0.3981
vn 0.9567 -0.2255 0.1839
vn 0.4220 -0.4330 0.7965
vn 0.5829 -0.4543 0.6737
vn 0.9349 -0.2187 -0.2794
vn 0.7201 -0.2844 0.6329
vn -0.0420 -0.3882 -0.9206
vn -0.0178 -0.0165 -0.9997
vn -0.2748 -0.1275 -0.9530
vn -0.5496 -0.8008 -0.2380
vn -0.5496 -0.8008 -0.2379
vn -0.7796 -0.3624 0.5108
vn -0.4968 -0.6031 0.6241
vn 0.5031 -0.5175 0.6922
vn -0.2607 -0.6697 0.6953
vn 0.3779 -0.4768 0.7937
vn 0.2984 -0.4502 0.8416
vn 0.0032 -0.3838 0.9234
vn 0.1010 -0.7208 0.6857
vn -0.0140 -0.9983 0.0559
vn -0.1066 -0.9716 -0.2114
vn 0.9105 -0.4073 -0.0717
vn 0.4023 -0.9155 -0.0082
vn 0.6095 -0.6559 -0.4453
vn 0.8960 0.0994 0.4329
vn -0.9441 -0.1697 0.2827
vn -0.0173 -0.3147 0.9490
vn 0.2651 -0.9639 0.0228
vn -0.9441 -0.1697 0.2826
vn -0.8299 0.5014 -0.2447
vn 0.7656 0.5638 -0.3100
vn -0.0533 0.2325 -0.9711
vn -0.0526 -0.7369 -0.6740
vn -0.8300 0.5013 -0.2446
vn -0.4929 -0.8657 0.0877
vn 0.1494 -0.9840 0.0966
vn -0.3525 -0.8293 0.4337
vn 0.0935 -0.8006 0.5919
vn 0.5167 -0.6925 0.5035
vn 0.7002 -0.7105 0.0701
vn -0.3890 -0.8637 -0.3205
vn 0.0676 -0.8640 -0.4989
vn 0.5567 -0.7313 -0.3940
vn -0.7194 -0.2736 0.6385
vn -0.6463 -0.4875 0.5870
vn -0.0524 -0.2643 0.9630
vn 0.0112 -0.4679 0.8837
vn -0.9824 -0.1844 0.0281
vn -0.8849 -0.4633 0.0484
vn 0.6193 -0.1992 0.7594
vn 0.6184 0.0307 0.7853
vn 0.9601 -0.2780 0.0296
vn 0.9992 0.0191 0.0343
vn -0.7825 -0.1321 -0.6085
vn -0.7013 -0.4358 -0.5641
vn -0.0806 -0.1194 -0.9896
vn -0.0580 -0.4265 -0.9026
vn 0.6501 -0.0362 -0.7590
vn 0.6638 -0.2835 -0.6921
vn 0.2054 -0.2556 0.9447
vn 0.6073 -0.3319 -0.7218
vn 0.5487 -0.6777 -0.4895
vn 0.2357 -0.9285 -0.2869
vn 0.4457 -0.7413 -0.5018
vn 0.7400 0.0316 -0.6719
vn 0.9657 0.0691 -0.2505
vn 0.8285 -0.3814 0.4100
vn 0.6273 -0.7782 -0.0318
vn 0.7579 -0.5131 0.4029
vn 0.3568 -0.9291 0.0975
vn 0.7007 -0.1448 0.6986
vn 0.1653 0.1610 0.9730
vn 0.7830 -0.5940 -0.1846
vn 0.9386 0.0883 0.3334
vn 0.7343 -0.2492 0.6314
vn 0.8853 0.0889 -0.4564
vn 0.9766 0.0649 -0.2052
vn 0.8289 0.0027 -0.5594
vn 0.6723 -0.1789 -0.7183
vn 0.9946 -0.1039 0.0054
vn 0.9685 0.0837 -0.2347
vn 0.9412 -0.3118 -0.1305
vn -0.3280 0.3045 0.8942
vn -0.3844 0.1715 0.9071
vn 0.5889 -0.4935 0.6400
vn 0.5309 -0.5763 0.6213
vn -0.0572 0.7110 0.7009
vn -0.0245 0.9592 -0.2816
vn 0.1077 0.9808 0.1628
vn -0.0403 0.7285 -0.6839
vn 0.6723 -0.1789 -0.7184
vn 0.5760 0.7571 -0.3084
vn -0.1957 0.2286 0.9536
vn 0.6685 -0.3872 0.6350
vn 0.0980 -0.1568 0.9828
vn -0.0000 0.2734 0.9619
vn 0.3551 -0.1072 0.9287
vn 0.5176 -0.3335 0.7880
vn 0.7805 -0.1751 0.6002
vn 0.8116 -0.2931 0.5055
vn 0.9220 -0.0873 0.3772
vn 0.9580 0.0473 0.2827
vn 0.9654 0.1691 0.1984
vn 0.9851 -0.1355 0.1063
vn 0.8958 0.3269 -0.3010
vn 0.1825 0.0893 0.9791
vn 0.0879 0.3575 0.9298
vn -0.2620 0.7336 0.6271
vn 0.2158 -0.0673 0.9741
vn 0.6685 -0.3871 0.6350
vn 0.1059 0.8253 0.5547
vn -0.5532 0.7585 0.3444
vn 0.8906 -0.1921 -0.4122
vn 0.8582 -0.4933 -0.1417
vn 0.9790 -0.0460 0.1987
vn 0.5759 0.7571 -0.3083
vn 0.9685 0.0836 -0.2347
vn 0.6405 0.2357 0.7309
vn 0.3564 -0.9292 0.0976
vn 0.0001 0.5602 0.8284
vn -0.0000 0.6294 0.7771
vn -0.0643 0.9737 -0.2188
vn -0.0642 0.9737 -0.2188
vn 0.2448 0.9340 0.2601
vn -0.1131 -0.6664 -0.7370
vn 0.1131 -0.6664 -0.7370
vn -0.0805 -0.6713 -0.7368
vn 0.0805 -0.6713 -0.7368
vt 0.498323 0.286279
vt 0.424439 0.270982
vt 0.490527 0.188488
vt 0.419863 0.175591
vt 0.388574 0.114824
vt 0.387110 0.036170
vt 0.473531 0.116046
vt 0.462881 0.024035
vt 0.575794 0.203678
vt 0.554591 0.117775
vt 0.647131 0.170901
vt 0.631430 0.117866
vt 0.265983 0.238267
vt 0.238489 0.273890
vt 0.209500 0.218288
vt 0.198272 0.261351
vt 0.670190 0.722006
vt 0.691529 0.667025
vt 0.735136 0.667756
vt 0.651399 0.688564
vt 0.491013 0.457426
vt 0.489696 0.436755
vt 0.522323 0.464361
vt 0.523204 0.441002
vt 0.748760 0.154790
vt 0.846511 0.221003
vt 0.702116 0.195793
vt 0.750595 0.759056
vt 0.769610 0.697618
vt 0.628436 0.853225
vt 0.603936 0.794513
vt 0.682300 0.782701
vt 0.850634 0.949928
vt 0.855607 0.858624
vt 0.976249 0.886326
vt 0.935504 0.832564
vt 0.808071 0.911543
vt 0.826462 0.856471
vt 0.773298 0.901611
vt 0.682051 0.883920
vt 0.798389 0.845324
vt 0.727177 0.805165
vt 0.836876 0.265672
vt 0.819268 0.276689
vt 0.827820 0.247710
vt 0.136129 0.205866
vt 0.092331 0.250798
vt 0.079619 0.190734
vt 0.778340 0.978021
vt 0.727837 0.986168
vt 0.744532 0.957876
vt 0.654145 0.942129
vt 0.150549 0.162080
vt 0.107351 0.143412
vt 0.636511 0.752691
vt 0.703906 0.748226
vt 0.858225 0.810243
vt 0.915105 0.770335
vt 0.881309 0.737869
vt 0.839178 0.726390
vt 0.825849 0.809430
vt 0.790941 0.724454
vt 0.796606 0.791831
vt 0.380423 0.503339
vt 0.401405 0.496206
vt 0.381673 0.587781
vt 0.762617 0.117358
vt 0.841309 0.151129
vt 0.840944 0.182341
vt 0.276994 0.844290
vt 0.289260 0.892246
vt 0.159133 0.853947
vt 0.142986 0.891574
vt 0.249189 0.681091
vt 0.130961 0.736048
vt 0.220902 0.636701
vt 0.103351 0.713829
vt 0.853755 0.567147
vt 0.850877 0.537561
vt 0.820193 0.572701
vt 0.816552 0.543691
vt 0.922842 0.666794
vt 0.937905 0.700942
vt 0.927439 0.659643
vt 0.972009 0.685556
vt 0.286840 0.791887
vt 0.144857 0.824854
vt 0.414035 0.822291
vt 0.411621 0.882003
vt 0.320278 0.839779
vt 0.329663 0.891150
vt 0.311246 0.577548
vt 0.320533 0.642374
vt 0.245633 0.622933
vt 0.257191 0.717778
vt 0.358490 0.672552
vt 0.278541 0.751164
vt 0.387463 0.710618
vt 0.319311 0.786050
vt 0.411898 0.768741
vt 0.146585 0.856027
vt 0.652840 0.264350
vt 0.696345 0.327140
vt 0.634453 0.346220
vt 0.679010 0.382478
vt 0.289750 0.843137
vt 0.283984 0.843507
vt 0.156389 0.755191
vt 0.153525 0.789406
vt 0.828695 0.603697
vt 0.810782 0.690369
vt 0.851148 0.660460
vt 0.046936 0.419029
vt 0.046798 0.308269
vt 0.121604 0.398704
vt 0.130869 0.326800
vt 0.988988 0.603504
vt 0.964559 0.590717
vt 0.911026 0.597213
vt 0.887376 0.647650
vt 0.937192 0.599861
vt 0.653716 0.424643
vt 0.624145 0.490971
vt 0.601145 0.412358
vt 0.573853 0.456971
vt 0.905419 0.216367
vt 0.903903 0.135279
vt 0.957818 0.203445
vt 0.959381 0.129666
vt 0.159102 0.234199
vt 0.203495 0.320368
vt 0.275720 0.335635
vt 0.290835 0.296190
vt 0.316908 0.158423
vt 0.357368 0.162125
vt 0.305786 0.252653
vt 0.915774 0.534748
vt 0.917507 0.564791
vt 0.946346 0.538066
vt 0.947698 0.567988
vt 0.397479 0.458270
vt 0.426833 0.445389
vt 0.406101 0.480874
vt 0.432902 0.465683
vt 0.056090 0.209925
vt 0.718460 0.405652
vt 0.687205 0.436588
vt 0.571745 0.313995
vt 0.523582 0.419282
vt 0.772128 0.085267
vt 0.861657 0.134312
vt 0.686178 0.259514
vt 0.940225 0.730129
vt 0.974626 0.725480
vt 0.036291 0.388488
vt 0.033457 0.328650
vt 0.800988 0.605572
vt 0.779808 0.622568
vt 0.398610 0.359909
vt 0.464921 0.385745
vt 0.633240 0.026432
vt 0.546602 0.019784
vt 0.330486 0.108808
vt 0.206741 0.077642
vt 0.319610 0.043659
vt 0.217172 0.049778
vt 0.132940 0.255187
vt 0.856777 0.599131
vt 0.887317 0.561593
vt 0.884860 0.594565
vt 0.426498 0.543515
vt 0.425349 0.505243
vt 0.470283 0.527484
vt 0.511747 0.532099
vt 0.513883 0.493993
vt 0.555512 0.588314
vt 0.036236 0.152646
vt 0.009703 0.167822
vt 0.679396 0.175981
vt 0.892291 0.143563
vt 0.895911 0.232126
vt 0.439371 0.643445
vt 0.501101 0.624198
vt 0.486143 0.663987
vt 0.558062 0.697152
vt 0.609936 0.690731
vt 0.552587 0.751972
vt 0.602160 0.752895
vt 0.496266 0.788010
vt 0.544598 0.806871
vt 0.453868 0.824709
vt 0.856610 0.666975
vt 0.848990 0.701383
vt 0.719208 0.105661
vt 0.723454 0.120118
vt 0.905218 0.258660
vt 0.549219 0.648149
vt 0.421348 0.883399
vt 0.320095 0.572409
vt 0.396060 0.613353
vt 0.497447 0.718509
vt 0.847943 0.268036
vt 0.827016 0.306964
vt 0.706955 0.564652
vt 0.656157 0.645403
vt 0.617585 0.532783
vt 0.590564 0.592037
vt 0.683628 0.635846
vt 0.709028 0.595471
vt 0.711100 0.626289
vt 0.950781 0.761414
vt 0.990180 0.767918
vt 0.150073 0.362848
vt 0.459702 0.450491
vt 0.464386 0.480402
vt 0.489135 0.487198
vt 0.444868 0.492823
vt 0.538740 0.486780
vt 0.559070 0.493554
vt 0.451824 0.600948
vt 0.896570 0.104198
vt 0.506492 0.541288
vt 0.472582 0.539003
vt 0.433572 0.552942
vt 0.778981 0.016826
vt 0.354295 0.260641
vt 0.337341 0.345017
vt 0.887912 0.659066
vt 0.295982 0.842496
vt 0.197936 0.166210
vt 0.304295 0.949668
vt 0.389675 0.948614
vt 0.304017 0.924793
vt 0.389480 0.926015
vt 0.554470 0.936445
vt 0.612906 0.925128
vt 0.565664 0.906127
vt 0.462544 0.944208
vt 0.459970 0.923187
vt 0.119851 0.917254
vt 0.029822 0.913013
vt 0.119738 0.950494
vt 0.028012 0.950343
vt 0.490877 0.942163
vt 0.496803 0.902673
vt 0.305487 0.976517
vt 0.391066 0.972176
vt 0.462093 0.967496
vt 0.485877 0.979137
vt 0.013992 0.988932
vt 0.120888 0.984857
vt 0.566402 0.967275
vt 0.520354 0.940316
vt 0.535561 0.979927
vt 0.525888 0.897377
vt 0.512129 0.984610
vt 0.528778 0.988081
vt 0.216336 0.950283
vt 0.216308 0.921590
vt 0.217524 0.980577
vt 0.878638 0.284395
vt 0.731103 0.049278
vt 0.332777 0.503531
vt 0.330563 0.512831
vt 0.309901 0.505981
vt 0.276841 0.452409
vt 0.258225 0.477579
vt 0.260774 0.450903
vt 0.250386 0.417489
vt 0.232073 0.448545
vt 0.267259 0.400555
vt 0.274063 0.424987
vt 0.232740 0.384212
vt 0.215559 0.416108
vt 0.357750 0.504122
vt 0.303020 0.520076
vt 0.309833 0.526923
vt 0.276992 0.526052
vt 0.273125 0.540426
vt 0.348840 0.528663
vt 0.336678 0.518033
vt 0.355688 0.516578
vt 0.322038 0.540535
vt 0.358492 0.489027
vt 0.334219 0.487114
vt 0.333124 0.470986
vt 0.313914 0.465187
vt 0.332196 0.463439
vt 0.316220 0.458627
vt 0.311032 0.485409
vt 0.295274 0.459090
vt 0.286305 0.480494
vt 0.296172 0.454501
vt 0.283477 0.503131
vt 0.268748 0.514689
vt 0.262908 0.530437
vt 0.281688 0.450547
vt 0.291290 0.439436
vt 0.293774 0.442876
vt 0.298995 0.415361
vt 0.306468 0.433613
vt 0.228439 0.475546
vt 0.238357 0.493103
vt 0.295612 0.399046
vt 0.327487 0.415725
vt 0.330849 0.431060
vt 0.349969 0.404110
vt 0.355191 0.423817
vt 0.320857 0.401483
vt 0.337189 0.383472
vt 0.307807 0.366784
vt 0.278822 0.358642
vt 0.254466 0.351671
vt 0.228616 0.552742
vt 0.250067 0.548687
vt 0.245220 0.578364
vt 0.261225 0.567907
vt 0.256588 0.539419
vt 0.249985 0.543246
vt 0.251062 0.520687
vt 0.213633 0.543601
vt 0.220090 0.539244
vt 0.235384 0.543840
vt 0.226256 0.522175
vt 0.230924 0.527146
vt 0.219367 0.525520
vt 0.226379 0.535000
vt 0.200226 0.527021
vt 0.205986 0.524081
vt 0.234938 0.505030
vt 0.215976 0.502412
vt 0.199420 0.474531
vt 0.196772 0.502676
vt 0.246428 0.508957
vt 0.261530 0.504389
vt 0.205672 0.446330
vt 0.271538 0.497222
vt 0.094441 0.082046
vt 0.091340 0.096807
vt 0.046406 0.059454
vt 0.039114 0.081482
vt 0.089327 0.070017
vt 0.058858 0.053437
vt 0.093045 0.063561
vt 0.077828 0.053680
vt 0.104392 0.061814
vt 0.092758 0.055366
vt 0.128793 0.060201
vt 0.116523 0.063217
vt 0.115772 0.052744
vt 0.105970 0.061988
vt 0.117632 0.069257
vt 0.144680 0.062505
vt 0.134387 0.080877
vt 0.150607 0.087283
vt 0.123386 0.096592
vt 0.137931 0.074709
vt 0.165061 0.070701
vt 0.103202 0.097687
vt 0.104122 0.082483
vt 0.117243 0.076326
vt 0.103880 0.070081
vt 0.244537 0.527211
vt 0.237740 0.516589
vt 0.238683 0.529346
vt 0.226465 0.512874
vt 0.980839 0.029385
vt 0.963064 0.059278
vt 0.933310 0.015549
vt 0.928827 0.095083
vt 0.905352 0.056399
vt 0.095086 0.744722
vt 0.113127 0.770295
vt 0.062828 0.783669
vt 0.057739 0.720090
vt 0.023190 0.749942
vt 0.238959 0.539138
vt 0.249882 0.536475
vt 0.062384 0.842741
vt 0.074048 0.851811
vt 0.064769 0.860875
vt 0.053898 0.857710
vt 0.046173 0.849858
vt 0.049416 0.835266
vt 0.077551 0.841037
vt 0.070446 0.832993
vt 0.061479 0.827776
vt 0.049445 0.869231
vt 0.067269 0.873392
vt 0.044496 0.881091
vt 0.068580 0.885731
vt 0.085072 0.858659
vt 0.097687 0.867630
vt 0.024063 0.857531
vt 0.032401 0.855286
vt 0.027672 0.823756
vt 0.041471 0.831223
vt 0.090732 0.840384
vt 0.106364 0.838705
vt 0.079478 0.823763
vt 0.089551 0.809275
vt 0.062312 0.816310
vt 0.061614 0.801521
vt 0.170944 0.093215
vt 0.152507 0.082999
vt 0.160050 0.094252
vt 0.155489 0.095855
vt 0.357749 0.473343
vt 0.215764 0.374680
vt 0.241760 0.345631
vt 0.950312 0.435409
vt 0.956738 0.478058
vt 0.913039 0.441822
vt 0.918491 0.482649
vt 0.904548 0.393885
vt 0.895831 0.339675
vt 0.945479 0.383095
vt 0.945454 0.328227
vt 0.188878 0.406526
vt 0.175474 0.440844
vt 0.842676 0.360720
vt 0.848775 0.389027
vt 0.795712 0.376024
vt 0.798742 0.420992
vt 0.745962 0.443949
vt 0.705585 0.479347
vt 0.281019 0.553766
vt 0.055625 0.500261
vt 0.101311 0.475881
vt 0.066187 0.511685
vt 0.069381 0.448568
vt 0.056791 0.477510
vt 0.087424 0.430089
vt 0.108576 0.423633
vt 0.137193 0.431070
vt 0.132661 0.463101
vt 0.126337 0.484938
vt 0.102133 0.546365
vt 0.102585 0.569074
vt 0.079667 0.543126
vt 0.078675 0.563882
vt 0.053098 0.545488
vt 0.035787 0.553897
vt 0.052097 0.569005
vt 0.019616 0.575761
vt 0.039784 0.586808
vt 0.013690 0.611850
vt 0.035412 0.611008
vt 0.019376 0.640433
vt 0.040898 0.645032
vt 0.029036 0.661769
vt 0.058117 0.658682
vt 0.046379 0.686580
vt 0.123680 0.548280
vt 0.123829 0.575117
vt 0.211436 0.590819
vt 0.204122 0.574048
vt 0.191860 0.600168
vt 0.730620 0.539132
vt 0.681511 0.516644
vt 0.189265 0.552139
vt 0.175280 0.528968
vt 0.175199 0.499973
vt 0.150858 0.494942
vt 0.149260 0.465501
vt 0.171986 0.471014
vt 0.157212 0.432488
vt 0.953737 0.256432
vt 0.170295 0.574117
vt 0.168570 0.615425
vt 0.146624 0.585605
vt 0.153010 0.630882
vt 0.116707 0.612569
vt 0.147407 0.554723
vt 0.109723 0.521196
vt 0.132749 0.520348
vt 0.127127 0.669304
vt 0.094058 0.642904
vt 0.076607 0.603412
vt 0.172435 0.397776
vt 0.859947 0.431404
vt 0.872553 0.485664
vt 0.811887 0.506820
vt 0.818780 0.468184
vt 0.837916 0.509901
vt 0.776770 0.498932
vt 0.799884 0.539417
vt 0.356835 0.464809
vt 0.088295 0.519783
vt 0.542321 0.606439
vt 0.593589 0.639844
vt 0.751598 0.357104
vt 0.769242 0.569582
vt 0.562168 0.896287
vt 0.622113 0.902606
vt 0.278668 0.173923
vt 0.148784 0.297518
vt 0.738417 0.659136
vt 0.860234 0.271219
vt 0.419863 0.175591
vt 0.424439 0.270982
vt 0.498323 0.286279
vt 0.462881 0.024035
vt 0.387110 0.036170
vt 0.473531 0.116046
vt 0.554591 0.117775
vt 0.575794 0.203678
vt 0.238489 0.273890
vt 0.209500 0.218288
vt 0.691529 0.667025
vt 0.670190 0.722006
vt 0.735136 0.667756
vt 0.651399 0.688564
vt 0.489696 0.436755
vt 0.846511 0.221003
vt 0.769610 0.697618
vt 0.628436 0.853225
vt 0.682300 0.782701
vt 0.935504 0.832564
vt 0.855607 0.858624
vt 0.976249 0.886326
vt 0.850634 0.949928
vt 0.808071 0.911543
vt 0.773298 0.901611
vt 0.798389 0.845324
vt 0.819268 0.276689
vt 0.136129 0.205866
vt 0.079619 0.190734
vt 0.778340 0.978021
vt 0.654145 0.942129
vt 0.150549 0.162080
vt 0.107351 0.143412
vt 0.636511 0.752691
vt 0.881309 0.737869
vt 0.858225 0.810243
vt 0.915105 0.770335
vt 0.825849 0.809430
vt 0.839178 0.726390
vt 0.796606 0.791831
vt 0.790941 0.724454
vt 0.380423 0.503339
vt 0.381673 0.587781
vt 0.841309 0.151129
vt 0.762617 0.117358
vt 0.142986 0.891574
vt 0.289260 0.892246
vt 0.103351 0.713829
vt 0.130961 0.736048
vt 0.249189 0.681091
vt 0.820193 0.572701
vt 0.972009 0.685556
vt 0.937905 0.700942
vt 0.927439 0.659643
vt 0.922842 0.666794
vt 0.144857 0.824854
vt 0.329663 0.891150
vt 0.411621 0.882003
vt 0.320278 0.839779
vt 0.320533 0.642374
vt 0.245633 0.622933
vt 0.311246 0.577548
vt 0.358490 0.672552
vt 0.411898 0.768741
vt 0.387463 0.710618
vt 0.319311 0.786050
vt 0.278541 0.751164
vt 0.146585 0.856027
vt 0.679010 0.382478
vt 0.634453 0.346220
vt 0.652840 0.264350
vt 0.283984 0.843507
vt 0.828695 0.603697
vt 0.046798 0.308269
vt 0.046936 0.419029
vt 0.964559 0.590717
vt 0.988988 0.603504
vt 0.911026 0.597213
vt 0.937192 0.599861
vt 0.653716 0.424643
vt 0.959381 0.129666
vt 0.957818 0.203445
vt 0.905419 0.216367
vt 0.159102 0.234199
vt 0.290835 0.296190
vt 0.357368 0.162125
vt 0.316908 0.158423
vt 0.305786 0.252653
vt 0.946346 0.538066
vt 0.917507 0.564791
vt 0.947698 0.567988
vt 0.432902 0.465683
vt 0.426833 0.445389
vt 0.687205 0.436588
vt 0.523582 0.419282
vt 0.861657 0.134312
vt 0.974627 0.725480
vt 0.940225 0.730129
vt 0.036291 0.388488
vt 0.464921 0.385745
vt 0.546602 0.019784
vt 0.217172 0.049778
vt 0.206741 0.077642
vt 0.319610 0.043659
vt 0.132940 0.255187
vt 0.856777 0.599131
vt 0.887317 0.561593
vt 0.884860 0.594565
vt 0.425349 0.505243
vt 0.513883 0.493993
vt 0.036236 0.152646
vt 0.009704 0.167822
vt 0.679396 0.175981
vt 0.439371 0.643445
vt 0.486143 0.663987
vt 0.602160 0.752895
vt 0.609936 0.690731
vt 0.558062 0.697152
vt 0.544598 0.806871
vt 0.496266 0.788010
vt 0.453868 0.824709
vt 0.848990 0.701383
vt 0.856610 0.666975
vt 0.723454 0.120118
vt 0.905218 0.258660
vt 0.421348 0.883399
vt 0.396060 0.613353
vt 0.320095 0.572409
vt 0.497447 0.718509
vt 0.590564 0.592037
vt 0.656157 0.645403
vt 0.709028 0.595471
vt 0.990180 0.767918
vt 0.950781 0.761414
vt 0.150073 0.362848
vt 0.489135 0.487198
vt 0.444868 0.492823
vt 0.896569 0.104198
vt 0.506492 0.541288
vt 0.433572 0.552942
vt 0.778981 0.016826
vt 0.354295 0.260641
vt 0.337341 0.345017
vt 0.197936 0.166210
vt 0.389675 0.948614
vt 0.304017 0.924793
vt 0.304295 0.949668
vt 0.459970 0.923187
vt 0.462544 0.944208
vt 0.028012 0.950343
vt 0.119738 0.950494
vt 0.119851 0.917254
vt 0.496803 0.902673
vt 0.490878 0.942163
vt 0.391066 0.972176
vt 0.305487 0.976517
vt 0.485877 0.979137
vt 0.462093 0.967496
vt 0.120888 0.984857
vt 0.013992 0.988932
vt 0.566402 0.967275
vt 0.535561 0.979927
vt 0.520355 0.940316
vt 0.512129 0.984610
vt 0.216308 0.921590
vt 0.216336 0.950283
vt 0.217524 0.980577
vt 0.878638 0.284395
vt 0.731103 0.049278
vt 0.332777 0.503531
vt 0.258225 0.477579
vt 0.276840 0.452409
vt 0.260774 0.450903
vt 0.250386 0.417489
vt 0.232073 0.448545
vt 0.267259 0.400555
vt 0.274063 0.424987
vt 0.232740 0.384212
vt 0.215559 0.416108
vt 0.303020 0.520076
vt 0.348840 0.528663
vt 0.355688 0.516578
vt 0.313914 0.465187
vt 0.295274 0.459090
vt 0.296172 0.454501
vt 0.283477 0.503131
vt 0.268748 0.514689
vt 0.262908 0.530437
vt 0.293774 0.442876
vt 0.306468 0.433613
vt 0.228439 0.475546
vt 0.238357 0.493103
vt 0.330849 0.431060
vt 0.327487 0.415725
vt 0.349969 0.404110
vt 0.337189 0.383472
vt 0.307806 0.366784
vt 0.278822 0.358642
vt 0.254466 0.351671
vt 0.250067 0.548687
vt 0.245220 0.578364
vt 0.228616 0.552742
vt 0.249882 0.536475
vt 0.249918 0.542917
vt 0.256456 0.539607
vt 0.251063 0.520687
vt 0.238959 0.539138
vt 0.226379 0.535000
vt 0.234952 0.544409
vt 0.219868 0.539393
vt 0.230924 0.527146
vt 0.219367 0.525520
vt 0.215976 0.502412
vt 0.206125 0.522744
vt 0.226465 0.512874
vt 0.234938 0.505030
vt 0.196772 0.502676
vt 0.199420 0.474531
vt 0.246428 0.508957
vt 0.205672 0.446330
vt 0.271538 0.497222
vt 0.091340 0.096807
vt 0.094441 0.082046
vt 0.046406 0.059454
vt 0.039114 0.081482
vt 0.058858 0.053437
vt 0.089327 0.070017
vt 0.077828 0.053680
vt 0.093045 0.063561
vt 0.092758 0.055366
vt 0.104392 0.061814
vt 0.105970 0.061988
vt 0.115772 0.052744
vt 0.128793 0.060201
vt 0.117633 0.069257
vt 0.150607 0.087283
vt 0.134387 0.080877
vt 0.123386 0.096592
vt 0.137931 0.074709
vt 0.165061 0.070701
vt 0.117243 0.076326
vt 0.104122 0.082483
vt 0.103202 0.097687
vt 0.103880 0.070081
vt 0.244537 0.527211
vt 0.237740 0.516589
vt 0.238683 0.529346
vt 0.933310 0.015549
vt 0.928827 0.095083
vt 0.095086 0.744722
vt 0.062828 0.783669
vt 0.057739 0.720090
vt 0.023190 0.749942
vt 0.048860 0.833972
vt 0.061137 0.842193
vt 0.043174 0.845631
vt 0.049596 0.854956
vt 0.059479 0.859820
vt 0.072311 0.852152
vt 0.057986 0.827259
vt 0.067856 0.831475
vt 0.075628 0.838346
vt 0.018380 0.849830
vt 0.030506 0.847194
vt 0.030358 0.871234
vt 0.040060 0.862806
vt 0.026410 0.816508
vt 0.038893 0.825661
vt 0.058657 0.874600
vt 0.059149 0.883221
vt 0.078648 0.858423
vt 0.090075 0.869174
vt 0.051139 0.799175
vt 0.054461 0.814542
vt 0.084363 0.805880
vt 0.073777 0.819998
vt 0.100508 0.829961
vt 0.086251 0.833950
vt 0.170944 0.093215
vt 0.152507 0.082999
vt 0.241760 0.345631
vt 0.215764 0.374680
vt 0.895831 0.339675
vt 0.175474 0.440844
vt 0.842676 0.360720
vt 0.745962 0.443949
vt 0.705585 0.479347
vt 0.281019 0.553766
vt 0.101310 0.475881
vt 0.055625 0.500261
vt 0.066187 0.511685
vt 0.056791 0.477510
vt 0.087424 0.430089
vt 0.108576 0.423633
vt 0.132661 0.463101
vt 0.137193 0.431070
vt 0.126337 0.484938
vt 0.078675 0.563882
vt 0.102585 0.569074
vt 0.079666 0.543126
vt 0.102133 0.546365
vt 0.053098 0.545488
vt 0.052097 0.569005
vt 0.035787 0.553897
vt 0.035412 0.611008
vt 0.039784 0.586808
vt 0.019616 0.575761
vt 0.040898 0.645032
vt 0.019376 0.640433
vt 0.029036 0.661769
vt 0.046379 0.686580
vt 0.058117 0.658682
vt 0.123829 0.575117
vt 0.123680 0.548280
vt 0.211436 0.590819
vt 0.204121 0.574048
vt 0.191860 0.600168
vt 0.730620 0.539132
vt 0.189265 0.552139
vt 0.213633 0.543601
vt 0.175280 0.528968
vt 0.200226 0.527021
vt 0.171986 0.471014
vt 0.149260 0.465501
vt 0.150858 0.494942
vt 0.157212 0.432488
vt 0.953737 0.256432
vt 0.170295 0.574117
vt 0.146624 0.585605
vt 0.168570 0.615425
vt 0.116707 0.612569
vt 0.153010 0.630882
vt 0.147407 0.554723
vt 0.109723 0.521196
vt 0.094058 0.642904
vt 0.127127 0.669304
vt 0.076607 0.603412
vt 0.172435 0.397776
vt 0.872553 0.485664
vt 0.837916 0.509901
vt 0.776770 0.498932
vt 0.799884 0.539417
vt 0.356835 0.464809
vt 0.088295 0.519783
vt 0.542321 0.606439
vt 0.593589 0.639844
vt 0.751598 0.357104
vt 0.769242 0.569582
vt 0.622113 0.902606
vt 0.278668 0.173923
vt 0.148784 0.297518
vt 0.738417 0.659136
vt 0.528778 0.988081
vt 0.456187 0.432507
vt 0.885203 0.531431
vt 0.021973 0.355966
vt 0.021973 0.355966
s 1
usemtl nala_mat
f 2/1/1 3/2/2 1/3/3
f 4/4/4 1/3/3 3/2/2
f 6/5/5 7/6/6 5/7/7
f 8/8/8 5/7/7 7/6/6
f 10/9/9 11/10/10 9/11/11
f 12/12/12 9/11/11 11/10/10
f 14/13/13 15/14/14 13/15/15
f 16/16/16 13/15/15 15/14/14
f 18/17/17 19/18/18 17/19/19
f 18/17/17 20/20/20 19/18/18
f 22/21/21 23/22/22 21/23/23
f 24/24/24 21/23/23 23/22/22
f 26/25/25 27/26/26 25/27/27
f 29/28/28 17/19/19 28/29/29
f 31/30/30 32/31/31 30/32/32
f 34/33/33 35/34/34 33/35/35
f 36/36/36 33/35/35 35/34/34
f 34/33/33 37/37/37 35/34/34
f 38/38/38 35/34/34 37/37/37
f 40/39/39 41/40/40 39/41/41
f 31/30/30 30/32/32 41/40/40
f 42/42/42 41/40/40 30/32/32
f 44/43/43 45/44/44 43/45/45
f 47/46/46 48/47/47 46/48/48
f 50/49/49 51/50/50 49/51/51
f 49/51/51 52/52/52 41/40/40
f 54/53/53 47/46/46 53/54/54
f 30/32/32 56/55/55 55/56/56
f 18/17/17 55/56/56 56/55/55
f 36/36/36 58/57/57 57/58/17
f 59/59/20 57/58/17 58/57/57
f 59/59/20 58/57/57 60/60/58
f 61/61/59 60/60/58 58/57/57
f 62/62/60 63/63/61 29/28/28
f 29/28/28 42/42/42 55/56/56
f 30/32/32 55/56/56 42/42/42
f 65/64/62 66/65/63 64/66/64
f 67/67/65 68/68/66 26/25/25
f 69/69/60 26/25/25 68/68/66
f 71/70/67 72/71/68 70/72/69
f 73/73/70 70/72/69 72/71/68
f 75/74/71 76/75/72 74/76/68
f 77/77/70 74/76/68 76/75/72
f 79/78/73 80/79/74 78/80/75
f 81/81/76 78/80/75 80/79/74
f 83/82/77 84/83/78 82/84/79
f 85/85/80 82/84/79 84/83/78
f 87/86/81 71/70/67 86/87/78
f 70/72/69 86/87/78 71/70/67
f 89/88/82 90/89/83 88/90/84
f 91/91/85 88/90/84 90/89/83
f 93/92/86 94/93/87 92/94/85
f 75/74/71 92/94/85 94/93/87
f 75/74/71 94/93/87 95/95/88
f 96/96/89 95/95/88 94/93/87
f 98/97/90 99/98/91 97/99/92
f 100/100/93 97/99/92 99/98/91
f 100/100/93 89/88/82 97/99/92
f 88/90/84 97/99/92 89/88/82
f 70/72/69 101/101/94 86/87/78
f 103/102/95 104/103/96 102/104/97
f 105/105/98 102/104/97 104/103/96
f 91/91/85 72/71/68 106/106/99
f 107/107/100 106/106/99 72/71/68
f 74/76/68 92/94/85 75/74/71
f 109/108/101 95/95/88 108/109/102
f 98/97/90 108/109/102 95/95/88
f 98/97/90 97/99/92 87/86/81
f 97/99/92 106/106/99 87/86/81
f 107/107/100 87/86/81 106/106/99
f 111/110/103 112/111/104 110/112/105
f 114/113/106 115/114/107 113/115/108
f 116/116/80 113/115/108 115/114/107
f 117/117/107 118/118/109 85/85/80
f 120/119/110 121/120/111 119/121/112
f 82/84/79 119/121/112 121/120/111
f 123/122/113 124/123/114 122/124/115
f 125/125/116 122/124/115 124/123/114
f 127/126/117 128/127/118 126/128/119
f 129/129/120 126/128/119 128/127/118
f 130/130/121 47/46/46 13/15/15
f 132/131/122 15/14/14 131/132/123
f 133/133/124 131/132/123 15/14/14
f 135/134/125 136/135/126 134/136/127
f 138/137/128 139/138/129 137/139/107
f 140/140/109 137/139/107 139/138/129
f 142/141/62 143/142/130 141/143/63
f 144/144/131 141/143/63 143/142/130
f 46/48/48 48/47/47 145/145/132
f 105/105/98 147/146/133 146/147/134
f 149/148/135 102/104/97 148/149/136
f 122/124/115 148/149/136 102/104/97
f 35/34/34 58/57/57 36/36/36
f 39/41/41 42/42/42 63/63/61
f 38/38/38 61/61/59 35/34/34
f 58/57/57 35/34/34 61/61/59
f 67/67/65 150/150/137 68/68/66
f 151/151/138 68/68/66 150/150/137
f 45/44/44 152/152/139 43/45/45
f 25/27/27 43/45/45 152/152/139
f 153/153/94 154/154/140 84/83/78
f 85/85/80 84/83/78 154/154/140
f 114/113/106 155/155/141 115/114/107
f 156/156/128 115/114/107 155/155/141
f 157/157/75 158/158/142 112/111/104
f 118/118/109 119/121/112 85/85/80
f 160/159/143 3/2/2 159/160/144
f 2/1/1 159/160/144 3/2/2
f 148/149/136 122/124/115 125/125/116
f 162/161/145 12/12/12 161/162/146
f 11/10/10 161/162/146 12/12/12
f 164/163/33 165/164/31 163/165/147
f 166/166/148 163/165/147 165/164/31
f 48/47/47 47/46/46 167/167/149
f 7/6/6 6/5/5 163/165/147
f 164/163/33 163/165/147 6/5/5
f 168/168/150 111/110/103 121/120/111
f 110/112/105 121/120/111 111/110/103
f 139/138/129 169/169/151 120/119/110
f 170/170/152 120/119/110 169/169/151
f 168/168/150 79/78/73 111/110/103
f 78/80/75 111/110/103 79/78/73
f 111/110/103 157/157/75 112/111/104
f 119/121/112 82/84/79 85/85/80
f 172/171/153 173/172/154 171/173/155
f 175/174/156 176/175/157 174/176/158
f 6/5/5 5/7/7 4/4/4
f 1/3/3 4/4/4 5/7/7
f 102/104/97 149/148/135 103/102/95
f 10/9/9 103/102/95 149/148/135
f 136/135/126 135/134/125 164/163/33
f 37/37/37 34/33/33 50/49/49
f 41/40/40 40/39/39 49/51/51
f 46/48/48 177/177/31 53/54/54
f 46/48/48 145/145/132 177/177/31
f 178/178/148 177/177/31 145/145/132
f 179/179/159 103/102/95 9/11/11
f 128/127/118 127/126/117 180/180/160
f 181/181/161 180/180/160 127/126/117
f 183/182/162 184/183/163 182/184/164
f 186/185/165 187/186/166 185/187/167
f 188/188/96 185/187/167 187/186/166
f 190/189/168 191/190/95 189/191/159
f 193/192/72 110/112/105 192/193/169
f 112/111/104 192/193/169 110/112/105
f 98/97/90 87/86/81 108/109/102
f 86/87/78 108/109/102 87/86/81
f 9/11/11 194/194/118 179/179/159
f 195/195/170 179/179/159 194/194/118
f 12/12/12 194/194/118 9/11/11
f 196/196/171 181/181/161 127/126/117
f 184/183/163 197/197/172 182/184/164
f 185/187/167 188/188/96 191/190/95
f 90/89/83 89/88/82 198/198/173
f 189/191/159 198/198/173 89/88/82
f 93/92/86 199/199/174 94/93/87
f 200/200/161 94/93/87 199/199/174
f 96/96/89 183/182/162 99/98/91
f 182/184/164 99/98/91 183/182/162
f 201/201/175 190/189/168 100/100/93
f 190/189/168 189/191/159 89/88/82
f 44/43/43 202/202/176 45/44/44
f 203/203/18 45/44/44 202/202/176
f 152/152/139 45/44/44 203/203/18
f 27/26/26 43/45/45 25/27/27
f 44/43/43 43/45/45 202/202/176
f 27/26/26 202/202/176 43/45/45
f 205/204/177 206/205/62 204/206/178
f 207/207/179 204/206/178 206/205/62
f 209/208/130 210/209/22 208/210/180
f 153/153/94 211/211/169 154/154/140
f 212/212/181 154/154/140 211/211/169
f 70/72/69 73/73/70 101/101/94
f 116/116/80 213/213/182 113/115/108
f 215/214/183 22/21/21 214/215/184
f 216/216/185 214/215/184 22/21/21
f 217/217/186 144/144/131 214/215/184
f 215/214/183 214/215/184 144/144/131
f 66/65/63 173/172/154 64/66/64
f 173/172/154 172/171/153 64/66/64
f 176/175/157 218/218/23 174/176/158
f 218/218/23 219/219/24 174/176/158
f 216/216/185 176/175/157 171/173/155
f 217/217/186 214/215/184 171/173/155
f 176/175/157 175/174/156 171/173/155
f 32/31/31 56/55/55 30/32/32
f 95/95/88 96/96/89 98/97/90
f 99/98/91 98/97/90 96/96/89
f 76/75/72 75/74/71 109/108/101
f 95/95/88 109/108/101 75/74/71
f 183/182/162 96/96/89 200/200/161
f 94/93/87 200/200/161 96/96/89
f 183/182/162 200/200/161 220/220/187
f 62/62/60 29/28/28 28/29/29
f 151/151/138 150/150/137 221/221/18
f 222/222/188 175/174/156 174/176/158
f 171/173/155 175/174/156 223/223/189
f 222/222/188 223/223/189 175/174/156
f 223/223/189 224/224/25 171/173/155
f 172/171/153 171/173/155 224/224/25
f 64/66/64 172/171/153 224/224/25
f 26/25/25 69/69/60 27/26/26
f 150/150/137 225/225/190 221/221/18
f 61/61/59 63/63/61 60/60/58
f 62/62/60 60/60/58 63/63/61
f 63/63/61 61/61/59 39/41/41
f 38/38/38 39/41/41 61/61/59
f 38/38/38 37/37/37 39/41/41
f 40/39/39 39/41/41 37/37/37
f 49/51/51 40/39/39 50/49/49
f 37/37/37 50/49/49 40/39/39
f 53/54/54 47/46/46 46/48/48
f 55/56/56 18/17/17 17/19/19
f 55/56/56 17/19/19 29/28/28
f 100/100/93 190/189/168 89/88/82
f 226/226/191 134/136/127 136/135/126
f 227/227/192 226/226/191 160/159/143
f 3/2/2 160/159/143 226/226/191
f 136/135/126 6/5/5 4/4/4
f 121/120/111 228/228/101 82/84/79
f 83/82/77 82/84/79 228/228/101
f 121/120/111 110/112/105 228/228/101
f 193/192/72 228/228/101 110/112/105
f 16/16/16 130/130/121 13/15/15
f 71/70/67 107/107/100 72/71/68
f 87/86/81 107/107/100 71/70/67
f 88/90/84 229/229/193 97/99/92
f 88/90/84 91/91/85 229/229/193
f 106/106/99 229/229/193 91/91/85
f 97/99/92 229/229/193 106/106/99
f 41/40/40 42/42/42 39/41/41
f 13/15/15 47/46/46 230/230/52
f 54/53/53 230/230/52 47/46/46
f 9/11/11 103/102/95 10/9/9
f 63/63/61 42/42/42 29/28/28
f 232/231/194 233/232/195 231/233/196
f 234/234/197 231/233/196 233/232/195
f 236/235/198 237/236/199 235/237/200
f 233/232/195 238/238/201 234/234/197
f 239/239/202 234/234/197 238/238/201
f 241/240/203 242/241/47 240/242/204
f 243/243/205 240/242/204 242/241/47
f 238/238/201 244/244/206 239/239/202
f 245/245/207 239/239/202 244/244/206
f 232/231/194 246/246/208 233/232/195
f 247/247/209 233/232/195 246/246/208
f 238/238/201 248/248/210 244/244/206
f 249/249/211 244/244/206 248/248/210
f 250/250/212 251/251/213 243/243/205
f 240/242/204 243/243/205 251/251/213
f 237/236/199 236/235/198 252/252/214
f 247/247/209 248/248/210 233/232/195
f 238/238/201 233/232/195 248/248/210
f 236/235/198 253/253/215 252/252/214
f 254/254/216 252/252/214 253/253/215
f 244/244/206 253/253/215 245/245/207
f 255/255/217 245/245/207 253/253/215
f 256/256/218 257/257/219 253/253/215
f 258/258/220 259/259/221 240/242/204
f 241/240/203 240/242/204 259/259/221
f 260/260/222 258/258/220 251/251/213
f 240/242/204 251/251/213 258/258/220
f 220/220/187 184/183/163 183/182/162
f 261/261/187 181/181/161 196/196/171
f 262/262/120 194/194/118 162/161/145
f 12/12/12 162/161/145 194/194/118
f 264/263/223 265/264/224 263/265/225
f 267/266/226 268/267/227 266/268/228
f 270/269/229 266/268/228 269/270/230
f 270/269/229 272/271/231 271/272/232
f 273/273/233 272/271/231 270/269/229
f 273/273/233 270/269/229 274/274/234
f 264/263/223 275/275/235 265/264/224
f 277/276/236 278/277/237 276/278/238
f 279/279/239 276/278/238 278/277/237
f 281/280/240 282/281/241 280/282/242
f 278/277/237 282/281/241 283/283/243
f 281/280/240 283/283/243 282/281/241
f 285/284/244 275/275/235 284/285/245
f 264/263/223 284/285/245 275/275/235
f 287/286/246 288/287/247 286/288/248
f 289/289/249 286/288/248 288/287/247
f 284/285/245 290/290/250 287/286/246
f 288/287/247 287/286/246 290/290/250
f 292/291/251 288/287/247 291/292/252
f 290/290/250 291/292/252 288/287/247
f 288/287/247 292/291/251 289/289/249
f 293/293/253 289/289/249 292/291/251
f 263/265/225 277/276/236 294/294/254
f 276/278/238 294/294/254 277/276/236
f 276/278/238 295/295/255 294/294/254
f 276/278/238 279/279/239 296/296/256
f 267/266/226 297/297/257 292/291/251
f 293/293/253 292/291/251 297/297/257
f 266/268/228 271/272/232 267/266/226
f 298/298/258 267/266/226 271/272/232
f 267/266/226 298/298/258 297/297/257
f 299/299/259 297/297/257 298/298/258
f 271/272/232 300/300/260 298/298/258
f 301/301/261 298/298/258 300/300/260
f 301/301/261 299/299/259 298/298/258
f 266/268/228 268/267/227 269/270/230
f 302/302/262 269/270/230 268/267/227
f 303/303/263 302/302/262 268/267/227
f 270/269/229 271/272/232 266/268/228
f 304/304/264 300/300/260 272/271/231
f 271/272/232 272/271/231 300/300/260
f 300/300/260 305/305/265 301/301/261
f 306/306/266 301/301/261 305/305/265
f 305/305/265 307/307/267 306/306/266
f 308/308/268 306/306/266 307/307/267
f 305/305/265 300/300/260 309/309/269
f 304/304/264 309/309/269 300/300/260
f 305/305/265 309/309/269 307/307/267
f 310/310/270 307/307/267 309/309/269
f 304/304/264 311/311/271 309/309/269
f 310/310/270 309/309/269 311/311/271
f 272/271/231 312/312/272 304/304/264
f 311/311/271 304/304/264 312/312/272
f 273/273/233 313/313/273 272/271/231
f 312/312/272 272/271/231 313/313/273
f 315/314/274 316/315/275 314/316/276
f 317/317/277 314/316/276 316/315/275
f 279/279/239 316/315/275 318/318/278
f 319/319/279 318/318/278 316/315/275
f 320/320/280 295/295/255 296/296/256
f 321/321/281 322/322/282 315/314/274
f 323/323/283 315/314/274 322/322/282
f 325/324/284 326/325/285 324/326/286
f 327/327/287 324/326/286 326/325/285
f 328/328/288 329/329/289 321/321/281
f 322/322/282 321/321/281 329/329/289
f 330/330/290 331/331/291 303/303/263
f 302/302/262 331/331/291 332/332/292
f 333/333/293 332/332/292 331/331/291
f 330/330/290 303/303/263 334/334/294
f 335/335/295 334/334/294 303/303/263
f 332/332/292 336/336/296 302/302/262
f 269/270/230 302/302/262 336/336/296
f 336/336/296 274/274/234 269/270/230
f 270/269/229 269/270/230 274/274/234
f 275/275/235 280/282/242 265/264/224
f 282/281/241 265/264/224 280/282/242
f 335/335/295 337/337/297 295/295/255
f 294/294/254 295/295/255 337/337/297
f 335/335/295 320/320/280 334/334/294
f 339/338/298 340/339/299 338/340/300
f 340/339/299 341/341/301 338/340/300
f 339/338/298 338/340/300 342/342/302
f 343/343/249 342/342/302 338/340/300
f 345/344/303 342/342/302 344/345/253
f 343/343/249 344/345/253 342/342/302
f 347/346/304 345/344/303 346/347/305
f 344/345/253 346/347/305 345/344/303
f 349/348/259 350/349/306 348/350/305
f 351/351/307 348/350/305 350/349/306
f 350/349/306 349/348/259 352/352/308
f 353/353/309 352/352/308 349/348/259
f 355/354/310 356/355/311 354/356/312
f 358/357/313 353/353/309 357/358/314
f 359/359/315 360/360/316 354/356/312
f 361/361/317 354/356/312 360/360/316
f 360/360/316 362/362/318 361/361/317
f 352/352/308 361/361/317 362/362/318
f 362/362/318 351/351/307 352/352/308
f 350/349/306 352/352/308 351/351/307
f 342/342/302 345/344/303 362/362/318
f 347/346/304 362/362/318 345/344/303
f 360/360/316 339/338/298 362/362/318
f 342/342/302 362/362/318 339/338/298
f 360/360/316 359/359/315 339/338/298
f 340/339/299 339/338/298 359/359/315
f 363/363/319 364/364/320 320/320/280
f 326/325/285 364/364/320 365/365/321
f 325/324/284 364/364/320 326/325/285
f 366/366/322 364/364/320 325/324/284
f 330/330/290 364/364/320 366/366/322
f 334/334/294 364/364/320 330/330/290
f 320/320/280 364/364/320 334/334/294
f 276/278/238 296/296/256 295/295/255
f 368/367/323 369/368/324 367/369/325
f 367/369/325 371/370/326 370/371/327
f 367/369/325 369/368/324 371/370/326
f 373/372/328 374/373/329 372/374/330
f 372/374/330 375/375/331 373/372/328
f 372/374/330 376/376/332 375/375/331
f 365/365/321 377/377/333 326/325/285
f 327/327/287 326/325/285 377/377/333
f 363/363/319 320/320/280 378/378/334
f 325/324/284 324/326/286 366/366/322
f 315/314/274 323/323/283 316/315/275
f 319/319/279 316/315/275 323/323/283
f 364/364/320 363/363/319 365/365/321
f 377/377/333 365/365/321 378/378/334
f 363/363/319 378/378/334 365/365/321
f 380/379/335 381/380/336 379/381/337
f 380/379/335 379/381/337 382/382/338
f 380/379/335 382/382/338 383/383/339
f 380/379/335 383/383/339 384/384/340
f 380/379/335 385/385/341 381/380/336
f 380/379/335 386/386/342 385/385/341
f 387/387/343 386/386/342 380/379/335
f 384/384/340 387/387/343 380/379/335
f 389/388/344 390/389/345 388/390/346
f 391/391/347 388/390/346 390/389/345
f 392/392/348 393/393/349 390/389/345
f 391/391/347 390/389/345 393/393/349
f 388/390/346 394/394/350 389/388/344
f 395/395/351 389/388/344 394/394/350
f 394/394/350 396/396/352 395/395/351
f 397/397/353 395/395/351 396/396/352
f 398/398/354 399/399/355 392/392/348
f 393/393/349 392/392/348 399/399/355
f 400/400/356 401/401/357 398/398/354
f 399/399/355 398/398/354 401/401/357
f 400/400/356 402/402/358 401/401/357
f 403/403/359 401/401/357 402/402/358
f 396/396/352 403/403/359 397/397/353
f 402/402/358 397/397/353 403/403/359
f 381/380/336 392/392/348 379/381/337
f 390/389/345 379/381/337 392/392/348
f 390/389/345 389/388/344 379/381/337
f 382/382/338 379/381/337 389/388/344
f 382/382/338 389/388/344 383/383/339
f 395/395/351 383/383/339 389/388/344
f 395/395/351 397/397/353 383/383/339
f 384/384/340 383/383/339 397/397/353
f 398/398/354 392/392/348 385/385/341
f 381/380/336 385/385/341 392/392/348
f 386/386/342 400/400/356 385/385/341
f 398/398/354 385/385/341 400/400/356
f 402/402/358 400/400/356 387/387/343
f 386/386/342 387/387/343 400/400/356
f 384/384/340 397/397/353 387/387/343
f 402/402/358 387/387/343 397/397/353
f 357/358/314 405/404/268 404/405/360
f 406/406/361 404/405/360 405/404/268
f 361/361/317 352/352/308 358/357/313
f 358/357/313 357/358/314 404/405/360
f 407/407/362 354/356/312 356/355/311
f 358/357/313 355/354/310 361/361/317
f 356/355/311 355/354/310 404/405/360
f 358/357/313 404/405/360 355/354/310
f 407/407/362 356/355/311 406/406/361
f 404/405/360 406/406/361 356/355/311
f 352/352/308 353/353/309 358/357/313
f 361/361/317 355/354/310 354/356/312
f 285/284/244 284/285/245 408/408/363
f 287/286/246 408/408/363 284/285/245
f 263/265/225 290/290/250 264/263/223
f 284/285/245 264/263/223 290/290/250
f 292/291/251 291/292/252 267/266/226
f 268/267/227 267/266/226 291/292/252
f 263/265/225 294/294/254 290/290/250
f 409/409/364 410/410/365 273/273/233
f 313/313/273 273/273/233 410/410/365
f 412/411/366 413/412/367 411/413/368
f 414/414/364 411/413/368 413/412/367
f 416/415/369 417/416/370 415/417/371
f 418/418/372 415/417/371 417/416/370
f 419/419/373 409/409/364 274/274/234
f 273/273/233 274/274/234 409/409/364
f 420/420/374 419/419/373 336/336/296
f 274/274/234 336/336/296 419/419/373
f 422/421/375 423/422/376 421/423/377
f 424/424/378 421/423/377 423/422/376
f 421/423/377 424/424/378 425/425/379
f 147/146/133 425/425/379 146/147/134
f 426/426/380 146/147/134 425/425/379
f 320/320/280 296/296/256 378/378/334
f 282/281/241 278/277/237 265/264/224
f 277/276/236 265/264/224 278/277/237
f 279/279/239 278/277/237 427/427/381
f 283/283/243 427/427/381 278/277/237
f 265/264/224 277/276/236 263/265/225
f 429/428/382 430/429/383 428/430/384
f 432/431/385 430/429/383 431/432/386
f 430/429/383 432/431/385 433/433/387
f 430/429/383 429/428/382 431/432/386
f 434/434/388 430/429/383 433/433/387
f 434/434/388 435/435/389 430/429/383
f 436/436/390 430/429/383 435/435/389
f 436/436/390 437/437/391 430/429/383
f 439/438/392 440/439/393 438/440/394
f 441/441/395 438/440/394 440/439/393
f 442/442/384 438/440/394 441/441/395
f 444/443/396 442/442/384 443/444/397
f 446/445/398 447/446/399 445/447/400
f 448/448/401 445/447/400 447/446/399
f 445/447/400 448/448/401 449/449/402
f 450/450/403 449/449/402 448/448/401
f 447/446/399 444/443/396 443/444/397
f 449/449/402 450/450/403 451/451/404
f 450/450/403 452/452/405 451/451/404
f 453/453/406 451/451/404 452/452/405
f 439/438/392 454/454/407 440/439/393
f 455/455/408 440/439/393 454/454/407
f 314/316/276 457/456/409 456/457/410
f 457/456/409 458/458/411 456/457/410
f 426/426/380 460/459/412 459/460/413
f 315/314/274 456/457/410 321/321/281
f 461/461/414 321/321/281 456/457/410
f 328/328/288 321/321/281 462/462/415
f 461/461/414 462/462/415 321/321/281
f 328/328/288 462/462/415 333/333/293
f 463/463/416 333/333/293 462/462/415
f 314/316/276 456/457/410 315/314/274
f 464/464/417 465/465/418 463/463/416
f 466/466/419 463/463/416 465/465/418
f 467/467/420 420/420/374 465/465/418
f 466/466/419 465/465/418 420/420/374
f 411/413/368 416/415/369 412/411/366
f 415/417/371 412/411/366 416/415/369
f 423/422/376 422/421/375 417/416/370
f 261/261/187 417/416/370 422/421/375
f 196/196/171 417/416/370 261/261/187
f 417/416/370 196/196/171 418/418/372
f 468/468/421 418/418/372 196/196/171
f 435/435/389 467/467/420 436/436/390
f 465/465/418 436/436/390 467/467/420
f 469/469/422 461/461/414 458/458/411
f 456/457/410 458/458/411 461/461/414
f 470/470/423 471/471/424 458/458/411
f 469/469/422 458/458/411 471/471/424
f 472/472/425 473/473/426 470/470/423
f 471/471/424 470/470/423 473/473/426
f 461/461/414 474/474/427 462/462/415
f 471/471/424 474/474/427 469/469/422
f 473/473/426 455/455/408 471/471/424
f 455/455/408 454/454/407 474/474/427
f 476/475/392 437/437/391 475/476/407
f 464/464/417 475/476/407 437/437/391
f 477/477/428 478/478/429 472/472/425
f 473/473/426 472/472/425 478/478/429
f 455/455/408 473/473/426 440/439/393
f 441/441/395 479/479/430 443/444/397
f 447/446/399 479/479/430 448/448/401
f 479/479/430 478/478/429 450/450/403
f 447/446/399 443/444/397 479/479/430
f 479/479/430 473/473/426 478/478/429
f 440/439/393 479/479/430 441/441/395
f 455/455/408 474/474/427 471/471/424
f 409/409/364 419/419/373 480/480/431
f 417/416/370 416/415/369 423/422/376
f 481/481/432 423/422/376 416/415/369
f 482/482/431 481/481/432 411/413/368
f 416/415/369 411/413/368 481/481/432
f 484/483/433 485/484/434 483/485/435
f 485/484/434 425/425/379 424/424/378
f 460/459/412 426/426/380 486/486/436
f 425/425/379 486/486/436 426/426/380
f 481/481/432 482/482/431 485/484/434
f 483/485/435 485/484/434 482/482/431
f 485/484/434 424/424/378 481/481/432
f 423/422/376 481/481/432 424/424/378
f 420/420/374 467/467/420 419/419/373
f 480/480/431 419/419/373 467/467/420
f 452/452/405 450/450/403 478/478/429
f 124/123/114 146/147/134 426/426/380
f 126/128/119 468/468/421 127/126/117
f 196/196/171 127/126/117 468/468/421
f 366/366/322 331/331/291 330/330/290
f 464/464/417 462/462/415 475/476/407
f 474/474/427 454/454/407 462/462/415
f 337/337/297 291/292/252 294/294/254
f 290/290/250 294/294/254 291/292/252
f 303/303/263 268/267/227 335/335/295
f 337/337/297 335/335/295 268/267/227
f 268/267/227 291/292/252 337/337/297
f 448/448/401 479/479/430 450/450/403
f 473/473/426 479/479/430 440/439/393
f 484/483/433 487/487/437 486/486/436
f 279/279/239 427/427/381 317/317/277
f 316/315/275 279/279/239 317/317/277
f 331/331/291 302/302/262 303/303/263
f 287/286/246 286/288/248 408/408/363
f 488/488/301 408/408/363 286/288/248
f 489/489/394 430/429/383 476/475/392
f 437/437/391 476/475/392 430/429/383
f 428/430/384 430/429/383 489/489/394
f 480/480/431 467/467/420 435/435/389
f 295/295/255 320/320/280 335/335/295
f 186/185/165 185/187/167 201/201/175
f 190/189/168 201/201/175 185/187/167
f 411/413/368 414/414/364 482/482/431
f 197/197/172 491/490/375 490/491/438
f 197/197/172 184/183/163 491/490/375
f 184/183/163 220/220/187 491/490/375
f 10/9/9 149/148/135 1/3/3
f 2/1/1 1/3/3 149/148/135
f 161/162/146 11/10/10 8/8/8
f 5/7/7 8/8/8 11/10/10
f 159/160/144 2/1/1 148/149/136
f 149/148/135 148/149/136 2/1/1
f 11/10/10 10/9/9 5/7/7
f 1/3/3 5/7/7 10/9/9
f 133/133/124 226/226/191 227/227/192
f 4/4/4 3/2/2 136/135/126
f 226/226/191 136/135/126 3/2/2
f 332/332/292 466/466/419 336/336/296
f 420/420/374 336/336/296 466/466/419
f 333/333/293 463/463/416 332/332/292
f 466/466/419 332/332/292 463/463/416
f 232/231/194 231/233/196 258/258/220
f 259/259/221 258/258/220 231/233/196
f 246/246/208 232/231/194 260/260/222
f 258/258/220 260/260/222 232/231/194
f 146/147/134 124/123/114 123/122/113
f 105/105/98 123/122/113 102/104/97
f 122/124/115 102/104/97 123/122/113
f 492/492/166 147/146/133 104/103/96
f 105/105/98 104/103/96 147/146/133
f 459/460/413 124/123/114 426/426/380
f 465/465/418 464/464/417 436/436/390
f 437/437/391 436/436/390 464/464/417
f 463/463/416 462/462/415 464/464/417
f 99/98/91 182/184/164 100/100/93
f 201/201/175 100/100/93 182/184/164
f 197/197/172 186/185/165 182/184/164
f 201/201/175 182/184/164 186/185/165
f 197/197/172 490/491/438 186/185/165
f 187/186/166 186/185/165 490/491/438
f 425/425/379 147/146/133 421/423/377
f 492/492/166 421/423/377 147/146/133
f 460/459/412 486/486/436 493/493/428
f 487/487/437 493/493/428 486/486/436
f 486/486/436 485/484/434 484/483/433
f 494/494/439 255/255/217 253/253/215
f 51/50/50 52/52/52 49/51/51
f 41/40/40 52/52/52 495/495/53
f 41/40/40 495/495/53 31/30/30
f 14/13/13 496/496/50 135/134/125
f 14/13/13 13/15/15 496/496/50
f 13/15/15 230/230/52 496/496/50
f 14/13/13 135/134/125 134/136/127
f 469/469/422 474/474/427 461/461/414
f 123/122/113 105/105/98 146/147/134
f 132/131/122 16/16/16 15/14/14
f 132/131/122 497/497/440 16/16/16
f 134/136/127 133/133/124 14/13/13
f 15/14/14 14/13/13 133/133/124
f 131/132/123 133/133/124 227/227/192
f 130/130/121 16/16/16 167/167/149
f 497/497/440 167/167/149 16/16/16
f 167/167/149 47/46/46 130/130/121
f 6/5/5 136/135/126 164/163/33
f 134/136/127 226/226/191 133/133/124
f 17/19/19 498/498/441 28/29/29
f 17/19/19 19/18/18 498/498/441
f 499/499/442 202/202/176 27/26/26
f 499/499/442 203/203/18 202/202/176
f 257/257/219 254/254/216 253/253/215
f 235/237/200 494/494/439 253/253/215
f 236/235/198 235/237/200 253/253/215
f 501/500/443 502/501/444 500/3/445
f 503/502/446 500/3/445 502/501/444
f 505/503/8 506/504/6 504/505/447
f 507/5/448 504/505/447 506/504/6
f 509/12/449 510/506/450 508/11/451
f 511/507/452 508/11/451 510/506/450
f 513/16/453 514/508/454 512/509/455
f 515/13/456 512/509/455 514/508/454
f 517/510/457 518/511/458 516/512/459
f 519/513/460 518/511/458 517/510/457
f 521/24/461 522/514/462 520/23/463
f 523/21/464 520/23/463 522/514/462
f 525/515/465 526/25/466 524/27/467
f 516/512/459 528/28/468 527/516/469
f 530/31/470 531/517/471 529/518/472
f 533/519/473 534/520/474 532/521/475
f 535/522/476 532/521/475 534/520/474
f 536/38/477 537/523/478 534/520/474
f 535/522/476 534/520/474 537/523/478
f 539/40/479 540/524/480 538/525/481
f 541/42/482 529/518/472 539/40/479
f 531/517/471 539/40/479 529/518/472
f 543/526/483 544/43/484 542/45/485
f 48/47/47 546/527/486 545/528/487
f 548/50/488 549/529/489 547/51/490
f 550/530/491 547/51/490 539/40/479
f 546/527/486 552/531/492 551/532/471
f 518/511/458 554/533/493 553/56/494
f 529/518/472 553/56/494 554/533/493
f 556/534/460 557/535/495 555/536/458
f 533/519/473 555/536/458 557/535/495
f 559/537/496 557/535/495 558/538/497
f 556/534/460 558/538/497 557/535/495
f 560/539/498 561/540/499 528/28/468
f 529/518/472 541/42/482 553/56/494
f 528/28/468 553/56/494 541/42/482
f 563/65/500 564/541/501 562/542/502
f 565/69/499 566/543/503 526/25/466
f 567/544/504 526/25/466 566/543/503
f 569/545/505 570/546/506 568/72/507
f 571/70/508 568/72/507 570/546/506
f 573/547/505 574/548/509 572/76/506
f 575/549/510 572/76/506 574/548/509
f 577/81/511 578/79/512 576/550/513
f 579/78/514 576/550/513 578/79/512
f 581/551/515 582/552/516 580/553/517
f 583/554/518 580/553/517 582/552/516
f 568/72/507 571/70/508 584/555/516
f 585/86/519 584/555/516 571/70/508
f 587/556/520 588/557/521 586/558/522
f 589/88/523 586/558/522 588/557/521
f 575/549/510 591/559/524 590/560/520
f 592/561/521 590/560/520 591/559/524
f 594/562/525 591/559/524 593/95/526
f 575/549/510 593/95/526 591/559/524
f 596/563/527 597/564/528 595/565/529
f 598/566/530 595/565/529 597/564/528
f 586/558/522 589/88/523 595/565/529
f 596/563/527 595/565/529 589/88/523
f 599/567/531 568/72/507 584/555/516
f 601/568/532 602/103/533 600/569/534
f 603/570/535 600/569/534 602/103/533
f 605/571/536 570/546/506 604/106/537
f 587/556/520 604/106/537 570/546/506
f 590/560/520 572/76/506 575/549/510
f 598/566/530 593/95/526 606/109/538
f 607/108/539 606/109/538 593/95/526
f 595/565/529 598/566/530 585/86/519
f 605/571/536 604/106/537 585/86/519
f 595/565/529 585/86/519 604/106/537
f 609/111/540 610/572/541 608/112/542
f 612/116/515 613/573/543 611/115/544
f 614/574/545 611/115/544 613/573/543
f 615/575/546 616/576/547 581/551/515
f 618/577/548 619/578/549 617/120/550
f 580/553/517 617/120/550 619/578/549
f 125/125/116 124/123/114 620/124/551
f 621/579/552 620/124/551 124/123/114
f 623/580/120 624/127/553 622/581/119
f 625/582/554 622/581/119 624/127/553
f 546/527/486 626/583/555 512/509/455
f 627/584/556 514/508/454 131/132/123
f 132/131/122 131/132/123 514/508/454
f 629/585/557 630/586/558 628/587/559
f 632/137/560 633/588/543 631/589/561
f 634/590/546 631/589/561 633/588/543
f 636/591/562 637/592/563 635/143/500
f 638/141/501 635/143/500 637/592/563
f 48/47/47 545/528/487 639/145/132
f 641/146/564 601/568/532 640/593/565
f 620/124/551 600/569/534 642/594/136
f 643/148/566 642/594/136 600/569/534
f 557/535/495 534/520/474 533/519/473
f 541/42/482 538/525/481 560/539/498
f 557/535/495 559/537/496 534/520/474
f 536/38/477 534/520/474 559/537/496
f 644/595/460 645/150/567 566/543/503
f 567/544/504 566/543/503 645/150/567
f 524/27/467 646/152/568 542/45/485
f 543/526/483 542/45/485 646/152/568
f 581/551/515 647/596/569 582/552/516
f 648/597/570 582/552/516 647/596/569
f 649/156/560 650/598/571 613/573/543
f 614/574/545 613/573/543 650/598/571
f 651/158/572 652/157/513 609/111/540
f 619/578/549 615/575/546 581/551/515
f 503/502/446 502/501/444 653/599/144
f 160/159/143 653/599/144 502/501/444
f 620/124/551 642/594/136 125/125/116
f 510/506/450 509/12/449 654/600/146
f 162/161/573 654/600/146 509/12/449
f 656/601/148 657/602/470 655/603/147
f 658/163/476 655/603/147 657/602/470
f 546/527/486 48/47/47 659/604/574
f 658/163/476 507/5/448 655/603/147
f 506/504/6 655/603/147 507/5/448
f 660/605/575 617/120/550 610/572/541
f 608/112/542 610/572/541 617/120/550
f 631/589/561 618/577/548 661/606/576
f 662/607/577 661/606/576 618/577/548
f 576/550/513 579/78/514 610/572/541
f 660/605/575 610/572/541 579/78/514
f 652/157/513 610/572/541 609/111/540
f 580/553/517 619/578/549 581/551/515
f 664/608/578 665/171/579 663/173/580
f 667/609/581 668/174/582 666/176/583
f 500/3/445 504/505/447 501/500/443
f 507/5/448 501/500/443 504/505/447
f 511/507/452 643/148/566 603/570/535
f 600/569/534 603/570/535 643/148/566
f 630/586/558 629/585/557 658/163/476
f 535/522/476 537/523/478 549/529/489
f 540/524/480 539/40/479 547/51/490
f 669/610/470 545/528/487 551/532/471
f 670/611/148 639/145/132 669/610/470
f 545/528/487 669/610/470 639/145/132
f 603/570/535 671/612/584 508/11/451
f 673/181/585 625/582/554 672/180/586
f 624/127/553 672/180/586 625/582/554
f 675/183/587 676/613/588 674/614/589
f 678/615/533 679/616/590 677/187/591
f 680/617/592 677/187/591 679/616/590
f 682/618/535 683/619/593 681/620/594
f 609/111/540 608/112/542 684/621/595
f 685/622/509 684/621/595 608/112/542
f 584/555/516 585/86/519 606/109/538
f 598/566/530 606/109/538 585/86/519
f 686/623/596 687/194/553 671/612/584
f 508/11/451 671/612/584 687/194/553
f 687/194/553 509/12/449 508/11/451
f 673/181/585 688/624/597 625/582/554
f 689/197/598 675/183/587 674/614/589
f 677/187/591 683/619/593 682/618/535
f 681/620/594 589/88/523 690/625/596
f 588/557/521 690/625/596 589/88/523
f 691/626/585 692/627/599 591/559/524
f 592/561/521 591/559/524 692/627/599
f 674/614/589 676/613/588 597/564/528
f 594/562/525 597/564/528 676/613/588
f 683/619/593 693/628/600 596/563/527
f 681/620/594 683/619/593 589/88/523
f 694/203/601 695/202/602 543/526/483
f 544/43/484 543/526/483 695/202/602
f 543/526/483 646/152/568 694/203/601
f 542/45/485 525/515/465 524/27/467
f 525/515/465 542/45/485 695/202/602
f 544/43/484 695/202/602 542/45/485
f 697/629/467 698/630/501 696/206/568
f 699/204/603 696/206/568 698/630/501
f 701/631/462 702/208/604 700/210/605
f 703/632/606 704/633/595 647/596/569
f 648/597/570 647/596/569 704/633/595
f 569/545/505 568/72/507 599/567/531
f 705/634/569 612/116/515 611/115/544
f 707/635/607 523/21/464 706/215/608
f 708/214/609 706/215/608 523/21/464
f 709/636/610 706/215/608 636/591/562
f 708/214/609 636/591/562 706/215/608
f 664/608/578 563/65/500 562/542/502
f 665/171/579 664/608/578 562/542/502
f 710/218/463 667/609/581 666/176/583
f 711/219/461 710/218/463 666/176/583
f 707/635/607 706/215/608 663/173/580
f 709/636/610 664/608/578 663/173/580
f 668/174/582 667/609/581 663/173/580
f 554/533/493 530/31/470 529/518/472
f 597/564/528 594/562/525 598/566/530
f 593/95/526 598/566/530 594/562/525
f 593/95/526 575/549/510 607/108/539
f 574/548/509 607/108/539 575/549/510
f 591/559/524 594/562/525 691/626/585
f 676/613/588 691/626/585 594/562/525
f 691/626/585 676/613/588 712/220/611
f 528/28/468 561/540/499 527/516/469
f 645/150/567 644/595/460 713/637/457
f 668/174/582 714/638/612 666/176/583
f 714/638/612 668/174/582 715/223/613
f 663/173/580 715/223/613 668/174/582
f 665/171/579 716/639/466 663/173/580
f 715/223/613 663/173/580 716/639/466
f 665/171/579 562/542/502 716/639/466
f 565/69/499 526/25/466 525/515/465
f 717/640/583 645/150/567 713/637/457
f 561/540/499 560/539/498 558/538/497
f 559/537/496 558/538/497 560/539/498
f 536/38/477 559/537/496 538/525/481
f 560/539/498 538/525/481 559/537/496
f 540/524/480 537/523/478 538/525/481
f 536/38/477 538/525/481 537/523/478
f 537/523/478 540/524/480 549/529/489
f 547/51/490 549/529/489 540/524/480
f 546/527/486 551/532/471 545/528/487
f 518/511/458 553/56/494 516/512/459
f 516/512/459 553/56/494 528/28/468
f 683/619/593 596/563/527 589/88/523
f 628/587/559 718/641/614 629/585/557
f 502/501/444 718/641/614 160/159/143
f 719/642/615 160/159/143 718/641/614
f 507/5/448 629/585/557 501/500/443
f 583/554/518 720/228/539 580/553/517
f 617/120/550 580/553/517 720/228/539
f 685/622/509 608/112/542 720/228/539
f 617/120/550 720/228/539 608/112/542
f 626/583/555 513/16/453 512/509/455
f 605/571/536 571/70/508 570/546/506
f 605/571/536 585/86/519 571/70/508
f 721/229/616 586/558/522 595/565/529
f 587/556/520 586/558/522 721/229/616
f 721/229/616 604/106/537 587/556/520
f 721/229/616 595/565/529 604/106/537
f 541/42/482 539/40/479 538/525/481
f 552/531/492 546/527/486 722/643/491
f 512/509/455 722/643/491 546/527/486
f 603/570/535 508/11/451 511/507/452
f 541/42/482 560/539/498 528/28/468
f 234/234/197 724/644/617 723/645/196
f 725/646/618 723/645/196 724/644/617
f 237/236/199 726/235/619 235/237/200
f 727/647/620 728/648/621 234/234/197
f 724/644/617 234/234/197 728/648/621
f 730/649/574 242/241/47 729/650/622
f 731/651/203 729/650/622 242/241/47
f 732/652/207 733/653/623 727/647/620
f 728/648/621 727/647/620 733/653/623
f 734/654/209 735/655/208 724/644/617
f 725/646/618 724/644/617 735/655/208
f 736/656/624 737/657/625 733/653/623
f 728/648/621 733/653/623 737/657/625
f 729/650/622 738/658/213 730/649/574
f 739/659/440 730/649/574 738/658/213
f 726/235/619 237/236/199 740/660/626
f 728/648/621 737/657/625 724/644/617
f 734/654/209 724/644/617 737/657/625
f 741/661/216 742/662/627 740/660/626
f 726/235/619 740/660/626 742/662/627
f 255/255/217 742/662/627 732/652/207
f 733/653/623 732/652/207 742/662/627
f 743/663/628 736/656/624 742/662/627
f 733/653/623 742/662/627 736/656/624
f 731/651/203 744/664/221 729/650/622
f 745/665/629 729/650/622 744/664/221
f 729/650/622 745/665/629 738/658/213
f 746/666/222 738/658/213 745/665/629
f 675/183/587 712/220/611 676/613/588
f 673/181/585 747/667/611 688/624/597
f 509/12/449 687/194/553 162/161/573
f 748/668/120 162/161/573 687/194/553
f 750/264/630 751/669/631 749/265/632
f 753/670/633 754/671/634 752/672/635
f 752/672/635 756/673/636 755/674/637
f 758/675/638 756/673/636 757/676/639
f 758/675/638 759/677/640 756/673/636
f 756/673/636 759/677/640 760/678/641
f 275/275/235 751/669/631 750/264/630
f 762/279/642 763/277/643 761/278/644
f 764/679/645 761/278/644 763/277/643
f 766/281/646 767/680/240 765/681/242
f 767/680/240 766/281/646 283/283/243
f 763/277/643 283/283/243 766/281/646
f 751/669/631 275/275/235 768/285/647
f 285/284/244 768/285/647 275/275/235
f 770/289/648 771/682/649 769/288/650
f 772/286/651 769/288/650 771/682/649
f 771/682/649 773/290/652 772/286/651
f 768/285/647 772/286/651 773/290/652
f 773/290/652 771/682/649 774/292/653
f 775/683/654 774/292/653 771/682/649
f 776/684/655 775/683/654 770/289/648
f 771/682/649 770/289/648 775/683/654
f 761/278/644 764/679/645 777/685/656
f 749/265/632 777/685/656 764/679/645
f 778/686/657 761/278/644 777/685/656
f 762/279/642 761/278/644 779/687/658
f 776/684/655 780/297/659 775/683/654
f 754/671/634 775/683/654 780/297/659
f 781/298/660 757/676/639 754/671/634
f 752/672/635 754/671/634 757/676/639
f 782/688/661 781/298/660 780/297/659
f 754/671/634 780/297/659 781/298/660
f 783/689/662 784/300/663 781/298/660
f 757/676/639 781/298/660 784/300/663
f 782/688/661 783/689/662 781/298/660
f 785/690/664 753/670/633 755/674/637
f 752/672/635 755/674/637 753/670/633
f 785/690/664 786/691/665 753/670/633
f 757/676/639 756/673/636 752/672/635
f 757/676/639 784/300/663 758/675/638
f 787/304/666 758/675/638 784/300/663
f 788/692/667 789/693/668 783/689/662
f 784/300/663 783/689/662 789/693/668
f 308/308/268 790/694/267 788/692/667
f 789/693/668 788/692/667 790/694/267
f 787/304/666 784/300/663 791/309/669
f 789/693/668 791/309/669 784/300/663
f 792/695/270 791/309/669 790/694/267
f 789/693/668 790/694/267 791/309/669
f 792/695/270 793/696/271 791/309/669
f 787/304/666 791/309/669 793/696/271
f 793/696/271 794/697/272 787/304/666
f 758/675/638 787/304/666 794/697/272
f 794/697/272 795/698/273 758/675/638
f 759/677/640 758/675/638 795/698/273
f 317/317/277 797/699/670 796/700/276
f 798/701/671 796/700/276 797/699/670
f 799/702/672 800/703/673 779/687/658
f 801/704/674 779/687/658 800/703/673
f 778/686/657 802/705/675 779/687/658
f 804/706/676 805/707/677 803/708/678
f 806/709/679 803/708/678 805/707/677
f 805/707/677 808/710/680 807/711/681
f 809/324/682 807/711/681 808/710/680
f 811/712/683 812/713/684 810/714/685
f 807/711/681 810/714/685 812/713/684
f 811/712/683 813/715/686 786/691/665
f 815/716/687 811/712/683 814/717/688
f 785/690/664 814/717/688 811/712/683
f 786/691/665 813/715/686 816/718/689
f 816/718/689 817/335/690 786/691/665
f 755/674/637 818/719/691 785/690/664
f 814/717/688 785/690/664 818/719/691
f 756/673/636 760/678/641 755/674/637
f 818/719/691 755/674/637 760/678/641
f 766/281/646 765/681/242 750/264/630
f 275/275/235 750/264/630 765/681/242
f 777/685/656 819/720/692 778/686/657
f 817/335/690 778/686/657 819/720/692
f 802/705/675 817/335/690 816/718/689
f 821/721/299 822/722/693 820/723/650
f 823/724/301 821/721/299 820/723/650
f 825/725/648 820/723/650 824/726/694
f 822/722/693 824/726/694 820/723/650
f 825/725/648 824/726/694 826/727/655
f 827/728/695 826/727/655 824/726/694
f 826/727/655 827/728/695 828/729/659
f 829/730/696 828/729/659 827/728/695
f 831/731/697 832/349/698 830/732/659
f 833/733/699 830/732/659 832/349/698
f 835/353/700 833/733/699 834/734/701
f 832/349/698 834/734/701 833/733/699
f 837/735/702 838/736/703 836/737/312
f 835/353/700 840/738/704 839/739/667
f 841/740/705 842/741/706 836/737/312
f 843/742/315 836/737/312 842/741/706
f 834/734/701 844/743/707 841/740/705
f 842/741/706 841/740/705 844/743/707
f 832/349/698 831/731/697 834/734/701
f 844/743/707 834/734/701 831/731/697
f 829/730/696 827/728/695 844/743/707
f 824/726/694 844/743/707 827/728/695
f 824/726/694 822/722/693 844/743/707
f 842/741/706 844/743/707 822/722/693
f 821/721/299 843/742/315 822/722/693
f 842/741/706 822/722/693 843/742/315
f 846/744/708 802/705/675 845/745/709
f 845/745/709 808/710/680 847/746/710
f 809/324/682 808/710/680 845/745/709
f 810/714/685 809/324/682 845/745/709
f 813/715/686 810/714/685 845/745/709
f 845/745/709 816/718/689 813/715/686
f 845/745/709 802/705/675 816/718/689
f 779/687/658 761/278/644 778/686/657
f 849/368/711 850/367/712 848/747/713
f 852/748/714 848/747/713 851/371/715
f 849/368/711 848/747/713 852/748/714
f 854/373/716 855/749/717 853/750/718
f 856/751/719 853/750/718 855/749/717
f 857/752/720 853/750/718 856/751/719
f 805/707/677 804/706/676 808/710/680
f 847/746/710 808/710/680 804/706/676
f 802/705/675 846/744/708 799/702/672
f 807/711/681 809/324/682 810/714/685
f 803/708/678 800/703/673 804/706/676
f 799/702/672 804/706/676 800/703/673
f 846/744/708 845/745/709 847/746/710
f 846/744/708 847/746/710 799/702/672
f 804/706/676 799/702/672 847/746/710
f 859/753/721 860/754/722 858/755/723
f 858/755/723 860/754/722 861/756/724
f 861/756/724 860/754/722 862/757/725
f 862/757/725 860/754/722 863/758/726
f 864/759/727 860/754/722 859/753/721
f 865/760/728 860/754/722 864/759/727
f 865/760/728 866/761/729 860/754/722
f 866/761/729 863/758/726 860/754/722
f 868/762/730 869/763/731 867/764/732
f 870/765/733 867/764/732 869/763/731
f 868/762/730 871/766/734 869/763/731
f 872/767/735 869/763/731 871/766/734
f 873/768/736 874/769/737 870/765/733
f 867/764/732 870/765/733 874/769/737
f 875/770/738 876/771/739 873/768/736
f 874/769/737 873/768/736 876/771/739
f 871/766/734 877/772/740 872/767/735
f 878/773/741 872/767/735 877/772/740
f 877/772/740 879/774/742 878/773/741
f 880/775/743 878/773/741 879/774/742
f 881/776/744 882/777/745 879/774/742
f 880/775/743 879/774/742 882/777/745
f 882/777/745 881/776/744 875/770/738
f 876/771/739 875/770/738 881/776/744
f 869/763/731 872/767/735 858/755/723
f 859/753/721 858/755/723 872/767/735
f 861/756/724 870/765/733 858/755/723
f 869/763/731 858/755/723 870/765/733
f 873/768/736 870/765/733 862/757/725
f 861/756/724 862/757/725 870/765/733
f 863/758/726 875/770/738 862/757/725
f 873/768/736 862/757/725 875/770/738
f 859/753/721 872/767/735 864/759/727
f 878/773/741 864/759/727 872/767/735
f 878/773/741 880/775/743 864/759/727
f 865/760/728 864/759/727 880/775/743
f 865/760/728 880/775/743 866/761/729
f 882/777/745 866/761/729 880/775/743
f 882/777/745 875/770/738 866/761/729
f 863/758/726 866/761/729 875/770/738
f 406/406/361 884/778/268 883/779/746
f 839/739/667 883/779/746 884/778/268
f 834/734/701 841/740/705 840/738/704
f 839/739/667 840/738/704 883/779/746
f 836/737/312 407/407/362 837/735/702
f 838/736/703 840/738/704 841/740/705
f 840/738/704 838/736/703 883/779/746
f 837/735/702 883/779/746 838/736/703
f 883/779/746 837/735/702 406/406/361
f 407/407/362 406/406/361 837/735/702
f 835/353/700 834/734/701 840/738/704
f 838/736/703 841/740/705 836/737/312
f 772/286/651 768/285/647 408/408/363
f 285/284/244 408/408/363 768/285/647
f 768/285/647 773/290/652 751/669/631
f 749/265/632 751/669/631 773/290/652
f 753/670/633 774/292/653 754/671/634
f 775/683/654 754/671/634 774/292/653
f 777/685/656 749/265/632 773/290/652
f 795/698/273 885/780/365 759/677/640
f 886/781/747 759/677/640 885/780/365
f 888/414/747 413/412/367 887/413/748
f 412/411/366 887/413/748 413/412/367
f 418/418/372 889/782/749 415/417/371
f 890/415/750 415/417/371 889/782/749
f 759/677/640 886/781/747 760/678/641
f 891/419/751 760/678/641 886/781/747
f 760/678/641 891/419/751 818/719/691
f 892/783/752 818/719/691 891/419/751
f 894/424/753 895/422/754 893/423/755
f 896/784/756 893/423/755 895/422/754
f 894/424/753 893/423/755 897/785/757
f 898/786/758 897/785/757 640/593/565
f 641/146/564 640/593/565 897/785/757
f 779/687/658 802/705/675 799/702/672
f 764/679/645 763/277/643 750/264/630
f 766/281/646 750/264/630 763/277/643
f 283/283/243 763/277/643 899/787/381
f 762/279/642 899/787/381 763/277/643
f 764/679/645 750/264/630 749/265/632
f 901/788/759 902/789/760 900/790/761
f 901/788/759 904/431/762 903/791/763
f 904/431/762 901/788/759 905/792/764
f 902/789/760 901/788/759 903/791/763
f 901/788/759 906/793/765 905/792/764
f 907/794/766 908/795/767 901/788/759
f 906/793/765 901/788/759 908/795/767
f 909/796/768 907/794/766 901/788/759
f 911/797/769 912/798/770 910/799/771
f 913/800/772 910/799/771 912/798/770
f 914/801/761 915/802/773 911/797/769
f 914/801/761 916/803/760 915/802/773
f 918/804/774 919/805/775 917/447/762
f 920/806/763 917/447/762 919/805/775
f 922/807/776 918/804/774 921/808/764
f 917/447/762 921/808/764 918/804/774
f 916/803/760 919/805/775 915/802/773
f 922/807/776 921/808/764 923/809/777
f 924/810/767 925/811/778 923/809/777
f 922/807/776 923/809/777 925/811/778
f 926/812/779 927/813/780 912/798/770
f 913/800/772 912/798/770 927/813/780
f 929/814/409 796/700/276 928/815/781
f 930/816/411 929/814/409 928/815/781
f 931/817/782 898/786/758 459/460/413
f 933/818/783 928/815/781 932/819/784
f 798/701/671 932/819/784 928/815/781
f 933/818/783 932/819/784 934/820/785
f 935/821/786 934/820/785 932/819/784
f 936/463/787 934/820/785 815/716/687
f 935/821/786 815/716/687 934/820/785
f 928/815/781 796/700/276 798/701/671
f 937/822/788 938/823/789 936/463/787
f 939/824/790 936/463/787 938/823/789
f 937/822/788 892/783/752 938/823/789
f 940/825/791 938/823/789 892/783/752
f 415/417/371 890/415/750 412/411/366
f 887/413/748 412/411/366 890/415/750
f 747/667/611 896/784/756 889/782/749
f 895/422/754 889/782/749 896/784/756
f 889/782/749 688/624/597 747/667/611
f 941/826/421 688/624/597 418/418/372
f 889/782/749 418/418/372 688/624/597
f 938/823/789 940/825/791 907/794/766
f 908/795/767 907/794/766 940/825/791
f 928/815/781 933/818/783 930/816/411
f 942/827/792 930/816/411 933/818/783
f 942/827/792 943/828/793 930/816/411
f 944/829/423 930/816/411 943/828/793
f 943/828/793 945/830/794 944/829/423
f 946/831/425 944/829/423 945/830/794
f 947/832/795 933/818/783 934/820/785
f 947/832/795 943/828/793 942/827/792
f 926/812/779 945/830/794 943/828/793
f 927/813/780 926/812/779 947/832/795
f 939/824/790 909/796/768 948/476/796
f 949/833/772 948/476/796 909/796/768
f 945/830/794 950/834/797 946/831/425
f 951/835/428 946/831/425 950/834/797
f 945/830/794 926/812/779 912/798/770
f 952/836/798 911/797/769 915/802/773
f 952/836/798 919/805/775 918/804/774
f 950/834/797 952/836/798 922/807/776
f 915/802/773 919/805/775 952/836/798
f 945/830/794 952/836/798 950/834/797
f 952/836/798 912/798/770 911/797/769
f 947/832/795 926/812/779 943/828/793
f 891/419/751 886/781/747 953/837/799
f 954/481/800 890/415/750 895/422/754
f 889/782/749 895/422/754 890/415/750
f 890/415/750 954/481/800 887/413/748
f 955/838/799 887/413/748 954/481/800
f 957/484/801 958/483/802 956/839/803
f 897/785/757 957/484/801 894/424/753
f 897/785/757 898/786/758 959/840/804
f 931/817/782 959/840/804 898/786/758
f 956/839/803 955/838/799 957/484/801
f 954/481/800 957/484/801 955/838/799
f 895/422/754 894/424/753 954/481/800
f 957/484/801 954/481/800 894/424/753
f 953/837/799 940/825/791 891/419/751
f 892/783/752 891/419/751 940/825/791
f 922/807/776 925/811/778 950/834/797
f 640/593/565 124/123/114 898/786/758
f 688/624/597 941/826/421 625/582/554
f 622/581/119 625/582/554 941/826/421
f 811/712/683 810/714/685 813/715/686
f 934/820/785 939/824/790 948/476/796
f 927/813/780 947/832/795 934/820/785
f 774/292/653 819/720/692 777/685/656
f 777/685/656 773/290/652 774/292/653
f 819/720/692 753/670/633 817/335/690
f 786/691/665 817/335/690 753/670/633
f 774/292/653 753/670/633 819/720/692
f 952/836/798 918/804/774 922/807/776
f 952/836/798 945/830/794 912/798/770
f 960/841/797 958/483/802 959/840/804
f 899/787/381 762/279/642 317/317/277
f 762/279/642 797/699/670 317/317/277
f 785/690/664 811/712/683 786/691/665
f 961/842/301 769/288/650 408/408/363
f 772/286/651 408/408/363 769/288/650
f 909/796/768 901/788/759 949/833/772
f 962/843/771 949/833/772 901/788/759
f 901/788/759 900/790/761 962/843/771
f 940/825/791 953/837/799 908/795/767
f 802/705/675 778/686/657 817/335/690
f 683/619/593 677/187/591 693/628/600
f 680/617/592 693/628/600 677/187/591
f 888/414/747 887/413/748 955/838/799
f 964/844/805 689/197/598 963/845/755
f 675/183/587 689/197/598 964/844/805
f 712/220/611 675/183/587 964/844/805
f 503/502/446 643/148/566 500/3/445
f 511/507/452 500/3/445 643/148/566
f 504/505/447 510/506/450 505/503/8
f 654/600/146 505/503/8 510/506/450
f 643/148/566 503/502/446 642/594/136
f 653/599/144 642/594/136 503/502/446
f 500/3/445 511/507/452 504/505/447
f 510/506/450 504/505/447 511/507/452
f 718/641/614 627/584/556 719/642/615
f 718/641/614 502/501/444 629/585/557
f 501/500/443 629/585/557 502/501/444
f 892/783/752 937/822/788 818/719/691
f 814/717/688 818/719/691 937/822/788
f 937/822/788 936/463/787 814/717/688
f 815/716/687 814/717/688 936/463/787
f 744/664/221 723/645/196 745/665/629
f 725/646/618 745/665/629 723/645/196
f 745/665/629 725/646/618 746/666/222
f 735/655/208 746/666/222 725/646/618
f 124/123/114 640/593/565 621/579/552
f 620/124/551 621/579/552 600/569/534
f 601/568/532 600/569/534 621/579/552
f 601/568/532 641/146/564 602/103/533
f 965/846/590 602/103/533 641/146/564
f 124/123/114 459/460/413 898/786/758
f 909/796/768 939/824/790 907/794/766
f 938/823/789 907/794/766 939/824/790
f 934/820/785 936/463/787 939/824/790
f 693/628/600 674/614/589 596/563/527
f 597/564/528 596/563/527 674/614/589
f 693/628/600 680/617/592 674/614/589
f 689/197/598 674/614/589 680/617/592
f 679/616/590 963/845/755 680/617/592
f 689/197/598 680/617/592 963/845/755
f 965/846/590 641/146/564 893/423/755
f 897/785/757 893/423/755 641/146/564
f 960/841/797 959/840/804 966/847/806
f 931/817/782 966/847/806 959/840/804
f 957/484/801 959/840/804 958/483/802
f 255/255/217 494/494/439 742/662/627
f 550/530/491 548/50/488 547/51/490
f 550/530/491 539/40/479 967/848/492
f 967/848/492 539/40/479 531/517/471
f 968/849/488 515/13/456 630/586/558
f 512/509/455 515/13/456 968/849/488
f 722/643/491 512/509/455 968/849/488
f 630/586/558 515/13/456 628/587/559
f 947/832/795 942/827/792 933/818/783
f 601/568/532 621/579/552 640/593/565
f 513/16/453 132/131/122 514/508/454
f 969/850/807 132/131/122 513/16/453
f 514/508/454 627/584/556 515/13/456
f 628/587/559 515/13/456 627/584/556
f 627/584/556 131/132/123 719/642/615
f 969/850/807 513/16/453 659/604/574
f 626/583/555 659/604/574 513/16/453
f 546/527/486 659/604/574 626/583/555
f 629/585/557 507/5/448 658/163/476
f 718/641/614 628/587/559 627/584/556
f 970/851/808 516/512/459 527/516/469
f 517/510/457 516/512/459 970/851/808
f 695/202/602 971/499/809 525/515/465
f 694/203/601 971/499/809 695/202/602
f 741/661/216 972/852/810 742/662/627
f 494/494/439 235/237/200 742/662/627
f 235/237/200 726/235/619 742/662/627
f 256/256/218 253/253/215 249/249/211
f 244/244/206 249/249/211 253/253/215
f 972/852/810 743/663/628 742/662/627
f 486/486/436 425/425/379 485/484/434
f 959/840/804 957/484/801 897/785/757
f 443/444/397 442/442/384 441/441/395
f 446/445/398 444/443/396 447/446/399
f 910/799/771 914/801/761 911/797/769
f 920/806/763 919/805/775 916/803/760
f 331/331/291 329/329/289 333/333/293
f 377/377/333 323/323/283 327/327/287
f 322/322/282 327/327/287 323/323/283
f 378/378/334 319/319/279 377/377/333
f 323/323/283 377/377/333 319/319/279
f 318/318/278 319/319/279 296/296/256
f 378/378/334 296/296/256 319/319/279
f 296/296/256 279/279/239 318/318/278
f 333/333/293 329/329/289 328/328/288
f 327/327/287 322/322/282 324/326/286
f 322/322/282 329/329/289 324/326/286
f 324/326/286 329/329/289 366/366/322
f 366/366/322 329/329/289 331/331/291
f 935/821/786 812/713/684 815/716/687
f 932/819/784 798/701/671 806/709/679
f 803/708/678 806/709/679 798/701/671
f 798/701/671 797/699/670 803/708/678
f 800/703/673 803/708/678 797/699/670
f 762/279/642 801/704/674 797/699/670
f 800/703/673 797/699/670 801/704/674
f 779/687/658 801/704/674 762/279/642
f 806/709/679 812/713/684 932/819/784
f 935/821/786 932/819/784 812/713/684
f 805/707/677 807/711/681 806/709/679
f 812/713/684 806/709/679 807/711/681
f 815/716/687 812/713/684 811/712/683
f 215/214/183 973/853/811 22/21/21
f 23/22/22 22/21/21 973/853/811
f 215/214/183 144/144/131 973/853/811
f 143/142/130 973/853/811 144/144/131
f 205/204/177 210/209/22 206/205/62
f 209/208/130 206/205/62 210/209/22
f 21/23/23 176/175/157 22/21/21
f 216/216/185 22/21/21 176/175/157
f 141/143/63 144/144/131 173/172/154
f 217/217/186 173/172/154 144/144/131
f 708/214/609 523/21/464 974/853/812
f 522/514/462 974/853/812 523/21/464
f 708/214/609 974/853/812 636/591/562
f 637/592/563 636/591/562 974/853/812
f 702/208/604 701/631/462 698/630/501
f 699/204/603 698/630/501 701/631/462
f 520/23/463 523/21/464 667/609/581
f 707/635/607 667/609/581 523/21/464
f 635/143/500 664/608/578 636/591/562
f 709/636/610 636/591/562 664/608/578
f 214/215/184 216/216/185 171/173/155
f 173/172/154 217/217/186 171/173/155
f 667/609/581 707/635/607 663/173/580
f 706/215/608 709/636/610 663/173/580
f 169/169/151 975/854/813 79/78/73
f 80/79/74 79/78/73 975/854/813
f 169/169/151 139/138/129 975/854/813
f 138/137/128 975/854/813 139/138/129
f 976/855/813 156/156/128 155/155/141
f 140/140/109 139/138/129 119/121/112
f 120/119/110 119/121/112 139/138/129
f 169/169/151 79/78/73 170/170/152
f 168/168/150 170/170/152 79/78/73
f 661/606/576 579/78/514 977/854/814
f 578/79/512 977/854/814 579/78/514
f 661/606/576 977/854/814 631/589/561
f 632/137/560 631/589/561 977/854/814
f 978/856/814 650/598/571 649/156/560
f 634/590/546 619/578/549 631/589/561
f 618/577/548 631/589/561 619/578/549
f 661/606/576 662/607/577 579/78/514
f 660/605/575 579/78/514 662/607/577
f 170/170/152 121/120/111 120/119/110
f 170/170/152 168/168/150 121/120/111
f 662/607/577 618/577/548 617/120/550
f 662/607/577 617/120/550 660/605/575
f 190/189/168 185/187/167 191/190/95
f 678/615/533 677/187/591 682/618/535
