# Blender 4.4.3
# www.blender.org
mtllib simba.mtl
o simba_lod0
v 0.016054 -3.671170 5.613208
v 0.008174 -3.997991 5.532317
v 0.338193 -4.011816 5.780043
v 0.233595 -4.280477 5.587535
v 0.602380 -4.371509 5.987082
v 0.000038 -4.529974 5.472071
v 0.494810 -4.598818 5.754115
v 0.703440 -4.519495 6.040121
v 0.167509 -4.615894 5.546225
v 0.026601 -5.072885 5.625736
v 0.189734 -5.062140 5.632294
v 0.063267 -5.448747 5.741983
v 0.632668 -4.783333 5.887545
v 0.864282 -4.845406 6.069460
v 0.357696 -4.751521 5.648793
v 0.759278 -4.981769 6.042079
v 1.073120 -5.113894 6.376239
v 0.402596 -4.994133 5.738579
v 0.622651 -5.292850 5.965641
v 0.227975 -5.486284 5.728731
v 0.105363 -5.785079 5.846890
v 0.965489 -5.272838 6.299052
v 0.487125 -5.499864 5.903662
v 0.293445 -5.727122 5.881546
v 0.190201 -6.265814 6.145796
v 1.212877 -5.554839 6.694061
v 1.275745 -5.278063 6.875454
v 0.976822 -5.623315 6.313426
v 0.526257 -6.209008 6.231980
v 0.241960 -6.691382 6.646161
v 0.820770 -5.987984 6.305826
v 1.575828 -5.643450 7.272552
v 1.515005 -5.328382 7.387595
v 1.211998 -5.940007 6.733758
v 0.654478 -6.599144 6.781186
v 0.179222 -7.115888 7.179667
v 0.994481 -6.348688 6.926469
v 1.897972 -5.625137 7.884743
v 1.853842 -5.325044 7.991453
v 1.571681 -6.074373 7.293772
v 1.435178 -6.496107 7.405533
v 0.985239 -6.810080 7.511646
v 0.641285 -7.028729 7.349956
v 0.547107 -7.465100 8.087407
v -0.156871 -7.550044 7.977899
v 1.906223 -6.151510 7.866128
v 0.297289 -7.689643 8.607368
v -0.268521 -7.627220 8.583615
v -0.169578 -7.570176 9.089499
v 0.375955 -7.647118 9.185342
v -0.019977 -7.460399 9.665733
v 0.776552 -7.451580 8.677563
v 1.119695 -7.166258 8.038239
v 1.285765 -6.715056 7.666489
v 0.421474 -7.483474 9.760064
v 0.019847 -7.365149 10.238807
v 1.006747 -7.409275 9.395494
v 1.792022 -6.629340 7.896047
v 1.487387 -6.889874 8.042701
v 1.351307 -7.337301 8.614645
v 0.379628 -7.377434 10.263699
v 0.010673 -7.359544 10.689089
v 0.389528 -7.319271 10.796061
v 1.704284 -7.011595 8.584317
v 0.891019 -7.282546 9.989493
v 0.749584 -7.297496 10.509768
v 0.622798 -7.283892 10.932905
v 1.534819 -7.413512 9.252206
v 1.357242 -7.428955 9.901837
v 1.077176 -7.125040 10.826396
v 0.895140 -7.212588 11.151393
v 1.264163 -7.364920 11.266563
v 1.352162 -7.171016 11.194673
v 1.705709 -7.195886 11.033786
v 1.372376 -7.181153 10.393347
v 1.707450 -7.418418 9.858632
v 1.898302 -7.108576 9.188632
v 1.787096 -7.342679 10.447991
v 2.072176 -6.742626 8.473171
v 2.046835 -7.109410 9.825296
v 2.244046 -6.242388 8.469108
v 2.306986 -6.825783 9.103302
v 2.272814 -5.697169 8.565357
v 2.517346 -6.324464 9.084049
v 2.529444 -5.777936 9.116662
v 2.327011 -5.412611 8.569120
v 2.674036 -6.354102 9.769301
v 2.469212 -6.853640 9.776532
v 2.156494 -7.108258 10.468377
v 2.546313 -5.299325 9.029877
v 2.225312 -5.259855 8.661344
v 2.171608 -5.104443 8.591050
v 2.181773 -4.961574 8.963403
v 2.368967 -5.190958 9.054225
v 2.370908 -4.729358 9.364914
v 2.862471 -5.264701 9.754468
v 2.545877 -4.952471 9.579620
v 2.352304 -4.165649 9.910690
v 2.589012 -4.238510 10.103184
v 2.270445 -3.759933 10.316240
v 2.896558 -5.685967 9.784545
v 2.821179 -4.854004 10.613647
v 3.008929 -5.269251 10.552673
v 2.929663 -5.342593 11.333264
v 2.983851 -5.846191 10.536817
v 2.752714 -6.391640 10.481551
v 2.550396 -6.870345 10.466812
v 2.611661 -3.757161 10.558700
v 2.302683 -3.054004 10.947860
v 2.099159 -3.022917 10.704959
v 1.952620 -2.438000 10.847926
v 2.829551 -4.371483 10.827889
v 2.777291 -4.867095 11.357077
v 2.628579 -4.865886 11.986542
v 2.744671 -3.840981 11.087012
v 2.815706 -4.529290 11.475117
v 2.220373 -7.067840 11.131689
v 1.854626 -7.258614 11.028160
v 1.850838 -7.156840 11.485571
v 1.762524 -7.113544 11.851212
v 2.131899 -7.027631 11.594193
v 1.842297 -7.016805 12.159431
v 2.543432 -6.890344 11.151086
v 2.700909 -6.438943 11.181837
v 2.399689 -6.918841 11.776306
v 2.211887 -6.947132 12.185803
v 2.902576 -5.972175 11.248856
v 2.471102 -6.477071 11.801077
v 2.029665 -6.976834 12.624182
v 1.875280 -6.953557 12.594791
v 1.875203 -7.006684 13.022249
v 2.726453 -6.047700 11.948599
v 2.217916 -6.562903 12.343035
v 2.071432 -6.585968 12.760834
v 2.676333 -5.489988 12.110860
v 2.516235 -6.178657 12.478102
v 1.966654 -6.645942 13.198237
v 1.684344 -7.047533 13.435719
v 2.315083 -6.357085 13.044352
v 2.430095 -5.684139 12.822906
v 1.892235 -6.760766 13.616590
v 1.508839 -7.059228 13.697331
v 2.188464 -6.497825 13.388191
v 1.762181 -6.892987 13.888639
v 1.379598 -7.075777 13.950405
v 2.402718 -5.427249 12.377596
v 2.295096 -5.855034 13.333816
v 2.054463 -6.657734 13.767782
v 2.207212 -5.549551 12.909277
v 2.175872 -6.018670 13.738952
v 2.072352 -5.701028 13.398830
v 1.914259 -5.388900 12.613055
v 1.770844 -5.514486 13.006782
v 1.923448 -5.228317 12.574553
v 1.698548 -5.649094 13.388743
v 1.757944 -5.736294 13.658810
v 1.967230 -5.857744 13.809038
v 1.961194 -5.924383 13.916797
v 2.093170 -6.214104 14.029392
v 1.693576 -6.277020 14.594269
v 1.863046 -5.929961 14.027986
v 1.584923 -5.917691 14.065763
v 2.476432 -4.872937 12.561456
v 2.047187 -4.995759 12.801476
v 2.300825 -4.969382 13.059794
v 1.881642 -6.853540 14.025936
v 1.937075 -6.456255 14.403086
v 1.664996 -7.050828 14.240678
v 1.275194 -7.316217 14.397305
v 1.141656 -7.271359 14.129785
v 0.853628 -7.575014 14.289089
v 1.710555 -6.858195 14.707264
v 2.413856 -4.690629 13.089375
v 2.294426 -4.956442 13.381479
v 2.239941 -4.955956 13.699347
v 0.900189 -7.553246 14.521347
v 0.586294 -7.777167 14.543605
v 0.549849 -7.820342 14.329851
v 0.905846 -7.533165 14.720261
v 1.402646 -7.172652 14.799158
v 0.308599 -7.917922 14.491554
v 0.310307 -7.995191 14.277477
v 1.481008 -6.695497 14.976791
v 0.704049 -7.517963 14.828065
v 1.137779 -7.111310 15.024526
v 0.000052 -8.010377 14.512139
v 0.000052 -8.081920 14.225599
v 0.305364 -7.721977 14.785714
v 0.000051 -7.813801 14.805957
v 0.000050 -7.405681 15.101058
v 0.348234 -7.401707 15.094703
v -0.000601 -7.002818 15.266308
v 0.543399 -7.387267 15.027128
v 0.370349 -6.994763 15.283013
v -0.001955 -6.461491 15.363064
v 0.787336 -7.000830 15.257426
v 0.452953 -6.436150 15.339516
v 0.000398 -5.712026 15.313854
v 1.144740 -6.709330 15.201175
v 0.936707 -6.479732 15.426450
v 1.445592 -6.319985 15.151923
v 0.530085 -5.807552 15.332120
v 1.655426 -5.797798 14.913823
v 1.857671 -5.439845 14.534467
v 1.745006 -5.548158 14.087708
v 1.987226 -5.291813 14.115824
v 2.126804 -5.077981 13.986563
v 1.340961 -6.018357 15.323823
v 1.132848 -5.947681 15.383511
v 1.525491 -5.555901 15.127685
v 0.579612 -5.174260 15.205978
v 0.047553 -5.087724 15.183578
v 0.166719 -4.543873 15.013453
v 1.126724 -5.346468 15.135291
v 2.086165 -4.754807 14.222199
v 1.778902 -5.084738 14.787341
v 0.753873 -4.615971 14.983844
v 0.340296 -3.996905 14.515847
v 1.203841 -4.838744 14.820498
v 1.746081 -4.507286 14.324752
v 2.240258 -4.507037 13.803460
v 1.254952 -4.275397 14.461316
v 0.889364 -4.094578 14.545280
v 0.902676 -3.686647 13.999497
v 0.357452 -3.696694 13.942058
v 2.334810 -4.418866 13.489446
v 1.865059 -4.185013 13.885337
v 0.718027 -3.329691 13.439203
v 0.117412 -3.353312 13.417525
v 1.280898 -3.832946 14.001639
v 1.271385 -3.426776 13.489402
v 1.971465 -3.900779 13.405564
v 2.485018 -3.976703 12.718202
v 0.338773 -2.902675 12.836470
v -0.275732 -2.820612 12.826184
v 1.077023 -2.980717 12.912439
v 1.612446 -3.236381 12.838428
v 0.173545 -2.344159 12.367203
v -0.408232 -2.245159 12.376523
v 0.823675 -2.614380 12.348013
v 0.333353 -1.708717 11.828607
v -0.346638 -1.480553 11.984095
v 1.272456 -2.759989 12.245595
v 0.902755 -2.284954 11.954998
v 2.117469 -3.493842 12.814609
v 0.268292 -1.073015 11.227019
v -0.114005 -0.827207 11.384528
v 0.234923 -0.541628 10.777258
v 0.015224 -0.451385 10.850130
v 1.725222 -2.688810 12.070107
v 0.976355 -1.420955 11.558411
v 1.343303 -1.884541 11.745811
v 1.231647 -1.395093 11.191401
v 0.548317 -0.940467 11.164005
v 0.109089 -0.236300 10.405350
v 0.033029 -0.085034 10.370910
v 0.334755 -0.618368 10.452477
v 0.616503 -0.968628 10.615812
v 0.607836 -0.874251 10.915892
v 1.130748 -1.540448 10.796290
v 1.637108 -1.837701 11.333893
v 1.286236 -1.569959 10.856318
v 1.235256 -1.468043 10.706044
v 1.549115 -1.815733 10.799781
v 1.621144 -1.817868 10.983467
v 2.110910 -2.470279 11.006084
v 2.164858 -2.611710 11.604550
v 2.299846 -3.192820 12.294579
v 2.503204 -3.179727 11.464570
v 2.625593 -3.535844 12.075180
v 2.752442 -4.009158 11.659438
v 2.633792 -4.457457 12.418694
v 2.719476 -4.605937 12.052087
v 0.000044 15.653030 7.691804
v 0.155033 15.736094 7.720449
v 0.000049 16.229143 7.465912
v 0.191728 16.221851 7.492183
v 0.000051 16.527952 7.296864
v 0.330160 16.285860 7.610446
v 0.306028 15.735336 7.891724
v 0.257701 16.529907 7.365766
v 0.000054 16.902349 7.054718
v 0.526938 16.348228 7.726585
v 0.208357 15.883421 8.091428
v 0.342185 16.562145 7.517116
v 0.482513 16.999842 7.345412
v 0.268885 16.944351 7.186517
v 0.000057 17.268448 6.881406
v 0.349090 17.362610 6.989097
v 0.000059 17.562611 6.711931
v 0.594892 16.733713 7.559273
v 0.485581 16.430101 7.878678
v 0.316106 16.489412 8.012962
v 0.640694 16.892452 7.651880
v 0.278788 16.606134 8.207866
v 0.000050 15.877485 8.201353
v 0.000063 16.850559 8.360836
v 0.539488 17.045225 7.814743
v 0.641970 17.326374 7.410504
v 0.593924 17.033846 7.419223
v 0.345636 17.194616 8.097956
v 0.000069 17.364054 8.327093
v 0.432740 17.502731 7.830739
v 0.000073 17.866518 8.084126
v 0.478492 17.425177 7.573909
v 0.203130 17.898289 7.899380
v 0.000074 18.102812 7.915405
v 0.000071 17.888355 7.807052
v 0.226661 17.711126 7.741484
v 0.000072 18.105463 7.599538
v 0.397776 17.939386 7.339028
v 0.446341 17.877445 7.106843
v 0.258783 18.521597 7.031893
v 0.000074 18.533848 7.167980
v 0.000075 18.810190 6.876781
v 0.000074 18.753576 6.804300
v 0.253509 18.476614 6.898293
v 0.000069 18.342749 6.783228
v 0.000063 17.888700 6.795488
v 0.426339 17.389400 7.068230
v 0.221997 17.641336 6.846189
v 0.000062 17.859238 6.703626
v 0.253641 17.600838 6.785333
v 0.081485 17.824755 6.656952
v 0.000061 17.876240 6.557998
v 0.114873 17.786783 6.567835
v 0.000060 17.762980 6.551136
v 0.000061 17.869978 6.505014
v -0.285771 -4.011818 5.780044
v -0.207581 -4.280478 5.587537
v -0.535457 -4.371511 5.987082
v -0.148477 -4.615894 5.546225
v -0.438338 -4.598820 5.754115
v -0.636316 -4.519498 6.040123
v -0.554640 -4.783337 5.887546
v -0.797730 -4.845410 6.069462
v -0.312691 -4.751524 5.648794
v -0.135416 -5.062139 5.632294
v -0.660785 -4.981771 6.042079
v -1.026476 -5.113899 6.376241
v -0.323018 -4.994135 5.738581
v -0.469540 -5.292854 5.965641
v -0.106901 -5.486284 5.728731
v -0.871208 -5.272842 6.299052
v -0.305325 -5.499865 5.903662
v -0.076840 -5.727123 5.881546
v -1.192376 -5.554843 6.694062
v -1.273629 -5.278070 6.875455
v -0.848852 -5.623321 6.313426
v -0.149083 -6.209010 6.231979
v -0.554369 -5.987988 6.305826
v -0.228303 -6.599148 6.781186
v -1.588386 -5.643461 7.272552
v -1.516576 -5.328389 7.387596
v -1.184920 -5.940016 6.733759
v -1.889241 -5.625148 7.884744
v -1.838935 -5.325055 7.991453
v -0.446421 -7.028732 7.349956
v -0.816247 -6.348694 6.926469
v -1.588607 -6.074382 7.293773
v -0.813059 -7.465105 8.087408
v -0.954282 -6.810084 7.511646
v -1.445366 -6.496111 7.405533
v -1.899540 -6.151521 7.866128
v -2.326927 -5.412628 8.569121
v -2.272729 -5.697183 8.565357
v -2.225228 -5.259868 8.661345
v -2.171526 -5.104455 8.591051
v -2.181690 -4.961588 8.963405
v -2.546230 -5.299344 9.029879
v -2.368883 -5.190974 9.054228
v -2.370830 -4.729372 9.364916
v -2.545795 -4.952485 9.579621
v -2.352227 -4.165664 9.910690
v -2.862387 -5.264719 9.754469
v -2.529356 -5.777953 9.116665
v -2.243958 -6.242403 8.469109
v -2.588936 -4.238527 10.103187
v -2.270372 -3.759948 10.316240
v -2.821098 -4.854023 10.613648
v -1.779899 -6.629351 7.896048
v -1.285763 -6.715063 7.666490
v -1.161143 -7.166266 8.038239
v -1.465015 -6.889882 8.042702
v -2.611588 -3.757180 10.558701
v -2.302616 -3.054019 10.947861
v -2.099190 -3.022931 10.704960
v -1.953367 -2.438014 10.847925
v -2.829472 -4.371501 10.827891
v -2.744596 -3.840999 11.087014
v -0.990510 -7.451585 8.677563
v -1.337967 -7.337304 8.614646
v -1.672522 -7.011607 8.584319
v -0.740220 -7.689647 8.607368
v -0.618390 -7.647121 9.185342
v -1.519056 -7.413521 9.252206
v -2.070275 -6.742640 8.473173
v -0.431588 -7.483475 9.760065
v -1.045202 -7.409281 9.395495
v -0.342931 -7.377435 10.263700
v -0.376025 -7.319274 10.796062
v -0.879944 -7.282551 9.989494
v -0.729595 -7.297503 10.509768
v -0.617479 -7.283898 10.932905
v -1.357598 -7.428962 9.901837
v -1.074603 -7.125049 10.826398
v -0.894967 -7.212594 11.151394
v -1.264063 -7.364927 11.266563
v -1.352064 -7.171023 11.194674
v -1.705814 -7.195898 11.033788
v -1.373603 -7.181160 10.393347
v -1.707845 -7.418431 9.858633
v -1.788648 -7.342692 10.447993
v -1.890675 -7.108588 9.188633
v -2.046764 -7.109423 9.825296
v -2.306893 -6.825797 9.103303
v -2.517257 -6.324479 9.084050
v -2.673944 -6.354120 9.769302
v -2.469117 -6.853655 9.776533
v -2.156396 -7.108272 10.468380
v -1.854663 -7.258626 11.028161
v -1.850768 -7.156850 11.485572
v -1.762595 -7.113556 11.851213
v -2.220278 -7.067852 11.131689
v -2.131802 -7.027646 11.594194
v -1.842576 -7.016816 12.159432
v -2.550300 -6.870361 10.466813
v -2.752621 -6.391656 10.481553
v -2.543336 -6.890360 11.151088
v -2.211790 -6.947143 12.185803
v -2.399592 -6.918857 11.776305
v -2.700815 -6.438962 11.181838
v -2.983760 -5.846211 10.536819
v -2.471009 -6.477086 11.801079
v -2.029671 -6.976848 12.624183
v -1.875677 -6.953568 12.594795
v -1.875307 -7.006695 13.022252
v -2.217823 -6.562917 12.343037
v -2.902487 -5.972194 11.248859
v -2.929577 -5.342613 11.333264
v -2.726363 -6.047721 11.948603
v -2.896470 -5.685986 9.784547
v -3.008843 -5.269270 10.552676
v -2.071481 -6.585981 12.760839
v -2.516143 -6.178673 12.478106
v -1.966758 -6.645957 13.198241
v -1.684209 -7.047547 13.435719
v -2.676245 -5.490006 12.110868
v -2.628494 -4.865902 11.986545
v -2.777208 -4.867114 11.357079
v -2.815627 -4.529307 11.475121
v -2.314991 -6.357100 13.044355
v -1.891798 -6.760777 13.616592
v -1.508558 -7.059237 13.697330
v -2.430007 -5.684156 12.822911
v -2.188369 -6.497836 13.388194
v -1.761451 -6.893000 13.888642
v -1.379375 -7.075784 13.950407
v -2.402631 -5.427264 12.377603
v -2.295006 -5.855049 13.333817
v -2.054252 -6.657747 13.767785
v -2.207123 -5.549563 12.909279
v -2.175781 -6.018682 13.738955
v -2.072273 -5.701042 13.398833
v -1.909127 -5.388911 12.613062
v -1.767334 -5.514495 13.006784
v -1.916072 -5.228329 12.574557
v -1.698752 -5.649103 13.388746
v -1.758294 -5.736302 13.658813
v -1.966943 -5.857757 13.809042
v -1.960686 -5.924396 13.916800
v -2.092990 -6.214115 14.029395
v -1.690776 -6.277031 14.594272
v -1.862031 -5.929971 14.027990
v -1.583072 -5.917704 14.065768
v -2.476346 -4.872956 12.561460
v -2.044953 -4.995773 12.801479
v -2.300740 -4.969397 13.059795
v -1.881048 -6.853553 14.025940
v -1.936069 -6.456266 14.403091
v -1.664624 -7.050841 14.240678
v -1.275095 -7.316226 14.397306
v -1.141556 -7.271368 14.129786
v -0.853527 -7.575019 14.289089
v -1.709724 -6.858208 14.707264
v -2.413772 -4.690648 13.089377
v -2.294340 -4.956459 13.381484
v -2.239855 -4.955969 13.699349
v -0.900088 -7.553252 14.521348
v -0.586191 -7.777171 14.543608
v -0.549745 -7.820346 14.329848
v -0.905744 -7.533171 14.720261
v -1.402539 -7.172660 14.799161
v -0.308496 -7.917924 14.491554
v -0.310201 -7.995193 14.277477
v -1.479937 -6.695504 14.976793
v -0.703947 -7.517972 14.828069
v -1.137757 -7.111318 15.024528
v -0.305259 -7.721978 14.785714
v -0.348133 -7.401708 15.094703
v -0.543297 -7.387271 15.027132
v -0.371419 -6.994763 15.283014
v -0.787987 -7.000836 15.257425
v -0.457771 -6.436150 15.339516
v -1.145561 -6.709339 15.201177
v -0.531379 -5.807557 15.332120
v -0.936614 -6.479738 15.426452
v -1.444476 -6.319990 15.151923
v -1.654897 -5.797808 14.913826
v -1.861251 -5.439857 14.534465
v -1.748875 -5.548169 14.087711
v -1.989710 -5.291827 14.115823
v -2.126812 -5.077997 13.986562
v -1.340735 -6.018365 15.323824
v -1.132924 -5.947690 15.383511
v -1.526832 -5.555911 15.127686
v -2.087203 -4.754823 14.222202
v -1.119368 -5.346476 15.135292
v -1.789233 -5.084750 14.787342
v -0.524237 -5.174261 15.205976
v -1.183261 -4.838749 14.820498
v -0.524086 -4.615975 14.983844
v -1.776751 -4.507299 14.324753
v -2.240178 -4.507053 13.803460
v -0.435604 -4.094581 14.545280
v -1.238294 -4.275404 14.461318
v -0.388283 -3.686653 13.999497
v -2.334730 -4.418885 13.489446
v -1.885576 -4.185029 13.885336
v -1.276606 -3.832955 14.001639
v -0.523674 -3.329695 13.439204
v -1.267669 -3.426783 13.489402
v -1.974316 -3.900793 13.405567
v -2.484943 -3.976722 12.718203
v -2.633710 -4.457473 12.418697
v -2.719395 -4.605955 12.052090
v -2.752366 -4.009175 11.659440
v -2.625519 -3.535861 12.075180
v -2.503134 -3.179745 11.464570
v -2.117032 -3.493855 12.814609
v -1.575397 -3.236392 12.838428
v -1.683820 -2.688820 12.070108
v -2.299776 -3.192837 12.294580
v -2.164792 -2.611725 11.604550
v -2.110856 -2.470294 11.006085
v -1.626627 -1.837712 11.333896
v -1.621852 -1.817879 10.983469
v -1.552105 -1.815744 10.799783
v -1.286116 -1.569968 10.856321
v -1.233385 -1.468051 10.706046
v -1.125076 -1.540456 10.796291
v -1.234329 -1.395101 11.191401
v -0.592683 -0.874256 10.915895
v -0.573604 -0.968631 10.615812
v -0.193676 -0.541628 10.777259
v -0.259117 -0.581794 10.440354
v -0.045817 -0.184160 10.394476
v -0.369132 -1.073017 11.227019
v -0.604481 -0.940472 11.164005
v -1.062957 -1.420963 11.558411
v -0.789652 -1.708721 11.828609
v -1.332081 -1.884549 11.745811
v -0.854266 -2.344162 12.367203
v -1.083206 -2.284961 11.954999
v -1.278461 -2.759997 12.245598
v -1.086578 -2.614387 12.348013
v -1.142199 -2.980724 12.912440
v -0.771911 -2.902679 12.836473
v -0.154943 15.736096 7.720450
v -0.191630 16.221855 7.492188
v -0.330059 16.285870 7.610452
v -0.305936 15.735339 7.891726
v -0.257599 16.529913 7.365769
v -0.342078 16.562155 7.517121
v -0.482399 16.999847 7.345420
v -0.526834 16.348244 7.726591
v -0.208258 15.883430 8.091430
v -0.268775 16.944357 7.186522
v -0.348973 17.362616 6.989102
v -0.594782 16.733728 7.559281
v -0.485472 16.430111 7.878686
v -0.315994 16.489418 8.012966
v -0.640577 16.892467 7.651890
v -0.278670 16.606144 8.207870
v -0.539367 17.045238 7.814752
v -0.641847 17.326389 7.410513
v -0.593808 17.033859 7.419230
v -0.345507 17.194624 8.097960
v -0.432606 17.502737 7.830746
v -0.478366 17.425186 7.573918
v -0.202988 17.898294 7.899384
v -0.226525 17.711134 7.741488
v -0.397640 17.939392 7.339035
v -0.446212 17.877453 7.106849
v -0.258640 18.521603 7.031897
v -0.253367 18.476624 6.898297
v -0.426222 17.389408 7.068236
v -0.221876 17.641340 6.846193
v -0.253523 17.600842 6.785336
v -0.081362 17.824757 6.656954
v -0.114752 17.786783 6.567837
v 0.163034 -7.298081 14.689349
v -0.055350 -7.572699 14.357167
v -0.047508 -7.588909 14.285936
v 0.073833 -7.341467 14.753477
v 0.307219 -7.118232 14.952797
v -0.060244 -7.686641 14.438499
v 0.218871 -7.172776 15.053406
v 0.433105 -6.950424 15.093744
v 0.406027 -6.976815 15.212326
v 0.779481 -6.840663 15.130008
v 0.822939 -6.877922 15.276762
v 1.099684 -6.814523 15.029445
v 0.055612 -7.578361 14.805457
v 0.221251 -7.511845 15.151071
v 0.454141 -7.417913 15.356431
v 0.861207 -7.374308 15.330453
v 1.153138 -6.875545 15.145476
v 0.051065 -7.907002 14.737749
v -0.060970 -7.866838 14.436212
v -0.072455 -8.093881 14.347309
v 0.257271 -8.031954 15.097411
v 0.504207 -8.062227 15.334438
v 1.520478 -6.872907 14.727269
v 1.402341 -6.862264 14.621299
v 0.889619 -8.019969 15.345931
v 1.234268 -7.367979 15.133613
v 0.061883 -8.249650 14.691416
v 1.681810 -6.923772 14.349989
v 1.559355 -6.903349 14.225225
v 0.257668 -8.396813 15.019505
v 0.109689 -8.393745 14.625130
v -0.072002 -8.124290 14.247483
v 1.840265 -7.040188 13.676653
v 1.671144 -7.045059 13.596819
v 0.298298 -8.501668 14.912387
v 1.904784 -7.169154 12.855994
v 1.755879 -7.183511 12.803914
v 1.940381 -7.244112 12.093645
v 1.821663 -7.223598 12.103839
v 2.021964 -7.290424 11.360358
v 2.080257 -7.358730 12.939231
v 2.070828 -7.300971 13.721058
v 1.866446 -7.343693 14.423923
v 1.629412 -7.347992 14.838554
v 1.310862 -7.982022 15.156578
v 2.255529 -7.659083 12.967376
v 2.178312 -7.799350 13.703523
v 1.972824 -7.890787 14.427996
v 2.257984 -7.592237 12.193807
v 1.707526 -7.966981 14.858754
v 1.681352 -8.390398 14.773494
v 1.293062 -8.449638 15.051983
v 1.931675 -8.340007 14.353111
v 2.123557 -8.247552 13.598397
v 2.193836 -8.123851 12.874829
v 0.868594 -8.469638 15.237919
v 0.507830 -8.452959 15.239210
v 0.823465 -8.609012 15.110029
v 0.553675 -8.571412 15.102119
v 0.597413 -8.558089 14.920727
v 1.249310 -8.596150 14.928299
v 0.399443 -8.469872 14.797192
v 0.185952 -8.377211 14.561360
v 0.784034 -8.598342 14.918700
v 1.570027 -8.516068 14.659565
v 1.122257 -8.518903 14.684010
v 1.841516 -8.417077 14.245936
v 0.454867 -8.363110 14.714641
v -0.048435 -8.128711 14.234518
v -0.076655 -8.032027 14.141707
v 0.781146 -8.303395 14.659994
v 0.211881 -8.215573 14.506081
v 0.245825 -8.140337 14.417859
v -0.066327 -7.702865 14.165845
v 0.624626 -8.280889 14.772083
v 0.747134 -7.880506 14.592835
v 0.432561 -7.972495 14.601633
v 0.213585 -7.517454 14.550026
v 0.372136 -7.426638 14.768490
v 0.594143 -7.910965 14.661597
v 0.596489 -7.432982 14.832763
v 0.752781 -7.398969 14.764455
v 0.944932 -7.347719 14.587377
v 1.127678 -7.375779 14.289246
v 0.935355 -7.866962 14.416452
v 1.287470 -7.464522 13.965364
v 1.032126 -8.252305 14.499533
v 1.153623 -7.908150 14.182192
v 1.468857 -7.515314 13.534502
v 1.334471 -8.174070 14.352326
v 1.458775 -8.048703 13.904428
v 1.428629 -8.408761 14.463382
v 1.633088 -8.298748 14.110824
v 1.992706 -8.306308 13.530635
v 1.852188 -8.183789 13.499496
v 2.064225 -8.133760 12.795802
v 1.614130 -8.004617 13.469739
v 1.741602 -7.867360 12.778973
v 2.265302 -7.979019 12.120994
v 1.622440 -7.495036 12.718767
v 1.928108 -8.004091 12.771070
v 1.840099 -7.644945 12.057600
v 2.031751 -7.864151 12.075361
v 2.028177 -7.542549 11.377973
v 2.142718 -7.971735 12.075939
v 2.180881 -7.788178 11.333728
v 2.071688 -7.543814 10.529359
v 2.083445 -7.356294 10.513144
v 2.306262 -7.907072 11.328502
v 2.222106 -7.835377 10.525544
v 1.943002 -7.631248 9.837769
v 1.974807 -7.443572 9.804114
v 1.855164 -7.610438 9.329374
v 1.814006 -7.734354 9.202220
v 2.051721 -7.864031 9.829790
v 1.839959 -7.847674 9.191575
v 2.346732 -7.911417 10.505856
v 2.427040 -7.899620 11.326239
v 2.368979 -7.532887 11.394141
v 2.122164 -7.247907 11.381978
v 2.359945 -7.507648 10.520926
v 2.194435 -7.296460 10.522106
v 2.076180 -7.407027 9.756761
v 2.438709 -7.828887 10.488682
v 1.909453 -7.588466 9.294765
v 2.166850 -7.540560 9.753551
v 2.228570 -7.866701 9.766680
v 1.837049 -7.732659 9.137687
v 1.966466 -7.650299 9.282604
v 2.164812 -7.926939 9.790811
v 1.945780 -7.913589 9.343654
v 2.004390 -7.880584 9.311522
v 1.881904 -7.739905 9.131919
v 1.887467 -7.859817 9.148377
v -0.279276 -7.258919 14.529233
v -0.270939 -7.271424 14.686933
v -0.597780 -6.990581 14.794685
v -0.262602 -7.559975 14.796751
v -0.575868 -7.028794 14.943883
v -0.880169 -6.869825 14.946717
v -0.271762 -7.934512 14.792723
v -0.535605 -7.426880 15.050755
v -0.495108 -8.020790 15.080855
v -0.280858 -8.314096 14.791883
v -0.304837 -8.376492 14.579773
v -0.305807 -8.077847 14.233380
v -0.296375 -7.546736 14.293679
v -0.515161 -8.045700 14.382277
v -0.552747 -7.439452 14.443366
v -0.470151 -8.436677 14.745184
v -0.434835 -8.445137 15.040030
v -0.757857 -7.354068 14.509447
v -0.672540 -8.014910 14.388949
v -0.974173 -7.291406 14.474913
v -1.145701 -6.838756 14.916512
v -1.456933 -6.852474 14.740357
v -0.728140 -8.082675 15.134639
v -0.645020 -8.503864 14.756938
v -0.861073 -7.950270 14.294065
v -1.230809 -7.215936 14.331651
v -1.748815 -6.868246 14.375342
v -0.796491 -7.357089 15.129869
v -0.640105 -8.540629 15.084463
v -0.922448 -8.576132 14.659756
v -0.971153 -8.651326 14.912190
v -1.102217 -7.872283 14.109046
v -1.506788 -7.086587 14.108849
v -1.937520 -6.862256 13.850064
v -1.113897 -8.086665 14.988019
v -1.289823 -8.528287 14.403151
v -1.364889 -8.651283 14.673420
v -1.343145 -7.760536 13.856292
v -1.714210 -7.010168 13.728039
v -1.968542 -6.878980 13.205202
v -1.556630 -8.399001 14.060397
v -1.781656 -7.060795 13.138766
v -1.967502 -6.876786 12.416912
v -1.534353 -7.650696 13.481596
v -1.816546 -7.121785 12.338190
v -2.113758 -6.759282 11.670816
v -1.659152 -8.563250 14.271965
v -1.855049 -8.070107 14.426994
v -1.700089 -8.279377 13.662417
v -1.865228 -8.384996 13.739021
v -1.667124 -7.555001 13.001958
v -1.872428 -8.072079 13.048759
v -1.998679 -8.165073 13.080757
v -2.108572 -7.876793 12.366710
v -2.026180 -6.905391 11.593435
v -2.160381 -6.616685 11.011354
v -1.863597 -7.514365 12.320298
v -2.115467 -7.162384 11.521695
v -2.213571 -6.908489 10.888831
v -2.370877 -7.464877 11.518276
v -2.103427 -7.982549 13.796115
v -2.228278 -7.886514 12.364889
v -2.242880 -7.824876 13.213622
v -2.168235 -6.804281 10.347024
v -2.130347 -6.485469 10.334433
v -2.041496 -6.752725 9.851608
v -2.036069 -6.469758 9.843795
v -1.939538 -6.579197 9.295713
v -2.364649 -7.010183 10.297800
v -2.182388 -7.247842 13.861659
v -1.905774 -6.709409 9.261738
v -1.946543 -6.696509 9.177385
v -1.997434 -6.791715 9.220779
v -2.271359 -6.939966 9.818460
v -2.443883 -7.177289 10.868154
v -2.494398 -6.994235 10.261024
v -2.568780 -7.185998 10.874116
v -2.498820 -7.458787 11.541831
v -2.353621 -7.523001 12.437665
v -2.489294 -7.155375 11.591634
v -2.318195 -7.199968 13.239514
v -2.535448 -6.926727 10.987158
v -2.322401 -7.142085 12.395168
v -2.254771 -6.791100 11.679545
v -2.337305 -6.905864 9.798049
v -2.442987 -6.734512 10.285102
v -2.042533 -6.779925 9.242183
v -2.296883 -6.683210 9.797818
v -2.015566 -6.695919 9.216934
v -1.999669 -6.574389 9.310344
v -2.167816 -6.453045 9.848639
v -2.262609 -6.479441 10.344099
v -2.295073 -6.610258 11.020258
v -2.118753 -6.875335 12.426792
v -2.137361 -6.888631 13.215579
v -2.066307 -6.900672 13.909618
v -1.878277 -6.907157 14.461929
v -1.898979 -7.283878 14.541340
v -1.529116 -6.851773 14.864670
v -1.531461 -7.288493 14.877320
v -1.194054 -6.843117 15.047512
v -1.509663 -8.061672 14.775766
v -1.173950 -7.306818 15.064075
v -0.857269 -6.930443 15.077644
v -1.769832 -7.763230 12.941165
v -1.757179 -7.799037 12.904085
v -1.724521 -7.817386 12.949466
v -1.727014 -7.875264 12.927640
v -1.667497 -7.923707 13.020173
v -1.687442 -7.987510 12.998753
v -1.673624 -7.851754 13.061015
v -1.475765 -8.145720 13.297456
v -1.513637 -8.243114 13.275830
v -1.489280 -7.996419 13.313552
v -1.327228 -8.416031 13.633426
v -1.381677 -8.515736 13.608952
v -1.343396 -8.174458 13.613241
v -1.206337 -8.559830 13.913297
v -1.277376 -8.692119 13.917973
v -1.228470 -8.308037 13.896801
v -1.009011 -8.632990 14.218757
v -1.089267 -8.762507 14.268105
v -1.069757 -8.389105 14.128266
v -0.859203 -8.735255 14.468322
v -0.970845 -8.824249 14.563821
v -0.905926 -8.477437 14.288853
v -0.735169 -8.755219 14.575972
v -0.751249 -8.823602 14.751300
v -0.767358 -8.504028 14.381414
v -0.619690 -8.723845 14.614252
v -0.588577 -8.776599 14.806617
v -0.518211 -8.670259 14.606000
v -0.473322 -8.714292 14.763883
v -0.342236 -8.621966 14.642853
v -0.655290 -8.489676 14.420339
v -0.415446 -8.569188 14.501369
v -0.187927 -8.475209 14.347276
v -0.550165 -8.460380 14.417317
v -0.685467 -8.260312 14.352472
v -0.807303 -8.265219 14.320480
v -0.949353 -8.254096 14.242662
v -1.131157 -8.196333 14.118702
v -1.266273 -8.109116 13.936044
v -1.391492 -7.999738 13.635094
v -1.564531 -7.865917 13.346510
v -1.722385 -7.813454 13.083984
v -0.847444 -8.054576 14.371456
v -0.982747 -8.065590 14.274787
v -1.183911 -8.071579 14.132456
v -1.353675 -7.960625 13.906178
v -1.461169 -7.910687 13.648102
v -0.995218 -7.892615 14.408937
v -1.272957 -7.944636 14.166308
v -1.452102 -7.914418 13.931592
v -1.619913 -7.872792 13.373704
v -0.714300 -8.056248 14.424418
v -1.336218 -7.890769 14.250579
v -1.538416 -7.908804 13.680960
v -1.577563 -7.993777 13.681125
v -1.520306 -8.022980 13.965074
v -1.772424 -7.870104 13.075605
v -1.658380 -8.018463 13.367182
v -1.570369 -8.164153 13.676641
v -1.787706 -7.784156 12.938551
v -1.779339 -7.798234 12.910546
v -1.790663 -7.871160 12.947363
v -1.764342 -7.909765 12.921785
v -1.771023 -7.960032 13.033751
v -1.725093 -8.007893 12.996003
v -1.638063 -8.150790 13.337956
v -1.589377 -8.249805 13.295647
v -1.526239 -8.361830 13.658865
v -1.446326 -8.507438 13.627626
v -1.519121 -8.235636 14.011830
v -1.357619 -8.666412 13.967462
v -1.459099 -8.495757 13.997308
v -1.170368 -8.721422 14.356873
v -1.327402 -8.490295 14.378019
v -1.046523 -8.724811 14.669286
v -1.428356 -8.001967 14.345757
v -1.419358 -8.233563 14.384375
v -1.149587 -8.457088 14.693899
v -0.793237 -8.732706 14.869578
v -1.071672 -7.787524 14.568796
v -1.187159 -8.170625 14.695584
v -0.918712 -8.440598 14.902348
v -1.167507 -7.912656 14.645420
v -0.966066 -8.133308 14.886596
v -0.860523 -7.873116 14.522595
v -0.693155 -8.400363 14.981543
v -0.905648 -7.740277 14.784178
v -0.731629 -7.880966 14.574701
v -0.960461 -7.852995 14.849504
v -0.749022 -8.083406 14.976549
v -0.770557 -7.777693 14.909004
v -0.623031 -8.703114 14.921511
v -0.466636 -8.646231 14.892986
v -0.486375 -8.337907 14.925390
v -0.322100 -8.557636 14.740048
v -0.531935 -8.037948 14.920928
v -0.761618 -7.720746 14.791111
v -0.323007 -8.284063 14.740063
v -0.165700 -8.396251 14.443133
v -0.618413 -7.754328 14.871859
v -0.611868 -7.715053 14.756755
v -0.038962 -8.250628 14.164444
v -0.056363 -8.300616 14.069731
v -0.185622 -8.224804 14.498929
v -0.344034 -8.025690 14.748865
v -0.403373 -7.778446 14.755339
v -0.587704 -7.897823 14.564746
v 0.068657 -8.157718 13.987155
v 0.051301 -8.173594 13.932538
v -0.028066 -8.133919 14.202565
v 0.159660 -8.056202 13.934799
v 0.149043 -8.029025 13.903980
v -0.452265 -7.729004 14.688623
v -0.174179 -8.028692 14.503994
v -0.172204 -7.858121 14.509830
v -0.579613 -8.066312 14.418299
v 0.168399 -8.008633 13.962897
v -0.439106 -7.905811 14.493549
v -0.238939 -7.801779 14.431006
v -0.010344 -8.017769 14.235494
v -0.003420 -7.906286 14.270184
v 0.126093 -7.943574 14.062730
v -0.062277 -7.864079 14.212211
v 0.104303 -7.923644 14.028371
v 0.048331 -7.973977 13.991485
v -0.280497 -7.923582 14.330070
v -0.119651 -7.965968 14.136286
v 0.058322 -8.049872 13.916418
v -0.319892 -8.055795 14.258172
v -0.073422 -8.052500 14.015793
v -0.014698 -8.129295 13.926510
v -0.212594 -8.051265 14.151983
v -0.445013 -8.069932 14.361932
v -0.155145 -8.256720 14.055272
v -0.197741 -8.137806 14.079791
v -0.333689 -8.191648 14.202286
v -0.459839 -8.224410 14.297577
v -0.271579 -8.419927 14.280609
v -0.309120 -8.334413 14.233022
v -0.437299 -8.398904 14.357409
v -0.572742 -8.253009 14.342549
v 1.886281 -7.831874 13.302291
v 1.987177 -7.657842 13.176315
v 1.967986 -7.653545 13.157766
v 2.011762 -7.570234 13.155870
v 1.846711 -7.820640 13.271985
v 1.766055 -8.007690 13.445235
v 1.707509 -7.995798 13.403093
v 1.646792 -8.198380 13.606955
v 1.568591 -8.175076 13.570645
v 1.530231 -8.405443 13.795341
v 1.677918 -7.912089 13.444853
v 1.824727 -7.768364 13.301025
v 1.540901 -8.064741 13.623866
v 1.457061 -8.379884 13.778329
v 1.423751 -8.246874 13.818281
v 1.354860 -8.625751 13.992086
v 1.433906 -8.668433 14.013474
v 1.320519 -8.476807 14.032832
v 1.278175 -8.841448 14.178440
v 1.345278 -8.867579 14.224584
v 1.248628 -8.943128 14.359308
v 1.219658 -8.652321 14.193155
v 1.177112 -8.918374 14.308975
v 1.032014 -8.979900 14.497663
v 1.119764 -8.720121 14.281413
v 1.547505 -7.932775 13.696328
v 1.425374 -8.064338 13.889613
v 1.323377 -8.248471 14.055403
v 1.224585 -8.394596 14.194552
v 1.107810 -8.470327 14.289109
v 1.677836 -7.818833 13.503676
v 0.996918 -8.942196 14.428359
v 0.993224 -8.751367 14.353363
v 0.815250 -8.918098 14.518332
v 0.831723 -8.951513 14.615767
v 0.975758 -8.502261 14.348393
v 0.644406 -8.865291 14.644010
v 0.643775 -8.890203 14.747701
v 0.821639 -8.743298 14.415316
v 0.528091 -8.820834 14.720031
v 0.519777 -8.836737 14.825513
v 0.687873 -8.718887 14.487785
v 0.837878 -8.501265 14.382303
v 0.960986 -8.286581 14.380498
v 0.438502 -8.775335 14.715950
v 0.407784 -8.764627 14.833325
v 0.272356 -8.677539 14.705744
v 0.587030 -8.679681 14.531007
v 0.721708 -8.490724 14.420874
v 0.309359 -8.677936 14.613492
v 0.139911 -8.556954 14.522842
v 0.492807 -8.612708 14.541173
v 0.217987 -8.554336 14.470243
v 0.011279 -8.371064 14.288993
v 0.826061 -8.292086 14.397302
v 0.661293 -8.262971 14.422356
v 0.645876 -8.483292 14.444898
v 0.393876 -8.521080 14.507856
v 0.561120 -8.450269 14.461114
v 0.557807 -8.321701 14.426822
v 0.478519 -8.373381 14.450974
v 0.287924 -8.395417 14.418035
v 0.821835 -8.163088 14.444494
v 0.073370 -8.376551 14.238242
v -0.028449 -8.232983 14.050403
v -0.088878 -8.195290 14.039571
v -0.142032 -8.081085 13.938168
v 0.138166 -8.286710 14.237671
v 0.354692 -8.267707 14.393690
v 0.415254 -8.200844 14.417877
v 0.473160 -8.148060 14.469701
v -0.095429 -8.070795 13.952273
v 0.026736 -8.172013 14.070612
v 0.182687 -8.165280 14.269067
v 0.238991 -8.104856 14.374398
v -0.108844 -7.986842 14.015335
v -0.178109 -8.012387 14.012728
v 0.035658 -8.083996 14.137555
v 0.074186 -8.006579 14.272143
v 0.280634 -8.061702 14.449838
v -0.103903 -7.929959 14.115033
v -0.164819 -7.949260 14.110467
v 0.098574 -7.954895 14.368026
v -0.052003 -7.886686 14.276312
v -0.127053 -8.094163 14.114120
v -0.104042 -7.882562 14.298799
v -0.011033 -8.276723 14.355681
v -0.129111 -7.997904 14.226797
v 0.116517 -8.445281 14.625508
v -0.020859 -8.150788 14.432318
v -0.101340 -7.958612 14.342641
v -0.046767 -7.849245 14.434628
v 0.260266 -8.578370 14.862046
v 0.017280 -7.859751 14.415444
v 0.149363 -7.933672 14.465279
v 0.129467 -7.811095 14.624285
v 0.336071 -8.013588 14.540788
v 0.239800 -7.890948 14.620292
v 0.525045 -8.077309 14.546130
v 0.408799 -7.960639 14.652039
v 0.696722 -8.127113 14.490377
v 0.591335 -8.008545 14.633107
v 0.766745 -8.039647 14.562496
v 0.933732 -8.100197 14.464676
v 1.110227 -8.259641 14.328558
v 1.236709 -8.194093 14.236136
v 1.121335 -8.093870 14.397947
v 1.337051 -8.071616 14.126868
v 1.255103 -8.059671 14.299714
v 0.491652 -7.894295 14.773191
v 0.663110 -7.927584 14.734803
v 0.836205 -7.940284 14.660374
v 0.999161 -7.956356 14.568063
v 0.343772 -7.824636 14.778765
v 0.259353 -7.743601 14.847548
v 0.448785 -7.790925 14.884748
v 0.568557 -7.817592 14.887301
v 0.729581 -7.842192 14.851548
v 0.417546 -7.718457 14.971145
v 0.071040 -7.803598 14.691068
v 0.913800 -7.853125 14.776714
v 0.595853 -7.731176 15.028329
v 0.209991 -7.765197 14.909174
v -0.046423 -7.937563 14.493072
v 0.770554 -7.775527 14.997522
v 0.386138 -7.748580 15.070017
v 0.088897 -7.912961 14.770757
v -0.037112 -8.034983 14.477541
v 0.222903 -7.901439 14.972444
v 0.112753 -8.107073 14.760144
v 0.127402 -8.263826 14.717158
v 0.263308 -8.160429 14.978655
v 0.279061 -8.340987 14.943630
v 0.401644 -7.899347 15.117151
v 0.415750 -8.169684 15.100340
v 0.423675 -8.402406 15.053472
v 0.570006 -7.754789 15.129115
v 0.578208 -7.912857 15.156369
v 0.787777 -7.803501 15.114484
v 0.576262 -8.205704 15.125239
v 0.397353 -8.638321 14.972444
v 0.800711 -8.027819 15.124653
v 1.053674 -7.886526 15.018597
v 0.575081 -8.481649 15.068509
v 0.545028 -8.695014 14.968184
v 0.776039 -8.287909 15.075770
v 0.672697 -8.739865 14.917621
v 0.738270 -8.544066 15.017034
v 1.038649 -8.123693 15.045304
v 1.014653 -7.818341 14.914455
v 0.882217 -8.814877 14.798463
v 0.936247 -8.633436 14.912607
v 0.997077 -8.377193 14.988658
v 1.118362 -8.856474 14.664674
v 1.225022 -7.936288 14.897904
v 1.072458 -7.862004 14.678861
v 1.173198 -8.677109 14.781280
v 1.343569 -8.838040 14.493764
v 1.249783 -8.169990 14.907399
v 1.175460 -7.840446 14.790937
v 1.205688 -7.880847 14.577003
v 1.225533 -8.421656 14.860706
v 1.371883 -7.953509 14.724746
v 1.416022 -8.665066 14.578111
v 1.462604 -8.779463 14.319244
v 1.428544 -8.411009 14.679152
v 1.523108 -8.602401 14.433339
v 1.561439 -8.607984 14.121912
v 1.421984 -8.171375 14.722721
v 1.557767 -8.342063 14.478923
v 1.620319 -8.420927 14.198972
v 1.627573 -8.345156 13.882948
v 1.542628 -8.120027 14.511009
v 1.627719 -8.217653 14.248461
v 1.689045 -8.140552 13.678069
v 1.659819 -8.215570 13.958660
v 1.777941 -7.958592 13.501134
v 1.704760 -8.051854 13.737953
v 1.655017 -8.069650 14.016332
v 1.601469 -8.035483 14.281413
v 1.608159 -7.917319 14.075669
v 1.885905 -7.807213 13.353585
v 1.780205 -7.894949 13.544393
v 1.700605 -7.951793 13.784591
v 1.480698 -7.935591 14.521614
v 1.962349 -7.690684 13.247046
v 1.885290 -7.761902 13.386060
v 1.967563 -7.651418 13.258636
v 1.774794 -7.827713 13.575680
v 1.674432 -7.855004 13.817291
v 1.880617 -7.713582 13.405519
v 1.299216 -7.861969 14.670394
v 1.758273 -7.768365 13.593627
v 1.985405 -7.563308 13.222878
v 1.958487 -7.628242 13.281402
v 1.872790 -7.665033 13.402705
v 1.943897 -7.602023 13.202188
v 1.946002 -7.579696 13.236139
v 1.837521 -7.663050 13.382659
v 1.709933 -7.744880 13.569274
v 1.942778 -7.640639 13.182252
v 1.822112 -7.708721 13.342196
v 1.600147 -7.812836 13.789123
v 1.482113 -7.873076 14.034422
v 1.332482 -8.007441 14.213717
v 1.297767 -7.949466 14.362966
v 1.401083 -7.903789 14.233701
v 1.482101 -7.862237 14.253364
v 1.162108 -7.961550 14.481386
v 1.321540 -7.896621 14.438708
v 1.412328 -7.871591 14.474048
v 1.545165 -7.901442 14.277292
v 0.625486 -4.839857 0.252753
v 0.735421 -4.233873 0.234562
v 0.640155 -4.188838 0.301538
v 0.585118 -4.849178 0.323303
v 0.653281 -5.404306 0.231700
v 0.529083 -4.489266 1.049014
v 0.636903 -3.839275 1.066753
v 0.625807 -5.416145 0.342066
v 0.920026 -5.884300 0.263702
v 0.583355 -4.172943 1.467032
v 0.696982 -3.518601 1.866949
v 0.582832 -4.964649 0.896683
v 0.631361 -3.890290 2.067208
v 0.736221 -3.260400 2.594449
v 0.738638 -4.691205 1.301670
v 0.699487 -4.463130 1.709085
v 0.742826 -5.052145 1.182810
v 0.691914 -5.428616 0.816516
v 1.017080 -4.748623 1.419437
v 0.857333 -5.921927 0.359258
v 0.814195 -5.874445 0.796594
v 1.247553 -6.113652 0.367020
v 1.269143 -6.047283 0.273634
v 1.180096 -6.155667 0.802178
v 0.879236 -5.807376 1.126239
v 0.772087 -5.443397 1.131194
v 1.666045 -6.151175 0.366949
v 1.674788 -6.098206 0.264554
v 2.051470 -5.991067 0.260284
v 1.646046 -6.240720 0.807359
v 1.210039 -6.010732 1.147931
v 2.069899 -6.052619 0.364551
v 2.387965 -5.808551 0.261436
v 2.102460 -6.118480 0.782604
v 2.439638 -5.868705 0.359175
v 2.694592 -5.533956 0.255709
v 0.971885 -5.709512 1.341768
v 1.639992 -6.098442 1.184858
v 2.084895 -5.978092 1.133656
v 1.236150 -5.781917 1.413807
v 0.919297 -5.439448 1.413993
v 1.214596 -5.455287 1.569441
v 0.984121 -5.087171 1.361995
v 1.260764 -5.096549 1.477839
v 1.593449 -5.435226 1.638760
v 1.628233 -5.824749 1.497208
v 2.063650 -5.718256 1.443167
v 1.283227 -4.757045 1.456393
v 1.567907 -5.062369 1.549455
v 2.002090 -5.341681 1.616139
v 2.476227 -5.564250 1.338258
v 0.972699 -4.591684 1.805626
v 2.483325 -5.817600 1.067835
v 2.495502 -5.907184 0.740522
v 2.715477 -5.626972 0.968616
v 2.765096 -5.609964 0.707802
v 2.757270 -5.558549 0.348328
v 2.891016 -5.238531 0.756282
v 2.914568 -5.170063 0.333668
v 2.839171 -5.185216 0.233156
v 2.771298 -4.684623 0.210534
v 2.726228 -5.360559 1.081265
v 2.841199 -4.680043 0.316396
v 2.474523 -4.326818 0.226353
v 2.398527 -5.182348 1.492044
v 2.841911 -4.814636 0.831638
v 2.701342 -4.984304 1.223027
v 1.898117 -4.973988 1.530100
v 2.224489 -4.829195 1.447234
v 2.527321 -4.625420 1.282825
v 2.644753 -4.430847 0.911305
v 2.490424 -4.288777 0.306000
v 2.111235 -3.978459 0.297409
v 2.045195 -4.014682 0.242807
v 1.542293 -4.731919 1.450164
v 2.291968 -4.368244 1.294602
v 1.799646 -4.661730 1.434738
v 2.442577 -4.111218 1.069537
v 1.730427 -3.680084 0.285286
v 1.697764 -3.766311 0.237840
v 1.353472 -3.742510 0.215298
v 2.050885 -4.538254 1.381226
v 1.327786 -3.607791 0.281695
v 1.028182 -3.873228 0.225350
v 0.951295 -3.779498 0.287810
v 1.298252 -3.312028 0.910436
v 0.884452 -3.472518 0.912811
v 0.913872 -3.147427 1.743311
v 1.684168 -3.408215 1.084134
v 0.963372 -2.891572 2.500577
v 0.702443 -3.009248 3.307678
v 1.319211 -2.987505 1.711995
v 2.065230 -3.639949 1.197883
v 1.365598 -2.744378 2.455819
v 1.713237 -3.131295 1.803450
v 0.969111 -2.593911 3.237657
v 0.697178 -2.817096 4.011394
v 2.369653 -3.878287 1.401543
v 1.430688 -2.460929 3.196426
v 1.008132 -2.322427 3.997517
v 0.718067 -2.737001 4.597328
v 1.749490 -2.904263 2.505662
v 2.035817 -3.375954 1.905624
v 2.329173 -4.200330 1.597009
v 2.272789 -3.661261 2.033252
v 2.073159 -4.384553 1.686657
v 2.025195 -3.200385 2.583904
v 2.320779 -3.997974 2.157833
v 1.809600 -4.487777 1.779837
v 2.218290 -3.524045 2.656677
v 2.136300 -4.269940 2.231816
v 1.539343 -4.556342 1.820573
v 2.287113 -3.864909 2.723247
v 1.866988 -4.425865 2.283353
v 1.262116 -4.599190 1.830772
v 2.176343 -4.174966 2.774343
v 1.567591 -4.503871 2.309093
v 2.281200 -3.384275 3.275739
v 2.347154 -3.760656 3.294766
v 2.244194 -4.105380 3.317751
v 2.095463 -3.019697 3.255561
v 1.833415 -2.671254 3.229542
v 1.525759 -2.215130 4.008227
v 1.597172 -4.447554 2.836644
v 1.917317 -4.371897 2.812956
v 1.970508 -4.325109 3.339566
v 1.258258 -4.515600 2.318251
v 1.627254 -4.396751 3.356877
v 0.953906 -4.443883 2.302613
v 1.265542 -4.425636 2.850098
v 0.712567 -4.226272 2.223252
v 0.953161 -4.299365 2.840373
v 1.273639 -4.357857 3.373445
v 1.659770 -4.365694 3.858974
v 0.732932 -4.029067 2.791989
v 0.934823 -4.211178 3.389437
v 0.667642 -3.661129 2.704322
v 0.682679 -3.906927 3.380906
v 0.610935 -3.477974 3.349763
v 1.287006 -4.316778 3.879122
v 0.928664 -4.157475 3.930175
v 0.583654 -3.343253 4.004803
v 0.659982 -3.822294 3.975329
v 1.303755 -4.318589 4.340137
v 0.620404 -3.296668 4.539048
v 0.686876 -3.791056 4.451329
v 0.941444 -4.143703 4.376390
v 0.656144 -3.319690 5.050174
v 0.760664 -2.731463 5.081654
v 0.867308 -2.785033 5.505935
v 0.697692 -3.825917 4.849874
v 0.939619 -4.189813 4.748399
v 1.309462 -4.382246 4.733299
v 0.693330 -3.359344 5.466218
v 0.933273 -2.929062 5.840761
v 0.773592 -3.409041 5.799080
v 0.779307 -2.898009 5.735889
v 0.676575 -3.938492 5.131706
v 0.643651 -3.971223 5.349385
v 0.899415 -4.306093 5.038039
v 1.690913 -4.370905 4.326255
v 1.284649 -4.532894 5.038161
v 0.646115 -3.430143 5.777666
v 0.441990 -2.874417 5.539515
v 1.712301 -4.429596 4.742709
v 2.027362 -4.301104 3.852974
v 2.076552 -4.306529 4.334925
v 2.328270 -4.069293 3.850923
v 2.435846 -3.687666 3.861474
v 2.398751 -4.062731 4.361425
v 2.113533 -4.343956 4.787040
v 1.719452 -4.554598 5.109953
v 2.359803 -3.278964 3.877260
v 2.493757 -3.649851 4.403746
v 2.431576 -4.071514 4.853272
v 2.172148 -2.882353 3.909652
v 2.392318 -3.221004 4.441104
v 1.918871 -2.497348 3.983968
v 1.704435 -2.139886 4.450147
v 2.214187 -2.804605 4.493163
v 2.483984 -3.638606 4.918469
v 2.141244 -4.426520 5.194955
v 1.986989 -2.421743 4.473878
v 2.368848 -3.198625 4.960370
v 2.437702 -4.105246 5.290089
v 2.219320 -2.758247 4.975597
v 2.455918 -3.654643 5.379739
v 2.030582 -2.320373 4.954645
v 2.350819 -3.198306 5.432926
v 2.238486 -2.729594 5.467278
v 1.708116 -4.736279 5.461977
v 2.176744 -4.554758 5.577712
v 2.456879 -4.168604 5.701164
v 2.472117 -3.691841 5.807444
v 2.367595 -3.217471 5.882253
v 1.227878 -4.667033 5.315988
v 0.835883 -4.404240 5.273990
v 1.130643 -4.791531 5.588594
v 1.663283 -4.991141 5.904454
v 2.228465 -4.702202 6.011099
v 2.484876 -4.243021 6.144182
v 2.500593 -3.738572 6.252070
v 0.630211 -3.998696 5.448743
v 0.765261 -4.461271 5.477647
v 0.616244 -3.989152 5.570690
v 2.339583 -4.807728 6.513544
v 1.924977 -5.175057 6.454872
v 2.526592 -4.308883 6.632815
v 2.416234 -3.243839 6.323863
v 2.540880 -3.783384 6.732465
v 2.278793 -2.741372 5.929204
v 2.095583 -2.257429 5.504111
v 2.396201 -4.879267 7.045413
v 2.102840 -5.243324 6.945972
v 2.571763 -4.371878 7.162257
v 2.348927 -2.754488 6.360319
v 2.465045 -3.266438 6.791628
v 2.174441 -2.278441 5.973740
v 2.550037 -3.823590 7.262581
v 1.771826 -5.362341 7.102045
v 2.220129 -5.212584 7.380550
v 2.437274 -4.955983 7.573931
v 2.580776 -4.446351 7.734746
v 2.042742 -5.313058 7.736394
v 1.529348 -5.314244 6.589632
v 2.317803 -5.101767 8.081141
v 1.260602 -5.136633 6.198970
v 0.961355 -4.831023 5.791626
v 0.704382 -4.481056 5.657351
v 0.636740 -3.998263 5.841869
v 0.569292 -3.956467 5.871849
v 0.395976 -3.437964 5.669384
v 0.000034 -3.420281 5.551260
v 0.000032 -2.849267 5.448658
v 2.504363 -4.582321 8.360492
v 2.366660 -4.656534 9.007945
v 2.559494 -3.865700 7.849259
v 2.483065 -3.910803 8.512200
v 2.445413 -3.982720 9.210100
v 2.415235 -3.234279 9.585366
v 2.406627 -3.298982 9.013873
v 2.313332 -2.976266 10.050372
v 2.535938 -3.279743 7.301714
v 2.438132 -3.302207 8.434849
v 2.309577 -2.561214 9.317240
v 2.181458 -2.581577 10.444535
v 2.541828 -3.284402 7.882926
v 2.345182 -2.676189 8.824454
v 2.410673 -2.713548 8.324628
v 2.437218 -2.734574 7.818924
v 2.248528 -2.350995 9.778880
v 2.003418 -2.258535 10.669080
v 2.112031 -2.093272 10.199519
v 1.855657 -1.902681 10.537069
v 1.664232 -1.501833 10.355290
v 1.911088 -1.646958 9.952392
v 2.073339 -1.827863 9.517880
v 1.575084 -1.025438 10.143510
v 2.169114 -2.001475 9.069676
v 1.816151 -1.162888 9.721176
v 1.186243 -0.950307 10.433414
v 1.958931 -1.322936 9.257516
v 2.238561 -2.134446 8.638900
v 1.542687 -0.533870 9.965449
v 0.845051 -0.897628 10.523958
v 1.109855 -0.468658 10.247776
v 0.632032 -0.439128 10.375801
v 1.819786 -0.665224 9.522454
v 1.508646 -0.033737 9.808779
v 0.515524 0.017804 10.241117
v 0.014678 0.079973 10.297578
v 1.053172 0.021173 10.095849
v 0.506744 0.546658 10.074943
v 0.000022 0.605588 10.093078
v 1.020980 0.527107 9.952576
v 1.474407 0.474956 9.668429
v 1.811455 -0.149795 9.359233
v 0.492966 1.050131 9.937919
v 0.000020 1.070406 9.968566
v 0.986741 1.026167 9.815119
v 1.429862 0.981769 9.535607
v 0.478235 1.569916 9.821245
v 0.000017 1.582152 9.857679
v 0.952980 1.538085 9.690940
v 0.463300 2.095250 9.723359
v 0.000015 2.107904 9.765997
v 1.972350 -0.837470 8.987479
v 1.782043 0.371016 9.221503
v 1.378045 1.488471 9.412523
v 0.917639 2.055373 9.583840
v 0.459619 2.634622 9.687315
v 0.000013 2.651098 9.741808
v 2.047081 -1.490600 8.794507
v 1.737745 0.888325 9.100499
v 1.324846 1.995283 9.303880
v 0.897038 2.580764 9.514278
v 1.278802 2.504481 9.217117
v 1.616850 1.905463 8.895319
v 1.680364 1.399354 8.991672
v 1.552775 2.408949 8.811957
v 1.907227 0.770764 8.581535
v 1.855517 1.287644 8.492144
v 1.792868 1.793873 8.415081
v 1.724992 2.297219 8.343293
v 1.944862 0.241478 8.686065
v 1.971644 -0.298380 8.813614
v 1.526151 2.920903 8.759580
v 1.669245 2.796006 8.286265
v 1.293606 3.029142 9.192719
v 0.928491 3.118746 9.522488
v 0.476826 3.186132 9.707351
v 0.000011 3.210108 9.760416
v 0.507171 3.763824 9.744747
v 0.000009 3.788882 9.787887
v 0.999944 3.683434 9.582014
v 1.375665 3.577493 9.216056
v 1.563054 3.449916 8.733470
v 0.536965 4.385803 9.775552
v 0.000007 4.415867 9.805619
v 1.059913 4.298685 9.619756
v 1.436918 4.173582 9.204662
v 0.557362 5.047556 9.780874
v 0.000005 5.082063 9.806812
v 1.103013 4.956065 9.609241
v 0.562455 5.734437 9.746934
v 0.000003 5.793011 9.761641
v 1.135653 5.650542 9.596205
v 1.649491 5.506970 9.185773
v 1.527453 4.816345 9.172336
v 2.025735 5.376144 8.441605
v 1.747328 4.625614 8.596251
v 2.101283 4.754832 7.904838
v 1.615090 4.011839 8.684227
v 1.829752 4.295176 8.086094
v 2.070749 4.311147 7.497415
v 1.692647 3.796387 8.185278
v 1.844861 3.976852 7.641441
v 1.955273 3.982190 7.124548
v 1.652507 3.294166 8.245002
v 1.787746 3.721559 7.219723
v 1.686524 3.827639 6.755644
v 1.702955 3.578709 7.715951
v 1.692269 3.136410 7.747936
v 1.688100 3.394578 7.243083
v 1.559002 3.595297 6.815070
v 1.756200 2.673635 7.780761
v 1.295992 3.556865 6.399356
v 1.327610 3.829098 6.440841
v 1.692004 3.002827 7.247107
v 1.537444 3.282670 6.787060
v 1.817340 2.186095 7.828452
v 0.925978 3.593451 6.040461
v 0.953868 3.916852 6.112807
v 1.319381 3.231392 6.334337
v 1.610062 2.911742 6.743368
v 1.775097 2.568877 7.253742
v 1.885034 1.672113 7.902617
v 1.836561 2.094484 7.277770
v 1.689751 2.485371 6.719593
v 1.378871 2.848565 6.269487
v 1.941604 1.173628 7.953998
v 1.903653 1.593889 7.318499
v 1.760800 2.017405 6.716274
v 1.983993 0.653836 8.020651
v 1.954704 1.078698 7.363549
v 2.016229 0.111680 8.098312
v 0.950248 3.218418 5.958552
v 1.461523 2.416752 6.212668
v 1.825383 1.522187 6.729645
v 1.989122 0.551254 7.414054
v 2.043665 -0.459712 8.191234
v 1.006596 2.802773 5.870228
v 1.525216 1.945445 6.187602
v 1.869954 1.007491 6.755602
v 2.013516 0.002362 7.474510
v 2.054098 -1.080807 8.327065
v 2.012673 -1.174122 7.611465
v 2.025851 -0.575512 7.518823
v 1.897200 0.476997 6.787811
v 1.581215 1.451927 6.181632
v 1.910500 -0.072823 6.817434
v 2.054149 -1.414605 8.249144
v 1.624089 0.942309 6.190066
v 1.901626 -0.644592 6.821595
v 1.655040 0.417644 6.206814
v 2.084263 -1.702999 8.443226
v 2.268967 -2.175740 8.206178
v 2.065891 -1.781380 8.037862
v 2.274745 -2.242544 7.680362
v 2.034502 -1.879771 7.533092
v 2.029176 -1.562488 7.903647
v 2.456043 -2.756791 7.277172
v 2.287855 -2.286658 7.196285
v 2.415863 -2.763460 6.797076
v 2.281997 -2.302999 6.767233
v 1.943706 -1.723232 7.468375
v 1.862241 -1.675653 7.152110
v 2.064521 -1.963855 7.092390
v 2.236994 -2.298748 6.366586
v 1.895045 -1.879399 7.004605
v 2.069566 -1.967404 6.716356
v 1.812153 -1.224265 6.771111
v 1.992670 -1.935376 6.015616
v 2.041881 -1.942807 6.369774
v 1.858569 -1.868106 6.694144
v 1.653182 -1.739191 6.679621
v 1.853560 -1.841806 6.386969
v 1.697858 -1.881845 6.622691
v 1.680300 -0.694051 6.222551
v 1.585901 -1.276708 6.222464
v 1.399526 -1.834830 6.242105
v 1.675867 -0.126124 6.222553
v 1.296360 -0.710810 5.758910
v 1.263977 -0.156154 5.752537
v 1.229650 0.372515 5.746153
v 1.259051 -1.310334 5.752577
v 1.195475 0.881872 5.743951
v 1.148688 1.378783 5.756704
v 1.104888 1.868252 5.773703
v 1.059516 2.347360 5.808723
v 0.552261 2.294577 5.542682
v 0.577962 1.809166 5.504897
v 0.525150 2.773701 5.598306
v 0.491550 3.231127 5.686470
v 0.000012 2.754799 5.512614
v 0.000013 2.262134 5.454515
v 0.000010 3.229593 5.603860
v 0.000015 1.765226 5.414634
v 0.463028 3.666627 5.796542
v 0.000009 3.681423 5.722473
v 0.467176 4.109256 5.904046
v 0.000007 4.091982 5.826426
v 0.602648 1.325570 5.478910
v 0.000017 1.282090 5.386467
v 0.624193 0.840641 5.462060
v 0.000020 0.815076 5.366145
v 0.644965 0.346691 5.452353
v 0.000021 0.335555 5.351522
v 0.000023 -0.154194 5.334003
v 0.664495 -0.155484 5.449163
v 0.000025 -0.649994 5.333616
v 0.672814 -0.667982 5.445846
v 0.000026 -1.084268 5.345109
v 0.659254 -1.192143 5.427817
v 0.000028 -1.697959 5.355595
v 0.592600 -1.758847 5.424913
v 0.000030 -2.278772 5.381788
v 1.099103 -1.869069 5.743151
v 0.510795 -2.321664 5.458059
v 0.905663 -2.372628 5.707555
v 1.084398 -2.379760 5.790271
v 1.508029 -1.919508 6.211496
v 1.089203 -2.053346 5.322148
v 1.286722 -2.074149 5.937337
v 1.718075 -1.852729 6.416601
v 1.576327 -1.845539 6.067021
v 1.438932 -1.860525 5.739169
v 1.760202 -1.784846 5.964406
v 1.036480 -2.083710 4.898486
v 1.431977 -1.727241 5.189087
v 1.941077 -1.782217 5.527773
v 1.705138 -1.686462 5.490943
v 1.829369 -1.891255 5.088113
v 1.859401 -1.717932 5.101205
v 1.648467 -1.660892 5.148517
v 1.681594 -1.741477 4.783943
v 1.792145 -1.964316 4.878191
v 1.636520 -1.843440 4.765732
v 1.602346 -1.714177 4.807868
v 1.489727 -1.811104 4.783767
v 1.493329 -2.021583 4.441317
v 1.344190 -2.011825 4.460963
v 1.439252 -2.091338 4.272152
v 1.278733 -2.068003 4.320355
v 1.019797 -2.171923 4.474113
v 2.023446 -5.601141 14.127676
v 2.272460 -5.312391 14.124539
v 2.147448 -5.624675 14.047861
v 2.171483 -5.612944 13.970160
v 2.417044 -5.126190 13.999828
v 2.345389 -5.388755 14.039918
v 2.460665 -5.212325 13.944742
v 2.419846 -5.021882 13.700552
v 2.366484 -4.998460 13.352026
v 2.480767 -5.132939 13.620943
v 2.324131 -5.410950 13.924994
v 1.952408 -5.528710 13.761312
v 2.417300 -5.084727 13.309755
v 2.363755 -5.283826 13.799635
v 2.114752 -5.394089 13.823511
v 1.965856 -5.415627 13.588947
v 2.401188 -5.215384 13.567616
v 2.143574 -5.285784 13.695942
v 2.027992 -5.306577 13.396903
v 2.198235 -5.208165 13.509318
v 2.297816 -5.208605 13.349671
v 2.121835 -5.230416 13.169881
v 2.269333 -5.196868 13.036330
v 2.386489 -5.181171 13.318655
v 2.251597 -5.092268 12.954143
v 1.937143 6.755345 -0.072879
v 2.183172 6.524675 -0.108346
v 2.225725 6.469563 -0.019010
v 2.125314 6.776492 0.090115
v 1.736382 7.390521 0.795495
v 1.406677 6.790852 -0.091977
v 1.360962 7.378078 0.804096
v 0.927576 6.668595 -0.048858
v 1.019279 7.232168 0.830770
v 0.744939 6.668991 0.146157
v 0.897320 7.010712 0.953546
v 0.987606 7.348561 1.722080
v 1.094573 7.645347 1.702995
v 1.065869 7.655984 2.637354
v 1.367646 7.822268 1.687723
v 1.169508 8.012446 2.714551
v 1.087196 7.662012 2.880250
v 1.684987 7.788461 1.673571
v 1.966757 7.229630 0.864945
v 1.892947 7.533398 1.691799
v 2.136061 6.630184 0.379336
v 2.038567 6.958921 1.062029
v 2.226454 6.337810 0.197804
v 2.420773 5.857903 -0.102973
v 2.103811 6.464784 0.638460
v 2.415004 5.817723 0.092167
v 2.470051 5.347803 -0.101502
v 2.196193 6.174355 0.390728
v 2.504961 5.342089 0.094729
v 2.391516 4.938206 -0.107922
v 2.311324 5.749919 0.324485
v 2.132142 6.055137 0.613261
v 2.440878 4.882615 0.086319
v 2.407342 5.329504 0.357487
v 2.079852 4.552933 0.065632
v 2.080899 4.663402 -0.126145
v 1.558215 4.480355 0.074597
v 1.554147 4.584519 -0.124919
v 1.101232 4.646488 -0.145113
v 2.359267 4.891941 0.389264
v 2.254355 5.700144 0.570734
v 1.063849 4.523472 0.038506
v 0.769388 4.868173 -0.153765
v 2.022376 4.566985 0.384294
v 2.320208 5.322412 0.617369
v 2.023630 5.954869 0.803069
v 2.178749 5.652877 0.778623
v 2.040850 6.306916 0.878208
v 2.046498 6.736499 1.205079
v 1.952310 4.642525 0.712065
v 1.545268 4.506841 0.358374
v 2.240201 4.944448 0.675642
v 2.098405 5.031071 0.843401
v 2.211987 5.318396 0.814482
v 2.022522 5.589170 0.931958
v 1.081157 4.565690 0.328492
v 1.850242 4.825226 0.894799
v 2.022284 5.078889 0.950416
v 1.521152 4.561627 0.689998
v 2.074003 5.285552 0.959989
v 1.726300 5.509959 1.019544
v 1.851652 5.867771 0.928026
v 1.785378 5.215530 1.100848
v 1.796934 4.982385 1.019901
v 1.099713 4.637354 0.662521
v 1.491848 4.752518 0.901859
v 1.420373 5.184298 1.137660
v 1.143342 4.809698 0.877737
v 1.458746 4.937829 1.046059
v 0.775259 4.870838 0.631606
v 1.156253 4.984540 1.002455
v 0.707416 4.804183 0.314149
v 0.903592 4.991959 0.825401
v 0.679058 4.781836 0.024660
v 0.530394 5.198641 0.024249
v 0.585569 5.212619 -0.149514
v 0.609959 5.213570 0.288988
v 0.527057 5.656990 0.038948
v 0.521351 5.662482 -0.134629
v 0.559572 6.228844 -0.037260
v 0.670844 5.229980 0.582758
v 0.661715 6.106929 0.199869
v 0.649859 5.616486 0.324830
v 0.799624 6.449819 0.505278
v 0.758470 6.000716 0.471151
v 0.730773 5.586776 0.587120
v 0.789683 5.259401 0.809595
v 0.832567 5.562583 0.795257
v 0.990480 5.076450 0.923270
v 0.939345 5.266972 0.947295
v 1.130566 5.218816 1.063375
v 1.397954 5.468598 1.057898
v 1.148126 5.489680 1.023460
v 0.972492 5.530828 0.931684
v 0.971519 5.841136 0.847025
v 0.873906 5.908599 0.684784
v 1.083282 5.793954 0.944615
v 1.218217 5.761978 1.003399
v 1.403100 5.754129 1.038173
v 0.853348 6.302577 0.758796
v 0.892289 6.167373 0.971699
v 0.965666 6.052588 1.128373
v 1.085361 5.971890 1.226386
v 0.878961 6.797358 1.094045
v 0.888106 6.588588 1.247013
v 0.942200 7.069799 1.759966
v 0.915583 6.398092 1.378896
v 1.237972 5.931758 1.278118
v 0.984946 6.240282 1.482238
v 0.927263 6.805779 1.799386
v 0.994891 7.289924 2.576912
v 1.112026 6.144183 1.543587
v 0.943226 6.567967 1.836619
v 0.977630 6.958263 2.495518
v 1.001701 7.276147 2.813415
v 1.127218 7.385390 3.285631
v 0.987802 6.930378 2.733432
v 1.037323 7.056583 3.209827
v 1.153596 7.118519 3.679386
v 1.002854 6.697301 2.437156
v 1.015744 6.380461 1.869297
v 1.025517 6.641409 2.660030
v 1.078217 6.489204 2.415315
v 1.015722 6.802949 3.618732
v 1.077443 6.954376 4.094099
v 0.985945 6.734534 3.119157
v 0.963338 6.613679 4.034523
v 1.027131 6.858932 4.490828
v 0.970902 6.479023 3.528609
v 1.023330 6.452726 3.027979
v 1.109868 6.425410 2.606170
v 1.191555 6.361195 2.361972
v 0.933661 6.487683 4.444879
v 0.973525 6.811736 4.879960
v 0.945343 6.265955 3.953904
v 1.005041 6.194935 3.425459
v 1.098273 6.227787 2.948185
v 0.901961 6.404632 4.847404
v 0.892071 6.798265 5.253633
v 0.920233 6.114377 4.382146
v 0.971075 5.959291 3.853844
v 1.221138 6.285249 2.569803
v 1.067208 5.954343 3.319324
v 1.204267 6.057836 2.879357
v 1.347449 6.207652 2.544572
v 0.859264 6.354069 5.222869
v 0.906371 6.007882 4.798558
v 0.940566 5.774783 4.298272
v 1.026421 5.689560 3.739897
v 1.156316 5.746722 3.207743
v 0.807137 6.318079 5.551833
v 0.808431 6.786697 5.597159
v 0.889183 5.940114 5.177162
v 0.943982 5.647248 4.729389
v 0.738607 6.288434 5.816147
v 0.723545 6.777361 5.868214
v 0.857956 5.888218 5.510533
v 0.630395 6.263382 6.005861
v 0.609457 6.777545 6.072958
v 0.445004 6.776690 6.219410
v 0.996113 5.472899 4.195499
v 0.947028 5.559901 5.123440
v 0.801944 5.850169 5.779242
v 0.464097 6.238140 6.115750
v 0.237757 6.750990 6.296133
v 1.011391 5.321470 4.645774
v 1.104031 5.198158 4.081112
v 0.931934 5.490001 5.475427
v 0.696349 5.812329 5.980495
v 0.251100 6.207271 6.152020
v -0.000001 6.736866 6.303872
v 0.000000 6.199259 6.149177
v 1.030637 5.211587 5.065803
v 0.888016 5.443145 5.759346
v 0.510901 5.764013 6.077728
v 0.273034 5.729714 6.083173
v 0.000002 5.724363 6.063783
v 0.000003 5.259895 6.014798
v 0.786980 5.393961 5.978098
v 1.029067 5.123707 5.443857
v 1.127819 5.015521 4.561231
v 0.315474 5.263428 6.035464
v 0.000005 4.797565 5.957360
v 0.580801 5.326200 6.061651
v 0.996498 5.063340 5.751412
v 1.155417 4.886340 5.015058
v 0.907079 5.004326 5.987903
v 0.695814 4.908387 6.059265
v 0.398569 4.760101 5.992260
v 1.160364 4.786002 5.421069
v 1.345460 4.768815 4.481129
v 1.135178 4.717916 5.746090
v 0.286380 4.438830 5.919174
v 0.000006 4.440111 5.896290
v 0.698034 4.390505 6.030416
v 1.068278 4.655274 5.995761
v 1.064809 4.140663 6.168923
v 0.902317 4.552921 6.083696
v 1.424489 4.020820 6.426436
v 1.188835 4.283188 6.175498
v 1.352156 4.424273 5.771143
v 1.290336 4.349679 6.036267
v 1.540762 4.102715 6.304068
v 1.829273 3.976493 6.648463
v 1.371835 4.507730 5.402791
v 1.368713 4.621192 4.968062
v 1.705366 4.380830 5.411022
v 1.625189 4.182895 6.107228
v 2.109821 4.195829 6.960707
v 2.252606 4.589383 7.239539
v 2.229198 4.378891 6.713886
v 1.936378 4.105212 6.485075
v 2.281535 5.092194 7.516965
v 2.015634 4.228472 6.229855
v 1.681339 4.275112 5.811977
v 2.363349 4.816814 6.904897
v 2.316849 4.535450 6.380653
v 2.068422 4.347910 5.878343
v 2.360237 4.679440 5.979525
v 2.081675 4.491560 5.446916
v 2.433081 4.996756 6.520744
v 2.381156 5.334298 7.082899
v 2.235119 5.708544 7.796413
v 2.011821 6.305289 8.556476
v 1.681712 6.307229 9.171997
v 1.111902 6.331894 9.561758
v 1.480997 7.012461 9.089270
v 0.555778 6.358830 9.703518
v 0.000001 6.370761 9.705003
v 1.009511 6.904340 9.426980
v 0.515087 6.905272 9.524093
v -0.000001 6.909459 9.538822
v 0.479083 7.310544 9.236419
v -0.000003 7.337138 9.281112
v -0.000004 7.766312 9.101357
v 0.552674 7.721374 8.899416
v 0.815482 7.239001 9.218008
v 1.048121 7.453484 8.904883
v 0.736561 7.860746 8.226287
v 1.322986 7.622225 8.388356
v 1.823589 7.088470 8.518619
v 2.180250 6.436787 7.924165
v 0.932196 7.821346 7.570004
v 0.339024 7.863181 7.811111
v 1.958501 7.116947 7.915094
v 2.342710 5.915827 7.240762
v 0.404791 7.737469 7.335325
v -0.000005 7.842238 7.698653
v -0.000004 7.650779 7.269180
v 1.575098 7.658680 7.808688
v 2.254590 6.549839 7.323511
v 2.449921 5.511000 6.640230
v 2.078890 7.175458 7.312064
v 1.738260 7.661708 7.247648
v 2.385690 6.059055 6.735020
v 2.470195 5.143352 6.099777
v 2.283657 6.633940 6.785247
v 2.482350 5.646723 6.191475
v 2.360860 4.821693 5.531842
v 1.109728 7.783478 6.964909
v 2.130605 7.206167 6.767164
v 2.387604 6.162808 6.257946
v 2.476373 5.271276 5.632695
v 2.071871 4.643504 4.974748
v 1.813025 7.629674 6.665621
v 2.314727 6.698784 6.296048
v 2.485603 5.753650 5.718356
v 2.333979 4.969797 5.053082
v 1.706350 4.519662 4.944000
v 2.037208 4.819928 4.480226
v 2.449151 5.391212 5.155441
v 2.399167 6.242174 5.781418
v 1.687314 4.687532 4.444638
v 2.282731 5.127879 4.566461
v 2.454326 5.844195 5.252221
v 1.317053 4.968134 3.974258
v 2.000155 5.027048 3.967296
v 2.397220 5.516669 4.673055
v 1.658464 4.888306 3.923770
v 1.110104 5.434419 3.577681
v 1.302963 5.215499 3.448265
v 1.324979 5.586149 3.102303
v 2.229128 5.312508 4.069836
v 1.347967 5.940897 2.817169
v 1.969056 5.231027 3.434717
v 1.584063 5.114821 3.396332
v 1.584382 5.509482 3.025807
v 2.183868 5.522538 3.577476
v 2.336889 5.668200 4.186101
v 1.540718 5.893272 2.768331
v 1.883903 5.586822 3.039936
v 1.491569 6.186541 2.526631
v 2.407223 5.939357 4.769546
v 2.408409 6.308932 5.310166
v 2.343693 6.742994 5.811923
v 2.140898 7.216048 6.280126
v 2.163922 7.215736 5.804035
v 1.831229 7.607757 6.191185
v 2.344316 6.774225 5.347380
v 1.203667 7.684154 6.465338
v 0.576258 7.351061 6.507978
v 0.252261 7.338874 6.650208
v -0.000003 7.311760 6.696004
v 0.784911 7.289120 6.253412
v 1.264418 7.612772 6.074977
v 0.904283 7.259493 5.957395
v 1.835294 7.564951 5.719343
v 0.984441 7.241796 5.633659
v 1.333660 7.561332 5.684856
v 1.067194 7.210212 5.280063
v 2.160202 7.200702 5.350174
v 1.820884 7.492451 5.327125
v 1.150372 7.167834 4.908152
v 1.203894 7.165632 4.524817
v 1.392455 7.485385 5.297235
v 2.121417 7.177804 4.914887
v 1.435792 7.406854 4.919035
v 1.805586 7.416787 4.921179
v 2.306951 6.797683 4.891653
v 2.043970 7.165995 4.484674
v 1.762153 7.364758 4.519282
v 1.705735 7.385126 4.126921
v 1.451927 7.362685 4.535900
v 2.386011 6.369040 4.845585
v 2.233793 6.832632 4.439394
v 1.444132 7.406571 4.152667
v 2.324535 6.442892 4.378038
v 1.937430 7.193280 4.073497
v 1.225906 7.240585 4.137584
v 1.425703 7.579920 3.784378
v 1.232169 7.411865 3.749245
v 1.213798 7.667393 3.358626
v 1.177939 7.973464 2.934076
v 1.408864 7.830304 3.399313
v 1.673991 7.545088 3.754394
v 1.399984 8.227395 2.852405
v 1.405949 8.186380 2.973359
v 1.645965 8.151968 2.825883
v 1.661952 7.793834 3.376241
v 1.658828 8.114125 2.966178
v 1.854977 7.323146 3.674824
v 1.852003 7.807811 2.686555
v 1.853599 7.804726 2.903311
v 1.842425 7.557139 3.292068
v 1.970520 7.410442 2.805420
v 1.966702 7.403874 2.544920
v 1.970958 7.226759 3.193652
v 2.002472 7.024436 3.591205
v 1.987917 7.079190 2.721240
v 1.981253 7.225935 1.726104
v 1.973759 7.118849 2.457443
v 2.008106 6.959336 1.766490
v 2.035372 6.902552 3.093291
v 2.115292 6.893677 4.007508
v 1.965801 6.784918 2.638922
v 1.931375 6.822259 2.391079
v 1.974586 6.720968 1.802637
v 2.113776 6.697799 3.498058
v 2.232763 6.545358 3.927546
v 2.057887 6.596043 2.991937
v 1.855022 6.618255 2.351421
v 2.013532 6.538996 1.336498
v 2.160016 6.366234 3.393432
v 2.272780 6.182673 3.832097
v 1.900069 6.536241 2.578934
v 1.883835 6.527006 1.835165
v 1.945128 6.178024 1.068931
v 2.041246 6.324846 2.891172
v 1.760614 6.478847 2.324902
v 1.912602 6.377241 1.438888
v 1.808782 6.072059 1.192201
v 1.748639 6.386749 1.858915
v 2.160390 6.061633 3.271018
v 1.794703 6.349432 2.538471
v 1.947927 6.100181 2.803201
v 1.650273 6.230174 2.520431
v 1.641308 5.795088 1.011974
v 1.624565 5.985447 1.265475
v 1.603511 6.355950 2.311528
v 1.770881 6.256641 1.508846
v 1.421379 5.935501 1.293387
v 1.604196 6.168786 1.553198
v 1.263483 6.108191 1.570734
v 1.593514 6.297280 1.875708
v 1.429323 6.118371 1.573481
v 1.145557 6.276800 1.885301
v 1.436927 6.251002 1.885713
v 1.288429 6.242144 1.889041
v 1.309669 6.308821 2.329896
v 1.465629 6.305685 2.325208
v 1.764776 5.943090 2.755055
v 2.091408 5.798020 3.139872
v 2.258178 5.843650 3.714102
v 2.351928 6.042804 4.296030
v -0.640088 -4.188844 0.301540
v -0.735353 -4.233879 0.234564
v -0.625415 -4.839861 0.252755
v -0.585046 -4.849185 0.323305
v -0.653206 -5.404312 0.231701
v -0.529013 -4.489271 1.049016
v -0.636837 -3.839280 1.066753
v -0.625731 -5.416150 0.342067
v -0.919947 -5.884308 0.263704
v -0.583286 -4.172945 1.467032
v -0.696917 -3.518602 1.866949
v -0.582757 -4.964654 0.896684
v -0.631293 -3.890292 2.067208
v -0.736156 -3.260402 2.594449
v -0.738566 -4.691206 1.301672
v -0.699416 -4.463132 1.709085
v -0.742752 -5.052149 1.182812
v -0.691839 -5.428624 0.816517
v -1.017008 -4.748630 1.419439
v -0.857254 -5.921933 0.359261
v -0.814116 -5.874452 0.796596
v -1.247474 -6.113661 0.367022
v -1.269064 -6.047291 0.273637
v -1.180014 -6.155678 0.802181
v -0.879157 -5.807385 1.126241
v -0.772011 -5.443405 1.131197
v -1.665963 -6.151186 0.366951
v -1.674708 -6.098219 0.264557
v -2.051391 -5.991083 0.260288
v -1.645964 -6.240733 0.807362
v -1.209959 -6.010740 1.147934
v -2.069819 -6.052635 0.364554
v -2.387888 -5.808569 0.261441
v -2.102379 -6.118495 0.782607
v -2.439559 -5.868725 0.359179
v -2.694516 -5.533975 0.255714
v -0.971807 -5.709521 1.341771
v -1.639910 -6.098454 1.184861
v -2.084814 -5.978106 1.133660
v -1.236072 -5.781926 1.413809
v -0.919220 -5.439457 1.413996
v -1.214519 -5.455297 1.569443
v -0.984047 -5.087180 1.361997
v -1.260690 -5.096559 1.477841
v -1.593372 -5.435240 1.638762
v -1.628154 -5.824759 1.497210
v -2.063571 -5.718271 1.443170
v -1.283154 -4.757053 1.456395
v -1.567832 -5.062382 1.549457
v -2.002014 -5.341695 1.616142
v -2.476150 -5.564266 1.338263
v -0.972626 -4.591687 1.805627
v -2.483247 -5.817617 1.067839
v -2.495423 -5.907203 0.740527
v -2.715400 -5.626993 0.968620
v -2.765019 -5.609981 0.707807
v -2.757192 -5.558566 0.348332
v -2.890941 -5.238551 0.756287
v -2.914494 -5.170084 0.333673
v -2.839097 -5.185235 0.233160
v -2.771227 -4.684640 0.210537
v -2.726152 -5.360578 1.081270
v -2.841129 -4.680061 0.316400
v -2.474452 -4.326836 0.226356
v -2.398451 -5.182364 1.492047
v -2.841839 -4.814656 0.831642
v -2.701267 -4.984324 1.223032
v -1.898043 -4.974003 1.530102
v -2.224415 -4.829212 1.447236
v -2.527249 -4.625437 1.282829
v -2.644682 -4.430865 0.911308
v -2.490355 -4.288795 0.306004
v -2.111168 -3.978474 0.297412
v -2.045128 -4.014697 0.242809
v -1.542221 -4.731928 1.450166
v -2.291897 -4.368257 1.294606
v -1.799572 -4.661739 1.434742
v -1.730362 -3.680097 0.285289
v -1.697698 -3.766323 0.237842
v -1.353407 -3.742522 0.215300
v -2.442509 -4.111236 1.069540
v -2.050814 -4.538267 1.381230
v -1.327721 -3.607803 0.281697
v -1.028116 -3.873237 0.225352
v -0.951230 -3.779506 0.287812
v -1.298189 -3.312035 0.910437
v -0.884389 -3.472524 0.912812
v -0.913810 -3.147432 1.743312
v -1.684104 -3.408226 1.084136
v -0.963309 -2.891576 2.500577
v -0.702379 -3.009250 3.307678
v -1.319149 -2.987512 1.711996
v -2.065164 -3.639960 1.197886
v -1.365536 -2.744385 2.455820
v -1.713174 -3.131303 1.803450
v -0.969051 -2.593915 3.237656
v -0.697115 -2.817097 4.011394
v -2.369586 -3.878301 1.401545
v -2.035752 -3.375965 1.905626
v -1.749428 -2.904272 2.505663
v -1.430627 -2.460937 3.196426
v -1.008072 -2.322431 3.997516
v -0.718003 -2.737001 4.597328
v -2.329103 -4.200342 1.597011
v -2.272722 -3.661272 2.033254
v -2.073087 -4.384564 1.686658
v -2.025131 -3.200395 2.583905
v -2.320710 -3.997986 2.157835
v -1.809528 -4.487785 1.779838
v -2.218223 -3.524056 2.656678
v -2.136228 -4.269950 2.231818
v -1.539271 -4.556351 1.820574
v -2.287044 -3.864920 2.723249
v -1.866916 -4.425874 2.283355
v -1.262042 -4.599195 1.830773
v -2.176272 -4.174976 2.774345
v -1.567519 -4.503879 2.309095
v -2.281133 -3.384286 3.275741
v -2.347085 -3.760669 3.294768
v -2.244122 -4.105391 3.317753
v -2.095400 -3.019707 3.255562
v -1.833352 -2.671264 3.229543
v -1.525698 -2.215137 4.008228
v -1.597099 -4.447560 2.836645
v -1.917244 -4.371908 2.812958
v -1.970435 -4.325119 3.339567
v -1.258186 -4.515604 2.318251
v -1.627181 -4.396757 3.356878
v -1.265469 -4.425641 2.850099
v -0.953834 -4.443886 2.302613
v -0.953090 -4.299369 2.840374
v -0.712497 -4.226273 2.223252
v -1.273566 -4.357861 3.373446
v -1.659697 -4.365703 3.858975
v -0.732862 -4.029068 2.791989
v -0.934752 -4.211182 3.389438
v -0.667574 -3.661130 2.704322
v -0.682609 -3.906929 3.380906
v -0.610868 -3.477975 3.349763
v -1.286933 -4.316782 3.879123
v -0.928592 -4.157478 3.930175
v -0.659912 -3.822296 3.975330
v -0.583589 -3.343255 4.004802
v -1.303682 -4.318596 4.340139
v -0.941372 -4.143707 4.376390
v -0.686808 -3.791057 4.451329
v -0.620337 -3.296669 4.539048
v -0.656076 -3.319693 5.050175
v -0.760600 -2.731466 5.081654
v -0.867243 -2.785036 5.505936
v -0.697621 -3.825919 4.849874
v -0.939547 -4.189818 4.748400
v -1.309389 -4.382254 4.733302
v -1.690840 -4.370914 4.326257
v -0.693261 -3.359346 5.466219
v -0.933208 -2.929067 5.840762
v -0.773524 -3.409045 5.799081
v -0.779242 -2.898012 5.735891
v -0.676503 -3.938495 5.131706
v -0.643579 -3.971226 5.349387
v -0.899342 -4.306097 5.038039
v -1.284574 -4.532900 5.038163
v -2.027289 -4.301115 3.852975
v -1.712227 -4.429605 4.742712
v -2.076477 -4.306540 4.334926
v -2.328197 -4.069305 3.850926
v -2.435777 -3.687680 3.861476
v -2.398679 -4.062744 4.361427
v -2.113459 -4.343966 4.787042
v -1.719375 -4.554607 5.109955
v -2.359736 -3.278976 3.877262
v -2.493687 -3.649864 4.403748
v -2.431504 -4.071527 4.853274
v -2.172083 -2.882363 3.909654
v -2.392253 -3.221018 4.441105
v -1.918809 -2.497359 3.983969
v -1.704376 -2.139894 4.450148
v -2.214123 -2.804616 4.493164
v -2.483914 -3.638620 4.918471
v -2.141170 -4.426534 5.194958
v -1.986927 -2.421754 4.473880
v -2.368782 -3.198640 4.960373
v -2.437629 -4.105260 5.290092
v -2.219256 -2.758259 4.975599
v -2.455848 -3.654658 5.379742
v -2.030521 -2.320384 4.954647
v -2.350752 -3.198320 5.432929
v -2.238421 -2.729606 5.467281
v -2.176668 -4.554771 5.577715
v -2.456805 -4.168619 5.701168
v -2.472048 -3.691857 5.807447
v -2.367527 -3.217485 5.882256
v -1.708039 -4.736290 5.461979
v -1.227800 -4.667037 5.315990
v -0.835808 -4.404244 5.273991
v -1.130566 -4.791538 5.588595
v -1.663205 -4.991149 5.904456
v -2.228389 -4.702214 6.011102
v -2.484802 -4.243035 6.144186
v -2.500522 -3.738587 6.252072
v -0.630139 -3.998699 5.448744
v -0.765186 -4.461273 5.477649
v -0.616172 -3.989155 5.570691
v -2.339506 -4.807743 6.513548
v -1.924897 -5.175070 6.454875
v -2.526518 -4.308898 6.632818
v -2.416167 -3.243855 6.323867
v -2.540807 -3.783399 6.732469
v -2.278730 -2.741385 5.929207
v -2.095523 -2.257440 5.504114
v -2.396122 -4.879283 7.045415
v -2.102759 -5.243335 6.945975
v -2.571687 -4.371894 7.162260
v -2.348862 -2.754504 6.360321
v -2.464977 -3.266455 6.791630
v -2.174379 -2.278453 5.973742
v -2.549965 -3.823607 7.262583
v -1.771743 -5.362351 7.102047
v -2.220047 -5.212596 7.380553
v -2.437194 -4.955999 7.573933
v -2.580700 -4.446369 7.734749
v -2.042660 -5.313068 7.736396
v -1.529267 -5.314251 6.589633
v -2.317723 -5.101780 8.081143
v -1.260521 -5.136641 6.198972
v -0.961277 -4.831026 5.791627
v -0.704306 -4.481057 5.657351
v -0.636667 -3.998266 5.841870
v -0.569220 -3.956471 5.871850
v -2.504284 -4.582338 8.360493
v -0.395907 -3.437967 5.669384
v -0.646047 -3.430146 5.777667
v -0.441925 -2.874418 5.539515
v -2.366581 -4.656550 9.007946
v -2.445339 -3.982737 9.210101
v -2.482991 -3.910821 8.512203
v -2.415166 -3.234294 9.585367
v -2.559421 -3.865713 7.849260
v -2.406558 -3.299000 9.013874
v -2.313264 -2.976280 10.050372
v -2.535869 -3.279759 7.301716
v -2.438063 -3.302222 8.434850
v -2.309512 -2.561229 9.317241
v -2.181392 -2.581592 10.444537
v -2.541759 -3.284417 7.882927
v -2.345117 -2.676203 8.824455
v -2.410608 -2.713566 8.324629
v -2.437153 -2.734590 7.818925
v -2.455979 -2.756808 7.277174
v -2.248465 -2.351011 9.778881
v -2.003355 -2.258549 10.669082
v -2.111971 -2.093286 10.199523
v -1.855596 -1.902694 10.537071
v -1.664173 -1.501844 10.355290
v -1.911030 -1.646971 9.952394
v -2.073281 -1.827878 9.517881
v -1.575030 -1.025448 10.143512
v -2.169053 -2.001489 9.069678
v -1.816095 -1.162899 9.721176
v -1.186190 -0.950316 10.433415
v -1.958877 -1.322950 9.257516
v -2.238500 -2.134459 8.638902
v -1.542636 -0.533880 9.965448
v -0.844999 -0.897635 10.523958
v -1.109806 -0.468665 10.247777
v -0.631982 -0.439131 10.375801
v -1.819734 -0.665237 9.522455
v -1.508598 -0.033748 9.808779
v -1.053126 0.021166 10.095849
v -0.515478 0.017801 10.241117
v -0.506702 0.546654 10.074943
v -1.020937 0.527100 9.952576
v -1.474365 0.474945 9.668430
v -1.811409 -0.149806 9.359233
v -1.972298 -0.837483 8.987480
v -0.492927 1.050127 9.937919
v -0.986702 1.026161 9.815121
v -1.429823 0.981760 9.535608
v -0.478199 1.569913 9.821245
v -0.952945 1.538079 9.690941
v -0.463268 2.095247 9.723359
v -1.782000 0.371004 9.221504
v -1.378009 1.488462 9.412525
v -0.917608 2.055366 9.583840
v -0.459593 2.634619 9.687315
v -1.737706 0.888313 9.100499
v -1.324816 1.995274 9.303881
v -0.897012 2.580759 9.514278
v -0.476803 3.186128 9.707352
v -1.278775 2.504472 9.217118
v -0.928467 3.118740 9.522489
v -0.507150 3.763820 9.744747
v -1.293581 3.029132 9.192719
v -0.999923 3.683427 9.582015
v -0.536951 4.385799 9.775552
v -1.375644 3.577483 9.216058
v -1.059898 4.298678 9.619757
v -0.557352 5.047554 9.780874
v -0.562450 5.734433 9.746934
v -1.135647 5.650534 9.596205
v -1.103002 4.956058 9.609242
v -1.649484 5.506957 9.185774
v -1.527440 4.816334 9.172336
v -2.025726 5.376131 8.441607
v -1.436902 4.173573 9.204664
v -1.747314 4.625603 8.596252
v -2.101272 4.754817 7.904840
v -1.615073 4.011827 8.684229
v -1.829737 4.295163 8.086096
v -2.070733 4.311133 7.497416
v -1.563033 3.449904 8.733471
v -1.844843 3.976839 7.641443
v -1.955255 3.982176 7.124550
v -1.692629 3.796375 8.185279
v -1.526126 2.920893 8.759580
v -1.787726 3.721545 7.219723
v -1.686507 3.827626 6.755645
v -1.702934 3.578696 7.715952
v -1.652484 3.294154 8.245002
v -1.552746 2.408938 8.811957
v -1.669219 2.795995 8.286265
v -1.692245 3.136399 7.747937
v -1.688080 3.394565 7.243083
v -1.558983 3.595286 6.815071
v -1.616818 1.905452 8.895320
v -1.724963 2.297207 8.343294
v -1.756174 2.673623 7.780761
v -1.295974 3.556855 6.399356
v -1.327592 3.829089 6.440841
v -1.691980 3.002814 7.247107
v -1.537422 3.282658 6.787061
v -1.680328 1.399342 8.991673
v -1.792834 1.793861 8.415082
v -0.925960 3.593446 6.040462
v -0.953850 3.916847 6.112807
v -1.817310 2.186082 7.828452
v -1.775070 2.568864 7.253742
v -1.319359 3.231383 6.334337
v -1.610037 2.911730 6.743369
v -1.855480 1.287632 8.492146
v -1.885000 1.672100 7.902617
v -1.836531 2.094472 7.277771
v -1.689723 2.485360 6.719594
v -1.378847 2.848556 6.269488
v -1.907185 0.770751 8.581535
v -1.941567 1.173616 7.954000
v -1.903619 1.593876 7.318501
v -1.760769 2.017393 6.716276
v -1.944818 0.241465 8.686065
v -1.983952 0.653823 8.020652
v -1.954666 1.078686 7.363550
v -1.971597 -0.298394 8.813615
v -2.016185 0.111666 8.098311
v -1.461495 2.416741 6.212669
v -1.825350 1.522175 6.729647
v -1.989081 0.551240 7.414056
v -2.043617 -0.459726 8.191234
v -1.525185 1.945435 6.187603
v -1.869916 1.007479 6.755603
v -2.013470 0.002348 7.474511
v -1.581181 1.451916 6.181633
v -1.897159 0.476984 6.787813
v -1.624051 0.942299 6.190067
v -1.059488 2.347353 5.808723
v -1.104857 1.868244 5.773704
v -1.006571 2.802766 5.870228
v -1.148654 1.378775 5.756705
v -0.552233 2.294574 5.542682
v -0.950226 3.218411 5.958552
v -0.525125 2.773697 5.598306
v -0.491528 3.231124 5.686470
v -0.577931 1.809163 5.504899
v -0.463009 3.666624 5.796543
v -0.467162 4.109253 5.904047
v -0.602614 1.325566 5.478911
v -0.624155 0.840637 5.462060
v -1.195436 0.881864 5.743951
v -0.644924 0.346687 5.452353
v -1.654996 0.417634 6.206815
v -0.664450 -0.155489 5.449163
v -1.229608 0.372507 5.746153
v -1.910455 -0.072836 6.817434
v -0.672766 -0.667985 5.445847
v -1.675822 -0.126135 6.222554
v -1.263933 -0.156162 5.752539
v -2.025800 -0.575525 7.518824
v -2.012619 -1.174134 7.611466
v -1.901578 -0.644604 6.821597
v -0.659202 -1.192147 5.427818
v -1.680252 -0.694062 6.222552
v -1.296312 -0.710817 5.758911
v -0.592542 -1.758850 5.424914
v -1.812100 -1.224275 6.771112
v -1.585846 -1.276718 6.222466
v -1.258997 -1.310342 5.752578
v -0.510735 -2.321666 5.458060
v -0.905602 -2.372634 5.707556
v -1.099046 -1.869074 5.743152
v -1.084337 -2.379766 5.790271
v -1.399467 -1.834838 6.242105
v -1.089143 -2.053351 5.322149
v -1.653124 -1.739201 6.679621
v -1.036421 -2.083715 4.898487
v -1.862183 -1.675665 7.152111
v -1.019737 -2.171927 4.474113
v -1.278673 -2.068008 4.320356
v -1.344131 -2.011832 4.460963
v -1.439192 -2.091344 4.272152
v -1.493271 -2.021591 4.441317
v -1.489668 -1.811113 4.783769
v -1.636461 -1.843449 4.765734
v -1.431921 -1.727248 5.189090
v -1.792085 -1.964325 4.878193
v -1.829310 -1.891265 5.088115
v -1.602288 -1.714185 4.807870
v -1.681536 -1.741487 4.783945
v -1.648409 -1.660900 5.148519
v -1.438873 -1.860532 5.739170
v -1.859345 -1.717942 5.101207
v -1.705080 -1.686472 5.490944
v -1.941018 -1.782227 5.527776
v -1.992610 -1.935388 6.015618
v -1.760143 -1.784855 5.964408
v -1.286663 -2.074156 5.937338
v -1.576269 -1.845546 6.067023
v -1.507969 -1.919517 6.211498
v -1.853502 -1.841817 6.386971
v -2.236931 -2.298761 6.366589
v -1.697798 -1.881854 6.622693
v -1.718016 -1.852738 6.416603
v -2.041820 -1.942820 6.369776
v -1.894985 -1.879410 7.004607
v -2.034441 -1.879784 7.533094
v -1.858511 -1.868118 6.694146
v -2.069505 -1.967415 6.716358
v -2.281934 -2.303011 6.767235
v -2.064461 -1.963866 7.092391
v -2.415797 -2.763476 6.797080
v -2.287792 -2.286670 7.196287
v -2.274683 -2.242558 7.680364
v -2.268907 -2.175754 8.206179
v -2.065834 -1.781392 8.037865
v -2.084204 -1.703012 8.443227
v -2.047024 -1.490614 8.794509
v -2.054092 -1.414619 8.249145
v -2.054044 -1.080822 8.327065
v -2.029120 -1.562500 7.903649
v -1.943647 -1.723244 7.468376
v -2.023798 -5.601152 14.127678
v -2.272370 -5.312406 14.124542
v -2.147356 -5.624688 14.047863
v -2.171390 -5.612958 13.970164
v -2.416955 -5.126210 13.999832
v -2.345298 -5.388769 14.039922
v -2.460575 -5.212343 13.944743
v -2.419757 -5.021901 13.700557
v -2.366396 -4.998479 13.352029
v -2.480680 -5.132957 13.620946
v -2.324039 -5.410965 13.924996
v -1.953553 -5.528723 13.761315
v -2.417212 -5.084743 13.309760
v -2.363666 -5.283842 13.799638
v -2.114753 -5.394104 13.823515
v -1.966951 -5.415639 13.588953
v -2.401098 -5.215402 13.567617
v -2.143488 -5.285799 13.695945
v -2.028140 -5.306589 13.396907
v -2.198146 -5.208180 13.509321
v -2.297727 -5.208621 13.349676
v -2.121713 -5.230430 13.169886
v -2.269243 -5.196882 13.036335
v -2.386400 -5.181189 13.318660
v -2.251508 -5.092283 12.954150
v -2.225729 6.469549 -0.019010
v -2.183177 6.524662 -0.108346
v -1.937149 6.755331 -0.072879
v -2.125320 6.776477 0.090114
v -1.736394 7.390511 0.795494
v -1.406683 6.790843 -0.091977
v -1.360972 7.378070 0.804095
v -0.927581 6.668590 -0.048859
v -1.019288 7.232163 0.830769
v -0.744945 6.668987 0.146155
v -0.897327 7.010708 0.953544
v -0.987615 7.348557 1.722079
v -1.094584 7.645341 1.702994
v -1.065880 7.655979 2.637352
v -1.367658 7.822261 1.687721
v -1.169521 8.012438 2.714549
v -1.087206 7.662004 2.880248
v -1.684999 7.788449 1.673569
v -1.966766 7.229620 0.864944
v -1.892958 7.533387 1.691798
v -2.136065 6.630170 0.379335
v -2.038574 6.958908 1.062028
v -2.226457 6.337794 0.197804
v -2.420773 5.857886 -0.102974
v -2.103814 6.464769 0.638459
v -2.415004 5.817708 0.092167
v -2.470047 5.347786 -0.101503
v -2.196195 6.174340 0.390728
v -2.504956 5.342071 0.094729
v -2.391510 4.938190 -0.107923
v -2.311324 5.749904 0.324485
v -2.132143 6.055121 0.613259
v -2.440871 4.882599 0.086318
v -2.407339 5.329488 0.357487
v -2.079843 4.552918 0.065631
v -2.080891 4.663388 -0.126146
v -1.558205 4.480344 0.074596
v -1.554139 4.584509 -0.124919
v -1.101223 4.646481 -0.145114
v -2.359261 4.891925 0.389263
v -2.254354 5.700128 0.570733
v -1.063840 4.523466 0.038505
v -0.769381 4.868169 -0.153766
v -2.022367 4.566972 0.384293
v -2.320202 5.322396 0.617369
v -2.023630 5.954857 0.803067
v -2.178747 5.652861 0.778623
v -2.040853 6.306902 0.878206
v -2.046503 6.736486 1.205078
v -1.952302 4.642511 0.712065
v -1.545259 4.506830 0.358373
v -2.240194 4.944434 0.675641
v -2.098399 5.031054 0.843400
v -2.211983 5.318381 0.814481
v -2.022518 5.589157 0.931958
v -1.081148 4.565683 0.328491
v -1.850235 4.825212 0.894798
v -2.022278 5.078876 0.950415
v -1.521143 4.561618 0.689997
v -2.073997 5.285537 0.959988
v -1.726297 5.509948 1.019544
v -1.851652 5.867759 0.928026
v -1.785373 5.215518 1.100847
v -1.796927 4.982372 1.019900
v -1.099703 4.637347 0.662520
v -1.491840 4.752509 0.901858
v -1.420368 5.184287 1.137659
v -1.143334 4.809690 0.877736
v -1.458740 4.937820 1.046058
v -0.775252 4.870833 0.631605
v -1.156246 4.984533 1.002454
v -0.707409 4.804179 0.314147
v -0.903585 4.991952 0.825400
v -0.679050 4.781832 0.024659
v -0.530389 5.198638 0.024248
v -0.585565 5.212615 -0.149515
v -0.609954 5.213567 0.288987
v -0.527056 5.656988 0.038947
v -0.521350 5.662480 -0.134630
v -0.559575 6.228841 -0.037261
v -0.670840 5.229977 0.582756
v -0.661717 6.106925 0.199868
v -0.649857 5.616481 0.324829
v -0.799628 6.449816 0.505275
v -0.758470 6.000712 0.471150
v -0.730771 5.586773 0.587119
v -0.789678 5.259396 0.809593
v -0.832565 5.562579 0.795256
v -0.990475 5.076443 0.923269
v -0.939341 5.266966 0.947294
v -1.130561 5.218808 1.063374
v -1.397951 5.468588 1.057897
v -1.148123 5.489673 1.023459
v -0.972490 5.530823 0.931683
v -0.971519 5.841129 0.847023
v -1.083282 5.793945 0.944613
v -1.218216 5.761971 1.003397
v -1.403099 5.754119 1.038172
v -0.873906 5.908594 0.684782
v -0.853351 6.302572 0.758794
v -0.892290 6.167368 0.971697
v -0.965667 6.052583 1.128371
v -1.085361 5.971882 1.226384
v -0.878967 6.797353 1.094042
v -0.888111 6.588583 1.247011
v -0.942208 7.069795 1.759964
v -0.915586 6.398088 1.378895
v -1.237971 5.931752 1.278117
v -0.984948 6.240276 1.482236
v -0.927270 6.805773 1.799384
v -0.994901 7.289917 2.576911
v -1.112027 6.144176 1.543585
v -0.943230 6.567960 1.836616
v -0.977636 6.958258 2.495517
v -1.001710 7.276140 2.813415
v -1.127226 7.385381 3.285631
v -0.987808 6.930372 2.733433
v -1.037329 7.056577 3.209826
v -1.153602 7.118512 3.679386
v -1.002859 6.697294 2.437155
v -1.015746 6.380455 1.869296
v -1.025521 6.641402 2.660031
v -1.078220 6.489197 2.415314
v -1.015728 6.802943 3.618731
v -1.077448 6.954368 4.094099
v -0.985949 6.734528 3.119156
v -0.963341 6.613671 4.034523
v -1.027137 6.858926 4.490829
v -0.970904 6.479014 3.528609
v -1.023332 6.452718 3.027979
v -1.109870 6.425402 2.606171
v -1.191557 6.361188 2.361972
v -0.933663 6.487677 4.444879
v -0.973529 6.811731 4.879960
v -0.945343 6.265949 3.953903
v -1.005042 6.194929 3.425459
v -1.098273 6.227779 2.948185
v -0.901962 6.404627 4.847404
v -0.892075 6.798261 5.253633
v -0.920233 6.114373 4.382145
v -0.971074 5.959285 3.853843
v -1.221139 6.285241 2.569803
v -1.067207 5.954336 3.319324
v -1.204267 6.057828 2.879357
v -1.347450 6.207643 2.544572
v -0.859265 6.354062 5.222869
v -0.906370 6.007876 4.798559
v -0.940563 5.774777 4.298271
v -1.026418 5.689554 3.739897
v -1.156314 5.746714 3.207742
v -0.807138 6.318076 5.551832
v -0.808434 6.786693 5.597160
v -0.889182 5.940108 5.177162
v -0.943978 5.647243 4.729389
v -0.738607 6.288430 5.816147
v -0.723550 6.777357 5.868214
v -0.857954 5.888214 5.510534
v -0.630394 6.263378 6.005861
v -0.609460 6.777542 6.072959
v -0.445009 6.776688 6.219411
v -0.996108 5.472893 4.195499
v -0.947024 5.559897 5.123440
v -0.801941 5.850164 5.779242
v -0.464097 6.238137 6.115750
v -0.237760 6.750988 6.296133
v -1.011386 5.321465 4.645774
v -1.104024 5.198152 4.081112
v -0.931930 5.489995 5.475428
v -0.696346 5.812325 5.980496
v -0.251099 6.207270 6.152020
v -1.030630 5.211582 5.065803
v -0.888009 5.443140 5.759346
v -0.510897 5.764010 6.077728
v -0.273030 5.729712 6.083173
v -0.786974 5.393957 5.978099
v -1.029058 5.123701 5.443857
v -1.127810 5.015513 4.561231
v -0.315467 5.263425 6.035465
v -0.580794 5.326197 6.061651
v -0.996490 5.063334 5.751412
v -1.155408 4.886333 5.015059
v -0.907070 5.004322 5.987903
v -0.695805 4.908383 6.059267
v -0.398559 4.760101 5.992261
v -1.160352 4.785994 5.421069
v -1.345450 4.768806 4.481129
v -1.135168 4.717910 5.746091
v -0.286368 4.438829 5.919174
v -0.698020 4.390501 6.030416
v -1.068268 4.655267 5.995761
v -1.064795 4.140657 6.168923
v -0.902305 4.552916 6.083697
v -1.424474 4.020809 6.426437
v -1.188821 4.283183 6.175498
v -1.352142 4.424263 5.771144
v -1.290321 4.349669 6.036267
v -1.540745 4.102705 6.304069
v -1.829256 3.976481 6.648464
v -1.371823 4.507720 5.402792
v -1.368702 4.621183 4.968062
v -1.705353 4.380820 5.411022
v -1.625173 4.182886 6.107229
v -2.109805 4.195815 6.960709
v -2.252592 4.589367 7.239540
v -2.229182 4.378876 6.713888
v -1.936362 4.105199 6.485076
v -2.281525 5.092176 7.516966
v -2.015620 4.228459 6.229855
v -1.681325 4.275102 5.811978
v -2.363339 4.816798 6.904900
v -2.316835 4.535435 6.380654
v -2.068408 4.347898 5.878344
v -2.360224 4.679423 5.979527
v -2.081663 4.491548 5.446917
v -2.433070 4.996740 6.520746
v -2.381149 5.334282 7.082900
v -2.235112 5.708529 7.796414
v -2.011819 6.305274 8.556478
v -1.681710 6.307217 9.171997
v -1.111900 6.331886 9.561757
v -1.481000 7.012451 9.089270
v -0.555777 6.358826 9.703518
v -1.009515 6.904334 9.426980
v -0.515090 6.905268 9.524096
v -0.479088 7.310541 9.236419
v -0.552684 7.721369 8.899416
v -0.815488 7.238996 9.218008
v -1.048128 7.453477 8.904881
v -0.736571 7.860739 8.226286
v -1.322996 7.622217 8.388357
v -1.823593 7.088456 8.518620
v -2.180250 6.436771 7.924167
v -0.932206 7.821338 7.570004
v -0.339035 7.863179 7.811111
v -1.958506 7.116934 7.915094
v -2.342706 5.915811 7.240764
v -0.404800 7.737467 7.335325
v -1.575106 7.658669 7.808687
v -2.254590 6.549824 7.323511
v -2.449915 5.510984 6.640232
v -2.078897 7.175444 7.312065
v -1.738269 7.661697 7.247649
v -2.385688 6.059040 6.735022
v -2.470187 5.143337 6.099778
v -2.283659 6.633925 6.785247
v -2.482345 5.646706 6.191477
v -2.360848 4.821678 5.531842
v -1.109739 7.783473 6.964910
v -2.130610 7.206153 6.767165
v -2.387602 6.162794 6.257947
v -2.476365 5.271260 5.632695
v -2.071861 4.643491 4.974749
v -1.813033 7.629661 6.665622
v -2.314729 6.698770 6.296049
v -2.485599 5.753633 5.718357
v -2.333969 4.969782 5.053082
v -1.706337 4.519652 4.944001
v -2.037198 4.819916 4.480227
v -2.449144 5.391197 5.155442
v -2.399167 6.242157 5.781419
v -1.687303 4.687521 4.444639
v -2.282723 5.127864 4.566462
v -2.454324 5.844177 5.252221
v -1.317044 4.968124 3.974258
v -2.000147 5.027036 3.967296
v -2.397215 5.516654 4.673056
v -1.110100 5.434412 3.577680
v -1.658454 4.888295 3.923771
v -1.302957 5.215492 3.448265
v -1.324975 5.586139 3.102303
v -2.229122 5.312495 4.069836
v -1.347965 5.940888 2.817169
v -1.969050 5.231014 3.434718
v -1.584055 5.114809 3.396333
v -1.584378 5.509472 3.025808
v -2.183864 5.522524 3.577477
v -2.336885 5.668184 4.186102
v -1.540717 5.893261 2.768332
v -1.883898 5.586809 3.039937
v -1.491570 6.186531 2.526632
v -2.407221 5.939342 4.769547
v -2.408408 6.308917 5.310167
v -2.343696 6.742978 5.811924
v -2.140904 7.216032 6.280126
v -1.764775 5.943077 2.755056
v -1.650274 6.230161 2.520431
v -2.091405 5.798007 3.139872
v -1.947927 6.100166 2.803201
v -2.258176 5.843635 3.714103
v -2.160389 6.061618 3.271018
v -2.351927 6.042789 4.296031
v -2.272780 6.182657 3.832098
v -2.324536 6.442876 4.378038
v -2.386011 6.369025 4.845587
v -2.041247 6.324833 2.891173
v -2.160017 6.366218 3.393433
v -1.794705 6.349416 2.538472
v -2.232766 6.545341 3.927546
v -2.306954 6.797668 4.891654
v -2.233797 6.832616 4.439394
v -2.115296 6.893663 4.007508
v -2.113780 6.697785 3.498059
v -2.057890 6.596028 2.991938
v -1.900072 6.536228 2.578935
v -1.760617 6.478836 2.324902
v -2.344319 6.774210 5.347381
v -1.603512 6.355941 2.311527
v -2.163928 7.215723 5.804036
v -1.465630 6.305675 2.325208
v -1.309671 6.308813 2.329895
v -1.831237 7.607743 6.191185
v -1.436928 6.250992 1.885710
v -1.145559 6.276792 1.885299
v -1.288431 6.242133 1.889038
v -1.263483 6.108183 1.570731
v -1.429324 6.118363 1.573480
v -1.421379 5.935491 1.293386
v -1.593516 6.297271 1.875706
v -1.604197 6.168777 1.553196
v -1.748641 6.386736 1.858914
v -1.624564 5.985438 1.265474
v -1.770882 6.256629 1.508844
v -1.641307 5.795078 1.011972
v -1.808783 6.072049 1.192199
v -1.912604 6.377228 1.438887
v -1.945130 6.178012 1.068929
v -2.013536 6.538985 1.336496
v -1.883839 6.526995 1.835164
v -1.974591 6.720956 1.802636
v -1.855025 6.618244 2.351422
v -2.008112 6.959323 1.766490
v -1.931380 6.822246 2.391080
v -1.965805 6.784904 2.638923
v -1.981261 7.225923 1.726103
v -1.973766 7.118837 2.457443
v -2.035376 6.902538 3.093292
v -1.966710 7.403860 2.544920
v -1.987924 7.079177 2.721241
v -2.002477 7.024422 3.591206
v -1.852015 7.807799 2.686554
v -1.970965 7.226746 3.193653
v -1.970528 7.410426 2.805419
v -1.937436 7.193268 4.073498
v -1.645980 8.151957 2.825882
v -1.853610 7.804714 2.903310
v -1.842434 7.557125 3.292068
v -1.854985 7.323135 3.674825
v -1.705743 7.385114 4.126922
v -2.043976 7.165981 4.484676
v -1.399998 8.227386 2.852403
v -1.658841 8.114113 2.966177
v -1.674000 7.545075 3.754395
v -1.661963 7.793822 3.376242
v -1.177951 7.973455 2.934074
v -1.405963 8.186371 2.973357
v -1.408876 7.830294 3.399314
v -1.213808 7.667382 3.358626
v -1.425712 7.579911 3.784378
v -1.232177 7.411856 3.749245
v -1.225913 7.240577 4.137584
v -1.203900 7.165624 4.524817
v -1.444140 7.406561 4.152668
v -1.451936 7.362676 4.535901
v -1.150379 7.167828 4.908151
v -1.762160 7.364747 4.519281
v -1.435802 7.406846 4.919036
v -1.067201 7.210204 5.280064
v -1.805593 7.416774 4.921180
v -1.392463 7.485377 5.297235
v -0.984447 7.241791 5.633659
v -2.121423 7.177790 4.914889
v -1.333669 7.561325 5.684857
v -0.904290 7.259488 5.957395
v -1.820892 7.492438 5.327126
v -2.160208 7.200688 5.350174
v -1.835302 7.564940 5.719344
v -1.264427 7.612763 6.074978
v -0.784917 7.289117 6.253413
v -1.203676 7.684146 6.465338
v -0.576265 7.351058 6.507979
v -0.252269 7.338872 6.650209
v 0.160876 -9.439884 11.015898
v 0.000058 -9.432566 11.017354
v 0.000058 -9.486516 11.149074
v 0.170274 -9.471796 11.155528
v 0.309388 -9.369482 11.036052
v 0.154108 -9.387024 11.195415
v 0.000058 -9.398437 11.192454
v 0.313606 -9.418376 11.168889
v 0.366517 -9.333243 11.042727
v 0.122607 -9.302002 11.073644
v 0.000058 -9.309269 11.076014
v 0.244099 -9.275846 11.081364
v 0.255116 -9.353454 11.203495
v 0.269903 -9.253851 11.089335
v 0.351573 -9.400108 11.181383
v 0.451180 -9.258871 11.064833
v 0.295468 -9.333893 11.219331
v 0.377563 -9.263891 11.244994
v 0.321031 -9.187668 11.102124
v 0.345278 -9.338713 11.271148
v 0.390887 -9.205142 11.237689
v 0.363768 -9.144324 11.112854
v 0.458878 -9.069232 11.283432
v 0.424567 -9.014109 11.156033
v 0.488772 -9.253174 11.215508
v 0.492159 -8.927749 11.343393
v 0.461935 -8.871691 11.217924
v 0.488188 -8.750386 11.280448
v 0.572747 -9.094966 11.269013
v 0.512879 -8.791703 11.408828
v 0.511566 -8.586608 11.351741
v 0.626854 -8.943136 11.335250
v 0.527878 -8.631964 11.480439
v 0.663043 -8.819264 11.398557
v 0.528069 -8.463796 11.549796
v 0.514392 -8.389050 11.445154
v 0.546451 -8.389847 11.579539
v 0.553834 -8.329557 11.455260
v 0.649463 -8.358097 11.450936
v 0.671964 -8.393457 11.577729
v 0.703573 -8.473605 11.546968
v 0.734059 -8.415985 11.427896
v 0.691022 -8.590925 11.343822
v 0.701649 -8.659126 11.474747
v 0.663074 -8.759130 11.264729
v 0.630221 -8.890467 11.206066
v 0.573327 -9.051719 11.143162
v 0.499716 -9.194306 11.086006
v 0.452477 -9.309196 11.201276
v 0.382395 -9.378034 11.255275
v 0.432574 -9.335660 11.262388
v 0.386405 -9.302959 11.281835
v 0.407645 -9.351767 11.334969
v 0.000058 -9.602081 12.122527
v 0.140506 -9.594268 12.119154
v 0.000058 -9.585329 11.990462
v 0.145117 -9.576739 11.987425
v 0.301363 -9.548615 11.989224
v 0.298259 -9.566425 12.126517
v 0.129815 -9.497895 11.990860
v 0.000058 -9.501200 11.995293
v 0.000058 -9.491271 12.140294
v 0.142812 -9.485277 12.137506
v 0.272114 -9.469516 11.991959
v 0.275642 -9.456962 12.134748
v 0.398756 -9.401720 12.002775
v 0.383935 -9.391951 12.144871
v 0.410071 -9.368999 12.146751
v 0.451740 -9.485612 11.998267
v 0.451352 -9.505113 12.138996
v 0.506425 -9.451397 11.999217
v 0.511610 -9.466355 12.145146
v 0.595927 -9.379661 12.159615
v 0.425430 -9.375412 11.987414
v 0.505365 -9.299850 11.998233
v 0.463127 -9.305496 12.164368
v 0.464228 -9.348356 11.908047
v 0.514004 -9.258744 12.034815
v 0.486087 -9.262240 12.165772
v 0.569094 -9.103830 12.047087
v 0.538169 -9.106106 12.185892
v 0.597275 -8.949384 12.061801
v 0.573663 -8.961706 12.200961
v 0.602869 -8.816504 12.081017
v 0.578612 -8.828173 12.213099
v 0.597116 -8.685032 12.097079
v 0.579292 -8.691780 12.225755
v 0.625764 -8.636208 12.105515
v 0.618150 -8.654149 12.245977
v 0.704891 -8.661813 12.250201
v 0.714871 -8.632421 12.111353
v 0.763939 -8.699766 12.237690
v 0.748917 -8.686267 12.105394
v 0.776545 -8.841986 12.218821
v 0.759688 -8.827806 12.088780
v 0.742484 -8.971310 12.072465
v 0.760536 -8.990734 12.206419
v 0.699211 -9.135992 12.053145
v 0.706988 -9.160656 12.181827
v 0.632344 -9.299344 12.029338
v 0.635419 -9.317525 12.167426
v 0.601671 -9.335611 12.003414
v 0.510834 -9.385793 11.911085
v 0.555617 -9.331524 11.912929
v 0.501305 -9.309867 11.911041
v 0.506838 -9.324407 11.831147
v -0.160762 -9.439884 11.015898
v -0.170160 -9.471796 11.155528
v -0.309272 -9.369482 11.036052
v -0.153993 -9.387024 11.195415
v -0.313491 -9.418379 11.168889
v -0.366403 -9.333243 11.042726
v -0.122494 -9.302002 11.073644
v -0.243985 -9.275848 11.081364
v -0.255002 -9.353456 11.203495
v -0.269790 -9.253854 11.089335
v -0.351458 -9.400111 11.181383
v -0.451067 -9.258871 11.064833
v -0.295354 -9.333896 11.219331
v -0.377449 -9.263891 11.244994
v -0.320918 -9.187668 11.102124
v -0.345165 -9.338713 11.271148
v -0.390774 -9.205142 11.237689
v -0.363655 -9.144327 11.112854
v -0.458765 -9.069235 11.283433
v -0.424455 -9.014112 11.156033
v -0.488659 -9.253174 11.215509
v -0.492047 -8.927752 11.343393
v -0.461824 -8.871691 11.217924
v -0.488078 -8.750389 11.280448
v -0.572634 -9.094969 11.269013
v -0.512768 -8.791706 11.408828
v -0.511457 -8.586608 11.351740
v -0.626743 -8.943142 11.335248
v -0.527770 -8.631967 11.480439
v -0.662934 -8.819270 11.398557
v -0.527962 -8.463799 11.549796
v -0.514285 -8.389052 11.445154
v -0.546344 -8.389850 11.579539
v -0.553727 -8.329560 11.455260
v -0.649356 -8.358103 11.450936
v -0.671858 -8.393466 11.577729
v -0.703466 -8.473614 11.546968
v -0.733952 -8.415991 11.427896
v -0.690913 -8.590931 11.343822
v -0.701541 -8.659135 11.474748
v -0.662964 -8.759135 11.264728
v -0.630110 -8.890471 11.206066
v -0.573213 -9.051722 11.143162
v -0.499603 -9.194309 11.086007
v -0.452363 -9.309198 11.201275
v -0.382280 -9.378036 11.255276
v -0.432460 -9.335660 11.262389
v -0.386291 -9.302962 11.281835
v -0.407530 -9.351769 11.334969
v -0.140390 -9.594268 12.119154
v -0.145002 -9.576739 11.987425
v -0.301247 -9.548615 11.989225
v -0.298144 -9.566427 12.126517
v -0.129700 -9.497895 11.990860
v -0.142697 -9.485277 12.137506
v -0.271999 -9.469517 11.991960
v -0.275526 -9.456963 12.134748
v -0.398642 -9.401722 12.002777
v -0.383819 -9.391953 12.144872
v -0.409958 -9.369001 12.146751
v -0.451625 -9.485614 11.998268
v -0.451237 -9.505114 12.138996
v -0.506310 -9.451399 11.999218
v -0.511494 -9.466357 12.145146
v -0.595813 -9.379665 12.159615
v -0.425316 -9.375414 11.987415
v -0.505251 -9.299851 11.998234
v -0.463014 -9.305498 12.164368
v -0.464114 -9.348358 11.908047
v -0.513892 -9.258746 12.034818
v -0.485974 -9.262242 12.165772
v -0.568983 -9.103835 12.047087
v -0.538057 -9.106111 12.185893
v -0.597164 -8.949388 12.061802
v -0.573552 -8.961711 12.200961
v -0.602759 -8.816508 12.081017
v -0.578501 -8.828177 12.213099
v -0.597007 -8.685037 12.097079
v -0.579182 -8.691784 12.225756
v -0.625655 -8.636215 12.105516
v -0.618041 -8.654154 12.245977
v -0.704782 -8.661820 12.250201
v -0.714763 -8.632428 12.111355
v -0.763829 -8.699773 12.237691
v -0.748808 -8.686274 12.105395
v -0.776435 -8.841993 12.218821
v -0.759578 -8.827813 12.088782
v -0.742373 -8.971316 12.072465
v -0.760423 -8.990742 12.206419
v -0.699099 -9.135999 12.053145
v -0.706876 -9.160664 12.181828
v -0.632231 -9.299352 12.029341
v -0.635304 -9.317529 12.167426
v -0.601557 -9.335615 12.003414
v -0.510720 -9.385794 11.911086
v -0.555504 -9.331529 11.912930
v -0.501192 -9.309869 11.911042
v -0.506725 -9.324408 11.831149
v 1.144191 -9.157336 12.674563
v 1.153991 -9.152354 12.649482
v 1.432698 -9.101869 12.747527
v 0.873850 -9.202145 12.515409
v 0.860337 -9.207635 12.537982
v 0.870445 -9.217586 12.525352
v 1.152153 -9.167755 12.660526
v 1.426063 -9.106386 12.773646
v 1.432238 -9.116939 12.759030
v 1.710909 -9.065305 12.817925
v 1.706747 -9.054643 12.832253
v 1.709845 -9.050695 12.806787
v 1.971314 -9.004562 12.840761
v 1.973377 -9.014093 12.828145
v 1.971166 -9.001527 12.818455
v 2.193916 -8.959427 12.813897
v 2.195732 -8.961446 12.830456
v 2.196342 -8.968706 12.821041
v 2.330140 -8.934014 12.808376
v 2.331338 -8.934750 12.814942
v 2.331328 -8.937683 12.811195
v 2.341776 -8.932261 12.810614
v 1.468795 -8.934242 12.418124
v 1.469476 -8.947299 12.440207
v 1.227508 -9.050411 12.389807
v 1.228413 -9.037400 12.367431
v 0.974281 -9.152746 12.308447
v 0.975864 -9.140418 12.286502
v 0.981270 -9.156609 12.292450
v 1.233617 -9.054450 12.372860
v 1.474075 -8.951637 12.422901
v 1.692124 -8.845864 12.454733
v 1.694074 -8.850543 12.436560
v 1.688132 -8.833263 12.431761
v 1.890236 -8.747513 12.432356
v 1.889505 -8.752345 12.414831
v 1.883288 -8.735922 12.410581
v 2.057328 -8.658176 12.389127
v 2.054872 -8.662544 12.374464
v 2.049289 -8.648607 12.371247
v 2.156274 -8.599347 12.348293
v 2.154716 -8.601338 12.341934
v 2.152210 -8.595188 12.340619
v 2.162348 -8.592684 12.341268
v 1.452888 -9.521495 12.586349
v 1.180846 -9.497961 12.506516
v 1.188936 -9.479286 12.490112
v 0.933727 -9.459771 12.391090
v 0.923951 -9.475361 12.403010
v 0.930354 -9.474790 12.389062
v 1.186938 -9.497465 12.489300
v 1.458531 -9.502811 12.568782
v 1.718998 -9.545454 12.632014
v 1.457170 -9.521255 12.568373
v 1.721996 -9.527335 12.613945
v 1.720948 -9.545537 12.613916
v 1.975114 -9.552233 12.625413
v 1.974370 -9.569857 12.625843
v 1.974958 -9.569432 12.643442
v 2.206052 -9.576567 12.608510
v 2.205724 -9.592341 12.609242
v 2.208413 -9.591668 12.624781
v 2.384788 -9.597751 12.579600
v 2.384856 -9.608354 12.580219
v 2.387872 -9.607758 12.590423
v 2.446394 -9.609173 12.570132
v 1.180302 -9.507456 12.230493
v 1.185063 -9.506048 12.203909
v 1.392073 -9.495034 12.257339
v 0.963387 -9.520955 12.183084
v 0.967291 -9.519685 12.158250
v -1.432592 -9.101877 12.747529
v -1.153885 -9.152363 12.649482
v -1.144084 -9.157345 12.674564
v -0.873744 -9.202150 12.515410
v -0.860230 -9.207641 12.537982
v -0.870337 -9.217591 12.525352
v -1.152045 -9.167764 12.660529
v -1.425955 -9.106395 12.773647
v -1.432131 -9.116947 12.759032
v -1.706639 -9.054661 12.832254
v -1.710801 -9.065320 12.817927
v -1.709739 -9.050711 12.806790
v -1.971206 -9.004579 12.840764
v -1.973271 -9.014110 12.828148
v -1.971058 -9.001543 12.818456
v -2.193811 -8.959444 12.813899
v -2.195626 -8.961462 12.830458
v -2.196235 -8.968722 12.821043
v -2.330034 -8.934031 12.808378
v -2.331233 -8.934768 12.814944
v -2.331221 -8.937702 12.811198
v -2.341669 -8.932280 12.810616
v -1.468691 -8.934250 12.418126
v -1.228306 -9.037410 12.367433
v -1.227403 -9.050422 12.389809
v -0.974174 -9.152752 12.308447
v -0.975758 -9.140425 12.286502
v -0.981164 -9.156612 12.292450
v -1.233510 -9.054459 12.372860
v -1.469371 -8.947307 12.440207
v -1.473969 -8.951646 12.422903
v -1.692019 -8.845878 12.454734
v -1.693969 -8.850554 12.436563
v -1.688028 -8.833278 12.431762
v -1.889400 -8.752358 12.414832
v -1.890132 -8.747524 12.432355
v -1.883183 -8.735933 12.410582
v -2.054769 -8.662560 12.374463
v -2.057223 -8.658192 12.389126
v -2.049185 -8.648622 12.371249
v -2.154614 -8.601354 12.341934
v -2.156169 -8.599360 12.348293
v -2.152107 -8.595203 12.340618
v -2.162244 -8.592698 12.341267
v -1.188826 -9.479294 12.490113
v -1.180737 -9.497971 12.506517
v -1.452780 -9.521502 12.586349
v -0.933617 -9.459777 12.391091
v -0.923841 -9.475367 12.403010
v -0.930244 -9.474795 12.389062
v -1.186828 -9.497474 12.489301
v -1.458423 -9.502819 12.568784
v -1.718890 -9.545466 12.632015
v -1.457062 -9.521262 12.568370
v -1.721885 -9.527350 12.613944
v -1.720837 -9.545550 12.613917
v -1.975004 -9.552247 12.625414
v -1.974261 -9.569872 12.625843
v -1.974848 -9.569447 12.643443
v -2.205942 -9.576583 12.608509
v -2.205616 -9.592356 12.609243
v -2.208303 -9.591682 12.624782
v -2.384680 -9.597767 12.579601
v -2.384747 -9.608370 12.580218
v -2.387763 -9.607773 12.590423
v -2.446285 -9.609189 12.570133
v -1.391963 -9.495039 12.257339
v -1.184954 -9.506056 12.203909
v -1.180192 -9.507463 12.230494
v -0.963279 -9.520961 12.183084
v -0.967180 -9.519691 12.158250
v -0.092274 -7.960326 11.615126
v -0.111223 -7.875493 11.648764
v -0.226214 -7.964622 11.637645
v 0.000051 -7.858969 11.645931
v -0.191317 -8.035976 11.609927
v -0.321797 -8.057630 11.629712
v -0.275989 -8.101777 11.599985
v -0.401662 -8.177997 11.601059
v 0.000051 -7.953834 11.613857
v -0.070941 -8.118899 11.593056
v -0.167330 -8.134398 11.597668
v 0.092379 -7.960326 11.615126
v 0.111327 -7.875493 11.648764
v 0.226317 -7.964620 11.637644
v 0.191422 -8.035976 11.609927
v 0.321902 -8.057630 11.629714
v 0.071047 -8.118899 11.593056
v 0.000052 -8.125381 11.594788
v 0.276094 -8.101777 11.599985
v 0.401768 -8.177997 11.601058
v 0.167435 -8.134398 11.597670
v -0.075975 -8.245431 11.553171
v 0.076081 -8.245431 11.553171
v 0.000052 -8.256271 11.561399
v 0.329759 -8.209191 11.567639
v 0.234072 -8.158119 11.586959
v 0.169796 -8.249976 11.562592
v 0.376239 -8.327721 11.524619
v 0.459442 -8.311761 11.566422
v 0.483409 -8.458858 11.509617
v 0.255896 -8.241055 11.558965
v 0.079841 -8.365736 11.488512
v 0.388253 -8.469602 11.465774
v 0.490529 -8.609981 11.458009
v 0.180759 -8.363410 11.491921
v 0.278669 -8.352130 11.502807
v 0.290015 -8.483582 11.436789
v 0.397505 -8.615273 11.407709
v 0.405612 -8.760085 11.347622
v 0.492177 -8.756600 11.405768
v 0.491500 -8.896094 11.351185
v 0.298962 -8.627452 11.373055
v 0.191117 -8.490496 11.415848
v 0.411204 -8.901095 11.288764
v 0.484726 -9.020624 11.311224
v 0.306894 -8.774915 11.303195
v 0.417548 -9.031357 11.247929
v 0.469361 -9.107634 11.295085
v 0.418440 -9.141575 11.248685
v 0.316150 -8.921158 11.234766
v 0.326730 -9.062651 11.194884
v 0.331986 -9.185897 11.207120
v 0.195553 -8.638965 11.347523
v 0.090375 -8.487653 11.406634
v 0.200552 -8.794386 11.266829
v 0.091564 -8.638855 11.331309
v 0.217683 -9.107920 11.159784
v 0.228491 -9.234127 11.180532
v 0.209423 -8.953582 11.186939
v 0.104226 -9.156042 11.144557
v 0.119487 -9.274319 11.171694
v 0.093330 -8.803642 11.243022
v 0.000056 -8.800098 11.239193
v 0.095249 -9.000525 11.154426
v 0.000055 -8.636459 11.327162
v 0.000057 -9.176732 11.142384
v 0.000057 -9.285552 11.169127
v -0.119374 -9.274319 11.171694
v 0.000057 -9.011949 11.148335
v -0.104114 -9.156042 11.144557
v -0.228378 -9.234130 11.180532
v -0.095138 -9.000525 11.154426
v -0.217571 -9.107923 11.159782
v -0.331873 -9.185900 11.207120
v -0.326618 -9.062651 11.194884
v -0.418326 -9.141579 11.248685
v -0.209312 -8.953582 11.186939
v -0.093220 -8.803642 11.243022
v -0.417437 -9.031360 11.247929
v -0.469249 -9.107636 11.295085
v -0.484615 -9.020627 11.311224
v -0.091455 -8.638855 11.331309
v -0.316040 -8.921161 11.234766
v -0.411093 -8.901098 11.288763
v -0.491390 -8.896094 11.351186
v -0.200442 -8.794386 11.266829
v -0.306784 -8.774915 11.303195
v -0.405502 -8.760088 11.347622
v -0.492068 -8.756600 11.405768
v -0.490420 -8.609983 11.458010
v -0.195445 -8.638965 11.347523
v -0.298851 -8.627452 11.373055
v -0.397396 -8.615273 11.407709
v -0.191009 -8.490496 11.415848
v -0.388145 -8.469602 11.465774
v -0.483301 -8.458861 11.509616
v -0.289907 -8.483584 11.436789
v -0.090268 -8.487653 11.406633
v -0.376133 -8.327721 11.524619
v -0.459335 -8.311761 11.566422
v -0.278562 -8.352133 11.502807
v -0.180652 -8.363410 11.491921
v 0.000055 -8.488272 11.403234
v -0.329653 -8.209191 11.567639
v -0.255790 -8.241058 11.558965
v -0.233966 -8.158122 11.586958
v -0.169690 -8.249976 11.562592
v -0.079733 -8.365736 11.488512
v 0.000054 -8.367605 11.486906
v -0.000006 8.100525 7.892988
v -0.311732 8.090533 7.998567
v -0.323439 8.351768 8.042047
v -0.000008 8.379085 7.936478
v -0.556186 8.124167 8.358569
v -0.320679 8.696662 8.048902
v -0.000009 8.708146 7.944573
v -0.445536 8.096313 8.849265
v -0.000006 8.092622 9.055606
v -0.524525 8.398705 8.393461
v -0.414256 8.398150 8.833592
v -0.000008 8.391182 9.027675
v -0.000009 8.744795 8.988195
v -0.301363 9.113953 8.035180
v -0.000010 9.105011 7.941221
v -0.398884 8.747520 8.809642
v -0.508630 8.732800 8.392145
v -0.382078 9.171997 8.768229
v -0.000010 9.171502 8.934673
v -0.278927 9.595348 8.022294
v -0.000009 9.591857 7.937983
v -0.488944 9.150741 8.367272
v -0.361785 9.649816 8.717223
v -0.000009 9.650702 8.871494
v -0.259223 10.111480 8.014023
v -0.000007 10.102839 7.945836
v -0.462050 9.628570 8.337485
v -0.339299 10.158046 8.663918
v -0.000007 10.160982 8.806310
v -0.243481 10.643244 7.994332
v -0.000003 10.654211 7.924809
v -0.233316 11.183379 7.963492
v -0.000001 11.178748 7.906717
v 0.000003 11.723379 7.880620
v -0.432529 10.137503 8.307269
v -0.322843 10.684260 8.613363
v -0.000003 10.688354 8.747789
v -0.413016 10.664850 8.272546
v -0.304404 11.219928 8.557360
v -0.000001 11.225218 8.679670
v -0.397383 11.201730 8.232075
v -0.285734 11.759117 8.500043
v 0.000003 11.764128 8.608165
v -0.384137 11.742723 8.193030
v -0.273196 12.299801 8.452885
v 0.000009 12.304542 8.546926
v -0.258242 12.838779 8.404367
v 0.000015 12.843522 8.494962
v -0.227988 11.727070 7.930285
v -0.215987 12.270000 7.904837
v 0.000008 12.266913 7.857803
v 0.000014 12.806688 7.836962
v -0.374668 12.284538 8.158034
v -0.208592 12.809812 7.883193
v 0.000020 13.338112 7.811128
v -0.237312 13.369567 8.344973
v 0.000021 13.373651 8.425803
v -0.357659 12.824066 8.124267
v -0.204992 13.341640 7.858181
v 0.000026 13.855788 7.785918
v -0.217674 13.887598 8.287362
v 0.000027 13.891852 8.361504
v -0.334646 13.355757 8.086759
v -0.200454 13.859641 7.833119
v 0.000031 14.352921 7.766575
v -0.206080 14.388721 8.241152
v 0.000033 14.393118 8.306681
v -0.315406 13.873545 8.050550
v -0.193540 14.357800 7.812561
v 0.000036 14.820504 7.745353
v -0.301430 14.372889 8.020929
v -0.186291 14.824895 7.788838
v 0.000040 15.246182 7.728794
v -0.195999 14.868057 8.203540
v 0.000038 14.874592 8.261966
v -0.295211 14.846585 7.993040
v -0.170435 15.259309 7.766543
v -0.291772 15.289101 7.959496
v -0.193023 15.334727 8.160050
v 0.000044 15.339332 8.225316
v -0.262181 -7.432653 10.881720
v 0.005956 -7.441530 10.829724
v -0.240525 -7.746344 10.841555
v 0.005091 -7.738091 10.836485
v 0.008181 -8.033966 10.712256
v -0.566424 -7.515829 10.922851
v -0.223615 -8.048530 10.719049
v 0.016269 -8.349974 10.429980
v -0.510678 -7.800883 10.872179
v -0.818561 -7.563402 11.062656
v -1.065296 -7.663685 11.191407
v -0.743223 -7.859787 10.974117
v -0.232932 -8.365144 10.415630
v 0.019317 -8.644598 10.259071
v -0.498731 -8.099348 10.736749
v -1.475232 -7.566355 11.388788
v -0.535604 -8.346149 10.463282
v -1.688682 -7.316541 11.603578
v -1.761451 -7.286635 11.906390
v -0.718961 -8.135930 10.815079
v -0.948810 -7.934121 11.100488
v -0.762472 -8.381330 10.585983
v -0.532589 -8.627098 10.268727
v -1.263661 -7.807907 11.371512
v -1.549947 -7.693982 11.724907
v -1.695871 -7.457031 11.830218
v -0.246129 -8.637598 10.258421
v -0.232856 -8.976335 10.129772
v 0.019798 -9.021068 10.106934
v -0.502421 -8.944918 10.163335
v -0.217442 -9.259842 10.110725
v 0.019846 -9.265884 10.107087
v -0.469922 -9.208435 10.166651
v -0.202056 -9.452115 10.259157
v 0.018743 -9.465189 10.270372
v 0.013011 -9.567821 10.501336
v -0.456446 -9.395416 10.317849
v -0.225741 -9.553925 10.502069
v -0.159579 -9.595662 10.821979
v 0.003345 -9.604313 10.824711
v -0.156488 -9.574763 11.072665
v 0.000059 -9.578955 11.074723
v -0.152279 -9.522377 11.140228
v 0.000059 -9.533164 11.134487
v 0.000059 -9.458000 11.152037
v -0.148726 -9.449863 11.153931
v 0.000058 -9.322637 11.206895
v -0.292883 -9.491568 11.141383
v -0.315128 -9.542933 11.084396
v -0.356224 -9.550357 10.832426
v -0.410342 -9.500174 10.555845
v -0.145589 -9.303169 11.210776
v 0.000055 -9.034540 11.357031
v -0.266526 -9.370846 11.155049
v -0.415100 -9.428100 11.157995
v -0.473543 -9.474053 11.104802
v -0.179897 -9.046241 11.340877
v 0.000054 -8.738295 11.496870
v -0.294940 -9.236832 11.214599
v -0.355123 -9.300488 11.176739
v -0.207974 -8.725676 11.499416
v 0.000053 -8.521438 11.628422
v -0.559343 -9.254603 11.194126
v -0.557364 -9.430484 10.847450
v -0.443665 -9.203217 11.200506
v -0.368626 -8.975733 11.336763
v -0.228792 -8.495742 11.637942
v 0.000054 -8.460514 11.877504
v -0.509048 -8.978012 11.300680
v -0.415011 -8.707656 11.484676
v -0.620755 -9.310307 11.135916
v -0.661587 -8.986466 11.316257
v -0.385819 -8.466007 11.886812
v -0.432049 -8.551060 11.648007
v -0.581861 -8.647678 11.486650
v -0.735490 -8.720336 11.543056
v -0.632638 -8.528514 11.703002
v -0.766108 -8.954156 11.312148
v -0.227913 -8.513815 12.014090
v 0.000053 -8.514272 12.013823
v -0.583986 -8.496603 11.849900
v -0.803859 -8.588999 11.877241
v -0.529879 -8.552709 11.975417
v -0.219872 -8.687103 12.095261
v 0.000055 -8.699721 12.086424
v -0.767539 -8.642283 11.699393
v -0.209528 -8.979788 12.085858
v 0.000055 -9.000227 12.086158
v -0.513328 -8.725387 12.023036
v -0.837019 -8.738300 11.534472
v -0.892478 -8.604660 11.406157
v -0.876005 -8.658137 11.712746
v -0.139231 -9.376469 11.997174
v 0.000057 -9.382092 12.004125
v -0.803503 -8.666930 11.894084
v -0.814113 -8.941320 11.070404
v -0.126048 -9.594669 11.946729
v 0.000058 -9.588743 11.962478
v -0.716320 -9.217179 10.945582
v -0.110922 -9.703223 11.955231
v -0.321299 -9.678878 11.898582
v 0.000058 -9.701289 11.981048
v 0.000059 -9.777517 12.031190
v -0.333337 -9.552845 11.887455
v -0.122297 -9.799661 12.012695
v -0.402099 -9.324863 11.929131
v -0.117628 -9.884789 12.156282
v 0.000059 -9.867284 12.154245
v 0.000059 -9.901212 12.253981
v -0.117737 -9.912638 12.269149
v 0.000059 -9.893024 12.311320
v -0.375557 -9.884352 12.154543
v -0.489558 -9.501684 11.838052
v -0.483866 -9.038980 11.969447
v -0.647397 -9.363886 11.813118
v -0.798717 -8.859593 11.846956
v -0.126064 -9.915441 12.324227
v 0.000060 -10.036913 12.409278
v -0.134260 -10.043358 12.410389
v 0.000060 -10.134663 12.576578
v -0.234255 -9.918367 12.383005
v -0.134551 -10.133393 12.579814
v 0.000060 -10.190588 12.682783
v -0.575241 -9.586679 11.812146
v -0.925826 -8.671499 11.889646
v -0.383071 -9.899423 12.331448
v -0.263060 -10.032491 12.479775
v -0.946822 -8.594246 11.859110
v -1.041177 -8.486853 11.827714
v -1.025726 -8.647957 12.004261
v -0.918151 -8.897437 11.863086
v -0.354306 -9.908996 12.514571
v -0.761305 -9.159677 11.802470
v -0.752745 -9.439381 11.797967
v -0.868596 -9.193061 11.814939
v -1.056130 -8.957288 12.004079
v -1.008078 -9.275546 11.949661
v -0.857524 -9.563837 11.934927
v -0.618257 -9.713346 11.922709
v -0.345433 -9.798176 11.967490
v -0.627047 -9.807762 12.167405
v -1.113926 -8.633261 12.157837
v -1.116805 -9.003908 12.211279
v -1.047576 -9.361993 12.197473
v -0.870581 -9.642941 12.152312
v -1.114144 -8.426400 11.855753
v -1.007227 -8.359820 11.535512
v -0.589939 -9.838675 12.376048
v -0.793229 -9.719504 12.401336
v -0.956633 -9.438185 12.507988
v -1.059835 -9.062858 12.488759
v -1.110639 -8.752634 12.439835
v -0.443471 -9.879647 12.422750
v -0.727432 -9.757167 12.506972
v -0.580572 -9.848193 12.453266
v -0.792235 -9.639225 12.613153
v -0.488291 -9.879414 12.477162
v -1.253214 -8.525609 12.477247
v -1.028259 -8.792804 12.620439
v -1.307858 -8.420633 12.186522
v -1.273809 -8.263186 11.891411
v -0.720050 -9.710346 12.638853
v -0.666049 -9.798155 12.555095
v -0.765389 -9.602490 12.696373
v -0.859282 -9.387080 12.724311
v -0.679442 -9.736470 12.675091
v -0.572353 -9.864449 12.487136
v -0.524532 -9.951777 12.599764
v -0.918013 -9.041423 12.722025
v -0.694666 -9.602319 12.776845
v -0.588662 -9.935086 12.708606
v -0.445452 -9.941814 12.566514
v -0.376343 -10.005883 12.567885
v -0.468644 -9.998713 12.613050
v -0.282482 -10.095075 12.597040
v -0.474928 -10.034608 12.722868
v -0.599139 -9.807166 12.806205
v -0.142436 -10.183804 12.687256
v 0.000060 -10.135678 12.856073
v -0.290594 -10.142645 12.703124
v -0.156312 -10.122569 12.850210
v 0.000060 -9.930484 13.012365
v -0.487211 -9.939877 12.863975
v -0.293006 -10.065947 12.856599
v -0.144403 -9.925432 13.010584
v 0.000059 -9.626084 13.203209
v -0.329285 -9.850019 13.023828
v -0.497962 -9.760240 12.988330
v -0.173037 -9.629654 13.193617
v -0.179205 -9.352731 13.308047
v 0.000058 -9.307592 13.318471
v -0.350597 -9.593660 13.160773
v -0.594458 -9.661837 12.887562
v -0.168085 -9.134460 13.358085
v 0.000057 -9.161417 13.358432
v 0.000055 -8.933254 13.398876
v -0.364018 -9.341543 13.274162
v -0.503939 -9.531661 13.092196
v -0.600929 -9.463140 12.985115
v -0.153018 -8.912735 13.403824
v 0.000054 -8.737097 13.602888
v -0.512008 -9.285819 13.181743
v -0.351194 -9.104227 13.336946
v -0.729771 -9.407213 12.862648
v -0.617853 -9.220348 13.052843
v -0.746751 -9.147051 12.912169
v -0.497060 -9.044304 13.242536
v -0.594449 -8.981977 13.104789
v -0.707093 -8.912597 12.972251
v -0.328704 -8.886749 13.393551
v -0.475911 -8.813289 13.299846
v -0.864335 -8.808910 12.832343
v -1.094279 -8.600743 12.714654
v -0.587714 -8.786601 13.134935
v -0.792455 -8.705464 12.964839
v -0.694516 -8.722810 13.053743
v -0.807213 -8.615914 13.013885
v -1.025081 -8.545807 12.890486
v -0.474380 -8.689490 13.500739
v -0.529868 -8.674769 13.257577
v -0.619399 -8.670726 13.125095
v -0.699771 -8.663452 13.086289
v -0.336765 -8.727485 13.554119
v -0.166376 -8.739559 13.588887
v 0.000055 -8.611845 13.815598
v -0.200357 -8.611604 13.802548
v 0.000053 -8.415483 14.026991
v -0.386618 -8.617431 13.750751
v -0.244445 -8.411852 13.997757
v -0.283390 -8.217003 14.121047
v 0.000052 -8.122667 14.196715
v -0.477554 -8.478814 13.933264
v -0.523111 -8.611728 13.688785
v -0.380832 -8.155195 14.186919
v -0.573709 -8.527503 13.827091
v -0.616598 -8.532537 13.646625
v -0.550506 -7.999217 14.251552
v -0.668647 -8.400926 14.005942
v -0.835279 -7.872906 14.243322
v -0.697078 -8.442623 13.825977
v -0.857049 -8.303608 14.014309
v -1.099768 -7.636515 14.132167
v -1.075023 -8.142744 13.978159
v -0.885476 -8.327227 13.864029
v -1.270848 -7.420704 14.006875
v -0.752913 -8.391666 13.691684
v -1.259292 -7.961511 13.897663
v -1.428699 -7.387708 13.700354
v -1.415382 -7.864192 13.722281
v -1.239706 -8.084374 13.786725
v -1.078254 -8.212553 13.846840
v -0.897328 -8.301579 13.725753
v -1.030522 -8.224305 13.694623
v -1.527332 -7.457905 13.440406
v -1.509920 -7.726078 13.464879
v -1.390111 -7.949759 13.620699
v -1.669900 -7.289727 13.161916
v -1.630555 -7.543807 13.187237
v -1.801249 -7.310199 12.885701
v -1.860941 -7.280128 12.517675
v -1.747662 -7.654168 12.860148
v -1.551918 -7.763306 13.232802
v -1.833391 -7.302185 12.144582
v -1.805447 -7.591890 12.444984
v -1.753004 -7.534745 12.108158
v -1.626173 -7.808719 12.012726
v -1.683591 -7.921338 12.336707
v -1.640208 -8.024564 12.658860
v -1.373636 -7.931480 11.662016
v -1.576604 -7.897309 13.022765
v -1.454693 -8.055320 11.944554
v -1.064670 -8.037948 11.340108
v -1.177654 -8.146729 11.609595
v -1.506204 -8.193551 12.245070
v -1.463559 -8.301052 12.538544
v -0.929869 -8.282001 11.233861
v -1.340223 -8.365808 12.767471
v -0.873036 -8.197087 10.971923
v -0.889121 -8.545678 11.072974
v -0.877087 -8.466583 10.793721
v -0.869663 -8.847042 10.871060
v -0.877547 -8.758743 10.621585
v -0.790996 -9.140339 10.728988
v -0.788270 -8.661902 10.383357
v -0.627492 -9.359305 10.629059
v -0.816823 -9.052034 10.487343
v -0.729204 -8.963347 10.273216
v -0.666677 -9.270918 10.400580
v -0.640437 -9.160380 10.254114
v -1.239743 -8.372683 12.912670
v -1.173968 -8.367134 12.989618
v -0.981243 -8.511270 12.970304
v -1.383769 -8.187276 12.987915
v -1.315719 -8.210305 13.048678
v -1.504373 -8.132505 12.868526
v -1.453461 -8.013708 13.107566
v -1.377045 -8.070699 13.152225
v -1.261326 -8.226970 13.091317
v -1.132510 -8.358435 13.034861
v -1.456120 -7.886573 13.256648
v -0.933667 -8.494148 13.022416
v -1.370773 -7.976287 13.276958
v -1.477205 -7.847901 13.437127
v -1.342827 -7.946482 13.395560
v -1.315795 -8.107150 13.185368
v -1.202934 -8.240477 13.146281
v -1.314197 -8.033566 13.303508
v -1.288217 -8.003718 13.387206
v -1.233645 -8.037647 13.521607
v -1.265509 -8.132055 13.222938
v -1.102387 -8.345942 13.086734
v -1.148608 -8.131174 13.623903
v -1.279140 -8.058335 13.325842
v -1.163190 -8.239289 13.208464
v -1.223396 -8.135489 13.274420
v -0.897281 -8.467718 13.079735
v -1.063530 -8.348426 13.140062
v -0.786886 -8.545166 13.086572
v -0.708711 -8.621210 13.107115
v -0.626662 -8.610358 13.156446
v -0.570026 -8.575589 13.258838
v -0.555130 -8.599379 13.457389
v -0.668605 -8.462513 13.594111
v -0.607633 -8.508784 13.420417
v -0.591331 -8.562596 13.249734
v -0.632985 -8.576452 13.181548
v -0.709101 -8.570223 13.135221
v -0.669820 -8.436399 13.582641
v -0.621136 -8.488853 13.416654
v -0.615986 -8.536949 13.253469
v -0.774821 -8.509257 13.129977
v -0.636701 -8.540943 13.212314
v -0.758135 -8.372415 13.680797
v -0.894217 -8.296975 13.714035
v -0.777221 -8.373411 13.656471
v -0.683502 -8.432961 13.554380
v -0.636684 -8.473963 13.404689
v -1.028215 -8.222940 13.679829
v -0.898844 -8.303004 13.680176
v -0.785324 -8.367326 13.644737
v -1.145128 -8.135552 13.610520
v -1.020706 -8.234549 13.646134
v -0.631307 -8.524069 13.251686
v -0.688466 -8.423112 13.541139
v -0.646369 -8.462358 13.399451
v -1.225763 -8.050698 13.511018
v -1.259506 -8.035192 13.396521
v -1.208475 -8.083394 13.503652
v -1.231135 -8.070249 13.394029
v -1.130867 -8.164392 13.575438
v -0.646210 -8.293788 13.477550
v -1.250937 -8.078442 13.334392
v -1.194710 -8.108720 13.488105
v -1.162322 -8.055102 13.341949
v -1.169333 -8.082053 13.316442
v -1.142481 -8.137506 13.275568
v -1.080040 -8.033144 13.333449
v -1.087582 -8.202276 13.225917
v -1.078584 -8.019963 13.438107
v -1.124954 -8.175467 13.559283
v -1.016006 -8.052808 13.495009
v -1.017434 -8.237962 13.629970
v -0.936850 -8.043108 13.317368
v -0.997155 -8.254774 13.178028
v -0.870793 -8.090155 13.561677
v -0.899349 -8.303480 13.664981
v -0.823428 -8.084495 13.301589
v -0.871713 -8.441202 13.136501
v -0.706276 -8.201752 13.559938
v -0.785389 -8.139628 13.576296
v -0.844683 -8.313957 13.156596
v -0.751515 -8.143768 13.314404
v -0.686011 -8.230381 13.333819
v -0.736371 -8.358610 13.187560
v -0.760643 -8.476889 13.172787
v -0.613008 -8.329335 13.340655
v -0.621140 -8.372047 13.246970
v -0.629178 -8.411896 13.212604
v -0.688058 -8.450037 13.186952
v -0.700342 -8.536993 13.154581
v -1.663405 -3.896494 0.193493
v -1.378674 -3.900070 0.177188
v -1.121988 -3.976302 0.179032
v -1.448481 -4.205489 0.176189
v -0.990465 -4.259688 0.190409
v -1.073465 -4.779235 0.210149
v -1.854829 -4.135561 0.196911
v -1.190692 -5.200020 0.224823
v -1.579782 -4.648592 0.196130
v -2.060925 -4.492739 0.209461
v -1.394121 -5.491840 0.249176
v -1.713332 -4.992345 0.218970
v -2.200944 -4.833469 0.214744
v -2.241994 -5.166612 0.216494
v -1.583585 -5.708120 0.237604
v -1.822686 -5.298020 0.237197
v -2.243265 -5.444199 0.229891
v -1.732685 -5.824532 0.240484
v -1.909673 -5.545519 0.237257
v -2.189827 -5.633893 0.239892
v -1.969105 -5.731991 0.241154
v -0.883088 4.959914 -0.155009
v -0.737625 5.261583 -0.151621
v -0.681835 5.683873 -0.148285
v -0.693528 6.230067 -0.141185
v -1.148828 4.768329 -0.151451
v -0.962566 5.016525 -0.153011
v -1.539240 4.698778 -0.147111
v -0.866458 5.309842 -0.149834
v -1.185452 4.834412 -0.151677
v -1.137579 5.373949 -0.156307
v -0.813582 5.702446 -0.153084
v -0.821397 6.160132 -0.152461
v -0.907993 6.540936 -0.137095
v -0.994611 5.952672 -0.162382
v -1.402765 6.653476 -0.168831
v -1.457273 6.048352 -0.166098
v -1.905312 6.605074 -0.157095
v -1.513185 5.400011 -0.148419
v -2.062498 6.484941 -0.161654
v -1.981585 6.002142 -0.153954
v -2.175403 5.902892 -0.171742
v -1.531841 4.767255 -0.151107
v -1.928233 5.414598 -0.157573
v -1.989239 4.834530 -0.157591
v -2.342981 5.892767 -0.169773
v -2.042058 4.765229 -0.156438
v -2.196332 5.049122 -0.162760
v -2.239952 5.403137 -0.159716
v -2.363750 5.376372 -0.157170
v -2.288444 4.996735 -0.159028
v 0.311718 8.090534 7.998566
v 0.323423 8.351769 8.042047
v 0.556172 8.124170 8.358567
v 0.320662 8.696664 8.048902
v 0.445522 8.096314 8.849265
v 0.524510 8.398710 8.393461
v 0.414240 8.398152 8.833592
v 0.301344 9.113952 8.035181
v 0.398867 8.747520 8.809642
v 0.508612 8.732804 8.392145
v 0.382059 9.171996 8.768227
v 0.278907 9.595346 8.022293
v 0.488923 9.150742 8.367271
v 0.361767 9.649814 8.717224
v 0.259207 10.111478 8.014023
v 0.462031 9.628568 8.337487
v 0.339284 10.158041 8.663918
v 0.243473 10.643244 7.994332
v 0.233315 11.183376 7.963493
v 0.432514 10.137500 8.307270
v 0.322834 10.684258 8.613365
v 0.413007 10.664845 8.272547
v 0.304403 11.219924 8.557361
v 0.397382 11.201725 8.232075
v 0.285742 11.759111 8.500042
v 0.384145 11.742715 8.193029
v 0.273213 12.299794 8.452885
v 0.258273 12.838775 8.404367
v 0.227994 11.727069 7.930288
v 0.216003 12.270000 7.904837
v 0.374686 12.284531 8.158035
v 0.208620 12.809810 7.883193
v 0.237355 13.369562 8.344973
v 0.357687 12.824060 8.124266
v 0.205032 13.341635 7.858180
v 0.217728 13.887593 8.287362
v 0.334688 13.355754 8.086758
v 0.200507 13.859640 7.833118
v 0.206145 14.388718 8.241151
v 0.315461 13.873541 8.050547
v 0.193603 14.357797 7.812559
v 0.301495 14.372887 8.020927
v 0.186363 14.824892 7.788836
v 0.196075 14.868052 8.203540
v 0.295285 14.846575 7.993036
v 0.170516 15.259303 7.766541
v 0.291855 15.289092 7.959493
v 0.193109 15.334722 8.160048
v 1.663473 -3.896481 0.193491
v 1.378740 -3.900060 0.177186
v 1.122055 -3.976293 0.179029
v 1.448549 -4.205479 0.176187
v 0.990533 -4.259679 0.190408
v 1.073536 -4.779226 0.210147
v 1.854896 -4.135547 0.196909
v 1.190767 -5.200012 0.224820
v 1.579852 -4.648582 0.196127
v 2.060995 -4.492725 0.209458
v 1.394197 -5.491827 0.249173
v 1.713405 -4.992333 0.218967
v 2.201017 -4.833453 0.214742
v 2.242069 -5.166596 0.216491
v 1.583662 -5.708109 0.237602
v 1.822762 -5.298008 0.237194
v 2.243342 -5.444183 0.229888
v 1.732763 -5.824520 0.240481
v 1.909751 -5.545504 0.237254
v 2.189904 -5.633876 0.239888
v 1.969184 -5.731977 0.241151
v 0.883093 4.959920 -0.155008
v 0.737629 5.261588 -0.151620
v 0.681836 5.683876 -0.148284
v 0.693525 6.230071 -0.141184
v 1.148835 4.768337 -0.151450
v 0.962572 5.016530 -0.153010
v 1.539248 4.698789 -0.147110
v 0.866462 5.309847 -0.149833
v 1.185458 4.834420 -0.151676
v 1.137582 5.373956 -0.156306
v 0.813583 5.702452 -0.153082
v 0.821394 6.160136 -0.152460
v 0.907988 6.540940 -0.137094
v 0.994610 5.952678 -0.162381
v 1.402758 6.653484 -0.168830
v 1.457271 6.048361 -0.166097
v 1.905307 6.605084 -0.157095
v 1.513188 5.400022 -0.148418
v 1.981584 6.002155 -0.153953
v 2.062494 6.484955 -0.161654
v 2.175403 5.902908 -0.171741
v 1.531849 4.767266 -0.151106
v 1.928238 5.414611 -0.157572
v 1.989246 4.834543 -0.157590
v 2.342980 5.892784 -0.169772
v 2.042066 4.765243 -0.156438
v 2.196337 5.049136 -0.162759
v 2.239955 5.403152 -0.159715
v 2.363753 5.376388 -0.157169
v 2.288449 4.996751 -0.159027
v -1.183565 -9.520385 12.216805
v -0.965283 -9.533040 12.170096
v -1.394877 -9.508142 12.243850
v -1.395745 -9.493790 12.231112
v -1.586485 -9.484590 12.261613
v -1.588517 -9.497845 12.248123
v -1.588483 -9.483591 12.235334
v -1.759797 -9.476610 12.242517
v -1.758938 -9.476026 12.216281
v -1.760597 -9.489770 12.229241
v -1.911207 -9.471142 12.205366
v -1.907440 -9.470995 12.179967
v -1.910561 -9.483997 12.192528
v -2.026616 -9.468408 12.157966
v -2.022008 -9.468545 12.138618
v -2.025336 -9.478482 12.148211
v -2.063522 -9.467938 12.129601
v 1.183675 -9.520378 12.216802
v 0.965392 -9.533034 12.170095
v 1.394986 -9.508137 12.243853
v 1.395854 -9.493784 12.231112
v 1.586594 -9.484578 12.261618
v 1.588625 -9.497833 12.248125
v 1.588591 -9.483580 12.235336
v 1.759907 -9.476599 12.242519
v 1.759046 -9.476013 12.216282
v 1.760707 -9.489761 12.229242
v 1.911316 -9.471130 12.205364
v 1.907550 -9.470988 12.179967
v 1.910670 -9.483987 12.192528
v 2.026727 -9.468396 12.157969
v 2.022118 -9.468533 12.138619
v 2.025444 -9.478468 12.148210
v 2.063632 -9.467925 12.129602
v 0.000051 -7.854957 11.669921
v 0.108306 -7.884122 11.684424
v 0.000051 -7.912786 11.694293
v -0.108202 -7.884122 11.684424
v 0.230613 -7.966949 11.700900
v -0.230509 -7.966952 11.700900
v 0.089929 -7.930110 11.700181
v -0.089825 -7.930110 11.700181
v 0.345369 -8.054609 11.698849
v 0.202844 -8.029505 11.718940
v 0.436753 -8.179348 11.678635
v 0.061725 -8.033319 11.723259
v 0.310644 -8.122550 11.734335
v 0.503084 -8.319464 11.645575
v 0.409647 -8.204345 11.718074
v 0.534485 -8.471864 11.605194
v 0.472977 -8.340625 11.696251
v 0.353471 -8.234701 11.738091
v 0.542669 -8.624637 11.547792
v 0.533450 -8.770562 11.490980
v 0.527827 -8.912024 11.438139
v 0.504966 -9.040267 11.393155
v 0.506121 -8.489642 11.650559
v 0.516556 -8.628893 11.600754
v 0.504173 -8.778876 11.546274
v 0.493816 -8.919392 11.491695
v 0.461932 -9.042103 11.437076
v 0.459092 -9.137759 11.353210
v 0.411596 -8.365295 11.723742
v 0.449774 -8.509796 11.683696
v 0.442270 -8.646902 11.643316
v 0.439003 -8.779556 11.584893
v 0.394024 -9.197605 11.308855
v 0.332143 -8.520666 11.704227
v 0.311233 -8.379511 11.731892
v 0.329316 -8.655832 11.663646
v 0.402409 -8.909831 11.527927
v 0.426493 -9.124216 11.384975
v 0.317510 -9.254812 11.274613
v 0.212451 -8.529056 11.699192
v 0.322692 -8.785298 11.609476
v 0.366737 -9.021399 11.461903
v 0.369737 -9.180422 11.343615
v 0.226560 -9.315821 11.251269
v 0.206444 -8.657744 11.656552
v 0.303701 -8.908053 11.544322
v 0.330007 -9.103960 11.399262
v 0.303790 -9.229948 11.317734
v 0.117585 -9.353742 11.238571
v 0.205435 -8.783335 11.605848
v 0.283047 -9.018351 11.470649
v 0.305511 -9.153221 11.362576
v 0.215884 -9.289593 11.298993
v 0.259897 -9.110851 11.396615
v 0.251609 -9.174451 11.351101
v 0.202307 -8.905800 11.545979
v 0.190202 -9.018425 11.469435
v 0.178736 -9.122458 11.389050
v 0.094930 -8.902252 11.542489
v 0.175458 -9.202196 11.338726
v 0.094171 -9.021424 11.464437
v 0.090824 -9.134457 11.379812
v 0.088861 -9.233338 11.329188
v 0.088635 -8.782075 11.596800
v 0.113642 -9.337693 11.284676
v 0.000058 -9.359268 11.236072
v 0.000058 -9.340984 11.290745
v 0.000057 -9.235138 11.324365
v 0.000057 -9.117389 11.372312
v 0.000057 -9.007957 11.452250
v -0.117471 -9.353742 11.238571
v -0.113529 -9.337693 11.284676
v -0.088747 -9.233338 11.329188
v -0.090712 -9.134457 11.379812
v -0.226446 -9.315824 11.251269
v -0.215771 -9.289596 11.298994
v -0.317396 -9.254812 11.274613
v -0.094059 -9.021424 11.464437
v -0.175345 -9.202196 11.338726
v -0.303675 -9.229948 11.317734
v -0.393912 -9.197605 11.308854
v -0.178624 -9.122458 11.389050
v -0.251494 -9.174454 11.351101
v -0.369625 -9.180422 11.343615
v -0.305398 -9.153224 11.362576
v -0.259785 -9.110854 11.396615
v -0.190090 -9.018425 11.469435
v -0.329895 -9.103963 11.399262
v -0.426381 -9.124216 11.384975
v -0.458980 -9.137763 11.353210
v -0.282935 -9.018353 11.470648
v -0.094819 -8.902252 11.542489
v -0.504854 -9.040267 11.393153
v -0.461821 -9.042106 11.437076
v -0.366625 -9.021399 11.461903
v -0.527714 -8.912026 11.438140
v -0.202196 -8.905800 11.545979
v -0.303590 -8.908053 11.544322
v -0.402298 -8.909831 11.527927
v -0.493705 -8.919395 11.491693
v -0.533340 -8.770568 11.490979
v -0.205325 -8.783335 11.605848
v -0.322581 -8.785298 11.609475
v -0.438893 -8.779556 11.584893
v -0.504063 -8.778876 11.546274
v -0.542560 -8.624643 11.547792
v -0.534377 -8.471869 11.605195
v -0.516447 -8.628893 11.600754
v -0.442161 -8.646902 11.643316
v -0.329207 -8.655835 11.663646
v -0.206335 -8.657744 11.656552
v -0.502977 -8.319467 11.645576
v -0.088525 -8.782075 11.596800
v -0.436647 -8.179351 11.678635
v 0.000056 -8.891733 11.528290
v 0.000056 -8.784410 11.580082
v -0.076874 -8.660946 11.649672
v 0.076983 -8.660946 11.649672
v 0.000055 -8.664680 11.636030
v 0.082080 -8.547549 11.696520
v -0.081971 -8.547549 11.696520
v 0.000055 -8.539001 11.687806
v 0.079250 -8.387059 11.746232
v -0.212343 -8.529058 11.699192
v -0.079143 -8.387059 11.746232
v 0.204292 -8.379029 11.735327
v 0.283012 -8.239709 11.744636
v 0.194210 -8.199837 11.744418
v 0.258987 -8.143432 11.739175
v 0.179409 -8.101046 11.732018
v 0.073285 -8.201707 11.750978
v 0.000054 -8.384768 11.740904
v 0.000052 -8.200430 11.748774
v -0.073179 -8.201707 11.750978
v 0.000052 -8.032533 11.722335
v -0.061620 -8.033319 11.723259
v -0.202739 -8.029505 11.718940
v -0.179303 -8.101046 11.732018
v -0.194104 -8.199837 11.744418
v -0.345264 -8.054613 11.698849
v -0.258881 -8.143435 11.739175
v -0.310538 -8.122553 11.734335
v -0.204185 -8.379029 11.735325
v -0.282906 -8.239712 11.744636
v -0.409541 -8.204348 11.718075
v -0.311126 -8.379511 11.731892
v -0.353365 -8.234701 11.738090
v -0.472870 -8.340628 11.696251
v -0.332033 -8.520666 11.704227
v -0.411489 -8.365298 11.723742
v -0.506013 -8.489642 11.650559
v -0.449666 -8.509799 11.683697
v 0.283497 -8.217001 14.121051
v 0.244554 -8.411849 13.997760
v 0.200468 -8.611604 13.802548
v 0.166486 -8.739559 13.588887
v 0.386728 -8.617428 13.750753
v 0.477663 -8.478813 13.933264
v 0.380938 -8.155193 14.186921
v 0.153128 -8.912735 13.403822
v 0.550611 -7.999213 14.251554
v 0.668757 -8.400918 14.005941
v 0.835383 -7.872901 14.243322
v 0.573819 -8.527498 13.827093
v 0.336875 -8.727484 13.554119
v 0.857157 -8.303604 14.014309
v 1.099870 -7.636507 14.132166
v 0.523221 -8.611724 13.688786
v 0.697188 -8.442616 13.825976
v 1.075129 -8.142738 13.978155
v 1.270950 -7.420694 14.006874
v 0.616707 -8.532535 13.646626
v 0.474489 -8.689489 13.500739
v 0.885584 -8.327223 13.864026
v 1.259394 -7.961502 13.897663
v 1.428800 -7.387699 13.700353
v 1.415486 -7.864186 13.722278
v 1.239811 -8.084364 13.786721
v 0.753021 -8.391660 13.691683
v 1.078360 -8.212548 13.846839
v 0.897435 -8.301573 13.725749
v 1.030629 -8.224301 13.694625
v 1.527433 -7.457895 13.440400
v 1.510023 -7.726069 13.464876
v 1.390216 -7.949751 13.620697
v 1.669999 -7.289714 13.161916
v 1.630656 -7.543794 13.187235
v 1.801349 -7.310188 12.885700
v 1.861039 -7.280116 12.517676
v 1.747764 -7.654154 12.860146
v 1.552021 -7.763296 13.232801
v 1.148714 -8.131166 13.623903
v 1.477309 -7.847892 13.437123
v 1.833490 -7.302173 12.144580
v 1.805547 -7.591877 12.444983
v 1.761548 -7.286623 11.906389
v 1.753105 -7.534731 12.108157
v 1.688781 -7.316529 11.603578
v 1.695972 -7.457019 11.830220
v 1.475334 -7.566348 11.388788
v 1.550049 -7.693973 11.724905
v 1.626276 -7.808705 12.012725
v 1.683695 -7.921325 12.336706
v 1.065398 -7.663675 11.191407
v 1.263765 -7.807898 11.371512
v 1.373738 -7.931472 11.662017
v 1.640312 -8.024550 12.658858
v 0.819261 -7.563396 11.062659
v 1.454798 -8.055312 11.944554
v 1.576707 -7.897296 13.022764
v 0.571452 -7.515826 10.922853
v 1.456224 -7.886565 13.256648
v 0.270624 -7.432650 10.881720
v 0.249925 -7.746341 10.841555
v 0.517343 -7.800879 10.872180
v 0.239012 -8.048527 10.719049
v 0.745268 -7.859778 10.974116
v 0.264920 -8.365141 10.415630
v 0.511103 -8.099345 10.736749
v 0.948979 -7.934112 11.100490
v 0.725200 -8.135921 10.815080
v 1.064774 -8.037941 11.340108
v 1.177758 -8.146720 11.609596
v 0.929977 -8.281996 11.233861
v 1.007333 -8.359815 11.535514
v 0.892545 -8.604808 11.406014
v 1.273915 -8.263175 11.891412
v 0.874265 -8.197082 10.971923
v 0.889439 -8.545672 11.072975
v 0.881563 -8.466577 10.793721
v 0.775695 -8.381325 10.585983
v 1.506309 -8.193542 12.245072
v 1.463667 -8.301044 12.538542
v 1.307965 -8.420626 12.186522
v 0.560424 -8.346147 10.463282
v 0.563530 -8.627092 10.268727
v 1.114251 -8.426393 11.855755
v 0.283161 -8.637595 10.258420
v 0.271114 -8.976335 10.129772
v 1.041284 -8.486847 11.827714
v 0.535457 -8.944914 10.163337
v 0.255827 -9.259839 10.110725
v 0.503866 -9.208435 10.166651
v 0.238799 -9.452112 10.259157
v 0.487457 -9.395416 10.317851
v 0.250865 -9.553921 10.502071
v 0.166312 -9.595662 10.821978
v 0.156603 -9.574761 11.072663
v 0.152396 -9.522375 11.140228
v 0.148841 -9.449862 11.153932
v 0.292998 -9.491562 11.141379
v 0.315245 -9.542931 11.084394
v 0.362149 -9.550354 10.832419
v 0.145703 -9.303169 11.210774
v 0.266640 -9.370844 11.155048
v 0.415216 -9.428097 11.157990
v 0.180009 -9.046241 11.340877
v 0.295055 -9.236829 11.214598
v 0.208084 -8.725676 11.499416
v 0.430740 -9.500171 10.555844
v 0.473659 -9.474051 11.104796
v 0.355238 -9.300485 11.176737
v 0.368739 -8.975733 11.336765
v 0.228900 -8.495739 11.637939
v 0.559457 -9.254599 11.194121
v 0.443778 -9.203214 11.200506
v 0.562087 -9.430480 10.847446
v 0.415121 -8.707653 11.484675
v 0.509160 -8.978012 11.300680
v 0.620870 -9.310301 11.135914
v 0.661699 -8.986461 11.316254
v 0.432157 -8.551060 11.648006
v 0.581971 -8.647671 11.486649
v 0.735601 -8.720322 11.543056
v 0.766220 -8.954147 11.312146
v 0.385926 -8.466004 11.886813
v 0.632746 -8.528509 11.703005
v 0.228019 -8.513812 12.014090
v 0.584095 -8.496598 11.849904
v 0.803966 -8.588993 11.877241
v 0.529987 -8.552703 11.975420
v 0.219981 -8.687100 12.095261
v 0.767648 -8.642275 11.699393
v 0.209638 -8.979788 12.085858
v 0.513437 -8.725397 12.023025
v 0.837137 -8.738257 11.534474
v 0.876115 -8.658126 11.712748
v 0.814309 -8.941315 11.070401
v 0.717978 -9.217174 10.945583
v 0.872466 -8.847038 10.871069
v 0.946930 -8.594240 11.859112
v 0.797839 -9.140333 10.728989
v 0.886090 -8.758738 10.621588
v 1.025835 -8.647951 12.004260
v 0.925935 -8.671492 11.889645
v 0.640854 -9.359300 10.629058
v 0.830617 -9.052029 10.487344
v 0.806284 -8.661897 10.383359
v 0.688408 -9.270909 10.400579
v 0.751875 -8.963342 10.273216
v 0.667207 -9.160372 10.254115
v 1.114035 -8.633252 12.157837
v 1.253323 -8.525599 12.477247
v 1.340330 -8.365801 12.767468
v 1.504478 -8.132495 12.868526
v 1.453565 -8.013701 13.107565
v 1.383875 -8.187269 12.987915
v 1.370878 -7.976281 13.276958
v 1.377150 -8.070692 13.152224
v 1.342931 -7.946475 13.395559
v 1.233750 -8.037639 13.521606
v 1.288322 -8.003710 13.387206
v 1.314301 -8.033559 13.303507
v 1.239849 -8.372674 12.912669
v 1.315823 -8.210298 13.048675
v 1.094387 -8.600735 12.714653
v 1.145234 -8.135544 13.610521
v 1.225868 -8.050690 13.511018
v 1.028322 -8.222935 13.679828
v 0.894324 -8.296969 13.714035
v 0.758242 -8.372406 13.680796
v 1.259611 -8.035183 13.396520
v 1.208581 -8.083385 13.503651
v 1.279245 -8.058327 13.325842
v 1.231240 -8.070240 13.394028
v 0.898951 -8.302999 13.680176
v 0.777328 -8.373405 13.656470
v 0.669928 -8.436392 13.582640
v 1.020813 -8.234542 13.646134
v 1.130973 -8.164384 13.575437
v 1.194816 -8.108711 13.488104
v 0.668713 -8.462505 13.594114
v 0.555240 -8.599374 13.457388
v 0.607741 -8.508780 13.420417
v 0.683608 -8.432956 13.554379
v 0.785431 -8.367319 13.644734
v 0.899456 -8.303477 13.664982
v 1.017541 -8.237956 13.629969
v 1.125059 -8.175458 13.559282
v 0.621244 -8.488849 13.416656
v 0.570134 -8.575586 13.258836
v 0.591439 -8.562593 13.249731
v 0.529978 -8.674765 13.257577
v 1.078689 -8.019956 13.438107
v 1.016110 -8.052802 13.495008
v 1.162427 -8.055094 13.341949
v 0.870898 -8.090149 13.561674
v 1.080143 -8.033135 13.333449
v 1.251042 -8.078433 13.334392
v 1.169438 -8.082045 13.316442
v 1.223501 -8.135479 13.274419
v 0.936955 -8.043102 13.317367
v 1.142586 -8.137499 13.275565
v 1.265614 -8.132048 13.222935
v 1.087687 -8.202267 13.225914
v 1.163297 -8.239281 13.208460
v 1.315899 -8.107144 13.185367
v 1.203040 -8.240468 13.146277
v 1.261431 -8.226962 13.091314
v 1.174074 -8.367126 12.989617
v 1.132617 -8.358425 13.034859
v 1.102494 -8.345933 13.086731
v 1.063637 -8.348417 13.140058
v 1.025189 -8.545801 12.890485
v 0.981351 -8.511264 12.970304
v 0.807321 -8.615909 13.013881
v 0.933775 -8.494141 13.022414
v 0.897388 -8.467713 13.079730
v 0.997261 -8.254768 13.178022
v 0.792566 -8.705459 12.964839
v 0.786994 -8.545159 13.086568
v 0.871821 -8.441199 13.136499
v 0.823533 -8.084489 13.301588
v 0.774929 -8.509252 13.129972
v 0.844789 -8.313951 13.156591
v 0.785494 -8.139623 13.576296
v 0.751621 -8.143762 13.314404
v 0.706382 -8.201744 13.559938
v 0.686117 -8.230374 13.333820
v 0.736477 -8.358604 13.187557
v 0.646316 -8.293781 13.477550
v 0.760750 -8.476881 13.172784
v 0.688575 -8.423105 13.541137
v 0.636793 -8.473958 13.404689
v 0.646475 -8.462350 13.399451
v 0.613114 -8.329331 13.340655
v 0.621247 -8.372045 13.246967
v 0.616094 -8.536943 13.253466
v 0.631415 -8.524063 13.251683
v 0.629285 -8.411888 13.212601
v 0.688167 -8.450031 13.186946
v 0.636810 -8.540940 13.212310
v 0.700450 -8.536987 13.154578
v 0.709209 -8.570215 13.135216
v 0.633095 -8.576447 13.181544
v 0.708820 -8.621203 13.107112
v 0.626770 -8.610355 13.156439
v 0.699880 -8.663444 13.086287
v 0.619507 -8.670722 13.125093
v 0.694625 -8.722802 13.053743
v 0.587823 -8.786596 13.134935
v 0.707204 -8.912590 12.972250
v 0.476021 -8.813287 13.299846
v 0.864445 -8.808905 12.832342
v 1.028368 -8.792799 12.620436
v 0.594562 -8.981973 13.104789
v 0.328815 -8.886747 13.393551
v 0.918124 -9.041417 12.722025
v 1.110749 -8.752626 12.439837
v 0.497173 -9.044303 13.242535
v 0.351307 -9.104225 13.336946
v 0.746864 -9.147043 12.912169
v 1.059946 -9.062852 12.488759
v 1.116915 -9.003896 12.211289
v 0.617966 -9.220345 13.052842
v 0.859395 -9.387074 12.724310
v 0.168198 -9.134460 13.358085
v 0.512121 -9.285818 13.181746
v 0.729886 -9.407207 12.862648
v 0.364132 -9.341542 13.274162
v 0.179319 -9.352731 13.308047
v 0.601045 -9.463135 12.985116
v 0.504056 -9.531659 13.092196
v 0.350713 -9.593659 13.160772
v 0.173154 -9.629654 13.193619
v 0.694782 -9.602312 12.776845
v 0.594576 -9.661832 12.887562
v 0.144521 -9.925432 13.010584
v 0.498080 -9.760238 12.988330
v 0.329404 -9.850017 13.023828
v 0.156431 -10.122569 12.850209
v 0.599256 -9.807162 12.806205
v 0.293126 -10.065945 12.856598
v 0.487330 -9.939875 12.863974
v 0.142557 -10.183804 12.687257
v 0.290715 -10.142645 12.703124
v 0.475048 -10.034606 12.722867
v 0.588780 -9.935081 12.708604
v 0.679558 -9.736464 12.675092
v 0.134670 -10.133393 12.579813
v 0.282603 -10.095073 12.597040
v 0.468762 -9.998712 12.613049
v 0.524650 -9.951774 12.599764
v 0.134378 -10.043358 12.410389
v 0.263178 -10.032490 12.479775
v 0.376463 -10.005881 12.567885
v 0.126181 -9.915441 12.324227
v 0.445570 -9.941813 12.566514
v 0.234372 -9.918365 12.383003
v 0.117854 -9.912638 12.269149
v 0.354424 -9.908994 12.514571
v 0.488410 -9.879413 12.477161
v 0.383189 -9.899421 12.331449
v 0.117744 -9.884791 12.156282
v 0.375674 -9.884352 12.154540
v 0.122412 -9.799663 12.012696
v 0.443588 -9.879645 12.422749
v 0.111038 -9.703225 11.955233
v 0.321414 -9.678878 11.898582
v 0.126162 -9.594669 11.946726
v 0.139344 -9.376469 11.997174
v 0.333452 -9.552845 11.887455
v 0.402213 -9.324866 11.929131
v 0.345549 -9.798179 11.967490
v 0.618372 -9.713346 11.922709
v 0.489673 -9.501684 11.838053
v 0.483977 -9.038989 11.969429
v 0.575358 -9.586679 11.812147
v 0.647510 -9.363904 11.813110
v 0.627163 -9.807758 12.167405
v 0.857639 -9.563835 11.934927
v 0.752858 -9.439400 11.797966
v 0.761416 -9.159705 11.802444
v 0.798831 -8.859584 11.846819
v 0.590057 -9.838672 12.376046
v 0.803611 -8.666925 11.894087
v 0.918257 -8.897428 11.863187
v 0.868705 -9.193098 11.814907
v 1.056238 -8.957272 12.004113
v 1.008190 -9.275556 11.949648
v 1.047690 -9.361988 12.197471
v 0.870697 -9.642935 12.152312
v 0.956748 -9.438179 12.507987
v 0.793346 -9.719499 12.401336
v 0.765506 -9.602483 12.696372
v 0.792353 -9.639219 12.613152
v 0.727548 -9.757159 12.506969
v 0.720168 -9.710339 12.638852
v 0.666167 -9.798147 12.555095
v 0.580689 -9.848188 12.453266
v 0.572470 -9.864444 12.487135
v -1.109979 -8.027742 13.544942
v -1.052867 -8.025163 13.619327
v -1.044208 -8.118420 13.613894
v -0.978438 -8.023183 13.676398
v -1.099373 -8.120914 13.542045
v -1.145881 -8.030746 13.458313
v -0.972315 -8.116508 13.669028
v -0.891763 -8.021938 13.712280
v -1.134052 -8.123815 13.458376
v -1.158127 -8.033970 13.365357
v -1.018820 -8.205921 13.591525
v -0.888593 -8.115306 13.703685
v -0.798749 -8.021514 13.724519
v -1.068281 -8.208156 13.527111
v -0.954363 -8.204206 13.640956
v -0.978437 -8.281708 13.553749
v -1.145881 -8.126928 13.368582
v -1.099373 -8.210757 13.452084
v -1.018820 -8.283532 13.501149
v -0.925807 -8.340612 13.503129
v -0.925807 -8.280309 13.594105
v -0.879301 -8.203129 13.672032
v -0.798747 -8.114896 13.715505
v -1.134052 -8.130042 13.278794
v -1.145881 -8.037194 13.272395
v -0.708904 -8.115306 13.703685
v -0.705734 -8.021938 13.712280
v -1.099373 -8.132944 13.195121
v -1.109979 -8.040198 13.185773
v -0.625181 -8.116507 13.669028
v -0.619059 -8.023181 13.676398
v -1.044208 -8.135433 13.123278
v -1.052867 -8.042778 13.111390
v -0.978437 -8.044756 13.054315
v -0.972315 -8.137346 13.068135
v -0.891762 -8.046000 13.018436
v -1.018820 -8.221175 13.151643
v -1.068281 -8.218943 13.216067
v -0.888592 -8.138548 13.033483
v -0.798747 -8.046425 13.006198
v -0.954363 -8.222890 13.102207
v -0.553288 -8.118419 13.613896
v -0.544629 -8.025160 13.619327
v -0.487518 -8.027739 13.544942
v -0.498123 -8.120909 13.542044
v -0.451616 -8.030743 13.458316
v -0.578675 -8.205921 13.591525
v -0.463444 -8.123810 13.458375
v -0.439370 -8.033966 13.365357
v -0.978437 -8.294164 13.194580
v -0.643133 -8.204207 13.640956
v -0.529214 -8.208155 13.527111
v -0.718195 -8.203130 13.672033
v -0.619058 -8.281708 13.553749
v -0.798747 -8.202762 13.682626
v -0.671688 -8.280310 13.594105
v -0.732976 -8.279429 13.619480
v -0.864519 -8.279428 13.619480
v -0.798747 -8.279128 13.628134
v -0.798747 -8.338788 13.555729
v -0.888592 -8.339622 13.531671
v -0.845254 -8.339001 13.549607
v -0.822821 -8.377782 13.467183
v -0.845254 -8.378104 13.457888
v -0.798747 -8.393133 13.377813
v -0.798747 -8.377672 13.470347
v -0.774673 -8.377782 13.467183
v -0.752240 -8.339001 13.549607
v -0.708903 -8.339622 13.531671
v -0.752240 -8.378104 13.457888
v -0.671688 -8.340612 13.503129
v -0.864518 -8.378616 13.443117
v -0.732976 -8.378616 13.443117
v -0.879299 -8.379284 13.423870
v -0.718194 -8.379284 13.423870
v -0.888592 -8.380062 13.401444
v -0.643132 -8.341902 13.465939
v -0.954362 -8.341902 13.465939
v -0.972314 -8.343404 13.422626
v -0.578673 -8.283532 13.501149
v -0.625181 -8.343403 13.422626
v -1.044208 -8.285656 13.439893
v -0.978437 -8.345016 13.376144
v -0.498123 -8.210754 13.452084
v -1.109978 -8.213549 13.371585
v -0.708903 -8.380062 13.401444
v -0.553287 -8.285656 13.439893
v -0.451615 -8.126924 13.368581
v -0.619058 -8.345015 13.376144
v -0.487517 -8.213546 13.371585
v -0.463444 -8.130037 13.278793
v -0.451616 -8.037190 13.272395
v -1.099373 -8.216341 13.291077
v -1.018820 -8.292339 13.247182
v -1.044208 -8.290215 13.308436
v -0.544628 -8.287935 13.374165
v -0.498122 -8.216338 13.291077
v -0.553287 -8.290215 13.308436
v -1.052867 -8.287936 13.374165
v -0.954362 -8.348129 13.286357
v -0.972314 -8.346627 13.329668
v -0.891762 -8.380896 13.377389
v -0.888592 -8.381731 13.353324
v -0.925807 -8.349420 13.249162
v -0.879299 -8.382507 13.330913
v -0.864518 -8.383176 13.311661
v -0.845254 -8.383688 13.296881
v -0.822821 -8.384009 13.287601
v -0.798746 -8.384120 13.284427
v -0.925807 -8.295563 13.154222
v -0.845254 -8.351031 13.202683
v -0.888592 -8.350410 13.220627
v -0.879300 -8.223968 13.071138
v -0.864519 -8.296442 13.128860
v -0.798747 -8.138958 13.021661
v -0.798747 -8.351244 13.196560
v -0.798747 -8.224335 13.060542
v -0.708904 -8.138548 13.033483
v -0.705734 -8.046001 13.018436
v -0.798747 -8.296743 13.120197
v -0.718194 -8.223969 13.071138
v -0.732976 -8.296444 13.128860
v -0.752241 -8.351031 13.202683
v -0.625181 -8.137345 13.068134
v -0.619059 -8.044756 13.054315
v -0.643133 -8.222891 13.102207
v -0.671688 -8.295564 13.154222
v -0.553288 -8.135433 13.123277
v -0.544629 -8.042777 13.111390
v -0.487518 -8.040195 13.185773
v -0.578675 -8.221175 13.151643
v -0.498123 -8.132939 13.195120
v -0.529214 -8.218942 13.216067
v -0.619058 -8.294164 13.194580
v -0.578673 -8.292339 13.247182
v -0.671688 -8.349420 13.249162
v -0.643132 -8.348129 13.286357
v -0.708903 -8.350410 13.220627
v -0.752240 -8.383688 13.296881
v -0.625180 -8.346626 13.329668
v -0.705733 -8.380896 13.377389
v -0.708903 -8.381731 13.353324
v -0.732976 -8.383176 13.311661
v -0.774673 -8.384009 13.287601
v -0.718194 -8.382507 13.330913
v 1.044313 -8.118410 13.613895
v 1.052972 -8.025151 13.619328
v 1.110084 -8.027730 13.544944
v 0.978543 -8.023172 13.676400
v 1.099479 -8.120900 13.542045
v 1.145986 -8.030732 13.458314
v 0.972420 -8.116498 13.669029
v 0.891867 -8.021928 13.712282
v 1.134157 -8.123800 13.458376
v 1.158230 -8.033956 13.365359
v 1.018926 -8.205911 13.591526
v 0.888698 -8.115296 13.703686
v 0.798852 -8.021503 13.724521
v 1.068387 -8.208144 13.527113
v 0.954469 -8.204196 13.640957
v 0.978544 -8.281697 13.553751
v 1.145986 -8.126914 13.368583
v 1.099479 -8.210743 13.452085
v 1.018927 -8.283522 13.501151
v 0.925913 -8.340604 13.503131
v 0.925913 -8.280298 13.594106
v 0.879407 -8.203118 13.672033
v 1.134157 -8.130028 13.278794
v 1.145986 -8.037180 13.272397
v 0.798853 -8.114886 13.715506
v 1.099479 -8.132930 13.195122
v 1.110084 -8.040184 13.185775
v 0.709009 -8.115294 13.703686
v 0.705839 -8.021928 13.712282
v 1.044313 -8.135422 13.123279
v 1.052971 -8.042765 13.111391
v 0.978541 -8.044744 13.054317
v 0.972420 -8.137335 13.068134
v 0.891866 -8.045989 13.018436
v 1.018926 -8.221163 13.151644
v 1.068387 -8.218929 13.216069
v 0.888698 -8.138536 13.033482
v 0.798852 -8.046413 13.006198
v 0.954469 -8.222878 13.102207
v 0.625287 -8.116498 13.669029
v 0.619163 -8.023174 13.676400
v 1.099479 -8.216327 13.291078
v 0.978544 -8.294152 13.194582
v 0.553393 -8.118410 13.613898
v 0.544734 -8.025153 13.619328
v 0.487622 -8.027734 13.544944
v 0.498228 -8.120903 13.542045
v 0.451720 -8.030737 13.458317
v 0.578779 -8.205912 13.591526
v 0.463549 -8.123803 13.458376
v 0.439474 -8.033960 13.365359
v 1.018927 -8.292328 13.247183
v 0.643239 -8.204197 13.640957
v 0.529320 -8.208145 13.527113
v 0.718300 -8.203118 13.672035
v 0.619164 -8.281699 13.553751
v 0.798853 -8.202751 13.682628
v 0.671795 -8.280298 13.594106
v 0.864625 -8.279418 13.619482
v 0.733083 -8.279418 13.619482
v 0.888699 -8.339614 13.531672
v 0.798853 -8.279118 13.628136
v 0.798853 -8.338779 13.555731
v 0.845361 -8.338992 13.549608
v 0.822928 -8.377770 13.467183
v 0.845361 -8.378093 13.457888
v 0.798853 -8.393123 13.377814
v 0.798853 -8.377661 13.470347
v 0.774780 -8.377770 13.467183
v 0.752347 -8.338990 13.549608
v 0.709010 -8.339612 13.531672
v 0.752347 -8.378093 13.457888
v 0.671795 -8.340602 13.503131
v 0.864625 -8.378605 13.443118
v 0.733083 -8.378605 13.443118
v 0.879406 -8.379272 13.423870
v 0.718301 -8.379272 13.423870
v 0.888699 -8.380051 13.401444
v 0.643239 -8.341891 13.465940
v 0.954469 -8.341891 13.465940
v 0.972421 -8.343393 13.422626
v 0.578780 -8.283524 13.501151
v 0.625287 -8.343393 13.422626
v 1.044314 -8.285645 13.439895
v 0.978544 -8.345005 13.376146
v 0.498228 -8.210747 13.452085
v 1.110085 -8.213534 13.371587
v 1.052973 -8.287924 13.374166
v 1.044314 -8.290203 13.308438
v 0.891868 -8.380884 13.377390
v 0.972421 -8.346617 13.329670
v 0.954469 -8.348119 13.286358
v 0.888699 -8.381719 13.353324
v 0.925913 -8.349409 13.249163
v 0.879406 -8.382496 13.330914
v 0.864625 -8.383163 13.311662
v 0.845361 -8.383677 13.296881
v 0.925913 -8.295551 13.154223
v 0.822928 -8.383998 13.287601
v 0.798853 -8.384109 13.284428
v 0.774780 -8.383998 13.287601
v 0.888698 -8.350399 13.220629
v 0.845361 -8.351021 13.202685
v 0.879405 -8.223955 13.071138
v 0.864625 -8.296431 13.128862
v 0.798853 -8.351233 13.196562
v 0.752347 -8.351020 13.202684
v 0.798853 -8.138947 13.021660
v 0.798853 -8.224322 13.060544
v 0.798853 -8.296732 13.120198
v 0.733083 -8.296431 13.128862
v 0.752347 -8.383677 13.296881
v 0.709009 -8.138535 13.033482
v 0.705839 -8.045989 13.018436
v 0.718300 -8.223955 13.071138
v 0.709010 -8.350397 13.220628
v 0.625287 -8.137335 13.068134
v 0.619163 -8.044745 13.054317
v 0.643239 -8.222879 13.102207
v 0.671795 -8.295551 13.154223
v 0.671795 -8.349408 13.249162
v 0.553393 -8.135422 13.123279
v 0.544734 -8.042767 13.111391
v 0.487622 -8.040189 13.185775
v 0.578779 -8.221165 13.151644
v 0.619164 -8.294153 13.194582
v 0.498228 -8.132933 13.195122
v 0.451720 -8.037185 13.272397
v 0.529320 -8.218931 13.216069
v 0.463548 -8.130031 13.278794
v 0.578780 -8.292329 13.247183
v 0.451721 -8.126917 13.368583
v 0.498228 -8.216331 13.291078
v 0.487623 -8.213538 13.371587
v 0.553394 -8.290204 13.308438
v 0.643239 -8.348119 13.286358
v 0.553394 -8.285645 13.439895
v 0.544735 -8.287925 13.374166
v 0.619164 -8.345005 13.376146
v 0.733083 -8.383163 13.311662
v 0.709010 -8.380051 13.401444
v 0.625287 -8.346616 13.329669
v 0.705840 -8.380884 13.377390
v 0.709010 -8.381719 13.353324
v 0.718301 -8.382496 13.330914
v -1.044209 -7.932506 13.607447
v -1.099374 -7.934999 13.535597
v -0.972315 -7.930593 13.662581
v -1.134052 -7.937900 13.451928
v -1.018822 -7.846761 13.579070
v -0.888593 -7.929392 13.697238
v -1.068282 -7.848997 13.514656
v -0.954364 -7.845047 13.628501
v -0.978439 -7.773775 13.536135
v -1.145881 -7.941014 13.362134
v -1.099374 -7.851599 13.439629
v -1.018822 -7.775599 13.483535
v -0.925809 -7.718521 13.481556
v -0.925808 -7.772376 13.576490
v -0.879302 -7.843969 13.659577
v -1.134052 -7.944128 13.272346
v -0.798749 -7.928982 13.709057
v -1.099374 -7.947029 13.188673
v -0.708904 -7.929393 13.697238
v -1.044209 -7.949521 13.116830
v -0.972315 -7.951433 13.061687
v -1.018822 -7.862018 13.139188
v -1.068282 -7.859784 13.203612
v -0.888593 -7.952635 13.027035
v -0.954364 -7.863732 13.089752
v -0.625182 -7.930593 13.662581
v -1.099374 -7.857183 13.278622
v -0.978437 -7.786231 13.176966
v -0.553289 -7.932506 13.607447
v -0.498123 -7.934996 13.535597
v -0.578676 -7.846761 13.579070
v -0.463445 -7.937897 13.451928
v -1.018822 -7.784407 13.229568
v -0.643134 -7.845049 13.628501
v -0.529216 -7.848995 13.514656
v -0.619060 -7.773773 13.536135
v -0.718196 -7.843971 13.659577
v -0.671690 -7.772376 13.576490
v -0.671690 -7.718521 13.481556
v -0.578676 -7.775598 13.483535
v -0.498124 -7.851596 13.439629
v -0.798750 -7.843602 13.670171
v -0.732978 -7.771496 13.601863
v -0.864520 -7.771496 13.601863
v -0.708905 -7.717531 13.510098
v -0.451616 -7.941011 13.362134
v -0.798750 -7.771195 13.610519
v -0.798750 -7.716697 13.534156
v -0.888594 -7.717531 13.510098
v -0.752243 -7.716909 13.528034
v -0.774676 -7.683928 13.443121
v -0.463445 -7.944125 13.272346
v -0.845256 -7.716909 13.528034
v -0.822824 -7.683927 13.443121
v -0.845256 -7.684249 13.433825
v -0.798750 -7.674809 13.352902
v -0.798750 -7.683817 13.446285
v -0.752243 -7.684250 13.433825
v -0.498123 -7.947026 13.188673
v -0.864521 -7.684762 13.419055
v -0.732978 -7.684762 13.419055
v -0.879301 -7.685429 13.399808
v -0.718198 -7.685430 13.399808
v -0.888594 -7.686206 13.377382
v -0.954364 -7.719810 13.444366
v -0.972316 -7.721313 13.401052
v -1.044209 -7.777724 13.422278
v -0.978439 -7.722925 13.354571
v -1.109980 -7.854391 13.359130
v -1.052868 -7.780004 13.356550
v -1.044209 -7.782282 13.290822
v -0.891764 -7.687041 13.353327
v -0.972316 -7.724536 13.308095
v -0.954364 -7.726038 13.264784
v -0.888594 -7.687875 13.329262
v -0.925809 -7.727328 13.227589
v -0.879301 -7.688653 13.306850
v -0.864521 -7.689320 13.287599
v -0.845256 -7.689833 13.272819
v -0.925808 -7.787632 13.136608
v -0.822823 -7.690155 13.263539
v -0.798750 -7.690265 13.260365
v -0.774675 -7.690156 13.263539
v -0.888594 -7.728318 13.199054
v -0.845256 -7.728940 13.181110
v -0.879301 -7.864810 13.058683
v -0.864520 -7.788511 13.111246
v -0.798749 -7.729152 13.174987
v -0.752243 -7.728940 13.181110
v -0.798748 -7.953044 13.015213
v -0.798748 -7.865177 13.048087
v -0.798748 -7.788811 13.102583
v -0.732978 -7.788511 13.111246
v -0.752243 -7.689834 13.272819
v -0.708904 -7.952635 13.027035
v -0.718196 -7.864810 13.058683
v -0.708905 -7.728318 13.199054
v -0.625182 -7.951432 13.061687
v -0.671690 -7.787632 13.136608
v -0.643134 -7.863732 13.089752
v -0.671690 -7.727328 13.227589
v -0.553289 -7.949520 13.116830
v -0.578676 -7.862016 13.139188
v -0.619060 -7.786229 13.176966
v -0.529216 -7.859782 13.203612
v -0.578676 -7.784405 13.229568
v -0.498124 -7.857180 13.278622
v -0.487518 -7.854388 13.359130
v -0.553289 -7.782280 13.290822
v -0.643134 -7.726038 13.264784
v -0.553289 -7.777722 13.422278
v -0.732978 -7.689321 13.287599
v -0.544630 -7.780001 13.356550
v -0.619060 -7.722924 13.354571
v -0.625183 -7.721312 13.401052
v -0.718198 -7.688653 13.306850
v -0.625183 -7.724535 13.308095
v -0.708905 -7.687876 13.329262
v -0.705735 -7.687042 13.353327
v -0.708905 -7.686207 13.377382
v -0.643134 -7.719810 13.444366
v 1.044313 -7.932497 13.607449
v 1.099478 -7.934987 13.535598
v 0.972419 -7.930585 13.662582
v 1.018925 -7.846753 13.579071
v 1.134157 -7.937887 13.451928
v 0.888697 -7.929383 13.697239
v 1.068386 -7.848987 13.514658
v 0.954467 -7.845038 13.628502
v 0.978542 -7.773767 13.536137
v 1.145985 -7.941001 13.362136
v 1.099478 -7.851585 13.439630
v 1.018925 -7.775591 13.483537
v 0.925911 -7.718513 13.481557
v 0.925911 -7.772367 13.576491
v 0.879405 -7.843961 13.659578
v 0.798852 -7.928973 13.709059
v 1.134157 -7.944115 13.272347
v 0.709008 -7.929381 13.697239
v 1.099478 -7.947017 13.188674
v 0.625286 -7.930585 13.662582
v 1.044313 -7.949509 13.116832
v 0.972419 -7.951421 13.061687
v 1.018925 -7.862006 13.139189
v 1.068386 -7.859772 13.203614
v 0.888697 -7.952623 13.027035
v 0.954467 -7.863721 13.089752
v 0.553393 -7.932497 13.607449
v 0.498227 -7.934989 13.535598
v 0.578778 -7.846753 13.579071
v 0.463549 -7.937890 13.451929
v 0.978540 -7.786220 13.176968
v 0.643237 -7.845038 13.628502
v 0.529319 -7.848987 13.514658
v 0.718299 -7.843960 13.659578
v 0.619162 -7.773767 13.536137
v 0.798851 -7.843594 13.670173
v 0.671793 -7.772365 13.576491
v 0.733081 -7.771485 13.601865
v 0.864623 -7.771487 13.601865
v 0.798851 -7.771187 13.610521
v 0.798851 -7.716688 13.534157
v 0.888696 -7.717523 13.510098
v 0.845359 -7.716900 13.528034
v 0.822926 -7.683916 13.443121
v 0.845358 -7.684238 13.433825
v 0.798851 -7.674798 13.352904
v 0.798851 -7.683806 13.446285
v 0.774778 -7.683914 13.443121
v 0.752345 -7.716899 13.528034
v 0.709007 -7.717522 13.510098
v 0.752345 -7.684237 13.433825
v 0.671793 -7.718512 13.481557
v 0.864623 -7.684751 13.419056
v 0.733081 -7.684749 13.419056
v 0.879403 -7.685418 13.399808
v 0.718298 -7.685416 13.399808
v 0.888696 -7.686196 13.377382
v 0.643237 -7.719801 13.444366
v 0.954467 -7.719801 13.444366
v 0.972419 -7.721303 13.401052
v 0.578778 -7.775591 13.483537
v 0.625285 -7.721303 13.401052
v 1.044312 -7.777713 13.422280
v 0.978540 -7.722915 13.354572
v 0.498227 -7.851588 13.439630
v 1.110083 -7.854377 13.359132
v 0.709007 -7.686194 13.377382
v 0.553392 -7.777713 13.422280
v 0.451720 -7.941004 13.362136
v 0.619162 -7.722915 13.354572
v 0.487622 -7.854380 13.359132
v 0.463547 -7.944118 13.272347
v 1.099478 -7.857169 13.278623
v 1.018925 -7.784396 13.229568
v 1.044312 -7.782272 13.290824
v 0.544733 -7.779993 13.356552
v 0.498227 -7.857172 13.278623
v 0.553392 -7.782272 13.290824
v 1.052971 -7.779993 13.356552
v 0.925911 -7.727319 13.227589
v 0.954467 -7.726029 13.264784
v 0.972419 -7.724527 13.308096
v 0.891866 -7.687030 13.353328
v 0.888696 -7.687865 13.329262
v 0.879403 -7.688642 13.306851
v 0.864623 -7.689310 13.287600
v 0.845358 -7.689822 13.272819
v 0.822926 -7.690144 13.263539
v 0.798851 -7.690254 13.260365
v 0.925911 -7.787620 13.136609
v 0.845358 -7.728930 13.181111
v 0.888696 -7.728308 13.199055
v 0.879404 -7.864798 13.058683
v 0.864622 -7.788499 13.111248
v 0.798852 -7.953033 13.015213
v 0.798851 -7.729143 13.174988
v 0.798851 -7.865166 13.048089
v 0.709008 -7.952622 13.027035
v 0.798851 -7.788800 13.102584
v 0.718299 -7.864796 13.058683
v 0.733081 -7.788498 13.111248
v 0.752345 -7.728929 13.181111
v 0.625286 -7.951421 13.061687
v 0.643237 -7.863721 13.089752
v 0.671793 -7.787619 13.136609
v 0.553392 -7.949509 13.116832
v 0.578778 -7.862006 13.139189
v 0.498227 -7.947020 13.188675
v 0.529319 -7.859772 13.203614
v 0.619162 -7.786220 13.176968
v 0.578778 -7.784396 13.229568
v 0.671793 -7.727317 13.227589
v 0.643237 -7.726029 13.264784
v 0.709007 -7.728306 13.199055
v 0.752345 -7.689820 13.272819
v 0.625285 -7.724527 13.308096
v 0.705837 -7.687028 13.353328
v 0.709007 -7.687863 13.329262
v 0.733081 -7.689308 13.287600
v 0.774778 -7.690142 13.263539
v 0.718298 -7.688640 13.306851
vn 0.0062 -0.1016 -0.9948
vn 0.5331 0.0066 -0.8460
vn -0.0267 0.2596 -0.9653
vn 0.5581 0.1471 -0.8166
vn 0.3567 -0.0671 -0.9318
vn -0.0180 -0.0276 -0.9995
vn 0.6828 0.0829 -0.7259
vn -0.1981 -0.2851 -0.9378
vn 0.3737 -0.0769 -0.9244
vn 0.0021 -0.2463 -0.9692
vn 0.2839 -0.2219 -0.9328
vn -0.0047 -0.3241 -0.9460
vn 0.6735 0.0030 -0.7392
vn -0.0253 -0.6204 -0.7839
vn 0.5316 -0.1012 -0.8409
vn 0.6615 -0.0986 -0.7434
vn 0.2832 -0.7461 -0.6026
vn 0.5599 -0.1577 -0.8134
vn 0.6204 -0.1461 -0.7706
vn 0.2761 -0.2969 -0.9141
vn -0.0133 -0.4741 -0.8804
vn 0.7650 -0.0987 -0.6364
vn 0.5423 -0.2376 -0.8059
vn 0.3469 -0.3773 -0.8587
vn 0.0114 -0.6536 -0.7568
vn 0.8635 0.0040 -0.5044
vn 0.5725 -0.6783 -0.4606
vn 0.7371 -0.1779 -0.6520
vn 0.4435 -0.5574 -0.7018
vn 0.0380 -0.7749 -0.6310
vn 0.6097 -0.4285 -0.6668
vn 0.8636 0.1127 -0.4914
vn 0.6971 -0.6043 -0.3858
vn 0.7614 -0.2899 -0.5798
vn 0.4973 -0.6743 -0.5459
vn 0.0340 -0.8208 -0.5702
vn 0.6081 -0.5744 -0.5480
vn 0.8524 0.1739 -0.4931
vn 0.8537 -0.4031 -0.3299
vn 0.7933 -0.2238 -0.5663
vn 0.5691 -0.5893 -0.5734
vn 0.5019 -0.6993 -0.5090
vn 0.4278 -0.7605 -0.4885
vn 0.2939 -0.8966 -0.3313
vn -0.0249 -0.9165 -0.3993
vn 0.8499 -0.1326 -0.5099
vn 0.1525 -0.9846 -0.0857
vn 0.0095 -0.9957 -0.0925
vn 0.0108 -0.9892 0.1462
vn 0.1153 -0.9843 0.1336
vn -0.0076 -0.9786 0.2056
vn 0.3206 -0.9391 -0.1233
vn 0.4658 -0.7741 -0.4286
vn 0.4237 -0.7280 -0.5390
vn 0.0911 -0.9727 0.2136
vn -0.0010 -0.9922 0.1245
vn 0.1318 -0.9875 0.0863
vn 0.6520 -0.5593 -0.5120
vn 0.4883 -0.7387 -0.4646
vn 0.4066 -0.8768 -0.2568
vn 0.0923 -0.9883 0.1213
vn 0.0023 -0.9738 -0.2273
vn 0.1966 -0.8998 -0.3895
vn 0.5442 -0.7656 -0.3432
vn 0.0854 -0.9723 0.2173
vn 0.2168 -0.9705 0.1058
vn 0.4668 -0.7193 -0.5145
vn 0.3514 -0.9256 -0.1408
vn -0.1451 -0.9705 0.1927
vn 0.1358 -0.9894 -0.0514
vn 0.4352 -0.5872 -0.6826
vn 0.1601 -0.4413 -0.8829
vn -0.1027 -0.8511 -0.5149
vn -0.1045 -0.9935 -0.0460
vn -0.1076 -0.9762 0.1881
vn 0.2982 -0.9544 0.0160
vn 0.5712 -0.7897 -0.2239
vn 0.1514 -0.9809 0.1222
vn 0.7054 -0.5795 -0.4081
vn 0.5701 -0.8143 -0.1088
vn 0.8824 -0.1388 -0.4496
vn 0.7319 -0.6224 -0.2775
vn 0.8902 -0.0604 -0.4515
vn 0.9102 -0.2217 -0.3498
vn 0.9115 -0.0790 -0.4036
vn 0.8342 0.2365 -0.4982
vn 0.9241 -0.3162 -0.2148
vn 0.7528 -0.6407 -0.1510
vn 0.5274 -0.8493 -0.0248
vn 0.8218 0.3471 -0.4518
vn 0.7645 0.4873 -0.4221
vn 0.9658 -0.2211 -0.1355
vn 0.9751 -0.0594 -0.2137
vn 0.7273 0.5511 -0.4090
vn 0.9565 0.1140 -0.2684
vn 0.9082 0.2873 -0.3044
vn 0.7994 0.4504 -0.3976
vn 0.9327 0.2667 -0.2427
vn 0.8239 0.3650 -0.4335
vn 0.8878 0.3794 -0.2606
vn 0.9549 -0.1232 -0.2702
vn 0.9611 0.2529 -0.1113
vn 0.9735 0.2233 -0.0489
vn 0.9740 0.1184 0.1931
vn 0.9793 -0.1992 -0.0371
vn 0.9273 -0.3704 -0.0547
vn 0.7629 -0.6446 -0.0502
vn 0.7977 0.4441 -0.4080
vn 0.8099 0.4543 -0.3709
vn 0.9323 0.3059 -0.1928
vn 0.9122 0.4066 -0.0514
vn 0.9883 0.1024 -0.1132
vn 0.9867 0.0648 0.1488
vn 0.9252 -0.1355 0.3544
vn 0.9542 0.2848 -0.0914
vn 0.9932 -0.0425 0.1086
vn 0.4473 -0.8910 0.0780
vn 0.1026 -0.9855 0.1353
vn 0.1131 -0.9779 0.1757
vn 0.7911 -0.6112 -0.0252
vn 0.3516 -0.9258 0.1388
vn 0.7334 -0.6795 -0.0214
vn 0.7660 -0.6344 0.1039
vn 0.9145 -0.3814 0.1349
vn 0.7189 -0.6471 0.2540
vn 0.6556 -0.7033 0.2749
vn 0.9548 -0.2504 0.1599
vn 0.8779 -0.3923 0.2746
vn 0.5894 -0.7874 0.1809
vn 0.6340 -0.7732 -0.0139
vn 0.8895 -0.3969 0.2263
vn 0.9182 -0.2888 0.2710
vn 0.8629 -0.4231 0.2765
vn 0.8423 -0.5051 0.1880
vn 0.8975 0.1407 0.4180
vn 0.8960 -0.3644 0.2536
vn 0.7839 -0.6153 0.0826
vn 0.8276 -0.4802 0.2906
vn 0.8788 -0.4465 0.1684
vn 0.8432 0.3780 0.3822
vn 0.6769 -0.7361 0.0020
vn 0.7652 -0.5841 0.2707
vn 0.8578 -0.5048 0.0963
vn 0.5444 -0.8349 -0.0803
vn 0.7058 -0.7010 0.1028
vn 0.5495 0.5785 0.6028
vn 0.8667 0.3286 0.3753
vn 0.8432 -0.5326 0.0732
vn 0.3794 0.8502 0.3651
vn 0.8754 0.2758 0.3970
vn 0.3910 0.8343 0.3887
vn 0.8525 0.3820 0.3567
vn 0.9194 0.1585 0.3601
vn 0.9472 -0.1888 0.2591
vn 0.9517 0.2777 0.1310
vn 0.8859 0.3934 -0.2458
vn 0.9356 0.3530 0.0118
vn 0.8364 0.0773 0.5426
vn 0.8958 0.1336 0.4239
vn 0.8619 0.2217 0.4560
vn 0.5860 0.1791 0.7903
vn 0.8852 -0.0228 0.4647
vn 0.7558 -0.6207 0.2085
vn 0.8056 -0.5179 -0.2876
vn 0.9709 -0.1739 -0.1647
vn 0.7784 -0.6268 0.0338
vn 0.8800 0.0109 0.4749
vn 0.6605 -0.7508 -0.0024
vn 0.5656 -0.8204 -0.0844
vn 0.7261 -0.6224 0.2923
vn 0.6474 -0.6123 0.4538
vn 0.7930 -0.3462 0.5012
vn 0.9625 -0.1557 0.2222
vn 0.9038 0.4222 0.0694
vn 0.8200 0.4766 0.3169
vn 0.5807 -0.8141 -0.0122
vn 0.4480 -0.8328 0.3251
vn 0.4360 -0.6830 0.5861
vn 0.4619 -0.7917 0.3998
vn 0.5962 -0.6500 0.4712
vn 0.3424 -0.8547 0.3901
vn 0.1983 -0.7500 0.6310
vn 0.6830 -0.2234 0.6955
vn 0.3065 -0.7125 0.6312
vn 0.4296 -0.5181 0.7396
vn -0.0000 -0.9075 0.4201
vn -0.0000 -0.7731 0.6343
vn 0.2501 -0.7265 0.6401
vn -0.0000 -0.7522 0.6589
vn -0.0000 -0.5263 0.8503
vn 0.1336 -0.5597 0.8179
vn -0.0000 -0.2748 0.9615
vn 0.2521 -0.6300 0.7345
vn 0.0195 -0.3078 0.9513
vn -0.0000 -0.0524 0.9986
vn 0.2081 -0.4259 0.8805
vn -0.0431 -0.0514 0.9978
vn 0.0001 0.1298 0.9915
vn 0.4942 -0.3416 0.7994
vn 0.1806 -0.1672 0.9692
vn 0.7387 -0.2144 0.6390
vn 0.0006 0.1534 0.9882
vn 0.9177 -0.0751 0.3901
vn 0.9204 -0.3178 0.2278
vn 0.5932 -0.4755 0.6496
vn 0.6102 -0.3062 0.7307
vn 0.7113 0.3094 0.6312
vn 0.5315 0.0113 0.8470
vn 0.1404 0.1727 0.9749
vn 0.5907 0.1996 0.7818
vn 0.1195 0.2936 0.9484
vn -0.0022 0.2735 0.9619
vn 0.0027 0.5112 0.8595
vn 0.2328 0.3705 0.8992
vn 0.8262 0.2344 0.5122
vn 0.6719 0.2630 0.6924
vn 0.2452 0.4682 0.8489
vn 0.0119 0.7659 0.6428
vn 0.3600 0.4650 0.8088
vn 0.4994 0.5734 0.6495
vn 0.8528 0.2944 0.4314
vn 0.4285 0.5856 0.6881
vn 0.2528 0.6828 0.6855
vn 0.1376 0.8118 0.5675
vn -0.0082 0.8406 0.5417
vn 0.8919 0.2554 0.3731
vn 0.5709 0.6199 0.5384
vn 0.0373 0.8169 0.5755
vn 0.0067 0.8122 0.5833
vn 0.4026 0.7101 0.5776
vn 0.3372 0.7755 0.5338
vn 0.5985 0.6270 0.4986
vn 0.8809 0.2824 0.3798
vn 0.0869 0.7604 0.6436
vn -0.0030 0.7034 0.7108
vn 0.2758 0.8114 0.5153
vn 0.3891 0.7613 0.5186
vn 0.2170 0.6256 0.7494
vn -0.0475 0.5878 0.8076
vn 0.3097 0.7291 0.6103
vn 0.2469 0.5550 0.7944
vn -0.1203 0.6697 0.7328
vn 0.2924 0.7142 0.6360
vn 0.2386 0.5364 0.8095
vn 0.5567 0.6248 0.5475
vn 0.2789 0.6568 0.7006
vn -0.0754 0.7654 0.6391
vn 0.6427 0.6733 0.3655
vn 0.0205 0.8001 0.5996
vn 0.3678 0.6611 0.6539
vn 0.3135 0.6618 0.6810
vn 0.3931 0.5563 0.7321
vn 0.6376 0.7601 0.1251
vn 0.2361 0.7626 0.6022
vn 0.4615 0.5263 0.7142
vn 0.0212 0.4847 0.8744
vn 0.5512 0.5758 0.6038
vn 0.5707 0.6979 0.4326
vn 0.5809 0.7921 0.1873
vn 0.5088 0.8521 0.1230
vn 0.7130 0.6527 0.2564
vn 0.5579 0.8248 -0.0915
vn 0.5011 0.6583 0.5617
vn 0.7202 0.6632 0.2038
vn 0.7541 0.6349 -0.1681
vn 0.8334 0.4748 -0.2829
vn 0.7673 0.5864 0.2596
vn 0.6550 0.6068 0.4503
vn 0.8991 0.4377 0.0050
vn 0.9058 0.3407 0.2519
vn 0.9807 0.1608 0.1113
vn 0.9654 -0.0786 0.2488
vn 0.9664 -0.1384 0.2164
vn -0.0000 -0.2063 -0.9785
vn -0.0000 -0.4288 -0.9034
vn 0.5037 -0.2733 -0.8195
vn 0.4828 -0.3957 -0.7812
vn -0.0000 -0.4652 -0.8852
vn 0.6556 -0.3548 -0.6665
vn 0.9792 -0.1740 -0.1045
vn 0.5428 -0.4090 -0.7335
vn -0.0000 -0.4695 -0.8829
vn 0.9089 -0.3484 -0.2293
vn 0.6831 -0.0844 0.7254
vn 0.6321 -0.3663 -0.6829
vn 0.6516 -0.3594 -0.6681
vn 0.5359 -0.4180 -0.7336
vn -0.0000 -0.4953 -0.8687
vn 0.6775 -0.2491 -0.6921
vn -0.0000 -0.5894 -0.8078
vn 0.8464 -0.3268 -0.4204
vn 0.8353 -0.1029 0.5401
vn 0.8358 -0.0670 0.5450
vn 0.9711 -0.0065 0.2386
vn 0.7031 -0.1009 0.7039
vn -0.0000 -0.0503 0.9987
vn -0.0000 0.0096 1.0000
vn 0.8682 0.1248 0.4803
vn 0.9880 0.1116 -0.1072
vn 0.8069 -0.2577 -0.5315
vn 0.7639 0.1496 0.6278
vn -0.0000 0.3040 0.9527
vn 0.8323 0.3711 0.4118
vn -0.0000 0.4373 0.8993
vn 0.8602 0.3589 0.3623
vn 0.7627 0.6468 -0.0025
vn -0.0000 0.9976 0.0691
vn -0.0000 0.9549 -0.2970
vn 0.7884 0.6149 0.0173
vn -0.0000 0.6717 0.7408
vn 0.8014 0.4557 0.3875
vn 0.9183 0.2286 -0.3232
vn 0.7790 0.5667 0.2683
vn -0.0000 0.6805 0.7327
vn -0.0000 0.9996 0.0292
vn -0.0000 0.6430 -0.7659
vn 0.7875 0.2503 -0.5631
vn -0.0000 -0.0403 -0.9992
vn -0.0000 0.3367 -0.9416
vn 0.7899 -0.1206 -0.6012
vn 0.8268 0.3823 -0.4125
vn -0.0000 0.8778 -0.4791
vn 0.7852 -0.0550 -0.6168
vn 0.6765 0.7140 -0.1801
vn -0.0000 0.9981 -0.0620
vn 0.7519 0.1194 -0.6484
vn -0.0000 -0.5321 -0.8467
vn -0.0000 0.5733 -0.8193
vn -0.5402 -0.0045 -0.8415
vn -0.5986 0.1538 -0.7861
vn -0.4001 -0.0620 -0.9144
vn -0.4078 -0.0888 -0.9087
vn -0.7192 0.0641 -0.6918
vn 0.1254 -0.2609 -0.9572
vn -0.6858 -0.0521 -0.7259
vn 0.0106 -0.6037 -0.7972
vn -0.5766 -0.1354 -0.8057
vn -0.3229 -0.2610 -0.9097
vn -0.6256 -0.1688 -0.7617
vn -0.2502 -0.7349 -0.6304
vn -0.5905 -0.2279 -0.7742
vn -0.5965 -0.2412 -0.7655
vn -0.3225 -0.3504 -0.8793
vn -0.6852 -0.1649 -0.7095
vn -0.5454 -0.3432 -0.7647
vn -0.3323 -0.4545 -0.8264
vn -0.8056 -0.0275 -0.5918
vn -0.5332 -0.6876 -0.4928
vn -0.6255 -0.2796 -0.7284
vn -0.3757 -0.6272 -0.6823
vn -0.4792 -0.5345 -0.6962
vn -0.3706 -0.7013 -0.6089
vn -0.8594 0.1165 -0.4978
vn -0.6979 -0.6043 -0.3845
vn -0.6605 -0.3511 -0.6637
vn -0.8552 0.1837 -0.4846
vn -0.8549 -0.3985 -0.3321
vn -0.3520 -0.7123 -0.6072
vn -0.4590 -0.6311 -0.6253
vn -0.7741 -0.2462 -0.5833
vn -0.3580 -0.8396 -0.4085
vn -0.4350 -0.6672 -0.6047
vn -0.5365 -0.5994 -0.5941
vn -0.8542 -0.1346 -0.5021
vn -0.8304 0.2397 -0.5029
vn -0.8882 -0.0596 -0.4555
vn -0.7611 0.4882 -0.4270
vn -0.9638 -0.2271 -0.1395
vn -0.9751 -0.0594 -0.2137
vn -0.8218 0.3471 -0.4518
vn -0.7273 0.5511 -0.4090
vn -0.9565 0.1140 -0.2684
vn -0.7994 0.4504 -0.3976
vn -0.9327 0.2667 -0.2427
vn -0.9082 0.2872 -0.3044
vn -0.9115 -0.0790 -0.4036
vn -0.8798 -0.1396 -0.4543
vn -0.8239 0.3650 -0.4335
vn -0.8878 0.3794 -0.2606
vn -0.9611 0.2529 -0.1113
vn -0.6486 -0.5706 -0.5037
vn -0.4145 -0.7196 -0.5570
vn -0.5237 -0.7077 -0.4743
vn -0.5029 -0.7308 -0.4615
vn -0.7977 0.4441 -0.4080
vn -0.8101 0.4542 -0.3707
vn -0.9324 0.3057 -0.1928
vn -0.9126 0.4056 -0.0506
vn -0.9883 0.1024 -0.1133
vn -0.9542 0.2848 -0.0914
vn -0.4601 -0.8828 -0.0942
vn -0.4668 -0.8471 -0.2540
vn -0.5486 -0.7631 -0.3416
vn -0.3066 -0.9476 -0.0900
vn -0.1598 -0.9742 0.1592
vn -0.3563 -0.9232 -0.1438
vn -0.6967 -0.5873 -0.4118
vn -0.0742 -0.9736 0.2159
vn -0.1788 -0.9749 0.1327
vn -0.0842 -0.9889 0.1223
vn -0.1947 -0.8977 -0.3953
vn -0.0956 -0.9683 0.2308
vn -0.2123 -0.9716 0.1050
vn -0.4611 -0.7178 -0.5217
vn 0.1456 -0.9706 0.1915
vn -0.1335 -0.9896 -0.0536
vn -0.4311 -0.5865 -0.6857
vn -0.1600 -0.4412 -0.8830
vn 0.1026 -0.8512 -0.5147
vn 0.1043 -0.9935 -0.0463
vn 0.1100 -0.9762 0.1867
vn -0.2989 -0.9542 0.0123
vn -0.1526 -0.9808 0.1217
vn -0.5645 -0.7924 -0.2312
vn -0.5679 -0.8154 -0.1121
vn -0.7274 -0.6265 -0.2801
vn -0.9100 -0.2221 -0.3500
vn -0.9240 -0.3162 -0.2148
vn -0.7521 -0.6413 -0.1515
vn -0.5278 -0.8490 -0.0248
vn -0.1025 -0.9855 0.1353
vn -0.1130 -0.9779 0.1756
vn -0.7908 -0.6115 -0.0253
vn -0.4474 -0.8909 0.0781
vn -0.3517 -0.9258 0.1387
vn -0.7329 -0.6800 -0.0215
vn -0.7629 -0.6446 -0.0501
vn -0.9273 -0.3704 -0.0547
vn -0.7660 -0.6344 0.1038
vn -0.6556 -0.7034 0.2748
vn -0.7189 -0.6471 0.2540
vn -0.9145 -0.3814 0.1349
vn -0.9793 -0.1992 -0.0371
vn -0.8779 -0.3923 0.2746
vn -0.5894 -0.7874 0.1807
vn -0.6335 -0.7736 -0.0138
vn -0.8894 -0.3971 0.2264
vn -0.8629 -0.4230 0.2764
vn -0.9548 -0.2504 0.1599
vn -0.9740 0.1184 0.1931
vn -0.9182 -0.2888 0.2710
vn -0.9549 -0.1232 -0.2702
vn -0.9735 0.2233 -0.0489
vn -0.8424 -0.5050 0.1879
vn -0.8961 -0.3644 0.2535
vn -0.7839 -0.6153 0.0829
vn -0.8275 -0.4800 0.2911
vn -0.8975 0.1407 0.4180
vn -0.9249 -0.1357 0.3551
vn -0.9867 0.0648 0.1488
vn -0.9932 -0.0425 0.1086
vn -0.8788 -0.4464 0.1684
vn -0.6768 -0.7362 0.0025
vn -0.7654 -0.5837 0.2710
vn -0.8432 0.3780 0.3822
vn -0.8578 -0.5049 0.0965
vn -0.5444 -0.8350 -0.0801
vn -0.7060 -0.7007 0.1027
vn -0.5474 0.5803 0.6030
vn -0.8667 0.3286 0.3752
vn -0.8429 -0.5330 0.0738
vn -0.3786 0.8507 0.3648
vn -0.8752 0.2758 0.3973
vn -0.3908 0.8344 0.3886
vn -0.8526 0.3842 0.3541
vn -0.9209 0.1581 0.3562
vn -0.9482 -0.1887 0.2557
vn -0.9518 0.2790 0.1274
vn -0.8864 0.3923 -0.2457
vn -0.9360 0.3517 0.0126
vn -0.8357 0.0770 0.5438
vn -0.8951 0.1339 0.4252
vn -0.8620 0.2217 0.4559
vn -0.5849 0.1786 0.7912
vn -0.8861 -0.0275 0.4627
vn -0.7544 -0.6227 0.2075
vn -0.8019 -0.5211 -0.2924
vn -0.9705 -0.1750 -0.1658
vn -0.7783 -0.6270 0.0341
vn -0.8793 0.0120 0.4762
vn -0.6610 -0.7504 -0.0023
vn -0.5658 -0.8202 -0.0844
vn -0.7261 -0.6223 0.2922
vn -0.6474 -0.6124 0.4537
vn -0.7933 -0.3449 0.5017
vn -0.9625 -0.1557 0.2222
vn -0.9038 0.4222 0.0694
vn -0.8203 0.4765 0.3164
vn -0.5807 -0.8141 -0.0122
vn -0.4480 -0.8328 0.3251
vn -0.4360 -0.6830 0.5861
vn -0.4619 -0.7917 0.3998
vn -0.5966 -0.6496 0.4713
vn -0.3424 -0.8547 0.3901
vn -0.1983 -0.7500 0.6310
vn -0.6839 -0.2227 0.6948
vn -0.3065 -0.7126 0.6311
vn -0.4299 -0.5180 0.7395
vn -0.2501 -0.7265 0.6401
vn -0.1336 -0.5597 0.8178
vn -0.2521 -0.6301 0.7344
vn -0.0195 -0.3078 0.9512
vn -0.2081 -0.4260 0.8805
vn 0.0435 -0.0513 0.9977
vn -0.4952 -0.3414 0.7989
vn -0.0012 0.1560 0.9878
vn -0.1804 -0.1670 0.9693
vn -0.7396 -0.2150 0.6377
vn -0.9174 -0.0817 0.3894
vn -0.9189 -0.3237 0.2254
vn -0.5893 -0.4777 0.6515
vn -0.6124 -0.3001 0.7314
vn -0.7143 0.3090 0.6279
vn -0.5314 0.0112 0.8471
vn -0.1393 0.1743 0.9748
vn -0.5884 0.1983 0.7839
vn -0.8370 0.2212 0.5006
vn -0.2162 0.3877 0.8961
vn -0.6719 0.2577 0.6944
vn -0.1139 0.3160 0.9419
vn -0.2963 0.5049 0.8107
vn -0.1807 0.5066 0.8430
vn -0.5026 0.5689 0.6510
vn -0.8602 0.2866 0.4218
vn -0.1380 0.7196 0.6805
vn -0.3207 0.6341 0.7036
vn -0.0543 0.8199 0.5699
vn -0.8949 0.2529 0.3677
vn -0.5751 0.6204 0.5333
vn -0.3227 0.7340 0.5976
vn -0.0347 0.8055 0.5915
vn -0.3189 0.7730 0.5484
vn -0.6012 0.6282 0.4939
vn -0.8812 0.2822 0.3793
vn -0.9654 -0.0786 0.2488
vn -0.9664 -0.1384 0.2164
vn -0.9807 0.1608 0.1113
vn -0.9058 0.3407 0.2520
vn -0.8991 0.4377 0.0050
vn -0.5503 0.6296 0.5484
vn -0.4302 0.7462 0.5080
vn -0.3653 0.6568 0.6596
vn -0.6467 0.6127 0.4543
vn -0.7615 0.5903 0.2676
vn -0.8337 0.4767 -0.2788
vn -0.7222 0.6412 0.2592
vn -0.7554 0.6356 -0.1594
vn -0.7190 0.6643 0.2044
vn -0.5559 0.8266 -0.0880
vn -0.4984 0.6619 0.5599
vn -0.5012 0.8571 0.1189
vn -0.6576 0.7492 0.0787
vn -0.5779 0.8037 0.1421
vn -0.5626 0.7093 0.4247
vn -0.6701 0.6868 0.2816
vn -0.5679 0.5615 0.6018
vn -0.4124 0.5297 0.7411
vn -0.3843 0.7271 0.5689
vn -0.2803 0.7882 0.5479
vn -0.3687 0.6803 0.6335
vn -0.3579 0.5653 0.7432
vn -0.4453 0.5322 0.7200
vn -0.4355 0.5993 0.6717
vn -0.4579 0.5149 0.7247
vn -0.4271 0.6820 0.5937
vn -0.5651 0.6521 0.5054
vn -0.3638 0.7693 0.5252
vn -0.1458 0.7285 0.6694
vn -0.5037 -0.2733 -0.8195
vn -0.4828 -0.3957 -0.7812
vn -0.6556 -0.3548 -0.6665
vn -0.9792 -0.1740 -0.1045
vn -0.5428 -0.4090 -0.7335
vn -0.6321 -0.3662 -0.6829
vn -0.6516 -0.3593 -0.6681
vn -0.9089 -0.3483 -0.2292
vn -0.6831 -0.0844 0.7254
vn -0.5359 -0.4180 -0.7335
vn -0.6775 -0.2491 -0.6921
vn -0.8464 -0.3268 -0.4204
vn -0.8353 -0.1029 0.5401
vn -0.8358 -0.0669 0.5450
vn -0.9711 -0.0065 0.2387
vn -0.7031 -0.1009 0.7039
vn -0.8682 0.1248 0.4803
vn -0.9880 0.1116 -0.1072
vn -0.8069 -0.2576 -0.5315
vn -0.7639 0.1496 0.6278
vn -0.8323 0.3711 0.4118
vn -0.8602 0.3589 0.3623
vn -0.7627 0.6468 -0.0024
vn -0.7884 0.6149 0.0173
vn -0.8013 0.4557 0.3875
vn -0.9183 0.2286 -0.3232
vn -0.7790 0.5667 0.2683
vn -0.7875 0.2503 -0.5631
vn -0.7899 -0.1206 -0.6012
vn -0.8269 0.3823 -0.4125
vn -0.7852 -0.0550 -0.6168
vn -0.6765 0.7140 -0.1801
vn -0.7519 0.1195 -0.6484
vn -0.0283 0.8349 -0.5496
vn 0.3197 0.6922 -0.6470
vn 0.1374 0.9874 0.0785
vn -0.8567 0.5114 0.0673
vn -0.2335 0.7942 -0.5610
vn -0.1074 0.1975 0.9744
vn -0.8324 0.4749 0.2856
vn -0.3907 0.8417 -0.3726
vn -0.5201 0.6260 0.5811
vn -0.2662 0.9388 -0.2186
vn 0.0645 0.6350 0.7698
vn -0.1541 0.9769 -0.1478
vn -0.9307 0.0365 0.3639
vn -0.8026 0.0199 0.5962
vn -0.3738 0.0782 0.9242
vn 0.2043 0.0913 0.9746
vn 0.4229 0.6185 0.6623
vn -0.9146 -0.0766 0.3969
vn -0.0970 -0.1423 0.9851
vn -0.0833 -0.8012 0.5925
vn -0.7842 -0.1171 0.6094
vn -0.3452 -0.1384 0.9283
vn 0.5809 0.7222 0.3755
vn -0.2336 0.9441 -0.2325
vn 0.2234 -0.1000 0.9696
vn 0.5367 0.1175 0.8355
vn -0.9037 -0.2739 0.3291
vn 0.5836 0.8015 0.1305
vn -0.3070 0.9089 -0.2822
vn -0.7564 -0.3993 0.5182
vn -0.5861 -0.8056 -0.0867
vn -0.2178 -0.8496 -0.4804
vn 0.5070 0.8610 -0.0391
vn -0.4598 0.8538 -0.2441
vn -0.4910 -0.8666 0.0889
vn 0.4220 0.9023 -0.0886
vn -0.5614 0.8063 -0.1864
vn 0.3799 0.9250 0.0012
vn -0.6665 0.7141 -0.2142
vn -0.7789 0.6075 -0.1557
vn 0.8195 0.5730 0.0003
vn 0.8881 0.4399 0.1335
vn 0.8811 0.3069 0.3599
vn 0.7509 0.2047 0.6279
vn 0.5153 -0.0610 0.8548
vn 0.9805 0.1896 0.0507
vn 0.9829 0.0525 0.1765
vn 0.9189 0.0074 0.3944
vn 0.9365 0.3385 0.0919
vn 0.7420 -0.0329 0.6696
vn 0.6891 -0.4808 0.5422
vn 0.4772 -0.4732 0.7405
vn 0.8084 -0.5179 0.2797
vn 0.8113 -0.5823 0.0524
vn 0.7595 -0.6467 -0.0699
vn 0.1795 -0.4818 0.8577
vn -0.3620 -0.4813 0.7983
vn 0.0320 -0.9341 0.3557
vn -0.2681 -0.9114 0.3122
vn -0.1433 -0.8759 -0.4607
vn 0.2552 -0.9466 0.1973
vn 0.1380 -0.8255 -0.5473
vn 0.1615 -0.7728 -0.6137
vn -0.1984 -0.8901 -0.4103
vn 0.2846 -0.9585 0.0174
vn -0.1689 -0.8217 -0.5444
vn 0.1782 -0.9771 -0.1165
vn 0.4486 -0.4389 -0.7786
vn -0.0078 -0.7758 -0.6309
vn 0.1378 -0.2612 -0.9554
vn -0.4383 -0.4316 -0.7884
vn 0.5645 -0.4290 -0.7052
vn 0.6251 -0.2700 -0.7324
vn 0.2055 0.3003 -0.9314
vn -0.0339 -0.4162 -0.9087
vn -0.5716 0.0329 -0.8199
vn 0.5409 0.0201 -0.8409
vn 0.6145 0.3820 -0.6903
vn 0.4336 0.4372 -0.7879
vn -0.0773 0.0630 -0.9950
vn -0.0607 0.4302 -0.9007
vn -0.4544 0.4220 -0.7845
vn -0.6472 0.4370 -0.6246
vn -0.7569 0.3644 -0.5425
vn -0.6759 -0.0735 -0.7333
vn -0.8645 0.2014 -0.4605
vn -0.4306 -0.4806 -0.7639
vn -0.7274 -0.2772 -0.6277
vn -0.9549 0.0908 -0.2826
vn -0.5319 -0.5929 -0.6046
vn -0.7524 -0.5188 -0.4058
vn -0.2878 -0.7863 -0.5467
vn -0.4925 -0.7916 -0.3618
vn -0.0500 -0.9793 -0.1959
vn -0.5639 -0.7795 -0.2727
vn -0.2536 -0.9388 -0.2332
vn -0.7805 -0.5496 -0.2979
vn -0.7956 -0.5521 -0.2495
vn 0.7270 -0.6860 -0.0282
vn -0.9761 0.0106 -0.2172
vn -0.6293 -0.7351 -0.2525
vn -0.9092 -0.3146 -0.2726
vn -0.6965 -0.6741 -0.2459
vn -0.9456 -0.2766 -0.1715
vn -0.3515 -0.9153 -0.1965
vn -0.7554 -0.6433 -0.1242
vn -0.9772 -0.2002 0.0710
vn -0.8084 0.5883 -0.0209
vn -0.2421 -0.9661 -0.0898
vn -0.7265 -0.6820 0.0843
vn -0.9693 -0.1260 0.2110
vn -0.7814 0.6239 0.0141
vn -0.8202 0.5663 -0.0818
vn -0.9756 0.1068 -0.1920
vn -0.7273 -0.6512 0.2170
vn -0.7222 -0.6597 -0.2079
vn 0.0314 -0.9994 -0.0145
vn 0.8376 -0.5457 0.0254
vn 0.9088 0.4047 0.1016
vn 0.3151 0.9490 0.0122
vn 0.9011 0.4196 -0.1098
vn 0.2664 0.9577 -0.1089
vn 0.2223 0.9296 -0.2940
vn 0.9276 -0.3478 -0.1363
vn -0.0004 0.8596 -0.5109
vn 0.8529 0.3906 -0.3464
vn 0.8801 -0.3529 -0.3178
vn -0.4428 0.2833 -0.8507
vn 0.7250 0.3941 -0.5649
vn 0.0713 -0.9971 -0.0272
vn -0.1516 -0.9874 -0.0462
vn 0.7163 -0.5182 -0.4674
vn 0.4265 0.2256 -0.8759
vn 0.1742 -0.5877 -0.7901
vn 0.4161 0.7856 -0.4580
vn 0.8072 0.4962 0.3197
vn 0.3171 0.8778 -0.3590
vn 0.8112 0.1212 0.5720
vn 0.6049 0.5928 0.5316
vn 0.2677 0.9472 -0.1766
vn 0.8328 -0.0144 0.5534
vn 0.5431 0.1482 0.8265
vn 0.5322 0.0147 0.8465
vn 0.8330 -0.4420 0.3328
vn 0.2526 -0.9060 -0.3396
vn -0.3894 -0.3797 -0.8392
vn -0.2441 0.4091 -0.8792
vn -0.3232 -0.3355 -0.8849
vn -0.2196 0.3862 -0.8959
vn 0.2508 -0.8990 -0.3591
vn 0.6106 -0.5417 0.5778
vn 0.1106 0.4832 -0.8685
vn 0.1518 -0.2430 -0.9581
vn 0.4086 0.5487 -0.7294
vn 0.1909 0.9585 -0.2116
vn 0.1527 0.9665 -0.2065
vn -0.0482 -0.0786 0.9957
vn 0.3120 -0.8371 -0.4493
vn 0.4752 -0.1085 -0.8732
vn 0.5741 0.5871 -0.5707
vn 0.1388 0.9861 -0.0911
vn 0.0804 0.0749 0.9939
vn 0.1531 -0.7144 0.6828
vn 0.3216 -0.7980 -0.5097
vn -0.1133 -0.8739 0.4727
vn 0.6457 -0.0674 -0.7606
vn 0.6716 0.6466 -0.3616
vn 0.1630 0.9859 -0.0371
vn -0.4052 -0.1631 0.8995
vn 0.3588 -0.7381 -0.5713
vn -0.3488 -0.8796 0.3236
vn 0.8234 -0.0162 -0.5672
vn 0.7442 0.6376 -0.1990
vn 0.3171 0.9478 -0.0328
vn 0.5206 -0.6725 -0.5260
vn 0.8674 0.4840 -0.1156
vn 0.4596 0.8881 0.0068
vn 0.9379 -0.0096 -0.3468
vn 0.9503 0.2574 -0.1751
vn 0.4409 0.8915 0.1042
vn -0.4070 -0.9131 0.0245
vn -0.8279 -0.2809 0.4855
vn 0.6453 -0.6340 -0.4262
vn -0.3445 -0.9239 -0.1666
vn 0.9604 -0.0990 -0.2606
vn 0.6505 -0.6539 -0.3864
vn -0.3057 -0.9173 -0.2551
vn 0.4956 -0.7496 -0.4387
vn 0.9684 0.1790 -0.1738
vn 0.7281 0.6798 0.0883
vn 0.8891 -0.2974 -0.3480
vn 0.8510 -0.3805 -0.3620
vn 0.8994 -0.4078 -0.1575
vn 0.3517 -0.8176 -0.4558
vn -0.9214 -0.3312 0.2033
vn -0.5192 -0.8210 -0.2374
vn -0.9464 -0.3122 0.0823
vn 0.8998 -0.4327 0.0557
vn 0.7228 0.6676 0.1788
vn 0.8953 -0.4172 0.1563
vn 0.7101 0.6998 0.0784
vn 0.6303 0.6756 -0.3824
vn 0.3519 -0.9242 -0.1487
vn -0.9574 0.0927 0.2735
vn 0.9431 -0.3124 -0.1143
vn 0.3230 0.1890 -0.9273
vn 0.1713 -0.7213 -0.6711
vn 0.1892 -0.9718 -0.1407
vn 0.3783 -0.8702 -0.3156
vn -0.7994 -0.5239 -0.2942
vn -0.7799 -0.5811 -0.2325
vn -0.7240 -0.6659 -0.1802
vn -0.9874 -0.1218 0.1008
vn -0.9666 0.1899 0.1720
vn -0.9725 0.2020 0.1161
vn -0.9342 0.3443 0.0930
vn -0.9244 0.3598 0.1269
vn -0.5597 0.7958 0.2313
vn -0.7822 -0.4656 -0.4140
vn -0.9114 0.3959 -0.1121
vn -0.6920 -0.3755 -0.6166
vn -0.8779 0.3583 -0.3176
vn -0.6181 0.3008 -0.7263
vn -0.3979 0.8017 -0.4461
vn -0.4194 0.8910 -0.1737
vn -0.4388 0.8972 0.0497
vn -0.4713 0.8587 0.2012
vn -0.4693 0.8769 0.1041
vn -0.5576 0.8283 0.0551
vn -0.6694 0.7164 0.1969
vn -0.6625 0.6448 0.3812
vn -0.8283 0.0059 0.5603
vn -0.4711 0.6769 0.5656
vn -0.5931 -0.0333 0.8044
vn -0.1774 0.6710 0.7199
vn -0.6085 -0.2197 0.7625
vn -0.3334 -0.0254 0.9425
vn 0.2354 0.5946 0.7688
vn -0.0078 0.9743 -0.2250
vn 0.8590 0.3392 -0.3835
vn 0.3630 0.3041 -0.8808
vn 0.5779 -0.0913 -0.8109
vn 0.8595 0.1167 -0.4976
vn 0.5516 -0.3768 -0.7441
vn 0.7516 0.6245 -0.2122
vn 0.8629 -0.0298 -0.5045
vn 0.4472 -0.5594 -0.6979
vn 0.8820 0.3037 -0.3604
vn 0.8754 -0.1433 -0.4617
vn 0.3159 -0.7307 -0.6053
vn 0.9269 0.1827 -0.3279
vn 0.8254 -0.2313 -0.5150
vn 0.1879 -0.8889 -0.4179
vn 0.8952 0.1427 -0.4222
vn 0.7189 -0.3743 -0.5857
vn 0.1027 -0.9567 -0.2723
vn 0.7718 0.0484 -0.6340
vn 0.4790 -0.6564 -0.5828
vn -0.1350 -0.9904 -0.0292
vn 0.6241 -0.1751 -0.7615
vn 0.3637 -0.7608 -0.5375
vn 0.0275 -0.9873 0.1562
vn 0.4213 -0.3608 -0.8320
vn 0.3479 -0.7776 -0.5237
vn 0.3253 -0.9231 0.2051
vn 0.2682 -0.7945 -0.5448
vn 0.5372 -0.8417 0.0541
vn 0.6060 -0.7915 -0.0796
vn 0.2323 -0.4492 -0.8627
vn 0.0023 -0.7920 -0.6106
vn 0.5150 -0.8253 -0.2319
vn -0.0244 -0.5193 -0.8543
vn 0.1440 0.0386 -0.9888
vn 0.4222 0.0663 -0.9041
vn 0.5771 0.1275 -0.8066
vn 0.7337 0.2561 -0.6293
vn 0.8571 0.3848 -0.3425
vn 0.8604 0.4551 -0.2292
vn 0.5575 0.8229 -0.1099
vn -0.2245 0.9154 0.3340
vn 0.4103 0.4623 -0.7861
vn 0.5165 0.4167 -0.7481
vn 0.6824 0.4588 -0.5691
vn 0.6295 0.7524 -0.1937
vn 0.5027 0.8624 -0.0590
vn 0.3587 0.7394 -0.5697
vn 0.4957 0.7636 -0.4138
vn -0.2928 0.9527 0.0809
vn -0.5025 0.8180 0.2800
vn 0.1548 0.5145 -0.8434
vn -0.3055 0.9513 -0.0401
vn -0.4466 0.8710 0.2047
vn -0.9398 0.2413 0.2422
vn -0.9296 0.2963 0.2190
vn -0.9283 0.1657 0.3329
vn -0.9575 -0.0054 0.2885
vn -0.9793 -0.1034 0.1741
vn -0.8724 0.4557 -0.1770
vn -0.5393 0.2138 -0.8145
vn -0.9684 -0.1613 -0.1901
vn -0.3662 -0.4744 -0.8005
vn -0.9400 -0.3402 0.0276
vn -0.3890 -0.7226 -0.5714
vn -0.9252 -0.3625 0.1126
vn -0.5396 -0.7542 -0.3742
vn -0.9295 -0.3637 0.0613
vn -0.6081 -0.7443 -0.2760
vn -0.9704 -0.1294 0.2038
vn -0.6362 -0.7715 0.0099
vn -0.8980 -0.4081 0.1646
vn -0.6614 -0.7141 0.2295
vn -0.8396 -0.3763 0.3918
vn -0.6247 -0.6041 0.4948
vn -0.8492 0.3747 0.3721
vn -0.8943 -0.0895 0.4385
vn -0.7366 -0.2664 0.6216
vn -0.3214 -0.5796 0.7488
vn -0.2368 0.9704 -0.0465
vn -0.7451 0.0015 0.6670
vn -0.4904 -0.1732 0.8541
vn -0.7232 0.4358 0.5357
vn -0.5358 0.0472 0.8430
vn 0.2742 0.7690 -0.5775
vn -0.0354 -0.0846 0.9958
vn -0.2791 0.9493 0.1446
vn 0.0764 0.7468 -0.6606
vn -0.5564 0.4205 0.7166
vn -0.0851 0.1038 0.9909
vn -0.1321 0.5584 0.8190
vn 0.1132 -0.5274 0.8420
vn 0.5708 -0.4052 0.7142
vn 0.5085 0.0069 0.8610
vn 0.8326 -0.3159 0.4549
vn 0.4457 0.1510 0.8823
vn -0.0884 0.9960 -0.0144
vn 0.8011 0.0143 0.5983
vn 0.9067 -0.2806 0.3150
vn 0.2626 0.6466 0.7162
vn 0.0248 0.9904 -0.1362
vn 0.8825 -0.3834 0.2722
vn 0.3802 -0.8284 -0.4113
vn 0.8778 -0.0582 0.4755
vn 0.7369 0.0965 0.6691
vn 0.5910 0.5713 0.5695
vn -0.1503 0.6892 -0.7089
vn 0.8254 -0.5494 0.1297
vn 0.3439 -0.6327 -0.6938
vn 0.8626 -0.2306 0.4503
vn 0.9120 -0.4094 -0.0267
vn 0.5665 0.2108 -0.7966
vn 0.0941 0.9835 -0.1546
vn 0.8364 -0.0399 0.5466
vn 0.7560 0.4719 0.4537
vn -0.1877 0.5104 -0.8392
vn 0.9704 0.2297 0.0746
vn -0.4196 0.6245 -0.6587
vn 0.0017 0.9664 -0.2570
vn 0.8334 -0.2028 0.5141
vn 0.7990 0.4201 0.4302
vn 0.8619 0.4144 0.2924
vn 0.0132 0.9655 -0.2600
vn 0.1960 0.8995 -0.3906
vn -0.3825 0.6539 -0.6528
vn -0.5436 0.5900 -0.5970
vn -0.5229 0.6072 -0.5983
vn -0.2807 0.3223 -0.9041
vn -0.6232 0.4429 -0.6446
vn -0.5876 0.4144 -0.6950
vn -0.3981 -0.0608 -0.9153
vn -0.6338 0.4579 -0.6234
vn -0.4900 0.4653 -0.7372
vn -0.4636 -0.4233 -0.7784
vn -0.6727 0.1801 -0.7176
vn -0.6657 0.0555 -0.7441
vn -0.5029 0.0205 -0.8641
vn -0.2516 -0.7319 -0.6333
vn -0.5305 -0.4333 -0.7286
vn -0.3423 -0.4940 -0.7993
vn -0.1972 -0.0056 -0.9803
vn 0.7049 -0.6563 -0.2692
vn -0.1042 -0.2276 -0.9682
vn 0.8248 -0.4741 -0.3083
vn 0.5473 0.5739 -0.6092
vn -0.2583 -0.4242 -0.8679
vn 0.6520 -0.6870 -0.3209
vn -0.3465 -0.4283 -0.8345
vn 0.5237 -0.7098 -0.4712
vn -0.4713 -0.4282 -0.7711
vn 0.3762 -0.6929 -0.6151
vn -0.8117 0.1785 -0.5561
vn -0.7790 0.1828 -0.5998
vn -0.8659 0.1292 -0.4832
vn -0.5412 -0.4139 -0.7319
vn -0.8930 0.0524 -0.4469
vn -0.5101 -0.4356 -0.7417
vn 0.3519 -0.7105 -0.6094
vn -0.8631 -0.0179 -0.5047
vn -0.3471 -0.5842 -0.7336
vn 0.3780 -0.8514 -0.3637
vn 0.2871 -0.9553 -0.0700
vn -0.7375 -0.0848 -0.6699
vn -0.2974 -0.6923 -0.6575
vn 0.0490 -0.9959 0.0763
vn -0.5558 -0.1437 -0.8188
vn -0.8637 0.3828 -0.3277
vn -0.8923 0.2993 -0.3379
vn -0.8892 0.1688 -0.4253
vn -0.7696 0.0999 -0.6307
vn -0.5424 0.0683 -0.8373
vn -0.8248 0.4272 -0.3704
vn -0.3292 -0.7131 -0.6189
vn -0.4120 -0.2104 -0.8866
vn -0.4459 -0.7089 -0.5465
vn -0.1342 -0.9763 0.1699
vn -0.3370 0.0306 -0.9410
vn -0.5235 -0.7293 -0.4405
vn -0.2058 -0.9444 0.2564
vn -0.4249 -0.2797 -0.8610
vn -0.4997 -0.7831 -0.3702
vn -0.2974 -0.8862 0.3551
vn -0.5003 -0.3627 -0.7862
vn -0.2826 -0.0305 -0.9588
vn -0.2614 0.2449 -0.9337
vn -0.4379 -0.8144 -0.3806
vn -0.5275 -0.7896 0.3135
vn -0.6744 -0.7342 0.0785
vn -0.4400 -0.4591 -0.7718
vn -0.3014 -0.1122 -0.9469
vn -0.2474 -0.8047 -0.5396
vn -0.7076 -0.7014 -0.0855
vn -0.2250 -0.5104 -0.8300
vn -0.0075 -0.7538 -0.6571
vn -0.7343 -0.6652 -0.1357
vn -0.1621 0.2095 -0.9643
vn -0.0832 0.2485 -0.9651
vn -0.2654 -0.2100 -0.9410
vn 0.0821 -0.4859 -0.8702
vn -0.2021 -0.3025 -0.9315
vn -0.0295 -0.0290 -0.9991
vn 0.0263 -0.2869 -0.9576
vn 0.4100 -0.4037 -0.8179
vn -0.1271 0.4869 -0.8642
vn 0.1096 -0.7457 -0.6572
vn 0.1067 -0.6850 -0.7207
vn -0.6990 -0.6543 -0.2886
vn -0.5011 -0.0801 -0.8617
vn 0.6482 -0.2673 -0.7130
vn 0.4116 -0.0926 -0.9066
vn 0.3056 0.2762 -0.9112
vn 0.1977 0.5324 -0.8231
vn 0.4647 0.2452 -0.8509
vn 0.7136 -0.0582 -0.6981
vn 0.6959 0.1892 -0.6928
vn 0.5761 0.4733 -0.6664
vn 0.2703 0.7260 -0.6323
vn -0.8704 0.2960 -0.3935
vn 0.7476 0.3908 -0.5370
vn 0.6540 0.5733 -0.4935
vn 0.4772 0.6100 -0.6326
vn 0.2219 0.8692 -0.4418
vn -0.8380 0.5315 -0.1238
vn 0.5923 0.6443 -0.4838
vn 0.2727 0.8937 -0.3562
vn -0.9283 -0.3336 0.1643
vn -0.6853 0.7273 0.0362
vn -0.9222 -0.3051 0.2375
vn -0.9535 -0.1408 0.2664
vn -0.8930 -0.3005 0.3349
vn -0.9145 -0.2340 0.3301
vn -0.9491 -0.0384 0.3127
vn -0.6037 0.7918 0.0933
vn -0.7780 -0.3723 0.5060
vn 0.3041 0.8869 -0.3477
vn 0.5363 0.6784 -0.5021
vn 0.2126 0.9126 -0.3493
vn 0.3849 0.7015 -0.5998
vn 0.4495 0.7208 -0.5277
vn 0.1194 0.6996 -0.7045
vn 0.2815 0.7548 -0.5924
vn -0.0782 0.6052 -0.7922
vn 0.0132 0.7807 -0.6248
vn -0.1567 0.7192 -0.6769
vn -0.2397 0.5489 -0.8008
vn -0.5205 0.2603 -0.8132
vn -0.7648 0.2764 -0.5820
vn -0.4745 0.4848 -0.7347
vn -0.8543 0.3670 -0.3681
vn -0.7083 0.4647 -0.5314
vn 0.1819 0.7824 -0.5957
vn -0.0581 0.8144 -0.5774
vn -0.1965 0.7908 -0.5797
vn -0.2667 0.7401 -0.6174
vn 0.3510 0.7501 -0.5605
vn 0.0232 0.9697 -0.2434
vn 0.2628 0.7792 -0.5691
vn 0.1324 0.8208 -0.5556
vn -0.0207 0.8774 -0.4793
vn 0.0290 0.9889 -0.1457
vn -0.6545 0.7279 0.2042
vn -0.1075 0.9139 -0.3914
vn 0.1418 0.9859 -0.0890
vn -0.6109 0.6792 0.4067
vn -0.9186 0.0280 0.3942
vn 0.1839 0.9811 -0.0609
vn -0.3709 0.6700 0.6431
vn -0.8682 0.0347 0.4949
vn -0.9068 -0.1937 0.3743
vn -0.7420 0.0560 0.6680
vn -0.8614 -0.1714 0.4782
vn -0.8767 -0.1872 0.4431
vn -0.7339 -0.1474 0.6631
vn -0.7490 -0.1796 0.6378
vn -0.4331 0.0696 0.8987
vn -0.4209 -0.1378 0.8966
vn -0.4199 -0.2305 0.8778
vn 0.0106 0.6639 0.7478
vn -0.0406 0.0344 0.9986
vn 0.3065 0.5862 0.7499
vn -0.0284 -0.1648 0.9859
vn -0.4772 -0.4647 0.7459
vn 0.2260 -0.0518 0.9728
vn 0.4856 0.4950 0.7205
vn -0.0078 -0.3094 0.9509
vn -0.0767 -0.5715 0.8170
vn 0.2121 -0.2237 0.9513
vn 0.1384 -0.6337 0.7611
vn 0.2146 -0.3790 0.9002
vn 0.4145 -0.0875 0.9059
vn 0.2275 0.9698 0.0875
vn 0.2127 -0.6935 0.6883
vn 0.3122 -0.4495 0.8369
vn 0.3591 -0.2783 0.8909
vn 0.3643 -0.7167 0.5947
vn 0.6314 0.4356 0.6416
vn -0.1371 0.9245 -0.3556
vn 0.4767 -0.4636 0.7469
vn 0.6006 -0.6940 0.3971
vn 0.6293 -0.0546 0.7752
vn 0.2819 0.9500 0.1343
vn -0.1983 0.9216 -0.3336
vn 0.5540 -0.2722 0.7868
vn 0.7241 0.4572 0.5164
vn 0.7205 -0.4176 0.5536
vn 0.7799 -0.6236 0.0542
vn 0.7623 -0.1966 0.6166
vn 0.8896 -0.3242 0.3219
vn 0.8484 -0.5042 -0.1616
vn 0.7958 0.0288 0.6049
vn 0.9169 -0.0932 0.3881
vn 0.9720 -0.2059 0.1130
vn 0.8847 -0.4303 -0.1795
vn 0.9031 0.1327 0.4084
vn 0.9783 0.0049 0.2072
vn 0.9188 -0.3946 -0.0055
vn 0.9873 -0.1421 0.0715
vn 0.9129 -0.3587 0.1950
vn 0.9728 -0.1520 0.1749
vn 0.9800 0.0687 0.1869
vn 0.9399 0.2247 0.2572
vn 0.7603 0.6099 0.2234
vn 0.8959 -0.3461 0.2785
vn 0.9257 -0.1821 0.3315
vn 0.9572 0.0431 0.2863
vn 0.7568 0.5366 0.3733
vn 0.9152 -0.3155 0.2508
vn 0.8873 -0.1890 0.4206
vn 0.9228 -0.1441 0.3573
vn 0.9014 0.0036 0.4330
vn 0.6989 0.5914 0.4022
vn 0.8485 0.0093 0.5291
vn 0.3097 0.9407 0.1386
vn 0.6047 0.5859 0.5395
vn 0.4218 0.8811 0.2140
vn 0.8542 0.0500 0.5175
vn 0.4314 0.6558 0.6196
vn -0.7072 0.5099 -0.4898
vn -0.5405 0.8408 -0.0291
vn -0.5215 0.8507 0.0656
vn -0.4284 0.8981 0.0989
vn -0.7252 0.2245 -0.6509
vn -0.8087 0.4296 -0.4018
vn -0.3680 0.9258 0.0861
vn -0.4108 0.9070 -0.0928
vn -0.7981 0.4780 -0.3668
vn -0.6283 0.6516 -0.4250
vn -0.6139 0.7584 -0.2192
vn 0.0801 0.9965 0.0220
vn -0.4073 0.7057 -0.5797
vn -0.3585 0.8958 -0.2628
vn 0.2073 0.9736 0.0955
vn 0.7136 0.6681 0.2108
vn -0.5251 -0.0000 -0.8510
vn -0.8365 0.2448 -0.4903
vn -0.4011 0.1189 -0.9083
vn -0.9585 -0.0296 -0.2835
vn -0.5664 -0.1697 -0.8065
vn -0.9921 -0.0593 0.1103
vn -0.9304 0.3437 -0.1276
vn -0.9488 -0.2542 -0.1875
vn -0.3736 -0.4271 -0.8234
vn -0.9949 -0.0473 0.0890
vn -0.9395 0.3356 -0.0683
vn -0.9724 -0.1371 0.1890
vn -0.9980 -0.0048 0.0628
vn -0.9358 0.3340 -0.1129
vn -0.7579 -0.4089 0.5084
vn -0.7831 -0.5587 0.2731
vn -0.7990 -0.1510 0.5821
vn -0.9570 -0.2432 0.1584
vn -0.3722 -0.5726 0.7305
vn -0.7152 -0.6477 -0.2626
vn -0.7936 -0.5926 0.1379
vn -0.2849 -0.8981 -0.3350
vn -0.1499 -0.5121 -0.8457
vn -0.3702 -0.9212 0.1199
vn -0.7339 -0.5416 0.4101
vn -0.8890 -0.1835 0.4195
vn 0.0567 -0.9378 -0.3424
vn 0.0390 -0.5653 -0.8240
vn 0.1918 -0.5053 -0.8414
vn 0.0455 -0.9934 0.1054
vn -0.3490 -0.8038 0.4818
vn 0.3273 -0.8773 -0.3510
vn 0.2892 -0.4269 -0.8568
vn 0.3596 -0.9292 0.0850
vn 0.5392 -0.7554 -0.3723
vn 0.4194 -0.3288 -0.8462
vn -0.5908 -0.4712 0.6549
vn 0.0342 -0.8538 0.5195
vn 0.3455 -0.8018 0.4876
vn -0.3050 -0.5714 0.7618
vn -0.6438 -0.0906 0.7598
vn -0.3183 -0.0812 0.9445
vn -0.5127 0.0174 0.8584
vn -0.2612 0.1607 0.9518
vn -0.0581 -0.0885 0.9944
vn 0.0127 -0.5856 0.8105
vn 0.3064 -0.5357 0.7869
vn -0.1060 -0.5160 0.8500
vn -0.0914 0.2326 0.9683
vn 0.1902 -0.0631 0.9797
vn 0.5756 -0.4059 0.7099
vn -0.3262 -0.8899 0.3188
vn 0.5793 -0.6918 0.4312
vn 0.5912 -0.8055 0.0399
vn 0.8124 -0.4751 0.3379
vn 0.8542 -0.5169 0.0562
vn 0.7914 -0.5109 -0.3356
vn 0.9777 -0.1214 0.1716
vn 0.9536 -0.0961 -0.2852
vn 0.5122 -0.1128 -0.8514
vn 0.4895 0.2383 -0.8388
vn 0.8519 -0.2072 0.4810
vn 0.8922 0.3752 -0.2515
vn 0.3662 0.3807 -0.8491
vn 0.4688 -0.0099 0.8833
vn 0.9338 0.2716 0.2331
vn 0.7811 0.1013 0.6162
vn 0.0628 0.2620 0.9630
vn 0.2544 0.2560 0.9326
vn 0.6077 0.3124 0.7302
vn 0.8159 0.5294 0.2322
vn 0.6896 0.6525 -0.3140
vn 0.5722 0.6663 -0.4781
vn 0.2638 0.3233 -0.9088
vn 0.0765 -0.4005 0.9131
vn 0.7812 -0.0730 0.6200
vn 0.2577 -0.3394 0.9047
vn 0.8784 0.4717 0.0767
vn 0.3655 0.7116 -0.6000
vn 0.1769 0.3580 -0.9168
vn -0.0397 0.3647 -0.9303
vn 0.4511 -0.2945 0.8425
vn -0.0563 0.7446 -0.6651
vn -0.2467 0.2841 -0.9265
vn -0.5144 0.5706 -0.6401
vn -0.0279 0.9223 -0.3855
vn -0.6295 0.7102 -0.3151
vn -0.6478 0.7256 -0.2321
vn 0.4649 0.8290 -0.3108
vn -0.6361 0.7312 -0.2464
vn -0.9260 0.3521 -0.1363
vn 0.0106 0.9401 -0.3407
vn 0.6632 0.7105 -0.2353
vn 0.0351 0.9405 -0.3379
vn 0.5195 0.8029 -0.2924
vn -0.6019 0.7561 -0.2569
vn -0.9299 0.3615 -0.0678
vn 0.9362 0.3475 -0.0527
vn 0.0997 0.9378 -0.3327
vn -0.6000 0.7628 -0.2411
vn -0.9448 0.3273 0.0126
vn 0.5781 0.7641 -0.2861
vn 0.7156 0.6713 -0.1930
vn 0.9042 -0.3842 0.1867
vn 0.9228 0.3830 -0.0429
vn 0.5830 -0.7745 0.2453
vn 0.7925 0.5779 -0.1948
vn 0.9717 -0.2188 0.0896
vn 0.3699 -0.8962 0.2449
vn 0.9319 0.3479 -0.1028
vn 0.6868 -0.7195 0.1033
vn 0.1914 -0.9455 0.2634
vn 0.9946 -0.1018 -0.0216
vn 0.3860 -0.9186 0.0844
vn 0.0010 -0.9577 0.2878
vn 0.7879 -0.6152 0.0282
vn 0.1478 -0.9827 0.1115
vn 0.9331 0.3132 -0.1769
vn 0.9903 -0.0605 -0.1254
vn 0.8227 -0.5660 -0.0540
vn 0.8282 0.5157 -0.2195
vn 0.6345 0.7209 -0.2787
vn 0.2326 0.9012 -0.3658
vn 0.0941 -0.9902 0.1031
vn 0.4195 -0.9057 0.0608
vn 0.4226 -0.9060 0.0226
vn -0.0941 -0.9796 0.1777
vn 0.0533 -0.9956 0.0764
vn -0.4690 -0.8502 0.2390
vn -0.1990 -0.9686 0.1489
vn -0.8680 -0.4569 0.1946
vn -0.5722 -0.8045 0.1593
vn -0.2475 -0.9634 0.1031
vn 0.0277 -0.9994 0.0229
vn -0.9060 -0.4142 0.0872
vn -0.6017 -0.7939 0.0872
vn -0.9999 -0.0000 -0.0171
vn -0.9126 -0.4084 0.0172
vn -0.9980 0.0092 -0.0623
vn -0.2690 -0.9619 0.0481
vn -0.6152 -0.7863 0.0583
vn -0.9997 0.0256 0.0045
vn -0.9178 -0.3945 0.0448
vn -0.2872 -0.9559 -0.0610
vn -0.9980 0.0293 0.0553
vn -0.9312 -0.3631 0.0331
vn -0.6461 -0.7630 -0.0203
vn -0.9944 0.0656 0.0825
vn -0.9454 0.3018 0.1233
vn -0.9281 0.2942 0.2283
vn -0.9554 -0.2886 -0.0623
vn -0.6767 -0.7028 -0.2194
vn -0.2746 -0.9217 -0.2740
vn -0.9785 0.1387 0.1526
vn -0.5964 0.1658 -0.7854
vn -0.6912 0.0872 -0.7174
vn 0.4552 -0.1714 -0.8737
vn -0.9625 -0.2342 -0.1371
vn -0.9843 -0.0974 -0.1471
vn -0.6781 -0.6323 -0.3747
vn 0.0275 -0.9969 -0.0735
vn -0.2318 -0.8707 -0.4337
vn 0.2878 -0.1690 -0.9427
vn 0.3348 -0.1839 -0.9242
vn 0.0813 -0.9695 -0.2314
vn 0.4093 -0.9120 -0.0262
vn 0.4161 -0.9058 -0.0795
vn 0.8310 -0.5487 -0.0912
vn 0.9914 -0.0288 -0.1276
vn 0.8516 -0.5183 -0.0780
vn 0.4737 -0.8671 -0.1540
vn 0.1667 -0.9137 -0.3705
vn 0.9381 0.3154 -0.1429
vn 0.9985 0.0158 -0.0523
vn 0.8910 -0.4505 -0.0569
vn 0.8535 0.4924 -0.1705
vn 0.9490 0.3115 -0.0477
vn 0.6965 0.6772 -0.2373
vn 0.6104 0.7085 -0.3542
vn 0.8937 0.4385 -0.0950
vn 0.9979 0.0613 0.0194
vn 0.5637 -0.7881 -0.2473
vn 0.7882 0.5779 -0.2116
vn 0.9603 0.2787 0.0149
vn 0.9284 -0.3604 -0.0908
vn 0.9325 0.3563 -0.0599
vn 0.9958 0.0915 0.0005
vn 0.8694 0.4608 -0.1783
vn 0.9714 0.2371 -0.0096
vn 0.9587 0.2752 -0.0723
vn 0.2149 -0.8786 -0.4265
vn 0.6420 -0.7070 -0.2966
vn 0.9494 -0.2853 -0.1314
vn 0.9940 0.0968 -0.0509
vn 0.9772 0.2012 -0.0681
vn -0.2349 -0.8501 -0.4713
vn -0.7007 -0.5863 -0.4065
vn -0.2786 -0.8332 -0.4776
vn 0.2081 -0.8743 -0.4385
vn 0.7126 -0.6288 -0.3110
vn 0.9640 -0.2245 -0.1428
vn 0.9935 0.0849 -0.0758
vn -0.9767 -0.0280 -0.2129
vn -0.7523 -0.5306 -0.3906
vn -0.9962 0.0410 -0.0769
vn 0.8102 -0.5289 -0.2529
vn 0.4174 -0.8438 -0.3373
vn 0.9782 -0.1706 -0.1181
vn 0.9814 0.1642 -0.0992
vn 0.9953 0.0658 -0.0715
vn 0.9693 0.2200 -0.1101
vn 0.9335 0.3330 -0.1327
vn 0.8740 -0.4598 -0.1571
vn 0.5426 -0.8188 -0.1875
vn 0.9887 -0.1332 -0.0684
vn 0.9723 0.1946 -0.1292
vn 0.9876 0.1243 -0.0958
vn 0.9336 0.3417 -0.1075
vn 0.9984 0.0445 -0.0357
vn 0.1039 -0.9923 -0.0682
vn 0.6183 -0.7821 -0.0776
vn 0.8711 -0.4904 -0.0257
vn 0.9898 -0.1392 0.0299
vn 0.3561 -0.9331 0.0495
vn -0.0341 -0.9724 -0.2309
vn 0.7337 -0.6682 0.1231
vn -0.2138 -0.9110 -0.3528
vn -0.5224 -0.7673 -0.3719
vn -0.8778 -0.4251 -0.2210
vn -0.7924 -0.1509 -0.5910
vn 0.1596 -0.2134 -0.9639
vn 0.3372 -0.2107 -0.9175
vn -0.0035 -0.2201 -0.9755
vn -0.0000 -0.1733 -0.9849
vn 0.9636 -0.2325 0.1321
vn 0.9501 -0.2985 0.0908
vn 0.9974 0.0330 0.0642
vn 0.9939 0.0166 0.1090
vn 0.9969 -0.0215 0.0763
vn 0.9930 0.0693 0.0960
vn 0.9956 0.0794 0.0505
vn 0.9749 0.0954 0.2010
vn 0.9937 0.1029 -0.0444
vn 0.9906 0.0885 0.1044
vn 0.9780 0.2041 0.0443
vn 0.9325 0.1730 0.3171
vn 0.9928 0.0972 0.0701
vn 0.9835 0.1725 0.0544
vn 0.9792 0.1885 0.0757
vn 0.9729 0.2284 0.0348
vn 0.9596 0.2624 0.1021
vn 0.7980 0.3610 0.4826
vn 0.8976 0.3776 0.2275
vn 0.7294 0.5025 0.4643
vn 0.7160 0.4809 0.5061
vn 0.8813 0.3982 0.2543
vn 0.9407 0.3205 0.1108
vn 0.7401 0.3341 0.5836
vn 0.9613 0.2715 0.0475
vn 0.9137 0.2392 0.3286
vn 0.4514 0.4147 0.7901
vn 0.9671 0.1891 0.1700
vn 0.9592 0.2814 0.0272
vn 0.7271 0.2626 0.6343
vn 0.2212 0.4307 0.8750
vn 0.4173 0.3443 0.8410
vn 0.1943 0.3413 0.9197
vn 0.9194 0.1458 0.3652
vn 0.7068 0.2397 0.6656
vn 0.1897 0.3114 0.9312
vn 0.0019 0.3511 0.9363
vn 0.3964 0.2953 0.8693
vn 0.1657 0.2890 0.9429
vn -0.0001 0.2950 0.9555
vn 0.3926 0.2716 0.8787
vn 0.6973 0.2329 0.6779
vn 0.9117 0.1477 0.3834
vn 0.1610 0.2448 0.9561
vn -0.0000 0.2386 0.9711
vn 0.3990 0.2528 0.8814
vn 0.6939 0.2325 0.6815
vn 0.1781 0.2068 0.9620
vn -0.0000 0.1975 0.9803
vn 0.4188 0.2248 0.8798
vn 0.2070 0.1336 0.9692
vn -0.0000 0.1169 0.9931
vn 0.9809 0.0760 0.1791
vn 0.9034 0.1620 0.3969
vn 0.6977 0.2218 0.6812
vn 0.4535 0.1710 0.8747
vn 0.2337 0.0181 0.9721
vn -0.0000 0.0087 1.0000
vn 0.9835 0.1679 0.0669
vn 0.8954 0.1769 0.4087
vn 0.7132 0.1928 0.6739
vn 0.4947 0.0497 0.8676
vn 0.7457 0.0944 0.6596
vn 0.8879 0.1822 0.4224
vn 0.8888 0.1861 0.4187
vn 0.9018 0.1292 0.4124
vn 0.9732 0.1196 0.1966
vn 0.9671 0.1420 0.2110
vn 0.9627 0.1565 0.2207
vn 0.9651 0.1417 0.2203
vn 0.9779 0.0998 0.1839
vn 0.9810 0.0772 0.1780
vn 0.9284 0.0142 0.3714
vn 0.9775 0.0845 0.1933
vn 0.7793 -0.0559 0.6242
vn 0.5075 -0.0815 0.8578
vn 0.2265 -0.0627 0.9720
vn -0.0000 -0.0478 0.9989
vn 0.1950 -0.0701 0.9783
vn -0.0000 -0.0491 0.9988
vn 0.5089 -0.1049 0.8544
vn 0.8138 -0.1030 0.5719
vn 0.9490 -0.0632 0.3088
vn 0.1761 -0.0316 0.9839
vn -0.0000 -0.0224 0.9997
vn 0.5165 -0.0568 0.8544
vn 0.8326 -0.0881 0.5468
vn 0.1675 0.0167 0.9857
vn -0.0000 0.0266 0.9996
vn 0.5003 -0.0297 0.8654
vn 0.1508 0.0576 0.9869
vn -0.0000 0.0706 0.9975
vn 0.4590 0.0111 0.8884
vn 0.7757 -0.0735 0.6268
vn 0.8086 -0.1179 0.5764
vn 0.9173 -0.1207 0.3795
vn 0.9037 -0.2051 0.3759
vn 0.9091 -0.2537 0.3304
vn 0.9469 -0.1172 0.2995
vn 0.9111 -0.2850 0.2978
vn 0.8819 -0.4007 0.2483
vn 0.9733 -0.1453 0.1779
vn 0.9094 -0.3668 0.1959
vn 0.8229 -0.5681 -0.0128
vn 0.9885 -0.0092 0.1511
vn 0.9097 -0.4046 -0.0938
vn 0.6938 -0.5495 -0.4655
vn 0.9842 -0.1586 0.0785
vn 0.9981 0.0498 0.0359
vn 0.9845 -0.0918 -0.1492
vn 0.8589 -0.2276 -0.4589
vn 0.9898 0.1298 0.0589
vn 0.7657 0.0348 -0.6423
vn 0.6431 -0.2316 -0.7299
vn 0.9854 0.1181 -0.1224
vn 0.9177 0.0700 -0.3910
vn 0.9877 0.1363 0.0766
vn 0.5857 0.1746 -0.7915
vn 0.5339 0.0443 -0.8444
vn 0.7888 0.1859 -0.5859
vn 0.9241 0.1849 -0.3344
vn 0.9841 0.1528 -0.0901
vn 0.9884 0.1313 0.0765
vn 0.9889 0.1296 -0.0726
vn 0.9371 0.1681 -0.3061
vn 0.7902 0.2159 -0.5736
vn 0.9921 0.1056 0.0681
vn 0.9915 0.1111 -0.0671
vn 0.9484 0.1273 -0.2905
vn 0.9953 0.0788 0.0570
vn 0.9946 0.0767 -0.0698
vn 0.9972 0.0587 0.0455
vn 0.5947 0.2216 -0.7728
vn 0.7994 0.1695 -0.5763
vn 0.9547 0.0942 -0.2824
vn 0.9959 0.0476 -0.0765
vn 0.9989 0.0314 0.0352
vn 0.5885 0.2016 -0.7830
vn 0.8077 0.1166 -0.5780
vn 0.9595 0.0564 -0.2761
vn 0.9960 0.0252 -0.0860
vn 0.9992 0.0294 0.0268
vn 0.9873 -0.0553 -0.1488
vn 0.9938 -0.0199 -0.1091
vn 0.9626 0.0284 -0.2693
vn 0.8158 0.0819 -0.5724
vn 0.9648 0.0064 -0.2628
vn 0.9984 0.0427 -0.0375
vn 0.8282 0.0495 -0.5582
vn 0.9621 -0.0574 -0.2666
vn 0.8415 0.0260 -0.5397
vn 0.9760 0.2169 -0.0205
vn 0.9385 0.3450 -0.0126
vn 0.9523 0.2891 -0.0979
vn 0.9120 0.4090 -0.0322
vn 0.8895 0.4379 -0.1306
vn 0.9889 0.0703 -0.1311
vn 0.9724 0.2304 -0.0366
vn 0.9009 0.4333 -0.0268
vn 0.9744 0.2002 -0.1025
vn 0.9125 0.4038 -0.0656
vn 0.9663 0.1515 -0.2083
vn 0.9522 0.1192 -0.2814
vn 0.6844 0.7271 -0.0547
vn 0.9227 0.3688 -0.1126
vn 0.6599 0.7239 -0.2014
vn 0.6806 0.7325 -0.0146
vn 0.9402 -0.1490 -0.3063
vn 0.7411 0.6711 -0.0187
vn 0.7022 0.7109 -0.0403
vn 0.1690 0.9845 0.0476
vn 0.8955 0.1486 -0.4196
vn 0.2045 0.9767 0.0645
vn 0.3500 0.9139 -0.2056
vn 0.8684 -0.0522 -0.4932
vn 0.8632 -0.1835 -0.4703
vn 0.8333 0.1446 -0.5336
vn 0.8547 0.0133 -0.5189
vn 0.6374 -0.0144 -0.7704
vn 0.6122 0.0206 -0.7904
vn 0.6002 0.0277 -0.7994
vn 0.6721 -0.1206 -0.7306
vn 0.5882 0.0474 -0.8073
vn 0.5783 0.0715 -0.8127
vn 0.5745 0.0961 -0.8128
vn 0.5788 0.1434 -0.8028
vn 0.3071 0.1134 -0.9449
vn 0.3019 0.0787 -0.9501
vn 0.3186 0.1721 -0.9321
vn 0.3272 0.2270 -0.9173
vn -0.0000 0.1559 -0.9878
vn -0.0000 0.1006 -0.9949
vn -0.0000 0.2238 -0.9746
vn -0.0000 0.0706 -0.9975
vn 0.3192 0.2292 -0.9196
vn -0.0000 0.2472 -0.9690
vn 0.2875 0.1652 -0.9434
vn -0.0000 0.2009 -0.9796
vn 0.3006 0.0580 -0.9520
vn -0.0000 0.0505 -0.9987
vn 0.3006 0.0401 -0.9529
vn -0.0000 0.0352 -0.9994
vn 0.3054 0.0264 -0.9519
vn -0.0000 0.0262 -0.9997
vn -0.0000 0.0145 -0.9999
vn 0.3122 0.0161 -0.9499
vn -0.0000 0.0049 -1.0000
vn 0.3125 0.0059 -0.9499
vn -0.0000 -0.0034 -1.0000
vn 0.3120 -0.0244 -0.9498
vn -0.0000 -0.0354 -0.9994
vn 0.3172 -0.0739 -0.9455
vn -0.0000 -0.0983 -0.9952
vn 0.6278 -0.0809 -0.7741
vn 0.3279 -0.1278 -0.9360
vn 0.5077 -0.1487 -0.8486
vn -0.4503 0.4164 -0.7898
vn 0.0712 0.9732 -0.2188
vn -0.7962 0.5812 0.1682
vn -0.0989 0.7912 -0.6035
vn -0.2602 0.9562 0.1337
vn -0.4292 0.8872 0.1694
vn -0.5708 0.7958 0.2023
vn 0.0912 0.9851 0.1457
vn -0.7680 0.6394 -0.0377
vn -0.5337 0.8446 0.0430
vn 0.7394 0.6727 -0.0280
vn 0.0178 0.9878 0.1547
vn 0.9121 0.2413 -0.3313
vn 0.7411 0.6104 -0.2795
vn -0.0654 0.9974 -0.0297
vn 0.5045 0.4628 -0.7289
vn 0.7484 0.5797 -0.3222
vn 0.4459 0.5300 -0.7213
vn -0.1378 0.8292 -0.5417
vn -0.3456 0.8421 -0.4140
vn 0.2645 0.8515 -0.4528
vn -0.2408 0.9072 -0.3451
vn 0.1208 0.8967 -0.4258
vn -0.2630 0.8959 -0.3580
vn -0.7144 0.6869 -0.1337
vn 0.2114 -0.2578 0.9428
vn 0.3250 0.0790 0.9424
vn 0.7008 -0.5596 0.4423
vn 0.7708 -0.5135 -0.3771
vn 0.5856 0.5190 0.6227
vn 0.7839 -0.4476 0.4302
vn 0.9585 -0.1569 0.2380
vn 0.6445 0.7483 0.1570
vn 0.7166 0.6898 -0.1033
vn 0.9949 -0.0593 -0.0814
vn 0.6813 -0.6377 -0.3593
vn 0.6836 -0.4167 -0.5992
vn 0.9606 0.0233 -0.2769
vn 0.5436 -0.7781 -0.3147
vn 0.4951 -0.5967 -0.6315
vn 0.7005 -0.6660 -0.2564
vn 0.5203 -0.8309 -0.1971
vn 0.4296 -0.8187 -0.3810
vn 0.5890 -0.8031 -0.0893
vn 0.3098 -0.9384 -0.1533
vn 0.1974 -0.9791 -0.0484
vn 0.4462 -0.8949 -0.0037
vn 0.7396 -0.6072 -0.2904
vn 0.6366 -0.7408 -0.2141
vn 0.8076 0.0560 -0.5871
vn 0.2962 0.6552 -0.6949
vn 0.9089 0.3573 -0.2151
vn 0.5273 0.3931 -0.7532
vn 0.7920 0.5537 -0.2570
vn 0.3125 0.8437 -0.4366
vn -0.1021 0.6918 -0.7149
vn -0.1880 0.8568 -0.4801
vn -0.4331 0.6137 -0.6601
vn -0.6273 0.7053 -0.3303
vn -0.8774 0.4515 -0.1622
vn -0.9462 0.3216 -0.0364
vn -0.9646 0.2630 -0.0175
vn -0.7610 0.6158 -0.2039
vn -0.9692 0.2450 0.0266
vn -0.2202 0.9080 -0.3563
vn -0.8084 0.5871 -0.0413
vn -0.9622 0.2253 0.1529
vn 0.4468 0.8415 -0.3037
vn 0.8208 0.5432 -0.1769
vn 0.8725 0.4744 -0.1168
vn 0.9757 0.1852 0.1168
vn 0.9861 0.1606 0.0422
vn 0.9517 0.2283 0.2051
vn 0.9076 0.1943 -0.3721
vn 0.9810 0.0387 0.1903
vn 0.9542 0.2160 0.2068
vn 0.8365 -0.0196 -0.5476
vn 0.9336 0.1642 0.3184
vn 0.9941 0.0203 0.1061
vn 0.6893 -0.3409 -0.6392
vn 0.9091 0.2168 0.3556
vn 0.9199 0.1259 0.3715
vn 0.8860 -0.4627 -0.0304
vn 0.9394 0.0506 0.3391
vn 0.4193 -0.8939 -0.1588
vn 0.3216 -0.6005 -0.7321
vn 0.0206 -0.9804 -0.1959
vn 0.0243 -0.6045 -0.7962
vn -0.1640 -0.5240 -0.8358
vn 0.8490 -0.4300 0.3071
vn 0.8962 0.2333 0.3774
vn -0.3215 -0.9221 -0.2153
vn -0.4213 -0.3497 -0.8368
vn 0.4211 -0.8818 0.2122
vn 0.9091 0.0336 0.4153
vn 0.8109 0.0197 0.5849
vn 0.7632 0.2325 0.6029
vn 0.9534 -0.1307 0.2720
vn 0.9948 -0.0212 0.0994
vn 0.3944 -0.7609 0.5153
vn 0.0004 -0.9887 0.1499
vn 0.7743 -0.3720 0.5119
vn 0.6581 -0.3326 0.6755
vn 0.7947 0.0021 0.6070
vn 0.4803 0.2087 0.8519
vn -0.3501 -0.9206 0.1731
vn 0.3235 -0.5781 0.7491
vn 0.5560 -0.3238 0.7655
vn -0.0157 -0.8948 0.4462
vn 0.5743 -0.0093 0.8186
vn 0.1961 0.1837 0.9632
vn 0.5717 -0.1865 0.7990
vn 0.2444 -0.0218 0.9694
vn 0.2891 -0.4303 0.8551
vn -0.3652 -0.8234 0.4344
vn -0.0204 -0.6739 0.7386
vn -0.0577 -0.0589 0.9966
vn -0.3458 -0.6126 0.7107
vn -0.0354 -0.4764 0.8785
vn -0.7543 -0.4991 0.4265
vn -0.3612 -0.4189 0.8331
vn -0.7932 -0.5702 0.2137
vn -0.6395 -0.3819 0.6672
vn -0.7740 -0.6089 -0.1738
vn -0.9830 -0.1831 -0.0141
vn -0.6200 -0.1389 -0.7722
vn -0.9601 -0.0965 0.2624
vn -0.9754 0.0412 0.2164
vn -0.7968 0.0425 -0.6028
vn -0.9047 0.2768 -0.3238
vn -0.9284 -0.0531 0.3676
vn -0.9359 0.1182 0.3320
vn -0.9309 0.1052 0.3498
vn -0.9713 0.0725 0.2264
vn -0.9326 0.0766 0.3527
vn -0.9005 0.1698 0.4002
vn -0.7836 -0.0423 0.6198
vn -0.7762 0.1892 0.6014
vn -0.5697 -0.3094 0.7614
vn -0.5948 -0.0437 0.8027
vn -0.3676 -0.0648 0.9277
vn -0.0414 0.1669 0.9851
vn -0.3108 0.1472 0.9390
vn -0.5591 0.1563 0.8142
vn -0.8395 -0.1144 0.5311
vn -0.9211 0.0180 0.3889
vn -0.6156 -0.2882 0.7335
vn -0.3100 -0.3895 0.8673
vn 0.0250 -0.4179 0.9081
vn -0.9773 -0.0421 0.2078
vn -0.9554 -0.1969 0.2199
vn -0.8269 -0.4596 0.3240
vn -0.5383 -0.7118 0.4512
vn -0.9942 0.0566 0.0919
vn -0.9947 -0.0318 0.0977
vn -0.9934 0.1045 0.0470
vn -0.9722 -0.1820 0.1473
vn -0.2023 -0.8261 0.5260
vn -0.8291 -0.4854 0.2773
vn -0.9968 -0.0130 0.0790
vn -0.9919 0.1204 0.0411
vn -0.4947 -0.7705 0.4020
vn -0.9711 -0.1971 0.1346
vn -0.9980 -0.0244 0.0585
vn -0.9852 0.1347 0.1058
vn -0.9501 0.2285 0.2123
vn -0.9993 -0.0213 0.0321
vn -0.9746 0.1787 0.1353
vn -0.9432 0.3111 0.1167
vn -0.9738 -0.2109 0.0850
vn -0.8202 -0.5267 0.2233
vn -0.9754 -0.2170 -0.0388
vn -0.8646 -0.4973 0.0714
vn -0.9734 0.2250 0.0424
vn -0.9276 0.3733 0.0152
vn -0.9999 0.0067 -0.0081
vn -0.9806 0.1941 -0.0268
vn -0.9309 0.3629 -0.0416
vn -0.9983 0.0161 -0.0560
vn -0.9756 -0.1737 -0.1340
vn -0.8866 -0.4385 -0.1475
vn -0.5996 -0.8002 0.0112
vn -0.9892 0.1387 -0.0481
vn -0.9408 0.3113 -0.1339
vn -0.9975 0.0067 -0.0704
vn -0.9808 -0.1286 -0.1463
vn -0.9117 -0.3132 -0.2658
vn -0.9927 0.0803 -0.0901
vn -0.9480 0.2489 -0.1984
vn -0.9984 -0.0146 -0.0541
vn -0.9871 -0.1022 -0.1231
vn -0.6976 -0.6427 -0.3167
vn -0.9453 -0.2138 -0.2463
vn -0.7699 -0.4531 -0.4495
vn -0.3860 -0.7672 -0.5122
vn -0.9898 0.0165 -0.1418
vn -0.9971 -0.0540 -0.0530
vn -0.9910 -0.1136 -0.0701
vn -0.9652 -0.1914 -0.1784
vn -0.8392 -0.3479 -0.4180
vn -0.9769 -0.0301 -0.2117
vn -0.9477 0.2087 -0.2415
vn -0.9912 -0.0982 -0.0892
vn -0.9882 -0.1495 -0.0344
vn -0.9252 -0.0395 -0.3775
vn -0.9061 0.2102 -0.3672
vn -0.9772 -0.1306 -0.1676
vn -0.7361 0.0096 -0.6768
vn -0.7533 0.2617 -0.6034
vn -0.4810 0.3337 -0.8107
vn -0.9671 -0.2332 -0.1015
vn -0.9814 -0.1825 -0.0588
vn -0.9259 -0.1388 -0.3513
vn -0.3873 0.1065 -0.9158
vn -0.2061 0.3844 -0.8999
vn -0.9611 -0.2721 -0.0474
vn -0.8729 -0.4542 -0.1780
vn -0.9690 -0.2069 -0.1348
vn -0.6940 -0.0850 -0.7150
vn -0.0910 0.1847 -0.9786
vn -0.0000 0.4043 -0.9146
vn -0.0000 0.2127 -0.9771
vn -0.9557 -0.2890 -0.0562
vn -0.9227 -0.2182 -0.3179
vn -0.2504 0.0305 -0.9677
vn 0.0084 0.1109 -0.9938
vn -0.0000 0.1330 -0.9911
vn -0.0000 0.1085 -0.9941
vn -0.6553 -0.1577 -0.7387
vn -0.9458 -0.3018 -0.1203
vn -0.8644 -0.4887 -0.1185
vn 0.0796 0.0926 -0.9925
vn -0.0000 0.1433 -0.9897
vn -0.1346 0.0008 -0.9909
vn -0.9063 -0.3135 -0.2834
vn -0.8669 -0.4873 -0.1049
vn -0.6264 -0.2508 -0.7380
vn -0.0514 -0.0336 -0.9981
vn 0.1528 0.1146 -0.9816
vn -0.8640 -0.4827 -0.1436
vn -0.5386 -0.8039 -0.2521
vn -0.8344 -0.4833 -0.2648
vn 0.1711 0.1640 -0.9715
vn -0.0000 0.1685 -0.9857
vn 0.2910 0.0554 -0.9551
vn -0.5994 -0.4458 -0.6648
vn 0.3855 -0.1913 -0.9027
vn -0.0258 -0.1803 -0.9833
vn 0.3727 -0.5784 -0.7256
vn -0.0362 -0.5460 -0.8370
vn -0.5726 -0.7676 -0.2878
vn -0.4355 -0.7340 -0.5212
vn 0.0863 -0.8364 -0.5413
vn 0.5534 -0.7480 -0.3664
vn -0.5800 -0.7856 -0.2157
vn -0.5590 -0.8004 -0.2164
vn -0.0224 -0.9610 -0.2757
vn -0.0427 -0.9248 -0.3780
vn 0.8294 -0.5586 0.0073
vn 0.9352 -0.2994 0.1893
vn 0.8608 -0.5088 -0.0074
vn 0.5061 -0.8196 -0.2686
vn 0.9629 -0.1189 0.2422
vn 0.5104 -0.8308 -0.2219
vn -0.0538 -0.9544 -0.2938
vn 0.9691 -0.2105 0.1289
vn 0.8824 -0.4691 -0.0366
vn 0.5309 -0.8177 -0.2226
vn 0.8940 -0.4385 -0.0921
vn 0.5580 -0.7918 -0.2484
vn 0.9846 -0.1588 0.0728
vn 0.9854 -0.0347 0.1669
vn 0.9699 -0.0092 0.2434
vn 0.9167 0.1135 0.3831
vn 0.7458 0.1268 0.6539
vn 0.4152 0.1611 0.8954
vn 0.6091 0.4736 0.6362
vn 0.1309 0.1866 0.9737
vn -0.0000 0.1963 0.9806
vn 0.3394 0.4373 0.8328
vn 0.1174 0.4347 0.8929
vn -0.0000 0.4305 0.9026
vn 0.1843 0.5642 0.8048
vn -0.0000 0.5295 0.8483
vn -0.0000 0.3632 0.9317
vn 0.4682 0.5682 0.6767
vn 0.2587 0.6170 0.7432
vn 0.3972 0.7307 0.5553
vn 0.4973 0.8674 0.0165
vn 0.4864 0.8191 0.3041
vn 0.7914 0.4754 0.3844
vn 0.9598 0.1584 0.2319
vn 0.0740 0.9931 -0.0907
vn 0.1799 0.8748 -0.4499
vn 0.8575 0.4544 0.2415
vn 0.9855 0.0683 0.1551
vn -0.1197 0.9346 -0.3349
vn -0.0000 0.8449 -0.5349
vn -0.0000 0.9042 -0.4271
vn 0.5291 0.8321 0.1663
vn 0.9699 0.1958 0.1445
vn 0.9944 0.0213 0.1030
vn 0.8844 0.4405 0.1543
vn 0.5386 0.8392 0.0753
vn 0.9880 0.1239 0.0921
vn 0.9913 -0.1313 0.0066
vn 0.9737 0.2127 0.0811
vn 0.9969 0.0627 0.0480
vn 0.8946 -0.4218 -0.1476
vn -0.0537 0.9781 -0.2009
vn 0.8916 0.4475 0.0698
vn 0.9876 0.1451 0.0593
vn 0.9910 -0.1200 -0.0586
vn 0.5801 -0.7644 -0.2816
vn 0.5129 0.8582 -0.0226
vn 0.9724 0.2248 0.0617
vn 0.9974 0.0723 -0.0018
vn 0.8913 -0.4096 -0.1945
vn 0.0214 -0.9532 -0.3014
vn 0.5947 -0.7382 -0.3184
vn 0.9869 -0.1150 -0.1132
vn 0.9900 0.1370 0.0327
vn 0.0519 -0.9376 -0.3438
vn 0.8877 -0.3992 -0.2294
vn 0.9969 0.0565 -0.0551
vn -0.5526 -0.7758 -0.3046
vn 0.6062 -0.7206 -0.3366
vn 0.9825 -0.1155 -0.1459
vn 0.0472 -0.9225 -0.3830
vn -0.8739 -0.3820 -0.3005
vn -0.5744 -0.6656 -0.4766
vn -0.5623 -0.5302 -0.6345
vn 0.8950 -0.3768 -0.2388
vn -0.4990 -0.5743 -0.6489
vn 0.5684 -0.6638 -0.4861
vn -0.0359 -0.8244 -0.5649
vn -0.0783 -0.6396 -0.7647
vn 0.8947 -0.3206 -0.3111
vn 0.9803 -0.1033 -0.1683
vn -0.0993 -0.6136 -0.7834
vn 0.4735 -0.5408 -0.6952
vn -0.0177 -0.7644 -0.6445
vn 0.9944 0.0415 -0.0968
vn 0.9918 0.1259 -0.0209
vn 0.9701 0.2398 0.0385
vn 0.8758 0.4813 0.0353
vn 0.8493 0.5279 -0.0047
vn 0.4520 0.8903 -0.0547
vn 0.9623 0.2709 -0.0241
vn -0.2077 0.9523 -0.2238
vn -0.4147 0.7310 -0.5419
vn -0.2216 0.7421 -0.6326
vn -0.0000 0.7325 -0.6807
vn -0.6368 0.6339 -0.4388
vn -0.3142 0.9309 -0.1866
vn -0.7578 0.5830 -0.2930
vn 0.4009 0.9099 -0.1064
vn -0.7851 0.5734 -0.2340
vn -0.3316 0.9236 -0.1924
vn -0.7761 0.5879 -0.2282
vn 0.8111 0.5802 -0.0739
vn 0.3522 0.9221 -0.1601
vn -0.7702 0.6162 -0.1644
vn -0.7704 0.6373 -0.0200
vn -0.3312 0.9173 -0.2209
vn 0.7692 0.6267 -0.1247
vn -0.3357 0.9260 -0.1726
vn 0.3185 0.9349 -0.1568
vn 0.9435 0.3175 -0.0948
vn 0.7419 0.6566 -0.1361
vn 0.3218 0.9440 -0.0725
vn 0.4099 0.9005 0.1450
vn -0.3284 0.9444 -0.0127
vn 0.9875 0.1345 -0.0827
vn 0.9151 0.3749 -0.1486
vn -0.2934 0.9223 0.2517
vn 0.9749 0.1765 -0.1359
vn 0.7761 0.6291 -0.0442
vn -0.7953 0.5931 0.1250
vn -0.2607 0.8422 0.4720
vn -0.8264 0.4947 0.2691
vn -0.8216 0.4404 0.3620
vn -0.8290 0.4868 0.2754
vn -0.2508 0.7764 0.5781
vn 0.5005 0.7810 0.3735
vn -0.2309 0.9729 0.0128
vn -0.2262 0.8725 0.4330
vn 0.5375 0.8422 -0.0428
vn 0.5380 0.6908 0.4832
vn 0.5765 0.7418 0.3427
vn 0.8453 0.5160 0.1388
vn 0.8971 0.4383 -0.0553
vn 0.9010 0.4095 0.1430
vn 0.8798 0.4088 0.2427
vn 0.9793 0.1990 0.0361
vn 0.9844 0.1746 -0.0224
vn 0.9631 0.2571 0.0793
vn 0.9299 0.3675 -0.0141
vn 0.9967 0.0408 -0.0707
vn 0.9842 0.1772 0.0001
vn 0.9998 -0.0167 -0.0125
vn 0.9976 -0.0216 0.0655
vn 0.9858 0.1495 -0.0766
vn 0.9007 0.4126 -0.1360
vn 0.9760 -0.0742 -0.2047
vn 0.9776 -0.2082 -0.0303
vn 0.9579 -0.2522 0.1375
vn 0.9644 0.2348 -0.1217
vn 0.9586 0.2329 -0.1638
vn 0.9727 0.0580 -0.2246
vn 0.9011 -0.4260 -0.0814
vn 0.9530 -0.2416 0.1826
vn 0.9744 0.1102 -0.1960
vn 0.9801 0.0883 -0.1779
vn 0.8965 -0.2305 -0.3784
vn 0.8344 -0.5157 0.1946
vn 0.8308 -0.3899 0.3973
vn 0.9151 -0.0713 -0.3970
vn 0.7385 -0.6568 -0.1523
vn 0.8202 -0.4922 0.2914
vn 0.6228 -0.6077 0.4928
vn 0.6430 -0.7328 0.2226
vn 0.9575 -0.0300 -0.2870
vn 0.6974 -0.4406 -0.5652
vn 0.7350 -0.2890 -0.6134
vn 0.3679 -0.6451 -0.6697
vn 0.3183 -0.3493 0.8813
vn 0.3852 -0.7484 0.5399
vn 0.4579 -0.8650 -0.2055
vn 0.6225 -0.6858 0.3770
vn 0.1130 -0.8258 0.5525
vn 0.4037 -0.8077 0.4298
vn -0.1323 -0.8805 0.4552
vn 0.4256 -0.8735 0.2362
vn 0.1623 -0.8745 0.4571
vn -0.4790 -0.8321 0.2796
vn 0.1749 -0.9512 0.2540
vn -0.1193 -0.9535 0.2769
vn -0.2422 -0.9660 -0.0903
vn 0.1226 -0.9697 -0.2112
vn 0.3646 -0.5137 -0.7766
vn 0.8376 -0.2694 -0.4752
vn 0.9757 -0.0612 -0.2103
vn 0.9895 0.0512 -0.1351
vn 0.8365 0.2448 -0.4903
vn 0.5251 -0.0000 -0.8510
vn 0.4011 0.1189 -0.9083
vn 0.9585 -0.0296 -0.2835
vn 0.5664 -0.1697 -0.8065
vn 0.9921 -0.0593 0.1103
vn 0.9304 0.3437 -0.1275
vn 0.9488 -0.2542 -0.1875
vn 0.3736 -0.4271 -0.8234
vn 0.9949 -0.0472 0.0890
vn 0.9395 0.3356 -0.0683
vn 0.9724 -0.1371 0.1890
vn 0.9980 -0.0048 0.0627
vn 0.9358 0.3340 -0.1129
vn 0.7579 -0.4089 0.5084
vn 0.7831 -0.5586 0.2731
vn 0.7990 -0.1510 0.5821
vn 0.9569 -0.2432 0.1584
vn 0.3722 -0.5726 0.7305
vn 0.7152 -0.6477 -0.2627
vn 0.7937 -0.5925 0.1379
vn 0.2849 -0.8981 -0.3350
vn 0.1499 -0.5121 -0.8458
vn 0.3702 -0.9212 0.1199
vn 0.7339 -0.5416 0.4101
vn 0.8890 -0.1835 0.4195
vn -0.0567 -0.9378 -0.3424
vn -0.0390 -0.5653 -0.8240
vn -0.1918 -0.5053 -0.8414
vn -0.0455 -0.9934 0.1054
vn 0.3491 -0.8038 0.4818
vn -0.3273 -0.8773 -0.3510
vn -0.2892 -0.4269 -0.8568
vn -0.3596 -0.9292 0.0850
vn -0.5392 -0.7554 -0.3723
vn -0.4194 -0.3288 -0.8462
vn 0.5908 -0.4712 0.6549
vn -0.0342 -0.8537 0.5196
vn -0.3454 -0.8018 0.4877
vn 0.3050 -0.5714 0.7618
vn 0.6438 -0.0906 0.7598
vn 0.3183 -0.0812 0.9445
vn 0.5127 0.0174 0.8584
vn 0.2612 0.1607 0.9518
vn 0.0581 -0.0885 0.9944
vn -0.0127 -0.5856 0.8105
vn -0.3064 -0.5357 0.7869
vn 0.1060 -0.5160 0.8500
vn 0.0914 0.2326 0.9683
vn -0.1902 -0.0631 0.9797
vn -0.5756 -0.4059 0.7099
vn 0.3262 -0.8899 0.3188
vn -0.5792 -0.6918 0.4312
vn -0.5912 -0.8055 0.0399
vn -0.8125 -0.4751 0.3379
vn -0.8542 -0.5169 0.0562
vn -0.7914 -0.5109 -0.3356
vn -0.9777 -0.1214 0.1716
vn -0.9536 -0.0961 -0.2852
vn -0.5122 -0.1128 -0.8514
vn -0.4895 0.2383 -0.8388
vn -0.8519 -0.2072 0.4810
vn -0.8922 0.3752 -0.2515
vn -0.3661 0.3807 -0.8491
vn -0.4688 -0.0099 0.8833
vn -0.9338 0.2716 0.2331
vn -0.7811 0.1014 0.6161
vn -0.0628 0.2620 0.9630
vn -0.2545 0.2560 0.9326
vn -0.6077 0.3124 0.7302
vn -0.8160 0.5294 0.2322
vn -0.6896 0.6525 -0.3140
vn -0.5722 0.6663 -0.4781
vn -0.2638 0.3233 -0.9088
vn -0.0765 -0.4005 0.9131
vn -0.7812 -0.0731 0.6200
vn -0.2577 -0.3394 0.9047
vn -0.3655 0.7116 -0.6000
vn -0.1770 0.3580 -0.9168
vn 0.0397 0.3647 -0.9303
vn -0.8784 0.4717 0.0767
vn -0.4511 -0.2945 0.8425
vn 0.0563 0.7446 -0.6651
vn 0.2467 0.2841 -0.9265
vn 0.5144 0.5706 -0.6401
vn 0.0279 0.9223 -0.3855
vn 0.6295 0.7102 -0.3151
vn 0.6478 0.7256 -0.2321
vn -0.4649 0.8290 -0.3108
vn 0.6361 0.7312 -0.2464
vn 0.9260 0.3522 -0.1363
vn -0.0107 0.9401 -0.3407
vn -0.6632 0.7105 -0.2353
vn -0.0351 0.9405 -0.3379
vn -0.5195 0.8029 -0.2925
vn 0.6019 0.7561 -0.2569
vn 0.9299 0.3615 -0.0678
vn -0.9362 0.3475 -0.0527
vn -0.7156 0.6714 -0.1930
vn -0.5782 0.7641 -0.2861
vn -0.0997 0.9378 -0.3327
vn 0.6000 0.7628 -0.2411
vn 0.9449 0.3273 0.0126
vn -0.9042 -0.3842 0.1867
vn -0.9228 0.3830 -0.0429
vn -0.5830 -0.7745 0.2453
vn -0.7925 0.5779 -0.1948
vn -0.9717 -0.2187 0.0896
vn -0.3699 -0.8962 0.2449
vn -0.9319 0.3479 -0.1028
vn -0.6868 -0.7195 0.1033
vn -0.1914 -0.9455 0.2634
vn -0.9946 -0.1018 -0.0216
vn -0.3860 -0.9186 0.0844
vn -0.0009 -0.9577 0.2878
vn -0.7879 -0.6152 0.0282
vn -0.1478 -0.9827 0.1115
vn -0.9331 0.3131 -0.1769
vn -0.9903 -0.0604 -0.1254
vn -0.8227 -0.5659 -0.0540
vn -0.8281 0.5158 -0.2195
vn -0.6345 0.7209 -0.2787
vn -0.2326 0.9012 -0.3658
vn -0.0941 -0.9902 0.1031
vn -0.4195 -0.9057 0.0609
vn -0.4226 -0.9060 0.0226
vn 0.0941 -0.9796 0.1777
vn -0.0533 -0.9957 0.0764
vn 0.1990 -0.9686 0.1490
vn 0.4690 -0.8502 0.2390
vn 0.5722 -0.8045 0.1592
vn 0.8680 -0.4569 0.1946
vn 0.2476 -0.9634 0.1031
vn -0.0277 -0.9994 0.0229
vn 0.9060 -0.4142 0.0872
vn 0.6015 -0.7941 0.0870
vn 0.9999 -0.0000 -0.0171
vn 0.9127 -0.4083 0.0172
vn 0.9980 0.0092 -0.0623
vn 0.2689 -0.9620 0.0480
vn 0.6152 -0.7863 0.0583
vn 0.9178 -0.3945 0.0448
vn 0.9997 0.0256 0.0045
vn 0.2872 -0.9559 -0.0611
vn 0.6461 -0.7630 -0.0203
vn 0.9312 -0.3631 0.0331
vn 0.9981 0.0291 0.0552
vn 0.9944 0.0657 0.0825
vn 0.9454 0.3018 0.1233
vn 0.9281 0.2942 0.2283
vn 0.9554 -0.2886 -0.0623
vn 0.6767 -0.7028 -0.2193
vn 0.2746 -0.9217 -0.2740
vn -0.0274 -0.9969 -0.0735
vn 0.9785 0.1387 0.1526
vn 0.5964 0.1658 -0.7854
vn 0.6912 0.0872 -0.7174
vn -0.4552 -0.1714 -0.8737
vn 0.9625 -0.2342 -0.1371
vn 0.9843 -0.0974 -0.1471
vn 0.6781 -0.6323 -0.3747
vn 0.2318 -0.8707 -0.4337
vn -0.4093 -0.9120 -0.0262
vn -0.0813 -0.9695 -0.2314
vn -0.4161 -0.9058 -0.0795
vn -0.8310 -0.5487 -0.0912
vn -0.9914 -0.0288 -0.1276
vn -0.8516 -0.5183 -0.0780
vn -0.4737 -0.8671 -0.1540
vn -0.1667 -0.9137 -0.3706
vn -0.9381 0.3154 -0.1429
vn -0.9985 0.0157 -0.0524
vn -0.8910 -0.4505 -0.0569
vn -0.8535 0.4925 -0.1705
vn -0.9491 0.3115 -0.0477
vn -0.6965 0.6772 -0.2373
vn -0.6104 0.7085 -0.3542
vn -0.8937 0.4385 -0.0950
vn -0.9979 0.0613 0.0194
vn -0.5637 -0.7881 -0.2473
vn -0.7882 0.5779 -0.2116
vn -0.9603 0.2787 0.0149
vn -0.9284 -0.3604 -0.0908
vn -0.9325 0.3563 -0.0599
vn -0.9958 0.0915 0.0005
vn -0.8694 0.4608 -0.1783
vn -0.9714 0.2371 -0.0096
vn -0.9587 0.2752 -0.0723
vn -0.6420 -0.7070 -0.2966
vn -0.9494 -0.2853 -0.1314
vn -0.9940 0.0967 -0.0509
vn -0.9772 0.2012 -0.0681
vn -0.2149 -0.8786 -0.4265
vn 0.2349 -0.8501 -0.4713
vn 0.7007 -0.5863 -0.4065
vn 0.2786 -0.8332 -0.4776
vn -0.2081 -0.8743 -0.4385
vn -0.7127 -0.6288 -0.3110
vn -0.9639 -0.2245 -0.1428
vn -0.9935 0.0849 -0.0758
vn 0.9767 -0.0280 -0.2129
vn 0.7523 -0.5306 -0.3906
vn 0.9939 0.0494 -0.0990
vn -0.8101 -0.5289 -0.2529
vn -0.4174 -0.8438 -0.3373
vn -0.9782 -0.1706 -0.1181
vn -0.9814 0.1642 -0.0992
vn -0.9953 0.0658 -0.0715
vn -0.9693 0.2200 -0.1101
vn -0.9336 0.3330 -0.1327
vn -0.8740 -0.4599 -0.1571
vn -0.5426 -0.8188 -0.1875
vn -0.9887 -0.1331 -0.0683
vn -0.9723 0.1946 -0.1292
vn -0.9876 0.1243 -0.0959
vn -0.9336 0.3417 -0.1075
vn -0.9984 0.0445 -0.0357
vn -0.1039 -0.9923 -0.0681
vn -0.6183 -0.7821 -0.0776
vn -0.8711 -0.4904 -0.0257
vn -0.9898 -0.1392 0.0299
vn -0.3558 -0.9332 0.0507
vn 0.0256 -0.9726 -0.2311
vn -0.7310 -0.6710 0.1243
vn 0.1834 -0.9132 -0.3639
vn 0.4806 -0.7694 -0.4207
vn 0.8631 -0.4176 -0.2841
vn 0.7755 -0.1188 -0.6201
vn -0.1270 -0.2273 -0.9655
vn -0.9636 -0.2325 0.1321
vn -0.3281 -0.2209 -0.9184
vn -0.2795 -0.1725 -0.9445
vn -0.3348 -0.1839 -0.9242
vn -0.9501 -0.2985 0.0908
vn -0.9969 -0.0215 0.0763
vn -0.9939 0.0166 0.1090
vn -0.9930 0.0693 0.0960
vn -0.9974 0.0331 0.0642
vn -0.9956 0.0793 0.0505
vn -0.9749 0.0953 0.2010
vn -0.9937 0.1029 -0.0444
vn -0.9906 0.0885 0.1044
vn -0.9780 0.2041 0.0443
vn -0.9326 0.1731 0.3166
vn -0.9928 0.0972 0.0701
vn -0.9835 0.1725 0.0544
vn -0.9792 0.1885 0.0757
vn -0.9730 0.2284 0.0348
vn -0.9724 0.2305 -0.0369
vn -0.9596 0.2624 0.1021
vn -0.7991 0.3608 0.4809
vn -0.8976 0.3775 0.2275
vn -0.7300 0.5029 0.4628
vn -0.7158 0.4815 0.5058
vn -0.8813 0.3982 0.2544
vn -0.9407 0.3205 0.1108
vn -0.7400 0.3339 0.5839
vn -0.9613 0.2715 0.0475
vn -0.9137 0.2392 0.3284
vn -0.4509 0.4140 0.7907
vn -0.9671 0.1891 0.1700
vn -0.9592 0.2814 0.0272
vn -0.7271 0.2626 0.6343
vn -0.2132 0.4274 0.8786
vn -0.4173 0.3443 0.8410
vn -0.1858 0.3405 0.9217
vn -0.9194 0.1458 0.3652
vn -0.7068 0.2397 0.6656
vn -0.3964 0.2953 0.8693
vn -0.1832 0.3064 0.9341
vn -0.1648 0.2884 0.9432
vn -0.3926 0.2716 0.8787
vn -0.6973 0.2328 0.6779
vn -0.9117 0.1477 0.3834
vn -0.9809 0.0761 0.1790
vn -0.1610 0.2448 0.9561
vn -0.3990 0.2528 0.8814
vn -0.6939 0.2325 0.6815
vn -0.1781 0.2068 0.9620
vn -0.4188 0.2248 0.8798
vn -0.2070 0.1336 0.9692
vn -0.9034 0.1620 0.3970
vn -0.6977 0.2218 0.6812
vn -0.4535 0.1711 0.8747
vn -0.2337 0.0181 0.9721
vn -0.8954 0.1769 0.4087
vn -0.7132 0.1928 0.6739
vn -0.4947 0.0497 0.8677
vn -0.2266 -0.0627 0.9720
vn -0.7457 0.0944 0.6596
vn -0.5075 -0.0815 0.8578
vn -0.1950 -0.0701 0.9783
vn -0.7792 -0.0558 0.6242
vn -0.5089 -0.1049 0.8544
vn -0.1761 -0.0316 0.9839
vn -0.8138 -0.1030 0.5719
vn -0.5166 -0.0569 0.8543
vn -0.1675 0.0168 0.9857
vn -0.1508 0.0577 0.9869
vn -0.4590 0.0111 0.8884
vn -0.5002 -0.0297 0.8654
vn -0.7757 -0.0735 0.6268
vn -0.8086 -0.1179 0.5764
vn -0.9173 -0.1206 0.3795
vn -0.8326 -0.0881 0.5468
vn -0.9037 -0.2052 0.3759
vn -0.9091 -0.2538 0.3304
vn -0.9469 -0.1172 0.2996
vn -0.9111 -0.2850 0.2978
vn -0.8819 -0.4007 0.2483
vn -0.9490 -0.0632 0.3088
vn -0.9094 -0.3668 0.1959
vn -0.8229 -0.5681 -0.0128
vn -0.9733 -0.1454 0.1779
vn -0.9284 0.0142 0.3714
vn -0.9097 -0.4046 -0.0938
vn -0.6938 -0.5495 -0.4655
vn -0.9842 -0.1586 0.0785
vn -0.9885 -0.0092 0.1511
vn -0.9018 0.1292 0.4124
vn -0.9775 0.0845 0.1933
vn -0.9981 0.0495 0.0360
vn -0.9845 -0.0918 -0.1491
vn -0.8589 -0.2276 -0.4589
vn -0.8879 0.1822 0.4224
vn -0.9651 0.1417 0.2203
vn -0.9898 0.1298 0.0588
vn -0.7657 0.0348 -0.6423
vn -0.6431 -0.2316 -0.7299
vn -0.9854 0.1181 -0.1224
vn -0.9177 0.0700 -0.3910
vn -0.8888 0.1862 0.4187
vn -0.9627 0.1564 0.2206
vn -0.5857 0.1746 -0.7915
vn -0.5339 0.0443 -0.8444
vn -0.9877 0.1362 0.0765
vn -0.9842 0.1527 -0.0901
vn -0.7888 0.1859 -0.5859
vn -0.9241 0.1848 -0.3344
vn -0.9672 0.1418 0.2109
vn -0.9884 0.1313 0.0765
vn -0.9889 0.1294 -0.0728
vn -0.9370 0.1684 -0.3061
vn -0.7902 0.2159 -0.5736
vn -0.9732 0.1196 0.1966
vn -0.9921 0.1056 0.0681
vn -0.9915 0.1112 -0.0670
vn -0.9484 0.1273 -0.2905
vn -0.9779 0.0998 0.1840
vn -0.9953 0.0787 0.0570
vn -0.9946 0.0769 -0.0697
vn -0.9810 0.0772 0.1780
vn -0.9972 0.0587 0.0454
vn -0.7994 0.1695 -0.5763
vn -0.9547 0.0942 -0.2824
vn -0.9959 0.0478 -0.0765
vn -0.9989 0.0312 0.0351
vn -0.8077 0.1166 -0.5780
vn -0.9595 0.0564 -0.2761
vn -0.9960 0.0251 -0.0861
vn -0.8159 0.0820 -0.5724
vn -0.9626 0.0284 -0.2693
vn -0.8282 0.0495 -0.5582
vn -0.5788 0.1434 -0.8028
vn -0.5745 0.0960 -0.8129
vn -0.5885 0.2015 -0.7830
vn -0.5783 0.0712 -0.8127
vn -0.3071 0.1134 -0.9449
vn -0.5947 0.2216 -0.7728
vn -0.3186 0.1721 -0.9321
vn -0.3272 0.2270 -0.9173
vn -0.3019 0.0785 -0.9501
vn -0.3191 0.2292 -0.9196
vn -0.2874 0.1651 -0.9435
vn -0.3006 0.0581 -0.9520
vn -0.3006 0.0400 -0.9529
vn -0.5882 0.0474 -0.8073
vn -0.3054 0.0264 -0.9519
vn -0.8414 0.0259 -0.5397
vn -0.3121 0.0162 -0.9499
vn -0.6002 0.0277 -0.7994
vn -0.9648 0.0063 -0.2628
vn -0.3125 0.0059 -0.9499
vn -0.8548 0.0134 -0.5189
vn -0.6122 0.0206 -0.7904
vn -0.9938 -0.0199 -0.1091
vn -0.9873 -0.0553 -0.1488
vn -0.9621 -0.0575 -0.2666
vn -0.3120 -0.0244 -0.9498
vn -0.8684 -0.0522 -0.4932
vn -0.6374 -0.0144 -0.7704
vn -0.3172 -0.0738 -0.9455
vn -0.9402 -0.1489 -0.3063
vn -0.8632 -0.1836 -0.4703
vn -0.6721 -0.1206 -0.7306
vn -0.3279 -0.1278 -0.9360
vn -0.5077 -0.1487 -0.8486
vn -0.6278 -0.0809 -0.7741
vn 0.4503 0.4164 -0.7898
vn -0.8333 0.1446 -0.5336
vn 0.7962 0.5812 0.1682
vn -0.8955 0.1486 -0.4196
vn 0.7680 0.6394 -0.0377
vn -0.9522 0.1192 -0.2814
vn 0.7144 0.6869 -0.1337
vn 0.2630 0.8959 -0.3580
vn 0.2408 0.9072 -0.3450
vn -0.1208 0.8967 -0.4258
vn -0.2646 0.8515 -0.4528
vn 0.3456 0.8421 -0.4140
vn -0.4459 0.5300 -0.7213
vn 0.5337 0.8446 0.0430
vn -0.7485 0.5797 -0.3222
vn -0.9121 0.2413 -0.3313
vn 0.1378 0.8292 -0.5417
vn -0.5045 0.4628 -0.7289
vn 0.0654 0.9974 -0.0297
vn 0.5708 0.7958 0.2023
vn -0.7411 0.6104 -0.2795
vn -0.0178 0.9878 0.1547
vn -0.7394 0.6727 -0.0280
vn -0.7411 0.6711 -0.0187
vn -0.0912 0.9851 0.1457
vn 0.0989 0.7912 -0.6035
vn 0.4292 0.8872 0.1694
vn -0.0712 0.9732 -0.2188
vn -0.2046 0.9767 0.0645
vn -0.9227 0.3688 -0.1126
vn -0.3500 0.9139 -0.2056
vn 0.2602 0.9562 0.1338
vn -0.7021 0.7109 -0.0402
vn -0.6599 0.7239 -0.2013
vn -0.8895 0.4379 -0.1306
vn -0.1690 0.9845 0.0476
vn -0.6806 0.7325 -0.0146
vn -0.9125 0.4038 -0.0656
vn -0.6844 0.7271 -0.0547
vn -0.9744 0.2002 -0.1025
vn -0.9009 0.4333 -0.0268
vn -0.9120 0.4090 -0.0322
vn -0.9385 0.3450 -0.0126
vn -0.9523 0.2892 -0.0979
vn -0.9760 0.2169 -0.0205
vn -0.9835 0.1679 0.0670
vn -0.9984 0.0427 -0.0375
vn -0.9992 0.0294 0.0268
vn -0.9889 0.0703 -0.1311
vn -0.9663 0.1514 -0.2083
vn -0.2115 -0.2583 0.9426
vn -0.3251 0.0791 0.9424
vn -0.7007 -0.5601 0.4420
vn -0.7709 -0.5138 -0.3764
vn -0.5856 0.5190 0.6226
vn -0.7840 -0.4476 0.4300
vn -0.9585 -0.1569 0.2380
vn -0.6445 0.7483 0.1570
vn -0.7166 0.6898 -0.1032
vn -0.9949 -0.0592 -0.0814
vn -0.6815 -0.6376 -0.3592
vn -0.6839 -0.4172 -0.5985
vn -0.9606 0.0233 -0.2769
vn -0.5437 -0.7781 -0.3147
vn -0.4965 -0.5962 -0.6309
vn -0.7009 -0.6651 -0.2577
vn -0.5203 -0.8309 -0.1971
vn -0.4308 -0.8181 -0.3809
vn -0.5888 -0.8031 -0.0916
vn -0.3104 -0.9381 -0.1535
vn -0.1975 -0.9791 -0.0484
vn -0.4447 -0.8957 -0.0055
vn -0.7383 -0.6071 -0.2939
vn -0.6366 -0.7408 -0.2141
vn -0.8041 0.0555 -0.5919
vn -0.9089 0.3573 -0.2151
vn -0.2962 0.6552 -0.6949
vn -0.5273 0.3931 -0.7532
vn -0.7920 0.5537 -0.2570
vn -0.3125 0.8437 -0.4366
vn 0.1021 0.6918 -0.7149
vn 0.1880 0.8568 -0.4801
vn 0.4331 0.6137 -0.6601
vn 0.6273 0.7053 -0.3303
vn 0.8774 0.4515 -0.1622
vn 0.9462 0.3216 -0.0364
vn 0.9647 0.2629 -0.0175
vn 0.7610 0.6158 -0.2039
vn 0.9692 0.2450 0.0266
vn 0.2202 0.9080 -0.3563
vn 0.8084 0.5871 -0.0413
vn 0.9622 0.2253 0.1529
vn -0.4468 0.8415 -0.3037
vn -0.8208 0.5432 -0.1769
vn -0.8725 0.4745 -0.1168
vn -0.9757 0.1851 0.1169
vn -0.9861 0.1606 0.0422
vn -0.9517 0.2283 0.2050
vn -0.9076 0.1943 -0.3721
vn -0.9810 0.0387 0.1903
vn -0.9542 0.2160 0.2068
vn -0.8365 -0.0196 -0.5476
vn -0.9336 0.1641 0.3184
vn -0.9941 0.0203 0.1061
vn -0.6894 -0.3409 -0.6392
vn -0.9091 0.2168 0.3556
vn -0.9199 0.1259 0.3715
vn -0.8860 -0.4627 -0.0304
vn -0.9394 0.0506 0.3391
vn -0.4193 -0.8939 -0.1588
vn -0.3216 -0.6005 -0.7321
vn -0.0205 -0.9804 -0.1959
vn -0.0243 -0.6045 -0.7962
vn 0.1640 -0.5240 -0.8358
vn -0.8490 -0.4300 0.3071
vn -0.8962 0.2333 0.3774
vn 0.3215 -0.9221 -0.2153
vn 0.4213 -0.3497 -0.8368
vn -0.4211 -0.8818 0.2122
vn -0.9091 0.0336 0.4153
vn -0.8109 0.0197 0.5849
vn -0.7632 0.2324 0.6029
vn -0.9534 -0.1307 0.2720
vn -0.9948 -0.0212 0.0994
vn -0.3944 -0.7609 0.5153
vn -0.0004 -0.9887 0.1499
vn -0.7743 -0.3720 0.5119
vn -0.6581 -0.3326 0.6755
vn -0.7947 0.0021 0.6070
vn -0.4803 0.2087 0.8519
vn 0.3501 -0.9206 0.1731
vn -0.3235 -0.5781 0.7491
vn -0.5560 -0.3238 0.7655
vn 0.0157 -0.8948 0.4462
vn -0.5742 -0.0093 0.8186
vn -0.1961 0.1837 0.9632
vn -0.5717 -0.1865 0.7990
vn -0.2444 -0.0218 0.9694
vn -0.2891 -0.4303 0.8551
vn 0.3652 -0.8234 0.4344
vn 0.0204 -0.6739 0.7386
vn 0.0577 -0.0589 0.9966
vn 0.3458 -0.6126 0.7107
vn 0.0354 -0.4764 0.8785
vn 0.7543 -0.4991 0.4265
vn 0.3612 -0.4189 0.8331
vn 0.7932 -0.5702 0.2137
vn 0.6395 -0.3819 0.6672
vn 0.7740 -0.6089 -0.1738
vn 0.9830 -0.1831 -0.0141
vn 0.6200 -0.1389 -0.7722
vn 0.9601 -0.0965 0.2624
vn 0.9754 0.0412 0.2164
vn 0.7968 0.0425 -0.6028
vn 0.9047 0.2768 -0.3238
vn 0.9285 -0.0531 0.3676
vn 0.9359 0.1182 0.3320
vn 0.9309 0.1052 0.3498
vn 0.9713 0.0725 0.2264
vn 0.9326 0.0766 0.3527
vn 0.9005 0.1698 0.4002
vn 0.7836 -0.0423 0.6199
vn 0.7762 0.1892 0.6014
vn 0.5697 -0.3094 0.7614
vn 0.5948 -0.0437 0.8027
vn 0.3676 -0.0648 0.9277
vn 0.0414 0.1669 0.9851
vn 0.3108 0.1472 0.9390
vn 0.5591 0.1563 0.8142
vn 0.8395 -0.1144 0.5311
vn 0.6156 -0.2882 0.7335
vn 0.3101 -0.3895 0.8673
vn -0.0250 -0.4179 0.9081
vn 0.9211 0.0180 0.3889
vn 0.9773 -0.0421 0.2078
vn 0.9554 -0.1969 0.2199
vn 0.8269 -0.4596 0.3240
vn 0.5383 -0.7118 0.4512
vn 0.9942 0.0566 0.0919
vn 0.9947 -0.0318 0.0977
vn 0.9934 0.1045 0.0470
vn 0.9722 -0.1820 0.1472
vn 0.2023 -0.8261 0.5260
vn 0.8292 -0.4854 0.2773
vn 0.9968 -0.0130 0.0790
vn 0.9919 0.1204 0.0411
vn 0.4947 -0.7705 0.4020
vn 0.9711 -0.1971 0.1346
vn 0.9980 -0.0244 0.0585
vn 0.9852 0.1347 0.1058
vn 0.9501 0.2285 0.2123
vn 0.9993 -0.0213 0.0321
vn 0.9746 0.1787 0.1353
vn 0.9432 0.3111 0.1167
vn 0.9738 -0.2109 0.0849
vn 0.8202 -0.5267 0.2233
vn 0.9754 -0.2169 -0.0388
vn 0.8646 -0.4973 0.0714
vn 0.9734 0.2250 0.0424
vn 0.9276 0.3733 0.0151
vn 0.9999 0.0067 -0.0081
vn 0.9806 0.1941 -0.0268
vn 0.9309 0.3629 -0.0416
vn 0.9983 0.0162 -0.0560
vn 0.9757 -0.1736 -0.1339
vn 0.8866 -0.4385 -0.1475
vn 0.5996 -0.8002 0.0112
vn 0.9892 0.1387 -0.0481
vn 0.9408 0.3113 -0.1339
vn 0.9975 0.0067 -0.0704
vn 0.9809 -0.1285 -0.1463
vn 0.9117 -0.3132 -0.2658
vn 0.9927 0.0804 -0.0901
vn 0.9480 0.2489 -0.1984
vn 0.9984 -0.0146 -0.0541
vn 0.9871 -0.1022 -0.1231
vn 0.6976 -0.6427 -0.3167
vn 0.9453 -0.2137 -0.2463
vn 0.7699 -0.4531 -0.4495
vn 0.3860 -0.7672 -0.5122
vn 0.9898 0.0165 -0.1418
vn 0.9971 -0.0537 -0.0534
vn 0.9910 -0.1137 -0.0701
vn 0.9652 -0.1914 -0.1784
vn 0.8392 -0.3479 -0.4180
vn 0.9769 -0.0301 -0.2117
vn 0.9477 0.2087 -0.2415
vn 0.9912 -0.0982 -0.0891
vn 0.9882 -0.1496 -0.0343
vn 0.9251 -0.0395 -0.3775
vn 0.9061 0.2102 -0.3672
vn 0.9772 -0.1306 -0.1676
vn 0.7361 0.0096 -0.6768
vn 0.7533 0.2617 -0.6034
vn 0.4810 0.3337 -0.8107
vn 0.9671 -0.2332 -0.1015
vn 0.9814 -0.1825 -0.0588
vn 0.9259 -0.1385 -0.3514
vn 0.3873 0.1065 -0.9158
vn 0.2061 0.3844 -0.8999
vn 0.9610 -0.2723 -0.0474
vn 0.8730 -0.4542 -0.1779
vn 0.9690 -0.2070 -0.1348
vn 0.6940 -0.0850 -0.7150
vn 0.0911 0.1846 -0.9786
vn 0.9557 -0.2890 -0.0562
vn 0.9227 -0.2182 -0.3179
vn 0.2504 0.0306 -0.9677
vn -0.0084 0.1109 -0.9938
vn 0.6553 -0.1577 -0.7387
vn 0.9458 -0.3017 -0.1203
vn 0.8643 -0.4887 -0.1185
vn -0.0796 0.0926 -0.9925
vn 0.1346 0.0008 -0.9909
vn 0.9063 -0.3135 -0.2834
vn 0.8669 -0.4873 -0.1049
vn 0.6264 -0.2508 -0.7380
vn 0.0514 -0.0336 -0.9981
vn -0.1529 0.1146 -0.9816
vn 0.8640 -0.4827 -0.1436
vn 0.5386 -0.8040 -0.2521
vn 0.8344 -0.4833 -0.2648
vn -0.1711 0.1641 -0.9715
vn -0.2909 0.0554 -0.9551
vn 0.5994 -0.4458 -0.6648
vn -0.3855 -0.1913 -0.9027
vn 0.0258 -0.1803 -0.9833
vn -0.3727 -0.5784 -0.7256
vn 0.0362 -0.5461 -0.8370
vn 0.5727 -0.7676 -0.2879
vn 0.4355 -0.7340 -0.5212
vn -0.0863 -0.8364 -0.5413
vn -0.5534 -0.7480 -0.3664
vn 0.5800 -0.7856 -0.2157
vn 0.5590 -0.8004 -0.2164
vn 0.0224 -0.9610 -0.2757
vn 0.0427 -0.9248 -0.3780
vn -0.8294 -0.5586 0.0073
vn -0.9352 -0.2994 0.1893
vn -0.8608 -0.5088 -0.0074
vn -0.5061 -0.8196 -0.2686
vn -0.9629 -0.1189 0.2422
vn -0.5103 -0.8308 -0.2221
vn 0.0539 -0.9544 -0.2937
vn -0.9691 -0.2105 0.1289
vn -0.8824 -0.4690 -0.0366
vn -0.5309 -0.8177 -0.2226
vn -0.8940 -0.4384 -0.0922
vn -0.5579 -0.7918 -0.2484
vn -0.9846 -0.1588 0.0728
vn -0.9854 -0.0347 0.1669
vn -0.9699 -0.0092 0.2433
vn -0.9167 0.1134 0.3832
vn -0.7458 0.1268 0.6539
vn -0.4152 0.1611 0.8954
vn -0.6090 0.4735 0.6363
vn -0.1310 0.1865 0.9737
vn -0.3394 0.4373 0.8328
vn -0.1174 0.4347 0.8929
vn -0.1843 0.5642 0.8048
vn -0.4682 0.5682 0.6767
vn -0.2588 0.6170 0.7432
vn -0.3972 0.7306 0.5554
vn -0.4972 0.8675 0.0165
vn -0.4864 0.8191 0.3041
vn -0.7914 0.4753 0.3844
vn -0.9598 0.1584 0.2318
vn -0.0740 0.9931 -0.0907
vn -0.1800 0.8748 -0.4498
vn -0.8575 0.4543 0.2415
vn -0.9855 0.0683 0.1551
vn 0.1197 0.9346 -0.3350
vn -0.5291 0.8321 0.1663
vn -0.9699 0.1957 0.1446
vn -0.9944 0.0212 0.1030
vn -0.8844 0.4405 0.1543
vn -0.5387 0.8392 0.0753
vn -0.9880 0.1239 0.0921
vn -0.9913 -0.1312 0.0066
vn -0.9737 0.2127 0.0812
vn -0.9969 0.0627 0.0480
vn -0.8946 -0.4217 -0.1476
vn 0.0537 0.9781 -0.2009
vn -0.8916 0.4475 0.0698
vn -0.9876 0.1451 0.0593
vn -0.9910 -0.1200 -0.0586
vn -0.5801 -0.7644 -0.2816
vn -0.5129 0.8582 -0.0226
vn -0.9724 0.2248 0.0617
vn -0.9974 0.0723 -0.0018
vn -0.8913 -0.4096 -0.1945
vn -0.0214 -0.9532 -0.3014
vn -0.5947 -0.7382 -0.3183
vn -0.9869 -0.1146 -0.1133
vn -0.9900 0.1370 0.0327
vn -0.0519 -0.9376 -0.3438
vn -0.8877 -0.3991 -0.2295
vn -0.9969 0.0565 -0.0551
vn 0.5527 -0.7757 -0.3046
vn -0.6062 -0.7206 -0.3366
vn -0.9825 -0.1155 -0.1459
vn 0.8739 -0.3820 -0.3005
vn -0.0472 -0.9225 -0.3830
vn 0.5744 -0.6655 -0.4766
vn 0.5624 -0.5302 -0.6345
vn -0.8950 -0.3768 -0.2388
vn 0.4990 -0.5743 -0.6489
vn -0.5684 -0.6638 -0.4861
vn 0.0359 -0.8244 -0.5649
vn 0.0784 -0.6396 -0.7647
vn -0.8947 -0.3206 -0.3111
vn -0.9803 -0.1033 -0.1683
vn 0.0993 -0.6136 -0.7834
vn -0.4734 -0.5409 -0.6952
vn 0.0177 -0.7644 -0.6445
vn -0.9944 0.0415 -0.0968
vn -0.9918 0.1258 -0.0209
vn -0.9701 0.2398 0.0385
vn -0.8758 0.4813 0.0351
vn -0.3646 -0.5138 -0.7766
vn -0.3679 -0.6451 -0.6697
vn -0.8376 -0.2694 -0.4752
vn -0.7350 -0.2890 -0.6134
vn -0.9757 -0.0612 -0.2103
vn -0.9575 -0.0300 -0.2870
vn -0.9895 0.0512 -0.1351
vn -0.9801 0.0883 -0.1779
vn -0.9749 0.1765 -0.1359
vn -0.9875 0.1345 -0.0827
vn -0.9151 -0.0713 -0.3970
vn -0.9744 0.1102 -0.1960
vn -0.6974 -0.4407 -0.5652
vn -0.9586 0.2329 -0.1638
vn -0.9434 0.3177 -0.0949
vn -0.9151 0.3749 -0.1486
vn -0.9007 0.4126 -0.1360
vn -0.9644 0.2348 -0.1217
vn -0.9727 0.0580 -0.2246
vn -0.8965 -0.2305 -0.3784
vn -0.7385 -0.6568 -0.1523
vn -0.9623 0.2709 -0.0241
vn -0.4579 -0.8650 -0.2055
vn -0.8493 0.5280 -0.0048
vn -0.1226 -0.9697 -0.2112
vn 0.2422 -0.9660 -0.0901
vn -0.4520 0.8903 -0.0547
vn -0.1749 -0.9513 0.2540
vn 0.4790 -0.8321 0.2796
vn 0.1193 -0.9535 0.2769
vn 0.1323 -0.8805 0.4552
vn -0.1623 -0.8745 0.4571
vn -0.1129 -0.8258 0.5525
vn -0.4256 -0.8735 0.2362
vn -0.4037 -0.8077 0.4298
vn -0.6430 -0.7328 0.2226
vn -0.3852 -0.7484 0.5399
vn -0.6225 -0.6858 0.3770
vn -0.3183 -0.3493 0.8813
vn -0.6228 -0.6077 0.4928
vn -0.8202 -0.4922 0.2914
vn -0.8308 -0.3899 0.3973
vn -0.9530 -0.2417 0.1826
vn -0.8344 -0.5157 0.1946
vn -0.9578 -0.2522 0.1375
vn -0.9011 -0.4260 -0.0814
vn -0.9976 -0.0217 0.0655
vn -0.9776 -0.2082 -0.0303
vn -0.9760 -0.0742 -0.2047
vn -0.9842 0.1772 0.0001
vn -0.9998 -0.0167 -0.0125
vn -0.9858 0.1495 -0.0766
vn -0.9844 0.1747 -0.0224
vn -0.9967 0.0408 -0.0707
vn -0.9299 0.3675 -0.0141
vn -0.8971 0.4383 -0.0553
vn -0.9631 0.2570 0.0793
vn -0.9794 0.1989 0.0361
vn -0.7761 0.6291 -0.0442
vn -0.5375 0.8422 -0.0428
vn -0.9010 0.4095 0.1430
vn -0.8798 0.4087 0.2427
vn -0.8453 0.5160 0.1388
vn -0.4098 0.9006 0.1450
vn -0.7419 0.6566 -0.1362
vn 0.2309 0.9729 0.0128
vn -0.5765 0.7418 0.3427
vn -0.5005 0.7810 0.3735
vn -0.5379 0.6908 0.4832
vn 0.8290 0.4868 0.2754
vn 0.2262 0.8725 0.4330
vn 0.2508 0.7764 0.5781
vn 0.8216 0.4403 0.3620
vn 0.2607 0.8422 0.4720
vn 0.8263 0.4947 0.2691
vn 0.7953 0.5932 0.1251
vn 0.7703 0.6373 -0.0201
vn 0.2933 0.9223 0.2517
vn 0.3284 0.9444 -0.0127
vn 0.7702 0.6162 -0.1644
vn -0.3218 0.9440 -0.0725
vn 0.3357 0.9260 -0.1726
vn 0.7761 0.5879 -0.2282
vn -0.3185 0.9349 -0.1568
vn 0.3312 0.9173 -0.2209
vn 0.7851 0.5734 -0.2340
vn -0.7692 0.6267 -0.1247
vn 0.3316 0.9236 -0.1924
vn 0.7578 0.5831 -0.2929
vn -0.3522 0.9221 -0.1601
vn -0.8111 0.5802 -0.0739
vn -0.4009 0.9099 -0.1064
vn 0.3142 0.9309 -0.1866
vn 0.6368 0.6339 -0.4388
vn 0.2077 0.9523 -0.2238
vn 0.4147 0.7310 -0.5419
vn 0.2216 0.7421 -0.6326
vn 0.2089 -0.9319 -0.2967
vn -0.0000 -0.9285 0.3712
vn -0.0000 -0.9532 -0.3025
vn 0.1798 -0.9084 0.3775
vn 0.4630 -0.8342 -0.2995
vn -0.0726 0.1967 0.9778
vn -0.0000 0.2132 0.9770
vn 0.3219 -0.8827 0.3424
vn 0.6097 -0.7389 -0.2869
vn -0.1448 0.7983 0.5846
vn -0.0000 0.8037 0.5950
vn -0.4282 0.7271 0.5366
vn -0.2700 0.1613 0.9493
vn -0.6383 0.5851 0.5003
vn 0.3279 -0.9276 0.1792
vn 0.7582 -0.6121 -0.2246
vn -0.6246 0.0525 0.7792
vn -0.2435 0.4599 0.8540
vn -0.7361 0.4729 0.4843
vn -0.7227 -0.1292 0.6790
vn -0.5050 0.1087 0.8562
vn -0.8380 0.3624 0.4080
vn -0.5537 -0.1167 0.8245
vn -0.9208 0.2133 0.3266
vn 0.6981 -0.5031 0.5095
vn -0.6135 -0.2189 0.7588
vn -0.9606 0.0874 0.2639
vn -0.9773 0.0522 0.2053
vn 0.6799 -0.5027 0.5339
vn -0.6409 -0.2509 0.7255
vn -0.9900 0.0033 0.1412
vn 0.6844 -0.4729 0.5549
vn -0.6543 -0.2647 0.7083
vn 0.6896 -0.4389 0.5761
vn -0.6830 -0.1545 0.7138
vn -0.9684 0.1770 0.1759
vn -0.4146 0.4181 0.8083
vn -0.4330 0.8250 0.3631
vn 0.4725 0.8213 0.3197
vn 0.4200 0.4363 0.7958
vn 0.6875 -0.0837 0.7213
vn 0.9649 0.2261 0.1338
vn 0.9892 -0.1384 -0.0477
vn 0.7024 -0.3761 0.6043
vn 0.9779 -0.1854 -0.0968
vn 0.9613 -0.2602 -0.0901
vn 0.9251 -0.3623 -0.1134
vn 0.8672 -0.4729 -0.1561
vn 0.8476 -0.4791 0.2281
vn 0.0843 -0.9631 0.2554
vn 0.9495 -0.1269 0.2868
vn 0.0055 0.7122 0.7019
vn 0.2492 -0.2046 0.9466
vn -0.0000 -0.9918 -0.1279
vn -0.0000 -0.6611 -0.7503
vn 0.1146 -0.9854 -0.1258
vn 0.0731 -0.6513 -0.7553
vn 0.2140 -0.6327 -0.7442
vn 0.2826 -0.9516 -0.1212
vn -0.0836 0.6674 -0.7400
vn -0.0000 0.6989 -0.7152
vn -0.0000 0.9971 -0.0757
vn -0.1234 0.9895 -0.0747
vn -0.1955 0.6212 -0.7589
vn -0.3543 0.9315 -0.0817
vn -0.4364 0.5279 -0.7286
vn -0.5952 0.7975 -0.0985
vn -0.6987 0.7057 -0.1175
vn 0.3025 -0.6262 -0.7186
vn 0.4631 -0.8789 -0.1142
vn 0.4113 -0.7513 -0.5161
vn 0.6535 -0.7475 -0.1192
vn 0.7858 -0.6071 -0.1185
vn -0.7591 0.3066 -0.5743
vn -0.3445 0.8659 -0.3626
vn -0.8038 0.5723 -0.1625
vn -0.8948 0.0281 -0.4457
vn -0.5892 0.4628 -0.6623
vn -0.9041 0.3801 -0.1952
vn -0.5602 0.2422 -0.7921
vn -0.9422 0.2791 -0.1852
vn -0.5786 0.1644 -0.7989
vn -0.9747 0.1416 -0.1731
vn -0.6113 0.1025 -0.7848
vn -0.9860 0.0286 -0.1640
vn -0.6534 0.3122 -0.6896
vn -0.9314 0.3532 -0.0879
vn -0.3085 0.7911 -0.5282
vn -0.3961 0.9135 0.0924
vn 0.3738 0.9162 0.1448
vn 0.3433 0.8163 -0.4646
vn 0.9035 0.4285 -0.0052
vn 0.6775 0.3856 -0.6264
vn 0.9919 -0.0013 -0.1270
vn 0.7046 0.0748 -0.7057
vn 0.6929 -0.0519 -0.7191
vn 0.9738 -0.1791 -0.1405
vn 0.6742 -0.1573 -0.7216
vn 0.9386 -0.3243 -0.1180
vn 0.7328 -0.1797 -0.6563
vn 0.8758 -0.4711 -0.1047
vn 0.8324 -0.0694 -0.5498
vn 0.1285 -0.7967 -0.5905
vn 0.8543 0.2695 -0.4445
vn -0.2144 0.9650 -0.1510
vn -0.0151 0.2202 -0.9753
vn -0.2089 -0.9319 -0.2967
vn -0.1798 -0.9084 0.3775
vn -0.4631 -0.8342 -0.2995
vn 0.0726 0.1967 0.9778
vn -0.3219 -0.8827 0.3424
vn -0.6097 -0.7389 -0.2869
vn 0.1448 0.7983 0.5846
vn 0.4282 0.7271 0.5366
vn 0.2700 0.1613 0.9493
vn 0.6383 0.5851 0.5003
vn -0.3279 -0.9276 0.1791
vn -0.7582 -0.6121 -0.2246
vn 0.6246 0.0525 0.7792
vn 0.2435 0.4598 0.8540
vn 0.7361 0.4729 0.4843
vn 0.7223 -0.1294 0.6794
vn 0.5050 0.1086 0.8562
vn 0.8380 0.3624 0.4080
vn 0.5537 -0.1167 0.8245
vn 0.9208 0.2133 0.3266
vn -0.6981 -0.5030 0.5096
vn 0.6135 -0.2188 0.7588
vn 0.9606 0.0874 0.2639
vn 0.9773 0.0522 0.2053
vn -0.6799 -0.5027 0.5338
vn 0.6409 -0.2509 0.7255
vn 0.9900 0.0033 0.1412
vn -0.6843 -0.4730 0.5549
vn 0.6543 -0.2647 0.7083
vn -0.6895 -0.4389 0.5761
vn 0.6831 -0.1545 0.7138
vn 0.9684 0.1770 0.1759
vn 0.4146 0.4181 0.8083
vn 0.4330 0.8250 0.3631
vn -0.4726 0.8213 0.3197
vn -0.4200 0.4363 0.7958
vn -0.6875 -0.0837 0.7213
vn -0.9649 0.2260 0.1338
vn -0.9892 -0.1384 -0.0477
vn -0.7024 -0.3761 0.6043
vn -0.9779 -0.1853 -0.0969
vn -0.9613 -0.2602 -0.0901
vn -0.9251 -0.3623 -0.1134
vn -0.8672 -0.4729 -0.1561
vn -0.8476 -0.4791 0.2281
vn -0.0843 -0.9631 0.2555
vn -0.9495 -0.1269 0.2869
vn -0.0055 0.7122 0.7019
vn -0.2491 -0.2046 0.9466
vn -0.1146 -0.9854 -0.1258
vn -0.0731 -0.6513 -0.7553
vn -0.2140 -0.6327 -0.7442
vn -0.2826 -0.9516 -0.1212
vn 0.0836 0.6674 -0.7400
vn 0.1234 0.9895 -0.0747
vn 0.1955 0.6212 -0.7589
vn 0.3543 0.9315 -0.0817
vn 0.4364 0.5278 -0.7286
vn 0.5951 0.7976 -0.0985
vn 0.6987 0.7057 -0.1175
vn -0.3025 -0.6262 -0.7186
vn -0.4630 -0.8789 -0.1142
vn -0.4113 -0.7513 -0.5161
vn -0.6535 -0.7475 -0.1192
vn -0.7857 -0.6071 -0.1185
vn 0.7591 0.3066 -0.5743
vn 0.3445 0.8659 -0.3626
vn 0.8038 0.5723 -0.1625
vn 0.8948 0.0281 -0.4456
vn 0.5892 0.4628 -0.6623
vn 0.9041 0.3801 -0.1952
vn 0.5602 0.2422 -0.7922
vn 0.9422 0.2790 -0.1853
vn 0.5786 0.1645 -0.7989
vn 0.9747 0.1416 -0.1731
vn 0.6113 0.1025 -0.7847
vn 0.9860 0.0286 -0.1640
vn 0.6534 0.3122 -0.6896
vn 0.9314 0.3532 -0.0879
vn 0.3085 0.7911 -0.5282
vn 0.3961 0.9135 0.0924
vn -0.3737 0.9162 0.1448
vn -0.3433 0.8163 -0.4646
vn -0.9035 0.4285 -0.0052
vn -0.6774 0.3856 -0.6264
vn -0.9919 -0.0016 -0.1271
vn -0.7046 0.0749 -0.7057
vn -0.6929 -0.0519 -0.7191
vn -0.9738 -0.1791 -0.1405
vn -0.6742 -0.1573 -0.7216
vn -0.9386 -0.3243 -0.1180
vn -0.7328 -0.1798 -0.6563
vn -0.8758 -0.4711 -0.1047
vn -0.8324 -0.0694 -0.5498
vn -0.1285 -0.7967 -0.5905
vn -0.8543 0.2694 -0.4444
vn 0.2144 0.9650 -0.1509
vn 0.0151 0.2202 -0.9753
vn -0.4053 0.1876 0.8947
vn 0.1367 0.5357 -0.8333
vn 0.2348 0.5474 -0.8033
vn 0.2675 0.5762 -0.7723
vn -0.4520 0.1791 0.8738
vn 0.2020 -0.9775 -0.0614
vn 0.2115 -0.9733 -0.0896
vn -0.2977 0.2023 0.9330
vn 0.2042 -0.9748 -0.0894
vn 0.1978 -0.9763 -0.0873
vn -0.1581 0.2232 0.9619
vn 0.0101 0.5270 -0.8498
vn -0.0417 0.2498 0.9674
vn 0.1950 -0.9740 -0.1155
vn -0.0848 0.5047 -0.8591
vn -0.1194 0.4972 -0.8594
vn 0.0271 0.2591 0.9655
vn 0.2033 -0.9708 -0.1272
vn -0.0290 0.4961 -0.8678
vn 0.1818 0.2673 0.9463
vn 0.3241 -0.9340 -0.1502
vn 0.9555 0.2834 -0.0822
vn -0.2567 0.7572 -0.6007
vn -0.1928 -0.1555 0.9688
vn -0.0768 -0.1362 0.9877
vn -0.1597 0.7717 -0.6156
vn -0.2527 -0.1380 0.9577
vn -0.1173 0.7756 -0.6202
vn 0.4530 -0.7841 -0.4243
vn 0.4411 -0.7962 -0.4141
vn 0.4141 -0.7971 -0.4395
vn 0.0713 -0.1071 0.9917
vn 0.3748 -0.8001 -0.4684
vn -0.3652 0.7286 -0.5795
vn 0.2171 -0.0774 0.9731
vn 0.3281 -0.7967 -0.5076
vn -0.4553 0.6992 -0.5511
vn 0.3407 -0.0531 0.9387
vn 0.3001 -0.7854 -0.5413
vn -0.5007 0.6882 -0.5251
vn 0.5496 0.0237 0.8351
vn 0.4104 -0.6850 -0.6019
vn -0.3402 0.7368 -0.5843
vn 0.7903 0.5699 -0.2253
vn -0.2399 -0.3777 0.8943
vn 0.1784 0.9362 -0.3029
vn -0.3322 -0.3919 0.8579
vn 0.1953 0.9270 -0.3202
vn -0.3623 -0.4871 0.7947
vn 0.1881 -0.7369 -0.6494
vn 0.1750 -0.7003 -0.6921
vn 0.1573 0.9344 -0.3197
vn -0.1310 -0.3628 0.9226
vn 0.0979 -0.7111 -0.6962
vn 0.1256 0.9306 -0.3439
vn 0.0079 -0.7219 -0.6920
vn 0.0881 0.9230 -0.3746
vn -0.0798 -0.7341 -0.6743
vn -0.0138 -0.3467 0.9379
vn 0.0534 0.9118 -0.4071
vn -0.1462 -0.7442 -0.6518
vn 0.0987 -0.3337 0.9375
vn 0.0613 0.8933 -0.4453
vn -0.1453 -0.7511 -0.6440
vn 0.2270 -0.3375 0.9136
vn 0.9738 -0.0725 -0.2156
vn -0.1801 0.3335 0.9254
vn -0.0908 0.3441 0.9345
vn 0.1232 0.4394 -0.8898
vn -0.2212 0.3157 0.9227
vn 0.1658 0.3879 -0.9067
vn -0.1366 0.5358 -0.8332
vn 0.4054 0.1876 0.8947
vn -0.2348 0.5473 -0.8033
vn -0.2677 0.5762 -0.7722
vn 0.4520 0.1790 0.8739
vn -0.2022 -0.9774 -0.0618
vn -0.2115 -0.9733 -0.0895
vn 0.2977 0.2022 0.9330
vn -0.2042 -0.9748 -0.0894
vn 0.1580 0.2230 0.9619
vn -0.1979 -0.9763 -0.0870
vn -0.0102 0.5270 -0.8498
vn 0.0416 0.2499 0.9674
vn -0.1950 -0.9740 -0.1155
vn 0.0848 0.5047 -0.8591
vn 0.1194 0.4972 -0.8594
vn -0.0269 0.2595 0.9654
vn -0.2032 -0.9708 -0.1272
vn 0.0289 0.4961 -0.8678
vn -0.1817 0.2673 0.9463
vn -0.3242 -0.9340 -0.1500
vn -0.9554 0.2837 -0.0823
vn 0.2566 0.7572 -0.6007
vn 0.1928 -0.1556 0.9688
vn 0.1598 0.7717 -0.6156
vn 0.2526 -0.1380 0.9577
vn 0.1173 0.7756 -0.6202
vn -0.4529 -0.7841 -0.4243
vn -0.4406 -0.7962 -0.4146
vn 0.0769 -0.1362 0.9877
vn -0.4144 -0.7971 -0.4393
vn -0.0715 -0.1068 0.9917
vn -0.3748 -0.8001 -0.4683
vn 0.3652 0.7286 -0.5795
vn -0.3281 -0.7967 -0.5076
vn -0.2171 -0.0773 0.9731
vn 0.4554 0.6992 -0.5511
vn -0.3001 -0.7854 -0.5414
vn -0.3408 -0.0531 0.9386
vn 0.5007 0.6883 -0.5250
vn -0.4105 -0.6851 -0.6018
vn -0.5495 0.0239 0.8352
vn 0.3402 0.7367 -0.5844
vn -0.7902 0.5700 -0.2250
vn -0.1784 0.9362 -0.3030
vn 0.2399 -0.3777 0.8943
vn 0.3323 -0.3915 0.8581
vn -0.1953 0.9270 -0.3201
vn 0.3623 -0.4870 0.7947
vn -0.1881 -0.7369 -0.6493
vn -0.1751 -0.7002 -0.6921
vn -0.1573 0.9344 -0.3196
vn 0.1311 -0.3630 0.9225
vn -0.0979 -0.7112 -0.6962
vn -0.1256 0.9306 -0.3439
vn -0.0078 -0.7218 -0.6920
vn -0.0880 0.9230 -0.3747
vn 0.0799 -0.7341 -0.6743
vn 0.0139 -0.3467 0.9379
vn -0.0535 0.9118 -0.4071
vn 0.1463 -0.7442 -0.6518
vn -0.0987 -0.3337 0.9375
vn -0.0614 0.8933 -0.4453
vn 0.1453 -0.7511 -0.6441
vn -0.2269 -0.3374 0.9136
vn -0.9741 -0.0727 -0.2140
vn 0.0907 0.3440 0.9346
vn 0.1801 0.3335 0.9254
vn -0.1233 0.4398 -0.8896
vn 0.2214 0.3153 0.9228
vn -0.1658 0.3879 -0.9066
vn -0.0778 0.2431 -0.9669
vn -0.4805 0.6656 -0.5710
vn -0.3315 0.8067 -0.4893
vn -0.0000 0.8563 -0.5165
vn -0.1041 0.2323 -0.9670
vn -0.5308 0.5886 -0.6097
vn -0.1113 0.3002 -0.9474
vn -0.5786 0.4941 -0.6489
vn -0.0000 0.2367 -0.9716
vn -0.0119 0.1987 -0.9800
vn -0.0226 0.2186 -0.9756
vn 0.0778 0.2432 -0.9669
vn 0.3315 0.8067 -0.4893
vn 0.4805 0.6656 -0.5710
vn 0.1041 0.2323 -0.9670
vn 0.5308 0.5886 -0.6097
vn 0.0120 0.1988 -0.9800
vn -0.0000 0.2021 -0.9794
vn 0.1113 0.3002 -0.9474
vn 0.5786 0.4941 -0.6489
vn 0.0226 0.2186 -0.9756
vn 0.0025 0.3969 -0.9178
vn -0.0025 0.3969 -0.9178
vn -0.0000 0.4032 -0.9151
vn 0.1391 0.3704 -0.9184
vn -0.0447 0.2577 -0.9652
vn 0.0221 0.4021 -0.9153
vn 0.2200 0.4027 -0.8885
vn 0.6373 0.4063 -0.6548
vn 0.6573 0.3222 -0.6813
vn -0.0192 0.3784 -0.9254
vn 0.0133 0.5307 -0.8475
vn 0.2851 0.3848 -0.8779
vn 0.6898 0.2652 -0.6737
vn 0.0496 0.5048 -0.8618
vn 0.0681 0.4508 -0.8900
vn 0.1643 0.4280 -0.8887
vn 0.3536 0.3660 -0.8608
vn 0.4207 0.3644 -0.8308
vn 0.7363 0.2407 -0.6323
vn 0.7891 0.1808 -0.5870
vn 0.2241 0.4119 -0.8833
vn 0.1108 0.4659 -0.8779
vn 0.4864 0.3146 -0.8151
vn 0.8478 0.0080 -0.5302
vn 0.2719 0.4197 -0.8660
vn 0.5528 0.1351 -0.8223
vn 0.8444 -0.2991 -0.4445
vn 0.6720 -0.3575 -0.6485
vn 0.3241 0.3434 -0.8815
vn 0.3784 0.0975 -0.9205
vn 0.5072 -0.3764 -0.7753
vn 0.1566 0.4386 -0.8849
vn 0.0577 0.4973 -0.8657
vn 0.1760 0.4437 -0.8787
vn 0.0898 0.4555 -0.8857
vn 0.2327 0.0177 -0.9724
vn 0.3394 -0.4009 -0.8509
vn 0.1973 0.3151 -0.9283
vn 0.1031 -0.0670 -0.9924
vn 0.1581 -0.4510 -0.8784
vn 0.0866 0.4410 -0.8933
vn -0.0000 0.4383 -0.8988
vn 0.0863 0.2408 -0.9667
vn -0.0000 0.4620 -0.8869
vn -0.0000 -0.1065 -0.9943
vn -0.0000 -0.4665 -0.8845
vn -0.1582 -0.4509 -0.8785
vn -0.0000 0.2152 -0.9766
vn -0.1031 -0.0670 -0.9924
vn -0.3394 -0.4010 -0.8509
vn -0.0863 0.2409 -0.9667
vn -0.2327 0.0177 -0.9724
vn -0.5073 -0.3764 -0.7753
vn -0.3784 0.0976 -0.9205
vn -0.6720 -0.3575 -0.6485
vn -0.1973 0.3151 -0.9283
vn -0.0867 0.4410 -0.8933
vn -0.5528 0.1351 -0.8223
vn -0.8444 -0.2991 -0.4445
vn -0.8478 0.0080 -0.5302
vn -0.0898 0.4555 -0.8857
vn -0.3241 0.3434 -0.8815
vn -0.4864 0.3146 -0.8151
vn -0.7892 0.1808 -0.5870
vn -0.1760 0.4437 -0.8787
vn -0.2719 0.4197 -0.8660
vn -0.4207 0.3644 -0.8308
vn -0.7363 0.2407 -0.6323
vn -0.6898 0.2652 -0.6737
vn -0.1566 0.4386 -0.8849
vn -0.2241 0.4119 -0.8833
vn -0.3536 0.3660 -0.8608
vn -0.1108 0.4659 -0.8779
vn -0.2851 0.3848 -0.8779
vn -0.6573 0.3222 -0.6813
vn -0.1643 0.4280 -0.8887
vn -0.0577 0.4973 -0.8657
vn -0.2199 0.4027 -0.8885
vn -0.6373 0.4063 -0.6548
vn -0.0681 0.4508 -0.8900
vn -0.0497 0.5048 -0.8618
vn -0.0000 0.5081 -0.8613
vn -0.1391 0.3704 -0.9184
vn 0.0191 0.3784 -0.9255
vn 0.0447 0.2577 -0.9652
vn -0.0221 0.4021 -0.9153
vn -0.0133 0.5307 -0.8475
vn -0.0000 0.5399 -0.8417
vn -0.5372 0.4176 -0.7328
vn -0.0000 0.4200 -0.9075
vn -0.6333 0.0842 -0.7693
vn -0.0000 0.0856 -0.9963
vn -0.9347 0.3304 -0.1313
vn -0.6390 0.0156 -0.7691
vn -0.7306 0.2091 0.6500
vn -0.0000 0.1489 0.9888
vn -0.9881 0.0771 -0.1332
vn -0.7631 0.0918 0.6398
vn -0.0000 0.0980 0.9952
vn -0.0000 0.1093 0.9940
vn -0.6280 0.0050 -0.7782
vn -0.0000 -0.0115 -0.9999
vn -0.7597 0.0875 0.6444
vn -0.9915 0.0437 -0.1224
vn -0.7564 0.0991 0.6466
vn -0.0000 0.1233 0.9924
vn -0.6163 0.0107 -0.7874
vn -0.0000 -0.0025 -1.0000
vn -0.9905 0.0462 -0.1294
vn -0.7550 0.1026 0.6476
vn -0.0000 0.1261 0.9920
vn -0.6083 -0.0007 -0.7937
vn -0.0000 -0.0140 -0.9999
vn -0.9894 0.0496 -0.1366
vn -0.7540 0.0948 0.6500
vn -0.0000 0.1173 0.9931
vn -0.6015 -0.0230 -0.7985
vn -0.0000 -0.0386 -0.9993
vn -0.5924 -0.0345 -0.8049
vn -0.0000 -0.0483 -0.9988
vn -0.0000 -0.0477 -0.9989
vn -0.9891 0.0400 -0.1415
vn -0.7501 0.0896 0.6552
vn -0.0000 0.1155 0.9933
vn -0.9897 0.0261 -0.1407
vn -0.7405 0.0940 0.6655
vn -0.0000 0.1238 0.9923
vn -0.9908 0.0201 -0.1335
vn -0.7256 0.0866 0.6827
vn -0.0000 0.1148 0.9934
vn -0.9925 0.0177 -0.1207
vn -0.7113 0.0794 0.6984
vn -0.0000 0.1008 0.9949
vn -0.7024 0.0927 0.7057
vn -0.0000 0.1121 0.9937
vn -0.5843 -0.0339 -0.8108
vn -0.5777 -0.0267 -0.8158
vn -0.0000 -0.0430 -0.9991
vn -0.9934 0.0209 -0.1130
vn -0.5826 -0.0269 -0.8123
vn -0.0000 -0.0474 -0.9989
vn -0.6947 0.1033 0.7118
vn -0.0000 0.1252 0.9921
vn -0.9944 0.0294 -0.1020
vn -0.5966 -0.0297 -0.8020
vn -0.0000 -0.0429 -0.9991
vn -0.6841 0.0925 0.7235
vn -0.0000 0.1136 0.9935
vn -0.9962 0.0334 -0.0801
vn -0.6093 -0.0264 -0.7925
vn -0.0000 -0.0417 -0.9991
vn -0.6710 0.0768 0.7375
vn -0.0000 0.0964 0.9953
vn -0.9980 0.0296 -0.0556
vn -0.6143 -0.0273 -0.7886
vn -0.0000 -0.0436 -0.9991
vn -0.9991 0.0219 -0.0373
vn -0.6055 -0.0302 -0.7952
vn -0.0000 -0.0646 -0.9979
vn -0.6579 0.0694 0.7499
vn -0.0000 0.0877 0.9961
vn -0.9993 0.0172 -0.0339
vn -0.5733 -0.0569 -0.8174
vn -0.9983 -0.0023 -0.0578
vn -0.6731 0.0620 0.7369
vn -0.0000 0.0829 0.9966
vn -0.2016 -0.3283 -0.9228
vn -0.0010 -0.4437 -0.8962
vn -0.1168 0.2328 -0.9655
vn -0.0000 0.2162 -0.9763
vn -0.0000 0.5352 -0.8447
vn -0.3711 -0.0139 -0.9285
vn -0.0877 0.5456 -0.8335
vn 0.0003 0.5986 -0.8010
vn -0.2985 0.2610 -0.9181
vn -0.4856 0.0693 -0.8714
vn -0.5227 -0.0763 -0.8491
vn -0.5200 0.2140 -0.8269
vn -0.0446 0.6060 -0.7942
vn -0.0001 0.4331 -0.9014
vn -0.2729 0.5707 -0.7745
vn -0.6147 -0.5062 -0.6049
vn -0.2584 0.6296 -0.7327
vn -0.9150 -0.3691 -0.1631
vn -0.9547 -0.1614 -0.2499
vn -0.5894 0.4600 -0.6640
vn -0.7261 -0.0342 -0.6867
vn -0.6725 0.4974 -0.5480
vn -0.2512 0.4204 -0.8719
vn -0.6634 -0.3932 -0.6366
vn -0.8179 -0.4386 -0.3724
vn -0.9066 -0.3066 -0.2899
vn -0.0236 0.4349 -0.9002
vn -0.0702 0.1926 -0.9788
vn 0.0001 0.1829 -0.9831
vn -0.2752 0.1375 -0.9515
vn -0.1422 -0.3263 -0.9345
vn 0.0001 -0.3180 -0.9481
vn -0.3710 -0.3286 -0.8686
vn -0.1623 -0.7816 -0.6023
vn 0.0004 -0.8011 -0.5986
vn 0.0004 -0.9662 -0.2577
vn -0.4425 -0.7448 -0.4994
vn -0.1828 -0.9495 -0.2551
vn -0.1367 -0.9905 -0.0140
vn -0.0003 -1.0000 -0.0099
vn -0.1081 -0.9261 0.3614
vn -0.0002 -0.9303 0.3669
vn -0.0533 -0.5132 0.8566
vn -0.0000 -0.5468 0.8373
vn -0.0000 -0.2858 0.9583
vn -0.0499 -0.2558 0.9654
vn -0.0000 -0.4105 0.9119
vn -0.0930 -0.4724 0.8765
vn -0.2713 -0.8799 0.3901
vn -0.3680 -0.9298 -0.0119
vn -0.4256 -0.8845 -0.1908
vn -0.1096 -0.4189 0.9014
vn -0.0000 -0.4474 0.8943
vn -0.0727 -0.2694 0.9603
vn -0.1333 -0.4073 0.9035
vn -0.4968 -0.7461 0.4432
vn -0.1065 -0.4577 0.8827
vn -0.0000 -0.4764 0.8792
vn -0.1786 -0.4304 0.8848
vn -0.0396 -0.2831 0.9583
vn -0.0423 -0.5113 0.8584
vn -0.0000 -0.8109 0.5852
vn -0.1285 -0.4071 0.9043
vn -0.6474 -0.7616 0.0276
vn -0.0352 -0.3502 0.9360
vn -0.1781 -0.4741 0.8622
vn 0.0446 -0.8435 0.5353
vn -0.0000 -0.9955 -0.0943
vn 0.0097 -0.4631 0.8863
vn -0.1008 -0.5982 0.7950
vn -0.6546 -0.5803 0.4845
vn 0.0142 -0.5229 0.8523
vn 0.1231 -0.9817 -0.1455
vn 0.0496 -0.8523 0.5207
vn 0.1476 -0.6873 0.7112
vn 0.2517 -0.7252 0.6409
vn 0.2971 -0.8777 0.3759
vn -0.6503 -0.5798 0.4908
vn 0.0738 -0.6952 -0.7150
vn -0.0000 -0.7199 -0.6941
vn 0.2801 -0.9456 -0.1651
vn 0.3206 -0.8581 -0.4011
vn 0.2974 -0.5123 -0.8057
vn 0.1159 -0.1617 -0.9800
vn -0.0000 -0.1872 -0.9823
vn 0.3342 -0.8564 0.3935
vn 0.1609 0.1422 -0.9767
vn -0.0000 0.1234 -0.9924
vn 0.3437 -0.0112 -0.9390
vn -0.5345 -0.7690 0.3507
vn -0.9371 -0.3436 -0.0610
vn -0.3776 -0.9013 0.2124
vn 0.1780 0.2313 -0.9564
vn -0.0000 0.2157 -0.9765
vn 0.2121 -0.1536 -0.9651
vn -0.9356 -0.3306 0.1235
vn 0.2084 0.0670 -0.9758
vn -0.0000 0.0590 -0.9983
vn -0.8502 -0.5113 0.1251
vn 0.2048 -0.3207 -0.9248
vn 0.1768 -0.3344 -0.9257
vn -0.0000 -0.3412 -0.9400
vn -0.0000 -0.7004 -0.7137
vn 0.3082 0.1018 -0.9459
vn 0.1469 -0.7216 -0.6765
vn 0.3501 0.2452 -0.9040
vn 0.0675 -0.9309 -0.3590
vn -0.0000 -0.9048 -0.4259
vn -0.0000 -0.9920 -0.1265
vn 0.0405 -0.9929 -0.1117
vn -0.0000 -0.9175 -0.3977
vn -0.1428 -0.9504 -0.2765
vn 0.3046 0.1201 -0.9449
vn 0.3733 0.1936 -0.9073
vn 0.2311 0.1283 -0.9644
vn 0.1567 0.1467 -0.9767
vn -0.0769 -0.8884 -0.4526
vn -0.0000 -0.7334 -0.6798
vn -0.1862 -0.7126 -0.6764
vn -0.0000 -0.8841 -0.4673
vn -0.3338 -0.8341 -0.4391
vn -0.1495 -0.8760 -0.4586
vn -0.0000 -0.9973 -0.0734
vn -0.0180 -0.3174 -0.9481
vn -0.3832 -0.1678 -0.9083
vn -0.1873 -0.9793 -0.0767
vn -0.4892 -0.6092 -0.6241
vn -0.4990 -0.7611 -0.4145
vn -0.7918 -0.5276 -0.3078
vn -0.8045 -0.2898 -0.5185
vn -0.4634 0.0956 -0.8810
vn -0.4025 -0.7458 -0.5308
vn 0.1486 0.1348 -0.9797
vn -0.2672 -0.2155 -0.9392
vn -0.4171 -0.0313 -0.9083
vn -0.8625 -0.0171 -0.5058
vn -0.8282 -0.2232 -0.5141
vn -0.6424 -0.5500 -0.5337
vn -0.3001 -0.7383 -0.6040
vn -0.0179 -0.7649 -0.6438
vn -0.4115 -0.8856 -0.2152
vn -0.8881 -0.3741 -0.2671
vn -0.9915 -0.1053 -0.0765
vn -0.9352 -0.3512 -0.0457
vn -0.7236 -0.6761 -0.1390
vn -0.7542 -0.5330 -0.3834
vn -0.8636 -0.3884 -0.3214
vn -0.4042 -0.9135 -0.0456
vn -0.6988 -0.7118 0.0705
vn -0.8763 -0.3774 0.2994
vn -0.9337 -0.1570 0.3217
vn -0.9280 -0.3242 0.1837
vn -0.2204 -0.9724 -0.0770
vn -0.6662 -0.7333 0.1361
vn -0.4170 -0.9041 -0.0928
vn -0.7709 -0.5404 0.3372
vn -0.2035 -0.8938 -0.3997
vn -0.7668 -0.6396 0.0537
vn -0.8286 -0.2942 0.4763
vn -0.7520 -0.6033 -0.2654
vn -0.7273 -0.5496 -0.4111
vn -0.6967 -0.6067 0.3828
vn -0.7175 -0.6954 0.0395
vn -0.7298 -0.4635 0.5025
vn -0.7899 -0.2678 0.5517
vn -0.8020 -0.4697 0.3691
vn -0.4459 -0.8488 -0.2839
vn -0.5057 -0.7470 -0.4317
vn -0.8054 -0.1641 0.5695
vn -0.7472 -0.3847 0.5419
vn -0.7791 -0.6166 0.1133
vn -0.2403 -0.6613 -0.7106
vn -0.4588 -0.5946 -0.6603
vn -0.4921 -0.6979 -0.5204
vn -0.3864 -0.8057 -0.4488
vn -0.5915 -0.8011 0.0918
vn -0.8180 -0.3880 0.4246
vn -0.1746 -0.9831 -0.0553
vn -0.0000 -0.8170 0.5766
vn -0.3967 -0.9179 0.0095
vn -0.1606 -0.8069 0.5684
vn -0.0000 -0.5751 0.8181
vn -0.5831 -0.5828 0.5660
vn -0.3338 -0.7373 0.5873
vn -0.1215 -0.5758 0.8085
vn -0.0000 -0.4446 0.8957
vn -0.3133 -0.5346 0.7849
vn -0.6230 -0.4110 0.6655
vn -0.1147 -0.4527 0.8842
vn -0.1031 -0.3124 0.9443
vn -0.0000 -0.2904 0.9569
vn -0.3548 -0.4183 0.8361
vn -0.7941 -0.3188 0.5175
vn -0.0809 -0.2177 0.9727
vn -0.0000 -0.2161 0.9764
vn -0.0000 -0.4572 0.8894
vn -0.3861 -0.2927 0.8748
vn -0.6635 -0.3187 0.6769
vn -0.7778 -0.2591 0.5727
vn -0.0933 -0.4870 0.8684
vn -0.0000 -0.8019 0.5974
vn -0.6941 -0.2041 0.6904
vn -0.3739 -0.1966 0.9064
vn -0.7425 -0.2642 0.6156
vn -0.7814 -0.1360 0.6090
vn -0.7521 -0.1205 0.6479
vn -0.7101 -0.1140 0.6948
vn -0.7882 -0.0805 0.6101
vn -0.7385 -0.1411 0.6593
vn -0.3820 -0.4702 0.7956
vn -0.7697 -0.3205 0.5521
vn -0.7252 -0.3083 0.6156
vn -0.7064 -0.5765 0.4108
vn -0.7721 -0.1451 0.6187
vn -0.6553 -0.4137 0.6320
vn -0.6675 -0.2784 0.6906
vn -0.5693 -0.5075 0.6468
vn -0.5713 -0.6235 0.5337
vn -0.6352 -0.7111 0.3014
vn -0.8731 -0.3397 0.3498
vn -0.6443 -0.3157 0.6966
vn -0.5699 -0.3975 0.7191
vn -0.2822 -0.8054 0.5212
vn -0.0973 -0.8004 0.5915
vn -0.0000 -0.7937 0.6083
vn -0.0714 -0.8019 0.5931
vn -0.0000 -0.6211 0.7837
vn -0.1653 -0.8446 0.5092
vn -0.0463 -0.6410 0.7662
vn -0.0115 -0.5648 0.8252
vn -0.0000 -0.5545 0.8322
vn -0.1335 -0.7443 0.6543
vn -0.4703 -0.8357 0.2836
vn -0.0234 -0.5457 0.8376
vn -0.3980 -0.8402 0.3683
vn -0.7166 -0.6966 0.0343
vn -0.1455 -0.4271 0.8924
vn -0.2707 -0.7196 0.6395
vn -0.3676 -0.3014 0.8798
vn -0.5310 -0.8312 0.1647
vn -0.4439 -0.6581 0.6082
vn -0.5816 -0.1723 0.7950
vn -0.6201 -0.5014 0.6034
vn -0.5220 -0.8461 0.1077
vn -0.7495 -0.1178 0.6514
vn -0.6969 -0.6613 -0.2776
vn -0.7591 -0.3357 0.5577
vn -0.8800 -0.1507 0.4505
vn -0.8857 -0.2589 0.3852
vn -0.7008 -0.6939 0.1654
vn -0.6069 -0.7807 0.1489
vn -0.5046 -0.8241 -0.2574
vn -0.5222 -0.8413 -0.1400
vn -0.9161 -0.1687 0.3637
vn -0.9401 -0.2113 0.2675
vn -0.7681 -0.6359 0.0753
vn -0.8859 -0.2880 0.3635
vn -0.9115 -0.2085 0.3545
vn -0.9493 -0.2139 0.2302
vn -0.9903 -0.1389 0.0011
vn -0.9299 -0.2729 0.2465
vn -0.8835 -0.3457 0.3161
vn -0.9734 -0.1399 -0.1815
vn -0.9644 -0.2617 -0.0385
vn -0.9296 -0.2815 -0.2378
vn -0.8604 -0.3922 -0.3253
vn -0.9020 -0.4078 -0.1414
vn -0.8735 -0.4700 0.1265
vn -0.7365 -0.5094 -0.4450
vn -0.8203 -0.4368 0.3692
vn -0.7733 -0.4982 -0.3922
vn -0.7895 -0.3548 -0.5008
vn -0.7448 -0.4992 -0.4428
vn -0.8049 -0.5495 -0.2240
vn -0.7756 -0.6291 0.0519
vn -0.9412 -0.1993 -0.2729
vn -0.6729 -0.6780 0.2959
vn -0.8901 0.1313 -0.4364
vn -0.9934 -0.0995 -0.0579
vn -0.9580 0.1731 -0.2285
vn -0.9810 -0.1905 0.0375
vn -0.9820 -0.0041 -0.1888
vn -0.8981 -0.4392 0.0216
vn -0.7340 0.2715 -0.6225
vn -0.6982 -0.7108 -0.0849
vn -0.9241 -0.2957 -0.2422
vn -0.7108 -0.0430 -0.7021
vn -0.7193 -0.6002 -0.3498
vn -0.6286 -0.3468 -0.6961
vn -0.5770 -0.6852 0.4445
vn -0.5088 -0.6870 0.5188
vn -0.4934 -0.6272 0.6026
vn -0.6610 -0.6135 0.4320
vn -0.5957 -0.6469 0.4760
vn -0.7637 -0.5568 0.3266
vn -0.7153 -0.5463 0.4358
vn -0.6647 -0.5932 0.4542
vn -0.5661 -0.6754 0.4727
vn -0.4814 -0.7064 0.5190
vn -0.7549 -0.5816 0.3032
vn -0.4685 -0.6421 0.6067
vn -0.6802 -0.6365 0.3635
vn -0.8149 -0.5695 0.1076
vn -0.6556 -0.7468 0.1115
vn -0.6392 -0.6289 0.4426
vn -0.5779 -0.6979 0.4231
vn -0.6845 -0.6105 0.3984
vn -0.7301 -0.6255 0.2753
vn -0.6755 -0.7370 -0.0210
vn -0.6222 -0.6576 0.4248
vn -0.4948 -0.7466 0.4446
vn -0.6344 -0.7704 -0.0630
vn -0.6622 -0.6362 0.3960
vn -0.3080 -0.6723 0.6732
vn -0.3216 -0.6990 0.6387
vn -0.4511 -0.7083 0.5430
vn -0.2911 -0.6650 0.6878
vn -0.5409 -0.5368 0.6475
vn -0.5241 -0.4749 0.7070
vn -0.5692 -0.4873 0.6623
vn -0.8210 -0.5010 0.2739
vn -0.8337 -0.5506 0.0417
vn -0.8307 -0.5256 -0.1836
vn -0.8401 -0.5421 -0.0171
vn -0.7075 -0.5948 0.3818
vn -0.5804 -0.5319 0.6167
vn -0.5062 -0.4929 0.7077
vn -0.7531 -0.6450 -0.1297
vn -0.7652 -0.6429 0.0341
vn -0.7125 -0.6268 0.3154
vn -0.4786 -0.5893 0.6509
vn -0.7569 -0.3347 0.5613
vn -0.6043 -0.7592 -0.2415
vn -0.5047 -0.8485 -0.1592
vn -0.4881 -0.8667 0.1027
vn -0.6062 -0.7953 0.0083
vn -0.7121 -0.6956 0.0951
vn -0.5627 -0.8264 0.0234
vn -0.4879 -0.8613 0.1420
vn -0.6423 -0.6178 -0.4535
vn -0.7223 -0.6814 0.1180
vn -0.5674 -0.8059 0.1690
vn -0.9359 -0.2950 0.1923
vn -0.8718 -0.3722 -0.3185
vn -0.9592 -0.2709 -0.0809
vn -0.7777 -0.6138 0.1361
vn -0.7595 -0.5991 0.2533
vn -0.8015 -0.5743 0.1665
vn -0.3130 -0.9415 0.1252
vn -0.7116 -0.6722 0.2043
vn -0.9255 -0.2236 -0.3056
vn -0.3613 -0.8024 0.4749
vn -0.3985 -0.8936 -0.2068
vn 0.2189 -0.9254 0.3094
vn 0.1499 -0.7187 0.6789
vn 0.0681 -0.5735 0.8163
vn -0.0160 -0.8859 0.4636
vn 0.0589 -0.5301 0.8459
vn 0.1098 -0.9611 -0.2535
vn -0.3448 -0.8688 -0.3555
vn 0.0600 -0.8651 -0.4980
vn -0.3115 -0.8540 -0.4167
vn -0.1449 -0.8994 0.4124
vn -0.0266 -0.4452 0.8950
vn -0.1475 -0.8146 -0.5609
vn -0.4267 -0.7652 -0.4821
vn -0.3723 -0.8089 0.4550
vn -0.3520 -0.5071 0.7867
vn -0.7237 -0.4614 -0.5133
vn -0.4160 -0.6826 -0.6008
vn -0.2744 -0.3270 0.9043
vn -0.6128 -0.6771 0.4074
vn -0.7379 -0.5898 0.3280
vn -0.4260 -0.3414 0.8378
vn -0.3104 -0.3520 0.8830
vn -0.9537 -0.2881 0.0868
vn -0.8622 -0.2694 0.4289
vn -0.7601 -0.1463 0.6331
vn -0.3460 -0.1939 0.9180
vn -0.4651 -0.3849 0.7972
vn -0.1024 0.1530 -0.9829
vn 0.0055 0.1467 -0.9892
vn 0.1100 0.1124 -0.9876
vn -0.0132 -0.0162 -0.9998
vn 0.1082 0.0105 -0.9941
vn 0.0489 -0.0309 -0.9983
vn -0.0891 0.0647 -0.9939
vn 0.0072 -0.0443 -0.9990
vn -0.0099 -0.0380 -0.9992
vn -0.0355 0.0109 -0.9993
vn 0.0051 -0.0422 -0.9991
vn -0.0028 -0.0459 -0.9989
vn -0.0068 -0.0178 -0.9998
vn -0.0018 -0.0392 -0.9992
vn 0.0218 -0.0298 -0.9993
vn 0.0137 -0.0311 -0.9994
vn -0.0127 -0.0512 -0.9986
vn 0.0015 -0.0578 -0.9983
vn 0.0118 -0.0176 -0.9998
vn -0.0249 -0.0579 -0.9980
vn -0.0159 -0.0510 -0.9986
vn 0.0003 -0.0046 -1.0000
vn 0.0188 0.0082 -0.9998
vn 0.1344 0.0338 -0.9903
vn 0.3992 0.2534 -0.8812
vn -0.0050 -0.0494 -0.9988
vn -0.0021 0.0039 -1.0000
vn -0.0062 -0.1112 -0.9938
vn 0.0091 -0.0010 -1.0000
vn -0.0057 -0.0095 -0.9999
vn 0.0037 -0.0097 -0.9999
vn 0.0316 -0.0013 -0.9995
vn 0.1086 0.0673 -0.9918
vn 0.2177 0.2425 -0.9454
vn 0.0227 0.0055 -0.9997
vn 0.0432 0.2908 -0.9558
vn 0.0019 -0.0036 -1.0000
vn -0.1052 0.2677 -0.9577
vn -0.0010 -0.0074 -1.0000
vn -0.1183 0.1693 -0.9784
vn 0.0251 -0.0065 -0.9997
vn -0.0307 0.0198 -0.9993
vn 0.0041 -0.0201 -0.9998
vn 0.0174 -0.0041 -0.9998
vn 0.0074 -0.0208 -0.9998
vn -0.4671 0.1273 -0.8750
vn -0.0870 -0.1593 -0.9834
vn -0.0063 -0.0063 -1.0000
vn 0.0020 -0.0077 -1.0000
vn -0.2887 -0.0148 -0.9573
vn -0.2157 -0.1036 -0.9709
vn 0.5372 0.4176 -0.7328
vn 0.6333 0.0842 -0.7693
vn 0.9347 0.3304 -0.1313
vn 0.6390 0.0157 -0.7690
vn 0.7306 0.2091 0.6500
vn 0.9881 0.0771 -0.1332
vn 0.7631 0.0918 0.6398
vn 0.6280 0.0050 -0.7782
vn 0.7597 0.0875 0.6444
vn 0.9915 0.0437 -0.1223
vn 0.7564 0.0992 0.6466
vn 0.6163 0.0107 -0.7874
vn 0.9905 0.0462 -0.1294
vn 0.7550 0.1026 0.6476
vn 0.6083 -0.0006 -0.7937
vn 0.9894 0.0496 -0.1366
vn 0.7540 0.0948 0.6500
vn 0.6016 -0.0231 -0.7985
vn 0.5924 -0.0345 -0.8049
vn 0.9892 0.0400 -0.1408
vn 0.7501 0.0896 0.6552
vn 0.9897 0.0260 -0.1408
vn 0.7404 0.0939 0.6655
vn 0.9908 0.0201 -0.1335
vn 0.7256 0.0865 0.6826
vn 0.9925 0.0177 -0.1207
vn 0.7113 0.0794 0.6984
vn 0.7025 0.0927 0.7056
vn 0.5844 -0.0339 -0.8108
vn 0.5777 -0.0267 -0.8158
vn 0.9934 0.0209 -0.1130
vn 0.5826 -0.0270 -0.8123
vn 0.6948 0.1034 0.7118
vn 0.9944 0.0295 -0.1019
vn 0.5965 -0.0299 -0.8020
vn 0.6841 0.0924 0.7235
vn 0.9962 0.0334 -0.0800
vn 0.6093 -0.0265 -0.7925
vn 0.6709 0.0768 0.7375
vn 0.9980 0.0296 -0.0556
vn 0.6142 -0.0274 -0.7886
vn 0.9991 0.0218 -0.0373
vn 0.6056 -0.0302 -0.7952
vn 0.6579 0.0694 0.7499
vn 0.9993 0.0171 -0.0339
vn 0.5733 -0.0569 -0.8174
vn 0.9983 -0.0023 -0.0578
vn 0.6731 0.0620 0.7369
vn 0.1023 0.1530 -0.9829
vn -0.0055 0.1467 -0.9892
vn -0.1100 0.1124 -0.9876
vn 0.0132 -0.0162 -0.9998
vn -0.1082 0.0105 -0.9941
vn -0.0490 -0.0309 -0.9983
vn 0.0891 0.0647 -0.9939
vn -0.0072 -0.0444 -0.9990
vn 0.0099 -0.0380 -0.9992
vn 0.0354 0.0109 -0.9993
vn -0.0051 -0.0422 -0.9991
vn 0.0028 -0.0459 -0.9989
vn 0.0068 -0.0178 -0.9998
vn 0.0018 -0.0392 -0.9992
vn -0.0218 -0.0298 -0.9993
vn -0.0137 -0.0311 -0.9994
vn 0.0127 -0.0512 -0.9986
vn -0.0015 -0.0578 -0.9983
vn -0.0118 -0.0176 -0.9998
vn 0.0249 -0.0579 -0.9980
vn 0.0159 -0.0510 -0.9986
vn -0.0003 -0.0046 -1.0000
vn -0.0188 0.0082 -0.9998
vn -0.1344 0.0338 -0.9903
vn -0.3992 0.2534 -0.8812
vn 0.0050 -0.0494 -0.9988
vn 0.0022 0.0039 -1.0000
vn 0.0062 -0.1112 -0.9938
vn -0.0091 -0.0010 -1.0000
vn 0.0056 -0.0094 -0.9999
vn -0.0037 -0.0097 -0.9999
vn -0.0316 -0.0013 -0.9995
vn -0.1086 0.0673 -0.9918
vn -0.2177 0.2425 -0.9454
vn -0.0227 0.0055 -0.9997
vn -0.0432 0.2908 -0.9558
vn -0.0019 -0.0036 -1.0000
vn 0.1052 0.2677 -0.9577
vn 0.0010 -0.0074 -1.0000
vn -0.0251 -0.0065 -0.9997
vn 0.1183 0.1693 -0.9784
vn 0.0307 0.0199 -0.9993
vn -0.0041 -0.0201 -0.9998
vn -0.0174 -0.0041 -0.9998
vn -0.0074 -0.0208 -0.9998
vn 0.4671 0.1273 -0.8750
vn 0.0871 -0.1593 -0.9834
vn 0.0062 -0.0063 -1.0000
vn -0.0020 -0.0077 -1.0000
vn 0.2887 -0.0148 -0.9573
vn 0.2157 -0.1036 -0.9709
vn -0.0615 -0.9980 -0.0170
vn -0.0705 -0.9957 -0.0599
vn -0.0583 -0.9983 -0.0091
vn -0.0413 0.4400 -0.8970
vn -0.0195 0.3559 0.9343
vn -0.0534 -0.9986 0.0032
vn 0.0631 0.4353 -0.8981
vn -0.1431 0.3695 0.9182
vn 0.1755 0.4189 -0.8909
vn -0.0485 -0.9987 0.0145
vn -0.2705 0.3802 0.8844
vn 0.2757 0.4005 -0.8738
vn -0.0547 -0.9982 0.0235
vn -0.4387 0.3859 0.8116
vn 0.2641 0.3665 -0.8922
vn -0.1515 -0.9884 -0.0143
vn -0.9009 0.0898 -0.4246
vn 0.0615 -0.9980 -0.0170
vn 0.0705 -0.9957 -0.0599
vn 0.0583 -0.9983 -0.0090
vn 0.0413 0.4401 -0.8970
vn 0.0195 0.3559 0.9343
vn 0.0535 -0.9986 0.0032
vn -0.0631 0.4352 -0.8981
vn 0.1430 0.3694 0.9182
vn -0.1756 0.4189 -0.8909
vn 0.0485 -0.9987 0.0146
vn 0.2706 0.3801 0.8845
vn -0.2757 0.4004 -0.8739
vn 0.0546 -0.9982 0.0234
vn 0.4387 0.3858 0.8116
vn -0.2641 0.3665 -0.8922
vn 0.1514 -0.9884 -0.0145
vn 0.9008 0.0900 -0.4248
vn -0.0000 0.8418 0.5398
vn 0.2776 0.7549 0.5942
vn -0.0000 0.3033 0.9529
vn -0.2776 0.7549 0.5942
vn 0.4582 0.6663 0.5883
vn -0.4582 0.6663 0.5883
vn 0.0176 0.2727 0.9619
vn -0.0177 0.2727 0.9619
vn 0.6565 0.6260 0.4208
vn 0.0787 0.2388 0.9679
vn 0.8482 0.4788 0.2267
vn 0.0020 0.1877 0.9822
vn 0.2269 0.2165 0.9496
vn 0.9506 0.2943 0.0989
vn 0.5076 0.1964 0.8389
vn 0.9920 0.1175 0.0470
vn 0.6479 0.0469 0.7603
vn 0.2009 0.0334 0.9790
vn 1.0000 -0.0002 -0.0040
vn 0.9987 -0.0488 0.0121
vn 0.9874 -0.1349 0.0831
vn 0.9202 -0.3412 0.1919
vn 0.7189 -0.1196 0.6847
vn 0.7326 -0.2360 0.6385
vn 0.6821 -0.3163 0.6593
vn 0.5847 -0.3955 0.7083
vn 0.4077 -0.5294 0.7439
vn 0.7206 -0.6542 0.2297
vn 0.2861 -0.0941 0.9536
vn 0.3662 -0.2224 0.9036
vn 0.3613 -0.3258 0.8737
vn 0.3285 -0.4018 0.8548
vn 0.5724 -0.8137 0.1008
vn 0.0818 -0.2503 0.9647
vn 0.0624 -0.1414 0.9880
vn 0.0804 -0.3423 0.9362
vn 0.2150 -0.4777 0.8518
vn 0.2540 -0.6401 0.7251
vn 0.5525 -0.8332 -0.0246
vn 0.0049 -0.2800 0.9600
vn 0.0821 -0.4234 0.9022
vn 0.0991 -0.5609 0.8219
vn 0.1715 -0.6769 0.7158
vn 0.4442 -0.8851 -0.1389
vn -0.0341 -0.3542 0.9346
vn 0.0631 -0.5056 0.8605
vn 0.0301 -0.6012 0.7986
vn 0.2104 -0.6403 0.7387
vn 0.2054 -0.9521 -0.2266
vn -0.0434 -0.4118 0.9103
vn 0.0356 -0.5876 0.8084
vn 0.0249 -0.5631 0.8260
vn 0.2166 -0.6477 0.7304
vn 0.0296 -0.6011 0.7986
vn 0.0413 -0.5152 0.8561
vn -0.0290 -0.4986 0.8664
vn -0.0133 -0.5837 0.8118
vn 0.0126 -0.5707 0.8211
vn -0.1114 -0.4868 0.8664
vn 0.0410 -0.4624 0.8857
vn -0.1025 -0.5726 0.8134
vn -0.0641 -0.5201 0.8517
vn -0.0031 -0.4040 0.9148
vn -0.1081 -0.4122 0.9047
vn 0.1183 -0.7268 0.6766
vn -0.0000 -0.9654 -0.2608
vn -0.0000 -0.7124 0.7018
vn -0.0000 -0.3795 0.9252
vn -0.0000 -0.5124 0.8588
vn -0.0000 -0.5696 0.8219
vn -0.2054 -0.9521 -0.2266
vn -0.1183 -0.7268 0.6766
vn 0.0031 -0.4040 0.9148
vn 0.0641 -0.5201 0.8517
vn -0.4442 -0.8851 -0.1389
vn -0.2166 -0.6477 0.7304
vn -0.5525 -0.8332 -0.0246
vn 0.1025 -0.5726 0.8134
vn -0.0409 -0.4624 0.8857
vn -0.2104 -0.6403 0.7387
vn -0.5724 -0.8137 0.1007
vn -0.0126 -0.5707 0.8211
vn -0.0413 -0.5151 0.8561
vn -0.1715 -0.6770 0.7158
vn -0.0250 -0.5631 0.8260
vn -0.0295 -0.6011 0.7986
vn 0.0133 -0.5837 0.8119
vn -0.0301 -0.6012 0.7986
vn -0.2539 -0.6401 0.7251
vn -0.7205 -0.6543 0.2298
vn -0.0356 -0.5876 0.8084
vn 0.1114 -0.4868 0.8664
vn -0.9202 -0.3412 0.1919
vn -0.4077 -0.5295 0.7439
vn -0.0991 -0.5609 0.8219
vn -0.9874 -0.1349 0.0832
vn 0.0290 -0.4985 0.8664
vn -0.0631 -0.5056 0.8605
vn -0.2150 -0.4777 0.8518
vn -0.5847 -0.3955 0.7083
vn -0.9987 -0.0489 0.0120
vn 0.0434 -0.4118 0.9103
vn -0.0817 -0.4237 0.9021
vn -0.3284 -0.4019 0.8548
vn -0.6821 -0.3164 0.6593
vn -1.0000 -0.0002 -0.0040
vn -0.9920 0.1175 0.0470
vn -0.7326 -0.2360 0.6385
vn -0.3613 -0.3258 0.8737
vn -0.0804 -0.3423 0.9362
vn 0.0341 -0.3542 0.9346
vn -0.9506 0.2943 0.0989
vn 0.1081 -0.4121 0.9047
vn -0.8482 0.4787 0.2267
vn -0.0000 -0.4873 0.8732
vn -0.0000 -0.4225 0.9064
vn 0.0905 -0.3817 0.9198
vn -0.0905 -0.3817 0.9198
vn -0.0000 -0.3998 0.9166
vn -0.0481 -0.3273 0.9437
vn 0.0481 -0.3273 0.9437
vn -0.0000 -0.3438 0.9390
vn -0.0058 -0.1653 0.9862
vn -0.0049 -0.2800 0.9600
vn 0.0059 -0.1654 0.9862
vn 0.0337 -0.1446 0.9889
vn 0.0442 -0.0074 0.9990
vn 0.0268 0.0452 0.9986
vn 0.0261 0.1176 0.9927
vn 0.0206 0.1604 0.9868
vn 0.0086 0.0592 0.9982
vn -0.0000 -0.1732 0.9849
vn -0.0000 0.0632 0.9980
vn -0.0086 0.0592 0.9982
vn -0.0000 0.1923 0.9813
vn -0.0020 0.1877 0.9822
vn -0.0787 0.2388 0.9679
vn -0.0206 0.1604 0.9868
vn -0.0269 0.0453 0.9986
vn -0.6565 0.6260 0.4208
vn -0.0261 0.1176 0.9927
vn -0.2269 0.2165 0.9496
vn -0.0337 -0.1446 0.9889
vn -0.0442 -0.0074 0.9990
vn -0.5076 0.1964 0.8389
vn -0.0623 -0.1414 0.9880
vn -0.2009 0.0334 0.9790
vn -0.6479 0.0469 0.7603
vn -0.0818 -0.2502 0.9647
vn -0.2861 -0.0942 0.9536
vn -0.7189 -0.1196 0.6847
vn -0.3663 -0.2224 0.9035
vn 0.0115 -0.5648 0.8252
vn 0.0463 -0.6410 0.7662
vn 0.0714 -0.8019 0.5931
vn 0.0973 -0.8004 0.5915
vn 0.1653 -0.8446 0.5092
vn 0.1336 -0.7444 0.6543
vn 0.0234 -0.5457 0.8377
vn 0.0933 -0.4870 0.8684
vn 0.1455 -0.4271 0.8924
vn 0.2707 -0.7196 0.6395
vn 0.3676 -0.3014 0.8798
vn 0.3980 -0.8402 0.3683
vn 0.2822 -0.8054 0.5212
vn 0.4439 -0.6581 0.6082
vn 0.5815 -0.1723 0.7951
vn 0.4703 -0.8357 0.2836
vn 0.5310 -0.8312 0.1647
vn 0.6201 -0.5014 0.6034
vn 0.7495 -0.1179 0.6514
vn 0.7166 -0.6966 0.0343
vn 0.6352 -0.7111 0.3014
vn 0.5220 -0.8461 0.1078
vn 0.7591 -0.3357 0.5577
vn 0.8800 -0.1509 0.4505
vn 0.8857 -0.2589 0.3852
vn 0.7008 -0.6939 0.1654
vn 0.6969 -0.6613 -0.2776
vn 0.6069 -0.7807 0.1489
vn 0.5046 -0.8241 -0.2575
vn 0.5222 -0.8413 -0.1400
vn 0.9161 -0.1687 0.3636
vn 0.9401 -0.2113 0.2675
vn 0.7681 -0.6359 0.0753
vn 0.8860 -0.2879 0.3635
vn 0.9115 -0.2085 0.3545
vn 0.9495 -0.2135 0.2301
vn 0.9904 -0.1382 0.0010
vn 0.9299 -0.2730 0.2464
vn 0.8835 -0.3457 0.3160
vn 0.6344 -0.7704 -0.0630
vn 0.8149 -0.5695 0.1076
vn 0.9735 -0.1393 -0.1814
vn 0.9644 -0.2617 -0.0385
vn 0.9548 -0.1608 -0.2498
vn 0.9296 -0.2815 -0.2378
vn 0.9152 -0.3685 -0.1633
vn 0.9066 -0.3065 -0.2899
vn 0.6147 -0.5062 -0.6049
vn 0.8179 -0.4386 -0.3723
vn 0.8605 -0.3922 -0.3253
vn 0.9021 -0.4078 -0.1414
vn 0.5233 -0.0762 -0.8487
vn 0.6634 -0.3932 -0.6366
vn 0.7365 -0.5094 -0.4450
vn 0.8736 -0.4700 0.1265
vn 0.4897 0.0688 -0.8692
vn 0.7733 -0.4982 -0.3922
vn 0.8203 -0.4368 0.3692
vn 0.3763 -0.0155 -0.9264
vn 0.7549 -0.5816 0.3032
vn 0.2043 -0.3345 -0.9200
vn 0.1177 0.2336 -0.9652
vn 0.3031 0.2627 -0.9160
vn 0.0885 0.5471 -0.8324
vn 0.5260 0.2156 -0.8227
vn 0.0457 0.6072 -0.7932
vn 0.2784 0.5752 -0.7692
vn 0.7287 -0.0335 -0.6840
vn 0.5999 0.4635 -0.6521
vn 0.7898 -0.3547 -0.5003
vn 0.7448 -0.4992 -0.4428
vn 0.9420 -0.1991 -0.2702
vn 0.8637 -0.3883 -0.3213
vn 0.9372 -0.3436 -0.0599
vn 0.7272 -0.5497 -0.4111
vn 0.8953 0.1318 -0.4254
vn 0.9938 -0.0997 -0.0496
vn 0.9632 0.1715 -0.2070
vn 0.6874 0.4982 -0.5285
vn 0.8049 -0.5494 -0.2240
vn 0.7756 -0.6291 0.0519
vn 0.7520 -0.6033 -0.2654
vn 0.2675 0.6327 -0.7267
vn 0.2619 0.4216 -0.8681
vn 0.7542 -0.5330 -0.3834
vn 0.0243 0.4352 -0.9000
vn 0.0714 0.1926 -0.9787
vn 0.7918 -0.5276 -0.3078
vn 0.2852 0.1379 -0.9485
vn 0.1451 -0.3271 -0.9338
vn 0.3825 -0.3292 -0.8633
vn 0.1668 -0.7837 -0.5984
vn 0.4544 -0.7469 -0.4853
vn 0.1848 -0.9513 -0.2467
vn 0.1360 -0.9907 -0.0086
vn 0.1074 -0.9256 0.3629
vn 0.0533 -0.5132 0.8566
vn 0.0499 -0.2558 0.9654
vn 0.0930 -0.4724 0.8765
vn 0.2701 -0.8787 0.3936
vn 0.3682 -0.9298 0.0017
vn 0.1096 -0.4190 0.9014
vn 0.0727 -0.2694 0.9603
vn 0.1333 -0.4072 0.9035
vn 0.1065 -0.4577 0.8827
vn 0.1786 -0.4304 0.8848
vn 0.0423 -0.5113 0.8584
vn 0.4321 -0.8855 -0.1711
vn 0.4953 -0.7443 0.4479
vn 0.0396 -0.2831 0.9583
vn 0.1781 -0.4741 0.8622
vn -0.0446 -0.8435 0.5353
vn 0.1285 -0.4071 0.9043
vn 0.0352 -0.3502 0.9360
vn 0.6486 -0.7597 0.0469
vn 0.1008 -0.5982 0.7950
vn -0.0097 -0.4631 0.8863
vn 0.6534 -0.5784 0.4884
vn -0.0142 -0.5228 0.8523
vn -0.0496 -0.8523 0.5207
vn -0.1476 -0.6873 0.7112
vn -0.2516 -0.7253 0.6408
vn 0.6501 -0.5795 0.4915
vn -0.1231 -0.9817 -0.1455
vn -0.2971 -0.8777 0.3759
vn -0.0738 -0.6952 -0.7150
vn -0.2801 -0.9457 -0.1651
vn -0.3206 -0.8581 -0.4011
vn -0.2974 -0.5123 -0.8057
vn -0.1159 -0.1617 -0.9800
vn -0.3342 -0.8564 0.3935
vn -0.1610 0.1423 -0.9766
vn -0.3437 -0.0111 -0.9390
vn 0.5344 -0.7690 0.3507
vn 0.3775 -0.9013 0.2124
vn 0.9348 -0.3302 0.1307
vn 0.8493 -0.5091 0.1397
vn 0.9803 -0.1897 0.0546
vn 0.4990 -0.7611 -0.4145
vn 0.8993 -0.4348 0.0473
vn 0.9870 -0.0050 -0.1607
vn 0.8045 -0.2898 -0.5185
vn 0.3833 -0.1678 -0.9082
vn 0.7048 -0.7071 -0.0567
vn 0.9330 -0.2913 -0.2113
vn 0.7510 0.2711 -0.6021
vn 0.7342 -0.5967 -0.3240
vn 0.7296 -0.0412 -0.6827
vn 0.6492 -0.3446 -0.6781
vn 0.8881 -0.3741 -0.2671
vn 0.7668 -0.6396 0.0537
vn 0.6729 -0.6780 0.2959
vn 0.7637 -0.5568 0.3266
vn 0.7153 -0.5463 0.4358
vn 0.6610 -0.6136 0.4320
vn 0.6802 -0.6366 0.3635
vn 0.6647 -0.5932 0.4542
vn 0.6556 -0.7468 0.1115
vn 0.6755 -0.7370 -0.0210
vn 0.7301 -0.6255 0.2753
vn 0.6845 -0.6106 0.3984
vn 0.5770 -0.6852 0.4445
vn 0.5958 -0.6469 0.4760
vn 0.7064 -0.5765 0.4108
vn 0.7223 -0.6814 0.1180
vn 0.7777 -0.6138 0.1361
vn 0.5626 -0.8264 0.0233
vn 0.5048 -0.8484 -0.1594
vn 0.6043 -0.7592 -0.2415
vn 0.7595 -0.5991 0.2533
vn 0.8015 -0.5743 0.1666
vn 0.6622 -0.6362 0.3960
vn 0.3130 -0.9415 0.1252
vn 0.4879 -0.8612 0.1421
vn 0.4881 -0.8667 0.1028
vn 0.7531 -0.6450 -0.1297
vn 0.5674 -0.8059 0.1690
vn 0.7116 -0.6722 0.2043
vn 0.3985 -0.8936 -0.2068
vn 0.8307 -0.5256 -0.1837
vn 0.8337 -0.5506 0.0416
vn 0.8401 -0.5421 -0.0171
vn 0.6062 -0.7953 0.0083
vn 0.6424 -0.6178 -0.4535
vn 0.4268 -0.7652 -0.4819
vn 0.3114 -0.8540 -0.4167
vn 0.3448 -0.8688 -0.3555
vn 0.7652 -0.6429 0.0341
vn 0.8210 -0.5010 0.2739
vn 0.7075 -0.5948 0.3818
vn 0.8731 -0.3396 0.3498
vn -0.1097 -0.9611 -0.2535
vn -0.0600 -0.8651 -0.4980
vn -0.2189 -0.9254 0.3094
vn 0.1475 -0.8146 -0.5609
vn 0.0160 -0.8859 0.4636
vn 0.3613 -0.8024 0.4749
vn -0.1499 -0.7187 0.6789
vn 0.3216 -0.6990 0.6387
vn 0.1449 -0.8994 0.4124
vn -0.0681 -0.5736 0.8163
vn 0.6222 -0.6576 0.4248
vn -0.0589 -0.5301 0.8459
vn 0.3080 -0.6723 0.6732
vn 0.6392 -0.6289 0.4426
vn 0.5779 -0.6979 0.4231
vn 0.5661 -0.6753 0.4727
vn 0.5088 -0.6870 0.5188
vn 0.4814 -0.7064 0.5190
vn 0.4948 -0.7467 0.4446
vn 0.2911 -0.6650 0.6878
vn 0.5713 -0.6235 0.5337
vn 0.4934 -0.6272 0.6026
vn 0.5693 -0.5074 0.6468
vn 0.4685 -0.6421 0.6068
vn 0.4511 -0.7083 0.5430
vn 0.0266 -0.4452 0.8950
vn 0.6553 -0.4137 0.6320
vn 0.5409 -0.5368 0.6475
vn 0.3520 -0.5071 0.7867
vn 0.3723 -0.8089 0.4550
vn 0.4786 -0.5893 0.6509
vn 0.2744 -0.3270 0.9043
vn 0.4160 -0.6827 -0.6007
vn 0.6128 -0.6771 0.4074
vn 0.7237 -0.4614 -0.5133
vn 0.7379 -0.5898 0.3280
vn 0.4260 -0.3414 0.8378
vn 0.9255 -0.2236 -0.3056
vn 0.3104 -0.3520 0.8830
vn 0.8718 -0.3722 -0.3185
vn 0.7122 -0.6955 0.0950
vn 0.9592 -0.2708 -0.0810
vn 0.9537 -0.2881 0.0868
vn 0.8622 -0.2694 0.4289
vn 0.7125 -0.6268 0.3154
vn 0.9359 -0.2950 0.1923
vn 0.7602 -0.1463 0.6331
vn 0.3460 -0.1939 0.9180
vn 0.7569 -0.3347 0.5612
vn 0.4652 -0.3848 0.7972
vn 0.5063 -0.4929 0.7077
vn 0.5803 -0.5319 0.6167
vn 0.5241 -0.4749 0.7070
vn 0.5692 -0.4872 0.6623
vn 0.5699 -0.3975 0.7191
vn 0.6444 -0.3156 0.6966
vn 0.6675 -0.2784 0.6907
vn 0.7721 -0.1451 0.6187
vn 0.7385 -0.1411 0.6593
vn 0.7697 -0.3205 0.5521
vn 0.7252 -0.3083 0.6156
vn 0.8286 -0.2941 0.4763
vn 0.7882 -0.0805 0.6101
vn 0.3819 -0.4702 0.7956
vn 0.8054 -0.1641 0.5695
vn 0.9280 -0.3241 0.1837
vn 0.7101 -0.1140 0.6948
vn 0.3740 -0.1965 0.9064
vn 0.7522 -0.1204 0.6479
vn 0.9337 -0.1570 0.3217
vn 0.9915 -0.1053 -0.0765
vn 0.7814 -0.1360 0.6090
vn 0.7899 -0.2679 0.5517
vn 0.0808 -0.2177 0.9727
vn 0.6941 -0.2041 0.6904
vn 0.7425 -0.2642 0.6156
vn 0.3861 -0.2927 0.8748
vn 0.1031 -0.3123 0.9444
vn 0.7778 -0.2591 0.5727
vn 0.6635 -0.3186 0.6769
vn 0.3548 -0.4183 0.8361
vn 0.1147 -0.4527 0.8842
vn 0.7472 -0.3847 0.5419
vn 0.7941 -0.3188 0.5175
vn 0.1215 -0.5758 0.8085
vn 0.6230 -0.4110 0.6655
vn 0.3133 -0.5346 0.7849
vn 0.1606 -0.8069 0.5684
vn 0.8180 -0.3880 0.4246
vn 0.3338 -0.7373 0.5873
vn 0.5831 -0.5828 0.5660
vn 0.1746 -0.9831 -0.0553
vn 0.3967 -0.9179 0.0095
vn 0.5915 -0.8010 0.0917
vn 0.7791 -0.6166 0.1133
vn 0.8020 -0.4697 0.3691
vn 0.1494 -0.8760 -0.4587
vn 0.3864 -0.8057 -0.4488
vn 0.4921 -0.6979 -0.5204
vn 0.5058 -0.7469 -0.4316
vn 0.1861 -0.7126 -0.6765
vn 0.4892 -0.6092 -0.6241
vn 0.4588 -0.5946 -0.6603
vn 0.0770 -0.8884 -0.4526
vn 0.2403 -0.6613 -0.7106
vn 0.3338 -0.8342 -0.4391
vn -0.0405 -0.9929 -0.1116
vn 0.4025 -0.7458 -0.5308
vn 0.2036 -0.8938 -0.3997
vn 0.1873 -0.9793 -0.0767
vn -0.0675 -0.9309 -0.3590
vn 0.1428 -0.9504 -0.2765
vn -0.1469 -0.7216 -0.6765
vn 0.2204 -0.9724 -0.0770
vn -0.2049 -0.3207 -0.9248
vn -0.1768 -0.3344 -0.9257
vn -0.2084 0.0670 -0.9758
vn -0.1780 0.2313 -0.9564
vn -0.3081 0.1018 -0.9459
vn -0.3501 0.2452 -0.9040
vn 0.0179 -0.7649 -0.6438
vn 0.3001 -0.7383 -0.6040
vn -0.3046 0.1201 -0.9449
vn -0.3734 0.1936 -0.9072
vn 0.0179 -0.3174 -0.9481
vn -0.2311 0.1282 -0.9644
vn 0.4115 -0.8856 -0.2152
vn 0.6424 -0.5500 -0.5337
vn 0.2672 -0.2156 -0.9392
vn -0.1484 0.1348 -0.9797
vn -0.1562 0.1467 -0.9768
vn 0.4042 -0.9135 -0.0456
vn -0.2119 -0.1535 -0.9652
vn 0.4638 0.0956 -0.8808
vn 0.4173 -0.0313 -0.9082
vn 0.8625 -0.0171 -0.5058
vn 0.8282 -0.2232 -0.5141
vn 0.9352 -0.3512 -0.0457
vn 0.7236 -0.6761 -0.1390
vn 0.8763 -0.3774 0.2994
vn 0.6988 -0.7118 0.0705
vn 0.7298 -0.4635 0.5025
vn 0.7709 -0.5404 0.3372
vn 0.6662 -0.7333 0.1361
vn 0.6967 -0.6067 0.3828
vn 0.7176 -0.6954 0.0395
vn 0.4171 -0.9041 -0.0928
vn 0.4460 -0.8488 -0.2839
vn -0.8660 0.0173 0.4997
vn -0.6835 -0.2323 0.6920
vn -0.7071 0.0245 0.7067
vn -0.5000 0.0300 0.8655
vn -0.8371 -0.2393 0.4919
vn -0.9659 0.0090 0.2587
vn -0.4833 -0.2270 0.8455
vn -0.2588 0.0335 0.9653
vn -0.9337 -0.2473 0.2589
vn -1.0000 -0.0000 -0.0000
vn -0.6143 -0.4738 0.6311
vn -0.2502 -0.2236 0.9420
vn -0.0000 0.0347 0.9994
vn -0.7523 -0.4800 0.4513
vn -0.4344 -0.4690 0.7690
vn -0.5038 -0.6838 0.5278
vn -0.9666 -0.2560 0.0089
vn -0.8391 -0.4873 0.2418
vn -0.6170 -0.6889 0.3803
vn -0.3593 -0.8483 0.3889
vn -0.3562 -0.6799 0.6410
vn -0.2248 -0.4660 0.8558
vn -0.0000 -0.2225 0.9749
vn -0.9337 -0.2647 -0.2412
vn -0.9659 -0.0090 -0.2587
vn 0.2502 -0.2236 0.9420
vn 0.2588 0.0335 0.9653
vn -0.8371 -0.2728 -0.4742
vn -0.8660 -0.0173 -0.4997
vn 0.4833 -0.2270 0.8455
vn 0.5000 0.0300 0.8655
vn -0.6835 -0.2797 -0.6742
vn -0.7071 -0.0245 -0.7067
vn -0.5000 -0.0300 -0.8655
vn -0.4833 -0.2850 -0.8278
vn -0.2588 -0.0335 -0.9653
vn -0.6143 -0.5163 -0.5967
vn -0.7523 -0.5101 -0.4169
vn -0.2502 -0.2883 -0.9243
vn -0.0000 -0.0347 -0.9994
vn -0.4343 -0.5211 -0.7347
vn 0.6835 -0.2323 0.6920
vn 0.7071 0.0245 0.7067
vn 0.8660 0.0173 0.4997
vn 0.8371 -0.2392 0.4919
vn 0.9659 0.0090 0.2587
vn 0.6143 -0.4738 0.6311
vn 0.9337 -0.2473 0.2589
vn 1.0000 -0.0000 -0.0000
vn -0.5038 -0.7187 -0.4792
vn 0.4344 -0.4690 0.7690
vn 0.7523 -0.4800 0.4513
vn 0.2248 -0.4660 0.8558
vn 0.5038 -0.6838 0.5278
vn -0.0000 -0.4650 0.8853
vn 0.3562 -0.6799 0.6410
vn 0.1844 -0.6774 0.7121
vn -0.1844 -0.6774 0.7121
vn -0.0000 -0.6766 0.7364
vn -0.0000 -0.8432 0.5376
vn -0.2540 -0.8455 0.4696
vn -0.1315 -0.8438 0.5203
vn -0.0696 -0.9536 0.2930
vn -0.1345 -0.9545 0.2661
vn -0.0000 -0.9994 0.0347
vn -0.0000 -0.9533 0.3021
vn 0.0696 -0.9536 0.2930
vn 0.1315 -0.8438 0.5203
vn 0.2540 -0.8455 0.4696
vn 0.1345 -0.9545 0.2661
vn 0.3593 -0.8483 0.3889
vn -0.1901 -0.9560 0.2234
vn 0.1901 -0.9560 0.2234
vn -0.2329 -0.9579 0.1678
vn 0.2329 -0.9579 0.1678
vn -0.2597 -0.9602 0.1029
vn 0.4400 -0.8520 0.2837
vn -0.4400 -0.8520 0.2837
vn -0.4908 -0.8562 0.1613
vn 0.6170 -0.6889 0.3803
vn 0.4908 -0.8562 0.1613
vn -0.6882 -0.6949 0.2086
vn -0.5081 -0.8608 0.0298
vn 0.8391 -0.4873 0.2418
vn -0.8687 -0.4951 0.0172
vn 0.2597 -0.9602 0.1029
vn 0.6882 -0.6949 0.2086
vn 0.9666 -0.2560 0.0089
vn 0.5081 -0.8608 0.0299
vn 0.8687 -0.4950 0.0172
vn 0.9337 -0.2647 -0.2412
vn 0.9659 -0.0090 -0.2587
vn -0.8391 -0.5028 -0.2075
vn -0.6170 -0.7136 -0.3317
vn -0.6882 -0.7077 -0.1600
vn 0.7125 -0.7013 0.0243
vn 0.8391 -0.5028 -0.2075
vn 0.6882 -0.7077 -0.1600
vn -0.7125 -0.7013 0.0243
vn -0.4400 -0.8696 -0.2240
vn -0.4908 -0.8654 -0.1016
vn -0.2689 -0.9626 0.0334
vn -0.2597 -0.9650 -0.0362
vn -0.3593 -0.8732 -0.3292
vn -0.2328 -0.9673 -0.1010
vn -0.1902 -0.9692 -0.1566
vn -0.1344 -0.9707 -0.1994
vn -0.0696 -0.9716 -0.2262
vn -0.0000 -0.9719 -0.2354
vn -0.3562 -0.7227 -0.5923
vn -0.1315 -0.8778 -0.4606
vn -0.2540 -0.8760 -0.4099
vn -0.2248 -0.5241 -0.8214
vn -0.1844 -0.7251 -0.6634
vn -0.0000 -0.2895 -0.9572
vn -0.0000 -0.8784 -0.4779
vn -0.0000 -0.5252 -0.8510
vn 0.2502 -0.2883 -0.9243
vn 0.2588 -0.0335 -0.9653
vn -0.0000 -0.7260 -0.6877
vn 0.2248 -0.5241 -0.8214
vn 0.1844 -0.7252 -0.6634
vn 0.1315 -0.8778 -0.4606
vn 0.4833 -0.2850 -0.8277
vn 0.5000 -0.0300 -0.8655
vn 0.4343 -0.5211 -0.7347
vn 0.3562 -0.7227 -0.5923
vn 0.6835 -0.2797 -0.6742
vn 0.7071 -0.0245 -0.7067
vn 0.8660 -0.0173 -0.4997
vn 0.6143 -0.5163 -0.5967
vn 0.8371 -0.2728 -0.4742
vn 0.7523 -0.5101 -0.4169
vn 0.5038 -0.7187 -0.4792
vn 0.6170 -0.7136 -0.3317
vn 0.3593 -0.8732 -0.3292
vn 0.4400 -0.8696 -0.2240
vn 0.2540 -0.8760 -0.4099
vn 0.1344 -0.9707 -0.1994
vn 0.4908 -0.8653 -0.1016
vn 0.2689 -0.9626 0.0334
vn 0.2597 -0.9650 -0.0362
vn 0.1902 -0.9692 -0.1566
vn 0.0696 -0.9716 -0.2262
vn 0.2329 -0.9673 -0.1010
vn 0.7523 -0.4800 0.4512
vn 0.3563 -0.6799 0.6410
vn 0.4833 -0.2850 -0.8278
vn -0.4343 -0.4690 0.7690
vn -0.7523 -0.4800 0.4512
vn -0.3592 -0.8484 0.3889
vn 0.2329 -0.9579 0.1677
vn 0.5081 -0.8608 0.0298
vn 0.8687 -0.4951 0.0172
vn 0.4908 -0.8654 -0.1016
vn 0.2329 -0.9672 -0.1010
vn 0.1345 -0.9707 -0.1994
vn 0.2248 -0.5242 -0.8214
vn 0.1844 -0.7251 -0.6634
vn -0.1345 -0.9707 -0.1994
vn -0.2248 -0.5242 -0.8214
vn -0.4833 -0.2850 -0.8277
vn -0.3592 -0.8733 -0.3292
vn -0.5038 -0.7188 -0.4792
vn -0.8391 -0.5029 -0.2075
vn -0.4907 -0.8654 -0.1016
vn -0.2598 -0.9650 -0.0362
vn -0.2329 -0.9672 -0.1010
vn -0.6835 0.2797 0.6742
vn -0.8371 0.2727 0.4742
vn -0.4833 0.2850 0.8278
vn -0.9337 0.2647 0.2412
vn -0.6143 0.5163 0.5967
vn -0.2502 0.2883 0.9243
vn -0.7523 0.5101 0.4169
vn -0.4343 0.5211 0.7347
vn -0.5038 0.7188 0.4792
vn -0.9666 0.2560 -0.0089
vn -0.8391 0.5028 0.2075
vn -0.6170 0.7136 0.3317
vn -0.3593 0.8732 0.3292
vn -0.3562 0.7227 0.5923
vn -0.2248 0.5241 0.8214
vn -0.9337 0.2473 -0.2589
vn -0.0000 0.2895 0.9572
vn -0.8371 0.2393 -0.4919
vn 0.2502 0.2883 0.9243
vn -0.6835 0.2323 -0.6920
vn -0.4833 0.2269 -0.8455
vn -0.6143 0.4737 -0.6310
vn -0.7523 0.4800 -0.4512
vn -0.2502 0.2236 -0.9420
vn -0.4343 0.4690 -0.7690
vn 0.4833 0.2850 0.8278
vn -0.8391 0.4872 -0.2419
vn -0.5038 0.6838 -0.5278
vn 0.6835 0.2797 0.6742
vn 0.8371 0.2728 0.4742
vn 0.6143 0.5163 0.5967
vn 0.9337 0.2647 0.2412
vn -0.6170 0.6889 -0.3803
vn 0.4343 0.5211 0.7347
vn 0.7523 0.5101 0.4169
vn 0.5038 0.7188 0.4792
vn 0.2248 0.5241 0.8214
vn 0.3562 0.7227 0.5923
vn 0.3593 0.8732 0.3292
vn 0.6170 0.7136 0.3317
vn 0.8391 0.5029 0.2075
vn -0.0000 0.5252 0.8510
vn 0.1844 0.7251 0.6635
vn -0.1844 0.7251 0.6635
vn 0.2540 0.8760 0.4099
vn 0.9666 0.2560 -0.0089
vn -0.0000 0.7260 0.6877
vn -0.0000 0.8784 0.4779
vn -0.2540 0.8760 0.4099
vn 0.1315 0.8778 0.4606
vn 0.0696 0.9716 0.2262
vn 0.9337 0.2473 -0.2589
vn -0.1315 0.8778 0.4606
vn -0.0696 0.9716 0.2262
vn -0.1345 0.9707 0.1993
vn -0.0000 0.9994 -0.0347
vn -0.0000 0.9719 0.2353
vn 0.1345 0.9707 0.1993
vn 0.8371 0.2393 -0.4919
vn -0.1901 0.9692 0.1566
vn 0.1901 0.9692 0.1567
vn -0.2329 0.9673 0.1010
vn 0.2329 0.9673 0.1010
vn -0.2597 0.9650 0.0362
vn -0.4400 0.8696 0.2240
vn -0.4908 0.8653 0.1016
vn -0.6882 0.7077 0.1600
vn -0.5081 0.8608 -0.0299
vn -0.8687 0.4950 -0.0172
vn -0.7125 0.7013 -0.0243
vn -0.6882 0.6949 -0.2086
vn -0.2689 0.9626 -0.0334
vn -0.4908 0.8562 -0.1613
vn -0.4400 0.8520 -0.2837
vn -0.2597 0.9602 -0.1030
vn -0.3593 0.8483 -0.3889
vn -0.2328 0.9579 -0.1678
vn -0.1902 0.9560 -0.2234
vn -0.1345 0.9545 -0.2661
vn -0.3562 0.6799 -0.6410
vn -0.0696 0.9536 -0.2929
vn -0.0000 0.9533 -0.3021
vn 0.0696 0.9536 -0.2929
vn -0.2540 0.8455 -0.4696
vn -0.1316 0.8438 -0.5203
vn -0.2248 0.4660 -0.8558
vn -0.1844 0.6774 -0.7121
vn -0.0000 0.8432 -0.5376
vn 0.1316 0.8438 -0.5203
vn -0.0000 0.2225 -0.9749
vn -0.0000 0.4650 -0.8853
vn -0.0000 0.6766 -0.7364
vn 0.1844 0.6775 -0.7121
vn 0.1344 0.9545 -0.2661
vn 0.2502 0.2236 -0.9420
vn 0.2248 0.4660 -0.8558
vn 0.2540 0.8455 -0.4696
vn 0.4833 0.2270 -0.8455
vn 0.3562 0.6799 -0.6410
vn 0.4343 0.4690 -0.7690
vn 0.3593 0.8483 -0.3889
vn 0.6835 0.2323 -0.6920
vn 0.6143 0.4737 -0.6310
vn 0.5038 0.6838 -0.5278
vn 0.7523 0.4800 -0.4512
vn 0.6170 0.6889 -0.3803
vn 0.8391 0.4873 -0.2419
vn 0.8687 0.4951 -0.0172
vn 0.6882 0.6949 -0.2086
vn 0.4400 0.8520 -0.2837
vn 0.6882 0.7077 0.1600
vn 0.1902 0.9560 -0.2234
vn 0.7125 0.7013 -0.0243
vn 0.5081 0.8608 -0.0299
vn 0.4908 0.8654 0.1016
vn 0.2328 0.9579 -0.1678
vn 0.4908 0.8562 -0.1613
vn 0.2597 0.9602 -0.1029
vn 0.2689 0.9626 -0.0334
vn 0.2597 0.9650 0.0362
vn 0.4400 0.8696 0.2240
vn 0.8371 0.2728 0.4741
vn 0.2502 0.2884 0.9243
vn 0.5038 0.7187 0.4792
vn -0.2502 0.2884 0.9243
vn 0.4833 0.2269 -0.8455
vn -0.5038 0.7187 0.4792
vn -0.0000 0.9719 0.2354
vn -0.1901 0.9692 0.1567
vn 0.2329 0.9672 0.1010
vn -0.2329 0.9672 0.1010
vn 0.4400 0.8696 0.2241
vn 0.4908 0.8653 0.1016
vn 0.5081 0.8608 -0.0298
vn -0.8391 0.5029 0.2075
vn -0.5081 0.8608 -0.0298
vn -0.8687 0.4951 -0.0172
vn -0.8391 0.4873 -0.2419
vn 0.2597 0.9602 -0.1030
vn 0.2329 0.9579 -0.1678
vn 0.1315 0.8438 -0.5203
vn -0.1844 0.6775 -0.7121
vn -0.1315 0.8438 -0.5203
vn -0.8371 0.2392 -0.4919
vn -0.1344 0.9545 -0.2661
vn -0.2597 0.9602 -0.1029
vn -0.2329 0.9579 -0.1678
vt 0.864258 0.183228
vt 0.846680 0.198730
vt 0.848633 0.179688
vt 0.833984 0.188599
vt 0.828125 0.213623
vt 0.823242 0.175537
vt 0.817871 0.201294
vt 0.820801 0.218384
vt 0.818359 0.184937
vt 0.796875 0.174927
vt 0.797363 0.185059
vt 0.778320 0.175781
vt 0.808105 0.209595
vt 0.803711 0.223389
vt 0.806152 0.194092
vt 0.797363 0.217163
vt 0.786621 0.237671
vt 0.793457 0.196899
vt 0.781250 0.207764
vt 0.777832 0.183594
vt 0.761719 0.177002
vt 0.780273 0.229004
vt 0.772949 0.198242
vt 0.764648 0.185669
vt 0.735352 0.181396
vt 0.761230 0.247559
vt 0.770996 0.260498
vt 0.763672 0.224121
vt 0.738770 0.197388
vt 0.706543 0.189697
vt 0.748535 0.213989
vt 0.747070 0.277100
vt 0.760742 0.285400
vt 0.743164 0.245605
vt 0.711426 0.211426
vt 0.675781 0.200073
vt 0.720215 0.237061
vt 0.736816 0.307617
vt 0.749512 0.316162
vt 0.728027 0.271240
vt 0.708496 0.265869
vt 0.689941 0.248291
vt 0.681641 0.226562
vt 0.648438 0.247803
vt 0.636230 0.217896
vt 0.714844 0.297852
vt 0.623047 0.253174
vt 0.611328 0.232910
vt 0.591309 0.246582
vt 0.602051 0.268066
vt 0.568848 0.263672
vt 0.632324 0.270752
vt 0.665527 0.265381
vt 0.692383 0.264648
vt 0.577637 0.282959
vt 0.545898 0.280762
vt 0.609375 0.295898
vt 0.694824 0.288574
vt 0.678711 0.279541
vt 0.646973 0.286377
vt 0.554688 0.296143
vt 0.526367 0.293457
vt 0.530762 0.314209
vt 0.662598 0.300293
vt 0.582031 0.309570
vt 0.556641 0.319580
vt 0.533203 0.330078
vt 0.628906 0.310059
vt 0.601562 0.322998
vt 0.556641 0.344727
vt 0.536621 0.348877
vt 0.537109 0.370361
vt 0.549805 0.367920
vt 0.569824 0.380615
vt 0.582031 0.340820
vt 0.613281 0.333984
vt 0.645996 0.322998
vt 0.596680 0.357178
vt 0.679688 0.312012
vt 0.629395 0.347412
vt 0.698730 0.324219
vt 0.663574 0.335938
vt 0.718750 0.338623
vt 0.682617 0.348633
vt 0.703125 0.361328
vt 0.729980 0.345703
vt 0.666504 0.374268
vt 0.647461 0.360840
vt 0.612305 0.372803
vt 0.723633 0.368408
vt 0.737793 0.350830
vt 0.746582 0.349854
vt 0.747559 0.368896
vt 0.732910 0.370117
vt 0.745605 0.393066
vt 0.708008 0.399414
vt 0.729492 0.397705
vt 0.757324 0.428955
vt 0.744629 0.436523
vt 0.767090 0.454834
vt 0.691406 0.392090
vt 0.706543 0.441895
vt 0.689941 0.429443
vt 0.669922 0.457520
vt 0.668945 0.416260
vt 0.648438 0.400146
vt 0.629395 0.386475
vt 0.750977 0.466553
vt 0.773438 0.500488
vt 0.786133 0.491699
vt 0.803711 0.515625
vt 0.719727 0.461914
vt 0.687988 0.470947
vt 0.672852 0.496582
vt 0.733887 0.484375
vt 0.698730 0.483154
vt 0.595215 0.402344
vt 0.579102 0.385010
vt 0.567871 0.410889
vt 0.555664 0.429932
vt 0.581055 0.423096
vt 0.557129 0.448486
vt 0.610840 0.412598
vt 0.629395 0.425781
vt 0.591797 0.437256
vt 0.576660 0.454346
vt 0.647949 0.439941
vt 0.608887 0.449707
vt 0.562988 0.474365
vt 0.555664 0.471436
vt 0.551270 0.493652
vt 0.627441 0.465576
vt 0.588867 0.470703
vt 0.577637 0.488281
vt 0.645020 0.486084
vt 0.607910 0.484131
vt 0.567383 0.506836
vt 0.541992 0.516113
vt 0.589355 0.504395
vt 0.618652 0.507812
vt 0.558594 0.525879
vt 0.535645 0.529785
vt 0.578125 0.518066
vt 0.549805 0.538086
vt 0.531250 0.541504
vt 0.640137 0.502930
vt 0.604492 0.522461
vt 0.566895 0.533691
vt 0.621582 0.517090
vt 0.594727 0.537598
vt 0.610352 0.529785
vt 0.634277 0.522461
vt 0.625488 0.529785
vt 0.639160 0.522949
vt 0.618164 0.536133
vt 0.613281 0.540527
vt 0.603516 0.546387
vt 0.599121 0.550781
vt 0.583496 0.548340
vt 0.573730 0.575195
vt 0.596191 0.557617
vt 0.594238 0.568848
vt 0.660156 0.520996
vt 0.644531 0.528809
vt 0.646484 0.540527
vt 0.555176 0.544434
vt 0.569336 0.561523
vt 0.543457 0.553711
vt 0.524902 0.562988
vt 0.519043 0.551270
vt 0.501465 0.562500
vt 0.551270 0.572266
vt 0.658203 0.545410
vt 0.644043 0.552734
vt 0.639160 0.563477
vt 0.506836 0.572754
vt 0.489746 0.579590
vt 0.483398 0.570801
vt 0.509766 0.581055
vt 0.535156 0.577637
vt 0.474854 0.583496
vt 0.468506 0.574219
vt 0.552246 0.586914
vt 0.505371 0.590332
vt 0.531738 0.590820
vt 0.461914 0.592285
vt 0.453613 0.580566
vt 0.485352 0.597168
vt 0.472656 0.605469
vt 0.490234 0.622559
vt 0.501465 0.610352
vt 0.506348 0.636230
vt 0.506836 0.603027
vt 0.517578 0.622559
vt 0.528809 0.651855
vt 0.528320 0.607910
vt 0.541016 0.633301
vt 0.563477 0.667969
vt 0.545410 0.601074
vt 0.549805 0.615234
vt 0.563965 0.597656
vt 0.567871 0.642578
vt 0.586914 0.594727
vt 0.606445 0.585938
vt 0.605469 0.570801
vt 0.618164 0.573242
vt 0.629395 0.571289
vt 0.571777 0.608398
vt 0.570801 0.617188
vt 0.591309 0.606934
vt 0.595703 0.649902
vt 0.595215 0.676758
vt 0.624023 0.680664
vt 0.595215 0.624023
vt 0.635742 0.584961
vt 0.613770 0.600586
vt 0.623535 0.649902
vt 0.660645 0.679688
vt 0.619629 0.624512
vt 0.642090 0.600098
vt 0.652344 0.574707
vt 0.647461 0.622559
vt 0.653809 0.648438
vt 0.683105 0.645508
vt 0.690430 0.675293
vt 0.661133 0.564941
vt 0.662598 0.591309
vt 0.713379 0.639648
vt 0.720215 0.668945
vt 0.673828 0.618164
vt 0.701660 0.612305
vt 0.683105 0.580078
vt 0.693359 0.544434
vt 0.748047 0.633301
vt 0.757812 0.658691
vt 0.735352 0.609863
vt 0.724121 0.586914
vt 0.782715 0.625977
vt 0.792480 0.649902
vt 0.767578 0.605957
vt 0.821289 0.612305
vt 0.833984 0.640625
vt 0.761719 0.589844
vt 0.790039 0.596680
vt 0.710938 0.564941
vt 0.866211 0.608887
vt 0.876465 0.627441
vt 0.902344 0.602051
vt 0.906738 0.613770
vt 0.763672 0.568359
vt 0.833008 0.585938
vt 0.807129 0.576660
vt 0.841309 0.566895
vt 0.866699 0.594238
vt 0.926270 0.594727
vt 0.928711 0.602539
vt 0.908203 0.586914
vt 0.887695 0.575195
vt 0.878418 0.588379
vt 0.855469 0.551270
vt 0.814941 0.554199
vt 0.847168 0.548828
vt 0.855957 0.544434
vt 0.833008 0.535645
vt 0.826172 0.541504
vt 0.794434 0.520508
vt 0.772461 0.538574
vt 0.732422 0.548340
vt 0.751465 0.515625
vt 0.722656 0.528320
vt 0.714355 0.501953
vt 0.681152 0.521973
vt 0.683105 0.504395
vt 0.958496 0.389404
vt 0.968750 0.417236
vt 0.952148 0.394287
vt 0.959961 0.419434
vt 0.974121 0.433594
vt 0.952148 0.422363
vt 0.940430 0.394043
vt 0.962402 0.435791
vt 0.979980 0.455078
vt 0.942383 0.426270
vt 0.928223 0.398682
vt 0.955078 0.436035
vt 0.954590 0.459473
vt 0.966797 0.457520
vt 0.983887 0.474854
vt 0.967285 0.480469
vt 0.986816 0.491211
vt 0.945312 0.445801
vt 0.935059 0.427979
vt 0.925293 0.427979
vt 0.940430 0.452393
vt 0.916016 0.431885
vt 0.917480 0.395996
vt 0.899414 0.439209
vt 0.931152 0.457275
vt 0.945801 0.474121
vt 0.948730 0.460938
vt 0.915039 0.460449
vt 0.895020 0.464600
vt 0.923828 0.478271
vt 0.898926 0.492188
vt 0.935547 0.478271
vt 0.911133 0.495361
vt 0.902832 0.505859
vt 0.914062 0.504883
vt 0.922363 0.493164
vt 0.922363 0.516602
vt 0.942383 0.504395
vt 0.954102 0.502930
vt 0.951172 0.534668
vt 0.939453 0.540039
vt 0.954102 0.553711
vt 0.958984 0.552246
vt 0.956055 0.534180
vt 0.969727 0.534668
vt 0.977051 0.513672
vt 0.962891 0.480957
vt 0.972168 0.496826
vt 0.980957 0.511719
vt 0.975098 0.493896
vt 0.981445 0.507324
vt 0.987305 0.509766
vt 0.984375 0.504395
vt 0.989746 0.502930
vt 0.989746 0.508789
vt 1.846680 0.198730
vt 1.864258 0.183228
vt 1.848633 0.179688
vt 1.833984 0.188599
vt 1.823242 0.175537
vt 1.828125 0.213623
vt 1.818359 0.184937
vt 1.796875 0.174927
vt 1.817383 0.201294
vt 1.820312 0.218384
vt 1.808594 0.209595
vt 1.803711 0.223389
vt 1.805664 0.194092
vt 1.796875 0.185059
vt 1.797852 0.217163
vt 1.786133 0.237671
vt 1.792969 0.196899
vt 1.781250 0.207764
vt 1.777344 0.183594
vt 1.778320 0.175781
vt 1.780273 0.229004
vt 1.773438 0.198242
vt 1.764648 0.185669
vt 1.761719 0.177002
vt 1.761719 0.247559
vt 1.771484 0.260498
vt 1.763672 0.224121
vt 1.738281 0.197388
vt 1.735352 0.181396
vt 1.706055 0.189697
vt 1.749023 0.213989
vt 1.710938 0.211426
vt 1.675781 0.200073
vt 1.747070 0.277100
vt 1.760742 0.285400
vt 1.743164 0.245605
vt 1.736328 0.307617
vt 1.749023 0.316162
vt 1.681641 0.226562
vt 1.636719 0.217896
vt 1.719727 0.237061
vt 1.728516 0.271240
vt 1.648438 0.247803
vt 1.611328 0.232910
vt 1.689453 0.248291
vt 1.708984 0.265869
vt 1.714844 0.297852
vt 1.729492 0.345703
vt 1.718750 0.338623
vt 1.738281 0.350830
vt 1.746094 0.349854
vt 1.747070 0.368896
vt 1.723633 0.368408
vt 1.733398 0.370117
vt 1.745117 0.393066
vt 1.729492 0.397705
vt 1.756836 0.428955
vt 1.708008 0.399414
vt 1.703125 0.361328
vt 1.699219 0.324219
vt 1.744141 0.436523
vt 1.767578 0.454834
vt 1.707031 0.441895
vt 1.695312 0.288574
vt 1.692383 0.264648
vt 1.665039 0.265381
vt 1.678711 0.279541
vt 1.750977 0.466553
vt 1.773438 0.500488
vt 1.786133 0.491699
vt 1.803711 0.515625
vt 1.719727 0.461914
vt 1.734375 0.484375
vt 1.631836 0.270752
vt 1.646484 0.286377
vt 1.662109 0.300293
vt 1.623047 0.253174
vt 1.602539 0.268066
vt 1.590820 0.246582
vt 1.628906 0.310059
vt 1.679688 0.312012
vt 1.578125 0.282959
vt 1.568359 0.263672
vt 1.545898 0.280762
vt 1.609375 0.295898
vt 1.554688 0.296143
vt 1.526367 0.293457
vt 1.530273 0.314209
vt 1.582031 0.309570
vt 1.556641 0.319580
vt 1.533203 0.330078
vt 1.601562 0.322998
vt 1.556641 0.344727
vt 1.537109 0.348877
vt 1.537109 0.370361
vt 1.549805 0.367920
vt 1.569336 0.380615
vt 1.582031 0.340820
vt 1.613281 0.333984
vt 1.596680 0.357178
vt 1.645508 0.322998
vt 1.629883 0.347412
vt 1.664062 0.335938
vt 1.682617 0.348633
vt 1.666992 0.374268
vt 1.647461 0.360840
vt 1.612305 0.372803
vt 1.579102 0.385010
vt 1.568359 0.410889
vt 1.555664 0.429932
vt 1.595703 0.402344
vt 1.581055 0.423096
vt 1.557617 0.448486
vt 1.629883 0.386475
vt 1.648438 0.400146
vt 1.610352 0.412598
vt 1.576172 0.454346
vt 1.591797 0.437256
vt 1.628906 0.425781
vt 1.668945 0.416260
vt 1.609375 0.449707
vt 1.562500 0.474365
vt 1.555664 0.471436
vt 1.550781 0.493652
vt 1.588867 0.470703
vt 1.647461 0.439941
vt 1.669922 0.457520
vt 1.626953 0.465576
vt 1.691406 0.392090
vt 1.690430 0.429443
vt 1.578125 0.488281
vt 1.608398 0.484131
vt 1.567383 0.506836
vt 1.541992 0.516113
vt 1.644531 0.486084
vt 1.672852 0.496582
vt 1.687500 0.470947
vt 1.698242 0.483154
vt 1.588867 0.504395
vt 1.558594 0.525879
vt 1.535156 0.529785
vt 1.618164 0.507812
vt 1.578125 0.518066
vt 1.549805 0.538086
vt 1.531250 0.541504
vt 1.639648 0.502930
vt 1.604492 0.522461
vt 1.566406 0.533691
vt 1.622070 0.517090
vt 1.594727 0.537598
vt 1.610352 0.529785
vt 1.634766 0.522461
vt 1.625000 0.529785
vt 1.638672 0.522949
vt 1.618164 0.536133
vt 1.613281 0.540527
vt 1.603516 0.546387
vt 1.598633 0.550781
vt 1.583984 0.548340
vt 1.574219 0.575195
vt 1.595703 0.557617
vt 1.594727 0.568848
vt 1.660156 0.520996
vt 1.644531 0.528809
vt 1.646484 0.540527
vt 1.554688 0.544434
vt 1.569336 0.561523
vt 1.542969 0.553711
vt 1.524414 0.562988
vt 1.518555 0.551270
vt 1.501953 0.562500
vt 1.550781 0.572266
vt 1.658203 0.545410
vt 1.643555 0.552734
vt 1.639648 0.563477
vt 1.506836 0.572754
vt 1.489258 0.579590
vt 1.483398 0.570801
vt 1.509766 0.581055
vt 1.535156 0.577637
vt 1.474609 0.583496
vt 1.468750 0.574219
vt 1.552734 0.586914
vt 1.504883 0.590332
vt 1.531250 0.590820
vt 1.461914 0.592285
vt 1.454102 0.580566
vt 1.485352 0.597168
vt 1.472656 0.605469
vt 1.490234 0.622559
vt 1.500977 0.610352
vt 1.506836 0.636230
vt 1.506836 0.603027
vt 1.517578 0.622559
vt 1.529297 0.651855
vt 1.528320 0.607910
vt 1.541016 0.633301
vt 1.545898 0.601074
vt 1.567383 0.642578
vt 1.563477 0.667969
vt 1.549805 0.615234
vt 1.564453 0.597656
vt 1.586914 0.594727
vt 1.606445 0.585938
vt 1.605469 0.570801
vt 1.618164 0.573242
vt 1.629883 0.571289
vt 1.571289 0.608398
vt 1.571289 0.617188
vt 1.590820 0.606934
vt 1.635742 0.584961
vt 1.594727 0.624023
vt 1.614258 0.600586
vt 1.595703 0.649902
vt 1.594727 0.676758
vt 1.620117 0.624512
vt 1.623047 0.649902
vt 1.624023 0.680664
vt 1.641602 0.600098
vt 1.652344 0.574707
vt 1.653320 0.648438
vt 1.661133 0.679688
vt 1.647461 0.622559
vt 1.682617 0.645508
vt 1.690430 0.675293
vt 1.719727 0.668945
vt 1.661133 0.564941
vt 1.662109 0.591309
vt 1.673828 0.618164
vt 1.712891 0.639648
vt 1.757812 0.658691
vt 1.701172 0.612305
vt 1.682617 0.580078
vt 1.693359 0.544434
vt 1.680664 0.521973
vt 1.683594 0.504395
vt 1.714844 0.501953
vt 1.722656 0.528320
vt 1.750977 0.515625
vt 1.710938 0.564941
vt 1.724609 0.586914
vt 1.763672 0.568359
vt 1.732422 0.548340
vt 1.772461 0.538574
vt 1.793945 0.520508
vt 1.814453 0.554199
vt 1.826172 0.541504
vt 1.833008 0.535645
vt 1.847656 0.548828
vt 1.855469 0.544434
vt 1.855469 0.551270
vt 1.840820 0.566895
vt 1.877930 0.588379
vt 1.887695 0.575195
vt 1.902344 0.602051
vt 1.908203 0.586914
vt 1.925781 0.594727
vt 1.906250 0.613770
vt 1.928711 0.602539
vt 1.875977 0.627441
vt 1.866211 0.608887
vt 1.833984 0.640625
vt 1.867188 0.594238
vt 1.833008 0.585938
vt 1.821289 0.612305
vt 1.792969 0.649902
vt 1.806641 0.576660
vt 1.782227 0.625977
vt 1.790039 0.596680
vt 1.761719 0.589844
vt 1.767578 0.605957
vt 1.735352 0.609863
vt 1.748047 0.633301
vt 1.968750 0.417236
vt 1.958984 0.389404
vt 1.952148 0.394287
vt 1.959961 0.419434
vt 1.974609 0.433594
vt 1.952148 0.422363
vt 1.940430 0.394043
vt 1.962891 0.435791
vt 1.980469 0.455078
vt 1.955078 0.436035
vt 1.955078 0.459473
vt 1.942383 0.426270
vt 1.927734 0.398682
vt 1.966797 0.457520
vt 1.983398 0.474854
vt 1.967773 0.480469
vt 1.987305 0.491211
vt 1.945312 0.445801
vt 1.935547 0.427979
vt 1.925781 0.427979
vt 1.940430 0.452393
vt 1.916016 0.431885
vt 1.917969 0.395996
vt 1.899414 0.439209
vt 1.930664 0.457275
vt 1.945312 0.474121
vt 1.949219 0.460938
vt 1.915039 0.460449
vt 1.895508 0.464600
vt 1.923828 0.478271
vt 1.898438 0.492188
vt 1.935547 0.478271
vt 1.911133 0.495361
vt 1.903320 0.505859
vt 1.914062 0.504883
vt 1.921875 0.493164
vt 1.921875 0.516602
vt 1.942383 0.504395
vt 1.954102 0.502930
vt 1.951172 0.534668
vt 1.939453 0.540039
vt 1.954102 0.553711
vt 1.958984 0.552246
vt 1.956055 0.534180
vt 1.969727 0.534668
vt 1.977539 0.513672
vt 1.962891 0.480957
vt 1.972656 0.496826
vt 1.980469 0.511719
vt 1.974609 0.493896
vt 1.981445 0.507324
vt 1.987305 0.509766
vt 1.984375 0.504395
vt 1.990234 0.502930
vt 1.990234 0.508789
vt 0.969238 0.984863
vt 0.949219 0.995117
vt 0.950684 0.992676
vt 0.966309 0.981445
vt 0.980469 0.975098
vt 0.947754 0.987305
vt 0.976074 0.971680
vt 0.988281 0.963379
vt 0.984375 0.960938
vt 0.994629 0.949707
vt 0.989258 0.947266
vt 0.996094 0.935547
vt 0.958496 0.976562
vt 0.966309 0.965820
vt 0.971191 0.956543
vt 0.974121 0.944824
vt 0.990234 0.936035
vt 0.947754 0.972168
vt 0.941406 0.982910
vt 0.931641 0.979492
vt 0.951660 0.959961
vt 0.954102 0.952148
vt 0.991211 0.916016
vt 0.997559 0.915039
vt 0.956543 0.942871
vt 0.974609 0.932129
vt 0.938477 0.965820
vt 0.990234 0.900879
vt 0.995605 0.897461
vt 0.942383 0.955566
vt 0.933594 0.962891
vt 0.927246 0.980469
vt 0.984863 0.874023
vt 0.991699 0.870605
vt 0.937988 0.954590
vt 0.977051 0.840332
vt 0.983398 0.837402
vt 0.970215 0.807617
vt 0.975586 0.807617
vt 0.964844 0.775879
vt 0.966797 0.844727
vt 0.971191 0.875000
vt 0.973145 0.900879
vt 0.974121 0.916504
vt 0.956543 0.930664
vt 0.952637 0.847656
vt 0.953125 0.876465
vt 0.955078 0.901855
vt 0.948730 0.814453
vt 0.955566 0.916992
vt 0.943359 0.917480
vt 0.943848 0.930664
vt 0.940430 0.903320
vt 0.936035 0.876465
vt 0.932617 0.848145
vt 0.944824 0.941895
vt 0.944336 0.950195
vt 0.939941 0.942383
vt 0.939941 0.948730
vt 0.934570 0.947754
vt 0.938477 0.930664
vt 0.933105 0.952637
vt 0.930176 0.962402
vt 0.934570 0.942383
vt 0.937012 0.918457
vt 0.930176 0.930176
vt 0.935059 0.901855
vt 0.927734 0.952637
vt 0.926270 0.979980
vt 0.923340 0.984863
vt 0.920410 0.940430
vt 0.924316 0.964355
vt 0.920410 0.967285
vt 0.909668 0.989746
vt 0.922363 0.947754
vt 0.900391 0.941406
vt 0.909180 0.957520
vt 0.892090 0.973145
vt 0.901855 0.987793
vt 0.880371 0.975586
vt 0.880859 0.963867
vt 0.865723 0.969238
vt 0.902832 0.950195
vt 0.875977 0.952148
vt 0.852051 0.962891
vt 0.874023 0.943848
vt 0.843750 0.949219
vt 0.873047 0.930664
vt 0.840820 0.934570
vt 0.846680 0.914062
vt 0.876953 0.914551
vt 0.853027 0.897461
vt 0.899902 0.928223
vt 0.883301 0.898438
vt 0.865723 0.873535
vt 0.917969 0.928223
vt 0.902344 0.913574
vt 0.888184 0.877930
vt 0.878906 0.842773
vt 0.918457 0.915039
vt 0.911133 0.895996
vt 0.928711 0.916504
vt 0.925293 0.900879
vt 0.930176 0.875977
vt 0.922852 0.875488
vt 0.927246 0.846191
vt 0.910645 0.875977
vt 0.909668 0.846191
vt 0.930664 0.814941
vt 0.893555 0.842773
vt 0.887207 0.814941
vt 0.919434 0.845215
vt 0.905273 0.814941
vt 0.918457 0.814941
vt 0.904785 0.784668
vt 0.894043 0.783691
vt 0.925293 0.814453
vt 0.916992 0.781738
vt 0.903320 0.748535
vt 0.895508 0.748047
vt 0.924316 0.780762
vt 0.916992 0.748535
vt 0.905273 0.720215
vt 0.897949 0.718750
vt 0.906738 0.701660
vt 0.912109 0.697754
vt 0.914062 0.721191
vt 0.916504 0.698242
vt 0.922363 0.748047
vt 0.929199 0.779785
vt 0.944824 0.780273
vt 0.960449 0.777832
vt 0.940430 0.746094
vt 0.950684 0.743652
vt 0.955078 0.741211
vt 0.944336 0.713379
vt 0.939941 0.714844
vt 0.930176 0.697266
vt 0.927246 0.747070
vt 0.928711 0.699707
vt 0.922363 0.695312
vt 0.934570 0.717285
vt 0.922363 0.720703
vt 0.921875 0.697754
vt 0.926270 0.701660
vt 0.919434 0.720703
vt 0.917969 0.705566
vt 0.920410 0.705078
vt 0.921875 0.699219
vt 0.919434 0.699707
vt 0.840820 0.687988
vt 0.858887 0.699219
vt 0.841797 0.690918
vt 0.857422 0.705566
vt 0.872559 0.714844
vt 0.847168 0.710449
vt 0.837402 0.695801
vt 0.867676 0.719238
vt 0.877441 0.728516
vt 0.835938 0.714355
vt 0.830566 0.699219
vt 0.819824 0.701660
vt 0.854004 0.721191
vt 0.837891 0.724609
vt 0.826660 0.720215
vt 0.820312 0.718262
vt 0.815430 0.700684
vt 0.807129 0.707520
vt 0.810059 0.696777
vt 0.795410 0.691406
vt 0.784668 0.700195
vt 0.788086 0.688965
vt 0.768066 0.695801
vt 0.802734 0.718750
vt 0.774902 0.710938
vt 0.748047 0.704102
vt 0.822266 0.725586
vt 0.829102 0.727539
vt 0.766602 0.719238
vt 0.735840 0.712402
vt 0.799805 0.725586
vt 0.761230 0.729004
vt 0.730957 0.722656
vt 0.729492 0.737793
vt 0.838379 0.730957
vt 0.822266 0.730469
vt 0.794434 0.733887
vt 0.756348 0.743164
vt 0.731934 0.757812
vt 0.857910 0.729004
vt 0.829102 0.731445
vt 0.821289 0.738281
vt 0.827148 0.738281
vt 0.790039 0.747070
vt 0.750977 0.760254
vt 0.738281 0.780762
vt 0.839355 0.740723
vt 0.818359 0.749512
vt 0.825684 0.747559
vt 0.786133 0.763184
vt 0.751465 0.780762
vt 0.748535 0.807617
vt 0.814941 0.762695
vt 0.760254 0.806152
vt 0.760254 0.839844
vt 0.784180 0.783203
vt 0.772949 0.837891
vt 0.767090 0.872070
vt 0.822754 0.759277
vt 0.836914 0.764160
vt 0.811035 0.777344
vt 0.818359 0.777344
vt 0.783691 0.805176
vt 0.806641 0.801758
vt 0.812988 0.801270
vt 0.806152 0.830566
vt 0.775391 0.872070
vt 0.772461 0.899902
vt 0.789062 0.833984
vt 0.787598 0.872559
vt 0.786133 0.902344
vt 0.804688 0.870605
vt 0.832520 0.784180
vt 0.811523 0.832031
vt 0.829102 0.805176
vt 0.786621 0.926758
vt 0.772949 0.929199
vt 0.786621 0.948730
vt 0.774902 0.950195
vt 0.781738 0.972656
vt 0.798828 0.926270
vt 0.856445 0.791016
vt 0.787598 0.972656
vt 0.788086 0.976562
vt 0.792969 0.974121
vt 0.798828 0.946777
vt 0.801758 0.900879
vt 0.804199 0.927246
vt 0.807129 0.901367
vt 0.810059 0.871582
vt 0.826660 0.837402
vt 0.822754 0.875977
vt 0.851074 0.813477
vt 0.818848 0.901855
vt 0.840820 0.845703
vt 0.841797 0.879883
vt 0.802246 0.947266
vt 0.814941 0.930664
vt 0.802246 0.971680
vt 0.800781 0.973145
vt 0.810547 0.950195
vt 0.804688 0.973633
vt 0.804688 0.977051
vt 0.810547 0.972168
vt 0.811523 0.974609
vt 0.825195 0.956543
vt 0.820801 0.953125
vt 0.832031 0.937012
vt 0.827148 0.934570
vt 0.839844 0.909668
vt 0.834473 0.907715
vt 0.847656 0.881836
vt 0.854980 0.849609
vt 0.860840 0.851562
vt 0.870605 0.819824
vt 0.864258 0.818359
vt 0.875488 0.793945
vt 0.870117 0.791504
vt 0.877930 0.771973
vt 0.873047 0.770996
vt 0.880371 0.753906
vt 0.860352 0.767090
vt 0.875000 0.752930
vt 0.879883 0.740234
vt 0.861328 0.751953
vt 0.874512 0.740723
vt 0.839844 0.751465
vt 0.860352 0.740234
vt 0.871582 0.729492
vt 0.798828 0.011917
vt 0.796387 0.014496
vt 0.795898 0.011452
vt 0.792969 0.014671
vt 0.792969 0.021057
vt 0.789062 0.020966
vt 0.797363 0.021027
vt 0.789062 0.042419
vt 0.783203 0.042603
vt 0.796875 0.039581
vt 0.783691 0.066589
vt 0.777344 0.066040
vt 0.795410 0.060303
vt 0.781738 0.085449
vt 0.773438 0.085510
vt 0.795898 0.079895
vt 0.782715 0.107117
vt 0.773438 0.107544
vt 0.796387 0.098083
vt 0.782227 0.125977
vt 0.772461 0.126099
vt 0.797363 0.113708
vt 0.783203 0.135864
vt 0.774902 0.141968
vt 0.799805 0.124634
vt 0.787598 0.142212
vt 0.779785 0.150513
vt 0.793457 0.146606
vt 0.787598 0.153809
vt 0.798340 0.156006
vt 0.803223 0.131714
vt 0.804199 0.148560
vt 0.818848 0.157837
vt 0.808594 0.137329
vt 0.818359 0.123718
vt 0.814453 0.115906
vt 0.810547 0.105652
vt 0.807617 0.092163
vt 0.808105 0.076843
vt 0.805176 0.056305
vt 0.804688 0.036133
vt 0.800781 0.019775
vt 0.827637 0.109741
vt 0.822754 0.101074
vt 0.815918 0.088562
vt 0.816406 0.069458
vt 0.810547 0.053223
vt 0.835449 0.101013
vt 0.825195 0.084595
vt 0.822754 0.066650
vt 0.807617 0.035400
vt 0.831055 0.117432
vt 0.832031 0.084961
vt 0.815430 0.052307
vt 0.820312 0.050110
vt 0.830078 0.064270
vt 0.804199 0.018005
vt 0.815918 0.032013
vt 0.829590 0.046448
vt 0.800293 0.011993
vt 0.800781 0.010780
vt 0.800293 0.009743
vt 0.804688 0.008453
vt 0.803711 0.012344
vt 0.805176 0.010841
vt 0.811523 0.010582
vt 0.808105 0.015312
vt 0.810547 0.012703
vt 0.822754 0.028442
vt 0.828125 0.024719
vt 0.831055 0.021454
vt 0.840332 0.041962
vt 0.848145 0.037964
vt 0.850586 0.035431
vt 0.866211 0.047058
vt 0.841797 0.061157
vt 0.862793 0.050659
vt 0.880371 0.062988
vt 0.854004 0.055115
vt 0.875977 0.067810
vt 0.889648 0.079041
vt 0.863281 0.071838
vt 0.882324 0.083008
vt 0.894043 0.094360
vt 0.841309 0.082275
vt 0.851562 0.077087
vt 0.870117 0.085815
vt 0.886719 0.096863
vt 0.895020 0.104553
vt 0.845215 0.100037
vt 0.859863 0.090515
vt 0.874512 0.097046
vt 0.850586 0.095520
vt 0.863770 0.099854
vt 0.840332 0.108032
vt 0.875977 0.105469
vt 0.852051 0.106934
vt 0.843262 0.113586
vt 0.855469 0.104065
vt 0.865723 0.107422
vt 0.856934 0.109863
vt 0.887695 0.104309
vt 0.888184 0.111450
vt 0.894531 0.113525
vt 0.876465 0.113403
vt 0.887207 0.121277
vt 0.891602 0.124207
vt 0.866211 0.114136
vt 0.853027 0.111023
vt 0.875977 0.122803
vt 0.880371 0.137085
vt 0.884766 0.141357
vt 0.857422 0.113464
vt 0.854004 0.114868
vt 0.872070 0.150024
vt 0.874023 0.154541
vt 0.873047 0.134033
vt 0.866211 0.122375
vt 0.857910 0.120300
vt 0.844727 0.119080
vt 0.864746 0.156982
vt 0.865234 0.159668
vt 0.867188 0.147583
vt 0.859375 0.157593
vt 0.857422 0.158936
vt 0.854980 0.120178
vt 0.865234 0.133301
vt 0.858398 0.132080
vt 0.833984 0.123962
vt 0.858398 0.155884
vt 0.846191 0.125977
vt 0.853516 0.132446
vt 0.862793 0.145630
vt 0.858398 0.143677
vt 0.857422 0.152100
vt 0.854492 0.143921
vt 0.855957 0.152588
vt 0.854004 0.153809
vt 0.847656 0.135742
vt 0.849609 0.146729
vt 0.853027 0.157837
vt 0.849121 0.162354
vt 0.840820 0.139038
vt 0.848633 0.152954
vt 0.848633 0.158447
vt 0.837891 0.161255
vt 0.844238 0.145630
vt 0.837402 0.131104
vt 0.838379 0.155518
vt 0.841797 0.150269
vt 0.834473 0.143799
vt 0.827637 0.136597
vt 0.822754 0.151978
vt 0.827148 0.148315
vt 0.816895 0.142334
vt 0.822266 0.130127
vt 0.523438 0.182373
vt 0.521484 0.194458
vt 0.519531 0.194336
vt 0.521484 0.200073
vt 0.525879 0.183716
vt 0.529297 0.169800
vt 0.532715 0.171753
vt 0.535645 0.156372
vt 0.540039 0.158569
vt 0.542480 0.141602
vt 0.537109 0.175171
vt 0.528809 0.185791
vt 0.545410 0.162842
vt 0.546387 0.143066
vt 0.552734 0.148315
vt 0.550781 0.124817
vt 0.546387 0.122864
vt 0.558105 0.130127
vt 0.552734 0.109192
vt 0.548828 0.107178
vt 0.552246 0.098328
vt 0.561523 0.115723
vt 0.556641 0.100403
vt 0.562012 0.088318
vt 0.565430 0.107971
vt 0.551758 0.168823
vt 0.561035 0.156372
vt 0.565918 0.141113
vt 0.570312 0.128174
vt 0.575684 0.119080
vt 0.541504 0.179565
vt 0.564941 0.091797
vt 0.570801 0.101318
vt 0.574219 0.085510
vt 0.572266 0.080627
vt 0.581543 0.112244
vt 0.584961 0.079285
vt 0.583496 0.074036
vt 0.579590 0.094910
vt 0.593262 0.076233
vt 0.592285 0.070862
vt 0.587891 0.090576
vt 0.588379 0.106689
vt 0.591797 0.121887
vt 0.600586 0.077026
vt 0.601074 0.070862
vt 0.613281 0.077087
vt 0.595215 0.088745
vt 0.595215 0.103210
vt 0.612793 0.082397
vt 0.625488 0.083130
vt 0.603516 0.089294
vt 0.623535 0.087830
vt 0.642578 0.088989
vt 0.598145 0.116028
vt 0.608398 0.112183
vt 0.599609 0.101074
vt 0.613281 0.092102
vt 0.605957 0.100037
vt 0.611816 0.106384
vt 0.614258 0.101501
vt 0.625488 0.096558
vt 0.604492 0.122375
vt 0.641602 0.093079
vt 0.653320 0.096375
vt 0.656738 0.095215
vt 0.663574 0.098633
vt 0.641113 0.098511
vt 0.626953 0.103821
vt 0.625488 0.108643
vt 0.624023 0.113831
vt 0.661621 0.100525
vt 0.652832 0.099854
vt 0.642090 0.104858
vt 0.638672 0.110718
vt 0.661621 0.105164
vt 0.665527 0.105042
vt 0.652344 0.104614
vt 0.649414 0.111023
vt 0.636719 0.115173
vt 0.660156 0.109558
vt 0.662598 0.109863
vt 0.647949 0.115906
vt 0.656250 0.115356
vt 0.668945 0.111389
vt 0.670410 0.102478
vt 0.675781 0.109741
vt 0.657715 0.116760
vt 0.673340 0.126343
vt 0.679199 0.125977
vt 0.681152 0.142944
vt 0.663574 0.115173
vt 0.673340 0.142822
vt 0.678711 0.156860
vt 0.666504 0.126831
vt 0.660156 0.119385
vt 0.654785 0.121704
vt 0.668945 0.156494
vt 0.672363 0.169922
vt 0.652344 0.120483
vt 0.645508 0.120178
vt 0.646973 0.128784
vt 0.635254 0.120667
vt 0.641602 0.127319
vt 0.624512 0.120667
vt 0.633789 0.127441
vt 0.613281 0.120911
vt 0.625000 0.127930
vt 0.614746 0.128784
vt 0.602539 0.130005
vt 0.584961 0.129150
vt 0.579102 0.137939
vt 0.593262 0.137207
vt 0.574707 0.149170
vt 0.585938 0.144531
vt 0.633301 0.134155
vt 0.626465 0.135132
vt 0.618164 0.136841
vt 0.608887 0.139648
vt 0.639648 0.134033
vt 0.643555 0.137085
vt 0.637695 0.138672
vt 0.634277 0.140137
vt 0.628906 0.141602
vt 0.640137 0.141479
vt 0.648926 0.131348
vt 0.621094 0.144043
vt 0.637207 0.144775
vt 0.645508 0.138794
vt 0.657227 0.125122
vt 0.632324 0.146729
vt 0.642578 0.143799
vt 0.651855 0.135498
vt 0.661133 0.126221
vt 0.648438 0.142212
vt 0.658203 0.138794
vt 0.664062 0.141235
vt 0.654297 0.147827
vt 0.659668 0.151733
vt 0.644531 0.147217
vt 0.650391 0.152954
vt 0.656250 0.158691
vt 0.639160 0.146606
vt 0.641602 0.150391
vt 0.634766 0.149658
vt 0.646973 0.157227
vt 0.664062 0.164795
vt 0.637695 0.155884
vt 0.627441 0.154175
vt 0.653320 0.165039
vt 0.660156 0.171753
vt 0.667969 0.178467
vt 0.642578 0.163208
vt 0.655762 0.177490
vt 0.662598 0.186646
vt 0.648438 0.170898
vt 0.631348 0.161377
vt 0.624512 0.150513
vt 0.647461 0.186157
vt 0.652344 0.196411
vt 0.642090 0.178223
vt 0.636230 0.169556
vt 0.637207 0.193481
vt 0.641602 0.203247
vt 0.620605 0.157715
vt 0.613281 0.146729
vt 0.633301 0.184814
vt 0.625488 0.198730
vt 0.628906 0.207764
vt 0.623535 0.166138
vt 0.616699 0.152954
vt 0.605957 0.149658
vt 0.627930 0.175171
vt 0.612305 0.160767
vt 0.621582 0.190674
vt 0.616211 0.201904
vt 0.619141 0.210327
vt 0.618164 0.179688
vt 0.613770 0.192383
vt 0.603027 0.201904
vt 0.603027 0.211304
vt 0.614746 0.170044
vt 0.607910 0.181885
vt 0.599121 0.192383
vt 0.584473 0.199951
vt 0.583984 0.207886
vt 0.604492 0.172241
vt 0.595215 0.182739
vt 0.567383 0.198486
vt 0.567871 0.204102
vt 0.582520 0.191528
vt 0.552246 0.198853
vt 0.552734 0.203003
vt 0.566406 0.192261
vt 0.580078 0.182861
vt 0.591797 0.173584
vt 0.577637 0.172852
vt 0.539062 0.200562
vt 0.538574 0.203613
vt 0.550781 0.194458
vt 0.563965 0.186035
vt 0.601562 0.163208
vt 0.529785 0.201294
vt 0.525879 0.203125
vt 0.538086 0.197632
vt 0.528809 0.199707
vt 0.549316 0.190430
vt 0.561523 0.179810
vt 0.536621 0.195068
vt 0.609863 0.155396
vt 0.547363 0.186890
vt 0.524902 0.198120
vt 0.528809 0.197998
vt 0.534668 0.193359
vt 0.524414 0.195801
vt 0.525879 0.196533
vt 0.533691 0.191406
vt 0.545410 0.183960
vt 0.522949 0.194336
vt 0.531738 0.188599
vt 0.558105 0.175537
vt 0.573242 0.165649
vt 0.581055 0.150879
vt 0.591797 0.150635
vt 0.584473 0.157837
vt 0.586426 0.162720
vt 0.600098 0.144775
vt 0.596680 0.153320
vt 0.598633 0.158569
vt 0.588379 0.166382
vt 0.028290 0.507812
vt 0.014061 0.530273
vt 0.011147 0.526367
vt 0.031128 0.509277
vt 0.041077 0.489014
vt 0.048279 0.540527
vt 0.029007 0.562012
vt 0.044708 0.491699
vt 0.056274 0.473145
vt 0.051392 0.561523
vt 0.040680 0.598145
vt 0.053650 0.518555
vt 0.059357 0.594727
vt 0.046539 0.630371
vt 0.067993 0.539062
vt 0.070740 0.560059
vt 0.068054 0.520020
vt 0.059998 0.500977
vt 0.084229 0.536621
vt 0.059021 0.477051
vt 0.067627 0.488037
vt 0.070435 0.467041
vt 0.067993 0.463379
vt 0.077026 0.479004
vt 0.075012 0.494385
vt 0.070557 0.504883
vt 0.082947 0.459717
vt 0.081665 0.455811
vt 0.095642 0.450928
vt 0.087891 0.472656
vt 0.082581 0.487305
vt 0.096375 0.455322
vt 0.109680 0.448975
vt 0.099670 0.468018
vt 0.110168 0.453369
vt 0.124817 0.449463
vt 0.080444 0.498291
vt 0.092224 0.482178
vt 0.102905 0.477539
vt 0.087219 0.495117
vt 0.080566 0.506348
vt 0.090149 0.504883
vt 0.081177 0.519531
vt 0.093506 0.517578
vt 0.100891 0.501465
vt 0.096680 0.491211
vt 0.107178 0.487061
vt 0.098267 0.533691
vt 0.105774 0.514160
vt 0.112427 0.497314
vt 0.117615 0.482178
vt 0.087952 0.556641
vt 0.113159 0.473877
vt 0.111450 0.465088
vt 0.120667 0.471191
vt 0.122620 0.464355
vt 0.124939 0.453369
vt 0.133545 0.467529
vt 0.138672 0.455566
vt 0.138672 0.450928
vt 0.156250 0.454590
vt 0.126831 0.476074
vt 0.154419 0.458740
vt 0.172852 0.458740
vt 0.124146 0.491455
vt 0.145386 0.473633
vt 0.135498 0.484131
vt 0.118591 0.509766
vt 0.131714 0.503418
vt 0.145264 0.494629
vt 0.158691 0.483154
vt 0.172974 0.461914
vt 0.191772 0.464111
vt 0.193237 0.460693
vt 0.111877 0.529785
vt 0.155640 0.509277
vt 0.125610 0.524414
vt 0.172119 0.496826
vt 0.210327 0.464844
vt 0.209717 0.460938
vt 0.222168 0.455811
vt 0.139893 0.517578
vt 0.224976 0.460938
vt 0.234131 0.448486
vt 0.237793 0.452393
vt 0.246704 0.434082
vt 0.251221 0.436768
vt 0.267578 0.467285
vt 0.235229 0.485596
vt 0.250488 0.476318
vt 0.282471 0.501953
vt 0.265869 0.509766
vt 0.297119 0.530762
vt 0.220825 0.496826
vt 0.281494 0.540527
vt 0.315674 0.556152
vt 0.249634 0.519043
vt 0.201294 0.504395
vt 0.264893 0.550781
vt 0.233154 0.528809
vt 0.299561 0.569336
vt 0.336914 0.580078
vt 0.182983 0.515137
vt 0.282715 0.582031
vt 0.320068 0.597656
vt 0.353027 0.592285
vt 0.247925 0.560547
vt 0.215454 0.537598
vt 0.166138 0.526367
vt 0.197632 0.546875
vt 0.149658 0.535156
vt 0.230591 0.569824
vt 0.180420 0.556152
vt 0.134277 0.541992
vt 0.213135 0.579102
vt 0.164062 0.564453
vt 0.119202 0.547852
vt 0.195435 0.587402
vt 0.147217 0.571289
vt 0.103943 0.552734
vt 0.178101 0.595703
vt 0.130249 0.577637
vt 0.228394 0.611328
vt 0.210083 0.620117
vt 0.191772 0.627930
vt 0.246582 0.602051
vt 0.264648 0.592773
vt 0.303223 0.615234
vt 0.141357 0.608398
vt 0.160156 0.602539
vt 0.172974 0.634766
vt 0.113159 0.582520
vt 0.152588 0.640137
vt 0.095764 0.587402
vt 0.122437 0.613770
vt 0.077942 0.590820
vt 0.103394 0.618652
vt 0.131592 0.645020
vt 0.162476 0.671387
vt 0.084167 0.623047
vt 0.110413 0.649902
vt 0.064819 0.627441
vt 0.089600 0.654785
vt 0.068665 0.659180
vt 0.047607 0.662109
vt 0.139404 0.675781
vt 0.116699 0.680664
vt 0.070862 0.690918
vt 0.047028 0.693848
vt 0.093872 0.686035
vt 0.144165 0.694824
vt 0.072693 0.712891
vt 0.047180 0.714355
vt 0.097107 0.706543
vt 0.120728 0.700195
vt 0.074036 0.733398
vt 0.046936 0.734375
vt 0.047333 0.752930
vt 0.100830 0.724609
vt 0.124634 0.717773
vt 0.148438 0.712402
vt 0.074829 0.753418
vt 0.050537 0.768555
vt 0.074463 0.770996
vt 0.050537 0.776367
vt 0.105347 0.738281
vt 0.106323 0.750000
vt 0.128174 0.732422
vt 0.167725 0.690430
vt 0.151978 0.729004
vt 0.076416 0.777344
vt 0.051086 0.792969
vt 0.172241 0.708496
vt 0.184937 0.666504
vt 0.190552 0.685547
vt 0.204468 0.659668
vt 0.223999 0.651367
vt 0.212524 0.680176
vt 0.195923 0.704590
vt 0.176392 0.727051
vt 0.243286 0.643066
vt 0.232666 0.672363
vt 0.218872 0.699707
vt 0.262695 0.634277
vt 0.253174 0.664062
vt 0.282471 0.625000
vt 0.309814 0.637207
vt 0.273438 0.655762
vt 0.241089 0.693359
vt 0.200928 0.723633
vt 0.292969 0.646484
vt 0.262695 0.685547
vt 0.224854 0.719238
vt 0.284424 0.677246
vt 0.248291 0.713867
vt 0.305176 0.666504
vt 0.271973 0.707520
vt 0.295654 0.698730
vt 0.179932 0.746094
vt 0.205688 0.743652
vt 0.230469 0.739258
vt 0.254883 0.734375
vt 0.279297 0.729004
vt 0.154541 0.745117
vt 0.130737 0.746094
vt 0.154785 0.760254
vt 0.182739 0.770020
vt 0.211060 0.765137
vt 0.236328 0.760742
vt 0.260986 0.755859
vt 0.107422 0.754883
vt 0.131348 0.756836
vt 0.106628 0.761230
vt 0.219116 0.787109
vt 0.197388 0.792480
vt 0.242676 0.783203
vt 0.285400 0.750488
vt 0.266846 0.778809
vt 0.303955 0.722656
vt 0.318359 0.690430
vt 0.225952 0.808594
vt 0.207520 0.810547
vt 0.248291 0.806152
vt 0.310059 0.743652
vt 0.291504 0.773438
vt 0.327637 0.713867
vt 0.272461 0.802734
vt 0.196045 0.819824
vt 0.216064 0.825195
vt 0.230347 0.829102
vt 0.252197 0.829590
vt 0.212402 0.840332
vt 0.182983 0.802246
vt 0.228638 0.849609
vt 0.169189 0.787598
vt 0.150269 0.771484
vt 0.130859 0.766113
vt 0.106323 0.775879
vt 0.132812 0.782227
vt 0.147461 0.784180
vt 0.161743 0.796387
vt 0.174927 0.814941
vt 0.188965 0.833008
vt 0.208130 0.852051
vt 0.124939 0.784668
vt 0.229980 0.870605
vt 0.104004 0.779785
vt 0.104309 0.793457
vt 0.077209 0.790527
vt 0.088928 0.808594
vt 0.077393 0.809570
vt 0.051971 0.812988
vt 0.252197 0.855957
vt 0.252930 0.883301
vt 0.238037 0.884277
vt 0.252686 0.898438
vt 0.277344 0.828613
vt 0.281006 0.857422
vt 0.282227 0.887207
vt 0.278320 0.916992
vt 0.315186 0.899902
vt 0.296143 0.932129
vt 0.310303 0.875488
vt 0.327393 0.918945
vt 0.327393 0.946777
vt 0.297607 0.797852
vt 0.307129 0.850098
vt 0.344238 0.886719
vt 0.344482 0.935059
vt 0.351807 0.953125
vt 0.303223 0.824707
vt 0.337891 0.864746
vt 0.333496 0.841309
vt 0.329102 0.816895
vt 0.353760 0.906738
vt 0.358398 0.944824
vt 0.381104 0.957520
vt 0.364990 0.925293
vt 0.374512 0.942383
vt 0.394531 0.938477
vt 0.400146 0.960938
vt 0.387207 0.917480
vt 0.378906 0.896484
vt 0.417480 0.931641
vt 0.370850 0.875000
vt 0.410889 0.909180
vt 0.423340 0.952637
vt 0.397949 0.967285
vt 0.404053 0.886230
vt 0.363770 0.854492
vt 0.440430 0.925293
vt 0.429199 0.966797
vt 0.429199 0.978027
vt 0.445557 0.948242
vt 0.451172 0.968750
vt 0.447754 0.983398
vt 0.463623 0.985352
vt 0.434570 0.901367
vt 0.463623 0.920898
vt 0.471924 0.968262
vt 0.464844 0.991699
vt 0.479004 0.988281
vt 0.468018 0.944336
vt 0.494629 0.963379
vt 0.500977 0.983398
vt 0.490723 0.940918
vt 0.487305 0.917480
vt 0.459229 0.895996
vt 0.516602 0.959961
vt 0.520020 0.979980
vt 0.513184 0.937988
vt 0.510742 0.915039
vt 0.539062 0.957520
vt 0.541504 0.977539
vt 0.536621 0.936035
vt 0.562500 0.956543
vt 0.562988 0.976074
vt 0.427979 0.874512
vt 0.483887 0.892578
vt 0.534668 0.913574
vt 0.560547 0.935547
vt 0.585938 0.956543
vt 0.585449 0.976562
vt 0.396729 0.862793
vt 0.508301 0.890625
vt 0.558594 0.912598
vt 0.584473 0.935547
vt 0.582520 0.913086
vt 0.556152 0.889160
vt 0.532227 0.889648
vt 0.580078 0.889648
vt 0.505859 0.864746
vt 0.530273 0.864746
vt 0.553711 0.865234
vt 0.577637 0.865723
vt 0.480713 0.866211
vt 0.454590 0.868652
vt 0.604004 0.890137
vt 0.601074 0.866699
vt 0.606934 0.913574
vt 0.608887 0.936523
vt 0.609863 0.958008
vt 0.608887 0.978516
vt 0.634766 0.960449
vt 0.632812 0.981445
vt 0.634277 0.937988
vt 0.632324 0.914551
vt 0.628418 0.891113
vt 0.660645 0.963379
vt 0.658691 0.985352
vt 0.660645 0.939941
vt 0.658203 0.915527
vt 0.687988 0.966797
vt 0.686035 0.989746
vt 0.687988 0.942383
vt 0.716309 0.970703
vt 0.714844 0.994141
vt 0.716797 0.945801
vt 0.715332 0.917969
vt 0.686035 0.916016
vt 0.714844 0.883301
vt 0.681152 0.889160
vt 0.692383 0.858398
vt 0.653809 0.891113
vt 0.669922 0.865234
vt 0.676758 0.839844
vt 0.646973 0.867676
vt 0.659180 0.844238
vt 0.664551 0.822754
vt 0.624023 0.867676
vt 0.650879 0.824219
vt 0.657715 0.804199
vt 0.640137 0.845215
vt 0.620117 0.844238
vt 0.635254 0.822266
vt 0.646484 0.802734
vt 0.598633 0.842285
vt 0.646973 0.781250
vt 0.657715 0.785156
vt 0.617188 0.820312
vt 0.632812 0.799805
vt 0.575684 0.841309
vt 0.652344 0.760742
vt 0.664551 0.766113
vt 0.633301 0.777832
vt 0.615723 0.796875
vt 0.597168 0.817871
vt 0.551758 0.840820
vt 0.575684 0.815918
vt 0.597168 0.793945
vt 0.617188 0.773926
vt 0.528809 0.839355
vt 0.552734 0.813965
vt 0.576660 0.790527
vt 0.504395 0.837891
vt 0.529297 0.811523
vt 0.478516 0.837402
vt 0.637207 0.755859
vt 0.598633 0.770020
vt 0.554688 0.787598
vt 0.504883 0.809082
vt 0.450439 0.837402
vt 0.620605 0.750977
vt 0.579102 0.765625
vt 0.532227 0.783691
vt 0.478516 0.806641
vt 0.418701 0.840820
vt 0.417969 0.802734
vt 0.449951 0.803223
vt 0.507812 0.779785
vt 0.558105 0.761230
vt 0.482178 0.774414
vt 0.402100 0.835449
vt 0.536133 0.756348
vt 0.454346 0.767090
vt 0.513184 0.750977
vt 0.386475 0.844727
vt 0.360352 0.833008
vt 0.383057 0.823242
vt 0.354736 0.806152
vt 0.377930 0.794922
vt 0.395264 0.816406
vt 0.322510 0.790527
vt 0.347656 0.780273
vt 0.316406 0.766113
vt 0.340820 0.757324
vt 0.388184 0.790527
vt 0.392578 0.770996
vt 0.369141 0.769531
vt 0.334229 0.735352
vt 0.379639 0.761230
vt 0.362305 0.747070
vt 0.424316 0.754395
vt 0.348877 0.706055
vt 0.356445 0.726074
vt 0.375977 0.740723
vt 0.394775 0.736816
vt 0.369141 0.721680
vt 0.384766 0.732422
vt 0.461914 0.734863
vt 0.432617 0.720703
vt 0.397705 0.700684
vt 0.488525 0.744141
vt 0.472656 0.706055
vt 0.497559 0.715820
vt 0.520508 0.723145
vt 0.445312 0.690430
vt 0.541992 0.729980
vt 0.562500 0.735840
vt 0.582520 0.740723
vt 0.602051 0.746094
vt 0.606934 0.723145
vt 0.588379 0.717285
vt 0.625488 0.729004
vt 0.643555 0.734863
vt 0.632324 0.708984
vt 0.613770 0.701660
vt 0.650391 0.716309
vt 0.595215 0.694336
vt 0.660645 0.740723
vt 0.667480 0.723145
vt 0.677734 0.747559
vt 0.683594 0.729492
vt 0.569336 0.710938
vt 0.577148 0.687012
vt 0.550293 0.704102
vt 0.559570 0.679688
vt 0.530762 0.696289
vt 0.541504 0.671387
vt 0.523438 0.662598
vt 0.510254 0.687988
vt 0.505859 0.652832
vt 0.489990 0.677734
vt 0.490234 0.643555
vt 0.469238 0.664551
vt 0.470947 0.627441
vt 0.450195 0.645020
vt 0.454834 0.609375
vt 0.420654 0.664551
vt 0.435791 0.621582
vt 0.441650 0.589844
vt 0.425293 0.598633
vt 0.409424 0.604492
vt 0.412598 0.631836
vt 0.400879 0.604980
vt 0.401367 0.636719
vt 0.388428 0.609375
vt 0.387695 0.699707
vt 0.365723 0.638672
vt 0.370605 0.602539
vt 0.395264 0.666992
vt 0.378174 0.719727
vt 0.376465 0.693359
vt 0.371094 0.671387
vt 0.361816 0.694336
vt 0.349854 0.626465
vt 0.348145 0.652344
vt 0.339844 0.679199
vt 0.348877 0.670410
vt 0.326416 0.663574
vt 0.333740 0.662109
vt 0.340820 0.658203
vt 0.331055 0.651367
vt 0.321777 0.655762
vt 0.327637 0.647949
vt 0.333252 0.649414
vt 0.333496 0.643555
vt 0.319336 0.630859
vt 0.325195 0.626465
vt 0.315430 0.623047
vt 0.322266 0.619629
vt 0.335205 0.613770
vt 0.610840 0.563477
vt 0.622559 0.564453
vt 0.613281 0.559082
vt 0.614746 0.556641
vt 0.628418 0.562500
vt 0.622559 0.560547
vt 0.627441 0.560059
vt 0.634766 0.558594
vt 0.641602 0.550781
vt 0.633301 0.555176
vt 0.622559 0.557617
vt 0.617188 0.547363
vt 0.639160 0.548340
vt 0.626953 0.555664
vt 0.621094 0.551758
vt 0.622070 0.544922
vt 0.631836 0.552246
vt 0.625000 0.549805
vt 0.627441 0.542480
vt 0.629395 0.547363
vt 0.633789 0.545898
vt 0.633301 0.539062
vt 0.638672 0.538086
vt 0.636719 0.546875
vt 0.642090 0.536133
vt 0.508301 0.190796
vt 0.508789 0.172729
vt 0.511230 0.176636
vt 0.500000 0.184204
vt 0.465332 0.212769
vt 0.515137 0.213379
vt 0.470459 0.228638
vt 0.522461 0.233765
vt 0.477539 0.243408
vt 0.518066 0.244629
vt 0.480713 0.255371
vt 0.445312 0.265869
vt 0.437500 0.254883
vt 0.406006 0.279053
vt 0.430420 0.243164
vt 0.397461 0.267090
vt 0.395264 0.282471
vt 0.426025 0.230225
vt 0.461670 0.199829
vt 0.422607 0.215576
vt 0.489258 0.174683
vt 0.453125 0.185425
vt 0.501953 0.164307
vt 0.522461 0.149658
vt 0.479004 0.163940
vt 0.516113 0.144897
vt 0.530762 0.130859
vt 0.495605 0.154297
vt 0.523926 0.128052
vt 0.535645 0.115234
vt 0.507324 0.138550
vt 0.487305 0.144775
vt 0.528320 0.112976
vt 0.514648 0.123779
vt 0.529785 0.097229
vt 0.538086 0.098694
vt 0.526367 0.079956
vt 0.535156 0.077026
vt 0.526855 0.059662
vt 0.519043 0.110046
vt 0.499268 0.131836
vt 0.520020 0.064575
vt 0.516602 0.047089
vt 0.520020 0.096436
vt 0.506348 0.119141
vt 0.479004 0.134888
vt 0.492920 0.124939
vt 0.468506 0.152222
vt 0.446289 0.173096
vt 0.510742 0.096191
vt 0.517578 0.082581
vt 0.510254 0.107483
vt 0.503418 0.105591
vt 0.500000 0.114746
vt 0.487305 0.117310
vt 0.512207 0.069702
vt 0.503418 0.096375
vt 0.499512 0.104187
vt 0.508301 0.085205
vt 0.495850 0.109558
vt 0.480469 0.105652
vt 0.471680 0.123840
vt 0.491211 0.100281
vt 0.497803 0.097229
vt 0.503906 0.074829
vt 0.500977 0.086975
vt 0.487061 0.089661
vt 0.497314 0.078308
vt 0.494629 0.088257
vt 0.497803 0.065918
vt 0.491699 0.080200
vt 0.504395 0.059082
vt 0.492432 0.071167
vt 0.511230 0.052673
vt 0.500488 0.042114
vt 0.504883 0.036621
vt 0.494141 0.050018
vt 0.485596 0.032043
vt 0.489502 0.025879
vt 0.467285 0.015236
vt 0.488525 0.058716
vt 0.464600 0.027542
vt 0.445557 0.010811
vt 0.479980 0.043549
vt 0.442383 0.030075
vt 0.407959 0.026688
vt 0.460938 0.041443
vt 0.475830 0.054230
vt 0.484619 0.066406
vt 0.473389 0.063782
vt 0.489258 0.074646
vt 0.482910 0.073059
vt 0.484375 0.080566
vt 0.476074 0.092041
vt 0.473877 0.081116
vt 0.472900 0.072266
vt 0.457275 0.065369
vt 0.458252 0.054260
vt 0.457275 0.074768
vt 0.458252 0.084229
vt 0.460693 0.096069
vt 0.439453 0.044769
vt 0.437500 0.058594
vt 0.436523 0.070740
vt 0.437012 0.081482
vt 0.409180 0.038940
vt 0.409912 0.052612
vt 0.372559 0.046234
vt 0.368164 0.032867
vt 0.411133 0.065918
vt 0.438721 0.092041
vt 0.412598 0.078308
vt 0.377197 0.059784
vt 0.329346 0.048370
vt 0.322998 0.031982
vt 0.414551 0.089478
vt 0.382080 0.073364
vt 0.336426 0.064636
vt 0.318115 0.050629
vt 0.312500 0.033325
vt 0.296387 0.046173
vt 0.323730 0.067749
vt 0.299805 0.061249
vt 0.279053 0.055573
vt 0.342529 0.079346
vt 0.385986 0.086060
vt 0.329102 0.084534
vt 0.346436 0.094238
vt 0.279785 0.070740
vt 0.260986 0.059814
vt 0.303223 0.077515
vt 0.259766 0.075317
vt 0.243774 0.059784
vt 0.281006 0.086487
vt 0.306396 0.093323
vt 0.333008 0.099854
vt 0.352051 0.106812
vt 0.241089 0.075989
vt 0.227417 0.057190
vt 0.259521 0.091125
vt 0.282471 0.101135
vt 0.308350 0.107544
vt 0.223145 0.074524
vt 0.211792 0.052948
vt 0.239258 0.092468
vt 0.260010 0.105530
vt 0.335449 0.113037
vt 0.283936 0.114258
vt 0.309326 0.120117
vt 0.337402 0.124512
vt 0.206421 0.071594
vt 0.220215 0.092041
vt 0.238892 0.107849
vt 0.261230 0.118591
vt 0.285400 0.126343
vt 0.191650 0.068115
vt 0.197510 0.048096
vt 0.202759 0.090210
vt 0.218994 0.108582
vt 0.179321 0.064697
vt 0.186157 0.043671
vt 0.187012 0.087891
vt 0.169556 0.061615
vt 0.177002 0.039307
vt 0.168457 0.035095
vt 0.239746 0.121826
vt 0.200439 0.108093
vt 0.173950 0.085205
vt 0.160645 0.058624
vt 0.159180 0.032166
vt 0.219238 0.123840
vt 0.241699 0.135010
vt 0.183350 0.107056
vt 0.163086 0.082581
vt 0.151001 0.055786
vt 0.149414 0.028976
vt 0.140625 0.051636
vt 0.199463 0.125122
vt 0.169067 0.105164
vt 0.153076 0.079956
vt 0.142456 0.076172
vt 0.131348 0.070618
vt 0.121094 0.088318
vt 0.156860 0.102966
vt 0.180664 0.125610
vt 0.220215 0.138672
vt 0.133179 0.095886
vt 0.109192 0.104797
vt 0.145630 0.100159
vt 0.164551 0.124939
vt 0.199097 0.141602
vt 0.151001 0.123352
vt 0.138794 0.120911
vt 0.122192 0.117432
vt 0.178955 0.143799
vt 0.222168 0.153076
vt 0.161499 0.144531
vt 0.107971 0.125000
vt 0.098633 0.116455
vt 0.087830 0.127441
vt 0.103149 0.140991
vt 0.121277 0.140625
vt 0.111328 0.164307
vt 0.146729 0.144287
vt 0.123535 0.164062
vt 0.115540 0.186157
vt 0.134888 0.142456
vt 0.125488 0.187256
vt 0.116699 0.206787
vt 0.133545 0.165527
vt 0.159790 0.164429
vt 0.144043 0.166016
vt 0.134644 0.188232
vt 0.126587 0.209229
vt 0.179199 0.161255
vt 0.200195 0.157349
vt 0.181396 0.178345
vt 0.146240 0.186890
vt 0.127319 0.229980
vt 0.114624 0.227051
vt 0.113281 0.248291
vt 0.130615 0.250732
vt 0.112427 0.273682
vt 0.141357 0.229492
vt 0.137207 0.209351
vt 0.135010 0.273926
vt 0.111633 0.308350
vt 0.150513 0.206787
vt 0.161865 0.183350
vt 0.147827 0.249268
vt 0.157104 0.225952
vt 0.166992 0.201782
vt 0.174561 0.220337
vt 0.186523 0.195557
vt 0.165161 0.245239
vt 0.155396 0.270508
vt 0.141602 0.300537
vt 0.133545 0.338135
vt 0.090820 0.336914
vt 0.115540 0.356934
vt 0.078003 0.362793
vt 0.101074 0.378662
vt 0.067871 0.386719
vt 0.134033 0.375977
vt 0.091187 0.399170
vt 0.059601 0.410156
vt 0.082581 0.420654
vt 0.119568 0.391357
vt 0.111938 0.409180
vt 0.105042 0.429199
vt 0.130859 0.416016
vt 0.125122 0.435303
vt 0.144043 0.440918
vt 0.153076 0.417480
vt 0.132324 0.402344
vt 0.148071 0.395264
vt 0.180664 0.406006
vt 0.168091 0.383057
vt 0.152344 0.360840
vt 0.155640 0.325928
vt 0.204224 0.389893
vt 0.202637 0.416504
vt 0.171143 0.348145
vt 0.164551 0.292969
vt 0.221558 0.407227
vt 0.211670 0.428711
vt 0.230591 0.422607
vt 0.186523 0.367920
vt 0.176880 0.315430
vt 0.174194 0.264893
vt 0.191162 0.335938
vt 0.204224 0.354492
vt 0.184448 0.285400
vt 0.182861 0.239380
vt 0.196167 0.305908
vt 0.192383 0.258301
vt 0.193481 0.213623
vt 0.224976 0.373535
vt 0.209473 0.325195
vt 0.202759 0.277588
vt 0.201660 0.231934
vt 0.207275 0.189209
vt 0.223267 0.341553
vt 0.213989 0.296631
vt 0.210815 0.250244
vt 0.213623 0.206421
vt 0.203003 0.172974
vt 0.228760 0.182983
vt 0.220825 0.223999
vt 0.220825 0.268799
vt 0.224976 0.167603
vt 0.234131 0.198975
vt 0.229126 0.241821
vt 0.244141 0.148193
vt 0.250977 0.176880
vt 0.240601 0.215698
vt 0.247192 0.162231
vt 0.264160 0.131592
vt 0.266357 0.144043
vt 0.287109 0.138306
vt 0.255371 0.191895
vt 0.310791 0.131836
vt 0.272217 0.169800
vt 0.268066 0.155273
vt 0.289795 0.150757
vt 0.276855 0.184814
vt 0.261230 0.207520
vt 0.313477 0.143799
vt 0.293945 0.164062
vt 0.339844 0.135864
vt 0.248413 0.232788
vt 0.238892 0.259521
vt 0.231689 0.287109
vt 0.226440 0.315430
vt 0.243164 0.304932
vt 0.239746 0.331299
vt 0.249023 0.277344
vt 0.242554 0.360352
vt 0.257812 0.388428
vt 0.256836 0.404297
vt 0.258301 0.415283
vt 0.286377 0.402344
vt 0.287598 0.412354
vt 0.286377 0.392822
vt 0.289307 0.384033
vt 0.265625 0.375244
vt 0.256348 0.349609
vt 0.274658 0.363770
vt 0.294189 0.375488
vt 0.256348 0.320557
vt 0.284424 0.352295
vt 0.300781 0.365479
vt 0.269287 0.337891
vt 0.295654 0.340576
vt 0.310059 0.353760
vt 0.259766 0.294434
vt 0.270752 0.311035
vt 0.308350 0.328613
vt 0.320801 0.341553
vt 0.322510 0.316406
vt 0.332520 0.329346
vt 0.344971 0.317627
vt 0.282715 0.326172
vt 0.276611 0.283936
vt 0.297119 0.314697
vt 0.286865 0.300049
vt 0.266602 0.267090
vt 0.295166 0.273438
vt 0.304443 0.289062
vt 0.323975 0.278320
vt 0.312988 0.303223
vt 0.257080 0.250000
vt 0.285645 0.256836
vt 0.330811 0.291748
vt 0.276367 0.240112
vt 0.315430 0.263428
vt 0.337891 0.304443
vt 0.359863 0.305664
vt 0.350098 0.280518
vt 0.354980 0.292480
vt 0.376709 0.294189
vt 0.373291 0.281250
vt 0.390381 0.270264
vt 0.369629 0.270752
vt 0.344482 0.268799
vt 0.390137 0.260010
vt 0.386719 0.261475
vt 0.387207 0.252930
vt 0.364990 0.260498
vt 0.382812 0.254639
vt 0.336914 0.254883
vt 0.384277 0.239014
vt 0.377197 0.243530
vt 0.358398 0.248291
vt 0.370850 0.226929
vt 0.381104 0.220459
vt 0.350342 0.232056
vt 0.328125 0.238647
vt 0.365234 0.210571
vt 0.418457 0.200073
vt 0.378906 0.205322
vt 0.414307 0.185913
vt 0.343018 0.215454
vt 0.306152 0.247070
vt 0.359863 0.193237
vt 0.374756 0.187256
vt 0.410645 0.171997
vt 0.319336 0.221924
vt 0.296875 0.230591
vt 0.335938 0.198853
vt 0.371094 0.172363
vt 0.439697 0.160889
vt 0.311279 0.205811
vt 0.288818 0.214355
vt 0.354004 0.176758
vt 0.406494 0.158325
vt 0.458984 0.141113
vt 0.328857 0.183716
vt 0.368164 0.159424
vt 0.433594 0.148926
vt 0.451660 0.130005
vt 0.402588 0.144897
vt 0.304199 0.190796
vt 0.348389 0.161987
vt 0.322754 0.170166
vt 0.343506 0.148315
vt 0.465820 0.110596
vt 0.446045 0.117065
vt 0.363770 0.142822
vt 0.428223 0.136841
vt 0.441406 0.103821
vt 0.423340 0.124146
vt 0.416748 0.100159
vt 0.398682 0.131836
vt 0.419678 0.111694
vt 0.389404 0.097473
vt 0.395264 0.119507
vt 0.392334 0.108215
vt 0.356201 0.117249
vt 0.359375 0.130615
vt 0.317627 0.156860
vt 0.298828 0.177490
vt 0.282227 0.199341
vt 0.268066 0.223389
vt 1.013672 0.530273
vt 1.028320 0.507812
vt 1.010742 0.526367
vt 1.031250 0.509277
vt 1.041016 0.489014
vt 1.047852 0.540527
vt 1.029297 0.562012
vt 1.044922 0.491699
vt 1.056641 0.473145
vt 1.051758 0.561523
vt 1.041016 0.598145
vt 1.053711 0.518555
vt 1.059570 0.594727
vt 1.046875 0.630371
vt 1.068359 0.539062
vt 1.070312 0.560059
vt 1.068359 0.520020
vt 1.059570 0.500977
vt 1.083984 0.536621
vt 1.058594 0.477051
vt 1.067383 0.488037
vt 1.070312 0.467041
vt 1.068359 0.463379
vt 1.077148 0.479004
vt 1.075195 0.494385
vt 1.070312 0.504883
vt 1.083008 0.459717
vt 1.082031 0.455811
vt 1.095703 0.450928
vt 1.087891 0.472656
vt 1.083008 0.487305
vt 1.096680 0.455322
vt 1.109375 0.448975
vt 1.099609 0.468018
vt 1.110352 0.453369
vt 1.125000 0.449463
vt 1.080078 0.498291
vt 1.091797 0.482178
vt 1.102539 0.477539
vt 1.086914 0.495117
vt 1.081055 0.506348
vt 1.089844 0.504883
vt 1.081055 0.519531
vt 1.093750 0.517578
vt 1.100586 0.501465
vt 1.096680 0.491211
vt 1.107422 0.487061
vt 1.098633 0.533691
vt 1.105469 0.514160
vt 1.112305 0.497314
vt 1.117188 0.482178
vt 1.087891 0.556641
vt 1.113281 0.473877
vt 1.111328 0.465088
vt 1.121094 0.471191
vt 1.123047 0.464355
vt 1.125000 0.453369
vt 1.133789 0.467529
vt 1.138672 0.455566
vt 1.138672 0.450928
vt 1.156250 0.454590
vt 1.126953 0.476074
vt 1.154297 0.458740
vt 1.172852 0.458740
vt 1.124023 0.491455
vt 1.145508 0.473633
vt 1.135742 0.484131
vt 1.118164 0.509766
vt 1.131836 0.503418
vt 1.145508 0.494629
vt 1.159180 0.483154
vt 1.172852 0.461914
vt 1.191406 0.464111
vt 1.193359 0.460693
vt 1.112305 0.529785
vt 1.155273 0.509277
vt 1.125977 0.524414
vt 1.209961 0.464844
vt 1.209961 0.460938
vt 1.222656 0.455811
vt 1.171875 0.496826
vt 1.139648 0.517578
vt 1.224609 0.460938
vt 1.234375 0.448486
vt 1.238281 0.452393
vt 1.247070 0.434082
vt 1.250977 0.436768
vt 1.267578 0.467285
vt 1.235352 0.485596
vt 1.250977 0.476318
vt 1.282227 0.501953
vt 1.265625 0.509766
vt 1.296875 0.530762
vt 1.220703 0.496826
vt 1.281250 0.540527
vt 1.315430 0.556152
vt 1.250000 0.519043
vt 1.201172 0.504395
vt 1.264648 0.550781
vt 1.233398 0.528809
vt 1.299805 0.569336
vt 1.336914 0.580078
vt 1.182617 0.515137
vt 1.215820 0.537598
vt 1.248047 0.560547
vt 1.282227 0.582031
vt 1.320312 0.597656
vt 1.352539 0.592285
vt 1.166016 0.526367
vt 1.197266 0.546875
vt 1.149414 0.535156
vt 1.230469 0.569824
vt 1.180664 0.556152
vt 1.134766 0.541992
vt 1.212891 0.579102
vt 1.164062 0.564453
vt 1.119141 0.547852
vt 1.195312 0.587402
vt 1.147461 0.571289
vt 1.103516 0.552734
vt 1.177734 0.595703
vt 1.129883 0.577637
vt 1.228516 0.611328
vt 1.209961 0.620117
vt 1.191406 0.627930
vt 1.247070 0.602051
vt 1.264648 0.592773
vt 1.302734 0.615234
vt 1.141602 0.608398
vt 1.160156 0.602539
vt 1.172852 0.634766
vt 1.113281 0.582520
vt 1.152344 0.640137
vt 1.122070 0.613770
vt 1.095703 0.587402
vt 1.103516 0.618652
vt 1.078125 0.590820
vt 1.131836 0.645020
vt 1.162109 0.671387
vt 1.083984 0.623047
vt 1.110352 0.649902
vt 1.064453 0.627441
vt 1.089844 0.654785
vt 1.068359 0.659180
vt 1.047852 0.662109
vt 1.139648 0.675781
vt 1.117188 0.680664
vt 1.093750 0.686035
vt 1.071289 0.690918
vt 1.046875 0.693848
vt 1.144531 0.694824
vt 1.121094 0.700195
vt 1.096680 0.706543
vt 1.072266 0.712891
vt 1.046875 0.714355
vt 1.074219 0.733398
vt 1.046875 0.734375
vt 1.046875 0.752930
vt 1.100586 0.724609
vt 1.125000 0.717773
vt 1.148438 0.712402
vt 1.167969 0.690430
vt 1.075195 0.753418
vt 1.050781 0.768555
vt 1.074219 0.770996
vt 1.050781 0.776367
vt 1.105469 0.738281
vt 1.106445 0.750000
vt 1.127930 0.732422
vt 1.152344 0.729004
vt 1.184570 0.666504
vt 1.171875 0.708496
vt 1.190430 0.685547
vt 1.204102 0.659668
vt 1.223633 0.651367
vt 1.212891 0.680176
vt 1.196289 0.704590
vt 1.176758 0.727051
vt 1.243164 0.643066
vt 1.232422 0.672363
vt 1.218750 0.699707
vt 1.262695 0.634277
vt 1.252930 0.664062
vt 1.282227 0.625000
vt 1.309570 0.637207
vt 1.273438 0.655762
vt 1.241211 0.693359
vt 1.201172 0.723633
vt 1.292969 0.646484
vt 1.262695 0.685547
vt 1.224609 0.719238
vt 1.284180 0.677246
vt 1.248047 0.713867
vt 1.304688 0.666504
vt 1.272461 0.707520
vt 1.295898 0.698730
vt 1.206055 0.743652
vt 1.230469 0.739258
vt 1.254883 0.734375
vt 1.279297 0.729004
vt 1.179688 0.746094
vt 1.154297 0.745117
vt 1.130859 0.746094
vt 1.155273 0.760254
vt 1.182617 0.770020
vt 1.210938 0.765137
vt 1.236328 0.760742
vt 1.260742 0.755859
vt 1.107422 0.754883
vt 1.131836 0.756836
vt 1.106445 0.761230
vt 1.218750 0.787109
vt 1.197266 0.792480
vt 1.243164 0.783203
vt 1.285156 0.750488
vt 1.266602 0.778809
vt 1.303711 0.722656
vt 1.318359 0.690430
vt 1.225586 0.808594
vt 1.208008 0.810547
vt 1.248047 0.806152
vt 1.310547 0.743652
vt 1.291992 0.773438
vt 1.328125 0.713867
vt 1.272461 0.802734
vt 1.196289 0.819824
vt 1.215820 0.825195
vt 1.230469 0.829102
vt 1.251953 0.829590
vt 1.211914 0.840332
vt 1.182617 0.802246
vt 1.228516 0.849609
vt 1.168945 0.787598
vt 1.150391 0.771484
vt 1.130859 0.766113
vt 1.106445 0.775879
vt 1.132812 0.782227
vt 1.147461 0.784180
vt 1.162109 0.796387
vt 1.174805 0.814941
vt 1.188477 0.833008
vt 1.208008 0.852051
vt 1.125000 0.784668
vt 1.230469 0.870605
vt 1.104492 0.779785
vt 1.104492 0.793457
vt 1.251953 0.855957
vt 1.077148 0.790527
vt 1.088867 0.808594
vt 1.077148 0.809570
vt 1.076172 0.777344
vt 1.050781 0.792969
vt 1.051758 0.812988
vt 1.252930 0.883301
vt 1.238281 0.884277
vt 1.252930 0.898438
vt 1.282227 0.887207
vt 1.278320 0.916992
vt 1.281250 0.857422
vt 1.315430 0.899902
vt 1.295898 0.932129
vt 1.277344 0.828613
vt 1.310547 0.875488
vt 1.327148 0.918945
vt 1.327148 0.946777
vt 1.297852 0.797852
vt 1.306641 0.850098
vt 1.343750 0.886719
vt 1.344727 0.935059
vt 1.351562 0.953125
vt 1.302734 0.824707
vt 1.337891 0.864746
vt 1.333984 0.841309
vt 1.329102 0.816895
vt 1.322266 0.790527
vt 1.353516 0.906738
vt 1.358398 0.944824
vt 1.380859 0.957520
vt 1.365234 0.925293
vt 1.375000 0.942383
vt 1.394531 0.938477
vt 1.400391 0.960938
vt 1.387695 0.917480
vt 1.378906 0.896484
vt 1.416992 0.931641
vt 1.371094 0.875000
vt 1.411133 0.909180
vt 1.423828 0.952637
vt 1.398438 0.967285
vt 1.404297 0.886230
vt 1.363281 0.854492
vt 1.440430 0.925293
vt 1.429688 0.966797
vt 1.428711 0.978027
vt 1.445312 0.948242
vt 1.451172 0.968750
vt 1.447266 0.983398
vt 1.463867 0.985352
vt 1.434570 0.901367
vt 1.463867 0.920898
vt 1.467773 0.944336
vt 1.471680 0.968262
vt 1.479492 0.988281
vt 1.464844 0.991699
vt 1.495117 0.963379
vt 1.500977 0.983398
vt 1.491211 0.940918
vt 1.487305 0.917480
vt 1.458984 0.895996
vt 1.427734 0.874512
vt 1.516602 0.959961
vt 1.520508 0.979980
vt 1.513672 0.937988
vt 1.510742 0.915039
vt 1.539062 0.957520
vt 1.541016 0.977539
vt 1.537109 0.936035
vt 1.562500 0.956543
vt 1.563477 0.976074
vt 1.483398 0.892578
vt 1.534180 0.913574
vt 1.560547 0.935547
vt 1.585938 0.956543
vt 1.585938 0.976562
vt 1.507812 0.890625
vt 1.558594 0.912598
vt 1.584961 0.935547
vt 1.610352 0.958008
vt 1.608398 0.978516
vt 1.583008 0.913086
vt 1.609375 0.936523
vt 1.634766 0.960449
vt 1.632812 0.981445
vt 1.607422 0.913574
vt 1.633789 0.937988
vt 1.661133 0.963379
vt 1.658203 0.985352
vt 1.631836 0.914551
vt 1.660156 0.939941
vt 1.687500 0.966797
vt 1.685547 0.989746
vt 1.715820 0.970703
vt 1.714844 0.994141
vt 1.716797 0.945801
vt 1.687500 0.942383
vt 1.715820 0.917969
vt 1.686523 0.916016
vt 1.714844 0.883301
vt 1.658203 0.915527
vt 1.681641 0.889160
vt 1.692383 0.858398
vt 1.654297 0.891113
vt 1.669922 0.865234
vt 1.676758 0.839844
vt 1.628906 0.891113
vt 1.659180 0.844238
vt 1.665039 0.822754
vt 1.647461 0.867676
vt 1.604492 0.890137
vt 1.650391 0.824219
vt 1.658203 0.804199
vt 1.640625 0.845215
vt 1.624023 0.867676
vt 1.580078 0.889648
vt 1.600586 0.866699
vt 1.620117 0.844238
vt 1.634766 0.822266
vt 1.646484 0.802734
vt 1.555664 0.889160
vt 1.577148 0.865723
vt 1.598633 0.842285
vt 1.646484 0.781250
vt 1.658203 0.785156
vt 1.617188 0.820312
vt 1.632812 0.799805
vt 1.532227 0.889648
vt 1.553711 0.865234
vt 1.652344 0.760742
vt 1.665039 0.766113
vt 1.576172 0.841309
vt 1.596680 0.817871
vt 1.633789 0.777832
vt 1.616211 0.796875
vt 1.530273 0.864746
vt 1.551758 0.840820
vt 1.575195 0.815918
vt 1.596680 0.793945
vt 1.617188 0.773926
vt 1.505859 0.864746
vt 1.528320 0.839355
vt 1.552734 0.813965
vt 1.576172 0.790527
vt 1.480469 0.866211
vt 1.504883 0.837891
vt 1.529297 0.811523
vt 1.455078 0.868652
vt 1.478516 0.837402
vt 1.598633 0.770020
vt 1.554688 0.787598
vt 1.504883 0.809082
vt 1.450195 0.837402
vt 1.579102 0.765625
vt 1.532227 0.783691
vt 1.478516 0.806641
vt 1.558594 0.761230
vt 1.507812 0.779785
vt 1.536133 0.756348
vt 1.601562 0.746094
vt 1.583008 0.740723
vt 1.620117 0.750977
vt 1.562500 0.735840
vt 1.607422 0.723145
vt 1.637695 0.755859
vt 1.625977 0.729004
vt 1.643555 0.734863
vt 1.587891 0.717285
vt 1.632812 0.708984
vt 1.613281 0.701660
vt 1.650391 0.716309
vt 1.594727 0.694336
vt 1.661133 0.740723
vt 1.667969 0.723145
vt 1.677734 0.747559
vt 1.683594 0.729492
vt 1.569336 0.710938
vt 1.577148 0.687012
vt 1.549805 0.704102
vt 1.559570 0.679688
vt 1.541992 0.729980
vt 1.530273 0.696289
vt 1.541992 0.671387
vt 1.523438 0.662598
vt 1.513672 0.750977
vt 1.510742 0.687988
vt 1.505859 0.652832
vt 1.520508 0.723145
vt 1.482422 0.774414
vt 1.490234 0.677734
vt 1.490234 0.643555
vt 1.488281 0.744141
vt 1.498047 0.715820
vt 1.450195 0.803223
vt 1.417969 0.802734
vt 1.454102 0.767090
vt 1.469727 0.664551
vt 1.470703 0.627441
vt 1.461914 0.734863
vt 1.472656 0.706055
vt 1.450195 0.645020
vt 1.455078 0.609375
vt 1.423828 0.754395
vt 1.432617 0.720703
vt 1.445312 0.690430
vt 1.435547 0.621582
vt 1.441406 0.589844
vt 1.424805 0.598633
vt 1.409180 0.604492
vt 1.413086 0.631836
vt 1.401367 0.604980
vt 1.420898 0.664551
vt 1.401367 0.636719
vt 1.388672 0.609375
vt 1.397461 0.700684
vt 1.365234 0.638672
vt 1.371094 0.602539
vt 1.394531 0.736816
vt 1.349609 0.626465
vt 1.392578 0.770996
vt 1.334961 0.613770
vt 1.322266 0.619629
vt 1.325195 0.626465
vt 1.315430 0.623047
vt 1.319336 0.630859
vt 1.333008 0.643555
vt 1.327148 0.647949
vt 1.348633 0.652344
vt 1.321289 0.655762
vt 1.326172 0.663574
vt 1.333008 0.649414
vt 1.331055 0.651367
vt 1.340820 0.658203
vt 1.371094 0.671387
vt 1.333984 0.662109
vt 1.348633 0.670410
vt 1.339844 0.679199
vt 1.348633 0.706055
vt 1.362305 0.694336
vt 1.395508 0.666992
vt 1.376953 0.693359
vt 1.387695 0.699707
vt 1.369141 0.721680
vt 1.333984 0.735352
vt 1.384766 0.732422
vt 1.377930 0.719727
vt 1.356445 0.726074
vt 1.379883 0.761230
vt 1.377930 0.794922
vt 1.375977 0.740723
vt 1.362305 0.747070
vt 1.340820 0.757324
vt 1.369141 0.769531
vt 1.316406 0.766113
vt 1.347656 0.780273
vt 1.354492 0.806152
vt 1.360352 0.833008
vt 1.382812 0.823242
vt 1.386719 0.844727
vt 1.396484 0.862793
vt 1.402344 0.835449
vt 1.418945 0.840820
vt 1.395508 0.816406
vt 1.388672 0.790527
vt 1.610352 0.563477
vt 1.622070 0.564453
vt 1.613281 0.559082
vt 1.614258 0.556641
vt 1.627930 0.562500
vt 1.622070 0.560547
vt 1.627930 0.560059
vt 1.634766 0.558594
vt 1.641602 0.550781
vt 1.633789 0.555176
vt 1.622070 0.557617
vt 1.617188 0.547363
vt 1.639648 0.548340
vt 1.626953 0.555664
vt 1.621094 0.551758
vt 1.622070 0.544922
vt 1.631836 0.552246
vt 1.625000 0.549805
vt 1.626953 0.542480
vt 1.628906 0.547363
vt 1.633789 0.545898
vt 1.632812 0.539062
vt 1.638672 0.538086
vt 1.636719 0.546875
vt 1.642578 0.536133
vt 1.508789 0.172729
vt 1.508789 0.190796
vt 1.511719 0.176636
vt 1.500000 0.184204
vt 1.464844 0.212769
vt 1.514648 0.213379
vt 1.470703 0.228638
vt 1.522461 0.233765
vt 1.477539 0.243408
vt 1.518555 0.244629
vt 1.480469 0.255371
vt 1.445312 0.265869
vt 1.437500 0.254883
vt 1.406250 0.279053
vt 1.430664 0.243164
vt 1.397461 0.267090
vt 1.395508 0.282471
vt 1.425781 0.230225
vt 1.461914 0.199829
vt 1.422852 0.215576
vt 1.489258 0.174683
vt 1.453125 0.185425
vt 1.501953 0.164307
vt 1.522461 0.149658
vt 1.479492 0.163940
vt 1.515625 0.144897
vt 1.531250 0.130859
vt 1.496094 0.154297
vt 1.523438 0.128052
vt 1.536133 0.115234
vt 1.507812 0.138550
vt 1.487305 0.144775
vt 1.528320 0.112976
vt 1.514648 0.123779
vt 1.530273 0.097229
vt 1.538086 0.098694
vt 1.526367 0.079956
vt 1.535156 0.077026
vt 1.527344 0.059662
vt 1.518555 0.110046
vt 1.499023 0.131836
vt 1.519531 0.064575
vt 1.516602 0.047089
vt 1.519531 0.096436
vt 1.505859 0.119141
vt 1.479492 0.134888
vt 1.493164 0.124939
vt 1.468750 0.152222
vt 1.446289 0.173096
vt 1.510742 0.096191
vt 1.517578 0.082581
vt 1.509766 0.107483
vt 1.503906 0.105591
vt 1.500000 0.114746
vt 1.487305 0.117310
vt 1.512695 0.069702
vt 1.502930 0.096375
vt 1.500000 0.104187
vt 1.507812 0.085205
vt 1.496094 0.109558
vt 1.480469 0.105652
vt 1.471680 0.123840
vt 1.491211 0.100281
vt 1.498047 0.097229
vt 1.503906 0.074829
vt 1.500977 0.086975
vt 1.487305 0.089661
vt 1.497070 0.078308
vt 1.495117 0.088257
vt 1.498047 0.065918
vt 1.492188 0.080200
vt 1.504883 0.059082
vt 1.492188 0.071167
vt 1.510742 0.052673
vt 1.500977 0.042114
vt 1.504883 0.036621
vt 1.494141 0.050018
vt 1.485352 0.032043
vt 1.489258 0.025879
vt 1.467773 0.015236
vt 1.488281 0.058716
vt 1.464844 0.027542
vt 1.445312 0.010811
vt 1.479492 0.043549
vt 1.442383 0.030075
vt 1.408203 0.026688
vt 1.460938 0.041443
vt 1.475586 0.054230
vt 1.484375 0.066406
vt 1.473633 0.063782
vt 1.489258 0.074646
vt 1.483398 0.073059
vt 1.484375 0.080566
vt 1.476562 0.092041
vt 1.473633 0.081116
vt 1.472656 0.072266
vt 1.457031 0.065369
vt 1.457031 0.074768
vt 1.458008 0.084229
vt 1.460938 0.096069
vt 1.458008 0.054260
vt 1.439453 0.044769
vt 1.437500 0.058594
vt 1.436523 0.070740
vt 1.437500 0.081482
vt 1.409180 0.038940
vt 1.410156 0.052612
vt 1.372070 0.046234
vt 1.368164 0.032867
vt 1.411133 0.065918
vt 1.438477 0.092041
vt 1.413086 0.078308
vt 1.376953 0.059784
vt 1.329102 0.048370
vt 1.323242 0.031982
vt 1.414062 0.089478
vt 1.381836 0.073364
vt 1.336914 0.064636
vt 1.318359 0.050629
vt 1.312500 0.033325
vt 1.295898 0.046173
vt 1.324219 0.067749
vt 1.299805 0.061249
vt 1.279297 0.055573
vt 1.342773 0.079346
vt 1.385742 0.086060
vt 1.329102 0.084534
vt 1.346680 0.094238
vt 1.279297 0.070740
vt 1.260742 0.059814
vt 1.303711 0.077515
vt 1.259766 0.075317
vt 1.244141 0.059784
vt 1.281250 0.086487
vt 1.306641 0.093323
vt 1.333008 0.099854
vt 1.352539 0.106812
vt 1.241211 0.075989
vt 1.227539 0.057190
vt 1.259766 0.091125
vt 1.282227 0.101135
vt 1.308594 0.107544
vt 1.222656 0.074524
vt 1.211914 0.052948
vt 1.239258 0.092468
vt 1.259766 0.105530
vt 1.334961 0.113037
vt 1.284180 0.114258
vt 1.309570 0.120117
vt 1.336914 0.124512
vt 1.206055 0.071594
vt 1.219727 0.092041
vt 1.239258 0.107849
vt 1.261719 0.118591
vt 1.285156 0.126343
vt 1.191406 0.068115
vt 1.197266 0.048096
vt 1.203125 0.090210
vt 1.218750 0.108582
vt 1.179688 0.064697
vt 1.186523 0.043671
vt 1.187500 0.087891
vt 1.169922 0.061615
vt 1.176758 0.039307
vt 1.167969 0.035095
vt 1.240234 0.121826
vt 1.200195 0.108093
vt 1.173828 0.085205
vt 1.160156 0.058624
vt 1.159180 0.032166
vt 1.218750 0.123840
vt 1.241211 0.135010
vt 1.183594 0.107056
vt 1.163086 0.082581
vt 1.151367 0.055786
vt 1.149414 0.028976
vt 1.140625 0.051636
vt 1.199219 0.125122
vt 1.168945 0.105164
vt 1.153320 0.079956
vt 1.142578 0.076172
vt 1.131836 0.070618
vt 1.121094 0.088318
vt 1.157227 0.102966
vt 1.180664 0.125610
vt 1.219727 0.138672
vt 1.132812 0.095886
vt 1.109375 0.104797
vt 1.145508 0.100159
vt 1.165039 0.124939
vt 1.199219 0.141602
vt 1.151367 0.123352
vt 1.138672 0.120911
vt 1.122070 0.117432
vt 1.178711 0.143799
vt 1.221680 0.153076
vt 1.161133 0.144531
vt 1.108398 0.125000
vt 1.098633 0.116455
vt 1.087891 0.127441
vt 1.103516 0.140991
vt 1.121094 0.140625
vt 1.111328 0.164307
vt 1.146484 0.144287
vt 1.123047 0.164062
vt 1.115234 0.186157
vt 1.134766 0.142456
vt 1.125000 0.187256
vt 1.117188 0.206787
vt 1.133789 0.165527
vt 1.160156 0.164429
vt 1.144531 0.166016
vt 1.134766 0.188232
vt 1.126953 0.209229
vt 1.178711 0.161255
vt 1.200195 0.157349
vt 1.181641 0.178345
vt 1.146484 0.186890
vt 1.126953 0.229980
vt 1.114258 0.227051
vt 1.113281 0.248291
vt 1.130859 0.250732
vt 1.112305 0.273682
vt 1.141602 0.229492
vt 1.136719 0.209351
vt 1.134766 0.273926
vt 1.111328 0.308350
vt 1.150391 0.206787
vt 1.162109 0.183350
vt 1.147461 0.249268
vt 1.157227 0.225952
vt 1.166992 0.201782
vt 1.174805 0.220337
vt 1.186523 0.195557
vt 1.165039 0.245239
vt 1.155273 0.270508
vt 1.141602 0.300537
vt 1.133789 0.338135
vt 1.090820 0.336914
vt 1.115234 0.356934
vt 1.078125 0.362793
vt 1.100586 0.378662
vt 1.068359 0.386719
vt 1.133789 0.375977
vt 1.090820 0.399170
vt 1.059570 0.410156
vt 1.083008 0.420654
vt 1.119141 0.391357
vt 1.112305 0.409180
vt 1.105469 0.429199
vt 1.130859 0.416016
vt 1.125000 0.435303
vt 1.143555 0.440918
vt 1.153320 0.417480
vt 1.131836 0.402344
vt 1.148438 0.395264
vt 1.180664 0.406006
vt 1.167969 0.383057
vt 1.152344 0.360840
vt 1.155273 0.325928
vt 1.204102 0.389893
vt 1.202148 0.416504
vt 1.170898 0.348145
vt 1.165039 0.292969
vt 1.221680 0.407227
vt 1.211914 0.428711
vt 1.230469 0.422607
vt 1.186523 0.367920
vt 1.176758 0.315430
vt 1.173828 0.264893
vt 1.191406 0.335938
vt 1.204102 0.354492
vt 1.184570 0.285400
vt 1.182617 0.239380
vt 1.196289 0.305908
vt 1.192383 0.258301
vt 1.193359 0.213623
vt 1.224609 0.373535
vt 1.209961 0.325195
vt 1.203125 0.277588
vt 1.202148 0.231934
vt 1.207031 0.189209
vt 1.223633 0.341553
vt 1.213867 0.296631
vt 1.210938 0.250244
vt 1.213867 0.206421
vt 1.203125 0.172974
vt 1.228516 0.182983
vt 1.220703 0.223999
vt 1.220703 0.268799
vt 1.224609 0.167603
vt 1.234375 0.198975
vt 1.229492 0.241821
vt 1.244141 0.148193
vt 1.250977 0.176880
vt 1.240234 0.215698
vt 1.264648 0.131592
vt 1.247070 0.162231
vt 1.266602 0.144043
vt 1.287109 0.138306
vt 1.255859 0.191895
vt 1.310547 0.131836
vt 1.272461 0.169800
vt 1.268555 0.155273
vt 1.290039 0.150757
vt 1.276367 0.184814
vt 1.260742 0.207520
vt 1.313477 0.143799
vt 1.293945 0.164062
vt 1.339844 0.135864
vt 1.248047 0.232788
vt 1.239258 0.259521
vt 1.231445 0.287109
vt 1.226562 0.315430
vt 1.317383 0.156860
vt 1.343750 0.148315
vt 1.298828 0.177490
vt 1.323242 0.170166
vt 1.282227 0.199341
vt 1.304688 0.190796
vt 1.267578 0.223389
vt 1.289062 0.214355
vt 1.276367 0.240112
vt 1.256836 0.250000
vt 1.329102 0.183716
vt 1.311523 0.205811
vt 1.348633 0.161987
vt 1.296875 0.230591
vt 1.266602 0.267090
vt 1.286133 0.256836
vt 1.305664 0.247070
vt 1.319336 0.221924
vt 1.335938 0.198853
vt 1.353516 0.176758
vt 1.368164 0.159424
vt 1.249023 0.277344
vt 1.364258 0.142822
vt 1.243164 0.304932
vt 1.359375 0.130615
vt 1.356445 0.117249
vt 1.239258 0.331299
vt 1.395508 0.119507
vt 1.389648 0.097473
vt 1.392578 0.108215
vt 1.416992 0.100159
vt 1.419922 0.111694
vt 1.441406 0.103821
vt 1.398438 0.131836
vt 1.423828 0.124146
vt 1.402344 0.144897
vt 1.446289 0.117065
vt 1.427734 0.136841
vt 1.465820 0.110596
vt 1.452148 0.130005
vt 1.433594 0.148926
vt 1.458984 0.141113
vt 1.439453 0.160889
vt 1.406250 0.158325
vt 1.410156 0.171997
vt 1.371094 0.172363
vt 1.414062 0.185913
vt 1.375000 0.187256
vt 1.360352 0.193237
vt 1.418945 0.200073
vt 1.378906 0.205322
vt 1.342773 0.215454
vt 1.380859 0.220459
vt 1.365234 0.210571
vt 1.328125 0.238647
vt 1.384766 0.239014
vt 1.350586 0.232056
vt 1.371094 0.226929
vt 1.315430 0.263428
vt 1.386719 0.252930
vt 1.376953 0.243530
vt 1.358398 0.248291
vt 1.336914 0.254883
vt 1.324219 0.278320
vt 1.294922 0.273438
vt 1.389648 0.260010
vt 1.382812 0.254639
vt 1.344727 0.268799
vt 1.365234 0.260498
vt 1.390625 0.270264
vt 1.386719 0.261475
vt 1.369141 0.270752
vt 1.373047 0.281250
vt 1.376953 0.294189
vt 1.350586 0.280518
vt 1.354492 0.292480
vt 1.360352 0.305664
vt 1.337891 0.304443
vt 1.344727 0.317627
vt 1.322266 0.316406
vt 1.332031 0.329346
vt 1.320312 0.341553
vt 1.331055 0.291748
vt 1.313477 0.303223
vt 1.308594 0.328613
vt 1.309570 0.353760
vt 1.304688 0.289062
vt 1.296875 0.314697
vt 1.295898 0.340576
vt 1.300781 0.365479
vt 1.287109 0.300049
vt 1.282227 0.326172
vt 1.284180 0.352295
vt 1.293945 0.375488
vt 1.276367 0.283936
vt 1.269531 0.337891
vt 1.274414 0.363770
vt 1.289062 0.384033
vt 1.270508 0.311035
vt 1.259766 0.294434
vt 1.255859 0.320557
vt 1.255859 0.349609
vt 1.265625 0.375244
vt 1.242188 0.360352
vt 1.257812 0.388428
vt 1.286133 0.392822
vt 1.256836 0.404297
vt 1.286133 0.402344
vt 1.257812 0.415283
vt 1.288086 0.412354
vt 0.017441 0.023880
vt 0.043213 0.008141
vt 0.024033 0.002144
vt 0.035919 0.030701
vt 0.012047 0.046814
vt 0.048309 0.035065
vt 0.056305 0.013992
vt 0.030991 0.050690
vt 0.009827 0.055878
vt 0.070618 0.038483
vt 0.076111 0.021591
vt 0.065918 0.055939
vt 0.044800 0.050873
vt 0.065247 0.060822
vt 0.030289 0.056335
vt 0.008263 0.071472
vt 0.043182 0.057648
vt 0.041412 0.072754
vt 0.065857 0.072876
vt 0.038147 0.064270
vt 0.044434 0.080994
vt 0.065613 0.081543
vt 0.045105 0.106018
vt 0.067017 0.103455
vt 0.027649 0.081543
vt 0.048615 0.130127
vt 0.069275 0.126831
vt 0.070984 0.147095
vt 0.027374 0.108704
vt 0.051941 0.152100
vt 0.073914 0.173706
vt 0.028717 0.134277
vt 0.054810 0.175415
vt 0.030884 0.154663
vt 0.055389 0.194702
vt 0.067505 0.205322
vt 0.053406 0.201050
vt 0.059937 0.214111
vt 0.044128 0.216431
vt 0.046722 0.201050
vt 0.040619 0.196655
vt 0.029831 0.208984
vt 0.015717 0.184326
vt 0.034119 0.177246
vt 0.009804 0.157227
vt 0.008125 0.135254
vt 0.007843 0.108215
vt 0.007523 0.083313
vt 0.027924 0.072327
vt 0.033966 0.063599
vt 0.033875 0.067871
vt 0.037231 0.067749
vt 0.035675 0.066284
vt 0.068115 0.220337
vt 0.050110 0.223267
vt 0.070312 0.239624
vt 0.052338 0.242920
vt 0.054108 0.263916
vt 0.073120 0.261475
vt 0.041382 0.243652
vt 0.039337 0.225464
vt 0.019852 0.226685
vt 0.021545 0.246338
vt 0.042053 0.264404
vt 0.022034 0.265137
vt 0.039520 0.285400
vt 0.018829 0.282471
vt 0.017197 0.289062
vt 0.055542 0.285156
vt 0.075378 0.283691
vt 0.056580 0.292236
vt 0.075867 0.293945
vt 0.074524 0.312012
vt 0.038727 0.290527
vt 0.036407 0.306641
vt 0.013962 0.304443
vt 0.041840 0.295898
vt 0.032837 0.314209
vt 0.013359 0.312500
vt 0.029053 0.337891
vt 0.008080 0.336670
vt 0.025009 0.359619
vt 0.004684 0.360352
vt 0.022400 0.377441
vt 0.005787 0.382812
vt 0.022659 0.392822
vt 0.015656 0.403076
vt 0.026215 0.395752
vt 0.025909 0.412354
vt 0.041870 0.411865
vt 0.035461 0.396729
vt 0.052155 0.404053
vt 0.039551 0.394775
vt 0.061157 0.385498
vt 0.043396 0.379639
vt 0.045349 0.362305
vt 0.063538 0.365479
vt 0.048218 0.340820
vt 0.066528 0.343018
vt 0.051941 0.317627
vt 0.072021 0.321533
vt 0.051727 0.312012
vt 0.049652 0.297119
vt 0.046661 0.306152
vt 0.040283 0.302490
vt 0.044098 0.301025
vt 1.042969 0.008141
vt 1.017578 0.023880
vt 1.024414 0.002144
vt 1.036133 0.030701
vt 1.011719 0.046814
vt 1.047852 0.035065
vt 1.056641 0.013992
vt 1.031250 0.050690
vt 1.009766 0.055878
vt 1.070312 0.038483
vt 1.076172 0.021591
vt 1.066406 0.055939
vt 1.044922 0.050873
vt 1.065430 0.060822
vt 1.030273 0.056335
vt 1.007812 0.071472
vt 1.042969 0.057648
vt 1.041016 0.072754
vt 1.065430 0.072876
vt 1.038086 0.064270
vt 1.043945 0.080994
vt 1.065430 0.081543
vt 1.044922 0.106018
vt 1.067383 0.103455
vt 1.027344 0.081543
vt 1.048828 0.130127
vt 1.069336 0.126831
vt 1.071289 0.147095
vt 1.027344 0.108704
vt 1.051758 0.152100
vt 1.074219 0.173706
vt 1.028320 0.134277
vt 1.054688 0.175415
vt 1.031250 0.154663
vt 1.055664 0.194702
vt 1.067383 0.205322
vt 1.053711 0.201050
vt 1.059570 0.214111
vt 1.043945 0.216431
vt 1.046875 0.201050
vt 1.041016 0.196655
vt 1.030273 0.208984
vt 1.015625 0.184326
vt 1.034180 0.177246
vt 1.009766 0.157227
vt 1.007812 0.135254
vt 1.007812 0.108215
vt 1.007812 0.083313
vt 1.028320 0.072327
vt 1.034180 0.063599
vt 1.034180 0.067871
vt 1.037109 0.067749
vt 1.036133 0.066284
vt 1.068359 0.220337
vt 1.070312 0.239624
vt 1.049805 0.223267
vt 1.052734 0.242920
vt 1.053711 0.263916
vt 1.073242 0.261475
vt 1.041016 0.243652
vt 1.039062 0.225464
vt 1.019531 0.226685
vt 1.021484 0.246338
vt 1.041992 0.264404
vt 1.022461 0.265137
vt 1.039062 0.285400
vt 1.018555 0.282471
vt 1.017578 0.289062
vt 1.055664 0.285156
vt 1.075195 0.283691
vt 1.056641 0.292236
vt 1.076172 0.293945
vt 1.074219 0.312012
vt 1.039062 0.290527
vt 1.036133 0.306641
vt 1.013672 0.304443
vt 1.041992 0.295898
vt 1.033203 0.314209
vt 1.013672 0.312500
vt 1.029297 0.337891
vt 1.007812 0.336670
vt 1.025391 0.359619
vt 1.004883 0.360352
vt 1.022461 0.377441
vt 1.005859 0.382812
vt 1.022461 0.392822
vt 1.015625 0.403076
vt 1.026367 0.395752
vt 1.026367 0.412354
vt 1.041992 0.411865
vt 1.035156 0.396729
vt 1.051758 0.404053
vt 1.039062 0.394775
vt 1.061523 0.385498
vt 1.042969 0.379639
vt 1.044922 0.362305
vt 1.063477 0.365479
vt 1.047852 0.340820
vt 1.066406 0.343018
vt 1.051758 0.317627
vt 1.072266 0.321533
vt 1.051758 0.312012
vt 1.049805 0.297119
vt 1.046875 0.306152
vt 1.040039 0.302490
vt 1.043945 0.301025
vt 0.465332 0.510742
vt 0.466797 0.511719
vt 0.465820 0.513672
vt 0.466064 0.512695
vt 0.467041 0.511230
vt 0.468018 0.512695
vt 0.468994 0.510742
vt 0.468262 0.511719
vt 0.467773 0.512695
vt 0.466064 0.513672
vt 0.466797 0.513184
vt 0.467285 0.514648
vt 0.467529 0.512695
vt 0.469727 0.510742
vt 0.468506 0.511719
vt 0.469482 0.513672
vt 0.468994 0.512695
vt 0.469238 0.513672
vt 0.467285 0.513672
vt 0.468018 0.515137
vt 0.467041 0.514160
vt 0.465332 0.515625
vt 0.466064 0.515137
vt 0.466797 0.514160
vt 0.465576 0.515137
vt 0.465332 0.513184
vt 0.715332 0.011749
vt 0.703613 0.011597
vt 0.713867 0.003153
vt 0.723145 0.001682
vt 0.707031 0.018845
vt 0.695312 0.020325
vt 0.699707 0.025208
vt 0.688477 0.032074
vt 0.723145 0.011131
vt 0.717285 0.026917
vt 0.708984 0.028259
vt 0.730957 0.011658
vt 0.732422 0.003044
vt 0.742676 0.011383
vt 0.739258 0.018661
vt 0.750977 0.020004
vt 0.729004 0.026840
vt 0.723145 0.027451
vt 0.746582 0.024933
vt 0.757812 0.031677
vt 0.737305 0.028107
vt 0.716797 0.039551
vt 0.729980 0.039490
vt 0.723145 0.040161
vt 0.751465 0.035645
vt 0.743164 0.030487
vt 0.737793 0.039490
vt 0.755371 0.047699
vt 0.763184 0.044678
vt 0.765137 0.059662
vt 0.745117 0.038818
vt 0.729980 0.052460
vt 0.756348 0.062317
vt 0.766113 0.074829
vt 0.738770 0.052124
vt 0.747070 0.050690
vt 0.748047 0.064697
vt 0.757324 0.077209
vt 0.758301 0.092102
vt 0.766602 0.089722
vt 0.766602 0.104004
vt 0.748535 0.079590
vt 0.739746 0.066162
vt 0.758301 0.106445
vt 0.766113 0.116577
vt 0.749023 0.094910
vt 0.758789 0.119141
vt 0.765625 0.125244
vt 0.760254 0.129395
vt 0.749512 0.109802
vt 0.750488 0.123230
vt 0.752441 0.134644
vt 0.739746 0.081543
vt 0.730957 0.066345
vt 0.740234 0.097778
vt 0.730957 0.082153
vt 0.741211 0.128052
vt 0.743164 0.140015
vt 0.740723 0.114014
vt 0.732422 0.132935
vt 0.733887 0.144165
vt 0.730957 0.099426
vt 0.723633 0.099243
vt 0.731445 0.118896
vt 0.723633 0.082153
vt 0.723633 0.135010
vt 0.723633 0.145386
vt 0.713379 0.144287
vt 0.723633 0.120056
vt 0.715332 0.133057
vt 0.704102 0.140137
vt 0.715820 0.118958
vt 0.706055 0.128296
vt 0.695312 0.135010
vt 0.696777 0.123535
vt 0.687012 0.129883
vt 0.706543 0.114197
vt 0.715820 0.099487
vt 0.688477 0.119507
vt 0.681641 0.125732
vt 0.681152 0.117065
vt 0.715820 0.082214
vt 0.697754 0.110107
vt 0.688965 0.106812
vt 0.680664 0.104492
vt 0.707031 0.097961
vt 0.697754 0.095215
vt 0.688965 0.092468
vt 0.680176 0.090210
vt 0.680664 0.075317
vt 0.707031 0.081726
vt 0.698242 0.079834
vt 0.689453 0.077576
vt 0.707031 0.066345
vt 0.689941 0.062683
vt 0.681641 0.060120
vt 0.698730 0.064941
vt 0.715820 0.066406
vt 0.691406 0.048035
vt 0.683594 0.045135
vt 0.699707 0.050964
vt 0.708008 0.052307
vt 0.723145 0.066589
vt 0.694824 0.035980
vt 0.701660 0.039093
vt 0.703125 0.030716
vt 0.708984 0.039642
vt 0.716309 0.052551
vt 0.723145 0.052734
vt 1.992188 0.021057
vt 1.969727 0.027740
vt 1.984375 0.033295
vt 1.977539 0.016037
vt 1.954102 0.009171
vt 1.964844 0.039764
vt 1.980469 0.044891
vt 1.949219 0.024887
vt 1.924805 0.004261
vt 1.962891 0.056183
vt 1.977539 0.059418
vt 1.924805 0.023132
vt 1.899414 0.010727
vt 1.902344 0.025726
vt 1.946289 0.038788
vt 1.924805 0.037933
vt 1.904297 0.039124
vt 1.905273 0.055450
vt 1.960938 0.076172
vt 1.975586 0.077698
vt 1.925781 0.054871
vt 1.945312 0.055359
vt 1.925781 0.075439
vt 1.906250 0.075745
vt 1.959961 0.099182
vt 1.973633 0.100586
vt 1.944336 0.075806
vt 1.925781 0.098511
vt 1.908203 0.098816
vt 1.958008 0.123840
vt 1.970703 0.124695
vt 1.943359 0.098877
vt 1.925781 0.123108
vt 1.909180 0.123413
vt 1.957031 0.149292
vt 1.968750 0.150757
vt 1.956055 0.175171
vt 1.967773 0.175659
vt 1.966797 0.201660
vt 1.943359 0.123413
vt 1.926758 0.148560
vt 1.910156 0.148804
vt 1.942383 0.148804
vt 1.926758 0.174316
vt 1.912109 0.174683
vt 1.942383 0.174683
vt 1.926758 0.200439
vt 1.913086 0.200806
vt 1.941406 0.200684
vt 1.927734 0.226440
vt 1.914062 0.226807
vt 1.927734 0.252441
vt 1.915039 0.252930
vt 1.956055 0.201172
vt 1.955078 0.227173
vt 1.964844 0.227661
vt 1.963867 0.253418
vt 1.941406 0.226685
vt 1.954102 0.252930
vt 1.962891 0.279053
vt 1.928711 0.277832
vt 1.916992 0.278320
vt 1.941406 0.252441
vt 1.953125 0.278564
vt 1.961914 0.303711
vt 1.929688 0.302734
vt 1.918945 0.303223
vt 1.941406 0.278076
vt 1.952148 0.303467
vt 1.959961 0.327637
vt 1.929688 0.326904
vt 1.919922 0.327148
vt 1.941406 0.302979
vt 1.951172 0.327393
vt 1.958984 0.350098
vt 1.940430 0.326904
vt 1.950195 0.349854
vt 1.958008 0.370361
vt 1.929688 0.349854
vt 1.919922 0.349854
vt 1.940430 0.349854
vt 1.950195 0.370850
vt 1.939453 0.371582
vt 1.929688 0.372314
vt 1.919922 0.371582
vt 1.519531 0.310059
vt 1.517578 0.296387
vt 1.501953 0.310059
vt 1.501953 0.297363
vt 1.486328 0.296143
vt 1.517578 0.328613
vt 1.484375 0.307861
vt 1.465820 0.291992
vt 1.499023 0.325928
vt 1.515625 0.346436
vt 1.512695 0.365234
vt 1.495117 0.341797
vt 1.462891 0.303467
vt 1.449219 0.289551
vt 1.479492 0.322510
vt 1.531250 0.391357
vt 1.460938 0.317383
vt 1.548828 0.412109
vt 1.545898 0.430908
vt 1.475586 0.335938
vt 1.492188 0.358643
vt 1.458984 0.329102
vt 1.447266 0.313232
vt 1.508789 0.384766
vt 1.520508 0.413330
vt 1.536133 0.423828
vt 1.448242 0.301758
vt 1.433594 0.301025
vt 1.429688 0.290039
vt 1.435547 0.310791
vt 1.422852 0.302734
vt 1.418945 0.293457
vt 1.426758 0.310791
vt 1.415039 0.306396
vt 1.409180 0.299316
vt 1.400391 0.307129
vt 1.419922 0.314209
vt 1.408203 0.313721
vt 1.398438 0.322510
vt 1.392578 0.319336
vt 1.394531 0.331299
vt 1.388672 0.329346
vt 1.393555 0.334473
vt 1.387695 0.332520
vt 1.386719 0.335693
vt 1.392578 0.337402
vt 1.385742 0.342041
vt 1.398438 0.336670
vt 1.400391 0.333984
vt 1.405273 0.326416
vt 1.413086 0.319336
vt 1.391602 0.343994
vt 1.383789 0.356689
vt 1.397461 0.341064
vt 1.403320 0.339355
vt 1.405273 0.337158
vt 1.391602 0.356689
vt 1.381836 0.371338
vt 1.398438 0.347168
vt 1.400391 0.344238
vt 1.391602 0.373535
vt 1.379883 0.382324
vt 1.409180 0.345947
vt 1.413086 0.330811
vt 1.404297 0.348389
vt 1.400391 0.360352
vt 1.389648 0.385742
vt 1.377930 0.391602
vt 1.408203 0.359619
vt 1.401367 0.375732
vt 1.411133 0.342773
vt 1.416016 0.358887
vt 1.393555 0.396729
vt 1.400391 0.386719
vt 1.411133 0.379395
vt 1.420898 0.378662
vt 1.410156 0.392334
vt 1.420898 0.359375
vt 1.385742 0.398682
vt 1.375977 0.395996
vt 1.404297 0.397705
vt 1.419922 0.405029
vt 1.399414 0.402344
vt 1.383789 0.406006
vt 1.374023 0.404053
vt 1.421875 0.390869
vt 1.379883 0.418457
vt 1.371094 0.417236
vt 1.397461 0.410645
vt 1.428711 0.376953
vt 1.442383 0.373535
vt 1.430664 0.392334
vt 1.374023 0.434814
vt 1.367188 0.434082
vt 1.418945 0.411621
vt 1.428711 0.348877
vt 1.372070 0.444336
vt 1.366211 0.443359
vt 1.419922 0.338379
vt 1.371094 0.448730
vt 1.379883 0.448486
vt 1.366211 0.448242
vt 1.365234 0.452148
vt 1.380859 0.443848
vt 1.370117 0.453369
vt 1.384766 0.435547
vt 1.369141 0.459961
vt 1.364258 0.458740
vt 1.363281 0.463379
vt 1.368164 0.464844
vt 1.363281 0.466064
vt 1.378906 0.460938
vt 1.386719 0.443359
vt 1.391602 0.424805
vt 1.394531 0.440674
vt 1.412109 0.424072
vt 1.369141 0.467285
vt 1.363281 0.473633
vt 1.368164 0.473877
vt 1.363281 0.481934
vt 1.374023 0.469971
vt 1.369141 0.481201
vt 1.364258 0.487061
vt 1.389648 0.447021
vt 1.429688 0.416504
vt 1.379883 0.467529
vt 1.374023 0.475830
vt 1.435547 0.409180
vt 1.451172 0.408447
vt 1.439453 0.425781
vt 1.416016 0.429688
vt 1.378906 0.474121
vt 1.401367 0.435791
vt 1.396484 0.444580
vt 1.404297 0.439209
vt 1.421875 0.439697
vt 1.408203 0.446777
vt 1.397461 0.451416
vt 1.388672 0.452637
vt 1.378906 0.453613
vt 1.388672 0.461182
vt 1.446289 0.437988
vt 1.425781 0.450928
vt 1.410156 0.456543
vt 1.398438 0.458984
vt 1.458008 0.413574
vt 1.461914 0.387695
vt 1.387695 0.468750
vt 1.396484 0.468262
vt 1.409180 0.469238
vt 1.425781 0.465088
vt 1.443359 0.458984
vt 1.381836 0.470947
vt 1.394531 0.472656
vt 1.387695 0.471680
vt 1.400391 0.475830
vt 1.383789 0.472900
vt 1.460938 0.458496
vt 1.441406 0.470947
vt 1.466797 0.440186
vt 1.475586 0.419434
vt 1.396484 0.477539
vt 1.392578 0.475098
vt 1.401367 0.479248
vt 1.411133 0.479004
vt 1.395508 0.479492
vt 1.386719 0.473145
vt 1.384766 0.478271
vt 1.427734 0.478271
vt 1.401367 0.483398
vt 1.387695 0.481934
vt 1.381836 0.476807
vt 1.378906 0.478027
vt 1.381836 0.479492
vt 1.375000 0.480713
vt 1.382812 0.483643
vt 1.392578 0.485352
vt 1.370117 0.485840
vt 1.366211 0.494629
vt 1.375000 0.484863
vt 1.373047 0.491699
vt 1.373047 0.504395
vt 1.385742 0.488281
vt 1.377930 0.490234
vt 1.377930 0.500488
vt 1.384766 0.516602
vt 1.385742 0.497314
vt 1.392578 0.493408
vt 1.389648 0.510254
vt 1.400391 0.518555
vt 1.397461 0.526367
vt 1.395508 0.504395
vt 1.397461 0.489014
vt 1.409180 0.524902
vt 1.403320 0.530762
vt 1.413086 0.538086
vt 1.405273 0.511230
vt 1.400391 0.499023
vt 1.405273 0.493896
vt 1.417969 0.532227
vt 1.422852 0.547363
vt 1.411133 0.504883
vt 1.415039 0.518066
vt 1.409180 0.486816
vt 1.416016 0.498047
vt 1.420898 0.489990
vt 1.420898 0.510742
vt 1.426758 0.503418
vt 1.431641 0.495361
vt 1.424805 0.525391
vt 1.432617 0.517090
vt 1.438477 0.485596
vt 1.453125 0.474854
vt 1.435547 0.506836
vt 1.442383 0.494385
vt 1.440430 0.500977
vt 1.447266 0.496582
vt 1.455078 0.485840
vt 1.440430 0.527832
vt 1.440430 0.514648
vt 1.441406 0.506348
vt 1.443359 0.502441
vt 1.434570 0.534180
vt 1.428711 0.541016
vt 1.431641 0.556641
vt 1.438477 0.549316
vt 1.440430 0.566895
vt 1.444336 0.541992
vt 1.449219 0.558105
vt 1.458008 0.565430
vt 1.452148 0.578613
vt 1.454102 0.547363
vt 1.448242 0.535645
vt 1.464844 0.564941
vt 1.455078 0.540527
vt 1.453125 0.531738
vt 1.475586 0.564453
vt 1.463867 0.545898
vt 1.488281 0.556641
vt 1.460938 0.538086
vt 1.472656 0.542969
vt 1.502930 0.548828
vt 1.483398 0.538086
vt 1.470703 0.536133
vt 1.514648 0.541992
vt 1.462891 0.530762
vt 1.493164 0.533203
vt 1.520508 0.527344
vt 1.499023 0.524414
vt 1.487305 0.528320
vt 1.479492 0.532715
vt 1.470703 0.530273
vt 1.476562 0.527344
vt 1.519531 0.513672
vt 1.506836 0.512207
vt 1.495117 0.520020
vt 1.532227 0.500000
vt 1.518555 0.499023
vt 1.535156 0.484131
vt 1.540039 0.464844
vt 1.516602 0.479980
vt 1.505859 0.500000
vt 1.541992 0.444580
vt 1.523438 0.458252
vt 1.529297 0.439697
vt 1.511719 0.432617
vt 1.504883 0.450684
vt 1.498047 0.467529
vt 1.500977 0.405762
vt 1.500977 0.488037
vt 1.494141 0.425781
vt 1.487305 0.376953
vt 1.481445 0.397705
vt 1.486328 0.444336
vt 1.479492 0.460938
vt 1.467773 0.367188
vt 1.472656 0.474121
vt 1.472656 0.350342
vt 1.450195 0.354736
vt 1.455078 0.340820
vt 1.436523 0.341553
vt 1.442383 0.332520
vt 1.426758 0.332764
vt 1.445312 0.322998
vt 1.418945 0.325684
vt 1.432617 0.325684
vt 1.435547 0.318604
vt 1.424805 0.320312
vt 1.429688 0.316406
vt 1.469727 0.483398
vt 1.468750 0.488281
vt 1.456055 0.490723
vt 1.482422 0.486084
vt 1.479492 0.489990
vt 1.488281 0.478760
vt 1.492188 0.492676
vt 1.487305 0.495605
vt 1.477539 0.492920
vt 1.467773 0.491455
vt 1.498047 0.501465
vt 1.456055 0.494629
vt 1.491211 0.502930
vt 1.500977 0.510742
vt 1.492188 0.509277
vt 1.484375 0.497803
vt 1.474609 0.496094
vt 1.487305 0.504395
vt 1.488281 0.509277
vt 1.486328 0.516602
vt 1.481445 0.500000
vt 1.467773 0.494385
vt 1.481445 0.522949
vt 1.485352 0.506348
vt 1.473633 0.499512
vt 1.479492 0.503418
vt 1.457031 0.498047
vt 1.466797 0.497559
vt 1.451172 0.500977
vt 1.445312 0.503418
vt 1.444336 0.507812
vt 1.445312 0.514160
vt 1.446289 0.523926
vt 1.456055 0.527832
vt 1.450195 0.520996
vt 1.446289 0.513184
vt 1.446289 0.509277
vt 1.448242 0.504883
vt 1.457031 0.526855
vt 1.452148 0.520508
vt 1.448242 0.513184
vt 1.452148 0.502930
vt 1.448242 0.510742
vt 1.462891 0.529785
vt 1.470703 0.529785
vt 1.463867 0.528809
vt 1.457031 0.525391
vt 1.452148 0.519531
vt 1.476562 0.526855
vt 1.469727 0.528320
vt 1.463867 0.527832
vt 1.481445 0.522461
vt 1.475586 0.525391
vt 1.449219 0.512695
vt 1.458008 0.524902
vt 1.453125 0.519043
vt 1.485352 0.516602
vt 1.485352 0.510254
vt 1.483398 0.516602
vt 1.483398 0.510742
vt 1.479492 0.520996
vt 1.460938 0.519531
vt 1.483398 0.506836
vt 1.482422 0.516113
vt 1.478516 0.509277
vt 1.478516 0.507324
vt 1.475586 0.504883
vt 1.475586 0.510254
vt 1.472656 0.502930
vt 1.476562 0.513672
vt 1.479492 0.520508
vt 1.474609 0.516113
vt 1.474609 0.524902
vt 1.470703 0.511230
vt 1.467773 0.502930
vt 1.470703 0.519043
vt 1.469727 0.527832
vt 1.466797 0.512207
vt 1.458008 0.500977
vt 1.464844 0.520508
vt 1.467773 0.520020
vt 1.460938 0.505371
vt 1.464844 0.513184
vt 1.461914 0.514160
vt 1.458008 0.508301
vt 1.454102 0.505371
vt 1.458008 0.515625
vt 1.456055 0.512695
vt 1.454102 0.511230
vt 1.453125 0.508789
vt 1.449219 0.506348
vt 1.848633 0.509277
vt 1.861328 0.489990
vt 1.869141 0.496582
vt 1.879883 0.471924
vt 1.845703 0.500488
vt 1.830078 0.500977
vt 1.827148 0.511719
vt 1.840820 0.479980
vt 1.814453 0.492432
vt 1.805664 0.498779
vt 1.788086 0.458008
vt 1.778320 0.463867
vt 1.864258 0.471191
vt 1.777344 0.433105
vt 1.766602 0.436523
vt 1.766602 0.411133
vt 1.833008 0.451660
vt 1.868164 0.444092
vt 1.886719 0.442139
vt 1.781250 0.413086
vt 1.778320 0.390625
vt 1.828125 0.429932
vt 1.872070 0.423096
vt 1.887695 0.417236
vt 1.869141 0.405518
vt 1.880859 0.397217
vt 1.866211 0.381104
vt 1.788086 0.401611
vt 1.796875 0.375488
vt 1.825195 0.411621
vt 1.858398 0.391846
vt 1.845703 0.369629
vt 1.800781 0.390625
vt 1.819336 0.368408
vt 1.823242 0.397461
vt 1.840820 0.386475
vt 1.822266 0.385010
vt 1.890625 0.341064
vt 1.871094 0.354248
vt 1.883789 0.335693
vt 1.901367 0.320557
vt 1.892578 0.317627
vt 1.904297 0.293701
vt 1.895508 0.292480
vt 1.903320 0.259766
vt 1.893555 0.260742
vt 1.900391 0.230713
vt 1.882812 0.228760
vt 1.868164 0.346924
vt 1.878906 0.332275
vt 1.844727 0.351074
vt 1.843750 0.358154
vt 1.884766 0.314941
vt 1.866211 0.343262
vt 1.868164 0.311279
vt 1.887695 0.291504
vt 1.885742 0.264893
vt 1.880859 0.243530
vt 1.875977 0.277100
vt 1.852539 0.232666
vt 1.853516 0.220093
vt 1.849609 0.271729
vt 1.823242 0.239502
vt 1.823242 0.223022
vt 1.846680 0.309814
vt 1.814453 0.246460
vt 1.806641 0.239502
vt 1.818359 0.274414
vt 1.807617 0.280518
vt 1.845703 0.347412
vt 1.822266 0.308838
vt 1.818359 0.343506
vt 1.797852 0.281006
vt 1.797852 0.244507
vt 1.791992 0.282715
vt 1.815430 0.347168
vt 1.812500 0.353271
vt 1.793945 0.337158
vt 1.805664 0.330322
vt 1.802734 0.309570
vt 1.795898 0.311279
vt 1.789062 0.312988
vt 1.800781 0.333496
vt 0.992188 0.021057
vt 0.969727 0.027740
vt 0.977539 0.016037
vt 0.983887 0.033295
vt 0.954590 0.009171
vt 0.965332 0.039764
vt 0.979980 0.044891
vt 0.948730 0.024887
vt 0.924316 0.004261
vt 0.962402 0.056183
vt 0.977539 0.059418
vt 0.924805 0.023132
vt 0.898926 0.010727
vt 0.902344 0.025726
vt 0.946289 0.038788
vt 0.925293 0.037933
vt 0.904297 0.039124
vt 0.905273 0.055450
vt 0.961426 0.076172
vt 0.975586 0.077698
vt 0.925293 0.054871
vt 0.944824 0.055359
vt 0.925293 0.075439
vt 0.906738 0.075745
vt 0.959961 0.099182
vt 0.973145 0.100586
vt 0.944336 0.075806
vt 0.925781 0.098511
vt 0.907715 0.098816
vt 0.958496 0.123840
vt 0.970703 0.124695
vt 0.943359 0.098877
vt 0.926270 0.123108
vt 0.909180 0.123413
vt 0.957520 0.149292
vt 0.968750 0.150757
vt 0.956543 0.175171
vt 0.967285 0.175659
vt 0.966309 0.201660
vt 0.942871 0.123413
vt 0.926270 0.148560
vt 0.910645 0.148804
vt 0.942383 0.148804
vt 0.926758 0.174316
vt 0.911621 0.174683
vt 0.941895 0.174683
vt 0.927246 0.200439
vt 0.913086 0.200806
vt 0.941895 0.200684
vt 0.927246 0.226440
vt 0.914062 0.226807
vt 0.927734 0.252441
vt 0.915527 0.252930
vt 0.955566 0.201172
vt 0.955078 0.227173
vt 0.965332 0.227661
vt 0.963867 0.253418
vt 0.941406 0.226685
vt 0.954102 0.252930
vt 0.962891 0.279053
vt 0.928711 0.277832
vt 0.916992 0.278320
vt 0.941406 0.252441
vt 0.953125 0.278564
vt 0.961426 0.303711
vt 0.929199 0.302734
vt 0.918945 0.303223
vt 0.940918 0.278076
vt 0.952148 0.303467
vt 0.960449 0.327637
vt 0.929688 0.326904
vt 0.919922 0.327148
vt 0.940918 0.302979
vt 0.951172 0.327393
vt 0.958984 0.350098
vt 0.940430 0.326904
vt 0.950684 0.349854
vt 0.958008 0.370361
vt 0.929688 0.349854
vt 0.920410 0.349854
vt 0.939941 0.349854
vt 0.950195 0.370850
vt 0.939941 0.371582
vt 0.929688 0.372314
vt 0.920410 0.371582
vt 0.849121 0.509277
vt 0.869141 0.496582
vt 0.861328 0.489990
vt 0.879883 0.471924
vt 0.845215 0.500488
vt 0.830078 0.500977
vt 0.827148 0.511719
vt 0.840332 0.479980
vt 0.814453 0.492432
vt 0.806152 0.498779
vt 0.788086 0.458008
vt 0.778320 0.463867
vt 0.864258 0.471191
vt 0.777832 0.433105
vt 0.766602 0.436523
vt 0.766113 0.411133
vt 0.832520 0.451660
vt 0.868652 0.444092
vt 0.886230 0.442139
vt 0.781250 0.413086
vt 0.778809 0.390625
vt 0.827637 0.429932
vt 0.872070 0.423096
vt 0.888184 0.417236
vt 0.868652 0.405518
vt 0.880371 0.397217
vt 0.866211 0.381104
vt 0.788574 0.401611
vt 0.796387 0.375488
vt 0.825195 0.411621
vt 0.857910 0.391846
vt 0.845703 0.369629
vt 0.800781 0.390625
vt 0.819336 0.368408
vt 0.823730 0.397461
vt 0.840820 0.386475
vt 0.821777 0.385010
vt 0.870605 0.354248
vt 0.890625 0.341064
vt 0.883789 0.335693
vt 0.901367 0.320557
vt 0.892090 0.317627
vt 0.904785 0.293701
vt 0.895020 0.292480
vt 0.902832 0.259766
vt 0.893066 0.260742
vt 0.900391 0.230713
vt 0.882812 0.228760
vt 0.868164 0.346924
vt 0.878906 0.332275
vt 0.844727 0.351074
vt 0.843750 0.358154
vt 0.884277 0.314941
vt 0.865723 0.343262
vt 0.868652 0.311279
vt 0.887207 0.291504
vt 0.886230 0.264893
vt 0.880371 0.243530
vt 0.876465 0.277100
vt 0.853027 0.232666
vt 0.854004 0.220093
vt 0.849609 0.271729
vt 0.823242 0.239502
vt 0.823242 0.223022
vt 0.846191 0.309814
vt 0.818359 0.274414
vt 0.813965 0.246460
vt 0.806152 0.239502
vt 0.807617 0.280518
vt 0.845215 0.347412
vt 0.821777 0.308838
vt 0.817871 0.343506
vt 0.797852 0.281006
vt 0.797363 0.244507
vt 0.792480 0.282715
vt 0.814941 0.347168
vt 0.812500 0.353271
vt 0.793945 0.337158
vt 0.806152 0.330322
vt 0.803223 0.309570
vt 0.796387 0.311279
vt 0.789551 0.312988
vt 0.800781 0.333496
vt 0.465576 0.514160
vt 0.005840 0.934570
vt 0.005608 0.945801
vt 0.003536 0.934570
vt 0.004902 0.923828
vt 0.009071 0.944336
vt 0.011589 0.934570
vt 0.008430 0.924805
vt 0.017441 0.955566
vt 0.012169 0.958984
vt 0.021072 0.969238
vt 0.016083 0.913086
vt 0.010590 0.910156
vt 0.018784 0.898926
vt 0.013504 0.942383
vt 0.012978 0.926270
vt 0.026352 0.964844
vt 0.023254 0.952148
vt 0.037354 0.972656
vt 0.032471 0.979492
vt 0.022919 0.939453
vt 0.032410 0.960938
vt 0.049866 0.978516
vt 0.046539 0.987305
vt 0.039917 0.968750
vt 0.063721 0.981934
vt 0.062866 0.992676
vt 0.051544 0.973633
vt 0.042114 0.963867
vt 0.078613 0.983887
vt 0.079956 0.994141
vt 0.093689 0.983398
vt 0.096558 0.993164
vt 0.108093 0.981445
vt 0.112366 0.990234
vt 0.120178 0.977539
vt 0.125000 0.984375
vt 0.132324 0.978027
vt 0.064514 0.977051
vt 0.077454 0.978516
vt 0.092163 0.977539
vt 0.106018 0.975586
vt 0.117859 0.972168
vt 0.129150 0.972168
vt 0.053192 0.967773
vt 0.065613 0.971191
vt 0.077881 0.970703
vt 0.090698 0.970703
vt 0.136475 0.966797
vt 0.140259 0.975098
vt 0.066101 0.960938
vt 0.053986 0.959473
vt 0.078064 0.960938
vt 0.103394 0.967285
vt 0.126465 0.969238
vt 0.142822 0.958984
vt 0.149170 0.967285
vt 0.156372 0.956055
vt 0.066772 0.951172
vt 0.090210 0.960449
vt 0.114929 0.963867
vt 0.132935 0.963867
vt 0.147583 0.949707
vt 0.160156 0.943359
vt 0.078369 0.950195
vt 0.102417 0.958496
vt 0.124146 0.960449
vt 0.138062 0.957520
vt 0.150269 0.940430
vt 0.161499 0.929688
vt 0.090088 0.950195
vt 0.114075 0.956543
vt 0.129761 0.958008
vt 0.142822 0.948730
vt 0.124634 0.954102
vt 0.131714 0.953125
vt 0.101990 0.949707
vt 0.113953 0.948242
vt 0.125610 0.946777
vt 0.101624 0.939941
vt 0.134033 0.945801
vt 0.114136 0.939453
vt 0.126587 0.938965
vt 0.136353 0.937988
vt 0.090088 0.939941
vt 0.146118 0.939941
vt 0.150757 0.930176
vt 0.145630 0.930176
vt 0.136230 0.930664
vt 0.125244 0.930664
vt 0.113464 0.931152
vt 0.149658 0.919922
vt 0.159302 0.916016
vt 0.145508 0.920410
vt 0.135864 0.922852
vt 0.126099 0.922852
vt 0.146362 0.910645
vt 0.154663 0.903320
vt 0.141602 0.911621
vt 0.140991 0.901367
vt 0.146729 0.893066
vt 0.137329 0.885742
vt 0.113586 0.922852
vt 0.133057 0.915039
vt 0.136353 0.903320
vt 0.134155 0.894043
vt 0.129272 0.883301
vt 0.124573 0.915039
vt 0.130249 0.908203
vt 0.130859 0.896973
vt 0.127930 0.903320
vt 0.123169 0.907715
vt 0.112854 0.914062
vt 0.122253 0.901367
vt 0.123962 0.892578
vt 0.126465 0.889160
vt 0.112488 0.906250
vt 0.101074 0.923340
vt 0.117188 0.884766
vt 0.121582 0.877441
vt 0.108582 0.872559
vt 0.115173 0.889648
vt 0.112793 0.898438
vt 0.104858 0.881348
vt 0.092651 0.870605
vt 0.100830 0.913574
vt 0.100647 0.904785
vt 0.101074 0.895996
vt 0.103149 0.887207
vt 0.090332 0.880371
vt 0.075928 0.870605
vt 0.088928 0.914062
vt 0.088379 0.903809
vt 0.088196 0.893066
vt 0.089233 0.886230
vt 0.075256 0.880859
vt 0.059021 0.873047
vt 0.060516 0.883789
vt 0.043060 0.879395
vt 0.074463 0.886230
vt 0.075378 0.894043
vt 0.076233 0.903809
vt 0.077209 0.914551
vt 0.046936 0.888184
vt 0.029526 0.888184
vt 0.089600 0.924316
vt 0.034821 0.894531
vt 0.101196 0.931641
vt 0.090698 0.932129
vt 0.078186 0.925781
vt 0.078613 0.938965
vt 0.079163 0.932129
vt 0.068115 0.939941
vt 0.067627 0.925781
vt 0.067444 0.932617
vt 0.053802 0.939941
vt 0.065552 0.914551
vt 0.053345 0.926270
vt 0.053619 0.950684
vt 0.042145 0.957520
vt 0.038269 0.950195
vt 0.033844 0.956543
vt 0.029556 0.949707
vt 0.037933 0.939941
vt 0.053467 0.933105
vt 0.037567 0.933594
vt 0.037506 0.927246
vt 0.022614 0.934082
vt 0.022552 0.928711
vt 0.022079 0.916016
vt 0.028534 0.917969
vt 0.037201 0.916992
vt 0.024353 0.903320
vt 0.032379 0.911133
vt 0.030655 0.906738
vt 0.052490 0.916016
vt 0.040588 0.909180
vt 0.037659 0.898438
vt 0.052277 0.906738
vt 0.040161 0.903320
vt 0.048950 0.893066
vt 0.064270 0.904297
vt 0.050934 0.898438
vt 0.061646 0.888672
vt 0.063171 0.894531
vt 0.451904 0.578613
vt 0.458008 0.565430
vt 0.440674 0.566895
vt 0.448975 0.558105
vt 0.438232 0.549316
vt 0.431396 0.556641
vt 0.428711 0.541016
vt 0.423096 0.547363
vt 0.443848 0.541992
vt 0.454346 0.547363
vt 0.464355 0.564941
vt 0.418457 0.532227
vt 0.412598 0.538086
vt 0.475830 0.564453
vt 0.464111 0.545898
vt 0.488525 0.556641
vt 0.454590 0.540527
vt 0.434570 0.534180
vt 0.472656 0.542969
vt 0.502930 0.548828
vt 0.447998 0.535645
vt 0.461182 0.538086
vt 0.483154 0.538086
vt 0.515137 0.541992
vt 0.453125 0.531738
vt 0.440186 0.527832
vt 0.471191 0.536133
vt 0.492920 0.533203
vt 0.520020 0.527344
vt 0.499023 0.524414
vt 0.487549 0.528320
vt 0.462646 0.530762
vt 0.479980 0.532715
vt 0.470459 0.530273
vt 0.476562 0.527344
vt 0.520020 0.513672
vt 0.506836 0.512207
vt 0.494873 0.520020
vt 0.531738 0.500000
vt 0.518555 0.499023
vt 0.535156 0.484131
vt 0.540039 0.464844
vt 0.517090 0.479980
vt 0.506348 0.500000
vt 0.481934 0.522949
vt 0.500488 0.510742
vt 0.541992 0.444580
vt 0.523926 0.458252
vt 0.545410 0.430908
vt 0.529297 0.439697
vt 0.548340 0.412109
vt 0.536133 0.423828
vt 0.531738 0.391357
vt 0.520020 0.413330
vt 0.512207 0.432617
vt 0.504883 0.450684
vt 0.512695 0.365234
vt 0.508301 0.384766
vt 0.501465 0.405762
vt 0.497559 0.467529
vt 0.515625 0.346436
vt 0.493896 0.425781
vt 0.500977 0.488037
vt 0.517090 0.328613
vt 0.497803 0.501465
vt 0.520020 0.310059
vt 0.517578 0.296387
vt 0.501953 0.310059
vt 0.501953 0.297363
vt 0.486084 0.296143
vt 0.498779 0.325928
vt 0.484131 0.307861
vt 0.465820 0.291992
vt 0.495605 0.341797
vt 0.462646 0.303467
vt 0.449463 0.289551
vt 0.479492 0.322510
vt 0.491699 0.358643
vt 0.475830 0.335938
vt 0.487305 0.376953
vt 0.481445 0.397705
vt 0.467529 0.367188
vt 0.461914 0.387695
vt 0.442627 0.373535
vt 0.475342 0.419434
vt 0.472168 0.350342
vt 0.449951 0.354736
vt 0.455078 0.340820
vt 0.458496 0.329102
vt 0.486572 0.444336
vt 0.479492 0.460938
vt 0.467041 0.440186
vt 0.460938 0.317383
vt 0.447510 0.313232
vt 0.458008 0.413574
vt 0.448730 0.301758
vt 0.433838 0.301025
vt 0.429932 0.290039
vt 0.451172 0.408447
vt 0.435791 0.310791
vt 0.423096 0.302734
vt 0.418945 0.293457
vt 0.427246 0.310791
vt 0.415039 0.306396
vt 0.408691 0.299316
vt 0.420166 0.314209
vt 0.408203 0.313721
vt 0.400635 0.307129
vt 0.398926 0.322510
vt 0.392578 0.319336
vt 0.394775 0.331299
vt 0.388428 0.329346
vt 0.393555 0.334473
vt 0.387451 0.332520
vt 0.386719 0.335693
vt 0.393066 0.337402
vt 0.385742 0.342041
vt 0.398926 0.336670
vt 0.400146 0.333984
vt 0.405518 0.326416
vt 0.391846 0.343994
vt 0.383789 0.356689
vt 0.397217 0.341064
vt 0.403076 0.339355
vt 0.392090 0.356689
vt 0.382080 0.371338
vt 0.397949 0.347168
vt 0.391602 0.373535
vt 0.380127 0.382324
vt 0.412842 0.319336
vt 0.405518 0.337158
vt 0.400635 0.344238
vt 0.400879 0.360352
vt 0.389648 0.385742
vt 0.377441 0.391602
vt 0.409180 0.345947
vt 0.404297 0.348389
vt 0.412598 0.330811
vt 0.401611 0.375732
vt 0.407715 0.359619
vt 0.411621 0.342773
vt 0.415527 0.358887
vt 0.399902 0.386719
vt 0.410645 0.379395
vt 0.421143 0.378662
vt 0.421143 0.359375
vt 0.394043 0.396729
vt 0.409912 0.392334
vt 0.385986 0.398682
vt 0.376221 0.395996
vt 0.404541 0.397705
vt 0.420166 0.405029
vt 0.399414 0.402344
vt 0.383789 0.406006
vt 0.374268 0.404053
vt 0.421875 0.390869
vt 0.380371 0.418457
vt 0.371094 0.417236
vt 0.397217 0.410645
vt 0.428711 0.376953
vt 0.430664 0.392334
vt 0.428467 0.348877
vt 0.419434 0.338379
vt 0.436279 0.341553
vt 0.435791 0.409180
vt 0.426514 0.332764
vt 0.441895 0.332520
vt 0.439209 0.425781
vt 0.429443 0.416504
vt 0.419189 0.325684
vt 0.432129 0.325684
vt 0.445557 0.322998
vt 0.425293 0.320312
vt 0.435791 0.318604
vt 0.429443 0.316406
vt 0.446045 0.437988
vt 0.460449 0.458496
vt 0.472900 0.474121
vt 0.488525 0.478760
vt 0.492188 0.492676
vt 0.482666 0.486084
vt 0.491455 0.502930
vt 0.487549 0.495605
vt 0.491943 0.509277
vt 0.486328 0.516602
vt 0.487793 0.509277
vt 0.487061 0.504395
vt 0.469971 0.483398
vt 0.479736 0.489990
vt 0.453613 0.474854
vt 0.481445 0.522461
vt 0.485352 0.516602
vt 0.476318 0.526855
vt 0.470215 0.529785
vt 0.463135 0.529785
vt 0.485596 0.510254
vt 0.483643 0.516602
vt 0.484863 0.506348
vt 0.483154 0.510742
vt 0.469971 0.528320
vt 0.463623 0.528809
vt 0.457031 0.526855
vt 0.475342 0.525391
vt 0.479736 0.520996
vt 0.482178 0.516113
vt 0.456299 0.527832
vt 0.446045 0.523926
vt 0.450684 0.520996
vt 0.457275 0.525391
vt 0.463867 0.527832
vt 0.469727 0.527832
vt 0.475098 0.524902
vt 0.479248 0.520508
vt 0.451660 0.520508
vt 0.445557 0.514160
vt 0.446533 0.513184
vt 0.440186 0.514648
vt 0.476318 0.513672
vt 0.474609 0.516113
vt 0.478760 0.509277
vt 0.470215 0.519043
vt 0.475342 0.510254
vt 0.483154 0.506836
vt 0.478516 0.507324
vt 0.479736 0.503418
vt 0.470947 0.511230
vt 0.476074 0.504883
vt 0.481201 0.500000
vt 0.472168 0.502930
vt 0.474121 0.499512
vt 0.483887 0.497803
vt 0.475098 0.496094
vt 0.477295 0.492920
vt 0.468506 0.488281
vt 0.467773 0.491455
vt 0.467529 0.494385
vt 0.466797 0.497559
vt 0.455566 0.485840
vt 0.456299 0.490723
vt 0.447510 0.496582
vt 0.456055 0.494629
vt 0.456787 0.498047
vt 0.467529 0.502930
vt 0.442871 0.494385
vt 0.450684 0.500977
vt 0.457520 0.500977
vt 0.467285 0.512207
vt 0.452393 0.502930
vt 0.461426 0.505371
vt 0.467529 0.520020
vt 0.464600 0.513184
vt 0.464355 0.520508
vt 0.461426 0.514160
vt 0.457764 0.508301
vt 0.460449 0.519531
vt 0.453613 0.505371
vt 0.457520 0.524902
vt 0.452637 0.519531
vt 0.453125 0.519043
vt 0.457764 0.515625
vt 0.455566 0.512695
vt 0.448242 0.513184
vt 0.449219 0.512695
vt 0.454102 0.511230
vt 0.453613 0.508789
vt 0.448486 0.510742
vt 0.449707 0.506348
vt 0.448242 0.504883
vt 0.446533 0.509277
vt 0.445801 0.503418
vt 0.444824 0.507812
vt 0.443604 0.502441
vt 0.441650 0.506348
vt 0.440430 0.500977
vt 0.435547 0.506836
vt 0.431396 0.495361
vt 0.432373 0.517090
vt 0.438721 0.485596
vt 0.441162 0.470947
vt 0.426270 0.503418
vt 0.425293 0.525391
vt 0.427490 0.478271
vt 0.443359 0.458984
vt 0.421387 0.510742
vt 0.415283 0.518066
vt 0.420654 0.489990
vt 0.426025 0.465088
vt 0.425537 0.450928
vt 0.415771 0.498047
vt 0.411377 0.479004
vt 0.409180 0.524902
vt 0.403320 0.530762
vt 0.397217 0.526367
vt 0.410889 0.504883
vt 0.409180 0.486816
vt 0.405518 0.511230
vt 0.400635 0.518555
vt 0.384521 0.516602
vt 0.405273 0.493896
vt 0.400879 0.499023
vt 0.395508 0.504395
vt 0.389648 0.510254
vt 0.400879 0.483398
vt 0.397461 0.489014
vt 0.378174 0.500488
vt 0.373047 0.504395
vt 0.392334 0.493408
vt 0.385742 0.497314
vt 0.372559 0.491699
vt 0.366455 0.494629
vt 0.392090 0.485352
vt 0.378174 0.490234
vt 0.386230 0.488281
vt 0.369629 0.485840
vt 0.363770 0.487061
vt 0.375244 0.484863
vt 0.382568 0.483643
vt 0.387451 0.481934
vt 0.395264 0.479492
vt 0.368652 0.481201
vt 0.363037 0.481934
vt 0.374512 0.480713
vt 0.382080 0.479492
vt 0.384521 0.478271
vt 0.368408 0.473877
vt 0.362793 0.473633
vt 0.373535 0.475830
vt 0.378662 0.478027
vt 0.368896 0.467285
vt 0.363281 0.466064
vt 0.381836 0.476807
vt 0.373779 0.469971
vt 0.368652 0.464844
vt 0.363525 0.463379
vt 0.378906 0.474121
vt 0.383789 0.472900
vt 0.379639 0.467529
vt 0.369385 0.459961
vt 0.364258 0.458740
vt 0.365234 0.452148
vt 0.379395 0.460938
vt 0.370605 0.453369
vt 0.382080 0.470947
vt 0.370850 0.448730
vt 0.379395 0.448486
vt 0.365967 0.448242
vt 0.366455 0.443359
vt 0.372070 0.444336
vt 0.367676 0.434082
vt 0.373779 0.434814
vt 0.380859 0.443848
vt 0.385010 0.435547
vt 0.379395 0.453613
vt 0.388916 0.452637
vt 0.387207 0.443359
vt 0.392090 0.424805
vt 0.389160 0.447021
vt 0.394043 0.440674
vt 0.388672 0.461182
vt 0.397949 0.451416
vt 0.396240 0.444580
vt 0.401855 0.435791
vt 0.411865 0.424072
vt 0.387695 0.468750
vt 0.418701 0.411621
vt 0.416260 0.429688
vt 0.404785 0.439209
vt 0.421631 0.439697
vt 0.407959 0.446777
vt 0.409912 0.456543
vt 0.398193 0.458984
vt 0.409180 0.469238
vt 0.396484 0.468262
vt 0.401855 0.479248
vt 0.400391 0.475830
vt 0.394531 0.472656
vt 0.396729 0.477539
vt 0.392090 0.475098
vt 0.387451 0.471680
vt 0.387207 0.473145
vt 1.261719 0.917969
vt 1.246094 0.916016
vt 1.253906 0.907715
vt 1.243164 0.899902
vt 1.251953 0.923828
vt 1.266602 0.930176
vt 1.238281 0.910156
vt 1.232422 0.895508
vt 1.255859 0.933105
vt 1.268555 0.943359
vt 1.239258 0.922852
vt 1.229492 0.906250
vt 1.219727 0.893555
vt 1.244141 0.928711
vt 1.233398 0.918457
vt 1.234375 0.928711
vt 1.256836 0.943359
vt 1.247070 0.935547
vt 1.237305 0.932617
vt 1.229492 0.933594
vt 1.229492 0.925293
vt 1.226562 0.915527
vt 1.219727 0.905273
vt 1.255859 0.953125
vt 1.266602 0.956055
vt 1.209961 0.906250
vt 1.207031 0.895020
vt 1.251953 0.962402
vt 1.260742 0.967773
vt 1.201172 0.910156
vt 1.195312 0.899902
vt 1.246094 0.970215
vt 1.253906 0.978027
vt 1.244141 0.985840
vt 1.238281 0.976074
vt 1.232422 0.991699
vt 1.239258 0.963379
vt 1.244141 0.957520
vt 1.229492 0.979980
vt 1.219727 0.992676
vt 1.233398 0.967773
vt 1.193359 0.916504
vt 1.185547 0.908203
vt 1.177734 0.918457
vt 1.187500 0.924316
vt 1.172852 0.930176
vt 1.200195 0.922852
vt 1.184570 0.933594
vt 1.170898 0.943359
vt 1.234375 0.957520
vt 1.206055 0.918457
vt 1.195312 0.929199
vt 1.212891 0.915527
vt 1.206055 0.928711
vt 1.219727 0.914551
vt 1.209961 0.925293
vt 1.214844 0.923340
vt 1.224609 0.923340
vt 1.219727 0.922852
vt 1.219727 0.929688
vt 1.226562 0.931641
vt 1.223633 0.930176
vt 1.221680 0.937012
vt 1.222656 0.937500
vt 1.219727 0.943359
vt 1.219727 0.936523
vt 1.217773 0.937012
vt 1.216797 0.930176
vt 1.212891 0.931641
vt 1.216797 0.937500
vt 1.210938 0.933594
vt 1.224609 0.938477
vt 1.215820 0.938477
vt 1.225586 0.939941
vt 1.213867 0.939941
vt 1.225586 0.941406
vt 1.208984 0.936523
vt 1.231445 0.936523
vt 1.232422 0.939941
vt 1.203125 0.933105
vt 1.207031 0.939941
vt 1.239258 0.937988
vt 1.232422 0.943359
vt 1.193359 0.936035
vt 1.248047 0.942871
vt 1.213867 0.941406
vt 1.200195 0.937988
vt 1.182617 0.943359
vt 1.207031 0.943359
vt 1.192383 0.943359
vt 1.184570 0.953613
vt 1.172852 0.956543
vt 1.247070 0.950684
vt 1.237305 0.953613
vt 1.239258 0.948730
vt 1.200195 0.943359
vt 1.193359 0.950684
vt 1.200195 0.948730
vt 1.240234 0.943359
vt 1.231445 0.949707
vt 1.232422 0.946777
vt 1.226562 0.943359
vt 1.225586 0.944824
vt 1.229492 0.952637
vt 1.225586 0.946289
vt 1.224609 0.947754
vt 1.222656 0.948730
vt 1.221680 0.949707
vt 1.219727 0.949707
vt 1.229492 0.960938
vt 1.223633 0.956055
vt 1.226562 0.954590
vt 1.227539 0.970703
vt 1.225586 0.962891
vt 1.219727 0.980957
vt 1.219727 0.956543
vt 1.219727 0.971680
vt 1.210938 0.979980
vt 1.208008 0.990723
vt 1.219727 0.963867
vt 1.212891 0.970703
vt 1.214844 0.962891
vt 1.216797 0.956055
vt 1.202148 0.976074
vt 1.196289 0.986328
vt 1.206055 0.968262
vt 1.209961 0.960938
vt 1.194336 0.970215
vt 1.186523 0.979004
vt 1.178711 0.968750
vt 1.200195 0.963867
vt 1.188477 0.962402
vt 1.196289 0.958008
vt 1.206055 0.958008
vt 1.203125 0.953613
vt 1.210938 0.952637
vt 1.208984 0.949707
vt 1.213867 0.954590
vt 1.216797 0.948730
vt 1.207031 0.946777
vt 1.213867 0.943359
vt 1.213867 0.944824
vt 1.215820 0.947754
vt 1.218750 0.949707
vt 1.214844 0.946777
vt 0.245850 0.916016
vt 0.261719 0.917969
vt 0.253662 0.907715
vt 0.243530 0.899902
vt 0.251953 0.923828
vt 0.267090 0.930176
vt 0.238159 0.910156
vt 0.232056 0.895508
vt 0.255371 0.933105
vt 0.268311 0.943359
vt 0.239380 0.922852
vt 0.229248 0.906250
vt 0.219849 0.893555
vt 0.243774 0.928711
vt 0.233643 0.918457
vt 0.233887 0.928711
vt 0.256836 0.943359
vt 0.246704 0.935547
vt 0.237061 0.932617
vt 0.229004 0.933594
vt 0.229736 0.925293
vt 0.226929 0.915527
vt 0.255371 0.953125
vt 0.266113 0.956055
vt 0.219727 0.905273
vt 0.251953 0.962402
vt 0.261230 0.967773
vt 0.210205 0.906250
vt 0.207397 0.895020
vt 0.245972 0.970215
vt 0.253906 0.978027
vt 0.244385 0.985840
vt 0.238403 0.976074
vt 0.232666 0.991699
vt 0.239502 0.963379
vt 0.243896 0.957520
vt 0.229614 0.979980
vt 0.219971 0.992676
vt 0.233887 0.967773
vt 0.201294 0.910156
vt 0.195435 0.899902
vt 0.246704 0.950684
vt 0.234009 0.957520
vt 0.193726 0.916504
vt 0.185547 0.908203
vt 0.178223 0.918457
vt 0.187744 0.924316
vt 0.173218 0.930176
vt 0.200073 0.922852
vt 0.184204 0.933594
vt 0.171143 0.943359
vt 0.237061 0.953613
vt 0.205933 0.918457
vt 0.195801 0.929199
vt 0.212646 0.915527
vt 0.205688 0.928711
vt 0.219849 0.914551
vt 0.209839 0.925293
vt 0.224976 0.923340
vt 0.214600 0.923340
vt 0.226318 0.931641
vt 0.219849 0.922852
vt 0.219849 0.929688
vt 0.223145 0.930176
vt 0.221558 0.937012
vt 0.223022 0.937500
vt 0.219849 0.943359
vt 0.219849 0.936523
vt 0.218262 0.937012
vt 0.216431 0.930176
vt 0.213379 0.931641
vt 0.216675 0.937500
vt 0.210693 0.933594
vt 0.224365 0.938477
vt 0.215332 0.938477
vt 0.225464 0.939941
vt 0.214355 0.939941
vt 0.226074 0.941406
vt 0.208618 0.936523
vt 0.231079 0.936523
vt 0.232300 0.939941
vt 0.202637 0.933105
vt 0.207397 0.939941
vt 0.239136 0.937988
vt 0.232788 0.943359
vt 0.192993 0.936035
vt 0.247681 0.942871
vt 0.239746 0.943359
vt 0.239136 0.948730
vt 0.226318 0.943359
vt 0.232422 0.946777
vt 0.231079 0.949707
vt 0.226074 0.944824
vt 0.229004 0.952637
vt 0.225464 0.946289
vt 0.224487 0.947754
vt 0.223145 0.948730
vt 0.229980 0.960938
vt 0.221558 0.949707
vt 0.219971 0.949707
vt 0.218262 0.949707
vt 0.226440 0.954590
vt 0.223267 0.956055
vt 0.227173 0.970703
vt 0.225098 0.962891
vt 0.219971 0.956543
vt 0.216553 0.956055
vt 0.220093 0.980957
vt 0.220093 0.971680
vt 0.219971 0.963867
vt 0.214844 0.962891
vt 0.216675 0.948730
vt 0.210571 0.979980
vt 0.207764 0.990723
vt 0.212891 0.970703
vt 0.213501 0.954590
vt 0.201782 0.976074
vt 0.196411 0.986328
vt 0.206299 0.968262
vt 0.210083 0.960938
vt 0.210815 0.952637
vt 0.194092 0.970215
vt 0.186279 0.979004
vt 0.178345 0.968750
vt 0.200562 0.963867
vt 0.205933 0.958008
vt 0.188110 0.962402
vt 0.173218 0.956543
vt 0.196045 0.958008
vt 0.184326 0.953613
vt 0.202759 0.953613
vt 0.182983 0.943359
vt 0.193115 0.950684
vt 0.192139 0.943359
vt 0.200684 0.948730
vt 0.208740 0.949707
vt 0.200684 0.937988
vt 0.199951 0.943359
vt 0.207031 0.943359
vt 0.215332 0.947754
vt 0.213745 0.941406
vt 0.207397 0.946777
vt 0.213501 0.943359
vt 0.213745 0.944824
vt 0.214355 0.946777
vt 1.151367 0.855469
vt 1.146484 0.850586
vt 1.155273 0.849609
vt 1.145508 0.860352
vt 1.150391 0.846191
vt 1.158203 0.842285
vt 1.141602 0.854004
vt 1.138672 0.862793
vt 1.152344 0.840820
vt 1.160156 0.834961
vt 1.142578 0.846680
vt 1.136719 0.856445
vt 1.130859 0.863770
vt 1.145508 0.843262
vt 1.139648 0.849121
vt 1.139648 0.843262
vt 1.153320 0.834961
vt 1.146484 0.839355
vt 1.141602 0.840820
vt 1.136719 0.840332
vt 1.136719 0.845215
vt 1.135742 0.851074
vt 1.152344 0.829102
vt 1.159180 0.827148
vt 1.130859 0.856934
vt 1.150391 0.823730
vt 1.155273 0.819824
vt 1.125977 0.856445
vt 1.124023 0.862793
vt 1.146484 0.818848
vt 1.151367 0.813965
vt 1.145508 0.809570
vt 1.141602 0.815430
vt 1.138672 0.806641
vt 1.142578 0.822754
vt 1.145508 0.826172
vt 1.136719 0.812988
vt 1.131836 0.805176
vt 1.139648 0.820312
vt 1.120117 0.854492
vt 1.117188 0.860352
vt 1.147461 0.830566
vt 1.139648 0.826172
vt 1.116211 0.851074
vt 1.111328 0.855957
vt 1.106445 0.850098
vt 1.112305 0.846191
vt 1.103516 0.842773
vt 1.120117 0.846680
vt 1.110352 0.840820
vt 1.102539 0.834961
vt 1.141602 0.828613
vt 1.123047 0.849609
vt 1.117188 0.843262
vt 1.123047 0.843262
vt 1.126953 0.851074
vt 1.125000 0.845215
vt 1.125977 0.840332
vt 1.121094 0.840820
vt 1.115234 0.839355
vt 1.130859 0.851562
vt 1.127930 0.846680
vt 1.133789 0.846680
vt 1.126953 0.841797
vt 1.109375 0.834961
vt 1.130859 0.847168
vt 1.130859 0.842773
vt 1.134766 0.841797
vt 1.128906 0.842285
vt 1.129883 0.838379
vt 1.110352 0.829102
vt 1.103516 0.827148
vt 1.132812 0.842285
vt 1.131836 0.838379
vt 1.132812 0.838379
vt 1.130859 0.834961
vt 1.130859 0.838867
vt 1.128906 0.838379
vt 1.112305 0.823242
vt 1.106445 0.819824
vt 1.133789 0.837402
vt 1.128906 0.837402
vt 1.134766 0.836914
vt 1.127930 0.836914
vt 1.134766 0.835938
vt 1.137695 0.838867
vt 1.138672 0.836914
vt 1.142578 0.837891
vt 1.138672 0.834961
vt 1.147461 0.834961
vt 1.142578 0.834961
vt 1.142578 0.831543
vt 1.134766 0.834961
vt 1.138672 0.832520
vt 1.137695 0.831055
vt 1.134766 0.833984
vt 1.136719 0.829102
vt 1.134766 0.833008
vt 1.133789 0.832031
vt 1.132812 0.831543
vt 1.136719 0.824219
vt 1.131836 0.831055
vt 1.130859 0.831055
vt 1.129883 0.831055
vt 1.134766 0.828125
vt 1.132812 0.827148
vt 1.135742 0.818359
vt 1.133789 0.822754
vt 1.130859 0.826660
vt 1.128906 0.827148
vt 1.130859 0.812012
vt 1.130859 0.817871
vt 1.130859 0.822754
vt 1.127930 0.822754
vt 1.128906 0.831543
vt 1.125977 0.812988
vt 1.124023 0.806152
vt 1.126953 0.818359
vt 1.126953 0.828125
vt 1.120117 0.814941
vt 1.117188 0.809082
vt 1.125000 0.824219
vt 1.123047 0.819824
vt 1.125977 0.829102
vt 1.115234 0.818848
vt 1.111328 0.813477
vt 1.119141 0.822754
vt 1.123047 0.826172
vt 1.117188 0.826172
vt 1.121094 0.828613
vt 1.115234 0.830566
vt 1.114258 0.834961
vt 1.120117 0.831543
vt 1.124023 0.831055
vt 1.120117 0.837891
vt 1.128906 0.832031
vt 1.119141 0.834961
vt 1.123047 0.834961
vt 1.124023 0.836914
vt 1.127930 0.833008
vt 1.124023 0.832520
vt 1.127930 0.833984
vt 1.126953 0.834961
vt 1.127930 0.835938
vt 1.124023 0.838867
vt 0.146484 0.850586
vt 0.151123 0.855469
vt 0.155762 0.849609
vt 0.145142 0.860352
vt 0.149902 0.846191
vt 0.158569 0.842285
vt 0.141968 0.854004
vt 0.138306 0.862793
vt 0.142578 0.846680
vt 0.152100 0.840820
vt 0.159668 0.834961
vt 0.136719 0.856445
vt 0.131104 0.863770
vt 0.145264 0.843262
vt 0.139282 0.849121
vt 0.139404 0.843262
vt 0.152954 0.834961
vt 0.146851 0.839355
vt 0.141235 0.840820
vt 0.136475 0.840332
vt 0.136963 0.845215
vt 0.135376 0.851074
vt 0.131226 0.856934
vt 0.152100 0.829102
vt 0.158813 0.827148
vt 0.125610 0.856445
vt 0.124084 0.862793
vt 0.150024 0.823730
vt 0.155640 0.819824
vt 0.120422 0.854492
vt 0.117310 0.860352
vt 0.146484 0.818848
vt 0.151123 0.813965
vt 0.145386 0.809570
vt 0.142090 0.815430
vt 0.138672 0.806641
vt 0.142700 0.822754
vt 0.145264 0.826172
vt 0.136841 0.812988
vt 0.131348 0.805176
vt 0.139404 0.820312
vt 0.115845 0.851074
vt 0.111328 0.855957
vt 0.106445 0.850098
vt 0.112244 0.846191
vt 0.103149 0.842773
vt 0.119629 0.846680
vt 0.110046 0.840820
vt 0.102173 0.834961
vt 0.139404 0.826172
vt 0.123047 0.849609
vt 0.116943 0.843262
vt 0.126953 0.851074
vt 0.122803 0.843262
vt 0.131104 0.851562
vt 0.125244 0.845215
vt 0.128174 0.846680
vt 0.134155 0.846680
vt 0.131104 0.847168
vt 0.131104 0.842773
vt 0.134888 0.841797
vt 0.133057 0.842285
vt 0.132080 0.838379
vt 0.133057 0.838379
vt 0.131104 0.834961
vt 0.131104 0.838867
vt 0.130127 0.838379
vt 0.129150 0.842285
vt 0.127319 0.841797
vt 0.129272 0.838379
vt 0.125732 0.840332
vt 0.133789 0.837402
vt 0.128418 0.837402
vt 0.134399 0.836914
vt 0.127808 0.836914
vt 0.134766 0.835938
vt 0.124512 0.838867
vt 0.137695 0.838867
vt 0.138428 0.836914
vt 0.120911 0.840820
vt 0.123718 0.836914
vt 0.142456 0.837891
vt 0.138794 0.834961
vt 0.115173 0.839355
vt 0.147461 0.834961
vt 0.127441 0.835938
vt 0.119690 0.837891
vt 0.109131 0.834961
vt 0.123474 0.834961
vt 0.114624 0.834961
vt 0.109863 0.829102
vt 0.103271 0.827148
vt 0.146973 0.830566
vt 0.141235 0.828613
vt 0.142456 0.831543
vt 0.119324 0.834961
vt 0.115173 0.830566
vt 0.119690 0.831543
vt 0.142822 0.834961
vt 0.136475 0.829102
vt 0.137695 0.831055
vt 0.138550 0.832520
vt 0.134888 0.834961
vt 0.134766 0.833984
vt 0.134399 0.833008
vt 0.133789 0.832031
vt 0.133057 0.831543
vt 0.132080 0.831055
vt 0.131104 0.831055
vt 0.137085 0.824219
vt 0.133057 0.827148
vt 0.135010 0.828125
vt 0.135376 0.818359
vt 0.134155 0.822754
vt 0.131226 0.812012
vt 0.131104 0.826660
vt 0.131104 0.817871
vt 0.125488 0.812988
vt 0.123901 0.806152
vt 0.131104 0.822754
vt 0.126953 0.818359
vt 0.128052 0.822754
vt 0.129150 0.827148
vt 0.120178 0.814941
vt 0.116882 0.809082
vt 0.122925 0.819824
vt 0.125244 0.824219
vt 0.115601 0.818848
vt 0.110901 0.813477
vt 0.106201 0.819824
vt 0.119507 0.822754
vt 0.112061 0.823242
vt 0.116882 0.826172
vt 0.122742 0.826172
vt 0.120850 0.828613
vt 0.125732 0.829102
vt 0.124451 0.831055
vt 0.127319 0.828125
vt 0.129150 0.831543
vt 0.123718 0.832520
vt 0.127319 0.834961
vt 0.127441 0.833984
vt 0.128418 0.832031
vt 0.130127 0.831055
vt 0.127808 0.833008
s 1
usemtl simba_Mat
f 1/1/1 3/2/2 2/3/3
f 3/2/2 4/4/4 2/3/3
f 4/4/4 3/2/2 5/5/5
f 6/6/6 2/3/3 4/4/4
f 4/4/4 5/5/5 7/7/7
f 7/7/7 5/5/5 8/8/8
f 6/6/6 4/4/4 9/9/9
f 9/9/9 4/4/4 7/7/7
f 10/10/10 6/6/6 9/9/9
f 10/10/10 9/9/9 11/11/11
f 11/11/11 12/12/12 10/10/10
f 7/7/7 8/8/8 13/13/13
f 8/8/8 14/14/14 13/13/13
f 9/9/9 7/7/7 15/15/15
f 11/11/11 9/9/9 15/15/15
f 7/7/7 13/13/13 15/15/15
f 14/14/14 16/16/16 13/13/13
f 14/14/14 17/17/17 16/16/16
f 13/13/13 18/18/18 15/15/15
f 18/18/18 11/11/11 15/15/15
f 16/16/16 18/18/18 13/13/13
f 18/18/18 16/16/16 19/19/19
f 19/19/19 11/11/11 18/18/18
f 12/12/12 11/11/11 20/20/20
f 21/21/21 12/12/12 20/20/20
f 17/17/17 22/22/22 16/16/16
f 16/16/16 22/22/22 19/19/19
f 11/11/11 19/19/19 23/23/23
f 11/11/11 23/23/23 20/20/20
f 20/20/20 24/24/24 21/21/21
f 20/20/20 23/23/23 24/24/24
f 24/24/24 25/25/25 21/21/21
f 17/17/17 26/26/26 22/22/22
f 26/26/26 17/17/17 27/27/27
f 28/28/28 19/19/19 22/22/22
f 19/19/19 28/28/28 23/23/23
f 28/28/28 22/22/22 26/26/26
f 25/25/25 24/24/24 29/29/29
f 29/29/29 30/30/30 25/25/25
f 31/31/31 24/24/24 23/23/23
f 23/23/23 28/28/28 31/31/31
f 24/24/24 31/31/31 29/29/29
f 32/32/32 26/26/26 27/27/27
f 32/32/32 27/27/27 33/33/33
f 34/34/34 28/28/28 26/26/26
f 31/31/31 28/28/28 34/34/34
f 34/34/34 26/26/26 32/32/32
f 30/30/30 29/29/29 35/35/35
f 36/36/36 30/30/30 35/35/35
f 37/37/37 29/29/29 31/31/31
f 37/37/37 31/31/31 34/34/34
f 29/29/29 37/37/37 35/35/35
f 38/38/38 32/32/32 33/33/33
f 39/39/39 38/38/38 33/33/33
f 40/40/40 34/34/34 32/32/32
f 38/38/38 40/40/40 32/32/32
f 34/34/34 41/41/41 37/37/37
f 41/41/41 34/34/34 40/40/40
f 37/37/37 42/42/42 35/35/35
f 37/37/37 41/41/41 42/42/42
f 43/43/43 36/36/36 35/35/35
f 43/43/43 35/35/35 42/42/42
f 44/44/44 36/36/36 43/43/43
f 42/42/42 44/44/44 43/43/43
f 45/45/45 36/36/36 44/44/44
f 38/38/38 46/46/46 40/40/40
f 46/46/46 41/41/41 40/40/40
f 45/45/45 44/44/44 47/47/47
f 47/47/47 48/48/48 45/45/45
f 47/47/47 49/49/49 48/48/48
f 49/49/49 47/47/47 50/50/50
f 50/50/50 51/51/51 49/49/49
f 44/44/44 52/52/52 47/47/47
f 50/50/50 47/47/47 52/52/52
f 44/44/44 42/42/42 53/53/53
f 52/52/52 44/44/44 53/53/53
f 42/42/42 41/41/41 54/54/54
f 53/53/53 42/42/42 54/54/54
f 51/51/51 50/50/50 55/55/55
f 55/55/55 56/56/56 51/51/51
f 57/57/57 50/50/50 52/52/52
f 57/57/57 55/55/55 50/50/50
f 41/41/41 58/58/58 54/54/54
f 58/58/58 41/41/41 46/46/46
f 59/59/59 53/53/53 54/54/54
f 54/54/54 58/58/58 59/59/59
f 53/53/53 60/60/60 52/52/52
f 59/59/59 60/60/60 53/53/53
f 57/57/57 52/52/52 60/60/60
f 56/56/56 55/55/55 61/61/61
f 61/61/61 62/62/62 56/56/56
f 62/62/62 61/61/61 63/63/63
f 60/60/60 59/59/59 64/64/64
f 58/58/58 64/64/64 59/59/59
f 61/61/61 55/55/55 65/65/65
f 55/55/55 57/57/57 65/65/65
f 63/63/63 61/61/61 66/66/66
f 61/61/61 65/65/65 66/66/66
f 63/63/63 66/66/66 67/67/67
f 60/60/60 68/68/68 57/57/57
f 68/68/68 60/60/60 64/64/64
f 57/57/57 69/69/69 65/65/65
f 68/68/68 69/69/69 57/57/57
f 66/66/66 70/70/70 67/67/67
f 67/67/67 70/70/70 71/71/71
f 70/70/70 72/72/72 71/71/71
f 72/72/72 70/70/70 73/73/73
f 70/70/70 74/74/74 73/73/73
f 65/65/65 75/75/75 66/66/66
f 66/66/66 75/75/75 70/70/70
f 75/75/75 65/65/65 69/69/69
f 74/74/74 70/70/70 75/75/75
f 69/69/69 68/68/68 76/76/76
f 76/76/76 75/75/75 69/69/69
f 64/64/64 77/77/77 68/68/68
f 77/77/77 76/76/76 68/68/68
f 75/75/75 76/76/76 78/78/78
f 78/78/78 74/74/74 75/75/75
f 79/79/79 77/77/77 64/64/64
f 64/64/64 58/58/58 79/79/79
f 76/76/76 77/77/77 80/80/80
f 80/80/80 78/78/78 76/76/76
f 79/79/79 58/58/58 81/81/81
f 81/81/81 58/58/58 46/46/46
f 77/77/77 79/79/79 82/82/82
f 82/82/82 80/80/80 77/77/77
f 83/83/83 81/81/81 46/46/46
f 83/83/83 46/46/46 38/38/38
f 84/84/84 79/79/79 81/81/81
f 79/79/79 84/84/84 82/82/82
f 81/81/81 85/85/85 84/84/84
f 85/85/85 81/81/81 83/83/83
f 86/86/86 83/83/83 38/38/38
f 86/86/86 38/38/38 39/39/39
f 87/87/87 82/82/82 84/84/84
f 87/87/87 84/84/84 85/85/85
f 80/80/80 82/82/82 88/88/88
f 82/82/82 87/87/87 88/88/88
f 78/78/78 80/80/80 89/89/89
f 88/88/88 89/89/89 80/80/80
f 90/90/90 83/83/83 86/86/86
f 90/90/90 85/85/85 83/83/83
f 86/86/86 39/39/39 91/91/91
f 90/90/90 86/86/86 91/91/91
f 91/91/91 39/39/39 92/92/92
f 92/92/92 93/93/93 91/91/91
f 94/94/94 91/91/91 93/93/93
f 90/90/90 91/91/91 94/94/94
f 93/93/93 95/95/95 94/94/94
f 96/96/96 85/85/85 90/90/90
f 94/94/94 96/96/96 90/90/90
f 97/97/97 94/94/94 95/95/95
f 96/96/96 94/94/94 97/97/97
f 95/95/95 98/98/98 97/97/97
f 98/98/98 99/99/99 97/97/97
f 100/100/100 99/99/99 98/98/98
f 96/96/96 101/101/101 85/85/85
f 101/101/101 87/87/87 85/85/85
f 102/102/102 96/96/96 97/97/97
f 102/102/102 97/97/97 99/99/99
f 103/103/103 101/101/101 96/96/96
f 103/103/103 96/96/96 102/102/102
f 102/102/102 104/104/104 103/103/103
f 105/105/105 101/101/101 103/103/103
f 105/105/105 87/87/87 101/101/101
f 104/104/104 105/105/105 103/103/103
f 87/87/87 105/105/105 106/106/106
f 106/106/106 88/88/88 87/87/87
f 88/88/88 106/106/106 107/107/107
f 89/89/89 88/88/88 107/107/107
f 100/100/100 108/108/108 99/99/99
f 100/100/100 109/109/109 108/108/108
f 109/109/109 100/100/100 110/110/110
f 111/111/111 109/109/109 110/110/110
f 102/102/102 99/99/99 112/112/112
f 112/112/112 99/99/99 108/108/108
f 104/104/104 102/102/102 113/113/113
f 113/113/113 102/102/102 112/112/112
f 114/114/114 104/104/104 113/113/113
f 112/112/112 108/108/108 115/115/115
f 115/115/115 108/108/108 109/109/109
f 113/113/113 112/112/112 116/116/116
f 114/114/114 113/113/113 116/116/116
f 116/116/116 112/112/112 115/115/115
f 117/117/117 89/89/89 107/107/107
f 89/89/89 117/117/117 118/118/118
f 118/118/118 78/78/78 89/89/89
f 74/74/74 78/78/78 118/118/118
f 119/119/119 74/74/74 118/118/118
f 119/119/119 118/118/118 117/117/117
f 120/120/120 74/74/74 119/119/119
f 120/120/120 119/119/119 121/121/121
f 119/119/119 117/117/117 121/121/121
f 120/120/120 121/121/121 122/122/122
f 107/107/107 123/123/123 117/117/117
f 121/121/121 117/117/117 123/123/123
f 106/106/106 123/123/123 107/107/107
f 123/123/123 106/106/106 124/124/124
f 105/105/105 124/124/124 106/106/106
f 121/121/121 123/123/123 125/125/125
f 124/124/124 125/125/125 123/123/123
f 121/121/121 126/126/126 122/122/122
f 126/126/126 121/121/121 125/125/125
f 124/124/124 105/105/105 127/127/127
f 104/104/104 127/127/127 105/105/105
f 125/125/125 124/124/124 128/128/128
f 127/127/127 128/128/128 124/124/124
f 126/126/126 125/125/125 128/128/128
f 122/122/122 126/126/126 129/129/129
f 130/130/130 122/122/122 129/129/129
f 129/129/129 131/131/131 130/130/130
f 104/104/104 132/132/132 127/127/127
f 128/128/128 127/127/127 132/132/132
f 126/126/126 128/128/128 133/133/133
f 129/129/129 126/126/126 133/133/133
f 132/132/132 133/133/133 128/128/128
f 131/131/131 129/129/129 134/134/134
f 134/134/134 129/129/129 133/133/133
f 132/132/132 104/104/104 135/135/135
f 114/114/114 135/135/135 104/104/104
f 133/133/133 132/132/132 136/136/136
f 134/134/134 133/133/133 136/136/136
f 135/135/135 136/136/136 132/132/132
f 131/131/131 134/134/134 137/137/137
f 138/138/138 131/131/131 137/137/137
f 136/136/136 139/139/139 134/134/134
f 137/137/137 134/134/134 139/139/139
f 136/136/136 135/135/135 140/140/140
f 136/136/136 140/140/140 139/139/139
f 138/138/138 137/137/137 141/141/141
f 141/141/141 142/142/142 138/138/138
f 139/139/139 143/143/143 137/137/137
f 141/141/141 137/137/137 143/143/143
f 142/142/142 141/141/141 144/144/144
f 145/145/145 142/142/142 144/144/144
f 140/140/140 135/135/135 146/146/146
f 146/146/146 135/135/135 114/114/114
f 139/139/139 140/140/140 147/147/147
f 139/139/139 147/147/147 143/143/143
f 143/143/143 148/148/148 141/141/141
f 144/144/144 141/141/141 148/148/148
f 146/146/146 149/149/149 140/140/140
f 147/147/147 140/140/140 149/149/149
f 143/143/143 147/147/147 150/150/150
f 148/148/148 143/143/143 150/150/150
f 149/149/149 151/151/151 147/147/147
f 151/151/151 150/150/150 147/147/147
f 149/149/149 146/146/146 152/152/152
f 153/153/153 149/149/149 152/152/152
f 151/151/151 149/149/149 153/153/153
f 152/152/152 146/146/146 154/154/154
f 114/114/114 154/154/154 146/146/146
f 155/155/155 151/151/151 153/153/153
f 156/156/156 151/151/151 155/155/155
f 157/157/157 151/151/151 156/156/156
f 150/150/150 151/151/151 157/157/157
f 158/158/158 150/150/150 157/157/157
f 148/148/148 150/150/150 159/159/159
f 159/159/159 150/150/150 158/158/158
f 158/158/158 160/160/160 159/159/159
f 160/160/160 158/158/158 161/161/161
f 160/160/160 161/161/161 162/162/162
f 114/114/114 163/163/163 154/154/154
f 163/163/163 164/164/164 154/154/154
f 165/165/165 164/164/164 163/163/163
f 148/148/148 159/159/159 166/166/166
f 148/148/148 166/166/166 144/144/144
f 159/159/159 167/167/167 166/166/166
f 159/159/159 160/160/160 167/167/167
f 168/168/168 144/144/144 166/166/166
f 166/166/166 167/167/167 168/168/168
f 144/144/144 168/168/168 145/145/145
f 168/168/168 169/169/169 145/145/145
f 145/145/145 169/169/169 170/170/170
f 170/170/170 169/169/169 171/171/171
f 167/167/167 172/172/172 168/168/168
f 172/172/172 167/167/167 160/160/160
f 172/172/172 169/169/169 168/168/168
f 165/165/165 163/163/163 173/173/173
f 173/173/173 174/174/174 165/165/165
f 173/173/173 175/175/175 174/174/174
f 169/169/169 176/176/176 171/171/171
f 177/177/177 171/171/171 176/176/176
f 171/171/171 177/177/177 178/178/178
f 169/169/169 179/179/179 176/176/176
f 177/177/177 176/176/176 179/179/179
f 169/169/169 172/172/172 180/180/180
f 179/179/179 169/169/169 180/180/180
f 181/181/181 178/178/178 177/177/177
f 178/178/178 181/181/181 182/182/182
f 180/180/180 172/172/172 183/183/183
f 160/160/160 183/183/183 172/172/172
f 177/177/177 179/179/179 184/184/184
f 184/184/184 181/181/181 177/177/177
f 185/185/185 179/179/179 180/180/180
f 183/183/183 185/185/185 180/180/180
f 179/179/179 185/185/185 184/184/184
f 186/186/186 182/182/182 181/181/181
f 182/182/182 186/186/186 187/187/187
f 188/188/188 186/186/186 181/181/181
f 181/181/181 184/184/184 188/188/188
f 186/186/186 188/188/188 189/189/189
f 188/188/188 190/190/190 189/189/189
f 190/190/190 188/188/188 191/191/191
f 191/191/191 192/192/192 190/190/190
f 188/188/188 184/184/184 193/193/193
f 193/193/193 191/191/191 188/188/188
f 192/192/192 191/191/191 194/194/194
f 194/194/194 191/191/191 193/193/193
f 194/194/194 195/195/195 192/192/192
f 184/184/184 196/196/196 193/193/193
f 196/196/196 184/184/184 185/185/185
f 193/193/193 196/196/196 194/194/194
f 195/195/195 194/194/194 197/197/197
f 196/196/196 197/197/197 194/194/194
f 197/197/197 198/198/198 195/195/195
f 199/199/199 196/196/196 185/185/185
f 185/185/185 183/183/183 199/199/199
f 197/197/197 196/196/196 200/200/200
f 200/200/200 196/196/196 199/199/199
f 201/201/201 199/199/199 183/183/183
f 201/201/201 200/200/200 199/199/199
f 160/160/160 201/201/201 183/183/183
f 198/198/198 197/197/197 202/202/202
f 200/200/200 202/202/202 197/197/197
f 160/160/160 203/203/203 201/201/201
f 160/160/160 162/162/162 203/203/203
f 203/203/203 162/162/162 204/204/204
f 204/204/204 162/162/162 205/205/205
f 204/204/204 205/205/205 206/206/206
f 206/206/206 207/207/207 204/204/204
f 200/200/200 201/201/201 208/208/208
f 208/208/208 201/201/201 203/203/203
f 208/208/208 209/209/209 200/200/200
f 202/202/202 200/200/200 209/209/209
f 203/203/203 210/210/210 208/208/208
f 210/210/210 209/209/209 208/208/208
f 204/204/204 210/210/210 203/203/203
f 211/211/211 198/198/198 202/202/202
f 211/211/211 212/212/212 198/198/198
f 211/211/211 213/213/213 212/212/212
f 214/214/214 202/202/202 209/209/209
f 210/210/210 214/214/214 209/209/209
f 214/214/214 211/211/211 202/202/202
f 204/204/204 207/207/207 215/215/215
f 175/175/175 215/215/215 207/207/207
f 216/216/216 210/210/210 204/204/204
f 216/216/216 214/214/214 210/210/210
f 204/204/204 215/215/215 216/216/216
f 213/213/213 211/211/211 217/217/217
f 217/217/217 218/218/218 213/213/213
f 219/219/219 211/211/211 214/214/214
f 216/216/216 219/219/219 214/214/214
f 211/211/211 219/219/219 217/217/217
f 216/216/216 215/215/215 220/220/220
f 220/220/220 219/219/219 216/216/216
f 175/175/175 221/221/221 215/215/215
f 221/221/221 220/220/220 215/215/215
f 222/222/222 217/217/217 219/219/219
f 220/220/220 222/222/222 219/219/219
f 218/218/218 217/217/217 223/223/223
f 217/217/217 222/222/222 223/223/223
f 218/218/218 223/223/223 224/224/224
f 222/222/222 224/224/224 223/223/223
f 218/218/218 224/224/224 225/225/225
f 175/175/175 226/226/226 221/221/221
f 173/173/173 226/226/226 175/175/175
f 220/220/220 221/221/221 227/227/227
f 220/220/220 227/227/227 222/222/222
f 226/226/226 227/227/227 221/221/221
f 224/224/224 228/228/228 225/225/225
f 225/225/225 228/228/228 229/229/229
f 224/224/224 222/222/222 230/230/230
f 227/227/227 230/230/230 222/222/222
f 224/224/224 230/230/230 231/231/231
f 227/227/227 231/231/231 230/230/230
f 231/231/231 228/228/228 224/224/224
f 227/227/227 226/226/226 232/232/232
f 231/231/231 227/227/227 232/232/232
f 233/233/233 226/226/226 173/173/173
f 226/226/226 233/233/233 232/232/232
f 228/228/228 234/234/234 229/229/229
f 229/229/229 234/234/234 235/235/235
f 231/231/231 236/236/236 228/228/228
f 228/228/228 236/236/236 234/234/234
f 237/237/237 231/231/231 232/232/232
f 231/231/231 237/237/237 236/236/236
f 235/235/235 234/234/234 238/238/238
f 238/238/238 239/239/239 235/235/235
f 236/236/236 240/240/240 234/234/234
f 234/234/234 240/240/240 238/238/238
f 241/241/241 239/239/239 238/238/238
f 241/241/241 242/242/242 239/239/239
f 236/236/236 243/243/243 240/240/240
f 243/243/243 236/236/236 237/237/237
f 244/244/244 238/238/238 240/240/240
f 238/238/238 244/244/244 241/241/241
f 243/243/243 244/244/244 240/240/240
f 245/245/245 237/237/237 232/232/232
f 233/233/233 245/245/245 232/232/232
f 246/246/246 242/242/242 241/241/241
f 242/242/242 246/246/246 247/247/247
f 248/248/248 247/247/247 246/246/246
f 247/247/247 248/248/248 249/249/249
f 237/237/237 250/250/250 243/243/243
f 245/245/245 250/250/250 237/237/237
f 244/244/244 251/251/251 241/241/241
f 241/241/241 251/251/251 246/246/246
f 243/243/243 252/252/252 244/244/244
f 252/252/252 243/243/243 250/250/250
f 251/251/251 244/244/244 252/252/252
f 251/251/251 252/252/252 253/253/253
f 246/246/246 251/251/251 254/254/254
f 254/254/254 248/248/248 246/246/246
f 254/254/254 251/251/251 253/253/253
f 248/248/248 255/255/255 249/249/249
f 249/249/249 255/255/255 256/256/256
f 248/248/248 257/257/257 255/255/255
f 257/257/257 248/248/248 258/258/258
f 248/248/248 254/254/254 259/259/259
f 248/248/248 259/259/259 258/258/258
f 253/253/253 259/259/259 254/254/254
f 259/259/259 260/260/260 258/258/258
f 259/259/259 253/253/253 260/260/260
f 250/250/250 261/261/261 252/252/252
f 253/253/253 252/252/252 261/261/261
f 262/262/262 260/260/260 253/253/253
f 263/263/263 260/260/260 262/262/262
f 264/264/264 263/263/263 262/262/262
f 253/253/253 265/265/265 262/262/262
f 262/262/262 265/265/265 264/264/264
f 261/261/261 265/265/265 253/253/253
f 265/265/265 111/111/111 264/264/264
f 265/265/265 266/266/266 111/111/111
f 261/261/261 266/266/266 265/265/265
f 109/109/109 111/111/111 266/266/266
f 261/261/261 267/267/267 266/266/266
f 261/261/261 250/250/250 267/267/267
f 109/109/109 266/266/266 267/267/267
f 267/267/267 250/250/250 268/268/268
f 268/268/268 250/250/250 245/245/245
f 267/267/267 269/269/269 109/109/109
f 268/268/268 269/269/269 267/267/267
f 115/115/115 109/109/109 269/269/269
f 245/245/245 270/270/270 268/268/268
f 269/269/269 268/268/268 270/270/270
f 270/270/270 245/245/245 233/233/233
f 271/271/271 115/115/115 269/269/269
f 269/269/269 270/270/270 271/271/271
f 116/116/116 115/115/115 271/271/271
f 272/272/272 270/270/270 233/233/233
f 270/270/270 272/272/272 271/271/271
f 173/173/173 272/272/272 233/233/233
f 163/163/163 272/272/272 173/173/173
f 273/273/273 116/116/116 271/271/271
f 273/273/273 271/271/271 272/272/272
f 163/163/163 273/273/273 272/272/272
f 114/114/114 116/116/116 273/273/273
f 273/273/273 163/163/163 114/114/114
f 274/274/274 276/275/275 275/276/276
f 275/276/276 276/275/275 277/277/277
f 278/278/278 277/277/277 276/275/275
f 277/277/277 279/279/279 275/276/276
f 275/276/276 279/279/279 280/280/280
f 277/277/277 278/278/278 281/281/281
f 282/282/282 281/281/281 278/278/278
f 280/280/280 279/279/279 283/283/283
f 283/283/283 284/284/284 280/280/280
f 277/277/277 285/285/285 279/279/279
f 285/285/285 277/277/277 281/281/281
f 279/279/279 285/285/285 283/283/283
f 281/281/281 286/286/286 285/285/285
f 281/281/281 282/282/282 287/287/287
f 286/286/286 281/281/281 287/287/287
f 282/282/282 288/288/288 287/287/287
f 287/287/287 288/288/288 289/289/289
f 289/289/289 286/286/286 287/287/287
f 290/290/290 289/289/289 288/288/288
f 291/291/291 283/283/283 285/285/285
f 285/285/285 286/286/286 291/291/291
f 284/284/284 283/283/283 292/292/292
f 292/292/292 283/283/283 291/291/291
f 292/292/292 293/293/293 284/284/284
f 294/294/294 292/292/292 291/291/291
f 294/294/294 293/293/293 292/292/292
f 293/293/293 295/295/295 284/284/284
f 295/295/295 296/296/296 284/284/284
f 297/297/297 296/296/296 295/295/295
f 298/298/298 295/295/295 293/293/293
f 293/293/293 294/294/294 298/298/298
f 299/299/299 298/298/298 294/294/294
f 291/291/291 300/300/300 294/294/294
f 291/291/291 286/286/286 300/300/300
f 299/299/299 294/294/294 300/300/300
f 299/299/299 300/300/300 286/286/286
f 295/295/295 301/301/301 297/297/297
f 295/295/295 298/298/298 301/301/301
f 302/302/302 297/297/297 301/301/301
f 303/303/303 302/302/302 301/301/301
f 298/298/298 303/303/303 301/301/301
f 303/303/303 304/304/304 302/302/302
f 298/298/298 299/299/299 305/305/305
f 303/303/303 298/298/298 305/305/305
f 304/304/304 303/303/303 306/306/306
f 306/306/306 307/307/307 304/304/304
f 307/307/307 306/306/306 308/308/308
f 309/309/309 306/306/306 303/303/303
f 309/309/309 308/308/308 306/306/306
f 305/305/305 309/309/309 303/303/303
f 309/309/309 310/310/310 308/308/308
f 305/305/305 311/311/311 309/309/309
f 309/309/309 311/311/311 310/310/310
f 299/299/299 311/311/311 305/305/305
f 311/311/311 299/299/299 312/312/312
f 313/313/313 310/310/310 311/311/311
f 312/312/312 313/313/313 311/311/311
f 310/310/310 313/313/313 314/314/314
f 314/314/314 313/313/313 315/315/315
f 315/315/315 313/313/313 316/316/316
f 313/313/313 317/317/317 316/316/316
f 313/313/313 312/312/312 317/317/317
f 316/316/316 317/317/317 318/318/318
f 312/312/312 318/318/318 317/317/317
f 318/318/318 312/312/312 319/319/319
f 312/312/312 299/299/299 320/320/320
f 320/320/320 299/299/299 286/286/286
f 286/286/286 289/289/289 320/320/320
f 321/321/321 319/319/319 312/312/312
f 312/312/312 320/320/320 321/321/321
f 321/321/321 320/320/320 289/289/289
f 319/319/319 321/321/321 322/322/322
f 289/289/289 323/323/323 321/321/321
f 289/289/289 290/290/290 323/323/323
f 321/321/321 324/324/324 322/322/322
f 323/323/323 324/324/324 321/321/321
f 322/322/322 324/324/324 325/325/325
f 326/326/326 323/323/323 290/290/290
f 324/324/324 323/323/323 326/326/326
f 325/325/325 324/324/324 326/326/326
f 290/290/290 327/327/327 326/326/326
f 326/326/326 328/328/328 325/325/325
f 328/328/328 326/326/326 327/327/327
f 329/329/329 1/330/1 2/331/3
f 2/331/3 330/332/330 329/329/329
f 2/331/3 6/333/6 330/332/330
f 329/329/329 330/332/330 331/334/331
f 332/335/332 330/332/330 6/333/6
f 6/333/6 10/336/10 332/335/332
f 330/332/330 333/337/333 331/334/331
f 332/335/332 333/337/333 330/332/330
f 333/337/333 334/338/334 331/334/331
f 333/337/333 335/339/335 334/338/334
f 334/338/334 335/339/335 336/340/336
f 333/337/333 332/335/332 337/341/337
f 333/337/333 337/341/337 335/339/335
f 332/335/332 10/336/10 338/342/338
f 338/342/338 337/341/337 332/335/332
f 336/340/336 335/339/335 339/343/339
f 339/343/339 340/344/340 336/340/336
f 341/345/341 335/339/335 337/341/337
f 338/342/338 341/345/341 337/341/337
f 335/339/335 341/345/341 339/343/339
f 339/343/339 341/345/341 342/346/342
f 342/346/342 341/345/341 338/342/338
f 10/336/10 343/347/343 338/342/338
f 343/347/343 10/336/10 12/348/12
f 340/344/340 339/343/339 344/349/344
f 342/346/342 344/349/344 339/343/339
f 338/342/338 345/350/345 342/346/342
f 338/342/338 343/347/343 345/350/345
f 346/351/346 343/347/343 12/348/12
f 346/351/346 345/350/345 343/347/343
f 12/348/12 21/352/21 346/351/346
f 347/353/347 340/344/340 344/349/344
f 340/344/340 347/353/347 348/354/348
f 342/346/342 349/355/349 344/349/344
f 345/350/345 349/355/349 342/346/342
f 347/353/347 344/349/344 349/355/349
f 21/352/21 350/356/350 346/351/346
f 350/356/350 21/352/21 25/357/25
f 30/358/30 350/356/350 25/357/25
f 351/359/351 345/350/345 346/351/346
f 349/355/349 345/350/345 351/359/351
f 351/359/351 346/351/346 350/356/350
f 352/360/352 350/356/350 30/358/30
f 352/360/352 351/359/351 350/356/350
f 36/361/36 352/360/352 30/358/30
f 353/362/353 348/354/348 347/353/347
f 348/354/348 353/362/353 354/363/354
f 349/355/349 355/364/355 347/353/347
f 351/359/351 355/364/355 349/355/349
f 353/362/353 347/353/347 355/364/355
f 356/365/356 354/363/354 353/362/353
f 356/365/356 357/366/357 354/363/354
f 36/361/36 358/367/358 352/360/352
f 45/368/45 358/367/358 36/361/36
f 359/369/359 351/359/351 352/360/352
f 355/364/355 351/359/351 359/369/359
f 355/364/355 360/370/360 353/362/353
f 356/365/356 353/362/353 360/370/360
f 361/371/361 358/367/358 45/368/45
f 48/372/48 361/371/361 45/368/45
f 362/373/362 352/360/352 358/367/358
f 352/360/352 362/373/362 359/369/359
f 361/371/361 362/373/362 358/367/358
f 363/374/363 355/364/355 359/369/359
f 355/364/355 363/374/363 360/370/360
f 359/369/359 362/373/362 363/374/363
f 364/375/364 356/365/356 360/370/360
f 364/375/364 360/370/360 363/374/363
f 356/365/356 365/376/365 357/366/357
f 364/375/364 366/377/366 356/365/356
f 365/376/365 356/365/356 366/377/366
f 367/378/367 357/366/357 365/376/365
f 367/378/367 368/379/368 357/366/357
f 369/380/369 368/379/368 367/378/367
f 365/376/365 370/381/370 367/378/367
f 366/377/366 370/381/370 365/376/365
f 369/380/369 367/378/367 371/382/371
f 371/382/371 367/378/367 370/381/370
f 372/383/372 369/380/369 371/382/371
f 372/383/372 371/382/371 373/384/373
f 373/384/373 374/385/374 372/383/372
f 375/386/375 371/382/371 370/381/370
f 371/382/371 375/386/375 373/384/373
f 370/381/370 366/377/366 376/387/376
f 376/387/376 375/386/375 370/381/370
f 366/377/366 364/375/364 377/388/377
f 377/388/377 376/387/376 366/377/366
f 374/385/374 373/384/373 378/389/378
f 379/390/379 374/385/374 378/389/378
f 380/391/380 373/384/373 375/386/375
f 380/391/380 378/389/378 373/384/373
f 381/392/381 377/388/377 364/375/364
f 381/392/381 364/375/364 363/374/363
f 382/393/382 381/392/381 363/374/363
f 362/373/362 382/393/382 363/374/363
f 383/394/383 382/393/382 362/373/362
f 362/373/362 361/371/361 383/394/383
f 381/392/381 382/393/382 384/395/384
f 382/393/382 383/394/383 384/395/384
f 385/396/385 379/390/379 378/389/378
f 386/397/386 379/390/379 385/396/385
f 379/390/379 386/397/386 387/398/387
f 386/397/386 388/399/388 387/398/387
f 389/400/389 385/396/385 378/389/378
f 378/389/378 380/391/380 389/400/389
f 385/396/385 390/401/390 386/397/386
f 385/396/385 389/400/389 390/401/390
f 383/394/383 361/371/361 391/402/391
f 392/403/392 384/395/384 383/394/383
f 392/403/392 383/394/383 391/402/391
f 393/404/393 381/392/381 384/395/384
f 393/404/393 384/395/384 392/403/392
f 361/371/361 394/405/394 391/402/391
f 394/405/394 361/371/361 48/372/48
f 48/372/48 395/406/395 394/405/394
f 395/406/395 391/402/391 394/405/394
f 395/406/395 48/372/48 49/407/49
f 396/408/396 392/403/392 391/402/391
f 396/408/396 393/404/393 392/403/392
f 381/392/381 393/404/393 397/409/397
f 377/388/377 381/392/381 397/409/397
f 49/407/49 398/410/398 395/406/395
f 398/410/398 49/407/49 51/411/51
f 56/412/56 398/410/398 51/411/51
f 395/406/395 399/413/399 391/402/391
f 399/413/399 396/408/396 391/402/391
f 395/406/395 398/410/398 399/413/399
f 400/414/400 398/410/398 56/412/56
f 62/415/62 400/414/400 56/412/56
f 401/416/401 400/414/400 62/415/62
f 402/417/402 399/413/399 398/410/398
f 398/410/398 400/414/400 402/417/402
f 400/414/400 401/416/401 403/418/403
f 400/414/400 403/418/403 402/417/402
f 404/419/404 403/418/403 401/416/401
f 399/413/399 402/417/402 405/420/405
f 405/420/405 396/408/396 399/413/399
f 403/418/403 404/419/404 406/421/406
f 404/419/404 407/422/407 406/421/406
f 408/423/408 406/421/406 407/422/407
f 406/421/406 408/423/408 409/424/409
f 410/425/410 406/421/406 409/424/409
f 402/417/402 403/418/403 411/426/411
f 403/418/403 406/421/406 411/426/411
f 402/417/402 411/426/411 405/420/405
f 411/426/411 406/421/406 410/425/410
f 396/408/396 405/420/405 412/427/412
f 411/426/411 412/427/412 405/420/405
f 410/425/410 413/428/413 411/426/411
f 413/428/413 412/427/412 411/426/411
f 412/427/412 414/429/414 396/408/396
f 393/404/393 396/408/396 414/429/414
f 414/429/414 397/409/397 393/404/393
f 414/429/414 412/427/412 415/430/415
f 413/428/413 415/430/415 412/427/412
f 397/409/397 414/429/414 416/431/416
f 415/430/415 416/431/416 414/429/414
f 417/432/417 397/409/397 416/431/416
f 397/409/397 417/432/417 377/388/377
f 376/387/376 377/388/377 417/432/417
f 416/431/416 418/433/418 417/432/417
f 418/433/418 376/387/376 417/432/417
f 416/431/416 415/430/415 419/434/419
f 418/433/418 416/431/416 419/434/419
f 420/435/420 415/430/415 413/428/413
f 420/435/420 419/434/419 415/430/415
f 421/436/421 413/428/413 410/425/410
f 421/436/421 420/435/420 413/428/413
f 410/425/410 422/437/422 421/436/421
f 410/425/410 423/438/423 422/437/422
f 424/439/424 420/435/420 421/436/421
f 422/437/422 424/439/424 421/436/421
f 422/437/422 423/438/423 425/440/425
f 424/439/424 422/437/422 425/440/425
f 426/441/426 425/440/425 423/438/423
f 427/442/427 419/434/419 420/435/420
f 424/439/424 427/442/427 420/435/420
f 428/443/428 419/434/419 427/442/427
f 419/434/419 428/443/428 418/433/418
f 429/444/429 427/442/427 424/439/424
f 425/440/425 429/444/429 424/439/424
f 429/444/429 428/443/428 427/442/427
f 425/440/425 426/441/426 430/445/430
f 431/446/431 429/444/429 425/440/425
f 425/440/425 430/445/430 431/446/431
f 428/443/428 429/444/429 432/447/432
f 431/446/431 432/447/432 429/444/429
f 428/443/428 433/448/433 418/433/418
f 432/447/432 433/448/433 428/443/428
f 432/447/432 431/446/431 434/449/434
f 430/445/430 434/449/434 431/446/431
f 435/450/435 430/445/430 426/441/426
f 426/441/426 436/451/436 435/450/435
f 435/450/435 436/451/436 437/452/437
f 435/450/435 438/453/438 430/445/430
f 438/453/438 434/449/434 430/445/430
f 434/449/434 439/454/439 432/447/432
f 433/448/433 432/447/432 439/454/439
f 440/455/440 433/448/433 439/454/439
f 441/456/441 439/454/439 434/449/434
f 438/453/438 441/456/441 434/449/434
f 441/456/441 440/455/440 439/454/439
f 433/448/433 442/457/442 418/433/418
f 418/433/418 442/457/442 376/387/376
f 375/386/375 376/387/376 442/457/442
f 442/457/442 433/448/433 443/458/443
f 443/458/443 375/386/375 442/457/442
f 433/448/433 440/455/440 443/458/443
f 380/391/380 375/386/375 443/458/443
f 440/455/440 380/391/380 443/458/443
f 435/450/435 444/459/444 438/453/438
f 437/452/437 444/459/444 435/450/435
f 441/456/441 438/453/438 445/460/445
f 438/453/438 444/459/444 445/460/445
f 444/459/444 437/452/437 446/461/446
f 437/452/437 447/462/447 446/461/446
f 448/463/448 440/455/440 441/456/441
f 445/460/445 448/463/448 441/456/441
f 449/464/449 440/455/440 448/463/448
f 450/465/450 380/391/380 440/455/440
f 440/455/440 449/464/449 450/465/450
f 380/391/380 450/465/450 389/400/389
f 451/466/451 389/400/389 450/465/450
f 450/465/450 449/464/449 451/466/451
f 389/400/389 451/466/451 390/401/390
f 452/467/452 445/460/445 444/459/444
f 444/459/444 446/461/446 452/467/452
f 447/462/447 453/468/453 446/461/446
f 454/469/454 453/468/453 447/462/447
f 445/460/445 455/470/455 448/463/448
f 445/460/445 452/467/452 455/470/455
f 446/461/446 456/471/456 452/467/452
f 446/461/446 453/468/453 456/471/456
f 453/468/453 454/469/454 457/472/457
f 454/469/454 458/473/458 457/472/457
f 459/474/459 449/464/449 448/463/448
f 448/463/448 455/470/455 459/474/459
f 452/467/452 460/475/460 455/470/455
f 452/467/452 456/471/456 460/475/460
f 461/476/461 456/471/456 453/468/453
f 453/468/453 457/472/457 461/476/461
f 462/477/462 459/474/459 455/470/455
f 462/477/462 455/470/455 460/475/460
f 456/471/456 463/478/463 460/475/460
f 456/471/456 461/476/461 463/478/463
f 464/479/464 462/477/462 460/475/460
f 464/479/464 460/475/460 463/478/463
f 459/474/459 462/477/462 465/480/465
f 466/481/466 465/480/465 462/477/462
f 466/481/466 462/477/462 464/479/464
f 467/482/467 459/474/459 465/480/465
f 467/482/467 449/464/449 459/474/459
f 464/479/464 468/483/468 466/481/466
f 469/484/469 468/483/468 464/479/464
f 469/484/469 464/479/464 470/485/470
f 470/485/470 464/479/464 463/478/463
f 463/478/463 471/486/471 470/485/470
f 461/476/461 472/487/472 463/478/463
f 472/487/472 471/486/471 463/478/463
f 472/487/472 473/488/473 471/486/471
f 473/488/473 474/489/474 471/486/471
f 474/489/474 473/488/473 475/490/475
f 467/482/467 476/491/476 449/464/449
f 476/491/476 467/482/467 477/492/477
f 478/493/478 476/491/476 477/492/477
f 472/487/472 461/476/461 479/494/479
f 457/472/457 479/494/479 461/476/461
f 479/494/479 480/495/480 472/487/472
f 472/487/472 480/495/480 473/488/473
f 481/496/481 479/494/479 457/472/457
f 480/495/480 479/494/479 481/496/481
f 458/473/458 481/496/481 457/472/457
f 481/496/481 458/473/458 482/497/482
f 458/473/458 483/498/483 482/497/482
f 482/497/482 483/498/483 484/499/484
f 480/495/480 481/496/481 485/500/485
f 480/495/480 485/500/485 473/488/473
f 482/497/482 485/500/485 481/496/481
f 486/501/486 476/491/476 478/493/478
f 487/502/487 486/501/486 478/493/478
f 488/503/488 486/501/486 487/502/487
f 482/497/482 484/499/484 489/504/489
f 490/505/490 489/504/489 484/499/484
f 490/505/490 484/499/484 491/506/491
f 492/507/492 482/497/482 489/504/489
f 490/505/490 492/507/492 489/504/489
f 485/500/485 482/497/482 493/508/493
f 492/507/492 493/508/493 482/497/482
f 494/509/494 490/505/490 491/506/491
f 494/509/494 491/506/491 495/510/495
f 485/500/485 493/508/493 496/511/496
f 485/500/485 496/511/496 473/488/473
f 492/507/492 490/505/490 497/512/497
f 494/509/494 497/512/497 490/505/490
f 492/507/492 498/513/498 493/508/493
f 498/513/498 496/511/496 493/508/493
f 497/512/497 498/513/498 492/507/492
f 495/510/495 186/514/186 494/509/494
f 186/514/186 495/510/495 187/515/187
f 186/514/186 499/516/499 494/509/494
f 497/512/497 494/509/494 499/516/499
f 499/516/499 186/514/186 189/517/189
f 190/518/190 499/516/499 189/517/189
f 500/519/500 499/516/499 190/518/190
f 192/520/192 500/519/500 190/518/190
f 499/516/499 501/521/501 497/512/497
f 501/521/501 499/516/499 500/519/500
f 502/522/502 500/519/500 192/520/192
f 502/522/502 501/521/501 500/519/500
f 195/523/195 502/522/502 192/520/192
f 503/524/503 497/512/497 501/521/501
f 497/512/497 503/524/503 498/513/498
f 501/521/501 502/522/502 503/524/503
f 504/525/504 502/522/502 195/523/195
f 504/525/504 503/524/503 502/522/502
f 503/524/503 505/526/505 498/513/498
f 505/526/505 496/511/496 498/513/498
f 195/523/195 506/527/506 504/525/504
f 506/527/506 195/523/195 198/528/198
f 503/524/503 504/525/504 507/529/507
f 503/524/503 507/529/507 505/526/505
f 506/527/506 507/529/507 504/525/504
f 505/526/505 508/530/508 496/511/496
f 508/530/508 505/526/505 507/529/507
f 473/488/473 496/511/496 508/530/508
f 509/531/509 473/488/473 508/530/508
f 509/531/509 475/490/475 473/488/473
f 475/490/475 509/531/509 510/532/510
f 475/490/475 510/532/510 511/533/511
f 510/532/510 512/534/512 511/533/511
f 512/534/512 510/532/510 513/535/513
f 507/529/507 514/536/514 508/530/508
f 509/531/509 508/530/508 514/536/514
f 514/536/514 507/529/507 515/537/515
f 507/529/507 506/527/506 515/537/515
f 509/531/509 514/536/514 516/538/516
f 516/538/516 514/536/514 515/537/515
f 516/538/516 510/532/510 509/531/509
f 513/535/513 510/532/510 517/539/517
f 517/539/517 488/503/488 513/535/513
f 506/527/506 518/540/518 515/537/515
f 518/540/518 516/538/516 515/537/515
f 510/532/510 516/538/516 519/541/519
f 510/532/510 519/541/519 517/539/517
f 516/538/516 518/540/518 519/541/519
f 518/540/518 506/527/506 520/542/520
f 198/528/198 520/542/520 506/527/506
f 520/542/520 198/528/198 212/543/212
f 521/544/521 519/541/519 518/540/518
f 520/542/520 521/544/521 518/540/518
f 212/543/212 522/545/522 520/542/520
f 521/544/521 520/542/520 522/545/522
f 522/545/522 212/543/212 213/546/213
f 519/541/519 523/547/523 517/539/517
f 521/544/521 523/547/523 519/541/519
f 488/503/488 517/539/517 524/548/524
f 523/547/523 524/548/524 517/539/517
f 213/546/213 525/549/525 522/545/522
f 525/549/525 213/546/213 218/550/218
f 522/545/522 526/551/526 521/544/521
f 523/547/523 521/544/521 526/551/526
f 526/551/526 522/545/522 525/549/525
f 218/550/218 527/552/527 525/549/525
f 527/552/527 526/551/526 525/549/525
f 527/552/527 218/550/218 225/553/225
f 527/552/527 225/553/225 229/554/229
f 528/555/528 488/503/488 524/548/524
f 486/501/486 488/503/488 528/555/528
f 524/548/524 523/547/523 529/556/529
f 526/551/526 529/556/529 523/547/523
f 529/556/529 528/555/528 524/548/524
f 526/551/526 527/552/527 530/557/530
f 529/556/529 526/551/526 530/557/530
f 229/554/229 531/558/531 527/552/527
f 531/558/531 530/557/530 527/552/527
f 229/554/229 235/559/235 531/558/531
f 532/560/532 529/556/529 530/557/530
f 530/557/530 531/558/531 532/560/532
f 528/555/528 529/556/529 533/561/533
f 529/556/529 532/560/532 533/561/533
f 534/562/534 486/501/486 528/555/528
f 528/555/528 533/561/533 534/562/534
f 486/501/486 534/562/534 535/563/535
f 476/491/476 486/501/486 535/563/535
f 536/564/536 476/491/476 535/563/535
f 476/491/476 536/564/536 449/464/449
f 536/564/536 451/466/451 449/464/449
f 536/564/536 537/565/537 451/466/451
f 537/565/537 536/564/536 535/563/535
f 451/466/451 537/565/537 390/401/390
f 538/566/538 535/563/535 534/562/534
f 535/563/535 538/566/538 537/565/537
f 537/565/537 539/567/539 390/401/390
f 539/567/539 537/565/537 538/566/538
f 390/401/390 539/567/539 386/397/386
f 534/562/534 533/561/533 540/568/540
f 538/566/538 534/562/534 540/568/540
f 541/569/541 533/561/533 532/560/532
f 540/568/540 533/561/533 541/569/541
f 542/570/542 540/568/540 541/569/541
f 538/566/538 540/568/540 543/571/543
f 539/567/539 538/566/538 543/571/543
f 543/571/543 540/568/540 542/570/542
f 543/571/543 544/572/544 539/567/539
f 544/572/544 386/397/386 539/567/539
f 544/572/544 543/571/543 542/570/542
f 386/397/386 544/572/544 545/573/545
f 388/399/388 386/397/386 545/573/545
f 546/574/546 545/573/545 544/572/544
f 542/570/542 546/574/546 544/572/544
f 547/575/547 388/399/388 545/573/545
f 545/573/545 546/574/546 547/575/547
f 388/399/388 547/575/547 548/576/548
f 549/577/549 548/576/548 547/575/547
f 548/576/548 549/577/549 550/578/550
f 549/577/549 551/579/551 550/578/550
f 552/580/552 549/577/549 547/575/547
f 551/579/551 549/577/549 552/580/552
f 552/580/552 547/575/547 546/574/546
f 553/581/553 551/579/551 552/580/552
f 551/579/551 553/581/553 554/582/554
f 555/583/555 554/582/554 553/581/553
f 554/582/554 555/583/555 556/584/556
f 555/583/555 557/585/557 556/584/556
f 249/586/249 557/585/557 555/583/555
f 557/585/557 249/586/249 256/587/256
f 555/583/555 247/588/247 249/586/249
f 555/583/555 558/589/558 247/588/247
f 558/589/558 555/583/555 553/581/553
f 558/589/558 242/590/242 247/588/247
f 553/581/553 552/580/552 559/591/559
f 559/591/559 558/589/558 553/581/553
f 552/580/552 560/592/560 559/591/559
f 546/574/546 560/592/560 552/580/552
f 558/589/558 559/591/559 560/592/560
f 558/589/558 561/593/561 242/590/242
f 561/593/561 558/589/558 560/592/560
f 561/593/561 239/594/239 242/590/242
f 560/592/560 546/574/546 562/595/562
f 562/595/562 561/593/561 560/592/560
f 546/574/546 542/570/542 562/595/562
f 239/594/239 561/593/561 563/596/563
f 563/596/563 235/559/235 239/594/239
f 564/597/564 561/593/561 562/595/562
f 562/595/562 542/570/542 564/597/564
f 563/596/563 561/593/561 564/597/564
f 564/597/564 542/570/542 565/598/565
f 542/570/542 541/569/541 565/598/565
f 565/598/565 566/599/566 564/597/564
f 541/569/541 566/599/566 565/598/565
f 564/597/564 566/599/566 563/596/563
f 566/599/566 541/569/541 567/600/567
f 567/600/567 563/596/563 566/599/566
f 532/560/532 567/600/567 541/569/541
f 532/560/532 531/558/531 567/600/567
f 235/559/235 568/601/568 531/558/531
f 235/559/235 563/596/563 568/601/568
f 531/558/531 568/601/568 567/600/567
f 563/596/563 567/600/567 568/601/568
f 276/602/275 274/603/274 569/604/569
f 569/604/569 570/605/570 276/602/275
f 570/605/570 278/606/278 276/602/275
f 570/605/570 569/604/569 571/607/571
f 571/607/571 569/604/569 572/608/572
f 278/606/278 570/605/570 573/609/573
f 573/609/573 282/610/282 278/606/278
f 574/611/574 570/605/570 571/607/571
f 570/605/570 574/611/574 573/609/573
f 575/612/575 573/609/573 574/611/574
f 572/608/572 576/613/576 571/607/571
f 571/607/571 576/613/576 574/611/574
f 576/613/576 572/608/572 577/614/577
f 282/610/282 573/609/573 578/615/578
f 573/609/573 575/612/575 578/615/578
f 282/610/282 578/615/578 288/616/288
f 578/615/578 579/617/579 288/616/288
f 575/612/575 579/617/579 578/615/578
f 579/617/579 290/618/290 288/616/288
f 576/613/576 580/619/580 574/611/574
f 580/619/580 575/612/575 574/611/574
f 577/614/577 581/620/581 576/613/576
f 581/620/581 580/619/580 576/613/576
f 581/620/581 577/614/577 582/621/582
f 580/619/580 581/620/581 583/622/583
f 582/621/582 583/622/583 581/620/581
f 582/621/582 577/614/577 584/623/584
f 584/623/584 577/614/577 296/624/296
f 296/624/296 297/625/297 584/623/584
f 585/626/585 582/621/582 584/623/584
f 583/622/583 582/621/582 585/626/585
f 586/627/586 583/622/583 585/626/585
f 587/628/587 580/619/580 583/622/583
f 575/612/575 580/619/580 587/628/587
f 583/622/583 586/627/586 587/628/587
f 586/627/586 575/612/575 587/628/587
f 588/629/588 584/623/584 297/625/297
f 584/623/584 588/629/588 585/626/585
f 302/630/302 588/629/588 297/625/297
f 589/631/589 588/629/588 302/630/302
f 589/631/589 585/626/585 588/629/588
f 302/630/302 304/632/304 589/631/589
f 585/626/585 590/633/590 586/627/586
f 590/633/590 585/626/585 589/631/589
f 589/631/589 304/632/304 591/634/591
f 307/635/307 591/634/591 304/632/304
f 307/635/307 308/636/308 591/634/591
f 592/637/592 589/631/589 591/634/591
f 308/636/308 592/637/592 591/634/591
f 592/637/592 590/633/590 589/631/589
f 310/638/310 592/637/592 308/636/308
f 593/639/593 590/633/590 592/637/592
f 593/639/593 592/637/592 310/638/310
f 593/639/593 586/627/586 590/633/590
f 586/627/586 593/639/593 594/640/594
f 310/638/310 595/641/595 593/639/593
f 595/641/595 594/640/594 593/639/593
f 595/641/595 310/638/310 314/642/314
f 314/642/314 315/643/315 595/641/595
f 595/641/595 315/643/315 316/644/316
f 316/644/316 596/645/596 595/641/595
f 596/645/596 594/640/594 595/641/595
f 316/644/316 318/646/318 596/645/596
f 318/646/318 594/640/594 596/645/596
f 594/640/594 318/646/318 319/647/319
f 594/640/594 597/648/597 586/627/586
f 597/648/597 575/612/575 586/627/586
f 579/617/579 575/612/575 597/648/597
f 319/647/319 598/649/598 594/640/594
f 594/640/594 598/649/598 597/648/597
f 598/649/598 579/617/579 597/648/597
f 598/649/598 319/647/319 322/650/322
f 599/651/599 579/617/579 598/649/598
f 290/618/290 579/617/579 599/651/599
f 600/652/600 598/649/598 322/650/322
f 599/651/599 598/649/598 600/652/600
f 322/650/322 325/653/325 600/652/600
f 599/651/599 601/654/601 290/618/290
f 601/654/601 599/651/599 600/652/600
f 325/653/325 601/654/601 600/652/600
f 290/618/290 601/654/601 327/655/327
f 328/656/328 601/654/601 325/653/325
f 328/656/328 327/655/327 601/654/601
f 602/657/602 604/658/603 603/659/604
f 602/657/602 603/659/604 605/660/605
f 606/661/606 602/657/602 605/660/605
f 607/662/607 605/660/605 603/659/604
f 606/661/606 605/660/605 608/663/608
f 608/663/608 609/664/609 606/661/606
f 609/664/609 608/663/608 610/665/610
f 610/665/610 611/666/611 609/664/609
f 610/665/610 612/667/612 611/666/611
f 613/668/613 611/666/611 612/667/612
f 605/660/605 607/662/607 614/669/614
f 605/660/605 615/670/615 608/663/608
f 615/670/615 605/660/605 614/669/614
f 608/663/608 616/671/616 610/665/610
f 616/671/616 608/663/608 615/670/615
f 610/665/610 617/672/617 612/667/612
f 617/672/617 610/665/610 616/671/616
f 612/667/612 618/673/618 613/668/613
f 612/667/612 617/672/617 618/673/618
f 614/669/614 607/662/607 619/674/619
f 619/674/619 607/662/607 620/675/620
f 621/676/621 619/674/619 620/675/620
f 615/670/615 614/669/614 622/677/622
f 622/677/622 614/669/614 619/674/619
f 615/670/615 623/678/623 616/671/616
f 623/678/623 615/670/615 622/677/622
f 624/679/624 613/668/613 618/673/618
f 613/668/613 624/679/624 625/680/625
f 616/671/616 626/681/626 617/672/617
f 626/681/626 616/671/616 623/678/623
f 618/673/618 617/672/617 627/682/627
f 627/682/627 624/679/624 618/673/618
f 626/681/626 627/682/627 617/672/617
f 621/676/621 628/683/628 619/674/619
f 622/677/622 619/674/619 628/683/628
f 629/684/629 625/680/625 624/679/624
f 625/680/625 629/684/629 630/685/630
f 631/686/631 623/678/623 622/677/622
f 628/683/628 631/686/631 622/677/622
f 621/676/621 632/687/632 628/683/628
f 633/688/633 632/687/632 621/676/621
f 629/684/629 634/689/634 630/685/630
f 630/685/630 634/689/634 635/690/635
f 628/683/628 636/691/636 631/686/631
f 636/691/636 628/683/628 632/687/632
f 634/689/634 637/692/637 635/690/635
f 635/690/635 637/692/637 638/693/638
f 637/692/637 639/694/639 638/693/638
f 638/693/638 639/694/639 640/695/640
f 639/694/639 641/696/641 640/695/640
f 634/689/634 642/697/642 637/692/637
f 637/692/637 642/697/642 639/694/639
f 629/684/629 643/698/643 634/689/634
f 643/698/643 642/697/642 634/689/634
f 643/698/643 629/684/629 644/699/644
f 624/679/624 644/699/644 629/684/629
f 644/699/644 624/679/624 645/700/645
f 624/679/624 627/682/627 645/700/645
f 646/701/646 645/700/645 627/682/627
f 627/682/627 626/681/626 646/701/646
f 643/698/643 647/702/647 642/697/642
f 644/699/644 648/703/648 643/698/643
f 648/703/648 647/702/647 643/698/643
f 645/700/645 649/704/649 644/699/644
f 644/699/644 649/704/649 648/703/648
f 650/705/650 639/694/639 642/697/642
f 647/702/647 650/705/650 642/697/642
f 645/700/645 646/701/646 651/706/651
f 645/700/645 651/706/651 649/704/649
f 646/701/646 652/707/652 651/706/651
f 652/707/652 649/704/649 651/706/651
f 626/681/626 653/708/653 646/701/646
f 652/707/652 646/701/646 653/708/653
f 654/709/654 648/703/648 649/704/649
f 652/707/652 654/709/654 649/704/649
f 655/710/655 647/702/647 648/703/648
f 654/709/654 655/710/655 648/703/648
f 656/711/656 650/705/650 647/702/647
f 655/710/655 656/711/656 647/702/647
f 653/708/653 626/681/626 657/712/657
f 626/681/626 623/678/623 657/712/657
f 623/678/623 658/713/658 657/712/657
f 623/678/623 631/686/631 658/713/658
f 653/708/653 657/712/657 659/714/659
f 658/713/658 659/714/659 657/712/657
f 631/686/631 660/715/660 658/713/658
f 659/714/659 658/713/658 660/715/660
f 659/714/659 660/715/660 661/716/661
f 636/691/636 660/715/660 631/686/631
f 636/691/636 661/716/661 660/715/660
f 659/714/659 662/717/662 653/708/653
f 662/717/662 652/707/652 653/708/653
f 661/716/661 636/691/636 663/718/663
f 632/687/632 663/718/663 636/691/636
f 663/718/663 632/687/632 664/719/664
f 633/688/633 664/719/664 632/687/632
f 659/714/659 661/716/661 665/720/665
f 665/720/665 662/717/662 659/714/659
f 652/707/652 662/717/662 666/721/666
f 666/721/666 654/709/654 652/707/652
f 662/717/662 665/720/665 667/722/667
f 667/722/667 666/721/666 662/717/662
f 654/709/654 666/721/666 668/723/668
f 655/710/655 654/709/654 668/723/668
f 664/719/664 669/724/669 663/718/663
f 661/716/661 663/718/663 669/724/669
f 664/719/664 633/688/633 670/725/670
f 671/726/671 670/725/670 633/688/633
f 661/716/661 672/727/672 665/720/665
f 667/722/667 665/720/665 672/727/672
f 664/719/664 670/725/670 673/728/673
f 673/728/673 669/724/669 664/719/664
f 671/726/671 674/729/674 670/725/670
f 670/725/670 674/729/674 673/728/673
f 674/729/674 669/724/669 673/728/673
f 674/729/674 671/726/671 675/730/675
f 661/716/661 669/724/669 676/731/676
f 672/727/672 661/716/661 676/731/676
f 676/731/676 677/732/677 672/727/672
f 669/724/669 674/729/674 678/733/678
f 676/731/676 669/724/669 678/733/678
f 679/734/679 674/729/674 675/730/675
f 674/729/674 679/734/679 678/733/678
f 679/734/679 675/730/675 604/735/603
f 679/734/679 604/735/603 602/736/602
f 680/737/680 679/734/679 602/736/602
f 678/733/678 679/734/679 680/737/680
f 606/738/606 680/737/680 602/736/602
f 676/731/676 678/733/678 681/739/681
f 678/733/678 680/737/680 681/739/681
f 677/732/677 676/731/676 681/739/681
f 606/738/606 682/740/682 680/737/680
f 681/739/681 680/737/680 682/740/682
f 681/739/681 682/740/682 677/732/677
f 609/741/609 682/740/682 606/738/606
f 682/740/682 609/741/609 683/742/683
f 677/732/677 682/740/682 683/742/683
f 683/742/683 609/741/609 611/743/611
f 611/743/611 684/744/684 683/742/683
f 677/732/677 683/742/683 684/744/684
f 684/744/684 611/743/611 613/745/613
f 684/744/684 613/745/613 625/746/625
f 625/746/625 685/747/685 684/744/684
f 685/747/685 625/746/625 630/748/630
f 684/744/684 686/749/686 677/732/677
f 686/749/686 684/744/684 685/747/685
f 687/750/687 685/747/685 630/748/630
f 630/748/630 635/751/635 687/750/687
f 688/752/688 677/732/677 686/749/686
f 688/752/688 672/727/672 677/732/677
f 667/722/667 672/727/672 688/752/688
f 686/749/686 685/747/685 689/753/689
f 688/752/688 686/749/686 689/753/689
f 689/753/689 685/747/685 687/750/687
f 687/750/687 635/751/635 690/754/690
f 635/751/635 638/755/638 690/754/690
f 691/756/691 667/722/667 688/752/688
f 689/753/689 691/756/691 688/752/688
f 689/753/689 687/750/687 692/757/692
f 687/750/687 690/754/690 692/757/692
f 692/757/692 691/756/691 689/753/689
f 667/722/667 691/756/691 693/758/693
f 666/721/666 667/722/667 693/758/693
f 693/758/693 668/723/668 666/721/666
f 691/756/691 694/759/694 693/758/693
f 694/759/694 668/723/668 693/758/693
f 691/756/691 692/757/692 694/759/694
f 694/759/694 695/760/695 668/723/668
f 668/723/668 695/760/695 655/710/655
f 656/711/656 655/710/655 695/760/695
f 692/757/692 696/761/696 694/759/694
f 694/759/694 696/761/696 695/760/695
f 695/760/695 697/762/697 656/711/656
f 697/762/697 695/760/695 696/761/696
f 692/757/692 690/754/690 698/763/698
f 692/757/692 698/763/698 696/761/696
f 699/764/699 698/763/698 690/754/690
f 699/764/699 696/761/696 698/763/698
f 700/765/700 656/711/656 697/762/697
f 656/711/656 700/765/700 650/705/650
f 690/754/690 701/766/701 699/764/699
f 690/754/690 638/755/638 701/766/701
f 638/755/638 640/767/640 701/766/701
f 696/761/696 699/764/699 702/768/702
f 696/761/696 702/768/702 697/762/697
f 701/766/701 703/769/703 699/764/699
f 640/767/640 703/769/703 701/766/701
f 703/769/703 702/768/702 699/764/699
f 704/770/704 697/762/697 702/768/702
f 702/768/702 703/769/703 704/770/704
f 640/767/640 705/771/705 703/769/703
f 705/771/705 640/767/640 641/772/641
f 697/762/697 704/770/704 706/773/706
f 697/762/697 706/773/706 700/765/700
f 703/769/703 707/774/707 704/770/704
f 707/774/707 703/769/703 705/771/705
f 704/770/704 707/774/707 706/773/706
f 641/772/641 708/775/708 705/771/705
f 705/771/705 708/775/708 707/774/707
f 708/775/708 641/772/641 709/776/709
f 706/773/706 707/774/707 710/777/710
f 710/777/710 700/765/700 706/773/706
f 707/774/707 708/775/708 711/778/711
f 707/774/707 711/778/711 710/777/710
f 709/776/709 712/779/712 708/775/708
f 712/779/712 711/778/711 708/775/708
f 712/779/712 709/776/709 713/780/713
f 713/780/713 714/781/714 712/779/712
f 714/781/714 715/782/715 712/779/712
f 712/779/712 715/782/715 716/783/716
f 711/778/711 712/779/712 716/783/716
f 716/783/716 715/782/715 717/784/717
f 710/777/710 711/778/711 718/785/718
f 716/783/716 718/785/718 711/778/711
f 700/765/700 710/777/710 719/786/719
f 710/777/710 718/785/718 719/786/719
f 700/765/700 719/786/719 720/787/720
f 700/765/700 720/787/720 650/705/650
f 650/705/650 720/787/720 639/694/639
f 639/694/639 720/787/720 721/788/721
f 641/696/641 639/694/639 721/788/721
f 722/789/722 720/787/720 719/786/719
f 722/789/722 721/788/721 720/787/720
f 721/788/721 723/790/723 641/696/641
f 721/788/721 722/789/722 723/790/723
f 641/696/641 723/790/723 709/791/709
f 723/790/723 713/792/713 709/791/709
f 713/792/713 723/790/723 724/793/724
f 722/789/722 724/793/724 723/790/723
f 714/794/714 713/792/713 724/793/724
f 719/786/719 725/795/725 722/789/722
f 719/786/719 718/785/718 725/795/725
f 724/793/724 726/796/726 714/794/714
f 726/796/726 715/797/715 714/794/714
f 724/793/724 722/789/722 727/798/727
f 727/798/727 722/789/722 725/795/725
f 726/796/726 724/793/724 727/798/727
f 728/799/728 725/795/725 718/785/718
f 725/795/725 728/799/728 727/798/727
f 726/796/726 729/800/729 715/797/715
f 717/784/717 715/797/715 729/800/729
f 727/798/727 730/801/730 726/796/726
f 728/799/728 730/801/730 727/798/727
f 728/799/728 718/785/718 731/802/731
f 718/785/718 716/783/716 731/802/731
f 716/783/716 717/784/717 732/803/732
f 732/803/732 731/802/731 716/783/716
f 731/802/731 733/804/733 728/799/728
f 730/801/730 728/799/728 733/804/733
f 733/804/733 731/802/731 732/803/732
f 734/805/734 726/796/726 730/801/730
f 726/796/726 734/805/734 729/800/729
f 730/801/730 733/804/733 734/805/734
f 735/806/735 732/803/732 717/784/717
f 717/784/717 729/800/729 735/806/735
f 729/800/729 734/805/734 735/806/735
f 732/803/732 735/806/735 733/804/733
f 733/804/733 735/806/735 734/805/734
f 604/807/603 736/808/736 603/809/604
f 737/810/737 603/809/604 736/808/736
f 736/808/736 738/811/738 737/810/737
f 737/810/737 739/812/739 603/809/604
f 603/809/604 739/812/739 607/813/607
f 738/811/738 740/814/740 737/810/737
f 738/811/738 741/815/741 740/814/740
f 742/816/742 607/813/607 739/812/739
f 607/813/607 742/816/742 620/817/620
f 621/818/621 620/817/620 742/816/742
f 737/810/737 743/819/743 739/812/739
f 740/814/740 743/819/743 737/810/737
f 739/812/739 744/820/744 742/816/742
f 743/819/743 744/820/744 739/812/739
f 745/821/745 621/818/621 742/816/742
f 744/820/744 745/821/745 742/816/742
f 621/818/621 745/821/745 746/822/746
f 746/822/746 633/823/633 621/818/621
f 633/823/633 746/822/746 747/824/747
f 671/825/671 633/823/633 747/824/747
f 671/825/671 747/824/747 675/826/675
f 747/824/747 748/827/748 675/826/675
f 748/827/748 604/828/603 675/826/675
f 736/829/736 604/828/603 748/827/748
f 747/824/747 746/822/746 749/830/749
f 749/830/749 748/827/748 747/824/747
f 748/827/748 750/831/750 736/829/736
f 749/830/749 750/831/750 748/827/748
f 738/832/738 736/829/736 750/831/750
f 746/822/746 745/821/745 751/833/751
f 751/833/751 749/830/749 746/822/746
f 745/821/745 744/820/744 752/834/752
f 745/821/745 752/834/752 751/833/751
f 738/832/738 750/831/750 753/835/753
f 753/835/753 741/836/741 738/832/738
f 750/831/750 749/830/749 754/837/754
f 751/833/751 754/837/754 749/830/749
f 754/837/754 753/835/753 750/831/750
f 755/838/755 741/836/741 753/835/753
f 741/836/741 755/838/755 756/839/756
f 755/838/755 757/840/757 756/839/756
f 758/841/758 752/834/752 744/820/744
f 743/819/743 758/841/758 744/820/744
f 752/834/752 759/842/759 751/833/751
f 759/842/759 754/837/754 751/833/751
f 753/835/753 754/837/754 760/843/760
f 760/843/760 755/838/755 753/835/753
f 757/840/757 755/838/755 761/844/761
f 761/844/761 762/845/762 757/840/757
f 763/846/763 758/841/758 743/819/743
f 740/814/740 763/846/763 743/819/743
f 764/847/764 759/842/759 752/834/752
f 758/841/758 764/847/764 752/834/752
f 754/837/754 759/842/759 765/848/765
f 765/848/765 760/843/760 754/837/754
f 764/847/764 766/849/766 759/842/759
f 766/849/766 764/847/764 758/841/758
f 765/848/765 759/842/759 766/849/766
f 767/850/767 755/838/755 760/843/760
f 755/838/755 767/850/767 761/844/761
f 762/845/762 761/844/761 768/851/768
f 769/852/769 762/845/762 768/851/768
f 770/853/770 766/849/766 758/841/758
f 763/846/763 770/853/770 758/841/758
f 771/854/771 760/843/760 765/848/765
f 771/854/771 767/850/767 760/843/760
f 772/855/772 765/848/765 766/849/766
f 772/855/772 766/849/766 770/853/770
f 772/855/772 771/854/771 765/848/765
f 773/856/773 761/844/761 767/850/767
f 761/844/761 773/856/773 768/851/768
f 768/851/768 774/857/774 769/852/769
f 773/856/773 774/857/774 768/851/768
f 774/857/774 775/858/775 769/852/769
f 776/859/776 767/850/767 771/854/771
f 776/859/776 773/856/773 767/850/767
f 774/857/774 777/860/777 775/858/775
f 777/860/777 778/861/778 775/858/775
f 779/862/779 774/857/774 773/856/773
f 774/857/774 779/862/779 777/860/777
f 777/860/777 780/863/780 778/861/778
f 780/863/780 781/864/781 778/861/778
f 771/854/771 772/855/772 782/865/782
f 776/859/776 771/854/771 782/865/782
f 772/855/772 783/866/783 782/865/782
f 773/856/773 776/859/776 784/867/784
f 773/856/773 784/867/784 779/862/779
f 785/868/785 776/859/776 782/865/782
f 785/868/785 782/865/782 783/866/783
f 776/859/776 785/868/785 784/867/784
f 786/869/786 777/860/777 779/862/779
f 786/869/786 780/863/780 777/860/777
f 784/867/784 787/870/787 779/862/779
f 779/862/779 787/870/787 786/869/786
f 785/868/785 788/871/788 784/867/784
f 784/867/784 788/871/788 787/870/787
f 787/870/787 789/872/789 786/869/786
f 788/871/788 789/872/789 787/870/787
f 780/863/780 790/873/790 781/864/781
f 790/873/790 791/874/791 781/864/781
f 780/863/780 786/869/786 792/875/792
f 786/869/786 789/872/789 792/875/792
f 793/876/793 790/873/790 780/863/780
f 792/875/792 793/876/793 780/863/780
f 791/874/791 790/873/790 794/877/794
f 793/876/793 794/877/794 790/873/790
f 789/872/789 795/878/795 792/875/792
f 793/876/793 792/875/792 795/878/795
f 788/871/788 785/868/785 796/879/796
f 783/866/783 796/879/796 785/868/785
f 789/872/789 788/871/788 797/880/797
f 795/878/795 789/872/789 797/880/797
f 788/871/788 796/879/796 798/881/798
f 798/881/798 797/880/797 788/871/788
f 799/882/799 791/874/791 794/877/794
f 791/874/791 799/882/799 800/883/800
f 799/882/799 801/884/801 800/883/800
f 800/883/800 801/884/801 802/885/802
f 801/884/801 803/886/803 802/885/802
f 804/887/804 799/882/799 794/877/794
f 804/887/804 801/884/801 799/882/799
f 783/866/783 805/888/805 796/879/796
f 805/888/805 798/881/798 796/879/796
f 803/886/803 801/884/801 806/889/806
f 803/886/803 806/889/806 807/890/807
f 808/891/808 807/890/807 806/889/806
f 806/889/806 801/884/801 808/891/808
f 809/892/809 808/891/808 801/884/801
f 801/884/801 804/887/804 809/892/809
f 810/893/810 804/887/804 794/877/794
f 794/877/794 793/876/793 810/893/810
f 795/878/795 810/893/810 793/876/793
f 810/893/810 811/894/811 804/887/804
f 811/894/811 809/892/809 804/887/804
f 795/878/795 812/895/812 810/893/810
f 811/894/811 810/893/810 812/895/812
f 812/895/812 795/878/795 813/896/813
f 797/880/797 813/896/813 795/878/795
f 797/880/797 798/881/798 814/897/814
f 813/896/813 797/880/797 814/897/814
f 812/895/812 813/896/813 815/898/815
f 814/897/814 815/898/815 813/896/813
f 816/899/816 814/897/814 798/881/798
f 798/881/798 805/888/805 816/899/816
f 817/900/817 811/894/811 812/895/812
f 812/895/812 815/898/815 817/900/817
f 815/898/815 814/897/814 818/901/818
f 814/897/814 816/899/816 818/901/818
f 819/902/819 817/900/817 815/898/815
f 818/901/818 819/902/819 815/898/815
f 809/892/809 811/894/811 820/903/820
f 811/894/811 817/900/817 821/904/821
f 821/904/821 820/903/820 811/894/811
f 820/903/820 822/905/822 809/892/809
f 808/906/808 809/892/809 822/905/822
f 822/905/822 820/903/820 823/907/823
f 820/903/820 821/904/821 823/907/823
f 822/905/822 824/908/824 808/906/808
f 823/907/823 824/908/824 822/905/822
f 824/908/824 807/909/807 808/906/808
f 825/910/825 807/909/807 824/908/824
f 823/907/823 825/910/825 824/908/824
f 807/909/807 825/910/825 803/911/803
f 802/912/802 803/911/803 825/910/825
f 826/913/826 825/910/825 823/907/823
f 825/910/825 826/913/826 802/912/802
f 821/904/821 826/913/826 823/907/823
f 800/914/800 802/912/802 826/913/826
f 826/913/826 827/915/827 800/914/800
f 826/913/826 821/904/821 827/915/827
f 791/916/791 800/914/800 827/915/827
f 821/904/821 828/917/828 827/915/827
f 827/915/827 828/917/828 791/916/791
f 828/917/828 821/904/821 817/900/817
f 817/900/817 819/902/819 828/917/828
f 819/902/819 791/916/791 828/917/828
f 791/916/791 819/902/819 781/918/781
f 829/919/829 781/918/781 819/902/819
f 781/918/781 829/919/829 778/920/778
f 818/901/818 829/919/829 819/902/819
f 829/919/829 775/921/775 778/920/778
f 818/901/818 830/922/830 829/919/829
f 775/921/775 829/919/829 830/922/830
f 830/922/830 818/901/818 816/899/816
f 830/922/830 769/923/769 775/921/775
f 816/899/816 831/924/831 830/922/830
f 769/923/769 830/922/830 831/924/831
f 762/925/762 769/923/769 831/924/831
f 831/924/831 816/899/816 805/888/805
f 762/925/762 831/924/831 832/926/832
f 805/888/805 832/926/832 831/924/831
f 832/926/832 757/927/757 762/925/762
f 832/926/832 805/888/805 833/928/833
f 805/888/805 783/866/783 833/928/833
f 757/927/757 832/926/832 834/929/834
f 833/928/833 834/929/834 832/926/832
f 834/929/834 756/930/756 757/927/757
f 783/866/783 835/931/835 833/928/833
f 834/929/834 833/928/833 835/931/835
f 756/930/756 834/929/834 836/932/836
f 836/932/836 834/929/834 835/931/835
f 836/932/836 741/815/741 756/930/756
f 835/931/835 783/866/783 837/933/837
f 783/866/783 772/855/772 837/933/837
f 837/933/837 772/855/772 770/853/770
f 835/931/835 837/933/837 838/934/838
f 838/934/838 837/933/837 770/853/770
f 836/932/836 835/931/835 838/934/838
f 838/934/838 770/853/770 763/846/763
f 836/932/836 839/935/839 741/815/741
f 836/932/836 838/934/838 839/935/839
f 839/935/839 838/934/838 763/846/763
f 740/814/740 741/815/741 839/935/839
f 839/935/839 763/846/763 740/814/740
f 840/936/840 842/937/841 841/938/842
f 843/939/843 841/938/842 842/937/841
f 842/937/841 844/940/844 843/939/843
f 845/941/845 843/939/843 844/940/844
f 840/936/840 846/942/846 842/937/841
f 844/940/844 842/937/841 846/942/846
f 844/940/844 847/943/847 845/941/845
f 848/944/848 845/941/845 847/943/847
f 846/942/846 849/945/849 844/940/844
f 847/943/847 844/940/844 849/945/849
f 847/943/847 850/946/850 848/944/848
f 851/947/851 848/944/848 850/946/850
f 849/945/849 852/948/852 847/943/847
f 850/946/850 847/943/847 852/948/852
f 850/946/850 853/949/853 851/947/851
f 854/950/854 851/947/851 853/949/853
f 850/946/850 852/948/852 855/951/855
f 853/949/853 850/946/850 855/951/855
f 854/950/854 853/949/853 856/952/856
f 857/953/857 854/950/854 856/952/856
f 853/949/853 855/951/855 858/954/858
f 858/954/858 856/952/856 853/949/853
f 859/955/859 857/953/857 856/952/856
f 857/953/857 859/955/859 860/956/860
f 856/952/856 858/954/858 861/957/861
f 861/957/861 859/955/859 856/952/856
f 862/958/862 860/956/860 859/955/859
f 863/959/863 860/956/860 862/958/862
f 864/960/864 862/958/862 859/955/859
f 859/955/859 861/957/861 864/960/864
f 863/959/863 862/958/862 865/961/865
f 864/960/864 865/961/865 862/958/862
f 866/962/866 863/959/863 865/961/865
f 867/963/867 866/962/866 865/961/865
f 866/962/866 867/963/867 868/964/868
f 867/963/867 869/965/869 868/964/868
f 865/961/865 864/960/864 870/966/870
f 870/966/870 867/963/867 865/961/865
f 869/965/869 867/963/867 871/967/871
f 871/967/871 872/968/872 869/965/869
f 867/963/867 870/966/870 873/969/873
f 873/969/873 871/967/871 867/963/867
f 874/970/874 870/966/870 864/960/864
f 870/966/870 874/970/874 873/969/873
f 875/971/875 864/960/864 861/957/861
f 864/960/864 875/971/875 874/970/874
f 861/957/861 876/972/876 875/971/875
f 861/957/861 858/954/858 876/972/876
f 858/954/858 877/973/877 876/972/876
f 858/954/858 855/951/855 877/973/877
f 855/951/855 878/974/878 877/973/877
f 855/951/855 852/948/852 878/974/878
f 852/948/852 879/975/879 878/974/878
f 852/948/852 849/945/849 879/975/879
f 880/976/880 879/975/879 849/945/849
f 880/976/880 849/945/849 846/942/846
f 880/976/880 846/942/846 881/977/881
f 846/942/846 840/936/840 881/977/881
f 876/972/876 882/978/882 875/971/875
f 876/972/876 877/973/877 883/979/883
f 882/978/882 876/972/876 883/979/883
f 877/973/877 878/974/878 884/980/884
f 877/973/877 884/980/884 883/979/883
f 878/974/878 879/975/879 885/981/885
f 885/981/885 884/980/884 878/974/878
f 879/975/879 880/976/880 886/982/886
f 885/981/885 879/975/879 886/982/886
f 884/980/884 887/983/887 883/979/883
f 883/979/883 887/983/887 882/978/882
f 884/980/884 885/981/885 888/984/888
f 887/983/887 884/980/884 888/984/888
f 888/984/888 885/981/885 889/985/889
f 886/982/886 889/985/889 885/981/885
f 886/982/886 880/976/880 890/986/890
f 880/976/880 881/977/881 890/986/890
f 891/987/891 875/971/875 882/978/882
f 875/971/875 891/987/891 874/970/874
f 892/988/892 887/983/887 888/984/888
f 888/984/888 889/985/889 892/988/892
f 890/986/890 893/989/893 886/982/886
f 889/985/889 886/982/886 893/989/893
f 889/985/889 893/989/893 894/990/894
f 894/990/894 893/989/893 890/986/890
f 892/988/892 889/985/889 895/991/895
f 894/990/894 895/991/895 889/985/889
f 890/986/890 881/977/881 896/992/896
f 897/993/897 894/990/894 890/986/890
f 896/992/896 897/993/897 890/986/890
f 895/991/895 894/990/894 898/994/898
f 894/990/894 897/993/897 898/994/898
f 899/995/899 896/992/896 881/977/881
f 899/995/899 881/977/881 840/936/840
f 840/936/840 900/996/900 899/995/899
f 900/996/900 840/936/840 841/997/842
f 843/998/843 900/996/900 841/997/842
f 896/992/896 899/995/899 901/999/901
f 901/999/901 899/995/899 900/996/900
f 900/996/900 843/998/843 902/1000/902
f 900/996/900 902/1000/902 901/999/901
f 845/1001/845 902/1000/902 843/998/843
f 901/999/901 903/1002/903 896/992/896
f 903/1002/903 897/993/897 896/992/896
f 902/1000/902 903/1002/903 901/999/901
f 902/1000/902 845/1001/845 904/1003/904
f 902/1000/902 904/1003/904 903/1002/903
f 903/1002/903 905/1004/905 897/993/897
f 904/1003/904 905/1004/905 903/1002/903
f 898/994/898 897/993/897 905/1004/905
f 845/1001/845 906/1005/906 904/1003/904
f 904/1003/904 906/1005/906 905/1004/905
f 845/1001/845 848/1006/848 906/1005/906
f 905/1004/905 907/1007/907 898/994/898
f 906/1005/906 907/1007/907 905/1004/905
f 908/1008/908 906/1005/906 848/1006/848
f 906/1005/906 908/1008/908 907/1007/907
f 848/1006/848 851/1009/851 908/1008/908
f 854/1010/854 908/1008/908 851/1009/851
f 909/1011/909 898/994/898 907/1007/907
f 898/994/898 909/1011/909 895/991/895
f 908/1008/908 854/1010/854 910/1012/910
f 857/1013/857 910/1012/910 854/1010/854
f 911/1014/911 907/1007/907 908/1008/908
f 908/1008/908 910/1012/910 911/1014/911
f 907/1007/907 911/1014/911 909/1011/909
f 910/1012/910 857/1013/857 912/1015/912
f 912/1015/912 911/1014/911 910/1012/910
f 860/1016/860 912/1015/912 857/1013/857
f 911/1014/911 912/1015/912 913/1017/913
f 913/1017/913 909/1011/909 911/1014/911
f 912/1015/912 860/1016/860 914/1018/914
f 914/1018/914 913/1017/913 912/1015/912
f 863/1019/863 914/1018/914 860/1016/860
f 915/1020/915 895/991/895 909/1011/909
f 895/991/895 915/1020/915 892/988/892
f 909/1011/909 913/1017/913 916/1021/916
f 916/1021/916 915/1020/915 909/1011/909
f 917/1022/917 916/1021/916 913/1017/913
f 913/1017/913 914/1018/914 917/1022/917
f 914/1018/914 863/1019/863 918/1023/918
f 866/1024/866 918/1023/918 863/1019/863
f 919/1025/919 892/988/892 915/1020/915
f 887/983/887 892/988/892 919/1025/919
f 920/1026/920 915/1020/915 916/1021/916
f 916/1021/916 917/1022/917 920/1026/920
f 917/1022/917 914/1018/914 921/1027/921
f 921/1027/921 914/1018/914 918/1023/918
f 915/1020/915 920/1026/920 922/1028/922
f 919/1025/919 915/1020/915 922/1028/922
f 920/1026/920 917/1022/917 923/1029/923
f 917/1022/917 921/1027/921 923/1029/923
f 923/1029/923 922/1028/922 920/1026/920
f 919/1025/919 924/1030/924 887/983/887
f 882/978/882 887/983/887 924/1030/924
f 921/1027/921 918/1023/918 925/1031/925
f 925/1031/925 923/1029/923 921/1027/921
f 922/1028/922 926/1032/926 919/1025/919
f 924/1030/924 919/1025/919 926/1032/926
f 927/1033/927 882/978/882 924/1030/924
f 926/1032/926 927/1033/927 924/1030/924
f 882/978/882 927/1033/927 891/987/891
f 922/1028/922 923/1029/923 928/1034/928
f 926/1032/926 922/1028/922 928/1034/928
f 929/1035/929 928/1034/928 923/1029/923
f 923/1029/923 925/1031/925 929/1035/929
f 928/1034/928 930/1036/930 926/1032/926
f 928/1034/928 929/1035/929 930/1036/930
f 918/1023/918 931/1037/931 925/1031/925
f 918/1023/918 866/1024/866 931/1037/931
f 932/1038/932 931/1037/931 866/1024/866
f 925/1031/925 931/1037/931 932/1038/932
f 932/1038/932 866/1024/866 868/1039/868
f 933/1040/933 929/1035/929 925/1031/925
f 925/1031/925 932/1038/932 933/1040/933
f 868/1039/868 934/1041/934 932/1038/932
f 933/1040/933 932/1038/932 934/1041/934
f 934/1041/934 868/1039/868 869/1042/869
f 929/1035/929 933/1040/933 935/1043/935
f 935/1043/935 930/1036/930 929/1035/929
f 926/1032/926 930/1036/930 936/1044/936
f 927/1033/927 926/1032/926 936/1044/936
f 934/1041/934 937/1045/937 933/1040/933
f 937/1045/937 935/1043/935 933/1040/933
f 869/1042/869 938/1046/938 934/1041/934
f 934/1041/934 938/1046/938 937/1045/937
f 869/1042/869 872/1047/872 938/1046/938
f 939/1048/939 936/1044/936 930/1036/930
f 930/1036/930 935/1043/935 939/1048/939
f 936/1044/936 940/1049/940 927/1033/927
f 936/1044/936 939/1048/939 940/1049/940
f 872/1047/872 941/1050/941 938/1046/938
f 941/1050/941 872/1047/872 942/1051/942
f 938/1046/938 943/1052/943 937/1045/937
f 941/1050/941 943/1052/943 938/1046/938
f 935/1043/935 937/1045/937 944/1053/944
f 943/1052/943 944/1053/944 937/1045/937
f 939/1048/939 935/1043/935 945/1054/945
f 939/1048/939 945/1054/945 940/1049/940
f 935/1043/935 944/1053/944 945/1054/945
f 940/1049/940 946/1055/946 927/1033/927
f 946/1055/946 891/987/891 927/1033/927
f 942/1051/942 947/1056/947 941/1050/941
f 947/1056/947 942/1051/942 948/1057/948
f 943/1052/943 941/1050/941 949/1058/949
f 947/1056/947 949/1058/949 941/1050/941
f 950/1059/950 947/1056/947 948/1057/948
f 950/1059/950 949/1058/949 947/1056/947
f 950/1059/950 948/1057/948 951/1060/951
f 940/1049/940 945/1054/945 952/1061/952
f 940/1049/940 952/1061/952 946/1055/946
f 944/1053/944 943/1052/943 953/1062/953
f 949/1058/949 953/1062/953 943/1052/943
f 945/1054/945 944/1053/944 954/1063/954
f 954/1063/954 952/1061/952 945/1054/945
f 944/1053/944 953/1062/953 954/1063/954
f 891/987/891 946/1055/946 955/1064/955
f 955/1064/955 874/970/874 891/987/891
f 949/1058/949 950/1059/950 956/1065/956
f 956/1065/956 950/1059/950 951/1060/951
f 952/1061/952 957/1066/957 946/1055/946
f 957/1066/957 955/1064/955 946/1055/946
f 952/1061/952 954/1063/954 958/1067/958
f 952/1061/952 958/1067/958 957/1066/957
f 953/1062/953 949/1058/949 959/1068/959
f 956/1065/956 959/1068/959 949/1058/949
f 953/1062/953 960/1069/960 954/1063/954
f 960/1069/960 953/1062/953 959/1068/959
f 960/1069/960 958/1067/958 954/1063/954
f 959/1068/959 956/1065/956 961/1070/961
f 959/1068/959 961/1070/961 960/1069/960
f 958/1067/958 960/1069/960 962/1071/962
f 961/1070/961 962/1071/962 960/1069/960
f 956/1065/956 963/1072/963 961/1070/961
f 951/1060/951 963/1072/963 956/1065/956
f 963/1072/963 962/1071/962 961/1070/961
f 963/1072/963 951/1060/951 964/1073/964
f 964/1073/964 962/1071/962 963/1072/963
f 962/1071/962 965/1074/965 958/1067/958
f 965/1074/965 957/1066/957 958/1067/958
f 965/1074/965 962/1071/962 966/1075/966
f 962/1071/962 964/1073/964 966/1075/966
f 964/1073/964 951/1060/951 967/1076/967
f 948/1077/948 967/1076/967 951/1060/951
f 968/1078/968 957/1066/957 965/1074/965
f 966/1075/966 968/1078/968 965/1074/965
f 969/1079/969 964/1073/964 967/1076/967
f 966/1075/966 964/1073/964 969/1079/969
f 967/1076/967 948/1077/948 970/1080/970
f 967/1076/967 970/1080/970 969/1079/969
f 942/1081/942 970/1080/970 948/1077/948
f 969/1079/969 971/1082/971 966/1075/966
f 968/1078/968 966/1075/966 971/1082/971
f 957/1066/957 968/1078/968 972/1083/972
f 955/1064/955 957/1066/957 972/1083/972
f 970/1080/970 942/1081/942 973/1084/973
f 872/968/872 973/1084/973 942/1081/942
f 970/1080/970 974/1085/974 969/1079/969
f 971/1082/971 969/1079/969 974/1085/974
f 974/1085/974 970/1080/970 973/1084/973
f 975/1086/975 968/1078/968 971/1082/971
f 974/1085/974 975/1086/975 971/1082/971
f 975/1086/975 972/1083/972 968/1078/968
f 973/1084/973 975/1086/975 974/1085/974
f 976/1087/976 955/1064/955 972/1083/972
f 972/1083/972 975/1086/975 976/1087/976
f 973/1084/973 872/968/872 977/1088/977
f 872/968/872 871/967/871 977/1088/977
f 975/1086/975 973/1084/973 978/1089/978
f 978/1089/978 973/1084/973 977/1088/977
f 978/1089/978 976/1087/976 975/1086/975
f 977/1088/977 871/967/871 979/1090/979
f 977/1088/977 979/1090/979 978/1089/978
f 976/1087/976 978/1089/978 979/1090/979
f 871/967/871 873/969/873 979/1090/979
f 980/1091/980 955/1064/955 976/1087/976
f 979/1090/979 980/1091/980 976/1087/976
f 980/1091/980 979/1090/979 873/969/873
f 874/970/874 955/1064/955 980/1091/980
f 873/969/873 874/970/874 980/1091/980
f 981/1092/981 983/1093/982 982/1094/983
f 983/1093/982 984/1095/984 982/1094/983
f 983/1093/982 981/1092/981 985/1096/985
f 986/1097/986 985/1096/985 981/1092/981
f 985/1096/985 986/1097/986 987/1098/987
f 988/1099/988 987/1098/987 986/1097/986
f 987/1098/987 988/1099/988 989/1100/989
f 990/1101/990 989/1100/989 988/1099/988
f 985/1096/985 987/1098/987 991/1102/991
f 992/1103/992 983/1093/982 985/1096/985
f 985/1096/985 991/1102/991 992/1103/992
f 987/1098/987 989/1100/989 993/1104/993
f 987/1098/987 993/1104/993 991/1102/991
f 989/1100/989 990/1101/990 994/1105/994
f 989/1100/989 995/1106/995 993/1104/993
f 989/1100/989 994/1105/994 995/1106/995
f 996/1107/996 994/1105/994 990/1101/990
f 996/1107/996 990/1101/990 997/1108/997
f 998/1109/998 995/1106/995 994/1105/994
f 994/1105/994 996/1107/996 998/1109/998
f 999/1110/999 996/1107/996 997/1108/997
f 999/1110/999 997/1108/997 1000/1111/1000
f 1001/1112/1001 999/1110/999 1000/1111/1000
f 1002/1113/1002 998/1109/998 996/1107/996
f 996/1107/996 999/1110/999 1002/1113/1002
f 999/1110/999 1001/1112/1001 1003/1114/1003
f 1001/1112/1001 1004/1115/1004 1003/1114/1003
f 999/1110/999 1005/1116/1005 1002/1113/1002
f 1005/1116/1005 999/1110/999 1003/1114/1003
f 991/1102/991 993/1104/993 1006/1117/1006
f 993/1104/993 995/1106/995 1007/1118/1007
f 993/1104/993 1007/1118/1007 1006/1117/1006
f 995/1106/995 998/1109/998 1008/1119/1008
f 995/1106/995 1008/1119/1008 1007/1118/1007
f 998/1109/998 1002/1113/1002 1009/1120/1009
f 1009/1120/1009 1008/1119/1008 998/1109/998
f 1002/1113/1002 1005/1116/1005 1010/1121/1010
f 1002/1113/1002 1010/1121/1010 1009/1120/1009
f 991/1102/991 1006/1117/1006 1011/1122/1011
f 992/1103/992 991/1102/991 1011/1122/1011
f 1003/1114/1003 1004/1115/1004 1012/1123/1012
f 1003/1114/1003 1013/1124/1013 1005/1116/1005
f 1003/1114/1003 1012/1123/1012 1013/1124/1013
f 1004/1115/1004 1014/1125/1014 1012/1123/1012
f 1014/1125/1014 1013/1124/1013 1012/1123/1012
f 1004/1115/1004 1015/1126/1015 1014/1125/1014
f 1005/1116/1005 1013/1124/1013 1016/1127/1016
f 1005/1116/1005 1016/1127/1016 1010/1121/1010
f 1015/1126/1015 1017/1128/1017 1014/1125/1014
f 1015/1126/1015 1018/1129/1018 1017/1128/1017
f 1013/1124/1013 1014/1125/1014 1019/1130/1019
f 1013/1124/1013 1019/1130/1019 1016/1127/1016
f 1017/1128/1017 1019/1130/1019 1014/1125/1014
f 1018/1129/1018 1020/1131/1020 1017/1128/1017
f 1018/1129/1018 1021/1132/1021 1020/1131/1020
f 1019/1130/1019 1017/1128/1017 1022/1133/1022
f 1020/1131/1020 1022/1133/1022 1017/1128/1017
f 1019/1130/1019 1023/1134/1023 1016/1127/1016
f 1019/1130/1019 1022/1133/1022 1023/1134/1023
f 1010/1121/1010 1016/1127/1016 1024/1135/1024
f 1024/1135/1024 1016/1127/1016 1023/1134/1023
f 1021/1132/1021 1025/1136/1025 1020/1131/1020
f 1025/1136/1025 1021/1132/1021 1026/1137/1026
f 1027/1138/1027 1025/1136/1025 1026/1137/1026
f 1022/1133/1022 1020/1131/1020 1028/1139/1028
f 1025/1136/1025 1028/1139/1028 1020/1131/1020
f 1022/1133/1022 1029/1140/1029 1023/1134/1023
f 1028/1139/1028 1029/1140/1029 1022/1133/1022
f 1030/1141/1030 1025/1136/1025 1027/1138/1027
f 1031/1142/1031 1030/1141/1030 1027/1138/1027
f 1025/1136/1025 1032/1143/1032 1028/1139/1028
f 1030/1141/1030 1032/1143/1032 1025/1136/1025
f 1030/1141/1030 1031/1142/1031 1033/1144/1033
f 1034/1145/1034 1033/1144/1033 1031/1142/1031
f 1023/1134/1023 1035/1146/1035 1024/1135/1024
f 1035/1146/1035 1023/1134/1023 1029/1140/1029
f 1029/1140/1029 1036/1147/1036 1035/1146/1035
f 1028/1139/1028 1037/1148/1037 1029/1140/1029
f 1032/1143/1032 1037/1148/1037 1028/1139/1028
f 1036/1147/1036 1029/1140/1029 1037/1148/1037
f 1038/1149/1038 1032/1143/1032 1030/1141/1030
f 1033/1144/1033 1038/1149/1038 1030/1141/1030
f 1032/1143/1032 1039/1150/1039 1037/1148/1037
f 1038/1149/1038 1039/1150/1039 1032/1143/1032
f 1040/1151/1040 1037/1148/1037 1039/1150/1039
f 1036/1147/1036 1037/1148/1037 1040/1151/1040
f 1041/1152/1041 1039/1150/1039 1038/1149/1038
f 1040/1151/1040 1039/1150/1039 1041/1152/1041
f 1042/1153/1042 1038/1149/1038 1033/1144/1033
f 1042/1153/1042 1041/1152/1041 1038/1149/1038
f 1024/1135/1024 1035/1146/1035 1043/1154/1043
f 1036/1147/1036 1043/1154/1043 1035/1146/1035
f 1044/1155/1044 1042/1153/1042 1033/1144/1033
f 1033/1144/1033 1034/1145/1034 1044/1155/1044
f 1034/1145/1034 1045/1156/1045 1044/1155/1044
f 1045/1156/1045 1034/1145/1034 1046/1157/1046
f 1045/1156/1045 1046/1157/1046 1047/1158/1047
f 1042/1153/1042 1044/1155/1044 1048/1159/1048
f 1045/1156/1045 1048/1159/1048 1044/1155/1044
f 1049/1160/1049 1041/1152/1041 1042/1153/1042
f 1048/1159/1048 1049/1160/1049 1042/1153/1042
f 1050/1161/1050 1041/1152/1041 1049/1160/1049
f 1050/1161/1050 1040/1151/1040 1041/1152/1041
f 1051/1162/1051 1036/1147/1036 1040/1151/1040
f 1051/1162/1051 1040/1151/1040 1050/1161/1050
f 1052/1163/1052 1045/1156/1045 1047/1158/1047
f 1048/1159/1048 1045/1156/1045 1053/1164/1053
f 1052/1163/1052 1053/1164/1053 1045/1156/1045
f 1054/1165/1054 1049/1160/1049 1048/1159/1048
f 1048/1159/1048 1053/1164/1053 1054/1165/1054
f 1055/1166/1055 1050/1161/1050 1049/1160/1049
f 1049/1160/1049 1054/1165/1054 1055/1166/1055
f 1047/1158/1047 1056/1167/1056 1052/1163/1052
f 1056/1167/1056 1047/1158/1047 1057/1168/1057
f 1052/1163/1052 1058/1169/1058 1053/1164/1053
f 1053/1164/1053 1058/1169/1058 1054/1165/1054
f 1058/1169/1058 1052/1163/1052 1056/1167/1056
f 1058/1169/1058 1059/1170/1059 1054/1165/1054
f 1059/1170/1059 1055/1166/1055 1054/1165/1054
f 1050/1161/1050 1055/1166/1055 1060/1171/1060
f 1060/1171/1060 1051/1162/1051 1050/1161/1050
f 1058/1169/1058 1056/1167/1056 1061/1172/1061
f 1061/1172/1061 1059/1170/1059 1058/1169/1058
f 1062/1173/1062 1056/1167/1056 1057/1168/1057
f 1061/1172/1061 1056/1167/1056 1062/1173/1062
f 1055/1166/1055 1059/1170/1059 1063/1174/1063
f 1063/1174/1063 1060/1171/1060 1055/1166/1055
f 1061/1172/1061 1064/1175/1064 1059/1170/1059
f 1064/1175/1064 1063/1174/1063 1059/1170/1059
f 1057/1168/1057 1065/1176/1065 1062/1173/1062
f 1047/1177/1047 1065/1176/1065 1057/1168/1057
f 1047/1177/1047 1046/1178/1046 1065/1176/1065
f 1066/1179/1066 1061/1172/1061 1062/1173/1062
f 1061/1172/1061 1066/1179/1066 1064/1175/1064
f 1046/1178/1046 1067/1180/1067 1065/1176/1065
f 1046/1178/1046 1034/1181/1034 1067/1180/1067
f 1031/1182/1031 1067/1180/1067 1034/1181/1034
f 1062/1173/1062 1065/1176/1065 1068/1183/1068
f 1066/1179/1066 1062/1173/1062 1068/1183/1068
f 1067/1180/1067 1068/1183/1068 1065/1176/1065
f 1067/1180/1067 1031/1182/1031 1069/1184/1069
f 1027/1185/1027 1069/1184/1069 1031/1182/1031
f 1068/1183/1068 1067/1180/1067 1070/1186/1070
f 1069/1184/1069 1070/1186/1070 1067/1180/1067
f 1066/1179/1066 1068/1183/1068 1071/1187/1071
f 1068/1183/1068 1070/1186/1070 1071/1187/1071
f 1072/1188/1072 1064/1175/1064 1066/1179/1066
f 1072/1188/1072 1066/1179/1066 1071/1187/1071
f 1069/1184/1069 1027/1185/1027 1073/1189/1073
f 1027/1185/1027 1026/1190/1026 1073/1189/1073
f 1064/1175/1064 1072/1188/1072 1074/1191/1074
f 1064/1175/1064 1074/1191/1074 1063/1174/1063
f 1074/1191/1074 1075/1192/1075 1063/1174/1063
f 1075/1192/1075 1060/1171/1060 1063/1174/1063
f 1076/1193/1076 1074/1191/1074 1072/1188/1072
f 1076/1193/1076 1075/1192/1075 1074/1191/1074
f 1075/1192/1075 1077/1194/1077 1060/1171/1060
f 1077/1194/1077 1051/1162/1051 1060/1171/1060
f 1078/1195/1078 1075/1192/1075 1076/1193/1076
f 1078/1195/1078 1077/1194/1077 1075/1192/1075
f 1077/1194/1077 1079/1196/1079 1051/1162/1051
f 1079/1196/1079 1036/1147/1036 1051/1162/1051
f 1080/1197/1080 1077/1194/1077 1078/1195/1078
f 1080/1197/1080 1079/1196/1079 1077/1194/1077
f 1036/1147/1036 1079/1196/1079 1081/1198/1081
f 1043/1154/1043 1036/1147/1036 1081/1198/1081
f 1082/1199/1082 1081/1198/1081 1079/1196/1079
f 1079/1196/1079 1080/1197/1080 1082/1199/1082
f 1081/1198/1081 1083/1200/1083 1043/1154/1043
f 1081/1198/1081 1082/1199/1082 1083/1200/1083
f 1083/1200/1083 1084/1201/1084 1043/1154/1043
f 1024/1135/1024 1043/1154/1043 1084/1201/1084
f 1084/1201/1084 1085/1202/1085 1024/1135/1024
f 1010/1121/1010 1024/1135/1024 1085/1202/1085
f 1009/1120/1009 1010/1121/1010 1085/1202/1085
f 1009/1120/1009 1085/1202/1085 1086/1203/1086
f 1008/1119/1008 1009/1120/1009 1086/1203/1086
f 1085/1202/1085 1084/1201/1084 1087/1204/1087
f 1086/1203/1086 1085/1202/1085 1087/1204/1087
f 1008/1119/1008 1086/1203/1086 1088/1205/1088
f 1007/1118/1007 1008/1119/1008 1088/1205/1088
f 1087/1204/1087 1089/1206/1089 1086/1203/1086
f 1088/1205/1088 1086/1203/1086 1089/1206/1089
f 1090/1207/1090 1082/1199/1082 1080/1197/1080
f 1091/1208/1091 1083/1200/1083 1082/1199/1082
f 1082/1199/1082 1090/1207/1090 1091/1208/1091
f 1092/1209/1092 1084/1201/1084 1083/1200/1083
f 1083/1200/1083 1091/1208/1091 1092/1209/1092
f 1093/1210/1093 1087/1204/1087 1084/1201/1084
f 1084/1201/1084 1092/1209/1092 1093/1210/1093
f 1090/1207/1090 1080/1197/1080 1094/1211/1094
f 1094/1211/1094 1080/1197/1080 1078/1195/1078
f 1078/1195/1078 1095/1212/1095 1094/1211/1094
f 1095/1212/1095 1078/1195/1078 1076/1193/1076
f 1090/1207/1090 1094/1211/1094 1096/1213/1096
f 1095/1212/1095 1096/1213/1096 1094/1211/1094
f 1097/1214/1097 1091/1208/1091 1090/1207/1090
f 1097/1214/1097 1090/1207/1090 1096/1213/1096
f 1098/1215/1098 1092/1209/1092 1091/1208/1091
f 1091/1208/1091 1097/1214/1097 1098/1215/1098
f 1099/1216/1099 1097/1214/1097 1096/1213/1096
f 1096/1213/1096 1095/1212/1095 1099/1216/1099
f 1095/1212/1095 1076/1193/1076 1100/1217/1100
f 1076/1193/1076 1072/1188/1072 1100/1217/1100
f 1101/1218/1101 1093/1210/1093 1092/1209/1092
f 1092/1209/1092 1098/1215/1098 1101/1218/1101
f 1102/1219/1102 1098/1215/1098 1097/1214/1097
f 1097/1214/1097 1099/1216/1099 1102/1219/1102
f 1103/1220/1103 1099/1216/1099 1095/1212/1095
f 1095/1212/1095 1100/1217/1100 1103/1220/1103
f 1100/1217/1100 1072/1188/1072 1104/1221/1104
f 1072/1188/1072 1071/1187/1071 1104/1221/1104
f 1105/1222/1105 1101/1218/1101 1098/1215/1098
f 1098/1215/1098 1102/1219/1102 1105/1222/1105
f 1106/1223/1106 1102/1219/1102 1099/1216/1099
f 1099/1216/1099 1103/1220/1103 1106/1223/1106
f 1103/1220/1103 1100/1217/1100 1107/1224/1107
f 1107/1224/1107 1100/1217/1100 1104/1221/1104
f 1108/1225/1108 1104/1221/1104 1071/1187/1071
f 1070/1186/1070 1108/1225/1108 1071/1187/1071
f 1109/1226/1109 1103/1220/1103 1107/1224/1107
f 1109/1226/1109 1106/1223/1106 1103/1220/1103
f 1104/1221/1104 1110/1227/1110 1107/1224/1107
f 1110/1227/1110 1104/1221/1104 1108/1225/1108
f 1109/1226/1109 1107/1224/1107 1110/1227/1110
f 1111/1228/1111 1108/1225/1108 1070/1186/1070
f 1108/1225/1108 1111/1228/1111 1110/1227/1110
f 1070/1186/1070 1069/1184/1069 1111/1228/1111
f 1112/1229/1112 1109/1226/1109 1110/1227/1110
f 1112/1229/1112 1110/1227/1110 1111/1228/1111
f 1069/1184/1069 1113/1230/1113 1111/1228/1111
f 1111/1228/1111 1113/1230/1113 1112/1229/1112
f 1073/1189/1073 1113/1230/1113 1069/1184/1069
f 1106/1223/1106 1109/1226/1109 1114/1231/1114
f 1109/1226/1109 1112/1229/1112 1114/1231/1114
f 1112/1229/1112 1113/1230/1113 1115/1232/1115
f 1114/1231/1114 1112/1229/1112 1115/1232/1115
f 1116/1233/1116 1113/1230/1113 1073/1189/1073
f 1116/1233/1116 1115/1232/1115 1113/1230/1113
f 1106/1223/1106 1114/1231/1114 1117/1234/1117
f 1102/1219/1102 1106/1223/1106 1117/1234/1117
f 1114/1231/1114 1115/1232/1115 1118/1235/1118
f 1117/1234/1117 1114/1231/1114 1118/1235/1118
f 1117/1234/1117 1119/1236/1119 1102/1219/1102
f 1119/1236/1119 1117/1234/1117 1118/1235/1118
f 1105/1222/1105 1102/1219/1102 1119/1236/1119
f 1118/1235/1118 1115/1232/1115 1120/1237/1120
f 1115/1232/1115 1116/1233/1116 1120/1237/1120
f 1116/1233/1116 1073/1189/1073 1121/1238/1121
f 1073/1189/1073 1026/1190/1026 1121/1238/1121
f 1122/1239/1122 1119/1236/1119 1118/1235/1118
f 1118/1235/1118 1120/1237/1120 1122/1239/1122
f 1119/1236/1119 1123/1240/1123 1105/1222/1105
f 1123/1240/1123 1119/1236/1119 1122/1239/1122
f 1124/1241/1124 1116/1233/1116 1121/1238/1121
f 1124/1241/1124 1120/1237/1120 1116/1233/1116
f 1125/1242/1125 1121/1238/1121 1026/1190/1026
f 1124/1241/1124 1121/1238/1121 1125/1242/1125
f 1125/1242/1125 1026/1190/1026 1021/1243/1021
f 1126/1244/1126 1122/1239/1122 1120/1237/1120
f 1126/1244/1126 1120/1237/1120 1124/1241/1124
f 1021/1243/1021 1127/1245/1127 1125/1242/1125
f 1127/1245/1127 1021/1243/1021 1018/1246/1018
f 1125/1242/1125 1128/1247/1128 1124/1241/1124
f 1126/1244/1126 1124/1241/1124 1128/1247/1128
f 1128/1247/1128 1125/1242/1125 1127/1245/1127
f 1122/1239/1122 1126/1244/1126 1129/1248/1129
f 1123/1240/1123 1122/1239/1122 1129/1248/1129
f 1130/1249/1130 1105/1222/1105 1123/1240/1123
f 1101/1218/1101 1105/1222/1105 1130/1249/1130
f 1131/1250/1131 1127/1245/1127 1018/1246/1018
f 1015/1251/1015 1131/1250/1131 1018/1246/1018
f 1127/1245/1127 1132/1252/1132 1128/1247/1128
f 1132/1252/1132 1127/1245/1127 1131/1250/1131
f 1128/1247/1128 1133/1253/1133 1126/1244/1126
f 1129/1248/1129 1126/1244/1126 1133/1253/1133
f 1133/1253/1133 1128/1247/1128 1132/1252/1132
f 1134/1254/1134 1131/1250/1131 1015/1251/1015
f 1134/1254/1134 1132/1252/1132 1131/1250/1131
f 1004/1255/1004 1134/1254/1134 1015/1251/1015
f 1123/1240/1123 1129/1248/1129 1135/1256/1135
f 1135/1256/1135 1130/1249/1130 1123/1240/1123
f 1130/1249/1130 1136/1257/1136 1101/1218/1101
f 1093/1210/1093 1101/1218/1101 1136/1257/1136
f 1132/1252/1132 1134/1254/1134 1137/1258/1137
f 1137/1258/1137 1133/1253/1133 1132/1252/1132
f 1004/1255/1004 1138/1259/1138 1134/1254/1134
f 1138/1259/1138 1137/1258/1137 1134/1254/1134
f 1138/1259/1138 1004/1255/1004 1001/1260/1001
f 1133/1253/1133 1139/1261/1139 1129/1248/1129
f 1135/1256/1135 1129/1248/1129 1139/1261/1139
f 1140/1262/1140 1130/1249/1130 1135/1256/1135
f 1136/1257/1136 1130/1249/1130 1140/1262/1140
f 1093/1210/1093 1136/1257/1136 1141/1263/1141
f 1140/1262/1140 1141/1263/1141 1136/1257/1136
f 1133/1253/1133 1137/1258/1137 1142/1264/1142
f 1139/1261/1139 1133/1253/1133 1142/1264/1142
f 1143/1265/1143 1140/1262/1140 1135/1256/1135
f 1139/1261/1139 1143/1265/1143 1135/1256/1135
f 1144/1266/1144 1142/1264/1142 1137/1258/1137
f 1137/1258/1137 1138/1259/1138 1144/1266/1144
f 1001/1260/1001 1145/1267/1145 1138/1259/1138
f 1145/1267/1145 1001/1260/1001 1000/1268/1000
f 1146/1269/1146 1139/1261/1139 1142/1264/1142
f 1142/1264/1142 1144/1266/1144 1146/1269/1146
f 1138/1259/1138 1147/1270/1147 1144/1266/1144
f 1147/1270/1147 1138/1259/1138 1145/1267/1145
f 1146/1269/1146 1144/1266/1144 1147/1270/1147
f 1000/1268/1000 1148/1271/1148 1145/1267/1145
f 1145/1267/1145 1148/1271/1148 1147/1270/1147
f 1148/1271/1148 1000/1268/1000 997/1272/997
f 1139/1261/1139 1146/1269/1146 1149/1273/1149
f 1143/1265/1143 1139/1261/1139 1149/1273/1149
f 1147/1270/1147 1150/1274/1150 1146/1269/1146
f 1149/1273/1149 1146/1269/1146 1150/1274/1150
f 1151/1275/1151 1147/1270/1147 1148/1271/1148
f 1147/1270/1147 1151/1275/1151 1150/1274/1150
f 997/1272/997 1152/1276/1152 1148/1271/1148
f 1148/1271/1148 1152/1276/1152 1151/1275/1151
f 1152/1276/1152 997/1272/997 990/1277/990
f 1150/1274/1150 1153/1278/1153 1149/1273/1149
f 1143/1265/1143 1149/1273/1149 1153/1278/1153
f 1151/1275/1151 1154/1279/1154 1150/1274/1150
f 1150/1274/1150 1154/1279/1154 1153/1278/1153
f 990/1277/990 1155/1280/1155 1152/1276/1152
f 1155/1280/1155 990/1277/990 988/1281/988
f 1156/1282/1156 1151/1275/1151 1152/1276/1152
f 1156/1282/1156 1154/1279/1154 1151/1275/1151
f 1152/1276/1152 1155/1280/1155 1156/1282/1156
f 988/1281/988 1157/1283/1157 1155/1280/1155
f 1157/1283/1157 988/1281/988 986/1284/986
f 1158/1285/1158 1156/1282/1156 1155/1280/1155
f 1155/1280/1155 1157/1283/1157 1158/1285/1158
f 1154/1279/1154 1156/1282/1156 1159/1286/1159
f 1156/1282/1156 1158/1285/1158 1159/1286/1159
f 1154/1279/1154 1160/1287/1160 1153/1278/1153
f 1159/1286/1159 1160/1287/1160 1154/1279/1154
f 1160/1287/1160 1159/1286/1159 1161/1288/1161
f 1162/1289/1162 1157/1283/1157 986/1284/986
f 986/1284/986 981/1290/981 1162/1289/1162
f 1163/1291/1163 1158/1285/1158 1157/1283/1157
f 1157/1283/1157 1162/1289/1162 1163/1291/1163
f 1164/1292/1164 1159/1286/1159 1158/1285/1158
f 1164/1292/1164 1161/1288/1161 1159/1286/1159
f 1158/1285/1158 1163/1291/1163 1164/1292/1164
f 1153/1278/1153 1160/1287/1160 1165/1293/1165
f 1143/1265/1143 1153/1278/1153 1165/1293/1165
f 1166/1294/1166 1162/1289/1162 981/1290/981
f 981/1290/981 982/1295/983 1166/1294/1166
f 1167/1296/1167 1163/1291/1163 1162/1289/1162
f 1162/1289/1162 1166/1294/1166 1167/1296/1167
f 1166/1294/1166 982/1295/983 1168/1297/1168
f 1168/1297/1168 1167/1296/1167 1166/1294/1166
f 984/1095/984 1168/1297/1168 982/1295/983
f 1169/1298/1169 1164/1292/1164 1163/1291/1163
f 1163/1291/1163 1167/1296/1167 1169/1298/1169
f 1161/1288/1161 1164/1292/1164 1170/1299/1170
f 1164/1292/1164 1169/1298/1169 1170/1299/1170
f 1171/1300/1171 1169/1298/1169 1167/1296/1167
f 1167/1296/1167 1168/1297/1168 1171/1300/1171
f 1165/1293/1165 1172/1301/1172 1143/1265/1143
f 1140/1262/1140 1143/1265/1143 1172/1301/1172
f 1141/1263/1141 1140/1262/1140 1172/1301/1172
f 1173/1302/1173 1170/1299/1170 1169/1298/1169
f 1169/1298/1169 1171/1300/1171 1173/1302/1173
f 1174/1303/1174 1168/1297/1168 984/1095/984
f 1175/1304/1175 1171/1300/1171 1168/1297/1168
f 1168/1297/1168 1174/1303/1174 1175/1304/1175
f 1171/1300/1171 1175/1304/1175 1176/1305/1176
f 1176/1305/1176 1173/1302/1173 1171/1300/1171
f 1174/1303/1174 1176/1305/1176 1175/1304/1175
f 1174/1303/1174 984/1095/984 1177/1306/1177
f 1177/1306/1177 984/1095/984 983/1093/982
f 1178/1307/1178 1176/1305/1176 1174/1303/1174
f 1174/1303/1174 1177/1306/1177 1178/1307/1178
f 1179/1308/1179 1173/1302/1173 1176/1305/1176
f 1178/1307/1178 1179/1308/1179 1176/1305/1176
f 1180/1309/1180 1170/1299/1170 1173/1302/1173
f 1173/1302/1173 1179/1308/1179 1180/1309/1180
f 1181/1310/1181 1177/1306/1177 983/1093/982
f 983/1093/982 992/1103/992 1181/1310/1181
f 1177/1306/1177 1182/1311/1182 1178/1307/1178
f 1181/1310/1181 1182/1311/1182 1177/1306/1177
f 1181/1310/1181 992/1103/992 1182/1311/1182
f 1178/1307/1178 1182/1311/1182 1179/1308/1179
f 992/1103/992 1011/1122/1011 1182/1311/1182
f 1011/1122/1011 1179/1308/1179 1182/1311/1182
f 1179/1308/1179 1011/1122/1011 1180/1309/1180
f 1006/1117/1006 1180/1309/1180 1011/1122/1011
f 1170/1299/1170 1180/1309/1180 1183/1312/1183
f 1180/1309/1180 1006/1117/1006 1183/1312/1183
f 1006/1117/1006 1007/1118/1007 1183/1312/1183
f 1183/1312/1183 1161/1288/1161 1170/1299/1170
f 1007/1118/1007 1184/1313/1184 1183/1312/1183
f 1161/1288/1161 1183/1312/1183 1184/1313/1184
f 1184/1313/1184 1007/1118/1007 1088/1205/1088
f 1185/1314/1185 1184/1313/1184 1088/1205/1088
f 1088/1205/1088 1089/1206/1089 1185/1314/1185
f 1185/1314/1185 1089/1206/1089 1186/1315/1186
f 1087/1204/1087 1186/1315/1186 1089/1206/1089
f 1184/1313/1184 1185/1314/1185 1187/1316/1187
f 1186/1315/1186 1187/1316/1187 1185/1314/1185
f 1188/1317/1188 1161/1288/1161 1184/1313/1184
f 1184/1313/1184 1187/1316/1187 1188/1317/1188
f 1186/1315/1186 1087/1204/1087 1189/1318/1189
f 1087/1204/1087 1093/1210/1093 1189/1318/1189
f 1141/1263/1141 1189/1318/1189 1093/1210/1093
f 1186/1315/1186 1189/1318/1189 1190/1319/1190
f 1190/1319/1190 1189/1318/1189 1141/1263/1141
f 1187/1316/1187 1186/1315/1186 1190/1319/1190
f 1172/1301/1172 1190/1319/1190 1141/1263/1141
f 1191/1320/1191 1187/1316/1187 1190/1319/1190
f 1190/1319/1190 1172/1301/1172 1191/1320/1191
f 1187/1316/1187 1191/1320/1191 1188/1317/1188
f 1172/1301/1172 1165/1293/1165 1191/1320/1191
f 1192/1321/1192 1161/1288/1161 1188/1317/1188
f 1191/1320/1191 1192/1321/1192 1188/1317/1188
f 1192/1321/1192 1191/1320/1191 1165/1293/1165
f 1161/1288/1161 1192/1321/1192 1160/1287/1160
f 1160/1287/1160 1192/1321/1192 1165/1293/1165
f 1193/1322/1193 1195/1323/1194 1194/1324/1195
f 1195/1323/1194 1193/1322/1193 1196/1325/1196
f 1193/1322/1193 1197/1326/1197 1196/1325/1196
f 1198/1327/1198 1195/1323/1194 1196/1325/1196
f 1199/1328/1199 1195/1323/1194 1198/1327/1198
f 1200/1329/1200 1196/1325/1196 1197/1326/1197
f 1201/1330/1201 1200/1329/1200 1197/1326/1197
f 1198/1327/1198 1202/1331/1202 1199/1328/1199
f 1203/1332/1203 1199/1328/1199 1202/1331/1202
f 1196/1325/1196 1204/1333/1204 1198/1327/1198
f 1204/1333/1204 1196/1325/1196 1200/1329/1200
f 1203/1332/1203 1202/1331/1202 1205/1334/1205
f 1206/1335/1206 1203/1332/1203 1205/1334/1205
f 1207/1336/1207 1202/1331/1202 1198/1327/1198
f 1204/1333/1204 1207/1336/1207 1198/1327/1198
f 1205/1334/1205 1202/1331/1202 1208/1337/1208
f 1202/1331/1202 1207/1336/1207 1208/1337/1208
f 1207/1336/1207 1204/1333/1204 1209/1338/1209
f 1210/1339/1210 1204/1333/1204 1200/1329/1200
f 1209/1338/1209 1204/1333/1204 1210/1339/1210
f 1208/1337/1208 1207/1336/1207 1211/1340/1211
f 1209/1338/1209 1211/1340/1211 1207/1336/1207
f 1212/1341/1212 1200/1329/1200 1201/1330/1201
f 1210/1339/1210 1200/1329/1200 1213/1342/1213
f 1213/1342/1213 1200/1329/1200 1212/1341/1212
f 1214/1343/1214 1212/1341/1212 1201/1330/1201
f 1214/1343/1214 1201/1330/1201 1215/1344/1215
f 1213/1342/1213 1212/1341/1212 1216/1345/1216
f 1216/1345/1216 1212/1341/1212 1214/1343/1214
f 1217/1346/1217 1210/1339/1210 1213/1342/1213
f 1216/1345/1216 1217/1346/1217 1213/1342/1213
f 1218/1347/1218 1209/1338/1209 1210/1339/1210
f 1217/1346/1217 1218/1347/1218 1210/1339/1210
f 1219/1348/1219 1214/1343/1214 1215/1344/1215
f 1219/1348/1219 1215/1344/1215 1220/1349/1220
f 1221/1350/1221 1219/1348/1219 1220/1349/1220
f 1216/1345/1216 1214/1343/1214 1222/1351/1222
f 1222/1351/1222 1214/1343/1214 1219/1348/1219
f 1217/1346/1217 1216/1345/1216 1223/1352/1223
f 1222/1351/1222 1223/1352/1223 1216/1345/1216
f 1219/1348/1219 1221/1350/1221 1224/1353/1224
f 1225/1354/1225 1224/1353/1224 1221/1350/1221
f 1226/1355/1226 1219/1348/1219 1224/1353/1224
f 1226/1355/1226 1222/1351/1222 1219/1348/1219
f 1227/1356/1227 1224/1353/1224 1225/1354/1225
f 1227/1356/1227 1226/1355/1226 1224/1353/1224
f 1228/1357/1228 1227/1356/1227 1225/1354/1225
f 1218/1347/1218 1217/1346/1217 1229/1358/1229
f 1223/1352/1223 1229/1358/1229 1217/1346/1217
f 1223/1352/1223 1222/1351/1222 1230/1359/1230
f 1231/1360/1231 1222/1351/1222 1226/1355/1226
f 1230/1359/1230 1222/1351/1222 1231/1360/1231
f 1229/1358/1229 1223/1352/1223 1232/1361/1232
f 1230/1359/1230 1232/1361/1232 1223/1352/1223
f 1229/1358/1229 1233/1362/1233 1218/1347/1218
f 1233/1362/1233 1229/1358/1229 1234/1363/1234
f 1234/1363/1234 1229/1358/1229 1232/1361/1232
f 1235/1364/1235 1218/1347/1218 1233/1362/1233
f 1234/1363/1234 1235/1364/1235 1233/1362/1233
f 1218/1347/1218 1235/1364/1235 1209/1338/1209
f 1211/1340/1211 1209/1338/1209 1235/1364/1235
f 1235/1364/1235 1234/1363/1234 1236/1365/1236
f 1211/1340/1211 1235/1364/1235 1236/1365/1236
f 1237/1366/1237 1234/1363/1234 1232/1361/1232
f 1236/1365/1236 1234/1363/1234 1237/1366/1237
f 1232/1361/1232 1230/1359/1230 1238/1367/1238
f 1237/1366/1237 1232/1361/1232 1238/1367/1238
f 1230/1359/1230 1239/1368/1239 1238/1367/1238
f 1239/1368/1239 1230/1359/1230 1231/1360/1231
f 1237/1366/1237 1238/1367/1238 1239/1368/1239
f 1240/1369/1240 1211/1340/1211 1236/1365/1236
f 1241/1370/1241 1236/1365/1236 1237/1366/1237
f 1241/1370/1241 1240/1369/1240 1236/1365/1236
f 1237/1366/1237 1239/1368/1239 1242/1371/1242
f 1241/1370/1241 1237/1366/1237 1242/1371/1242
f 1231/1360/1231 1243/1372/1243 1239/1368/1239
f 1243/1372/1243 1242/1371/1242 1239/1368/1239
f 1240/1369/1240 1244/1373/1244 1211/1340/1211
f 1244/1373/1244 1208/1337/1208 1211/1340/1211
f 1243/1372/1243 1231/1360/1231 1245/1374/1245
f 1231/1360/1231 1226/1355/1226 1245/1374/1245
f 1245/1374/1245 1226/1355/1226 1246/1375/1246
f 1226/1355/1226 1227/1356/1227 1246/1375/1246
f 1246/1375/1246 1247/1376/1247 1245/1374/1245
f 1247/1376/1247 1243/1372/1243 1245/1374/1245
f 1246/1375/1246 1227/1356/1227 1248/1377/1248
f 1247/1376/1247 1246/1375/1246 1248/1377/1248
f 1248/1377/1248 1227/1356/1227 1249/1378/1249
f 1249/1378/1249 1227/1356/1227 1228/1357/1228
f 1250/1379/1250 1247/1376/1247 1248/1377/1248
f 1250/1379/1250 1248/1377/1248 1249/1378/1249
f 1228/1357/1228 1251/1380/1251 1249/1378/1249
f 1249/1378/1249 1251/1380/1251 1250/1379/1250
f 1251/1380/1251 1228/1357/1228 1252/1381/1252
f 1253/1382/1253 1251/1380/1251 1252/1381/1252
f 1243/1372/1243 1247/1376/1247 1254/1383/1254
f 1247/1376/1247 1250/1379/1250 1254/1383/1254
f 1251/1380/1251 1253/1382/1253 1255/1384/1255
f 1256/1385/1256 1255/1384/1255 1253/1382/1253
f 1243/1372/1243 1254/1383/1254 1257/1386/1257
f 1242/1371/1242 1243/1372/1243 1257/1386/1257
f 1258/1387/1258 1250/1379/1250 1251/1380/1251
f 1251/1380/1251 1255/1384/1255 1258/1387/1258
f 1250/1379/1250 1259/1388/1259 1254/1383/1254
f 1254/1383/1254 1259/1388/1259 1257/1386/1257
f 1259/1388/1259 1250/1379/1250 1258/1387/1258
f 1257/1386/1257 1260/1389/1260 1242/1371/1242
f 1241/1370/1241 1242/1371/1242 1260/1389/1260
f 1261/1390/1261 1257/1386/1257 1259/1388/1259
f 1260/1389/1260 1257/1386/1257 1261/1390/1261
f 1258/1387/1258 1262/1391/1262 1259/1388/1259
f 1261/1390/1261 1259/1388/1259 1262/1391/1262
f 1255/1384/1255 1263/1392/1263 1258/1387/1258
f 1262/1391/1262 1258/1387/1258 1263/1392/1263
f 1255/1384/1255 1256/1385/1256 1264/1393/1264
f 1263/1392/1263 1255/1384/1255 1264/1393/1264
f 1265/1394/1265 1264/1393/1264 1256/1385/1256
f 1265/1394/1265 1263/1392/1263 1264/1393/1264
f 1256/1385/1256 1266/1395/1266 1265/1394/1265
f 1260/1389/1260 1267/1396/1267 1241/1370/1241
f 1240/1369/1240 1241/1370/1241 1267/1396/1267
f 1262/1391/1262 1263/1392/1263 1268/1397/1268
f 1261/1390/1261 1262/1391/1262 1268/1397/1268
f 1269/1398/1269 1260/1389/1260 1261/1390/1261
f 1267/1396/1267 1260/1389/1260 1269/1398/1269
f 1263/1392/1263 1265/1394/1265 1270/1399/1270
f 1263/1392/1263 1270/1399/1270 1268/1397/1268
f 1271/1400/1271 1265/1394/1265 1266/1395/1266
f 1271/1400/1271 1266/1395/1266 1272/1401/1272
f 1273/1402/1273 1271/1400/1271 1272/1401/1272
f 1274/1403/1274 1261/1390/1261 1268/1397/1268
f 1269/1398/1269 1261/1390/1261 1274/1403/1274
f 1271/1400/1271 1273/1402/1273 1275/1404/1275
f 1276/1405/1276 1275/1404/1275 1273/1402/1273
f 1275/1404/1275 1276/1405/1276 1277/1406/1277
f 1276/1405/1276 1194/1407/1195 1277/1406/1277
f 1195/1408/1194 1277/1406/1277 1194/1407/1195
f 1199/1409/1199 1277/1406/1277 1195/1408/1194
f 1278/1410/1278 1271/1400/1271 1275/1404/1275
f 1277/1406/1277 1278/1410/1278 1275/1404/1275
f 1277/1406/1277 1199/1409/1199 1279/1411/1279
f 1278/1410/1278 1277/1406/1277 1279/1411/1279
f 1203/1412/1203 1279/1411/1279 1199/1409/1199
f 1279/1411/1279 1203/1412/1203 1280/1413/1280
f 1280/1413/1280 1278/1410/1278 1279/1411/1279
f 1206/1414/1206 1280/1413/1280 1203/1412/1203
f 1278/1410/1278 1281/1415/1281 1271/1400/1271
f 1281/1415/1281 1265/1394/1265 1271/1400/1271
f 1280/1413/1280 1206/1414/1206 1282/1416/1282
f 1282/1416/1282 1206/1414/1206 1283/1417/1283
f 1284/1418/1284 1278/1410/1278 1280/1413/1280
f 1284/1418/1284 1281/1415/1281 1278/1410/1278
f 1265/1394/1265 1281/1415/1281 1285/1419/1285
f 1265/1394/1265 1285/1419/1285 1270/1399/1270
f 1280/1413/1280 1286/1420/1286 1284/1418/1284
f 1286/1420/1286 1280/1413/1280 1282/1416/1282
f 1284/1418/1284 1287/1421/1287 1281/1415/1281
f 1287/1421/1287 1285/1419/1285 1281/1415/1281
f 1286/1420/1286 1287/1421/1287 1284/1418/1284
f 1288/1422/1288 1282/1416/1282 1283/1417/1283
f 1289/1423/1289 1288/1422/1288 1283/1417/1283
f 1270/1399/1270 1285/1419/1285 1290/1424/1290
f 1290/1424/1290 1268/1397/1268 1270/1399/1270
f 1282/1416/1282 1291/1425/1291 1286/1420/1286
f 1291/1425/1291 1282/1416/1282 1288/1422/1288
f 1292/1426/1292 1288/1422/1288 1289/1423/1289
f 1292/1426/1292 1291/1425/1291 1288/1422/1288
f 1293/1427/1293 1292/1426/1292 1289/1423/1289
f 1294/1428/1294 1287/1421/1287 1286/1420/1286
f 1291/1425/1291 1294/1428/1294 1286/1420/1286
f 1295/1429/1295 1285/1419/1285 1287/1421/1287
f 1285/1419/1285 1295/1429/1295 1290/1424/1290
f 1294/1428/1294 1295/1429/1295 1287/1421/1287
f 1268/1397/1268 1290/1424/1290 1296/1430/1296
f 1296/1430/1296 1274/1403/1274 1268/1397/1268
f 1297/1431/1297 1290/1424/1290 1295/1429/1295
f 1290/1424/1290 1297/1431/1297 1296/1430/1296
f 1274/1403/1274 1296/1430/1296 1298/1432/1298
f 1298/1432/1298 1269/1398/1269 1274/1403/1274
f 1299/1433/1299 1295/1429/1295 1294/1428/1294
f 1299/1433/1299 1297/1431/1297 1295/1429/1295
f 1300/1434/1300 1296/1430/1296 1297/1431/1297
f 1300/1434/1300 1298/1432/1298 1296/1430/1296
f 1298/1432/1298 1301/1435/1301 1269/1398/1269
f 1301/1435/1301 1267/1396/1267 1269/1398/1269
f 1297/1431/1297 1299/1433/1299 1302/1436/1302
f 1302/1436/1302 1300/1434/1300 1297/1431/1297
f 1298/1432/1298 1300/1434/1300 1303/1437/1303
f 1303/1437/1303 1301/1435/1301 1298/1432/1298
f 1267/1396/1267 1301/1435/1301 1304/1438/1304
f 1304/1438/1304 1240/1369/1240 1267/1396/1267
f 1300/1434/1300 1302/1436/1302 1305/1439/1305
f 1305/1439/1305 1303/1437/1303 1300/1434/1300
f 1306/1440/1306 1301/1435/1301 1303/1437/1303
f 1306/1440/1306 1304/1438/1304 1301/1435/1301
f 1307/1441/1307 1240/1369/1240 1304/1438/1304
f 1244/1373/1244 1240/1369/1240 1307/1441/1307
f 1303/1437/1303 1305/1439/1305 1308/1442/1308
f 1308/1442/1308 1306/1440/1306 1303/1437/1303
f 1309/1443/1309 1307/1441/1307 1304/1438/1304
f 1304/1438/1304 1306/1440/1306 1309/1443/1309
f 1299/1433/1299 1310/1444/1310 1302/1436/1302
f 1302/1436/1302 1311/1445/1311 1305/1439/1305
f 1311/1445/1311 1302/1436/1302 1310/1444/1310
f 1305/1439/1305 1312/1446/1312 1308/1442/1308
f 1312/1446/1312 1305/1439/1305 1311/1445/1311
f 1310/1444/1310 1299/1433/1299 1313/1447/1313
f 1294/1428/1294 1313/1447/1313 1299/1433/1299
f 1313/1447/1313 1294/1428/1294 1314/1448/1314
f 1314/1448/1314 1294/1428/1294 1291/1425/1291
f 1315/1449/1315 1314/1448/1314 1291/1425/1291
f 1315/1449/1315 1291/1425/1291 1292/1426/1292
f 1316/1450/1316 1309/1443/1309 1306/1440/1306
f 1306/1440/1306 1308/1442/1308 1317/1451/1317
f 1306/1440/1306 1317/1451/1317 1316/1450/1316
f 1308/1442/1308 1318/1452/1318 1317/1451/1317
f 1318/1452/1318 1308/1442/1308 1312/1446/1312
f 1316/1450/1316 1319/1453/1319 1309/1443/1309
f 1307/1441/1307 1309/1443/1309 1319/1453/1319
f 1320/1454/1320 1316/1450/1316 1317/1451/1317
f 1317/1451/1317 1318/1452/1318 1320/1454/1320
f 1321/1455/1321 1307/1441/1307 1319/1453/1319
f 1307/1441/1307 1321/1455/1321 1244/1373/1244
f 1319/1453/1319 1316/1450/1316 1322/1456/1322
f 1320/1454/1320 1322/1456/1322 1316/1450/1316
f 1323/1457/1323 1244/1373/1244 1321/1455/1321
f 1244/1373/1244 1323/1457/1323 1208/1337/1208
f 1205/1334/1205 1208/1337/1208 1323/1457/1323
f 1319/1453/1319 1324/1458/1324 1321/1455/1321
f 1324/1458/1324 1319/1453/1319 1322/1456/1322
f 1324/1458/1324 1323/1457/1323 1321/1455/1321
f 1325/1459/1325 1322/1456/1322 1320/1454/1320
f 1325/1459/1325 1324/1458/1324 1322/1456/1322
f 1318/1452/1318 1326/1460/1326 1320/1454/1320
f 1326/1460/1326 1325/1459/1325 1320/1454/1320
f 1327/1461/1327 1205/1334/1205 1323/1457/1323
f 1323/1457/1323 1324/1458/1324 1327/1461/1327
f 1328/1462/1328 1324/1458/1324 1325/1459/1325
f 1327/1461/1327 1324/1458/1324 1328/1462/1328
f 1205/1334/1205 1327/1461/1327 1329/1463/1329
f 1206/1335/1206 1205/1334/1205 1329/1463/1329
f 1330/1464/1330 1329/1463/1329 1327/1461/1327
f 1330/1464/1330 1327/1461/1327 1328/1462/1328
f 1331/1465/1331 1206/1335/1206 1329/1463/1329
f 1329/1463/1329 1330/1464/1330 1331/1465/1331
f 1206/1335/1206 1331/1465/1331 1283/1466/1283
f 1332/1467/1332 1328/1462/1328 1325/1459/1325
f 1332/1467/1332 1325/1459/1325 1326/1460/1326
f 1333/1468/1333 1330/1464/1330 1328/1462/1328
f 1332/1467/1332 1333/1468/1333 1328/1462/1328
f 1334/1469/1334 1283/1466/1283 1331/1465/1331
f 1289/1470/1289 1283/1466/1283 1334/1469/1334
f 1335/1471/1335 1331/1465/1331 1330/1464/1330
f 1335/1471/1335 1330/1464/1330 1333/1468/1333
f 1335/1471/1335 1334/1469/1334 1331/1465/1331
f 1336/1472/1336 1333/1468/1333 1332/1467/1332
f 1326/1460/1326 1336/1472/1336 1332/1467/1332
f 1337/1473/1337 1289/1470/1289 1334/1469/1334
f 1337/1473/1337 1293/1474/1293 1289/1470/1289
f 1338/1475/1338 1334/1469/1334 1335/1471/1335
f 1338/1475/1338 1337/1473/1337 1334/1469/1334
f 1339/1476/1339 1335/1471/1335 1333/1468/1333
f 1339/1476/1339 1333/1468/1333 1336/1472/1336
f 1339/1476/1339 1338/1475/1338 1335/1471/1335
f 1340/1477/1340 1293/1474/1293 1337/1473/1337
f 1340/1477/1340 1341/1478/1341 1293/1474/1293
f 1340/1477/1340 1342/1479/1342 1341/1478/1341
f 1343/1480/1343 1337/1473/1337 1338/1475/1338
f 1340/1477/1340 1337/1473/1337 1343/1480/1343
f 1344/1481/1344 1338/1475/1338 1339/1476/1339
f 1343/1480/1343 1338/1475/1338 1344/1481/1344
f 1345/1482/1345 1339/1476/1339 1336/1472/1336
f 1339/1476/1339 1345/1482/1345 1344/1481/1344
f 1342/1479/1342 1340/1477/1340 1346/1483/1346
f 1346/1483/1346 1347/1484/1347 1342/1479/1342
f 1347/1484/1347 1346/1483/1346 1348/1485/1348
f 1347/1484/1347 1348/1485/1348 1349/1486/1349
f 1343/1480/1343 1350/1487/1350 1340/1477/1340
f 1350/1487/1350 1346/1483/1346 1340/1477/1340
f 1344/1481/1344 1350/1487/1350 1343/1480/1343
f 1346/1483/1346 1350/1487/1350 1351/1488/1351
f 1351/1488/1351 1348/1485/1348 1346/1483/1346
f 1350/1487/1350 1344/1481/1344 1352/1489/1352
f 1352/1489/1352 1351/1488/1351 1350/1487/1350
f 1353/1490/1353 1345/1482/1345 1336/1472/1336
f 1336/1472/1336 1326/1460/1326 1353/1490/1353
f 1354/1491/1354 1344/1481/1344 1345/1482/1345
f 1344/1481/1344 1354/1491/1354 1352/1489/1352
f 1355/1492/1355 1349/1486/1349 1348/1485/1348
f 1356/1493/1356 1349/1486/1349 1355/1492/1355
f 1345/1482/1345 1353/1490/1353 1357/1494/1357
f 1357/1494/1357 1354/1491/1354 1345/1482/1345
f 1353/1490/1353 1326/1460/1326 1358/1495/1358
f 1326/1460/1326 1318/1452/1318 1358/1495/1358
f 1358/1495/1358 1318/1452/1318 1312/1446/1312
f 1359/1496/1359 1353/1490/1353 1358/1495/1358
f 1359/1496/1359 1357/1494/1357 1353/1490/1353
f 1312/1446/1312 1360/1497/1360 1358/1495/1358
f 1360/1497/1360 1359/1496/1359 1358/1495/1358
f 1311/1445/1311 1360/1497/1360 1312/1446/1312
f 1360/1497/1360 1311/1445/1311 1361/1498/1361
f 1310/1444/1310 1361/1498/1361 1311/1445/1311
f 1359/1496/1359 1360/1497/1360 1362/1499/1362
f 1361/1498/1361 1362/1499/1362 1360/1497/1360
f 1357/1494/1357 1359/1496/1359 1363/1500/1363
f 1363/1500/1363 1359/1496/1359 1362/1499/1362
f 1354/1491/1354 1357/1494/1357 1364/1501/1364
f 1364/1501/1364 1357/1494/1357 1363/1500/1363
f 1361/1498/1361 1310/1444/1310 1365/1502/1365
f 1313/1447/1313 1365/1502/1365 1310/1444/1310
f 1362/1499/1362 1361/1498/1361 1366/1503/1366
f 1365/1502/1365 1366/1503/1366 1361/1498/1361
f 1367/1504/1367 1363/1500/1363 1362/1499/1362
f 1366/1503/1366 1367/1504/1367 1362/1499/1362
f 1365/1502/1365 1313/1447/1313 1368/1505/1368
f 1368/1505/1368 1313/1447/1313 1314/1448/1314
f 1366/1503/1366 1365/1502/1365 1369/1506/1369
f 1369/1506/1369 1365/1502/1365 1368/1505/1368
f 1314/1448/1314 1370/1507/1370 1368/1505/1368
f 1314/1448/1314 1315/1449/1315 1370/1507/1370
f 1370/1507/1370 1315/1449/1315 1371/1508/1371
f 1372/1509/1372 1368/1505/1368 1370/1507/1370
f 1372/1509/1372 1369/1506/1369 1368/1505/1368
f 1373/1510/1373 1366/1503/1366 1369/1506/1369
f 1367/1504/1367 1366/1503/1366 1373/1510/1373
f 1367/1504/1367 1374/1511/1374 1363/1500/1363
f 1374/1511/1374 1364/1501/1364 1363/1500/1363
f 1375/1512/1375 1370/1507/1370 1371/1508/1371
f 1375/1512/1375 1372/1509/1372 1370/1507/1370
f 1376/1513/1376 1369/1506/1369 1372/1509/1372
f 1376/1513/1376 1373/1510/1373 1369/1506/1369
f 1373/1510/1373 1377/1514/1377 1367/1504/1367
f 1374/1511/1374 1367/1504/1367 1377/1514/1377
f 1378/1515/1378 1372/1509/1372 1375/1512/1375
f 1378/1515/1378 1376/1513/1376 1372/1509/1372
f 1379/1516/1379 1373/1510/1373 1376/1513/1376
f 1377/1514/1377 1373/1510/1373 1379/1516/1379
f 1371/1508/1371 1380/1517/1380 1375/1512/1375
f 1380/1517/1380 1378/1515/1378 1375/1512/1375
f 1381/1518/1381 1376/1513/1376 1378/1515/1378
f 1381/1518/1381 1379/1516/1379 1376/1513/1376
f 1382/1519/1382 1378/1515/1378 1380/1517/1380
f 1382/1519/1382 1381/1518/1381 1378/1515/1378
f 1374/1511/1374 1383/1520/1383 1364/1501/1364
f 1377/1514/1377 1384/1521/1384 1374/1511/1374
f 1383/1520/1383 1374/1511/1374 1384/1521/1384
f 1385/1522/1385 1377/1514/1377 1379/1516/1379
f 1384/1521/1384 1377/1514/1377 1385/1522/1385
f 1381/1518/1381 1386/1523/1386 1379/1516/1379
f 1386/1523/1386 1385/1522/1385 1379/1516/1379
f 1387/1524/1387 1381/1518/1381 1382/1519/1382
f 1386/1523/1386 1381/1518/1381 1387/1524/1387
f 1388/1525/1388 1364/1501/1364 1383/1520/1383
f 1364/1501/1364 1388/1525/1388 1354/1491/1354
f 1388/1525/1388 1352/1489/1352 1354/1491/1354
f 1352/1489/1352 1388/1525/1388 1389/1526/1389
f 1351/1488/1351 1352/1489/1352 1389/1526/1389
f 1388/1525/1388 1383/1520/1383 1390/1527/1390
f 1390/1527/1390 1389/1526/1389 1388/1525/1388
f 1384/1521/1384 1391/1528/1391 1383/1520/1383
f 1391/1528/1391 1390/1527/1390 1383/1520/1383
f 1384/1521/1384 1385/1522/1385 1392/1529/1392
f 1391/1528/1391 1384/1521/1384 1392/1529/1392
f 1385/1522/1385 1386/1523/1386 1393/1530/1393
f 1392/1529/1392 1385/1522/1385 1393/1530/1393
f 1394/1531/1394 1386/1523/1386 1387/1524/1387
f 1394/1531/1394 1393/1530/1393 1386/1523/1386
f 1389/1526/1389 1395/1532/1395 1351/1488/1351
f 1395/1532/1395 1389/1526/1389 1396/1533/1396
f 1389/1526/1389 1390/1527/1390 1396/1533/1396
f 1397/1534/1397 1351/1488/1351 1395/1532/1395
f 1396/1533/1396 1397/1534/1397 1395/1532/1395
f 1348/1485/1348 1351/1488/1351 1397/1534/1397
f 1393/1530/1393 1398/1535/1398 1392/1529/1392
f 1399/1536/1399 1391/1528/1391 1392/1529/1392
f 1398/1535/1398 1399/1536/1399 1392/1529/1392
f 1400/1537/1400 1393/1530/1393 1394/1531/1394
f 1398/1535/1398 1393/1530/1393 1400/1537/1400
f 1401/1538/1401 1394/1531/1394 1387/1524/1387
f 1402/1539/1402 1400/1537/1400 1394/1531/1394
f 1402/1539/1402 1394/1531/1394 1401/1538/1401
f 1403/1540/1403 1401/1538/1401 1387/1524/1387
f 1403/1540/1403 1387/1524/1387 1382/1519/1382
f 1404/1541/1404 1403/1540/1403 1382/1519/1382
f 1404/1541/1404 1382/1519/1382 1380/1517/1380
f 1405/1542/1405 1398/1535/1398 1400/1537/1400
f 1406/1543/1406 1399/1536/1399 1398/1535/1398
f 1406/1543/1406 1398/1535/1398 1405/1542/1405
f 1407/1544/1407 1400/1537/1400 1402/1539/1402
f 1405/1542/1405 1400/1537/1400 1407/1544/1407
f 1401/1538/1401 1403/1540/1403 1408/1545/1408
f 1409/1546/1409 1402/1539/1402 1401/1538/1401
f 1408/1545/1408 1409/1546/1409 1401/1538/1401
f 1403/1540/1403 1404/1541/1404 1410/1547/1410
f 1410/1547/1410 1408/1545/1408 1403/1540/1403
f 1411/1548/1411 1407/1544/1407 1402/1539/1402
f 1411/1548/1411 1402/1539/1402 1409/1546/1409
f 1412/1549/1412 1399/1536/1399 1406/1543/1406
f 1413/1550/1413 1406/1543/1406 1405/1542/1405
f 1413/1550/1413 1412/1549/1412 1406/1543/1406
f 1414/1551/1414 1405/1542/1405 1407/1544/1407
f 1413/1550/1413 1405/1542/1405 1414/1551/1414
f 1411/1548/1411 1415/1552/1415 1407/1544/1407
f 1414/1551/1414 1407/1544/1407 1415/1552/1415
f 1416/1553/1416 1413/1550/1413 1414/1551/1414
f 1412/1549/1412 1413/1550/1413 1416/1553/1416
f 1399/1536/1399 1412/1549/1412 1417/1554/1417
f 1417/1554/1417 1391/1528/1391 1399/1536/1399
f 1415/1552/1415 1418/1555/1418 1414/1551/1414
f 1414/1551/1414 1418/1555/1418 1416/1553/1416
f 1391/1528/1391 1417/1554/1417 1419/1556/1419
f 1390/1527/1390 1391/1528/1391 1419/1556/1419
f 1390/1527/1390 1419/1556/1419 1420/1557/1420
f 1420/1557/1420 1396/1533/1396 1390/1527/1390
f 1396/1533/1396 1420/1557/1420 1421/1558/1421
f 1397/1534/1397 1396/1533/1396 1421/1558/1421
f 1421/1558/1421 1422/1559/1422 1397/1534/1397
f 1422/1559/1422 1348/1485/1348 1397/1534/1397
f 1420/1557/1420 8/1560/8 1421/1558/1421
f 1422/1559/1422 1421/1558/1421 8/1560/8
f 8/1560/8 1420/1557/1420 14/1561/14
f 1420/1557/1420 1419/1556/1419 14/1561/14
f 1419/1556/1419 17/1562/17 14/1561/14
f 1417/1554/1417 17/1562/17 1419/1556/1419
f 17/1562/17 1417/1554/1417 27/1563/27
f 1412/1549/1412 27/1563/27 1417/1554/1417
f 27/1563/27 1412/1549/1412 33/1564/33
f 1416/1553/1416 33/1564/33 1412/1549/1412
f 33/1564/33 1416/1553/1416 39/1565/39
f 1418/1555/1418 39/1565/39 1416/1553/1416
f 1422/1559/1422 8/1560/8 5/1566/5
f 39/1565/39 1418/1555/1418 92/1567/92
f 5/1566/5 1423/1568/1423 1422/1559/1422
f 1423/1568/1423 1348/1485/1348 1422/1559/1422
f 1423/1568/1423 5/1566/5 3/1569/2
f 1348/1485/1348 1423/1568/1423 1355/1492/1355
f 3/1569/2 1424/1570/1424 1423/1568/1423
f 1423/1568/1423 1424/1570/1424 1355/1492/1355
f 3/1569/2 1/1571/1 1424/1570/1424
f 1424/1570/1424 1356/1493/1356 1355/1492/1355
f 1/1571/1 1425/1572/1425 1424/1570/1424
f 1425/1572/1425 1356/1493/1356 1424/1570/1424
f 1356/1493/1356 1425/1572/1425 1426/1573/1426
f 92/1567/92 1418/1555/1418 1427/1574/1427
f 1418/1555/1418 1415/1552/1415 1427/1574/1427
f 1427/1574/1427 1428/1575/1428 92/1567/92
f 92/1567/92 1428/1575/1428 93/1576/93
f 1428/1575/1428 95/1577/95 93/1576/93
f 1427/1574/1427 1415/1552/1415 1429/1578/1429
f 1415/1552/1415 1411/1548/1411 1429/1578/1429
f 1428/1575/1428 1427/1574/1427 1430/1579/1430
f 1430/1579/1430 1427/1574/1427 1429/1578/1429
f 1431/1580/1431 95/1577/95 1428/1575/1428
f 1431/1580/1431 1428/1575/1428 1430/1579/1430
f 1431/1580/1431 98/1581/98 95/1577/95
f 98/1581/98 1431/1580/1431 1432/1582/1432
f 1432/1582/1432 100/1583/100 98/1581/98
f 1433/1584/1433 1431/1580/1431 1430/1579/1430
f 1432/1582/1432 1431/1580/1431 1433/1584/1433
f 1434/1585/1434 100/1583/100 1432/1582/1432
f 100/1583/100 1434/1585/1434 110/1586/110
f 1429/1578/1429 1411/1548/1411 1435/1587/1435
f 1435/1587/1435 1411/1548/1411 1409/1546/1409
f 1430/1579/1430 1429/1578/1429 1436/1588/1436
f 1433/1584/1433 1430/1579/1430 1436/1588/1436
f 1437/1589/1437 1432/1582/1432 1433/1584/1433
f 1434/1585/1434 1432/1582/1432 1437/1589/1437
f 1438/1590/1438 110/1586/110 1434/1585/1434
f 110/1586/110 1438/1590/1438 111/1591/111
f 1439/1592/1439 1429/1578/1429 1435/1587/1435
f 1436/1588/1436 1429/1578/1429 1439/1592/1439
f 1440/1593/1440 1433/1584/1433 1436/1588/1436
f 1437/1589/1437 1433/1584/1433 1440/1593/1440
f 1436/1588/1436 1439/1592/1439 1441/1594/1441
f 1440/1593/1440 1436/1588/1436 1441/1594/1441
f 1442/1595/1442 1439/1592/1439 1435/1587/1435
f 1441/1594/1441 1439/1592/1439 1442/1595/1442
f 1443/1596/1443 1434/1585/1434 1437/1589/1437
f 1443/1596/1443 1438/1590/1438 1434/1585/1434
f 1438/1590/1438 1444/1597/1444 111/1591/111
f 1444/1597/1444 264/1598/264 111/1591/111
f 1438/1590/1438 1445/1599/1445 1444/1597/1444
f 1445/1599/1445 1438/1590/1438 1443/1596/1443
f 264/1598/264 1444/1597/1444 1446/1600/1446
f 1446/1600/1446 1444/1597/1444 1445/1599/1445
f 1447/1601/1447 264/1598/264 1446/1600/1446
f 1445/1599/1445 1447/1601/1447 1446/1600/1446
f 263/1602/263 264/1598/264 1447/1601/1447
f 1443/1596/1443 1448/1603/1448 1445/1599/1445
f 1447/1601/1447 1445/1599/1445 1448/1603/1448
f 1437/1589/1437 1449/1604/1449 1443/1596/1443
f 1448/1603/1448 1443/1596/1443 1449/1604/1449
f 1450/1605/1450 263/1602/263 1447/1601/1447
f 1448/1603/1448 1450/1605/1450 1447/1601/1447
f 1449/1604/1449 1437/1589/1437 1451/1606/1451
f 1451/1606/1451 1437/1589/1437 1440/1593/1440
f 1452/1607/1452 1448/1603/1448 1449/1604/1449
f 1450/1605/1450 1448/1603/1448 1452/1607/1452
f 263/1602/263 1450/1605/1450 1453/1608/1453
f 1453/1608/1453 260/1609/260 263/1602/263
f 1454/1610/1454 1449/1604/1449 1451/1606/1451
f 1454/1610/1454 1452/1607/1452 1449/1604/1449
f 1451/1606/1451 1440/1593/1440 1455/1611/1455
f 1455/1611/1455 1440/1593/1440 1441/1594/1441
f 1452/1607/1452 1456/1612/1456 1450/1605/1450
f 1456/1612/1456 1453/1608/1453 1450/1605/1450
f 1457/1613/1457 260/1609/260 1453/1608/1453
f 1457/1613/1457 258/1614/258 260/1609/260
f 1458/1615/1458 1457/1613/1457 1453/1608/1453
f 1458/1615/1458 1453/1608/1453 1456/1612/1456
f 258/1614/258 1457/1613/1457 1459/1616/1459
f 1458/1615/1458 1459/1616/1459 1457/1613/1457
f 257/1617/257 258/1614/258 1459/1616/1459
f 257/1617/257 1459/1616/1459 255/1618/255
f 1456/1612/1456 1452/1607/1452 1460/1619/1460
f 1460/1619/1460 1452/1607/1452 1454/1610/1454
f 1461/1620/1461 1458/1615/1458 1456/1612/1456
f 1461/1620/1461 1456/1612/1456 1460/1619/1460
f 255/1618/255 1459/1616/1459 1462/1621/1462
f 1462/1621/1462 256/1622/256 255/1618/255
f 256/1622/256 1462/1621/1462 1463/1623/1463
f 1464/1624/1464 1459/1616/1459 1458/1615/1458
f 1464/1624/1464 1458/1615/1458 1461/1620/1461
f 1464/1624/1464 1462/1621/1462 1459/1616/1459
f 1465/1625/1465 1463/1623/1463 1462/1621/1462
f 1466/1626/1466 1463/1623/1463 1465/1625/1465
f 1467/1627/1467 1462/1621/1462 1464/1624/1464
f 1462/1621/1462 1467/1627/1467 1465/1625/1465
f 1468/1628/1468 1464/1624/1464 1461/1620/1461
f 1468/1628/1468 1467/1627/1467 1464/1624/1464
f 1461/1620/1461 1460/1619/1460 1469/1629/1469
f 1469/1629/1469 1468/1628/1468 1461/1620/1461
f 1470/1630/1470 1466/1626/1466 1465/1625/1465
f 1471/1631/1471 1466/1626/1466 1470/1630/1470
f 1472/1632/1472 1465/1625/1465 1467/1627/1467
f 1472/1632/1472 1470/1630/1470 1465/1625/1465
f 1473/1633/1473 1467/1627/1467 1468/1628/1468
f 1472/1632/1472 1467/1627/1467 1473/1633/1473
f 1474/1634/1474 1471/1631/1471 1470/1630/1470
f 1475/1635/1475 1471/1631/1471 1474/1634/1474
f 1476/1636/1476 1470/1630/1470 1472/1632/1472
f 1476/1636/1476 1474/1634/1474 1470/1630/1470
f 1477/1637/1477 1475/1635/1475 1474/1634/1474
f 1478/1638/1478 1475/1635/1475 1477/1637/1477
f 1479/1639/1479 1469/1629/1469 1460/1619/1460
f 1479/1639/1479 1460/1619/1460 1454/1610/1454
f 1480/1640/1480 1473/1633/1473 1468/1628/1468
f 1468/1628/1468 1469/1629/1469 1480/1640/1480
f 1481/1641/1481 1472/1632/1472 1473/1633/1473
f 1481/1641/1481 1476/1636/1476 1472/1632/1472
f 1482/1642/1482 1474/1634/1474 1476/1636/1476
f 1482/1642/1482 1477/1637/1477 1474/1634/1474
f 1483/1643/1483 1478/1638/1478 1477/1637/1477
f 1484/1644/1484 1478/1638/1478 1483/1643/1483
f 1479/1639/1479 1454/1610/1454 1485/1645/1485
f 1485/1645/1485 1454/1610/1454 1451/1606/1451
f 1485/1645/1485 1451/1606/1451 1455/1611/1455
f 1486/1646/1486 1481/1641/1481 1473/1633/1473
f 1473/1633/1473 1480/1640/1480 1486/1646/1486
f 1482/1642/1482 1476/1636/1476 1487/1647/1487
f 1487/1647/1487 1476/1636/1476 1481/1641/1481
f 1488/1648/1488 1477/1637/1477 1482/1642/1482
f 1483/1643/1483 1477/1637/1477 1488/1648/1488
f 1489/1649/1489 1482/1642/1482 1487/1647/1487
f 1488/1648/1488 1482/1642/1482 1489/1649/1489
f 1481/1641/1481 1490/1650/1490 1487/1647/1487
f 1481/1641/1481 1486/1646/1486 1491/1651/1491
f 1490/1650/1490 1481/1641/1481 1491/1651/1491
f 1489/1649/1489 1487/1647/1487 1492/1652/1492
f 1487/1647/1487 1490/1650/1490 1492/1652/1492
f 1480/1640/1480 1493/1653/1493 1486/1646/1486
f 1491/1651/1491 1486/1646/1486 1494/1654/1494
f 1486/1646/1486 1493/1653/1493 1494/1654/1494
f 1490/1650/1490 1491/1651/1491 1495/1655/1495
f 1491/1651/1491 1494/1654/1494 1495/1655/1495
f 1492/1652/1492 1490/1650/1490 1496/1656/1496
f 1490/1650/1490 1495/1655/1495 1496/1656/1496
f 1493/1653/1493 1480/1640/1480 1497/1657/1497
f 1469/1629/1469 1497/1657/1497 1480/1640/1480
f 1497/1657/1497 1469/1629/1469 1498/1658/1498
f 1469/1629/1469 1479/1639/1479 1498/1658/1498
f 1489/1649/1489 1492/1652/1492 1499/1659/1499
f 1500/1660/1500 1492/1652/1492 1496/1656/1496
f 1492/1652/1492 1500/1660/1500 1499/1659/1499
f 1501/1661/1501 1489/1649/1489 1499/1659/1499
f 1501/1661/1501 1488/1648/1488 1489/1649/1489
f 1501/1661/1501 1502/1662/1502 1488/1648/1488
f 1502/1662/1502 1483/1643/1483 1488/1648/1488
f 1503/1663/1503 1483/1643/1483 1502/1662/1502
f 1503/1663/1503 1484/1644/1484 1483/1643/1483
f 1504/1664/1504 1484/1644/1484 1503/1663/1503
f 1505/1665/1505 1504/1664/1504 1503/1663/1503
f 1505/1665/1505 1506/1666/1506 1504/1664/1504
f 1507/1667/1507 1503/1663/1503 1502/1662/1502
f 1507/1667/1507 1505/1665/1505 1503/1663/1503
f 1508/1668/1508 1502/1662/1502 1501/1661/1501
f 1502/1662/1502 1508/1668/1508 1507/1667/1507
f 1509/1669/1509 1501/1661/1501 1499/1659/1499
f 1501/1661/1501 1509/1669/1509 1508/1668/1508
f 1510/1670/1510 1506/1666/1506 1505/1665/1505
f 1510/1670/1510 1511/1671/1511 1506/1666/1506
f 1512/1672/1512 1505/1665/1505 1507/1667/1507
f 1512/1672/1512 1510/1670/1510 1505/1665/1505
f 1507/1667/1507 1508/1668/1508 1513/1673/1513
f 1512/1672/1512 1507/1667/1507 1513/1673/1513
f 1514/1674/1514 1511/1671/1511 1510/1670/1510
f 1514/1674/1514 1515/1675/1515 1511/1671/1511
f 1516/1676/1516 1510/1670/1510 1512/1672/1512
f 1516/1676/1516 1514/1674/1514 1510/1670/1510
f 1517/1677/1517 1515/1675/1515 1514/1674/1514
f 1518/1678/1518 1515/1675/1515 1517/1677/1517
f 1519/1679/1519 1517/1677/1517 1514/1674/1514
f 1519/1679/1519 1514/1674/1514 1516/1676/1516
f 1520/1680/1520 1519/1679/1519 1516/1676/1516
f 1516/1676/1516 1512/1672/1512 1521/1681/1521
f 1520/1680/1520 1516/1676/1516 1521/1681/1521
f 1512/1672/1512 1513/1673/1513 1521/1681/1521
f 1520/1680/1520 1521/1681/1521 1522/1682/1522
f 1521/1681/1521 1523/1683/1523 1522/1682/1522
f 1513/1673/1513 1523/1683/1523 1521/1681/1521
f 1522/1682/1522 1523/1683/1523 1524/1684/1524
f 1523/1683/1523 1513/1673/1513 1525/1685/1525
f 1513/1673/1513 1508/1668/1508 1525/1685/1525
f 1508/1668/1508 1509/1669/1509 1525/1685/1525
f 1524/1684/1524 1523/1683/1523 1526/1686/1526
f 1523/1683/1523 1525/1685/1525 1526/1686/1526
f 1524/1684/1524 1526/1686/1526 1527/1687/1527
f 1509/1669/1509 1528/1688/1528 1525/1685/1525
f 1526/1686/1526 1525/1685/1525 1528/1688/1528
f 1527/1687/1527 1526/1686/1526 1529/1689/1529
f 1529/1689/1529 1526/1686/1526 1528/1688/1528
f 1530/1690/1530 1527/1687/1527 1529/1689/1529
f 1528/1688/1528 1509/1669/1509 1531/1691/1531
f 1509/1669/1509 1499/1659/1499 1531/1691/1531
f 1499/1659/1499 1500/1660/1500 1531/1691/1531
f 1529/1689/1529 1532/1692/1532 1530/1690/1530
f 1533/1693/1533 1530/1690/1530 1532/1692/1532
f 1528/1688/1528 1534/1694/1534 1529/1689/1529
f 1531/1691/1531 1534/1694/1534 1528/1688/1528
f 1532/1692/1532 1529/1689/1529 1534/1694/1534
f 1500/1660/1500 1535/1695/1535 1531/1691/1531
f 1534/1694/1534 1531/1691/1531 1535/1695/1535
f 1534/1694/1534 1536/1696/1536 1532/1692/1532
f 1536/1696/1536 1534/1694/1534 1535/1695/1535
f 1532/1692/1532 1537/1697/1537 1533/1693/1533
f 1536/1696/1536 1537/1697/1537 1532/1692/1532
f 1535/1695/1535 1500/1660/1500 1538/1698/1538
f 1500/1660/1500 1496/1656/1496 1538/1698/1538
f 1539/1699/1539 1533/1693/1533 1537/1697/1537
f 1533/1693/1533 1539/1699/1539 1540/1700/1540
f 1535/1695/1535 1541/1701/1541 1536/1696/1536
f 1538/1698/1538 1541/1701/1541 1535/1695/1535
f 1537/1697/1537 1536/1696/1536 1542/1702/1542
f 1542/1702/1542 1539/1699/1539 1537/1697/1537
f 1536/1696/1536 1541/1701/1541 1542/1702/1542
f 1496/1656/1496 1543/1703/1543 1538/1698/1538
f 1495/1655/1495 1543/1703/1543 1496/1656/1496
f 1544/1704/1544 1540/1700/1540 1539/1699/1539
f 1540/1700/1540 1544/1704/1544 1545/1705/1545
f 1539/1699/1539 1542/1702/1542 1546/1706/1546
f 1546/1706/1546 1544/1704/1544 1539/1699/1539
f 1541/1701/1541 1547/1707/1547 1542/1702/1542
f 1542/1702/1542 1547/1707/1547 1546/1706/1546
f 1541/1701/1541 1538/1698/1538 1548/1708/1548
f 1543/1703/1543 1548/1708/1548 1538/1698/1538
f 1541/1701/1541 1548/1708/1548 1547/1707/1547
f 1543/1703/1543 1495/1655/1495 1549/1709/1549
f 1495/1655/1495 1494/1654/1494 1549/1709/1549
f 1548/1708/1548 1543/1703/1543 1550/1710/1550
f 1543/1703/1543 1549/1709/1549 1550/1710/1550
f 1548/1708/1548 1551/1711/1551 1547/1707/1547
f 1550/1710/1550 1551/1711/1551 1548/1708/1548
f 1547/1707/1547 1552/1712/1552 1546/1706/1546
f 1547/1707/1547 1551/1711/1551 1552/1712/1552
f 1494/1654/1494 1553/1713/1553 1549/1709/1549
f 1494/1654/1494 1493/1653/1493 1553/1713/1553
f 1549/1709/1549 1554/1714/1554 1550/1710/1550
f 1549/1709/1549 1553/1713/1553 1554/1714/1554
f 1551/1711/1551 1550/1710/1550 1555/1715/1555
f 1550/1710/1550 1554/1714/1554 1555/1715/1555
f 1493/1653/1493 1556/1716/1556 1553/1713/1553
f 1497/1657/1497 1556/1716/1556 1493/1653/1493
f 1553/1713/1553 1557/1717/1557 1554/1714/1554
f 1556/1716/1556 1557/1717/1557 1553/1713/1553
f 1556/1716/1556 1497/1657/1497 1558/1718/1558
f 1497/1657/1497 1498/1658/1498 1558/1718/1558
f 1552/1712/1552 1559/1719/1559 1546/1706/1546
f 1544/1704/1544 1546/1706/1546 1559/1719/1559
f 1551/1711/1551 1560/1720/1560 1552/1712/1552
f 1551/1711/1551 1555/1715/1555 1560/1720/1560
f 1554/1714/1554 1561/1721/1561 1555/1715/1555
f 1557/1717/1557 1561/1721/1561 1554/1714/1554
f 1557/1717/1557 1556/1716/1556 1562/1722/1562
f 1558/1718/1558 1562/1722/1562 1556/1716/1556
f 1498/1658/1498 1563/1723/1563 1558/1718/1558
f 1479/1639/1479 1563/1723/1563 1498/1658/1498
f 1559/1719/1559 1552/1712/1552 1564/1724/1564
f 1552/1712/1552 1560/1720/1560 1564/1724/1564
f 1555/1715/1555 1565/1725/1565 1560/1720/1560
f 1561/1721/1561 1565/1725/1565 1555/1715/1555
f 1561/1721/1561 1557/1717/1557 1566/1726/1566
f 1562/1722/1562 1566/1726/1566 1557/1717/1557
f 1562/1722/1562 1558/1718/1558 1567/1727/1567
f 1563/1723/1563 1567/1727/1567 1558/1718/1558
f 1563/1723/1563 1479/1639/1479 1568/1728/1568
f 1563/1723/1563 1568/1728/1568 1569/1729/1569
f 1563/1723/1563 1569/1729/1569 1570/1730/1570
f 1567/1727/1567 1563/1723/1563 1570/1730/1570
f 1568/1728/1568 1479/1639/1479 1485/1645/1485
f 1567/1727/1567 1571/1731/1571 1562/1722/1562
f 1566/1726/1566 1562/1722/1562 1571/1731/1571
f 1566/1726/1566 1572/1732/1572 1561/1721/1561
f 1565/1725/1565 1561/1721/1561 1572/1732/1572
f 1567/1727/1567 1570/1730/1570 1573/1733/1573
f 1571/1731/1571 1567/1727/1567 1573/1733/1573
f 1485/1645/1485 1574/1734/1574 1568/1728/1568
f 1574/1734/1574 1569/1729/1569 1568/1728/1568
f 1571/1731/1571 1575/1735/1575 1566/1726/1566
f 1572/1732/1572 1566/1726/1566 1575/1735/1575
f 1570/1730/1570 1569/1729/1569 1576/1736/1576
f 1570/1730/1570 1576/1736/1576 1573/1733/1573
f 1573/1733/1573 1577/1737/1577 1571/1731/1571
f 1575/1735/1575 1571/1731/1571 1577/1737/1577
f 1574/1734/1574 1485/1645/1485 1578/1738/1578
f 1578/1738/1578 1485/1645/1485 1455/1611/1455
f 1578/1738/1578 1455/1611/1455 1579/1739/1579
f 1455/1611/1455 1441/1594/1441 1579/1739/1579
f 1441/1594/1441 1442/1595/1442 1579/1739/1579
f 1580/1740/1580 1574/1734/1574 1578/1738/1578
f 1578/1738/1578 1579/1739/1579 1580/1740/1580
f 1579/1739/1579 1442/1595/1442 1581/1741/1581
f 1579/1739/1579 1581/1741/1581 1580/1740/1580
f 1580/1740/1580 1581/1741/1581 1582/1742/1582
f 1574/1734/1574 1580/1740/1580 1583/1743/1583
f 1582/1742/1582 1583/1743/1583 1580/1740/1580
f 1569/1729/1569 1574/1734/1574 1583/1743/1583
f 1442/1595/1442 1584/1744/1584 1581/1741/1581
f 1442/1595/1442 1435/1587/1435 1584/1744/1584
f 1435/1587/1435 1409/1546/1409 1584/1744/1584
f 1581/1741/1581 1584/1744/1584 1585/1745/1585
f 1582/1742/1582 1581/1741/1581 1585/1745/1585
f 1584/1744/1584 1409/1546/1409 1586/1746/1586
f 1584/1744/1584 1586/1746/1586 1585/1745/1585
f 1409/1546/1409 1408/1545/1408 1586/1746/1586
f 1585/1745/1585 1586/1746/1586 1587/1747/1587
f 1586/1746/1586 1408/1545/1408 1587/1747/1587
f 1569/1729/1569 1583/1743/1583 1588/1748/1588
f 1583/1743/1583 1582/1742/1582 1588/1748/1588
f 1589/1749/1589 1569/1729/1569 1588/1748/1588
f 1582/1742/1582 1589/1749/1589 1588/1748/1588
f 1582/1742/1582 1585/1745/1585 1590/1750/1590
f 1590/1750/1590 1585/1745/1585 1587/1747/1587
f 1587/1747/1587 1408/1545/1408 1591/1751/1591
f 1408/1545/1408 1410/1547/1410 1591/1751/1591
f 1592/1752/1592 1582/1742/1582 1590/1750/1590
f 1582/1742/1582 1592/1752/1592 1589/1749/1589
f 1590/1750/1590 1587/1747/1587 1593/1753/1593
f 1593/1753/1593 1587/1747/1587 1591/1751/1591
f 1590/1750/1590 1593/1753/1593 1592/1752/1592
f 1569/1729/1569 1589/1749/1589 1594/1754/1594
f 1569/1729/1569 1594/1754/1594 1576/1736/1576
f 1595/1755/1595 1591/1751/1591 1410/1547/1410
f 1410/1547/1410 1404/1541/1404 1595/1755/1595
f 1593/1753/1593 1591/1751/1591 1596/1756/1596
f 1591/1751/1591 1595/1755/1595 1596/1756/1596
f 1593/1753/1593 1596/1756/1596 1597/1757/1597
f 1593/1753/1593 1597/1757/1597 1592/1752/1592
f 1598/1758/1598 1589/1749/1589 1592/1752/1592
f 1589/1749/1589 1598/1758/1598 1594/1754/1594
f 1597/1757/1597 1596/1756/1596 1599/1759/1599
f 1596/1756/1596 1595/1755/1595 1599/1759/1599
f 1600/1760/1600 1592/1752/1592 1597/1757/1597
f 1592/1752/1592 1600/1760/1600 1598/1758/1598
f 1600/1760/1600 1597/1757/1597 1599/1759/1599
f 1576/1736/1576 1594/1754/1594 1601/1761/1601
f 1594/1754/1594 1598/1758/1598 1602/1762/1602
f 1594/1754/1594 1602/1762/1602 1601/1761/1601
f 1603/1763/1603 1598/1758/1598 1600/1760/1600
f 1598/1758/1598 1603/1763/1603 1602/1762/1602
f 1604/1764/1604 1576/1736/1576 1601/1761/1601
f 1576/1736/1576 1604/1764/1604 1573/1733/1573
f 1577/1737/1577 1573/1733/1573 1604/1764/1604
f 1601/1761/1601 1602/1762/1602 1605/1765/1605
f 1601/1761/1601 1606/1766/1606 1604/1764/1604
f 1606/1766/1606 1601/1761/1601 1605/1765/1605
f 1604/1764/1604 1607/1767/1607 1577/1737/1577
f 1607/1767/1607 1604/1764/1604 1606/1766/1606
f 1603/1763/1603 1608/1768/1608 1602/1762/1602
f 1602/1762/1602 1608/1768/1608 1605/1765/1605
f 1609/1769/1609 1577/1737/1577 1607/1767/1607
f 1577/1737/1577 1609/1769/1609 1575/1735/1575
f 1610/1770/1610 1575/1735/1575 1609/1769/1609
f 1575/1735/1575 1610/1770/1610 1572/1732/1572
f 1610/1770/1610 1611/1771/1611 1572/1732/1572
f 1572/1732/1572 1611/1771/1611 1565/1725/1565
f 1611/1771/1611 1612/1772/1612 1565/1725/1565
f 1565/1725/1565 1612/1772/1612 1560/1720/1560
f 1560/1720/1560 1612/1772/1612 1564/1724/1564
f 1611/1771/1611 1613/1773/1613 1612/1772/1612
f 1613/1773/1613 1564/1724/1564 1612/1772/1612
f 1610/1770/1610 1614/1774/1614 1611/1771/1611
f 1611/1771/1611 1614/1774/1614 1613/1773/1613
f 1564/1724/1564 1613/1773/1613 1615/1775/1615
f 1615/1775/1615 1559/1719/1559 1564/1724/1564
f 1559/1719/1559 1615/1775/1615 1616/1776/1616
f 1559/1719/1559 1616/1776/1616 1544/1704/1544
f 1613/1773/1613 1617/1777/1617 1615/1775/1615
f 1617/1777/1617 1616/1776/1616 1615/1775/1615
f 1613/1773/1613 1618/1778/1618 1617/1777/1617
f 1614/1774/1614 1618/1778/1618 1613/1773/1613
f 1616/1776/1616 1617/1777/1617 1619/1779/1619
f 1614/1774/1614 1620/1780/1620 1618/1778/1618
f 1616/1776/1616 1621/1781/1621 1544/1704/1544
f 1619/1779/1619 1621/1781/1621 1616/1776/1616
f 1621/1781/1621 1545/1705/1545 1544/1704/1544
f 1621/1781/1621 1619/1779/1619 1622/1782/1622
f 1545/1705/1545 1621/1781/1621 1623/1783/1623
f 1621/1781/1621 1622/1782/1622 1624/1784/1624
f 1621/1781/1621 1624/1784/1624 1623/1783/1623
f 1625/1785/1625 1620/1780/1620 1614/1774/1614
f 1625/1785/1625 1626/1786/1626 1620/1780/1620
f 1610/1770/1610 1625/1785/1625 1614/1774/1614
f 1627/1787/1627 1626/1786/1626 1625/1785/1625
f 1610/1770/1610 1627/1787/1627 1625/1785/1625
f 1628/1788/1628 1626/1786/1626 1627/1787/1627
f 1627/1787/1627 1610/1770/1610 1609/1769/1609
f 1629/1789/1629 1628/1788/1628 1627/1787/1627
f 1609/1769/1609 1629/1789/1629 1627/1787/1627
f 1630/1790/1630 1628/1788/1628 1629/1789/1629
f 1629/1789/1629 1609/1769/1609 1607/1767/1607
f 1631/1791/1631 1630/1790/1630 1629/1789/1629
f 1607/1767/1607 1632/1792/1632 1629/1789/1629
f 1632/1792/1632 1631/1791/1631 1629/1789/1629
f 1632/1792/1632 1607/1767/1607 1606/1766/1606
f 1633/1793/1633 1631/1791/1631 1632/1792/1632
f 1634/1794/1634 1632/1792/1632 1606/1766/1606
f 1634/1794/1634 1633/1793/1633 1632/1792/1632
f 1605/1765/1605 1634/1794/1634 1606/1766/1606
f 1635/1795/1635 1633/1793/1633 1634/1794/1634
f 1636/1796/1636 1634/1794/1634 1605/1765/1605
f 1636/1796/1636 1635/1795/1635 1634/1794/1634
f 1637/1797/1637 1635/1795/1635 1636/1796/1636
f 1608/1768/1608 1636/1796/1636 1605/1765/1605
f 1638/1798/1638 1637/1797/1637 1636/1796/1636
f 1608/1768/1608 1638/1798/1638 1636/1796/1636
f 1639/1799/1639 1637/1797/1637 1638/1798/1638
f 1638/1798/1638 1608/1768/1608 1640/1800/1640
f 1608/1768/1608 1603/1763/1603 1640/1800/1640
f 1641/1801/1641 1639/1799/1639 1638/1798/1638
f 1641/1801/1641 1426/1802/1426 1639/1799/1639
f 1426/1802/1426 1641/1801/1641 1356/1803/1356
f 1356/1803/1356 1641/1801/1641 1349/1804/1349
f 1638/1798/1638 1642/1805/1642 1641/1801/1641
f 1641/1801/1641 1642/1805/1642 1349/1804/1349
f 1642/1805/1642 1638/1798/1638 1640/1800/1640
f 1349/1804/1349 1642/1805/1642 1347/1806/1347
f 1642/1805/1642 1643/1807/1643 1347/1806/1347
f 1642/1805/1642 1640/1800/1640 1643/1807/1643
f 1347/1806/1347 1643/1807/1643 1342/1808/1342
f 1644/1809/1644 1640/1800/1640 1603/1763/1603
f 1600/1760/1600 1644/1809/1644 1603/1763/1603
f 1342/1808/1342 1643/1807/1643 1645/1810/1645
f 1342/1808/1342 1645/1810/1645 1341/1811/1341
f 1646/1812/1646 1643/1807/1643 1640/1800/1640
f 1640/1800/1640 1644/1809/1644 1646/1812/1646
f 1644/1809/1644 1600/1760/1600 1647/1813/1647
f 1600/1760/1600 1599/1759/1599 1647/1813/1647
f 1647/1813/1647 1648/1814/1648 1644/1809/1644
f 1648/1814/1648 1646/1812/1646 1644/1809/1644
f 1599/1759/1599 1648/1814/1648 1647/1813/1647
f 1649/1815/1649 1643/1807/1643 1646/1812/1646
f 1649/1815/1649 1646/1812/1646 1648/1814/1648
f 1643/1807/1643 1649/1815/1649 1645/1810/1645
f 1599/1759/1599 1650/1816/1650 1648/1814/1648
f 1650/1816/1650 1649/1815/1649 1648/1814/1648
f 1595/1755/1595 1650/1816/1650 1599/1759/1599
f 1651/1817/1651 1341/1811/1341 1645/1810/1645
f 1651/1817/1651 1293/1427/1293 1341/1811/1341
f 1645/1810/1645 1649/1815/1649 1652/1818/1652
f 1645/1810/1645 1652/1818/1652 1651/1817/1651
f 1595/1755/1595 1653/1819/1653 1650/1816/1650
f 1404/1541/1404 1653/1819/1653 1595/1755/1595
f 1650/1816/1650 1654/1820/1654 1649/1815/1649
f 1652/1818/1652 1649/1815/1649 1654/1820/1654
f 1653/1819/1653 1654/1820/1654 1650/1816/1650
f 1655/1821/1655 1653/1819/1653 1404/1541/1404
f 1655/1821/1655 1404/1541/1404 1380/1517/1380
f 1653/1819/1653 1656/1822/1656 1654/1820/1654
f 1653/1819/1653 1655/1821/1655 1656/1822/1656
f 1656/1822/1656 1657/1823/1657 1654/1820/1654
f 1652/1818/1652 1654/1820/1654 1657/1823/1657
f 1656/1822/1656 1658/1824/1658 1657/1823/1657
f 1658/1824/1658 1656/1822/1656 1655/1821/1655
f 1655/1821/1655 1380/1517/1380 1659/1825/1659
f 1380/1517/1380 1371/1508/1371 1659/1825/1659
f 1659/1825/1659 1660/1826/1660 1655/1821/1655
f 1655/1821/1655 1660/1826/1660 1658/1824/1658
f 1659/1825/1659 1371/1508/1371 1660/1826/1660
f 1658/1824/1658 1661/1827/1661 1657/1823/1657
f 1661/1827/1661 1652/1818/1652 1657/1823/1657
f 1660/1826/1660 1661/1827/1661 1658/1824/1658
f 1652/1818/1652 1661/1827/1661 1662/1828/1662
f 1661/1827/1661 1660/1826/1660 1662/1828/1662
f 1652/1818/1652 1662/1828/1662 1651/1817/1651
f 1371/1508/1371 1663/1829/1663 1660/1826/1660
f 1660/1826/1660 1663/1829/1663 1662/1828/1662
f 1664/1830/1664 1651/1817/1651 1662/1828/1662
f 1663/1829/1663 1664/1830/1664 1662/1828/1662
f 1371/1508/1371 1665/1831/1665 1663/1829/1663
f 1663/1829/1663 1665/1831/1665 1664/1830/1664
f 1371/1508/1371 1315/1449/1315 1665/1831/1665
f 1315/1449/1315 1666/1832/1666 1665/1831/1665
f 1665/1831/1665 1666/1832/1666 1664/1830/1664
f 1315/1449/1315 1292/1426/1292 1666/1832/1666
f 1651/1817/1651 1664/1830/1664 1667/1833/1667
f 1667/1833/1667 1664/1830/1664 1666/1832/1666
f 1667/1833/1667 1666/1832/1666 1292/1426/1292
f 1293/1427/1293 1651/1817/1651 1667/1833/1667
f 1292/1426/1292 1293/1427/1293 1667/1833/1667
f 161/161/161 205/205/205 162/162/162
f 205/205/205 161/161/161 1668/1834/1668
f 1668/1834/1668 206/206/206 205/205/205
f 158/158/158 1668/1834/1668 161/161/161
f 1669/1835/1669 206/206/206 1668/1834/1668
f 1669/1835/1669 207/207/207 206/206/206
f 158/158/158 1670/1836/1670 1668/1834/1668
f 1670/1836/1670 1669/1835/1669 1668/1834/1668
f 1670/1836/1670 158/158/158 1671/1837/1671
f 1671/1837/1671 158/158/158 157/157/157
f 1672/1838/1672 207/207/207 1669/1835/1669
f 1672/1838/1672 175/175/175 207/207/207
f 1670/1836/1670 1673/1839/1673 1669/1835/1669
f 1671/1837/1671 1673/1839/1673 1670/1836/1670
f 1669/1835/1669 1674/1840/1674 1672/1838/1672
f 1674/1840/1674 1669/1835/1669 1673/1839/1673
f 175/175/175 1672/1838/1672 1675/1841/1675
f 1674/1840/1674 1675/1841/1675 1672/1838/1672
f 1675/1841/1675 174/174/174 175/175/175
f 1675/1841/1675 1676/1842/1676 174/174/174
f 1676/1842/1676 165/165/165 174/174/174
f 1677/1843/1677 1676/1842/1676 1675/1841/1675
f 1674/1840/1674 1677/1843/1677 1675/1841/1675
f 1674/1840/1674 1673/1839/1673 1678/1844/1678
f 1673/1839/1673 1671/1837/1671 1678/1844/1678
f 157/157/157 1679/1845/1679 1671/1837/1671
f 1679/1845/1679 157/157/157 156/156/156
f 1680/1846/1680 165/165/165 1676/1842/1676
f 1677/1843/1677 1680/1846/1680 1676/1842/1676
f 1681/1847/1681 1674/1840/1674 1678/1844/1678
f 1681/1847/1681 1677/1843/1677 1674/1840/1674
f 1671/1837/1671 1682/1848/1682 1678/1844/1678
f 1682/1848/1682 1671/1837/1671 1679/1845/1679
f 1682/1848/1682 1681/1847/1681 1678/1844/1678
f 156/156/156 1683/1849/1683 1679/1845/1679
f 1679/1845/1679 1683/1849/1683 1682/1848/1682
f 155/155/155 1683/1849/1683 156/156/156
f 1681/1847/1681 1684/1850/1684 1677/1843/1677
f 1684/1850/1684 1680/1846/1680 1677/1843/1677
f 1682/1848/1682 1685/1851/1685 1681/1847/1681
f 1683/1849/1683 1685/1851/1685 1682/1848/1682
f 1685/1851/1685 1684/1850/1684 1681/1847/1681
f 155/155/155 1686/1852/1686 1683/1849/1683
f 153/153/153 1686/1852/1686 155/155/155
f 1683/1849/1683 1687/1853/1687 1685/1851/1685
f 1687/1853/1687 1684/1850/1684 1685/1851/1685
f 1687/1853/1687 1683/1849/1683 1686/1852/1686
f 1687/1853/1687 1688/1854/1688 1684/1850/1684
f 1686/1852/1686 1688/1854/1688 1687/1853/1687
f 1689/1855/1689 1686/1852/1686 153/153/153
f 1689/1855/1689 1688/1854/1688 1686/1852/1686
f 153/153/153 1690/1856/1690 1689/1855/1689
f 1690/1856/1690 1688/1854/1688 1689/1855/1689
f 152/152/152 1690/1856/1690 153/153/153
f 1684/1850/1684 1688/1854/1688 1691/1857/1691
f 1680/1846/1680 1684/1850/1684 1691/1857/1691
f 1688/1854/1688 1690/1856/1690 1691/1857/1691
f 1691/1857/1691 1690/1856/1690 1680/1846/1680
f 1690/1856/1690 152/152/152 1692/1858/1692
f 1692/1858/1692 1680/1846/1680 1690/1856/1690
f 1692/1858/1692 152/152/152 154/154/154
f 1680/1846/1680 1692/1858/1692 165/165/165
f 154/154/154 164/164/164 1692/1858/1692
f 1692/1858/1692 164/164/164 165/165/165
f 1693/1859/1693 1695/1860/1694 1694/1861/1695
f 1695/1860/1694 1693/1859/1693 1696/1862/1696
f 1697/1863/1697 1696/1862/1696 1693/1859/1693
f 1697/1863/1697 1693/1859/1693 1698/1864/1698
f 1698/1864/1698 1699/1865/1699 1697/1863/1697
f 1700/1866/1700 1699/1865/1699 1698/1864/1698
f 1699/1865/1699 1700/1866/1700 1701/1867/1701
f 1701/1867/1701 1700/1866/1700 1702/1868/1702
f 1701/1867/1701 1702/1868/1702 1703/1869/1703
f 1703/1869/1703 1704/1870/1704 1701/1867/1701
f 1705/1871/1705 1701/1867/1701 1704/1870/1704
f 1706/1872/1706 1705/1871/1705 1704/1870/1704
f 1701/1867/1701 1707/1873/1707 1699/1865/1699
f 1707/1873/1707 1701/1867/1701 1705/1871/1705
f 1708/1874/1708 1705/1871/1705 1706/1872/1706
f 1708/1874/1708 1707/1873/1707 1705/1871/1705
f 1709/1875/1709 1708/1874/1708 1706/1872/1706
f 1699/1865/1699 1710/1876/1710 1697/1863/1697
f 1710/1876/1710 1699/1865/1699 1707/1873/1707
f 1711/1877/1711 1696/1862/1696 1697/1863/1697
f 1712/1878/1712 1697/1863/1697 1710/1876/1710
f 1697/1863/1697 1712/1878/1712 1711/1877/1711
f 1696/1862/1696 1711/1877/1711 1713/1879/1713
f 1695/1860/1694 1696/1862/1696 1713/1879/1713
f 1712/1878/1712 1714/1880/1714 1711/1877/1711
f 1714/1880/1714 1713/1879/1713 1711/1877/1711
f 1715/1881/1715 1695/1860/1694 1713/1879/1713
f 1716/1882/1716 1695/1860/1694 1715/1881/1715
f 1713/1879/1713 1714/1880/1714 1717/1883/1717
f 1717/1883/1717 1715/1881/1715 1713/1879/1713
f 1715/1881/1715 1718/1884/1718 1716/1882/1716
f 1718/1884/1718 1719/1885/1719 1716/1882/1716
f 1715/1881/1715 1717/1883/1717 1720/1886/1720
f 1720/1886/1720 1718/1884/1718 1715/1881/1715
f 1719/1885/1719 1718/1884/1718 1721/1887/1721
f 1721/1887/1721 1722/1888/1722 1719/1885/1719
f 1718/1884/1718 1720/1886/1720 1723/1889/1723
f 1721/1887/1721 1718/1884/1718 1723/1889/1723
f 1720/1886/1720 1717/1883/1717 1724/1890/1724
f 1724/1890/1724 1723/1889/1723 1720/1886/1720
f 1721/1887/1721 1725/1891/1725 1722/1888/1722
f 1723/1889/1723 1726/1892/1726 1721/1887/1721
f 1726/1892/1726 1725/1891/1725 1721/1887/1721
f 1727/1893/1727 1722/1888/1722 1725/1891/1725
f 1722/1888/1722 1727/1893/1727 1728/1894/1728
f 1729/1895/1729 1728/1894/1728 1727/1893/1727
f 1728/1894/1728 1729/1895/1729 1730/1896/1730
f 1729/1895/1729 1731/1897/1731 1730/1896/1730
f 1727/1893/1727 1725/1891/1725 1732/1898/1732
f 1732/1898/1732 1725/1891/1725 1726/1892/1726
f 1733/1899/1733 1726/1892/1726 1723/1889/1723
f 1723/1889/1723 1724/1890/1724 1733/1899/1733
f 1731/1897/1731 1729/1895/1729 1734/1900/1734
f 1734/1900/1734 1735/1901/1735 1731/1897/1731
f 1732/1898/1732 1736/1902/1736 1727/1893/1727
f 1736/1902/1736 1729/1895/1729 1727/1893/1727
f 1737/1903/1737 1726/1892/1726 1733/1899/1733
f 1737/1903/1737 1732/1898/1732 1726/1892/1726
f 1738/1904/1738 1733/1899/1733 1724/1890/1724
f 1739/1905/1739 1737/1903/1737 1733/1899/1733
f 1733/1899/1733 1738/1904/1738 1739/1905/1739
f 1724/1890/1724 1740/1906/1740 1738/1904/1738
f 1724/1890/1724 1717/1883/1717 1740/1906/1740
f 1717/1883/1717 1741/1907/1741 1740/1906/1740
f 1717/1883/1717 1714/1880/1714 1741/1907/1741
f 1732/1898/1732 1742/1908/1742 1736/1902/1736
f 1729/1895/1729 1736/1902/1736 1743/1909/1743
f 1743/1909/1743 1736/1902/1736 1742/1908/1742
f 1744/1910/1744 1732/1898/1732 1737/1903/1737
f 1742/1908/1742 1732/1898/1732 1744/1910/1744
f 1737/1903/1737 1745/1911/1745 1744/1910/1744
f 1742/1908/1742 1744/1910/1744 1745/1911/1745
f 1739/1905/1739 1746/1912/1746 1737/1903/1737
f 1745/1911/1745 1737/1903/1737 1746/1912/1746
f 1738/1904/1738 1747/1913/1747 1739/1905/1739
f 1747/1913/1747 1746/1912/1746 1739/1905/1739
f 1748/1914/1748 1729/1895/1729 1743/1909/1743
f 1729/1895/1729 1748/1914/1748 1734/1900/1734
f 1742/1908/1742 1745/1911/1745 1749/1915/1749
f 1746/1912/1746 1750/1916/1750 1745/1911/1745
f 1749/1915/1749 1745/1911/1745 1750/1916/1750
f 1742/1908/1742 1751/1917/1751 1743/1909/1743
f 1749/1915/1749 1751/1917/1751 1742/1908/1742
f 1747/1913/1747 1752/1918/1752 1746/1912/1746
f 1750/1916/1750 1746/1912/1746 1752/1918/1752
f 1753/1919/1753 1752/1918/1752 1747/1913/1747
f 1747/1913/1747 1738/1904/1738 1754/1920/1754
f 1754/1920/1754 1753/1919/1753 1747/1913/1747
f 1752/1918/1752 1755/1921/1755 1750/1916/1750
f 1753/1919/1753 1755/1921/1755 1752/1918/1752
f 1750/1916/1750 1756/1922/1756 1749/1915/1749
f 1756/1922/1756 1750/1916/1750 1755/1921/1755
f 1743/1909/1743 1757/1923/1757 1748/1914/1748
f 1757/1923/1757 1743/1909/1743 1751/1917/1751
f 1758/1924/1758 1751/1917/1751 1749/1915/1749
f 1756/1922/1756 1758/1924/1758 1749/1915/1749
f 1759/1925/1759 1756/1922/1756 1755/1921/1755
f 1759/1925/1759 1755/1921/1755 1753/1919/1753
f 1751/1917/1751 1760/1926/1760 1757/1923/1757
f 1760/1926/1760 1751/1917/1751 1758/1924/1758
f 1758/1924/1758 1756/1922/1756 1761/1927/1761
f 1756/1922/1756 1759/1925/1759 1761/1927/1761
f 1761/1927/1761 1760/1926/1760 1758/1924/1758
f 1757/1923/1757 1762/1928/1762 1748/1914/1748
f 1760/1926/1760 1762/1928/1762 1757/1923/1757
f 1761/1927/1761 1763/1929/1763 1760/1926/1760
f 1759/1925/1759 1763/1929/1763 1761/1927/1761
f 1762/1928/1762 1764/1930/1764 1748/1914/1748
f 1764/1930/1764 1734/1900/1734 1748/1914/1748
f 1765/1931/1765 1760/1926/1760 1763/1929/1763
f 1762/1928/1762 1760/1926/1760 1765/1931/1765
f 1734/1900/1734 1764/1930/1764 1766/1932/1766
f 1735/1901/1735 1734/1900/1734 1766/1932/1766
f 1766/1932/1766 1767/1933/1767 1735/1901/1735
f 1764/1930/1764 1767/1933/1767 1766/1932/1766
f 1735/1901/1735 1767/1933/1767 1768/1934/1768
f 1762/1928/1762 1769/1935/1769 1764/1930/1764
f 1767/1933/1767 1764/1930/1764 1769/1935/1769
f 1767/1933/1767 1770/1936/1770 1768/1934/1768
f 1769/1935/1769 1770/1936/1770 1767/1933/1767
f 1771/1937/1771 1768/1934/1768 1770/1936/1770
f 1770/1936/1770 1772/1938/1772 1771/1937/1771
f 1769/1935/1769 1762/1928/1762 1773/1939/1773
f 1765/1931/1765 1773/1939/1773 1762/1928/1762
f 1772/1938/1772 1770/1936/1770 1774/1940/1774
f 1774/1940/1774 1702/1941/1702 1772/1938/1772
f 1769/1935/1769 1775/1942/1775 1770/1936/1770
f 1773/1939/1773 1775/1942/1775 1769/1935/1769
f 1775/1942/1775 1774/1940/1774 1770/1936/1770
f 1702/1941/1702 1774/1940/1774 1776/1943/1776
f 1703/1944/1703 1702/1941/1702 1776/1943/1776
f 1774/1940/1774 1775/1942/1775 1777/1945/1777
f 1777/1945/1777 1776/1943/1776 1774/1940/1774
f 1773/1939/1773 1778/1946/1778 1775/1942/1775
f 1778/1946/1778 1777/1945/1777 1775/1942/1775
f 1779/1947/1779 1773/1939/1773 1765/1931/1765
f 1773/1939/1773 1780/1948/1780 1778/1946/1778
f 1780/1948/1780 1773/1939/1773 1779/1947/1779
f 1779/1947/1779 1765/1931/1765 1781/1949/1781
f 1763/1929/1763 1781/1949/1781 1765/1931/1765
f 1779/1947/1779 1781/1949/1781 1782/1950/1782
f 1782/1950/1782 1780/1948/1780 1779/1947/1779
f 1763/1929/1763 1783/1951/1783 1781/1949/1781
f 1782/1950/1782 1781/1949/1781 1783/1951/1783
f 1759/1925/1759 1783/1951/1783 1763/1929/1763
f 1784/1952/1784 1783/1951/1783 1759/1925/1759
f 1753/1919/1753 1784/1952/1784 1759/1925/1759
f 1785/1953/1785 1782/1950/1782 1783/1951/1783
f 1784/1952/1784 1785/1953/1785 1783/1951/1783
f 1780/1948/1780 1782/1950/1782 1786/1954/1786
f 1782/1950/1782 1785/1953/1785 1786/1954/1786
f 1787/1955/1787 1778/1946/1778 1780/1948/1780
f 1787/1955/1787 1780/1948/1780 1786/1954/1786
f 1777/1945/1777 1778/1946/1778 1788/1956/1788
f 1778/1946/1778 1787/1955/1787 1788/1956/1788
f 1789/1957/1789 1786/1954/1786 1785/1953/1785
f 1786/1954/1786 1789/1957/1789 1787/1955/1787
f 1790/1958/1790 1785/1953/1785 1784/1952/1784
f 1785/1953/1785 1790/1958/1790 1789/1957/1789
f 1791/1959/1791 1784/1952/1784 1753/1919/1753
f 1791/1959/1791 1790/1958/1790 1784/1952/1784
f 1788/1956/1788 1792/1960/1792 1777/1945/1777
f 1776/1943/1776 1777/1945/1777 1792/1960/1792
f 1787/1955/1787 1793/1961/1793 1788/1956/1788
f 1792/1960/1792 1788/1956/1788 1793/1961/1793
f 1789/1957/1789 1794/1962/1794 1787/1955/1787
f 1793/1961/1793 1787/1955/1787 1794/1962/1794
f 1795/1963/1795 1789/1957/1789 1790/1958/1790
f 1794/1962/1794 1789/1957/1789 1795/1963/1795
f 1796/1964/1796 1776/1943/1776 1792/1960/1792
f 1703/1944/1703 1776/1943/1776 1796/1964/1796
f 1797/1965/1797 1792/1960/1792 1793/1961/1793
f 1796/1964/1796 1792/1960/1792 1797/1965/1797
f 1796/1964/1796 1798/1966/1798 1703/1944/1703
f 1797/1965/1797 1798/1966/1798 1796/1964/1796
f 1704/1967/1704 1703/1944/1703 1798/1966/1798
f 1799/1968/1799 1793/1961/1793 1794/1962/1794
f 1797/1965/1797 1793/1961/1793 1799/1968/1799
f 1800/1969/1800 1795/1963/1795 1790/1958/1790
f 1800/1969/1800 1790/1958/1790 1791/1959/1791
f 1801/1970/1801 1794/1962/1794 1795/1963/1795
f 1799/1968/1799 1794/1962/1794 1801/1970/1801
f 1802/1971/1802 1797/1965/1797 1799/1968/1799
f 1798/1966/1798 1797/1965/1797 1802/1971/1802
f 1803/1972/1803 1704/1967/1704 1798/1966/1798
f 1706/1973/1706 1704/1967/1704 1803/1972/1803
f 1804/1974/1804 1795/1963/1795 1800/1969/1800
f 1801/1970/1801 1795/1963/1795 1804/1974/1804
f 1805/1975/1805 1799/1968/1799 1801/1970/1801
f 1802/1971/1802 1799/1968/1799 1805/1975/1805
f 1806/1976/1806 1798/1966/1798 1802/1971/1802
f 1803/1972/1803 1798/1966/1798 1806/1976/1806
f 1807/1977/1807 1706/1973/1706 1803/1972/1803
f 1807/1977/1807 1709/1978/1709 1706/1973/1706
f 1808/1979/1808 1709/1978/1709 1807/1977/1807
f 1809/1980/1809 1807/1977/1807 1803/1972/1803
f 1809/1980/1809 1803/1972/1803 1806/1976/1806
f 1807/1977/1807 1810/1981/1810 1808/1979/1808
f 1810/1981/1810 1807/1977/1807 1809/1980/1809
f 1811/1982/1811 1808/1979/1808 1810/1981/1810
f 1806/1976/1806 1802/1971/1802 1812/1983/1812
f 1812/1983/1812 1802/1971/1802 1805/1975/1805
f 1805/1975/1805 1801/1970/1801 1813/1984/1813
f 1813/1984/1813 1801/1970/1801 1804/1974/1804
f 1814/1985/1814 1809/1980/1809 1806/1976/1806
f 1814/1985/1814 1806/1976/1806 1812/1983/1812
f 1812/1983/1812 1805/1975/1805 1815/1986/1815
f 1815/1986/1815 1805/1975/1805 1813/1984/1813
f 1814/1985/1814 1812/1983/1812 1815/1986/1815
f 1810/1981/1810 1816/1987/1816 1811/1982/1811
f 1817/1988/1817 1811/1982/1811 1816/1987/1816
f 1809/1980/1809 1818/1989/1818 1810/1981/1810
f 1818/1989/1818 1809/1980/1809 1814/1985/1814
f 1816/1987/1816 1810/1981/1810 1818/1989/1818
f 1816/1987/1816 1819/1990/1819 1817/1988/1817
f 1820/1991/1820 1817/1988/1817 1819/1990/1819
f 1818/1989/1818 1821/1992/1821 1816/1987/1816
f 1819/1990/1819 1816/1987/1816 1821/1992/1821
f 1814/1985/1814 1822/1993/1822 1818/1989/1818
f 1821/1992/1821 1818/1989/1818 1822/1993/1822
f 1823/1994/1823 1814/1985/1814 1815/1986/1815
f 1822/1993/1822 1814/1985/1814 1823/1994/1823
f 1815/1986/1815 1813/1984/1813 1824/1995/1824
f 1824/1995/1824 1823/1994/1823 1815/1986/1815
f 1819/1990/1819 1825/1996/1825 1820/1991/1820
f 1826/1997/1826 1820/1991/1820 1825/1996/1825
f 1821/1992/1821 1827/1998/1827 1819/1990/1819
f 1825/1996/1825 1819/1990/1819 1827/1998/1827
f 1822/1993/1822 1828/1999/1828 1821/1992/1821
f 1828/1999/1828 1827/1998/1827 1821/1992/1821
f 1823/1994/1823 1829/2000/1829 1822/1993/1822
f 1829/2000/1829 1828/1999/1828 1822/1993/1822
f 1830/2001/1830 1826/1997/1826 1825/1996/1825
f 1830/2001/1830 1831/2002/1831 1826/1997/1826
f 1827/1998/1827 1832/2003/1832 1825/1996/1825
f 1830/2001/1830 1825/1996/1825 1832/2003/1832
f 1828/1999/1828 1833/2004/1833 1827/1998/1827
f 1832/2003/1832 1827/1998/1827 1833/2004/1833
f 1824/1995/1824 1834/2005/1834 1823/1994/1823
f 1829/2000/1829 1823/1994/1823 1834/2005/1834
f 1829/2000/1829 1835/2006/1835 1828/1999/1828
f 1835/2006/1835 1833/2004/1833 1828/1999/1828
f 1834/2005/1834 1836/2007/1836 1829/2000/1829
f 1836/2007/1836 1835/2006/1835 1829/2000/1829
f 1824/1995/1824 1837/2008/1837 1834/2005/1834
f 1837/2008/1837 1836/2007/1836 1834/2005/1834
f 1831/2002/1831 1830/2001/1830 1838/2009/1838
f 1839/2010/1839 1830/2001/1830 1832/2003/1832
f 1838/2009/1838 1830/2001/1830 1839/2010/1839
f 1833/2004/1833 1840/2011/1840 1832/2003/1832
f 1839/2010/1839 1832/2003/1832 1840/2011/1840
f 1835/2006/1835 1841/2012/1841 1833/2004/1833
f 1841/2012/1841 1840/2011/1840 1833/2004/1833
f 1836/2007/1836 1842/2013/1842 1835/2006/1835
f 1842/2013/1842 1841/2012/1841 1835/2006/1835
f 1843/2014/1843 1831/2002/1831 1838/2009/1838
f 1843/2014/1843 1844/2015/1844 1831/2002/1831
f 1845/2016/1845 1838/2009/1838 1839/2010/1839
f 1843/2014/1843 1838/2009/1838 1845/2016/1845
f 1840/2011/1840 1846/2017/1846 1839/2010/1839
f 1846/2017/1846 1845/2016/1845 1839/2010/1839
f 1847/2018/1847 1844/2015/1844 1843/2014/1843
f 1847/2018/1847 1848/2019/1848 1844/2015/1844
f 1849/2020/1849 1843/2014/1843 1845/2016/1845
f 1849/2020/1849 1847/2018/1847 1843/2014/1843
f 1850/2021/1850 1848/2019/1848 1847/2018/1847
f 1850/2021/1850 1851/2022/1851 1848/2019/1848
f 1850/2021/1850 1852/2023/1852 1851/2022/1851
f 1841/2012/1841 1853/2024/1853 1840/2011/1840
f 1853/2024/1853 1846/2017/1846 1840/2011/1840
f 1845/2016/1845 1846/2017/1846 1854/2025/1854
f 1849/2020/1849 1845/2016/1845 1854/2025/1854
f 1847/2018/1847 1849/2020/1849 1855/2026/1855
f 1850/2021/1850 1847/2018/1847 1855/2026/1855
f 1852/2023/1852 1850/2021/1850 1856/2027/1856
f 1856/2027/1856 1857/2028/1857 1852/2023/1852
f 1853/2024/1853 1858/2029/1858 1846/2017/1846
f 1858/2029/1858 1854/2025/1854 1846/2017/1846
f 1841/2012/1841 1859/2030/1859 1853/2024/1853
f 1859/2030/1859 1858/2029/1858 1853/2024/1853
f 1860/2031/1860 1849/2020/1849 1854/2025/1854
f 1860/2031/1860 1855/2026/1855 1849/2020/1849
f 1861/2032/1861 1850/2021/1850 1855/2026/1855
f 1861/2032/1861 1856/2027/1856 1850/2021/1850
f 1862/2033/1862 1857/2028/1857 1856/2027/1856
f 1862/2033/1862 1863/2034/1863 1857/2028/1857
f 1864/2035/1864 1863/2034/1863 1862/2033/1862
f 1854/2025/1854 1858/2029/1858 1865/2036/1865
f 1860/2031/1860 1854/2025/1854 1865/2036/1865
f 1855/2026/1855 1860/2031/1860 1866/2037/1866
f 1861/2032/1861 1855/2026/1855 1866/2037/1866
f 1867/2038/1867 1856/2027/1856 1861/2032/1861
f 1867/2038/1867 1862/2033/1862 1856/2027/1856
f 1868/2039/1868 1864/2035/1864 1862/2033/1862
f 1868/2039/1868 1862/2033/1862 1867/2038/1867
f 1869/2040/1869 1864/2035/1864 1868/2039/1868
f 1870/2041/1870 1869/2040/1869 1868/2039/1868
f 1871/2042/1871 1867/2038/1867 1861/2032/1861
f 1871/2042/1871 1861/2032/1861 1866/2037/1866
f 1872/2043/1872 1866/2037/1866 1860/2031/1860
f 1872/2043/1872 1860/2031/1860 1865/2036/1865
f 1873/2044/1873 1865/2036/1865 1858/2029/1858
f 1859/2030/1859 1873/2044/1873 1858/2029/1858
f 1874/2045/1874 1870/2041/1870 1868/2039/1868
f 1875/2046/1875 1870/2041/1870 1874/2045/1874
f 1876/2047/1876 1868/2039/1868 1867/2038/1867
f 1876/2047/1876 1867/2038/1867 1871/2042/1871
f 1876/2047/1876 1874/2045/1874 1868/2039/1868
f 1871/2042/1871 1866/2037/1866 1877/2048/1877
f 1866/2037/1866 1872/2043/1872 1877/2048/1877
f 1865/2036/1865 1873/2044/1873 1878/2049/1878
f 1872/2043/1872 1865/2036/1865 1878/2049/1878
f 1879/2050/1879 1876/2047/1876 1871/2042/1871
f 1879/2050/1879 1871/2042/1871 1877/2048/1877
f 1880/2051/1880 1874/2045/1874 1876/2047/1876
f 1876/2047/1876 1879/2050/1879 1880/2051/1880
f 1881/2052/1881 1875/2046/1875 1874/2045/1874
f 1874/2045/1874 1880/2051/1880 1881/2052/1881
f 1882/2053/1882 1877/2048/1877 1872/2043/1872
f 1878/2049/1878 1882/2053/1882 1872/2043/1872
f 1883/2054/1883 1878/2049/1878 1873/2044/1873
f 1859/2030/1859 1883/2054/1883 1873/2044/1873
f 1879/2050/1879 1877/2048/1877 1884/2055/1884
f 1877/2048/1877 1882/2053/1882 1884/2055/1884
f 1885/2056/1885 1875/2046/1875 1881/2052/1881
f 1886/2057/1886 1875/2046/1875 1885/2056/1885
f 1624/2058/1624 1886/2057/1886 1885/2056/1885
f 1623/2059/1623 1624/2058/1624 1885/2056/1885
f 1881/2052/1881 1887/2060/1887 1885/2056/1885
f 1887/2060/1887 1623/2059/1623 1885/2056/1885
f 1623/2059/1623 1887/2060/1887 1545/2061/1545
f 1880/2051/1880 1887/2060/1887 1881/2052/1881
f 1879/2050/1879 1888/2062/1888 1880/2051/1880
f 1888/2062/1888 1879/2050/1879 1884/2055/1884
f 1887/2060/1887 1889/2063/1889 1545/2061/1545
f 1540/2064/1540 1545/2061/1545 1889/2063/1889
f 1880/2051/1880 1890/2065/1890 1887/2060/1887
f 1890/2065/1890 1880/2051/1880 1888/2062/1888
f 1890/2065/1890 1889/2063/1889 1887/2060/1887
f 1889/2063/1889 1891/2066/1891 1540/2064/1540
f 1533/2067/1533 1540/2064/1540 1891/2066/1891
f 1890/2065/1890 1892/2068/1892 1889/2063/1889
f 1888/2062/1888 1892/2068/1892 1890/2065/1890
f 1891/2066/1891 1889/2063/1889 1892/2068/1892
f 1888/2062/1888 1884/2055/1884 1893/2069/1893
f 1888/2062/1888 1894/2070/1894 1892/2068/1892
f 1894/2070/1894 1888/2062/1888 1893/2069/1893
f 1892/2068/1892 1895/2071/1895 1891/2066/1891
f 1895/2071/1895 1892/2068/1892 1894/2070/1894
f 1891/2066/1891 1896/2072/1896 1533/2067/1533
f 1896/2072/1896 1891/2066/1891 1895/2071/1895
f 1897/2073/1897 1893/2069/1893 1884/2055/1884
f 1884/2055/1884 1882/2053/1882 1897/2073/1897
f 1898/2074/1898 1897/2073/1897 1882/2053/1882
f 1882/2053/1882 1878/2049/1878 1898/2074/1898
f 1878/2049/1878 1883/2054/1883 1898/2074/1898
f 1898/2074/1898 1899/2075/1899 1897/2073/1897
f 1899/2075/1899 1893/2069/1893 1897/2073/1897
f 1893/2069/1893 1900/2076/1900 1894/2070/1894
f 1894/2070/1894 1900/2076/1900 1895/2071/1895
f 1901/2077/1901 1533/2067/1533 1896/2072/1896
f 1533/2067/1533 1901/2077/1901 1530/2078/1530
f 1901/2077/1901 1527/2079/1527 1530/2078/1530
f 1901/2077/1901 1902/2080/1902 1527/2079/1527
f 1902/2080/1902 1524/2081/1524 1527/2079/1527
f 1896/2072/1896 1903/2082/1903 1901/2077/1901
f 1903/2082/1903 1902/2080/1902 1901/2077/1901
f 1895/2071/1895 1904/2083/1904 1896/2072/1896
f 1903/2082/1903 1896/2072/1896 1904/2083/1904
f 1524/2081/1524 1902/2080/1902 1905/2084/1905
f 1905/2084/1905 1522/2085/1522 1524/2081/1524
f 1895/2071/1895 1906/2086/1906 1904/2083/1904
f 1906/2086/1906 1895/2071/1895 1900/2076/1900
f 1900/2076/1900 1893/2069/1893 1907/2087/1907
f 1893/2069/1893 1899/2075/1899 1907/2087/1907
f 1903/2082/1903 1908/2088/1908 1902/2080/1902
f 1902/2080/1902 1908/2088/1908 1905/2084/1905
f 1904/2083/1904 1909/2089/1909 1903/2082/1903
f 1909/2089/1909 1904/2083/1904 1906/2086/1906
f 1909/2089/1909 1908/2088/1908 1903/2082/1903
f 1900/2076/1900 1910/2090/1910 1906/2086/1906
f 1910/2090/1910 1900/2076/1900 1907/2087/1907
f 1906/2086/1906 1911/2091/1911 1909/2089/1909
f 1911/2091/1911 1906/2086/1906 1910/2090/1910
f 1910/2090/1910 1907/2087/1907 1912/2092/1912
f 1907/2087/1907 1899/2075/1899 1912/2092/1912
f 1912/2092/1912 1911/2091/1911 1910/2090/1910
f 1908/2088/1908 1909/2089/1909 1913/2093/1913
f 1911/2091/1911 1913/2093/1913 1909/2089/1909
f 1908/2088/1908 1914/2094/1914 1905/2084/1905
f 1908/2088/1908 1913/2093/1913 1914/2094/1914
f 1914/2094/1914 1915/2095/1915 1905/2084/1905
f 1522/2085/1522 1905/2084/1905 1915/2095/1915
f 1916/2096/1916 1522/2085/1522 1915/2095/1915
f 1916/2096/1916 1520/2097/1520 1522/2085/1522
f 1520/2097/1520 1916/2096/1916 1917/2098/1917
f 1917/2098/1917 1519/2099/1519 1520/2097/1520
f 1917/2098/1917 1918/2100/1918 1519/2099/1519
f 1918/2100/1918 1517/2101/1517 1519/2099/1519
f 1916/2096/1916 1919/2102/1919 1917/2098/1917
f 1919/2102/1919 1918/2100/1918 1917/2098/1917
f 1918/2100/1918 1920/2103/1920 1517/2101/1517
f 1920/2103/1920 1518/2104/1518 1517/2101/1517
f 1921/2105/1921 1518/2104/1518 1920/2103/1920
f 1922/2106/1922 1920/2103/1920 1918/2100/1918
f 1918/2100/1918 1919/2102/1919 1922/2106/1922
f 1923/2107/1923 1921/2105/1921 1920/2103/1920
f 1923/2107/1923 1920/2103/1920 1922/2106/1922
f 1924/2108/1924 1921/2105/1921 1923/2107/1923
f 1925/2109/1925 1924/2108/1924 1923/2107/1923
f 1926/2110/1926 1924/2108/1924 1925/2109/1925
f 1925/2109/1925 1927/2111/1927 1926/2110/1926
f 1927/2111/1927 1925/2109/1925 1928/2112/1928
f 1929/2113/1929 1925/2109/1925 1923/2107/1923
f 1923/2107/1923 1922/2106/1922 1929/2113/1929
f 1928/2112/1928 1925/2109/1925 1929/2113/1929
f 1922/2106/1922 1930/2114/1930 1929/2113/1929
f 1929/2113/1929 1930/2114/1930 1928/2112/1928
f 1930/2114/1930 1922/2106/1922 1919/2102/1919
f 1930/2114/1930 1931/2115/1931 1928/2112/1928
f 1919/2102/1919 1932/2116/1932 1930/2114/1930
f 1931/2115/1931 1930/2114/1930 1932/2116/1932
f 1932/2116/1932 1919/2102/1919 1933/2117/1933
f 1919/2102/1919 1916/2096/1916 1933/2117/1933
f 1933/2117/1933 1916/2096/1916 1934/2118/1934
f 1915/2095/1915 1934/2118/1934 1916/2096/1916
f 1935/2119/1935 1931/2115/1931 1932/2116/1932
f 1935/2119/1935 1936/2120/1936 1931/2115/1931
f 1937/2121/1937 1932/2116/1932 1933/2117/1933
f 1933/2117/1933 1934/2118/1934 1937/2121/1937
f 1934/2118/1934 1915/2095/1915 1938/2122/1938
f 1915/2095/1915 1914/2094/1914 1938/2122/1938
f 1936/2120/1936 1935/2119/1935 1939/2123/1939
f 1939/2123/1939 1940/2124/1940 1936/2120/1936
f 1940/2124/1940 1939/2123/1939 1941/2125/1941
f 1932/2116/1932 1942/2126/1942 1935/2119/1935
f 1932/2116/1932 1937/2121/1937 1942/2126/1942
f 1937/2121/1937 1934/2118/1934 1943/2127/1943
f 1938/2122/1938 1943/2127/1943 1934/2118/1934
f 1938/2122/1938 1914/2094/1914 1944/2128/1944
f 1913/2093/1913 1944/2128/1944 1914/2094/1914
f 1937/2121/1937 1945/2129/1945 1942/2126/1942
f 1937/2121/1937 1943/2127/1943 1945/2129/1945
f 1935/2119/1935 1942/2126/1942 1946/2130/1946
f 1942/2126/1942 1945/2129/1945 1946/2130/1946
f 1943/2127/1943 1938/2122/1938 1947/2131/1947
f 1944/2128/1944 1947/2131/1947 1938/2122/1938
f 1948/2132/1948 1944/2128/1944 1913/2093/1913
f 1913/2093/1913 1911/2091/1911 1948/2132/1948
f 1945/2129/1945 1943/2127/1943 1949/2133/1949
f 1947/2131/1947 1949/2133/1949 1943/2127/1943
f 1947/2131/1947 1944/2128/1944 1950/2134/1950
f 1944/2128/1944 1948/2132/1948 1950/2134/1950
f 1911/2091/1911 1951/2135/1951 1948/2132/1948
f 1911/2091/1911 1912/2092/1912 1951/2135/1951
f 1952/2136/1952 1935/2119/1935 1946/2130/1946
f 1939/2123/1939 1935/2119/1935 1952/2136/1952
f 1945/2129/1945 1953/2137/1953 1946/2130/1946
f 1945/2129/1945 1949/2133/1949 1953/2137/1953
f 1949/2133/1949 1947/2131/1947 1954/2138/1954
f 1950/2134/1950 1954/2138/1954 1947/2131/1947
f 1950/2134/1950 1948/2132/1948 1955/2139/1955
f 1951/2135/1951 1955/2139/1955 1948/2132/1948
f 1912/2092/1912 1956/2140/1956 1951/2135/1951
f 1899/2075/1899 1956/2140/1956 1912/2092/1912
f 1952/2136/1952 1946/2130/1946 1957/2141/1957
f 1946/2130/1946 1953/2137/1953 1957/2141/1957
f 1953/2137/1953 1949/2133/1949 1958/2142/1958
f 1949/2133/1949 1954/2138/1954 1958/2142/1958
f 1954/2138/1954 1950/2134/1950 1959/2143/1959
f 1955/2139/1955 1959/2143/1959 1950/2134/1950
f 1951/2135/1951 1960/2144/1960 1955/2139/1955
f 1956/2140/1956 1960/2144/1960 1951/2135/1951
f 1956/2140/1956 1899/2075/1899 1961/2145/1961
f 1899/2075/1899 1898/2074/1898 1961/2145/1961
f 1883/2054/1883 1961/2145/1961 1898/2074/1898
f 1961/2145/1961 1962/2146/1962 1956/2140/1956
f 1956/2140/1956 1962/2146/1962 1960/2144/1960
f 1960/2144/1960 1963/2147/1963 1955/2139/1955
f 1959/2143/1959 1955/2139/1955 1963/2147/1963
f 1959/2143/1959 1964/2148/1964 1954/2138/1954
f 1958/2142/1958 1954/2138/1954 1964/2148/1964
f 1961/2145/1961 1883/2054/1883 1965/2149/1965
f 1962/2146/1962 1961/2145/1961 1965/2149/1965
f 1962/2146/1962 1966/2150/1966 1960/2144/1960
f 1966/2150/1966 1963/2147/1963 1960/2144/1960
f 1963/2147/1963 1967/2151/1967 1959/2143/1959
f 1964/2148/1964 1959/2143/1959 1967/2151/1967
f 1968/2152/1968 1965/2149/1965 1883/2054/1883
f 1883/2054/1883 1859/2030/1859 1968/2152/1968
f 1962/2146/1962 1965/2149/1965 1969/2153/1969
f 1969/2153/1969 1966/2150/1966 1962/2146/1962
f 1963/2147/1963 1966/2150/1966 1970/2154/1970
f 1963/2147/1963 1970/2154/1970 1967/2151/1967
f 1965/2149/1965 1968/2152/1968 1971/2155/1971
f 1965/2149/1965 1971/2155/1971 1969/2153/1969
f 1972/2156/1972 1968/2152/1968 1859/2030/1859
f 1859/2030/1859 1841/2012/1841 1972/2156/1972
f 1842/2013/1842 1972/2156/1972 1841/2012/1841
f 1968/2152/1968 1972/2156/1972 1973/2157/1973
f 1973/2157/1973 1971/2155/1971 1968/2152/1968
f 1974/2158/1974 1972/2156/1972 1842/2013/1842
f 1974/2158/1974 1973/2157/1973 1972/2156/1972
f 1966/2150/1966 1969/2153/1969 1975/2159/1975
f 1966/2150/1966 1975/2159/1975 1970/2154/1970
f 1976/2160/1976 1974/2158/1974 1842/2013/1842
f 1976/2160/1976 1842/2013/1842 1836/2007/1836
f 1837/2008/1837 1976/2160/1976 1836/2007/1836
f 1971/2155/1971 1977/2161/1977 1969/2153/1969
f 1971/2155/1971 1973/2157/1973 1978/2162/1978
f 1977/2161/1977 1971/2155/1971 1978/2162/1978
f 1978/2162/1978 1973/2157/1973 1979/2163/1979
f 1973/2157/1973 1974/2158/1974 1979/2163/1979
f 1978/2162/1978 1979/2163/1979 1977/2161/1977
f 1969/2153/1969 1980/2164/1980 1975/2159/1975
f 1969/2153/1969 1977/2161/1977 1980/2164/1980
f 1975/2159/1975 1981/2165/1981 1970/2154/1970
f 1980/2164/1980 1981/2165/1981 1975/2159/1975
f 1974/2158/1974 1976/2160/1976 1982/2166/1982
f 1979/2163/1979 1974/2158/1974 1982/2166/1982
f 1977/2161/1977 1979/2163/1979 1983/2167/1983
f 1977/2161/1977 1983/2167/1983 1980/2164/1980
f 1983/2167/1983 1979/2163/1979 1982/2166/1982
f 1976/2160/1976 1837/2008/1837 1984/2168/1984
f 1984/2168/1984 1982/2166/1982 1976/2160/1976
f 1970/2154/1970 1981/2165/1981 1985/2169/1985
f 1970/2154/1970 1985/2169/1985 1967/2151/1967
f 1986/2170/1986 1967/2151/1967 1985/2169/1985
f 1967/2151/1967 1986/2170/1986 1964/2148/1964
f 1987/2171/1987 1964/2148/1964 1986/2170/1986
f 1958/2142/1958 1964/2148/1964 1987/2171/1987
f 1958/2142/1958 1987/2171/1987 1988/2172/1988
f 1953/2137/1953 1958/2142/1958 1988/2172/1988
f 1957/2141/1957 1953/2137/1953 1988/2172/1988
f 1988/2172/1988 1987/2171/1987 1989/2173/1989
f 1957/2141/1957 1988/2172/1988 1990/2174/1990
f 1988/2172/1988 1989/2173/1989 1990/2174/1990
f 1987/2171/1987 1986/2170/1986 1991/2175/1991
f 1989/2173/1989 1987/2171/1987 1991/2175/1991
f 1992/2176/1992 1957/2141/1957 1990/2174/1990
f 1952/2136/1952 1957/2141/1957 1992/2176/1992
f 1992/2176/1992 1993/2177/1993 1952/2136/1952
f 1993/2177/1993 1939/2123/1939 1952/2136/1952
f 1939/2123/1939 1993/2177/1993 1994/2178/1994
f 1939/2123/1939 1994/2178/1994 1941/2125/1941
f 1941/2125/1941 1994/2178/1994 1995/2179/1995
f 1857/2180/1857 1995/2179/1995 1994/2178/1994
f 1863/2181/1863 1995/2179/1995 1857/2180/1857
f 1994/2178/1994 1852/2182/1852 1857/2180/1857
f 1852/2182/1852 1994/2178/1994 1993/2177/1993
f 1993/2177/1993 1851/2183/1851 1852/2182/1852
f 1993/2177/1993 1992/2176/1992 1996/2184/1996
f 1851/2183/1851 1993/2177/1993 1996/2184/1996
f 1992/2176/1992 1990/2174/1990 1997/2185/1997
f 1996/2184/1996 1992/2176/1992 1997/2185/1997
f 1851/2183/1851 1996/2184/1996 1998/2186/1998
f 1996/2184/1996 1997/2185/1997 1998/2186/1998
f 1851/2183/1851 1998/2186/1998 1848/2187/1848
f 1997/2185/1997 1990/2174/1990 1999/2188/1999
f 1990/2174/1990 1989/2173/1989 1999/2188/1999
f 1848/2187/1848 1998/2186/1998 2000/2189/2000
f 1848/2187/1848 2000/2189/2000 1844/2190/1844
f 2001/2191/2001 1998/2186/1998 1997/2185/1997
f 1998/2186/1998 2001/2191/2001 2000/2189/2000
f 1997/2185/1997 1999/2188/1999 2001/2191/2001
f 2002/2192/2002 1844/2190/1844 2000/2189/2000
f 2001/2191/2001 2002/2192/2002 2000/2189/2000
f 1844/2190/1844 2002/2192/2002 1831/2193/1831
f 1989/2173/1989 2003/2194/2003 1999/2188/1999
f 1989/2173/1989 1991/2175/1991 2003/2194/2003
f 1999/2188/1999 2004/2195/2004 2001/2191/2001
f 1999/2188/1999 2003/2194/2003 2004/2195/2004
f 1831/2193/1831 2002/2192/2002 2005/2196/2005
f 1831/2193/1831 2005/2196/2005 1826/2197/1826
f 2006/2198/2006 1826/2197/1826 2005/2196/2005
f 1826/2197/1826 2006/2198/2006 1820/2199/1820
f 1817/2200/1817 1820/2199/1820 2006/2198/2006
f 2002/2192/2002 2001/2191/2001 2007/2201/2007
f 2007/2201/2007 2005/2196/2005 2002/2192/2002
f 2001/2191/2001 2004/2195/2004 2007/2201/2007
f 1991/2175/1991 2008/2202/2008 2003/2194/2003
f 2008/2202/2008 2004/2195/2004 2003/2194/2003
f 2005/2196/2005 2007/2201/2007 2009/2203/2009
f 2005/2196/2005 2009/2203/2009 2006/2198/2006
f 2007/2201/2007 2004/2195/2004 2010/2204/2010
f 2004/2195/2004 2008/2202/2008 2010/2204/2010
f 2007/2201/2007 2010/2204/2010 2009/2203/2009
f 2008/2202/2008 1991/2175/1991 2011/2205/2011
f 1986/2170/1986 2011/2205/2011 1991/2175/1991
f 2012/2206/2012 2010/2204/2010 2008/2202/2008
f 2011/2205/2011 2012/2206/2012 2008/2202/2008
f 2010/2204/2010 2013/2207/2013 2009/2203/2009
f 2010/2204/2010 2012/2206/2012 2013/2207/2013
f 2012/2206/2012 2014/2208/2014 2013/2207/2013
f 2009/2203/2009 2013/2207/2013 2015/2209/2015
f 2009/2203/2009 2015/2209/2015 2006/2198/2006
f 2015/2209/2015 2013/2207/2013 2014/2208/2014
f 2011/2205/2011 1986/2170/1986 2016/2210/2016
f 1985/2169/1985 2016/2210/2016 1986/2170/1986
f 2012/2206/2012 2011/2205/2011 2017/2211/2017
f 2016/2210/2016 2017/2211/2017 2011/2205/2011
f 2018/2212/2018 2006/2198/2006 2015/2209/2015
f 2015/2209/2015 2014/2208/2014 2018/2212/2018
f 1985/2169/1985 2019/2213/2019 2016/2210/2016
f 2017/2211/2017 2016/2210/2016 2019/2213/2019
f 2017/2211/2017 2020/2214/2020 2012/2206/2012
f 2014/2208/2014 2012/2206/2012 2020/2214/2020
f 2006/2198/2006 2018/2212/2018 2021/2215/2021
f 2006/2198/2006 2021/2215/2021 1817/2200/1817
f 1811/2216/1811 1817/2200/1817 2021/2215/2021
f 2022/2217/2022 2021/2215/2021 2018/2212/2018
f 2014/2208/2014 2022/2217/2022 2018/2212/2018
f 2021/2215/2021 2023/2218/2023 1811/2216/1811
f 2021/2215/2021 2022/2217/2022 2023/2218/2023
f 1808/2219/1808 1811/2216/1811 2023/2218/2023
f 2023/2218/2023 2024/2220/2024 1808/2219/1808
f 2024/2220/2024 2023/2218/2023 2022/2217/2022
f 1709/1875/1709 1808/2219/1808 2024/2220/2024
f 2024/2220/2024 2025/2221/2025 1709/1875/1709
f 1708/1874/1708 1709/1875/1709 2025/2221/2025
f 2022/2217/2022 2026/2222/2026 2024/2220/2024
f 2025/2221/2025 2024/2220/2024 2026/2222/2026
f 2022/2217/2022 2014/2208/2014 2027/2223/2027
f 2027/2223/2027 2026/2222/2026 2022/2217/2022
f 2025/2221/2025 2028/2224/2028 1708/1874/1708
f 2028/2224/2028 1707/1873/1707 1708/1874/1708
f 2026/2222/2026 2029/2225/2029 2025/2221/2025
f 2028/2224/2028 2025/2221/2025 2029/2225/2029
f 1707/1873/1707 2028/2224/2028 2030/2226/2030
f 2030/2226/2030 1710/1876/1710 1707/1873/1707
f 2031/2227/2031 2029/2225/2029 2026/2222/2026
f 2026/2222/2026 2027/2223/2027 2031/2227/2031
f 2032/2228/2032 2028/2224/2028 2029/2225/2029
f 2028/2224/2028 2032/2228/2032 2030/2226/2030
f 2029/2225/2029 2031/2227/2031 2032/2228/2032
f 2014/2208/2014 2033/2229/2033 2027/2223/2027
f 2033/2229/2033 2014/2208/2014 2020/2214/2020
f 1710/1876/1710 2030/2226/2030 2034/2230/2034
f 2034/2230/2034 1712/1878/1712 1710/1876/1710
f 2035/2231/2035 2030/2226/2030 2032/2228/2032
f 2031/2227/2031 2035/2231/2035 2032/2228/2032
f 2034/2230/2034 2030/2226/2030 2035/2231/2035
f 2031/2227/2031 2027/2223/2027 2036/2232/2036
f 2035/2231/2035 2031/2227/2031 2036/2232/2036
f 2033/2229/2033 2036/2232/2036 2027/2223/2027
f 2037/2233/2037 2034/2230/2034 2035/2231/2035
f 2036/2232/2036 2037/2233/2037 2035/2231/2035
f 1712/1878/1712 2034/2230/2034 2038/2234/2038
f 2034/2230/2034 2037/2233/2037 2038/2234/2038
f 2033/2229/2033 2039/2235/2039 2036/2232/2036
f 2037/2233/2037 2036/2232/2036 2039/2235/2039
f 2040/2236/2040 2033/2229/2033 2020/2214/2020
f 2039/2235/2039 2033/2229/2033 2040/2236/2040
f 2041/2237/2041 2037/2233/2037 2039/2235/2039
f 2041/2237/2041 2038/2234/2038 2037/2233/2037
f 2038/2234/2038 2042/2238/2042 1712/1878/1712
f 1714/1880/1714 1712/1878/1712 2042/2238/2042
f 2042/2238/2042 2038/2234/2038 2043/2239/2043
f 2038/2234/2038 2041/2237/2041 2043/2239/2043
f 2044/2240/2044 1714/1880/1714 2042/2238/2042
f 2043/2239/2043 2044/2240/2044 2042/2238/2042
f 1714/1880/1714 2044/2240/2044 1741/1907/1741
f 2045/2241/2045 2041/2237/2041 2039/2235/2039
f 2040/2236/2040 2045/2241/2045 2039/2235/2039
f 2046/2242/2046 2040/2236/2040 2020/2214/2020
f 2020/2214/2020 2017/2211/2017 2046/2242/2046
f 2019/2213/2019 2046/2242/2046 2017/2211/2017
f 2047/2243/2047 2043/2239/2043 2041/2237/2041
f 2045/2241/2045 2047/2243/2047 2041/2237/2041
f 2048/2244/2048 2044/2240/2044 2043/2239/2043
f 2043/2239/2043 2047/2243/2047 2048/2244/2048
f 1741/1907/1741 2044/2240/2044 2049/2245/2049
f 2044/2240/2044 2048/2244/2048 2049/2245/2049
f 2050/2246/2050 2040/2236/2040 2046/2242/2046
f 2045/2241/2045 2040/2236/2040 2050/2246/2050
f 2046/2242/2046 2019/2213/2019 2051/2247/2051
f 2051/2247/2051 2050/2246/2050 2046/2242/2046
f 2052/2248/2052 2045/2241/2045 2050/2246/2050
f 2047/2243/2047 2045/2241/2045 2052/2248/2052
f 2047/2243/2047 2053/2249/2053 2048/2244/2048
f 2049/2245/2049 2048/2244/2048 2053/2249/2053
f 1741/1907/1741 2049/2245/2049 2054/2250/2054
f 1740/1906/1740 1741/1907/1741 2054/2250/2054
f 2055/2251/2055 2050/2246/2050 2051/2247/2051
f 2055/2251/2055 2052/2248/2052 2050/2246/2050
f 2056/2252/2056 2051/2247/2051 2019/2213/2019
f 2056/2252/2056 2055/2251/2055 2051/2247/2051
f 2057/2253/2057 2047/2243/2047 2052/2248/2052
f 2053/2249/2053 2047/2243/2047 2057/2253/2057
f 2053/2249/2053 2058/2254/2058 2049/2245/2049
f 2058/2254/2058 2054/2250/2054 2049/2245/2049
f 1740/1906/1740 2054/2250/2054 2059/2255/2059
f 1738/1904/1738 1740/1906/1740 2059/2255/2059
f 1738/1904/1738 2059/2255/2059 1754/1920/1754
f 2060/2256/2060 2052/2248/2052 2055/2251/2055
f 2060/2256/2060 2057/2253/2057 2052/2248/2052
f 2061/2257/2061 2053/2249/2053 2057/2253/2057
f 2058/2254/2058 2053/2249/2053 2061/2257/2061
f 2054/2250/2054 2058/2254/2058 2062/2258/2062
f 2062/2258/2062 2059/2255/2059 2054/2250/2054
f 2059/2255/2059 2063/2259/2063 1754/1920/1754
f 2059/2255/2059 2062/2258/2062 2063/2259/2063
f 2064/2260/2064 2062/2258/2062 2058/2254/2058
f 2061/2257/2061 2064/2260/2064 2058/2254/2058
f 2065/2261/2065 2060/2256/2060 2055/2251/2055
f 2056/2252/2056 2065/2261/2065 2055/2251/2055
f 2057/2253/2057 2060/2256/2060 2066/2262/2066
f 2066/2262/2066 2061/2257/2061 2057/2253/2057
f 2067/2263/2067 2066/2262/2066 2060/2256/2060
f 2065/2261/2065 2067/2263/2067 2060/2256/2060
f 2068/2264/2068 2061/2257/2061 2066/2262/2066
f 2066/2262/2066 2067/2263/2067 2068/2264/2068
f 2063/2259/2063 2069/2265/2069 1754/1920/1754
f 1753/1919/1753 1754/1920/1754 2069/2265/2069
f 1791/1959/1791 1753/1919/1753 2069/2265/2069
f 2070/2266/2070 2069/2265/2069 2063/2259/2063
f 2070/2266/2070 1791/1959/1791 2069/2265/2069
f 2064/2260/2064 2061/2257/2061 2071/2267/2071
f 2061/2257/2061 2068/2264/2068 2071/2267/2071
f 2063/2259/2063 2072/2268/2072 2070/2266/2070
f 2072/2268/2072 2063/2259/2063 2062/2258/2062
f 2062/2258/2062 2064/2260/2064 2072/2268/2072
f 1791/1959/1791 2070/2266/2070 2073/2269/2073
f 2073/2269/2073 1800/1969/1800 1791/1959/1791
f 2074/2270/2074 2070/2266/2070 2072/2268/2072
f 2064/2260/2064 2074/2270/2074 2072/2268/2072
f 2074/2270/2074 2073/2269/2073 2070/2266/2070
f 2075/2271/2075 1800/1969/1800 2073/2269/2073
f 1800/1969/1800 2075/2271/2075 1804/1974/1804
f 2076/2272/2076 2074/2270/2074 2064/2260/2064
f 2071/2267/2071 2076/2272/2076 2064/2260/2064
f 2073/2269/2073 2074/2270/2074 2077/2273/2077
f 2076/2272/2076 2077/2273/2077 2074/2270/2074
f 2073/2269/2073 2077/2273/2077 2075/2271/2075
f 2078/2274/2078 1804/1974/1804 2075/2271/2075
f 1804/1974/1804 2078/2274/2078 1813/1984/1813
f 1824/1995/1824 1813/1984/1813 2078/2274/2078
f 2077/2273/2077 2076/2272/2076 2079/2275/2079
f 2071/2267/2071 2079/2275/2079 2076/2272/2076
f 2080/2276/2080 2075/2271/2075 2077/2273/2077
f 2075/2271/2075 2080/2276/2080 2078/2274/2078
f 2077/2273/2077 2079/2275/2079 2080/2276/2080
f 1824/1995/1824 2078/2274/2078 2081/2277/2081
f 2081/2277/2081 2078/2274/2078 2080/2276/2080
f 2081/2277/2081 2080/2276/2080 2079/2275/2079
f 1837/2008/1837 1824/1995/1824 2081/2277/2081
f 2079/2275/2079 2082/2278/2082 2081/2277/2081
f 1837/2008/1837 2081/2277/2081 2082/2278/2082
f 2082/2278/2082 2079/2275/2079 2071/2267/2071
f 2082/2278/2082 1984/2168/1984 1837/2008/1837
f 2071/2267/2071 1984/2168/1984 2082/2278/2082
f 1984/2168/1984 2071/2267/2071 2068/2264/2068
f 2068/2264/2068 1982/2166/1982 1984/2168/1984
f 1982/2166/1982 2068/2264/2068 2083/2279/2083
f 1983/2167/1983 1982/2166/1982 2083/2279/2083
f 2067/2263/2067 2083/2279/2083 2068/2264/2068
f 2083/2279/2083 2084/2280/2084 1983/2167/1983
f 2084/2280/2084 2083/2279/2083 2067/2263/2067
f 2084/2280/2084 1980/2164/1980 1983/2167/1983
f 2067/2263/2067 2065/2261/2065 2084/2280/2084
f 1980/2164/1980 2084/2280/2084 2085/2281/2085
f 2084/2280/2084 2065/2261/2065 2085/2281/2085
f 1981/2165/1981 1980/2164/1980 2085/2281/2085
f 2065/2261/2065 2056/2252/2056 2085/2281/2085
f 2085/2281/2085 2086/2282/2086 1981/2165/1981
f 2086/2282/2086 2085/2281/2085 2056/2252/2056
f 1981/2165/1981 2086/2282/2086 1985/2169/1985
f 2086/2282/2086 2056/2252/2056 2019/2213/2019
f 2019/2213/2019 1985/2169/1985 2086/2282/2086
f 2087/2283/2087 2089/2284/2088 2088/2285/2089
f 2089/2284/2088 2087/2283/2087 2090/2286/2090
f 2090/2286/2090 2091/2287/2091 2089/2284/2088
f 2090/2286/2090 2087/2283/2087 2092/2288/2092
f 2087/2283/2087 2093/2289/2093 2092/2288/2092
f 2090/2286/2090 2094/2290/2094 2091/2287/2091
f 2094/2290/2094 2095/2291/2095 2091/2287/2091
f 2092/2288/2092 2093/2289/2093 2096/2292/2096
f 2097/2293/2097 2096/2292/2096 2093/2289/2093
f 2098/2294/2098 2090/2286/2090 2092/2288/2092
f 2098/2294/2098 2094/2290/2094 2090/2286/2090
f 2096/2292/2096 2097/2293/2097 2099/2295/2099
f 2097/2293/2097 2100/2296/2100 2099/2295/2099
f 2092/2288/2092 2096/2292/2096 2101/2297/2101
f 2101/2297/2101 2098/2294/2098 2092/2288/2092
f 2099/2295/2099 2102/2298/2102 2096/2292/2096
f 2096/2292/2096 2102/2298/2102 2101/2297/2101
f 2098/2294/2098 2101/2297/2101 2103/2299/2103
f 2094/2290/2094 2098/2294/2098 2104/2300/2104
f 2104/2300/2104 2098/2294/2098 2103/2299/2103
f 2101/2297/2101 2102/2298/2102 2105/2301/2105
f 2105/2301/2105 2103/2299/2103 2101/2297/2101
f 2094/2290/2094 2106/2302/2106 2095/2291/2095
f 2107/2303/2107 2094/2290/2094 2104/2300/2104
f 2094/2290/2094 2107/2303/2107 2106/2302/2106
f 2106/2302/2106 2108/2304/2108 2095/2291/2095
f 2109/2305/2109 2095/2291/2095 2108/2304/2108
f 2107/2303/2107 2110/2306/2110 2106/2302/2106
f 2110/2306/2110 2108/2304/2108 2106/2302/2106
f 2111/2307/2111 2107/2303/2107 2104/2300/2104
f 2111/2307/2111 2110/2306/2110 2107/2303/2107
f 2103/2299/2103 2112/2308/2112 2104/2300/2104
f 2112/2308/2112 2111/2307/2111 2104/2300/2104
f 2108/2304/2108 2113/2309/2113 2109/2305/2109
f 2114/2310/2114 2109/2305/2109 2113/2309/2113
f 2113/2309/2113 2115/2311/2115 2114/2310/2114
f 2110/2306/2110 2116/2312/2116 2108/2304/2108
f 2116/2312/2116 2113/2309/2113 2108/2304/2108
f 2110/2306/2110 2111/2307/2111 2117/2313/2117
f 2117/2313/2117 2116/2312/2116 2110/2306/2110
f 2115/2311/2115 2113/2309/2113 2118/2314/2118
f 2118/2314/2118 2119/2315/2119 2115/2311/2115
f 2113/2309/2113 2120/2316/2120 2118/2314/2118
f 2120/2316/2120 2113/2309/2113 2116/2312/2116
f 2118/2314/2118 2121/2317/2121 2119/2315/2119
f 2120/2316/2120 2121/2317/2121 2118/2314/2118
f 2122/2318/2122 2119/2315/2119 2121/2317/2121
f 2112/2308/2112 2123/2319/2123 2111/2307/2111
f 2123/2319/2123 2117/2313/2117 2111/2307/2111
f 2124/2320/2124 2116/2312/2116 2117/2313/2117
f 2125/2321/2125 2120/2316/2120 2116/2312/2116
f 2124/2320/2124 2125/2321/2125 2116/2312/2116
f 2126/2322/2126 2117/2313/2117 2123/2319/2123
f 2126/2322/2126 2124/2320/2124 2117/2313/2117
f 2123/2319/2123 2112/2308/2112 2127/2323/2127
f 2127/2323/2127 2128/2324/2128 2123/2319/2123
f 2128/2324/2128 2126/2322/2126 2123/2319/2123
f 2129/2325/2129 2127/2323/2127 2112/2308/2112
f 2129/2325/2129 2128/2324/2128 2127/2323/2127
f 2112/2308/2112 2103/2299/2103 2129/2325/2129
f 2103/2299/2103 2105/2301/2105 2129/2325/2129
f 2128/2324/2128 2129/2325/2129 2130/2326/2130
f 2105/2301/2105 2130/2326/2130 2129/2325/2129
f 2131/2327/2131 2126/2322/2126 2128/2324/2128
f 2130/2326/2130 2131/2327/2131 2128/2324/2128
f 2132/2328/2132 2124/2320/2124 2126/2322/2126
f 2126/2322/2126 2131/2327/2131 2132/2328/2132
f 2133/2329/2133 2124/2320/2124 2132/2328/2132
f 2124/2320/2124 2133/2329/2133 2125/2321/2125
f 2131/2327/2131 2133/2329/2133 2132/2328/2132
f 2105/2301/2105 2134/2330/2134 2130/2326/2130
f 2130/2326/2130 2135/2331/2135 2131/2327/2131
f 2134/2330/2134 2135/2331/2135 2130/2326/2130
f 2133/2329/2133 2131/2327/2131 2136/2332/2136
f 2135/2331/2135 2136/2332/2136 2131/2327/2131
f 2137/2333/2137 2125/2321/2125 2133/2329/2133
f 2136/2332/2136 2137/2333/2137 2133/2329/2133
f 2138/2334/2138 2134/2330/2134 2105/2301/2105
f 2138/2334/2138 2105/2301/2105 2102/2298/2102
f 2125/2321/2125 2137/2333/2137 2139/2335/2139
f 2125/2321/2125 2139/2335/2139 2120/2316/2120
f 2139/2335/2139 2140/2336/2140 2120/2316/2120
f 2121/2317/2121 2120/2316/2120 2140/2336/2140
f 2141/2337/2141 2140/2336/2140 2139/2335/2139
f 2139/2335/2139 2137/2333/2137 2141/2337/2141
f 2140/2336/2140 2142/2338/2142 2121/2317/2121
f 2140/2336/2140 2141/2337/2141 2142/2338/2142
f 2142/2338/2142 2143/2339/2143 2121/2317/2121
f 2121/2317/2121 2143/2339/2143 2122/2318/2122
f 2141/2337/2141 2144/2340/2144 2142/2338/2142
f 2144/2340/2144 2143/2339/2143 2142/2338/2142
f 2145/2341/2145 2122/2318/2122 2143/2339/2143
f 2143/2339/2143 2144/2340/2144 2145/2341/2145
f 2122/2318/2122 2145/2341/2145 2146/2342/2146
f 2145/2341/2145 2147/2343/2147 2146/2342/2146
f 2141/2337/2141 2137/2333/2137 2148/2344/2148
f 2144/2340/2144 2141/2337/2141 2148/2344/2148
f 2147/2343/2147 2145/2341/2145 2149/2345/2149
f 2149/2345/2149 2150/2346/2150 2147/2343/2147
f 2137/2333/2137 2151/2347/2151 2148/2344/2148
f 2137/2333/2137 2136/2332/2136 2151/2347/2151
f 2152/2348/2152 2145/2341/2145 2144/2340/2144
f 2145/2341/2145 2152/2348/2152 2149/2345/2149
f 2144/2340/2144 2148/2344/2148 2153/2349/2153
f 2148/2344/2148 2151/2347/2151 2153/2349/2153
f 2153/2349/2153 2152/2348/2152 2144/2340/2144
f 2154/2350/2154 2151/2347/2151 2136/2332/2136
f 2136/2332/2136 2135/2331/2135 2154/2350/2154
f 2155/2351/2155 2153/2349/2153 2151/2347/2151
f 2151/2347/2151 2154/2350/2154 2155/2351/2155
f 2152/2348/2152 2153/2349/2153 2156/2352/2156
f 2153/2349/2153 2155/2351/2155 2156/2352/2156
f 2149/2345/2149 2152/2348/2152 2157/2353/2157
f 2156/2352/2156 2157/2353/2157 2152/2348/2152
f 2150/2346/2150 2149/2345/2149 2158/2354/2158
f 2157/2353/2157 2158/2354/2158 2149/2345/2149
f 2159/2355/2159 2150/2346/2150 2158/2354/2158
f 2157/2353/2157 2159/2355/2159 2158/2354/2158
f 2150/2346/2150 2159/2355/2159 2160/2356/2160
f 2161/2357/2161 2154/2350/2154 2135/2331/2135
f 2134/2330/2134 2161/2357/2161 2135/2331/2135
f 2157/2353/2157 2156/2352/2156 2162/2358/2162
f 2155/2351/2155 2162/2358/2162 2156/2352/2156
f 2163/2359/2163 2155/2351/2155 2154/2350/2154
f 2154/2350/2154 2161/2357/2161 2163/2359/2163
f 2164/2360/2164 2160/2356/2160 2159/2355/2159
f 2165/2361/2165 2160/2356/2160 2164/2360/2164
f 2166/2362/2166 2165/2361/2165 2164/2360/2164
f 2159/2355/2159 2157/2353/2157 2167/2363/2167
f 2157/2353/2157 2162/2358/2162 2167/2363/2167
f 2155/2351/2155 2168/2364/2168 2162/2358/2162
f 2155/2351/2155 2163/2359/2163 2168/2364/2168
f 2166/2362/2166 2164/2360/2164 2169/2365/2169
f 2169/2365/2169 2170/2366/2170 2166/2362/2166
f 2170/2366/2170 2169/2365/2169 2171/2367/2171
f 2171/2367/2171 2088/2368/2089 2170/2366/2170
f 2171/2367/2171 2087/2369/2087 2088/2368/2089
f 2171/2367/2171 2093/2370/2093 2087/2369/2087
f 2164/2360/2164 2172/2371/2172 2169/2365/2169
f 2172/2371/2172 2171/2367/2171 2169/2365/2169
f 2093/2370/2093 2171/2367/2171 2173/2372/2173
f 2171/2367/2171 2172/2371/2172 2173/2372/2173
f 2173/2372/2173 2097/2373/2097 2093/2370/2093
f 2097/2373/2097 2173/2372/2173 2174/2374/2174
f 2174/2374/2174 2173/2372/2173 2172/2371/2172
f 2174/2374/2174 2100/2375/2100 2097/2373/2097
f 2172/2371/2172 2164/2360/2164 2175/2376/2175
f 2159/2355/2159 2175/2376/2175 2164/2360/2164
f 2100/2375/2100 2174/2374/2174 2176/2377/2176
f 2177/2378/2177 2100/2375/2100 2176/2377/2176
f 2172/2371/2172 2178/2379/2178 2174/2374/2174
f 2178/2379/2178 2172/2371/2172 2175/2376/2175
f 2175/2376/2175 2159/2355/2159 2179/2380/2179
f 2179/2380/2179 2159/2355/2159 2167/2363/2167
f 2180/2381/2180 2174/2374/2174 2178/2379/2178
f 2174/2374/2174 2180/2381/2180 2176/2377/2176
f 2181/2382/2181 2178/2379/2178 2175/2376/2175
f 2179/2380/2179 2181/2382/2181 2175/2376/2175
f 2181/2382/2181 2180/2381/2180 2178/2379/2178
f 2176/2377/2176 2182/2383/2182 2177/2378/2177
f 2182/2383/2182 2183/2384/2183 2177/2378/2177
f 2179/2380/2179 2167/2363/2167 2184/2385/2184
f 2162/2358/2162 2184/2385/2184 2167/2363/2167
f 2181/2382/2181 2179/2380/2179 2185/2386/2185
f 2185/2386/2185 2179/2380/2179 2184/2385/2184
f 2180/2381/2180 2181/2382/2181 2186/2387/2186
f 2185/2386/2185 2186/2387/2186 2181/2382/2181
f 2187/2388/2187 2176/2377/2176 2180/2381/2180
f 2176/2377/2176 2187/2388/2187 2182/2383/2182
f 2187/2388/2187 2180/2381/2180 2186/2387/2186
f 2183/2384/2183 2182/2383/2182 2188/2389/2188
f 2188/2389/2188 2182/2383/2182 2187/2388/2187
f 2188/2389/2188 2189/2390/2189 2183/2384/2183
f 2184/2385/2184 2162/2358/2162 2190/2391/2190
f 2168/2364/2168 2190/2391/2190 2162/2358/2162
f 2185/2386/2185 2184/2385/2184 2191/2392/2191
f 2191/2392/2191 2184/2385/2184 2190/2391/2190
f 2190/2391/2190 2168/2364/2168 2192/2393/2192
f 2192/2393/2192 2168/2364/2168 2163/2359/2163
f 2186/2387/2186 2185/2386/2185 2193/2394/2193
f 2193/2394/2193 2185/2386/2185 2191/2392/2191
f 2191/2392/2191 2190/2391/2190 2194/2395/2194
f 2194/2395/2194 2190/2391/2190 2192/2393/2192
f 2195/2396/2195 2192/2393/2192 2163/2359/2163
f 2161/2357/2161 2195/2396/2195 2163/2359/2163
f 2193/2394/2193 2191/2392/2191 2196/2397/2196
f 2196/2397/2196 2191/2392/2191 2194/2395/2194
f 2194/2395/2194 2192/2393/2192 2197/2398/2197
f 2197/2398/2197 2192/2393/2192 2195/2396/2195
f 2195/2396/2195 2161/2357/2161 2198/2399/2198
f 2134/2330/2134 2198/2399/2198 2161/2357/2161
f 2196/2397/2196 2194/2395/2194 2199/2400/2199
f 2197/2398/2197 2199/2400/2199 2194/2395/2194
f 2197/2398/2197 2195/2396/2195 2200/2401/2200
f 2198/2399/2198 2200/2401/2200 2195/2396/2195
f 2198/2399/2198 2134/2330/2134 2201/2402/2201
f 2138/2334/2138 2201/2402/2201 2134/2330/2134
f 2199/2400/2199 2197/2398/2197 2202/2403/2202
f 2200/2401/2200 2202/2403/2202 2197/2398/2197
f 2201/2402/2201 2203/2404/2203 2198/2399/2198
f 2200/2401/2200 2198/2399/2198 2203/2404/2203
f 2193/2394/2193 2196/2397/2196 2204/2405/2204
f 2196/2397/2196 2199/2400/2199 2205/2406/2205
f 2204/2405/2204 2196/2397/2196 2205/2406/2205
f 2206/2407/2206 2199/2400/2199 2202/2403/2202
f 2205/2406/2205 2199/2400/2199 2206/2407/2206
f 2207/2408/2207 2193/2394/2193 2204/2405/2204
f 2186/2387/2186 2193/2394/2193 2207/2408/2207
f 2208/2409/2208 2186/2387/2186 2207/2408/2207
f 2186/2387/2186 2208/2409/2208 2187/2388/2187
f 2208/2409/2208 2209/2410/2209 2187/2388/2187
f 2187/2388/2187 2209/2410/2209 2188/2389/2188
f 2210/2411/2210 2200/2401/2200 2203/2404/2203
f 2202/2403/2202 2200/2401/2200 2211/2412/2211
f 2211/2412/2211 2200/2401/2200 2210/2411/2210
f 2212/2413/2212 2202/2403/2202 2211/2412/2211
f 2206/2407/2206 2202/2403/2202 2212/2413/2212
f 2213/2414/2213 2210/2411/2210 2203/2404/2203
f 2203/2404/2203 2201/2402/2201 2213/2414/2213
f 2214/2415/2214 2211/2412/2211 2210/2411/2210
f 2211/2412/2211 2214/2415/2214 2212/2413/2212
f 2210/2411/2210 2213/2414/2213 2215/2416/2215
f 2214/2415/2214 2210/2411/2210 2215/2416/2215
f 2213/2414/2213 2201/2402/2201 2216/2417/2216
f 2216/2417/2216 2201/2402/2201 2138/2334/2138
f 2213/2414/2213 2217/2418/2217 2215/2416/2215
f 2217/2418/2217 2213/2414/2213 2216/2417/2216
f 2218/2419/2218 2216/2417/2216 2138/2334/2138
f 2217/2418/2217 2216/2417/2216 2218/2419/2218
f 2218/2419/2218 2138/2334/2138 2102/2298/2102
f 2102/2298/2102 2099/2295/2099 2218/2419/2218
f 2219/2420/2219 2214/2415/2214 2215/2416/2215
f 2219/2420/2219 2215/2416/2215 2217/2418/2217
f 2220/2421/2220 2212/2413/2212 2214/2415/2214
f 2219/2420/2219 2220/2421/2220 2214/2415/2214
f 2099/2295/2099 2221/2422/2221 2218/2419/2218
f 2218/2419/2218 2221/2422/2221 2217/2418/2217
f 2222/2423/2222 2219/2420/2219 2217/2418/2217
f 2221/2422/2221 2222/2423/2222 2217/2418/2217
f 2221/2422/2221 2099/2295/2099 2223/2424/2223
f 2223/2424/2223 2099/2295/2099 2100/2296/2100
f 2223/2424/2223 2224/2425/2224 2221/2422/2221
f 2222/2423/2222 2221/2422/2221 2224/2425/2224
f 2100/2296/2100 2225/2426/2225 2223/2424/2223
f 2224/2425/2224 2223/2424/2223 2225/2426/2225
f 2225/2426/2225 2100/2296/2100 2177/2427/2177
f 2226/2428/2226 2219/2420/2219 2222/2423/2222
f 2220/2421/2220 2219/2420/2219 2226/2428/2226
f 2224/2425/2224 2227/2429/2227 2222/2423/2222
f 2227/2429/2227 2226/2428/2226 2222/2423/2222
f 2228/2430/2228 2224/2425/2224 2225/2426/2225
f 2227/2429/2227 2224/2425/2224 2228/2430/2228
f 2177/2427/2177 2229/2431/2229 2225/2426/2225
f 2229/2431/2229 2228/2430/2228 2225/2426/2225
f 2229/2431/2229 2177/2427/2177 2183/2432/2183
f 2227/2429/2227 2230/2433/2230 2226/2428/2226
f 2230/2433/2230 2220/2421/2220 2226/2428/2226
f 2231/2434/2231 2227/2429/2227 2228/2430/2228
f 2230/2433/2230 2227/2429/2227 2231/2434/2231
f 2232/2435/2232 2228/2430/2228 2229/2431/2229
f 2232/2435/2232 2231/2434/2231 2228/2430/2228
f 2233/2436/2233 2229/2431/2229 2183/2432/2183
f 2233/2436/2233 2232/2435/2232 2229/2431/2229
f 2189/2437/2189 2233/2436/2233 2183/2432/2183
f 2234/2438/2234 2233/2436/2233 2189/2437/2189
f 2235/2439/2235 2234/2438/2234 2189/2437/2189
f 2236/2440/2236 2234/2438/2234 2235/2439/2235
f 2233/2436/2233 2237/2441/2237 2232/2435/2232
f 2237/2441/2237 2233/2436/2233 2234/2438/2234
f 2232/2435/2232 2238/2442/2238 2231/2434/2231
f 2238/2442/2238 2232/2435/2232 2237/2441/2237
f 2231/2434/2231 2239/2443/2239 2230/2433/2230
f 2239/2443/2239 2231/2434/2231 2238/2442/2238
f 2230/2433/2230 2240/2444/2240 2220/2421/2220
f 2239/2443/2239 2240/2444/2240 2230/2433/2230
f 2234/2438/2234 2236/2440/2236 2241/2445/2241
f 2242/2446/2242 2241/2445/2241 2236/2440/2236
f 2241/2445/2241 2242/2446/2242 2243/2447/2243
f 2243/2447/2243 2242/2446/2242 2244/2448/2244
f 2237/2441/2237 2234/2438/2234 2245/2449/2245
f 2241/2445/2241 2245/2449/2245 2234/2438/2234
f 2238/2442/2238 2237/2441/2237 2245/2449/2245
f 2245/2449/2245 2241/2445/2241 2246/2450/2246
f 2241/2445/2241 2243/2447/2243 2246/2450/2246
f 2245/2449/2245 2247/2451/2247 2238/2442/2238
f 2246/2450/2246 2247/2451/2247 2245/2449/2245
f 2238/2442/2238 2248/2452/2248 2239/2443/2239
f 2248/2452/2248 2238/2442/2238 2247/2451/2247
f 2240/2444/2240 2249/2453/2249 2220/2421/2220
f 2220/2421/2220 2249/2453/2249 2212/2413/2212
f 2249/2453/2249 2206/2407/2206 2212/2413/2212
f 2250/2454/2250 2240/2444/2240 2239/2443/2239
f 2248/2452/2248 2250/2454/2250 2239/2443/2239
f 2251/2455/2251 2249/2453/2249 2240/2444/2240
f 2250/2454/2250 2251/2455/2251 2240/2444/2240
f 2252/2456/2252 2206/2407/2206 2249/2453/2249
f 2251/2455/2251 2252/2456/2252 2249/2453/2249
f 2252/2456/2252 2205/2406/2205 2206/2407/2206
f 2252/2456/2252 2253/2457/2253 2205/2406/2205
f 2253/2457/2253 2204/2405/2204 2205/2406/2205
f 2254/2458/2254 2252/2456/2252 2251/2455/2251
f 2254/2458/2254 2253/2457/2253 2252/2456/2252
f 2255/2459/2255 2251/2455/2251 2250/2454/2250
f 2255/2459/2255 2254/2458/2254 2251/2455/2251
f 2256/2460/2256 2250/2454/2250 2248/2452/2248
f 2256/2460/2256 2255/2459/2255 2250/2454/2250
f 2257/2461/2257 2204/2405/2204 2253/2457/2253
f 2257/2461/2257 2207/2408/2207 2204/2405/2204
f 2254/2458/2254 2258/2462/2258 2253/2457/2253
f 2258/2462/2258 2257/2461/2257 2253/2457/2253
f 2255/2459/2255 2259/2463/2259 2254/2458/2254
f 2259/2463/2259 2258/2462/2258 2254/2458/2254
f 2260/2464/2260 2207/2408/2207 2257/2461/2257
f 2260/2464/2260 2208/2409/2208 2207/2408/2207
f 2261/2465/2261 2257/2461/2257 2258/2462/2258
f 2261/2465/2261 2260/2464/2260 2257/2461/2257
f 2262/2466/2262 2208/2409/2208 2260/2464/2260
f 2209/2410/2209 2208/2409/2208 2262/2466/2262
f 2263/2467/2263 2209/2410/2209 2262/2466/2262
f 2264/2468/2264 2262/2466/2262 2260/2464/2260
f 2261/2465/2261 2264/2468/2264 2260/2464/2260
f 2265/2469/2265 2261/2465/2261 2258/2462/2258
f 2265/2469/2265 2258/2462/2258 2259/2463/2259
f 2266/2470/2266 2259/2463/2259 2255/2459/2255
f 2256/2460/2256 2266/2470/2266 2255/2459/2255
f 2262/2466/2262 2267/2471/2267 2263/2467/2263
f 2267/2471/2267 2262/2466/2262 2264/2468/2264
f 2268/2472/2268 2264/2468/2264 2261/2465/2261
f 2265/2469/2265 2268/2472/2268 2261/2465/2261
f 2269/2473/2269 2265/2469/2265 2259/2463/2259
f 2269/2473/2269 2259/2463/2259 2266/2470/2266
f 2270/2474/2270 2267/2471/2267 2264/2468/2264
f 2270/2474/2270 2264/2468/2264 2268/2472/2268
f 2271/2475/2271 2268/2472/2268 2265/2469/2265
f 2271/2475/2271 2265/2469/2265 2269/2473/2269
f 2272/2476/2272 2263/2467/2263 2267/2471/2267
f 2267/2471/2267 2270/2474/2270 2272/2476/2272
f 2273/2477/2273 2270/2474/2270 2268/2472/2268
f 2271/2475/2271 2273/2477/2273 2268/2472/2268
f 2274/2478/2274 2272/2476/2272 2270/2474/2270
f 2273/2477/2273 2274/2478/2274 2270/2474/2270
f 2275/2479/2275 2269/2473/2269 2266/2470/2266
f 2276/2480/2276 2271/2475/2271 2269/2473/2269
f 2276/2480/2276 2269/2473/2269 2275/2479/2275
f 2277/2481/2277 2273/2477/2273 2271/2475/2271
f 2276/2480/2276 2277/2481/2277 2271/2475/2271
f 2278/2482/2278 2274/2478/2274 2273/2477/2273
f 2278/2482/2278 2273/2477/2273 2277/2481/2277
f 2275/2479/2275 2266/2470/2266 2279/2483/2279
f 2279/2483/2279 2266/2470/2266 2256/2460/2256
f 2280/2484/2280 2279/2483/2279 2256/2460/2256
f 2280/2484/2280 2256/2460/2256 2248/2452/2248
f 2247/2451/2247 2280/2484/2280 2248/2452/2248
f 2280/2484/2280 2247/2451/2247 2281/2485/2281
f 2247/2451/2247 2246/2450/2246 2281/2485/2281
f 2282/2486/2282 2279/2483/2279 2280/2484/2280
f 2281/2485/2281 2282/2486/2282 2280/2484/2280
f 2283/2487/2283 2275/2479/2275 2279/2483/2279
f 2282/2486/2282 2283/2487/2283 2279/2483/2279
f 2284/2488/2284 2275/2479/2275 2283/2487/2283
f 2284/2488/2284 2276/2480/2276 2275/2479/2275
f 2285/2489/2285 2277/2481/2277 2276/2480/2276
f 2276/2480/2276 2284/2488/2284 2285/2489/2285
f 2285/2489/2285 2286/2490/2286 2277/2481/2277
f 2286/2490/2286 2278/2482/2278 2277/2481/2277
f 2281/2485/2281 2246/2450/2246 2287/2491/2287
f 2287/2491/2287 2288/2492/2288 2281/2485/2281
f 2282/2486/2282 2281/2485/2281 2288/2492/2288
f 2246/2450/2246 2289/2493/2289 2287/2491/2287
f 2289/2493/2289 2288/2492/2288 2287/2491/2287
f 2243/2447/2243 2289/2493/2289 2246/2450/2246
f 2290/2494/2290 2285/2489/2285 2284/2488/2284
f 2284/2488/2284 2283/2487/2283 2291/2495/2291
f 2291/2495/2291 2290/2494/2290 2284/2488/2284
f 2292/2496/2292 2286/2490/2286 2285/2489/2285
f 2285/2489/2285 2290/2494/2290 2292/2496/2292
f 2286/2490/2286 2293/2497/2293 2278/2482/2278
f 2294/2498/2294 2286/2490/2286 2292/2496/2292
f 2294/2498/2294 2293/2497/2293 2286/2490/2286
f 2293/2497/2293 2295/2499/2295 2278/2482/2278
f 2278/2482/2278 2295/2499/2295 2274/2478/2274
f 2295/2499/2295 2296/2500/2296 2274/2478/2274
f 2274/2478/2274 2296/2500/2296 2272/2476/2272
f 2297/2501/2297 2292/2496/2292 2290/2494/2290
f 2298/2502/2298 2290/2494/2290 2291/2495/2291
f 2297/2501/2297 2290/2494/2290 2298/2502/2298
f 2299/2503/2299 2294/2498/2294 2292/2496/2292
f 2299/2503/2299 2292/2496/2292 2297/2501/2297
f 2300/2504/2300 2295/2499/2295 2293/2497/2293
f 2294/2498/2294 2301/2505/2301 2293/2497/2293
f 2301/2505/2301 2300/2504/2300 2293/2497/2293
f 2302/2506/2302 2296/2500/2296 2295/2499/2295
f 2300/2504/2300 2302/2506/2302 2295/2499/2295
f 2303/2507/2303 2294/2498/2294 2299/2503/2299
f 2303/2507/2303 2301/2505/2301 2294/2498/2294
f 2291/2495/2291 2304/2508/2304 2298/2502/2298
f 2305/2509/2305 2297/2501/2297 2298/2502/2298
f 2305/2509/2305 2298/2502/2298 2304/2508/2304
f 2306/2510/2306 2299/2503/2299 2297/2501/2297
f 2306/2510/2306 2297/2501/2297 2305/2509/2305
f 2307/2511/2307 2303/2507/2303 2299/2503/2299
f 2307/2511/2307 2299/2503/2299 2306/2510/2306
f 2308/2512/2308 2306/2510/2306 2305/2509/2305
f 2304/2508/2304 2308/2512/2308 2305/2509/2305
f 2304/2508/2304 2291/2495/2291 2309/2513/2309
f 2283/2487/2283 2309/2513/2309 2291/2495/2291
f 2310/2514/2310 2307/2511/2307 2306/2510/2306
f 2306/2510/2306 2308/2512/2308 2310/2514/2310
f 2309/2513/2309 2283/2487/2283 2311/2515/2311
f 2282/2486/2282 2311/2515/2311 2283/2487/2283
f 2311/2515/2311 2282/2486/2282 2312/2516/2312
f 2288/2492/2288 2312/2516/2312 2282/2486/2282
f 2312/2516/2312 2288/2492/2288 2313/2517/2313
f 2289/2493/2289 2313/2517/2313 2288/2492/2288
f 2314/2518/2314 2313/2517/2313 2289/2493/2289
f 2314/2518/2314 2289/2493/2289 2243/2447/2243
f 334/2519/334 2312/2516/2312 2313/2517/2313
f 2314/2518/2314 334/2519/334 2313/2517/2313
f 334/2519/334 336/2520/336 2312/2516/2312
f 336/2520/336 2311/2515/2311 2312/2516/2312
f 2311/2515/2311 336/2520/336 340/2521/340
f 2309/2513/2309 2311/2515/2311 340/2521/340
f 340/2521/340 348/2522/348 2309/2513/2309
f 2304/2508/2304 2309/2513/2309 348/2522/348
f 348/2522/348 354/2523/354 2304/2508/2304
f 2308/2512/2308 2304/2508/2304 354/2523/354
f 354/2523/354 357/2524/357 2308/2512/2308
f 2310/2514/2310 2308/2512/2308 357/2524/357
f 334/2519/334 2314/2518/2314 331/2525/331
f 357/2524/357 368/2526/368 2310/2514/2310
f 331/2525/331 2314/2518/2314 2315/2527/2315
f 2315/2527/2315 329/2528/329 331/2525/331
f 2243/2447/2243 2315/2527/2315 2314/2518/2314
f 368/2526/368 2316/2529/2316 2310/2514/2310
f 2307/2511/2307 2310/2514/2310 2316/2529/2316
f 2315/2527/2315 2317/2530/2317 329/2528/329
f 2317/2530/2317 1/2531/1 329/2528/329
f 1/2531/1 2317/2530/2317 1425/2532/1425
f 2315/2527/2315 2243/2447/2243 2318/2533/2318
f 2317/2530/2317 2315/2527/2315 2318/2533/2318
f 2244/2448/2244 2318/2533/2318 2243/2447/2243
f 2318/2533/2318 2244/2448/2244 2319/2534/2319
f 2319/2534/2319 2317/2530/2317 2318/2533/2318
f 2317/2530/2317 2319/2534/2319 1425/2532/1425
f 1425/2532/1425 2319/2534/2319 1426/2535/1426
f 2316/2529/2316 368/2526/368 2320/2536/2320
f 2320/2536/2320 368/2526/368 369/2537/369
f 2320/2536/2320 369/2537/369 372/2538/372
f 372/2538/372 2321/2539/2321 2320/2536/2320
f 2321/2539/2321 372/2538/372 374/2540/374
f 2320/2536/2320 2322/2541/2322 2316/2529/2316
f 2321/2539/2321 2322/2541/2322 2320/2536/2320
f 2323/2542/2323 2321/2539/2321 374/2540/374
f 2323/2542/2323 374/2540/374 379/2543/379
f 2322/2541/2322 2324/2544/2324 2316/2529/2316
f 2316/2529/2316 2324/2544/2324 2307/2511/2307
f 2307/2511/2307 2324/2544/2324 2303/2507/2303
f 2321/2539/2321 2325/2545/2325 2322/2541/2322
f 2321/2539/2321 2323/2542/2323 2325/2545/2325
f 379/2543/379 2326/2546/2326 2323/2542/2323
f 2326/2546/2326 379/2543/379 387/2547/387
f 2324/2544/2324 2327/2548/2327 2303/2507/2303
f 2327/2548/2327 2301/2505/2301 2303/2507/2303
f 2328/2549/2328 2324/2544/2324 2322/2541/2322
f 2325/2545/2325 2328/2549/2328 2322/2541/2322
f 2329/2550/2329 2325/2545/2325 2323/2542/2323
f 2329/2550/2329 2323/2542/2323 2326/2546/2326
f 2326/2546/2326 387/2547/387 2330/2551/2330
f 2330/2551/2330 387/2547/387 388/2552/388
f 2331/2553/2331 2327/2548/2327 2324/2544/2324
f 2324/2544/2324 2328/2549/2328 2331/2553/2331
f 2332/2554/2332 2328/2549/2328 2325/2545/2325
f 2325/2545/2325 2329/2550/2329 2332/2554/2332
f 2333/2555/2333 2331/2553/2331 2328/2549/2328
f 2328/2549/2328 2332/2554/2332 2333/2555/2333
f 2331/2553/2331 2334/2556/2334 2327/2548/2327
f 2331/2553/2331 2333/2555/2333 2334/2556/2334
f 2335/2557/2335 2301/2505/2301 2327/2548/2327
f 2334/2556/2334 2335/2557/2335 2327/2548/2327
f 2326/2546/2326 2336/2558/2336 2329/2550/2329
f 2336/2558/2336 2326/2546/2326 2330/2551/2330
f 2330/2551/2330 388/2552/388 2337/2559/2337
f 548/2560/548 2337/2559/2337 388/2552/388
f 2338/2561/2338 2330/2551/2330 2337/2559/2337
f 2338/2561/2338 2336/2558/2336 2330/2551/2330
f 2337/2559/2337 548/2560/548 2339/2562/2339
f 2339/2562/2339 2338/2561/2338 2337/2559/2337
f 2340/2563/2340 2339/2562/2339 548/2560/548
f 2340/2563/2340 2338/2561/2338 2339/2562/2339
f 548/2560/548 550/2564/550 2340/2563/2340
f 2341/2565/2341 2336/2558/2336 2338/2561/2338
f 2338/2561/2338 2340/2563/2340 2341/2565/2341
f 2342/2566/2342 2329/2550/2329 2336/2558/2336
f 2336/2558/2336 2341/2565/2341 2342/2566/2342
f 550/2564/550 2343/2567/2343 2340/2563/2340
f 2343/2567/2343 2341/2565/2341 2340/2563/2340
f 2329/2550/2329 2342/2566/2342 2344/2568/2344
f 2344/2568/2344 2332/2554/2332 2329/2550/2329
f 2345/2569/2345 2342/2566/2342 2341/2565/2341
f 2345/2569/2345 2341/2565/2341 2343/2567/2343
f 2343/2567/2343 550/2564/550 2346/2570/2346
f 551/2571/551 2346/2570/2346 550/2564/550
f 2347/2572/2347 2344/2568/2344 2342/2566/2342
f 2345/2569/2345 2347/2572/2347 2342/2566/2342
f 2332/2554/2332 2344/2568/2344 2348/2573/2348
f 2348/2573/2348 2333/2555/2333 2332/2554/2332
f 2349/2574/2349 2345/2569/2345 2343/2567/2343
f 2349/2574/2349 2343/2567/2343 2346/2570/2346
f 551/2571/551 2350/2575/2350 2346/2570/2346
f 2350/2575/2350 551/2571/551 554/2576/554
f 2351/2577/2351 2346/2570/2346 2350/2575/2350
f 2351/2577/2351 2349/2574/2349 2346/2570/2346
f 2352/2578/2352 2350/2575/2350 554/2576/554
f 2352/2578/2352 2351/2577/2351 2350/2575/2350
f 554/2576/554 556/2579/556 2352/2578/2352
f 557/2580/557 2352/2578/2352 556/2579/556
f 2345/2569/2345 2349/2574/2349 2353/2581/2353
f 2353/2581/2353 2347/2572/2347 2345/2569/2345
f 2351/2577/2351 2354/2582/2354 2349/2574/2349
f 2354/2582/2354 2353/2581/2353 2349/2574/2349
f 2355/2583/2355 2351/2577/2351 2352/2578/2352
f 2354/2582/2354 2351/2577/2351 2355/2583/2355
f 2352/2578/2352 557/2580/557 2356/2584/2356
f 2356/2584/2356 2355/2583/2355 2352/2578/2352
f 2356/2584/2356 557/2580/557 1463/2585/1463
f 1463/2585/1463 557/2580/557 256/2586/256
f 2357/2587/2357 2356/2584/2356 1463/2585/1463
f 1466/2588/1466 2357/2587/2357 1463/2585/1463
f 2356/2584/2356 2358/2589/2358 2355/2583/2355
f 2358/2589/2358 2356/2584/2356 2357/2587/2357
f 2359/2590/2359 2354/2582/2354 2355/2583/2355
f 2358/2589/2358 2359/2590/2359 2355/2583/2355
f 2360/2591/2360 2353/2581/2353 2354/2582/2354
f 2359/2590/2359 2360/2591/2360 2354/2582/2354
f 2353/2581/2353 2361/2592/2361 2347/2572/2347
f 2360/2591/2360 2361/2592/2361 2353/2581/2353
f 2362/2593/2362 2357/2587/2357 1466/2588/1466
f 1471/2594/1471 2362/2593/2362 1466/2588/1466
f 2363/2595/2363 2358/2589/2358 2357/2587/2357
f 2362/2593/2362 2363/2595/2363 2357/2587/2357
f 2358/2589/2358 2364/2596/2364 2359/2590/2359
f 2364/2596/2364 2358/2589/2358 2363/2595/2363
f 2365/2597/2365 2362/2593/2362 1471/2594/1471
f 1475/2598/1475 2365/2597/2365 1471/2594/1471
f 2366/2599/2366 2363/2595/2363 2362/2593/2362
f 2365/2597/2365 2366/2599/2366 2362/2593/2362
f 2367/2600/2367 2365/2597/2365 1475/2598/1475
f 1478/2601/1478 2367/2600/2367 1475/2598/1475
f 2360/2591/2360 2359/2590/2359 2368/2602/2368
f 2364/2596/2364 2368/2602/2368 2359/2590/2359
f 2369/2603/2369 2364/2596/2364 2363/2595/2363
f 2366/2599/2366 2369/2603/2369 2363/2595/2363
f 2370/2604/2370 2366/2599/2366 2365/2597/2365
f 2367/2600/2367 2370/2604/2370 2365/2597/2365
f 2371/2605/2371 2367/2600/2367 1478/2601/1478
f 1484/2606/1484 2371/2605/2371 1478/2601/1478
f 2368/2602/2368 2364/2596/2364 2372/2607/2372
f 2369/2603/2369 2372/2607/2372 2364/2596/2364
f 2370/2604/2370 2373/2608/2373 2366/2599/2366
f 2373/2608/2373 2369/2603/2369 2366/2599/2366
f 2374/2609/2374 2370/2604/2370 2367/2600/2367
f 2371/2605/2371 2374/2609/2374 2367/2600/2367
f 2375/2610/2375 2371/2605/2371 1484/2606/1484
f 1504/2611/1504 2375/2610/2375 1484/2606/1484
f 2376/2612/2376 2373/2608/2373 2370/2604/2370
f 2374/2609/2374 2376/2612/2376 2370/2604/2370
f 2377/2613/2377 2374/2609/2374 2371/2605/2371
f 2375/2610/2375 2377/2613/2377 2371/2605/2371
f 1504/2611/1504 2378/2614/2378 2375/2610/2375
f 2378/2614/2378 1504/2611/1504 1506/2615/1506
f 2374/2609/2374 2379/2616/2379 2376/2612/2376
f 2379/2616/2379 2374/2609/2374 2377/2613/2377
f 2375/2610/2375 2380/2617/2380 2377/2613/2377
f 2380/2617/2380 2375/2610/2375 2378/2614/2378
f 1506/2615/1506 2381/2618/2381 2378/2614/2378
f 2381/2618/2381 1506/2615/1506 1511/2619/1511
f 2377/2613/2377 2382/2620/2382 2379/2616/2379
f 2382/2620/2382 2377/2613/2377 2380/2617/2380
f 2378/2614/2378 2383/2621/2383 2380/2617/2380
f 2383/2621/2383 2378/2614/2378 2381/2618/2381
f 1511/2619/1511 2384/2622/2384 2381/2618/2381
f 2384/2622/2384 1511/2619/1511 1515/2623/1515
f 2385/2624/2385 2384/2622/2384 1515/2623/1515
f 1518/2625/1518 2385/2624/2385 1515/2623/1515
f 2386/2626/2386 2384/2622/2384 2385/2624/2385
f 2387/2627/2387 2381/2618/2381 2384/2622/2384
f 2384/2622/2384 2386/2626/2386 2387/2627/2387
f 2381/2618/2381 2387/2627/2387 2383/2621/2383
f 2386/2626/2386 2388/2628/2388 2387/2627/2387
f 2388/2628/2388 2389/2629/2389 2387/2627/2387
f 2387/2627/2387 2389/2629/2389 2383/2621/2383
f 2388/2628/2388 2390/2630/2390 2389/2629/2389
f 2383/2621/2383 2391/2631/2391 2380/2617/2380
f 2383/2621/2383 2389/2629/2389 2391/2631/2391
f 2380/2617/2380 2391/2631/2391 2382/2620/2382
f 2389/2629/2389 2390/2630/2390 2392/2632/2392
f 2391/2631/2391 2389/2629/2389 2392/2632/2392
f 2390/2630/2390 2393/2633/2393 2392/2632/2392
f 2391/2631/2391 2394/2634/2394 2382/2620/2382
f 2392/2632/2392 2394/2634/2394 2391/2631/2391
f 2393/2633/2393 2395/2635/2395 2392/2632/2392
f 2392/2632/2392 2395/2635/2395 2394/2634/2394
f 2393/2633/2393 2396/2636/2396 2395/2635/2395
f 2382/2620/2382 2394/2634/2394 2397/2637/2397
f 2379/2616/2379 2382/2620/2382 2397/2637/2397
f 2396/2636/2396 2398/2638/2398 2395/2635/2395
f 2399/2639/2399 2398/2638/2398 2396/2636/2396
f 2395/2635/2395 2400/2640/2400 2394/2634/2394
f 2397/2637/2397 2394/2634/2394 2400/2640/2400
f 2398/2638/2398 2400/2640/2400 2395/2635/2395
f 2397/2637/2397 2401/2641/2401 2379/2616/2379
f 2379/2616/2379 2401/2641/2401 2376/2612/2376
f 2398/2638/2398 2399/2639/2399 2402/2642/2402
f 2403/2643/2403 2402/2642/2402 2399/2639/2399
f 2400/2640/2400 2398/2638/2398 2404/2644/2404
f 2402/2642/2402 2404/2644/2404 2398/2638/2398
f 2400/2640/2400 2405/2645/2405 2397/2637/2397
f 2397/2637/2397 2405/2645/2405 2401/2641/2401
f 2405/2645/2405 2400/2640/2400 2404/2644/2404
f 2376/2612/2376 2401/2641/2401 2406/2646/2406
f 2406/2646/2406 2373/2608/2373 2376/2612/2376
f 2401/2641/2401 2405/2645/2405 2407/2647/2407
f 2406/2646/2406 2401/2641/2401 2407/2647/2407
f 2404/2644/2404 2408/2648/2408 2405/2645/2405
f 2407/2647/2407 2405/2645/2405 2408/2648/2408
f 2404/2644/2404 2402/2642/2402 2409/2649/2409
f 2404/2644/2404 2409/2649/2409 2408/2648/2408
f 2402/2642/2402 2403/2643/2403 2410/2650/2410
f 2402/2642/2402 2410/2650/2410 2409/2649/2409
f 2373/2608/2373 2406/2646/2406 2411/2651/2411
f 2369/2603/2369 2373/2608/2373 2411/2651/2411
f 2407/2647/2407 2412/2652/2412 2406/2646/2406
f 2412/2652/2412 2411/2651/2411 2406/2646/2406
f 2408/2648/2408 2413/2653/2413 2407/2647/2407
f 2413/2653/2413 2412/2652/2412 2407/2647/2407
f 2403/2643/2403 2414/2654/2414 2410/2650/2410
f 2414/2654/2414 2403/2643/2403 2415/2655/2415
f 2408/2648/2408 2409/2649/2409 2416/2656/2416
f 2413/2653/2413 2408/2648/2408 2416/2656/2416
f 2410/2650/2410 2417/2657/2417 2409/2649/2409
f 2417/2657/2417 2410/2650/2410 2414/2654/2414
f 2409/2649/2409 2417/2657/2417 2416/2656/2416
f 2411/2651/2411 2418/2658/2418 2369/2603/2369
f 2372/2607/2372 2369/2603/2369 2418/2658/2418
f 2411/2651/2411 2412/2652/2412 2419/2659/2419
f 2419/2659/2419 2418/2658/2418 2411/2651/2411
f 2415/2655/2415 2420/2660/2420 2414/2654/2414
f 2420/2660/2420 2415/2655/2415 2421/2661/2421
f 2412/2652/2412 2413/2653/2413 2422/2662/2422
f 2419/2659/2419 2412/2652/2412 2422/2662/2422
f 2416/2656/2416 2423/2663/2423 2413/2653/2413
f 2422/2662/2422 2413/2653/2413 2423/2663/2423
f 2417/2657/2417 2414/2654/2414 2424/2664/2424
f 2424/2664/2424 2414/2654/2414 2420/2660/2420
f 2416/2656/2416 2417/2657/2417 2425/2665/2425
f 2416/2656/2416 2425/2665/2425 2423/2663/2423
f 2417/2657/2417 2424/2664/2424 2425/2665/2425
f 2418/2658/2418 2419/2659/2419 2426/2666/2426
f 2426/2666/2426 2372/2607/2372 2418/2658/2418
f 2422/2662/2422 2427/2667/2427 2419/2659/2419
f 2427/2667/2427 2426/2666/2426 2419/2659/2419
f 2422/2662/2422 2423/2663/2423 2428/2668/2428
f 2428/2668/2428 2427/2667/2427 2422/2662/2422
f 2423/2663/2423 2425/2665/2425 2429/2669/2429
f 2428/2668/2428 2423/2663/2423 2429/2669/2429
f 2425/2665/2425 2424/2664/2424 2430/2670/2430
f 2425/2665/2425 2430/2670/2430 2429/2669/2429
f 2372/2607/2372 2426/2666/2426 2431/2671/2431
f 2368/2602/2368 2372/2607/2372 2431/2671/2431
f 2426/2666/2426 2427/2667/2427 2432/2672/2432
f 2432/2672/2432 2431/2671/2431 2426/2666/2426
f 2427/2667/2427 2428/2668/2428 2433/2673/2433
f 2433/2673/2433 2432/2672/2432 2427/2667/2427
f 2428/2668/2428 2429/2669/2429 2434/2674/2434
f 2434/2674/2434 2433/2673/2433 2428/2668/2428
f 2431/2671/2431 2435/2675/2435 2368/2602/2368
f 2435/2675/2435 2360/2591/2360 2368/2602/2368
f 2431/2671/2431 2432/2672/2432 2436/2676/2436
f 2435/2675/2435 2431/2671/2431 2436/2676/2436
f 2432/2672/2432 2433/2673/2433 2437/2677/2437
f 2436/2676/2436 2432/2672/2432 2437/2677/2437
f 2360/2591/2360 2435/2675/2435 2438/2678/2438
f 2360/2591/2360 2438/2678/2438 2361/2592/2361
f 2436/2676/2436 2439/2679/2439 2435/2675/2435
f 2438/2678/2438 2435/2675/2435 2439/2679/2439
f 2429/2669/2429 2440/2680/2440 2434/2674/2434
f 2429/2669/2429 2430/2670/2430 2440/2680/2440
f 2433/2673/2433 2434/2674/2434 2441/2681/2441
f 2437/2677/2437 2433/2673/2433 2441/2681/2441
f 2436/2676/2436 2437/2677/2437 2442/2682/2442
f 2442/2682/2442 2439/2679/2439 2436/2676/2436
f 2439/2679/2439 2443/2683/2443 2438/2678/2438
f 2438/2678/2438 2443/2683/2443 2361/2592/2361
f 2434/2674/2434 2440/2680/2440 2444/2684/2444
f 2434/2674/2434 2444/2684/2444 2441/2681/2441
f 2437/2677/2437 2441/2681/2441 2445/2685/2445
f 2445/2685/2445 2442/2682/2442 2437/2677/2437
f 2439/2679/2439 2442/2682/2442 2446/2686/2446
f 2446/2686/2446 2443/2683/2443 2439/2679/2439
f 2441/2681/2441 2444/2684/2444 2447/2687/2447
f 2441/2681/2441 2447/2687/2447 2445/2685/2445
f 2442/2682/2442 2445/2685/2445 2448/2688/2448
f 2448/2688/2448 2446/2686/2446 2442/2682/2442
f 2445/2685/2445 2447/2687/2447 2449/2689/2449
f 2449/2689/2449 2448/2688/2448 2445/2685/2445
f 2450/2690/2450 2444/2684/2444 2440/2680/2440
f 2451/2691/2451 2447/2687/2447 2444/2684/2444
f 2444/2684/2444 2450/2690/2450 2451/2691/2451
f 2440/2680/2440 2452/2692/2452 2450/2690/2450
f 2440/2680/2440 2430/2670/2430 2452/2692/2452
f 2447/2687/2447 2453/2693/2453 2449/2689/2449
f 2447/2687/2447 2451/2691/2451 2453/2693/2453
f 2451/2691/2451 2450/2690/2450 2454/2694/2454
f 2452/2692/2452 2454/2694/2454 2450/2690/2450
f 2430/2670/2430 2455/2695/2455 2452/2692/2452
f 2430/2670/2430 2424/2664/2424 2455/2695/2455
f 2424/2664/2424 2420/2660/2420 2455/2695/2455
f 2455/2695/2455 2456/2696/2456 2452/2692/2452
f 2454/2694/2454 2452/2692/2452 2456/2696/2456
f 2457/2697/2457 2455/2695/2455 2420/2660/2420
f 2456/2696/2456 2455/2695/2455 2457/2697/2457
f 2453/2693/2453 2451/2691/2451 2458/2698/2458
f 2458/2698/2458 2451/2691/2451 2454/2694/2454
f 1617/2699/1617 2454/2694/2454 2456/2696/2456
f 2457/2697/2457 1617/2699/1617 2456/2696/2456
f 2454/2694/2454 1617/2699/1617 1618/2700/1618
f 1618/2700/1618 2458/2698/2458 2454/2694/2454
f 1617/2699/1617 2457/2697/2457 1619/2701/1619
f 2458/2698/2458 1618/2700/1618 1620/2702/1620
f 2457/2697/2457 2420/2660/2420 2459/2703/2459
f 2457/2697/2457 2459/2703/2459 1619/2701/1619
f 2459/2703/2459 2420/2660/2420 2421/2661/2421
f 1619/2701/1619 2459/2703/2459 1622/2704/1622
f 2459/2703/2459 2421/2661/2421 2460/2705/2460
f 2459/2703/2459 1624/2706/1624 1622/2704/1622
f 1624/2706/1624 2459/2703/2459 2460/2705/2460
f 1620/2702/1620 2461/2707/2461 2458/2698/2458
f 2461/2707/2461 1620/2702/1620 1626/2708/1626
f 2461/2707/2461 2453/2693/2453 2458/2698/2458
f 2462/2709/2462 2461/2707/2461 1626/2708/1626
f 2462/2709/2462 2453/2693/2453 2461/2707/2461
f 1628/2710/1628 2462/2709/2462 1626/2708/1626
f 2453/2693/2453 2462/2709/2462 2463/2711/2463
f 2449/2689/2449 2453/2693/2453 2463/2711/2463
f 2464/2712/2464 2462/2709/2462 1628/2710/1628
f 2464/2712/2464 2463/2711/2463 2462/2709/2462
f 1630/2713/1630 2464/2712/2464 1628/2710/1628
f 1631/2714/1631 2464/2712/2464 1630/2713/1630
f 2449/2689/2449 2463/2711/2463 2465/2715/2465
f 2448/2688/2448 2449/2689/2449 2465/2715/2465
f 1631/2714/1631 2466/2716/2466 2464/2712/2464
f 1633/2717/1633 2466/2716/2466 1631/2714/1631
f 2463/2711/2463 2464/2712/2464 2467/2718/2467
f 2465/2715/2465 2463/2711/2463 2467/2718/2467
f 2466/2716/2466 2467/2718/2467 2464/2712/2464
f 2468/2719/2468 2448/2688/2448 2465/2715/2465
f 2446/2686/2446 2448/2688/2448 2468/2719/2468
f 1633/2717/1633 2469/2720/2469 2466/2716/2466
f 1635/2721/1635 2469/2720/2469 1633/2717/1633
f 2465/2715/2465 2467/2718/2467 2470/2722/2470
f 2468/2719/2468 2465/2715/2465 2470/2722/2470
f 2466/2716/2466 2471/2723/2471 2467/2718/2467
f 2469/2720/2469 2471/2723/2471 2466/2716/2466
f 2470/2722/2470 2467/2718/2467 2471/2723/2471
f 2472/2724/2472 2446/2686/2446 2468/2719/2468
f 2443/2683/2443 2446/2686/2446 2472/2724/2472
f 2473/2725/2473 2443/2683/2443 2472/2724/2472
f 2473/2725/2473 2472/2724/2472 2474/2726/2474
f 2472/2724/2472 2468/2719/2468 2474/2726/2474
f 2468/2719/2468 2470/2722/2470 2474/2726/2474
f 1635/2721/1635 2475/2727/2475 2469/2720/2469
f 1637/2728/1637 2475/2727/2475 1635/2721/1635
f 2470/2722/2470 2471/2723/2471 2476/2729/2476
f 2474/2726/2474 2470/2722/2470 2476/2729/2476
f 2477/2730/2477 2471/2723/2471 2469/2720/2469
f 2475/2727/2475 2477/2730/2477 2469/2720/2469
f 2476/2729/2476 2471/2723/2471 2477/2730/2477
f 1637/2728/1637 2478/2731/2478 2475/2727/2475
f 1639/2732/1639 2478/2731/2478 1637/2728/1637
f 2479/2733/2479 2474/2726/2474 2476/2729/2476
f 2473/2725/2473 2474/2726/2474 2479/2733/2479
f 2480/2734/2480 2476/2729/2476 2477/2730/2477
f 2479/2733/2479 2476/2729/2476 2480/2734/2480
f 2481/2735/2481 2477/2730/2477 2475/2727/2475
f 2478/2731/2478 2481/2735/2481 2475/2727/2475
f 2480/2734/2480 2477/2730/2477 2481/2735/2481
f 1639/2732/1639 2482/2736/2482 2478/2731/2478
f 1426/2737/1426 2482/2736/2482 1639/2732/1639
f 2319/2738/2319 2482/2736/2482 1426/2737/1426
f 2244/2739/2244 2482/2736/2482 2319/2738/2319
f 2482/2736/2482 2244/2739/2244 2483/2740/2483
f 2478/2731/2478 2482/2736/2482 2483/2740/2483
f 2483/2740/2483 2244/2739/2244 2242/2741/2242
f 2481/2735/2481 2478/2731/2478 2484/2742/2484
f 2483/2740/2483 2484/2742/2484 2478/2731/2478
f 2242/2741/2242 2485/2743/2485 2483/2740/2483
f 2485/2743/2485 2484/2742/2484 2483/2740/2483
f 2485/2743/2485 2242/2741/2242 2236/2744/2236
f 2480/2734/2480 2481/2735/2481 2486/2745/2486
f 2486/2745/2486 2481/2735/2481 2484/2742/2484
f 2236/2744/2236 2487/2746/2487 2485/2743/2485
f 2487/2746/2487 2236/2744/2236 2235/2747/2235
f 2488/2748/2488 2480/2734/2480 2486/2745/2486
f 2479/2733/2479 2480/2734/2480 2488/2748/2488
f 2487/2746/2487 2235/2747/2235 2489/2749/2489
f 2489/2749/2489 2235/2747/2235 2189/2390/2189
f 2490/2750/2490 2479/2733/2479 2488/2748/2488
f 2473/2725/2473 2479/2733/2479 2490/2750/2490
f 2489/2749/2489 2189/2390/2189 2491/2751/2491
f 2189/2390/2189 2188/2389/2188 2491/2751/2491
f 2188/2389/2188 2492/2752/2492 2491/2751/2491
f 2209/2410/2209 2492/2752/2492 2188/2389/2188
f 2493/2753/2493 2491/2751/2491 2492/2752/2492
f 2493/2753/2493 2489/2749/2489 2491/2751/2491
f 2492/2752/2492 2209/2410/2209 2494/2754/2494
f 2493/2753/2493 2492/2752/2492 2494/2754/2494
f 2209/2410/2209 2263/2467/2263 2494/2754/2494
f 2494/2754/2494 2495/2755/2495 2493/2753/2493
f 2494/2754/2494 2263/2467/2263 2495/2755/2495
f 2489/2749/2489 2493/2753/2493 2496/2756/2496
f 2495/2755/2495 2496/2756/2496 2493/2753/2493
f 2497/2757/2497 2495/2755/2495 2263/2467/2263
f 2496/2756/2496 2495/2755/2495 2497/2757/2497
f 2498/2758/2498 2489/2749/2489 2496/2756/2496
f 2487/2746/2487 2489/2749/2489 2498/2758/2498
f 2263/2467/2263 2499/2759/2499 2497/2757/2497
f 2263/2467/2263 2272/2476/2272 2499/2759/2499
f 2272/2476/2272 2500/2760/2500 2499/2759/2499
f 2499/2759/2499 2500/2760/2500 2497/2757/2497
f 2272/2476/2272 2296/2500/2296 2500/2760/2500
f 2501/2761/2501 2496/2756/2496 2497/2757/2497
f 2501/2761/2501 2498/2758/2498 2496/2756/2496
f 2497/2757/2497 2502/2762/2502 2501/2761/2501
f 2500/2760/2500 2502/2762/2502 2497/2757/2497
f 2502/2762/2502 2503/2763/2503 2501/2761/2501
f 2498/2758/2498 2501/2761/2501 2503/2763/2503
f 2504/2764/2504 2487/2746/2487 2498/2758/2498
f 2485/2743/2485 2487/2746/2487 2504/2764/2504
f 2505/2765/2505 2502/2762/2502 2500/2760/2500
f 2503/2763/2503 2502/2762/2502 2505/2765/2505
f 2506/2766/2506 2498/2758/2498 2503/2763/2503
f 2505/2765/2505 2506/2766/2506 2503/2763/2503
f 2504/2764/2504 2498/2758/2498 2506/2766/2506
f 2507/2767/2507 2505/2765/2505 2500/2760/2500
f 2500/2760/2500 2296/2500/2296 2507/2767/2507
f 2506/2766/2506 2505/2765/2505 2507/2767/2507
f 2296/2500/2296 2508/2768/2508 2507/2767/2507
f 2508/2768/2508 2296/2500/2296 2302/2506/2302
f 2507/2767/2507 2509/2769/2509 2506/2766/2506
f 2506/2766/2506 2509/2769/2509 2504/2764/2504
f 2509/2769/2509 2507/2767/2507 2508/2768/2508
f 2504/2764/2504 2510/2770/2510 2485/2743/2485
f 2484/2742/2484 2485/2743/2485 2510/2770/2510
f 2511/2771/2511 2504/2764/2504 2509/2769/2509
f 2511/2771/2511 2510/2770/2510 2504/2764/2504
f 2512/2772/2512 2484/2742/2484 2510/2770/2510
f 2510/2770/2510 2511/2771/2511 2512/2772/2512
f 2484/2742/2484 2512/2772/2512 2486/2745/2486
f 2509/2769/2509 2513/2773/2513 2511/2771/2511
f 2508/2768/2508 2513/2773/2513 2509/2769/2509
f 2514/2774/2514 2508/2768/2508 2302/2506/2302
f 2302/2506/2302 2300/2504/2300 2514/2774/2514
f 2515/2775/2515 2486/2745/2486 2512/2772/2512
f 2488/2748/2488 2486/2745/2486 2515/2775/2515
f 2511/2771/2511 2516/2776/2516 2512/2772/2512
f 2516/2776/2516 2511/2771/2511 2513/2773/2513
f 2512/2772/2512 2516/2776/2516 2515/2775/2515
f 2515/2775/2515 2516/2776/2516 2513/2773/2513
f 2513/2773/2513 2508/2768/2508 2517/2777/2517
f 2508/2768/2508 2514/2774/2514 2517/2777/2517
f 2518/2778/2518 2488/2748/2488 2515/2775/2515
f 2490/2750/2490 2488/2748/2488 2518/2778/2518
f 2518/2778/2518 2519/2779/2519 2490/2750/2490
f 2520/2780/2520 2515/2775/2515 2513/2773/2513
f 2517/2777/2517 2520/2780/2520 2513/2773/2513
f 2515/2775/2515 2520/2780/2520 2518/2778/2518
f 2520/2780/2520 2517/2777/2517 2521/2781/2521
f 2514/2774/2514 2521/2781/2521 2517/2777/2517
f 2521/2781/2521 2518/2778/2518 2520/2780/2520
f 2300/2504/2300 2522/2782/2522 2514/2774/2514
f 2521/2781/2521 2514/2774/2514 2522/2782/2522
f 2518/2778/2518 2521/2781/2521 2523/2783/2523
f 2518/2778/2518 2523/2783/2523 2519/2779/2519
f 2522/2782/2522 2523/2783/2523 2521/2781/2521
f 2522/2782/2522 2300/2504/2300 2524/2784/2524
f 2300/2504/2300 2301/2505/2301 2524/2784/2524
f 2301/2505/2301 2335/2557/2335 2524/2784/2524
f 2523/2783/2523 2522/2782/2522 2525/2785/2525
f 2524/2784/2524 2525/2785/2525 2522/2782/2522
f 2525/2785/2525 2524/2784/2524 2335/2557/2335
f 2519/2779/2519 2523/2783/2523 2525/2785/2525
f 2335/2557/2335 2526/2786/2526 2525/2785/2525
f 2526/2786/2526 2519/2779/2519 2525/2785/2525
f 2526/2786/2526 2335/2557/2335 2334/2556/2334
f 2334/2556/2334 2527/2787/2527 2526/2786/2526
f 2527/2787/2527 2334/2556/2334 2333/2555/2333
f 2333/2555/2333 2348/2573/2348 2527/2787/2527
f 2528/2788/2528 2526/2786/2526 2527/2787/2527
f 2526/2786/2526 2528/2788/2528 2519/2779/2519
f 2529/2789/2529 2527/2787/2527 2348/2573/2348
f 2527/2787/2527 2529/2789/2529 2528/2788/2528
f 2530/2790/2530 2529/2789/2529 2348/2573/2348
f 2530/2790/2530 2348/2573/2348 2344/2568/2344
f 2530/2790/2530 2344/2568/2344 2347/2572/2347
f 2361/2592/2361 2530/2790/2530 2347/2572/2347
f 2531/2791/2531 2528/2788/2528 2529/2789/2529
f 2531/2791/2531 2529/2789/2529 2530/2790/2530
f 2361/2592/2361 2532/2792/2532 2530/2790/2530
f 2531/2791/2531 2530/2790/2530 2532/2792/2532
f 2443/2683/2443 2532/2792/2532 2361/2592/2361
f 2443/2683/2443 2473/2725/2473 2532/2792/2532
f 2473/2725/2473 2531/2791/2531 2532/2792/2532
f 2531/2791/2531 2533/2793/2533 2528/2788/2528
f 2533/2793/2533 2519/2779/2519 2528/2788/2528
f 2531/2791/2531 2473/2725/2473 2533/2793/2533
f 2533/2793/2533 2534/2794/2534 2519/2779/2519
f 2473/2725/2473 2534/2794/2534 2533/2793/2533
f 2490/2750/2490 2519/2779/2519 2534/2794/2534
f 2473/2725/2473 2490/2750/2490 2534/2794/2534
f 474/489/474 475/490/475 511/533/511
f 2535/2795/2535 474/489/474 511/533/511
f 2535/2795/2535 511/533/511 512/534/512
f 474/489/474 2535/2795/2535 471/486/471
f 2536/2796/2536 2535/2795/2535 512/534/512
f 513/535/513 2536/2796/2536 512/534/512
f 2537/2797/2537 471/486/471 2535/2795/2535
f 2536/2796/2536 2537/2797/2537 2535/2795/2535
f 471/486/471 2537/2797/2537 2538/2798/2538
f 471/486/471 2538/2798/2538 470/485/470
f 2536/2796/2536 513/535/513 2539/2799/2539
f 2539/2799/2539 513/535/513 488/503/488
f 2537/2797/2537 2536/2796/2536 2540/2800/2540
f 2537/2797/2537 2540/2800/2540 2538/2798/2538
f 2541/2801/2541 2536/2796/2536 2539/2799/2539
f 2536/2796/2536 2541/2801/2541 2540/2800/2540
f 2539/2799/2539 488/503/488 2542/2802/2542
f 2539/2799/2539 2542/2802/2542 2541/2801/2541
f 488/503/488 487/502/487 2542/2802/2542
f 2543/2803/2543 2542/2802/2542 487/502/487
f 2543/2803/2543 487/502/487 478/493/478
f 2542/2802/2542 2543/2803/2543 2544/2804/2544
f 2544/2804/2544 2541/2801/2541 2542/2802/2542
f 2540/2800/2540 2541/2801/2541 2545/2805/2545
f 2545/2805/2545 2538/2798/2538 2540/2800/2540
f 2546/2806/2546 470/485/470 2538/2798/2538
f 469/484/469 470/485/470 2546/2806/2546
f 2543/2803/2543 478/493/478 2547/2807/2547
f 2547/2807/2547 2544/2804/2544 2543/2803/2543
f 2548/2808/2548 2545/2805/2545 2541/2801/2541
f 2541/2801/2541 2544/2804/2544 2548/2808/2548
f 2538/2798/2538 2545/2805/2545 2549/2809/2549
f 2549/2809/2549 2546/2806/2546 2538/2798/2538
f 2548/2808/2548 2549/2809/2549 2545/2805/2545
f 2550/2810/2550 469/484/469 2546/2806/2546
f 2550/2810/2550 2546/2806/2546 2549/2809/2549
f 469/484/469 2550/2810/2550 468/483/468
f 2551/2811/2551 2548/2808/2548 2544/2804/2544
f 2544/2804/2544 2547/2807/2547 2551/2811/2551
f 2549/2809/2549 2548/2808/2548 2552/2812/2552
f 2550/2810/2550 2549/2809/2549 2552/2812/2552
f 2552/2812/2552 2548/2808/2548 2551/2811/2551
f 468/483/468 2550/2810/2550 2553/2813/2553
f 2553/2813/2553 466/481/466 468/483/468
f 2554/2814/2554 2550/2810/2550 2552/2812/2552
f 2552/2812/2552 2551/2811/2551 2554/2814/2554
f 2550/2810/2550 2554/2814/2554 2553/2813/2553
f 2555/2815/2555 2554/2814/2554 2551/2811/2551
f 2553/2813/2553 2554/2814/2554 2555/2815/2555
f 2556/2816/2556 466/481/466 2553/2813/2553
f 2556/2816/2556 2553/2813/2553 2555/2815/2555
f 466/481/466 2556/2816/2556 2557/2817/2557
f 2555/2815/2555 2557/2817/2557 2556/2816/2556
f 2557/2817/2557 465/480/465 466/481/466
f 2551/2811/2551 2558/2818/2558 2555/2815/2555
f 2551/2811/2551 2547/2807/2547 2558/2818/2558
f 2557/2817/2557 2555/2815/2555 2558/2818/2558
f 2547/2807/2547 2557/2817/2557 2558/2818/2558
f 2559/2819/2559 465/480/465 2557/2817/2557
f 2547/2807/2547 2559/2819/2559 2557/2817/2557
f 465/480/465 2559/2819/2559 467/482/467
f 2559/2819/2559 2547/2807/2547 478/493/478
f 467/482/467 2559/2819/2559 477/492/477
f 477/492/477 2559/2819/2559 478/493/478
f 2560/2820/2560 2562/2821/2561 2561/2822/2562
f 2562/2821/2561 2560/2820/2560 2563/2823/2563
f 2564/2824/2564 2562/2821/2561 2563/2823/2563
f 2565/2825/2565 2562/2821/2561 2564/2824/2564
f 2566/2826/2566 2565/2825/2565 2564/2824/2564
f 2566/2826/2566 2567/2827/2567 2565/2825/2565
f 2567/2827/2567 2566/2826/2566 2568/2828/2568
f 2567/2827/2567 2568/2828/2568 2569/2829/2569
f 2569/2829/2569 2568/2828/2568 2570/2830/2570
f 2568/2828/2568 2571/2831/2571 2570/2830/2570
f 2568/2828/2568 2572/2832/2572 2571/2831/2571
f 2573/2833/2573 2571/2831/2571 2572/2832/2572
f 2574/2834/2574 2568/2828/2568 2566/2826/2566
f 2568/2828/2568 2574/2834/2574 2572/2832/2572
f 2572/2832/2572 2575/2835/2575 2573/2833/2573
f 2575/2835/2575 2572/2832/2572 2574/2834/2574
f 2575/2835/2575 2576/2836/2576 2573/2833/2573
f 2577/2837/2577 2566/2826/2566 2564/2824/2564
f 2574/2834/2574 2566/2826/2566 2577/2837/2577
f 2564/2824/2564 2563/2823/2563 2578/2838/2578
f 2577/2837/2577 2564/2824/2564 2579/2839/2579
f 2579/2839/2579 2564/2824/2564 2578/2838/2578
f 2578/2838/2578 2563/2823/2563 2580/2840/2580
f 2560/2820/2560 2580/2840/2580 2563/2823/2563
f 2581/2841/2581 2579/2839/2579 2578/2838/2578
f 2578/2838/2578 2580/2840/2580 2581/2841/2581
f 2582/2842/2582 2580/2840/2580 2560/2820/2560
f 2583/2843/2583 2582/2842/2582 2560/2820/2560
f 2581/2841/2581 2580/2840/2580 2584/2844/2584
f 2582/2842/2582 2584/2844/2584 2580/2840/2580
f 2582/2842/2582 2583/2843/2583 2585/2845/2585
f 2583/2843/2583 2586/2846/2586 2585/2845/2585
f 2584/2844/2584 2582/2842/2582 2587/2847/2587
f 2587/2847/2587 2582/2842/2582 2585/2845/2585
f 2588/2848/2588 2585/2845/2585 2586/2846/2586
f 2589/2849/2589 2588/2848/2588 2586/2846/2586
f 2590/2850/2590 2587/2847/2587 2585/2845/2585
f 2588/2848/2588 2590/2850/2590 2585/2845/2585
f 2591/2851/2591 2584/2844/2584 2587/2847/2587
f 2591/2851/2591 2587/2847/2587 2590/2850/2590
f 2588/2848/2588 2589/2849/2589 2592/2852/2592
f 2590/2850/2590 2588/2848/2588 2593/2853/2593
f 2592/2852/2592 2593/2853/2593 2588/2848/2588
f 2589/2849/2589 2594/2854/2594 2592/2852/2592
f 2594/2854/2594 2589/2849/2589 2595/2855/2595
f 2595/2855/2595 2596/2856/2596 2594/2854/2594
f 2596/2856/2596 2595/2855/2595 2597/2857/2597
f 2598/2858/2598 2596/2856/2596 2597/2857/2597
f 2599/2859/2599 2592/2852/2592 2594/2854/2594
f 2593/2853/2593 2592/2852/2592 2599/2859/2599
f 2600/2860/2600 2590/2850/2590 2593/2853/2593
f 2600/2860/2600 2591/2851/2591 2590/2850/2590
f 2596/2856/2596 2598/2858/2598 2601/2861/2601
f 2602/2862/2602 2601/2861/2601 2598/2858/2598
f 2603/2863/2603 2599/2859/2599 2594/2854/2594
f 2603/2863/2603 2594/2854/2594 2596/2856/2596
f 2604/2864/2604 2600/2860/2600 2593/2853/2593
f 2604/2864/2604 2593/2853/2593 2599/2859/2599
f 2605/2865/2605 2591/2851/2591 2600/2860/2600
f 2600/2860/2600 2604/2864/2604 2606/2866/2606
f 2606/2866/2606 2605/2865/2605 2600/2860/2600
f 2607/2867/2607 2591/2851/2591 2605/2865/2605
f 2584/2844/2584 2591/2851/2591 2607/2867/2607
f 2608/2868/2608 2584/2844/2584 2607/2867/2607
f 2581/2841/2581 2584/2844/2584 2608/2868/2608
f 2609/2869/2609 2599/2859/2599 2603/2863/2603
f 2610/2870/2610 2603/2863/2603 2596/2856/2596
f 2609/2869/2609 2603/2863/2603 2610/2870/2610
f 2611/2871/2611 2604/2864/2604 2599/2859/2599
f 2599/2859/2599 2609/2869/2609 2611/2871/2611
f 2612/2872/2612 2604/2864/2604 2611/2871/2611
f 2609/2869/2609 2612/2872/2612 2611/2871/2611
f 2613/2873/2613 2606/2866/2606 2604/2864/2604
f 2604/2864/2604 2612/2872/2612 2613/2873/2613
f 2614/2874/2614 2605/2865/2605 2606/2866/2606
f 2606/2866/2606 2613/2873/2613 2614/2874/2614
f 2615/2875/2615 2610/2870/2610 2596/2856/2596
f 2615/2875/2615 2596/2856/2596 2601/2861/2601
f 2612/2872/2612 2609/2869/2609 2616/2876/2616
f 2617/2877/2617 2613/2873/2613 2612/2872/2612
f 2616/2876/2616 2617/2877/2617 2612/2872/2612
f 2618/2878/2618 2609/2869/2609 2610/2870/2610
f 2616/2876/2616 2609/2869/2609 2618/2878/2618
f 2614/2874/2614 2613/2873/2613 2619/2879/2619
f 2613/2873/2613 2617/2877/2617 2619/2879/2619
f 2614/2874/2614 2619/2879/2619 2620/2880/2620
f 2614/2874/2614 2621/2881/2621 2605/2865/2605
f 2621/2881/2621 2614/2874/2614 2620/2880/2620
f 2622/2882/2622 2619/2879/2619 2617/2877/2617
f 2620/2880/2620 2619/2879/2619 2622/2882/2622
f 2623/2883/2623 2617/2877/2617 2616/2876/2616
f 2622/2882/2622 2617/2877/2617 2623/2883/2623
f 2618/2878/2618 2610/2870/2610 2624/2884/2624
f 2624/2884/2624 2610/2870/2610 2615/2875/2615
f 2625/2885/2625 2616/2876/2616 2618/2878/2618
f 2623/2883/2623 2616/2876/2616 2625/2885/2625
f 2623/2883/2623 2626/2886/2626 2622/2882/2622
f 2620/2880/2620 2622/2882/2622 2626/2886/2626
f 2627/2887/2627 2618/2878/2618 2624/2884/2624
f 2618/2878/2618 2627/2887/2627 2625/2885/2625
f 2628/2888/2628 2623/2883/2623 2625/2885/2625
f 2626/2886/2626 2623/2883/2623 2628/2888/2628
f 2625/2885/2625 2627/2887/2627 2628/2888/2628
f 2624/2884/2624 2615/2875/2615 2629/2889/2629
f 2629/2889/2629 2627/2887/2627 2624/2884/2624
f 2630/2890/2630 2628/2888/2628 2627/2887/2627
f 2626/2886/2626 2628/2888/2628 2630/2890/2630
f 2629/2889/2629 2615/2875/2615 2631/2891/2631
f 2615/2875/2615 2601/2861/2601 2631/2891/2631
f 2627/2887/2627 2632/2892/2632 2630/2890/2630
f 2627/2887/2627 2629/2889/2629 2632/2892/2632
f 2631/2891/2631 2601/2861/2601 2633/2893/2633
f 2601/2861/2601 2602/2862/2602 2633/2893/2633
f 2602/2862/2602 2634/2894/2634 2633/2893/2633
f 2634/2894/2634 2631/2891/2631 2633/2893/2633
f 2634/2894/2634 2602/2862/2602 2635/2895/2635
f 2636/2896/2636 2629/2889/2629 2631/2891/2631
f 2631/2891/2631 2634/2894/2634 2636/2896/2636
f 2635/2895/2635 2637/2897/2637 2634/2894/2634
f 2637/2897/2637 2636/2896/2636 2634/2894/2634
f 2637/2897/2637 2635/2895/2635 2638/2898/2638
f 2639/2899/2639 2637/2897/2637 2638/2898/2638
f 2629/2889/2629 2636/2896/2636 2640/2900/2640
f 2632/2892/2632 2629/2889/2629 2640/2900/2640
f 2637/2897/2637 2639/2899/2639 2641/2901/2641
f 2641/2901/2641 2639/2899/2639 2569/2902/2569
f 2636/2896/2636 2637/2897/2637 2642/2903/2642
f 2642/2903/2642 2640/2900/2640 2636/2896/2636
f 2637/2897/2637 2641/2901/2641 2642/2903/2642
f 2569/2902/2569 2643/2904/2643 2641/2901/2641
f 2569/2902/2569 2570/2905/2570 2643/2904/2643
f 2642/2903/2642 2641/2901/2641 2644/2906/2644
f 2641/2901/2641 2643/2904/2643 2644/2906/2644
f 2640/2900/2640 2642/2903/2642 2645/2907/2645
f 2644/2906/2644 2645/2907/2645 2642/2903/2642
f 2646/2908/2646 2632/2892/2632 2640/2900/2640
f 2647/2909/2647 2640/2900/2640 2645/2907/2645
f 2640/2900/2640 2647/2909/2647 2646/2908/2646
f 2632/2892/2632 2646/2908/2646 2648/2910/2648
f 2630/2890/2630 2632/2892/2632 2648/2910/2648
f 2648/2910/2648 2646/2908/2646 2649/2911/2649
f 2647/2909/2647 2649/2911/2649 2646/2908/2646
f 2650/2912/2650 2630/2890/2630 2648/2910/2648
f 2649/2911/2649 2650/2912/2650 2648/2910/2648
f 2650/2912/2650 2626/2886/2626 2630/2890/2630
f 2650/2912/2650 2651/2913/2651 2626/2886/2626
f 2651/2913/2651 2620/2880/2620 2626/2886/2626
f 2649/2911/2649 2652/2914/2652 2650/2912/2650
f 2651/2913/2651 2650/2912/2650 2652/2914/2652
f 2649/2911/2649 2647/2909/2647 2653/2915/2653
f 2652/2914/2652 2649/2911/2649 2653/2915/2653
f 2645/2907/2645 2654/2916/2654 2647/2909/2647
f 2654/2916/2654 2653/2915/2653 2647/2909/2647
f 2655/2917/2655 2652/2914/2652 2653/2915/2653
f 2653/2915/2653 2654/2916/2654 2655/2917/2655
f 2656/2918/2656 2651/2913/2651 2652/2914/2652
f 2652/2914/2652 2655/2917/2655 2656/2918/2656
f 2657/2919/2657 2620/2880/2620 2651/2913/2651
f 2657/2919/2657 2651/2913/2651 2656/2918/2656
f 2654/2916/2654 2645/2907/2645 2658/2920/2658
f 2645/2907/2645 2644/2906/2644 2658/2920/2658
f 2644/2906/2644 2659/2921/2659 2658/2920/2658
f 2643/2904/2643 2659/2921/2659 2644/2906/2644
f 2658/2920/2658 2660/2922/2660 2654/2916/2654
f 2659/2921/2659 2660/2922/2660 2658/2920/2658
f 2654/2916/2654 2661/2923/2661 2655/2917/2655
f 2660/2922/2660 2661/2923/2661 2654/2916/2654
f 2655/2917/2655 2662/2924/2662 2656/2918/2656
f 2662/2924/2662 2655/2917/2655 2661/2923/2661
f 2643/2904/2643 2663/2925/2663 2659/2921/2659
f 2663/2925/2663 2643/2904/2643 2570/2905/2570
f 2659/2921/2659 2664/2926/2664 2660/2922/2660
f 2664/2926/2664 2659/2921/2659 2663/2925/2663
f 2570/2905/2570 2665/2927/2665 2663/2925/2663
f 2665/2927/2665 2664/2926/2664 2663/2925/2663
f 2570/2905/2570 2571/2928/2571 2665/2927/2665
f 2660/2922/2660 2666/2929/2666 2661/2923/2661
f 2666/2929/2666 2660/2922/2660 2664/2926/2664
f 2667/2930/2667 2656/2918/2656 2662/2924/2662
f 2667/2930/2667 2657/2919/2657 2656/2918/2656
f 2661/2923/2661 2668/2931/2668 2662/2924/2662
f 2668/2931/2668 2661/2923/2661 2666/2929/2666
f 2664/2926/2664 2669/2932/2669 2666/2929/2666
f 2664/2926/2664 2665/2927/2665 2669/2932/2669
f 2670/2933/2670 2665/2927/2665 2571/2928/2571
f 2571/2928/2571 2573/2934/2573 2670/2933/2670
f 2671/2935/2671 2667/2930/2667 2662/2924/2662
f 2671/2935/2671 2662/2924/2662 2668/2931/2668
f 2666/2929/2666 2672/2936/2672 2668/2931/2668
f 2672/2936/2672 2666/2929/2666 2669/2932/2669
f 2673/2937/2673 2669/2932/2669 2665/2927/2665
f 2665/2927/2665 2670/2933/2670 2673/2937/2673
f 2670/2933/2670 2573/2934/2573 2674/2938/2674
f 2576/2939/2576 2674/2938/2674 2573/2934/2573
f 2675/2940/2675 2674/2938/2674 2576/2939/2576
f 2674/2938/2674 2676/2941/2676 2670/2933/2670
f 2673/2937/2673 2670/2933/2670 2676/2941/2676
f 2674/2938/2674 2675/2940/2675 2677/2942/2677
f 2677/2942/2677 2676/2941/2676 2674/2938/2674
f 2678/2943/2678 2677/2942/2677 2675/2940/2675
f 2669/2932/2669 2673/2937/2673 2679/2944/2679
f 2679/2944/2679 2672/2936/2672 2669/2932/2669
f 2680/2945/2680 2668/2931/2668 2672/2936/2672
f 2668/2931/2668 2680/2945/2680 2671/2935/2671
f 2676/2941/2676 2681/2946/2681 2673/2937/2673
f 2679/2944/2679 2673/2937/2673 2681/2946/2681
f 2672/2936/2672 2679/2944/2679 2682/2947/2682
f 2682/2947/2682 2680/2945/2680 2672/2936/2672
f 2681/2946/2681 2682/2947/2682 2679/2944/2679
f 2677/2942/2677 2678/2943/2678 2683/2948/2683
f 2684/2949/2684 2683/2948/2683 2678/2943/2678
f 2676/2941/2676 2677/2942/2677 2685/2950/2685
f 2685/2950/2685 2681/2946/2681 2676/2941/2676
f 2683/2948/2683 2685/2950/2685 2677/2942/2677
f 2683/2948/2683 2684/2949/2684 2686/2951/2686
f 2687/2952/2687 2686/2951/2686 2684/2949/2684
f 2685/2950/2685 2683/2948/2683 2688/2953/2688
f 2686/2951/2686 2688/2953/2688 2683/2948/2683
f 2681/2946/2681 2685/2950/2685 2689/2954/2689
f 2688/2953/2688 2689/2954/2689 2685/2950/2685
f 2682/2947/2682 2681/2946/2681 2690/2955/2690
f 2689/2954/2689 2690/2955/2690 2681/2946/2681
f 2680/2945/2680 2682/2947/2682 2691/2956/2691
f 2690/2955/2690 2691/2956/2691 2682/2947/2682
f 2686/2951/2686 2687/2952/2687 2692/2957/2692
f 2693/2958/2693 2692/2957/2692 2687/2952/2687
f 2688/2953/2688 2686/2951/2686 2694/2959/2694
f 2692/2957/2692 2694/2959/2694 2686/2951/2686
f 2689/2954/2689 2688/2953/2688 2695/2960/2695
f 2694/2959/2694 2695/2960/2695 2688/2953/2688
f 2690/2955/2690 2689/2954/2689 2696/2961/2696
f 2695/2960/2695 2696/2961/2696 2689/2954/2689
f 2692/2957/2692 2693/2958/2693 2697/2962/2697
f 2698/2963/2698 2697/2962/2697 2693/2958/2693
f 2694/2959/2694 2692/2957/2692 2699/2964/2699
f 2697/2962/2697 2699/2964/2699 2692/2957/2692
f 2695/2960/2695 2694/2959/2694 2700/2965/2700
f 2699/2964/2699 2700/2965/2700 2694/2959/2694
f 2691/2956/2691 2690/2955/2690 2701/2966/2701
f 2696/2961/2696 2701/2966/2701 2690/2955/2690
f 2696/2961/2696 2695/2960/2695 2702/2967/2702
f 2700/2965/2700 2702/2967/2702 2695/2960/2695
f 2701/2966/2701 2696/2961/2696 2703/2968/2703
f 2702/2967/2702 2703/2968/2703 2696/2961/2696
f 2704/2969/2704 2691/2956/2691 2701/2966/2701
f 2703/2968/2703 2704/2969/2704 2701/2966/2701
f 2698/2963/2698 2705/2970/2705 2697/2962/2697
f 2699/2964/2699 2697/2962/2697 2706/2971/2706
f 2705/2970/2705 2706/2971/2706 2697/2962/2697
f 2700/2965/2700 2699/2964/2699 2707/2972/2707
f 2707/2972/2707 2699/2964/2699 2706/2971/2706
f 2702/2967/2702 2700/2965/2700 2708/2973/2708
f 2707/2972/2707 2708/2973/2708 2700/2965/2700
f 2703/2968/2703 2702/2967/2702 2709/2974/2709
f 2708/2973/2708 2709/2974/2709 2702/2967/2702
f 2710/2975/2710 2705/2970/2705 2698/2963/2698
f 2711/2976/2711 2710/2975/2710 2698/2963/2698
f 2706/2971/2706 2705/2970/2705 2712/2977/2712
f 2710/2975/2710 2712/2977/2712 2705/2970/2705
f 2713/2978/2713 2707/2972/2707 2706/2971/2706
f 2712/2977/2712 2713/2978/2713 2706/2971/2706
f 2710/2975/2710 2711/2976/2711 2714/2979/2714
f 2715/2980/2715 2714/2979/2714 2711/2976/2711
f 2712/2977/2712 2710/2975/2710 2716/2981/2716
f 2714/2979/2714 2716/2981/2716 2710/2975/2710
f 2715/2980/2715 2717/2982/2717 2714/2979/2714
f 2717/2982/2717 2715/2980/2715 2718/2983/2718
f 2719/2984/2719 2717/2982/2717 2718/2983/2718
f 2720/2985/2720 2707/2972/2707 2713/2978/2713
f 2708/2973/2708 2707/2972/2707 2720/2985/2720
f 2713/2978/2713 2712/2977/2712 2721/2986/2721
f 2721/2986/2721 2712/2977/2712 2716/2981/2716
f 2714/2979/2714 2722/2987/2722 2716/2981/2716
f 2717/2982/2717 2722/2987/2722 2714/2979/2714
f 2717/2982/2717 2719/2984/2719 2723/2988/2723
f 2724/2989/2724 2723/2988/2723 2719/2984/2719
f 2725/2990/2725 2720/2985/2720 2713/2978/2713
f 2721/2986/2721 2725/2990/2725 2713/2978/2713
f 2726/2991/2726 2708/2973/2708 2720/2985/2720
f 2726/2991/2726 2720/2985/2720 2725/2990/2725
f 2716/2981/2716 2727/2992/2727 2721/2986/2721
f 2722/2987/2722 2727/2992/2727 2716/2981/2716
f 2722/2987/2722 2717/2982/2717 2728/2993/2728
f 2723/2988/2723 2728/2993/2728 2717/2982/2717
f 2723/2988/2723 2724/2989/2724 2729/2994/2729
f 1863/2995/1863 2729/2994/2729 2724/2989/2724
f 2729/2994/2729 1863/2995/1863 1864/2996/1864
f 2725/2990/2725 2721/2986/2721 2730/2997/2730
f 2730/2997/2730 2721/2986/2721 2727/2992/2727
f 2727/2992/2727 2722/2987/2722 2731/2998/2731
f 2731/2998/2731 2722/2987/2722 2728/2993/2728
f 2728/2993/2728 2723/2988/2723 2732/2999/2732
f 2732/2999/2732 2723/2988/2723 2729/2994/2729
f 2733/3000/2733 2729/2994/2729 1864/2996/1864
f 2733/3000/2733 2732/2999/2732 2729/2994/2729
f 1869/3001/1869 2733/3000/2733 1864/2996/1864
f 1870/3002/1870 2733/3000/2733 1869/3001/1869
f 2734/3003/2734 2728/2993/2728 2732/2999/2732
f 2728/2993/2728 2734/3003/2734 2731/2998/2731
f 2731/2998/2731 2735/3004/2735 2727/2992/2727
f 2727/2992/2727 2735/3004/2735 2730/2997/2730
f 2730/2997/2730 2736/3005/2736 2725/2990/2725
f 2736/3005/2736 2726/2991/2726 2725/2990/2725
f 1870/3002/1870 2737/3006/2737 2733/3000/2733
f 1875/3007/1875 2737/3006/2737 1870/3002/1870
f 2733/3000/2733 2738/3008/2738 2732/2999/2732
f 2734/3003/2734 2732/2999/2732 2738/3008/2738
f 2738/3008/2738 2733/3000/2733 2737/3006/2737
f 2739/3009/2739 2731/2998/2731 2734/3003/2734
f 2735/3004/2735 2731/2998/2731 2739/3009/2739
f 2736/3005/2736 2730/2997/2730 2740/3010/2740
f 2740/3010/2740 2730/2997/2730 2735/3004/2735
f 2738/3008/2738 2741/3011/2741 2734/3003/2734
f 2734/3003/2734 2741/3011/2741 2739/3009/2739
f 2737/3006/2737 2742/3012/2742 2738/3008/2738
f 2741/3011/2741 2738/3008/2738 2742/3012/2742
f 1875/3007/1875 2743/3013/2743 2737/3006/2737
f 2742/3012/2742 2737/3006/2737 2743/3013/2743
f 2739/3009/2739 2744/3014/2744 2735/3004/2735
f 2744/3014/2744 2740/3010/2740 2735/3004/2735
f 2740/3010/2740 2745/3015/2745 2736/3005/2736
f 2745/3015/2745 2726/2991/2726 2736/3005/2736
f 2746/3016/2746 2739/3009/2739 2741/3011/2741
f 2744/3014/2744 2739/3009/2739 2746/3016/2746
f 2747/3017/2747 2743/3013/2743 1875/3007/1875
f 1886/3018/1886 2747/3017/2747 1875/3007/1875
f 1624/3019/1624 2747/3017/2747 1886/3018/1886
f 2747/3017/2747 1624/3019/1624 2460/3020/2460
f 2747/3017/2747 2748/3021/2748 2743/3013/2743
f 2748/3021/2748 2747/3017/2747 2460/3020/2460
f 2460/3020/2460 2421/3022/2421 2748/3021/2748
f 2748/3021/2748 2742/3012/2742 2743/3013/2743
f 2749/3023/2749 2741/3011/2741 2742/3012/2742
f 2741/3011/2741 2749/3023/2749 2746/3016/2746
f 2748/3021/2748 2421/3022/2421 2750/3024/2750
f 2415/3025/2415 2750/3024/2750 2421/3022/2421
f 2742/3012/2742 2748/3021/2748 2751/3026/2751
f 2749/3023/2749 2742/3012/2742 2751/3026/2751
f 2748/3021/2748 2750/3024/2750 2751/3026/2751
f 2750/3024/2750 2415/3025/2415 2752/3027/2752
f 2415/3025/2415 2403/3028/2403 2752/3027/2752
f 2751/3026/2751 2750/3024/2750 2753/3029/2753
f 2751/3026/2751 2753/3029/2753 2749/3023/2749
f 2750/3024/2750 2752/3027/2752 2753/3029/2753
f 2754/3030/2754 2746/3016/2746 2749/3023/2749
f 2755/3031/2755 2749/3023/2749 2753/3029/2753
f 2749/3023/2749 2755/3031/2755 2754/3030/2754
f 2756/3032/2756 2753/3029/2753 2752/3027/2752
f 2753/3029/2753 2756/3032/2756 2755/3031/2755
f 2752/3027/2752 2403/3028/2403 2757/3033/2757
f 2752/3027/2752 2757/3033/2757 2756/3032/2756
f 2754/3030/2754 2758/3034/2758 2746/3016/2746
f 2746/3016/2746 2758/3034/2758 2744/3014/2744
f 2759/3035/2759 2744/3014/2744 2758/3034/2758
f 2744/3014/2744 2759/3035/2759 2740/3010/2740
f 2745/3015/2745 2740/3010/2740 2759/3035/2759
f 2760/3036/2760 2759/3035/2759 2758/3034/2758
f 2754/3030/2754 2760/3036/2760 2758/3034/2758
f 2761/3037/2761 2754/3030/2754 2755/3031/2755
f 2756/3032/2756 2761/3037/2761 2755/3031/2755
f 2403/3028/2403 2762/3038/2762 2757/3033/2757
f 2762/3038/2762 2403/3028/2403 2399/3039/2399
f 2396/3040/2396 2762/3038/2762 2399/3039/2399
f 2762/3038/2762 2396/3040/2396 2763/3041/2763
f 2396/3040/2396 2393/3042/2393 2763/3041/2763
f 2764/3043/2764 2757/3033/2757 2762/3038/2762
f 2763/3041/2763 2764/3043/2764 2762/3038/2762
f 2756/3032/2756 2757/3033/2757 2765/3044/2765
f 2757/3033/2757 2764/3043/2764 2765/3044/2765
f 2763/3041/2763 2393/3042/2393 2766/3045/2766
f 2390/3046/2390 2766/3045/2766 2393/3042/2393
f 2756/3032/2756 2765/3044/2765 2767/3047/2767
f 2756/3032/2756 2767/3047/2767 2761/3037/2761
f 2754/3030/2754 2761/3037/2761 2768/3048/2768
f 2754/3030/2754 2768/3048/2768 2760/3036/2760
f 2764/3043/2764 2763/3041/2763 2769/3049/2769
f 2769/3049/2769 2763/3041/2763 2766/3045/2766
f 2770/3050/2770 2765/3044/2765 2764/3043/2764
f 2765/3044/2765 2770/3050/2770 2767/3047/2767
f 2769/3049/2769 2770/3050/2770 2764/3043/2764
f 2761/3037/2761 2767/3047/2767 2771/3051/2771
f 2761/3037/2761 2771/3051/2771 2768/3048/2768
f 2772/3052/2772 2767/3047/2767 2770/3050/2770
f 2767/3047/2767 2772/3052/2772 2771/3051/2771
f 2771/3051/2771 2773/3053/2773 2768/3048/2768
f 2768/3048/2768 2773/3053/2773 2760/3036/2760
f 2772/3052/2772 2773/3053/2773 2771/3051/2771
f 2770/3050/2770 2769/3049/2769 2774/3054/2774
f 2774/3054/2774 2772/3052/2772 2770/3050/2770
f 2766/3045/2766 2775/3055/2775 2769/3049/2769
f 2774/3054/2774 2769/3049/2769 2775/3055/2775
f 2766/3045/2766 2776/3056/2776 2775/3055/2775
f 2766/3045/2766 2390/3046/2390 2776/3056/2776
f 2390/3046/2390 2777/3057/2777 2776/3056/2776
f 2388/3058/2388 2777/3057/2777 2390/3046/2390
f 2778/3059/2778 2777/3057/2777 2388/3058/2388
f 2386/3060/2386 2778/3059/2778 2388/3058/2388
f 2778/3059/2778 2386/3060/2386 2779/3061/2779
f 2779/3061/2779 2386/3060/2386 2385/3062/2385
f 2780/3063/2780 2777/3057/2777 2778/3059/2778
f 2779/3061/2779 2780/3063/2780 2778/3059/2778
f 2781/3064/2781 2779/3061/2779 2385/3062/2385
f 2781/3064/2781 2385/3062/2385 1518/3065/1518
f 1921/3066/1921 2781/3064/2781 1518/3065/1518
f 2782/3067/2782 2779/3061/2779 2781/3064/2781
f 2780/3063/2780 2779/3061/2779 2782/3067/2782
f 2783/3068/2783 2781/3064/2781 1921/3066/1921
f 2783/3068/2783 2782/3067/2782 2781/3064/2781
f 1924/3069/1924 2783/3068/2783 1921/3066/1921
f 2784/3070/2784 2783/3068/2783 1924/3069/1924
f 1926/3071/1926 2784/3070/2784 1924/3069/1924
f 1927/3072/1927 2784/3070/2784 1926/3071/1926
f 2784/3070/2784 1927/3072/1927 2785/3073/2785
f 2786/3074/2786 2783/3068/2783 2784/3070/2784
f 2783/3068/2783 2786/3074/2786 2782/3067/2782
f 2785/3073/2785 2786/3074/2786 2784/3070/2784
f 2787/3075/2787 2782/3067/2782 2786/3074/2786
f 2786/3074/2786 2785/3073/2785 2787/3075/2787
f 2782/3067/2782 2787/3075/2787 2780/3063/2780
f 2785/3073/2785 2788/3076/2788 2787/3075/2787
f 2789/3077/2789 2780/3063/2780 2787/3075/2787
f 2788/3076/2788 2789/3077/2789 2787/3075/2787
f 2780/3063/2780 2789/3077/2789 2790/3078/2790
f 2777/3057/2777 2780/3063/2780 2790/3078/2790
f 2790/3078/2790 2791/3079/2791 2777/3057/2777
f 2777/3057/2777 2791/3079/2791 2776/3056/2776
f 2792/3080/2792 2789/3077/2789 2788/3076/2788
f 2793/3081/2793 2792/3080/2792 2788/3076/2788
f 2789/3077/2789 2794/3082/2794 2790/3078/2790
f 2791/3079/2791 2790/3078/2790 2794/3082/2794
f 2776/3056/2776 2791/3079/2791 2795/3083/2795
f 2775/3055/2775 2776/3056/2776 2795/3083/2795
f 2796/3084/2796 2792/3080/2792 2793/3081/2793
f 1940/3085/1940 2796/3084/2796 2793/3081/2793
f 2796/3084/2796 1940/3085/1940 1941/3086/1941
f 2789/3077/2789 2792/3080/2792 2797/3087/2797
f 2794/3082/2794 2789/3077/2789 2797/3087/2797
f 2794/3082/2794 2798/3088/2798 2791/3079/2791
f 2791/3079/2791 2798/3088/2798 2795/3083/2795
f 2775/3055/2775 2795/3083/2795 2799/3089/2799
f 2775/3055/2775 2799/3089/2799 2774/3054/2774
f 2794/3082/2794 2797/3087/2797 2800/3090/2800
f 2798/3088/2798 2794/3082/2794 2800/3090/2800
f 2792/3080/2792 2801/3091/2801 2797/3087/2797
f 2797/3087/2797 2801/3091/2801 2800/3090/2800
f 2795/3083/2795 2798/3088/2798 2802/3092/2802
f 2795/3083/2795 2802/3092/2802 2799/3089/2799
f 2799/3089/2799 2803/3093/2803 2774/3054/2774
f 2772/3052/2772 2774/3054/2774 2803/3093/2803
f 2798/3088/2798 2800/3090/2800 2804/3094/2804
f 2798/3088/2798 2804/3094/2804 2802/3092/2802
f 2799/3089/2799 2802/3092/2802 2805/3095/2805
f 2803/3093/2803 2799/3089/2799 2805/3095/2805
f 2806/3096/2806 2772/3052/2772 2803/3093/2803
f 2773/3053/2773 2772/3052/2772 2806/3096/2806
f 2807/3097/2807 2801/3091/2801 2792/3080/2792
f 2796/3084/2796 2807/3097/2807 2792/3080/2792
f 2800/3090/2800 2801/3091/2801 2808/3098/2808
f 2800/3090/2800 2808/3098/2808 2804/3094/2804
f 2802/3092/2802 2804/3094/2804 2809/3099/2809
f 2802/3092/2802 2809/3099/2809 2805/3095/2805
f 2803/3093/2803 2805/3095/2805 2810/3100/2810
f 2803/3093/2803 2810/3100/2810 2806/3096/2806
f 2811/3101/2811 2773/3053/2773 2806/3096/2806
f 2773/3053/2773 2811/3101/2811 2760/3036/2760
f 2807/3097/2807 2812/3102/2812 2801/3091/2801
f 2801/3091/2801 2812/3102/2812 2808/3098/2808
f 2804/3094/2804 2808/3098/2808 2813/3103/2813
f 2804/3094/2804 2813/3103/2813 2809/3099/2809
f 2805/3095/2805 2809/3099/2809 2814/3104/2814
f 2805/3095/2805 2814/3104/2814 2810/3100/2810
f 2815/3105/2815 2806/3096/2806 2810/3100/2810
f 2806/3096/2806 2815/3105/2815 2811/3101/2811
f 2760/3036/2760 2811/3101/2811 2816/3106/2816
f 2759/3035/2759 2760/3036/2760 2816/3106/2816
f 2816/3106/2816 2745/3015/2745 2759/3035/2759
f 2816/3106/2816 2811/3101/2811 2817/3107/2817
f 2817/3107/2817 2811/3101/2811 2815/3105/2815
f 2810/3100/2810 2818/3108/2818 2815/3105/2815
f 2810/3100/2810 2814/3104/2814 2818/3108/2818
f 2809/3099/2809 2819/3109/2819 2814/3104/2814
f 2809/3099/2809 2813/3103/2813 2819/3109/2819
f 2745/3015/2745 2816/3106/2816 2820/3110/2820
f 2816/3106/2816 2817/3107/2817 2820/3110/2820
f 2815/3105/2815 2821/3111/2821 2817/3107/2817
f 2818/3108/2818 2821/3111/2821 2815/3105/2815
f 2814/3104/2814 2822/3112/2822 2818/3108/2818
f 2814/3104/2814 2819/3109/2819 2822/3112/2822
f 2820/3110/2820 2823/3113/2823 2745/3015/2745
f 2726/2991/2726 2745/3015/2745 2823/3113/2823
f 2817/3107/2817 2824/3114/2824 2820/3110/2820
f 2821/3111/2821 2824/3114/2824 2817/3107/2817
f 2821/3111/2821 2818/3108/2818 2825/3115/2825
f 2825/3115/2825 2818/3108/2818 2822/3112/2822
f 2823/3113/2823 2826/3116/2826 2726/2991/2726
f 2726/2991/2726 2826/3116/2826 2708/2973/2708
f 2709/2974/2709 2708/2973/2708 2826/3116/2826
f 2823/3113/2823 2820/3110/2820 2827/3117/2827
f 2820/3110/2820 2824/3114/2824 2827/3117/2827
f 2823/3113/2823 2828/3118/2828 2826/3116/2826
f 2827/3117/2827 2828/3118/2828 2823/3113/2823
f 2826/3116/2826 2829/3119/2829 2709/2974/2709
f 2829/3119/2829 2826/3116/2826 2828/3118/2828
f 2824/3114/2824 2821/3111/2821 2830/3120/2830
f 2830/3120/2830 2821/3111/2821 2825/3115/2825
f 2831/3121/2831 2709/2974/2709 2829/3119/2829
f 2709/2974/2709 2831/3121/2831 2703/2968/2703
f 2704/2969/2704 2703/2968/2703 2831/3121/2831
f 2824/3114/2824 2832/3122/2832 2827/3117/2827
f 2828/3118/2828 2827/3117/2827 2833/3123/2833
f 2827/3117/2827 2832/3122/2832 2833/3123/2833
f 2833/3123/2833 2834/3124/2834 2828/3118/2828
f 2828/3118/2828 2834/3124/2834 2829/3119/2829
f 2833/3123/2833 2832/3122/2832 2834/3124/2834
f 2830/3120/2830 2835/3125/2835 2824/3114/2824
f 2832/3122/2832 2824/3114/2824 2835/3125/2835
f 2825/3115/2825 2836/3126/2836 2830/3120/2830
f 2836/3126/2836 2835/3125/2835 2830/3120/2830
f 2829/3119/2829 2837/3127/2837 2831/3121/2831
f 2834/3124/2834 2837/3127/2837 2829/3119/2829
f 2832/3122/2832 2838/3128/2838 2834/3124/2834
f 2838/3128/2838 2832/3122/2832 2835/3125/2835
f 2834/3124/2834 2838/3128/2838 2837/3127/2837
f 2831/3121/2831 2839/3129/2839 2704/2969/2704
f 2837/3127/2837 2839/3129/2839 2831/3121/2831
f 2836/3126/2836 2825/3115/2825 2840/3130/2840
f 2822/3112/2822 2840/3130/2840 2825/3115/2825
f 2822/3112/2822 2841/3131/2841 2840/3130/2840
f 2819/3109/2819 2841/3131/2841 2822/3112/2822
f 2819/3109/2819 2842/3132/2842 2841/3131/2841
f 2813/3103/2813 2842/3132/2842 2819/3109/2819
f 2813/3103/2813 2843/3133/2843 2842/3132/2842
f 2808/3098/2808 2843/3133/2843 2813/3103/2813
f 2812/3102/2812 2843/3133/2843 2808/3098/2808
f 2838/3128/2838 2844/3134/2844 2837/3127/2837
f 2837/3127/2837 2845/3135/2845 2839/3129/2839
f 2845/3135/2845 2837/3127/2837 2844/3134/2844
f 2844/3134/2844 2838/3128/2838 2846/3136/2846
f 2838/3128/2838 2835/3125/2835 2846/3136/2846
f 2847/3137/2847 2845/3135/2845 2844/3134/2844
f 2846/3136/2846 2847/3137/2847 2844/3134/2844
f 2835/3125/2835 2848/3138/2848 2846/3136/2846
f 2835/3125/2835 2836/3126/2836 2848/3138/2848
f 2847/3137/2847 2846/3136/2846 2849/3139/2849
f 2846/3136/2846 2848/3138/2848 2849/3139/2849
f 2850/3140/2850 2848/3138/2848 2836/3126/2836
f 2840/3130/2840 2850/3140/2850 2836/3126/2836
f 2848/3138/2848 2850/3140/2850 2851/3141/2851
f 2849/3139/2849 2848/3138/2848 2851/3141/2851
f 2840/3130/2840 2852/3142/2852 2850/3140/2850
f 2851/3141/2851 2850/3140/2850 2852/3142/2852
f 2852/3142/2852 2840/3130/2840 2853/3143/2853
f 2841/3131/2841 2853/3143/2853 2840/3130/2840
f 2847/3137/2847 2849/3139/2849 2854/3144/2854
f 2849/3139/2849 2851/3141/2851 2855/3145/2855
f 2849/3139/2849 2855/3145/2855 2854/3144/2854
f 2856/3146/2856 2845/3135/2845 2847/3137/2847
f 2856/3146/2856 2847/3137/2847 2854/3144/2854
f 2852/3142/2852 2857/3147/2857 2851/3141/2851
f 2857/3147/2857 2855/3145/2855 2851/3141/2851
f 2841/3131/2841 2858/3148/2858 2853/3143/2853
f 2853/3143/2853 2859/3149/2859 2852/3142/2852
f 2859/3149/2859 2853/3143/2853 2858/3148/2858
f 2852/3142/2852 2860/3150/2860 2857/3147/2857
f 2860/3150/2860 2852/3142/2852 2859/3149/2859
f 2855/3145/2855 2857/3147/2857 2861/3151/2861
f 2860/3150/2860 2861/3151/2861 2857/3147/2857
f 2854/3144/2854 2855/3145/2855 2862/3152/2862
f 2855/3145/2855 2861/3151/2861 2862/3152/2862
f 2856/3146/2856 2854/3144/2854 2863/3153/2863
f 2854/3144/2854 2862/3152/2862 2863/3153/2863
f 2864/3154/2864 2845/3135/2845 2856/3146/2856
f 2856/3146/2856 2863/3153/2863 2864/3154/2864
f 2858/3148/2858 2841/3131/2841 2865/3155/2865
f 2842/3132/2842 2865/3155/2865 2841/3131/2841
f 2845/3135/2845 2864/3154/2864 2866/3156/2866
f 2866/3156/2866 2839/3129/2839 2845/3135/2845
f 2867/3157/2867 2865/3155/2865 2842/3132/2842
f 2843/3133/2843 2867/3157/2867 2842/3132/2842
f 2839/3129/2839 2866/3156/2866 2868/3158/2868
f 2868/3158/2868 2704/2969/2704 2839/3129/2839
f 2704/2969/2704 2868/3158/2868 2869/3159/2869
f 2691/2956/2691 2704/2969/2704 2869/3159/2869
f 2843/3133/2843 2870/3160/2870 2867/3157/2867
f 2843/3133/2843 2812/3102/2812 2870/3160/2870
f 2871/3161/2871 2868/3158/2868 2866/3156/2866
f 2871/3161/2871 2869/3159/2869 2868/3158/2868
f 2872/3162/2872 2691/2956/2691 2869/3159/2869
f 2691/2956/2691 2872/3162/2872 2680/2945/2680
f 2872/3162/2872 2671/2935/2671 2680/2945/2680
f 2869/3159/2869 2873/3163/2873 2872/3162/2872
f 2869/3159/2869 2871/3161/2871 2873/3163/2873
f 2872/3162/2872 2874/3164/2874 2671/2935/2671
f 2873/3163/2873 2874/3164/2874 2872/3162/2872
f 2874/3164/2874 2667/2930/2667 2671/2935/2671
f 2875/3165/2875 2873/3163/2873 2871/3161/2871
f 2873/3163/2873 2875/3165/2875 2874/3164/2874
f 2874/3164/2874 2876/3166/2876 2667/2930/2667
f 2875/3165/2875 2876/3166/2876 2874/3164/2874
f 2876/3166/2876 2657/2919/2657 2667/2930/2667
f 2866/3156/2866 2877/3167/2877 2871/3161/2871
f 2877/3167/2877 2875/3165/2875 2871/3161/2871
f 2878/3168/2878 2876/3166/2876 2875/3165/2875
f 2875/3165/2875 2877/3167/2877 2878/3168/2878
f 2866/3156/2866 2879/3169/2879 2877/3167/2877
f 2879/3169/2879 2878/3168/2878 2877/3167/2877
f 2864/3154/2864 2879/3169/2879 2866/3156/2866
f 2880/3170/2880 2657/2919/2657 2876/3166/2876
f 2876/3166/2876 2878/3168/2878 2880/3170/2880
f 2878/3168/2878 2879/3169/2879 2881/3171/2881
f 2878/3168/2878 2881/3171/2881 2880/3170/2880
f 2657/2919/2657 2880/3170/2880 2882/3172/2882
f 2620/2880/2620 2657/2919/2657 2882/3172/2882
f 2620/2880/2620 2882/3172/2882 2621/2881/2621
f 2880/3170/2880 2883/3173/2883 2882/3172/2882
f 2881/3171/2881 2883/3173/2883 2880/3170/2880
f 2883/3173/2883 2621/2881/2621 2882/3172/2882
f 2879/3169/2879 2884/3174/2884 2881/3171/2881
f 2884/3174/2884 2883/3173/2883 2881/3171/2881
f 2885/3175/2885 2621/2881/2621 2883/3173/2883
f 2884/3174/2884 2885/3175/2885 2883/3173/2883
f 2621/2881/2621 2885/3175/2885 2605/2865/2605
f 2605/2865/2605 2885/3175/2885 2607/2867/2607
f 2886/3176/2886 2607/2867/2607 2885/3175/2885
f 2886/3176/2886 2885/3175/2885 2884/3174/2884
f 2608/2868/2608 2607/2867/2607 2886/3176/2886
f 2884/3174/2884 2879/3169/2879 2887/3177/2887
f 2887/3177/2887 2886/3176/2886 2884/3174/2884
f 2887/3177/2887 2879/3169/2879 2864/3154/2864
f 2608/2868/2608 2886/3176/2886 2888/3178/2888
f 2886/3176/2886 2887/3177/2887 2888/3178/2888
f 2889/3179/2889 2887/3177/2887 2864/3154/2864
f 2889/3179/2889 2888/3178/2888 2887/3177/2887
f 2864/3154/2864 2863/3153/2863 2889/3179/2889
f 2890/3180/2890 2608/2868/2608 2888/3178/2888
f 2890/3180/2890 2581/2841/2581 2608/2868/2608
f 2891/3181/2891 2888/3178/2888 2889/3179/2889
f 2890/3180/2890 2888/3178/2888 2891/3181/2891
f 2892/3182/2892 2889/3179/2889 2863/3153/2863
f 2889/3179/2889 2892/3182/2892 2891/3181/2891
f 2863/3153/2863 2862/3152/2862 2892/3182/2892
f 2581/2841/2581 2890/3180/2890 2893/3183/2893
f 2579/2839/2579 2581/2841/2581 2893/3183/2893
f 2894/3184/2894 2890/3180/2890 2891/3181/2891
f 2894/3184/2894 2893/3183/2893 2890/3180/2890
f 2892/3182/2892 2894/3184/2894 2891/3181/2891
f 2892/3182/2892 2862/3152/2862 2895/3185/2895
f 2862/3152/2862 2861/3151/2861 2895/3185/2895
f 2896/3186/2896 2579/2839/2579 2893/3183/2893
f 2896/3186/2896 2893/3183/2893 2894/3184/2894
f 2892/3182/2892 2897/3187/2897 2894/3184/2894
f 2895/3185/2895 2897/3187/2897 2892/3182/2892
f 2897/3187/2897 2896/3186/2896 2894/3184/2894
f 2895/3185/2895 2861/3151/2861 2898/3188/2898
f 2861/3151/2861 2860/3150/2860 2898/3188/2898
f 2899/3189/2899 2579/2839/2579 2896/3186/2896
f 2577/2837/2577 2579/2839/2579 2899/3189/2899
f 2900/3190/2900 2897/3187/2897 2895/3185/2895
f 2898/3188/2898 2900/3190/2900 2895/3185/2895
f 2897/3187/2897 2901/3191/2901 2896/3186/2896
f 2901/3191/2901 2899/3189/2899 2896/3186/2896
f 2897/3187/2897 2900/3190/2900 2901/3191/2901
f 2902/3192/2902 2898/3188/2898 2860/3150/2860
f 2859/3149/2859 2902/3192/2902 2860/3150/2860
f 2903/3193/2903 2577/2837/2577 2899/3189/2899
f 2903/3193/2903 2574/2834/2574 2577/2837/2577
f 2901/3191/2901 2904/3194/2904 2899/3189/2899
f 2904/3194/2904 2903/3193/2903 2899/3189/2899
f 2901/3191/2901 2900/3190/2900 2905/3195/2905
f 2905/3195/2905 2904/3194/2904 2901/3191/2901
f 2900/3190/2900 2898/3188/2898 2906/3196/2906
f 2898/3188/2898 2902/3192/2902 2906/3196/2906
f 2906/3196/2906 2905/3195/2905 2900/3190/2900
f 2906/3196/2906 2902/3192/2902 2907/3197/2907
f 2902/3192/2902 2859/3149/2859 2908/3198/2908
f 2908/3198/2908 2907/3197/2907 2902/3192/2902
f 2858/3148/2858 2908/3198/2908 2859/3149/2859
f 2909/3199/2909 2574/2834/2574 2903/3193/2903
f 2574/2834/2574 2909/3199/2909 2575/2835/2575
f 2904/3194/2904 2910/3200/2910 2903/3193/2903
f 2910/3200/2910 2909/3199/2909 2903/3193/2903
f 2905/3195/2905 2906/3196/2906 2911/3201/2911
f 2906/3196/2906 2907/3197/2907 2911/3201/2911
f 2904/3194/2904 2905/3195/2905 2912/3202/2912
f 2912/3202/2912 2910/3200/2910 2904/3194/2904
f 2905/3195/2905 2911/3201/2911 2912/3202/2912
f 2913/3203/2913 2575/2835/2575 2909/3199/2909
f 2576/2836/2576 2575/2835/2575 2913/3203/2913
f 2909/3199/2909 2910/3200/2910 2914/3204/2914
f 2912/3202/2912 2914/3204/2914 2910/3200/2910
f 2913/3203/2913 2909/3199/2909 2914/3204/2914
f 2914/3204/2914 2912/3202/2912 2915/3205/2915
f 2911/3201/2911 2915/3205/2915 2912/3202/2912
f 2915/3205/2915 2913/3203/2913 2914/3204/2914
f 2916/3206/2916 2576/2836/2576 2913/3203/2913
f 2913/3203/2913 2915/3205/2915 2916/3206/2916
f 2576/2836/2576 2916/3206/2916 2675/3207/2675
f 2915/3205/2915 2911/3201/2911 2917/3208/2917
f 2917/3208/2917 2916/3206/2916 2915/3205/2915
f 2907/3197/2907 2917/3208/2917 2911/3201/2911
f 2918/3209/2918 2675/3207/2675 2916/3206/2916
f 2916/3206/2916 2917/3208/2917 2918/3209/2918
f 2675/3207/2675 2918/3209/2918 2678/3210/2678
f 2919/3211/2919 2678/3210/2678 2918/3209/2918
f 2917/3208/2917 2919/3211/2919 2918/3209/2918
f 2678/3210/2678 2919/3211/2919 2684/3212/2684
f 2920/3213/2920 2684/3212/2684 2919/3211/2919
f 2684/3212/2684 2920/3213/2920 2687/3214/2687
f 2920/3213/2920 2693/3215/2693 2687/3214/2687
f 2919/3211/2919 2917/3208/2917 2921/3216/2921
f 2917/3208/2917 2907/3197/2907 2921/3216/2921
f 2921/3216/2921 2920/3213/2920 2919/3211/2919
f 2907/3197/2907 2922/3217/2922 2921/3216/2921
f 2920/3213/2920 2921/3216/2921 2922/3217/2922
f 2693/3215/2693 2920/3213/2920 2923/3218/2923
f 2923/3218/2923 2698/3219/2698 2693/3215/2693
f 2922/3217/2922 2907/3197/2907 2924/3220/2924
f 2907/3197/2907 2908/3198/2908 2924/3220/2924
f 2925/3221/2925 2920/3213/2920 2922/3217/2922
f 2925/3221/2925 2922/3217/2922 2924/3220/2924
f 2925/3221/2925 2923/3218/2923 2920/3213/2920
f 2698/3219/2698 2923/3218/2923 2926/3222/2926
f 2926/3222/2926 2711/3223/2711 2698/3219/2698
f 2927/3224/2927 2924/3220/2924 2908/3198/2908
f 2927/3224/2927 2925/3221/2925 2924/3220/2924
f 2928/3225/2928 2923/3218/2923 2925/3221/2925
f 2923/3218/2923 2928/3225/2928 2926/3222/2926
f 2927/3224/2927 2928/3225/2928 2925/3221/2925
f 2711/3223/2711 2926/3222/2926 2929/3226/2929
f 2929/3226/2929 2715/3227/2715 2711/3223/2711
f 2908/3198/2908 2930/3228/2930 2927/3224/2927
f 2908/3198/2908 2858/3148/2858 2930/3228/2930
f 2865/3155/2865 2930/3228/2930 2858/3148/2858
f 2931/3229/2931 2926/3222/2926 2928/3225/2928
f 2926/3222/2926 2931/3229/2931 2929/3226/2929
f 2715/3227/2715 2929/3226/2929 2932/3230/2932
f 2931/3229/2931 2932/3230/2932 2929/3226/2929
f 2932/3230/2932 2718/3231/2718 2715/3227/2715
f 2928/3225/2928 2927/3224/2927 2933/3232/2933
f 2930/3228/2930 2933/3232/2933 2927/3224/2927
f 2931/3229/2931 2928/3225/2928 2933/3232/2933
f 2930/3228/2930 2865/3155/2865 2934/3233/2934
f 2933/3232/2933 2930/3228/2930 2934/3233/2934
f 2865/3155/2865 2867/3157/2867 2934/3233/2934
f 2935/3234/2935 2933/3232/2933 2934/3233/2934
f 2867/3157/2867 2935/3234/2935 2934/3233/2934
f 2935/3234/2935 2931/3229/2931 2933/3232/2933
f 2870/3160/2870 2935/3234/2935 2867/3157/2867
f 2935/3234/2935 2936/3235/2936 2931/3229/2931
f 2932/3230/2932 2931/3229/2931 2936/3235/2936
f 2936/3235/2936 2935/3234/2935 2870/3160/2870
f 2718/3231/2718 2932/3230/2932 2937/3236/2937
f 2932/3230/2932 2936/3235/2936 2937/3236/2937
f 2936/3235/2936 2870/3160/2870 2938/3237/2938
f 2937/3236/2937 2936/3235/2936 2938/3237/2938
f 2812/3102/2812 2938/3237/2938 2870/3160/2870
f 2812/3102/2812 2807/3097/2807 2938/3237/2938
f 2939/3238/2939 2718/3231/2718 2937/3236/2937
f 2939/3238/2939 2937/3236/2937 2938/3237/2938
f 2938/3237/2938 2807/3097/2807 2939/3238/2939
f 2718/3231/2718 2939/3238/2939 2719/3239/2719
f 2939/3238/2939 2807/3097/2807 2796/3084/2796
f 2940/3240/2940 2719/3239/2719 2939/3238/2939
f 2939/3238/2939 2796/3084/2796 2940/3240/2940
f 2940/3240/2940 2796/3084/2796 1941/3086/1941
f 2719/3239/2719 2940/3240/2940 2724/3241/2724
f 1941/3086/1941 1995/3242/1995 2940/3240/2940
f 2724/3241/2724 2940/3240/2940 1995/3242/1995
f 1995/3242/1995 1863/3243/1863 2724/3241/2724
f 2941/3244/2941 2943/3245/2942 2942/3246/2943
f 2943/3245/2942 2941/3244/2941 2944/3247/2944
f 2945/3248/2945 2944/3247/2944 2941/3244/2941
f 2946/3249/2946 2943/3245/2942 2944/3247/2944
f 2943/3245/2942 2946/3249/2946 2947/3250/2947
f 2944/3247/2944 2945/3248/2945 2948/3251/2948
f 2949/3252/2949 2948/3251/2948 2945/3248/2945
f 2946/3249/2946 2950/3253/2950 2947/3250/2947
f 2947/3250/2947 2950/3253/2950 2951/3254/2951
f 2946/3249/2946 2952/3255/2952 2950/3253/2950
f 2953/3256/2953 2946/3249/2946 2944/3247/2944
f 2953/3256/2953 2952/3255/2952 2946/3249/2946
f 2944/3247/2944 2948/3251/2948 2953/3256/2953
f 2953/3256/2953 2954/3257/2954 2952/3255/2952
f 2948/3251/2948 2949/3252/2949 2955/3258/2955
f 2956/3259/2956 2955/3258/2955 2949/3252/2949
f 2953/3256/2953 2948/3251/2948 2957/3260/2957
f 2957/3260/2957 2954/3257/2954 2953/3256/2953
f 2955/3258/2955 2957/3260/2957 2948/3251/2948
f 2954/3257/2954 2957/3260/2957 2958/3261/2958
f 2958/3261/2958 2959/3262/2959 2954/3257/2954
f 2955/3258/2955 2960/3263/2960 2957/3260/2957
f 2958/3261/2958 2957/3260/2957 2960/3263/2960
f 2959/3262/2959 2958/3261/2958 2961/3264/2961
f 2961/3264/2961 2962/3265/2962 2959/3262/2959
f 2962/3265/2962 2961/3264/2961 2963/3266/2963
f 2963/3266/2963 2964/3267/2964 2962/3265/2962
f 2965/3268/2965 2961/3264/2961 2958/3261/2958
f 2965/3268/2965 2963/3266/2963 2961/3264/2961
f 2966/3269/2966 2964/3267/2964 2963/3266/2963
f 2964/3267/2964 2966/3269/2966 2967/3270/2967
f 2967/3270/2967 2966/3269/2966 2968/3271/2968
f 2963/3266/2963 2965/3268/2965 2969/3272/2969
f 2969/3272/2969 2966/3269/2966 2963/3266/2963
f 2966/3269/2966 2970/3273/2970 2968/3271/2968
f 2968/3271/2968 2970/3273/2970 2971/3274/2971
f 2966/3269/2966 2969/3272/2969 2972/3275/2972
f 2972/3275/2972 2970/3273/2970 2966/3269/2966
f 2970/3273/2970 2973/3276/2973 2971/3274/2971
f 2970/3273/2970 2972/3275/2972 2974/3277/2974
f 2974/3277/2974 2973/3276/2973 2970/3273/2970
f 2975/3278/2975 2971/3274/2971 2973/3276/2973
f 2971/3274/2971 2975/3278/2975 2976/3279/2976
f 2976/3279/2976 2975/3278/2975 2977/3280/2977
f 2976/3279/2976 2977/3280/2977 2978/3281/2978
f 2977/3280/2977 2979/3282/2979 2978/3281/2978
f 2980/3283/2980 2977/3280/2977 2975/3278/2975
f 2977/3280/2977 2980/3283/2980 2979/3282/2979
f 2980/3283/2980 2975/3278/2975 2981/3284/2981
f 2981/3284/2981 2979/3282/2979 2980/3283/2980
f 2981/3284/2981 2975/3278/2975 2973/3276/2973
f 2981/3284/2981 2982/3285/2982 2979/3282/2979
f 2981/3284/2981 2983/3286/2983 2982/3285/2982
f 2981/3284/2981 2973/3276/2973 2984/3287/2984
f 2983/3286/2983 2981/3284/2981 2984/3287/2984
f 2973/3276/2973 2974/3277/2974 2984/3287/2984
f 2984/3287/2984 2985/3288/2985 2983/3286/2983
f 2985/3288/2985 2984/3287/2984 2974/3277/2974
f 2972/3275/2972 2985/3288/2985 2974/3277/2974
f 2972/3275/2972 2986/3289/2986 2985/3288/2985
f 2969/3272/2969 2986/3289/2986 2972/3275/2972
f 2969/3272/2969 2987/3290/2987 2986/3289/2986
f 2988/3291/2988 2987/3290/2987 2969/3272/2969
f 2965/3268/2965 2988/3291/2988 2969/3272/2969
f 2988/3291/2988 2965/3268/2965 2956/3259/2956
f 2989/3292/2989 2956/3259/2956 2965/3268/2965
f 2955/3258/2955 2956/3259/2956 2989/3292/2989
f 2989/3292/2989 2965/3268/2965 2958/3261/2958
f 2989/3292/2989 2990/3293/2990 2955/3258/2955
f 2960/3263/2960 2955/3258/2955 2990/3293/2990
f 2989/3292/2989 2958/3261/2958 2991/3294/2991
f 2990/3293/2990 2989/3292/2989 2991/3294/2991
f 2958/3261/2958 2960/3263/2960 2992/3295/2992
f 2991/3294/2991 2958/3261/2958 2992/3295/2992
f 2993/3296/2993 2960/3263/2960 2990/3293/2990
f 2993/3296/2993 2990/3293/2990 2991/3294/2991
f 2960/3263/2960 2993/3296/2993 2992/3295/2992
f 2992/3295/2992 2993/3296/2993 2991/3294/2991
f 2994/3297/2994 2996/3298/2995 2995/3299/2996
f 2995/3299/2996 2996/3298/2995 2997/3300/2997
f 2998/3301/2998 2995/3299/2996 2997/3300/2997
f 2995/3299/2996 2998/3301/2998 2999/3302/2999
f 2997/3300/2997 2996/3298/2995 3000/3303/3000
f 2996/3298/2995 3001/3304/3001 3000/3303/3000
f 3002/3305/3002 3000/3303/3000 3001/3304/3001
f 3000/3303/3000 3002/3305/3002 3003/3306/3003
f 2997/3300/2997 3000/3303/3000 3004/3307/3004
f 3003/3306/3003 3004/3307/3004 3000/3303/3000
f 2998/3301/2998 2997/3300/2997 3004/3307/3004
f 3005/3308/3005 3004/3307/3004 3003/3306/3003
f 3005/3308/3005 3006/3309/3006 3004/3307/3004
f 3006/3309/3006 2998/3301/2998 3004/3307/3004
f 3007/3310/3007 3006/3309/3006 3005/3308/3005
f 3008/3311/3008 3006/3309/3006 3007/3310/3007
f 3009/3312/3009 2999/3302/2999 2998/3301/2998
f 3009/3312/3009 2998/3301/2998 3006/3309/3006
f 2999/3302/2999 3009/3312/3009 3010/3313/3010
f 3011/3314/3011 3010/3313/3010 3009/3312/3009
f 3010/3313/3010 3011/3314/3011 3012/3315/3012
f 3012/3315/3012 3011/3314/3011 3013/3316/3013
f 3014/3317/3014 3009/3312/3009 3006/3309/3006
f 3008/3311/3008 3014/3317/3014 3006/3309/3006
f 3014/3317/3014 3011/3314/3011 3009/3312/3009
f 3008/3311/3008 3015/3318/3015 3014/3317/3014
f 3016/3319/3016 3015/3318/3015 3008/3311/3008
f 3017/3320/3017 3011/3314/3011 3014/3317/3014
f 3015/3318/3015 3017/3320/3017 3014/3317/3014
f 3015/3318/3015 3016/3319/3016 3018/3321/3018
f 3019/3322/3019 3018/3321/3018 3016/3319/3016
f 3019/3322/3019 3020/3323/3020 3018/3321/3018
f 3019/3322/3019 3021/3324/3021 3020/3323/3020
f 3021/3324/3021 3022/3325/3022 3020/3323/3020
f 3023/3326/3023 3022/3325/3022 3021/3324/3021
f 3023/3326/3023 3024/3327/3024 3022/3325/3022
f 3025/3328/3025 3024/3327/3024 3023/3326/3023
f 3025/3328/3025 3026/3329/3026 3024/3327/3024
f 3027/3330/3027 3026/3329/3026 3025/3328/3025
f 3027/3330/3027 3028/3331/3028 3026/3329/3026
f 3029/3332/3029 3028/3331/3028 3027/3330/3027
f 3030/3333/3030 3028/3331/3028 3029/3332/3029
f 3028/3331/3028 3030/3333/3030 3031/3334/3031
f 3031/3334/3031 3026/3329/3026 3028/3331/3028
f 3031/3334/3031 3030/3333/3030 3032/3335/3032
f 3033/3336/3033 3026/3329/3026 3031/3334/3031
f 3032/3335/3032 3033/3336/3033 3031/3334/3031
f 3024/3327/3024 3026/3329/3026 3033/3336/3033
f 3032/3335/3032 3034/3337/3034 3033/3336/3033
f 3035/3338/3035 3024/3327/3024 3033/3336/3033
f 3034/3337/3034 3035/3338/3035 3033/3336/3033
f 3022/3325/3022 3024/3327/3024 3035/3338/3035
f 3034/3337/3034 3036/3339/3036 3035/3338/3035
f 3036/3339/3036 3022/3325/3022 3035/3338/3035
f 3034/3337/3034 3037/3340/3037 3036/3339/3036
f 3038/3341/3038 3022/3325/3022 3036/3339/3036
f 3038/3341/3038 3036/3339/3036 3037/3340/3037
f 3022/3325/3022 3038/3341/3038 3020/3323/3020
f 3037/3340/3037 3039/3342/3039 3038/3341/3038
f 3040/3343/3040 3020/3323/3020 3038/3341/3038
f 3040/3343/3040 3038/3341/3038 3039/3342/3039
f 3039/3342/3039 3041/3344/3041 3040/3343/3040
f 3020/3323/3020 3040/3343/3040 3018/3321/3018
f 3013/3316/3013 3040/3343/3040 3041/3344/3041
f 3042/3345/3042 3018/3321/3018 3040/3343/3040
f 3013/3316/3013 3042/3345/3042 3040/3343/3040
f 3011/3314/3011 3042/3345/3042 3013/3316/3013
f 3018/3321/3018 3042/3345/3042 3015/3318/3015
f 3043/3346/3043 3042/3345/3042 3011/3314/3011
f 3011/3314/3011 3017/3320/3017 3043/3346/3043
f 3015/3318/3015 3042/3345/3042 3044/3347/3044
f 3042/3345/3042 3043/3346/3043 3044/3347/3044
f 3017/3320/3017 3015/3318/3015 3045/3348/3045
f 3015/3318/3015 3044/3347/3044 3045/3348/3045
f 3046/3349/3046 3044/3347/3044 3043/3346/3043
f 3046/3349/3046 3043/3346/3043 3017/3320/3017
f 3017/3320/3017 3045/3348/3045 3046/3349/3046
f 3046/3349/3046 3045/3348/3045 3044/3347/3044
f 2943/3350/2942 3047/3351/3047 2942/3352/2943
f 3048/3353/3048 3047/3351/3047 2943/3350/2942
f 3048/3353/3048 3049/3354/3049 3047/3351/3047
f 2943/3350/2942 3050/3355/3050 3048/3353/3048
f 3050/3355/3050 2943/3350/2942 2947/3356/2947
f 3051/3357/3051 3049/3354/3049 3048/3353/3048
f 3051/3357/3051 3052/3358/3052 3049/3354/3049
f 3050/3355/3050 2947/3356/2947 3053/3359/3053
f 2947/3356/2947 2951/3360/2951 3053/3359/3053
f 3050/3355/3050 3053/3359/3053 3054/3361/3054
f 3055/3362/3055 3048/3353/3048 3050/3355/3050
f 3055/3362/3055 3050/3355/3050 3054/3361/3054
f 3048/3353/3048 3055/3362/3055 3051/3357/3051
f 3055/3362/3055 3054/3361/3054 3056/3363/3056
f 3052/3358/3052 3051/3357/3051 3057/3364/3057
f 3057/3364/3057 3058/3365/3058 3052/3358/3052
f 3051/3357/3051 3055/3362/3055 3059/3366/3059
f 3056/3363/3056 3059/3366/3059 3055/3362/3055
f 3051/3357/3051 3059/3366/3059 3057/3364/3057
f 3059/3366/3059 3056/3363/3056 3060/3367/3060
f 3061/3368/3061 3060/3367/3060 3056/3363/3056
f 3062/3369/3062 3057/3364/3057 3059/3366/3059
f 3059/3366/3059 3060/3367/3060 3062/3369/3062
f 3060/3367/3060 3061/3368/3061 3063/3370/3063
f 3064/3371/3064 3063/3370/3063 3061/3368/3061
f 3064/3371/3064 3065/3372/3065 3063/3370/3063
f 3065/3372/3065 3064/3371/3064 3066/3373/3066
f 3067/3374/3067 3060/3367/3060 3063/3370/3063
f 3067/3374/3067 3063/3370/3063 3065/3372/3065
f 3066/3373/3066 3068/3375/3068 3065/3372/3065
f 3068/3375/3068 3066/3373/3066 3069/3376/3069
f 3069/3376/3069 3070/3377/3070 3068/3375/3068
f 3071/3378/3071 3067/3374/3067 3065/3372/3065
f 3071/3378/3071 3065/3372/3065 3068/3375/3068
f 3068/3375/3068 3070/3377/3070 3072/3379/3072
f 3070/3377/3070 3073/3380/3073 3072/3379/3072
f 3074/3381/3074 3071/3378/3071 3068/3375/3068
f 3072/3379/3072 3074/3381/3074 3068/3375/3068
f 3072/3379/3072 3073/3380/3073 3075/3382/3075
f 3072/3379/3072 3076/3383/3076 3074/3381/3074
f 3075/3382/3075 3076/3383/3076 3072/3379/3072
f 3073/3380/3073 3077/3384/3077 3075/3382/3075
f 3077/3384/3077 3073/3380/3073 3078/3385/3078
f 3078/3385/3078 3079/3386/3079 3077/3384/3077
f 3079/3386/3079 3078/3385/3078 3080/3387/3080
f 3079/3386/3079 3080/3387/3080 3081/3388/3081
f 3082/3389/3082 3077/3384/3077 3079/3386/3079
f 3082/3389/3082 3079/3386/3079 3081/3388/3081
f 3077/3384/3077 3082/3389/3082 3083/3390/3083
f 3081/3388/3081 3083/3390/3083 3082/3389/3082
f 3077/3384/3077 3083/3390/3083 3075/3382/3075
f 3083/3390/3083 3081/3388/3081 3084/3391/3084
f 3085/3392/3085 3083/3390/3083 3084/3391/3084
f 3083/3390/3083 3086/3393/3086 3075/3382/3075
f 3085/3392/3085 3086/3393/3086 3083/3390/3083
f 3076/3383/3076 3075/3382/3075 3086/3393/3086
f 3087/3394/3087 3086/3393/3086 3085/3392/3085
f 3086/3393/3086 3087/3394/3087 3076/3383/3076
f 3074/3381/3074 3076/3383/3076 3087/3394/3087
f 3088/3395/3088 3074/3381/3074 3087/3394/3087
f 3071/3378/3071 3074/3381/3074 3088/3395/3088
f 3089/3396/3089 3071/3378/3071 3088/3395/3088
f 3090/3397/3090 3071/3378/3071 3089/3396/3089
f 3071/3378/3071 3090/3397/3090 3067/3374/3067
f 3058/3365/3058 3067/3374/3067 3090/3397/3090
f 3067/3374/3067 3058/3365/3058 3091/3398/3091
f 3058/3365/3058 3057/3364/3057 3091/3398/3091
f 3060/3367/3060 3067/3374/3067 3091/3398/3091
f 3091/3398/3091 3057/3364/3057 3092/3399/3092
f 3057/3364/3057 3062/3369/3062 3092/3399/3092
f 3091/3398/3091 3093/3400/3093 3060/3367/3060
f 3091/3398/3091 3092/3399/3092 3093/3400/3093
f 3062/3369/3062 3060/3367/3060 3094/3401/3094
f 3093/3400/3093 3094/3401/3094 3060/3367/3060
f 3095/3402/3095 3092/3399/3092 3062/3369/3062
f 3095/3402/3095 3093/3400/3093 3092/3399/3092
f 3062/3369/3062 3094/3401/3094 3095/3402/3095
f 3094/3401/3094 3093/3400/3093 3095/3402/3095
f 2994/3403/2994 3096/3404/3096 2996/3405/2995
f 3096/3404/3096 3097/3406/3097 2996/3405/2995
f 3096/3404/3096 3098/3407/3098 3097/3406/3097
f 3098/3407/3098 3096/3404/3096 3099/3408/3099
f 2996/3405/2995 3097/3406/3097 3100/3409/3100
f 2996/3405/2995 3100/3409/3100 3001/3410/3001
f 3100/3409/3100 3002/3411/3002 3001/3410/3001
f 3002/3411/3002 3100/3409/3100 3101/3412/3101
f 3097/3406/3097 3102/3413/3102 3100/3409/3100
f 3102/3413/3102 3101/3412/3101 3100/3409/3100
f 3102/3413/3102 3097/3406/3097 3098/3407/3098
f 3101/3412/3101 3102/3413/3102 3103/3414/3103
f 3104/3415/3104 3103/3414/3103 3102/3413/3102
f 3098/3407/3098 3104/3415/3104 3102/3413/3102
f 3103/3414/3103 3104/3415/3104 3105/3416/3105
f 3105/3416/3105 3104/3415/3104 3106/3417/3106
f 3099/3408/3099 3107/3418/3107 3098/3407/3098
f 3104/3415/3104 3098/3407/3098 3107/3418/3107
f 3107/3418/3107 3099/3408/3099 3108/3419/3108
f 3108/3419/3108 3109/3420/3109 3107/3418/3107
f 3109/3420/3109 3108/3419/3108 3110/3421/3110
f 3109/3420/3109 3110/3421/3110 3111/3422/3111
f 3107/3418/3107 3112/3423/3112 3104/3415/3104
f 3104/3415/3104 3112/3423/3112 3106/3417/3106
f 3112/3423/3112 3107/3418/3107 3109/3420/3109
f 3113/3424/3113 3106/3417/3106 3112/3423/3112
f 3106/3417/3106 3113/3424/3113 3114/3425/3114
f 3109/3420/3109 3115/3426/3115 3112/3423/3112
f 3115/3426/3115 3113/3424/3113 3112/3423/3112
f 3114/3425/3114 3113/3424/3113 3116/3427/3116
f 3114/3425/3114 3116/3427/3116 3117/3428/3117
f 3118/3429/3118 3117/3428/3117 3116/3427/3116
f 3117/3428/3117 3118/3429/3118 3119/3430/3119
f 3120/3431/3120 3119/3430/3119 3118/3429/3118
f 3119/3430/3119 3120/3431/3120 3121/3432/3121
f 3122/3433/3122 3121/3432/3121 3120/3431/3120
f 3121/3432/3121 3122/3433/3122 3123/3434/3123
f 3124/3435/3124 3123/3434/3123 3122/3433/3122
f 3123/3434/3123 3124/3435/3124 3125/3436/3125
f 3125/3436/3125 3124/3435/3124 3126/3437/3126
f 3126/3437/3126 3127/3438/3127 3125/3436/3125
f 3126/3437/3126 3128/3439/3128 3127/3438/3127
f 3128/3439/3128 3126/3437/3126 3129/3440/3129
f 3124/3435/3124 3129/3440/3129 3126/3437/3126
f 3128/3439/3128 3129/3440/3129 3130/3441/3130
f 3124/3435/3124 3131/3442/3131 3129/3440/3129
f 3130/3441/3130 3129/3440/3129 3131/3442/3131
f 3122/3433/3122 3131/3442/3131 3124/3435/3124
f 3130/3441/3130 3131/3442/3131 3132/3443/3132
f 3122/3433/3122 3133/3444/3133 3131/3442/3131
f 3132/3443/3132 3131/3442/3131 3133/3444/3133
f 3120/3431/3120 3133/3444/3133 3122/3433/3122
f 3132/3443/3132 3133/3444/3133 3134/3445/3134
f 3120/3431/3120 3134/3445/3134 3133/3444/3133
f 3135/3446/3135 3132/3443/3132 3134/3445/3134
f 3136/3447/3136 3134/3445/3134 3120/3431/3120
f 3135/3446/3135 3134/3445/3134 3136/3447/3136
f 3120/3431/3120 3118/3429/3118 3136/3447/3136
f 3137/3448/3137 3135/3446/3135 3136/3447/3136
f 3138/3449/3138 3136/3447/3136 3118/3429/3118
f 3137/3448/3137 3136/3447/3136 3138/3449/3138
f 3139/3450/3139 3137/3448/3137 3138/3449/3138
f 3118/3429/3118 3116/3427/3116 3138/3449/3138
f 3139/3450/3139 3138/3449/3138 3111/3422/3111
f 3116/3427/3116 3140/3451/3140 3138/3449/3138
f 3140/3451/3140 3111/3422/3111 3138/3449/3138
f 3111/3422/3111 3140/3451/3140 3109/3420/3109
f 3140/3451/3140 3116/3427/3116 3113/3424/3113
f 3141/3452/3141 3109/3420/3109 3140/3451/3140
f 3115/3426/3115 3109/3420/3109 3141/3452/3141
f 3140/3451/3140 3113/3424/3113 3142/3453/3142
f 3140/3451/3140 3142/3453/3142 3141/3452/3141
f 3113/3424/3113 3115/3426/3115 3143/3454/3143
f 3142/3453/3142 3113/3424/3113 3143/3454/3143
f 3144/3455/3144 3141/3452/3141 3142/3453/3142
f 3144/3455/3144 3115/3426/3115 3141/3452/3141
f 3115/3426/3115 3144/3455/3144 3143/3454/3143
f 3144/3455/3144 3142/3453/3142 3143/3454/3143
f 3145/3456/3145 3147/3456/3146 3146/3456/3147
f 3145/3456/3145 3146/3456/3147 3148/3457/3148
f 3149/3458/3149 3145/3456/3145 3148/3457/3148
f 3150/3459/3150 3145/3456/3145 3149/3458/3149
f 3145/3456/3145 3150/3459/3150 3151/3456/3151
f 3148/3457/3148 3151/3456/3151 3150/3459/3150
f 3151/3456/3151 3148/3457/3148 3146/3456/3147
f 3151/3456/3151 3152/3456/3152 3145/3456/3145
f 3147/3456/3146 3145/3456/3145 3152/3456/3152
f 3146/3456/3147 3153/3456/3153 3151/3456/3151
f 3153/3456/3153 3146/3456/3147 3147/3456/3146
f 3152/3456/3152 3151/3456/3151 3153/3456/3153
f 3147/3456/3146 3154/3456/3154 3153/3456/3153
f 3153/3456/3153 3155/3456/3155 3152/3456/3152
f 3155/3456/3155 3153/3456/3153 3154/3456/3154
f 3152/3456/3152 3156/3456/3156 3147/3456/3146
f 3156/3456/3156 3152/3456/3152 3155/3456/3155
f 3154/3456/3154 3147/3456/3146 3156/3456/3156
f 3157/3456/3157 3155/3456/3155 3154/3456/3154
f 3155/3456/3155 3157/3456/3157 3156/3456/3156
f 3156/3456/3156 3158/3456/3158 3154/3456/3154
f 3157/3456/3157 3154/3456/3154 3158/3456/3158
f 3158/3456/3158 3156/3456/3156 3159/3456/3159
f 3159/3456/3159 3156/3456/3156 3157/3456/3157
f 3157/3456/3157 3160/3456/3160 3159/3456/3159
f 3160/3456/3160 3158/3456/3158 3159/3456/3159
f 3158/3456/3158 3161/3456/3161 3157/3456/3157
f 3160/3456/3160 3157/3456/3157 3161/3456/3161
f 3158/3456/3158 3160/3456/3160 3162/3456/3162
f 3161/3456/3161 3158/3456/3158 3162/3456/3162
f 3161/3456/3161 3163/3456/3163 3160/3456/3160
f 3163/3456/3163 3162/3456/3162 3160/3456/3160
f 3162/3456/3162 3164/3456/3164 3161/3456/3161
f 3163/3456/3163 3161/3456/3161 3164/3456/3164
f 3162/3456/3162 3163/3456/3163 3165/3456/3165
f 3164/3456/3164 3162/3456/3162 3165/3456/3165
f 3163/3456/3163 3166/3456/3166 3165/3456/3165
f 3165/3456/3165 3166/3456/3166 3164/3456/3164
f 3164/3456/3164 3166/3456/3166 3163/3456/3163
f 3167/3460/3167 3169/3460/3168 3168/3460/3169
f 3169/3460/3168 3167/3460/3167 3170/3460/3170
f 3170/3460/3170 3171/3461/3171 3169/3460/3168
f 3171/3461/3171 3170/3460/3170 3172/3462/3172
f 3173/3463/3173 3169/3460/3168 3171/3461/3171
f 3169/3460/3168 3173/3463/3173 3174/3460/3174
f 3172/3462/3172 3174/3460/3174 3173/3463/3173
f 3174/3460/3174 3172/3462/3172 3170/3460/3170
f 3174/3460/3174 3168/3460/3169 3169/3460/3168
f 3170/3460/3170 3175/3460/3175 3174/3460/3174
f 3168/3460/3169 3174/3460/3174 3175/3460/3175
f 3175/3460/3175 3170/3460/3170 3167/3460/3167
f 3175/3460/3175 3176/3460/3176 3168/3460/3169
f 3167/3460/3167 3177/3460/3177 3175/3460/3175
f 3176/3460/3176 3175/3460/3175 3177/3460/3177
f 3168/3460/3169 3178/3460/3178 3167/3460/3167
f 3178/3460/3178 3168/3460/3169 3176/3460/3176
f 3177/3460/3177 3167/3460/3167 3178/3460/3178
f 3177/3460/3177 3179/3460/3179 3176/3460/3176
f 3178/3460/3178 3180/3460/3180 3177/3460/3177
f 3179/3460/3179 3177/3460/3177 3180/3460/3180
f 3176/3460/3176 3181/3460/3181 3178/3460/3178
f 3181/3460/3181 3176/3460/3176 3179/3460/3179
f 3180/3460/3180 3178/3460/3178 3181/3460/3181
f 3180/3460/3180 3182/3460/3182 3179/3460/3179
f 3181/3460/3181 3183/3460/3183 3180/3460/3180
f 3182/3460/3182 3180/3460/3180 3183/3460/3183
f 3179/3460/3179 3184/3460/3184 3181/3460/3181
f 3184/3460/3184 3179/3460/3179 3182/3460/3182
f 3183/3460/3183 3181/3460/3181 3184/3460/3184
f 3183/3460/3183 3185/3460/3185 3182/3460/3182
f 3184/3460/3184 3186/3460/3186 3183/3460/3183
f 3185/3460/3185 3183/3460/3183 3186/3460/3186
f 3182/3460/3182 3187/3460/3187 3184/3460/3184
f 3187/3460/3187 3182/3460/3182 3185/3460/3185
f 3186/3460/3186 3184/3460/3184 3187/3460/3187
f 3186/3460/3186 3188/3460/3188 3185/3460/3185
f 3187/3460/3187 3188/3460/3188 3186/3460/3186
f 3185/3460/3185 3188/3460/3188 3187/3460/3187
f 3189/3460/3189 3191/3460/3190 3190/3460/3191
f 3192/3464/3192 3190/3460/3191 3191/3460/3190
f 3190/3460/3191 3192/3464/3192 3193/3465/3193
f 3194/3466/3194 3190/3460/3191 3193/3465/3193
f 3190/3460/3191 3194/3466/3194 3195/3460/3195
f 3195/3460/3195 3194/3466/3194 3192/3464/3192
f 3195/3460/3195 3192/3464/3192 3191/3460/3190
f 3195/3460/3195 3189/3460/3189 3190/3460/3191
f 3191/3460/3190 3196/3460/3196 3195/3460/3195
f 3191/3460/3190 3189/3460/3189 3196/3460/3196
f 3197/3460/3197 3196/3460/3196 3189/3460/3189
f 3189/3460/3189 3195/3460/3195 3198/3460/3198
f 3195/3460/3195 3196/3460/3196 3198/3460/3198
f 3198/3460/3198 3197/3460/3197 3189/3460/3189
f 3196/3460/3196 3199/3460/3199 3198/3460/3198
f 3196/3460/3196 3197/3460/3197 3199/3460/3199
f 3198/3460/3198 3199/3460/3199 3200/3460/3200
f 3197/3460/3197 3198/3460/3198 3200/3460/3200
f 3199/3460/3199 3201/3460/3201 3200/3460/3200
f 3201/3460/3201 3199/3460/3199 3197/3460/3197
f 3202/3460/3202 3197/3460/3197 3200/3460/3200
f 3200/3460/3200 3201/3460/3201 3202/3460/3202
f 3197/3460/3197 3202/3460/3202 3203/3460/3203
f 3201/3460/3201 3197/3460/3197 3203/3460/3203
f 3201/3460/3201 3204/3460/3204 3202/3460/3202
f 3205/3460/3205 3203/3460/3203 3202/3460/3202
f 3202/3460/3202 3204/3460/3204 3205/3460/3205
f 3206/3460/3206 3201/3460/3201 3203/3460/3203
f 3201/3460/3201 3206/3460/3206 3204/3460/3204
f 3203/3460/3203 3205/3460/3205 3206/3460/3206
f 3204/3460/3204 3207/3460/3207 3205/3460/3205
f 3206/3460/3206 3207/3460/3207 3204/3460/3204
f 3208/3460/3208 3206/3460/3206 3205/3460/3205
f 3205/3460/3205 3207/3460/3207 3208/3460/3208
f 3206/3460/3206 3208/3460/3208 3209/3460/3209
f 3207/3460/3207 3206/3460/3206 3209/3460/3209
f 3210/3460/3210 3208/3460/3208 3207/3460/3207
f 3210/3460/3210 3209/3460/3209 3208/3460/3208
f 3210/3460/3210 3207/3460/3207 3209/3460/3209
f 3211/3465/3211 3213/3465/3212 3212/3465/3213
f 3214/3467/3214 3211/3465/3211 3212/3465/3213
f 3212/3465/3213 3215/3468/3215 3214/3467/3214
f 3216/3469/3216 3218/3469/3217 3217/3469/3218
f 3219/3470/3219 3217/3469/3218 3218/3469/3217
f 3218/3469/3217 3220/3471/3220 3219/3470/3219
f 3218/3469/3217 3221/3472/3221 3220/3471/3220
f 3221/3472/3221 3218/3469/3217 3222/3469/3222
f 3222/3469/3222 3219/3470/3219 3221/3472/3221
f 3219/3470/3219 3222/3469/3222 3217/3469/3218
f 3223/3469/3223 3222/3469/3222 3218/3469/3217
f 3218/3469/3217 3216/3469/3216 3223/3469/3223
f 3224/3469/3224 3217/3469/3218 3222/3469/3222
f 3222/3469/3222 3223/3469/3223 3224/3469/3224
f 3217/3469/3218 3224/3469/3224 3216/3469/3216
f 3225/3469/3225 3224/3469/3224 3223/3469/3223
f 3226/3469/3226 3216/3469/3216 3224/3469/3224
f 3224/3469/3224 3225/3469/3225 3226/3469/3226
f 3227/3469/3227 3223/3469/3223 3216/3469/3216
f 3223/3469/3223 3227/3469/3227 3225/3469/3225
f 3216/3469/3216 3226/3469/3226 3227/3469/3227
f 3228/3469/3228 3226/3469/3226 3225/3469/3225
f 3228/3469/3228 3225/3469/3225 3227/3469/3227
f 3229/3469/3229 3227/3469/3227 3226/3469/3226
f 3226/3469/3226 3228/3469/3228 3229/3469/3229
f 3227/3469/3227 3229/3469/3229 3230/3469/3230
f 3228/3469/3228 3227/3469/3227 3230/3469/3230
f 3231/3469/3231 3228/3469/3228 3230/3469/3230
f 3229/3469/3229 3231/3469/3231 3230/3469/3230
f 3232/3469/3232 3229/3469/3229 3228/3469/3228
f 3228/3469/3228 3231/3469/3231 3232/3469/3232
f 3231/3469/3231 3229/3469/3229 3233/3469/3233
f 3229/3469/3229 3232/3469/3232 3233/3469/3233
f 3234/3469/3234 3232/3469/3232 3231/3469/3231
f 3233/3469/3233 3234/3469/3234 3231/3469/3231
f 3235/3469/3235 3233/3469/3233 3232/3469/3232
f 3232/3469/3232 3234/3469/3234 3235/3469/3235
f 3234/3469/3234 3233/3469/3233 3236/3469/3236
f 3233/3469/3233 3235/3469/3235 3236/3469/3236
f 3234/3469/3234 3236/3469/3236 3237/3469/3237
f 3236/3469/3236 3235/3469/3235 3237/3469/3237
f 3235/3469/3235 3234/3469/3234 3237/3469/3237
f 3238/3473/3238 3240/3473/3239 3239/3473/3240
f 3241/3474/3241 3239/3473/3240 3240/3473/3239
f 3239/3473/3240 3241/3474/3241 3242/3470/3242
f 3240/3473/3239 3243/3461/3243 3241/3474/3241
f 3243/3461/3243 3240/3473/3239 3244/3473/3244
f 3244/3473/3244 3242/3470/3242 3243/3461/3243
f 3242/3470/3242 3244/3473/3244 3239/3473/3240
f 3245/3473/3245 3244/3473/3244 3240/3473/3239
f 3240/3473/3239 3238/3473/3238 3245/3473/3245
f 3246/3473/3246 3239/3473/3240 3244/3473/3244
f 3244/3473/3244 3245/3473/3245 3246/3473/3246
f 3238/3473/3238 3239/3473/3240 3246/3473/3246
f 3247/3473/3247 3246/3473/3246 3245/3473/3245
f 3248/3473/3248 3238/3473/3238 3246/3473/3246
f 3246/3473/3246 3247/3473/3247 3248/3473/3248
f 3249/3473/3249 3245/3473/3245 3238/3473/3238
f 3249/3473/3249 3238/3473/3238 3248/3473/3248
f 3245/3473/3245 3249/3473/3249 3247/3473/3247
f 3250/3473/3250 3249/3473/3249 3248/3473/3248
f 3251/3473/3251 3248/3473/3248 3247/3473/3247
f 3248/3473/3248 3251/3473/3251 3250/3473/3250
f 3252/3473/3252 3247/3473/3247 3249/3473/3249
f 3252/3473/3252 3249/3473/3249 3250/3473/3250
f 3247/3473/3247 3252/3473/3252 3251/3473/3251
f 3253/3473/3253 3252/3473/3252 3250/3473/3250
f 3254/3473/3254 3250/3473/3250 3251/3473/3251
f 3250/3473/3250 3254/3473/3254 3253/3473/3253
f 3255/3473/3255 3251/3473/3251 3252/3473/3252
f 3255/3473/3255 3252/3473/3252 3253/3473/3253
f 3251/3473/3251 3255/3473/3255 3254/3473/3254
f 3255/3473/3255 3253/3473/3253 3256/3473/3256
f 3257/3473/3257 3253/3473/3253 3254/3473/3254
f 3253/3473/3253 3257/3473/3257 3256/3473/3256
f 3258/3473/3258 3254/3473/3254 3255/3473/3255
f 3258/3473/3258 3255/3473/3255 3256/3473/3256
f 3254/3473/3254 3258/3473/3258 3257/3473/3257
f 3258/3473/3258 3256/3473/3256 3259/3473/3259
f 3256/3473/3256 3257/3473/3257 3259/3473/3259
f 3257/3473/3257 3258/3473/3258 3259/3473/3259
f 3260/3475/3260 3262/3475/3261 3261/3475/3262
f 3261/3475/3262 3263/3476/3263 3260/3475/3260
f 3263/3476/3263 3261/3475/3262 3264/3477/3264
f 3261/3475/3262 3265/3478/3265 3264/3477/3264
f 3265/3478/3265 3261/3475/3262 3266/3475/3266
f 3266/3475/3266 3263/3476/3263 3265/3478/3265
f 3263/3476/3263 3266/3475/3266 3260/3475/3260
f 3262/3475/3261 3266/3475/3266 3261/3475/3262
f 3267/3475/3267 3260/3475/3260 3266/3475/3266
f 3262/3475/3261 3260/3475/3260 3267/3475/3267
f 3267/3475/3267 3268/3475/3268 3262/3475/3261
f 3266/3475/3266 3262/3475/3261 3269/3475/3269
f 3266/3475/3266 3269/3475/3269 3267/3475/3267
f 3268/3475/3268 3269/3475/3269 3262/3475/3261
f 3270/3475/3270 3267/3475/3267 3269/3475/3269
f 3268/3475/3268 3267/3475/3267 3270/3475/3270
f 3269/3475/3269 3271/3475/3271 3270/3475/3270
f 3269/3475/3269 3268/3475/3268 3271/3475/3271
f 3272/3475/3272 3270/3475/3270 3271/3475/3271
f 3272/3475/3272 3268/3475/3268 3270/3475/3270
f 3268/3475/3268 3273/3475/3273 3271/3475/3271
f 3271/3475/3271 3273/3475/3273 3272/3475/3272
f 3268/3475/3268 3274/3475/3274 3273/3475/3273
f 3274/3475/3274 3268/3475/3268 3272/3475/3272
f 3275/3475/3275 3272/3475/3272 3273/3475/3273
f 3274/3475/3274 3276/3475/3276 3273/3475/3273
f 3273/3475/3273 3276/3475/3276 3275/3475/3275
f 3272/3475/3272 3277/3475/3277 3274/3475/3274
f 3277/3475/3277 3272/3475/3272 3275/3475/3275
f 3276/3475/3276 3274/3475/3274 3277/3475/3277
f 3278/3475/3278 3275/3475/3275 3276/3475/3276
f 3275/3475/3275 3278/3475/3278 3277/3475/3277
f 3277/3475/3277 3279/3475/3279 3276/3475/3276
f 3276/3475/3276 3279/3475/3279 3278/3475/3278
f 3279/3475/3279 3277/3475/3277 3280/3475/3280
f 3280/3475/3280 3277/3475/3277 3278/3475/3278
f 3281/3475/3281 3278/3475/3278 3279/3475/3279
f 3281/3475/3281 3279/3475/3279 3280/3475/3280
f 3281/3475/3281 3280/3475/3280 3278/3475/3278
f 3282/3479/3282 3284/3479/3283 3283/3479/3284
f 3284/3479/3283 3285/3480/3285 3283/3479/3284
f 3286/3481/3286 3283/3479/3284 3285/3480/3285
f 3287/3482/3287 3289/3483/3288 3288/3484/3289
f 3290/3485/3290 3287/3482/3287 3288/3484/3289
f 3289/3483/3288 3287/3482/3287 3291/3486/3291
f 3291/3486/3291 3292/3487/3292 3289/3483/3288
f 3292/3487/3292 3291/3486/3291 3293/3488/3293
f 3293/3488/3293 3294/3489/3294 3292/3487/3292
f 3287/3482/3287 3290/3485/3290 3295/3490/3295
f 3287/3482/3287 3296/3491/3296 3291/3486/3291
f 3295/3490/3295 3296/3491/3296 3287/3482/3287
f 3297/3492/3297 3293/3488/3293 3291/3486/3291
f 3297/3492/3297 3291/3486/3291 3296/3491/3296
f 3290/3485/3290 3298/3493/3298 3295/3490/3295
f 3298/3493/3298 3290/3485/3290 3299/3494/3299
f 3299/3494/3299 3300/3495/3300 3298/3493/3298
f 3300/3495/3300 3301/3496/3301 3298/3493/3298
f 3300/3495/3300 3302/3497/3302 3301/3496/3301
f 3295/3490/3295 3298/3493/3298 3303/3498/3303
f 3303/3498/3303 3298/3493/3298 3301/3496/3301
f 3296/3491/3296 3295/3490/3295 3304/3499/3304
f 3304/3499/3304 3295/3490/3295 3303/3498/3303
f 3302/3497/3302 3305/3500/3305 3301/3496/3301
f 3302/3497/3302 3306/3501/3306 3305/3500/3305
f 3303/3498/3303 3301/3496/3301 3307/3502/3307
f 3307/3502/3307 3301/3496/3301 3305/3500/3305
f 3308/3503/3308 3297/3492/3297 3296/3491/3296
f 3304/3499/3304 3308/3503/3308 3296/3491/3296
f 3309/3504/3309 3304/3499/3304 3303/3498/3303
f 3309/3504/3309 3303/3498/3303 3307/3502/3307
f 3308/3503/3308 3304/3499/3304 3310/3505/3310
f 3309/3504/3309 3310/3505/3310 3304/3499/3304
f 3311/3506/3311 3305/3500/3305 3306/3501/3306
f 3307/3502/3307 3305/3500/3305 3312/3507/3312
f 3305/3500/3305 3311/3506/3311 3312/3507/3312
f 3313/3508/3313 3309/3504/3309 3307/3502/3307
f 3313/3508/3313 3307/3502/3307 3312/3507/3312
f 3306/3501/3306 3314/3509/3314 3311/3506/3311
f 3314/3509/3314 3306/3501/3306 3315/3510/3315
f 3316/3511/3316 3314/3509/3314 3315/3510/3315
f 3311/3506/3311 3317/3512/3317 3312/3507/3312
f 3317/3512/3317 3313/3508/3313 3312/3507/3312
f 3314/3509/3314 3317/3512/3317 3311/3506/3311
f 3318/3513/3318 3309/3504/3309 3313/3508/3313
f 3318/3513/3318 3310/3505/3310 3309/3504/3309
f 3319/3514/3319 3314/3509/3314 3316/3511/3316
f 3320/3515/3320 3319/3514/3319 3316/3511/3316
f 3321/3516/3321 3313/3508/3313 3317/3512/3317
f 3321/3516/3321 3318/3513/3318 3313/3508/3313
f 3317/3512/3317 3314/3509/3314 3322/3517/3322
f 3319/3514/3319 3322/3517/3322 3314/3509/3314
f 3322/3517/3322 3321/3516/3321 3317/3512/3317
f 3323/3518/3323 3322/3517/3322 3319/3514/3319
f 3323/3518/3323 3321/3516/3321 3322/3517/3322
f 3324/3519/3324 3319/3514/3319 3320/3515/3320
f 3324/3519/3324 3323/3518/3323 3319/3514/3319
f 3320/3515/3320 3325/3520/3325 3324/3519/3324
f 3325/3520/3325 3320/3515/3320 3326/3521/3326
f 3327/3522/3327 3325/3520/3325 3326/3521/3326
f 3328/3523/3328 3323/3518/3323 3324/3519/3324
f 3325/3520/3325 3328/3523/3328 3324/3519/3324
f 3323/3518/3323 3329/3524/3329 3321/3516/3321
f 3328/3523/3328 3329/3524/3329 3323/3518/3323
f 3330/3525/3330 3325/3520/3325 3327/3522/3327
f 3331/3526/3331 3330/3525/3330 3327/3522/3327
f 3325/3520/3325 3332/3527/3332 3328/3523/3328
f 3330/3525/3330 3332/3527/3332 3325/3520/3325
f 3333/3528/3333 3330/3525/3330 3331/3526/3331
f 3334/3529/3334 3333/3528/3333 3331/3526/3331
f 3335/3530/3335 3333/3528/3333 3334/3529/3334
f 3333/3528/3333 3336/3531/3336 3330/3525/3330
f 3330/3525/3330 3336/3531/3336 3332/3527/3332
f 3335/3530/3335 3337/3532/3337 3333/3528/3333
f 3333/3528/3333 3337/3532/3337 3336/3531/3336
f 3335/3530/3335 3338/3533/3338 3337/3532/3337
f 3332/3527/3332 3339/3534/3339 3328/3523/3328
f 3328/3523/3328 3339/3534/3339 3329/3524/3329
f 3329/3524/3329 3340/3535/3340 3321/3516/3321
f 3340/3535/3340 3318/3513/3318 3321/3516/3321
f 3336/3531/3336 3341/3536/3341 3332/3527/3332
f 3332/3527/3332 3341/3536/3341 3339/3534/3339
f 3342/3537/3342 3329/3524/3329 3339/3534/3339
f 3329/3524/3329 3342/3537/3342 3340/3535/3340
f 3341/3536/3341 3342/3537/3342 3339/3534/3339
f 3338/3533/3338 3343/3538/3343 3337/3532/3337
f 3338/3533/3338 3344/3539/3344 3343/3538/3343
f 3337/3532/3337 3345/3540/3345 3336/3531/3336
f 3336/3531/3336 3345/3540/3345 3341/3536/3341
f 3337/3532/3337 3343/3538/3343 3345/3540/3345
f 3344/3539/3344 3346/3541/3346 3343/3538/3343
f 3344/3539/3344 3347/3542/3347 3346/3541/3346
f 3345/3540/3345 3348/3543/3348 3341/3536/3341
f 3341/3536/3341 3348/3543/3348 3342/3537/3342
f 3348/3543/3348 3349/3544/3349 3342/3537/3342
f 3343/3538/3343 3350/3545/3350 3345/3540/3345
f 3345/3540/3345 3350/3545/3350 3348/3543/3348
f 3343/3538/3343 3346/3541/3346 3350/3545/3350
f 3350/3545/3350 3349/3544/3349 3348/3543/3348
f 3351/3546/3351 3340/3535/3340 3342/3537/3342
f 3349/3544/3349 3351/3546/3351 3342/3537/3342
f 3347/3542/3347 3352/3547/3352 3346/3541/3346
f 3353/3548/3353 3352/3547/3352 3347/3542/3347
f 3353/3548/3353 3354/3549/3354 3352/3547/3352
f 3346/3541/3346 3355/3550/3355 3350/3545/3350
f 3352/3547/3352 3355/3550/3355 3346/3541/3346
f 3355/3550/3355 3349/3544/3349 3350/3545/3350
f 3354/3549/3354 3356/3551/3356 3352/3547/3352
f 3352/3547/3352 3356/3551/3356 3355/3550/3355
f 3354/3549/3354 3357/3552/3357 3356/3551/3356
f 3356/3551/3356 3358/3553/3358 3355/3550/3355
f 3349/3544/3349 3355/3550/3355 3358/3553/3358
f 3357/3552/3357 3359/3554/3359 3356/3551/3356
f 3356/3551/3356 3359/3554/3359 3358/3553/3358
f 3357/3552/3357 3360/3555/3360 3359/3554/3359
f 3360/3555/3360 3361/3556/3361 3359/3554/3359
f 3360/3555/3360 3362/3557/3362 3361/3556/3361
f 3359/3554/3359 3363/3558/3363 3358/3553/3358
f 3359/3554/3359 3361/3556/3361 3363/3558/3363
f 3358/3553/3358 3364/3559/3364 3349/3544/3349
f 3358/3553/3358 3363/3558/3363 3364/3559/3364
f 3362/3557/3362 3365/3560/3365 3361/3556/3361
f 3362/3557/3362 3366/3561/3366 3365/3560/3365
f 3366/3561/3366 3367/3562/3367 3365/3560/3365
f 3364/3559/3364 3368/3563/3368 3349/3544/3349
f 3349/3544/3349 3368/3563/3368 3351/3546/3351
f 3361/3556/3361 3369/3564/3369 3363/3558/3363
f 3361/3556/3361 3365/3560/3365 3369/3564/3369
f 3367/3562/3367 3370/3565/3370 3365/3560/3365
f 3365/3560/3365 3370/3565/3370 3369/3564/3369
f 3370/3565/3370 3367/3562/3367 3371/3566/3371
f 3363/3558/3363 3372/3567/3372 3364/3559/3364
f 3363/3558/3363 3369/3564/3369 3372/3567/3372
f 3364/3559/3364 3372/3567/3372 3368/3563/3368
f 3369/3564/3369 3370/3565/3370 3373/3568/3373
f 3369/3564/3369 3373/3568/3373 3372/3567/3372
f 3371/3566/3371 3374/3569/3374 3370/3565/3370
f 3370/3565/3370 3374/3569/3374 3373/3568/3373
f 3374/3569/3374 3371/3566/3371 3375/3570/3375
f 3376/3571/3376 3374/3569/3374 3375/3570/3375
f 3372/3567/3372 3373/3568/3373 3377/3572/3377
f 3372/3567/3372 3377/3572/3377 3368/3563/3368
f 3373/3568/3373 3374/3569/3374 3378/3573/3378
f 3373/3568/3373 3378/3573/3378 3377/3572/3377
f 3374/3569/3374 3376/3571/3376 3379/3574/3379
f 3374/3569/3374 3379/3574/3379 3378/3573/3378
f 3380/3575/3380 3368/3563/3368 3377/3572/3377
f 3377/3572/3377 3378/3573/3378 3380/3575/3380
f 3379/3574/3379 3376/3571/3376 3381/3576/3381
f 3376/3571/3376 3382/3577/3382 3381/3576/3381
f 3378/3573/3378 3379/3574/3379 3383/3578/3383
f 3378/3573/3378 3383/3578/3383 3380/3575/3380
f 3379/3574/3379 3381/3576/3381 3383/3578/3383
f 3368/3563/3368 3380/3575/3380 3384/3579/3384
f 3384/3579/3384 3351/3546/3351 3368/3563/3368
f 3381/3576/3381 3382/3577/3382 3385/3580/3385
f 3382/3577/3382 3386/3581/3386 3385/3580/3385
f 3294/3489/3294 3385/3580/3385 3386/3581/3386
f 3383/3578/3383 3381/3576/3381 3387/3582/3387
f 3381/3576/3381 3385/3580/3385 3387/3582/3387
f 3380/3575/3380 3383/3578/3383 3388/3583/3388
f 3383/3578/3383 3387/3582/3387 3388/3583/3388
f 3380/3575/3380 3388/3583/3388 3384/3579/3384
f 3351/3546/3351 3384/3579/3384 3389/3584/3389
f 3340/3535/3340 3351/3546/3351 3389/3584/3389
f 3340/3535/3340 3389/3584/3389 3318/3513/3318
f 3385/3580/3385 3294/3489/3294 3390/3585/3390
f 3294/3489/3294 3293/3488/3293 3390/3585/3390
f 3385/3580/3385 3391/3586/3391 3387/3582/3387
f 3385/3580/3385 3390/3585/3390 3391/3586/3391
f 3391/3586/3391 3388/3583/3388 3387/3582/3387
f 3293/3488/3293 3392/3587/3392 3390/3585/3390
f 3390/3585/3390 3392/3587/3392 3391/3586/3391
f 3293/3488/3293 3297/3492/3297 3392/3587/3392
f 3393/3588/3393 3391/3586/3391 3392/3587/3392
f 3393/3588/3393 3392/3587/3392 3297/3492/3297
f 3388/3583/3388 3391/3586/3391 3393/3588/3393
f 3393/3588/3393 3297/3492/3297 3308/3503/3308
f 3384/3579/3384 3388/3583/3388 3394/3589/3394
f 3393/3588/3393 3394/3589/3394 3388/3583/3388
f 3394/3589/3394 3393/3588/3393 3308/3503/3308
f 3394/3589/3394 3389/3584/3389 3384/3579/3384
f 3310/3505/3310 3394/3589/3394 3308/3503/3308
f 3389/3584/3389 3395/3590/3395 3318/3513/3318
f 3318/3513/3318 3395/3590/3395 3310/3505/3310
f 3389/3584/3389 3394/3589/3394 3395/3590/3395
f 3394/3589/3394 3310/3505/3310 3395/3590/3395
f 1940/3591/1940 3397/3592/3396 3396/3593/3397
f 3397/3592/3396 1940/3591/1940 2793/3594/2793
f 2793/3594/2793 2788/3595/2788 3397/3592/3396
f 3398/3596/3398 3396/3593/3397 3397/3592/3396
f 3396/3593/3397 3398/3596/3398 3399/3597/3399
f 3397/3592/3396 2788/3595/2788 3400/3598/3400
f 3400/3598/3400 3398/3596/3398 3397/3592/3396
f 2785/3599/2785 3400/3598/3400 2788/3595/2788
f 3398/3596/3398 3401/3600/3401 3399/3597/3399
f 3399/3597/3399 3401/3600/3401 3402/3601/1633
f 2785/3599/2785 3403/3602/3402 3400/3598/3400
f 3403/3602/3402 2785/3599/2785 1927/3603/1927
f 3404/3604/3403 3403/3602/3402 1927/3603/1927
f 3400/3598/3400 3405/3605/3404 3398/3596/3398
f 3403/3602/3402 3405/3605/3404 3400/3598/3400
f 3405/3605/3404 3401/3600/3401 3398/3596/3398
f 3406/3606/3405 3403/3602/3402 3404/3604/3403
f 3403/3602/3402 3406/3606/3405 3405/3605/3404
f 3407/3607/3406 3406/3606/3405 3404/3604/3403
f 3408/3608/3407 3406/3606/3405 3407/3607/3406
f 3401/3600/3401 3409/3609/3408 3402/3601/1633
f 3402/3601/1633 3409/3609/3408 3410/3610/3409
f 3406/3606/3405 3411/3611/3410 3405/3605/3404
f 3411/3611/3410 3406/3606/3405 3408/3608/3407
f 3412/3612/3411 3401/3600/3401 3405/3605/3404
f 3411/3611/3410 3412/3612/3411 3405/3605/3404
f 3412/3612/3411 3409/3609/3408 3401/3600/3401
f 3408/3608/3407 3413/3613/3412 3411/3611/3410
f 3413/3613/3412 3412/3612/3411 3411/3611/3410
f 3413/3613/3412 3408/3608/3407 3414/3614/3413
f 3415/3615/3414 3410/3610/3409 3409/3609/3408
f 3410/3610/3409 3415/3615/3414 3416/3616/3415
f 3409/3609/3408 3412/3612/3411 3417/3617/3416
f 3412/3612/3411 3413/3613/3412 3417/3617/3416
f 3417/3617/3416 3415/3615/3414 3409/3609/3408
f 3414/3614/3413 3418/3618/3417 3413/3613/3412
f 3413/3613/3412 3418/3618/3417 3417/3617/3416
f 3418/3618/3417 3414/3614/3413 3419/3619/3418
f 3420/3620/3419 3416/3616/3415 3415/3615/3414
f 3416/3616/3415 3420/3620/3419 3421/3621/3420
f 3415/3615/3414 3417/3617/3416 3422/3622/3421
f 3418/3618/3417 3422/3622/3421 3417/3617/3416
f 3422/3622/3421 3420/3620/3419 3415/3615/3414
f 3419/3619/3418 3423/3623/3422 3418/3618/3417
f 3418/3618/3417 3423/3623/3422 3422/3622/3421
f 3423/3623/3422 3419/3619/3418 3424/3624/3423
f 3420/3620/3419 3425/3625/3424 3421/3621/3420
f 3421/3621/3420 3425/3625/3424 3426/3626/3425
f 3425/3625/3424 3427/3627/3426 3426/3626/3425
f 3426/3626/3425 3427/3627/3426 3428/3628/3427
f 3427/3627/3426 3429/3629/3428 3428/3628/3427
f 3420/3620/3419 3422/3622/3421 3430/3630/3429
f 3423/3623/3422 3430/3630/3429 3422/3622/3421
f 3430/3630/3429 3425/3625/3424 3420/3620/3419
f 3424/3624/3423 3431/3631/3430 3423/3623/3422
f 3423/3623/3422 3431/3631/3430 3430/3630/3429
f 3431/3631/3430 3424/3624/3423 3432/3632/3431
f 3425/3625/3424 3430/3630/3429 3433/3633/3432
f 3431/3631/3430 3433/3633/3432 3430/3630/3429
f 3433/3633/3432 3427/3627/3426 3425/3625/3424
f 3432/3632/3431 3434/3634/3433 3431/3631/3430
f 3431/3631/3430 3434/3634/3433 3433/3633/3432
f 3434/3634/3433 3432/3632/3431 3435/3635/3434
f 3436/3636/3435 3433/3633/3432 3434/3634/3433
f 3427/3627/3426 3433/3633/3432 3436/3636/3435
f 3435/3635/3434 3437/3637/3436 3434/3634/3433
f 3434/3634/3433 3437/3637/3436 3436/3636/3435
f 3437/3637/3436 3435/3635/3434 3438/3638/3437
f 3436/3636/3435 3439/3639/3438 3427/3627/3426
f 3439/3639/3438 3436/3636/3435 3437/3637/3436
f 3438/3638/3437 3440/3640/3439 3437/3637/3436
f 3437/3637/3436 3440/3640/3439 3439/3639/3438
f 3440/3640/3439 3438/3638/3437 3441/3641/3440
f 3441/3641/3440 3442/3642/3441 3440/3640/3439
f 3442/3642/3441 3441/3641/3440 3443/3643/3442
f 3444/3644/3443 3427/3627/3426 3439/3639/3438
f 3429/3629/3428 3427/3627/3426 3444/3644/3443
f 3445/3645/3444 3429/3629/3428 3444/3644/3443
f 3439/3639/3438 3445/3645/3444 3444/3644/3443
f 3429/3629/3428 3445/3645/3444 3446/3646/318
f 3445/3645/3444 3447/3647/3445 3446/3646/318
f 3448/3648/3446 3439/3639/3438 3440/3640/3439
f 3445/3645/3444 3439/3639/3438 3448/3648/3446
f 3440/3640/3439 3442/3642/3441 3448/3648/3446
f 3447/3647/3445 3445/3645/3444 3449/3649/3447
f 3448/3648/3446 3449/3649/3447 3445/3645/3444
f 3449/3649/3447 3450/3650/3448 3447/3647/3445
f 3443/3643/3442 3451/3651/3449 3442/3642/3441
f 3451/3651/3449 3443/3643/3442 3452/3652/3450
f 3453/3653/3451 3448/3648/3446 3442/3642/3441
f 3449/3649/3447 3448/3648/3446 3453/3653/3451
f 3442/3642/3441 3451/3651/3449 3453/3653/3451
f 3450/3650/3448 3449/3649/3447 3454/3654/3452
f 3453/3653/3451 3454/3654/3452 3449/3649/3447
f 3454/3654/3452 3455/3655/3453 3450/3650/3448
f 3452/3652/3450 3456/3656/3454 3451/3651/3449
f 3456/3656/3454 3452/3652/3450 3457/3657/3455
f 3458/3658/3456 3453/3653/3451 3451/3651/3449
f 3454/3654/3452 3453/3653/3451 3458/3658/3456
f 3451/3651/3449 3456/3656/3454 3458/3658/3456
f 3455/3655/3453 3454/3654/3452 3459/3659/3457
f 3458/3658/3456 3459/3659/3457 3454/3654/3452
f 3459/3659/3457 3460/3660/3458 3455/3655/3453
f 3457/3657/3455 3461/3661/3459 3456/3656/3454
f 3461/3661/3459 3457/3657/3455 3462/3662/3460
f 3463/3663/3461 3458/3658/3456 3456/3656/3454
f 3459/3659/3457 3458/3658/3456 3463/3663/3461
f 3456/3656/3454 3461/3661/3459 3463/3663/3461
f 3460/3660/3458 3459/3659/3457 3464/3664/3462
f 3463/3663/3461 3464/3664/3462 3459/3659/3457
f 3464/3664/3462 3465/3665/3463 3460/3660/3458
f 3464/3664/3462 3463/3663/3461 3466/3666/3464
f 3466/3666/3464 3463/3663/3461 3461/3661/3459
f 3465/3665/3463 3464/3664/3462 3467/3667/3465
f 3466/3666/3464 3467/3667/3465 3464/3664/3462
f 3467/3667/3465 3468/3668/3466 3465/3665/3463
f 3462/3662/3460 3469/3669/3467 3461/3661/3459
f 3469/3669/3467 3462/3662/3460 3470/3670/3468
f 3461/3661/3459 3471/3671/3469 3466/3666/3464
f 3467/3667/3465 3466/3666/3464 3471/3671/3469
f 3471/3671/3469 3461/3661/3459 3469/3669/3467
f 3468/3668/3466 3467/3667/3465 3472/3672/3470
f 3471/3671/3469 3472/3672/3470 3467/3667/3465
f 3472/3672/3470 274/603/274 3468/3668/3466
f 3472/3672/3470 569/604/569 274/603/274
f 569/604/569 3472/3672/3470 572/608/572
f 3472/3672/3470 3471/3671/3469 3473/3673/3471
f 3469/3669/3467 3473/3673/3471 3471/3671/3469
f 3473/3673/3471 572/608/572 3472/3672/3470
f 3470/3670/3468 3474/3674/3472 3469/3669/3467
f 3473/3673/3471 3469/3669/3467 3474/3674/3472
f 3474/3674/3472 572/608/572 3473/3673/3471
f 3474/3674/3472 3470/3670/3468 3475/3675/3473
f 572/608/572 3474/3674/3472 577/614/577
f 296/624/296 3474/3674/3472 3475/3675/3473
f 577/614/577 3474/3674/3472 296/624/296
f 3476/3676/3474 62/415/62 3477/3677/3475
f 401/416/401 62/415/62 3476/3676/3474
f 3478/3678/3476 3476/3676/3474 3477/3677/3475
f 3479/3679/3477 3478/3678/3476 3477/3677/3475
f 3480/3680/3478 3478/3678/3476 3479/3679/3477
f 3476/3676/3474 3481/3681/3479 401/416/401
f 3478/3678/3476 3481/3681/3479 3476/3676/3474
f 3481/3681/3479 404/419/404 401/416/401
f 3482/3682/3480 3478/3678/3476 3480/3680/3478
f 3483/3683/3481 3482/3682/3480 3480/3680/3478
f 3481/3681/3479 3478/3678/3476 3484/3684/3482
f 3482/3682/3480 3484/3684/3482 3478/3678/3476
f 3485/3685/3483 404/419/404 3481/3681/3479
f 3484/3684/3482 3485/3685/3483 3481/3681/3479
f 404/419/404 3485/3685/3483 407/422/407
f 407/422/407 3485/3685/3483 3486/3686/3484
f 3486/3686/3484 408/423/408 407/422/407
f 3485/3685/3483 3484/3684/3482 3487/3687/3485
f 3487/3687/3485 3486/3686/3484 3485/3685/3483
f 3488/3688/3486 3482/3682/3480 3483/3683/3481
f 3489/3689/3487 3488/3688/3486 3483/3683/3481
f 3482/3682/3480 3490/3690/3488 3484/3684/3482
f 3490/3690/3488 3487/3687/3485 3484/3684/3482
f 408/423/408 3486/3686/3484 3491/3691/3489
f 3491/3691/3489 409/424/409 408/423/408
f 3491/3691/3489 410/425/410 409/424/409
f 3492/3692/3490 3482/3682/3480 3488/3688/3486
f 3482/3682/3480 3492/3692/3490 3490/3690/3488
f 3493/3693/3491 410/425/410 3491/3691/3489
f 410/425/410 3493/3693/3491 423/438/423
f 423/438/423 3493/3693/3491 3494/3694/3492
f 3494/3694/3492 426/441/426 423/438/423
f 3487/3687/3485 3490/3690/3488 3495/3695/3493
f 3486/3686/3484 3487/3687/3485 3496/3696/3494
f 3495/3695/3493 3496/3696/3494 3487/3687/3485
f 3490/3690/3488 3492/3692/3490 3497/3697/3495
f 3490/3690/3488 3497/3697/3495 3495/3695/3493
f 3488/3688/3486 3498/3698/3496 3492/3692/3490
f 3498/3698/3496 3497/3697/3495 3492/3692/3490
f 3486/3686/3484 3499/3699/3497 3491/3691/3489
f 3496/3696/3494 3499/3699/3497 3486/3686/3484
f 3491/3691/3489 3500/3700/3498 3493/3693/3491
f 3499/3699/3497 3500/3700/3498 3491/3691/3489
f 3501/3701/3499 3494/3694/3492 3493/3693/3491
f 3500/3700/3498 3501/3701/3499 3493/3693/3491
f 3498/3698/3496 3488/3688/3486 3502/3702/3500
f 3489/3689/3487 3502/3702/3500 3488/3688/3486
f 3503/3703/3501 3502/3702/3500 3489/3689/3487
f 3504/3704/3502 3503/3703/3501 3489/3689/3487
f 3502/3702/3500 3505/3705/3503 3498/3698/3496
f 3505/3705/3503 3502/3702/3500 3503/3703/3501
f 3506/3706/3504 3503/3703/3501 3504/3704/3502
f 3507/3707/3505 3506/3706/3504 3504/3704/3502
f 3508/3708/3506 3505/3705/3503 3503/3703/3501
f 3506/3706/3504 3508/3708/3506 3503/3703/3501
f 3509/3709/3507 3506/3706/3504 3507/3707/3505
f 3510/3710/3508 3509/3709/3507 3507/3707/3505
f 3511/3711/3509 3509/3709/3507 3510/3710/3508
f 3509/3709/3507 3512/3712/3510 3506/3706/3504
f 3512/3712/3510 3508/3708/3506 3506/3706/3504
f 3511/3711/3509 3513/3713/3511 3509/3709/3507
f 3513/3713/3511 3512/3712/3510 3509/3709/3507
f 3514/3714/3512 3513/3713/3511 3511/3711/3509
f 3511/3711/3509 3515/3715/3513 3514/3714/3512
f 3516/3716/3514 3514/3714/3512 3515/3715/3513
f 3517/3717/3515 3516/3716/3514 3515/3715/3513
f 3517/3717/3515 3518/3718/3516 3516/3716/3514
f 3518/3718/3516 3517/3717/3515 3519/3719/3517
f 3520/3720/3518 3518/3718/3516 3519/3719/3517
f 3520/3720/3518 3521/3721/3519 3518/3718/3516
f 3522/3722/3520 3521/3721/3519 3520/3720/3518
f 3523/3723/3521 3516/3716/3514 3518/3718/3516
f 3521/3721/3519 3523/3723/3521 3518/3718/3516
f 3514/3714/3512 3516/3716/3514 3524/3724/3522
f 3516/3716/3514 3523/3723/3521 3524/3724/3522
f 3513/3713/3511 3514/3714/3512 3525/3725/3523
f 3524/3724/3522 3525/3725/3523 3514/3714/3512
f 3512/3712/3510 3513/3713/3511 3526/3726/3524
f 3525/3725/3523 3526/3726/3524 3513/3713/3511
f 3527/3727/3525 3521/3721/3519 3522/3722/3520
f 3528/3728/3526 3527/3727/3525 3522/3722/3520
f 3521/3721/3519 3529/3729/3527 3523/3723/3521
f 3521/3721/3519 3527/3727/3525 3529/3729/3527
f 3530/3730/3528 3524/3724/3522 3523/3723/3521
f 3529/3729/3527 3530/3730/3528 3523/3723/3521
f 3525/3725/3523 3524/3724/3522 3531/3731/3529
f 3531/3731/3529 3524/3724/3522 3530/3730/3528
f 3527/3727/3525 3528/3728/3526 3532/3732/3530
f 3533/3733/3531 3532/3732/3530 3528/3728/3526
f 3527/3727/3525 3534/3734/3532 3529/3729/3527
f 3527/3727/3525 3532/3732/3530 3534/3734/3532
f 3530/3730/3528 3529/3729/3527 3535/3735/3533
f 3535/3735/3533 3529/3729/3527 3534/3734/3532
f 3533/3733/3531 3536/3736/3534 3532/3732/3530
f 3537/3737/3535 3536/3736/3534 3533/3733/3531
f 3538/3738/3536 3530/3730/3528 3535/3735/3533
f 3538/3738/3536 3531/3731/3529 3530/3730/3528
f 3531/3731/3529 3539/3739/3537 3525/3725/3523
f 3526/3726/3524 3525/3725/3523 3539/3739/3537
f 3534/3734/3532 3540/3740/3538 3535/3735/3533
f 3538/3738/3536 3535/3735/3533 3540/3740/3538
f 3541/3741/3539 3534/3734/3532 3532/3732/3530
f 3540/3740/3538 3534/3734/3532 3541/3741/3539
f 3536/3736/3534 3541/3741/3539 3532/3732/3530
f 3537/3737/3535 3542/3742/3540 3536/3736/3534
f 3543/3743/3541 3542/3742/3540 3537/3737/3535
f 3544/3744/3542 3540/3740/3538 3541/3741/3539
f 3544/3744/3542 3538/3738/3536 3540/3740/3538
f 3536/3736/3534 3545/3745/3543 3541/3741/3539
f 3542/3742/3540 3545/3745/3543 3536/3736/3534
f 3545/3745/3543 3544/3744/3542 3541/3741/3539
f 3531/3731/3529 3538/3738/3536 3546/3746/3544
f 3546/3746/3544 3539/3739/3537 3531/3731/3529
f 3538/3738/3536 3544/3744/3542 3547/3747/3545
f 3547/3747/3545 3546/3746/3544 3538/3738/3536
f 3548/3748/3546 3542/3742/3540 3543/3743/3541
f 3545/3745/3543 3542/3742/3540 3549/3749/3547
f 3542/3742/3540 3548/3748/3546 3549/3749/3547
f 3550/3750/3548 3544/3744/3542 3545/3745/3543
f 3549/3749/3547 3550/3750/3548 3545/3745/3543
f 3544/3744/3542 3551/3751/3549 3547/3747/3545
f 3551/3751/3549 3544/3744/3542 3550/3750/3548
f 3549/3749/3547 3552/3752/3550 3550/3750/3548
f 3552/3752/3550 3551/3751/3549 3550/3750/3548
f 3553/3753/3551 3546/3746/3544 3547/3747/3545
f 3551/3751/3549 3553/3753/3551 3547/3747/3545
f 3543/3743/3541 3554/3754/3552 3548/3748/3546
f 3554/3754/3552 3543/3743/3541 3555/3755/3553
f 3556/3756/3554 3549/3749/3547 3548/3748/3546
f 3549/3749/3547 3556/3756/3554 3552/3752/3550
f 3557/3757/3555 3552/3752/3550 3556/3756/3554
f 3548/3748/3546 3558/3758/3556 3556/3756/3554
f 3554/3754/3552 3558/3758/3556 3548/3748/3546
f 3558/3758/3556 3557/3757/3555 3556/3756/3554
f 3555/3755/3553 3559/3759/3557 3554/3754/3552
f 3559/3759/3557 3558/3758/3556 3554/3754/3552
f 3559/3759/3557 3555/3755/3553 3560/3760/3558
f 3551/3751/3549 3552/3752/3550 3561/3761/3559
f 3552/3752/3550 3557/3757/3555 3561/3761/3559
f 3562/3762/3560 3559/3759/3557 3560/3760/3558
f 3563/3763/3561 3562/3762/3560 3560/3760/3558
f 3559/3759/3557 3564/3764/3562 3558/3758/3556
f 3562/3762/3560 3564/3764/3562 3559/3759/3557
f 3565/3765/3563 3551/3751/3549 3561/3761/3559
f 3553/3753/3551 3551/3751/3549 3565/3765/3563
f 3566/3766/3564 3553/3753/3551 3565/3765/3563
f 3567/3767/3565 3565/3765/3563 3561/3761/3559
f 3567/3767/3565 3561/3761/3559 3557/3757/3555
f 3566/3766/3564 3565/3765/3563 3567/3767/3565
f 3568/3768/3566 3562/3762/3560 3563/3763/3561
f 3563/3763/3561 3569/3769/3567 3568/3768/3566
f 3557/3757/3555 3558/3758/3556 3570/3770/3568
f 3564/3764/3562 3570/3770/3568 3558/3758/3556
f 3553/3753/3551 3566/3766/3564 3571/3771/3569
f 3546/3746/3544 3553/3753/3551 3571/3771/3569
f 3572/3772/3570 3568/3768/3566 3569/3769/3567
f 3573/3773/3571 3572/3772/3570 3569/3769/3567
f 3574/3774/3572 3546/3746/3544 3571/3771/3569
f 3539/3739/3537 3546/3746/3544 3574/3774/3572
f 3575/3775/3573 3572/3772/3570 3573/3773/3571
f 3575/3775/3573 3576/3776/3574 3572/3772/3570
f 3577/3777/3575 3575/3775/3573 3573/3773/3571
f 3578/3778/3576 3575/3775/3573 3577/3777/3575
f 3579/3779/3577 3568/3768/3566 3572/3772/3570
f 3579/3779/3577 3572/3772/3570 3576/3776/3574
f 3578/3778/3576 3580/3780/3578 3575/3775/3573
f 3580/3780/3578 3576/3776/3574 3575/3775/3573
f 3568/3768/3566 3579/3779/3577 3581/3781/3579
f 3562/3762/3560 3568/3768/3566 3581/3781/3579
f 3578/3778/3576 3582/3782/3580 3580/3780/3578
f 3582/3782/3580 3578/3778/3576 3583/3783/3581
f 3584/3784/3582 3582/3782/3580 3583/3783/3581
f 3585/3785/3583 3582/3782/3580 3584/3784/3582
f 3586/3786/3584 3585/3785/3583 3584/3784/3582
f 3587/3787/3585 3580/3780/3578 3582/3782/3580
f 3585/3785/3583 3587/3787/3585 3582/3782/3580
f 3576/3776/3574 3588/3788/3586 3579/3779/3577
f 3581/3781/3579 3579/3779/3577 3588/3788/3586
f 3581/3781/3579 3589/3789/3587 3562/3762/3560
f 3562/3762/3560 3589/3789/3587 3564/3764/3562
f 3588/3788/3586 3590/3790/3588 3581/3781/3579
f 3590/3790/3588 3589/3789/3587 3581/3781/3579
f 3589/3789/3587 3591/3791/3589 3564/3764/3562
f 3564/3764/3562 3591/3791/3589 3570/3770/3568
f 3586/3786/3584 3592/3792/3590 3585/3785/3583
f 3593/3793/3591 3592/3792/3590 3586/3786/3584
f 3594/3794/3592 3592/3792/3590 3593/3793/3591
f 3595/3795/3593 3594/3794/3592 3593/3793/3591
f 3596/3796/3594 3585/3785/3583 3592/3792/3590
f 3594/3794/3592 3596/3796/3594 3592/3792/3590
f 3597/3797/3595 3594/3794/3592 3595/3795/3593
f 3598/3798/3596 3597/3797/3595 3595/3795/3593
f 3599/3799/3597 3590/3790/3588 3588/3788/3586
f 3576/3776/3574 3599/3799/3597 3588/3788/3586
f 3591/3791/3589 3600/3800/3598 3570/3770/3568
f 3600/3800/3598 3557/3757/3555 3570/3770/3568
f 3601/3801/3599 3585/3785/3583 3596/3796/3594
f 3585/3785/3583 3601/3801/3599 3587/3787/3585
f 3596/3796/3594 3594/3794/3592 3602/3802/3600
f 3594/3794/3592 3597/3797/3595 3602/3802/3600
f 3557/3757/3555 3600/3800/3598 3603/3803/3601
f 3603/3803/3601 3567/3767/3565 3557/3757/3555
f 3567/3767/3565 3603/3803/3601 3604/3804/3602
f 3604/3804/3602 3566/3766/3564 3567/3767/3565
f 3605/3805/3603 3603/3803/3601 3600/3800/3598
f 3605/3805/3603 3604/3804/3602 3603/3803/3601
f 3606/3806/3604 3600/3800/3598 3591/3791/3589
f 3605/3805/3603 3600/3800/3598 3606/3806/3604
f 3607/3807/3605 3601/3801/3599 3596/3796/3594
f 3602/3802/3600 3607/3807/3605 3596/3796/3594
f 3608/3808/3606 3606/3806/3604 3591/3791/3589
f 3589/3789/3587 3608/3808/3606 3591/3791/3589
f 3589/3789/3587 3590/3790/3588 3608/3808/3606
f 3609/3809/3607 3608/3808/3606 3590/3790/3588
f 3590/3790/3588 3599/3799/3597 3609/3809/3607
f 3606/3806/3604 3608/3808/3606 3610/3810/3608
f 3608/3808/3606 3609/3809/3607 3610/3810/3608
f 3610/3810/3608 3611/3811/3609 3606/3806/3604
f 3611/3811/3609 3605/3805/3603 3606/3806/3604
f 3609/3809/3607 3612/3812/3610 3610/3810/3608
f 3611/3811/3609 3610/3810/3608 3612/3812/3610
f 3599/3799/3597 3613/3813/3611 3609/3809/3607
f 3612/3812/3610 3609/3809/3607 3613/3813/3611
f 3613/3813/3611 3599/3799/3597 3614/3814/3612
f 3576/3776/3574 3614/3814/3612 3599/3799/3597
f 3614/3814/3612 3576/3776/3574 3615/3815/3613
f 3576/3776/3574 3580/3780/3578 3615/3815/3613
f 3580/3780/3578 3587/3787/3585 3615/3815/3613
f 3587/3787/3585 3614/3814/3612 3615/3815/3613
f 3614/3814/3612 3587/3787/3585 3616/3816/3614
f 3616/3816/3614 3613/3813/3611 3614/3814/3612
f 3601/3801/3599 3616/3816/3614 3587/3787/3585
f 3605/3805/3603 3611/3811/3609 3617/3817/3615
f 3618/3818/3616 3611/3811/3609 3612/3812/3610
f 3618/3818/3616 3617/3817/3615 3611/3811/3609
f 3619/3819/3617 3612/3812/3610 3613/3813/3611
f 3619/3819/3617 3618/3818/3616 3612/3812/3610
f 3613/3813/3611 3616/3816/3614 3620/3820/3618
f 3620/3820/3618 3619/3819/3617 3613/3813/3611
f 3617/3817/3615 3621/3821/3619 3605/3805/3603
f 3605/3805/3603 3621/3821/3619 3604/3804/3602
f 3621/3821/3619 3622/3822/3620 3604/3804/3602
f 3566/3766/3564 3604/3804/3602 3622/3822/3620
f 3623/3823/3621 3616/3816/3614 3601/3801/3599
f 3616/3816/3614 3624/3824/3622 3620/3820/3618
f 3624/3824/3622 3616/3816/3614 3623/3823/3621
f 3620/3820/3618 3625/3825/3623 3619/3819/3617
f 3625/3825/3623 3620/3820/3618 3624/3824/3622
f 3619/3819/3617 3626/3826/3624 3618/3818/3616
f 3626/3826/3624 3619/3819/3617 3625/3825/3623
f 3618/3818/3616 3627/3827/3625 3617/3817/3615
f 3627/3827/3625 3618/3818/3616 3626/3826/3624
f 3628/3828/3626 3623/3823/3621 3601/3801/3599
f 3601/3801/3599 3607/3807/3605 3628/3828/3626
f 3623/3823/3621 3629/3829/3627 3624/3824/3622
f 3628/3828/3626 3630/3830/3628 3623/3823/3621
f 3629/3829/3627 3623/3823/3621 3630/3830/3628
f 3625/3825/3623 3624/3824/3622 3631/3831/3629
f 3631/3831/3629 3624/3824/3622 3629/3829/3627
f 3632/3832/3630 3628/3828/3626 3607/3807/3605
f 3632/3832/3630 3630/3830/3628 3628/3828/3626
f 3617/3817/3615 3627/3827/3625 3633/3833/3631
f 3626/3826/3624 3634/3834/3632 3627/3827/3625
f 3634/3834/3632 3633/3833/3631 3627/3827/3625
f 3633/3833/3631 3635/3835/3633 3617/3817/3615
f 3617/3817/3615 3635/3835/3633 3621/3821/3619
f 3621/3821/3619 3635/3835/3633 3636/3836/3634
f 3636/3836/3634 3622/3822/3620 3621/3821/3619
f 3631/3831/3629 3629/3829/3627 3637/3837/3635
f 3638/3838/3636 3629/3829/3627 3630/3830/3628
f 3637/3837/3635 3629/3829/3627 3638/3838/3636
f 3637/3837/3635 3639/3839/3637 3631/3831/3629
f 3639/3839/3637 3625/3825/3623 3631/3831/3629
f 3626/3826/3624 3625/3825/3623 3640/3840/3638
f 3625/3825/3623 3639/3839/3637 3640/3840/3638
f 3641/3841/3639 3639/3839/3637 3637/3837/3635
f 3637/3837/3635 3638/3838/3636 3641/3841/3639
f 3642/3842/3640 3638/3838/3636 3630/3830/3628
f 3632/3832/3630 3642/3842/3640 3630/3830/3628
f 3643/3843/3641 3638/3838/3636 3642/3842/3640
f 3632/3832/3630 3643/3843/3641 3642/3842/3640
f 3640/3840/3638 3644/3844/3642 3626/3826/3624
f 3634/3834/3632 3626/3826/3624 3644/3844/3642
f 3645/3845/3643 3640/3840/3638 3639/3839/3637
f 3641/3841/3639 3645/3845/3643 3639/3839/3637
f 3638/3838/3636 3646/3846/3644 3641/3841/3639
f 3638/3838/3636 3643/3843/3641 3646/3846/3644
f 3643/3843/3641 3632/3832/3630 3647/3847/3645
f 3607/3807/3605 3647/3847/3645 3632/3832/3630
f 3607/3807/3605 3648/3848/3646 3647/3847/3645
f 3607/3807/3605 3602/3802/3600 3648/3848/3646
f 3647/3847/3645 3649/3849/3647 3643/3843/3641
f 3648/3848/3646 3649/3849/3647 3647/3847/3645
f 3650/3850/3648 3648/3848/3646 3602/3802/3600
f 3650/3850/3648 3649/3849/3647 3648/3848/3646
f 3650/3850/3648 3602/3802/3600 3597/3797/3595
f 3651/3851/3649 3643/3843/3641 3649/3849/3647
f 3643/3843/3641 3651/3851/3649 3646/3846/3644
f 3646/3846/3644 3652/3852/3650 3641/3841/3639
f 3652/3852/3650 3645/3845/3643 3641/3841/3639
f 3653/3853/3651 3650/3850/3648 3597/3797/3595
f 3653/3853/3651 3597/3797/3595 3598/3798/3596
f 3654/3854/3652 3653/3853/3651 3598/3798/3596
f 3655/3855/3653 3649/3849/3647 3650/3850/3648
f 3655/3855/3653 3650/3850/3648 3653/3853/3651
f 3649/3849/3647 3655/3855/3653 3651/3851/3649
f 3654/3854/3652 3656/3856/3654 3653/3853/3651
f 3656/3856/3654 3655/3855/3653 3653/3853/3651
f 3657/3857/3655 3656/3856/3654 3654/3854/3652
f 3646/3846/3644 3651/3851/3649 3658/3858/3656
f 3652/3852/3650 3646/3846/3644 3658/3858/3656
f 3659/3859/3657 3651/3851/3649 3655/3855/3653
f 3656/3856/3654 3659/3859/3657 3655/3855/3653
f 3659/3859/3657 3658/3858/3656 3651/3851/3649
f 3660/3860/3658 3656/3856/3654 3657/3857/3655
f 3660/3860/3658 3659/3859/3657 3656/3856/3654
f 3661/3861/3659 3660/3860/3658 3657/3857/3655
f 3658/3858/3656 3659/3859/3657 3662/3862/3660
f 3660/3860/3658 3662/3862/3660 3659/3859/3657
f 3658/3858/3656 3663/3863/3661 3652/3852/3650
f 3662/3862/3660 3663/3863/3661 3658/3858/3656
f 3660/3860/3658 3661/3861/3659 3664/3864/3662
f 3660/3860/3658 3664/3864/3662 3662/3862/3660
f 3665/3865/3663 3664/3864/3662 3661/3861/3659
f 3666/3866/3664 3665/3865/3663 3661/3861/3659
f 3667/3867/3665 3662/3862/3660 3664/3864/3662
f 3662/3862/3660 3667/3867/3665 3663/3863/3661
f 3665/3865/3663 3667/3867/3665 3664/3864/3662
f 3652/3852/3650 3663/3863/3661 3668/3868/3666
f 3645/3845/3643 3652/3852/3650 3668/3868/3666
f 3666/3866/3664 3669/3869/3667 3665/3865/3663
f 3669/3869/3667 3666/3866/3664 3670/3870/3668
f 3671/3871/3669 3669/3869/3667 3670/3870/3668
f 3665/3865/3663 3672/3872/3670 3667/3867/3665
f 3669/3869/3667 3672/3872/3670 3665/3865/3663
f 3673/3873/3671 3663/3863/3661 3667/3867/3665
f 3663/3863/3661 3673/3873/3671 3668/3868/3666
f 3672/3872/3670 3673/3873/3671 3667/3867/3665
f 3668/3868/3666 3674/3874/3672 3645/3845/3643
f 3668/3868/3666 3673/3873/3671 3674/3874/3672
f 3675/3875/3673 3669/3869/3667 3671/3871/3669
f 3676/3876/3674 3675/3875/3673 3671/3871/3669
f 3672/3872/3670 3677/3877/3675 3673/3873/3671
f 3673/3873/3671 3677/3877/3675 3674/3874/3672
f 3678/3878/3676 3672/3872/3670 3669/3869/3667
f 3675/3875/3673 3678/3878/3676 3669/3869/3667
f 3672/3872/3670 3678/3878/3676 3677/3877/3675
f 3645/3845/3643 3674/3874/3672 3679/3879/3677
f 3640/3840/3638 3645/3845/3643 3679/3879/3677
f 3677/3877/3675 3680/3880/3678 3674/3874/3672
f 3680/3880/3678 3679/3879/3677 3674/3874/3672
f 3681/3881/3679 3640/3840/3638 3679/3879/3677
f 3679/3879/3677 3680/3880/3678 3681/3881/3679
f 3640/3840/3638 3681/3881/3679 3644/3844/3642
f 3682/3882/3680 3677/3877/3675 3678/3878/3676
f 3677/3877/3675 3682/3882/3680 3680/3880/3678
f 3680/3880/3678 3683/3883/3681 3681/3881/3679
f 3682/3882/3680 3683/3883/3681 3680/3880/3678
f 3644/3844/3642 3681/3881/3679 3684/3884/3682
f 3683/3883/3681 3684/3884/3682 3681/3881/3679
f 3678/3878/3676 3685/3885/3683 3682/3882/3680
f 3685/3885/3683 3678/3878/3676 3675/3875/3673
f 3682/3882/3680 3686/3886/3684 3683/3883/3681
f 3686/3886/3684 3682/3882/3680 3685/3885/3683
f 3644/3844/3642 3684/3884/3682 3687/3887/3685
f 3634/3834/3632 3644/3844/3642 3687/3887/3685
f 3688/3888/3686 3634/3834/3632 3687/3887/3685
f 3633/3833/3631 3634/3834/3632 3688/3888/3686
f 3683/3883/3681 3689/3889/3687 3684/3884/3682
f 3686/3886/3684 3689/3889/3687 3683/3883/3681
f 3684/3884/3682 3690/3890/3688 3687/3887/3685
f 3690/3890/3688 3688/3888/3686 3687/3887/3685
f 3684/3884/3682 3689/3889/3687 3691/3891/3689
f 3690/3890/3688 3684/3884/3682 3691/3891/3689
f 3691/3891/3689 3692/3892/3690 3690/3890/3688
f 3688/3888/3686 3690/3890/3688 3693/3893/3691
f 3693/3893/3691 3690/3890/3688 3692/3892/3690
f 3694/3894/3692 3686/3886/3684 3685/3885/3683
f 3686/3886/3684 3695/3895/3693 3689/3889/3687
f 3695/3895/3693 3686/3886/3684 3694/3894/3692
f 3689/3889/3687 3696/3896/3694 3691/3891/3689
f 3695/3895/3693 3696/3896/3694 3689/3889/3687
f 3692/3892/3690 3691/3891/3689 3697/3897/3695
f 3696/3896/3694 3697/3897/3695 3691/3891/3689
f 3694/3894/3692 3685/3885/3683 3698/3898/3696
f 3675/3875/3673 3698/3898/3696 3685/3885/3683
f 3698/3898/3696 3675/3875/3673 3699/3899/3697
f 3675/3875/3673 3676/3876/3674 3699/3899/3697
f 3700/3900/3698 3699/3899/3697 3676/3876/3674
f 3700/3900/3698 3701/3901/3699 3699/3899/3697
f 3702/3902/3700 3701/3901/3699 3700/3900/3698
f 3699/3899/3697 3703/3903/3701 3698/3898/3696
f 3703/3903/3701 3699/3899/3697 3701/3901/3699
f 3702/3902/3700 3704/3904/3702 3701/3901/3699
f 3704/3904/3702 3703/3903/3701 3701/3901/3699
f 3705/3905/3703 3704/3904/3702 3702/3902/3700
f 3706/3906/3704 3705/3905/3703 3702/3902/3700
f 187/515/187 3705/3905/3703 3706/3906/3704
f 495/510/495 3705/3905/3703 187/515/187
f 3705/3905/3703 3707/3907/3705 3704/3904/3702
f 3703/3903/3701 3704/3904/3702 3707/3907/3705
f 3708/3908/3706 3698/3898/3696 3703/3903/3701
f 3708/3908/3706 3694/3894/3692 3698/3898/3696
f 3705/3905/3703 495/510/495 3709/3909/3707
f 3707/3907/3705 3705/3905/3703 3709/3909/3707
f 3708/3908/3706 3703/3903/3701 3710/3910/3708
f 3710/3910/3708 3703/3903/3701 3707/3907/3705
f 3711/3911/3709 3694/3894/3692 3708/3908/3706
f 3711/3911/3709 3708/3908/3706 3710/3910/3708
f 495/510/495 3712/3912/3710 3709/3909/3707
f 495/510/495 491/506/491 3712/3912/3710
f 3707/3907/3705 3709/3909/3707 3713/3913/3711
f 3707/3907/3705 3713/3913/3711 3710/3910/3708
f 3712/3912/3710 3713/3913/3711 3709/3909/3707
f 491/506/491 3714/3914/3712 3712/3912/3710
f 491/506/491 484/499/484 3714/3914/3712
f 3710/3910/3708 3713/3913/3711 3715/3915/3713
f 3715/3915/3713 3711/3911/3709 3710/3910/3708
f 3713/3913/3711 3712/3912/3710 3716/3916/3714
f 3714/3914/3712 3716/3916/3714 3712/3912/3710
f 3716/3916/3714 3715/3915/3713 3713/3913/3711
f 484/499/484 3717/3917/3715 3714/3914/3712
f 484/499/484 483/498/483 3717/3917/3715
f 3714/3914/3712 3718/3918/3716 3716/3916/3714
f 3714/3914/3712 3717/3917/3715 3718/3918/3716
f 3715/3915/3713 3716/3916/3714 3719/3919/3717
f 3718/3918/3716 3719/3919/3717 3716/3916/3714
f 3717/3917/3715 483/498/483 3720/3920/3718
f 483/498/483 458/473/458 3720/3920/3718
f 3721/3921/3719 3711/3911/3709 3715/3915/3713
f 3715/3915/3713 3719/3919/3717 3721/3921/3719
f 3717/3917/3715 3722/3922/3720 3718/3918/3716
f 3720/3920/3718 3722/3922/3720 3717/3917/3715
f 458/473/458 3723/3923/3721 3720/3920/3718
f 3723/3923/3721 458/473/458 454/469/454
f 447/462/447 3723/3923/3721 454/469/454
f 3722/3922/3720 3720/3920/3718 3724/3924/3722
f 3724/3924/3722 3720/3920/3718 3723/3923/3721
f 3722/3922/3720 3725/3925/3723 3718/3918/3716
f 3725/3925/3723 3722/3922/3720 3724/3924/3722
f 3719/3919/3717 3718/3918/3716 3726/3926/3724
f 3725/3925/3723 3726/3926/3724 3718/3918/3716
f 3719/3919/3717 3726/3926/3724 3727/3927/3725
f 3719/3919/3717 3727/3927/3725 3721/3921/3719
f 3725/3925/3723 3728/3928/3726 3726/3926/3724
f 3726/3926/3724 3728/3928/3726 3727/3927/3725
f 3723/3923/3721 447/462/447 3729/3929/3727
f 3724/3924/3722 3723/3923/3721 3730/3930/3728
f 3723/3923/3721 3729/3929/3727 3730/3930/3728
f 3731/3931/3729 3725/3925/3723 3724/3924/3722
f 3730/3930/3728 3731/3931/3729 3724/3924/3722
f 3729/3929/3727 447/462/447 3732/3932/3730
f 3732/3932/3730 447/462/447 437/452/437
f 3732/3932/3730 3733/3933/3731 3729/3929/3727
f 3730/3930/3728 3729/3929/3727 3733/3933/3731
f 3734/3934/3732 3732/3932/3730 437/452/437
f 3734/3934/3732 3733/3933/3731 3732/3932/3730
f 436/451/436 3734/3934/3732 437/452/437
f 3734/3934/3732 436/451/436 3735/3935/3733
f 3735/3935/3733 436/451/436 426/441/426
f 3733/3933/3731 3734/3934/3732 3736/3936/3734
f 3736/3936/3734 3734/3934/3732 3735/3935/3733
f 3730/3930/3728 3733/3933/3731 3737/3937/3735
f 3736/3936/3734 3737/3937/3735 3733/3933/3731
f 3735/3935/3733 426/441/426 3738/3938/3736
f 426/441/426 3494/3694/3492 3738/3938/3736
f 3739/3939/3737 3735/3935/3733 3738/3938/3736
f 3736/3936/3734 3735/3935/3733 3739/3939/3737
f 3738/3938/3736 3494/3694/3492 3740/3940/3738
f 3739/3939/3737 3738/3938/3736 3740/3940/3738
f 3501/3701/3499 3740/3940/3738 3494/3694/3492
f 3501/3701/3499 3741/3941/3739 3740/3940/3738
f 3741/3941/3739 3501/3701/3499 3500/3700/3498
f 3740/3940/3738 3742/3942/3740 3739/3939/3737
f 3742/3942/3740 3740/3940/3738 3741/3941/3739
f 3739/3939/3737 3743/3943/3741 3736/3936/3734
f 3743/3943/3741 3739/3939/3737 3742/3942/3740
f 3744/3944/3742 3741/3941/3739 3500/3700/3498
f 3500/3700/3498 3499/3699/3497 3744/3944/3742
f 3737/3937/3735 3736/3936/3734 3745/3945/3743
f 3743/3943/3741 3745/3945/3743 3736/3936/3734
f 3746/3946/3744 3742/3942/3740 3741/3941/3739
f 3741/3941/3739 3744/3944/3742 3746/3946/3744
f 3747/3947/3745 3744/3944/3742 3499/3699/3497
f 3499/3699/3497 3496/3696/3494 3747/3947/3745
f 3748/3948/3746 3746/3946/3744 3744/3944/3742
f 3744/3944/3742 3747/3947/3745 3748/3948/3746
f 3742/3942/3740 3746/3946/3744 3749/3949/3747
f 3746/3946/3744 3748/3948/3746 3636/3836/3634
f 3749/3949/3747 3746/3946/3744 3636/3836/3634
f 3622/3822/3620 3636/3836/3634 3748/3948/3746
f 3747/3947/3745 3622/3822/3620 3748/3948/3746
f 3636/3836/3634 3635/3835/3633 3749/3949/3747
f 3750/3950/3748 3742/3942/3740 3749/3949/3747
f 3750/3950/3748 3749/3949/3747 3635/3835/3633
f 3742/3942/3740 3750/3950/3748 3743/3943/3741
f 3635/3835/3633 3633/3833/3631 3750/3950/3748
f 3622/3822/3620 3747/3947/3745 3751/3951/3749
f 3496/3696/3494 3751/3951/3749 3747/3947/3745
f 3751/3951/3749 3566/3766/3564 3622/3822/3620
f 3752/3952/3750 3750/3950/3748 3633/3833/3631
f 3752/3952/3750 3743/3943/3741 3750/3950/3748
f 3633/3833/3631 3688/3888/3686 3752/3952/3750
f 3751/3951/3749 3496/3696/3494 3753/3953/3751
f 3496/3696/3494 3495/3695/3493 3753/3953/3751
f 3566/3766/3564 3751/3951/3749 3754/3954/3752
f 3753/3953/3751 3754/3954/3752 3751/3951/3749
f 3571/3771/3569 3566/3766/3564 3754/3954/3752
f 3495/3695/3493 3755/3955/3753 3753/3953/3751
f 3754/3954/3752 3753/3953/3751 3755/3955/3753
f 3755/3955/3753 3495/3695/3493 3497/3697/3495
f 3754/3954/3752 3756/3956/3754 3571/3771/3569
f 3755/3955/3753 3756/3956/3754 3754/3954/3752
f 3756/3956/3754 3574/3774/3572 3571/3771/3569
f 3497/3697/3495 3757/3957/3755 3755/3955/3753
f 3756/3956/3754 3755/3955/3753 3757/3957/3755
f 3574/3774/3572 3756/3956/3754 3758/3958/3756
f 3758/3958/3756 3756/3956/3754 3757/3957/3755
f 3758/3958/3756 3539/3739/3537 3574/3774/3572
f 3757/3957/3755 3497/3697/3495 3759/3959/3757
f 3497/3697/3495 3498/3698/3496 3759/3959/3757
f 3539/3739/3537 3758/3958/3756 3760/3960/3758
f 3539/3739/3537 3760/3960/3758 3526/3726/3524
f 3761/3961/3759 3758/3958/3756 3757/3957/3755
f 3759/3959/3757 3761/3961/3759 3757/3957/3755
f 3761/3961/3759 3760/3960/3758 3758/3958/3756
f 3498/3698/3496 3762/3962/3760 3759/3959/3757
f 3761/3961/3759 3759/3959/3757 3762/3962/3760
f 3762/3962/3760 3498/3698/3496 3505/3705/3503
f 3763/3963/3761 3526/3726/3524 3760/3960/3758
f 3760/3960/3758 3761/3961/3759 3763/3963/3761
f 3526/3726/3524 3763/3963/3761 3512/3712/3510
f 3763/3963/3761 3508/3708/3506 3512/3712/3510
f 3761/3961/3759 3762/3962/3760 3764/3964/3762
f 3764/3964/3762 3762/3962/3760 3505/3705/3503
f 3764/3964/3762 3763/3963/3761 3761/3961/3759
f 3508/3708/3506 3763/3963/3761 3764/3964/3762
f 3505/3705/3503 3508/3708/3506 3764/3964/3762
f 3693/3893/3691 3765/3965/3763 3688/3888/3686
f 3765/3965/3763 3752/3952/3750 3688/3888/3686
f 3693/3893/3691 3766/3966/3764 3765/3965/3763
f 3767/3967/3765 3766/3966/3764 3693/3893/3691
f 3693/3893/3691 3692/3892/3690 3767/3967/3765
f 3752/3952/3750 3765/3965/3763 3768/3968/3766
f 3765/3965/3763 3766/3966/3764 3769/3969/3767
f 3765/3965/3763 3769/3969/3767 3768/3968/3766
f 3752/3952/3750 3768/3968/3766 3770/3970/3768
f 3743/3943/3741 3752/3952/3750 3770/3970/3768
f 3743/3943/3741 3770/3970/3768 3745/3945/3743
f 3771/3971/3769 3770/3970/3768 3768/3968/3766
f 3770/3970/3768 3771/3971/3769 3745/3945/3743
f 3772/3972/3770 3768/3968/3766 3769/3969/3767
f 3771/3971/3769 3768/3968/3766 3772/3972/3770
f 3769/3969/3767 3766/3966/3764 3773/3973/3771
f 3773/3973/3771 3772/3972/3770 3769/3969/3767
f 3767/3967/3765 3774/3974/3772 3766/3966/3764
f 3774/3974/3772 3773/3973/3771 3766/3966/3764
f 3775/3975/3773 3745/3945/3743 3771/3971/3769
f 3745/3945/3743 3775/3975/3773 3737/3937/3735
f 3692/3892/3690 3776/3976/3774 3767/3967/3765
f 3776/3976/3774 3774/3974/3772 3767/3967/3765
f 3772/3972/3770 3777/3977/3775 3771/3971/3769
f 3775/3975/3773 3771/3971/3769 3777/3977/3775
f 3737/3937/3735 3775/3975/3773 3778/3978/3776
f 3730/3930/3728 3737/3937/3735 3778/3978/3776
f 3731/3931/3729 3730/3930/3728 3778/3978/3776
f 3779/3979/3777 3778/3978/3776 3775/3975/3773
f 3779/3979/3777 3775/3975/3773 3777/3977/3775
f 3779/3979/3777 3731/3931/3729 3778/3978/3776
f 3772/3972/3770 3773/3973/3771 3780/3980/3778
f 3774/3974/3772 3781/3981/3779 3773/3973/3771
f 3781/3981/3779 3780/3980/3778 3773/3973/3771
f 3772/3972/3770 3782/3982/3780 3777/3977/3775
f 3782/3982/3780 3772/3972/3770 3780/3980/3778
f 3777/3977/3775 3783/3983/3781 3779/3979/3777
f 3783/3983/3781 3777/3977/3775 3782/3982/3780
f 3784/3984/3782 3731/3931/3729 3779/3979/3777
f 3784/3984/3782 3779/3979/3777 3783/3983/3781
f 3782/3982/3780 3780/3980/3778 3785/3985/3783
f 3780/3980/3778 3781/3981/3779 3785/3985/3783
f 3786/3986/3784 3781/3981/3779 3774/3974/3772
f 3776/3976/3774 3786/3986/3784 3774/3974/3772
f 3787/3987/3785 3731/3931/3729 3784/3984/3782
f 3731/3931/3729 3787/3987/3785 3725/3925/3723
f 3728/3928/3726 3725/3925/3723 3787/3987/3785
f 3783/3983/3781 3782/3982/3780 3788/3988/3786
f 3782/3982/3780 3785/3985/3783 3788/3988/3786
f 3785/3985/3783 3781/3981/3779 3789/3989/3787
f 3786/3986/3784 3789/3989/3787 3781/3981/3779
f 3788/3988/3786 3785/3985/3783 3790/3990/3788
f 3789/3989/3787 3790/3990/3788 3785/3985/3783
f 3791/3991/3789 3786/3986/3784 3776/3976/3774
f 3792/3992/3790 3789/3989/3787 3786/3986/3784
f 3791/3991/3789 3792/3992/3790 3786/3986/3784
f 3776/3976/3774 3793/3993/3791 3791/3991/3789
f 3793/3993/3791 3776/3976/3774 3692/3892/3690
f 3793/3993/3791 3692/3892/3690 3794/3994/3792
f 3692/3892/3690 3697/3897/3695 3794/3994/3792
f 3697/3897/3695 3795/3995/3793 3794/3994/3792
f 3795/3995/3793 3697/3897/3695 3696/3896/3694
f 3696/3896/3694 3796/3996/3794 3795/3995/3793
f 3796/3996/3794 3696/3896/3694 3695/3895/3693
f 3797/3997/3795 3796/3996/3794 3695/3895/3693
f 3797/3997/3795 3695/3895/3693 3694/3894/3692
f 3694/3894/3692 3711/3911/3709 3797/3997/3795
f 3798/3998/3796 3797/3997/3795 3711/3911/3709
f 3798/3998/3796 3711/3911/3709 3721/3921/3719
f 3796/3996/3794 3797/3997/3795 3799/3999/3797
f 3798/3998/3796 3799/3999/3797 3797/3997/3795
f 3795/3995/3793 3796/3996/3794 3800/4000/3798
f 3796/3996/3794 3799/3999/3797 3800/4000/3798
f 3801/4001/3799 3794/3994/3792 3795/3995/3793
f 3795/3995/3793 3800/4000/3798 3801/4001/3799
f 3793/3993/3791 3794/3994/3792 3802/4002/3800
f 3794/3994/3792 3801/4001/3799 3802/4002/3800
f 3798/3998/3796 3721/3921/3719 3803/4003/3801
f 3803/4003/3801 3799/3999/3797 3798/3998/3796
f 3804/4004/3802 3800/4000/3798 3799/3999/3797
f 3799/3999/3797 3803/4003/3801 3804/4004/3802
f 3805/4005/3803 3801/4001/3799 3800/4000/3798
f 3800/4000/3798 3804/4004/3802 3805/4005/3803
f 3802/4002/3800 3806/4006/3804 3793/3993/3791
f 3806/4006/3804 3791/3991/3789 3793/3993/3791
f 3807/4007/3805 3802/4002/3800 3801/4001/3799
f 3801/4001/3799 3805/4005/3803 3807/4007/3805
f 3808/4008/3806 3803/4003/3801 3721/3921/3719
f 3808/4008/3806 3721/3921/3719 3727/3927/3725
f 3809/4009/3807 3808/4008/3806 3727/3927/3725
f 3728/3928/3726 3809/4009/3807 3727/3927/3725
f 3810/4010/3808 3803/4003/3801 3808/4008/3806
f 3808/4008/3806 3809/4009/3807 3810/4010/3808
f 3804/4004/3802 3803/4003/3801 3811/4011/3809
f 3803/4003/3801 3810/4010/3808 3811/4011/3809
f 3812/4012/3810 3805/4005/3803 3804/4004/3802
f 3811/4011/3809 3812/4012/3810 3804/4004/3802
f 3813/4013/3811 3809/4009/3807 3728/3928/3726
f 3787/3987/3785 3813/4013/3811 3728/3928/3726
f 3810/4010/3808 3809/4009/3807 3814/4014/3812
f 3813/4013/3811 3814/4014/3812 3809/4009/3807
f 3815/4015/3813 3811/4011/3809 3810/4010/3808
f 3810/4010/3808 3814/4014/3812 3815/4015/3813
f 3816/4016/3814 3813/4013/3811 3787/3987/3785
f 3784/3984/3782 3816/4016/3814 3787/3987/3785
f 3814/4014/3812 3813/4013/3811 3817/4017/3815
f 3816/4016/3814 3817/4017/3815 3813/4013/3811
f 3805/4005/3803 3812/4012/3810 3818/4018/3816
f 3818/4018/3816 3807/4007/3805 3805/4005/3803
f 3812/4012/3810 3811/4011/3809 3819/4019/3817
f 3811/4011/3809 3815/4015/3813 3819/4019/3817
f 3819/4019/3817 3820/4020/3818 3812/4012/3810
f 3820/4020/3818 3818/4018/3816 3812/4012/3810
f 3816/4016/3814 3784/3984/3782 3821/4021/3819
f 3783/3983/3781 3821/4021/3819 3784/3984/3782
f 3822/4022/3820 3821/4021/3819 3783/3983/3781
f 3783/3983/3781 3788/3988/3786 3822/4022/3820
f 3823/4023/3821 3816/4016/3814 3821/4021/3819
f 3821/4021/3819 3822/4022/3820 3823/4023/3821
f 3788/3988/3786 3824/4024/3822 3822/4022/3820
f 3824/4024/3822 3823/4023/3821 3822/4022/3820
f 3823/4023/3821 3825/4025/3823 3816/4016/3814
f 3817/4017/3815 3816/4016/3814 3825/4025/3823
f 3815/4015/3813 3826/4026/3824 3819/4019/3817
f 3826/4026/3824 3820/4020/3818 3819/4019/3817
f 3824/4024/3822 3788/3988/3786 3827/4027/3825
f 3788/3988/3786 3790/3990/3788 3827/4027/3825
f 3823/4023/3821 3824/4024/3822 3828/4028/3826
f 3825/4025/3823 3823/4023/3821 3828/4028/3826
f 3827/4027/3825 3829/4029/3827 3824/4024/3822
f 3829/4029/3827 3828/4028/3826 3824/4024/3822
f 3830/4030/3828 3827/4027/3825 3790/3990/3788
f 3829/4029/3827 3827/4027/3825 3830/4030/3828
f 3790/3990/3788 3831/4031/3829 3830/4030/3828
f 3790/3990/3788 3789/3989/3787 3831/4031/3829
f 3830/4030/3828 3832/4032/3830 3829/4029/3827
f 3831/4031/3829 3832/4032/3830 3830/4030/3828
f 3789/3989/3787 3833/4033/3831 3831/4031/3829
f 3833/4033/3831 3832/4032/3830 3831/4031/3829
f 3792/3992/3790 3833/4033/3831 3789/3989/3787
f 3829/4029/3827 3834/4034/3832 3828/4028/3826
f 3834/4034/3832 3829/4029/3827 3832/4032/3830
f 3828/4028/3826 3835/4035/3833 3825/4025/3823
f 3834/4034/3832 3835/4035/3833 3828/4028/3826
f 3832/4032/3830 3836/4036/3834 3834/4034/3832
f 3835/4035/3833 3834/4034/3832 3836/4036/3834
f 3835/4035/3833 3837/4037/3835 3825/4025/3823
f 3836/4036/3834 3837/4037/3835 3835/4035/3833
f 3837/4037/3835 3817/4017/3815 3825/4025/3823
f 3838/4038/3836 3832/4032/3830 3833/4033/3831
f 3836/4036/3834 3832/4032/3830 3838/4038/3836
f 3833/4033/3831 3792/3992/3790 3839/4039/3837
f 3839/4039/3837 3838/4038/3836 3833/4033/3831
f 3837/4037/3835 3836/4036/3834 3840/4040/3838
f 3838/4038/3836 3840/4040/3838 3836/4036/3834
f 3837/4037/3835 3841/4041/3839 3817/4017/3815
f 3840/4040/3838 3841/4041/3839 3837/4037/3835
f 3817/4017/3815 3841/4041/3839 3814/4014/3812
f 3815/4015/3813 3814/4014/3812 3841/4041/3839
f 3840/4040/3838 3838/4038/3836 3842/4042/3840
f 3839/4039/3837 3842/4042/3840 3838/4038/3836
f 3843/4043/3841 3839/4039/3837 3792/3992/3790
f 3843/4043/3841 3792/3992/3790 3791/3991/3789
f 3791/3991/3789 3806/4006/3804 3843/4043/3841
f 3841/4041/3839 3844/4044/3842 3815/4015/3813
f 3826/4026/3824 3815/4015/3813 3844/4044/3842
f 3841/4041/3839 3840/4040/3838 3845/4045/3843
f 3842/4042/3840 3845/4045/3843 3840/4040/3838
f 3844/4044/3842 3841/4041/3839 3845/4045/3843
f 3846/4046/3844 3842/4042/3840 3839/4039/3837
f 3839/4039/3837 3843/4043/3841 3846/4046/3844
f 3845/4045/3843 3842/4042/3840 3847/4047/3845
f 3847/4047/3845 3844/4044/3842 3845/4045/3843
f 3846/4046/3844 3847/4047/3845 3842/4042/3840
f 3844/4044/3842 3847/4047/3845 3848/4048/3846
f 3844/4044/3842 3848/4048/3846 3826/4026/3824
f 3846/4046/3844 3848/4048/3846 3847/4047/3845
f 3843/4043/3841 3849/4049/3847 3846/4046/3844
f 3848/4048/3846 3846/4046/3844 3849/4049/3847
f 3850/4050/3848 3843/4043/3841 3806/4006/3804
f 3849/4049/3847 3843/4043/3841 3850/4050/3848
f 3826/4026/3824 3848/4048/3846 3851/4051/3849
f 3851/4051/3849 3820/4020/3818 3826/4026/3824
f 3848/4048/3846 3852/4052/3850 3851/4051/3849
f 3852/4052/3850 3820/4020/3818 3851/4051/3849
f 3848/4048/3846 3849/4049/3847 3852/4052/3850
f 3820/4020/3818 3852/4052/3850 3818/4018/3816
f 3818/4018/3816 3852/4052/3850 3853/4053/3851
f 3849/4049/3847 3853/4053/3851 3852/4052/3850
f 3818/4018/3816 3853/4053/3851 3807/4007/3805
f 3853/4053/3851 3849/4049/3847 3854/4054/3852
f 3854/4054/3852 3849/4049/3847 3850/4050/3848
f 3854/4054/3852 3807/4007/3805 3853/4053/3851
f 3855/4055/3853 3850/4050/3848 3806/4006/3804
f 3855/4055/3853 3854/4054/3852 3850/4050/3848
f 3807/4007/3805 3854/4054/3852 3855/4055/3853
f 3806/4006/3804 3802/4002/3800 3855/4055/3853
f 3802/4002/3800 3807/4007/3805 3855/4055/3853
f 2166/4056/2166 3856/4057/3854 2165/4058/2165
f 3856/4057/3854 2160/4059/2160 2165/4058/2165
f 3856/4057/3854 2166/4056/2166 3857/4060/3855
f 2166/4056/2166 3858/4061/3856 3857/4060/3855
f 3858/4061/3856 2166/4056/2166 2170/4062/2170
f 3859/4063/3857 3856/4057/3854 3857/4060/3855
f 3858/4061/3856 3859/4063/3857 3857/4060/3855
f 2170/4062/2170 3860/4064/3858 3858/4061/3856
f 3860/4064/3858 3859/4063/3857 3858/4061/3856
f 2170/4062/2170 2088/4065/2089 3860/4064/3858
f 3861/4066/3859 3860/4064/3858 2088/4065/2089
f 3861/4066/3859 3859/4063/3857 3860/4064/3858
f 2089/4067/2088 3861/4066/3859 2088/4065/2089
f 2160/4059/2160 3856/4057/3854 3862/4068/3860
f 3856/4057/3854 3859/4063/3857 3862/4068/3860
f 3863/4069/3861 3861/4066/3859 2089/4067/2088
f 2091/4070/2091 3863/4069/3861 2089/4067/2088
f 2095/4071/2095 3863/4069/3861 2091/4070/2091
f 3859/4063/3857 3861/4066/3859 3864/4072/3862
f 3862/4068/3860 3859/4063/3857 3864/4072/3862
f 3863/4069/3861 3864/4072/3862 3861/4066/3859
f 2160/4059/2160 3862/4068/3860 3865/4073/3863
f 3865/4073/3863 3862/4068/3860 3864/4072/3862
f 2150/4074/2150 2160/4059/2160 3865/4073/3863
f 3863/4069/3861 2095/4071/2095 3866/4075/3864
f 3866/4075/3864 2095/4071/2095 2109/4076/2109
f 3864/4072/3862 3863/4069/3861 3867/4077/3865
f 3865/4073/3863 3864/4072/3862 3867/4077/3865
f 3866/4075/3864 3867/4077/3865 3863/4069/3861
f 2150/4074/2150 3865/4073/3863 3868/4078/3866
f 3867/4077/3865 3868/4078/3866 3865/4073/3863
f 2147/4079/2147 2150/4074/2150 3868/4078/3866
f 3869/4080/3867 2147/4079/2147 3868/4078/3866
f 3867/4077/3865 3869/4080/3867 3868/4078/3866
f 3869/4080/3867 2146/4081/2146 2147/4079/2147
f 3869/4080/3867 2122/4082/2122 2146/4081/2146
f 3866/4075/3864 2109/4076/2109 3870/4083/3868
f 3870/4083/3868 2109/4076/2109 2114/4084/2114
f 3867/4077/3865 3866/4075/3864 3871/4085/3869
f 3869/4080/3867 3867/4077/3865 3871/4085/3869
f 3870/4083/3868 3871/4085/3869 3866/4075/3864
f 2122/4082/2122 3869/4080/3867 3872/4086/3870
f 3871/4085/3869 3872/4086/3870 3869/4080/3867
f 2119/4087/2119 2122/4082/2122 3872/4086/3870
f 3870/4083/3868 2114/4084/2114 3873/4088/3871
f 2114/4084/2114 2115/4089/2115 3873/4088/3871
f 3871/4085/3869 3870/4083/3868 3874/4090/3872
f 3872/4086/3870 3871/4085/3869 3874/4090/3872
f 3874/4090/3872 3870/4083/3868 3873/4088/3871
f 2119/4087/2119 3872/4086/3870 3875/4091/3873
f 3875/4091/3873 2115/4089/2115 2119/4087/2119
f 3874/4090/3872 3875/4091/3873 3872/4086/3870
f 3876/4092/3874 3873/4088/3871 2115/4089/2115
f 3874/4090/3872 3873/4088/3871 3876/4092/3874
f 2115/4089/2115 3875/4091/3873 3876/4092/3874
f 3875/4091/3873 3874/4090/3872 3876/4092/3874
f 2602/4093/2602 2598/4094/2598 3877/4095/3875
f 3877/4095/3875 2635/4096/2635 2602/4093/2602
f 2635/4096/2635 3877/4095/3875 3878/4097/3876
f 2638/4098/2638 2635/4096/2635 3878/4097/3876
f 3878/4097/3876 3879/4099/3877 2638/4098/2638
f 3879/4099/3877 2639/4100/2639 2638/4098/2638
f 2639/4100/2639 3879/4099/3877 3880/4101/3878
f 2569/4102/2569 2639/4100/2639 3880/4101/3878
f 3880/4101/3878 2567/4103/2567 2569/4102/2569
f 3877/4095/3875 2598/4094/2598 3881/4104/3879
f 3882/4105/3880 3878/4097/3876 3877/4095/3875
f 3877/4095/3875 3881/4104/3879 3882/4105/3880
f 2598/4094/2598 3883/4106/3881 3881/4104/3879
f 2598/4094/2598 2597/4107/2597 3883/4106/3881
f 3879/4099/3877 3878/4097/3876 3884/4108/3882
f 3882/4105/3880 3884/4108/3882 3878/4097/3876
f 3882/4105/3880 3881/4104/3879 3885/4109/3883
f 3881/4104/3879 3883/4106/3881 3885/4109/3883
f 3886/4110/3884 3884/4108/3882 3882/4105/3880
f 3885/4109/3883 3886/4110/3884 3882/4105/3880
f 3884/4108/3882 3887/4111/3885 3879/4099/3877
f 3886/4110/3884 3887/4111/3885 3884/4108/3882
f 3879/4099/3877 3888/4112/3886 3880/4101/3878
f 3887/4111/3885 3888/4112/3886 3879/4099/3877
f 2567/4103/2567 3880/4101/3878 3889/4113/3887
f 3889/4113/3887 3880/4101/3878 3888/4112/3886
f 3887/4111/3885 3890/4114/3888 3888/4112/3886
f 3886/4110/3884 3890/4114/3888 3887/4111/3885
f 3890/4114/3888 3889/4113/3887 3888/4112/3886
f 3889/4113/3887 3891/4115/3889 2567/4103/2567
f 2565/4116/2565 2567/4103/2567 3891/4115/3889
f 3892/4117/3890 3889/4113/3887 3890/4114/3888
f 3892/4117/3890 3890/4114/3888 3886/4110/3884
f 3892/4117/3890 3891/4115/3889 3889/4113/3887
f 3891/4115/3889 3893/4118/3891 2565/4116/2565
f 3892/4117/3890 3893/4118/3891 3891/4115/3889
f 2562/4119/2561 2565/4116/2565 3893/4118/3891
f 3885/4109/3883 3894/4120/3892 3886/4110/3884
f 3894/4120/3892 3892/4117/3890 3886/4110/3884
f 3895/4121/3893 2562/4119/2561 3893/4118/3891
f 2562/4119/2561 3895/4121/3893 2561/4122/2562
f 3892/4117/3890 3896/4123/3894 3893/4118/3891
f 3893/4118/3891 3896/4123/3894 3895/4121/3893
f 3894/4120/3892 3896/4123/3894 3892/4117/3890
f 2561/4122/2562 3895/4121/3893 3897/4124/3895
f 3897/4124/3895 3895/4121/3893 3896/4123/3894
f 3898/4125/3896 3894/4120/3892 3885/4109/3883
f 3898/4125/3896 3885/4109/3883 3883/4106/3881
f 3894/4120/3892 3899/4126/3897 3896/4123/3894
f 3896/4123/3894 3899/4126/3897 3897/4124/3895
f 3898/4125/3896 3900/4127/3898 3894/4120/3892
f 3883/4106/3881 3900/4127/3898 3898/4125/3896
f 3900/4127/3898 3899/4126/3897 3894/4120/3892
f 3901/4128/3899 2561/4122/2562 3897/4124/3895
f 2561/4122/2562 3901/4128/3899 2560/4129/2560
f 2583/4130/2583 2560/4129/2560 3901/4128/3899
f 3900/4127/3898 3883/4106/3881 3902/4131/3900
f 2597/4107/2597 3902/4131/3900 3883/4106/3881
f 2597/4107/2597 2595/4132/2595 3902/4131/3900
f 2589/4133/2589 3902/4131/3900 2595/4132/2595
f 3899/4126/3897 3900/4127/3898 3903/4134/3901
f 3902/4131/3900 3903/4134/3901 3900/4127/3898
f 3904/4135/3902 3897/4124/3895 3899/4126/3897
f 3901/4128/3899 3897/4124/3895 3904/4135/3902
f 3899/4126/3897 3903/4134/3901 3904/4135/3902
f 3905/4136/3903 2583/4130/2583 3901/4128/3899
f 3905/4136/3903 3901/4128/3899 3904/4135/3902
f 3903/4134/3901 3905/4136/3903 3904/4135/3902
f 2586/4137/2586 2583/4130/2583 3905/4136/3903
f 2589/4133/2589 2586/4137/2586 3906/4138/3904
f 3902/4131/3900 2589/4133/2589 3906/4138/3904
f 3903/4134/3901 3902/4131/3900 3906/4138/3904
f 3906/4138/3904 2586/4137/2586 3905/4136/3903
f 3906/4138/3904 3905/4136/3903 3903/4134/3901
f 1940/4139/1940 3907/4140/3905 1936/4141/1936
f 3907/4140/3905 1940/4139/1940 3396/4142/3397
f 3907/4140/3905 1931/4143/1931 1936/4141/1936
f 3396/4142/3397 3908/4144/3906 3907/4140/3905
f 3908/4144/3906 3396/4142/3397 3399/4145/3399
f 1931/4143/1931 3907/4140/3905 3909/4146/3907
f 3908/4144/3906 3909/4146/3907 3907/4140/3905
f 1928/4147/1928 1931/4143/1931 3909/4146/3907
f 3908/4144/3906 3399/4145/3399 3910/4148/3908
f 3399/4145/3399 3402/4149/1633 3910/4148/3908
f 1928/4147/1928 3909/4146/3907 3911/4150/3909
f 3911/4150/3909 1927/4151/1927 1928/4147/1928
f 3404/4152/3403 1927/4151/1927 3911/4150/3909
f 3909/4146/3907 3908/4144/3906 3912/4153/3910
f 3912/4153/3910 3911/4150/3909 3909/4146/3907
f 3912/4153/3910 3908/4144/3906 3910/4148/3908
f 3913/4154/3911 3404/4152/3403 3911/4150/3909
f 3911/4150/3909 3912/4153/3910 3913/4154/3911
f 3913/4154/3911 3407/4155/3406 3404/4152/3403
f 3913/4154/3911 3408/4156/3407 3407/4155/3406
f 3402/4149/1633 3914/4157/3912 3910/4148/3908
f 3914/4157/3912 3402/4149/1633 3410/4158/3409
f 3915/4159/3913 3913/4154/3911 3912/4153/3910
f 3408/4156/3407 3913/4154/3911 3915/4159/3913
f 3916/4160/3914 3912/4153/3910 3910/4148/3908
f 3915/4159/3913 3912/4153/3910 3916/4160/3914
f 3916/4160/3914 3910/4148/3908 3914/4157/3912
f 3917/4161/3915 3408/4156/3407 3915/4159/3913
f 3917/4161/3915 3915/4159/3913 3916/4160/3914
f 3408/4156/3407 3917/4161/3915 3414/4162/3413
f 3410/4158/3409 3918/4163/3916 3914/4157/3912
f 3918/4163/3916 3410/4158/3409 3416/4164/3415
f 3919/4165/3917 3916/4160/3914 3914/4157/3912
f 3917/4161/3915 3916/4160/3914 3919/4165/3917
f 3918/4163/3916 3919/4165/3917 3914/4157/3912
f 3920/4166/3918 3414/4162/3413 3917/4161/3915
f 3920/4166/3918 3917/4161/3915 3919/4165/3917
f 3414/4162/3413 3920/4166/3918 3419/4167/3418
f 3416/4164/3415 3921/4168/3919 3918/4163/3916
f 3921/4168/3919 3416/4164/3415 3421/4169/3420
f 3919/4165/3917 3918/4163/3916 3922/4170/3920
f 3920/4166/3918 3919/4165/3917 3922/4170/3920
f 3922/4170/3920 3918/4163/3916 3921/4168/3919
f 3923/4171/3921 3419/4167/3418 3920/4166/3918
f 3923/4171/3921 3920/4166/3918 3922/4170/3920
f 3419/4167/3418 3923/4171/3921 3424/4172/3423
f 3924/4173/3922 3921/4168/3919 3421/4169/3420
f 3421/4169/3420 3426/4174/3425 3924/4173/3922
f 3925/4175/3923 3924/4173/3922 3426/4174/3425
f 3426/4174/3425 3428/4176/3427 3925/4175/3923
f 3429/4177/3428 3925/4175/3923 3428/4176/3427
f 3926/4178/3924 3922/4170/3920 3921/4168/3919
f 3923/4171/3921 3922/4170/3920 3926/4178/3924
f 3921/4168/3919 3924/4173/3922 3926/4178/3924
f 3927/4179/3925 3424/4172/3423 3923/4171/3921
f 3927/4179/3925 3923/4171/3921 3926/4178/3924
f 3424/4172/3423 3927/4179/3925 3432/4180/3431
f 3928/4181/3926 3926/4178/3924 3924/4173/3922
f 3927/4179/3925 3926/4178/3924 3928/4181/3926
f 3925/4175/3923 3928/4181/3926 3924/4173/3922
f 3929/4182/3927 3432/4180/3431 3927/4179/3925
f 3929/4182/3927 3927/4179/3925 3928/4181/3926
f 3432/4180/3431 3929/4182/3927 3435/4183/3434
f 3929/4182/3927 3928/4181/3926 3930/4184/3928
f 3928/4181/3926 3925/4175/3923 3930/4184/3928
f 3931/4185/3929 3435/4183/3434 3929/4182/3927
f 3931/4185/3929 3929/4182/3927 3930/4184/3928
f 3435/4183/3434 3931/4185/3929 3438/4186/3437
f 3932/4187/3930 3930/4184/3928 3925/4175/3923
f 3931/4185/3929 3930/4184/3928 3932/4187/3930
f 3933/4188/3931 3438/4186/3437 3931/4185/3929
f 3933/4188/3931 3931/4185/3929 3932/4187/3930
f 3438/4186/3437 3933/4188/3931 3441/4189/3440
f 3934/4190/3932 3441/4189/3440 3933/4188/3931
f 3441/4189/3440 3934/4190/3932 3443/4191/3442
f 3932/4187/3930 3925/4175/3923 3935/4192/3933
f 3925/4175/3923 3429/4177/3428 3935/4192/3933
f 3429/4177/3428 3936/4193/3934 3935/4192/3933
f 3936/4193/3934 3932/4187/3930 3935/4192/3933
f 3936/4193/3934 3429/4177/3428 3446/4194/318
f 3447/4195/3445 3936/4193/3934 3446/4194/318
f 3933/4188/3931 3932/4187/3930 3937/4196/3935
f 3932/4187/3930 3936/4193/3934 3937/4196/3935
f 3934/4190/3932 3933/4188/3931 3937/4196/3935
f 3936/4193/3934 3447/4195/3445 3938/4197/3936
f 3938/4197/3936 3937/4196/3935 3936/4193/3934
f 3450/4198/3448 3938/4197/3936 3447/4195/3445
f 3939/4199/3937 3443/4191/3442 3934/4190/3932
f 3443/4191/3442 3939/4199/3937 3452/4200/3450
f 3934/4190/3932 3937/4196/3935 3940/4201/3938
f 3937/4196/3935 3938/4197/3936 3940/4201/3938
f 3939/4199/3937 3934/4190/3932 3940/4201/3938
f 3938/4197/3936 3450/4198/3448 3941/4202/3939
f 3941/4202/3939 3940/4201/3938 3938/4197/3936
f 3455/4203/3453 3941/4202/3939 3450/4198/3448
f 3942/4204/3940 3452/4200/3450 3939/4199/3937
f 3452/4200/3450 3942/4204/3940 3457/4205/3455
f 3939/4199/3937 3940/4201/3938 3943/4206/3941
f 3940/4201/3938 3941/4202/3939 3943/4206/3941
f 3942/4204/3940 3939/4199/3937 3943/4206/3941
f 3941/4202/3939 3455/4203/3453 3944/4207/3942
f 3944/4207/3942 3943/4206/3941 3941/4202/3939
f 3460/4208/3458 3944/4207/3942 3455/4203/3453
f 3945/4209/3943 3457/4205/3455 3942/4204/3940
f 3457/4205/3455 3945/4209/3943 3462/4210/3460
f 3942/4204/3940 3943/4206/3941 3946/4211/3944
f 3943/4206/3941 3944/4207/3942 3946/4211/3944
f 3945/4209/3943 3942/4204/3940 3946/4211/3944
f 3944/4207/3942 3460/4208/3458 3947/4212/3945
f 3947/4212/3945 3946/4211/3944 3944/4207/3942
f 3465/4213/3463 3947/4212/3945 3460/4208/3458
f 3946/4211/3944 3947/4212/3945 3948/4214/3946
f 3945/4209/3943 3946/4211/3944 3948/4214/3946
f 3947/4212/3945 3465/4213/3463 3949/4215/3947
f 3947/4212/3945 3949/4215/3947 3948/4214/3946
f 3465/4213/3463 3468/4216/3466 3949/4215/3947
f 3950/4217/3948 3462/4210/3460 3945/4209/3943
f 3470/4218/3468 3462/4210/3460 3950/4217/3948
f 3948/4214/3946 3951/4219/3949 3945/4209/3943
f 3951/4219/3949 3948/4214/3946 3949/4215/3947
f 3950/4217/3948 3945/4209/3943 3951/4219/3949
f 3949/4215/3947 3468/4216/3466 3952/4220/3950
f 3949/4215/3947 3952/4220/3950 3951/4219/3949
f 3468/4216/3466 274/274/274 3952/4220/3950
f 3952/4220/3950 274/274/274 275/276/276
f 280/280/280 3952/4220/3950 275/276/276
f 3953/4221/3951 3951/4219/3949 3952/4220/3950
f 3951/4219/3949 3953/4221/3951 3950/4217/3948
f 280/280/280 3953/4221/3951 3952/4220/3950
f 3954/4222/3952 3470/4218/3468 3950/4217/3948
f 3954/4222/3952 3950/4217/3948 3953/4221/3951
f 3954/4222/3952 3953/4221/3951 280/280/280
f 3470/4218/3468 3954/4222/3952 3475/4223/3473
f 284/284/284 3954/4222/3952 280/280/280
f 296/296/296 3475/4223/3473 3954/4222/3952
f 3954/4222/3952 284/284/284 296/296/296
f 1273/4224/1273 1272/4225/1272 3955/4226/3953
f 1266/4227/1266 3955/4226/3953 1272/4225/1272
f 3955/4226/3953 3956/4228/3954 1273/4224/1273
f 3957/4229/3955 1273/4224/1273 3956/4228/3954
f 1273/4224/1273 3957/4229/3955 1276/4230/1276
f 3955/4226/3953 3958/4231/3956 3956/4228/3954
f 3958/4231/3956 3957/4229/3955 3956/4228/3954
f 3957/4229/3955 3959/4232/3957 1276/4230/1276
f 3958/4231/3956 3959/4232/3957 3957/4229/3955
f 1194/4233/1195 1276/4230/1276 3959/4232/3957
f 3960/4234/3958 1194/4233/1195 3959/4232/3957
f 3958/4231/3956 3960/4234/3958 3959/4232/3957
f 3960/4234/3958 1193/4235/1193 1194/4233/1195
f 3955/4226/3953 1266/4227/1266 3961/4236/3959
f 3961/4236/3959 3958/4231/3956 3955/4226/3953
f 3962/4237/3960 1193/4235/1193 3960/4234/3958
f 3962/4237/3960 1197/4238/1197 1193/4235/1193
f 1201/4239/1201 1197/4238/1197 3962/4237/3960
f 3960/4234/3958 3958/4231/3956 3963/4240/3961
f 3961/4236/3959 3963/4240/3961 3958/4231/3956
f 3963/4240/3961 3962/4237/3960 3960/4234/3958
f 1266/4227/1266 3964/4241/3962 3961/4236/3959
f 3964/4241/3962 3963/4240/3961 3961/4236/3959
f 1256/4242/1256 3964/4241/3962 1266/4227/1266
f 1201/4239/1201 3962/4237/3960 3965/4243/3963
f 3965/4243/3963 1215/4244/1215 1201/4239/1201
f 3962/4237/3960 3963/4240/3961 3966/4245/3964
f 3964/4241/3962 3966/4245/3964 3963/4240/3961
f 3965/4243/3963 3962/4237/3960 3966/4245/3964
f 1256/4242/1256 3967/4246/3965 3964/4241/3962
f 3966/4245/3964 3964/4241/3962 3967/4246/3965
f 1253/4247/1253 3967/4246/3965 1256/4242/1256
f 1253/4247/1253 3968/4248/3966 3967/4246/3965
f 3968/4248/3966 3966/4245/3964 3967/4246/3965
f 3968/4248/3966 1253/4247/1253 1252/4249/1252
f 1228/4250/1228 3968/4248/3966 1252/4249/1252
f 1215/4244/1215 3965/4243/3963 3969/4251/3967
f 3969/4251/3967 1220/4252/1220 1215/4244/1215
f 3970/4253/3968 3965/4243/3963 3966/4245/3964
f 3966/4245/3964 3968/4248/3966 3970/4253/3968
f 3970/4253/3968 3969/4251/3967 3965/4243/3963
f 3968/4248/3966 1228/4250/1228 3971/4254/3969
f 3971/4254/3969 3970/4253/3968 3968/4248/3966
f 1225/4255/1225 3971/4254/3969 1228/4250/1228
f 1220/4252/1220 3969/4251/3967 3972/4256/3970
f 1221/4257/1221 1220/4252/1220 3972/4256/3970
f 3969/4251/3967 3970/4253/3968 3973/4258/3971
f 3971/4254/3969 3973/4258/3971 3970/4253/3968
f 3973/4258/3971 3972/4256/3970 3969/4251/3967
f 3971/4254/3969 1225/4255/1225 3974/4259/3972
f 3974/4259/3972 1225/4255/1225 1221/4257/1221
f 3974/4259/3972 3973/4258/3971 3971/4254/3969
f 1221/4257/1221 3972/4256/3970 3975/4260/3973
f 3974/4259/3972 1221/4257/1221 3975/4260/3973
f 3975/4260/3973 3972/4256/3970 3973/4258/3971
f 3974/4259/3972 3975/4260/3973 3973/4258/3971
f 1731/4261/1731 1735/4262/1735 3976/4263/3974
f 1768/4264/1768 3976/4263/3974 1735/4262/1735
f 3976/4263/3974 1768/4264/1768 3977/4265/3975
f 1768/4264/1768 1771/4266/1771 3977/4265/3975
f 3977/4265/3975 1771/4266/1771 3978/4267/3976
f 1771/4266/1771 1772/4268/1772 3978/4267/3976
f 3978/4267/3976 1772/4268/1772 3979/4269/3977
f 1772/4268/1772 1702/4270/1702 3979/4269/3977
f 3979/4269/3977 1702/4270/1702 1700/4271/1700
f 3976/4263/3974 3980/4272/3978 1731/4261/1731
f 3977/4265/3975 3981/4273/3979 3976/4263/3974
f 3981/4273/3979 3980/4272/3978 3976/4263/3974
f 3980/4272/3978 3982/4274/3980 1731/4261/1731
f 1730/4275/1730 1731/4261/1731 3982/4274/3980
f 3977/4265/3975 3978/4267/3976 3983/4276/3981
f 3981/4273/3979 3977/4265/3975 3983/4276/3981
f 3980/4272/3978 3981/4273/3979 3984/4277/3982
f 3984/4277/3982 3982/4274/3980 3980/4272/3978
f 3981/4273/3979 3983/4276/3981 3985/4278/3983
f 3985/4278/3983 3984/4277/3982 3981/4273/3979
f 3983/4276/3981 3978/4267/3976 3986/4279/3984
f 3986/4279/3984 3985/4278/3983 3983/4276/3981
f 3978/4267/3976 3979/4269/3977 3987/4280/3985
f 3978/4267/3976 3987/4280/3985 3986/4279/3984
f 3979/4269/3977 1700/4271/1700 3988/4281/3986
f 3979/4269/3977 3988/4281/3986 3987/4280/3985
f 3989/4282/3987 3986/4279/3984 3987/4280/3985
f 3989/4282/3987 3985/4278/3983 3986/4279/3984
f 3988/4281/3986 3989/4282/3987 3987/4280/3985
f 3990/4283/3988 3988/4281/3986 1700/4271/1700
f 3990/4283/3988 1700/4271/1700 1698/4284/1698
f 3989/4282/3987 3988/4281/3986 3991/4285/3989
f 3985/4278/3983 3989/4282/3987 3991/4285/3989
f 3991/4285/3989 3988/4281/3986 3990/4283/3988
f 3992/4286/3990 3990/4283/3988 1698/4284/1698
f 3991/4285/3989 3990/4283/3988 3992/4286/3990
f 3992/4286/3990 1698/4284/1698 1693/4287/1693
f 3984/4277/3982 3985/4278/3983 3993/4288/3991
f 3991/4285/3989 3993/4288/3991 3985/4278/3983
f 3994/4289/3992 3991/4285/3989 3992/4286/3990
f 3993/4288/3991 3991/4285/3989 3994/4289/3992
f 1693/4287/1693 3995/4290/3993 3992/4286/3990
f 3994/4289/3992 3992/4286/3990 3995/4290/3993
f 3995/4290/3993 1693/4287/1693 1694/4291/1695
f 3994/4289/3992 3995/4290/3993 3996/4292/3994
f 1694/4291/1695 3996/4292/3994 3995/4290/3993
f 3993/4288/3991 3997/4293/3995 3984/4277/3982
f 3982/4274/3980 3984/4277/3982 3997/4293/3995
f 3998/4294/3996 3993/4288/3991 3994/4289/3992
f 3998/4294/3996 3994/4289/3992 3996/4292/3994
f 3997/4293/3995 3993/4288/3991 3999/4295/3997
f 3999/4295/3997 3982/4274/3980 3997/4293/3995
f 3999/4295/3997 3993/4288/3991 3998/4294/3996
f 1694/4291/1695 4000/4296/3998 3996/4292/3994
f 1695/4297/1694 4000/4296/3998 1694/4291/1695
f 4000/4296/3998 1695/4297/1694 1716/4298/1716
f 4001/4299/3999 3982/4274/3980 3999/4295/3997
f 3982/4274/3980 4001/4299/3999 1730/4275/1730
f 1728/4300/1728 1730/4275/1730 4001/4299/3999
f 4001/4299/3999 1722/4301/1722 1728/4300/1728
f 3998/4294/3996 4002/4302/4000 3999/4295/3997
f 4002/4302/4000 4001/4299/3999 3999/4295/3997
f 3996/4292/3994 4003/4303/4001 3998/4294/3996
f 4000/4296/3998 4003/4303/4001 3996/4292/3994
f 3998/4294/3996 4003/4303/4001 4002/4302/4000
f 4004/4304/4002 4000/4296/3998 1716/4298/1716
f 4003/4303/4001 4000/4296/3998 4004/4304/4002
f 4002/4302/4000 4003/4303/4001 4004/4304/4002
f 4004/4304/4002 1716/4298/1716 1719/4305/1719
f 1719/4305/1719 1722/4301/1722 4005/4306/4003
f 1722/4301/1722 4001/4299/3999 4005/4306/4003
f 4001/4299/3999 4002/4302/4000 4005/4306/4003
f 4005/4306/4003 4004/4304/4002 1719/4305/1719
f 4004/4304/4002 4005/4306/4003 4002/4302/4000
f 4006/3479/4004 4007/4307/4005 3285/3480/3285
f 4006/3479/4004 3286/3481/3286 4007/4307/4005
f 3285/3480/3285 3284/3479/3283 4006/3479/4004
f 3286/3481/3286 4006/3479/4004 3283/3479/3284
f 3282/3479/3282 4006/3479/4004 3284/3479/3283
f 4008/3479/4006 3283/3479/3284 4006/3479/4004
f 4006/3479/4004 3282/3479/3282 4008/3479/4006
f 3282/3479/3282 3283/3479/3284 4009/3479/4007
f 3283/3479/3284 4008/3479/4006 4009/3479/4007
f 4010/3479/4008 4008/3479/4006 3282/3479/3282
f 4010/3479/4008 3282/3479/3282 4009/3479/4007
f 4011/3479/4009 4009/3479/4007 4008/3479/4006
f 4008/3479/4006 4010/3479/4008 4011/3479/4009
f 4010/3479/4008 4009/3479/4007 4012/3479/4010
f 4009/3479/4007 4011/3479/4009 4012/3479/4010
f 4013/3479/4011 4010/3479/4008 4012/3479/4010
f 4013/3479/4011 4011/3479/4009 4010/3479/4008
f 4011/3479/4009 4014/3479/4012 4012/3479/4010
f 4013/3479/4011 4012/3479/4010 4014/3479/4012
f 4015/3479/4013 4011/3479/4009 4013/3479/4011
f 4014/3479/4012 4011/3479/4009 4015/3479/4013
f 4016/3479/4014 4013/3479/4011 4014/3479/4012
f 4016/3479/4014 4015/3479/4013 4013/3479/4011
f 4015/3479/4013 4017/3479/4015 4014/3479/4012
f 4016/3479/4014 4014/3479/4012 4017/3479/4015
f 4018/3479/4016 4015/3479/4013 4016/3479/4014
f 4017/3479/4015 4015/3479/4013 4018/3479/4016
f 4019/3479/4017 4016/3479/4014 4017/3479/4015
f 4019/3479/4017 4018/3479/4016 4016/3479/4014
f 4018/3479/4016 4020/3479/4018 4017/3479/4015
f 4019/3479/4017 4017/3479/4015 4020/3479/4018
f 4020/3479/4018 4018/3479/4016 4021/3479/4019
f 4021/3479/4019 4018/3479/4016 4019/3479/4017
f 4022/3479/4020 4020/3479/4018 4021/3479/4019
f 4022/3479/4020 4021/3479/4019 4019/3479/4017
f 4022/3479/4020 4019/3479/4017 4020/3479/4018
f 3214/3467/3214 4023/3465/4021 3211/3465/3211
f 4024/3474/4022 4023/3465/4021 3214/3467/3214
f 3215/3468/3215 4023/3465/4021 4024/3474/4022
f 3213/3465/3212 3211/3465/3211 4023/3465/4021
f 4023/3465/4021 3215/3468/3215 3212/3465/3213
f 3212/3465/3213 4025/3465/4023 4023/3465/4021
f 3213/3465/3212 4023/3465/4021 4025/3465/4023
f 4026/3465/4024 3212/3465/3213 3213/3465/3212
f 4025/3465/4023 3212/3465/3213 4026/3465/4024
f 4027/3465/4025 3213/3465/3212 4025/3465/4023
f 3213/3465/3212 4027/3465/4025 4026/3465/4024
f 4028/3465/4026 4025/3465/4023 4026/3465/4024
f 4027/3465/4025 4025/3465/4023 4028/3465/4026
f 4029/3465/4027 4026/3465/4024 4027/3465/4025
f 4028/3465/4026 4026/3465/4024 4029/3465/4027
f 4027/3465/4025 4030/3465/4028 4029/3465/4027
f 4030/3465/4028 4027/3465/4025 4028/3465/4026
f 4031/3465/4029 4028/3465/4026 4029/3465/4027
f 4031/3465/4029 4029/3465/4027 4030/3465/4028
f 4030/3465/4028 4028/3465/4026 4032/3465/4030
f 4028/3465/4026 4031/3465/4029 4032/3465/4030
f 4030/3465/4028 4033/3465/4031 4031/3465/4029
f 4033/3465/4031 4030/3465/4028 4032/3465/4030
f 4034/3465/4032 4032/3465/4030 4031/3465/4029
f 4034/3465/4032 4031/3465/4029 4033/3465/4031
f 4033/3465/4031 4032/3465/4030 4035/3465/4033
f 4032/3465/4030 4034/3465/4032 4035/3465/4033
f 4033/3465/4031 4036/3465/4034 4034/3465/4032
f 4036/3465/4034 4033/3465/4031 4035/3465/4033
f 4037/3465/4035 4035/3465/4033 4034/3465/4032
f 4037/3465/4035 4034/3465/4032 4036/3465/4034
f 4035/3465/4033 4037/3465/4035 4038/3465/4036
f 4036/3465/4034 4035/3465/4033 4038/3465/4036
f 4039/3465/4037 4038/3465/4036 4037/3465/4035
f 4039/3465/4037 4036/3465/4034 4038/3465/4036
f 4039/3465/4037 4037/3465/4035 4036/3465/4034
f 4040/4308/4038 3299/4309/3299 3290/4310/3290
f 3288/4311/3289 4040/4308/4038 3290/4310/3290
f 4040/4308/4038 4041/4312/4039 3299/4309/3299
f 4041/4312/4039 4040/4308/4038 4042/4313/4040
f 4040/4308/4038 3288/4311/3289 4043/4314/4041
f 4040/4308/4038 4043/4314/4041 4042/4313/4040
f 4044/4315/4042 3299/4309/3299 4041/4312/4039
f 3299/4309/3299 4044/4315/4042 3300/4316/3300
f 4044/4315/4042 3302/4317/3302 3300/4316/3300
f 3288/4311/3289 4045/4318/4043 4043/4314/4041
f 4045/4318/4043 3288/4311/3289 3289/4319/3288
f 4045/4318/4043 3289/4319/3288 3292/4320/3292
f 4041/4312/4039 4042/4313/4040 4046/4321/4044
f 4044/4315/4042 4041/4312/4039 4046/4321/4044
f 4045/4318/4043 4047/4322/4045 4043/4314/4041
f 4047/4322/4045 4042/4313/4040 4043/4314/4041
f 4044/4315/4042 4048/4323/4046 3302/4317/3302
f 4046/4321/4044 4049/4324/4047 4044/4315/4042
f 4048/4323/4046 4044/4315/4042 4049/4324/4047
f 4050/4325/4048 3302/4317/3302 4048/4323/4046
f 3302/4317/3302 4050/4325/4048 3306/4326/3306
f 4042/4313/4040 4051/4327/4049 4046/4321/4044
f 4051/4327/4049 4049/4324/4047 4046/4321/4044
f 4050/4325/4048 4048/4323/4046 4052/4328/4050
f 4049/4324/4047 4052/4328/4050 4048/4323/4046
f 4053/4329/4051 3306/4326/3306 4050/4325/4048
f 3306/4326/3306 4053/4329/4051 3315/4330/3315
f 4052/4328/4050 4054/4331/4052 4050/4325/4048
f 4053/4329/4051 4050/4325/4048 4054/4331/4052
f 4053/4329/4051 4055/4332/4053 3315/4330/3315
f 3316/4333/3316 3315/4330/3315 4055/4332/4053
f 4054/4331/4052 4056/4334/4054 4053/4329/4051
f 4056/4334/4054 4055/4332/4053 4053/4329/4051
f 4054/4331/4052 4052/4328/4050 4057/4335/4055
f 4057/4335/4055 4056/4334/4054 4054/4331/4052
f 4055/4332/4053 4058/4336/4056 3316/4333/3316
f 3320/4337/3320 3316/4333/3316 4058/4336/4056
f 4059/4338/4057 3320/4337/3320 4058/4336/4056
f 3326/4339/3326 3320/4337/3320 4059/4338/4057
f 4060/4340/4058 3326/4339/3326 4059/4338/4057
f 3327/4341/3327 3326/4339/3326 4060/4340/4058
f 4061/4342/4059 3327/4341/3327 4060/4340/4058
f 3331/4343/3331 3327/4341/3327 4061/4342/4059
f 3334/4344/3334 3331/4343/3331 4061/4342/4059
f 4055/4332/4053 4056/4334/4054 4062/4345/4060
f 4058/4336/4056 4055/4332/4053 4063/4346/4061
f 4063/4346/4061 4055/4332/4053 4062/4345/4060
f 4059/4338/4057 4058/4336/4056 4064/4347/4062
f 4063/4346/4061 4064/4347/4062 4058/4336/4056
f 4060/4340/4058 4059/4338/4057 4065/4348/4063
f 4064/4347/4062 4065/4348/4063 4059/4338/4057
f 4061/4342/4059 4060/4340/4058 4066/4349/4064
f 4065/4348/4063 4066/4349/4064 4060/4340/4058
f 4061/4342/4059 4067/4350/4065 3334/4344/3334
f 4066/4349/4064 4067/4350/4065 4061/4342/4059
f 4068/4351/4066 4062/4345/4060 4056/4334/4054
f 4056/4334/4054 4057/4335/4055 4068/4351/4066
f 4063/4346/4061 4062/4345/4060 4069/4352/4067
f 4062/4345/4060 4068/4351/4066 4069/4352/4067
f 4070/4353/4068 4064/4347/4062 4063/4346/4061
f 4069/4352/4067 4070/4353/4068 4063/4346/4061
f 4071/4354/4069 4065/4348/4063 4064/4347/4062
f 4064/4347/4062 4070/4353/4068 4071/4354/4069
f 4072/4355/4070 3334/4344/3334 4067/4350/4065
f 3334/4344/3334 4072/4355/4070 3335/4356/3335
f 4068/4351/4066 4073/4357/4071 4069/4352/4067
f 4069/4352/4067 4073/4357/4071 4070/4353/4068
f 4057/4335/4055 4074/4358/4072 4068/4351/4066
f 4073/4357/4071 4068/4351/4066 4074/4358/4072
f 4073/4357/4071 4075/4359/4073 4070/4353/4068
f 4075/4359/4073 4071/4354/4069 4070/4353/4068
f 4065/4348/4063 4071/4354/4069 4076/4360/4074
f 4076/4360/4074 4066/4349/4064 4065/4348/4063
f 4067/4350/4065 4066/4349/4064 4077/4361/4075
f 4077/4361/4075 4072/4355/4070 4067/4350/4065
f 4078/4362/4076 3335/4356/3335 4072/4355/4070
f 3335/4356/3335 4078/4362/4076 3338/4363/3338
f 3344/4364/3344 3338/4363/3338 4078/4362/4076
f 4074/4358/4072 4079/4365/4077 4073/4357/4071
f 4073/4357/4071 4079/4365/4077 4075/4359/4073
f 4071/4354/4069 4075/4359/4073 4080/4366/4078
f 4080/4366/4078 4076/4360/4074 4071/4354/4069
f 4066/4349/4064 4076/4360/4074 4081/4367/4079
f 4066/4349/4064 4081/4367/4079 4077/4361/4075
f 4072/4355/4070 4077/4361/4075 4082/4368/4080
f 4082/4368/4080 4078/4362/4076 4072/4355/4070
f 4078/4362/4076 4083/4369/4081 3344/4364/3344
f 4083/4369/4081 3347/4370/3347 3344/4364/3344
f 4079/4365/4077 4084/4371/4082 4075/4359/4073
f 4084/4371/4082 4080/4366/4078 4075/4359/4073
f 4076/4360/4074 4080/4366/4078 4085/4372/4083
f 4085/4372/4083 4081/4367/4079 4076/4360/4074
f 4081/4367/4079 4086/4373/4084 4077/4361/4075
f 4082/4368/4080 4077/4361/4075 4086/4373/4084
f 4078/4362/4076 4082/4368/4080 4087/4374/4085
f 4087/4374/4085 4083/4369/4081 4078/4362/4076
f 4083/4369/4081 4088/4375/4086 3347/4370/3347
f 4088/4375/4086 3353/4376/3353 3347/4370/3347
f 4080/4366/4078 4084/4371/4082 4089/4377/4087
f 4089/4377/4087 4085/4372/4083 4080/4366/4078
f 4081/4367/4079 4085/4372/4083 4090/4378/4088
f 4090/4378/4088 4086/4373/4084 4081/4367/4079
f 4086/4373/4084 4091/4379/4089 4082/4368/4080
f 4087/4374/4085 4082/4368/4080 4091/4379/4089
f 4083/4369/4081 4087/4374/4085 4092/4380/4090
f 4092/4380/4090 4088/4375/4086 4083/4369/4081
f 4086/4373/4084 4093/4381/4091 4091/4379/4089
f 4086/4373/4084 4090/4378/4088 4093/4381/4091
f 4094/4382/4092 4087/4374/4085 4091/4379/4089
f 4094/4382/4092 4092/4380/4090 4087/4374/4085
f 4093/4381/4091 4094/4382/4092 4091/4379/4089
f 4095/4383/4093 4090/4378/4088 4085/4372/4083
f 4085/4372/4083 4089/4377/4087 4095/4383/4093
f 4096/4384/4094 4093/4381/4091 4090/4378/4088
f 4090/4378/4088 4095/4383/4093 4096/4384/4094
f 4097/4385/4095 4094/4382/4092 4093/4381/4091
f 4093/4381/4091 4096/4384/4094 4097/4385/4095
f 4089/4377/4087 4098/4386/4096 4095/4383/4093
f 4098/4386/4096 4096/4384/4094 4095/4383/4093
f 4092/4380/4090 4094/4382/4092 4099/4387/4097
f 4094/4382/4092 4097/4385/4095 4099/4387/4097
f 4100/4388/4098 4097/4385/4095 4096/4384/4094
f 4096/4384/4094 4098/4386/4096 4100/4388/4098
f 4101/4389/4099 4099/4387/4097 4097/4385/4095
f 4097/4385/4095 4100/4388/4098 4101/4389/4099
f 4102/4390/4100 4092/4380/4090 4099/4387/4097
f 4099/4387/4097 4101/4389/4099 4102/4390/4100
f 4089/4377/4087 4103/4391/4101 4098/4386/4096
f 4084/4371/4082 4103/4391/4101 4089/4377/4087
f 4102/4390/4100 4104/4392/4102 4092/4380/4090
f 4088/4375/4086 4092/4380/4090 4104/4392/4102
f 4104/4392/4102 4105/4393/4103 4088/4375/4086
f 4105/4393/4103 3353/4376/3353 4088/4375/4086
f 4106/4394/4104 4104/4392/4102 4102/4390/4100
f 4104/4392/4102 4106/4394/4104 4105/4393/4103
f 4101/4389/4099 4107/4395/4105 4102/4390/4100
f 4102/4390/4100 4107/4395/4105 4106/4394/4104
f 4100/4388/4098 4108/4396/4106 4101/4389/4099
f 4101/4389/4099 4108/4396/4106 4107/4395/4105
f 4098/4386/4096 4109/4397/4107 4100/4388/4098
f 4100/4388/4098 4109/4397/4107 4108/4396/4106
f 4105/4393/4103 4110/4398/4108 3353/4376/3353
f 4110/4398/4108 3354/4399/3354 3353/4376/3353
f 4111/4400/4109 4105/4393/4103 4106/4394/4104
f 4105/4393/4103 4111/4400/4109 4110/4398/4108
f 4112/4401/4110 4106/4394/4104 4107/4395/4105
f 4106/4394/4104 4112/4401/4110 4111/4400/4109
f 4113/4402/4111 4107/4395/4105 4108/4396/4106
f 4107/4395/4105 4113/4402/4111 4112/4401/4110
f 4110/4398/4108 4114/4403/4112 3354/4399/3354
f 3357/4404/3357 3354/4399/3354 4114/4403/4112
f 4115/4405/4113 4110/4398/4108 4111/4400/4109
f 4112/4401/4110 4115/4405/4113 4111/4400/4109
f 4110/4398/4108 4115/4405/4113 4114/4403/4112
f 4114/4403/4112 4116/4406/4114 3357/4404/3357
f 3360/4407/3360 3357/4404/3357 4116/4406/4114
f 4116/4406/4114 3362/4408/3362 3360/4407/3360
f 4108/4396/4106 4117/4409/4115 4113/4402/4111
f 4117/4409/4115 4108/4396/4106 4109/4397/4107
f 4113/4402/4111 4118/4410/4116 4112/4401/4110
f 4115/4405/4113 4112/4401/4110 4118/4410/4116
f 4119/4411/4117 4114/4403/4112 4115/4405/4113
f 4114/4403/4112 4119/4411/4117 4116/4406/4114
f 3362/4408/3362 4116/4406/4114 4120/4412/4118
f 4120/4412/4118 3366/4413/3366 3362/4408/3362
f 4113/4402/4111 4121/4414/4119 4118/4410/4116
f 4117/4409/4115 4121/4414/4119 4113/4402/4111
f 4122/4415/4120 4115/4405/4113 4118/4410/4116
f 4115/4405/4113 4122/4415/4120 4119/4411/4117
f 4121/4414/4119 4122/4415/4120 4118/4410/4116
f 4123/4416/4121 4116/4406/4114 4119/4411/4117
f 4116/4406/4114 4123/4416/4121 4120/4412/4118
f 4122/4415/4120 4124/4417/4122 4119/4411/4117
f 4123/4416/4121 4119/4411/4117 4124/4417/4122
f 4121/4414/4119 4125/4418/4123 4122/4415/4120
f 4125/4418/4123 4124/4417/4122 4122/4415/4120
f 4126/4419/4124 4121/4414/4119 4117/4409/4115
f 4126/4419/4124 4125/4418/4123 4121/4414/4119
f 4123/4416/4121 4124/4417/4122 4127/4420/4125
f 4125/4418/4123 4127/4420/4125 4124/4417/4122
f 4128/4421/4126 4120/4412/4118 4123/4416/4121
f 4128/4421/4126 4123/4416/4121 4127/4420/4125
f 3366/4413/3366 4120/4412/4118 4129/4422/4127
f 4120/4412/4118 4128/4421/4126 4129/4422/4127
f 4127/4420/4125 4125/4418/4123 4130/4423/4128
f 4130/4423/4128 4125/4418/4123 4126/4419/4124
f 4131/4424/4129 4126/4419/4124 4117/4409/4115
f 4109/4397/4107 4131/4424/4129 4117/4409/4115
f 4129/4422/4127 4132/4425/4130 3366/4413/3366
f 4132/4425/4130 3367/4426/3367 3366/4413/3366
f 4132/4425/4130 3371/4427/3371 3367/4426/3367
f 4133/4428/4131 4129/4422/4127 4128/4421/4126
f 4129/4422/4127 4133/4428/4131 4132/4425/4130
f 4134/4429/4132 4128/4421/4126 4127/4420/4125
f 4130/4423/4128 4134/4429/4132 4127/4420/4125
f 4128/4421/4126 4134/4429/4132 4133/4428/4131
f 4132/4425/4130 4135/4430/4133 3371/4427/3371
f 4135/4430/4133 4132/4425/4130 4133/4428/4131
f 4135/4430/4133 3375/4431/3375 3371/4427/3371
f 4136/4432/4134 4130/4423/4128 4126/4419/4124
f 4126/4419/4124 4131/4424/4129 4136/4432/4134
f 4134/4429/4132 4130/4423/4128 4137/4433/4135
f 4137/4433/4135 4130/4423/4128 4136/4432/4134
f 4138/4434/4136 4133/4428/4131 4134/4429/4132
f 4137/4433/4135 4138/4434/4136 4134/4429/4132
f 4133/4428/4131 4139/4435/4137 4135/4430/4133
f 4133/4428/4131 4138/4434/4136 4139/4435/4137
f 4135/4430/4133 4140/4436/4138 3375/4431/3375
f 4140/4436/4138 4135/4430/4133 4139/4435/4137
f 4140/4436/4138 3376/4437/3376 3375/4431/3375
f 4141/4438/4139 4137/4433/4135 4136/4432/4134
f 4131/4424/4129 4141/4438/4139 4136/4432/4134
f 4138/4434/4136 4137/4433/4135 4142/4439/4140
f 4141/4438/4139 4142/4439/4140 4137/4433/4135
f 4143/4440/4141 4139/4435/4137 4138/4434/4136
f 4142/4439/4140 4143/4440/4141 4138/4434/4136
f 4139/4435/4137 4144/4441/4142 4140/4436/4138
f 4139/4435/4137 4143/4440/4141 4144/4441/4142
f 4140/4436/4138 4145/4442/4143 3376/4437/3376
f 4145/4442/4143 4140/4436/4138 4144/4441/4142
f 4145/4442/4143 3382/4443/3382 3376/4437/3376
f 4145/4442/4143 4146/4444/4144 3382/4443/3382
f 4146/4444/4144 3386/4445/3386 3382/4443/3382
f 4144/4441/4142 4147/4446/4145 4145/4442/4143
f 4146/4444/4144 4145/4442/4143 4147/4446/4145
f 4148/4447/4146 4144/4441/4142 4143/4440/4141
f 4144/4441/4142 4148/4447/4146 4147/4446/4145
f 4149/4448/4147 4143/4440/4141 4142/4439/4140
f 4149/4448/4147 4148/4447/4146 4143/4440/4141
f 4150/4449/4148 4142/4439/4140 4141/4438/4139
f 4150/4449/4148 4149/4448/4147 4142/4439/4140
f 4146/4444/4144 4151/4450/4149 3386/4445/3386
f 4151/4450/4149 3294/4451/3294 3386/4445/3386
f 4152/4452/4150 4150/4449/4148 4141/4438/4139
f 4141/4438/4139 4131/4424/4129 4152/4452/4150
f 3294/4451/3294 4151/4450/4149 4153/4453/4151
f 4153/4453/4151 3292/4320/3292 3294/4451/3294
f 4154/4454/4152 4152/4452/4150 4131/4424/4129
f 4131/4424/4129 4109/4397/4107 4154/4454/4152
f 4098/4386/4096 4154/4454/4152 4109/4397/4107
f 4103/4391/4101 4154/4454/4152 4098/4386/4096
f 4152/4452/4150 4154/4454/4152 4155/4455/4153
f 4154/4454/4152 4103/4391/4101 4155/4455/4153
f 4150/4449/4148 4152/4452/4150 4156/4456/4154
f 4155/4455/4153 4156/4456/4154 4152/4452/4150
f 4157/4457/4155 4155/4455/4153 4103/4391/4101
f 4103/4391/4101 4084/4371/4082 4157/4457/4155
f 4156/4456/4154 4155/4455/4153 4158/4458/4156
f 4155/4455/4153 4157/4457/4155 4158/4458/4156
f 4159/4459/4157 4157/4457/4155 4084/4371/4082
f 4159/4459/4157 4158/4458/4156 4157/4457/4155
f 4079/4365/4077 4159/4459/4157 4084/4371/4082
f 4160/4460/4158 4150/4449/4148 4156/4456/4154
f 4158/4458/4156 4160/4460/4158 4156/4456/4154
f 4158/4458/4156 4159/4459/4157 4161/4461/4159
f 4160/4460/4158 4158/4458/4156 4161/4461/4159
f 4079/4365/4077 4162/4462/4160 4159/4459/4157
f 4162/4462/4160 4161/4461/4159 4159/4459/4157
f 4160/4460/4158 4163/4463/4161 4150/4449/4148
f 4163/4463/4161 4149/4448/4147 4150/4449/4148
f 4161/4461/4159 4164/4464/4162 4160/4460/4158
f 4164/4464/4162 4163/4463/4161 4160/4460/4158
f 4162/4462/4160 4079/4365/4077 4165/4465/4163
f 4165/4465/4163 4079/4365/4077 4074/4358/4072
f 4166/4466/4164 4165/4465/4163 4074/4358/4072
f 4166/4466/4164 4074/4358/4072 4057/4335/4055
f 4052/4328/4050 4166/4466/4164 4057/4335/4055
f 4167/4467/4165 4165/4465/4163 4166/4466/4164
f 4167/4467/4165 4162/4462/4160 4165/4465/4163
f 4166/4466/4164 4052/4328/4050 4168/4468/4166
f 4166/4466/4164 4168/4468/4166 4167/4467/4165
f 4052/4328/4050 4049/4324/4047 4168/4468/4166
f 4168/4468/4166 4049/4324/4047 4169/4469/4167
f 4169/4469/4167 4167/4467/4165 4168/4468/4166
f 4049/4324/4047 4051/4327/4049 4169/4469/4167
f 4170/4470/4168 4167/4467/4165 4169/4469/4167
f 4167/4467/4165 4170/4470/4168 4162/4462/4160
f 4169/4469/4167 4051/4327/4049 4170/4470/4168
f 4170/4470/4168 4171/4471/4169 4162/4462/4160
f 4171/4471/4169 4161/4461/4159 4162/4462/4160
f 4164/4464/4162 4161/4461/4159 4171/4471/4169
f 4051/4327/4049 4172/4472/4170 4170/4470/4168
f 4172/4472/4170 4171/4471/4169 4170/4470/4168
f 4171/4471/4169 4173/4473/4171 4164/4464/4162
f 4173/4473/4171 4171/4471/4169 4172/4472/4170
f 4174/4474/4172 4172/4472/4170 4051/4327/4049
f 4051/4327/4049 4042/4313/4040 4174/4474/4172
f 4175/4475/4173 4172/4472/4170 4174/4474/4172
f 4042/4313/4040 4175/4475/4173 4174/4474/4172
f 4172/4472/4170 4175/4475/4173 4173/4473/4171
f 4175/4475/4173 4042/4313/4040 4047/4322/4045
f 4175/4475/4173 4047/4322/4045 4176/4476/4174
f 4176/4476/4174 4047/4322/4045 4045/4318/4043
f 4177/4477/4175 4173/4473/4171 4175/4475/4173
f 4176/4476/4174 4177/4477/4175 4175/4475/4173
f 4178/4478/4176 4164/4464/4162 4173/4473/4171
f 4173/4473/4171 4177/4477/4175 4178/4478/4176
f 4176/4476/4174 4045/4318/4043 4179/4479/4177
f 4179/4479/4177 4045/4318/4043 3292/4320/3292
f 3292/4320/3292 4153/4453/4151 4179/4479/4177
f 4176/4476/4174 4180/4480/4178 4177/4477/4175
f 4180/4480/4178 4178/4478/4176 4177/4477/4175
f 4181/4481/4179 4176/4476/4174 4179/4479/4177
f 4181/4481/4179 4179/4479/4177 4153/4453/4151
f 4180/4480/4178 4176/4476/4174 4181/4481/4179
f 4164/4464/4162 4178/4478/4176 4182/4482/4180
f 4182/4482/4180 4163/4463/4161 4164/4464/4162
f 4180/4480/4178 4183/4483/4181 4178/4478/4176
f 4183/4483/4181 4182/4482/4180 4178/4478/4176
f 4181/4481/4179 4183/4483/4181 4180/4480/4178
f 4184/4484/4182 4181/4481/4179 4153/4453/4151
f 4184/4484/4182 4153/4453/4151 4151/4450/4149
f 4185/4485/4183 4163/4463/4161 4182/4482/4180
f 4182/4482/4180 4183/4483/4181 4185/4485/4183
f 4183/4483/4181 4181/4481/4179 4186/4486/4184
f 4184/4484/4182 4186/4486/4184 4181/4481/4179
f 4186/4486/4184 4185/4485/4183 4183/4483/4181
f 4187/4487/4185 4184/4484/4182 4151/4450/4149
f 4187/4487/4185 4186/4486/4184 4184/4484/4182
f 4146/4444/4144 4187/4487/4185 4151/4450/4149
f 4163/4463/4161 4185/4485/4183 4188/4488/4186
f 4163/4463/4161 4188/4488/4186 4149/4448/4147
f 4188/4488/4186 4148/4447/4146 4149/4448/4147
f 4185/4485/4183 4186/4486/4184 4189/4489/4187
f 4186/4486/4184 4187/4487/4185 4189/4489/4187
f 4189/4489/4187 4188/4488/4186 4185/4485/4183
f 4187/4487/4185 4146/4444/4144 4190/4490/4188
f 4190/4490/4188 4189/4489/4187 4187/4487/4185
f 4147/4446/4145 4190/4490/4188 4146/4444/4144
f 4191/4491/4189 4147/4446/4145 4148/4447/4146
f 4188/4488/4186 4191/4491/4189 4148/4447/4146
f 4188/4488/4186 4189/4489/4187 4191/4491/4189
f 4189/4489/4187 4190/4490/4188 4191/4491/4189
f 4190/4490/4188 4147/4446/4145 4191/4491/4189
f 3706/4492/3704 4192/4493/4190 187/187/187
f 3706/4492/3704 3702/4494/3700 4192/4493/4190
f 4192/4493/4190 182/182/182 187/187/187
f 4192/4493/4190 3702/4494/3700 4193/4495/4191
f 4193/4495/4191 3702/4494/3700 4194/4496/4192
f 3702/4494/3700 3700/4497/3698 4194/4496/4192
f 4194/4496/4192 3700/4497/3698 4195/4498/4193
f 3700/4497/3698 3676/4499/3674 4195/4498/4193
f 4196/4500/4194 4193/4495/4191 4194/4496/4192
f 4195/4498/4193 4196/4500/4194 4194/4496/4192
f 4197/4501/4195 4192/4493/4190 4193/4495/4191
f 4193/4495/4191 4196/4500/4194 4197/4501/4195
f 182/182/182 4192/4493/4190 4198/4502/4196
f 4192/4493/4190 4197/4501/4195 4198/4502/4196
f 4195/4498/4193 3676/4499/3674 4199/4503/4197
f 3676/4499/3674 3671/4504/3669 4199/4503/4197
f 182/182/182 4198/4502/4196 4200/4505/4198
f 4200/4505/4198 178/178/178 182/182/182
f 4198/4502/4196 4197/4501/4195 4201/4506/4199
f 4198/4502/4196 4201/4506/4199 4200/4505/4198
f 178/178/178 4200/4505/4198 4202/4507/4200
f 4202/4507/4200 171/171/171 178/178/178
f 4203/4508/4201 4197/4501/4195 4196/4500/4194
f 4203/4508/4201 4201/4506/4199 4197/4501/4195
f 4196/4500/4194 4195/4498/4193 4204/4509/4202
f 4199/4503/4197 4204/4509/4202 4195/4498/4193
f 4200/4505/4198 4201/4506/4199 4205/4510/4203
f 4200/4505/4198 4205/4510/4203 4202/4507/4200
f 171/171/171 4202/4507/4200 4206/4511/4204
f 4206/4511/4204 170/170/170 171/171/171
f 4207/4512/4205 4203/4508/4201 4196/4500/4194
f 4196/4500/4194 4204/4509/4202 4207/4512/4205
f 4201/4506/4199 4203/4508/4201 4208/4513/4206
f 4208/4513/4206 4205/4510/4203 4201/4506/4199
f 4202/4507/4200 4205/4510/4203 4209/4514/4207
f 4209/4514/4207 4206/4511/4204 4202/4507/4200
f 170/170/170 4206/4511/4204 4210/4515/4208
f 4210/4515/4208 145/145/145 170/170/170
f 4211/4516/4209 4203/4508/4201 4207/4512/4205
f 4211/4516/4209 4208/4513/4206 4203/4508/4201
f 4212/4517/4210 4207/4512/4205 4204/4509/4202
f 4212/4517/4210 4211/4516/4209 4207/4512/4205
f 4205/4510/4203 4208/4513/4206 4213/4518/4211
f 4205/4510/4203 4213/4518/4211 4209/4514/4207
f 4206/4511/4204 4209/4514/4207 4214/4519/4212
f 4214/4519/4212 4210/4515/4208 4206/4511/4204
f 145/145/145 4210/4515/4208 4215/4520/4213
f 145/145/145 4215/4520/4213 142/142/142
f 4215/4520/4213 138/138/138 142/142/142
f 4210/4515/4208 4214/4519/4212 4216/4521/4214
f 4210/4515/4208 4216/4521/4214 4215/4520/4213
f 4214/4519/4212 4209/4514/4207 4217/4522/4215
f 4216/4521/4214 4214/4519/4212 4217/4522/4215
f 4211/4516/4209 4218/4523/4216 4208/4513/4206
f 4218/4523/4216 4213/4518/4211 4208/4513/4206
f 4209/4514/4207 4213/4518/4211 4219/4524/4217
f 4217/4522/4215 4209/4514/4207 4219/4524/4217
f 4213/4518/4211 4220/4525/4218 4219/4524/4217
f 4213/4518/4211 4218/4523/4216 4220/4525/4218
f 4221/4526/4219 4217/4522/4215 4219/4524/4217
f 4219/4524/4217 4220/4525/4218 4221/4526/4219
f 138/138/138 4215/4520/4213 4222/4527/4220
f 4216/4521/4214 4223/4528/4221 4215/4520/4213
f 4215/4520/4213 4223/4528/4221 4222/4527/4220
f 4217/4522/4215 4224/4529/4222 4216/4521/4214
f 4224/4529/4222 4223/4528/4221 4216/4521/4214
f 138/138/138 4222/4527/4220 4225/4530/4223
f 131/131/131 138/138/138 4225/4530/4223
f 4225/4530/4223 4222/4527/4220 4226/4531/4224
f 4223/4528/4221 4226/4531/4224 4222/4527/4220
f 4225/4530/4223 4227/4532/4225 131/131/131
f 4225/4530/4223 4226/4531/4224 4227/4532/4225
f 4227/4532/4225 130/130/130 131/131/131
f 4227/4532/4225 4228/4533/4226 130/130/130
f 4228/4533/4226 122/122/122 130/130/130
f 4226/4531/4224 4229/4534/4227 4227/4532/4225
f 4229/4534/4227 4228/4533/4226 4227/4532/4225
f 4226/4531/4224 4223/4528/4221 4230/4535/4228
f 4230/4535/4228 4229/4534/4227 4226/4531/4224
f 4231/4536/4229 4224/4529/4222 4217/4522/4215
f 4217/4522/4215 4221/4526/4219 4231/4536/4229
f 4232/4537/4230 4230/4535/4228 4223/4528/4221
f 4223/4528/4221 4224/4529/4222 4232/4537/4230
f 122/122/122 4228/4533/4226 4233/4538/4231
f 4228/4533/4226 4229/4534/4227 4234/4539/4232
f 4234/4539/4232 4233/4538/4231 4228/4533/4226
f 4235/4540/4233 122/122/122 4233/4538/4231
f 122/122/122 4235/4540/4233 120/120/120
f 4233/4538/4231 4234/4539/4232 4236/4541/4234
f 4233/4538/4231 4236/4541/4234 4235/4540/4233
f 4237/4542/4235 120/120/120 4235/4540/4233
f 74/74/74 120/120/120 4237/4542/4235
f 4236/4541/4234 4238/4543/4236 4235/4540/4233
f 4238/4543/4236 4237/4542/4235 4235/4540/4233
f 4237/4542/4235 4239/4544/4237 74/74/74
f 4239/4544/4237 73/73/73 74/74/74
f 73/73/73 4239/4544/4237 72/72/72
f 4240/4545/4238 4237/4542/4235 4238/4543/4236
f 4239/4544/4237 4237/4542/4235 4240/4545/4238
f 4241/4546/4239 4238/4543/4236 4236/4541/4234
f 4241/4546/4239 4240/4545/4238 4238/4543/4236
f 4242/4547/4240 4236/4541/4234 4234/4539/4232
f 4236/4541/4234 4242/4547/4240 4241/4546/4239
f 4239/4544/4237 4243/4548/4241 72/72/72
f 71/71/71 72/72/72 4243/4548/4241
f 4244/4549/4242 4239/4544/4237 4240/4545/4238
f 4243/4548/4241 4239/4544/4237 4244/4549/4242
f 4241/4546/4239 4245/4550/4243 4240/4545/4238
f 4245/4550/4243 4244/4549/4242 4240/4545/4238
f 4242/4547/4240 4234/4539/4232 4246/4551/4244
f 4246/4551/4244 4234/4539/4232 4229/4534/4227
f 4247/4552/4245 71/71/71 4243/4548/4241
f 67/67/67 71/71/71 4247/4552/4245
f 4245/4550/4243 4241/4546/4239 4248/4553/4246
f 4248/4553/4246 4241/4546/4239 4242/4547/4240
f 4246/4551/4244 4229/4534/4227 4249/4554/4247
f 4229/4534/4227 4230/4535/4228 4249/4554/4247
f 4247/4552/4245 4250/4555/4248 67/67/67
f 63/63/63 67/67/67 4250/4555/4248
f 4249/4554/4247 4230/4535/4228 4251/4556/4249
f 4230/4535/4228 4232/4537/4230 4251/4556/4249
f 4250/4555/4248 4252/4557/4250 63/63/63
f 62/62/62 63/63/63 4252/4557/4250
f 4252/4557/4250 3477/4558/3475 62/62/62
f 4253/4559/4251 3477/4558/3475 4252/4557/4250
f 4253/4559/4251 4252/4557/4250 4250/4555/4248
f 3477/4558/3475 4253/4559/4251 3479/4560/3477
f 4253/4559/4251 3480/4561/3478 3479/4560/3477
f 4247/4552/4245 4254/4562/4252 4250/4555/4248
f 4253/4559/4251 4250/4555/4248 4254/4562/4252
f 3480/4561/3478 4253/4559/4251 4255/4563/4253
f 4254/4562/4252 4255/4563/4253 4253/4559/4251
f 3483/4564/3481 3480/4561/3478 4255/4563/4253
f 4254/4562/4252 4247/4552/4245 4256/4565/4254
f 4243/4548/4241 4256/4565/4254 4247/4552/4245
f 4257/4566/4255 3483/4564/3481 4255/4563/4253
f 3489/4567/3487 3483/4564/3481 4257/4566/4255
f 4255/4563/4253 4254/4562/4252 4258/4568/4256
f 4256/4565/4254 4258/4568/4256 4254/4562/4252
f 4255/4563/4253 4258/4568/4256 4257/4566/4255
f 4256/4565/4254 4243/4548/4241 4259/4569/4257
f 4244/4549/4242 4259/4569/4257 4243/4548/4241
f 4258/4568/4256 4256/4565/4254 4260/4570/4258
f 4259/4569/4257 4260/4570/4258 4256/4565/4254
f 4259/4569/4257 4244/4549/4242 4261/4571/4259
f 4245/4550/4243 4261/4571/4259 4244/4549/4242
f 4261/4571/4259 4245/4550/4243 4262/4572/4260
f 4248/4553/4246 4262/4572/4260 4245/4550/4243
f 4263/4573/4261 4259/4569/4257 4261/4571/4259
f 4264/4574/4262 4261/4571/4259 4262/4572/4260
f 4263/4573/4261 4261/4571/4259 4264/4574/4262
f 4265/4575/4263 4263/4573/4261 4264/4574/4262
f 4262/4572/4260 4248/4553/4246 4266/4576/4264
f 4266/4576/4264 4264/4574/4262 4262/4572/4260
f 4267/4577/4265 4259/4569/4257 4263/4573/4261
f 4260/4570/4258 4259/4569/4257 4267/4577/4265
f 4268/4578/4266 4267/4577/4265 4263/4573/4261
f 4268/4578/4266 4263/4573/4261 4265/4575/4263
f 4269/4579/4267 4260/4570/4258 4267/4577/4265
f 4269/4579/4267 4267/4577/4265 4268/4578/4266
f 4260/4570/4258 4270/4580/4268 4258/4568/4256
f 4270/4580/4268 4260/4570/4258 4269/4579/4267
f 4266/4576/4264 4248/4553/4246 4271/4581/4269
f 4271/4581/4269 4248/4553/4246 4242/4547/4240
f 4242/4547/4240 4272/4582/4270 4271/4581/4269
f 4272/4582/4270 4242/4547/4240 4246/4551/4244
f 4273/4583/4271 4266/4576/4264 4271/4581/4269
f 4273/4583/4271 4271/4581/4269 4272/4582/4270
f 4274/4584/4272 4258/4568/4256 4270/4580/4268
f 4258/4568/4256 4274/4584/4272 4257/4566/4255
f 4275/4585/4273 4257/4566/4255 4274/4584/4272
f 4270/4580/4268 4275/4585/4273 4274/4584/4272
f 4273/4583/4271 4276/4586/4274 4266/4576/4264
f 4264/4574/4262 4266/4576/4264 4276/4586/4274
f 4275/4585/4273 4277/4587/4275 4257/4566/4255
f 4277/4587/4275 3489/4567/3487 4257/4566/4255
f 4278/4588/4276 3489/4567/3487 4277/4587/4275
f 3504/4589/3502 3489/4567/3487 4278/4588/4276
f 4264/4574/4262 4276/4586/4274 4279/4590/4277
f 4279/4590/4277 4265/4575/4263 4264/4574/4262
f 4280/4591/4278 4277/4587/4275 4275/4585/4273
f 4278/4588/4276 4277/4587/4275 4280/4591/4278
f 4281/4592/4279 3504/4589/3502 4278/4588/4276
f 3507/4593/3505 3504/4589/3502 4281/4592/4279
f 4282/4594/4280 4278/4588/4276 4280/4591/4278
f 4281/4592/4279 4278/4588/4276 4282/4594/4280
f 4283/4595/4281 3507/4593/3505 4281/4592/4279
f 4283/4595/4281 3510/4596/3508 3507/4593/3505
f 4283/4595/4281 4281/4592/4279 4284/4597/4282
f 4284/4597/4282 4281/4592/4279 4282/4594/4280
f 4285/4598/4283 3510/4596/3508 4283/4595/4281
f 4285/4598/4283 4283/4595/4281 4284/4597/4282
f 3510/4596/3508 4285/4598/4283 3511/4599/3509
f 3511/4599/3509 4285/4598/4283 4286/4600/4284
f 3515/4601/3513 3511/4599/3509 4286/4600/4284
f 4287/4602/4285 3515/4601/3513 4286/4600/4284
f 3517/4603/3515 3515/4601/3513 4287/4602/4285
f 4288/4604/4286 3517/4603/3515 4287/4602/4285
f 3517/4603/3515 4288/4604/4286 3519/4605/3517
f 4288/4604/4286 3520/4606/3518 3519/4605/3517
f 3520/4606/3518 4288/4604/4286 4289/4607/4287
f 4289/4607/4287 3522/4608/3520 3520/4606/3518
f 4287/4602/4285 4290/4609/4288 4288/4604/4286
f 4290/4609/4288 4289/4607/4287 4288/4604/4286
f 4286/4600/4284 4291/4610/4289 4287/4602/4285
f 4290/4609/4288 4287/4602/4285 4291/4610/4289
f 4285/4598/4283 4292/4611/4290 4286/4600/4284
f 4291/4610/4289 4286/4600/4284 4292/4611/4290
f 3522/4608/3520 4289/4607/4287 4293/4612/4291
f 3528/4613/3526 3522/4608/3520 4293/4612/4291
f 4289/4607/4287 4290/4609/4288 4294/4614/4292
f 4293/4612/4291 4289/4607/4287 4294/4614/4292
f 4291/4610/4289 4295/4615/4293 4290/4609/4288
f 4294/4614/4292 4290/4609/4288 4295/4615/4293
f 4296/4616/4294 3528/4613/3526 4293/4612/4291
f 3533/4617/3531 3528/4613/3526 4296/4616/4294
f 4293/4612/4291 4294/4614/4292 4297/4618/4295
f 4296/4616/4294 4293/4612/4291 4297/4618/4295
f 4298/4619/4296 3533/4617/3531 4296/4616/4294
f 3537/4620/3535 3533/4617/3531 4298/4619/4296
f 4292/4611/4290 4285/4598/4283 4299/4621/4297
f 4285/4598/4283 4284/4597/4282 4299/4621/4297
f 4292/4611/4290 4300/4622/4298 4291/4610/4289
f 4291/4610/4289 4300/4622/4298 4295/4615/4293
f 4295/4615/4293 4301/4623/4299 4294/4614/4292
f 4297/4618/4295 4294/4614/4292 4301/4623/4299
f 4302/4624/4300 4296/4616/4294 4297/4618/4295
f 4298/4619/4296 4296/4616/4294 4302/4624/4300
f 4303/4625/4301 3537/4620/3535 4298/4619/4296
f 4303/4625/4301 3543/4626/3541 3537/4620/3535
f 4295/4615/4293 4304/4627/4302 4301/4623/4299
f 4300/4622/4298 4304/4627/4302 4295/4615/4293
f 4305/4628/4303 4297/4618/4295 4301/4623/4299
f 4302/4624/4300 4297/4618/4295 4305/4628/4303
f 4301/4623/4299 4304/4627/4302 4305/4628/4303
f 4300/4622/4298 4292/4611/4290 4306/4629/4304
f 4299/4621/4297 4306/4629/4304 4292/4611/4290
f 4307/4630/4305 4298/4619/4296 4302/4624/4300
f 4307/4630/4305 4303/4625/4301 4298/4619/4296
f 4305/4628/4303 4308/4631/4306 4302/4624/4300
f 4304/4627/4302 4308/4631/4306 4305/4628/4303
f 4307/4630/4305 4302/4624/4300 4308/4631/4306
f 4304/4627/4302 4300/4622/4298 4309/4632/4307
f 4300/4622/4298 4306/4629/4304 4309/4632/4307
f 4308/4631/4306 4304/4627/4302 4310/4633/4308
f 4309/4632/4307 4310/4633/4308 4304/4627/4302
f 4303/4625/4301 4307/4630/4305 4311/4634/4309
f 4308/4631/4306 4312/4635/4310 4307/4630/4305
f 4312/4635/4310 4311/4634/4309 4307/4630/4305
f 4313/4636/4311 4308/4631/4306 4310/4633/4308
f 4308/4631/4306 4313/4636/4311 4312/4635/4310
f 4310/4633/4308 4309/4632/4307 4314/4637/4312
f 4313/4636/4311 4310/4633/4308 4314/4637/4312
f 4303/4625/4301 4311/4634/4309 4315/4638/4313
f 4315/4638/4313 3543/4626/3541 4303/4625/4301
f 4311/4634/4309 4312/4635/4310 4316/4639/4314
f 4313/4636/4311 4316/4639/4314 4312/4635/4310
f 3543/4626/3541 4315/4638/4313 4317/4640/4315
f 4317/4640/4315 3555/4641/3553 3543/4626/3541
f 4318/4642/4316 4315/4638/4313 4311/4634/4309
f 4311/4634/4309 4316/4639/4314 4318/4642/4316
f 4319/4643/4317 4318/4642/4316 4316/4639/4314
f 4320/4644/4318 4315/4638/4313 4318/4642/4316
f 4317/4640/4315 4315/4638/4313 4320/4644/4318
f 4319/4643/4317 4320/4644/4318 4318/4642/4316
f 4321/4645/4319 3555/4641/3553 4317/4640/4315
f 4320/4644/4318 4321/4645/4319 4317/4640/4315
f 4321/4645/4319 3560/4646/3558 3555/4641/3553
f 4316/4639/4314 4313/4636/4311 4322/4647/4320
f 4319/4643/4317 4316/4639/4314 4322/4647/4320
f 4323/4648/4321 3560/4646/3558 4321/4645/4319
f 3563/4649/3561 3560/4646/3558 4323/4648/4321
f 4321/4645/4319 4320/4644/4318 4324/4650/4322
f 4323/4648/4321 4321/4645/4319 4324/4650/4322
f 4325/4651/4323 4322/4647/4320 4313/4636/4311
f 4314/4637/4312 4325/4651/4323 4313/4636/4311
f 4322/4647/4320 4325/4651/4323 4326/4652/4324
f 4319/4643/4317 4322/4647/4320 4326/4652/4324
f 4314/4637/4312 4265/4575/4263 4325/4651/4323
f 4265/4575/4263 4326/4652/4324 4325/4651/4323
f 4327/4653/4325 4265/4575/4263 4314/4637/4312
f 4309/4632/4307 4327/4653/4325 4314/4637/4312
f 4265/4575/4263 4279/4590/4277 4326/4652/4324
f 4327/4653/4325 4268/4578/4266 4265/4575/4263
f 4309/4632/4307 4328/4654/4326 4327/4653/4325
f 4306/4629/4304 4328/4654/4326 4309/4632/4307
f 4329/4655/4327 4268/4578/4266 4327/4653/4325
f 4328/4654/4326 4329/4655/4327 4327/4653/4325
f 4329/4655/4327 4269/4579/4267 4268/4578/4266
f 4326/4652/4324 4279/4590/4277 4330/4656/4328
f 4326/4652/4324 4330/4656/4328 4319/4643/4317
f 4306/4629/4304 4331/4657/4329 4328/4654/4326
f 4329/4655/4327 4328/4654/4326 4331/4657/4329
f 4332/4658/4330 4269/4579/4267 4329/4655/4327
f 4331/4657/4329 4332/4658/4330 4329/4655/4327
f 4332/4658/4330 4270/4580/4268 4269/4579/4267
f 4279/4590/4277 4333/4659/4331 4330/4656/4328
f 4276/4586/4274 4333/4659/4331 4279/4590/4277
f 4334/4660/4332 4319/4643/4317 4330/4656/4328
f 4330/4656/4328 4333/4659/4331 4334/4660/4332
f 4331/4657/4329 4306/4629/4304 4335/4661/4333
f 4306/4629/4304 4299/4621/4297 4335/4661/4333
f 4331/4657/4329 4336/4662/4334 4332/4658/4330
f 4335/4661/4333 4336/4662/4334 4331/4657/4329
f 4337/4663/4335 4270/4580/4268 4332/4658/4330
f 4336/4662/4334 4337/4663/4335 4332/4658/4330
f 4275/4585/4273 4270/4580/4268 4337/4663/4335
f 4299/4621/4297 4338/4664/4336 4335/4661/4333
f 4336/4662/4334 4335/4661/4333 4338/4664/4336
f 4338/4664/4336 4299/4621/4297 4284/4597/4282
f 4282/4594/4280 4338/4664/4336 4284/4597/4282
f 4275/4585/4273 4337/4663/4335 4339/4665/4337
f 4339/4665/4337 4337/4663/4335 4336/4662/4334
f 4280/4591/4278 4275/4585/4273 4339/4665/4337
f 4338/4664/4336 4282/4594/4280 4340/4666/4338
f 4340/4666/4338 4336/4662/4334 4338/4664/4336
f 4282/4594/4280 4280/4591/4278 4340/4666/4338
f 4336/4662/4334 4340/4666/4338 4339/4665/4337
f 4280/4591/4278 4339/4665/4337 4340/4666/4338
f 4276/4586/4274 4341/4667/4339 4333/4659/4331
f 4276/4586/4274 4273/4583/4271 4341/4667/4339
f 4341/4667/4339 4273/4583/4271 4342/4668/4340
f 4342/4668/4340 4273/4583/4271 4272/4582/4270
f 4342/4668/4340 4272/4582/4270 4343/4669/4341
f 4246/4551/4244 4343/4669/4341 4272/4582/4270
f 4343/4669/4341 4246/4551/4244 4344/4670/4342
f 4246/4551/4244 4249/4554/4247 4344/4670/4342
f 4344/4670/4342 4249/4554/4247 4345/4671/4343
f 4249/4554/4247 4251/4556/4249 4345/4671/4343
f 4346/4672/4344 4343/4669/4341 4344/4670/4342
f 4344/4670/4342 4345/4671/4343 4346/4672/4344
f 4345/4671/4343 4251/4556/4249 4347/4673/4345
f 4346/4672/4344 4345/4671/4343 4348/4674/4346
f 4345/4671/4343 4347/4673/4345 4348/4674/4346
f 4251/4556/4249 4349/4675/4347 4347/4673/4345
f 4349/4675/4347 4251/4556/4249 4232/4537/4230
f 4224/4529/4222 4349/4675/4347 4232/4537/4230
f 4349/4675/4347 4224/4529/4222 4350/4676/4348
f 4224/4529/4222 4231/4536/4229 4350/4676/4348
f 4351/4677/4349 4347/4673/4345 4349/4675/4347
f 4349/4675/4347 4350/4676/4348 4351/4677/4349
f 4348/4674/4346 4347/4673/4345 4352/4678/4350
f 4347/4673/4345 4351/4677/4349 4352/4678/4350
f 4343/4669/4341 4346/4672/4344 4353/4679/4351
f 4348/4674/4346 4354/4680/4352 4346/4672/4344
f 4354/4680/4352 4353/4679/4351 4346/4672/4344
f 4353/4679/4351 4355/4681/4353 4343/4669/4341
f 4355/4681/4353 4342/4668/4340 4343/4669/4341
f 4356/4682/4354 4350/4676/4348 4231/4536/4229
f 4357/4683/4355 4351/4677/4349 4350/4676/4348
f 4350/4676/4348 4356/4682/4354 4357/4683/4355
f 4231/4536/4229 4358/4684/4356 4356/4682/4354
f 4231/4536/4229 4221/4526/4219 4358/4684/4356
f 4221/4526/4219 4359/4685/4357 4358/4684/4356
f 4359/4685/4357 4221/4526/4219 4220/4525/4218
f 4220/4525/4218 4360/4686/4358 4359/4685/4357
f 4220/4525/4218 4218/4523/4216 4360/4686/4358
f 4351/4677/4349 4357/4683/4355 4361/4687/4359
f 4357/4683/4355 4356/4682/4354 4362/4688/4360
f 4362/4688/4360 4361/4687/4359 4357/4683/4355
f 4363/4689/4361 4351/4677/4349 4361/4687/4359
f 4351/4677/4349 4363/4689/4361 4352/4678/4350
f 4361/4687/4359 4362/4688/4360 4364/4690/4362
f 4364/4690/4362 4363/4689/4361 4361/4687/4359
f 4358/4684/4356 4359/4685/4357 4365/4691/4363
f 4366/4692/4364 4359/4685/4357 4360/4686/4358
f 4359/4685/4357 4366/4692/4364 4365/4691/4363
f 4367/4693/4365 4360/4686/4358 4218/4523/4216
f 4360/4686/4358 4367/4693/4365 4366/4692/4364
f 4368/4694/4366 4356/4682/4354 4358/4684/4356
f 4358/4684/4356 4365/4691/4363 4368/4694/4366
f 4362/4688/4360 4356/4682/4354 4369/4695/4367
f 4356/4682/4354 4368/4694/4366 4369/4695/4367
f 4370/4696/4368 4364/4690/4362 4362/4688/4360
f 4362/4688/4360 4369/4695/4367 4370/4696/4368
f 4367/4693/4365 4218/4523/4216 4371/4697/4369
f 4218/4523/4216 4211/4516/4209 4371/4697/4369
f 4372/4698/4370 4371/4697/4369 4211/4516/4209
f 4211/4516/4209 4212/4517/4210 4372/4698/4370
f 4373/4699/4371 4367/4693/4365 4371/4697/4369
f 4371/4697/4369 4372/4698/4370 4373/4699/4371
f 4374/4700/4372 4366/4692/4364 4367/4693/4365
f 4375/4701/4373 4365/4691/4363 4366/4692/4364
f 4366/4692/4364 4374/4700/4372 4375/4701/4373
f 4368/4694/4366 4365/4691/4363 4376/4702/4374
f 4365/4691/4363 4375/4701/4373 4376/4702/4374
f 4369/4695/4367 4368/4694/4366 4377/4703/4375
f 4376/4702/4374 4377/4703/4375 4368/4694/4366
f 4370/4696/4368 4369/4695/4367 4378/4704/4376
f 4377/4703/4375 4378/4704/4376 4369/4695/4367
f 4367/4693/4365 4373/4699/4371 4379/4705/4377
f 4367/4693/4365 4379/4705/4377 4374/4700/4372
f 4380/4706/4378 4373/4699/4371 4372/4698/4370
f 4373/4699/4371 4381/4707/4379 4379/4705/4377
f 4381/4707/4379 4373/4699/4371 4380/4706/4378
f 4372/4698/4370 4382/4708/4380 4380/4706/4378
f 4212/4517/4210 4382/4708/4380 4372/4698/4370
f 4378/4704/4376 4383/4709/4381 4370/4696/4368
f 4384/4710/4382 4378/4704/4376 4377/4703/4375
f 4383/4709/4381 4378/4704/4376 4384/4710/4382
f 4385/4711/4383 4370/4696/4368 4383/4709/4381
f 4370/4696/4368 4385/4711/4383 4364/4690/4362
f 4377/4703/4375 4386/4712/4384 4384/4710/4382
f 4386/4712/4384 4377/4703/4375 4376/4702/4374
f 4384/4710/4382 4387/4713/4385 4383/4709/4381
f 4383/4709/4381 4387/4713/4385 4385/4711/4383
f 4385/4711/4383 4388/4714/4386 4364/4690/4362
f 4363/4689/4361 4364/4690/4362 4388/4714/4386
f 4389/4715/4387 4388/4714/4386 4385/4711/4383
f 4387/4713/4385 4389/4715/4387 4385/4711/4383
f 4390/4716/4388 4363/4689/4361 4388/4714/4386
f 4388/4714/4386 4389/4715/4387 4390/4716/4388
f 4386/4712/4384 4391/4717/4389 4384/4710/4382
f 4384/4710/4382 4391/4717/4389 4387/4713/4385
f 4387/4713/4385 4392/4718/4390 4389/4715/4387
f 4389/4715/4387 4392/4718/4390 4390/4716/4388
f 4363/4689/4361 4390/4716/4388 4393/4719/4391
f 4393/4719/4391 4352/4678/4350 4363/4689/4361
f 4387/4713/4385 4394/4720/4392 4392/4718/4390
f 4391/4717/4389 4394/4720/4392 4387/4713/4385
f 4395/4721/4393 4390/4716/4388 4392/4718/4390
f 4395/4721/4393 4393/4719/4391 4390/4716/4388
f 4395/4721/4393 4392/4718/4390 4394/4720/4392
f 4352/4678/4350 4393/4719/4391 4396/4722/4394
f 4348/4674/4346 4352/4678/4350 4396/4722/4394
f 4397/4723/4395 4396/4722/4394 4393/4719/4391
f 4397/4723/4395 4393/4719/4391 4395/4721/4393
f 4398/4724/4396 4348/4674/4346 4396/4722/4394
f 4396/4722/4394 4397/4723/4395 4398/4724/4396
f 4348/4674/4346 4398/4724/4396 4354/4680/4352
f 4399/4725/4397 4354/4680/4352 4398/4724/4396
f 4353/4679/4351 4354/4680/4352 4399/4725/4397
f 4397/4723/4395 4400/4726/4398 4398/4724/4396
f 4399/4725/4397 4398/4724/4396 4400/4726/4398
f 4401/4727/4399 4397/4723/4395 4395/4721/4393
f 4400/4726/4398 4397/4723/4395 4401/4727/4399
f 4394/4720/4392 4402/4728/4400 4395/4721/4393
f 4401/4727/4399 4395/4721/4393 4402/4728/4400
f 4403/4729/4401 4353/4679/4351 4399/4725/4397
f 4355/4681/4353 4353/4679/4351 4403/4729/4401
f 4400/4726/4398 4404/4730/4402 4399/4725/4397
f 4399/4725/4397 4404/4730/4402 4403/4729/4401
f 4405/4731/4403 4403/4729/4401 4404/4730/4402
f 4404/4730/4402 4400/4726/4398 4406/4732/4404
f 4401/4727/4399 4406/4732/4404 4400/4726/4398
f 4405/4731/4403 4404/4730/4402 4406/4732/4404
f 4406/4732/4404 4401/4727/4399 4407/4733/4405
f 4407/4733/4405 4401/4727/4399 4402/4728/4400
f 4402/4728/4400 4394/4720/4392 4408/4734/4406
f 4391/4717/4389 4408/4734/4406 4394/4720/4392
f 4409/4735/4407 4355/4681/4353 4403/4729/4401
f 4409/4735/4407 4403/4729/4401 4405/4731/4403
f 4405/4731/4403 4406/4732/4404 4410/4736/4408
f 4410/4736/4408 4406/4732/4404 4407/4733/4405
f 4402/4728/4400 4411/4737/4409 4407/4733/4405
f 4408/4734/4406 4411/4737/4409 4402/4728/4400
f 4408/4734/4406 4391/4717/4389 4412/4738/4410
f 4386/4712/4384 4412/4738/4410 4391/4717/4389
f 4407/4733/4405 4413/4739/4411 4410/4736/4408
f 4413/4739/4411 4407/4733/4405 4411/4737/4409
f 4411/4737/4409 4408/4734/4406 4414/4740/4412
f 4412/4738/4410 4414/4740/4412 4408/4734/4406
f 4415/4741/4413 4412/4738/4410 4386/4712/4384
f 4386/4712/4384 4376/4702/4374 4415/4741/4413
f 4415/4741/4413 4416/4742/4414 4412/4738/4410
f 4414/4740/4412 4412/4738/4410 4416/4742/4414
f 4376/4702/4374 4417/4743/4415 4415/4741/4413
f 4416/4742/4414 4415/4741/4413 4417/4743/4415
f 4417/4743/4415 4376/4702/4374 4375/4701/4373
f 4418/4744/4416 4414/4740/4412 4416/4742/4414
f 4417/4743/4415 4418/4744/4416 4416/4742/4414
f 4419/4745/4417 4411/4737/4409 4414/4740/4412
f 4414/4740/4412 4418/4744/4416 4419/4745/4417
f 4375/4701/4373 4420/4746/4418 4417/4743/4415
f 4418/4744/4416 4417/4743/4415 4420/4746/4418
f 4411/4737/4409 4421/4747/4419 4413/4739/4411
f 4411/4737/4409 4419/4745/4417 4421/4747/4419
f 4420/4746/4418 4375/4701/4373 4422/4748/4420
f 4422/4748/4420 4375/4701/4373 4374/4700/4372
f 4374/4700/4372 4423/4749/4421 4422/4748/4420
f 4423/4749/4421 4374/4700/4372 4379/4705/4377
f 4424/4750/4422 4420/4746/4418 4422/4748/4420
f 4424/4750/4422 4422/4748/4420 4423/4749/4421
f 4420/4746/4418 4425/4751/4423 4418/4744/4416
f 4420/4746/4418 4424/4750/4422 4425/4751/4423
f 4418/4744/4416 4425/4751/4423 4426/4752/4424
f 4424/4750/4422 4426/4752/4424 4425/4751/4423
f 4426/4752/4424 4419/4745/4417 4418/4744/4416
f 4427/4753/4425 4423/4749/4421 4379/4705/4377
f 4379/4705/4377 4381/4707/4379 4427/4753/4425
f 4428/4754/4426 4424/4750/4422 4423/4749/4421
f 4426/4752/4424 4424/4750/4422 4428/4754/4426
f 4423/4749/4421 4427/4753/4425 4428/4754/4426
f 4429/4755/4427 4419/4745/4417 4426/4752/4424
f 4426/4752/4424 4428/4754/4426 4429/4755/4427
f 4421/4747/4419 4419/4745/4417 4430/4756/4428
f 4419/4745/4417 4429/4755/4427 4430/4756/4428
f 4429/4755/4427 4428/4754/4426 4431/4757/4429
f 4431/4757/4429 4428/4754/4426 4427/4753/4425
f 4429/4755/4427 4431/4757/4429 4430/4756/4428
f 4430/4756/4428 4432/4758/4430 4421/4747/4419
f 4431/4757/4429 4432/4758/4430 4430/4756/4428
f 4432/4758/4430 4413/4739/4411 4421/4747/4419
f 4433/4759/4431 4413/4739/4411 4432/4758/4430
f 4431/4757/4429 4433/4759/4431 4432/4758/4430
f 4433/4759/4431 4410/4736/4408 4413/4739/4411
f 4427/4753/4425 4434/4760/4432 4431/4757/4429
f 4434/4760/4432 4427/4753/4425 4381/4707/4379
f 4433/4759/4431 4431/4757/4429 4434/4760/4432
f 4435/4761/4433 4410/4736/4408 4433/4759/4431
f 4434/4760/4432 4435/4761/4433 4433/4759/4431
f 4405/4731/4403 4410/4736/4408 4435/4761/4433
f 4381/4707/4379 4436/4762/4434 4434/4760/4432
f 4435/4761/4433 4434/4760/4432 4436/4762/4434
f 4380/4706/4378 4436/4762/4434 4381/4707/4379
f 4405/4731/4403 4435/4761/4433 4437/4763/4435
f 4436/4762/4434 4437/4763/4435 4435/4761/4433
f 4380/4706/4378 4438/4764/4436 4436/4762/4434
f 4437/4763/4435 4436/4762/4434 4438/4764/4436
f 4380/4706/4378 4382/4708/4380 4438/4764/4436
f 4439/4765/4437 4405/4731/4403 4437/4763/4435
f 4437/4763/4435 4438/4764/4436 4439/4765/4437
f 4405/4731/4403 4439/4765/4437 4409/4735/4407
f 4382/4708/4380 4440/4766/4438 4438/4764/4436
f 4440/4766/4438 4439/4765/4437 4438/4764/4436
f 4441/4767/4439 4409/4735/4407 4439/4765/4437
f 4440/4766/4438 4441/4767/4439 4439/4765/4437
f 4382/4708/4380 4442/4768/4440 4440/4766/4438
f 4382/4708/4380 4212/4517/4210 4442/4768/4440
f 4441/4767/4439 4443/4769/4441 4409/4735/4407
f 4355/4681/4353 4409/4735/4407 4443/4769/4441
f 4355/4681/4353 4443/4769/4441 4444/4770/4442
f 4444/4770/4442 4342/4668/4340 4355/4681/4353
f 4441/4767/4439 4440/4766/4438 4445/4771/4443
f 4442/4768/4440 4445/4771/4443 4440/4766/4438
f 4442/4768/4440 4212/4517/4210 4446/4772/4444
f 4204/4509/4202 4446/4772/4444 4212/4517/4210
f 4204/4509/4202 4199/4503/4197 4446/4772/4444
f 4441/4767/4439 4447/4773/4445 4443/4769/4441
f 4447/4773/4445 4444/4770/4442 4443/4769/4441
f 4342/4668/4340 4444/4770/4442 4448/4774/4446
f 4448/4774/4446 4341/4667/4339 4342/4668/4340
f 4442/4768/4440 4446/4772/4444 4449/4775/4447
f 4445/4771/4443 4442/4768/4440 4449/4775/4447
f 4446/4772/4444 4199/4503/4197 4450/4776/4448
f 4446/4772/4444 4450/4776/4448 4449/4775/4447
f 4445/4771/4443 4451/4777/4449 4441/4767/4439
f 4447/4773/4445 4441/4767/4439 4451/4777/4449
f 4444/4770/4442 4447/4773/4445 4452/4778/4450
f 4452/4778/4450 4448/4774/4446 4444/4770/4442
f 4453/4779/4451 4341/4667/4339 4448/4774/4446
f 4448/4774/4446 4452/4778/4450 4453/4779/4451
f 4449/4775/4447 4454/4780/4452 4445/4771/4443
f 4451/4777/4449 4445/4771/4443 4454/4780/4452
f 4451/4777/4449 4455/4781/4453 4447/4773/4445
f 4455/4781/4453 4452/4778/4450 4447/4773/4445
f 4199/4503/4197 4456/4782/4454 4450/4776/4448
f 4199/4503/4197 3671/4504/3669 4456/4782/4454
f 3671/4504/3669 3670/4783/3668 4456/4782/4454
f 4456/4782/4454 3670/4783/3668 3666/4784/3664
f 4450/4776/4448 4457/4785/4455 4449/4775/4447
f 4454/4780/4452 4449/4775/4447 4457/4785/4455
f 4454/4780/4452 4458/4786/4456 4451/4777/4449
f 4455/4781/4453 4451/4777/4449 4458/4786/4456
f 4456/4782/4454 4459/4787/4457 4450/4776/4448
f 4450/4776/4448 4459/4787/4457 4457/4785/4455
f 4456/4782/4454 3666/4784/3664 4460/4788/4458
f 4459/4787/4457 4456/4782/4454 4460/4788/4458
f 3666/4784/3664 3661/4789/3659 4460/4788/4458
f 4458/4786/4456 4454/4780/4452 4461/4790/4459
f 4457/4785/4455 4461/4790/4459 4454/4780/4452
f 4457/4785/4455 4459/4787/4457 4462/4791/4460
f 4461/4790/4459 4457/4785/4455 4462/4791/4460
f 4459/4787/4457 4460/4788/4458 4463/4792/4461
f 4459/4787/4457 4463/4792/4461 4462/4791/4460
f 4460/4788/4458 3661/4789/3659 4464/4793/4462
f 4460/4788/4458 4464/4793/4462 4463/4792/4461
f 4465/4794/4463 4458/4786/4456 4461/4790/4459
f 4465/4794/4463 4455/4781/4453 4458/4786/4456
f 4462/4791/4460 4466/4795/4464 4461/4790/4459
f 4461/4790/4459 4466/4795/4464 4465/4794/4463
f 3661/4789/3659 4467/4796/4465 4464/4793/4462
f 4467/4796/4465 3661/4789/3659 3657/4797/3655
f 4463/4792/4461 4468/4798/4466 4462/4791/4460
f 4466/4795/4464 4462/4791/4460 4468/4798/4466
f 4464/4793/4462 4469/4799/4467 4463/4792/4461
f 4464/4793/4462 4467/4796/4465 4469/4799/4467
f 4463/4792/4461 4469/4799/4467 4468/4798/4466
f 3657/4797/3655 4470/4800/4468 4467/4796/4465
f 4470/4800/4468 3657/4797/3655 3654/4801/3652
f 4471/4802/4469 4466/4795/4464 4468/4798/4466
f 4471/4802/4469 4465/4794/4463 4466/4795/4464
f 4467/4796/4465 4472/4803/4470 4469/4799/4467
f 4467/4796/4465 4470/4800/4468 4472/4803/4470
f 4469/4799/4467 4473/4804/4471 4468/4798/4466
f 4471/4802/4469 4468/4798/4466 4473/4804/4471
f 4469/4799/4467 4472/4803/4470 4473/4804/4471
f 4470/4800/4468 3654/4801/3652 4474/4805/4472
f 3654/4801/3652 3598/4806/3596 4474/4805/4472
f 4470/4800/4468 4475/4807/4473 4472/4803/4470
f 4475/4807/4473 4470/4800/4468 4474/4805/4472
f 4472/4803/4470 4476/4808/4474 4473/4804/4471
f 4476/4808/4474 4472/4803/4470 4475/4807/4473
f 4471/4802/4469 4473/4804/4471 4477/4809/4475
f 4477/4809/4475 4473/4804/4471 4476/4808/4474
f 4478/4810/4476 4465/4794/4463 4471/4802/4469
f 4478/4810/4476 4471/4802/4469 4477/4809/4475
f 3598/4806/3596 4479/4811/4477 4474/4805/4472
f 4479/4811/4477 3598/4806/3596 3595/4812/3593
f 4475/4807/4473 4474/4805/4472 4480/4813/4478
f 4474/4805/4472 4479/4811/4477 4480/4813/4478
f 4475/4807/4473 4481/4814/4479 4476/4808/4474
f 4481/4814/4479 4475/4807/4473 4480/4813/4478
f 4482/4815/4480 4477/4809/4475 4476/4808/4474
f 4476/4808/4474 4481/4814/4479 4482/4815/4480
f 3595/4812/3593 4483/4816/4481 4479/4811/4477
f 4483/4816/4481 3595/4812/3593 3593/4817/3591
f 4480/4813/4478 4479/4811/4477 4484/4818/4482
f 4479/4811/4477 4483/4816/4481 4484/4818/4482
f 4481/4814/4479 4480/4813/4478 4485/4819/4483
f 4480/4813/4478 4484/4818/4482 4485/4819/4483
f 3593/4817/3591 4486/4820/4484 4483/4816/4481
f 4486/4820/4484 3593/4817/3591 3586/4821/3584
f 4485/4819/4483 4487/4822/4485 4481/4814/4479
f 4481/4814/4479 4487/4822/4485 4482/4815/4480
f 4484/4818/4482 4483/4816/4481 4488/4823/4486
f 4483/4816/4481 4486/4820/4484 4488/4823/4486
f 3586/4821/3584 4489/4824/4487 4486/4820/4484
f 4488/4823/4486 4486/4820/4484 4489/4824/4487
f 4489/4824/4487 3586/4821/3584 3584/4825/3582
f 4484/4818/4482 4490/4826/4488 4485/4819/4483
f 4487/4822/4485 4485/4819/4483 4490/4826/4488
f 4490/4826/4488 4484/4818/4482 4488/4823/4486
f 4491/4827/4489 4482/4815/4480 4487/4822/4485
f 4487/4822/4485 4490/4826/4488 4491/4827/4489
f 4492/4828/4490 4490/4826/4488 4488/4823/4486
f 4489/4824/4487 4492/4828/4490 4488/4823/4486
f 3584/4825/3582 4493/4829/4491 4489/4824/4487
f 4493/4829/4491 3584/4825/3582 3583/4830/3581
f 3578/4831/3576 4493/4829/4491 3583/4830/3581
f 4494/4832/4492 4489/4824/4487 4493/4829/4491
f 4489/4824/4487 4494/4832/4492 4492/4828/4490
f 4493/4829/4491 3578/4831/3576 4495/4833/4493
f 4494/4832/4492 4493/4829/4491 4495/4833/4493
f 4491/4827/4489 4490/4826/4488 4496/4834/4494
f 4496/4834/4494 4490/4826/4488 4492/4828/4490
f 4495/4833/4493 3578/4831/3576 4497/4835/4495
f 4498/4836/4496 4495/4833/4493 4497/4835/4495
f 3578/4831/3576 3577/4837/3575 4497/4835/4495
f 4497/4835/4495 3577/4837/3575 3573/4838/3571
f 4497/4835/4495 3573/4838/3571 4499/4839/4497
f 4498/4836/4496 4497/4835/4495 4499/4839/4497
f 3569/4840/3567 4499/4839/4497 3573/4838/3571
f 4499/4839/4497 3569/4840/3567 4500/4841/4498
f 3569/4840/3567 3563/4649/3561 4500/4841/4498
f 4500/4841/4498 3563/4649/3561 4323/4648/4321
f 4501/4842/4499 4499/4839/4497 4500/4841/4498
f 4498/4836/4496 4499/4839/4497 4501/4842/4499
f 4500/4841/4498 4323/4648/4321 4502/4843/4500
f 4500/4841/4498 4502/4843/4500 4501/4842/4499
f 4495/4833/4493 4498/4836/4496 4503/4844/4501
f 4494/4832/4492 4495/4833/4493 4503/4844/4501
f 4504/4845/4502 4494/4832/4492 4503/4844/4501
f 4498/4836/4496 4504/4845/4502 4503/4844/4501
f 4505/4846/4503 4498/4836/4496 4501/4842/4499
f 4501/4842/4499 4502/4843/4500 4505/4846/4503
f 4323/4648/4321 4506/4847/4504 4502/4843/4500
f 4506/4847/4504 4323/4648/4321 4324/4650/4322
f 4507/4848/4505 4498/4836/4496 4505/4846/4503
f 4504/4845/4502 4498/4836/4496 4507/4848/4505
f 4502/4843/4500 4508/4849/4506 4505/4846/4503
f 4506/4847/4504 4508/4849/4506 4502/4843/4500
f 4508/4849/4506 4507/4848/4505 4505/4846/4503
f 4494/4832/4492 4504/4845/4502 4509/4850/4507
f 4509/4850/4507 4492/4828/4490 4494/4832/4492
f 4507/4848/4505 4510/4851/4508 4504/4845/4502
f 4510/4851/4508 4509/4850/4507 4504/4845/4502
f 4507/4848/4505 4508/4849/4506 4511/4852/4509
f 4510/4851/4508 4507/4848/4505 4511/4852/4509
f 4508/4849/4506 4506/4847/4504 4512/4853/4510
f 4512/4853/4510 4511/4852/4509 4508/4849/4506
f 4506/4847/4504 4324/4650/4322 4513/4854/4511
f 4506/4847/4504 4513/4854/4511 4512/4853/4510
f 4492/4828/4490 4509/4850/4507 4514/4855/4512
f 4514/4855/4512 4496/4834/4494 4492/4828/4490
f 4324/4650/4322 4515/4856/4513 4513/4854/4511
f 4515/4856/4513 4324/4650/4322 4320/4644/4318
f 4320/4644/4318 4319/4643/4317 4515/4856/4513
f 4319/4643/4317 4334/4660/4332 4515/4856/4513
f 4513/4854/4511 4515/4856/4513 4334/4660/4332
f 4516/4857/4514 4513/4854/4511 4334/4660/4332
f 4516/4857/4514 4512/4853/4510 4513/4854/4511
f 4333/4659/4331 4516/4857/4514 4334/4660/4332
f 4511/4852/4509 4512/4853/4510 4517/4858/4515
f 4512/4853/4510 4516/4857/4514 4517/4858/4515
f 4516/4857/4514 4333/4659/4331 4518/4859/4516
f 4517/4858/4515 4516/4857/4514 4518/4859/4516
f 4341/4667/4339 4518/4859/4516 4333/4659/4331
f 4341/4667/4339 4453/4779/4451 4518/4859/4516
f 4511/4852/4509 4517/4858/4515 4519/4860/4517
f 4517/4858/4515 4518/4859/4516 4519/4860/4517
f 4453/4779/4451 4519/4860/4517 4518/4859/4516
f 4519/4860/4517 4510/4851/4508 4511/4852/4509
f 4519/4860/4517 4453/4779/4451 4520/4861/4518
f 4510/4851/4508 4519/4860/4517 4520/4861/4518
f 4520/4861/4518 4453/4779/4451 4452/4778/4450
f 4520/4861/4518 4521/4862/4519 4510/4851/4508
f 4509/4850/4507 4510/4851/4508 4521/4862/4519
f 4452/4778/4450 4522/4863/4520 4520/4861/4518
f 4521/4862/4519 4520/4861/4518 4522/4863/4520
f 4452/4778/4450 4455/4781/4453 4522/4863/4520
f 4509/4850/4507 4521/4862/4519 4523/4864/4521
f 4523/4864/4521 4521/4862/4519 4522/4863/4520
f 4523/4864/4521 4514/4855/4512 4509/4850/4507
f 4524/4865/4522 4522/4863/4520 4455/4781/4453
f 4455/4781/4453 4465/4794/4463 4524/4865/4522
f 4465/4794/4463 4478/4810/4476 4524/4865/4522
f 4523/4864/4521 4522/4863/4520 4525/4866/4523
f 4522/4863/4520 4524/4865/4522 4525/4866/4523
f 4514/4855/4512 4523/4864/4521 4526/4867/4524
f 4523/4864/4521 4525/4866/4523 4526/4867/4524
f 4524/4865/4522 4527/4868/4525 4525/4866/4523
f 4524/4865/4522 4478/4810/4476 4527/4868/4525
f 4526/4867/4524 4525/4866/4523 4527/4868/4525
f 4478/4810/4476 4528/4869/4526 4527/4868/4525
f 4526/4867/4524 4527/4868/4525 4528/4869/4526
f 4477/4809/4475 4528/4869/4526 4478/4810/4476
f 4482/4815/4480 4528/4869/4526 4477/4809/4475
f 4526/4867/4524 4529/4870/4527 4514/4855/4512
f 4529/4870/4527 4526/4867/4524 4528/4869/4526
f 4496/4834/4494 4514/4855/4512 4529/4870/4527
f 4529/4870/4527 4491/4827/4489 4496/4834/4494
f 4530/4871/4528 4528/4869/4526 4482/4815/4480
f 4528/4869/4526 4530/4871/4528 4529/4870/4527
f 4482/4815/4480 4491/4827/4489 4530/4871/4528
f 4491/4827/4489 4529/4870/4527 4530/4871/4528
f 4531/4872/4529 4533/4873/4530 4532/4874/4531
f 4532/4874/4531 4533/4873/4530 4534/4875/4532
f 4533/4873/4530 4531/4872/4529 4535/4876/4533
f 4536/4877/4534 4535/4876/4533 4531/4872/4529
f 4534/4875/4532 4533/4873/4530 4537/4878/4535
f 4534/4875/4532 4537/4878/4535 4538/4879/4536
f 4535/4876/4533 4536/4877/4534 4539/4880/4537
f 4540/4881/4538 4539/4880/4537 4536/4877/4534
f 4535/4876/4533 4541/4882/4539 4533/4873/4530
f 4533/4873/4530 4541/4882/4539 4537/4878/4535
f 4538/4879/4536 4537/4878/4535 4542/4883/4540
f 4538/4879/4536 4542/4883/4540 4543/4884/4541
f 4539/4880/4537 4544/4885/4542 4535/4876/4533
f 4541/4882/4539 4535/4876/4533 4544/4885/4542
f 4537/4878/4535 4541/4882/4539 4545/4886/4543
f 4537/4878/4535 4545/4886/4543 4542/4883/4540
f 4544/4885/4542 4546/4887/4544 4541/4882/4539
f 4541/4882/4539 4546/4887/4544 4545/4886/4543
f 4539/4880/4537 4540/4881/4538 4547/4888/4545
f 4544/4885/4542 4539/4880/4537 4548/4889/4546
f 4547/4888/4545 4548/4889/4546 4539/4880/4537
f 4546/4887/4544 4544/4885/4542 4549/4890/4547
f 4548/4889/4546 4549/4890/4547 4544/4885/4542
f 4549/4890/4547 4550/4891/4548 4546/4887/4544
f 4545/4886/4543 4546/4887/4544 4551/4892/4549
f 4550/4891/4548 4551/4892/4549 4546/4887/4544
f 4542/4883/4540 4545/4886/4543 4552/4893/4550
f 4545/4886/4543 4551/4892/4549 4552/4893/4550
f 4543/4884/4541 4542/4883/4540 4553/4894/4551
f 4542/4883/4540 4552/4893/4550 4553/4894/4551
f 4547/4888/4545 4540/4881/4538 4554/4895/4552
f 4540/4881/4538 4555/4896/4553 4554/4895/4552
f 4556/4897/4554 4543/4884/4541 4553/4894/4551
f 4543/4884/4541 4556/4897/4554 4557/4898/4555
f 4554/4895/4552 4555/4896/4553 4558/4899/4556
f 4555/4896/4553 4559/4900/4557 4558/4899/4556
f 4560/4901/4558 4557/4898/4555 4556/4897/4554
f 4557/4898/4555 4560/4901/4558 4561/4902/4559
f 4558/4899/4556 4559/4900/4557 4562/4903/4560
f 4559/4900/4557 4563/4904/4561 4562/4903/4560
f 4564/4905/4562 4562/4903/4560 4563/4904/4561
f 4562/4903/4560 4564/4905/4562 4565/4906/4563
f 4566/4907/4564 4565/4906/4563 4564/4905/4562
f 4562/4903/4560 4567/4908/4565 4558/4899/4556
f 4565/4906/4563 4567/4908/4565 4562/4903/4560
f 4554/4895/4552 4558/4899/4556 4568/4909/4566
f 4568/4909/4566 4558/4899/4556 4567/4908/4565
f 4565/4906/4563 4566/4907/4564 4569/4910/4567
f 4570/4911/4568 4569/4910/4567 4566/4907/4564
f 4567/4908/4565 4565/4906/4563 4571/4912/4569
f 4569/4910/4567 4571/4912/4569 4565/4906/4563
f 4572/4913/4570 4561/4902/4559 4560/4901/4558
f 4561/4902/4559 4572/4913/4570 4573/4914/4571
f 4572/4913/4570 4574/4915/4572 4573/4914/4571
f 4574/4915/4572 4572/4913/4570 4575/4916/4573
f 4575/4916/4573 4576/4917/4574 4574/4915/4572
f 4560/4901/4558 4577/4918/4575 4572/4913/4570
f 4577/4918/4575 4575/4916/4573 4572/4913/4570
f 4576/4917/4574 4575/4916/4573 4578/4919/4576
f 4578/4919/4576 4579/4920/4577 4576/4917/4574
f 4571/4912/4569 4580/4921/4578 4567/4908/4565
f 4567/4908/4565 4580/4921/4578 4568/4909/4566
f 4577/4918/4575 4560/4901/4558 4581/4922/4579
f 4556/4897/4554 4581/4922/4579 4560/4901/4558
f 4575/4916/4573 4577/4918/4575 4582/4923/4580
f 4582/4923/4580 4578/4919/4576 4575/4916/4573
f 4581/4922/4579 4556/4897/4554 4583/4924/4581
f 4553/4894/4551 4583/4924/4581 4556/4897/4554
f 4581/4922/4579 4584/4925/4582 4577/4918/4575
f 4584/4925/4582 4582/4923/4580 4577/4918/4575
f 4583/4924/4581 4553/4894/4551 4585/4926/4583
f 4553/4894/4551 4552/4893/4550 4585/4926/4583
f 4583/4924/4581 4586/4927/4584 4581/4922/4579
f 4584/4925/4582 4581/4922/4579 4586/4927/4584
f 4585/4926/4583 4587/4928/4585 4583/4924/4581
f 4586/4927/4584 4583/4924/4581 4587/4928/4585
f 4552/4893/4550 4588/4929/4586 4585/4926/4583
f 4552/4893/4550 4551/4892/4549 4588/4929/4586
f 4587/4928/4585 4585/4926/4583 4589/4930/4587
f 4585/4926/4583 4588/4929/4586 4589/4930/4587
f 4589/4930/4587 4590/4931/4588 4587/4928/4585
f 4588/4929/4586 4590/4931/4588 4589/4930/4587
f 4591/4932/4589 4588/4929/4586 4551/4892/4549
f 4551/4892/4549 4550/4891/4548 4591/4932/4589
f 4590/4931/4588 4588/4929/4586 4592/4933/4590
f 4588/4929/4586 4591/4932/4589 4592/4933/4590
f 4591/4932/4589 4593/4934/4591 4592/4933/4590
f 4593/4934/4591 4590/4931/4588 4592/4933/4590
f 4550/4891/4548 4594/4935/4592 4591/4932/4589
f 4593/4934/4591 4591/4932/4589 4594/4935/4592
f 4595/4936/4593 4593/4934/4591 4594/4935/4592
f 4590/4931/4588 4593/4934/4591 4596/4937/4594
f 4595/4936/4593 4596/4937/4594 4593/4934/4591
f 4597/4938/4595 4590/4931/4588 4596/4937/4594
f 4595/4936/4593 4597/4938/4595 4596/4937/4594
f 4587/4928/4585 4590/4931/4588 4598/4939/4596
f 4590/4931/4588 4597/4938/4595 4598/4939/4596
f 4599/4940/4597 4587/4928/4585 4598/4939/4596
f 4598/4939/4596 4597/4938/4595 4599/4940/4597
f 4587/4928/4585 4599/4940/4597 4586/4927/4584
f 4600/4941/4598 4599/4940/4597 4597/4938/4595
f 4595/4936/4593 4600/4941/4598 4597/4938/4595
f 4601/4942/4599 4586/4927/4584 4599/4940/4597
f 4599/4940/4597 4600/4941/4598 4601/4942/4599
f 4586/4927/4584 4601/4942/4599 4584/4925/4582
f 4594/4935/4592 4550/4891/4548 4602/4943/4600
f 4595/4936/4593 4594/4935/4592 4602/4943/4600
f 4595/4936/4593 4603/4944/4601 4600/4941/4598
f 4603/4944/4601 4601/4942/4599 4600/4941/4598
f 4595/4936/4593 4602/4943/4600 4604/4945/4602
f 4550/4891/4548 4604/4945/4602 4602/4943/4600
f 4595/4936/4593 4605/4946/4603 4603/4944/4601
f 4605/4946/4603 4601/4942/4599 4603/4944/4601
f 4595/4936/4593 4604/4945/4602 4606/4947/4604
f 4607/4948/4605 4584/4925/4582 4601/4942/4599
f 4601/4942/4599 4605/4946/4603 4607/4948/4605
f 4604/4945/4602 4550/4891/4548 4608/4949/4606
f 4550/4891/4548 4549/4890/4547 4608/4949/4606
f 4609/4950/4607 4604/4945/4602 4608/4949/4606
f 4609/4950/4607 4608/4949/4606 4549/4890/4547
f 4604/4945/4602 4609/4950/4607 4606/4947/4604
f 4584/4925/4582 4607/4948/4605 4610/4951/4608
f 4582/4923/4580 4584/4925/4582 4610/4951/4608
f 4605/4946/4603 4611/4952/4609 4607/4948/4605
f 4611/4952/4609 4610/4951/4608 4607/4948/4605
f 4549/4890/4547 4612/4953/4610 4609/4950/4607
f 4549/4890/4547 4548/4889/4546 4612/4953/4610
f 4613/4954/4611 4606/4947/4604 4609/4950/4607
f 4609/4950/4607 4612/4953/4610 4613/4954/4611
f 4610/4951/4608 4614/4955/4612 4582/4923/4580
f 4578/4919/4576 4582/4923/4580 4614/4955/4612
f 4615/4956/4613 4612/4953/4610 4548/4889/4546
f 4548/4889/4546 4547/4888/4545 4615/4956/4613
f 4611/4952/4609 4605/4946/4603 4616/4957/4614
f 4595/4936/4593 4616/4957/4614 4605/4946/4603
f 4610/4951/4608 4611/4952/4609 4617/4958/4615
f 4614/4955/4612 4610/4951/4608 4617/4958/4615
f 4614/4955/4612 4618/4959/4616 4578/4919/4576
f 4579/4920/4577 4578/4919/4576 4618/4959/4616
f 4616/4957/4614 4619/4960/4617 4611/4952/4609
f 4619/4960/4617 4617/4958/4615 4611/4952/4609
f 4617/4958/4615 4620/4961/4618 4614/4955/4612
f 4618/4959/4616 4614/4955/4612 4620/4961/4618
f 4621/4962/4619 4579/4920/4577 4618/4959/4616
f 4579/4920/4577 4621/4962/4619 4622/4963/4620
f 4615/4956/4613 4547/4888/4545 4623/4964/4621
f 4547/4888/4545 4554/4895/4552 4623/4964/4621
f 4623/4964/4621 4554/4895/4552 4568/4909/4566
f 4623/4964/4621 4568/4909/4566 4624/4965/4622
f 4624/4965/4622 4568/4909/4566 4580/4921/4578
f 4615/4956/4613 4623/4964/4621 4625/4966/4623
f 4625/4966/4623 4623/4964/4621 4624/4965/4622
f 4620/4961/4618 4617/4958/4615 4626/4967/4624
f 4617/4958/4615 4619/4960/4617 4626/4967/4624
f 4627/4968/4625 4618/4959/4616 4620/4961/4618
f 4618/4959/4616 4627/4968/4625 4621/4962/4619
f 4628/4969/4626 4620/4961/4618 4626/4967/4624
f 4619/4960/4617 4628/4969/4626 4626/4967/4624
f 4620/4961/4618 4628/4969/4626 4627/4968/4625
f 4629/4970/4627 4615/4956/4613 4625/4966/4623
f 4612/4953/4610 4615/4956/4613 4629/4970/4627
f 4612/4953/4610 4629/4970/4627 4613/4954/4611
f 4625/4966/4623 4613/4954/4611 4629/4970/4627
f 4624/4965/4622 4630/4971/4628 4625/4966/4623
f 4613/4954/4611 4625/4966/4623 4631/4972/4629
f 4625/4966/4623 4630/4971/4628 4631/4972/4629
f 4631/4972/4629 4632/4973/4630 4613/4954/4611
f 4606/4947/4604 4613/4954/4611 4632/4973/4630
f 4595/4936/4593 4606/4947/4604 4632/4973/4630
f 4632/4973/4630 4631/4972/4629 4633/4974/4631
f 4630/4971/4628 4633/4974/4631 4631/4972/4629
f 4595/4936/4593 4632/4973/4630 4633/4974/4631
f 4624/4965/4622 4634/4975/4632 4630/4971/4628
f 4634/4975/4632 4624/4965/4622 4580/4921/4578
f 4633/4974/4631 4630/4971/4628 4635/4976/4633
f 4595/4936/4593 4633/4974/4631 4635/4976/4633
f 4630/4971/4628 4636/4977/4634 4635/4976/4633
f 4595/4936/4593 4635/4976/4633 4636/4977/4634
f 4636/4977/4634 4630/4971/4628 4634/4975/4632
f 4595/4936/4593 4636/4977/4634 4637/4978/4635
f 4634/4975/4632 4637/4978/4635 4636/4977/4634
f 4595/4936/4593 4637/4978/4635 4638/4979/4636
f 4595/4936/4593 4638/4979/4636 4639/4980/4637
f 4640/4981/4638 4634/4975/4632 4580/4921/4578
f 4580/4921/4578 4571/4912/4569 4640/4981/4638
f 4637/4978/4635 4641/4982/4639 4638/4979/4636
f 4641/4982/4639 4639/4980/4637 4638/4979/4636
f 4637/4978/4635 4634/4975/4632 4642/4983/4640
f 4634/4975/4632 4640/4981/4638 4642/4983/4640
f 4641/4982/4639 4637/4978/4635 4642/4983/4640
f 4643/4984/4641 4640/4981/4638 4571/4912/4569
f 4571/4912/4569 4569/4910/4567 4643/4984/4641
f 4644/4985/4642 4642/4983/4640 4640/4981/4638
f 4642/4983/4640 4644/4985/4642 4641/4982/4639
f 4640/4981/4638 4643/4984/4641 4644/4985/4642
f 4645/4986/4643 4643/4984/4641 4569/4910/4567
f 4569/4910/4567 4570/4911/4568 4645/4986/4643
f 4639/4980/4637 4641/4982/4639 4646/4987/4644
f 4644/4985/4642 4646/4987/4644 4641/4982/4639
f 4647/4988/4645 4644/4985/4642 4643/4984/4641
f 4643/4984/4641 4645/4986/4643 4647/4988/4645
f 4648/4989/4646 4645/4986/4643 4570/4911/4568
f 4648/4989/4646 4570/4911/4568 4649/4990/4647
f 4646/4987/4644 4644/4985/4642 4650/4991/4648
f 4644/4985/4642 4647/4988/4645 4650/4991/4648
f 4651/4992/4649 4647/4988/4645 4645/4986/4643
f 4651/4992/4649 4645/4986/4643 4648/4989/4646
f 4652/4993/4650 4650/4991/4648 4647/4988/4645
f 4652/4993/4650 4646/4987/4644 4650/4991/4648
f 4647/4988/4645 4651/4992/4649 4652/4993/4650
f 4653/4994/4651 4639/4980/4637 4646/4987/4644
f 4646/4987/4644 4652/4993/4650 4653/4994/4651
f 4654/4995/4652 4648/4989/4646 4649/4990/4647
f 4654/4995/4652 4649/4990/4647 4655/4996/4653
f 4656/4997/4654 4651/4992/4649 4648/4989/4646
f 4648/4989/4646 4654/4995/4652 4656/4997/4654
f 4657/4998/4655 4652/4993/4650 4651/4992/4649
f 4651/4992/4649 4656/4997/4654 4657/4998/4655
f 4658/4999/4656 4654/4995/4652 4655/4996/4653
f 4658/4999/4656 4655/4996/4653 4659/5000/4657
f 4660/5001/4658 4658/4999/4656 4659/5000/4657
f 4656/4997/4654 4654/4995/4652 4661/5002/4659
f 4654/4995/4652 4658/4999/4656 4661/5002/4659
f 4658/4999/4656 4660/5001/4658 4662/5003/4660
f 4662/5003/4660 4661/5002/4659 4658/4999/4656
f 4622/4963/4620 4662/5003/4660 4660/5001/4658
f 4662/5003/4660 4622/4963/4620 4621/4962/4619
f 4621/4962/4619 4663/5004/4661 4662/5003/4660
f 4661/5002/4659 4662/5003/4660 4663/5004/4661
f 4663/5004/4661 4621/4962/4619 4627/4968/4625
f 4656/4997/4654 4661/5002/4659 4664/5005/4662
f 4663/5004/4661 4664/5005/4662 4661/5002/4659
f 4657/4998/4655 4656/4997/4654 4664/5005/4662
f 4627/4968/4625 4665/5006/4663 4663/5004/4661
f 4664/5005/4662 4663/5004/4661 4665/5006/4663
f 4665/5006/4663 4627/4968/4625 4628/4969/4626
f 4664/5005/4662 4666/5007/4664 4657/4998/4655
f 4665/5006/4663 4666/5007/4664 4664/5005/4662
f 4628/4969/4626 4667/5008/4665 4665/5006/4663
f 4666/5007/4664 4665/5006/4663 4667/5008/4665
f 4668/5009/4666 4657/4998/4655 4666/5007/4664
f 4652/4993/4650 4657/4998/4655 4668/5009/4666
f 4653/4994/4651 4652/4993/4650 4668/5009/4666
f 4666/5007/4664 4669/5010/4667 4668/5009/4666
f 4668/5009/4666 4669/5010/4667 4653/4994/4651
f 4667/5008/4665 4628/4969/4626 4670/5011/4668
f 4628/4969/4626 4619/4960/4617 4670/5011/4668
f 4671/5012/4669 4670/5011/4668 4619/4960/4617
f 4619/4960/4617 4616/4957/4614 4671/5012/4669
f 4595/4936/4593 4671/5012/4669 4616/4957/4614
f 4670/5011/4668 4671/5012/4669 4672/5013/4670
f 4672/5013/4670 4667/5008/4665 4670/5011/4668
f 4595/4936/4593 4672/5013/4670 4671/5012/4669
f 4667/5008/4665 4673/5014/4671 4666/5007/4664
f 4669/5010/4667 4666/5007/4664 4673/5014/4671
f 4595/4936/4593 4669/5010/4667 4673/5014/4671
f 4674/5015/4672 4653/4994/4651 4669/5010/4667
f 4595/4936/4593 4674/5015/4672 4669/5010/4667
f 4639/4980/4637 4653/4994/4651 4674/5015/4672
f 4595/4936/4593 4639/4980/4637 4674/5015/4672
f 4667/5008/4665 4672/5013/4670 4675/5016/4673
f 4673/5014/4671 4667/5008/4665 4675/5016/4673
f 4595/4936/4593 4675/5016/4673 4672/5013/4670
f 4595/4936/4593 4673/5014/4671 4675/5016/4673
f 4676/5017/4570 4678/5018/4572 4677/5019/4571
f 4679/5020/4559 4676/5017/4570 4677/5019/4571
f 4678/5018/4572 4676/5017/4570 4680/5021/4573
f 4680/5021/4573 4681/5022/4574 4678/5018/4572
f 4676/5017/4570 4679/5020/4559 4682/5023/4558
f 4683/5024/4555 4682/5023/4558 4679/5020/4559
f 4681/5022/4574 4680/5021/4573 4684/5025/4576
f 4684/5025/4576 4685/5026/4577 4681/5022/4574
f 4686/5027/4575 4680/5021/4573 4676/5017/4570
f 4682/5023/4558 4686/5027/4575 4676/5017/4570
f 4682/5023/4558 4683/5024/4555 4687/5028/4554
f 4688/5029/4541 4687/5028/4554 4683/5024/4555
f 4689/5030/4674 4684/5025/4576 4680/5021/4573
f 4680/5021/4573 4686/5027/4575 4689/5030/4674
f 4686/5027/4575 4682/5023/4558 4690/5031/4579
f 4687/5028/4554 4690/5031/4579 4682/5023/4558
f 4691/5032/4582 4689/5030/4674 4686/5027/4575
f 4686/5027/4575 4690/5031/4579 4691/5032/4582
f 4685/5026/4577 4684/5025/4576 4692/5033/4616
f 4684/5025/4576 4689/5030/4674 4693/5034/4612
f 4693/5034/4612 4692/5033/4616 4684/5025/4576
f 4689/5030/4674 4691/5032/4582 4694/5035/4608
f 4694/5035/4608 4693/5034/4612 4689/5030/4674
f 4695/5036/4599 4694/5035/4608 4691/5032/4582
f 4691/5032/4582 4690/5031/4579 4696/5037/4675
f 4691/5032/4582 4696/5037/4675 4695/5036/4599
f 4690/5031/4579 4687/5028/4554 4697/5038/4581
f 4697/5038/4581 4696/5037/4675 4690/5031/4579
f 4685/5026/4577 4692/5033/4616 4698/5039/4619
f 4685/5026/4577 4698/5039/4619 4699/5040/4620
f 4700/5041/4551 4697/5038/4581 4687/5028/4554
f 4687/5028/4554 4688/5029/4541 4700/5041/4551
f 4699/5040/4620 4698/5039/4619 4701/5042/4660
f 4699/5040/4620 4701/5042/4660 4702/5043/4658
f 4688/5029/4541 4703/5044/4540 4700/5041/4551
f 4703/5044/4540 4688/5029/4541 4704/5045/4536
f 4702/5043/4658 4701/5042/4660 4705/5046/4656
f 4702/5043/4658 4705/5046/4656 4706/5047/4657
f 4705/5046/4656 4707/5048/4653 4706/5047/4657
f 4707/5048/4653 4705/5046/4656 4708/5049/4676
f 4708/5049/4676 4709/5050/4647 4707/5048/4653
f 4701/5042/4660 4710/5051/4659 4705/5046/4656
f 4710/5051/4659 4708/5049/4676 4705/5046/4656
f 4698/5039/4619 4711/5052/4661 4701/5042/4660
f 4701/5042/4660 4711/5052/4661 4710/5051/4659
f 4709/5050/4647 4708/5049/4676 4712/5053/4646
f 4712/5053/4646 4713/5054/4568 4709/5050/4647
f 4708/5049/4676 4710/5051/4659 4714/5055/4654
f 4714/5055/4654 4712/5053/4646 4708/5049/4676
f 4704/5045/4536 4715/5056/4535 4703/5044/4540
f 4715/5056/4535 4704/5045/4536 4716/5057/4532
f 4698/5039/4619 4717/5058/4625 4711/5052/4661
f 4692/5033/4616 4717/5058/4625 4698/5039/4619
f 4711/5052/4661 4718/5059/4662 4710/5051/4659
f 4718/5059/4662 4714/5055/4654 4710/5051/4659
f 4716/5057/4532 4719/5060/4530 4715/5056/4535
f 4719/5060/4530 4716/5057/4532 4720/5061/4531
f 4720/5061/4531 4721/5062/4529 4719/5060/4530
f 4719/5060/4530 4721/5062/4529 4722/5063/4533
f 4721/5062/4529 4723/5064/4534 4722/5063/4533
f 4724/5065/4539 4715/5056/4535 4719/5060/4530
f 4724/5065/4539 4719/5060/4530 4722/5063/4533
f 4722/5063/4533 4723/5064/4534 4725/5066/4537
f 4723/5064/4534 4726/5067/4538 4725/5066/4537
f 4717/5058/4625 4727/5068/4663 4711/5052/4661
f 4711/5052/4661 4727/5068/4663 4718/5059/4662
f 4715/5056/4535 4724/5065/4539 4728/5069/4677
f 4728/5069/4677 4703/5044/4540 4715/5056/4535
f 4724/5065/4539 4722/5063/4533 4729/5070/4678
f 4722/5063/4533 4725/5066/4537 4729/5070/4678
f 4703/5044/4540 4728/5069/4677 4730/5071/4550
f 4730/5071/4550 4700/5041/4551 4703/5044/4540
f 4731/5072/4544 4728/5069/4677 4724/5065/4539
f 4731/5072/4544 4724/5065/4539 4729/5070/4678
f 4700/5041/4551 4730/5071/4550 4732/5073/4583
f 4697/5038/4581 4700/5041/4551 4732/5073/4583
f 4733/5074/4549 4730/5071/4550 4728/5069/4677
f 4728/5069/4677 4731/5072/4544 4733/5074/4549
f 4732/5073/4583 4734/5075/4585 4697/5038/4581
f 4696/5037/4675 4697/5038/4581 4734/5075/4585
f 4735/5076/4586 4732/5073/4583 4730/5071/4550
f 4730/5071/4550 4733/5074/4549 4735/5076/4586
f 4734/5075/4585 4736/5077/4597 4696/5037/4675
f 4695/5036/4599 4696/5037/4675 4736/5077/4597
f 4732/5073/4583 4735/5076/4586 4737/5078/4587
f 4734/5075/4585 4732/5073/4583 4737/5078/4587
f 4738/5079/4588 4734/5075/4585 4737/5078/4587
f 4735/5076/4586 4738/5079/4588 4737/5078/4587
f 4736/5077/4597 4734/5075/4585 4739/5080/4596
f 4734/5075/4585 4738/5079/4588 4739/5080/4596
f 4740/5081/4595 4736/5077/4597 4739/5080/4596
f 4738/5079/4588 4740/5081/4595 4739/5080/4596
f 4741/5082/4598 4695/5036/4599 4736/5077/4597
f 4736/5077/4597 4740/5081/4595 4741/5082/4598
f 4742/5083/4593 4741/5082/4598 4740/5081/4595
f 4740/5081/4595 4738/5079/4588 4743/5084/4594
f 4742/5083/4593 4740/5081/4595 4743/5084/4594
f 4738/5079/4588 4744/5085/4591 4743/5084/4594
f 4742/5083/4593 4743/5084/4594 4744/5085/4591
f 4738/5079/4588 4735/5076/4586 4745/5086/4590
f 4744/5085/4591 4738/5079/4588 4745/5086/4590
f 4735/5076/4586 4746/5087/4589 4745/5086/4590
f 4746/5087/4589 4744/5085/4591 4745/5086/4590
f 4746/5087/4589 4735/5076/4586 4733/5074/4549
f 4746/5087/4589 4747/5088/4592 4744/5085/4591
f 4742/5083/4593 4744/5085/4591 4747/5088/4592
f 4733/5074/4549 4748/5089/4679 4746/5087/4589
f 4748/5089/4679 4747/5088/4592 4746/5087/4589
f 4748/5089/4679 4733/5074/4549 4731/5072/4544
f 4695/5036/4599 4741/5082/4598 4749/5090/4601
f 4742/5083/4593 4749/5090/4601 4741/5082/4598
f 4742/5083/4593 4747/5088/4592 4750/5091/4600
f 4748/5089/4679 4750/5091/4600 4747/5088/4592
f 4742/5083/4593 4751/5092/4680 4749/5090/4601
f 4751/5092/4680 4695/5036/4599 4749/5090/4601
f 4742/5083/4593 4750/5091/4600 4752/5093/4602
f 4748/5089/4679 4752/5093/4602 4750/5091/4600
f 4742/5083/4593 4753/5094/4614 4751/5092/4680
f 4731/5072/4544 4754/5095/4606 4748/5089/4679
f 4752/5093/4602 4748/5089/4679 4754/5095/4606
f 4751/5092/4680 4755/5096/4605 4695/5036/4599
f 4694/5035/4608 4695/5036/4599 4755/5096/4605
f 4751/5092/4680 4756/5097/4609 4755/5096/4605
f 4755/5096/4605 4756/5097/4609 4694/5035/4608
f 4756/5097/4609 4751/5092/4680 4753/5094/4614
f 4754/5095/4606 4731/5072/4544 4757/5098/4547
f 4731/5072/4544 4729/5070/4678 4757/5098/4547
f 4752/5093/4602 4754/5095/4606 4758/5099/4607
f 4757/5098/4547 4758/5099/4607 4754/5095/4606
f 4756/5097/4609 4759/5100/4615 4694/5035/4608
f 4693/5034/4612 4694/5035/4608 4759/5100/4615
f 4753/5094/4614 4760/5101/4681 4756/5097/4609
f 4759/5100/4615 4756/5097/4609 4760/5101/4681
f 4729/5070/4678 4761/5102/4546 4757/5098/4547
f 4729/5070/4678 4725/5066/4537 4761/5102/4546
f 4759/5100/4615 4762/5103/4682 4693/5034/4612
f 4692/5033/4616 4693/5034/4612 4762/5103/4682
f 4692/5033/4616 4762/5103/4682 4717/5058/4625
f 4762/5103/4682 4759/5100/4615 4763/5104/4624
f 4759/5100/4615 4760/5101/4681 4763/5104/4624
f 4762/5103/4682 4764/5105/4626 4717/5058/4625
f 4762/5103/4682 4763/5104/4624 4764/5105/4626
f 4760/5101/4681 4764/5105/4626 4763/5104/4624
f 4717/5058/4625 4764/5105/4626 4727/5068/4663
f 4760/5101/4681 4753/5094/4614 4765/5106/4669
f 4742/5083/4593 4765/5106/4669 4753/5094/4614
f 4764/5105/4626 4760/5101/4681 4766/5107/4683
f 4765/5106/4669 4766/5107/4683 4760/5101/4681
f 4764/5105/4626 4767/5108/4665 4727/5068/4663
f 4767/5108/4665 4764/5105/4626 4766/5107/4683
f 4766/5107/4683 4765/5106/4669 4768/5109/4670
f 4742/5083/4593 4768/5109/4670 4765/5106/4669
f 4768/5109/4670 4767/5108/4665 4766/5107/4683
f 4769/5110/4664 4727/5068/4663 4767/5108/4665
f 4727/5068/4663 4769/5110/4664 4718/5059/4662
f 4767/5108/4665 4768/5109/4670 4770/5111/4684
f 4742/5083/4593 4770/5111/4684 4768/5109/4670
f 4771/5112/4671 4767/5108/4665 4770/5111/4684
f 4767/5108/4665 4771/5112/4671 4769/5110/4664
f 4742/5083/4593 4771/5112/4671 4770/5111/4684
f 4742/5083/4593 4772/5113/4685 4771/5112/4671
f 4772/5113/4685 4769/5110/4664 4771/5112/4671
f 4769/5110/4664 4773/5114/4655 4718/5059/4662
f 4714/5055/4654 4718/5059/4662 4773/5114/4655
f 4742/5083/4593 4774/5115/4672 4772/5113/4685
f 4742/5083/4593 4775/5116/4637 4774/5115/4672
f 4742/5083/4593 4776/5117/4636 4775/5116/4637
f 4769/5110/4664 4772/5113/4685 4777/5118/4666
f 4773/5114/4655 4769/5110/4664 4777/5118/4666
f 4778/5119/4651 4772/5113/4685 4774/5115/4672
f 4772/5113/4685 4778/5119/4651 4777/5118/4666
f 4775/5116/4637 4778/5119/4651 4774/5115/4672
f 4773/5114/4655 4779/5120/4686 4714/5055/4654
f 4712/5053/4646 4714/5055/4654 4779/5120/4686
f 4777/5118/4666 4780/5121/4687 4773/5114/4655
f 4780/5121/4687 4777/5118/4666 4778/5119/4651
f 4779/5120/4686 4773/5114/4655 4780/5121/4687
f 4775/5116/4637 4781/5122/4644 4778/5119/4651
f 4781/5122/4644 4780/5121/4687 4778/5119/4651
f 4782/5123/4639 4775/5116/4637 4776/5117/4636
f 4775/5116/4637 4782/5123/4639 4781/5122/4644
f 4779/5120/4686 4783/5124/4643 4712/5053/4646
f 4713/5054/4568 4712/5053/4646 4783/5124/4643
f 4780/5121/4687 4784/5125/4645 4779/5120/4686
f 4783/5124/4643 4779/5120/4686 4784/5125/4645
f 4781/5122/4644 4785/5126/4648 4780/5121/4687
f 4784/5125/4645 4780/5121/4687 4785/5126/4648
f 4781/5122/4644 4786/5127/4642 4785/5126/4648
f 4785/5126/4648 4786/5127/4642 4784/5125/4645
f 4786/5127/4642 4781/5122/4644 4782/5123/4639
f 4782/5123/4639 4776/5117/4636 4787/5128/4688
f 4742/5083/4593 4787/5128/4688 4776/5117/4636
f 4783/5124/4643 4788/5129/4567 4713/5054/4568
f 4788/5129/4567 4789/5130/4564 4713/5054/4568
f 4784/5125/4645 4790/5131/4689 4783/5124/4643
f 4786/5127/4642 4790/5131/4689 4784/5125/4645
f 4790/5131/4689 4788/5129/4567 4783/5124/4643
f 4786/5127/4642 4782/5123/4639 4791/5132/4640
f 4782/5123/4639 4787/5128/4688 4791/5132/4640
f 4788/5129/4567 4792/5133/4690 4789/5130/4564
f 4792/5133/4690 4793/5134/4562 4789/5130/4564
f 4790/5131/4689 4794/5135/4569 4788/5129/4567
f 4794/5135/4569 4792/5133/4690 4788/5129/4567
f 4786/5127/4642 4795/5136/4638 4790/5131/4689
f 4786/5127/4642 4791/5132/4640 4795/5136/4638
f 4795/5136/4638 4794/5135/4569 4790/5131/4689
f 4787/5128/4688 4796/5137/4691 4791/5132/4640
f 4795/5136/4638 4791/5132/4640 4796/5137/4691
f 4792/5133/4690 4797/5138/4560 4793/5134/4562
f 4797/5138/4560 4798/5139/4561 4793/5134/4562
f 4797/5138/4560 4799/5140/4557 4798/5139/4561
f 4792/5133/4690 4794/5135/4569 4800/5141/4565
f 4800/5141/4565 4797/5138/4560 4792/5133/4690
f 4794/5135/4569 4795/5136/4638 4801/5142/4692
f 4795/5136/4638 4796/5137/4691 4801/5142/4692
f 4801/5142/4692 4800/5141/4565 4794/5135/4569
f 4799/5140/4557 4797/5138/4560 4802/5143/4556
f 4800/5141/4565 4802/5143/4556 4797/5138/4560
f 4802/5143/4556 4803/5144/4553 4799/5140/4557
f 4801/5142/4692 4804/5145/4566 4800/5141/4565
f 4802/5143/4556 4800/5141/4565 4804/5145/4566
f 4803/5144/4553 4802/5143/4556 4805/5146/4552
f 4804/5145/4566 4805/5146/4552 4802/5143/4556
f 4805/5146/4552 4726/5067/4538 4803/5144/4553
f 4804/5145/4566 4801/5142/4692 4806/5147/4622
f 4796/5137/4691 4806/5147/4622 4801/5142/4692
f 4726/5067/4538 4805/5146/4552 4807/5148/4545
f 4725/5066/4537 4726/5067/4538 4807/5148/4545
f 4725/5066/4537 4807/5148/4545 4761/5102/4546
f 4805/5146/4552 4804/5145/4566 4808/5149/4693
f 4808/5149/4693 4807/5148/4545 4805/5146/4552
f 4806/5147/4622 4808/5149/4693 4804/5145/4566
f 4761/5102/4546 4807/5148/4545 4809/5150/4613
f 4807/5148/4545 4808/5149/4693 4809/5150/4613
f 4808/5149/4693 4806/5147/4622 4810/5151/4623
f 4810/5151/4623 4809/5150/4613 4808/5149/4693
f 4806/5147/4622 4796/5137/4691 4811/5152/4628
f 4811/5152/4628 4810/5151/4623 4806/5147/4622
f 4761/5102/4546 4809/5150/4613 4812/5153/4610
f 4757/5098/4547 4761/5102/4546 4812/5153/4610
f 4758/5099/4607 4757/5098/4547 4812/5153/4610
f 4812/5153/4610 4809/5150/4613 4813/5154/4627
f 4809/5150/4613 4810/5151/4623 4813/5154/4627
f 4814/5155/4611 4812/5153/4610 4813/5154/4627
f 4812/5153/4610 4814/5155/4611 4758/5099/4607
f 4813/5154/4627 4810/5151/4623 4814/5155/4611
f 4815/5156/4634 4811/5152/4628 4796/5137/4691
f 4796/5137/4691 4787/5128/4688 4815/5156/4634
f 4742/5083/4593 4815/5156/4634 4787/5128/4688
f 4816/5157/4604 4758/5099/4607 4814/5155/4611
f 4758/5099/4607 4816/5157/4604 4752/5093/4602
f 4742/5083/4593 4752/5093/4602 4816/5157/4604
f 4814/5155/4611 4810/5151/4623 4817/5158/4694
f 4810/5151/4623 4811/5152/4628 4817/5158/4694
f 4816/5157/4604 4814/5155/4611 4818/5159/4630
f 4814/5155/4611 4817/5158/4694 4818/5159/4630
f 4742/5083/4593 4816/5157/4604 4818/5159/4630
f 4818/5159/4630 4817/5158/4694 4819/5160/4695
f 4811/5152/4628 4819/5160/4695 4817/5158/4694
f 4742/5083/4593 4818/5159/4630 4819/5160/4695
f 4811/5152/4628 4815/5156/4634 4820/5161/4696
f 4742/5083/4593 4820/5161/4696 4815/5156/4634
f 4819/5160/4695 4811/5152/4628 4820/5161/4696
f 4742/5083/4593 4819/5160/4695 4820/5161/4696
f 4532/5162/4531 4821/5163/4697 4531/5164/4529
f 4534/5165/4532 4821/5163/4697 4532/5162/4531
f 4821/5163/4697 4822/5166/4698 4531/5164/4529
f 4531/5164/4529 4822/5166/4698 4536/5167/4534
f 4821/5163/4697 4534/5165/4532 4823/5168/4699
f 4538/5169/4536 4823/5168/4699 4534/5165/4532
f 4822/5166/4698 4824/5170/4700 4536/5167/4534
f 4536/5167/4534 4824/5170/4700 4540/5171/4538
f 4821/5163/4697 4825/5172/4701 4822/5166/4698
f 4823/5168/4699 4825/5172/4701 4821/5163/4697
f 4823/5168/4699 4538/5169/4536 4826/5173/4702
f 4543/5174/4541 4826/5173/4702 4538/5169/4536
f 4822/5166/4698 4827/5175/4703 4824/5170/4700
f 4827/5175/4703 4822/5166/4698 4825/5172/4701
f 4825/5172/4701 4823/5168/4699 4828/5176/4704
f 4826/5173/4702 4828/5176/4704 4823/5168/4699
f 4825/5172/4701 4829/5177/4705 4827/5175/4703
f 4828/5176/4704 4829/5177/4705 4825/5172/4701
f 4824/5170/4700 4830/5178/4706 4540/5171/4538
f 4827/5175/4703 4831/5179/4707 4824/5170/4700
f 4824/5170/4700 4831/5179/4707 4830/5178/4706
f 4832/5180/4708 4827/5175/4703 4829/5177/4705
f 4827/5175/4703 4832/5180/4708 4831/5179/4707
f 4833/5181/4709 4832/5180/4708 4829/5177/4705
f 4829/5177/4705 4828/5176/4704 4834/5182/4710
f 4834/5182/4710 4833/5181/4709 4829/5177/4705
f 4828/5176/4704 4826/5173/4702 4835/5183/4711
f 4835/5183/4711 4834/5182/4710 4828/5176/4704
f 4836/5184/4712 4540/5171/4538 4830/5178/4706
f 4540/5171/4538 4836/5184/4712 4555/5185/4553
f 4837/5186/4713 4835/5183/4711 4826/5173/4702
f 4826/5173/4702 4543/5174/4541 4837/5186/4713
f 4838/5187/4714 4555/5185/4553 4836/5184/4712
f 4555/5185/4553 4838/5187/4714 4559/5188/4557
f 4837/5186/4713 4543/5174/4541 4839/5189/4715
f 4839/5189/4715 4543/5174/4541 4557/5190/4555
f 4840/5191/4716 4559/5188/4557 4838/5187/4714
f 4559/5188/4557 4840/5191/4716 4563/5192/4561
f 4564/5193/4562 4563/5192/4561 4840/5191/4716
f 4564/5193/4562 4840/5191/4716 4841/5194/4717
f 4566/5195/4564 4564/5193/4562 4841/5194/4717
f 4838/5187/4714 4842/5196/4718 4840/5191/4716
f 4840/5191/4716 4842/5196/4718 4841/5194/4717
f 4836/5184/4712 4843/5197/4719 4838/5187/4714
f 4842/5196/4718 4838/5187/4714 4843/5197/4719
f 4566/5195/4564 4841/5194/4717 4844/5198/4720
f 4570/5199/4568 4566/5195/4564 4844/5198/4720
f 4842/5196/4718 4845/5200/4721 4841/5194/4717
f 4844/5198/4720 4841/5194/4717 4845/5200/4721
f 4839/5189/4715 4557/5190/4555 4846/5201/4722
f 4846/5201/4722 4557/5190/4555 4561/5202/4559
f 4843/5197/4719 4836/5184/4712 4847/5203/4723
f 4830/5178/4706 4847/5203/4723 4836/5184/4712
f 4843/5197/4719 4848/5204/4724 4842/5196/4718
f 4842/5196/4718 4848/5204/4724 4845/5200/4721
f 4846/5201/4722 4561/5202/4559 4849/5205/4725
f 4849/5205/4725 4561/5202/4559 4573/5206/4571
f 4574/5207/4572 4849/5205/4725 4573/5206/4571
f 4849/5205/4725 4574/5207/4572 4850/5208/4726
f 4576/5209/4574 4850/5208/4726 4574/5207/4572
f 4851/5210/4727 4846/5201/4722 4849/5205/4725
f 4850/5208/4726 4851/5210/4727 4849/5205/4725
f 4850/5208/4726 4576/5209/4574 4852/5211/4728
f 4579/5212/4577 4852/5211/4728 4576/5209/4574
f 4847/5203/4723 4853/5213/4729 4843/5197/4719
f 4848/5204/4724 4843/5197/4719 4853/5213/4729
f 4854/5214/4730 4846/5201/4722 4851/5210/4727
f 4854/5214/4730 4839/5189/4715 4846/5201/4722
f 4851/5210/4727 4850/5208/4726 4855/5215/4731
f 4852/5211/4728 4855/5215/4731 4850/5208/4726
f 4856/5216/4732 4854/5214/4730 4851/5210/4727
f 4855/5215/4731 4856/5216/4732 4851/5210/4727
f 4857/5217/4733 4839/5189/4715 4854/5214/4730
f 4857/5217/4733 4837/5186/4713 4839/5189/4715
f 4858/5218/4734 4854/5214/4730 4856/5216/4732
f 4858/5218/4734 4857/5217/4733 4854/5214/4730
f 4859/5219/4735 4858/5218/4734 4856/5216/4732
f 4856/5216/4732 4855/5215/4731 4860/5220/4736
f 4860/5220/4736 4859/5219/4735 4856/5216/4732
f 4855/5215/4731 4852/5211/4728 4861/5221/4737
f 4861/5221/4737 4860/5220/4736 4855/5215/4731
f 4862/5222/4738 4837/5186/4713 4857/5217/4733
f 4835/5183/4711 4837/5186/4713 4862/5222/4738
f 4863/5223/4739 4857/5217/4733 4858/5218/4734
f 4863/5223/4739 4862/5222/4738 4857/5217/4733
f 4862/5222/4738 4864/5224/4740 4835/5183/4711
f 4834/5182/4710 4835/5183/4711 4864/5224/4740
f 4859/5219/4735 4865/5225/4741 4858/5218/4734
f 4858/5218/4734 4865/5225/4741 4863/5223/4739
f 4866/5226/4742 4861/5221/4737 4852/5211/4728
f 4852/5211/4728 4579/5212/4577 4866/5226/4742
f 4867/5227/4743 4862/5222/4738 4863/5223/4739
f 4864/5224/4740 4862/5222/4738 4867/5227/4743
f 4863/5223/4739 4868/5228/4744 4867/5227/4743
f 4864/5224/4740 4867/5227/4743 4868/5228/4744
f 4864/5224/4740 4869/5229/4745 4834/5182/4710
f 4833/5181/4709 4834/5182/4710 4869/5229/4745
f 4865/5225/4741 4870/5230/4746 4863/5223/4739
f 4868/5228/4744 4863/5223/4739 4870/5230/4746
f 4865/5225/4741 4871/5231/4747 4870/5230/4746
f 4870/5230/4746 4871/5231/4747 4868/5228/4744
f 4579/5212/4577 4872/5232/4748 4866/5226/4742
f 4872/5232/4748 4579/5212/4577 4622/5233/4620
f 4869/5229/4745 4864/5224/4740 4873/5234/4749
f 4864/5224/4740 4868/5228/4744 4873/5234/4749
f 4874/5235/4750 4869/5229/4745 4873/5234/4749
f 4868/5228/4744 4874/5235/4750 4873/5234/4749
f 4875/5236/4751 4833/5181/4709 4869/5229/4745
f 4869/5229/4745 4874/5235/4750 4875/5236/4751
f 4876/5237/4752 4875/5236/4751 4874/5235/4750
f 4874/5235/4750 4868/5228/4744 4877/5238/4753
f 4868/5228/4744 4871/5231/4747 4877/5238/4753
f 4876/5237/4752 4874/5235/4750 4877/5238/4753
f 4876/5237/4752 4877/5238/4753 4871/5231/4747
f 4871/5231/4747 4865/5225/4741 4878/5239/4754
f 4876/5237/4752 4871/5231/4747 4878/5239/4754
f 4859/5219/4735 4878/5239/4754 4865/5225/4741
f 4622/5233/4620 4879/5240/4755 4872/5232/4748
f 4879/5240/4755 4622/5233/4620 4660/5241/4658
f 4833/5181/4709 4875/5236/4751 4880/5242/4756
f 4876/5237/4752 4880/5242/4756 4875/5236/4751
f 4876/5237/4752 4878/5239/4754 4881/5243/4757
f 4878/5239/4754 4859/5219/4735 4881/5243/4757
f 4876/5237/4752 4882/5244/4758 4880/5242/4756
f 4882/5244/4758 4833/5181/4709 4880/5242/4756
f 4876/5237/4752 4881/5243/4757 4883/5245/4759
f 4881/5243/4757 4859/5219/4735 4883/5245/4759
f 4876/5237/4752 4884/5246/4760 4882/5244/4758
f 4833/5181/4709 4882/5244/4758 4885/5247/4761
f 4832/5180/4708 4833/5181/4709 4885/5247/4761
f 4882/5244/4758 4886/5248/4762 4885/5247/4761
f 4886/5248/4762 4832/5180/4708 4885/5247/4761
f 4884/5246/4760 4886/5248/4762 4882/5244/4758
f 4832/5180/4708 4886/5248/4762 4887/5249/4763
f 4832/5180/4708 4887/5249/4763 4831/5179/4707
f 4886/5248/4762 4884/5246/4760 4888/5250/4764
f 4888/5250/4764 4887/5249/4763 4886/5248/4762
f 4831/5179/4707 4887/5249/4763 4889/5251/4765
f 4831/5179/4707 4889/5251/4765 4830/5178/4706
f 4847/5203/4723 4830/5178/4706 4889/5251/4765
f 4887/5249/4763 4890/5252/4766 4889/5251/4765
f 4887/5249/4763 4888/5250/4764 4890/5252/4766
f 4889/5251/4765 4891/5253/4767 4847/5203/4723
f 4891/5253/4767 4889/5251/4765 4890/5252/4766
f 4890/5252/4766 4888/5250/4764 4891/5253/4767
f 4853/5213/4729 4847/5203/4723 4891/5253/4767
f 4892/5254/4768 4888/5250/4764 4884/5246/4760
f 4876/5237/4752 4892/5254/4768 4884/5246/4760
f 4888/5250/4764 4893/5255/4769 4891/5253/4767
f 4888/5250/4764 4892/5254/4768 4893/5255/4769
f 4891/5253/4767 4894/5256/4770 4853/5213/4729
f 4894/5256/4770 4891/5253/4767 4893/5255/4769
f 4892/5254/4768 4895/5257/4771 4893/5255/4769
f 4876/5237/4752 4895/5257/4771 4892/5254/4768
f 4893/5255/4769 4895/5257/4771 4894/5256/4770
f 4896/5258/4772 4853/5213/4729 4894/5256/4770
f 4853/5213/4729 4896/5258/4772 4848/5204/4724
f 4894/5256/4770 4895/5257/4771 4897/5259/4773
f 4876/5237/4752 4897/5259/4773 4895/5257/4771
f 4898/5260/4774 4894/5256/4770 4897/5259/4773
f 4894/5256/4770 4898/5260/4774 4896/5258/4772
f 4876/5237/4752 4898/5260/4774 4897/5259/4773
f 4876/5237/4752 4899/5261/4775 4898/5260/4774
f 4899/5261/4775 4896/5258/4772 4898/5260/4774
f 4896/5258/4772 4900/5262/4776 4848/5204/4724
f 4848/5204/4724 4900/5262/4776 4845/5200/4721
f 4876/5237/4752 4901/5263/4777 4899/5261/4775
f 4876/5237/4752 4902/5264/4778 4901/5263/4777
f 4876/5237/4752 4903/5265/4779 4902/5264/4778
f 4896/5258/4772 4899/5261/4775 4904/5266/4780
f 4900/5262/4776 4896/5258/4772 4904/5266/4780
f 4905/5267/4781 4899/5261/4775 4901/5263/4777
f 4899/5261/4775 4905/5267/4781 4904/5266/4780
f 4902/5264/4778 4905/5267/4781 4901/5263/4777
f 4906/5268/4782 4845/5200/4721 4900/5262/4776
f 4844/5198/4720 4845/5200/4721 4906/5268/4782
f 4904/5266/4780 4907/5269/4783 4900/5262/4776
f 4907/5269/4783 4904/5266/4780 4905/5267/4781
f 4900/5262/4776 4907/5269/4783 4906/5268/4782
f 4905/5267/4781 4902/5264/4778 4908/5270/4784
f 4908/5270/4784 4907/5269/4783 4905/5267/4781
f 4903/5265/4779 4909/5271/4785 4902/5264/4778
f 4902/5264/4778 4909/5271/4785 4908/5270/4784
f 4910/5272/4786 4844/5198/4720 4906/5268/4782
f 4570/5199/4568 4844/5198/4720 4910/5272/4786
f 4911/5273/4787 4906/5268/4782 4907/5269/4783
f 4910/5272/4786 4906/5268/4782 4911/5273/4787
f 4907/5269/4783 4908/5270/4784 4912/5274/4788
f 4911/5273/4787 4907/5269/4783 4912/5274/4788
f 4908/5270/4784 4913/5275/4789 4912/5274/4788
f 4913/5275/4789 4911/5273/4787 4912/5274/4788
f 4909/5271/4785 4913/5275/4789 4908/5270/4784
f 4914/5276/4790 4909/5271/4785 4903/5265/4779
f 4876/5237/4752 4914/5276/4790 4903/5265/4779
f 4915/5277/4791 4570/5199/4568 4910/5272/4786
f 4570/5199/4568 4915/5277/4791 4649/5278/4647
f 4916/5279/4792 4910/5272/4786 4911/5273/4787
f 4911/5273/4787 4913/5275/4789 4916/5279/4792
f 4910/5272/4786 4916/5279/4792 4915/5277/4791
f 4917/5280/4793 4913/5275/4789 4909/5271/4785
f 4909/5271/4785 4914/5276/4790 4917/5280/4793
f 4918/5281/4794 4649/5278/4647 4915/5277/4791
f 4649/5278/4647 4918/5281/4794 4655/5282/4653
f 4919/5283/4795 4916/5279/4792 4913/5275/4789
f 4913/5275/4789 4917/5280/4793 4919/5283/4795
f 4920/5284/4796 4915/5277/4791 4916/5279/4792
f 4915/5277/4791 4920/5284/4796 4918/5281/4794
f 4916/5279/4792 4919/5283/4795 4920/5284/4796
f 4917/5280/4793 4914/5276/4790 4921/5285/4797
f 4921/5285/4797 4919/5283/4795 4917/5280/4793
f 4922/5286/4798 4655/5282/4653 4918/5281/4794
f 4655/5282/4653 4922/5286/4798 4659/5287/4657
f 4922/5286/4798 4660/5241/4658 4659/5287/4657
f 4660/5241/4658 4922/5286/4798 4879/5240/4755
f 4918/5281/4794 4923/5288/4799 4922/5286/4798
f 4923/5288/4799 4918/5281/4794 4920/5284/4796
f 4923/5288/4799 4879/5240/4755 4922/5286/4798
f 4924/5289/4800 4920/5284/4796 4919/5283/4795
f 4920/5284/4796 4924/5289/4800 4923/5288/4799
f 4919/5283/4795 4921/5285/4797 4924/5289/4800
f 4879/5240/4755 4923/5288/4799 4925/5290/4801
f 4925/5290/4801 4923/5288/4799 4924/5289/4800
f 4925/5290/4801 4872/5232/4748 4879/5240/4755
f 4925/5290/4801 4924/5289/4800 4926/5291/4802
f 4926/5291/4802 4924/5289/4800 4921/5285/4797
f 4872/5232/4748 4925/5290/4801 4927/5292/4803
f 4926/5291/4802 4927/5292/4803 4925/5290/4801
f 4927/5292/4803 4866/5226/4742 4872/5232/4748
f 4866/5226/4742 4927/5292/4803 4928/5293/4804
f 4861/5221/4737 4866/5226/4742 4928/5293/4804
f 4927/5292/4803 4926/5291/4802 4929/5294/4805
f 4929/5294/4805 4928/5293/4804 4927/5292/4803
f 4926/5291/4802 4921/5285/4797 4930/5295/4806
f 4929/5294/4805 4926/5291/4802 4930/5295/4806
f 4928/5293/4804 4931/5296/4807 4861/5221/4737
f 4860/5220/4736 4861/5221/4737 4931/5296/4807
f 4921/5285/4797 4932/5297/4808 4930/5295/4806
f 4914/5276/4790 4932/5297/4808 4921/5285/4797
f 4876/5237/4752 4932/5297/4808 4914/5276/4790
f 4928/5293/4804 4929/5294/4805 4933/5298/4809
f 4931/5296/4807 4928/5293/4804 4933/5298/4809
f 4929/5294/4805 4934/5299/4810 4933/5298/4809
f 4934/5299/4810 4931/5296/4807 4933/5298/4809
f 4935/5300/4811 4860/5220/4736 4931/5296/4807
f 4931/5296/4807 4934/5299/4810 4935/5300/4811
f 4930/5295/4806 4932/5297/4808 4936/5301/4812
f 4876/5237/4752 4936/5301/4812 4932/5297/4808
f 4929/5294/4805 4930/5295/4806 4937/5302/4813
f 4934/5299/4810 4929/5294/4805 4937/5302/4813
f 4938/5303/4814 4930/5295/4806 4936/5301/4812
f 4930/5295/4806 4938/5303/4814 4937/5302/4813
f 4876/5237/4752 4938/5303/4814 4936/5301/4812
f 4939/5304/4815 4937/5302/4813 4938/5303/4814
f 4937/5302/4813 4939/5304/4815 4934/5299/4810
f 4876/5237/4752 4939/5304/4815 4938/5303/4814
f 4940/5305/4816 4934/5299/4810 4939/5304/4815
f 4876/5237/4752 4940/5305/4816 4939/5304/4815
f 4934/5299/4810 4940/5305/4816 4935/5300/4811
f 4876/5237/4752 4883/5245/4759 4940/5305/4816
f 4883/5245/4759 4935/5300/4811 4940/5305/4816
f 4860/5220/4736 4935/5300/4811 4941/5306/4817
f 4935/5300/4811 4883/5245/4759 4941/5306/4817
f 4859/5219/4735 4860/5220/4736 4941/5306/4817
f 4883/5245/4759 4859/5219/4735 4941/5306/4817
f 4942/5307/4725 4677/5308/4571 4678/5309/4572
f 4942/5307/4725 4679/5310/4559 4677/5308/4571
f 4942/5307/4725 4678/5309/4572 4943/5311/4818
f 4943/5311/4818 4678/5309/4572 4681/5312/4574
f 4679/5310/4559 4942/5307/4725 4944/5313/4722
f 4944/5313/4722 4683/5314/4555 4679/5310/4559
f 4945/5315/4727 4942/5307/4725 4943/5311/4818
f 4945/5315/4727 4944/5313/4722 4942/5307/4725
f 4943/5311/4818 4681/5312/4574 4946/5316/4728
f 4946/5316/4728 4681/5312/4574 4685/5317/4577
f 4683/5314/4555 4944/5313/4722 4947/5318/4819
f 4947/5318/4819 4688/5319/4541 4683/5314/4555
f 4945/5315/4727 4943/5311/4818 4948/5320/4731
f 4948/5320/4731 4943/5311/4818 4946/5316/4728
f 4944/5313/4722 4945/5315/4727 4949/5321/4730
f 4949/5321/4730 4947/5318/4819 4944/5313/4722
f 4950/5322/4820 4945/5315/4727 4948/5320/4731
f 4950/5322/4820 4949/5321/4730 4945/5315/4727
f 4946/5316/4728 4685/5317/4577 4951/5323/4742
f 4948/5320/4731 4946/5316/4728 4952/5324/4737
f 4952/5324/4737 4946/5316/4728 4951/5323/4742
f 4950/5322/4820 4948/5320/4731 4953/5325/4736
f 4953/5325/4736 4948/5320/4731 4952/5324/4737
f 4953/5325/4736 4954/5326/4735 4950/5322/4820
f 4949/5321/4730 4950/5322/4820 4955/5327/4734
f 4954/5326/4735 4955/5327/4734 4950/5322/4820
f 4947/5318/4819 4949/5321/4730 4956/5328/4733
f 4955/5327/4734 4956/5328/4733 4949/5321/4730
f 4688/5319/4541 4947/5318/4819 4957/5329/4713
f 4956/5328/4733 4957/5329/4713 4947/5318/4819
f 4685/5317/4577 4958/5330/4748 4951/5323/4742
f 4958/5330/4748 4685/5317/4577 4699/5331/4620
f 4959/5332/4821 4688/5319/4541 4957/5329/4713
f 4688/5319/4541 4959/5332/4821 4704/5333/4536
f 4699/5331/4620 4960/5334/4755 4958/5330/4748
f 4960/5334/4755 4699/5331/4620 4702/5335/4658
f 4961/5336/4699 4704/5333/4536 4959/5332/4821
f 4704/5333/4536 4961/5336/4699 4716/5337/4532
f 4702/5335/4658 4962/5338/4798 4960/5334/4755
f 4962/5338/4798 4702/5335/4658 4706/5339/4657
f 4706/5339/4657 4707/5340/4653 4962/5338/4798
f 4707/5340/4653 4963/5341/4822 4962/5338/4798
f 4707/5340/4653 4709/5342/4647 4963/5341/4822
f 4964/5343/4799 4960/5334/4755 4962/5338/4798
f 4964/5343/4799 4962/5338/4798 4963/5341/4822
f 4965/5344/4801 4958/5330/4748 4960/5334/4755
f 4960/5334/4755 4964/5343/4799 4965/5344/4801
f 4709/5342/4647 4966/5345/4791 4963/5341/4822
f 4709/5342/4647 4713/5346/4568 4966/5345/4791
f 4963/5341/4822 4967/5347/4796 4964/5343/4799
f 4963/5341/4822 4966/5345/4791 4967/5347/4796
f 4968/5348/4697 4716/5337/4532 4961/5336/4699
f 4716/5337/4532 4968/5348/4697 4720/5349/4531
f 4968/5348/4697 4721/5350/4529 4720/5349/4531
f 4721/5350/4529 4968/5348/4697 4969/5351/4698
f 4969/5351/4698 4723/5352/4534 4721/5350/4529
f 4961/5336/4699 4970/5353/4701 4968/5348/4697
f 4970/5353/4701 4969/5351/4698 4968/5348/4697
f 4723/5352/4534 4969/5351/4698 4971/5354/4700
f 4971/5354/4700 4726/5355/4538 4723/5352/4534
f 4972/5356/4800 4964/5343/4799 4967/5347/4796
f 4972/5356/4800 4965/5344/4801 4964/5343/4799
f 4970/5353/4701 4961/5336/4699 4973/5357/4704
f 4959/5332/4821 4973/5357/4704 4961/5336/4699
f 4969/5351/4698 4970/5353/4701 4974/5358/4703
f 4974/5358/4703 4971/5354/4700 4969/5351/4698
f 4973/5357/4704 4959/5332/4821 4975/5359/4711
f 4957/5329/4713 4975/5359/4711 4959/5332/4821
f 4973/5357/4704 4976/5360/4823 4970/5353/4701
f 4976/5360/4823 4974/5358/4703 4970/5353/4701
f 4975/5359/4711 4957/5329/4713 4977/5361/4738
f 4957/5329/4713 4956/5328/4733 4977/5361/4738
f 4975/5359/4711 4978/5362/4710 4973/5357/4704
f 4976/5360/4823 4973/5357/4704 4978/5362/4710
f 4977/5361/4738 4979/5363/4740 4975/5359/4711
f 4978/5362/4710 4975/5359/4711 4979/5363/4740
f 4980/5364/4739 4977/5361/4738 4956/5328/4733
f 4956/5328/4733 4955/5327/4734 4980/5364/4739
f 4979/5363/4740 4977/5361/4738 4981/5365/4743
f 4977/5361/4738 4980/5364/4739 4981/5365/4743
f 4982/5366/4744 4979/5363/4740 4981/5365/4743
f 4981/5365/4743 4980/5364/4739 4982/5366/4744
f 4983/5367/4741 4980/5364/4739 4955/5327/4734
f 4955/5327/4734 4954/5326/4735 4983/5367/4741
f 4980/5364/4739 4984/5368/4746 4982/5366/4744
f 4980/5364/4739 4983/5367/4741 4984/5368/4746
f 4983/5367/4741 4985/5369/4747 4984/5368/4746
f 4985/5369/4747 4982/5366/4744 4984/5368/4746
f 4954/5326/4735 4986/5370/4754 4983/5367/4741
f 4983/5367/4741 4986/5370/4754 4985/5369/4747
f 4987/5371/4752 4985/5369/4747 4986/5370/4754
f 4982/5366/4744 4985/5369/4747 4988/5372/4824
f 4987/5371/4752 4988/5372/4824 4985/5369/4747
f 4982/5366/4744 4988/5372/4824 4989/5373/4750
f 4987/5371/4752 4989/5373/4750 4988/5372/4824
f 4979/5363/4740 4982/5366/4744 4990/5374/4749
f 4989/5373/4750 4990/5374/4749 4982/5366/4744
f 4991/5375/4745 4979/5363/4740 4990/5374/4749
f 4989/5373/4750 4991/5375/4745 4990/5374/4749
f 4991/5375/4745 4978/5362/4710 4979/5363/4740
f 4991/5375/4745 4989/5373/4750 4992/5376/4751
f 4987/5371/4752 4992/5376/4751 4989/5373/4750
f 4993/5377/4709 4978/5362/4710 4991/5375/4745
f 4992/5376/4751 4993/5377/4709 4991/5375/4745
f 4978/5362/4710 4993/5377/4709 4976/5360/4823
f 4986/5370/4754 4954/5326/4735 4994/5378/4757
f 4987/5371/4752 4986/5370/4754 4994/5378/4757
f 4987/5371/4752 4995/5379/4825 4992/5376/4751
f 4993/5377/4709 4992/5376/4751 4995/5379/4825
f 4987/5371/4752 4994/5378/4757 4996/5380/4826
f 4954/5326/4735 4996/5380/4826 4994/5378/4757
f 4987/5371/4752 4997/5381/4827 4995/5379/4825
f 4997/5381/4827 4993/5377/4709 4995/5379/4825
f 4987/5371/4752 4996/5380/4826 4998/5382/4816
f 4999/5383/4761 4976/5360/4823 4993/5377/4709
f 4993/5377/4709 4997/5381/4827 4999/5383/4761
f 4996/5380/4826 4954/5326/4735 5000/5384/4828
f 4954/5326/4735 4953/5325/4736 5000/5384/4828
f 5001/5385/4829 4996/5380/4826 5000/5384/4828
f 4953/5325/4736 5001/5385/4829 5000/5384/4828
f 4996/5380/4826 5001/5385/4829 4998/5382/4816
f 4976/5360/4823 4999/5383/4761 5002/5386/4708
f 4974/5358/4703 4976/5360/4823 5002/5386/4708
f 4997/5381/4827 5003/5387/4762 4999/5383/4761
f 5003/5387/4762 5002/5386/4708 4999/5383/4761
f 5001/5385/4829 4953/5325/4736 5004/5388/4807
f 4953/5325/4736 4952/5324/4737 5004/5388/4807
f 4998/5382/4816 5001/5385/4829 5005/5389/4830
f 5004/5388/4807 5005/5389/4830 5001/5385/4829
f 5002/5386/4708 5006/5390/4831 4974/5358/4703
f 4971/5354/4700 4974/5358/4703 5006/5390/4831
f 5004/5388/4807 4952/5324/4737 5007/5391/4804
f 4952/5324/4737 4951/5323/4742 5007/5391/4804
f 5003/5387/4762 4997/5381/4827 5008/5392/4760
f 4987/5371/4752 5008/5392/4760 4997/5381/4827
f 5002/5386/4708 5003/5387/4762 5009/5393/4763
f 5006/5390/4831 5002/5386/4708 5009/5393/4763
f 5006/5390/4831 5010/5394/4706 4971/5354/4700
f 4726/5355/4538 4971/5354/4700 5010/5394/4706
f 5008/5392/4760 5011/5395/4832 5003/5387/4762
f 5011/5395/4832 5009/5393/4763 5003/5387/4762
f 5009/5393/4763 5012/5396/4833 5006/5390/4831
f 5010/5394/4706 5006/5390/4831 5012/5396/4833
f 5010/5394/4706 5013/5397/4712 4726/5355/4538
f 4726/5355/4538 5013/5397/4712 4803/5398/4553
f 4951/5323/4742 5014/5399/4803 5007/5391/4804
f 5014/5399/4803 4951/5323/4742 4958/5330/4748
f 4958/5330/4748 4965/5344/4801 5014/5399/4803
f 5015/5400/4802 5014/5399/4803 4965/5344/4801
f 4965/5344/4801 4972/5356/4800 5015/5400/4802
f 5016/5401/4805 5007/5391/4804 5014/5399/4803
f 5014/5399/4803 5015/5400/4802 5016/5401/4805
f 5012/5396/4833 5009/5393/4763 5017/5402/4766
f 5009/5393/4763 5011/5395/4832 5017/5402/4766
f 5012/5396/4833 5018/5403/4834 5010/5394/4706
f 5010/5394/4706 5018/5403/4834 5013/5397/4712
f 5017/5402/4766 5019/5404/4767 5012/5396/4833
f 5011/5395/4832 5019/5404/4767 5017/5402/4766
f 5012/5396/4833 5019/5404/4767 5018/5403/4834
f 5007/5391/4804 5016/5401/4805 5020/5405/4809
f 5004/5388/4807 5007/5391/4804 5020/5405/4809
f 5005/5389/4830 5004/5388/4807 5020/5405/4809
f 5005/5389/4830 5020/5405/4809 5016/5401/4805
f 5021/5406/4797 5015/5400/4802 4972/5356/4800
f 5022/5407/4806 5016/5401/4805 5015/5400/4802
f 5015/5400/4802 5021/5406/4797 5022/5407/4806
f 5005/5389/4830 5016/5401/4805 5023/5408/4813
f 5016/5401/4805 5022/5407/4806 5023/5408/4813
f 5024/5409/4815 5005/5389/4830 5023/5408/4813
f 4998/5382/4816 5005/5389/4830 5024/5409/4815
f 4987/5371/4752 4998/5382/4816 5024/5409/4815
f 5024/5409/4815 5023/5408/4813 5025/5410/4835
f 5025/5410/4835 5023/5408/4813 5022/5407/4806
f 4987/5371/4752 5024/5409/4815 5025/5410/4835
f 5022/5407/4806 5026/5411/4836 5025/5410/4835
f 4987/5371/4752 5025/5410/4835 5026/5411/4836
f 5022/5407/4806 5027/5412/4808 5026/5411/4836
f 4987/5371/4752 5026/5411/4836 5027/5412/4808
f 5027/5412/4808 5022/5407/4806 5021/5406/4797
f 4987/5371/4752 5027/5412/4808 5028/5413/4790
f 5021/5406/4797 5028/5413/4790 5027/5412/4808
f 4987/5371/4752 5028/5413/4790 5029/5414/4779
f 4987/5371/4752 5029/5414/4779 5030/5415/4778
f 5031/5416/4795 5021/5406/4797 4972/5356/4800
f 4967/5347/4796 5031/5416/4795 4972/5356/4800
f 5028/5413/4790 5032/5417/4837 5029/5414/4779
f 5032/5417/4837 5030/5415/4778 5029/5414/4779
f 5028/5413/4790 5021/5406/4797 5033/5418/4793
f 5031/5416/4795 5033/5418/4793 5021/5406/4797
f 5032/5417/4837 5028/5413/4790 5033/5418/4793
f 4967/5347/4796 5034/5419/4792 5031/5416/4795
f 4966/5345/4791 5034/5419/4792 4967/5347/4796
f 5035/5420/4789 5033/5418/4793 5031/5416/4795
f 5033/5418/4793 5035/5420/4789 5032/5417/4837
f 5034/5419/4792 5035/5420/4789 5031/5416/4795
f 4966/5345/4791 5036/5421/4786 5034/5419/4792
f 4713/5346/4568 5036/5421/4786 4966/5345/4791
f 5030/5415/4778 5032/5417/4837 5037/5422/4784
f 5035/5420/4789 5037/5422/4784 5032/5417/4837
f 5034/5419/4792 5038/5423/4787 5035/5420/4789
f 5036/5421/4786 5038/5423/4787 5034/5419/4792
f 4713/5346/4568 5039/5424/4720 5036/5421/4786
f 5039/5424/4720 4713/5346/4568 4789/5425/4564
f 5037/5422/4784 5035/5420/4789 5040/5426/4788
f 5038/5423/4787 5040/5426/4788 5035/5420/4789
f 5036/5421/4786 5041/5427/4782 5038/5423/4787
f 5041/5427/4782 5036/5421/4786 5039/5424/4720
f 5038/5423/4787 5042/5428/4838 5040/5426/4788
f 5042/5428/4838 5037/5422/4784 5040/5426/4788
f 5042/5428/4838 5038/5423/4787 5041/5427/4782
f 5043/5429/4839 5030/5415/4778 5037/5422/4784
f 5037/5422/4784 5042/5428/4838 5043/5429/4839
f 4789/5425/4564 5044/5430/4717 5039/5424/4720
f 5044/5430/4717 4789/5425/4564 4793/5431/4562
f 5039/5424/4720 5045/5432/4721 5041/5427/4782
f 5045/5432/4721 5039/5424/4720 5044/5430/4717
f 5041/5427/4782 5046/5433/4776 5042/5428/4838
f 5046/5433/4776 5041/5427/4782 5045/5432/4721
f 4793/5431/4562 5047/5434/4716 5044/5430/4717
f 5047/5434/4716 4793/5431/4562 4798/5435/4561
f 4799/5436/4557 5047/5434/4716 4798/5435/4561
f 5044/5430/4717 5048/5437/4718 5045/5432/4721
f 5048/5437/4718 5044/5430/4717 5047/5434/4716
f 5049/5438/4840 5047/5434/4716 4799/5436/4557
f 5049/5438/4840 5048/5437/4718 5047/5434/4716
f 4803/5398/4553 5049/5438/4840 4799/5436/4557
f 5013/5397/4712 5049/5438/4840 4803/5398/4553
f 5013/5397/4712 5050/5439/4719 5049/5438/4840
f 5049/5438/4840 5050/5439/4719 5048/5437/4718
f 5018/5403/4834 5050/5439/4719 5013/5397/4712
f 5051/5440/4724 5045/5432/4721 5048/5437/4718
f 5048/5437/4718 5050/5439/4719 5051/5440/4724
f 5045/5432/4721 5051/5440/4724 5046/5433/4776
f 5018/5403/4834 5052/5441/4729 5050/5439/4719
f 5050/5439/4719 5052/5441/4729 5051/5440/4724
f 5019/5404/4767 5052/5441/4729 5018/5403/4834
f 5053/5442/4772 5046/5433/4776 5051/5440/4724
f 5053/5442/4772 5051/5440/4724 5052/5441/4729
f 5052/5441/4729 5019/5404/4767 5054/5443/4770
f 5052/5441/4729 5054/5443/4770 5053/5442/4772
f 5046/5433/4776 5053/5442/4772 5055/5444/4780
f 5055/5444/4780 5042/5428/4838 5046/5433/4776
f 5042/5428/4838 5055/5444/4780 5043/5429/4839
f 5056/5445/4841 5055/5444/4780 5053/5442/4772
f 5056/5445/4841 5043/5429/4839 5055/5444/4780
f 5019/5404/4767 5057/5446/4769 5054/5443/4770
f 5019/5404/4767 5011/5395/4832 5057/5446/4769
f 5058/5447/4768 5057/5446/4769 5011/5395/4832
f 5011/5395/4832 5008/5392/4760 5058/5447/4768
f 4987/5371/4752 5058/5447/4768 5008/5392/4760
f 5057/5446/4769 5058/5447/4768 5059/5448/4842
f 5059/5448/4842 5054/5443/4770 5057/5446/4769
f 4987/5371/4752 5059/5448/4842 5058/5447/4768
f 5060/5449/4774 5053/5442/4772 5054/5443/4770
f 5056/5445/4841 5053/5442/4772 5060/5449/4774
f 4987/5371/4752 5056/5445/4841 5060/5449/4774
f 5043/5429/4839 5056/5445/4841 5061/5450/4777
f 4987/5371/4752 5061/5450/4777 5056/5445/4841
f 5030/5415/4778 5043/5429/4839 5061/5450/4777
f 4987/5371/4752 5030/5415/4778 5061/5450/4777
f 4987/5371/4752 5062/5451/4843 5059/5448/4842
f 5054/5443/4770 5059/5448/4842 5062/5451/4843
f 4987/5371/4752 5060/5449/4774 5062/5451/4843
f 5054/5443/4770 5062/5451/4843 5060/5449/4774
