# Blender 4.4.3
# www.blender.org
mtllib topolino.mtl
o M:Mickey_geo
v -1.254349 -0.471033 15.079884
v -1.246963 -0.291012 15.153277
v -0.964932 -0.133149 15.235903
v -0.918773 -0.341327 15.192975
v -1.223423 -0.748909 14.959410
v -0.825071 -0.673671 15.080809
v -1.180495 -0.948778 14.826934
v -0.746138 -0.927545 14.963565
v -1.142644 -1.129260 14.696767
v -0.690286 -1.117259 14.835242
v -1.052635 -1.334205 14.521822
v -0.617817 -1.320820 14.670454
v -0.957547 -1.526689 14.349649
v -0.554580 -1.507301 14.489511
v -0.940007 -1.631469 14.186707
v -0.503343 -1.640239 14.303029
v -0.898925 -1.737635 14.018691
v -0.462722 -1.713632 14.136396
v -0.190385 -1.506840 14.324262
v -0.164536 -1.621776 14.158553
v -0.208848 -1.374364 14.453970
v -0.262392 -1.194806 14.630759
v -0.322862 -0.979243 14.802932
v -0.363020 -0.798761 14.934022
v -0.426719 -0.572582 15.046190
v -0.556426 -0.309015 15.143122
v -0.677362 -0.159922 15.210976
v -0.799684 -0.030214 15.265904
v -0.989859 -0.029753 15.261751
v -1.167570 -0.127610 15.227133
v 1.189307 -0.431336 15.073422
v 0.847269 -0.319170 15.186513
v 0.881888 -0.111916 15.232210
v 1.172228 -0.251778 15.146816
v 1.172689 -0.710598 14.952948
v 0.771107 -0.656131 15.074345
v 1.140379 -0.911851 14.820472
v 0.705098 -0.913697 14.956639
v 1.111760 -1.094641 14.690303
v 0.658940 -1.108950 14.831551
v 1.032827 -1.303741 14.515360
v 0.596163 -1.321743 14.672763
v 0.947895 -1.501301 14.343187
v 0.544466 -1.502686 14.483049
v 0.935894 -1.607466 14.179785
v 0.498307 -1.646240 14.304416
v 0.899428 -1.718249 14.009921
v 0.463688 -1.713171 14.130396
v 0.180733 -1.521150 14.318261
v 0.160423 -1.640701 14.155784
v 0.192273 -1.387750 14.447506
v 0.234278 -1.214654 14.632605
v 0.284129 -0.993091 14.802007
v 0.314595 -0.811225 14.933099
v 0.366754 -0.581815 15.045265
v 0.482152 -0.313630 15.144047
v 0.596626 -0.150689 15.204053
v 0.712023 -0.014983 15.258982
v 0.901275 -0.007135 15.258060
v 1.084526 -0.092530 15.220671
v 0.467842 -2.171991 12.074012
v 0.856963 -2.040438 12.048624
v 0.785416 -1.942119 11.737975
v 0.417529 -2.076903 11.759671
v 0.417529 -2.076903 11.759671
v 0.785416 -1.942119 11.737975
v 0.691713 -1.834108 11.454559
v 0.375063 -1.955967 11.465177
v 0.375063 -1.955967 11.465177
v 0.691713 -1.834108 11.454559
v 0.568469 -1.766253 11.263000
v 0.320134 -1.811027 11.197453
v 0.044564 -1.967968 11.521953
v 0.375063 -1.955967 11.465177
v 0.320134 -1.811027 11.197453
v 0.056565 -1.876112 11.324389
v 0.051027 -2.088905 11.796597
v 0.417529 -2.076903 11.759671
v 0.088416 -2.192762 12.125249
v 0.467842 -2.171991 12.074012
v -0.525961 -2.184916 12.073550
v -0.474262 -2.110137 11.754132
v -0.836611 -1.961968 11.725974
v -0.910003 -2.039975 12.042162
v -0.474262 -2.110137 11.754132
v -0.429027 -2.007203 11.453174
v -0.740600 -1.873803 11.437019
v -0.836611 -1.961968 11.725974
v -0.429027 -2.007203 11.453174
v -0.369944 -1.879804 11.177144
v -0.615970 -1.821644 11.241303
v -0.740600 -1.873803 11.437019
v -0.098990 -2.029821 11.509027
v -0.108683 -1.948582 11.306389
v -0.369944 -1.879804 11.177144
v -0.429027 -2.007203 11.453174
v -0.108222 -2.134601 11.790134
v -0.429027 -2.007203 11.453174
v -0.474262 -2.110137 11.754132
v -0.147457 -2.218150 12.124326
v -0.108222 -2.134601 11.790134
v -0.474262 -2.110137 11.754132
v -0.525961 -2.184916 12.073550
v 2.659470 0.529695 2.515413
v 2.889803 -0.024674 2.564341
v 2.595309 -0.134994 2.368166
v 2.589308 0.239355 2.371858
v 2.789176 0.651093 2.416633
v 3.073515 -0.032522 2.476638
v 2.103255 0.934047 2.391706
v 2.103255 0.759105 2.495102
v 2.589308 0.239355 2.371858
v 2.108793 0.520462 2.364934
v 1.416871 0.651093 2.416633
v 1.547039 0.529695 2.515413
v 2.108793 0.520462 2.364934
v 1.623201 0.239355 2.367242
v 1.138531 -0.034829 2.477101
v 1.316243 -0.024674 2.564341
v 1.623201 0.239355 2.367242
v 1.623662 -0.080526 2.371858
v 2.826565 0.669557 2.035820
v 3.126137 -0.050985 2.099059
v 2.103255 0.967744 2.009510
v 2.826565 0.669557 2.035820
v 1.080372 -0.050985 2.099059
v 1.379943 0.669557 2.035820
v 2.103255 0.967744 2.009510
v 2.627159 0.410143 1.970275
v 2.103255 0.632630 1.949964
v 1.598276 0.453994 1.932424
v 1.395176 -0.061140 1.985046
v 2.826565 -0.771526 2.162297
v 2.789176 -0.715674 2.537107
v 2.103255 -0.999090 2.562033
v 2.103255 -0.808454 2.633118
v 1.547039 -0.579044 2.612808
v 1.805991 -0.472879 2.379243
v 2.109717 -0.601661 2.383397
v 1.416871 -0.715674 2.537107
v 1.316243 -0.024674 2.564341
v 1.623662 -0.080526 2.371858
v 1.805991 -0.472879 2.379243
v 1.138531 -0.034829 2.477101
v 2.659470 -0.579044 2.612808
v 2.109717 -0.601661 2.383397
v 2.408365 -0.456722 2.376012
v 1.379943 -0.771526 2.162297
v 1.080372 -0.050985 2.099059
v 2.103255 -1.069714 2.188607
v 1.395176 -0.061140 1.985046
v 1.595967 -0.550426 2.021973
v 2.122641 -0.759063 2.057516
v 2.599001 -0.578120 2.040437
v 2.811333 -0.087913 1.991509
v 2.826565 0.669557 2.035820
v 2.659470 -0.579044 2.612808
v 2.408365 -0.456722 2.376012
v 2.595309 -0.134994 2.368166
v 1.335631 0.581393 1.588079
v 1.203154 0.726332 1.098794
v 1.714596 1.054523 1.094178
v 1.787988 0.875887 1.583001
v 2.358513 1.109913 1.103871
v 2.297583 0.908198 1.590386
v 3.097518 0.711561 1.138491
v 2.912421 0.536157 1.642084
v 3.166757 -0.226851 1.610235
v 3.567417 -0.241622 1.055405
v 3.750668 -1.122797 1.034632
v 3.337545 -1.114026 1.500376
v 0.866194 0.044564 1.103871
v 1.140379 0.017330 1.622698
v 1.169920 -0.514422 1.645777
v 0.796032 -0.509805 1.105718
v 1.090064 -1.146337 1.611158
v 0.686636 -1.163416 1.128335
v 2.879187 -1.138491 1.682705
v 2.749941 -0.825994 1.860417
v 1.649511 -0.868461 1.890420
v 1.582582 -1.141722 1.773637
v 2.205266 -0.928929 1.961505
v 2.214959 -1.230808 1.851647
v 0.617859 -1.231269 0.427181
v 0.710638 -0.570274 0.432719
v 0.736025 -1.274660 0.064832
v 0.822805 -0.642743 0.050061
v 0.891119 -0.136841 0.069449
v 0.788186 -0.027443 0.431797
v 1.167150 0.748950 0.412872
v 1.243774 0.596164 0.158074
v 1.080372 -0.262855 -0.003945
v 1.018057 -0.702288 -0.004406
v 0.932201 -1.301893 -0.000252
v 1.751985 0.918353 0.149765
v 1.707672 1.100682 0.406409
v 2.382977 1.155149 0.381021
v 2.365437 0.965898 0.143765
v 3.139061 0.730486 0.404563
v 3.058283 0.562929 0.154381
v 3.602498 -0.287319 0.367635
v 3.455251 -0.365789 0.023289
v 3.794980 -1.151876 0.413794
v 3.628347 -1.186034 0.043137
v 3.859603 -1.754712 0.449798
v 3.692507 -1.781946 0.059294
v 1.398868 0.428607 -0.003482
v 1.797220 0.705561 -0.003482
v 2.970120 0.365369 0.008057
v 2.346051 0.735102 -0.003482
v 3.344931 -0.534731 -0.005330
v 3.471868 -1.207268 -0.003482
v 3.527258 -1.801795 0.002979
v 3.385550 -1.681320 1.530842
v 2.920730 -1.694706 1.684090
v 2.879187 -1.138491 1.682705
v 2.224652 -1.757482 1.779638
v 2.214959 -1.230808 1.851647
v 1.555809 -1.712246 1.715939
v 1.582582 -1.141722 1.773637
v 1.094219 -1.657778 1.595464
v 1.603814 -2.222303 2.050129
v 2.242654 -2.188607 2.102751
v 2.224652 -1.757482 1.779638
v 1.067909 -2.268923 1.892266
v 0.609088 -1.749636 1.172186
v 0.512155 -2.441097 1.298200
v 1.214232 -3.021315 2.195992
v 0.590163 -3.277497 1.568230
v 1.347631 -3.508754 2.242613
v 0.934971 -4.019271 1.703938
v 1.661513 -2.952538 2.399554
v 2.258348 -2.941922 2.454944
v 0.487691 -3.345350 0.675054
v 0.871272 -4.277762 0.746138
v 0.973744 -4.108358 0.235621
v 0.680173 -3.189333 0.167766
v 0.465534 -2.508950 0.540731
v 0.653401 -2.481716 0.098528
v 0.549544 -1.843799 0.458569
v 0.690789 -1.888574 0.084219
v 0.921123 -2.999159 0.028828
v 0.864348 -2.450789 0.016366
v 1.194846 -3.799556 0.024212
v 0.906813 -1.916730 0.007134
v 1.593198 -4.509942 0.271163
v 1.640741 -4.135130 0.020519
v 2.256963 -4.646572 0.289165
v 2.260657 -4.204370 0.020981
v 1.545192 -4.725504 0.815377
v 2.279582 -4.877829 0.841226
v 2.270812 -4.693654 1.879341
v 1.544731 -4.529790 1.866878
v 2.262964 -3.695698 2.407861
v 1.664283 -3.648154 2.351548
v 2.861185 -4.482708 0.239313
v 2.789638 -4.140209 0.021443
v 3.344931 -4.174366 0.213926
v 3.177835 -3.884488 0.022827
v 2.962734 -4.734736 0.826917
v 3.493101 -4.326691 0.772449
v 3.510180 -4.124052 1.650855
v 2.935501 -4.551485 1.809180
v 3.163987 -3.547528 2.216764
v 2.825642 -3.647693 2.347393
v 3.509256 -3.160253 0.030675
v 3.707278 -3.314886 0.129455
v 3.593727 -2.409246 0.014981
v 3.762208 -2.390321 0.078680
v 3.918686 -3.469518 0.687055
v 3.950074 -2.394937 0.525037
v 3.925610 -2.353394 1.157877
v 3.883144 -3.367969 1.468526
v 3.412784 -2.237998 1.829952
v 3.317697 -3.031931 2.158142
v 2.830258 -2.965002 2.376012
v 2.885649 -2.201994 2.019203
v 2.920730 -1.694706 1.684090
v 3.839293 -1.715939 1.066944
v 0.921123 -2.999159 0.028828
v 1.670745 -3.311655 0.030213
v 1.683669 -2.520029 0.016827
v 0.864348 -2.450789 0.016366
v 2.258348 -3.331965 0.031598
v 2.287890 -2.526953 0.016827
v 2.795177 -3.316732 0.032060
v 2.827950 -2.504334 0.016366
v 3.593727 -2.409246 0.014981
v 3.509256 -3.160253 0.030675
v 2.789638 -4.140209 0.021443
v 2.260657 -4.204370 0.020981
v 1.640741 -4.135130 0.020519
v 1.697056 -1.920424 0.005749
v 0.906813 -1.916730 0.007134
v 2.298506 -1.918577 0.004826
v 2.846414 -1.893651 0.003903
v 3.527258 -1.801795 0.002979
v 2.309123 -1.292200 -0.003021
v 2.851953 -1.276044 -0.003482
v 2.312355 -0.559195 -0.004867
v 1.727058 -0.609047 -0.003945
v 1.707211 -1.300970 -0.001636
v 0.932201 -1.301893 -0.000252
v 1.018057 -0.702288 -0.004406
v 2.847798 -0.551810 -0.004867
v 3.344931 -0.534731 -0.005330
v 3.471868 -1.207268 -0.003482
v 1.797220 0.705561 -0.003482
v 2.346051 0.735102 -0.003482
v 2.970120 0.365369 0.008057
v 1.080372 -0.262855 -0.003945
v 1.398868 0.428607 -0.003482
v 1.595967 -0.550426 2.021973
v 2.122641 -0.759063 2.057516
v 2.599001 -0.578120 2.040437
v 2.811333 -0.087913 1.991509
v 2.627159 0.410143 1.970275
v 2.103255 0.632630 1.949964
v 1.598276 0.453994 1.932424
v 1.395176 -0.061140 1.985046
v 1.194846 -3.799556 0.024212
v 3.177835 -3.884488 0.022827
v -2.370012 0.529695 2.515413
v -2.301235 0.239355 2.370473
v -2.305850 -0.134994 2.368166
v -2.600345 -0.024674 2.564341
v -2.499719 0.651093 2.416633
v -2.784057 -0.032522 2.476638
v -1.813795 0.934047 2.391706
v -2.370012 -0.579044 2.612808
v -2.118907 -0.456722 2.376473
v -2.305850 -0.134994 2.368166
v -2.499719 -0.715674 2.537107
v -1.813795 -0.808454 2.633118
v -1.820258 -0.601661 2.383397
v -2.118907 -0.456722 2.376473
v -1.813795 -0.999090 2.562033
v -1.257581 -0.579044 2.612808
v -1.516533 -0.472879 2.379243
v -1.820258 -0.601661 2.383397
v -1.127412 -0.715674 2.537107
v -1.026786 -0.024674 2.564341
v -1.334204 -0.080526 2.371858
v -1.516533 -0.472879 2.379243
v -0.879539 -0.026982 2.459098
v -1.090485 -0.771526 2.162297
v -0.790913 -0.050985 2.099059
v -1.813795 -1.069714 2.188607
v -2.536645 -0.771526 2.162297
v -2.836217 -0.050985 2.099059
v -2.536645 0.669557 2.035820
v -1.813795 0.967744 2.009510
v -2.521874 -0.087913 1.991509
v -2.337700 0.410143 1.970275
v -1.813795 0.632630 1.949964
v -1.090485 0.669557 2.035820
v -1.127412 0.651093 2.416633
v -1.813795 0.759105 2.495102
v -2.370012 0.529695 2.515413
v -1.257581 0.529695 2.515413
v -1.819335 0.520462 2.364934
v -1.333743 0.239355 2.367242
v -0.879539 -0.026982 2.459098
v -1.026786 -0.024674 2.564341
v -1.333743 0.239355 2.367242
v -1.334204 -0.080526 2.371858
v -1.813795 0.967744 2.009510
v -0.790913 -0.050985 2.099059
v -1.090485 0.669557 2.035820
v -1.308817 0.453994 1.932424
v -1.105718 -0.061140 1.985046
v -1.819335 0.520462 2.364934
v -2.301235 0.239355 2.370473
v -1.105718 -0.061140 1.985046
v -1.306509 -0.550426 2.021973
v -1.833183 -0.759063 2.057516
v -2.309544 -0.578120 2.040437
v -1.046172 0.581393 1.588540
v -1.498530 0.875887 1.583001
v -1.425138 1.054523 1.094178
v -0.913695 0.726332 1.098794
v -2.068593 1.109913 1.103871
v -2.008125 0.908198 1.590386
v -2.808060 0.711561 1.138491
v -2.622963 0.536157 1.642084
v -2.877298 -0.226851 1.610235
v -3.277958 -0.241622 1.055405
v -3.461209 -1.122797 1.034632
v -3.047625 -1.114026 1.500376
v -0.576274 0.044564 1.103871
v -0.850920 0.017330 1.622698
v -0.880461 -0.514422 1.645777
v -0.506574 -0.509805 1.105718
v -0.800606 -1.146337 1.611158
v -0.397178 -1.163416 1.128335
v -2.589266 -1.138491 1.682705
v -2.460483 -0.825994 1.860417
v -1.359592 -0.868461 1.890420
v -1.293123 -1.141722 1.773637
v -1.915808 -0.928929 1.961505
v -1.925500 -1.230808 1.851647
v -0.353326 -1.186496 0.400408
v -0.421179 -0.570274 0.432719
v -0.446567 -1.274660 0.064832
v -0.533346 -0.642743 0.050061
v -0.601661 -0.136841 0.069449
v -0.498265 -0.027443 0.431797
v -0.877692 0.748950 0.412872
v -0.954316 0.596164 0.158074
v -0.790913 -0.262855 -0.003945
v -0.728598 -0.702288 -0.004406
v -0.642743 -1.301893 -0.000252
v -1.462526 0.918353 0.149765
v -1.417752 1.100682 0.406409
v -2.093519 1.155149 0.381021
v -2.075979 0.965898 0.143765
v -2.849603 0.730486 0.404563
v -2.768826 0.562929 0.154381
v -3.313040 -0.287319 0.367635
v -3.165792 -0.365789 0.023289
v -3.505522 -1.151876 0.413794
v -3.338427 -1.186034 0.043137
v -3.570144 -1.754712 0.449798
v -3.403049 -1.781946 0.059294
v -1.108949 0.428607 -0.003482
v -2.680661 0.365369 0.008057
v -2.056592 0.735102 -0.003482
v -3.055472 -0.534731 -0.005330
v -3.182410 -1.207268 -0.003482
v -3.237800 -1.801795 0.002979
v -3.304269 -2.409246 0.014981
v -1.507762 0.705561 -0.003482
v -3.472749 -2.390321 0.078680
v -3.417820 -3.314886 0.129455
v -3.628766 -3.469518 0.687055
v -3.660617 -2.394937 0.525037
v -3.219799 -3.160253 0.030675
v -3.636153 -2.353394 1.157877
v -3.593686 -3.367969 1.468526
v -3.123326 -2.237998 1.829952
v -3.028239 -3.031931 2.158142
v -2.540799 -2.965002 2.376012
v -2.596190 -2.201994 2.019203
v -2.631271 -1.694706 1.684090
v -3.095631 -1.681320 1.530842
v -1.968890 -2.941922 2.454944
v -1.953196 -2.188607 2.102751
v -1.372055 -2.952538 2.399554
v -1.314355 -2.222303 2.050129
v -1.266351 -1.712246 1.715939
v -1.935194 -1.757482 1.779638
v -0.804299 -1.657778 1.595464
v -0.778450 -2.268923 1.892266
v -0.303935 -1.797179 1.174956
v -0.222697 -2.441097 1.298200
v -0.924774 -3.021315 2.195992
v -0.300705 -3.277497 1.568230
v -1.057712 -3.508754 2.242613
v -0.645512 -4.019271 1.703938
v -0.198232 -3.345350 0.675054
v -0.581813 -4.277762 0.746138
v -0.684286 -4.108358 0.235621
v -0.390715 -3.189333 0.167766
v -0.175614 -2.508950 0.540731
v -0.363481 -2.481716 0.098528
v -0.260085 -1.843799 0.458569
v -0.401332 -1.888574 0.084219
v -0.631664 -2.999159 0.028828
v -0.574889 -2.450789 0.016366
v -0.904925 -3.799556 0.024212
v -0.617355 -1.916730 0.007134
v -1.293123 -1.141722 1.773637
v -1.925500 -1.230808 1.851647
v -1.935194 -1.757482 1.779638
v -2.589266 -1.138491 1.682705
v -2.631271 -1.694706 1.684090
v -3.549373 -1.715939 1.066944
v -1.967506 -4.646572 0.289165
v -1.303278 -4.509942 0.271163
v -1.350821 -4.135130 0.020519
v -1.970736 -4.204370 0.020981
v -1.255733 -4.725504 0.815377
v -1.990124 -4.877829 0.841226
v -1.981352 -4.693654 1.879341
v -1.255272 -4.529790 1.866878
v -1.973506 -3.695698 2.407861
v -1.374362 -3.648154 2.351548
v -2.571726 -4.482708 0.239313
v -2.500180 -4.140209 0.021443
v -3.055472 -4.174366 0.213926
v -2.888376 -3.884488 0.022827
v -2.673276 -4.734736 0.826917
v -3.203642 -4.326691 0.772449
v -3.220721 -4.124052 1.650855
v -2.646042 -4.551485 1.809180
v -2.874528 -3.547528 2.216764
v -2.536184 -3.647693 2.347393
v -0.631664 -2.999159 0.028828
v -0.574889 -2.450789 0.016366
v -1.394211 -2.520029 0.016827
v -1.381286 -3.311655 0.030213
v -1.968890 -3.331965 0.031598
v -1.998431 -2.526953 0.016827
v -2.505257 -3.316732 0.032060
v -2.538492 -2.504334 0.016366
v -3.304269 -2.409246 0.014981
v -3.219799 -3.160253 0.030675
v -2.500180 -4.140209 0.021443
v -1.970736 -4.204370 0.020981
v -1.350821 -4.135130 0.020519
v -1.407135 -1.920424 0.005749
v -0.617355 -1.916730 0.007134
v -2.009049 -1.918577 0.004826
v -2.556956 -1.893651 0.003903
v -3.237800 -1.801795 0.002979
v -2.019203 -1.292200 -0.003021
v -2.562494 -1.276044 -0.003482
v -2.022896 -0.559195 -0.004867
v -1.437601 -0.609047 -0.003945
v -1.417290 -1.300970 -0.001636
v -0.642743 -1.301893 -0.000252
v -0.728598 -0.702288 -0.004406
v -2.558341 -0.551810 -0.004867
v -3.055472 -0.534731 -0.005330
v -3.182410 -1.207268 -0.003482
v -1.507762 0.705561 -0.003482
v -2.056592 0.735102 -0.003482
v -2.680661 0.365369 0.008057
v -0.790913 -0.262855 -0.003945
v -1.108949 0.428607 -0.003482
v -1.306509 -0.550426 2.021973
v -1.833183 -0.759063 2.057516
v -2.309544 -0.578120 2.040437
v -2.521874 -0.087913 1.991509
v -2.337700 0.410143 1.970275
v -1.813795 0.632630 1.949964
v -1.308817 0.453994 1.932424
v -1.105718 -0.061140 1.985046
v -0.904925 -3.799556 0.024212
v -2.888376 -3.884488 0.022827
v -1.533149 -0.460416 3.823557
v -1.633776 -0.483956 3.472288
v -1.797179 -0.196848 3.514292
v -1.674396 -0.182076 3.855408
v -1.793025 0.130881 3.513831
v -1.663780 0.137805 3.858639
v -1.360976 0.369523 3.406281
v -1.257581 0.364907 3.743241
v -0.985242 0.124419 3.299653
v -0.864306 0.113802 3.632460
v -1.901036 0.150268 3.256264
v -1.898729 -0.192231 3.255803
v -2.064439 -0.170537 2.814061
v -1.723785 -0.488110 3.207797
v -1.886727 -0.477032 2.775748
v -2.075056 0.187196 2.817754
v -1.473142 0.404142 3.155176
v -1.626852 0.453070 2.736053
v -1.053096 0.147960 3.047164
v -1.176341 0.185811 2.638657
v -1.067405 0.404142 4.363618
v -0.669515 0.164577 4.302227
v -1.467603 0.186272 4.463321
v -1.459757 -0.119300 4.479477
v -1.312509 -0.384254 4.461474
v -1.819335 0.520462 2.364934
v -1.333743 0.239355 2.367242
v -2.301235 0.239355 2.370473
v -1.069714 -0.513037 4.422240
v -1.279275 -0.593815 3.760319
v -0.816300 -0.417949 4.364541
v -1.018477 -0.492265 3.689697
v -1.389595 -0.611817 3.404435
v -1.123258 -0.504728 3.336580
v -0.868922 -0.159459 3.640306
v -0.977395 -0.158536 3.295961
v -1.457911 -0.621510 3.131635
v -1.191111 -0.505189 3.066089
v -1.331897 -0.493650 2.655736
v -1.607004 -0.615970 2.713434
v -1.046172 -0.145150 3.041625
v -1.174956 -0.118377 2.633118
v -0.675054 -0.098529 4.316997
v -1.516533 -0.472879 2.379243
v -1.820258 -0.601661 2.383397
v -1.334204 -0.080526 2.371858
v -2.118907 -0.456722 2.376473
v -2.305850 -0.134994 2.368166
v -0.868922 -0.159459 3.640306
v -0.675054 -0.098529 4.316997
v -0.977395 -0.158536 3.295961
v -1.046172 -0.145150 3.041625
v -1.174956 -0.118377 2.633118
v -1.334204 -0.080526 2.371858
v 1.619970 -0.412872 3.850330
v 1.757524 -0.134994 3.898797
v 1.919542 -0.148381 3.552604
v 1.751985 -0.433182 3.499983
v 1.920926 0.179348 3.545680
v 1.746445 0.185348 3.904336
v 1.497648 0.423991 3.401203
v 1.353633 0.415682 3.753396
v 1.140379 0.178426 3.267342
v 0.972359 0.168269 3.604765
v 2.062634 0.188118 3.283498
v 2.052941 -0.154381 3.290421
v 2.267580 -0.151612 2.851912
v 1.870152 -0.447952 3.236878
v 2.084791 -0.455800 2.810369
v 2.288813 0.205197 2.845449
v 1.649974 0.446609 3.146405
v 1.855380 0.475227 2.730514
v 1.238696 0.194118 3.010236
v 1.408562 0.212582 2.610961
v 1.093296 0.418451 4.383467
v 0.700483 0.178425 4.289763
v 1.488878 0.201505 4.508096
v 1.479185 -0.106838 4.509942
v 1.332400 -0.373636 4.473476
v 2.595309 -0.134994 2.368166
v 2.589308 0.239355 2.371858
v 2.108793 0.520462 2.364934
v 1.623201 0.239355 2.367242
v 1.096527 -0.501035 4.416701
v 1.372558 -0.544425 3.763089
v 0.847269 -0.405486 4.346539
v 1.118222 -0.441491 3.671694
v 1.518420 -0.560118 3.411359
v 1.259469 -0.450261 3.321810
v 0.974668 -0.105914 3.612150
v 1.125146 -0.103145 3.264112
v 1.608431 -0.577659 3.142713
v 1.353633 -0.458569 3.051779
v 1.544269 -0.466416 2.652043
v 1.808298 -0.591045 2.731898
v 1.223926 -0.098068 3.008852
v 1.401638 -0.091144 2.610961
v 0.707407 -0.084220 4.297611
v 1.805991 -0.472879 2.379243
v 2.109717 -0.601661 2.383397
v 1.623662 -0.080526 2.371858
v 2.408365 -0.456722 2.376012
v 0.707407 -0.084220 4.297611
v 0.974668 -0.105914 3.612150
v 1.125146 -0.103145 3.264112
v 1.223926 -0.098068 3.008852
v 1.401638 -0.091144 2.610961
v 1.623662 -0.080526 2.371858
v 7.137352 1.587197 4.116206
v 7.007183 1.626894 3.927416
v 7.081038 1.345324 3.854945
v 7.236594 1.345324 4.142055
v 6.841472 1.345324 3.746934
v 6.849319 1.587197 3.828174
v 6.871015 1.628740 4.416239
v 6.946253 1.345324 4.497941
v 6.902864 1.345324 4.545946
v 6.823470 1.631047 4.466553
v 6.690071 1.697978 4.218679
v 6.630526 1.701671 4.273608
v 6.508205 1.627816 4.021119
v 6.434350 1.630586 4.077432
v 6.349879 1.634740 4.150363
v 6.566365 1.704441 4.333615
v 7.007183 1.626894 3.927416
v 6.849319 1.587197 3.828174
v 6.255715 1.713672 4.616570
v 6.465738 1.641202 4.845517
v 6.778234 1.632432 4.513635
v 6.548363 1.344862 4.935066
v 6.865475 1.345324 4.587027
v 6.494357 1.344400 4.992303
v 6.408040 1.643049 4.905986
v 6.358188 1.643510 4.954453
v 6.450044 1.345324 5.037539
v 6.184630 1.716442 4.682114
v 6.057232 1.640741 4.400546
v 5.976453 1.643049 4.473938
v 5.902137 1.644895 4.542253
v 6.122777 1.717365 4.742121
v 6.061847 1.643510 5.243870
v 5.849516 1.720596 5.007073
v 5.645494 1.650896 4.782279
v 5.981992 1.643510 5.321416
v 5.777508 1.721520 5.076774
v 5.912292 1.644895 5.387885
v 5.693499 1.724289 5.148781
v 5.710116 1.641664 5.572521
v 5.480244 1.731675 5.332033
v 5.579024 1.652743 4.843210
v 5.489938 1.659204 4.924911
v 5.281761 1.671668 5.105854
v 5.168210 1.719672 5.599293
v 4.974342 1.670744 5.363883
v 6.011995 1.354555 5.485743
v 6.074310 1.353170 5.419273
v 5.818590 1.351324 5.687919
v 6.052154 0.983899 5.511591
v 5.894290 0.976974 5.762235
v 6.112161 0.553235 5.536517
v 5.939065 0.549081 5.800085
v 5.659341 0.934509 6.035496
v 5.683344 0.541234 6.048420
v 5.693961 0.145652 6.064576
v 5.939526 0.144729 5.793623
v 5.337152 0.526464 6.359994
v 5.361155 0.113340 6.360455
v 6.109391 0.129496 5.514361
v 5.884136 -0.254546 5.728077
v 6.082157 -0.256855 5.468664
v 5.782124 -0.567966 5.548980
v 5.981069 -0.565657 5.348189
v 6.157397 -0.257316 5.368960
v 6.061386 -0.565196 5.266488
v 5.852747 -0.641358 5.011690
v 5.756275 -0.639973 5.098468
v 5.915524 -0.639512 4.952145
v 6.128778 -0.563811 5.196326
v 5.718886 -0.565196 4.733812
v 5.667189 -0.567042 4.786434
v 5.982916 -0.558735 4.468860
v 6.198940 -0.631203 4.683038
v 6.260331 -0.629819 4.624877
v 6.050769 -0.556887 4.404700
v 6.335109 -0.628434 4.553331
v 6.128778 -0.556426 4.334076
v 6.431119 -0.549502 4.070970
v 6.644373 -0.618740 4.262992
v 6.847012 -0.549041 4.445319
v 6.538670 -0.556426 4.769817
v 6.893171 -0.548117 4.396852
v 6.703918 -0.617818 4.207138
v 6.769926 -0.615509 4.146209
v 6.944407 -0.547194 4.346078
v 6.590829 -0.545809 3.941263
v 6.504512 -0.548117 4.007732
v 7.231515 -0.517653 4.020195
v 7.104117 -0.555965 3.828635
v 6.943484 -0.518114 3.731701
v 7.338604 -0.258240 4.040044
v 7.189049 -0.258701 3.746473
v 7.231515 -0.003442 4.019734
v 7.104117 0.037179 3.828174
v 6.943945 -0.258701 3.644460
v 6.943484 -0.003442 3.731701
v 6.943945 0.034870 4.346078
v 7.017800 -0.258701 4.430086
v 6.973025 -0.258701 4.476245
v 6.893171 0.036255 4.396852
v 6.774542 0.105494 4.151748
v 6.711305 0.108725 4.214986
v 6.590829 0.033024 3.940801
v 6.504512 0.036255 4.007732
v 6.431119 0.038101 4.070970
v 6.652221 0.110571 4.269915
v 7.104117 0.037179 3.828174
v 6.943484 -0.003442 3.731701
v 6.128778 0.048718 4.334076
v 6.341109 0.123957 4.559793
v 6.546516 0.049179 4.778587
v 6.847473 0.037640 4.445780
v 6.931944 -0.258701 4.521943
v 6.626372 -0.258701 4.863519
v 6.478201 0.051027 4.853826
v 6.558056 -0.258701 4.937374
v 6.265870 0.125804 4.630416
v 6.050769 0.050103 4.404700
v 6.427426 0.052410 4.909678
v 6.509128 -0.258240 4.990918
v 6.206787 0.126726 4.690423
v 5.982454 0.052410 4.468399
v 6.225250 -0.257316 5.294644
v 6.162013 0.061643 5.202327
v 5.975069 0.121649 4.962299
v 5.734119 0.060719 4.712580
v 6.415887 -0.558272 4.898139
v 6.468508 -0.557350 4.843210
v 5.687498 0.062566 4.758277
v 5.928909 0.120265 5.019536
v 6.116315 0.070874 5.299261
v 5.913677 0.128573 5.049540
v 6.075695 0.126726 5.289567
v 5.684729 0.141036 4.841363
v 6.112161 0.205197 5.334802
v 5.914139 0.135498 5.056925
v 6.180014 0.555544 5.441430
v 6.263101 0.554620 5.354189
v 6.147703 0.897120 5.230483
v 6.496665 0.882811 4.890753
v 6.271871 0.953895 4.685346
v 6.554825 0.880503 4.834440
v 6.352649 0.952973 4.613800
v 6.433889 0.951588 4.542253
v 6.149550 0.878194 4.404237
v 6.242791 0.874964 4.318382
v 6.624987 0.877733 4.766124
v 6.714074 0.550928 4.870904
v 6.965178 0.861578 4.423162
v 7.050111 0.547697 4.500248
v 6.652682 0.551389 4.935989
v 6.057693 0.880964 4.489171
v 6.549748 0.862500 4.045120
v 6.766233 0.939125 4.242219
v 6.831779 0.936355 4.180828
v 6.630064 0.859269 3.978652
v 6.722844 0.854193 3.901105
v 6.904249 0.930816 4.111590
v 7.019185 0.859269 4.367310
v 7.074575 0.856039 4.309612
v 7.098577 0.547697 4.447165
v 7.147045 0.547235 4.393621
v 7.487698 0.544465 3.986961
v 7.382456 0.821420 3.973113
v 7.343682 0.544465 3.688312
v 7.257364 0.865270 3.779246
v 7.093039 0.544465 3.591840
v 7.093962 0.821420 3.685081
v 7.257364 0.865270 3.779246
v 7.093962 0.821420 3.685081
v 7.257364 0.228276 3.779246
v 7.093962 0.268897 3.685081
v 7.382456 0.268897 3.973113
v 7.074575 0.242124 4.309612
v 6.907480 0.170117 4.115745
v 7.257364 0.228276 3.779246
v 6.722844 0.243509 3.901105
v 7.093962 0.268897 3.685081
v 7.019185 0.239355 4.367310
v 6.836856 0.165500 4.185906
v 6.771772 0.163193 4.247298
v 6.965178 0.237970 4.423162
v 6.630064 0.239355 3.978652
v 6.549748 0.237509 4.045120
v 6.444506 0.150729 4.554716
v 6.240483 0.228276 4.315151
v 6.365112 0.148422 4.629494
v 6.566827 0.226430 4.839979
v 6.630987 0.227815 4.773509
v 6.289411 0.146575 4.701040
v 6.051692 0.224584 4.484093
v 6.145395 0.226430 4.400083
v 6.507743 0.225045 4.900908
v 5.966760 0.136881 5.007536
v 5.741043 0.217660 4.761046
v 6.603292 0.551850 4.988610
v 5.694883 0.216275 4.800743
v 5.914139 0.135498 5.056925
v 6.177707 0.217660 5.244331
v 4.917105 -1.768561 4.430549
v 5.247603 -1.879803 4.449935
v 5.265144 -1.625929 4.162364
v 4.859406 -1.579771 4.206216
v 5.519941 -1.710861 4.525175
v 5.592873 -1.485145 4.365925
v 5.183904 -1.702091 4.613338
v 4.852482 -1.659163 4.507172
v 4.859406 -1.579771 4.206216
v 4.725084 -1.448679 4.358079
v 5.525019 -1.571462 4.641034
v 5.519941 -1.710861 4.525175
v 4.827557 -1.327280 4.156825
v 4.749086 -1.203575 4.235296
v 5.098048 -1.006476 4.216371
v 5.174211 -1.207729 4.073739
v 5.498246 -1.092331 4.391313
v 5.508401 -1.204498 4.280532
v 4.678463 -1.307433 4.953068
v 5.049119 -1.346668 5.074465
v 4.921721 -0.697211 4.647956
v 5.335305 -0.776142 4.806744
v 4.568604 -0.913696 4.676575
v 5.283146 -0.700443 4.907832
v 4.872793 -0.632127 4.741660
v 5.395312 -1.195266 5.079082
v 5.592411 -1.337898 4.530714
v 5.592873 -1.485145 4.365925
v 5.519941 -1.710861 4.525175
v 5.442856 -0.976011 4.958145
v 5.365309 -1.108949 5.206481
v 5.397620 -0.890155 5.070312
v 5.335305 -0.776142 4.806744
v 5.498246 -1.092331 4.391313
v 5.283146 -0.700443 4.907832
v 5.332998 -0.959856 5.428043
v 4.926337 -1.106179 5.585445
v 5.015885 -1.276506 5.219867
v 4.639228 -1.237271 5.082774
v 4.502136 -1.032325 5.471895
v 4.343811 -0.844919 5.280334
v 4.489673 -1.058174 4.917526
v 5.370847 -0.782605 5.211097
v 5.348691 -0.876307 5.546672
v 5.377310 -0.735523 5.263718
v 5.250373 -0.618279 5.032922
v 4.532139 -1.125567 4.795204
v 5.253142 -0.592430 5.071697
v 5.436855 -0.689364 5.286798
v 5.300225 -0.569351 5.079544
v 4.522908 -0.855536 4.790127
v 4.384430 -0.651976 5.098468
v 4.767550 -0.459031 4.956760
v 4.324885 -0.568889 5.200942
v 4.278265 -0.765526 5.424812
v 4.729238 -0.394408 5.013536
v 5.250373 -0.618279 5.032922
v 5.253142 -0.592430 5.071697
v 4.443052 -0.954778 5.635759
v 4.896795 -1.018939 5.751619
v 5.420238 -0.756756 5.654222
v 5.518557 -0.653360 5.276180
v 5.567946 -0.613202 5.740078
v 5.613182 -0.639974 5.216174
v 5.631646 -0.268395 5.986105
v 5.266990 -0.261008 6.287063
v 5.029733 0.117034 6.637408
v 5.019578 0.489536 6.630947
v 4.889410 -0.239776 6.590788
v 4.654460 -0.165921 6.699723
v 4.795707 0.141035 6.798965
v 5.075430 -0.585045 6.128276
v 4.933722 -0.842151 5.987490
v 4.485057 -0.605355 6.310603
v 4.977573 0.837114 6.645256
v 5.311303 0.880041 6.359070
v 5.189905 1.244235 6.284754
v 5.531481 1.331476 5.965334
v 5.385157 1.619046 5.855014
v 4.853405 1.646741 5.897942
v 4.654460 1.604737 5.670379
v 5.066660 1.555809 6.131968
v 4.532601 1.506418 6.201207
v 4.329040 1.470875 5.981951
v 4.741701 1.425179 6.413076
v 4.906027 1.171304 6.550168
v 4.731546 0.832959 6.760191
v 4.804477 0.495076 6.800350
v 4.679848 1.017595 6.727418
v 4.649845 0.156268 6.904208
v 4.508598 -0.121147 6.771270
v 4.215027 -0.320554 6.486930
v 4.289343 -0.433182 6.428771
v 3.999465 -0.285473 6.136585
v 4.053009 -0.413795 5.950564
v 4.395970 -0.810763 5.930253
v 4.173023 -0.627049 5.621912
v 3.968076 -0.205618 6.254290
v 3.864681 0.032100 6.104734
v 3.950536 0.003482 5.855475
v 3.930688 0.467842 5.968565
v 3.838832 0.463225 6.041957
v 3.958844 0.945587 6.206284
v 4.031776 1.031442 6.039650
v 4.114401 1.173150 6.369225
v 4.197487 1.300087 6.217824
v 4.138865 1.181921 5.755772
v 4.329040 1.470875 5.981951
v 4.456439 1.322706 5.435891
v 4.654460 1.604737 5.670379
v 4.822018 1.356863 5.170015
v 4.807247 0.834805 5.132626
v 5.164979 0.970974 4.934605
v 5.182981 1.314397 4.969685
v 5.281761 1.671668 5.105854
v 4.974342 1.670744 5.363883
v 5.489938 1.659204 4.924911
v 5.453472 1.325014 4.801205
v 5.579024 1.652743 4.843210
v 5.542559 1.331015 4.752276
v 5.645494 1.650896 4.782279
v 5.599796 1.332399 4.699193
v 5.902137 1.644895 4.542253
v 5.831976 1.335169 4.479477
v 5.976453 1.643049 4.473938
v 5.909523 1.335169 4.407468
v 6.057232 1.640741 4.400546
v 5.994455 1.335169 4.332230
v 6.285257 1.337939 4.095434
v 6.349879 1.634740 4.150363
v 6.434350 1.630586 4.077432
v 6.377113 1.339785 4.020195
v 6.508205 1.627816 4.021119
v 6.455122 1.339785 3.963419
v 6.841472 1.345324 3.746934
v 6.849319 1.587197 3.828174
v 5.901215 1.048983 4.541791
v 5.677804 1.044368 4.749506
v 5.976453 1.050829 4.473938
v 6.057232 1.052675 4.400546
v 6.349879 1.059138 4.150363
v 6.434812 1.057753 4.077432
v 6.508205 1.063754 4.021119
v 6.849319 1.088218 3.828174
v 5.639031 1.042983 4.783203
v 5.487630 0.966820 4.830746
v 5.250373 0.532003 4.975685
v 5.555022 0.539388 4.770278
v 5.525480 0.155807 4.806744
v 5.635338 0.539388 4.761046
v 5.694883 0.216275 4.800743
v 5.688883 0.539850 4.709810
v 5.741043 0.217660 4.761046
v 6.051692 0.224584 4.484093
v 5.992609 0.541234 4.429625
v 6.057693 0.880964 4.489171
v 6.089543 0.542158 4.340076
v 6.149550 0.878194 4.404237
v 6.242791 0.874964 4.318382
v 6.185554 0.542619 4.250990
v 6.549748 0.862500 4.045120
v 6.489741 0.544465 3.990653
v 6.630064 0.859269 3.978652
v 6.572365 0.544465 3.921415
v 6.722844 0.854193 3.901105
v 6.673915 0.544465 3.844329
v 7.093039 0.544465 3.591840
v 7.093962 0.821420 3.685081
v 6.145395 0.226430 4.400083
v 6.240483 0.228276 4.315151
v 6.549748 0.237509 4.045120
v 6.630064 0.239355 3.978652
v 6.722844 0.243509 3.901105
v 7.093962 0.268897 3.685081
v 5.567946 -0.561042 4.881522
v 5.667189 -0.567042 4.786434
v 5.616875 -0.267010 4.711657
v 5.530558 -0.252238 4.759662
v 5.718886 -0.565196 4.733812
v 5.663957 -0.265625 4.662266
v 5.982916 -0.558735 4.468860
v 5.916908 -0.261470 4.402853
v 5.982454 0.052410 4.468399
v 5.986609 -0.261008 4.337306
v 6.050769 0.050103 4.404700
v 6.066002 -0.261008 4.267145
v 6.128778 0.048718 4.334076
v 6.368804 -0.259624 4.014656
v 6.431119 0.038101 4.070970
v 6.504512 0.036255 4.007732
v 6.446813 -0.258701 3.950495
v 6.590829 0.033024 3.940801
v 6.539131 -0.258701 3.881718
v 6.943945 -0.258701 3.644460
v 6.943484 -0.003442 3.731701
v 5.734119 0.060719 4.712580
v 6.050769 -0.556887 4.404700
v 6.431119 -0.549502 4.070970
v 6.128778 -0.556426 4.334076
v 6.590829 -0.545809 3.941263
v 6.504512 -0.548117 4.007732
v 6.943484 -0.518114 3.731701
v 5.687498 0.062566 4.758277
v 5.271144 -0.202848 4.919372
v 5.436393 -0.551811 5.001534
v 5.266067 0.190426 4.955838
v 4.884332 0.262434 5.076774
v 4.879716 0.529233 5.191248
v 4.504905 0.371831 5.387885
v 4.507675 0.531079 5.461278
v 4.116708 0.334443 5.613603
v 4.181331 0.512155 5.685149
v 4.038700 0.497845 5.829627
v 4.029468 0.316901 5.762235
v 4.058086 0.654324 5.795469
v 4.160098 0.728640 5.634836
v 4.507675 0.531079 5.461278
v 4.453669 0.748950 5.385115
v 4.879716 0.529233 5.191248
v 4.045624 -0.102222 5.476973
v 4.236722 -0.451646 5.310338
v 4.636458 -0.277626 5.063849
v 5.300225 -0.569351 5.079544
v 4.502136 -0.017289 5.163091
v 4.908335 -0.077757 5.021383
v 5.360693 -0.550426 5.061080
v 6.408040 1.051291 4.905986
v 6.197555 0.980207 4.695501
v 6.135702 0.982053 4.753661
v 6.359573 1.049906 4.955838
v 5.976453 1.050829 4.473938
v 5.901215 1.048983 4.541791
v 6.057232 1.052675 4.400546
v 6.267716 0.982514 4.629955
v 6.349879 1.059138 4.150363
v 6.576520 0.991284 4.341923
v 6.778697 1.059600 4.513635
v 6.465738 1.052214 4.845517
v 6.823470 1.057753 4.466553
v 6.639758 0.992669 4.282839
v 6.696995 0.996823 4.226526
v 6.871476 1.063293 4.416239
v 6.508205 1.063754 4.021119
v 6.434812 1.057753 4.077432
v 7.137352 1.088218 4.116206
v 7.007645 1.051291 3.927415
v 6.849319 1.088218 3.828174
v 7.007645 1.051291 3.927415
v 6.849319 1.088218 3.828174
v 6.098313 1.044829 5.225406
v 5.898445 0.986668 4.979378
v 5.677804 1.044368 4.749506
v 5.855517 0.988053 5.019536
v 6.157858 1.351324 5.334341
v 6.047076 1.042983 5.279873
v 5.855517 0.988053 5.019536
v 5.639031 1.042983 4.783203
v 6.035537 0.982976 5.283104
v 6.088158 0.900812 5.286798
v 5.848593 0.976052 5.042155
v 5.855517 0.988053 5.019536
v 5.638570 0.965897 4.834440
v 5.888290 0.958973 5.020460
v 5.706423 0.892504 4.812283
v 5.638570 0.965897 4.834440
v 5.487630 0.966820 4.830746
v 5.639031 1.042983 4.783203
v 5.855517 0.988053 5.019536
v 5.943681 0.959434 4.976148
v 5.751198 0.891119 4.771202
v 5.706423 0.892504 4.812283
v 5.751198 0.891119 4.771202
v 5.706423 0.892504 4.812283
v 5.567946 -0.561042 4.881522
v 5.436393 -0.551811 5.001534
v 5.360693 -0.550426 5.061080
v 5.508401 -1.204498 4.280532
v 5.174211 -1.207729 4.073739
v 5.508401 -1.204498 4.280532
v 4.827557 -1.327280 4.156825
v 7.104117 -0.555965 3.828635
v 6.943484 -0.518114 3.731701
v 5.525480 0.155807 4.806744
v 5.687498 0.062566 4.758277
v 5.684729 0.141036 4.841363
v 5.694883 0.216275 4.800743
v 5.928909 0.120265 5.019536
v 5.913677 0.128573 5.049540
v 5.694883 0.216275 4.800743
v 5.914139 0.135498 5.056925
v 5.694883 0.216275 4.800743
v 5.914139 0.135498 5.056925
v 6.075695 0.126726 5.289567
v 4.215027 -0.320554 6.486930
v 3.968076 -0.205618 6.254290
v 3.820368 -0.310399 6.328606
v 4.147635 -0.446106 6.640178
v 4.508598 -0.121147 6.771270
v 4.498443 -0.256393 6.978985
v 4.649845 0.156268 6.904208
v 4.702004 0.119803 7.135003
v 3.603421 -0.340863 6.485084
v 3.930226 -0.462262 6.794810
v 4.293036 -0.283165 7.145157
v 4.512291 0.112417 7.328871
v 4.731085 0.520462 7.148850
v 4.569067 0.511231 7.361181
v 4.625842 0.989899 7.061610
v 4.449514 0.958512 7.264247
v 4.389047 1.272393 6.833584
v 4.166099 1.269162 7.022837
v 4.000849 1.330091 6.444926
v 3.780210 1.310242 6.625407
v 4.179946 0.901275 7.266556
v 4.017467 1.097450 7.102230
v 3.588650 -0.233774 6.638332
v 3.825445 -0.313168 6.898208
v 4.282881 0.527848 7.360258
v 4.104246 -0.085144 7.179776
v 4.279188 0.219968 7.333487
v 3.726203 1.158841 6.782348
v 4.564912 0.938663 6.821583
v 4.410741 1.126069 6.659104
v 4.114401 1.173150 6.369225
v 3.405860 0.127189 6.444926
v 3.422939 0.022869 6.258444
v 3.631116 0.013176 6.095040
v 3.386935 0.547235 6.161971
v 3.588650 0.521386 5.996260
v 3.702201 1.054984 6.161510
v 3.500486 1.084526 6.292602
v 3.780210 1.310242 6.625407
v 4.000849 1.330091 6.444926
v 3.401706 0.565698 6.429693
v 3.463559 0.935894 6.537706
v 3.726203 1.158841 6.782348
v 3.958844 0.945587 6.206284
v 4.114401 1.173150 6.369225
v 3.864681 0.032100 6.104734
v 3.838832 0.463225 6.041957
v 4.017467 1.097450 7.102230
v 4.179946 0.901275 7.266556
v 4.010081 0.849576 7.075919
v 4.182254 0.424451 7.250401
v 4.282881 0.527848 7.360258
v 4.279188 0.219968 7.333487
v 3.825445 -0.313168 6.898208
v 3.588650 -0.233774 6.638332
v 3.624654 -0.107299 6.709417
v 3.822215 -0.175615 6.910669
v 4.279188 0.219968 7.333487
v 4.104246 -0.085144 7.179776
v 4.037777 0.007175 7.135926
v 4.182254 0.424451 7.250401
v 3.726203 1.158841 6.782348
v 4.017467 1.097450 7.102230
v 4.010081 0.849576 7.075919
v 3.771901 1.003747 6.845586
v 3.537414 0.705560 6.576941
v 3.401706 0.565698 6.429693
v 3.463559 0.935894 6.537706
v 3.463559 0.935894 6.537706
v 3.726203 1.158841 6.782348
v 3.771901 1.003747 6.845586
v 3.537414 0.705560 6.576941
v 4.104246 -0.085144 7.179776
v 3.825445 -0.313168 6.898208
v 3.822215 -0.175615 6.910669
v 4.037777 0.007175 7.135926
v 3.405860 0.127189 6.444926
v 3.401706 0.565698 6.429693
v 3.537414 0.705560 6.576941
v 3.481561 0.201042 6.544630
v 3.588650 -0.233774 6.638332
v 3.405860 0.127189 6.444926
v 3.481561 0.201042 6.544630
v 3.624654 -0.107299 6.709417
v 4.197487 1.300087 6.217824
v 4.292112 1.325936 6.295370
v 4.114401 1.173150 6.369225
v 4.410741 1.126069 6.659104
v 4.517830 1.234542 6.577402
v 4.564912 0.938663 6.821583
v 4.670154 0.498768 6.912055
v 4.670154 0.498768 6.912055
v -7.137310 1.587197 4.116206
v -7.236552 1.345324 4.142055
v -7.080996 1.345324 3.854945
v -7.007603 1.626894 3.927416
v -6.841431 1.345324 3.746934
v -6.849277 1.587197 3.828174
v -6.871434 1.628740 4.416239
v -6.946211 1.345324 4.497941
v -6.903284 1.345324 4.545946
v -6.823428 1.631047 4.466553
v -6.690029 1.697978 4.218679
v -6.630485 1.701671 4.273608
v -6.508163 1.627816 4.021119
v -6.434309 1.630586 4.077432
v -6.349837 1.634740 4.150363
v -6.566324 1.704441 4.333615
v -7.007603 1.626894 3.927416
v -6.849277 1.587197 3.828174
v -6.255674 1.713672 4.616570
v -6.465696 1.641202 4.845517
v -6.778655 1.632432 4.513635
v -6.548321 1.344862 4.935066
v -6.865434 1.345324 4.587027
v -6.494777 1.344400 4.992303
v -6.407998 1.643049 4.905986
v -6.358146 1.643510 4.954453
v -6.450002 1.345324 5.037539
v -6.184588 1.716442 4.682114
v -6.057190 1.640741 4.400546
v -5.976412 1.643049 4.473938
v -5.902096 1.644895 4.542253
v -6.122736 1.717365 4.742121
v -6.061806 1.643510 5.243870
v -5.849474 1.720596 5.007073
v -5.645452 1.650896 4.782279
v -5.981950 1.643510 5.321416
v -5.777467 1.721520 5.076774
v -5.912251 1.644895 5.387885
v -5.693457 1.724289 5.148781
v -5.710075 1.641664 5.572521
v -5.480203 1.731675 5.332033
v -5.578983 1.652743 4.843210
v -5.489897 1.659204 4.924911
v -5.281719 1.671668 5.105854
v -5.168168 1.719672 5.599293
v -4.974300 1.670744 5.363883
v -6.011954 1.354555 5.485743
v -6.074269 1.353170 5.419273
v -5.818548 1.351324 5.687919
v -6.052112 0.983899 5.511591
v -5.894248 0.976974 5.762235
v -6.112119 0.553235 5.536517
v -5.939485 0.549081 5.800085
v -5.659761 0.934509 6.035496
v -5.683302 0.541234 6.048420
v -5.693919 0.145652 6.064576
v -5.939485 0.144729 5.793623
v -5.337110 0.526464 6.359994
v -5.361113 0.113340 6.360455
v -6.109349 0.129496 5.514361
v -5.884094 -0.254546 5.728077
v -6.082115 -0.256855 5.468664
v -5.782083 -0.567966 5.548980
v -5.981028 -0.565657 5.348189
v -6.157355 -0.257316 5.368960
v -6.061344 -0.565196 5.266488
v -5.852705 -0.641358 5.011690
v -5.756234 -0.639973 5.098468
v -5.915482 -0.639512 4.952145
v -6.128736 -0.563811 5.196326
v -5.719306 -0.565196 4.733812
v -5.667147 -0.567042 4.786434
v -5.983335 -0.558735 4.468860
v -6.198898 -0.631203 4.683038
v -6.260290 -0.629819 4.624877
v -6.050728 -0.556887 4.404700
v -6.335067 -0.628434 4.553331
v -6.128736 -0.556426 4.334076
v -6.431077 -0.549502 4.070970
v -6.644332 -0.618740 4.262992
v -6.846970 -0.549041 4.445319
v -6.538628 -0.556426 4.769817
v -6.893590 -0.548117 4.396852
v -6.703877 -0.617818 4.207138
v -6.769885 -0.615509 4.146209
v -6.944366 -0.547194 4.346078
v -6.590788 -0.545809 3.941263
v -6.504471 -0.548117 4.007732
v -7.231473 -0.517653 4.020195
v -7.104075 -0.555965 3.828635
v -6.943442 -0.518114 3.731701
v -7.339025 -0.258240 4.040044
v -7.189008 -0.258701 3.746473
v -7.231473 -0.003442 4.019734
v -7.104075 0.037179 3.828174
v -6.943904 -0.258701 3.644460
v -6.943442 -0.003442 3.731701
v -6.944366 0.034870 4.346078
v -7.017758 -0.258701 4.430086
v -6.972984 -0.258701 4.476245
v -6.893129 0.036255 4.396852
v -6.774962 0.105494 4.151748
v -6.711263 0.108725 4.214986
v -6.590788 0.033024 3.940801
v -6.504471 0.036255 4.007732
v -6.431077 0.038101 4.070970
v -6.652179 0.110571 4.269915
v -7.104075 0.037179 3.828174
v -6.943442 -0.003442 3.731701
v -6.128736 0.048718 4.334076
v -6.341067 0.123957 4.559793
v -6.546475 0.049179 4.778587
v -6.847431 0.037640 4.445780
v -6.931902 -0.258701 4.521943
v -6.626330 -0.258701 4.863519
v -6.478159 0.051027 4.853826
v -6.558476 -0.258701 4.937374
v -6.265829 0.125804 4.630416
v -6.050728 0.050103 4.404700
v -6.427846 0.052410 4.909678
v -6.509087 -0.258240 4.990918
v -6.206746 0.126726 4.690423
v -5.982874 0.052410 4.468399
v -6.225208 -0.257316 5.294644
v -6.161971 0.061643 5.202327
v -5.975028 0.121649 4.962299
v -5.734077 0.060719 4.712580
v -6.415845 -0.558272 4.898139
v -6.468466 -0.557350 4.843210
v -6.116273 0.070874 5.299261
v -5.929330 0.120265 5.019536
v -5.913636 0.128573 5.049540
v -6.075654 0.126726 5.289567
v -5.687457 0.062566 4.758277
v -5.684687 0.141036 4.841363
v -6.112581 0.205197 5.334802
v -5.914097 0.135498 5.056925
v -6.179973 0.555544 5.441430
v -6.263520 0.554620 5.354189
v -6.147661 0.897120 5.230483
v -6.496623 0.882811 4.890753
v -6.271829 0.953895 4.685346
v -6.554784 0.880503 4.834440
v -6.352607 0.952973 4.613800
v -6.433847 0.951588 4.542253
v -6.149508 0.878194 4.404237
v -6.242749 0.874964 4.318382
v -6.624946 0.877733 4.766124
v -6.714032 0.550928 4.870904
v -6.965599 0.861578 4.423162
v -7.050070 0.547697 4.500248
v -6.652640 0.551389 4.935989
v -6.057651 0.880964 4.489171
v -6.549706 0.862500 4.045120
v -6.766191 0.939125 4.242219
v -6.831737 0.936355 4.180828
v -6.630023 0.859269 3.978652
v -6.722802 0.854193 3.901105
v -6.904207 0.930816 4.111590
v -7.019143 0.859269 4.367310
v -7.074534 0.856039 4.309612
v -7.098537 0.547697 4.447165
v -7.147003 0.547235 4.393621
v -7.488118 0.544465 3.986961
v -7.382414 0.821420 3.973113
v -7.344102 0.544465 3.688312
v -7.257324 0.865270 3.779246
v -7.092998 0.544465 3.591840
v -7.093920 0.821420 3.685081
v -7.257324 0.865270 3.779246
v -7.093920 0.821420 3.685081
v -7.257324 0.228276 3.779246
v -7.093920 0.268897 3.685081
v -7.382414 0.268897 3.973113
v -7.074534 0.242124 4.309612
v -6.907899 0.170117 4.115745
v -7.257324 0.228276 3.779246
v -6.722802 0.243509 3.901105
v -7.093920 0.268897 3.685081
v -7.019143 0.239355 4.367310
v -6.836815 0.165500 4.185906
v -6.771730 0.163193 4.247298
v -6.965599 0.237970 4.423162
v -6.630023 0.239355 3.978652
v -6.549706 0.237509 4.045120
v -6.444464 0.150729 4.554716
v -6.240441 0.228276 4.315151
v -6.365070 0.148422 4.629494
v -6.566785 0.226430 4.839979
v -6.630946 0.227815 4.773509
v -6.289369 0.146575 4.701040
v -6.052112 0.224584 4.484093
v -6.145354 0.226430 4.400083
v -6.507702 0.225045 4.900908
v -5.966719 0.136881 5.007536
v -5.741001 0.217660 4.761046
v -6.603251 0.551850 4.988610
v -5.694842 0.216275 4.800743
v -5.914097 0.135498 5.056925
v -6.177665 0.217660 5.244331
v -4.917063 -1.768561 4.430549
v -4.859365 -1.579771 4.206216
v -5.265102 -1.625929 4.162364
v -5.248024 -1.879803 4.449935
v -5.519900 -1.710861 4.525175
v -5.592831 -1.485145 4.365925
v -5.183862 -1.702091 4.613338
v -4.852440 -1.659163 4.507172
v -4.859365 -1.579771 4.206216
v -4.725042 -1.448679 4.358079
v -5.524977 -1.571462 4.641034
v -5.519900 -1.710861 4.525175
v -4.827515 -1.327280 4.156825
v -4.749044 -1.203575 4.235296
v -5.098007 -1.006476 4.216371
v -5.174169 -1.207729 4.073739
v -5.498204 -1.092331 4.391313
v -5.508360 -1.204498 4.280532
v -4.678422 -1.307433 4.953068
v -5.049078 -1.346668 5.074465
v -4.922141 -0.697211 4.647956
v -5.335264 -0.776142 4.806744
v -4.568563 -0.913696 4.676575
v -5.283104 -0.700443 4.907832
v -4.872751 -0.632127 4.741660
v -5.395271 -1.195266 5.079082
v -5.592369 -1.337898 4.530714
v -5.442814 -0.976011 4.958145
v -5.365267 -1.108949 5.206481
v -5.397578 -0.890155 5.070312
v -5.335264 -0.776142 4.806744
v -5.498204 -1.092331 4.391313
v -5.283104 -0.700443 4.907832
v -5.333417 -0.959856 5.428043
v -4.926295 -1.106179 5.585445
v -5.015843 -1.276506 5.219867
v -4.639186 -1.237271 5.082774
v -4.502095 -1.032325 5.471895
v -4.343769 -0.844919 5.280334
v -4.489632 -1.058174 4.917526
v -5.370805 -0.782605 5.211097
v -5.348650 -0.876307 5.546672
v -5.377729 -0.735523 5.263718
v -5.250793 -0.618279 5.032922
v -4.532098 -1.125567 4.795204
v -5.253100 -0.592430 5.071697
v -5.436814 -0.689364 5.286798
v -5.300183 -0.569351 5.079544
v -4.522866 -0.855536 4.790127
v -4.384388 -0.651976 5.098468
v -4.767509 -0.459031 4.956760
v -4.324844 -0.568889 5.200942
v -4.278684 -0.765526 5.424812
v -4.729196 -0.394408 5.013536
v -5.250793 -0.618279 5.032922
v -5.253100 -0.592430 5.071697
v -4.443473 -0.954778 5.635759
v -4.896753 -1.018939 5.751619
v -5.420196 -0.756756 5.654222
v -5.518515 -0.653360 5.276180
v -5.567904 -0.613202 5.740078
v -5.613141 -0.639974 5.216174
v -5.631605 -0.268395 5.986105
v -5.267410 -0.261008 6.287063
v -5.029691 0.117034 6.637408
v -5.019536 0.489536 6.630947
v -4.889368 -0.239776 6.590788
v -4.654419 -0.165921 6.699723
v -4.795666 0.141035 6.798965
v -5.075388 -0.585045 6.128276
v -4.933681 -0.842151 5.987490
v -4.485016 -0.605355 6.310603
v -4.977532 0.837114 6.645256
v -5.311261 0.880041 6.359070
v -5.189863 1.244235 6.284754
v -5.531440 1.331476 5.965334
v -5.385115 1.619046 5.855014
v -4.853364 1.646741 5.897942
v -4.654419 1.604737 5.670379
v -5.066618 1.555809 6.131968
v -4.532559 1.506418 6.201207
v -4.328999 1.470875 5.981951
v -4.741659 1.425179 6.413076
v -4.905985 1.171304 6.550168
v -4.731504 0.832959 6.760191
v -4.804436 0.495076 6.800350
v -4.679807 1.017595 6.727418
v -4.649803 0.156268 6.904208
v -4.508556 -0.121147 6.771270
v -4.214985 -0.320554 6.486930
v -4.289301 -0.433182 6.428771
v -3.999423 -0.285473 6.136585
v -4.052968 -0.413795 5.950564
v -4.395928 -0.810763 5.930253
v -4.172981 -0.627049 5.621912
v -3.968035 -0.205618 6.254290
v -3.864639 0.032100 6.104734
v -3.950494 0.003482 5.855475
v -3.930646 0.467842 5.968565
v -3.838790 0.463225 6.041957
v -3.958803 0.945587 6.206284
v -4.031734 1.031442 6.039650
v -4.114359 1.173150 6.369225
v -4.197445 1.300087 6.217824
v -4.138824 1.181921 5.755772
v -4.328999 1.470875 5.981951
v -4.456398 1.322706 5.435891
v -4.654419 1.604737 5.670379
v -4.821976 1.356863 5.170015
v -4.807205 0.834805 5.132626
v -5.164937 0.970974 4.934605
v -5.182939 1.314397 4.969685
v -5.281719 1.671668 5.105854
v -4.974300 1.670744 5.363883
v -5.489897 1.659204 4.924911
v -5.453430 1.325014 4.801205
v -5.578983 1.652743 4.843210
v -5.542517 1.331015 4.752276
v -5.645452 1.650896 4.782279
v -5.599754 1.332399 4.699193
v -5.902096 1.644895 4.542253
v -5.832396 1.335169 4.479477
v -5.976412 1.643049 4.473938
v -5.909482 1.335169 4.407468
v -6.057190 1.640741 4.400546
v -5.994413 1.335169 4.332230
v -6.285215 1.337939 4.095434
v -6.349837 1.634740 4.150363
v -6.434309 1.630586 4.077432
v -6.377072 1.339785 4.020195
v -6.508163 1.627816 4.021119
v -6.455080 1.339785 3.963419
v -6.841431 1.345324 3.746934
v -6.849277 1.587197 3.828174
v -5.901173 1.048983 4.541791
v -5.677763 1.044368 4.749506
v -5.976412 1.050829 4.473938
v -6.057190 1.052675 4.400546
v -6.349837 1.059138 4.150363
v -6.434771 1.057753 4.077432
v -6.508163 1.063754 4.021119
v -6.849277 1.088218 3.828174
v -5.638990 1.042983 4.783203
v -5.487588 0.966820 4.830746
v -5.250331 0.532003 4.975685
v -5.554980 0.539388 4.770278
v -5.525439 0.155807 4.806744
v -5.635297 0.539388 4.761046
v -5.694842 0.216275 4.800743
v -5.689303 0.539850 4.709810
v -5.741001 0.217660 4.761046
v -6.052112 0.224584 4.484093
v -5.992568 0.541234 4.429625
v -6.057651 0.880964 4.489171
v -6.089502 0.542158 4.340076
v -6.149508 0.878194 4.404237
v -6.242749 0.874964 4.318382
v -6.185512 0.542619 4.250990
v -6.549706 0.862500 4.045120
v -6.489699 0.544465 3.990653
v -6.630023 0.859269 3.978652
v -6.572324 0.544465 3.921415
v -6.722802 0.854193 3.901105
v -6.673874 0.544465 3.844329
v -7.092998 0.544465 3.591840
v -7.093920 0.821420 3.685081
v -6.145354 0.226430 4.400083
v -6.240441 0.228276 4.315151
v -6.549706 0.237509 4.045120
v -6.630023 0.239355 3.978652
v -6.722802 0.243509 3.901105
v -7.093920 0.268897 3.685081
v -5.519900 -1.710861 4.525175
v -5.592831 -1.485145 4.365925
v -5.508360 -1.204498 4.280532
v -5.567904 -0.561042 4.881522
v -5.530516 -0.252238 4.759662
v -5.616833 -0.267010 4.711657
v -5.667147 -0.567042 4.786434
v -5.719306 -0.565196 4.733812
v -5.664378 -0.265625 4.662266
v -5.983335 -0.558735 4.468860
v -5.916867 -0.261470 4.402853
v -5.982874 0.052410 4.468399
v -5.986567 -0.261008 4.337306
v -6.050728 0.050103 4.404700
v -6.065960 -0.261008 4.267145
v -6.128736 0.048718 4.334076
v -6.368763 -0.259624 4.014656
v -6.431077 0.038101 4.070970
v -6.504471 0.036255 4.007732
v -6.446771 -0.258701 3.950495
v -6.590788 0.033024 3.940801
v -6.539090 -0.258701 3.881718
v -6.943904 -0.258701 3.644460
v -6.943442 -0.003442 3.731701
v -5.734077 0.060719 4.712580
v -6.050728 -0.556887 4.404700
v -6.128736 -0.556426 4.334076
v -6.431077 -0.549502 4.070970
v -6.504471 -0.548117 4.007732
v -6.590788 -0.545809 3.941263
v -6.943442 -0.518114 3.731701
v -5.687457 0.062566 4.758277
v -5.271103 -0.202848 4.919372
v -5.436351 -0.551811 5.001534
v -5.266487 0.190426 4.955838
v -4.884291 0.262434 5.076774
v -4.879674 0.529233 5.191248
v -4.505326 0.371831 5.387885
v -4.507633 0.531079 5.461278
v -4.116666 0.334443 5.613603
v -4.181289 0.512155 5.685149
v -4.038659 0.497845 5.829627
v -4.029426 0.316901 5.762235
v -4.058044 0.654324 5.795469
v -4.160057 0.728640 5.634836
v -4.507633 0.531079 5.461278
v -4.453628 0.748950 5.385115
v -4.879674 0.529233 5.191248
v -4.045582 -0.102222 5.476973
v -4.236680 -0.451646 5.310338
v -4.636416 -0.277626 5.063849
v -5.300183 -0.569351 5.079544
v -4.502095 -0.017289 5.163091
v -4.908293 -0.077757 5.021383
v -5.360651 -0.550426 5.061080
v -6.407998 1.051291 4.905986
v -6.359531 1.049906 4.955838
v -6.135660 0.982053 4.753661
v -6.197974 0.980207 4.695501
v -5.976412 1.050829 4.473938
v -5.901173 1.048983 4.541791
v -6.057190 1.052675 4.400546
v -6.268136 0.982514 4.629955
v -6.349837 1.059138 4.150363
v -6.576478 0.991284 4.341923
v -6.778655 1.059600 4.513635
v -6.466159 1.052214 4.845517
v -6.823428 1.057753 4.466553
v -6.640177 0.992669 4.282839
v -6.696953 0.996823 4.226526
v -6.871434 1.063293 4.416239
v -6.508163 1.063754 4.021119
v -6.434771 1.057753 4.077432
v -7.137772 1.088218 4.116206
v -7.007603 1.051291 3.927415
v -6.849277 1.088218 3.828174
v -7.007603 1.051291 3.927415
v -6.849277 1.088218 3.828174
v -6.098272 1.044829 5.225406
v -5.898403 0.986668 4.979378
v -5.677763 1.044368 4.749506
v -5.855475 0.988053 5.019536
v -6.157816 1.351324 5.334341
v -6.047035 1.042983 5.279873
v -5.855475 0.988053 5.019536
v -5.638990 1.042983 4.783203
v -6.035495 0.982976 5.283104
v -6.088117 0.900812 5.286798
v -5.848551 0.976052 5.042155
v -5.855475 0.988053 5.019536
v -5.638529 0.965897 4.834440
v -5.888709 0.958973 5.020460
v -5.706382 0.892504 4.812283
v -5.638529 0.965897 4.834440
v -5.487588 0.966820 4.830746
v -5.638990 1.042983 4.783203
v -5.855475 0.988053 5.019536
v -5.943639 0.959434 4.976148
v -5.751618 0.891119 4.771202
v -5.706382 0.892504 4.812283
v -5.751618 0.891119 4.771202
v -5.706382 0.892504 4.812283
v -5.567904 -0.561042 4.881522
v -5.436351 -0.551811 5.001534
v -5.360651 -0.550426 5.061080
v -5.174169 -1.207729 4.073739
v -5.508360 -1.204498 4.280532
v -4.827515 -1.327280 4.156825
v -7.104075 -0.555965 3.828635
v -6.943442 -0.518114 3.731701
v -5.525439 0.155807 4.806744
v -5.684687 0.141036 4.841363
v -5.687457 0.062566 4.758277
v -5.929330 0.120265 5.019536
v -5.694842 0.216275 4.800743
v -5.684687 0.141036 4.841363
v -5.913636 0.128573 5.049540
v -5.694842 0.216275 4.800743
v -5.694842 0.216275 4.800743
v -5.914097 0.135498 5.056925
v -5.914097 0.135498 5.056925
v -6.075654 0.126726 5.289567
v -4.214985 -0.320554 6.486930
v -4.147593 -0.446106 6.640178
v -3.820326 -0.310399 6.328606
v -3.968035 -0.205618 6.254290
v -4.508556 -0.121147 6.771270
v -4.498402 -0.256393 6.978985
v -4.649803 0.156268 6.904208
v -4.701962 0.119803 7.135003
v -3.603379 -0.340863 6.485084
v -3.930185 -0.462262 6.794810
v -4.292994 -0.283165 7.145157
v -4.512249 0.112417 7.328871
v -4.731043 0.520462 7.148850
v -4.569025 0.511231 7.361181
v -4.625800 0.989899 7.061610
v -4.449934 0.958512 7.264247
v -4.389005 1.272393 6.833584
v -4.166057 1.269162 7.022837
v -4.001270 1.330091 6.444926
v -3.780168 1.310242 6.625407
v -4.179904 0.901275 7.266556
v -4.017425 1.097450 7.102230
v -3.588608 -0.233774 6.638332
v -3.825865 -0.313168 6.898208
v -4.282839 0.527848 7.360258
v -4.104205 -0.085144 7.179776
v -4.279147 0.219968 7.333487
v -3.726161 1.158841 6.782348
v -4.564870 0.938663 6.821583
v -4.410700 1.126069 6.659104
v -4.114359 1.173150 6.369225
v -3.405819 0.127189 6.444926
v -3.422898 0.022869 6.258444
v -3.631074 0.013176 6.095040
v -3.386893 0.547235 6.161971
v -3.588608 0.521386 5.996260
v -3.702160 1.054984 6.161510
v -3.500445 1.084526 6.292602
v -3.780168 1.310242 6.625407
v -4.001270 1.330091 6.444926
v -3.401665 0.565698 6.429693
v -3.463517 0.935894 6.537706
v -3.726161 1.158841 6.782348
v -3.958803 0.945587 6.206284
v -4.114359 1.173150 6.369225
v -3.864639 0.032100 6.104734
v -3.838790 0.463225 6.041957
v -4.017425 1.097450 7.102230
v -4.010040 0.849576 7.075919
v -4.179904 0.901275 7.266556
v -4.182212 0.424451 7.250401
v -4.282839 0.527848 7.360258
v -4.279147 0.219968 7.333487
v -3.825865 -0.313168 6.898208
v -3.822173 -0.175615 6.910669
v -3.624612 -0.107299 6.709417
v -3.588608 -0.233774 6.638332
v -4.279147 0.219968 7.333487
v -4.182212 0.424451 7.250401
v -4.037735 0.007175 7.135926
v -4.104205 -0.085144 7.179776
v -3.726161 1.158841 6.782348
v -3.771859 1.003747 6.845586
v -4.010040 0.849576 7.075919
v -4.017425 1.097450 7.102230
v -3.537372 0.705560 6.576941
v -3.463517 0.935894 6.537706
v -3.401665 0.565698 6.429693
v -3.463517 0.935894 6.537706
v -3.537372 0.705560 6.576941
v -3.771859 1.003747 6.845586
v -3.726161 1.158841 6.782348
v -4.104205 -0.085144 7.179776
v -4.037735 0.007175 7.135926
v -3.822173 -0.175615 6.910669
v -3.825865 -0.313168 6.898208
v -3.405819 0.127189 6.444926
v -3.481520 0.201042 6.544630
v -3.537372 0.705560 6.576941
v -3.401665 0.565698 6.429693
v -3.588608 -0.233774 6.638332
v -3.624612 -0.107299 6.709417
v -3.481520 0.201042 6.544630
v -3.405819 0.127189 6.444926
v -4.197445 1.300087 6.217824
v -4.114359 1.173150 6.369225
v -4.292071 1.325936 6.295370
v -4.410700 1.126069 6.659104
v -4.517789 1.234542 6.577402
v -4.564870 0.938663 6.821583
v -4.670113 0.498768 6.912055
v -4.670113 0.498768 6.912055
v 1.906617 -0.759526 6.608328
v 1.530882 -1.432985 6.528935
v 1.392868 -1.270043 7.399955
v 1.760755 -0.684749 7.311792
v 1.569657 -0.534732 7.794614
v 1.824455 0.067182 7.231013
v 1.657820 0.093031 7.604439
v 1.475493 0.748026 7.070380
v 1.967085 0.033485 6.662335
v 1.622277 0.769722 6.534012
v 0.874041 1.260853 6.382150
v 0.775723 1.129300 6.908823
v -0.000210 1.507342 6.268599
v -0.000210 1.317166 6.764346
v 1.994781 0.035794 5.926098
v 1.732597 0.753104 5.766850
v 1.795374 0.065336 5.386039
v 1.585812 0.598933 5.178324
v 1.346709 0.733255 7.391185
v 0.728640 1.061445 7.237937
v -0.000210 1.177767 7.119770
v 1.689208 -0.508420 5.207866
v 1.899232 -0.676440 5.819011
v 2.002628 0.171501 4.841363
v 1.901078 -0.376406 4.731044
v 2.390363 0.235200 4.611492
v 2.138797 0.786801 4.569948
v 2.122179 0.734179 4.513173
v 2.359437 0.172886 4.538560
v 2.276812 -0.350557 4.418547
v 2.242654 -0.339941 4.357617
v 1.924157 -0.776605 4.095434
v 1.930619 -0.727214 4.076509
v 1.669821 1.052214 4.272684
v 1.655512 1.102988 4.313766
v 1.478723 -0.847689 3.798632
v 1.469953 -0.798299 3.781553
v 1.073909 -0.722137 3.592762
v 1.106682 -0.653360 3.598763
v 0.766490 -0.330708 3.472749
v 0.831575 -0.289626 3.495367
v 0.632630 0.183502 3.454285
v 0.693559 0.186272 3.476442
v 1.181459 1.084064 3.969420
v 1.157919 1.131146 3.986037
v 0.854654 0.829266 3.681388
v 0.795109 0.862500 3.683696
v 0.693559 0.186272 3.476442
v 0.632630 0.183502 3.454285
v 0.651555 -0.343172 3.797708
v 0.538465 0.189965 3.744626
v 0.698637 0.779877 3.962034
v 0.538465 0.189965 3.744626
v 1.012980 0.989899 4.232526
v 1.416871 0.984361 4.535329
v 1.815683 0.674634 4.776740
v 1.198538 0.952049 4.859365
v 0.968205 1.259929 5.509746
v -0.000210 1.579812 5.418351
v 0.204275 0.209812 4.215909
v 0.414297 0.766952 4.354385
v 0.501538 1.235004 4.790588
v 0.724486 0.983437 4.567179
v 0.207967 0.895736 4.497017
v -0.000210 1.255314 4.786896
v -0.000210 0.962204 4.551946
v 0.008099 0.226891 4.294841
v 0.008099 0.226891 4.294841
v 0.339520 -0.295628 4.281917
v 0.025177 -0.244391 4.309150
v 0.020561 -0.739677 4.372849
v 0.544004 -0.711982 4.393159
v 0.862963 -0.946008 4.598106
v 0.010406 -1.175417 4.567179
v 1.229465 -0.843534 4.170212
v 0.899890 -0.721675 3.941263
v 1.620431 -0.742908 4.461936
v 1.380404 -0.828764 4.948914
v 1.469953 -1.247887 5.572983
v 0.729564 -1.923194 6.442156
v 0.652016 -1.717786 7.506583
v -0.000210 -1.783793 7.519045
v 0.556468 -1.330974 8.216045
v 1.235004 -1.018016 7.974172
v -0.000210 -1.375748 8.304210
v 0.011791 -1.984123 6.436617
v 0.673712 -1.648548 5.230021
v 0.000713 -1.699322 5.176939
v -0.556426 -1.330974 8.216045
v -0.651975 -1.717786 7.506583
v -1.234962 -1.018016 7.974172
v -1.392826 -1.270043 7.399955
v -1.569615 -0.534732 7.794614
v -1.760713 -0.684749 7.311792
v -1.907960 -0.759064 6.607867
v -1.531303 -1.432985 6.529397
v -1.824413 0.067182 7.231013
v -1.657778 0.093031 7.604439
v -1.475451 0.748026 7.070380
v -1.968890 0.034409 6.661872
v -1.624544 0.770644 6.533551
v -0.874000 1.260853 6.382150
v -0.775681 1.129300 6.908823
v -0.000210 1.507342 6.268599
v -0.000210 1.317166 6.764346
v -1.997046 0.036255 5.925176
v -1.732557 0.753104 5.766850
v -1.811949 0.068104 5.370806
v -1.601003 0.602626 5.157090
v -1.346667 0.733255 7.391185
v -0.729061 1.061445 7.237937
v -0.000210 1.177767 7.119770
v -1.700706 -0.510268 5.199096
v -1.899190 -0.676440 5.819011
v -2.007201 0.158577 4.773509
v -1.891805 -0.394408 4.676114
v -2.372320 0.211197 4.488247
v -2.122599 0.763720 4.447165
v -2.100905 0.709253 4.397776
v -2.335854 0.146575 4.424086
v -2.238458 -0.379637 4.327614
v -2.200608 -0.370867 4.271299
v -1.854877 -0.813070 4.048814
v -1.861340 -0.764603 4.028041
v -1.632853 1.024057 4.178982
v -1.622237 1.076217 4.220525
v -1.384979 -0.889232 3.793092
v -1.375286 -0.840303 3.775091
v -0.965394 -0.765987 3.617227
v -0.999090 -0.698134 3.618150
v -0.652436 -0.375945 3.509676
v -0.719367 -0.334402 3.524448
v -0.522268 0.139190 3.482904
v -0.585044 0.141959 3.499983
v -1.120949 1.050829 3.916799
v -1.099255 1.098835 3.933416
v -0.768757 0.790032 3.666617
v -0.709673 0.823727 3.672618
v -0.585044 0.141959 3.499983
v -0.522268 0.139190 3.482904
v -0.568427 -0.376867 3.841099
v -0.454415 0.156730 3.779707
v -0.638588 0.751258 3.965265
v -0.454415 0.156730 3.779707
v -0.974626 0.966820 4.201600
v -1.402058 0.967282 4.474862
v -1.816565 0.660787 4.696886
v -1.205420 0.952049 4.836286
v -0.971856 1.261314 5.508361
v -0.000210 1.579812 5.418351
v -0.176537 0.204274 4.227911
v -0.396715 0.760028 4.361772
v -0.501035 1.235004 4.790127
v -0.717059 0.979283 4.560255
v -0.205155 0.894812 4.499326
v -0.000210 1.255314 4.786896
v -0.000210 0.962204 4.551946
v 0.008099 0.226891 4.294841
v 0.008099 0.226891 4.294841
v 1.186998 -1.002321 7.989405
v 1.235004 -1.018016 7.974172
v 0.556468 -1.330974 8.216045
v 0.544928 -1.283430 8.198505
v 1.530421 -0.526423 7.796923
v 1.569657 -0.534732 7.794614
v 1.594582 0.072259 7.600285
v 1.657820 0.093031 7.604439
v 1.297781 0.666324 7.375491
v 1.346709 0.733255 7.391185
v 0.677865 0.992207 7.218550
v 0.728640 1.061445 7.237937
v -0.000210 -1.375748 8.304210
v -0.000210 -1.324050 8.277437
v -0.000210 1.125606 7.124386
v -0.000210 1.090064 7.520892
v 0.579085 0.964512 7.611825
v -0.000210 1.177767 7.119770
v 1.194384 0.658478 7.773842
v 0.494152 -1.048481 8.583932
v -0.000210 -1.087255 8.625477
v 1.439950 0.131343 7.978789
v 1.058677 -0.790914 8.396526
v 1.377174 -0.368560 8.176350
v -0.000210 1.027750 8.111726
v 0.479382 0.915121 8.180965
v -0.000210 1.054522 8.805033
v 0.414760 0.958049 8.829498
v 0.877272 0.735101 8.812881
v 1.060985 0.677864 8.291285
v -0.000210 1.099296 9.360789
v 0.441993 1.036981 9.382021
v -0.000210 1.084063 9.730062
v 0.412912 0.947894 9.791913
v -0.000210 0.874502 10.064712
v 0.223661 0.825574 10.076715
v 0.571699 0.477534 10.024092
v 0.926201 0.861577 9.654820
v 0.983438 0.518616 9.865306
v 1.231311 0.525540 9.686209
v 1.146840 0.802032 9.525576
v 0.298438 0.504769 10.093330
v 1.148225 0.205659 9.578659
v 0.802956 0.067643 9.755446
v 0.808496 -0.239776 9.289243
v 0.349675 -0.029753 9.842689
v 0.362138 -0.441952 9.426332
v 0.429530 -0.755833 9.024289
v -0.000210 -0.483495 9.430949
v -0.000210 -0.794606 9.035829
v 0.910045 -0.525038 8.870579
v -0.000210 -0.115147 9.819148
v 0.205197 0.296130 10.109948
v -0.000210 0.271203 10.100717
v 1.072063 -0.004827 9.274009
v 1.097912 -0.039446 8.925971
v 1.214695 -0.188540 8.596396
v 1.135762 0.316440 8.740412
v 1.110375 0.112879 8.983670
v 1.126531 0.325671 8.860887
v 1.269623 0.217660 8.402066
v 1.043445 0.742488 8.919507
v 1.066524 0.955280 9.220002
v 0.815881 0.982052 9.306322
v -0.429488 -0.755833 9.024289
v -0.362096 -0.441952 9.426332
v -0.808454 -0.239776 9.289243
v -0.910003 -0.525038 8.870579
v -0.349633 -0.029753 9.842689
v -0.205155 0.296130 10.109948
v -0.802914 0.067643 9.755446
v -1.148646 0.205659 9.578659
v -0.983396 0.518616 9.865306
v -1.231269 0.525540 9.686209
v -0.926159 0.861577 9.654820
v -1.146798 0.802032 9.525576
v -0.571659 0.477534 10.024092
v -0.412872 0.947894 9.791913
v -0.224081 0.825574 10.076715
v -0.000210 0.874502 10.064712
v -0.000210 1.084063 9.730062
v -0.298859 0.504769 10.093330
v -0.441951 1.036981 9.382021
v -0.000210 1.099296 9.360789
v -0.414718 0.958049 8.829498
v -0.000210 1.054522 8.805033
v -0.479340 0.915121 8.180965
v -0.877230 0.735101 8.812881
v -1.060943 0.677864 8.291285
v -0.000210 1.027750 8.111726
v -0.815839 0.982052 9.306322
v -1.135721 0.316440 8.740412
v -1.269581 0.217660 8.402066
v -1.066482 0.955280 9.220002
v -1.043403 0.742488 8.919507
v -1.214653 -0.188540 8.596396
v -1.097870 -0.039446 8.925971
v -1.110333 0.112879 8.983670
v -1.126950 0.325671 8.860887
v -1.072021 -0.004827 9.274009
v -1.439908 0.131343 7.978789
v -1.194343 0.658478 7.773842
v -1.594541 0.072259 7.600285
v -1.297739 0.666324 7.375491
v -1.657778 0.093031 7.604439
v -1.569615 -0.534732 7.794614
v -1.530379 -0.526423 7.796923
v -1.234962 -1.018016 7.974172
v -1.186957 -1.002321 7.989405
v -0.556426 -1.330974 8.216045
v -0.544886 -1.283430 8.198505
v -1.346667 0.733255 7.391185
v -0.677824 0.992207 7.218550
v -0.729061 1.061445 7.237937
v -0.000210 1.125606 7.124386
v -0.000210 1.090064 7.520892
v -0.579044 0.964512 7.611825
v -0.000210 1.177767 7.119770
v -0.494111 -1.048481 8.583932
v -1.058635 -0.790914 8.396526
v -1.377132 -0.368560 8.176350
v 2.122179 0.734179 4.513173
v 1.853534 0.610011 4.664574
v 2.055249 0.115649 4.671959
v 2.359437 0.172886 4.538560
v 1.949083 -0.328401 4.529329
v 2.242654 -0.339941 4.357617
v 1.667053 -0.663053 4.300380
v 1.930619 -0.727214 4.076509
v 1.279778 -0.732292 4.047429
v 1.469953 -0.798299 3.781553
v 0.953896 -0.621049 3.884949
v 1.106682 -0.653360 3.598763
v 0.685712 -0.289626 3.802786
v 0.831575 -0.289626 3.495367
v 0.574931 0.144268 3.767705
v 0.693559 0.186272 3.476442
v 1.669821 1.052214 4.272684
v 0.738795 -0.616894 4.295302
v 1.036520 -0.718444 4.408392
v 0.510770 -0.298859 4.214062
v 0.408758 0.112417 4.162827
v 1.452413 -0.655206 4.551946
v 1.096527 -0.501035 4.416701
v 0.847269 -0.405486 4.346539
v 0.707407 -0.084220 4.297611
v 1.332400 -0.373636 4.473476
v 1.479185 -0.106838 4.509942
v 1.763524 -0.347326 4.692731
v 1.888153 0.065336 4.749969
v 1.708133 0.528310 4.708887
v 1.307936 0.793262 4.564870
v 1.444566 0.887888 4.456859
v 1.181459 1.084064 3.969420
v 1.023596 0.926661 4.208523
v 0.854654 0.829266 3.681388
v 0.711100 0.690328 3.950033
v 0.693559 0.186272 3.476442
v 0.574931 0.144268 3.767705
v 0.408758 0.112417 4.162827
v 0.562929 0.608165 4.247298
v 0.897121 0.830651 4.401468
v 0.700483 0.178425 4.289763
v 1.093296 0.418451 4.383467
v 1.488878 0.201505 4.508096
v 2.799793 -0.018213 7.461346
v 2.676549 0.250894 7.313638
v 2.406057 0.266588 7.578590
v 2.521916 0.006251 7.718914
v 2.961811 -0.108684 7.673216
v 2.677934 -0.083759 7.926167
v 2.370976 0.020099 7.858313
v 2.259272 0.275358 7.722607
v 2.524224 -0.070372 8.062798
v 2.713014 0.127650 8.271897
v 2.869032 0.115186 8.137114
v 2.836259 0.473381 8.358677
v 2.995046 0.466918 8.227585
v 2.695012 0.817726 8.217430
v 2.851491 0.821419 8.082646
v 3.140446 0.828343 7.832927
v 2.934116 0.993131 7.578590
v 2.648391 0.985746 7.830618
v 2.709783 0.723562 7.338102
v 2.433752 0.728178 7.597515
v 3.290463 0.455378 7.983866
v 2.676549 0.250894 7.313638
v 2.406057 0.266588 7.578590
v 2.493759 0.982052 7.966787
v 2.284197 0.730486 7.738301
v 2.259272 0.275358 7.722607
v 2.692704 0.478919 8.477305
v 2.554228 0.814495 8.339290
v 2.354359 0.978359 8.090032
v 2.148490 0.732794 7.865700
v 2.126796 0.283206 7.852775
v 1.851226 0.737410 8.148192
v 1.834610 0.300746 8.140345
v 1.502726 0.322440 8.470842
v 1.511958 0.741103 8.476845
v 1.232235 0.742025 8.760261
v 1.332400 0.943279 9.005363
v 1.687362 0.957588 8.712255
v 1.440874 0.787261 9.290627
v 1.843379 0.796955 8.949973
v 1.533191 0.520462 9.435567
v 1.960162 0.506615 9.082449
v 1.232235 0.343674 8.745952
v 1.478262 0.224584 9.334476
v 1.867844 0.195965 9.000749
v 1.350401 0.041333 9.105991
v 1.704441 0.006251 8.794418
v 1.269623 0.126726 8.877966
v 1.580734 0.093954 8.590858
v 1.232235 0.343674 8.745952
v 1.502726 0.322440 8.470842
v 1.231311 0.525540 9.686209
v 1.146840 0.802032 9.525576
v 1.066524 0.955280 9.220002
v 1.043445 0.742488 8.919507
v 1.072063 -0.004827 9.274009
v 1.148225 0.205659 9.578659
v 1.126531 0.325671 8.860887
v 1.834610 0.300746 8.140345
v 1.933851 0.059796 8.263590
v 2.077867 -0.029291 8.462072
v 2.258348 0.165038 8.664248
v 2.370515 0.491382 8.743181
v 2.238961 0.806648 8.610706
v 2.055710 0.969589 8.375756
v 2.572691 0.139189 8.393296
v 2.385747 -0.058371 8.186504
v 2.235269 0.032100 7.984327
v 2.126796 0.283206 7.852775
v 3.157525 0.092107 7.888317
v 3.466328 -0.152073 7.224089
v 3.672198 0.050564 7.443806
v 3.291386 -0.062525 7.007143
v 3.152448 0.223199 6.847893
v 3.812983 0.435530 7.553665
v 3.656965 0.840344 7.387030
v 3.452943 1.007440 7.119308
v 3.196760 0.715254 6.881128
v 3.152448 0.223199 6.847893
v 4.037777 0.007175 7.135926
v 3.822215 -0.175615 6.910669
v 3.624654 -0.107299 6.709417
v 3.481561 0.201042 6.544630
v 3.481561 0.201042 6.544630
v 3.537414 0.705560 6.576941
v 3.771901 1.003747 6.845586
v 4.010081 0.849576 7.075919
v 4.182254 0.424451 7.250401
v 0.204275 0.209812 4.215909
v 0.008099 0.226891 4.294841
v -0.176537 0.204274 4.227911
v -0.315937 -0.308090 4.308688
v -0.527346 -0.725368 4.413931
v -0.855536 -0.956624 4.609183
v -1.177725 -0.869384 4.178982
v -0.825532 -0.753986 3.976344
v -1.588540 -0.765065 4.438395
v -1.385441 -0.832918 4.947529
v -1.469911 -1.247887 5.572983
v -0.729522 -1.923194 6.442156
v -0.673670 -1.648548 5.230021
v 1.126531 0.325671 8.860887
v 1.110375 0.112879 8.983670
v 0.700483 0.178425 4.289763
v -2.100905 0.709253 4.397776
v -2.335854 0.146575 4.424086
v -2.047361 0.101340 4.592104
v -1.847492 0.596626 4.579642
v -1.925963 -0.346864 4.469322
v -2.200608 -0.370867 4.271299
v -1.622698 -0.687056 4.271299
v -1.861340 -0.764603 4.028041
v -1.210037 -0.765065 4.052968
v -1.375286 -0.840303 3.775091
v -0.872152 -0.654283 3.914491
v -0.999090 -0.698134 3.618150
v -0.605815 -0.321938 3.839251
v -0.719367 -0.334402 3.524448
v -0.493188 0.112417 3.799093
v -0.585044 0.141959 3.499983
v -1.632853 1.024057 4.178982
v -1.426060 0.872194 4.396391
v -1.120949 1.050829 3.916799
v -0.982935 0.904506 4.174828
v -0.768757 0.790032 3.666617
v -0.646897 0.662633 3.951418
v -0.585044 0.141959 3.499983
v -0.493188 0.112417 3.799093
v -0.697673 -0.630280 4.332230
v -1.007399 -0.729522 4.423162
v -0.360711 0.096723 4.205755
v -0.524576 0.592471 4.262529
v -0.872152 0.816342 4.382082
v -1.298661 0.783569 4.523790
v -1.707169 0.519540 4.644264
v -1.886727 0.056103 4.687654
v -1.754251 -0.357020 4.648880
v -1.433446 -0.665361 4.539945
v -1.069714 -0.513037 4.422240
v -1.312509 -0.384254 4.461474
v -1.459757 -0.119300 4.479477
v -1.467603 0.186272 4.463321
v -0.669515 0.164577 4.302227
v -1.067405 0.404142 4.363618
v -0.816300 -0.417949 4.364541
v -0.465031 -0.315014 4.258837
v -0.360711 0.096723 4.205755
v -0.675054 -0.098529 4.316997
v -0.669515 0.164577 4.302227
v -2.799751 -0.018213 7.461346
v -2.521874 0.006251 7.718914
v -2.406015 0.266588 7.578590
v -2.676507 0.250894 7.313638
v -2.961769 -0.108684 7.673216
v -2.677892 -0.083759 7.926167
v -2.371396 0.020099 7.858313
v -2.259230 0.275358 7.722607
v -2.524183 -0.070372 8.062798
v -2.712973 0.127650 8.271897
v -2.868990 0.115186 8.137114
v -2.836217 0.473381 8.358677
v -2.995466 0.466918 8.227585
v -2.694971 0.817726 8.217430
v -2.851449 0.821419 8.082646
v -3.140404 0.828343 7.832927
v -2.934074 0.993131 7.578590
v -2.648350 0.985746 7.830618
v -2.709741 0.723562 7.338102
v -2.434173 0.728178 7.597515
v -3.290421 0.455378 7.983866
v -2.676507 0.250894 7.313638
v -2.406015 0.266588 7.578590
v -2.493717 0.982052 7.966787
v -2.284156 0.730486 7.738301
v -2.259230 0.275358 7.722607
v -2.692662 0.478919 8.477305
v -2.554186 0.814495 8.339290
v -2.354317 0.978359 8.090032
v -2.148448 0.732794 7.865700
v -2.126754 0.283206 7.852775
v -1.851184 0.737410 8.148192
v -1.834568 0.300746 8.140345
v -1.502684 0.322440 8.470842
v -1.511916 0.741103 8.476845
v -1.232193 0.742025 8.760261
v -1.332358 0.943279 9.005363
v -1.687781 0.957588 8.712255
v -1.440832 0.787261 9.290627
v -1.843338 0.796955 8.949973
v -1.533149 0.520462 9.435567
v -1.960120 0.506615 9.082449
v -1.232193 0.343674 8.745952
v -1.478220 0.224584 9.334476
v -1.867802 0.195965 9.000749
v -1.350360 0.041333 9.105991
v -1.704399 0.006251 8.794418
v -1.269581 0.126726 8.877966
v -1.580694 0.093954 8.590858
v -1.232193 0.343674 8.745952
v -1.502684 0.322440 8.470842
v -1.231269 0.525540 9.686209
v -1.146798 0.802032 9.525576
v -1.066482 0.955280 9.220002
v -1.043403 0.742488 8.919507
v -1.072021 -0.004827 9.274009
v -1.148646 0.205659 9.578659
v -1.126950 0.325671 8.860887
v -1.126950 0.325671 8.860887
v -1.834568 0.300746 8.140345
v -1.933809 0.059796 8.263590
v -2.077825 -0.029291 8.462072
v -2.258307 0.165038 8.664248
v -2.370473 0.491382 8.743181
v -2.238919 0.806648 8.610706
v -2.055668 0.969589 8.375756
v -2.572650 0.139189 8.393296
v -2.385706 -0.058371 8.186504
v -2.235228 0.032100 7.984327
v -2.126754 0.283206 7.852775
v -3.157483 0.092107 7.888317
v -3.466287 -0.152073 7.224089
v -3.672156 0.050564 7.443806
v -3.291345 -0.062525 7.007143
v -3.152868 0.223199 6.847893
v -3.812941 0.435530 7.553665
v -3.656924 0.840344 7.387030
v -3.452901 1.007440 7.119308
v -3.196719 0.715254 6.881128
v -3.152868 0.223199 6.847893
v -4.037735 0.007175 7.135926
v -3.822173 -0.175615 6.910669
v -3.624612 -0.107299 6.709417
v -3.481520 0.201042 6.544630
v -3.481520 0.201042 6.544630
v -3.537372 0.705560 6.576941
v -3.771859 1.003747 6.845586
v -4.010040 0.849576 7.075919
v -4.182212 0.424451 7.250401
v -1.110333 0.112879 8.983670
v 0.568930 -0.313169 11.076979
v 0.720331 -0.308553 10.887727
v 0.768337 -0.783067 10.806950
v 0.631245 -0.872616 11.088518
v 0.267512 -0.876308 11.099597
v 0.238431 -0.386100 11.139755
v 0.010868 -0.856461 11.039590
v 0.010868 -0.436874 11.062208
v 0.580932 -1.271429 10.542457
v 0.010868 -1.372056 10.749251
v 0.194581 -1.390520 10.791254
v 0.461379 -1.376672 10.770945
v 0.580932 -1.271429 10.542457
v 0.310901 -1.533150 10.315817
v 0.268435 -1.566386 10.460757
v 0.263819 -1.473143 10.264580
v 0.477074 -1.216500 10.426600
v 0.180733 -1.197114 10.378132
v 0.255973 -0.722138 10.616312
v 0.630321 -0.740139 10.672626
v 0.243971 -0.376406 10.729864
v 0.592933 -0.299783 10.786640
v 0.720331 -0.308553 10.887727
v 0.768337 -0.783067 10.806950
v 0.580932 -1.271429 10.542457
v 0.113341 -1.511917 10.206882
v 0.118880 -1.627776 10.466758
v 0.010868 -1.641163 10.462141
v 0.010868 -1.656857 10.276120
v 0.108725 -1.632854 10.280737
v 0.010868 -1.522995 10.195804
v 0.010868 -1.195266 10.372593
v 0.010868 -0.718906 10.609850
v 0.010868 -0.411949 10.717400
v -0.222234 -0.376406 10.729864
v 0.010868 -0.718906 10.609850
v -0.234236 -0.722138 10.616312
v -0.608585 -0.740139 10.672626
v -0.570735 -0.299783 10.786640
v -0.698595 -0.308553 10.887727
v -0.746601 -0.783067 10.806950
v -0.455337 -1.216500 10.426600
v -0.559195 -1.271429 10.542457
v -0.158997 -1.197114 10.378132
v -0.242083 -1.473143 10.264580
v -0.559195 -1.271429 10.542457
v -0.289165 -1.533150 10.315817
v -0.439643 -1.376672 10.770945
v -0.609508 -0.872616 11.088518
v -0.172383 -1.390520 10.791254
v -0.245776 -0.876308 11.099597
v -0.547193 -0.313169 11.076979
v -0.746601 -0.783067 10.806950
v -0.698595 -0.308553 10.887727
v -0.216696 -0.386100 11.139755
v 0.010868 -0.856461 11.039590
v 0.010868 -0.436874 11.062208
v -0.559195 -1.271429 10.542457
v 0.010868 -1.372056 10.749251
v -0.246698 -1.566386 10.460757
v 0.010868 -1.641163 10.462141
v -0.097144 -1.627776 10.466758
v -0.086989 -1.632854 10.280737
v 0.010868 -1.656857 10.276120
v -0.091605 -1.511917 10.206882
v 0.010868 -1.195266 10.372593
v 0.010868 -1.522995 10.195804
v -0.514883 -1.968891 7.140080
v -0.858767 -1.877496 6.906054
v -0.696749 -1.865957 7.299790
v -0.940468 -1.766714 7.309022
v -1.152338 -1.709016 7.164082
v -1.252041 -1.715016 6.920825
v -1.201266 -1.782408 6.671566
v -1.019400 -1.885343 6.511857
v -0.775681 -1.984585 6.502625
v -0.563811 -2.042284 6.647564
v -0.464107 -2.036283 6.890821
v -0.540270 -2.016435 7.145157
v -0.719367 -1.914885 7.302559
v -0.958470 -1.817489 7.311329
v -1.167109 -1.760713 7.169160
v -1.215114 -1.832722 6.684953
v -1.036017 -1.934272 6.527551
v -0.796914 -2.031667 6.518781
v -0.588275 -2.088442 6.660950
v -0.464107 -2.036283 6.890821
v -0.654745 -1.887651 7.432267
v -0.414256 -2.024281 7.220858
v -0.540270 -2.016435 7.145157
v -0.977395 -1.756098 7.444729
v -1.258042 -1.679936 7.252707
v -1.167109 -1.760713 7.169160
v -1.264966 -1.766714 6.929595
v -1.389595 -1.687782 6.930518
v -1.215114 -1.832722 6.684953
v -1.322203 -1.777331 6.600943
v -1.081715 -1.913500 6.389074
v -0.759063 -2.045053 6.377073
v -0.478416 -2.121215 6.568632
v -0.588275 -2.088442 6.660950
v -0.346863 -2.113369 6.890821
v -0.490419 -2.082442 6.900054
v -0.956623 -1.679936 7.434574
v -1.237271 -1.603774 7.243015
v -0.457646 -2.045053 6.558939
v -0.738292 -1.968891 6.367379
v -1.060943 -1.837338 6.379380
v -1.301431 -1.700707 6.590788
v -1.060943 -1.837338 6.379380
v -0.914619 -1.678090 7.306252
v -0.746138 -1.901499 6.479545
v -0.995398 -1.799949 6.489239
v -0.746138 -1.901499 6.479545
v -1.181880 -1.694245 6.653102
v -0.633973 -1.811489 7.422573
v -0.665361 -1.779638 7.296559
v -0.914619 -1.678090 7.306252
v -0.393484 -1.947658 7.211164
v -0.633973 -1.811489 7.422573
v -0.478879 -1.885343 7.132694
v -0.326092 -2.037206 6.881128
v -0.326092 -2.037206 6.881128
v -0.393484 -1.947658 7.211164
v -0.633973 -1.811489 7.422573
v -0.426719 -1.954582 6.877435
v -0.393484 -1.947658 7.211164
v -0.528731 -1.960582 6.628177
v -0.346863 -2.113369 6.890821
v -0.746138 -1.901499 6.479545
v -1.252041 -1.715016 6.920825
v -1.264966 -1.766714 6.929595
v -1.167109 -1.760713 7.169160
v -1.201266 -1.782408 6.671566
v -1.215114 -1.832722 6.684953
v -1.252041 -1.715016 6.920825
v -1.167109 -1.760713 7.169160
v -0.464107 -2.036283 6.890821
v -0.490419 -2.082442 6.900054
v -0.588275 -2.088442 6.660950
v -0.514883 -1.968891 7.140080
v -0.540270 -2.016435 7.145157
v -1.368823 -1.611620 6.920825
v -1.132028 -1.619005 7.157620
v -0.914619 -1.678090 7.306252
v -1.234039 -1.625006 6.908362
v -1.301431 -1.700707 6.590788
v -1.368823 -1.611620 6.920825
v -1.301431 -1.700707 6.590788
v -1.060943 -1.837338 6.379380
v 0.514925 -1.968891 7.140080
v 0.696791 -1.865957 7.299790
v 0.858809 -1.877496 6.906054
v 0.940510 -1.766714 7.309022
v 1.152380 -1.709016 7.164082
v 1.252083 -1.715016 6.920825
v 1.201308 -1.782408 6.671566
v 1.018980 -1.885343 6.511857
v 0.775723 -1.984585 6.502625
v 0.563853 -2.042284 6.647564
v 0.464149 -2.036283 6.890821
v 0.540311 -2.016435 7.145157
v 0.718947 -1.914885 7.302559
v 0.958512 -1.817489 7.311329
v 1.167150 -1.760713 7.169160
v 1.215156 -1.832722 6.684953
v 1.036059 -1.934272 6.527551
v 0.796493 -2.031667 6.518781
v 0.588317 -2.088442 6.660950
v 0.464149 -2.036283 6.890821
v 0.654785 -1.887651 7.432267
v 0.413836 -2.024281 7.220858
v 0.540311 -2.016435 7.145157
v 0.976975 -1.756098 7.444729
v 1.167150 -1.760713 7.169160
v 1.258084 -1.679936 7.252707
v 1.265008 -1.766714 6.929595
v 1.389637 -1.687782 6.930518
v 1.215156 -1.832722 6.684953
v 1.322245 -1.777331 6.600943
v 1.081757 -1.913500 6.389074
v 0.759105 -2.045053 6.377073
v 0.588317 -2.088442 6.660950
v 0.478458 -2.121215 6.568632
v 0.490460 -2.082442 6.900054
v 0.346905 -2.113369 6.890821
v 0.956204 -1.679936 7.434574
v 1.237312 -1.603774 7.243015
v 0.634014 -1.811489 7.422573
v 0.738334 -1.968891 6.367379
v 0.457687 -2.045053 6.558939
v 0.346905 -2.113369 6.890821
v 0.326134 -2.037206 6.881128
v 0.393064 -1.947658 7.211164
v 0.634014 -1.811489 7.422573
v 0.914661 -1.678090 7.306252
v 0.665403 -1.779638 7.296559
v 0.914661 -1.678090 7.306252
v 0.478920 -1.885343 7.132694
v 0.528771 -1.960582 6.628177
v 0.426760 -1.954582 6.877435
v 0.393064 -1.947658 7.211164
v 0.393064 -1.947658 7.211164
v 0.326134 -2.037206 6.881128
v 0.634014 -1.811489 7.422573
v 0.746180 -1.901499 6.479545
v 1.252083 -1.715016 6.920825
v 1.167150 -1.760713 7.169160
v 1.252083 -1.715016 6.920825
v 1.167150 -1.760713 7.169160
v 1.265008 -1.766714 6.929595
v 1.201308 -1.782408 6.671566
v 1.215156 -1.832722 6.684953
v 0.464149 -2.036283 6.890821
v 0.588317 -2.088442 6.660950
v 0.490460 -2.082442 6.900054
v 0.514925 -1.968891 7.140080
v 0.540311 -2.016435 7.145157
v 1.060985 -1.837338 6.379380
v 0.995439 -1.799949 6.489239
v 0.746180 -1.901499 6.479545
v 1.301473 -1.700707 6.590788
v 1.060985 -1.837338 6.379380
v 1.181922 -1.694245 6.653102
v 1.368865 -1.611620 6.920825
v 1.301473 -1.700707 6.590788
v 1.060985 -1.837338 6.379380
v 1.234081 -1.625006 6.908362
v 1.368865 -1.611620 6.920825
v 1.301473 -1.700707 6.590788
v 1.132070 -1.619005 7.157620
v 0.914661 -1.678090 7.306252
v 0.746180 -1.901499 6.479545
v -0.549963 -2.111522 13.004115
v -0.420718 -2.197378 12.601150
v -0.655206 -2.133218 12.786706
v -0.397178 -2.114292 13.071970
v -0.253622 -2.144295 12.963035
v -0.175153 -2.181684 12.720699
v -0.192693 -2.202456 12.441900
v -0.300243 -2.201071 12.234645
v -0.455800 -2.189070 12.173716
v -0.598430 -2.178453 12.275728
v -0.673670 -2.159989 12.507907
v 0.550005 -2.111522 13.004115
v 0.655248 -2.133218 12.786706
v 0.420760 -2.197378 12.601150
v 0.397218 -2.114292 13.071970
v 0.253664 -2.144295 12.963035
v 0.174733 -2.181684 12.720699
v 0.192273 -2.202456 12.441900
v 0.300285 -2.201071 12.234645
v 0.455840 -2.189070 12.173716
v 0.598472 -2.178453 12.275728
v 0.673712 -2.159989 12.507907
v -4.520557 0.795570 16.335409
v -4.527944 1.019440 16.314638
v -4.433779 1.031904 16.767458
v -4.427316 0.807109 16.787767
v -4.223755 1.019440 17.176888
v -4.217294 0.793722 17.197197
v -3.894642 1.007439 17.524002
v -4.494709 0.784491 15.904284
v -4.502095 1.007439 15.883974
v -4.321151 0.968204 15.420076
v -3.888180 0.780798 17.544312
v -3.513369 0.970973 17.803726
v -3.507369 0.744333 17.824036
v -4.217294 0.793722 17.197197
v -3.946340 0.901735 17.023178
v -3.668002 0.891580 17.303823
v -3.363814 0.862038 17.542929
v -2.984849 0.831573 17.676327
v -2.676968 1.054522 16.267555
v -4.102819 0.912351 16.684372
v -4.153594 0.891118 15.960137
v -4.187752 0.901274 16.313251
v -4.427316 0.807109 16.787767
v -4.022041 0.858346 15.584865
v -3.791246 0.834804 15.314833
v -4.048813 0.716176 15.110350
v -4.314689 0.744794 15.442695
v -4.055275 0.939585 15.086349
v -3.120556 0.757719 14.927560
v -3.499060 0.799262 15.065114
v -3.218414 0.618780 14.624295
v -3.682772 0.670941 14.814933
v -3.224414 0.844959 14.600755
v -3.688773 0.895735 14.790929
v -4.494709 0.784491 15.904284
v -2.718511 0.709714 14.839859
v -2.329392 0.663093 14.892480
v -2.722204 0.557389 14.530130
v -2.242151 0.497844 14.576289
v -2.248613 0.729100 14.554596
v -2.728667 0.786337 14.507513
v -1.653624 0.599394 15.274674
v -1.999355 0.632167 15.039726
v -1.835952 0.459071 14.764619
v -1.410828 0.418450 15.043420
v -1.411751 0.588777 15.605174
v -1.264505 0.578622 15.948136
v -1.125566 0.408295 15.460235
v -0.938161 0.399064 15.882590
v -1.248811 0.592470 16.700527
v -1.227577 0.585546 16.314638
v -0.902618 0.408757 16.338179
v -0.925697 0.418913 16.817308
v -1.841953 0.689404 14.742464
v -1.416368 0.648323 15.020341
v -1.410828 0.418450 15.043420
v -1.365592 0.620626 17.001484
v -1.605619 0.657092 17.345367
v -1.078022 0.453069 17.182426
v -1.363285 0.497382 17.609396
v -1.082638 0.676017 17.157499
v -1.368362 0.719869 17.585855
v -2.234765 0.743872 17.697561
v -1.905653 0.698635 17.555851
v -2.130447 0.599855 18.033136
v -1.729325 0.546311 17.854038
v -1.734403 0.770182 17.830959
v -2.135524 0.825110 18.010979
v -2.659889 0.793261 17.727564
v -3.046702 0.705559 18.000364
v -2.649734 0.659862 18.056677
v -2.655274 0.886502 18.035444
v -3.052703 0.933123 17.979591
v -0.929852 0.641398 16.791458
v -1.078022 0.453069 17.182426
v -0.925697 0.418913 16.817308
v -0.902618 0.408757 16.338179
v -0.906773 0.632628 16.311869
v -0.938161 0.399064 15.882590
v -0.942314 0.624319 15.855816
v -1.125566 0.408295 15.460235
v -1.130182 0.635859 15.435310
v -1.410828 0.418450 15.043420
v -1.719632 1.103450 17.192120
v -1.499915 1.071138 16.882854
v -1.082638 0.676017 17.157499
v -1.368362 0.719869 17.585855
v -0.929852 0.641398 16.791458
v -1.398365 1.045750 16.608669
v -0.906773 0.632628 16.311869
v -1.375747 1.035134 16.256475
v -2.241689 1.363324 16.466501
v -2.212148 1.349015 16.103230
v -0.942314 0.624319 15.855816
v -1.411751 1.025441 15.921826
v -1.130182 0.635859 15.435310
v -1.541919 1.040674 15.616714
v -1.416368 0.648323 15.020341
v -1.764867 1.057752 15.327297
v -1.841953 0.689404 14.742464
v -2.077825 1.087756 15.114503
v -2.458637 1.366094 15.805505
v -2.376012 1.116836 14.988953
v -2.724974 1.156994 14.931716
v -2.728667 0.786337 14.507513
v -2.248613 0.729100 14.554596
v -2.846833 1.408099 15.727496
v -3.224414 0.844959 14.600755
v -3.085476 1.198537 15.014802
v -3.428436 1.233618 15.132046
v -3.688773 0.895735 14.790929
v -4.055275 0.939585 15.086349
v -3.689696 1.264083 15.364225
v -3.905720 1.285316 15.609327
v -4.321151 0.968204 15.420076
v -3.154253 1.445488 15.995678
v -4.016964 1.314857 15.949981
v -4.053429 1.325474 16.268017
v -3.190717 1.461643 16.358027
v -3.971267 1.336090 16.602207
v -4.527944 1.019440 16.314638
v -4.433779 1.031904 16.767458
v -3.836944 1.327783 16.910089
v -4.223755 1.019440 17.176888
v -3.894642 1.007439 17.524002
v -3.579377 1.320396 17.161192
v -3.307961 1.293162 17.380909
v -3.513369 0.970973 17.803726
v -4.502095 1.007439 15.883974
v -2.929919 1.449180 16.655291
v -2.963154 1.265006 17.494923
v -2.548647 1.407176 16.715298
v -2.670506 1.230849 17.544312
v -3.052703 0.933123 17.979591
v -2.655274 0.886502 18.035444
v -2.693125 1.443641 16.225088
v -2.135524 0.825110 18.010979
v -2.287387 1.185612 17.512463
v -1.990585 1.142684 17.387371
v -1.734403 0.770182 17.830959
v -0.723059 -0.453953 9.833457
v -0.766911 -0.169152 9.845919
v -1.840107 0.009482 10.047632
v -1.721478 -0.309476 10.028708
v -2.570342 -0.082374 10.706784
v -2.416170 -0.371791 10.486145
v -2.690355 -0.446568 11.337316
v -2.656197 -0.801992 11.094519
v -1.327742 -0.865231 10.043941
v -0.573966 -0.941854 9.890233
v -0.456722 -1.349899 10.025478
v -1.056327 -1.253888 10.109025
v -2.168758 -0.837073 10.368901
v -1.726094 -1.186958 10.365207
v -1.852108 -1.327281 10.564614
v -2.362626 -1.126029 10.767714
v -2.195992 -1.571462 11.135139
v -1.833183 -1.617160 10.840646
v -2.357548 -1.457912 11.540876
v -2.378320 -1.266813 11.818753
v -1.739479 -1.739943 11.876451
v -1.836414 -1.910731 11.697817
v -2.262923 -1.096486 11.881990
v -1.779638 -1.961506 11.355778
v -1.612081 -1.934734 11.024359
v -1.244194 -2.195993 11.038206
v -1.335589 -2.316006 11.401939
v -1.437138 -2.159989 11.805368
v -1.338821 -1.936580 11.989542
v -1.468988 -1.883958 12.330195
v -1.883035 -1.657318 12.281728
v -1.126950 -2.053363 12.381432
v -1.038787 -2.083827 12.074012
v -0.667207 -2.202456 12.287268
v -0.772911 -2.177068 12.528217
v -1.077099 -2.348318 11.954923
v -1.040633 -2.613732 11.789673
v -0.931698 -2.686202 10.951426
v -0.976934 -2.814062 11.267616
v -0.503343 -2.962694 10.867417
v -0.534269 -3.098863 11.214532
v -0.000210 -3.112250 10.833721
v -0.000210 -3.295962 11.166990
v -0.525499 -3.175487 11.763363
v -0.000210 -3.391049 11.784595
v -0.000210 -3.109941 12.181102
v -0.538886 -2.969157 12.088785
v -0.835687 -2.878223 11.635041
v -0.000210 -2.782212 10.603389
v -0.464107 -2.684817 10.636161
v -0.000210 -2.304005 10.380901
v -0.364405 -2.209380 10.397519
v -0.346402 -2.081057 10.380901
v -0.000210 -2.169221 10.362901
v -0.714289 -1.955505 10.414137
v -0.747986 -2.063056 10.435830
v -0.865691 -2.460945 10.694783
v -0.926159 -1.785640 10.450601
v -0.974626 -1.867342 10.478758
v -1.052635 -1.664703 10.465835
v -1.130643 -1.717325 10.495837
v -1.126027 -1.589465 10.481067
v -1.196189 -1.579310 10.507377
v -1.180034 -1.560846 10.480605
v -1.463911 -1.465758 10.483836
v -1.541458 -1.625469 10.648161
v -1.060943 -1.631008 10.462141
v -1.094639 -1.589926 10.409520
v -0.749370 -1.898268 10.378593
v -0.807992 -1.808720 10.268736
v -0.326092 -2.045053 10.318586
v -0.342710 -1.937041 10.200881
v -0.377790 -1.628238 10.157493
v -0.890155 -1.522534 10.222114
v -1.323588 -1.403905 10.360131
v -1.425138 -1.872419 10.754790
v -1.156492 -2.107830 10.755713
v -0.000210 -1.700246 10.130721
v -0.000210 -2.011819 10.175033
v -0.000210 -2.111522 10.302430
v -0.000210 -1.426061 9.977472
v -0.000210 -1.013861 9.826071
v -0.000210 -0.490419 9.731906
v -0.000210 -0.288705 9.721752
v -0.620124 -0.016828 9.911465
v -0.000210 -0.109146 9.750371
v -1.468065 0.206120 10.119642
v -2.479408 0.161807 10.967121
v -2.519566 -0.208849 11.499796
v 0.574008 -0.941854 9.890233
v 0.456764 -1.349899 10.025478
v 1.327784 -0.865231 10.043941
v 1.055908 -1.253888 10.109025
v 2.168800 -0.837073 10.368901
v 1.725675 -1.186958 10.365207
v 1.852150 -1.327281 10.564614
v 2.362668 -1.126029 10.767714
v 2.196034 -1.571462 11.135139
v 1.833225 -1.617160 10.840646
v 0.722640 -0.453953 9.833457
v 1.721520 -0.309476 10.028708
v 1.840147 0.009482 10.047632
v 0.766952 -0.169152 9.845919
v 2.570383 -0.082374 10.706784
v 2.415750 -0.371791 10.486145
v 2.690396 -0.446568 11.337316
v 2.656239 -0.801992 11.094519
v 2.357128 -1.457912 11.540876
v 2.378362 -1.266813 11.818753
v 1.739521 -1.739943 11.876451
v 1.836455 -1.910731 11.697817
v 2.262964 -1.096486 11.881990
v 1.779218 -1.961506 11.355778
v 1.612123 -1.934734 11.024359
v 1.244236 -2.195993 11.038206
v 1.335631 -2.316006 11.401939
v 1.437180 -2.159989 11.805368
v 1.338861 -1.936580 11.989542
v 1.469030 -1.883958 12.330195
v 1.883076 -1.657318 12.281728
v 1.126992 -2.053363 12.381432
v 1.038829 -2.083827 12.074012
v 0.667249 -2.202456 12.287268
v 0.772953 -2.177068 12.528217
v 1.077140 -2.348318 11.954923
v 1.040675 -2.613732 11.789673
v 0.931740 -2.686202 10.951426
v 0.976975 -2.814062 11.267616
v 0.503385 -2.962694 10.867417
v 0.534311 -3.098863 11.214532
v 0.525541 -3.175487 11.763363
v 0.538926 -2.969157 12.088785
v 0.835729 -2.878223 11.635041
v 0.464149 -2.684817 10.636161
v 0.364445 -2.209380 10.397519
v 0.346444 -2.081057 10.380901
v 0.714331 -1.955505 10.414137
v 0.747565 -2.063056 10.435830
v 0.865733 -2.460945 10.694783
v 0.926201 -1.785640 10.450601
v 0.974668 -1.867342 10.478758
v 1.052676 -1.664703 10.465835
v 1.130685 -1.717325 10.495837
v 1.126069 -1.589465 10.481067
v 1.196231 -1.579310 10.507377
v 1.180074 -1.560846 10.480605
v 1.463953 -1.465758 10.483836
v 1.541500 -1.625469 10.648161
v 1.060985 -1.631008 10.462141
v 1.094681 -1.589926 10.409520
v 0.748950 -1.898268 10.378593
v 0.808033 -1.808720 10.268736
v 0.326134 -2.045053 10.318586
v 0.342751 -1.937041 10.200881
v 0.377832 -1.628238 10.157493
v 0.889734 -1.522534 10.222114
v 1.323630 -1.403905 10.360131
v 1.425179 -1.872419 10.754790
v 1.156534 -2.107830 10.755713
v -2.253691 0.551388 14.437352
v -2.164142 1.465798 14.381963
v -1.745019 1.410407 14.903558
v -1.864110 0.600317 14.929407
v -0.781681 1.273777 15.357760
v -0.835687 0.506152 15.388227
v -0.000210 1.206385 15.451925
v -0.000210 1.890460 15.240520
v -0.791836 1.938004 15.172665
v -0.000210 0.422144 15.489314
v -1.791179 2.340510 14.256871
v -1.468065 2.064479 14.828781
v -0.992166 2.458216 14.753540
v -1.126489 2.883340 14.147474
v -0.000210 3.066129 14.125779
v -0.000210 2.610540 14.739695
v -1.847492 -0.129457 14.862475
v -0.956162 -0.116994 15.308372
v -0.000210 -0.212081 15.398844
v -1.014784 -0.557351 15.210515
v -0.285473 -0.869847 15.100194
v -0.000210 -0.651976 15.213284
v -0.000210 -1.297278 14.833395
v -1.750558 -0.784914 14.758618
v -2.229227 -0.308091 14.408273
v -1.973506 -0.999552 14.268871
v -2.425403 -0.492266 13.932836
v -2.086134 -1.221578 13.800821
v -2.525568 -0.693519 13.341077
v -2.098596 -1.381287 13.316150
v -2.742514 0.482612 13.216909
v -2.544492 0.521385 13.895447
v -2.485871 1.542884 13.809127
v -2.660813 1.473644 12.783476
v -2.052438 2.508991 12.742395
v -2.019665 2.464216 13.629109
v -1.132028 3.143676 12.723469
v -1.159723 3.073977 13.517405
v -0.000210 3.303387 13.452320
v -0.000210 3.396628 12.693467
v -2.538492 -0.874923 12.808402
v -2.032128 -1.524841 12.837021
v -1.883035 -1.657318 12.281728
v -2.388937 -1.011554 12.237414
v -2.262923 -1.096486 11.881990
v -1.739479 -1.739943 11.876451
v -2.519566 -0.208849 11.499796
v -2.600345 0.048256 11.917535
v -2.757747 0.371831 12.511600
v -2.552801 0.619704 11.368242
v -2.479408 0.161807 10.967121
v -2.604499 1.425179 11.941536
v -2.081517 2.422212 11.944305
v -1.107103 3.073977 12.008004
v -1.727017 2.352512 11.163756
v -0.942776 2.840874 11.298541
v -0.000210 3.342160 12.009391
v -0.000210 3.073515 11.324389
v -1.454217 2.108792 10.846646
v -0.789066 2.405595 10.681858
v -0.618278 1.445950 10.157953
v -0.000210 1.516111 10.044866
v -0.597508 0.524616 9.989934
v -0.000210 0.480304 9.856075
v -0.620124 -0.016828 9.911465
v -0.000210 -0.109146 9.750371
v -0.000210 2.570382 10.636621
v -1.468065 0.206120 10.119642
v -1.594079 0.634936 10.195342
v -2.438788 0.621550 10.971736
v -1.548843 1.393328 10.451526
v -2.150757 1.429794 11.025281
v -1.215575 -1.791641 13.796665
v -1.126950 -1.657318 14.107778
v -0.832457 -1.824875 13.954067
v -0.885539 -1.961044 13.645264
v -1.578385 -1.422369 14.004382
v -1.418675 -1.278353 14.412426
v -0.937698 -1.154647 14.814471
v -0.836611 -1.507764 14.472894
v -0.710597 -1.761638 14.127626
v -0.458569 -1.775023 14.171476
v -0.433181 -1.525304 14.560596
v -0.391638 -1.244658 14.845860
v -0.000210 -1.440371 14.694920
v -0.000210 -1.630546 14.455354
v -0.000210 -1.783332 14.189941
v -0.000210 -1.887190 13.995611
v -0.305783 -1.869649 13.997917
v -0.188539 -2.025666 13.682191
v -0.000210 -2.039515 13.700192
v -0.285473 -0.869847 15.100194
v -1.014784 -0.557351 15.210515
v -0.000210 -1.297278 14.833395
v -1.750558 -0.784914 14.758618
v -0.165459 -2.125370 13.431549
v -0.000210 -2.141988 13.444472
v -0.160381 -2.196917 13.185058
v -0.000210 -2.208918 13.190598
v -0.155766 -2.251384 12.875332
v -0.000210 -2.259232 12.896566
v -0.000210 -2.279079 12.616842
v -0.175153 -2.262463 12.589607
v -0.000210 -2.291543 12.443284
v -0.211618 -2.269387 12.356505
v -0.000210 -2.289235 12.246648
v -0.478416 -2.261078 12.200951
v -0.472416 -2.225996 12.212490
v -0.572120 -2.617886 12.286806
v -0.000210 -2.289235 12.246648
v -0.000210 -2.687126 12.341735
v 0.175194 -2.262463 12.589607
v 0.211660 -2.269387 12.356505
v 0.572162 -2.617886 12.286806
v 0.478458 -2.261078 12.200951
v 0.472458 -2.225996 12.212490
v 0.155808 -2.251384 12.875332
v 0.160423 -2.196917 13.185058
v 0.165500 -2.125370 13.431549
v 0.188581 -2.025666 13.682191
v 0.305825 -1.869649 13.997917
v 0.458610 -1.775023 14.171476
v 0.433223 -1.525304 14.560596
v 0.836652 -1.507764 14.472894
v 0.710638 -1.761638 14.127626
v 0.832497 -1.824875 13.954067
v 1.126992 -1.657318 14.107778
v 1.215617 -1.791641 13.796665
v 0.885581 -1.961044 13.645264
v 0.937279 -1.154647 14.814471
v 1.418717 -1.278353 14.412426
v 1.578427 -1.422369 14.004382
v 0.391218 -1.244658 14.845860
v 0.285514 -0.869847 15.100194
v 1.014826 -0.557351 15.210515
v 1.973086 -0.999552 14.268871
v 1.750600 -0.784914 14.758618
v 1.259006 -1.887190 13.475861
v 0.891582 -2.037206 13.382618
v 1.276547 -1.948582 13.160595
v 0.886504 -2.089366 13.137054
v 1.655512 -1.714094 13.205832
v 1.650896 -1.571001 13.624954
v 2.098638 -1.381287 13.316150
v 2.086176 -1.221578 13.800821
v 1.229926 -2.003972 12.834712
v 0.852346 -2.135986 12.827329
v 1.593659 -1.801335 12.820865
v 2.032169 -1.524841 12.837021
v -0.000210 0.162268 11.972464
v -0.000210 1.109912 10.919577
v -0.667207 1.112682 10.951426
v -0.667207 1.112682 10.951426
v -0.428566 0.173808 11.863067
v -0.000210 -1.048019 11.916610
v -0.429488 -0.958472 11.889377
v -1.323588 1.116375 10.988814
v -0.929852 0.186732 11.734745
v -1.224808 0.220429 11.664581
v -1.503146 1.127453 11.046513
v -0.932159 -0.854152 11.857066
v -1.214190 -0.730908 11.658120
v -1.018015 -1.366517 11.191453
v -0.641358 -1.638854 11.144833
v -1.701630 0.275358 11.551494
v -1.793947 0.921584 11.139294
v -1.833644 0.283205 11.200685
v -1.608850 -0.602585 10.935272
v -1.330973 -0.961702 11.148986
v -1.468527 -0.694904 10.629699
v -1.226192 -1.270044 10.663857
v -1.237732 -0.748448 10.331049
v -1.323588 0.254587 10.505993
v -1.518378 0.265664 10.771405
v -1.503146 1.127453 11.046513
v -1.147261 -1.260351 10.429830
v -0.739677 -1.412214 10.275659
v -0.671361 -0.905850 10.173649
v -0.299320 -1.500377 10.202268
v -0.000210 -0.990321 10.003321
v -0.000210 0.300285 9.943775
v -0.609970 0.279512 10.202728
v -0.000210 -1.525304 10.182419
v -0.667207 1.112682 10.951426
v -0.754447 -1.564538 10.369362
v -1.052635 -1.461604 10.421521
v -0.723983 -1.685937 10.491220
v -0.326092 -1.825336 10.458910
v -0.326092 -2.045053 10.318586
v -0.749370 -1.898268 10.378593
v -1.047096 -1.533150 10.505069
v -1.060943 -1.631008 10.462141
v -0.000210 -2.111522 10.302430
v -0.000210 -1.880266 10.444139
v -0.321014 -1.653625 10.324126
v -0.000210 -1.701169 10.307047
v -1.083100 -1.492069 10.500454
v -1.126027 -1.589465 10.481067
v -1.083100 -1.492069 10.500454
v -1.083100 -1.492069 10.500454
v -0.981089 -1.583463 10.674010
v -1.018015 -1.366517 11.191453
v -0.641358 -1.638854 11.144833
v -0.684748 -1.801335 10.646778
v -0.910927 -1.692861 10.498146
v -1.019862 -1.603312 10.498146
v -1.052635 -1.664703 10.465835
v -0.926159 -1.785640 10.450601
v -0.701365 -1.845647 10.457988
v -0.714289 -1.955505 10.414137
v -0.339017 -1.955505 10.425677
v -0.346402 -2.081057 10.380901
v -0.000210 -2.032129 10.407673
v -0.000210 -2.169221 10.362901
v -0.000210 -1.977200 10.577539
v -0.000210 -1.760253 11.094980
v -1.126027 -1.589465 10.481067
v -1.083100 -1.492069 10.500454
v -1.503146 1.127453 11.046513
v -1.323588 1.116375 10.988814
v -0.667207 1.112682 10.951426
v -0.000210 1.109912 10.919577
v -0.000210 0.300285 9.943775
v -1.833644 0.283205 11.200685
v -1.793947 0.921584 11.139294
v -1.276505 -1.948582 13.160595
v -1.258965 -1.887190 13.475861
v -0.891540 -2.037206 13.382618
v -0.886462 -2.089366 13.137054
v -1.655471 -1.714094 13.205832
v -1.650855 -1.571001 13.624954
v -2.098596 -1.381287 13.316150
v -2.086134 -1.221578 13.800821
v -1.229884 -2.003972 12.834712
v -0.852305 -2.135986 12.827329
v -1.594079 -1.801335 12.820865
v -2.032128 -1.524841 12.837021
v -1.973506 -0.999552 14.268871
v -0.891540 -2.037206 13.382618
v -0.886000 -1.948582 13.365078
v -0.882770 -1.997510 13.119976
v -0.886462 -2.089366 13.137054
v -0.850920 -2.041361 12.811172
v -0.852305 -2.135986 12.827329
v -0.772911 -2.177068 12.528217
v -0.771987 -2.081058 12.512524
v -0.667207 -2.202456 12.287268
v -0.666746 -2.105983 12.272036
v -0.885539 -1.961044 13.645264
v -0.883693 -1.873342 13.627262
v -0.832457 -1.824875 13.954067
v -0.833841 -1.737635 13.934680
v -0.710597 -1.761638 14.127626
v -0.711982 -1.670243 14.108238
v -0.186693 -1.932425 13.659112
v -0.302552 -1.775486 13.974838
v -0.305783 -1.869649 13.997917
v -0.188539 -2.025666 13.682191
v -0.458569 -1.775023 14.171476
v -0.164536 -2.033514 13.409392
v -0.165459 -2.125370 13.431549
v -0.160381 -2.196917 13.185058
v -0.157612 -2.099521 13.167518
v -0.155766 -2.251384 12.875332
v -0.151611 -2.148450 12.861947
v -0.170075 -2.160452 12.578068
v -0.175153 -2.262463 12.589607
v -0.205618 -2.167375 12.345888
v -0.211618 -2.269387 12.356505
v -0.454876 -1.680859 14.155784
v -0.458569 -1.775023 14.171476
v -0.454876 -1.680859 14.155784
v -0.710597 -1.761638 14.127626
v -0.711982 -1.670243 14.108238
v -0.472416 -2.225996 12.212490
v -0.468724 -2.129986 12.193564
v -0.211618 -2.269387 12.356505
v -0.164536 -2.033514 13.409392
v -0.157612 -2.099521 13.167518
v -0.882770 -1.997510 13.119976
v -0.886000 -1.948582 13.365078
v -0.151611 -2.148450 12.861947
v -0.850920 -2.041361 12.811172
v -0.771987 -2.081058 12.512524
v -0.170075 -2.160452 12.578068
v -0.205618 -2.167375 12.345888
v -0.666746 -2.105983 12.272036
v -0.883693 -1.873342 13.627262
v -0.186693 -1.932425 13.659112
v -0.302552 -1.775486 13.974838
v -0.833841 -1.737635 13.934680
v -0.454876 -1.680859 14.155784
v -0.711982 -1.670243 14.108238
v -0.000210 -1.048019 11.916610
v -0.641358 -1.638854 11.144833
v -0.000210 -1.048019 11.916610
v -0.000210 -1.760253 11.094980
v -1.047096 -1.533150 10.505069
v -1.052635 -1.461604 10.421521
v -1.018015 -1.366517 11.191453
v -0.666746 -2.105983 12.272036
v -0.468724 -2.129986 12.193564
v -0.472416 -2.225996 12.212490
v -0.472416 -2.225996 12.212490
v -0.667207 -2.202456 12.287268
v -0.666746 -2.105983 12.272036
v -0.205618 -2.167375 12.345888
v -0.468724 -2.129986 12.193564
v 2.253732 0.551388 14.437352
v 1.864151 0.600317 14.929407
v 1.745061 1.410407 14.903558
v 2.164184 1.465798 14.381963
v 0.781723 1.273777 15.357760
v 0.835729 0.506152 15.388227
v -0.000210 1.206385 15.451925
v -0.000210 1.890460 15.240520
v 0.791878 1.938004 15.172665
v 1.791219 2.340510 14.256871
v 1.468107 2.064479 14.828781
v 0.992208 2.458216 14.753540
v 1.126069 2.883340 14.147474
v -0.000210 3.066129 14.125779
v -0.000210 2.610540 14.739695
v 1.847534 -0.129457 14.862475
v 0.956204 -0.116994 15.308372
v 1.014826 -0.557351 15.210515
v 0.285514 -0.869847 15.100194
v 1.750600 -0.784914 14.758618
v 2.229268 -0.308091 14.408273
v 1.973086 -0.999552 14.268871
v 2.425444 -0.492266 13.932836
v 2.086176 -1.221578 13.800821
v 2.525609 -0.693519 13.341077
v 2.098638 -1.381287 13.316150
v 2.742556 0.482612 13.216909
v 2.544534 0.521385 13.895447
v 2.485912 1.542884 13.809127
v 2.660855 1.473644 12.783476
v 2.052480 2.508991 12.742395
v 2.019706 2.464216 13.629109
v 1.132070 3.143676 12.723469
v 1.159765 3.073977 13.517405
v -0.000210 3.303387 13.452320
v -0.000210 3.396628 12.693467
v 2.538533 -0.874923 12.808402
v 2.032169 -1.524841 12.837021
v 1.883076 -1.657318 12.281728
v 2.388978 -1.011554 12.237414
v 2.262964 -1.096486 11.881990
v 1.739521 -1.739943 11.876451
v 2.519608 -0.208849 11.499796
v 2.600386 0.048256 11.917535
v 2.757788 0.371831 12.511600
v 2.552843 0.619704 11.368242
v 2.479450 0.161807 10.967121
v 2.604541 1.425179 11.941536
v 2.081559 2.422212 11.944305
v 1.107143 3.073977 12.008004
v 1.727058 2.352512 11.163756
v 0.942818 2.840874 11.298541
v -0.000210 3.342160 12.009391
v -0.000210 3.073515 11.324389
v 1.454259 2.108792 10.846646
v 0.789108 2.405595 10.681858
v 0.618320 1.445950 10.157953
v -0.000210 1.516111 10.044866
v 0.597548 0.524616 9.989934
v -0.000210 0.480304 9.856075
v 0.620166 -0.016828 9.911465
v -0.000210 -0.109146 9.750371
v -0.000210 2.570382 10.636621
v 1.468107 0.206120 10.119642
v 1.594121 0.634936 10.195342
v 2.438830 0.621550 10.971736
v 1.548424 1.393328 10.451526
v 2.150798 1.429794 11.025281
v -0.000210 0.162268 11.972464
v 0.428145 0.173808 11.863067
v 0.667249 1.112682 10.951426
v -0.000210 1.109912 10.919577
v -0.000210 -1.048019 11.916610
v 0.429530 -0.958472 11.889377
v 0.932201 -0.854152 11.857066
v 0.929894 0.186732 11.734745
v 1.224850 0.220429 11.664581
v 1.323630 1.116375 10.988814
v 1.503188 1.127453 11.046513
v 1.214232 -0.730908 11.658120
v 1.018057 -1.366517 11.191453
v 0.641400 -1.638854 11.144833
v 1.701671 0.275358 11.551494
v 1.793989 0.921584 11.139294
v 1.833686 0.283205 11.200685
v 1.608892 -0.602585 10.935272
v 1.331015 -0.961702 11.148986
v 1.468569 -0.694904 10.629699
v 1.226234 -1.270044 10.663857
v 1.237774 -0.748448 10.331049
v 1.323630 0.254587 10.505993
v 1.518420 0.265664 10.771405
v 1.147301 -1.260351 10.429830
v 0.739719 -1.412214 10.275659
v 0.671403 -0.905850 10.173649
v 0.298901 -1.500377 10.202268
v -0.000210 -0.990321 10.003321
v -0.000210 0.300285 9.943775
v 0.609550 0.279512 10.202728
v -0.000210 -1.525304 10.182419
v 0.667249 1.112682 10.951426
v -0.000210 1.109912 10.919577
v -0.000210 0.300285 9.943775
v 0.754489 -1.564538 10.369362
v 1.052215 -1.461604 10.421521
v 0.724025 -1.685937 10.491220
v 0.326134 -1.825336 10.458910
v 0.326134 -2.045053 10.318586
v 0.748950 -1.898268 10.378593
v 1.047136 -1.533150 10.505069
v -0.000210 -2.111522 10.302430
v -0.000210 -1.880266 10.444139
v 0.321056 -1.653625 10.324126
v -0.000210 -1.701169 10.307047
v 1.047136 -1.533150 10.505069
v 1.060985 -1.631008 10.462141
v 1.082679 -1.492069 10.500454
v 1.082679 -1.492069 10.500454
v 1.126069 -1.589465 10.481067
v 1.323630 1.116375 10.988814
v 1.503188 1.127453 11.046513
v 0.667249 1.112682 10.951426
v 1.323630 1.116375 10.988814
v 1.793989 0.921584 11.139294
v 1.833686 0.283205 11.200685
v 0.620166 -0.016828 9.911465
v 1.468107 0.206120 10.119642
v 2.479450 0.161807 10.967121
v 2.519608 -0.208849 11.499796
v 0.891582 -2.037206 13.382618
v 0.886504 -2.089366 13.137054
v 0.882812 -1.997510 13.119976
v 0.886042 -1.948582 13.365078
v 0.850961 -2.041361 12.811172
v 0.852346 -2.135986 12.827329
v 0.772953 -2.177068 12.528217
v 0.772029 -2.081058 12.512524
v 0.667249 -2.202456 12.287268
v 0.666787 -2.105983 12.272036
v 0.885581 -1.961044 13.645264
v 0.883734 -1.873342 13.627262
v 0.832497 -1.824875 13.954067
v 0.833882 -1.737635 13.934680
v 0.710638 -1.761638 14.127626
v 0.712023 -1.670243 14.108238
v 0.186733 -1.932425 13.659112
v 0.188581 -2.025666 13.682191
v 0.305825 -1.869649 13.997917
v 0.302593 -1.775486 13.974838
v 0.458610 -1.775023 14.171476
v 0.164578 -2.033514 13.409392
v 0.165500 -2.125370 13.431549
v 0.160423 -2.196917 13.185058
v 0.157654 -2.099521 13.167518
v 0.155808 -2.251384 12.875332
v 0.151653 -2.148450 12.861947
v 0.169655 -2.160452 12.578068
v 0.175194 -2.262463 12.589607
v 0.205660 -2.167375 12.345888
v 0.211660 -2.269387 12.356505
v 0.458610 -1.775023 14.171476
v 0.454918 -1.680859 14.155784
v 0.454918 -1.680859 14.155784
v 0.710638 -1.761638 14.127626
v 0.712023 -1.670243 14.108238
v 0.472458 -2.225996 12.212490
v 0.211660 -2.269387 12.356505
v 0.468765 -2.129986 12.193564
v 0.164578 -2.033514 13.409392
v 0.886042 -1.948582 13.365078
v 0.882812 -1.997510 13.119976
v 0.157654 -2.099521 13.167518
v 0.151653 -2.148450 12.861947
v 0.850961 -2.041361 12.811172
v 0.772029 -2.081058 12.512524
v 0.169655 -2.160452 12.578068
v 0.205660 -2.167375 12.345888
v 0.666787 -2.105983 12.272036
v 0.883734 -1.873342 13.627262
v 0.186733 -1.932425 13.659112
v 0.302593 -1.775486 13.974838
v 0.833882 -1.737635 13.934680
v 0.454918 -1.680859 14.155784
v 0.712023 -1.670243 14.108238
v 1.323630 1.116375 10.988814
v 1.052676 -1.664703 10.465835
v 1.019903 -1.603312 10.498146
v 0.910968 -1.692861 10.498146
v 0.926201 -1.785640 10.450601
v 0.701406 -1.845647 10.457988
v 0.714331 -1.955505 10.414137
v 0.339059 -1.955505 10.425677
v 0.346444 -2.081057 10.380901
v -0.000210 -2.032129 10.407673
v -0.000210 -2.169221 10.362901
v 0.981129 -1.583463 10.674010
v -0.000210 -1.977200 10.577539
v 0.684789 -1.801335 10.646778
v -0.000210 -1.760253 11.094980
v 0.641400 -1.638854 11.144833
v 1.018057 -1.366517 11.191453
v 1.126069 -1.589465 10.481067
v 1.082679 -1.492069 10.500454
v 1.047136 -1.533150 10.505069
v 1.047136 -1.533150 10.505069
v 1.052215 -1.461604 10.421521
v 1.018057 -1.366517 11.191453
v -0.000210 -1.048019 11.916610
v -0.000210 -1.760253 11.094980
v 0.641400 -1.638854 11.144833
v -0.000210 -1.048019 11.916610
v 0.666787 -2.105983 12.272036
v 0.667249 -2.202456 12.287268
v 0.472458 -2.225996 12.212490
v 0.472458 -2.225996 12.212490
v 0.468765 -2.129986 12.193564
v 0.666787 -2.105983 12.272036
v 0.468765 -2.129986 12.193564
v 0.205660 -2.167375 12.345888
v -0.000672 -4.341924 11.972464
v 0.229661 -4.250991 12.088321
v 0.284129 -4.280070 11.965076
v 0.420299 -4.071894 12.120634
v 0.157654 -4.044199 12.254494
v 0.225046 -3.680928 12.213874
v -0.222234 -3.687389 12.222182
v -0.174691 -3.361045 12.073090
v -0.579966 -3.720625 12.043549
v -0.437797 -3.347660 11.941075
v -0.244852 -3.173640 11.871376
v -0.097605 -3.184257 11.947536
v -0.295628 -3.157023 11.754132
v -0.528268 -3.322734 11.740284
v -0.237006 -3.141329 11.639658
v -0.423488 -3.295501 11.537645
v -0.576735 -3.771399 11.463791
v -0.709212 -3.758013 11.755977
v -0.087450 -3.131174 11.566725
v -0.156689 -3.277959 11.407940
v 0.099032 -3.131636 11.569034
v 0.176117 -3.278422 11.412092
v -0.224081 -3.760320 11.268538
v 0.222276 -3.739087 11.255613
v -0.407794 -4.139747 11.644272
v -0.510267 -4.109282 11.880607
v -0.147918 -4.144825 11.484562
v 0.175656 -4.138362 11.475330
v -0.084681 -4.321613 11.738897
v 0.094416 -4.320691 11.728745
v -0.000672 -4.341924 11.972464
v -0.228697 -4.306382 11.829370
v -0.000672 -4.341924 11.972464
v -0.285010 -4.279148 11.958154
v -0.236543 -4.252376 12.082782
v -0.422103 -4.070048 12.110939
v -0.166382 -4.045121 12.250340
v -0.094835 -4.234374 12.158484
v -0.000672 -4.341924 11.972464
v 0.084261 -4.233912 12.160331
v -0.000672 -4.341924 11.972464
v 0.575393 -3.740011 11.441173
v 0.435531 -3.297347 11.547802
v 0.176117 -3.278422 11.412092
v 0.222276 -3.739087 11.255613
v 0.099032 -3.131636 11.569034
v 0.244433 -3.141790 11.645197
v 0.297977 -3.157946 11.760593
v 0.530619 -3.325965 11.751823
v 0.710177 -3.730317 11.729205
v 0.427222 -4.138825 11.650272
v 0.175656 -4.138362 11.475330
v 0.519079 -4.112052 11.893069
v 0.233355 -4.306382 11.831678
v -0.000672 -4.341924 11.972464
v 0.094416 -4.320691 11.728745
v -0.000672 -4.341924 11.972464
v 0.581854 -3.703083 12.021852
v 0.428606 -3.349968 11.950768
v 0.240740 -3.174563 11.877377
v 0.089338 -3.184718 11.949845
v 0.158577 -3.361508 12.076321
v -0.009903 12.010355 5.346343
v -0.008980 12.177912 5.346343
v -0.000210 12.177912 5.355114
v -0.000210 12.010355 5.356498
v -0.000210 12.193606 5.346343
v -0.000210 12.010355 5.336650
v -0.000210 11.592155 5.333881
v -0.013134 11.592155 5.346805
v -0.000210 11.591692 5.359730
v -0.000210 11.174416 5.362960
v -0.016366 11.174416 5.346805
v -0.020058 10.666667 5.347266
v -0.000210 10.666667 5.327418
v -0.024213 10.082294 5.347728
v -0.000210 10.082294 5.323726
v -0.028828 9.474380 5.348190
v -0.000210 9.474380 5.319571
v -0.033906 8.805537 5.348190
v -0.000210 8.805537 5.314955
v -0.000210 8.805076 5.381886
v -0.000210 9.474380 5.376346
v 0.028870 9.474380 5.348190
v 0.033948 8.805537 5.348190
v -0.000210 8.805537 5.314955
v -0.000210 9.474380 5.319571
v -0.000210 10.082294 5.323726
v 0.024255 10.082294 5.347728
v -0.000210 10.082294 5.371730
v -0.000210 10.666667 5.327418
v 0.020100 10.666667 5.347266
v -0.000210 10.666667 5.367115
v 0.038564 8.183314 5.348651
v -0.000210 8.182853 5.386501
v -0.000210 7.546320 5.391579
v -0.043137 7.546320 5.349112
v -0.047754 6.909788 5.349574
v -0.000210 6.910250 5.302492
v -0.000210 6.293104 5.298337
v -0.052370 6.293104 5.350036
v -0.000210 6.909788 5.396657
v -0.000210 6.292643 5.401733
v -0.000210 5.679189 5.294183
v -0.056986 5.678728 5.350036
v -0.000210 5.080969 5.290029
v -0.061601 5.080969 5.350497
v -0.000210 5.678728 5.406349
v -0.000210 5.081431 5.410966
v -0.000210 4.459208 5.285874
v -0.066217 4.459208 5.350959
v -0.000210 4.458746 5.416043
v 0.061643 5.080969 5.350497
v 0.066259 4.459208 5.350959
v -0.000210 5.080969 5.290029
v -0.000210 5.679189 5.294183
v 0.057028 5.678728 5.350036
v 0.052411 6.293104 5.350036
v -0.000210 6.293104 5.298337
v -0.000210 4.459208 5.285874
v -0.070371 3.854526 5.351420
v -0.000210 3.854064 5.420658
v -0.075449 3.222609 5.351882
v -0.000210 3.222609 5.425736
v -0.076834 2.585154 5.344035
v -0.000210 2.585615 5.273411
v -0.000210 3.222147 5.277565
v -0.000210 2.585154 5.430813
v -0.000210 1.895077 5.267872
v -0.085143 1.894615 5.351881
v -0.000210 1.894153 5.435430
v 0.075491 3.222609 5.351882
v 0.076414 2.584692 5.344035
v -0.000210 3.222147 5.277565
v -0.000210 2.585615 5.273411
v -0.000210 1.895077 5.267872
v 0.085184 1.894615 5.351881
v -0.000210 3.854526 5.281720
v 0.070413 3.854526 5.351420
v -0.000210 1.409023 5.438660
v -0.088835 1.409485 5.351420
v 0.088877 1.409485 5.351420
v -0.000210 1.409946 5.264179
v -0.000210 1.409946 5.264179
v -0.000210 12.010355 5.336650
v -0.000210 12.177912 5.337573
v -0.008980 12.177912 5.346343
v -0.000210 12.010355 5.336650
v 0.008560 12.177912 5.346343
v -0.008980 12.177912 5.346343
v -0.000210 12.177912 5.337573
v 0.008560 12.177912 5.346343
v 0.008560 12.177912 5.346343
v 0.009945 12.010355 5.346343
v -0.000210 12.010355 5.336650
v 0.013176 11.592155 5.346805
v 0.016407 11.174416 5.346805
v -0.000210 11.174416 5.331111
v -0.000210 11.592155 5.333881
v -0.000210 3.854526 5.281720
v 0.047795 6.909788 5.349574
v 0.043179 7.546320 5.349112
v -0.000210 7.546320 5.306646
v -0.000210 6.910250 5.302492
v -0.000210 8.183314 5.310802
v -0.000210 7.546320 5.306646
v -0.038522 8.183314 5.348651
v -0.000210 8.183314 5.310802
v -0.000210 11.174416 5.331111
v 4.520599 0.795570 16.335409
v 4.427358 0.807109 16.787767
v 4.433821 1.031904 16.767458
v 4.527985 1.019440 16.314638
v 4.223797 1.019440 17.176888
v 4.217335 0.793722 17.197197
v 3.894684 1.007439 17.524002
v 4.494750 0.784491 15.904284
v 4.502136 1.007439 15.883974
v 4.321193 0.968204 15.420076
v 3.888222 0.780798 17.544312
v 3.513411 0.970973 17.803726
v 3.507410 0.744333 17.824036
v 4.217335 0.793722 17.197197
v 3.946382 0.901735 17.023178
v 3.668043 0.891580 17.303823
v 3.363856 0.862038 17.542929
v 2.984891 0.831573 17.676327
v 2.677010 1.054522 16.267555
v 4.102861 0.912351 16.684372
v 4.153636 0.891118 15.960137
v 4.187793 0.901274 16.313251
v 4.427358 0.807109 16.787767
v 4.021621 0.858346 15.584865
v 3.791287 0.834804 15.314833
v 4.048855 0.716176 15.110350
v 4.314269 0.744794 15.442695
v 4.055317 0.939585 15.086349
v 3.120598 0.757719 14.927560
v 3.499101 0.799262 15.065114
v 3.218455 0.618780 14.624295
v 3.682814 0.670941 14.814933
v 3.224455 0.844959 14.600755
v 3.688815 0.895735 14.790929
v 4.494750 0.784491 15.904284
v 4.494750 0.784491 15.904284
v 2.718553 0.709714 14.839859
v 2.329433 0.663093 14.892480
v 2.722246 0.557389 14.530130
v 2.242193 0.497844 14.576289
v 2.248655 0.729100 14.554596
v 2.728709 0.786337 14.507513
v 1.653666 0.599394 15.274674
v 1.999397 0.632167 15.039726
v 1.835994 0.459071 14.764619
v 1.410870 0.418450 15.043420
v 1.411793 0.588777 15.605174
v 1.264084 0.578622 15.948136
v 1.125607 0.408295 15.460235
v 0.938201 0.399064 15.882590
v 1.248851 0.592470 16.700527
v 1.227619 0.585546 16.314638
v 0.902660 0.408757 16.338179
v 0.925739 0.418913 16.817308
v 1.841995 0.689404 14.742464
v 1.416408 0.648323 15.020341
v 1.410870 0.418450 15.043420
v 1.365634 0.620626 17.001484
v 1.605661 0.657092 17.345367
v 1.078063 0.453069 17.182426
v 1.363325 0.497382 17.609396
v 1.082218 0.676017 17.157499
v 1.368404 0.719869 17.585855
v 2.234346 0.743872 17.697561
v 1.905694 0.698635 17.555851
v 2.130488 0.599855 18.033136
v 1.729366 0.546311 17.854038
v 1.733982 0.770182 17.830959
v 2.135104 0.825110 18.010979
v 2.659931 0.793261 17.727564
v 3.046744 0.705559 18.000364
v 2.649776 0.659862 18.056677
v 2.655315 0.886041 18.035444
v 3.052744 0.933123 17.979591
v 0.929894 0.641398 16.791458
v 1.078063 0.453069 17.182426
v 0.925739 0.418913 16.817308
v 0.902660 0.408757 16.338179
v 0.906813 0.632628 16.311869
v 0.938201 0.399064 15.882590
v 0.941895 0.624319 15.855816
v 1.125607 0.408295 15.460235
v 1.130223 0.635859 15.435310
v 1.410870 0.418450 15.043420
v 1.719673 1.103450 17.192120
v 1.368404 0.719869 17.585855
v 1.082218 0.676017 17.157499
v 1.499494 1.071138 16.882854
v 0.929894 0.641398 16.791458
v 1.398407 1.045750 16.608669
v 0.906813 0.632628 16.311869
v 1.375789 1.035134 16.256475
v 2.241731 1.363324 16.466501
v 2.212189 1.349015 16.103230
v 0.941895 0.624319 15.855816
v 1.411331 1.025441 15.921826
v 1.130223 0.635859 15.435310
v 1.541961 1.040674 15.616714
v 1.416408 0.648323 15.020341
v 1.764909 1.057752 15.327297
v 1.841995 0.689404 14.742464
v 2.077405 1.087756 15.114503
v 2.458678 1.366094 15.805505
v 2.376054 1.116836 14.988953
v 2.725015 1.156994 14.931716
v 2.728709 0.786337 14.507513
v 2.248655 0.729100 14.554596
v 2.846875 1.408099 15.727496
v 3.224455 0.844959 14.600755
v 3.085517 1.198537 15.014802
v 3.428478 1.233618 15.132046
v 3.688815 0.895735 14.790929
v 4.055317 0.939585 15.086349
v 3.689738 1.264083 15.364225
v 3.905762 1.285316 15.609327
v 4.321193 0.968204 15.420076
v 3.154294 1.445488 15.995678
v 4.016543 1.314857 15.949981
v 4.053471 1.325474 16.268017
v 3.190759 1.461643 16.358027
v 3.970846 1.336090 16.602207
v 4.527985 1.019440 16.314638
v 4.433821 1.031904 16.767458
v 3.836985 1.327783 16.910089
v 4.223797 1.019440 17.176888
v 3.894684 1.007439 17.524002
v 3.579418 1.320396 17.161192
v 3.308003 1.293162 17.380909
v 3.513411 0.970973 17.803726
v 4.502136 1.007439 15.883974
v 2.929961 1.449180 16.655291
v 2.962734 1.265006 17.494923
v 2.548688 1.407176 16.715298
v 2.670548 1.230849 17.544312
v 3.052744 0.933123 17.979591
v 2.655315 0.886041 18.035444
v 2.693166 1.443641 16.225088
v 2.135104 0.825110 18.010979
v 2.287429 1.185612 17.512463
v 1.990626 1.142684 17.387371
v 1.733982 0.770182 17.830959
vn -0.0196 -0.3025 0.9529
vn -0.1451 -0.2929 0.9451
vn -0.1765 -0.3660 0.9137
vn -0.0274 -0.3019 0.9529
vn -0.1921 -0.4453 0.8745
vn -0.0118 -0.3881 0.9216
vn -0.2078 -0.5572 0.8039
vn -0.0039 -0.5123 0.8588
vn -0.2157 -0.6357 0.7412
vn 0.0039 -0.6052 0.7961
vn -0.2078 -0.6892 0.6941
vn 0.0196 -0.6623 0.7490
vn -0.1843 -0.7661 0.6157
vn 0.0353 -0.7338 0.6784
vn -0.1294 -0.8620 0.4902
vn 0.0510 -0.8368 0.5451
vn -0.1059 -0.8862 0.4510
vn 0.0510 -0.8745 0.4823
vn 0.2863 -0.7470 0.6000
vn 0.2627 -0.8167 0.5137
vn 0.3020 -0.6535 0.6941
vn 0.2942 -0.5836 0.7569
vn 0.2628 -0.5336 0.8039
vn 0.2157 -0.4344 0.8745
vn 0.1686 -0.3283 0.9294
vn 0.1451 -0.2662 0.9529
vn 0.0980 -0.2594 0.9608
vn 0.0275 -0.3257 0.9451
vn -0.0118 -0.3266 0.9451
vn -0.0509 -0.3449 0.9372
vn 0.0431 -0.3001 0.9529
vn 0.0510 -0.3228 0.9451
vn 0.2000 -0.3537 0.9137
vn 0.1686 -0.3052 0.9372
vn 0.2157 -0.4345 0.8745
vn 0.0431 -0.3858 0.9216
vn 0.2392 -0.5445 0.8039
vn 0.0431 -0.5104 0.8588
vn 0.2627 -0.6178 0.7412
vn 0.0431 -0.6037 0.7961
vn 0.2549 -0.6812 0.6863
vn 0.0196 -0.6710 0.7412
vn 0.2314 -0.7596 0.6078
vn 0.0039 -0.7418 0.6706
vn 0.1843 -0.8519 0.4902
vn -0.0039 -0.8332 0.5529
vn 0.1529 -0.8910 0.4274
vn -0.0040 -0.8844 0.4666
vn -0.2549 -0.7520 0.6078
vn -0.2314 -0.8357 0.4981
vn -0.2784 -0.6720 0.6863
vn -0.2627 -0.5984 0.7569
vn -0.2235 -0.5395 0.8118
vn -0.1765 -0.4518 0.8745
vn -0.1373 -0.3426 0.9294
vn -0.1137 -0.2810 0.9529
vn -0.0823 -0.2345 0.9686
vn -0.0275 -0.3019 0.9529
vn 0.0275 -0.3256 0.9451
vn 0.0823 -0.3388 0.9372
vn 0.2941 -0.8802 -0.3725
vn 0.2941 -0.8958 -0.3333
vn 0.1530 -0.9358 -0.3176
vn 0.1530 -0.9216 -0.3568
vn 0.3020 -0.8481 -0.4353
vn 0.1530 -0.9215 -0.3569
vn 0.1452 -0.8885 -0.4353
vn 0.2863 -0.8233 -0.4902
vn 0.1451 -0.8885 -0.4353
vn 0.1295 -0.8707 -0.4745
vn 0.1294 -0.8707 -0.4745
vn 0.1450 -0.8885 -0.4353
vn -0.0196 -0.9111 -0.4118
vn -0.0196 -0.8923 -0.4510
vn -0.0039 -0.9400 -0.3412
vn 0.1529 -0.9216 -0.3568
vn 0.0039 -0.9558 -0.2941
vn 0.1529 -0.9358 -0.3176
vn -0.3333 -0.8877 -0.3177
vn -0.1922 -0.9338 -0.3020
vn -0.1922 -0.9455 -0.2627
vn -0.3333 -0.9008 -0.2784
vn -0.3333 -0.8592 -0.3882
vn -0.1843 -0.9029 -0.3882
vn -0.1922 -0.9337 -0.3020
vn -0.3255 -0.8353 -0.4431
vn -0.1686 -0.8882 -0.4274
vn -0.1843 -0.9029 -0.3883
vn -0.3333 -0.8592 -0.3883
vn -0.1686 -0.8882 -0.4275
vn -0.0118 -0.9147 -0.4039
vn -0.0196 -0.9309 -0.3647
vn -0.1843 -0.9030 -0.3882
vn -0.0353 -0.9575 -0.2863
vn -0.1921 -0.9338 -0.3020
vn -0.1921 -0.9338 -0.3019
vn -0.0510 -0.9696 -0.2392
vn -0.1921 -0.9455 -0.2627
vn -0.6078 -0.0961 0.7882
vn -0.0117 0.1245 0.9922
vn 0.0196 -0.0000 0.9998
vn 0.6549 0.6782 0.3333
vn 0.9282 -0.0000 0.3721
vn -0.0039 0.9508 0.3098
vn 0.0039 0.0004 1.0000
vn -0.2314 -0.4263 0.8745
vn -0.6549 0.6782 0.3334
vn -0.0274 0.0001 0.9996
vn 0.2235 -0.4305 0.8745
vn 0.2235 -0.4304 0.8745
vn -0.9282 -0.0000 0.3721
vn 0.0118 0.1245 0.9921
vn 0.6000 -0.1367 0.7882
vn 0.6549 0.6387 -0.4040
vn 0.9430 -0.0000 -0.3327
vn 0.0039 0.9113 -0.4118
vn -0.9451 -0.0293 -0.3255
vn -0.6706 0.6415 -0.3725
vn 0.6549 0.6387 -0.4039
vn 0.2078 0.0577 -0.9765
vn 0.0039 0.2156 -0.9765
vn -0.2314 0.1529 -0.9608
vn -0.3569 -0.0941 -0.9294
vn 0.6549 -0.6337 0.4118
vn 0.6706 -0.6844 -0.2863
vn -0.0039 -0.9040 0.4275
vn -0.0039 0.1250 0.9921
vn 0.0588 0.1104 0.9922
vn 0.2863 0.7275 0.6235
vn -0.6549 -0.6337 0.4118
vn 0.0117 0.1245 0.9922
vn 0.5608 0.2766 0.7804
vn -0.9282 -0.0001 0.3721
vn -0.0505 0.1150 0.9921
vn -0.2941 0.7176 0.6314
vn -0.2941 0.7175 0.6314
vn -0.6627 -0.6853 -0.3020
vn -0.9451 -0.0294 -0.3255
vn -0.0039 -0.9604 -0.2785
vn -0.2392 -0.3058 -0.9216
vn -0.0039 -0.4063 -0.9137
vn 0.2235 -0.3174 -0.9216
vn 0.3098 -0.1040 -0.9451
vn 0.6548 0.6388 -0.4039
vn 0.2079 0.0576 -0.9765
vn -0.0510 0.1142 0.9921
vn -0.5843 0.3305 0.7412
vn -0.0509 0.1142 0.9922
vn -0.3098 0.9328 0.1843
vn -0.7569 0.6247 0.1922
vn -0.7098 0.5206 0.4745
vn -0.2706 0.8376 0.4745
vn 0.2470 0.9498 0.1922
vn 0.2000 0.8391 0.5059
vn 0.7412 0.6302 0.2314
vn 0.6549 0.5151 0.5529
vn 0.7569 0.1363 0.6392
vn 0.9137 0.2884 0.2863
vn 0.9216 0.1700 0.3490
vn 0.6543 -0.0000 0.7562
vn -0.9294 0.2742 0.2471
vn -0.8196 0.1764 0.5451
vn -0.7489 -0.0000 0.6627
vn -0.9372 0.1023 0.3333
vn -0.6235 0.0471 0.7804
vn -0.9294 0.0941 0.3569
vn 0.4353 -0.1345 0.8902
vn 0.4588 -0.2279 0.8588
vn -0.3176 -0.2802 0.9059
vn -0.3255 -0.1740 0.9294
vn 0.0667 -0.4008 0.9137
vn 0.0745 -0.3615 0.9294
vn -0.9921 0.1058 -0.0667
vn -0.9922 0.1174 -0.0431
vn -0.7960 0.0794 -0.6001
vn -0.8039 0.1109 -0.5843
vn -0.7490 0.2636 -0.6079
vn -0.9451 0.3182 -0.0745
vn -0.7647 0.6343 -0.1137
vn -0.6157 0.4818 -0.6235
vn -0.1530 0.0880 -0.9843
vn -0.0743 -0.0000 -0.9972
vn -0.2392 0.6790 -0.6941
vn -0.3098 0.9419 -0.1294
vn 0.2470 0.9603 -0.1295
vn 0.1843 0.6799 -0.7098
vn 0.7490 0.6527 -0.1138
vn 0.5843 0.5000 -0.6392
vn 0.9372 0.3238 -0.1294
vn 0.7333 0.2710 -0.6236
vn 0.9765 0.1725 -0.1294
vn 0.7961 0.0792 -0.6000
vn 0.9843 0.1004 -0.1451
vn 0.8039 0.0555 -0.5922
vn -0.1843 0.1668 -0.9686
vn -0.0510 0.1690 -0.9843
vn 0.1216 0.1279 -0.9843
vn 0.0510 0.1142 -0.9921
vn 0.0980 0.0776 -0.9921
vn 0.0666 -0.0000 -0.9978
vn 0.6078 0.2402 0.7569
vn 0.2545 -0.0000 0.9671
vn 0.0431 -0.1174 0.9921
vn -0.1843 0.2407 0.9529
vn -0.1921 -0.0980 0.9765
vn -0.5686 0.2072 0.7961
vn -0.1922 0.4453 0.8745
vn 0.0196 0.4846 0.8745
vn 0.0118 0.5728 0.8196
vn -0.6000 0.2592 0.7569
vn -0.9137 0.1792 0.3647
vn -0.9216 0.1092 0.3725
vn -0.6078 0.0961 0.7882
vn -0.9059 -0.1274 0.4039
vn -0.5608 -0.2276 0.7961
vn -0.7647 -0.5021 0.4039
vn -0.2078 0.2207 0.9529
vn 0.0196 0.2148 0.9765
vn -0.9686 -0.2433 -0.0510
vn -0.7804 -0.6250 -0.0196
vn -0.6627 -0.5050 -0.5530
vn -0.7882 -0.2154 -0.5765
vn -0.9921 0.0866 -0.0902
vn -0.8116 -0.0000 -0.5842
vn -0.7961 0.0792 -0.6000
vn -0.1530 -0.0880 -0.9843
vn -0.0981 -0.0777 -0.9921
vn -0.2000 -0.1476 -0.9686
vn -0.0902 -0.2316 -0.9686
vn -0.2941 -0.7623 -0.5765
vn 0.0039 -0.8115 -0.5843
vn -0.0039 -0.2157 -0.9765
vn -0.4039 -0.9148 0.0039
vn -0.0039 -0.9998 -0.0196
vn 0.0039 -0.8280 0.5608
vn -0.3882 -0.7651 0.5137
vn 0.0196 -0.3262 0.9451
vn -0.2549 -0.3164 0.9137
vn 0.2941 -0.7563 -0.5843
vn 0.0667 -0.2052 -0.9765
vn 0.6549 -0.5315 -0.5373
vn 0.1687 -0.1345 -0.9765
vn 0.4118 -0.9109 -0.0275
vn 0.7725 -0.6306 -0.0745
vn 0.7647 -0.5083 0.3961
vn 0.3882 -0.7598 0.5216
vn 0.5921 -0.2292 0.7726
vn 0.2784 -0.3192 0.9059
vn 0.1371 -0.0000 -0.9906
vn 0.8039 -0.2379 -0.5451
vn 0.0902 -0.0866 -0.9921
vn 0.8338 -0.0000 -0.5520
vn 0.9608 -0.2529 -0.1137
vn 0.9895 -0.0000 -0.1447
vn 0.9372 0.1250 0.3255
vn 0.9216 -0.1529 0.3569
vn 0.6549 0.2799 0.7020
vn 0.6706 0.0314 0.7412
vn 0.2392 0.2227 0.9451
vn 0.2235 0.4460 0.8667
vn 0.2000 0.5247 0.8274
vn 0.9137 0.1943 0.3569
vn -0.0039 -0.0000 -1.0000
vn 0.0039 -0.0000 -1.0000
vn -0.1529 -0.0880 -0.9843
vn -0.0980 -0.0776 -0.9922
vn 0.0902 -0.0866 -0.9922
vn 0.1370 -0.0000 -0.9906
vn 0.0666 -0.2051 -0.9765
vn -0.0039 -0.2156 -0.9765
vn 0.0665 -0.0000 -0.9978
vn 0.0980 0.0776 -0.9922
vn -0.0510 0.1689 -0.9843
vn 0.0510 0.1142 -0.9922
vn 0.1215 0.1279 -0.9843
vn -0.1529 0.0880 -0.9843
vn -0.1843 0.1667 -0.9686
vn -0.6000 -0.2810 0.7490
vn -0.0353 -0.4693 0.8824
vn 0.5451 -0.2630 0.7961
vn 0.7176 0.0566 0.6941
vn 0.5294 0.5197 0.6706
vn 0.0510 0.7471 0.6627
vn -0.5373 0.5315 0.6549
vn -0.7489 -0.0000 0.6626
vn -0.1999 -0.1476 -0.9686
vn 0.1686 -0.1344 -0.9765
vn 0.6078 -0.0961 0.7882
vn 0.6078 -0.0960 0.7882
vn -0.0196 -0.0000 0.9998
vn 0.0510 0.1142 0.9921
vn 0.5843 0.3305 0.7412
vn 0.0039 0.1250 0.9921
vn 0.2941 0.7176 0.6314
vn 0.2941 0.7175 0.6314
vn -0.0431 0.1174 0.9922
vn -0.2863 0.7275 0.6235
vn 0.6627 -0.6202 0.4197
vn -0.5608 0.2766 0.7804
vn 0.9216 0.0776 0.3804
vn 0.6706 -0.6810 -0.2942
vn 0.9510 -0.0000 -0.3092
vn 0.0039 -0.9604 -0.2784
vn -0.6706 -0.6844 -0.2863
vn -0.9430 -0.0000 -0.3327
vn -0.6549 0.6387 -0.4039
vn -0.0039 0.9113 -0.4118
vn -0.3098 -0.1041 -0.9451
vn -0.2078 0.0576 -0.9765
vn -0.0039 0.2156 -0.9765
vn 0.6706 0.6415 -0.3725
vn 0.6549 0.6743 0.3412
vn 0.6706 0.6415 -0.3726
vn -0.0039 0.0004 1.0000
vn 0.0353 -0.0000 0.9994
vn -0.2235 -0.4305 0.8745
vn -0.2235 -0.4304 0.8745
vn 0.9216 0.0777 0.3804
vn -0.6000 -0.1367 0.7882
vn -0.6000 -0.1367 0.7883
vn -0.0040 0.9113 -0.4118
vn 0.2314 0.1529 -0.9608
vn 0.9510 -0.0000 -0.3091
vn 0.3569 -0.0941 -0.9294
vn 0.2314 -0.4263 0.8745
vn 0.2392 -0.3058 -0.9216
vn 0.0039 -0.4063 -0.9137
vn -0.2235 -0.3174 -0.9216
vn 0.3098 0.9328 0.1843
vn 0.2706 0.8376 0.4745
vn 0.7098 0.5206 0.4745
vn 0.7568 0.6247 0.1922
vn -0.2470 0.9498 0.1922
vn -0.2000 0.8391 0.5059
vn -0.7412 0.6302 0.2314
vn -0.6549 0.5151 0.5529
vn -0.7569 0.1363 0.6392
vn -0.9137 0.2884 0.2863
vn -0.9216 0.1700 0.3490
vn -0.6543 -0.0000 0.7562
vn 0.9294 0.2742 0.2471
vn 0.8196 0.1764 0.5451
vn 0.7489 -0.0000 0.6627
vn 0.9373 0.1023 0.3333
vn 0.6235 0.0471 0.7804
vn 0.9294 0.1200 0.3490
vn -0.4353 -0.1345 0.8902
vn -0.4588 -0.2279 0.8588
vn 0.3176 -0.2802 0.9059
vn 0.3255 -0.1740 0.9294
vn -0.0667 -0.4008 0.9137
vn -0.0745 -0.3614 0.9294
vn 0.9921 0.1058 -0.0667
vn 0.9921 0.1174 -0.0432
vn 0.7960 0.0792 -0.6000
vn 0.8039 0.1109 -0.5843
vn 0.7490 0.2637 -0.6079
vn 0.9451 0.3182 -0.0745
vn 0.7647 0.6343 -0.1137
vn 0.6157 0.4818 -0.6235
vn 0.1530 0.0880 -0.9843
vn 0.0743 -0.0000 -0.9972
vn 0.2392 0.6790 -0.6941
vn 0.3098 0.9419 -0.1294
vn -0.2471 0.9603 -0.1294
vn -0.1843 0.6799 -0.7098
vn -0.7490 0.6527 -0.1138
vn -0.5843 0.5000 -0.6392
vn -0.9372 0.3238 -0.1294
vn -0.7331 0.2714 -0.6236
vn -0.9765 0.1725 -0.1294
vn -0.7960 0.0792 -0.6000
vn -0.9843 0.1004 -0.1451
vn -0.8039 0.0555 -0.5922
vn 0.1843 0.1668 -0.9686
vn -0.1216 0.1279 -0.9843
vn -0.0510 0.1142 -0.9921
vn -0.0980 0.0776 -0.9921
vn -0.0666 -0.0000 -0.9978
vn -0.0902 -0.0866 -0.9921
vn 0.0510 0.1690 -0.9843
vn -0.8039 -0.2379 -0.5452
vn -0.8338 -0.0000 -0.5520
vn -0.9608 -0.2529 -0.1137
vn -0.9895 -0.0000 -0.1447
vn -0.1371 -0.0000 -0.9906
vn -0.9373 0.1250 0.3255
vn -0.9216 -0.1529 0.3569
vn -0.6549 0.2800 0.7020
vn -0.6706 0.0314 0.7412
vn -0.2392 0.2227 0.9451
vn -0.2235 0.4460 0.8667
vn -0.2000 0.5247 0.8274
vn -0.6078 0.2402 0.7569
vn -0.0196 0.2148 0.9765
vn -0.0196 0.4846 0.8745
vn 0.2079 0.2207 0.9529
vn 0.1922 0.4453 0.8745
vn 0.1843 0.2407 0.9529
vn -0.0118 0.5728 0.8196
vn 0.5608 0.2276 0.7961
vn 0.6000 0.2592 0.7569
vn 0.9137 0.1944 0.3569
vn 0.9216 0.1092 0.3725
vn 0.6078 0.0961 0.7882
vn 0.9059 -0.1274 0.4039
vn 0.5608 -0.2276 0.7961
vn 0.7647 -0.5021 0.4039
vn 0.9686 -0.2432 -0.0510
vn 0.7804 -0.6250 -0.0196
vn 0.6627 -0.5050 -0.5530
vn 0.7882 -0.2154 -0.5765
vn 0.9921 0.0866 -0.0902
vn 0.8116 -0.0000 -0.5842
vn 0.1530 -0.0881 -0.9843
vn 0.0981 -0.0776 -0.9921
vn 0.2000 -0.1476 -0.9686
vn 0.0744 -0.0000 -0.9972
vn 0.1921 -0.0980 0.9765
vn -0.0432 -0.1174 0.9921
vn -0.0431 -0.1174 0.9921
vn -0.2545 -0.0000 0.9671
vn -0.9137 0.1943 0.3569
vn 0.0902 -0.2316 -0.9686
vn 0.2941 -0.7623 -0.5765
vn -0.0039 -0.8115 -0.5843
vn 0.0039 -0.2157 -0.9765
vn 0.4039 -0.9148 0.0039
vn 0.0039 -0.9998 -0.0196
vn -0.0039 -0.8279 0.5608
vn 0.3882 -0.7651 0.5137
vn -0.0196 -0.3262 0.9451
vn 0.2549 -0.3164 0.9137
vn -0.2941 -0.7564 -0.5843
vn -0.0667 -0.2052 -0.9765
vn -0.6549 -0.5315 -0.5373
vn -0.1687 -0.1345 -0.9765
vn -0.4118 -0.9109 -0.0275
vn -0.7725 -0.6306 -0.0745
vn -0.7647 -0.5083 0.3961
vn -0.3882 -0.7598 0.5216
vn -0.5921 -0.2292 0.7726
vn -0.2784 -0.3192 0.9059
vn 0.0980 -0.0776 -0.9922
vn 0.1529 -0.0880 -0.9843
vn -0.0902 -0.0866 -0.9922
vn -0.1370 -0.0000 -0.9906
vn -0.0667 -0.2051 -0.9765
vn 0.0039 -0.2156 -0.9765
vn 0.0902 -0.2315 -0.9686
vn -0.0665 -0.0000 -0.9978
vn -0.0980 0.0776 -0.9922
vn 0.0510 0.1689 -0.9843
vn -0.0510 0.1142 -0.9922
vn -0.1215 0.1279 -0.9843
vn 0.1529 0.0880 -0.9843
vn 0.1843 0.1667 -0.9686
vn 0.6000 -0.2811 0.7490
vn 0.0353 -0.4693 0.8823
vn -0.5451 -0.2630 0.7961
vn -0.7176 0.0566 0.6941
vn -0.5294 0.5197 0.6706
vn -0.0510 0.7471 0.6627
vn 0.5372 0.5315 0.6549
vn 0.7489 -0.0000 0.6626
vn 0.2000 -0.1475 -0.9686
vn -0.1686 -0.1345 -0.9765
vn -0.9059 -0.2510 0.3412
vn -0.6549 -0.7169 0.2392
vn -0.6549 -0.6994 0.2863
vn -0.9137 -0.2324 0.3333
vn -0.7412 0.5955 0.3098
vn -0.7569 0.6112 0.2314
vn 0.0353 0.9981 0.0510
vn 0.0196 0.9989 -0.0431
vn 0.7647 0.6099 -0.2079
vn 0.7647 0.5918 -0.2549
vn -0.7412 0.5735 0.3490
vn -0.8980 -0.2777 0.3412
vn -0.8823 -0.2542 0.3961
vn -0.6470 -0.7290 0.2235
vn -0.6471 -0.7098 0.2784
vn -0.7333 0.5469 0.4039
vn 0.0196 0.9933 0.1137
vn -0.0039 0.9905 0.1373
vn 0.7647 0.6197 -0.1765
vn 0.7490 0.6208 -0.2314
vn 0.0510 0.9953 -0.0823
vn 0.7647 0.5883 -0.2628
vn -0.7490 0.6316 0.2000
vn -0.6470 -0.7001 0.3020
vn -0.1843 0.9533 0.2392
vn 0.6549 0.7194 -0.2314
vn -0.7490 0.4780 0.4588
vn -0.0039 -0.9926 0.1216
vn -0.0353 -0.9938 0.1058
vn 0.7176 -0.6828 -0.1372
vn 0.6941 -0.7051 -0.1451
vn -0.0353 -0.9981 0.0510
vn 0.6941 -0.6959 -0.1843
vn 0.9294 -0.2592 -0.2627
vn 0.9294 -0.2423 -0.2784
vn -0.0196 -0.9998 0.0039
vn 0.7098 -0.6653 -0.2314
vn 0.6784 -0.6465 -0.3490
vn -0.0274 -0.9992 -0.0275
vn 0.9294 -0.2330 -0.2863
vn 0.8902 -0.2108 -0.4039
vn 0.9372 -0.2460 -0.2470
vn 0.5843 -0.6899 -0.4274
vn -0.2000 -0.9775 0.0667
vn 0.8196 -0.2191 -0.5294
vn -0.7019 -0.6118 0.3647
vn -0.8666 -0.2133 0.4510
vn 0.9294 -0.2591 -0.2628
vn 0.9373 -0.2460 -0.2470
vn 0.9294 -0.2422 -0.2784
vn 0.9294 -0.2329 -0.2863
vn 0.8902 -0.2107 -0.4039
vn 0.8196 -0.2190 -0.5294
vn 0.8667 -0.2573 0.4274
vn 0.8823 -0.2279 0.4118
vn 0.6392 -0.7004 0.3176
vn 0.6235 -0.7211 0.3020
vn 0.7098 0.5978 0.3726
vn 0.7255 0.6105 0.3176
vn -0.0274 0.9990 0.0353
vn -0.0196 0.9997 -0.0118
vn -0.7255 0.6222 -0.2941
vn -0.7412 0.5955 -0.3098
vn 0.7176 0.5673 0.4039
vn 0.8510 -0.2939 0.4353
vn 0.8274 -0.2594 0.4980
vn 0.6078 -0.7311 0.3098
vn 0.6000 -0.7038 0.3804
vn 0.7098 0.5344 0.4588
vn -0.0039 0.9972 0.0745
vn 0.0196 0.9964 0.0824
vn -0.7255 0.6294 -0.2784
vn -0.6941 0.6206 -0.3647
vn -0.0666 0.9972 -0.0353
vn -0.7490 0.5897 -0.3020
vn 0.7177 0.6275 0.3020
vn 0.8823 -0.2278 0.4118
vn 0.6157 -0.7176 0.3255
vn 0.8118 -0.2095 0.5451
vn 0.7333 0.4361 0.5216
vn 0.2313 0.9450 0.2314
vn -0.6000 0.6905 -0.4039
vn -0.0039 -0.9978 0.0667
vn 0.0353 -0.9966 0.0745
vn -0.6941 -0.6790 -0.2392
vn -0.6784 -0.6919 -0.2470
vn 0.0274 -0.9979 0.0588
vn -0.6863 -0.6841 -0.2471
vn -0.8980 -0.2573 -0.3569
vn -0.9059 -0.2015 -0.3725
vn -0.0039 -0.9994 0.0353
vn -0.7098 -0.6436 -0.2863
vn -0.6549 -0.6232 -0.4274
vn 0.0118 -0.9999 0.0118
vn -0.9059 -0.1863 -0.3804
vn -0.8274 -0.2081 -0.5216
vn -0.9059 -0.2400 -0.3490
vn -0.5294 -0.7033 -0.4745
vn 0.2235 -0.9571 0.1843
vn -0.7176 -0.1880 -0.6706
vn 0.6549 -0.5882 0.4745
vn -0.8980 -0.2572 -0.3569
vn -0.9059 -0.2399 -0.3490
vn -0.9059 -0.2014 -0.3726
vn -0.9059 -0.1862 -0.3804
vn -0.8274 -0.2080 -0.5216
vn -0.7177 -0.1879 -0.6706
vn 0.7098 -0.0587 -0.7020
vn 0.4039 0.8283 -0.3882
vn 0.7255 0.6710 0.1529
vn 0.9671 -0.0000 0.2545
vn -0.1765 -0.0000 -0.9843
vn -0.1295 0.6313 -0.7647
vn 0.5529 0.7331 0.3961
vn 0.7647 0.0815 0.6392
vn 0.7333 -0.0444 0.6784
vn 0.4823 0.7646 0.4274
vn 0.0980 0.9903 -0.0980
vn 0.0118 0.9986 -0.0510
vn -0.3490 0.6546 -0.6706
vn -0.4510 0.6747 -0.5843
vn -0.4353 0.7224 -0.5372
vn 0.0353 0.9994 -0.0039
vn 0.4039 0.8284 -0.3882
vn -0.1294 0.6312 -0.7647
vn 0.0196 0.9997 -0.0118
vn 0.4980 0.7407 0.4510
vn 0.7333 0.0443 0.6784
vn 0.7333 0.0444 0.6784
vn 0.7176 -0.0565 0.6941
vn 0.4510 0.7835 0.4275
vn 0.4588 0.7609 0.4588
vn 0.7098 0.0587 0.7020
vn 0.0039 0.9996 -0.0274
vn -0.4510 0.7127 -0.5372
vn -0.4745 0.6973 -0.5373
vn -0.4588 0.7305 -0.5059
vn 0.0196 0.9998 0.0039
vn 0.0196 0.9997 0.0118
vn -0.4510 0.7407 -0.4981
vn 0.4510 0.7748 0.4431
vn 0.0274 0.9996 -0.0039
vn 0.4274 0.7880 0.4431
vn 0.0353 0.9994 0.0039
vn 0.3961 0.7954 0.4588
vn 0.0274 0.9983 0.0510
vn -0.4196 0.7316 -0.5372
vn -0.4039 0.7166 -0.5686
vn -0.3647 0.7714 -0.5215
vn -0.0274 0.9931 0.1137
vn -0.3804 0.8320 -0.4039
vn 0.7804 0.2766 0.5608
vn 0.8588 0.0808 0.5059
vn 0.6627 0.3632 0.6549
vn 0.8667 0.1541 0.4745
vn 0.7490 0.2009 0.6314
vn 0.8902 0.1058 0.4432
vn 0.7804 0.0471 0.6235
vn 0.6706 0.2156 0.7098
vn 0.6941 0.0566 0.7176
vn 0.6863 -0.1184 0.7176
vn 0.7726 -0.1200 0.6235
vn 0.6549 0.1004 0.7490
vn 0.6392 -0.1363 0.7569
vn 0.8824 -0.0607 0.4666
vn 0.7176 -0.3399 0.6078
vn 0.8039 -0.2710 0.5294
vn 0.5137 -0.7439 0.4274
vn 0.4745 -0.7738 0.4196
vn 0.8588 -0.1488 0.4902
vn 0.4667 -0.7743 0.4274
vn 0.0039 -1.0000 -0.0039
vn 0.0039 -0.9999 0.0117
vn 0.0274 -0.9996 -0.0039
vn 0.4823 -0.7556 0.4431
vn -0.4667 -0.7413 -0.4823
vn -0.4510 -0.7407 -0.4980
vn -0.4745 -0.7258 -0.4980
vn 0.0196 -0.9997 -0.0118
vn -0.4588 -0.7249 -0.5137
vn -0.4431 -0.7291 -0.5216
vn -0.4353 -0.7338 -0.5216
vn 0.0274 -0.9996 -0.0118
vn 0.5059 -0.7305 0.4588
vn 0.4980 -0.7407 0.4510
vn 0.4745 -0.7559 0.4510
vn 0.0039 -0.9994 -0.0353
vn 0.0745 -0.9950 -0.0667
vn 0.5529 -0.7152 0.4275
vn -0.3726 -0.6575 -0.6549
vn -0.4510 -0.6814 -0.5765
vn 0.7176 -0.6716 0.1843
vn 0.3882 -0.8429 -0.3725
vn -0.1608 -0.6427 -0.7490
vn 0.9608 -0.0607 0.2705
vn 0.7255 0.6631 0.1843
vn 0.3882 0.8394 -0.3804
vn -0.2000 -0.0807 -0.9765
vn -0.1530 0.6354 -0.7568
vn 0.5686 0.7028 0.4275
vn 0.7634 -0.0000 0.6460
vn 0.7255 -0.0520 0.6863
vn 0.0902 0.9925 -0.0823
vn 0.0039 0.9991 -0.0431
vn -0.3647 0.6619 -0.6549
vn -0.4510 0.6814 -0.5765
vn -0.4353 0.7282 -0.5294
vn 0.0353 0.9992 -0.0196
vn 0.3882 0.8394 -0.3803
vn -0.1529 0.6354 -0.7569
vn -0.4431 0.7235 -0.5294
vn 0.0275 0.9994 -0.0196
vn 0.5216 0.7194 0.4588
vn 0.5216 0.7193 0.4588
vn 0.7412 -0.0314 0.6706
vn 0.7412 -0.0313 0.6706
vn 0.4980 0.7454 0.4431
vn 0.0118 0.9997 -0.0196
vn -0.4667 0.7143 -0.5215
vn 0.5059 0.7305 0.4588
vn 0.0039 0.9999 -0.0117
vn -0.4824 0.7260 -0.4902
vn 0.7412 -0.1070 0.6627
vn 0.5451 0.7068 0.4510
vn 0.0274 0.9996 0.0039
vn -0.4823 0.7363 -0.4745
vn 0.4745 -0.7606 0.4431
vn 0.4745 -0.7651 0.4353
vn -0.2941 0.4917 -0.8196
vn 0.2470 0.9482 -0.2000
vn 0.8980 0.3469 0.2705
vn 0.7019 0.3580 -0.6157
vn 0.8510 0.3159 -0.4196
vn 0.5216 0.3621 -0.7725
vn 0.8745 -0.3915 0.2862
vn 0.4039 -0.8689 -0.2863
vn 0.9215 -0.0000 0.3883
vn 0.7255 0.0520 0.6863
vn 0.4902 0.7362 0.4667
vn 0.4823 0.7462 0.4588
vn 0.4666 0.7608 0.4510
vn -0.0039 0.9994 -0.0353
vn 0.0274 0.9994 -0.0196
vn -0.5059 0.6554 -0.5608
vn -0.4667 0.6903 -0.5529
vn 0.5216 0.7091 0.4745
vn 0.7301 -0.0000 0.6833
vn 0.5294 0.6979 0.4823
vn -0.4902 0.6737 -0.5529
vn -0.4588 0.6955 -0.5529
vn 0.0353 0.9993 -0.0118
vn 0.0196 0.9985 -0.0510
vn -0.4588 0.6624 -0.5922
vn -0.3883 0.6321 -0.6706
vn 0.0824 0.9938 -0.0745
vn 0.5765 0.6814 0.4510
vn 0.7562 -0.0000 0.6543
vn 0.9584 -0.0000 0.2855
vn 0.7333 0.6448 0.2156
vn 0.7071 -0.0000 -0.7071
vn 0.3961 0.8357 -0.3804
vn -0.2157 -0.0000 -0.9765
vn -0.1686 0.6220 -0.7647
vn -0.1686 0.6219 -0.7647
vn 0.3960 -0.8393 -0.3725
vn -0.1687 -0.6314 -0.7569
vn 0.7255 -0.6536 0.2156
vn 0.5686 -0.6880 0.4510
vn 0.3961 -0.8392 -0.3725
vn -0.3882 -0.6403 -0.6628
vn -0.1686 -0.6314 -0.7569
vn 0.5137 -0.7250 0.4588
vn 0.0118 -0.9990 -0.0431
vn 0.0353 -0.9993 -0.0118
vn 0.5294 -0.6979 0.4823
vn -0.4431 -0.7234 -0.5294
vn 0.0274 -0.9996 -0.0117
vn -0.4510 -0.7186 -0.5294
vn 0.0039 -0.9996 -0.0275
vn 0.4824 -0.7462 0.4588
vn 0.5294 -0.6979 0.4824
vn 0.0196 -0.9997 -0.0117
vn -0.4588 -0.7193 -0.5216
vn -0.4823 -0.6857 -0.5451
vn 0.5059 -0.7204 0.4745
vn -0.4588 -0.7194 -0.5216
vn -0.1451 -0.4318 -0.8902
vn 0.5294 -0.7085 0.4666
vn 0.2392 -0.4676 -0.8510
vn 0.1608 -0.9576 -0.2392
vn -0.4040 -0.8909 -0.2078
vn -0.3647 -0.4957 -0.7882
vn 0.6706 -0.7416 -0.0196
vn 0.7725 -0.2485 -0.5843
vn -0.0118 -0.7624 0.6471
vn -0.5686 -0.7485 0.3412
vn -0.3647 -0.4956 -0.7883
vn -0.9137 -0.3622 -0.1843
vn 0.6157 -0.5199 0.5921
vn -0.3804 -0.0777 -0.9216
vn -0.6706 0.3764 -0.6392
vn 0.0039 0.7624 -0.6471
vn 0.1686 0.1345 -0.9765
vn 0.6549 0.6743 -0.3412
vn 0.6471 0.2087 -0.7333
vn -0.5608 -0.7579 0.3333
vn 0.0118 -0.8057 0.5922
vn -0.0431 0.8104 -0.5843
vn 0.6078 0.7311 -0.3098
vn -0.7020 0.4183 -0.5764
vn 0.5450 0.7587 -0.3569
vn -0.1294 0.7773 -0.6157
vn 0.6471 -0.4990 0.5765
vn 0.9843 0.1004 0.1451
vn 0.6705 -0.7416 -0.0196
vn 0.9608 0.2202 0.1686
vn 0.6628 -0.5856 0.4667
vn 0.9686 0.2284 0.0980
vn 0.5451 0.7586 -0.3568
vn 0.6392 -0.6393 0.4274
vn 0.0510 -0.8911 0.4510
vn 0.0510 -0.8871 0.4588
vn -0.4981 -0.8288 0.2549
vn -0.4980 -0.8312 0.2470
vn -0.8902 -0.4368 -0.1294
vn -0.9059 -0.4033 -0.1294
vn 0.9921 0.1245 0.0118
vn 0.5843 -0.7169 0.3804
vn 0.9137 -0.3444 -0.2157
vn 0.5216 0.7384 -0.4274
vn -0.9373 -0.3170 -0.1451
vn 0.4353 0.4623 -0.7725
vn 0.6470 -0.7313 -0.2157
vn 0.0274 -0.2139 -0.9765
vn -0.7412 0.3568 -0.5686
vn -0.7804 0.2423 -0.5765
vn -0.2157 0.7023 -0.6784
vn -0.7569 0.0921 -0.6471
vn -0.8667 -0.4892 -0.0980
vn -0.2157 0.4344 -0.8745
vn 0.5215 0.7384 -0.4275
vn 0.4353 0.4623 -0.7726
vn -0.4745 -0.8179 0.3254
vn 0.0902 -0.8579 0.5059
vn 0.5373 -0.7271 0.4274
vn 0.3098 -0.9479 -0.0746
vn 0.5294 -0.6629 0.5294
vn 0.0666 -0.9978 -0.0040
vn 0.6078 -0.4253 0.6706
vn 0.5059 -0.5013 0.7020
vn 0.5921 -0.1675 0.7882
vn 0.6156 -0.0000 0.7881
vn 0.3490 -0.5734 0.7412
vn 0.1530 -0.5855 0.7961
vn 0.5137 -0.1959 0.8353
vn 0.3490 -0.6853 0.6392
vn 0.1687 -0.7820 0.6000
vn -0.1137 -0.7735 0.6235
vn 0.5764 0.1843 0.7961
vn 0.6314 0.2009 0.7490
vn 0.5373 0.4431 0.7176
vn 0.5922 0.4093 0.6941
vn 0.3412 0.7923 0.5059
vn -0.1216 0.9706 0.2078
vn -0.4666 0.8537 -0.2313
vn 0.2628 0.7907 0.5529
vn -0.2470 0.9040 0.3490
vn -0.6078 0.7889 -0.0902
vn 0.0824 0.7711 0.6314
vn 0.4274 0.4823 0.7647
vn 0.5059 0.2154 0.8353
vn 0.5686 0.0701 0.8196
vn 0.2549 0.4872 0.8353
vn 0.5137 -0.2537 0.8196
vn 0.1138 -0.6343 0.7647
vn -0.3647 -0.7312 0.5765
vn -0.3255 -0.7613 0.5608
vn -0.8274 -0.5576 0.0667
vn -0.8510 -0.5199 0.0745
vn -0.4275 -0.7743 0.4666
vn -0.8745 -0.4849 -0.0118
vn -0.8274 -0.5566 0.0745
vn -0.9137 -0.2207 -0.3412
vn -0.9529 -0.1200 -0.2784
vn -0.8666 0.1274 -0.4824
vn -0.8667 0.1274 -0.4824
vn -0.8588 0.4194 -0.2941
vn -0.8980 0.3692 -0.2392
vn -0.6706 0.6967 0.2549
vn -0.7569 0.6501 0.0666
vn -0.8039 0.3784 -0.4588
vn -0.6079 0.7889 -0.0902
vn -0.6549 0.3904 -0.6470
vn -0.4667 0.8536 -0.2314
vn -0.5529 0.3485 -0.7569
vn -0.5372 -0.0222 -0.8431
vn -0.4581 -0.0000 -0.8889
vn -0.4902 0.2490 -0.8353
vn -0.3647 0.7713 -0.5216
vn -0.3804 0.8319 -0.4039
vn -0.4824 0.1274 -0.8667
vn -0.5282 -0.0000 -0.8491
vn -0.4510 0.7407 -0.4980
vn -0.6784 0.0444 -0.7333
vn -0.4588 0.7304 -0.5059
vn -0.6784 0.0443 -0.7333
vn -0.4745 0.6973 -0.5372
vn -0.6706 0.0314 -0.7412
vn -0.4510 0.7127 -0.5373
vn -0.6459 -0.0000 -0.7634
vn -0.6375 -0.0000 -0.7705
vn -0.4353 0.7224 -0.5373
vn -0.6235 0.0471 -0.7804
vn -0.5041 -0.0000 -0.8636
vn -0.4431 -0.7606 -0.4745
vn -0.4510 -0.7510 -0.4824
vn -0.4510 -0.7353 -0.5059
vn -0.4196 -0.7483 -0.5137
vn -0.4118 -0.7580 -0.5059
vn -0.4353 -0.7043 -0.5608
vn -0.3569 -0.6583 -0.6628
vn -0.1294 -0.6406 -0.7569
vn -0.2942 -0.4501 -0.8431
vn -0.3804 -0.0776 -0.9216
vn -0.3558 -0.0000 -0.9345
vn -0.4425 -0.0000 -0.8968
vn -0.2314 0.0908 -0.9686
vn -0.4588 -0.7194 -0.5215
vn -0.4902 0.6738 -0.5530
vn -0.6549 0.1004 -0.7490
vn -0.6470 0.0921 -0.7569
vn -0.6235 0.0470 -0.7804
vn -0.5283 -0.0000 -0.8491
vn -0.5451 -0.0719 -0.8353
vn -0.4667 -0.6965 -0.5451
vn -0.5137 -0.1093 -0.8510
vn -0.4667 -0.7413 -0.4824
vn -0.7098 -0.0587 -0.7020
vn -0.4745 -0.7258 -0.4981
vn -0.7020 -0.0587 -0.7098
vn -0.4823 0.7260 -0.4902
vn -0.4667 0.7143 -0.5216
vn -0.6471 -0.0921 -0.7569
vn -0.4431 0.7234 -0.5294
vn -0.5216 -0.0617 -0.8510
vn -0.2001 -0.0807 -0.9765
vn -0.4588 -0.7250 -0.5137
vn -0.4431 -0.1584 -0.8823
vn -0.4353 -0.6417 -0.6314
vn -0.4117 0.0992 -0.9059
vn -0.3961 0.2541 -0.8823
vn -0.4745 0.2530 -0.8431
vn -0.5137 0.3565 -0.7804
vn -0.5294 0.3833 -0.7569
vn -0.6627 0.3486 -0.6627
vn -0.6460 -0.0000 -0.7634
vn -0.8431 0.1588 -0.5137
vn -0.8745 0.2139 -0.4353
vn -0.8823 0.1046 -0.4588
vn -0.7562 -0.0000 -0.6543
vn -0.5451 -0.3257 -0.7725
vn -0.6235 -0.0471 -0.7804
vn -0.4823 -0.2638 -0.8353
vn -0.7961 -0.0792 -0.6000
vn -0.4039 0.0444 -0.9137
vn -0.5059 0.2438 -0.8275
vn -0.2706 0.0607 -0.9608
vn -0.2314 -0.4715 -0.8510
vn 0.0117 -0.9999 0.0039
vn 0.4588 -0.7746 0.4353
vn 0.4745 -0.7464 0.4666
vn -0.4196 -0.7484 -0.5137
vn 0.0275 -0.9996 -0.0039
vn 0.5059 -0.7255 0.4667
vn 0.4823 -0.7646 0.4274
vn 0.0745 -0.9944 -0.0745
vn 0.5608 -0.7138 0.4196
vn 0.7255 -0.6692 0.1607
vn 0.4039 -0.8283 -0.3882
vn -0.1294 -0.6407 -0.7568
vn 0.4980 -0.7153 0.4902
vn 0.0117 -0.9999 0.0118
vn 0.3176 -0.9064 -0.2784
vn 0.8745 -0.3857 0.2941
vn -0.2940 -0.4501 -0.8432
vn 0.8667 0.3228 -0.3804
vn 0.8039 0.5213 0.2863
vn 0.7176 0.2938 -0.6314
vn 0.3177 -0.9064 -0.2784
vn 0.4736 -0.0000 -0.8807
vn 0.2862 0.9258 -0.2470
vn -0.1216 0.4546 -0.8824
vn -0.2941 -0.4501 -0.8431
vn -0.4902 0.6738 -0.5529
vn -0.1215 0.4546 -0.8824
vn -0.4353 -0.6418 -0.6314
vn -0.2313 -0.4715 -0.8510
vn 0.6470 0.2087 -0.7333
vn 0.1686 0.1344 -0.9765
vn 0.6471 0.2086 -0.7333
vn -0.3803 -0.0777 -0.9216
vn 0.5215 0.3622 -0.7726
vn -0.4425 -0.0000 -0.8967
vn -0.1451 -0.4319 -0.8902
vn 0.2470 0.9481 -0.2000
vn 0.5215 0.3622 -0.7725
vn 0.7020 0.3581 -0.6157
vn -0.1450 -0.4320 -0.8901
vn 0.4039 -0.8689 -0.2862
vn 0.8509 0.3159 -0.4196
vn 0.7020 0.3581 -0.6156
vn -0.1373 -0.8111 -0.5686
vn 0.1218 -0.6772 -0.7257
vn 0.4823 -0.7413 -0.4667
vn 0.3020 -0.9383 -0.1686
vn 0.7961 -0.5332 -0.2863
vn 0.6470 -0.7436 0.1686
vn 0.9451 -0.2227 -0.2392
vn 0.8902 -0.3340 0.3098
vn -0.5608 -0.7994 -0.2157
vn -0.1608 -0.9576 0.2392
vn 0.1294 -0.7514 0.6471
vn 0.3647 -0.3598 0.8588
vn 0.9529 0.1367 0.2706
vn 0.4588 0.1047 0.8823
vn 0.8275 0.5004 0.2549
vn 0.3490 0.4944 0.7961
vn 0.4510 0.8906 0.0588
vn -0.0039 0.8844 0.4667
vn 0.1059 0.9311 -0.3490
vn -0.3882 0.9179 0.0824
vn -0.0745 0.3995 0.9137
vn -0.3098 0.6413 0.7020
vn -0.7961 -0.5413 0.2706
vn -0.4667 -0.6349 0.6157
vn -0.0118 0.1245 0.9922
vn -0.2549 -0.4592 0.8510
vn -0.0902 -0.2316 0.9686
vn -0.6235 0.6546 0.4275
vn 0.9059 0.3122 -0.2863
vn 0.6941 0.5905 -0.4118
vn 0.4353 0.5919 -0.6784
vn -0.9843 -0.1664 0.0588
vn -0.8196 -0.3725 -0.4353
vn -0.3176 -0.4019 -0.8588
vn -0.8588 0.0807 -0.5059
vn -0.2549 0.1092 -0.9608
vn -0.1607 0.5380 -0.8275
vn -0.7333 0.5835 -0.3490
vn -0.3883 0.9179 0.0823
vn -0.9921 0.1250 0.0039
vn -0.9137 0.3852 0.1294
vn -0.6236 0.6546 0.4274
vn 0.2628 0.3529 -0.8980
vn 0.4353 0.5918 -0.6785
vn 0.0745 -0.3406 -0.9373
vn 0.1841 -0.0000 -0.9829
vn -0.7412 -0.0314 0.6706
vn -0.7333 -0.0444 0.6784
vn -0.7098 -0.0587 0.7020
vn -0.7412 -0.1070 0.6627
vn -0.6235 -0.0471 0.7804
vn -0.6235 -0.0470 0.7804
vn -0.7176 -0.0566 0.6941
vn -0.7176 -0.0565 0.6941
vn -0.6863 -0.0520 0.7255
vn -0.7020 -0.0587 0.7098
vn -0.7019 -0.0587 0.7098
vn -0.6706 -0.1120 0.7333
vn -0.7725 0.0675 0.6314
vn -0.7726 0.0675 0.6313
vn -0.7961 -0.0792 0.6000
vn -0.3961 0.7861 0.4745
vn -0.7568 0.6502 0.0667
vn -0.2078 0.7266 0.6549
vn -0.1373 0.7217 0.6784
vn 0.3412 0.4603 0.8196
vn 0.5843 0.1109 0.8039
vn 0.9608 0.1092 -0.2549
vn -0.9671 -0.0000 0.2545
vn -0.7255 0.6710 0.1529
vn -0.4039 0.8284 -0.3882
vn 0.1765 -0.0000 -0.9843
vn 0.1294 0.6313 -0.7647
vn -0.5529 0.7331 0.3961
vn -0.7647 0.0815 0.6392
vn -0.7333 -0.0443 0.6784
vn -0.4823 0.7646 0.4275
vn -0.0980 0.9903 -0.0980
vn -0.0118 0.9986 -0.0510
vn 0.3490 0.6546 -0.6706
vn 0.4510 0.6747 -0.5843
vn 0.4353 0.7224 -0.5372
vn -0.0353 0.9994 -0.0039
vn -0.4039 0.8283 -0.3882
vn -0.4980 0.7407 0.4510
vn -0.7337 0.0443 0.6780
vn -0.7333 0.0444 0.6784
vn -0.4510 0.7835 0.4275
vn -0.4588 0.7609 0.4588
vn -0.7098 0.0587 0.7020
vn -0.0039 0.9996 -0.0275
vn 0.4510 0.7127 -0.5373
vn 0.4745 0.6973 -0.5373
vn 0.4588 0.7305 -0.5059
vn -0.0196 0.9998 0.0039
vn -0.0196 0.9997 0.0118
vn 0.4510 0.7407 -0.4980
vn -0.4510 0.7748 0.4431
vn -0.0274 0.9996 -0.0039
vn -0.4274 0.7880 0.4431
vn -0.0353 0.9994 0.0039
vn -0.3961 0.7954 0.4588
vn -0.0274 0.9983 0.0510
vn 0.4196 0.7316 -0.5372
vn 0.4039 0.7166 -0.5686
vn 0.3647 0.7714 -0.5215
vn 0.0275 0.9931 0.1137
vn 0.3804 0.8320 -0.4039
vn -0.7804 0.2766 0.5608
vn -0.8588 0.0808 0.5059
vn -0.6627 0.3632 0.6549
vn -0.8667 0.1541 0.4745
vn -0.7490 0.2009 0.6314
vn -0.8902 0.1058 0.4432
vn -0.7804 0.0471 0.6235
vn -0.6706 0.2156 0.7098
vn -0.6941 0.0566 0.7176
vn -0.6863 -0.1184 0.7176
vn -0.7725 -0.1200 0.6235
vn -0.6549 0.1004 0.7490
vn -0.6392 -0.1363 0.7569
vn -0.8824 -0.0608 0.4666
vn -0.7176 -0.3399 0.6078
vn -0.8039 -0.2710 0.5294
vn -0.5137 -0.7439 0.4274
vn -0.4745 -0.7738 0.4196
vn -0.8588 -0.1488 0.4902
vn -0.4667 -0.7743 0.4274
vn -0.0039 -1.0000 -0.0039
vn -0.0039 -0.9999 0.0117
vn -0.0274 -0.9996 -0.0039
vn -0.4823 -0.7556 0.4431
vn 0.4666 -0.7413 -0.4823
vn 0.4510 -0.7407 -0.4980
vn 0.4745 -0.7258 -0.4980
vn -0.0196 -0.9997 -0.0118
vn 0.4588 -0.7250 -0.5137
vn 0.4431 -0.7291 -0.5216
vn 0.4353 -0.7338 -0.5216
vn -0.0274 -0.9996 -0.0118
vn -0.5059 -0.7305 0.4588
vn -0.4980 -0.7407 0.4510
vn -0.4745 -0.7559 0.4510
vn -0.0039 -0.9994 -0.0353
vn -0.0745 -0.9950 -0.0667
vn -0.5529 -0.7152 0.4274
vn 0.3726 -0.6575 -0.6549
vn 0.4510 -0.6814 -0.5765
vn -0.7176 -0.6716 0.1843
vn -0.3882 -0.8429 -0.3725
vn 0.1608 -0.6427 -0.7490
vn -0.9608 -0.0607 0.2706
vn -0.7096 -0.0589 -0.7021
vn -0.7255 0.6631 0.1843
vn -0.3882 0.8394 -0.3804
vn 0.2000 -0.0808 -0.9765
vn 0.1530 0.6355 -0.7568
vn -0.5686 0.7028 0.4274
vn -0.7634 -0.0000 0.6459
vn -0.7255 -0.0520 0.6863
vn -0.0902 0.9925 -0.0823
vn -0.0039 0.9991 -0.0431
vn 0.3647 0.6619 -0.6549
vn 0.4510 0.6814 -0.5765
vn 0.4353 0.7282 -0.5294
vn -0.0353 0.9992 -0.0196
vn 0.1529 0.6354 -0.7569
vn 0.4431 0.7235 -0.5294
vn -0.0275 0.9994 -0.0196
vn -0.5216 0.7194 0.4588
vn -0.5216 0.7193 0.4588
vn -0.7412 -0.0313 0.6706
vn -0.4980 0.7454 0.4431
vn -0.0118 0.9997 -0.0196
vn 0.4667 0.7143 -0.5216
vn -0.5059 0.7305 0.4588
vn -0.0039 0.9999 -0.0118
vn 0.4823 0.7260 -0.4902
vn -0.5451 0.7067 0.4510
vn -0.0274 0.9996 0.0039
vn 0.4824 0.7363 -0.4745
vn -0.4745 -0.7606 0.4431
vn -0.4745 -0.7651 0.4353
vn -0.8980 0.3469 0.2705
vn -0.2470 0.9482 -0.1999
vn -0.7019 0.3580 -0.6157
vn -0.8510 0.3158 -0.4196
vn 0.2941 0.4916 -0.8196
vn -0.5216 0.3621 -0.7725
vn -0.8745 -0.3915 0.2862
vn -0.4039 -0.8689 -0.2863
vn -0.9216 0.0004 0.3883
vn -0.7255 0.0520 0.6863
vn -0.4902 0.7362 0.4666
vn -0.4823 0.7462 0.4588
vn -0.4666 0.7608 0.4510
vn 0.0039 0.9994 -0.0353
vn -0.0274 0.9994 -0.0196
vn 0.5059 0.6554 -0.5608
vn 0.4667 0.6903 -0.5529
vn -0.5216 0.7091 0.4745
vn -0.7301 -0.0000 0.6833
vn -0.5294 0.6979 0.4823
vn -0.7333 0.0443 0.6784
vn 0.4902 0.6738 -0.5529
vn 0.4588 0.6955 -0.5529
vn -0.0353 0.9993 -0.0118
vn -0.0196 0.9985 -0.0510
vn 0.4588 0.6624 -0.5922
vn 0.3883 0.6321 -0.6706
vn -0.0824 0.9938 -0.0745
vn -0.5765 0.6814 0.4510
vn -0.7562 -0.0000 0.6544
vn -0.9584 -0.0007 0.2855
vn -0.7333 0.6448 0.2156
vn -0.7071 -0.0000 -0.7071
vn -0.3960 0.8357 -0.3804
vn 0.2157 -0.0000 -0.9765
vn 0.1687 0.6219 -0.7647
vn -0.3961 0.8357 -0.3804
vn 0.1686 0.6219 -0.7647
vn -0.3961 -0.8393 -0.3725
vn 0.1687 -0.6315 -0.7568
vn -0.7255 -0.6536 0.2157
vn -0.5686 -0.6880 0.4510
vn 0.3883 -0.6403 -0.6627
vn 0.1686 -0.6314 -0.7569
vn -0.5137 -0.7250 0.4588
vn -0.0118 -0.9990 -0.0431
vn -0.0353 -0.9993 -0.0117
vn -0.5294 -0.6979 0.4823
vn 0.4431 -0.7234 -0.5294
vn -0.0274 -0.9996 -0.0117
vn 0.4510 -0.7186 -0.5294
vn -0.0039 -0.9996 -0.0274
vn -0.4824 -0.7462 0.4588
vn -0.5294 -0.6979 0.4824
vn -0.0196 -0.9997 -0.0117
vn 0.4588 -0.7193 -0.5216
vn 0.4823 -0.6857 -0.5451
vn -0.5059 -0.7204 0.4745
vn -0.0353 -0.9993 -0.0118
vn 0.1451 -0.4318 -0.8902
vn -0.4039 -0.8688 -0.2863
vn -0.5294 -0.7085 0.4667
vn -0.2392 -0.4675 -0.8510
vn 0.3647 -0.4957 -0.7882
vn 0.4040 -0.8909 -0.2078
vn -0.1608 -0.9576 -0.2392
vn -0.6706 -0.7415 -0.0196
vn -0.7725 -0.2485 -0.5844
vn 0.0118 -0.7623 0.6471
vn 0.5686 -0.7485 0.3412
vn 0.3647 -0.4956 -0.7882
vn 0.9137 -0.3621 -0.1843
vn -0.6157 -0.5199 0.5922
vn -0.6706 -0.7416 -0.0196
vn 0.3804 -0.0776 -0.9216
vn 0.6706 0.3765 -0.6392
vn -0.0039 0.7624 -0.6471
vn -0.1686 0.1345 -0.9765
vn -0.6549 0.6743 -0.3412
vn -0.6470 0.2087 -0.7333
vn 0.5608 -0.7579 0.3333
vn -0.0118 -0.8057 0.5922
vn 0.0431 0.8104 -0.5843
vn -0.6078 0.7312 -0.3098
vn 0.7020 0.4182 -0.5764
vn -0.5451 0.7587 -0.3569
vn 0.1294 0.7773 -0.6157
vn -0.6471 -0.4990 0.5765
vn -0.9843 0.1004 0.1451
vn -0.9608 0.2202 0.1686
vn -0.6628 -0.5856 0.4666
vn -0.9686 0.2284 0.0980
vn -0.6078 0.7311 -0.3098
vn -0.5451 0.7586 -0.3569
vn -0.6392 -0.6393 0.4274
vn -0.0510 -0.8911 0.4510
vn -0.0510 -0.8871 0.4588
vn 0.4981 -0.8288 0.2549
vn 0.4981 -0.8312 0.2470
vn 0.8902 -0.4368 -0.1294
vn 0.9059 -0.4033 -0.1294
vn -0.9921 0.1245 0.0118
vn -0.5843 -0.7168 0.3804
vn -0.9137 -0.3444 -0.2157
vn -0.5216 0.7384 -0.4275
vn 0.9373 -0.3170 -0.1451
vn -0.4353 0.4623 -0.7725
vn -0.6470 -0.7313 -0.2157
vn -0.0274 -0.2139 -0.9765
vn 0.7412 0.3568 -0.5686
vn 0.7804 0.2422 -0.5765
vn 0.2157 0.7023 -0.6784
vn 0.7569 0.0921 -0.6470
vn 0.8667 -0.4892 -0.0980
vn 0.2156 0.4345 -0.8745
vn -0.5215 0.7384 -0.4275
vn -0.4360 0.4610 -0.7730
vn 0.4745 -0.8179 0.3255
vn -0.0902 -0.8579 0.5059
vn -0.5373 -0.7271 0.4274
vn -0.3098 -0.9479 -0.0746
vn -0.5294 -0.6629 0.5294
vn -0.0666 -0.9978 -0.0040
vn -0.6078 -0.4253 0.6706
vn -0.5059 -0.5013 0.7020
vn -0.5921 -0.1675 0.7882
vn -0.6156 -0.0000 0.7881
vn -0.3490 -0.5734 0.7412
vn -0.1530 -0.5855 0.7961
vn -0.5137 -0.1959 0.8353
vn -0.3490 -0.6853 0.6392
vn -0.1686 -0.7820 0.6000
vn 0.1137 -0.7735 0.6235
vn -0.5764 0.1843 0.7961
vn -0.6314 0.2009 0.7490
vn -0.5373 0.4431 0.7176
vn -0.5922 0.4093 0.6941
vn -0.3412 0.7923 0.5059
vn 0.1216 0.9706 0.2078
vn 0.4666 0.8537 -0.2313
vn -0.2628 0.7907 0.5529
vn 0.2470 0.9040 0.3490
vn 0.6078 0.7889 -0.0902
vn -0.0824 0.7711 0.6314
vn -0.4274 0.4822 0.7647
vn -0.5059 0.2154 0.8353
vn -0.5686 0.0702 0.8196
vn -0.2549 0.4871 0.8353
vn -0.5137 -0.2537 0.8196
vn -0.1138 -0.6343 0.7647
vn 0.3647 -0.7312 0.5765
vn 0.3255 -0.7613 0.5608
vn 0.8274 -0.5576 0.0667
vn 0.8510 -0.5199 0.0745
vn 0.4275 -0.7743 0.4666
vn 0.8745 -0.4849 -0.0118
vn 0.8274 -0.5566 0.0745
vn 0.9137 -0.2207 -0.3412
vn 0.9529 -0.1200 -0.2784
vn 0.8666 0.1274 -0.4824
vn 0.8667 0.1274 -0.4824
vn 0.8588 0.4194 -0.2941
vn 0.8980 0.3692 -0.2392
vn 0.6706 0.6967 0.2549
vn 0.7569 0.6501 0.0666
vn 0.8039 0.3784 -0.4588
vn 0.6079 0.7889 -0.0902
vn 0.6549 0.3904 -0.6470
vn 0.4667 0.8536 -0.2314
vn 0.5529 0.3485 -0.7569
vn 0.5372 -0.0222 -0.8431
vn 0.4581 -0.0000 -0.8889
vn 0.4902 0.2490 -0.8353
vn 0.3647 0.7713 -0.5216
vn 0.3804 0.8319 -0.4039
vn 0.4824 0.1274 -0.8667
vn 0.4196 0.7316 -0.5373
vn 0.5283 -0.0000 -0.8491
vn 0.6784 0.0443 -0.7333
vn 0.6784 0.0444 -0.7333
vn 0.4745 0.6973 -0.5372
vn 0.6706 0.0314 -0.7412
vn 0.6459 -0.0000 -0.7634
vn 0.6375 -0.0000 -0.7705
vn 0.4353 0.7224 -0.5373
vn 0.6235 0.0471 -0.7804
vn 0.5041 -0.0000 -0.8636
vn 0.1294 0.6312 -0.7647
vn 0.4431 -0.7606 -0.4745
vn 0.4509 -0.7510 -0.4824
vn 0.4510 -0.7353 -0.5059
vn 0.4196 -0.7483 -0.5137
vn 0.4118 -0.7580 -0.5059
vn 0.4353 -0.7043 -0.5608
vn 0.3569 -0.6583 -0.6628
vn 0.1294 -0.6406 -0.7569
vn 0.2941 -0.4501 -0.8431
vn 0.4582 -0.0000 -0.8889
vn 0.3558 -0.0000 -0.9345
vn 0.4425 -0.0000 -0.8968
vn 0.2314 0.0908 -0.9686
vn 0.6706 0.0313 -0.7412
vn 0.6549 0.1004 -0.7490
vn 0.6471 0.0921 -0.7569
vn 0.6235 0.0470 -0.7804
vn 0.4824 -0.6857 -0.5451
vn 0.3883 -0.6403 -0.6628
vn -0.6705 -0.7416 -0.0196
vn 0.5451 -0.0719 -0.8353
vn 0.5137 -0.1093 -0.8510
vn 0.4667 -0.6965 -0.5451
vn 0.4667 -0.7413 -0.4823
vn 0.7020 -0.0587 -0.7098
vn 0.6471 -0.0921 -0.7569
vn 0.4431 0.7234 -0.5294
vn 0.5216 -0.0617 -0.8510
vn 0.2001 -0.0808 -0.9764
vn 0.4823 0.7363 -0.4745
vn 0.2941 0.4917 -0.8196
vn 0.4431 -0.1584 -0.8823
vn 0.4353 -0.6417 -0.6314
vn 0.4118 0.0992 -0.9059
vn 0.3961 0.2541 -0.8823
vn 0.4745 0.2530 -0.8431
vn 0.5137 0.3565 -0.7804
vn 0.5294 0.3833 -0.7569
vn 0.6628 0.3486 -0.6627
vn 0.6460 -0.0000 -0.7634
vn 0.8431 0.1588 -0.5137
vn 0.8745 0.2139 -0.4353
vn 0.8823 0.1046 -0.4588
vn 0.7562 -0.0000 -0.6543
vn 0.5451 -0.3257 -0.7725
vn 0.6235 -0.0471 -0.7804
vn 0.4823 -0.2638 -0.8353
vn 0.7961 -0.0792 -0.6000
vn 0.4039 0.0444 -0.9137
vn 0.5059 0.2438 -0.8274
vn 0.2706 0.0607 -0.9608
vn 0.2314 -0.4715 -0.8510
vn -0.0117 -0.9999 0.0039
vn -0.4745 -0.7464 0.4667
vn -0.4588 -0.7746 0.4353
vn 0.4196 -0.7484 -0.5137
vn -0.5059 -0.7255 0.4667
vn -0.4823 -0.7646 0.4274
vn -0.0745 -0.9944 -0.0745
vn -0.5608 -0.7138 0.4196
vn 0.3569 -0.6584 -0.6627
vn -0.7255 -0.6692 0.1608
vn -0.4039 -0.8283 -0.3882
vn 0.1295 -0.6406 -0.7569
vn -0.4980 -0.7153 0.4902
vn -0.0117 -0.9999 0.0118
vn -0.3176 -0.9064 -0.2784
vn -0.8745 -0.3857 0.2941
vn 0.2942 -0.4501 -0.8431
vn 0.4510 -0.7510 -0.4824
vn -0.8667 0.3228 -0.3804
vn -0.8039 0.5213 0.2862
vn -0.7177 0.2938 -0.6314
vn -0.3177 -0.9064 -0.2784
vn -0.4737 -0.0000 -0.8807
vn -0.2863 0.9258 -0.2470
vn 0.1216 0.4546 -0.8824
vn -0.4736 -0.0000 -0.8807
vn 0.2941 -0.4501 -0.8432
vn 0.4902 0.6737 -0.5530
vn 0.4353 -0.6418 -0.6314
vn -0.1686 0.1344 -0.9765
vn 0.3803 -0.0777 -0.9216
vn 0.1608 -0.6428 -0.7490
vn -0.5216 0.3622 -0.7725
vn 0.4424 -0.0000 -0.8968
vn -0.2470 0.9481 -0.2000
vn 0.4426 -0.0000 -0.8967
vn 0.1451 -0.4319 -0.8902
vn -0.7020 0.3581 -0.6156
vn 0.1451 -0.4320 -0.8901
vn -0.7020 0.3581 -0.6157
vn -0.8509 0.3159 -0.4196
vn -0.4039 -0.8689 -0.2862
vn 0.1373 -0.8111 -0.5686
vn -0.3020 -0.9383 -0.1686
vn -0.4823 -0.7413 -0.4667
vn -0.1216 -0.6774 -0.7255
vn -0.7961 -0.5332 -0.2863
vn -0.6470 -0.7436 0.1686
vn -0.9451 -0.2227 -0.2392
vn -0.8902 -0.3340 0.3098
vn 0.5608 -0.7994 -0.2157
vn 0.1608 -0.9576 0.2392
vn -0.1294 -0.7514 0.6470
vn -0.3647 -0.3597 0.8588
vn -0.9529 0.1367 0.2706
vn -0.4588 0.1046 0.8823
vn -0.8274 0.5004 0.2549
vn -0.3490 0.4944 0.7961
vn -0.4510 0.8906 0.0588
vn 0.0039 0.8844 0.4667
vn -0.1059 0.9311 -0.3490
vn 0.3882 0.9179 0.0824
vn 0.0745 0.3995 0.9137
vn 0.3098 0.6413 0.7020
vn 0.7961 -0.5413 0.2706
vn 0.4667 -0.6350 0.6157
vn 0.0118 0.1245 0.9922
vn 0.2549 -0.4592 0.8510
vn 0.0902 -0.2316 0.9686
vn 0.6235 0.6546 0.4275
vn -0.9059 0.3122 -0.2863
vn -0.6941 0.5905 -0.4118
vn -0.4353 0.5919 -0.6784
vn 0.9843 -0.1664 0.0588
vn 0.8196 -0.3725 -0.4353
vn 0.3176 -0.4019 -0.8588
vn 0.8588 0.0807 -0.5059
vn 0.2549 0.1092 -0.9608
vn 0.1608 0.5380 -0.8274
vn 0.7333 0.5835 -0.3490
vn 0.3883 0.9179 0.0823
vn -0.1058 0.9311 -0.3490
vn 0.9921 0.1250 0.0039
vn 0.9137 0.3852 0.1294
vn 0.6236 0.6546 0.4274
vn -0.2627 0.3528 -0.8980
vn -0.4352 0.5918 -0.6784
vn -0.0745 -0.3406 -0.9372
vn -0.1841 -0.0000 -0.9829
vn 0.7098 -0.0587 0.7020
vn 0.7412 -0.1069 0.6628
vn 0.6235 -0.0471 0.7804
vn 0.7176 -0.0566 0.6941
vn 0.6863 -0.0520 0.7255
vn 0.7020 -0.0587 0.7098
vn 0.7019 -0.0587 0.7098
vn 0.6706 -0.1120 0.7333
vn 0.7725 0.0675 0.6314
vn 0.7726 0.0675 0.6313
vn 0.7961 -0.0792 0.6000
vn 0.3961 0.7861 0.4745
vn 0.7568 0.6502 0.0667
vn 0.2078 0.7266 0.6549
vn 0.1372 0.7217 0.6784
vn -0.3412 0.4603 0.8196
vn -0.5843 0.1109 0.8039
vn -0.9608 0.1092 -0.2549
vn 0.6471 -0.6931 0.3176
vn 0.6706 -0.7417 0.0118
vn 0.9373 -0.3406 0.0745
vn 0.9059 -0.2970 0.3020
vn 0.8667 -0.2699 0.4196
vn 0.9372 0.1991 0.2863
vn 0.9059 0.1863 0.3804
vn 0.6784 0.6890 0.2549
vn 0.9765 0.1664 0.1373
vn 0.7177 0.6827 0.1373
vn 0.3882 0.9113 0.1372
vn 0.3176 0.9088 0.2706
vn 0.0039 0.9905 0.1372
vn 0.9843 0.1517 -0.0902
vn 0.7725 0.6322 -0.0588
vn 0.7804 0.6250 -0.0196
vn 0.6470 0.7034 0.2941
vn 0.2863 0.9214 0.2627
vn -0.0039 0.9533 0.3020
vn 0.9137 -0.3765 -0.1529
vn 0.9294 -0.3241 -0.1765
vn 0.7705 -0.0000 0.6375
vn 0.7255 -0.5266 0.4432
vn 0.6706 -0.0314 0.7412
vn 0.4745 0.5608 0.6784
vn -0.0196 -0.2766 -0.9608
vn -0.1529 0.0881 -0.9843
vn 0.6235 -0.5281 0.5765
vn -0.2079 0.5090 -0.8353
vn 0.3804 -0.8890 0.2549
vn -0.0353 0.7933 -0.6078
vn 0.1921 -0.6052 -0.7725
vn 0.1216 0.9067 0.4039
vn 0.0196 -0.9964 -0.0824
vn 0.2313 0.9168 -0.3255
vn -0.4275 -0.8272 -0.3647
vn 0.6236 0.7774 -0.0824
vn -0.7569 -0.4410 -0.4824
vn 0.8823 0.4585 0.1059
vn -0.8807 -0.0000 -0.4736
vn 0.9921 -0.0867 0.0902
vn 0.5215 -0.7091 -0.4745
vn -0.3176 0.9446 0.0823
vn 0.8823 -0.4586 -0.1059
vn -0.7569 0.5836 -0.2941
vn 0.9922 -0.0866 0.0902
vn -0.7882 -0.4350 -0.4353
vn -0.8824 0.1046 -0.4588
vn -0.7255 0.6021 -0.3333
vn -0.8823 0.1047 -0.4588
vn -0.2863 0.9572 0.0432
vn 0.1216 0.9200 0.3725
vn 0.5059 0.6042 0.6157
vn 0.4588 0.8822 -0.1059
vn 0.4353 0.8965 -0.0824
vn 0.0040 0.9952 -0.0981
vn -0.6706 0.1120 -0.7333
vn -0.4823 0.6072 -0.6314
vn 0.2470 0.8808 -0.4039
vn 0.0823 0.9335 -0.3490
vn -0.0980 0.5529 -0.8275
vn 0.0039 0.8964 -0.4432
vn -0.0039 0.5615 -0.8274
vn -0.0040 0.3268 -0.9451
vn -0.0275 0.1744 -0.9843
vn -0.0118 -0.3485 -0.9373
vn -0.0275 -0.1743 -0.9843
vn -0.5529 -0.3309 -0.7647
vn -0.2235 -0.6142 -0.7568
vn 0.2627 -0.7961 -0.5451
vn 0.0039 -0.6625 -0.7490
vn 0.0039 -0.9966 -0.0824
vn -0.4980 -0.8005 -0.3333
vn 0.3961 -0.8979 0.1921
vn 0.6157 -0.7140 -0.3333
vn 0.6549 -0.6961 -0.2941
vn 0.3333 -0.9424 -0.0274
vn 0.3255 -0.8906 0.3177
vn -0.0039 -0.9508 0.3098
vn 0.3098 -0.8239 0.4745
vn 0.6157 -0.6406 0.4588
vn -0.0039 -0.8802 0.4745
vn 0.3255 -0.8549 -0.4039
vn -0.0039 -0.8964 -0.4431
vn -0.3098 -0.8239 0.4745
vn -0.3255 -0.8906 0.3177
vn -0.6157 -0.6406 0.4588
vn -0.6471 -0.6931 0.3177
vn -0.8667 -0.2699 0.4196
vn -0.9059 -0.2970 0.3019
vn -0.9373 -0.3388 0.0824
vn -0.6706 -0.7417 0.0118
vn -0.9373 0.1990 0.2863
vn -0.9059 0.1863 0.3804
vn -0.6784 0.6890 0.2549
vn -0.9765 0.1664 0.1373
vn -0.7176 0.6827 0.1373
vn -0.3882 0.9113 0.1373
vn -0.3177 0.9088 0.2706
vn 0.0039 0.9905 0.1373
vn -0.0040 0.9508 0.3098
vn -0.9843 0.1561 -0.0823
vn -0.7647 0.6424 -0.0510
vn -0.9922 0.0941 -0.0823
vn -0.7804 0.6250 -0.0196
vn -0.6470 0.7034 0.2941
vn -0.2863 0.9214 0.2627
vn -0.9137 -0.3796 -0.1451
vn -0.9294 -0.3241 -0.1765
vn -0.8274 0.0294 0.5608
vn -0.7569 -0.5138 0.4039
vn -0.7411 0.0314 0.6706
vn -0.5373 0.5927 0.6000
vn 0.1215 -0.3268 -0.9373
vn 0.2627 0.0887 -0.9608
vn -0.6706 -0.5196 0.5294
vn 0.2863 0.4831 -0.8274
vn -0.3961 -0.8844 0.2470
vn 0.0746 0.7719 -0.6313
vn -0.1137 -0.6528 -0.7490
vn -0.1608 0.9202 0.3569
vn -0.0039 -0.9987 -0.0510
vn -0.2157 0.8993 -0.3804
vn 0.4667 -0.8341 -0.2941
vn -0.6235 0.7634 -0.1686
vn 0.8039 -0.4366 -0.4039
vn -0.8902 0.4555 0.0039
vn 0.9216 -0.0000 -0.3882
vn -1.0000 0.0004 0.0039
vn -0.4745 -0.7363 -0.4823
vn 0.3019 0.9498 0.0823
vn -0.8588 -0.4838 -0.1686
vn 0.7725 0.5849 -0.2471
vn 0.8274 -0.4399 -0.3490
vn 0.9216 -0.0001 -0.3882
vn 0.7412 0.6072 -0.2863
vn 0.2706 0.9623 0.0275
vn -0.1686 0.9331 0.3176
vn -0.5686 0.6229 0.5373
vn -0.4588 0.8802 -0.1216
vn -0.4353 0.8965 -0.0824
vn 0.0039 0.9952 -0.0981
vn 0.6862 0.1185 -0.7177
vn 0.4823 0.6153 -0.6235
vn -0.2471 0.8772 -0.4118
vn -0.0823 0.9305 -0.3569
vn 0.0902 0.5543 -0.8274
vn -0.0039 0.5615 -0.8275
vn -0.0039 0.3268 -0.9451
vn -0.0274 0.1744 -0.9843
vn 0.1608 0.3322 0.9294
vn 0.2392 0.1862 0.9529
vn 0.6549 -0.4793 0.5843
vn 0.3647 -0.6916 0.6235
vn 0.8431 -0.0941 0.5294
vn 0.0667 0.2692 0.9608
vn 0.8196 0.3211 0.4745
vn -0.2235 0.2384 0.9451
vn 0.5294 0.7328 0.4274
vn -0.2856 -0.0000 0.9584
vn 0.2627 0.9055 0.3333
vn -0.2314 -0.0908 0.9686
vn -0.0039 0.4064 0.9137
vn -0.0000 -0.7557 0.6549
vn -0.0039 0.9482 0.3176
vn -0.0039 0.9944 0.1059
vn 0.3098 0.9430 0.1216
vn 0.6392 0.7466 0.1843
vn 0.3412 -0.7658 0.5451
vn 0.9137 0.2719 0.3020
vn 0.6549 -0.5614 0.5059
vn 0.8823 -0.1968 0.4274
vn -0.0039 0.9991 0.0431
vn 0.3098 0.9494 0.0510
vn -0.0039 0.9972 -0.0745
vn 0.2784 0.9554 -0.0980
vn 0.4902 0.8669 -0.0902
vn 0.6314 0.7618 0.1451
vn 0.2235 0.9746 -0.0117
vn -0.0039 0.9604 0.2784
vn 0.2863 0.8088 0.5137
vn -0.0039 0.8580 0.5137
vn 0.3647 0.6541 0.6627
vn 0.3804 0.0776 0.9216
vn 0.3176 0.7406 0.5922
vn 0.4353 0.0637 0.8980
vn 0.4510 0.7186 0.5294
vn 0.4823 0.0508 0.8745
vn 0.5451 -0.5774 0.6078
vn 0.4196 -0.5849 0.6941
vn 0.5451 -0.6501 0.5294
vn 0.2627 -0.6271 0.7333
vn 0.2941 -0.7244 0.6235
vn 0.3255 -0.7434 0.5843
vn -0.0039 -0.7557 0.6549
vn -0.0039 -0.8058 0.5921
vn 0.6471 -0.5561 0.5216
vn -0.0039 -0.6799 0.7333
vn 0.2393 -0.4816 0.8431
vn -0.0039 -0.6052 0.7961
vn 0.5451 -0.7726 0.3255
vn 0.8824 -0.2974 0.3647
vn 0.8902 -0.1775 0.4196
vn 0.9294 0.3151 0.1922
vn 0.5215 -0.8212 -0.2314
vn -0.1216 0.7318 -0.6706
vn 0.1608 0.9866 -0.0275
vn 0.2470 0.9672 -0.0588
vn -0.3255 -0.7434 0.5843
vn -0.2941 -0.7244 0.6235
vn -0.5451 -0.6501 0.5294
vn -0.6471 -0.5561 0.5216
vn -0.2628 -0.6271 0.7333
vn -0.2392 -0.4816 0.8431
vn -0.4196 -0.5849 0.6941
vn -0.5451 -0.5774 0.6078
vn -0.4353 0.0637 0.8980
vn -0.3176 0.7406 0.5922
vn -0.4510 0.7186 0.5294
vn -0.3804 0.0776 0.9216
vn -0.2863 0.8088 0.5137
vn -0.3647 0.6540 0.6627
vn -0.0040 0.8580 0.5137
vn -0.0040 0.9604 0.2784
vn -0.4823 0.0508 0.8745
vn -0.2235 0.9746 -0.0118
vn -0.0040 0.9999 -0.0118
vn -0.2784 0.9554 -0.0980
vn -0.0040 0.9972 -0.0745
vn -0.3098 0.9494 0.0510
vn -0.4902 0.8669 -0.0902
vn -0.6314 0.7618 0.1451
vn -0.0040 0.9991 0.0431
vn -0.2470 0.9672 -0.0588
vn -0.9294 0.3151 0.1921
vn -0.1608 0.9866 -0.0275
vn 0.1216 0.7318 -0.6706
vn -0.8902 -0.1775 0.4196
vn -0.8824 -0.2974 0.3647
vn -0.5216 -0.8212 -0.2314
vn -0.0902 -0.0867 -0.9921
vn -0.5451 -0.7726 0.3255
vn -0.9137 0.2719 0.3020
vn -0.6392 0.7466 0.1843
vn -0.8196 0.3211 0.4745
vn -0.5294 0.7328 0.4274
vn 0.2235 0.2384 0.9451
vn -0.0667 0.2692 0.9608
vn -0.8431 -0.0941 0.5294
vn -0.2392 0.1862 0.9529
vn -0.6549 -0.4792 0.5843
vn -0.1608 0.3322 0.9294
vn -0.3647 -0.6915 0.6235
vn 0.2856 -0.0000 0.9584
vn -0.2627 0.9055 0.3333
vn 0.2314 -0.0908 0.9686
vn 0.0010 0.9482 0.3176
vn -0.0040 0.9944 0.1059
vn -0.3098 0.9430 0.1216
vn -0.3412 -0.7658 0.5451
vn -0.6549 -0.5614 0.5059
vn -0.8823 -0.1968 0.4274
vn -0.4353 0.0637 -0.8980
vn -0.2314 -0.4420 -0.8667
vn -0.0196 -0.2767 -0.9608
vn -0.4510 0.5800 -0.6784
vn -0.2236 0.8974 -0.3804
vn 0.1137 0.9918 -0.0588
vn 0.2314 0.9168 -0.3255
vn 0.5372 0.8111 0.2314
vn 0.6235 0.7775 -0.0823
vn 0.8118 0.4497 0.3725
vn 0.9216 -0.1092 0.3726
vn 0.9921 -0.0866 0.0902
vn 0.6392 0.7628 -0.0981
vn 0.2235 0.9100 -0.3491
vn 0.9059 0.4204 -0.0510
vn 0.9987 -0.0000 0.0509
vn -0.0196 0.7486 -0.6628
vn 0.3176 -0.0768 -0.9451
vn 0.3558 -0.0000 -0.9346
vn 0.3949 -0.0000 -0.9187
vn 0.4118 -0.0992 -0.9059
vn 0.4980 -0.0293 -0.8667
vn -0.0353 0.3469 -0.9372
vn 0.0352 -0.0000 -0.9994
vn 0.3176 -0.2535 -0.9137
vn 0.0588 -0.7858 -0.6157
vn 0.5216 -0.7091 -0.4745
vn 0.4274 -0.8696 -0.2470
vn 0.8823 -0.4586 -0.1058
vn 0.8196 -0.5369 0.2000
vn 0.9216 -0.1093 0.3725
vn 0.8431 -0.3801 -0.3804
vn 0.4745 -0.4985 -0.7255
vn 0.3326 -0.0000 -0.9431
vn 0.3568 0.1529 -0.9216
vn 0.4745 0.1541 -0.8667
vn -0.6863 -0.1905 -0.7020
vn -0.4588 -0.7832 -0.4196
vn 0.0824 -0.9779 0.1922
vn 0.0823 -0.9779 0.1922
vn -0.4667 -0.7743 -0.4275
vn -0.6863 -0.1905 -0.7019
vn 0.0823 -0.9779 0.1921
vn 0.4823 -0.6153 0.6235
vn 0.4823 -0.6231 0.6157
vn 0.6392 0.0815 0.7647
vn 0.4510 0.7127 0.5372
vn 0.4510 0.7068 0.5451
vn -0.1215 0.9869 -0.1059
vn -0.1137 0.9887 -0.0980
vn -0.6157 0.4498 -0.6471
vn -0.6157 0.4383 -0.6549
vn -0.1059 0.9903 -0.0902
vn -0.6157 0.4382 -0.6549
vn 0.4510 0.7127 0.5373
vn -0.6235 0.4270 -0.6549
vn -0.6863 -0.2173 -0.6941
vn -0.6235 0.4388 -0.6471
vn -0.6941 -0.2173 -0.6863
vn -0.6314 0.4391 -0.6392
vn -0.6078 0.4603 -0.6470
vn -0.0196 0.9998 -0.0039
vn -0.0588 0.9979 -0.0275
vn 0.4432 0.7176 0.5372
vn 0.6314 0.0675 0.7725
vn 0.6314 0.1289 0.7647
vn 0.5059 -0.5878 0.6314
vn 0.4902 -0.6009 0.6314
vn 0.1843 -0.9553 0.2313
vn 0.0823 -0.9747 0.2078
vn -0.4196 -0.7877 -0.4510
vn -0.4823 -0.7646 -0.4274
vn -0.6863 -0.1906 -0.7020
vn -0.6941 -0.2174 -0.6863
vn 0.1608 0.9866 -0.0274
vn 0.0902 -0.0867 -0.9921
vn -0.6863 -0.2174 -0.6941
vn -0.4745 -0.7695 -0.4275
vn 0.4902 -0.6090 0.6235
vn -0.0902 0.9942 -0.0588
vn 0.4902 -0.6091 0.6235
vn 0.0745 -0.9785 0.1922
vn -0.4667 -0.7743 -0.4274
vn 0.0745 -0.9785 0.1921
vn 0.4745 -0.6291 0.6157
vn -0.4510 -0.7919 -0.4117
vn -0.6784 -0.1895 -0.7098
vn 0.4588 0.7017 0.5451
vn -0.1216 0.9841 -0.1294
vn -0.6000 0.4595 -0.6549
vn 0.4667 -0.6273 0.6235
vn 0.0824 -0.9747 0.2078
vn -0.4353 -0.8085 -0.3961
vn -0.6706 -0.1879 -0.7176
vn -0.6706 -0.1878 -0.7176
vn -0.5922 0.4469 -0.6706
vn -0.1137 0.9851 -0.1294
vn 0.4667 0.6903 0.5529
vn 0.6314 0.0674 0.7725
vn -0.0274 0.1743 -0.9843
vn 0.6862 0.1184 -0.7177
vn 0.5529 -0.3309 -0.7647
vn 0.2157 -0.6170 -0.7568
vn -0.2627 -0.8015 -0.5373
vn 0.0039 -0.9991 -0.0431
vn 0.5294 -0.8067 -0.2627
vn -0.4118 -0.8925 0.1843
vn -0.6157 -0.7140 -0.3333
vn -0.6549 -0.6961 -0.2941
vn -0.3333 -0.9424 -0.0274
vn -0.3176 -0.8579 -0.4039
vn 0.0903 -0.0866 -0.9921
vn 0.5216 -0.8212 -0.2313
vn 0.5216 0.0618 -0.8510
vn 0.2628 0.0887 -0.9608
vn 0.1216 -0.3268 -0.9372
vn 0.3176 -0.4900 -0.8118
vn 0.5059 0.5614 -0.6549
vn 0.2471 0.8844 -0.3961
vn 0.0745 0.7719 -0.6313
vn -0.1137 0.9870 -0.1137
vn -0.2157 0.8993 -0.3803
vn -0.5686 0.8083 0.1529
vn -0.8431 0.4552 0.2863
vn -0.8902 0.4556 0.0039
vn -0.9529 -0.0735 0.2941
vn -0.1137 -0.6527 -0.7490
vn 0.0039 -0.8171 -0.5765
vn -0.4745 -0.7364 -0.4823
vn -0.3961 -0.8844 -0.2470
vn -0.8274 -0.5403 0.1529
vn -1.0000 0.0003 0.0040
vn -0.9529 -0.0736 0.2941
vn -0.6392 0.7426 -0.2001
vn -0.2079 0.8873 -0.4118
vn -0.9991 -0.0000 -0.0431
vn -0.8118 -0.3893 -0.4353
vn -0.4196 -0.5240 -0.7412
vn -0.2549 -0.2669 -0.9294
vn -0.1215 -0.1279 -0.9843
vn 0.0431 -0.0000 -0.9991
vn 0.0981 0.3346 -0.9372
vn 0.0666 0.7243 -0.6863
vn -0.2549 -0.1092 -0.9608
vn -0.3490 -0.1200 -0.9294
vn -0.4353 -0.0637 -0.8980
vn -0.4196 0.0576 -0.9059
vn -0.2471 0.0272 -0.9686
vn -0.2863 0.1576 -0.9451
vn -0.2706 -0.0608 -0.9608
vn -0.8980 0.4125 -0.1530
vn -0.3019 -0.0272 -0.9529
vn 0.6863 -0.1905 -0.7019
vn 0.4588 -0.7832 -0.4196
vn -0.0824 -0.9779 0.1922
vn -0.0823 -0.9779 0.1921
vn 0.4667 -0.7743 -0.4275
vn 0.6863 -0.1905 -0.7020
vn -0.0823 -0.9779 0.1922
vn -0.4823 -0.6153 0.6235
vn -0.4824 -0.6231 0.6157
vn -0.6392 0.0815 0.7647
vn -0.4510 0.7127 0.5372
vn -0.4510 0.7068 0.5451
vn 0.1215 0.9869 -0.1059
vn 0.1137 0.9887 -0.0980
vn 0.6157 0.4497 -0.6471
vn 0.6157 0.4382 -0.6549
vn 0.6863 -0.1904 -0.7020
vn 0.1059 0.9903 -0.0902
vn -0.4510 0.7127 0.5373
vn 0.6235 0.4270 -0.6549
vn 0.6863 -0.2173 -0.6941
vn 0.6235 0.4388 -0.6471
vn 0.6941 -0.2173 -0.6863
vn 0.6314 0.4391 -0.6392
vn 0.6079 0.4602 -0.6471
vn 0.0196 0.9998 -0.0039
vn 0.0588 0.9979 -0.0275
vn -0.4431 0.7176 0.5372
vn -0.6314 0.0675 0.7725
vn -0.6314 0.1289 0.7647
vn -0.5059 -0.5878 0.6314
vn -0.4902 -0.6009 0.6314
vn -0.1843 -0.9553 0.2313
vn -0.0823 -0.9747 0.2078
vn 0.4196 -0.7877 -0.4510
vn 0.4823 -0.7646 -0.4274
vn 0.6941 -0.2174 -0.6863
vn -0.1608 0.9866 -0.0274
vn -0.5451 -0.7727 0.3255
vn -0.5451 -0.5774 0.6079
vn 0.6863 -0.2174 -0.6941
vn 0.4745 -0.7695 -0.4275
vn -0.4902 -0.6090 0.6235
vn -0.4509 0.7127 0.5373
vn 0.0902 0.9942 -0.0588
vn -0.4902 -0.6091 0.6235
vn -0.0745 -0.9785 0.1921
vn 0.4667 -0.7743 -0.4274
vn -0.4823 -0.6231 0.6157
vn -0.4745 -0.6291 0.6157
vn 0.4510 -0.7919 -0.4118
vn 0.6784 -0.1895 -0.7098
vn -0.4588 0.7017 0.5451
vn 0.1216 0.9841 -0.1294
vn 0.6000 0.4595 -0.6549
vn -0.4667 -0.6273 0.6235
vn -0.0824 -0.9747 0.2078
vn 0.4353 -0.8085 -0.3961
vn 0.6706 -0.1879 -0.7176
vn 0.6706 -0.1878 -0.7177
vn 0.5921 0.4468 -0.6706
vn 0.1137 0.9851 -0.1294
vn -0.4667 0.6903 0.5529
vn -0.6314 0.0674 0.7725
vn 0.9921 -0.1104 0.0588
vn 0.9843 0.1200 0.1294
vn 0.4890 -0.0000 0.8723
vn 0.5294 -0.2933 0.7961
vn -0.0431 -0.3001 0.9529
vn -0.2549 -0.2928 0.9216
vn -0.2706 -0.0607 0.9608
vn -0.2000 -0.5712 0.7961
vn -0.0353 -0.6243 0.7804
vn 0.4902 -0.6606 0.5686
vn 0.7019 -0.6294 -0.3334
vn 0.4667 -0.8557 0.2235
vn 0.3726 0.1622 -0.9137
vn 0.3961 0.2799 -0.8745
vn 0.1137 0.4412 -0.8902
vn 0.1059 0.3735 -0.9216
vn 0.4039 0.2685 -0.8745
vn 0.0902 0.2895 -0.9529
vn 0.3569 0.2573 -0.8980
vn 0.9922 -0.1103 0.0589
vn 0.1686 0.2201 -0.9608
vn 0.1216 -0.8920 0.4353
vn -0.0353 -0.8619 0.5058
vn 0.1922 -0.9079 -0.3725
vn 0.3412 -0.8561 -0.3882
vn 0.0745 0.2371 -0.9686
vn 0.0353 0.4542 -0.8902
vn 0.0275 0.3873 -0.9216
vn 0.0196 0.3262 -0.9451
vn -0.0275 0.3873 -0.9216
vn -0.0902 0.2895 -0.9529
vn -0.1059 0.3735 -0.9216
vn -0.4039 0.2685 -0.8745
vn -0.3569 0.2571 -0.8981
vn -0.9843 0.1199 0.1294
vn -0.9921 -0.1104 0.0589
vn -0.3961 0.2799 -0.8745
vn -0.1137 0.4412 -0.8902
vn -0.3726 0.1622 -0.9137
vn -0.7019 -0.6294 -0.3334
vn -0.4902 -0.6606 0.5686
vn -0.5294 -0.2933 0.7961
vn 0.0353 -0.6243 0.7804
vn -0.4890 -0.0000 0.8723
vn -0.9921 -0.1103 0.0589
vn -0.9843 0.1200 0.1294
vn 0.2549 -0.2928 0.9216
vn 0.2706 -0.0607 0.9608
vn 0.2000 -0.5712 0.7960
vn -0.4667 -0.8557 0.2235
vn 0.0353 -0.8619 0.5059
vn -0.1216 -0.8921 0.4353
vn -0.3412 -0.8561 -0.3882
vn -0.1922 -0.9079 -0.3725
vn -0.1686 0.2201 -0.9608
vn -0.0353 0.4542 -0.8902
vn -0.0745 0.2371 -0.9686
vn -0.4588 -0.8812 -0.1137
vn -0.3647 -0.9157 0.1686
vn -0.5921 -0.8058 0.0039
vn -0.2942 -0.9490 -0.1137
vn -0.1451 -0.9892 -0.0197
vn -0.0746 -0.9854 0.1529
vn -0.1137 -0.9387 0.3255
vn -0.2392 -0.8640 0.4431
vn -0.4039 -0.8003 0.4431
vn -0.5529 -0.7566 0.3490
vn -0.6235 -0.7617 0.1765
vn -0.4431 -0.8882 0.1216
vn -0.4039 -0.9111 0.0823
vn -0.3490 -0.9335 0.0823
vn -0.3019 -0.9465 0.1138
vn -0.2862 -0.9317 0.2236
vn -0.3255 -0.9083 0.2627
vn -0.3804 -0.8867 0.2627
vn -0.4275 -0.8739 0.2314
vn -0.6235 -0.7617 0.1766
vn 0.0118 -0.6535 0.7569
vn 0.3176 -0.8069 0.4981
vn -0.3882 -0.5024 0.7726
vn -0.7324 -0.4168 0.5384
vn -0.3020 -0.9465 0.1138
vn -0.3020 -0.9465 0.1137
vn -0.2785 -0.9455 0.1686
vn -0.8903 -0.4319 0.1442
vn -0.2863 -0.9317 0.2235
vn -0.8117 -0.5254 -0.2549
vn -0.5137 -0.6812 -0.5216
vn -0.1137 -0.8306 -0.5451
vn 0.2471 -0.9154 -0.3177
vn -0.4274 -0.8740 0.2313
vn -0.4274 -0.8739 0.2313
vn 0.4118 -0.9068 0.0902
vn -0.4509 -0.8749 0.1765
vn 0.0745 0.7782 0.6235
vn -0.3177 0.8752 0.3647
vn 0.7569 0.3222 -0.5686
vn 0.3804 0.4130 -0.8275
vn -0.0666 0.5801 -0.8118
vn -0.3961 0.7557 -0.5215
vn -0.0666 0.5802 -0.8117
vn 0.2941 0.9490 0.1137
vn 0.4118 0.7919 -0.4510
vn 0.2392 0.8679 -0.4353
vn 0.4117 0.7919 -0.4510
vn 0.1137 0.9387 -0.3255
vn -0.0667 0.5802 -0.8118
vn 0.5137 0.6133 0.6000
vn 0.4588 0.8822 0.1059
vn 0.8432 0.4395 0.3097
vn 0.5921 0.8058 -0.0039
vn 0.5137 0.6132 0.6000
vn 0.9294 0.3426 -0.1373
vn 0.8431 0.4395 0.3098
vn 0.3176 -0.8069 0.4980
vn 0.6314 0.7551 -0.1764
vn 0.6314 0.7551 -0.1765
vn 0.5608 0.7508 -0.3490
vn 0.7568 0.3223 -0.5686
vn 0.4117 -0.9068 0.0902
vn -0.3019 -0.9465 0.1137
vn -0.2783 -0.9456 0.1686
vn -0.2784 -0.9455 0.1687
vn -0.1451 -0.9892 -0.0196
vn -0.0745 -0.9854 0.1529
vn -0.4509 -0.8749 0.1764
vn -0.6235 -0.7616 0.1764
vn -0.5922 -0.8058 0.0040
vn -0.4432 -0.8881 0.1216
vn -0.4902 0.8684 -0.0745
vn 0.1530 0.9882 0.0118
vn 0.0824 0.9848 -0.1529
vn -0.3961 0.7557 -0.5216
vn -0.3960 0.7557 -0.5216
vn -0.4902 0.8684 -0.0744
vn 0.0823 0.9848 -0.1530
vn -0.0666 0.5802 -0.8118
vn 0.3647 -0.9157 0.1686
vn 0.4588 -0.8812 -0.1137
vn 0.5922 -0.8058 0.0039
vn 0.2941 -0.9490 -0.1137
vn 0.1451 -0.9892 -0.0196
vn 0.0746 -0.9854 0.1530
vn 0.1137 -0.9387 0.3255
vn 0.2393 -0.8639 0.4431
vn 0.4040 -0.8003 0.4431
vn 0.5530 -0.7566 0.3490
vn 0.6235 -0.7617 0.1765
vn 0.4431 -0.8882 0.1215
vn 0.4040 -0.9111 0.0824
vn 0.3490 -0.9335 0.0824
vn 0.3019 -0.9465 0.1137
vn 0.2862 -0.9317 0.2236
vn 0.3255 -0.9083 0.2627
vn 0.3804 -0.8867 0.2628
vn 0.4274 -0.8740 0.2314
vn 0.6235 -0.7616 0.1764
vn -0.0118 -0.6535 0.7569
vn -0.3176 -0.8069 0.4980
vn 0.4431 -0.8882 0.1216
vn 0.3882 -0.5024 0.7726
vn 0.3020 -0.9465 0.1137
vn 0.7322 -0.4168 0.5387
vn 0.3020 -0.9465 0.1138
vn 0.2785 -0.9455 0.1686
vn 0.8902 -0.4318 0.1451
vn 0.2863 -0.9317 0.2235
vn 0.8117 -0.5255 -0.2549
vn 0.5137 -0.6812 -0.5216
vn 0.1137 -0.8306 -0.5451
vn -0.2471 -0.9154 -0.3177
vn 0.4274 -0.8740 0.2313
vn 0.4509 -0.8749 0.1765
vn -0.4117 -0.9068 0.0902
vn -0.0745 0.7782 0.6236
vn 0.3177 0.8753 0.3647
vn -0.5137 0.6133 0.6000
vn -0.3804 0.4130 -0.8275
vn -0.7569 0.3222 -0.5686
vn -0.9294 0.3426 -0.1373
vn -0.8431 0.4396 0.3098
vn -0.5136 0.6133 0.6000
vn -0.2941 0.9490 0.1137
vn -0.4588 0.8822 0.1059
vn -0.5921 0.8058 -0.0039
vn -0.5137 0.6132 0.6000
vn -0.5608 0.7508 -0.3490
vn -0.6314 0.7551 -0.1765
vn -0.8431 0.4395 0.3098
vn -0.5922 0.8058 -0.0039
vn -0.6314 0.7551 -0.1764
vn -0.3176 -0.8069 0.4981
vn -0.4118 0.7919 -0.4510
vn 0.3019 -0.9465 0.1136
vn 0.1451 -0.9892 -0.0195
vn 0.0745 -0.9854 0.1531
vn 0.2783 -0.9456 0.1686
vn 0.2862 -0.9317 0.2235
vn 0.2784 -0.9455 0.1686
vn 0.4275 -0.8739 0.2314
vn 0.6235 -0.7616 0.1765
vn 0.5921 -0.8058 0.0039
vn 0.4432 -0.8882 0.1215
vn 0.0666 0.5801 -0.8118
vn -0.2392 0.8679 -0.4353
vn -0.4117 0.7919 -0.4510
vn 0.0666 0.5802 -0.8117
vn 0.3960 0.7557 -0.5215
vn -0.1137 0.9387 -0.3255
vn 0.0667 0.5802 -0.8118
vn 0.8117 -0.5254 -0.2549
vn 0.3960 0.7557 -0.5216
vn 0.4902 0.8684 -0.0745
vn 0.3961 0.7557 -0.5215
vn 0.0667 0.5802 -0.8117
vn -0.0824 0.9848 -0.1530
vn -0.0824 0.9848 -0.1529
vn 0.3961 0.7557 -0.5216
vn -0.1529 0.9882 0.0117
vn -0.1529 -0.9775 0.1451
vn -0.0823 -0.9925 0.0902
vn -0.1059 -0.9786 0.1765
vn -0.0823 -0.9809 0.1765
vn -0.0510 -0.9844 0.1686
vn 0.0039 -0.9926 0.1215
vn -0.0039 -0.9996 0.0274
vn -0.0510 -0.9987 -0.0039
vn -0.0745 -0.9971 -0.0118
vn -0.1059 -0.9944 0.0039
vn -0.1686 -0.9839 0.0588
vn 0.0823 -0.9925 0.0902
vn 0.1529 -0.9775 0.1451
vn 0.1059 -0.9786 0.1765
vn 0.0824 -0.9809 0.1765
vn 0.0510 -0.9844 0.1686
vn -0.0040 -0.9926 0.1215
vn 0.0039 -0.9996 0.0274
vn 0.0510 -0.9987 -0.0039
vn 0.0745 -0.9971 -0.0118
vn 0.1059 -0.9944 0.0040
vn 0.1686 -0.9839 0.0588
vn -0.7255 0.6424 0.2470
vn -0.7725 0.6340 0.0353
vn -0.4275 -0.9021 0.0588
vn -0.4197 -0.8947 0.1529
vn -0.6235 0.6330 0.4588
vn -0.3804 -0.8912 0.2471
vn -0.4823 0.6455 0.5922
vn -0.4353 -0.8988 -0.0510
vn -0.7568 0.6197 -0.2079
vn -0.6784 0.5976 -0.4274
vn -0.3255 0.6335 0.7019
vn -0.3255 -0.8933 0.3098
vn -0.2628 -0.8933 0.3647
vn 0.1137 -0.9870 -0.1137
vn 0.0667 -0.9860 -0.1530
vn 0.0196 -0.9796 -0.2000
vn -0.0431 -0.9772 -0.2079
vn -0.1058 -0.9938 0.0352
vn 0.1294 -0.9907 -0.0431
vn 0.1373 -0.9864 0.0902
vn 0.1530 -0.9880 0.0196
vn -0.4196 -0.8947 0.1529
vn 0.1216 -0.9807 0.1529
vn 0.0745 -0.9770 0.2000
vn -0.3255 -0.9187 -0.2236
vn -0.3883 -0.9113 -0.1373
vn -0.5451 0.5775 -0.6078
vn -0.0353 -0.9620 0.2706
vn 0.0274 -0.9686 0.2470
vn -0.2021 -0.9293 -0.3093
vn -0.2706 -0.9166 -0.2942
vn -0.1843 0.5305 -0.8274
vn -0.3804 0.5425 -0.7490
vn -0.0980 -0.9531 0.2863
vn -0.1686 -0.9478 0.2706
vn -0.1216 -0.9349 -0.3334
vn -0.0039 -0.9455 -0.3255
vn 0.2706 0.5296 -0.8039
vn 0.0274 0.5245 -0.8509
vn -0.2784 -0.9377 0.2079
vn -0.2314 -0.9389 0.2549
vn 0.0588 -0.9631 -0.2628
vn 0.1687 -0.9581 -0.2314
vn -0.3176 -0.9358 0.1529
vn -0.3412 -0.9357 0.0902
vn 0.2001 -0.9701 -0.1373
vn 0.2628 -0.9631 -0.0588
vn -0.3490 -0.9367 0.0274
vn 0.2393 -0.9708 0.0196
vn 0.2628 -0.9590 0.1059
vn 0.4509 0.5411 -0.7098
vn 0.6078 0.5291 -0.5921
vn 0.1686 -0.9581 -0.2314
vn -0.3176 -0.9446 -0.0824
vn -0.2784 -0.9517 -0.1294
vn 0.1921 -0.9608 0.2000
vn 0.1663 -0.9429 0.2886
vn 0.7176 0.6115 0.3333
vn 0.6000 0.6261 0.4980
vn -0.1686 -0.9635 -0.2079
vn -0.2314 -0.9567 -0.1765
vn -0.0196 -0.9146 0.4040
vn 0.0510 -0.9442 0.3255
vn 0.4353 0.6494 0.6235
vn 0.2470 0.6424 0.7255
vn -0.1059 -0.9689 -0.2236
vn -0.1922 -0.9013 0.3883
vn -0.1137 -0.9178 0.3804
vn 0.0510 0.6516 0.7568
vn -0.1373 0.6390 0.7568
vn 0.8039 0.5787 0.1372
vn 0.2627 -0.9590 0.1059
vn 0.2392 -0.9708 0.0196
vn 0.8117 0.5834 -0.0274
vn 0.2628 -0.9631 -0.0589
vn 0.8039 0.5572 -0.2078
vn 0.2000 -0.9701 -0.1373
vn 0.7333 0.5469 -0.4039
vn 0.1687 -0.9581 -0.2313
vn 0.4510 0.8779 0.1608
vn 0.3882 0.8878 0.2471
vn 0.8039 0.5787 0.1373
vn 0.4902 0.8696 0.0588
vn 0.4980 0.8664 -0.0353
vn 0.2941 0.9535 0.0667
vn 0.3098 0.9465 -0.0902
vn 0.8039 0.5573 -0.2078
vn 0.5059 0.8529 -0.1294
vn 0.4588 0.8579 -0.2314
vn 0.6078 0.5291 -0.5922
vn 0.3882 0.8561 -0.3412
vn 0.4510 0.5412 -0.7098
vn 0.3098 0.8607 -0.4039
vn 0.2157 0.9524 -0.2157
vn 0.2157 0.8741 -0.4353
vn 0.0824 0.8764 -0.4745
vn 0.0274 0.5245 -0.8510
vn 0.2706 0.5297 -0.8039
vn 0.0431 0.9719 -0.2313
vn -0.0353 0.8878 -0.4588
vn -0.1373 0.9009 -0.4118
vn -0.5451 0.5774 -0.6078
vn -0.2235 0.9215 -0.3176
vn -0.3019 0.9208 -0.2470
vn -0.0902 0.9875 -0.1294
vn -0.3255 0.9355 -0.1372
vn -0.3412 0.9400 0.0039
vn -0.1059 0.9938 0.0353
vn -0.3177 0.9423 0.1059
vn -0.7255 0.6424 0.2471
vn -0.2785 0.9359 0.2157
vn -0.4823 0.6456 0.5921
vn -0.1922 0.9387 0.2863
vn -0.1216 0.9232 0.3647
vn -0.7568 0.6197 -0.2078
vn -0.0039 0.9882 0.1529
vn -0.0119 0.9247 0.3804
vn 0.1686 0.9711 0.1686
vn 0.0980 0.9163 0.3882
vn -0.1372 0.6390 0.7568
vn 0.1060 0.9937 -0.0353
vn 0.2471 0.6424 0.7255
vn 0.2000 0.9029 0.3804
vn 0.2941 0.9014 0.3177
vn 0.4353 0.6495 0.6235
vn -0.4667 0.4703 -0.7490
vn -0.1451 0.2018 -0.9686
vn -0.1843 -0.1120 -0.9765
vn -0.3725 -0.1093 -0.9216
vn -0.8039 0.4291 -0.4118
vn -0.7255 -0.1158 -0.6784
vn -0.9765 0.0808 0.2000
vn -0.9451 -0.2698 -0.1843
vn -0.2941 -0.2534 -0.9216
vn -0.1765 -0.2465 -0.9529
vn -0.1765 -0.3850 -0.9059
vn -0.2706 -0.4191 -0.8667
vn -0.5608 -0.2978 -0.7725
vn -0.3882 -0.4902 -0.7804
vn -0.4667 -0.6113 -0.6392
vn -0.7490 -0.4703 -0.4667
vn -0.7019 -0.6487 -0.2941
vn -0.5059 -0.6621 -0.5529
vn -0.8274 -0.5483 0.1216
vn -0.8117 -0.2627 0.5216
vn -0.5373 -0.7025 0.4667
vn -0.6314 -0.7143 0.3020
vn -0.6470 0.0921 0.7569
vn -0.6078 -0.7792 -0.1529
vn -0.5372 -0.7176 -0.4431
vn -0.6863 -0.6049 -0.4039
vn -0.7255 -0.6842 -0.0745
vn -0.6157 -0.6569 0.4353
vn -0.5137 -0.7690 0.3804
vn -0.4745 -0.8802 0.0118
vn -0.4902 -0.8712 0.0275
vn -0.3961 -0.9182 0.0039
vn -0.5059 -0.5961 0.6235
vn -0.2941 -0.9556 0.0195
vn -0.3255 -0.9455 0.0118
vn -0.6157 -0.3873 0.6863
vn -0.7255 -0.5837 0.3647
vn -0.6627 -0.5857 -0.4667
vn -0.7255 -0.6744 -0.1373
vn -0.3804 -0.7232 -0.5765
vn -0.4510 -0.8661 -0.2157
vn -0.0039 -0.7880 -0.6157
vn -0.0039 -0.9670 -0.2549
vn -0.4745 -0.8654 0.1608
vn -0.0039 -0.9882 0.1529
vn 0.0039 -0.6626 0.7490
vn -0.4588 -0.6005 0.6549
vn -0.6941 -0.7051 0.1451
vn -0.0039 -0.5123 -0.8588
vn -0.2784 -0.5007 -0.8196
vn -0.0039 -0.3882 -0.9216
vn -0.2078 -0.3690 -0.9059
vn -0.0432 0.1173 -0.9922
vn -0.0902 0.0866 -0.9921
vn -0.3882 -0.3537 -0.8510
vn -0.5137 -0.4702 -0.7177
vn -0.0746 0.1004 -0.9921
vn -0.4823 -0.3821 -0.7882
vn -0.0588 -0.0000 -0.9983
vn -0.4196 -0.4214 -0.8039
vn -0.3412 -0.3447 -0.8745
vn -0.3333 -0.4925 -0.8039
vn -0.3177 -0.7278 -0.6078
vn -0.3568 -0.6422 -0.6784
vn -0.4353 -0.5733 -0.6941
vn -0.4431 -0.6931 0.5686
vn -0.5294 -0.5753 -0.6235
vn -0.3177 -0.8503 0.4196
vn -0.3412 -0.4312 -0.8353
vn -0.2078 -0.8944 0.3960
vn -0.1922 -0.3958 -0.8980
vn -0.1686 -0.3283 -0.9294
vn -0.2863 -0.4552 -0.8431
vn -0.3725 -0.5978 -0.7098
vn -0.4980 -0.5944 -0.6314
vn -0.6000 -0.5012 -0.6235
vn -0.0039 -0.3032 -0.9529
vn -0.0039 -0.4064 -0.9137
vn -0.0040 -0.9280 0.3725
vn -0.0039 -0.2485 -0.9686
vn -0.0039 -0.1250 -0.9922
vn -0.0039 0.1250 -0.9922
vn -0.1137 0.4080 -0.9059
vn -0.0039 0.3267 -0.9451
vn -0.2392 0.6364 -0.7333
vn -0.7098 0.6730 -0.2078
vn -0.8667 0.2928 0.4039
vn 0.1765 -0.2465 -0.9529
vn 0.1765 -0.3851 -0.9059
vn 0.2941 -0.2534 -0.9216
vn 0.2706 -0.4191 -0.8667
vn 0.5608 -0.2979 -0.7725
vn 0.3882 -0.4902 -0.7804
vn 0.4667 -0.6113 -0.6392
vn 0.7490 -0.4703 -0.4667
vn 0.7019 -0.6487 -0.2941
vn 0.5059 -0.6621 -0.5529
vn 0.1843 -0.1120 -0.9765
vn 0.3725 -0.1093 -0.9216
vn 0.4667 0.4703 -0.7490
vn 0.1451 0.2018 -0.9686
vn 0.8039 0.4291 -0.4118
vn 0.7255 -0.1158 -0.6784
vn 0.9765 0.0808 0.2000
vn 0.9451 -0.2699 -0.1843
vn 0.8274 -0.5482 0.1216
vn 0.8117 -0.2627 0.5216
vn 0.5372 -0.7025 0.4667
vn 0.6314 -0.7143 0.3020
vn 0.6470 0.0921 0.7569
vn 0.6078 -0.7792 -0.1529
vn 0.5373 -0.7176 -0.4431
vn 0.6863 -0.6049 -0.4039
vn 0.7255 -0.6842 -0.0745
vn 0.6157 -0.6569 0.4353
vn 0.5137 -0.7690 0.3804
vn 0.4745 -0.8802 0.0118
vn 0.4902 -0.8712 0.0275
vn 0.3961 -0.9182 0.0039
vn 0.5059 -0.5961 0.6235
vn 0.2941 -0.9556 0.0196
vn 0.3255 -0.9455 0.0118
vn 0.6157 -0.3873 0.6863
vn 0.7255 -0.5837 0.3647
vn 0.6627 -0.5857 -0.4667
vn 0.7255 -0.6744 -0.1373
vn 0.3804 -0.7232 -0.5765
vn 0.4510 -0.8661 -0.2157
vn 0.4745 -0.8654 0.1608
vn 0.4588 -0.6005 0.6549
vn 0.6941 -0.7051 0.1451
vn 0.2784 -0.5007 -0.8196
vn 0.2078 -0.3690 -0.9059
vn 0.0431 0.1174 -0.9922
vn 0.0902 0.0866 -0.9922
vn 0.3882 -0.3537 -0.8510
vn 0.5137 -0.4702 -0.7176
vn 0.0745 0.1004 -0.9922
vn 0.4823 -0.3821 -0.7883
vn 0.0588 -0.0000 -0.9983
vn 0.4196 -0.4214 -0.8039
vn 0.3412 -0.3447 -0.8745
vn 0.3333 -0.4925 -0.8039
vn 0.3176 -0.7278 -0.6078
vn 0.3568 -0.6422 -0.6784
vn 0.4353 -0.5733 -0.6941
vn 0.4431 -0.6930 0.5687
vn 0.5294 -0.5753 -0.6235
vn 0.3176 -0.8503 0.4197
vn 0.3412 -0.4312 -0.8353
vn 0.2078 -0.8944 0.3960
vn 0.1922 -0.3958 -0.8980
vn 0.1686 -0.3283 -0.9294
vn 0.2863 -0.4552 -0.8431
vn 0.3725 -0.5978 -0.7098
vn 0.4980 -0.5944 -0.6314
vn 0.6000 -0.5012 -0.6235
vn -0.5765 0.1843 0.7961
vn -0.8039 0.2551 0.5372
vn -0.8353 0.0718 0.5451
vn -0.5753 -0.0000 0.8179
vn -0.2627 0.1513 0.9529
vn -0.2855 -0.0000 0.9584
vn -0.0040 0.4556 0.8902
vn -0.1922 0.4131 0.8902
vn -0.0039 0.0003 1.0000
vn -0.6471 0.5968 0.4745
vn -0.5294 0.4398 0.7255
vn -0.2157 0.7023 0.6784
vn -0.3098 0.8412 0.4431
vn -0.0039 0.8925 0.4510
vn -0.0039 0.7199 0.6941
vn -0.5922 -0.1250 0.7961
vn -0.3019 -0.1250 0.9451
vn -0.0039 -0.2157 0.9765
vn -0.2941 -0.2229 0.9294
vn -0.0039 -0.3487 0.9372
vn -0.6235 -0.2488 0.7411
vn -0.8274 -0.1873 0.5294
vn -0.7804 -0.3781 0.4980
vn -0.8274 -0.4631 0.3176
vn -0.9451 -0.2800 0.1686
vn -0.8274 -0.5305 0.1843
vn -0.9916 -0.0000 0.1293
vn -0.9451 0.0294 0.3255
vn -0.9059 0.3258 0.2706
vn -0.9451 0.3240 0.0431
vn -0.7412 0.6713 0.0039
vn -0.7412 0.6432 0.1922
vn -0.3961 0.9182 0.0039
vn -0.3726 0.9111 0.1765
vn -0.0039 0.9814 0.1922
vn -0.0040 0.9999 0.0118
vn -0.9372 -0.3481 -0.0196
vn -0.7961 -0.6051 0.0118
vn -0.7804 -0.6176 -0.0980
vn -0.8902 -0.4344 -0.1373
vn -0.7725 -0.6200 -0.1373
vn -0.9765 -0.1664 -0.1372
vn -0.9765 -0.1438 -0.1608
vn -0.9922 -0.1004 -0.0745
vn -0.8510 -0.0618 -0.5216
vn -0.9294 0.3050 -0.2079
vn -0.7412 0.6302 -0.2314
vn -0.3882 0.8960 -0.2157
vn -0.6235 0.6090 -0.4902
vn -0.3255 0.8268 -0.4588
vn -0.0040 0.9747 -0.2235
vn -0.0040 0.8844 -0.4667
vn -0.4353 0.4995 -0.7490
vn -0.2628 0.5884 -0.7647
vn -0.2392 0.3284 -0.9137
vn -0.0040 0.3486 -0.9373
vn -0.2157 0.1743 -0.9608
vn -0.0040 0.1764 -0.9843
vn -0.2078 0.1363 -0.9686
vn -0.0039 0.6536 -0.7568
vn -0.4667 0.1764 -0.8667
vn -0.7647 0.1902 -0.6156
vn -0.4510 0.3346 -0.8274
vn -0.7568 0.3606 -0.5451
vn -0.2471 -0.8492 0.4667
vn -0.3725 -0.7729 0.5137
vn -0.4274 -0.8127 0.3961
vn -0.2941 -0.8898 0.3490
vn -0.4902 -0.7506 0.4431
vn -0.4039 -0.6906 0.6000
vn -0.2549 -0.6210 0.7412
vn -0.2549 -0.7456 0.6157
vn -0.1922 -0.8313 0.5216
vn -0.0980 -0.8427 0.5294
vn -0.1137 -0.7671 0.6314
vn -0.1137 -0.6247 0.7725
vn -0.0039 -0.7044 0.7098
vn -0.0039 -0.8171 0.5765
vn -0.0039 -0.8626 0.5059
vn -0.0039 -0.8925 0.4510
vn -0.0824 -0.9076 0.4117
vn -0.0039 -0.9113 0.4118
vn -0.1137 -0.5499 0.8274
vn -0.2471 -0.5951 0.7647
vn -0.0039 -0.5947 0.8039
vn -0.3726 -0.6496 0.6627
vn -0.1059 -0.9423 0.3176
vn -0.0039 -0.9482 0.3176
vn -0.0902 -0.9723 0.2157
vn -0.0039 -0.9765 0.2157
vn -0.0823 -0.9910 0.1059
vn -0.0039 -0.9983 0.0588
vn -0.0980 -0.9934 0.0588
vn -0.0039 -0.9991 0.0431
vn -0.1294 -0.9841 0.1215
vn 0.0040 0.1250 0.9922
vn -0.2078 -0.9685 0.1373
vn -0.3804 -0.1862 0.9059
vn -0.0039 -0.1250 0.9921
vn 0.0981 -0.9934 0.0588
vn 0.1294 -0.9841 0.1216
vn 0.3804 -0.1863 0.9059
vn 0.2079 -0.9685 0.1372
vn 0.0824 -0.9910 0.1059
vn 0.0902 -0.9723 0.2157
vn 0.1059 -0.9423 0.3176
vn 0.0823 -0.9076 0.4118
vn 0.0981 -0.8427 0.5294
vn 0.1137 -0.7671 0.6313
vn 0.2549 -0.7456 0.6157
vn 0.1922 -0.8313 0.5216
vn 0.2471 -0.8492 0.4667
vn 0.3725 -0.7729 0.5137
vn 0.4274 -0.8127 0.3961
vn 0.2941 -0.8898 0.3490
vn 0.2549 -0.6211 0.7412
vn 0.4039 -0.6905 0.6000
vn 0.4902 -0.7506 0.4431
vn 0.1137 -0.6247 0.7725
vn 0.1137 -0.5499 0.8274
vn 0.2470 -0.5951 0.7647
vn 0.4824 -0.7363 0.4745
vn 0.3726 -0.6496 0.6627
vn 0.4510 -0.8480 0.2784
vn 0.3176 -0.9195 0.2314
vn 0.4431 -0.8819 0.1608
vn 0.3254 -0.9344 0.1451
vn 0.5294 -0.8263 0.1922
vn 0.5216 -0.7854 0.3333
vn 0.5373 -0.8111 0.2313
vn 0.4980 -0.7793 0.3804
vn 0.4196 -0.9058 0.0588
vn 0.3333 -0.9410 0.0588
vn 0.5059 -0.8600 0.0666
vn 0.5294 -0.8427 0.0981
vn 0.1765 -0.9839 0.0275
vn 0.1450 -0.9890 0.0275
vn 0.0980 -0.4289 -0.8980
vn 0.0981 -0.4449 -0.8902
vn 0.0981 -0.4288 -0.8980
vn 0.1530 0.4603 -0.8745
vn 0.1921 0.3774 -0.9059
vn 0.2941 -0.9529 0.0745
vn 0.1373 -0.4180 -0.8980
vn 0.3882 -0.2069 -0.8980
vn 0.5843 -0.7730 -0.2470
vn 0.3490 0.2928 -0.8902
vn 0.6314 0.2522 -0.7333
vn 0.2863 0.6994 -0.6549
vn 0.6543 -0.0000 -0.7562
vn 0.7569 -0.6196 -0.2078
vn 0.9608 0.2751 0.0353
vn 0.7961 0.4643 -0.3882
vn 0.8823 0.1789 0.4353
vn 0.8588 0.5111 0.0353
vn 0.4980 0.0294 0.8667
vn 0.4197 -0.2939 0.8588
vn 0.7647 -0.0815 0.6392
vn 0.5687 0.2601 0.7804
vn 0.2863 0.2623 0.9216
vn 0.3177 0.0768 0.9451
vn 0.2078 0.3050 0.9294
vn 0.2706 -0.3258 0.9059
vn 0.2706 -0.3665 0.8902
vn -0.0039 0.4399 0.8980
vn 0.1765 -0.9839 0.0274
vn 0.2941 0.5627 0.7725
vn 0.4274 0.4284 0.7961
vn 0.0824 0.0941 0.9921
vn 0.0509 -0.0000 0.9987
vn -0.3176 -0.8503 0.4196
vn 0.1843 0.2072 0.9608
vn -0.4432 -0.6930 0.5686
vn 0.1843 0.5975 0.7804
vn -0.0039 0.6052 0.7961
vn 0.8431 0.5376 0.0118
vn -0.3412 -0.3448 -0.8745
vn 0.1844 0.2072 0.9608
vn 0.6549 0.7114 -0.2549
vn 0.7019 0.6709 -0.2392
vn 0.3334 0.8819 -0.3333
vn 0.3098 0.8933 -0.3255
vn 0.4902 0.7361 -0.4667
vn 0.6784 0.5860 -0.4432
vn -0.0587 -0.0000 -0.9983
vn -0.0745 0.1005 -0.9921
vn 0.2706 0.7935 -0.5451
vn -0.0902 0.0867 -0.9921
vn 0.1686 0.7995 -0.5765
vn -0.0431 0.1174 -0.9921
vn -0.0039 0.5947 -0.8039
vn -0.0039 0.0001 -1.0000
vn -0.0039 0.9371 -0.3490
vn -0.0039 0.9341 -0.3569
vn 0.8432 0.5375 0.0118
vn 0.4196 -0.2939 0.8588
vn 0.1764 -0.9839 0.0274
vn 0.1451 -0.9890 0.0274
vn 0.2706 -0.3666 0.8902
vn 0.2706 -0.3259 0.9059
vn 0.9843 0.1005 0.1451
vn 0.5843 -0.7730 -0.2471
vn -0.3176 -0.9195 0.2314
vn -0.4510 -0.8480 0.2784
vn -0.4431 -0.8819 0.1608
vn -0.3255 -0.9343 0.1451
vn -0.5294 -0.8263 0.1921
vn -0.5216 -0.7854 0.3333
vn -0.5372 -0.8111 0.2314
vn -0.4980 -0.7793 0.3804
vn -0.4196 -0.9058 0.0588
vn -0.3333 -0.9410 0.0588
vn -0.5059 -0.8600 0.0667
vn -0.5294 -0.8427 0.0980
vn -0.4824 -0.7363 0.4745
vn 0.9972 -0.0000 0.0743
vn 0.9999 -0.0000 0.0118
vn 0.9829 -0.0000 0.1841
vn 0.9843 -0.0000 0.1765
vn 0.9451 0.0768 0.3176
vn 0.9451 0.0768 0.3177
vn 0.7255 0.1158 0.6784
vn 0.9972 -0.0000 -0.0743
vn 0.9921 -0.0866 -0.0902
vn 0.9529 -0.0736 -0.2941
vn 0.9372 -0.1022 -0.3334
vn 0.5059 -0.1823 -0.8431
vn 0.5059 -0.1412 -0.8510
vn -0.8980 -0.1040 -0.4275
vn -0.8823 -0.0607 -0.4667
vn -0.9686 -0.0675 -0.2392
vn -0.9765 0.0001 -0.2157
vn -0.3961 -0.1500 -0.9059
vn -0.9983 -0.0000 -0.0587
vn -0.9996 -0.0000 -0.0274
vn -0.9998 -0.0000 0.0196
vn -0.9921 0.0665 0.1059
vn -0.9921 0.0776 0.0980
vn -0.7647 0.1289 0.6314
vn -0.8039 0.1109 0.5843
vn -0.3019 -0.1743 -0.9372
vn -0.8823 -0.0608 -0.4667
vn 0.5059 -0.1822 -0.8431
vn -0.3019 -0.1743 -0.9373
vn 0.5058 -0.1412 -0.8510
vn -0.1059 0.1879 0.9765
vn -0.1608 0.1895 0.9686
vn -0.1451 -0.9736 0.1765
vn -0.1294 -0.9540 0.2706
vn -0.1529 -0.9825 0.1059
vn -0.1529 -0.9817 0.1137
vn -0.1451 -0.9872 0.0666
vn -0.1451 -0.9872 0.0667
vn -0.1372 -0.9896 0.0432
vn -0.1373 -0.9896 0.0431
vn -0.1059 -0.9251 0.3647
vn -0.0980 -0.9060 0.4118
vn -0.0980 -0.9095 0.4039
vn 0.1294 0.7305 -0.6706
vn 0.1921 0.3775 -0.9059
vn 0.1529 0.4603 -0.8745
vn 0.5686 0.2601 0.7804
vn 0.1843 0.2073 0.9608
vn 0.6863 0.5579 -0.4667
vn -0.1608 0.1896 0.9686
vn 0.7255 0.1158 0.6785
vn -0.1294 -0.9914 -0.0196
vn 0.5765 0.1843 0.7961
vn 0.5753 -0.0000 0.8179
vn 0.8353 0.0718 0.5451
vn 0.8039 0.2551 0.5372
vn 0.2627 0.1513 0.9529
vn -0.0039 0.4556 0.8902
vn 0.1921 0.4131 0.8902
vn 0.6471 0.5968 0.4745
vn 0.5294 0.4398 0.7255
vn 0.2157 0.7023 0.6784
vn 0.3098 0.8412 0.4431
vn 0.5922 -0.1250 0.7961
vn 0.3020 -0.1250 0.9451
vn 0.2939 -0.2233 0.9294
vn 0.0118 -0.3266 0.9451
vn 0.6235 -0.2488 0.7412
vn 0.8274 -0.1873 0.5294
vn 0.7804 -0.3781 0.4980
vn 0.9059 -0.2510 0.3412
vn 0.8274 -0.4631 0.3177
vn 0.9451 -0.2800 0.1686
vn 0.8274 -0.5305 0.1843
vn 0.9916 -0.0000 0.1293
vn 0.9451 0.0293 0.3255
vn 0.9059 0.3258 0.2706
vn 0.9451 0.3240 0.0431
vn 0.7412 0.6713 0.0039
vn 0.7412 0.6432 0.1922
vn 0.3961 0.9182 0.0039
vn 0.3726 0.9111 0.1765
vn -0.0039 0.9999 0.0118
vn 0.9372 -0.3481 -0.0196
vn 0.7961 -0.6051 0.0118
vn 0.7804 -0.6176 -0.0981
vn 0.8902 -0.4344 -0.1373
vn 0.7725 -0.6200 -0.1373
vn 0.9765 -0.1664 -0.1372
vn 0.9765 -0.1438 -0.1608
vn 0.9922 -0.1004 -0.0745
vn 0.8510 -0.0618 -0.5216
vn 0.9294 0.3050 -0.2079
vn 0.7412 0.6302 -0.2314
vn 0.3882 0.8960 -0.2157
vn 0.6235 0.6090 -0.4902
vn 0.3255 0.8268 -0.4588
vn -0.0039 0.9747 -0.2235
vn -0.0039 0.8844 -0.4667
vn 0.4353 0.4995 -0.7490
vn 0.2628 0.5884 -0.7647
vn 0.2392 0.3285 -0.9137
vn -0.0039 0.3486 -0.9372
vn 0.2157 0.1743 -0.9608
vn -0.0039 0.1764 -0.9843
vn 0.2078 0.1363 -0.9686
vn -0.0039 0.6536 -0.7569
vn 0.4667 0.1764 -0.8667
vn 0.7647 0.1902 -0.6157
vn 0.4510 0.3346 -0.8274
vn 0.7569 0.3606 -0.5451
vn -0.1765 -0.9839 0.0275
vn -0.0980 -0.4449 -0.8902
vn -0.0981 -0.4288 -0.8980
vn -0.1451 -0.9890 0.0275
vn -0.1529 0.4603 -0.8745
vn -0.1921 0.3774 -0.9059
vn -0.3490 0.2929 -0.8902
vn -0.1373 -0.4179 -0.8980
vn -0.3882 -0.2069 -0.8980
vn -0.2941 -0.9529 0.0745
vn -0.5843 -0.7730 -0.2471
vn -0.6314 0.2523 -0.7333
vn -0.2863 0.6994 -0.6549
vn -0.6543 -0.0000 -0.7562
vn -0.7569 -0.6197 -0.2078
vn -0.9608 0.2751 0.0353
vn -0.7961 0.4643 -0.3882
vn -0.8823 0.1789 0.4353
vn -0.8588 0.5111 0.0353
vn -0.4980 0.0294 0.8667
vn -0.4197 -0.2939 0.8588
vn -0.7647 -0.0815 0.6392
vn -0.5687 0.2601 0.7804
vn -0.2863 0.2623 0.9216
vn -0.3176 0.0768 0.9451
vn -0.2078 0.3050 0.9294
vn -0.0040 0.0004 1.0000
vn -0.2706 -0.3258 0.9059
vn -0.2706 -0.3665 0.8902
vn -0.1765 -0.9839 0.0274
vn -0.1451 -0.9890 0.0274
vn -0.2706 -0.3259 0.9059
vn -0.2941 0.5627 0.7725
vn -0.4274 0.4284 0.7961
vn -0.0824 0.0941 0.9921
vn -0.0509 -0.0000 0.9987
vn 0.2079 -0.8944 0.3961
vn 0.3176 -0.8503 0.4195
vn -0.1843 0.2072 0.9608
vn -0.0039 -0.9280 0.3725
vn -0.1843 0.5975 0.7804
vn 0.4432 -0.6930 0.5686
vn -0.8431 0.5376 0.0117
vn -0.1844 0.2072 0.9608
vn 0.4431 -0.6930 0.5686
vn -0.8431 0.5377 0.0118
vn -0.5843 -0.7730 -0.2470
vn -0.4196 -0.2939 0.8588
vn -0.2942 -0.9529 0.0745
vn -0.9843 0.1004 0.1452
vn -0.7569 -0.6196 -0.2078
vn 0.1137 0.4080 -0.9059
vn 0.2392 0.6364 -0.7333
vn 0.7098 0.6730 -0.2078
vn 0.8667 0.2928 0.4039
vn -0.9972 -0.0000 0.0743
vn -0.9999 -0.0000 0.0118
vn -0.9829 -0.0000 0.1841
vn -0.9843 0.0004 0.1765
vn -0.9451 0.0768 0.3176
vn -0.9451 0.0769 0.3176
vn -0.7255 0.1158 0.6784
vn -0.9972 -0.0000 -0.0743
vn -0.9921 -0.0866 -0.0902
vn -0.9529 -0.0736 -0.2941
vn -0.9372 -0.1022 -0.3334
vn -0.5059 -0.1822 -0.8431
vn -0.5059 -0.1412 -0.8510
vn 0.8980 -0.1040 -0.4275
vn 0.9765 -0.0000 -0.2157
vn 0.9686 -0.0674 -0.2392
vn 0.8823 -0.0608 -0.4667
vn 0.3961 -0.1501 -0.9059
vn 0.9983 -0.0000 -0.0587
vn 0.9996 -0.0000 -0.0274
vn 0.9998 -0.0000 0.0196
vn 0.9921 0.0666 0.1059
vn 0.9921 0.0776 0.0980
vn 0.7647 0.1289 0.6314
vn 0.8039 0.1109 0.5843
vn 0.3019 -0.1743 -0.9373
vn 0.3961 -0.1500 -0.9059
vn 0.8823 -0.0607 -0.4667
vn -0.5059 -0.1823 -0.8431
vn -0.5058 -0.1412 -0.8510
vn 0.1608 0.1895 0.9686
vn 0.1059 0.1879 0.9765
vn 0.1451 -0.9735 0.1765
vn 0.1294 -0.9540 0.2706
vn 0.1451 -0.9736 0.1765
vn 0.1529 -0.9825 0.1059
vn 0.1529 -0.9817 0.1137
vn 0.1451 -0.9872 0.0666
vn 0.1451 -0.9872 0.0667
vn 0.1373 -0.9896 0.0431
vn 0.1059 -0.9251 0.3647
vn 0.0980 -0.9060 0.4117
vn 0.0980 -0.9060 0.4118
vn 0.0980 -0.9095 0.4039
vn -0.0980 -0.4450 -0.8902
vn -0.4902 0.7361 -0.4667
vn -0.6784 0.5860 -0.4431
vn 0.0587 -0.0000 -0.9983
vn 0.0745 0.1005 -0.9921
vn -0.2706 0.7935 -0.5451
vn 0.0902 0.0867 -0.9922
vn -0.1686 0.7995 -0.5765
vn 0.0431 0.1174 -0.9921
vn -0.0040 0.5948 -0.8039
vn -0.6549 0.7114 -0.2549
vn -0.0040 0.9371 -0.3490
vn -0.3098 0.8934 -0.3255
vn -0.0040 0.9341 -0.3569
vn -0.3334 0.8819 -0.3333
vn -0.7019 0.6709 -0.2392
vn 0.3412 -0.3448 -0.8745
vn -0.8431 0.5376 0.0118
vn -0.1843 0.2073 0.9608
vn -0.5686 0.2601 0.7804
vn -0.6863 0.5579 -0.4667
vn -0.1294 0.7305 -0.6706
vn -0.1921 0.3775 -0.9059
vn 0.1608 0.1896 0.9686
vn 0.1294 -0.9914 -0.0196
vn 0.5451 -0.8228 0.1608
vn 0.4118 -0.6859 0.6000
vn -0.0039 -0.9798 0.2000
vn 0.6470 -0.2345 0.7255
vn 0.2157 -0.0000 0.9765
vn 0.2471 0.2460 0.9372
vn -0.2314 0.2308 0.9451
vn -0.2000 0.4716 0.8588
vn -0.7333 0.1517 0.6627
vn -0.6157 0.4918 0.6157
vn -0.4275 0.7028 0.5686
vn -0.1451 0.6182 0.7725
vn -0.5843 0.8081 0.0745
vn -0.8667 0.4970 -0.0431
vn -0.4275 0.8008 -0.4196
vn -0.7098 -0.1200 -0.6941
vn -0.1373 0.7567 -0.6392
vn -0.2157 0.4013 -0.8902
vn 0.1529 0.7602 -0.6314
vn 0.1999 0.4260 -0.8824
vn 0.2313 -0.0908 -0.9686
vn -0.5765 -0.6355 -0.5137
vn -0.2000 -0.6126 -0.7647
vn 0.2078 -0.6100 -0.7647
vn -0.1529 -0.8794 -0.4509
vn 0.1529 -0.8753 -0.4588
vn -0.4117 -0.8749 -0.2549
vn -0.0040 -0.9798 0.2000
vn -0.5608 -0.8165 0.1373
vn -0.4431 -0.6799 0.5843
vn -0.6392 -0.2960 0.7098
vn -0.2078 -0.0577 0.9765
vn -0.1529 -0.5856 0.7960
vn -0.0039 -0.9798 0.2001
vn 0.1294 -0.5912 0.7960
vn 0.2000 0.4260 -0.8823
vn 0.6157 0.4819 -0.6235
vn 0.7098 -0.0587 -0.7019
vn 0.2314 -0.0908 -0.9686
vn 0.1529 0.7603 -0.6313
vn 0.4431 0.8003 -0.4039
vn 0.5843 0.8035 0.1137
vn 0.8588 0.5123 0.0039
vn 0.9987 -0.0000 -0.0509
vn 0.6000 -0.6261 -0.4980
vn 0.2079 -0.6100 -0.7647
vn 0.8510 -0.5174 0.0902
vn 0.4118 -0.8793 -0.2392
vn 0.1530 -0.8753 -0.4588
vn 0.7412 0.1475 0.6549
vn 0.6000 0.4811 0.6392
vn 0.4118 0.6927 0.5922
vn 0.1294 0.6118 0.7804
vn 0.1922 0.4604 0.8667
vn -1.0000 0.0003 -0.0040
vn -1.0000 0.0003 -0.0039
vn -0.0039 1.0000 0.0039
vn -1.0000 0.0004 -0.0039
vn -1.0000 0.0003 0.0039
vn 1.0000 -0.0000 0.0039
vn -0.0040 -0.0000 -1.0000
vn 1.0000 -0.0000 -0.0039
vn 0.0039 0.0003 1.0000
vn 0.0040 -0.0000 -1.0000
vn 1.0000 -0.0000 -0.0038
vn 1.0000 -0.0000 -0.0040
vn 0.7254 0.6424 0.2471
vn 0.4196 -0.8947 0.1529
vn 0.4275 -0.9021 0.0588
vn 0.7725 0.6340 0.0353
vn 0.6235 0.6330 0.4588
vn 0.3804 -0.8912 0.2471
vn 0.4823 0.6455 0.5922
vn 0.4353 -0.8988 -0.0510
vn 0.7568 0.6197 -0.2078
vn 0.6784 0.5976 -0.4274
vn 0.3255 0.6335 0.7019
vn 0.3255 -0.8933 0.3098
vn 0.2627 -0.8933 0.3647
vn -0.1137 -0.9870 -0.1137
vn -0.0667 -0.9860 -0.1530
vn -0.0196 -0.9796 -0.2000
vn 0.0431 -0.9772 -0.2079
vn 0.1058 -0.9938 0.0352
vn -0.1294 -0.9907 -0.0431
vn -0.1373 -0.9864 0.0902
vn -0.1530 -0.9880 0.0196
vn 0.4275 -0.9021 0.0589
vn -0.1216 -0.9807 0.1530
vn -0.0745 -0.9770 0.2000
vn 0.3255 -0.9187 -0.2236
vn 0.3883 -0.9113 -0.1373
vn 0.5451 0.5774 -0.6078
vn 0.6784 0.5976 -0.4275
vn 0.0353 -0.9620 0.2706
vn -0.0274 -0.9686 0.2470
vn 0.2000 -0.9295 -0.3098
vn 0.2706 -0.9166 -0.2942
vn 0.1843 0.5305 -0.8274
vn 0.3804 0.5425 -0.7490
vn 0.0980 -0.9531 0.2863
vn 0.1686 -0.9478 0.2706
vn 0.1216 -0.9349 -0.3334
vn 0.0039 -0.9455 -0.3255
vn -0.2706 0.5296 -0.8039
vn -0.0274 0.5245 -0.8509
vn 0.2784 -0.9377 0.2079
vn 0.2314 -0.9389 0.2549
vn -0.0588 -0.9631 -0.2628
vn -0.1686 -0.9581 -0.2314
vn 0.3177 -0.9358 0.1529
vn 0.3412 -0.9357 0.0902
vn -0.2000 -0.9701 -0.1373
vn -0.2628 -0.9631 -0.0589
vn 0.3334 -0.9424 -0.0275
vn 0.3490 -0.9367 0.0275
vn -0.2393 -0.9708 0.0196
vn -0.2628 -0.9590 0.1059
vn -0.4509 0.5411 -0.7098
vn -0.6079 0.5291 -0.5921
vn 0.3176 -0.9446 -0.0824
vn 0.2784 -0.9517 -0.1294
vn -0.1921 -0.9608 0.2000
vn -0.1686 -0.9432 0.2863
vn -0.7176 0.6115 0.3333
vn -0.6000 0.6261 0.4980
vn 0.1686 -0.9635 -0.2079
vn 0.2314 -0.9567 -0.1765
vn 0.0196 -0.9146 0.4040
vn -0.0510 -0.9442 0.3255
vn -0.4353 0.6494 0.6235
vn -0.2471 0.6424 0.7255
vn 0.1059 -0.9689 -0.2235
vn 0.1921 -0.9013 0.3883
vn 0.1137 -0.9178 0.3804
vn -0.0510 0.6516 0.7568
vn 0.1373 0.6390 0.7568
vn -0.8039 0.5787 0.1373
vn -0.2627 -0.9590 0.1059
vn -0.2392 -0.9708 0.0196
vn -0.8117 0.5834 -0.0274
vn -0.2628 -0.9631 -0.0588
vn -0.8039 0.5572 -0.2078
vn -0.7333 0.5469 -0.4039
vn -0.1687 -0.9581 -0.2314
vn -0.6078 0.5291 -0.5922
vn -0.3882 0.8878 0.2471
vn -0.4510 0.8779 0.1608
vn -0.4902 0.8696 0.0588
vn -0.4980 0.8664 -0.0353
vn -0.2941 0.9534 0.0667
vn -0.3098 0.9465 -0.0902
vn -0.8039 0.5573 -0.2078
vn -0.5059 0.8528 -0.1294
vn -0.4588 0.8579 -0.2314
vn -0.6078 0.5291 -0.5921
vn -0.3882 0.8561 -0.3412
vn -0.4510 0.5411 -0.7098
vn -0.3098 0.8607 -0.4039
vn -0.2157 0.9524 -0.2157
vn -0.2157 0.8741 -0.4353
vn -0.0824 0.8764 -0.4745
vn -0.0275 0.5245 -0.8510
vn -0.2706 0.5297 -0.8039
vn -0.0431 0.9719 -0.2313
vn 0.0353 0.8878 -0.4588
vn 0.1373 0.9009 -0.4118
vn 0.2235 0.9215 -0.3176
vn 0.3019 0.9208 -0.2470
vn 0.0901 0.9875 -0.1296
vn 0.3255 0.9355 -0.1372
vn 0.3412 0.9400 0.0039
vn 0.1059 0.9938 0.0353
vn 0.3177 0.9423 0.1059
vn 0.7255 0.6424 0.2470
vn 0.2784 0.9359 0.2157
vn 0.4823 0.6456 0.5921
vn 0.1922 0.9387 0.2863
vn 0.1216 0.9232 0.3647
vn 0.3255 0.6336 0.7019
vn 0.0039 0.9882 0.1529
vn 0.0118 0.9247 0.3804
vn -0.1686 0.9712 0.1686
vn -0.0980 0.9163 0.3882
vn 0.1373 0.6391 0.7568
vn -0.1059 0.9937 -0.0353
vn -0.2470 0.6424 0.7254
vn -0.2000 0.9029 0.3804
vn -0.2941 0.9014 0.3176
vt 0.320362 0.725024
vt 0.305875 0.724058
vt 0.303944 0.714401
vt 0.320362 0.713435
vt 0.302012 0.699914
vt 0.321328 0.697982
vt 0.301046 0.687359
vt 0.321328 0.686393
vt 0.300080 0.676735
vt 0.321328 0.675769
vt 0.301046 0.663214
vt 0.322293 0.662248
vt 0.302978 0.649693
vt 0.323259 0.649693
vt 0.304909 0.639070
vt 0.323259 0.639070
vt 0.306841 0.633275
vt 0.324225 0.633275
vt 0.338712 0.640035
vt 0.337746 0.633275
vt 0.338712 0.649693
vt 0.339677 0.662248
vt 0.339677 0.675769
vt 0.338712 0.687359
vt 0.337746 0.699914
vt 0.334849 0.714401
vt 0.332917 0.724058
vt 0.330020 0.736613
vt 0.320362 0.736613
vt 0.310704 0.735648
vt 0.305875 0.603336
vt 0.302012 0.620720
vt 0.325191 0.622651
vt 0.326156 0.604301
vt 0.308772 0.587883
vt 0.328088 0.589815
vt 0.314567 0.572431
vt 0.329054 0.574362
vt 0.344506 0.590781
vt 0.341609 0.576294
vt 0.343541 0.606233
vt 0.343541 0.623617
vt 0.400522 0.149419
vt 0.387966 0.143624
vt 0.392795 0.122377
vt 0.401487 0.132035
vt 0.385069 0.120445
vt 0.379274 0.142658
vt 0.393761 0.098232
vt 0.401487 0.101130
vt 0.410179 0.106924
vt 0.406316 0.076985
vt 0.413077 0.081814
vt 0.424666 0.084711
vt 0.424666 0.057669
vt 0.428529 0.065396
vt 0.436256 0.077951
vt 0.369617 0.115616
vt 0.364788 0.140727
vt 0.380240 0.091472
vt 0.411145 0.047046
vt 0.393761 0.069259
vt 0.358027 0.114650
vt 0.368651 0.087609
vt 0.383138 0.064430
vt 0.397624 0.044148
vt 0.379274 0.165837
vt 0.364788 0.166803
vt 0.386035 0.188050
vt 0.393761 0.186118
vt 0.401487 0.206400
vt 0.411145 0.195776
vt 0.404385 0.181289
vt 0.394727 0.210263
vt 0.415008 0.225715
vt 0.421769 0.211229
vt 0.410179 0.233442
vt 0.387966 0.164871
vt 0.402453 0.166803
vt 0.382172 0.216057
vt 0.394727 0.241168
vt 0.370582 0.192879
vt 0.381206 0.241168
vt 0.369617 0.220886
vt 0.358993 0.194810
vt 0.354164 0.169700
vt 0.353198 0.141692
vt 0.904659 0.215092
vt 0.894036 0.209297
vt 0.900796 0.200605
vt 0.908522 0.206400
vt 0.917215 0.217023
vt 0.916249 0.208331
vt 0.931701 0.209297
vt 0.925907 0.201571
vt 0.934599 0.188050
vt 0.949085 0.191913
vt 0.957777 0.170666
vt 0.942325 0.168734
vt 0.882446 0.195776
vt 0.894036 0.189981
vt 0.891138 0.179358
vt 0.875686 0.183221
vt 0.886310 0.165837
vt 0.870857 0.166803
vt 0.930735 0.166803
vt 0.925907 0.174529
vt 0.900796 0.170666
vt 0.898865 0.163905
vt 0.913351 0.170666
vt 0.914317 0.162940
vt 0.852507 0.169700
vt 0.859268 0.189981
vt 0.841884 0.170666
vt 0.848644 0.193845
vt 0.858302 0.208331
vt 0.867960 0.203502
vt 0.885344 0.221852
vt 0.880515 0.227647
vt 0.852507 0.210263
vt 0.842849 0.194810
vt 0.836089 0.171632
vt 0.898865 0.236339
vt 0.900796 0.228613
vt 0.918180 0.230544
vt 0.919146 0.237305
vt 0.940393 0.222818
vt 0.945222 0.228613
vt 0.963572 0.200605
vt 0.972264 0.205434
vt 0.974196 0.174529
vt 0.985785 0.177426
vt 0.977093 0.155213
vt 0.988682 0.156179
vt 0.876652 0.232476
vt 0.895967 0.241168
vt 0.951017 0.231510
vt 0.921078 0.244065
vt 0.979025 0.203502
vt 0.989648 0.179358
vt 0.993511 0.156179
vt 0.944256 0.155213
vt 0.931701 0.154248
vt 0.914317 0.152316
vt 0.898865 0.153282
vt 0.886310 0.153282
vt 0.901762 0.141692
vt 0.915283 0.142658
vt 0.890173 0.139761
vt 0.869891 0.151350
vt 0.873754 0.134932
vt 0.896933 0.127206
vt 0.883412 0.119479
vt 0.900796 0.119479
vt 0.894036 0.108856
vt 0.905625 0.129137
vt 0.915283 0.129137
vt 0.867960 0.110787
vt 0.885344 0.094369
vt 0.877617 0.084711
vt 0.854439 0.105958
vt 0.855405 0.130103
vt 0.842849 0.127206
vt 0.850576 0.149419
vt 0.839952 0.148453
vt 0.844781 0.105958
vt 0.837055 0.127206
vt 0.867960 0.078917
vt 0.834157 0.147487
vt 0.890173 0.066361
vt 0.896933 0.076019
vt 0.917215 0.075053
vt 0.918180 0.061533
vt 0.901762 0.088574
vt 0.916249 0.087609
vt 0.916249 0.103061
vt 0.905625 0.104993
vt 0.915283 0.117548
vt 0.906591 0.117548
vt 0.935564 0.076019
vt 0.941359 0.067327
vt 0.951017 0.083745
vt 0.958743 0.077951
vt 0.930735 0.089540
vt 0.943291 0.095335
vt 0.936530 0.108856
vt 0.925907 0.104993
vt 0.929770 0.119479
vt 0.923975 0.118514
vt 0.981922 0.104027
vt 0.974196 0.104027
vt 0.991580 0.132035
vt 0.986751 0.133966
vt 0.959709 0.109822
vt 0.974196 0.135898
vt 0.958743 0.138795
vt 0.947154 0.118514
vt 0.940393 0.141692
vt 0.933633 0.128171
vt 0.924941 0.129137
vt 0.928804 0.142658
vt 0.959709 0.155213
vt 0.463297 0.158111
vt 0.462332 0.181289
vt 0.439153 0.171632
vt 0.438187 0.155213
vt 0.479716 0.182255
vt 0.481647 0.158111
vt 0.496134 0.182255
vt 0.497100 0.158111
vt 0.521244 0.155213
vt 0.518347 0.177426
vt 0.496134 0.207365
vt 0.479716 0.209297
vt 0.461366 0.206400
vt 0.463297 0.139761
vt 0.439153 0.138795
vt 0.481647 0.139761
vt 0.498066 0.138795
vt 0.519313 0.136863
vt 0.482613 0.120445
vt 0.499031 0.120445
vt 0.482613 0.098232
vt 0.465229 0.100164
vt 0.464263 0.120445
vt 0.440119 0.120445
vt 0.443016 0.102095
vt 0.499031 0.098232
vt 0.513518 0.098232
vt 0.517381 0.118514
vt 0.467161 0.059601
vt 0.484545 0.059601
vt 0.502894 0.071190
vt 0.445913 0.089540
vt 0.455571 0.068293
vt 0.901762 0.176460
vt 0.910454 0.174529
vt 0.920112 0.179358
vt 0.922043 0.189016
vt 0.918180 0.197708
vt 0.914317 0.201571
vt 0.909488 0.194810
vt 0.903694 0.185153
vt 0.447845 0.195776
vt 0.507723 0.199639
vt 0.324225 0.141692
vt 0.322293 0.159076
vt 0.311670 0.166803
vt 0.310704 0.145555
vt 0.302978 0.167768
vt 0.302012 0.144590
vt 0.307807 0.190947
vt 0.314567 0.123342
vt 0.329054 0.124308
vt 0.305875 0.121411
vt 0.324225 0.104027
vt 0.333883 0.109822
vt 0.316499 0.100164
vt 0.335814 0.084711
vt 0.343541 0.097266
vt 0.330020 0.079882
vt 0.352233 0.067327
vt 0.356096 0.083745
vt 0.348369 0.059601
vt 0.318430 0.071190
vt 0.335814 0.048977
vt 0.302978 0.093403
vt 0.291388 0.117548
vt 0.286559 0.143624
vt 0.287525 0.169700
vt 0.293320 0.194810
vt 0.274970 0.140727
vt 0.275936 0.168734
vt 0.280765 0.197708
vt 0.302978 0.219921
vt 0.317464 0.214126
vt 0.315533 0.189016
vt 0.324225 0.210263
vt 0.326156 0.186118
vt 0.336780 0.210263
vt 0.331951 0.237305
vt 0.336780 0.230544
vt 0.346438 0.218955
vt 0.316499 0.245031
vt 0.291388 0.222818
vt 0.302012 0.245031
vt 0.321328 0.046080
vt 0.306841 0.064430
vt 0.291388 0.088574
vt 0.281731 0.112719
vt 0.753998 0.213160
vt 0.751100 0.204468
vt 0.757861 0.197708
vt 0.765587 0.206400
vt 0.741442 0.214126
vt 0.742408 0.206400
vt 0.726956 0.207365
vt 0.733716 0.199639
vt 0.724058 0.185153
vt 0.710537 0.189981
vt 0.700880 0.167768
vt 0.716332 0.165837
vt 0.777176 0.193845
vt 0.764621 0.187084
vt 0.768484 0.176460
vt 0.782971 0.181289
vt 0.772347 0.162940
vt 0.787800 0.164871
vt 0.727921 0.163905
vt 0.732750 0.171632
vt 0.757861 0.167768
vt 0.759792 0.161974
vt 0.745305 0.167768
vt 0.744340 0.160042
vt 0.807115 0.166803
vt 0.800355 0.187084
vt 0.817739 0.168734
vt 0.810979 0.190947
vt 0.801321 0.205434
vt 0.791663 0.201571
vt 0.773313 0.218955
vt 0.779108 0.224750
vt 0.807115 0.207365
vt 0.815808 0.191913
vt 0.823534 0.168734
vt 0.760758 0.233442
vt 0.757861 0.225715
vt 0.740477 0.227647
vt 0.739511 0.234407
vt 0.719229 0.220886
vt 0.713435 0.225715
vt 0.695085 0.197708
vt 0.686393 0.202537
vt 0.684461 0.171632
vt 0.672872 0.175495
vt 0.681564 0.152316
vt 0.669975 0.153282
vt 0.782971 0.230544
vt 0.707640 0.229578
vt 0.738545 0.241168
vt 0.679632 0.201571
vt 0.669009 0.176460
vt 0.665146 0.153282
vt 0.667077 0.129137
vt 0.762690 0.239236
vt 0.684461 0.100164
vt 0.670940 0.131069
vt 0.698948 0.106924
vt 0.684461 0.133000
vt 0.676735 0.100164
vt 0.700880 0.135898
vt 0.711503 0.115616
vt 0.718264 0.138795
vt 0.725024 0.124308
vt 0.734682 0.126240
vt 0.730819 0.139761
vt 0.726956 0.152316
vt 0.714401 0.152316
vt 0.743374 0.126240
vt 0.743374 0.139761
vt 0.753032 0.126240
vt 0.756895 0.138795
vt 0.760758 0.150384
vt 0.744340 0.150384
vt 0.773313 0.151350
vt 0.769450 0.136863
vt 0.788766 0.148453
vt 0.785868 0.132035
vt 0.761724 0.124308
vt 0.776210 0.116582
vt 0.757861 0.116582
vt 0.765587 0.105958
vt 0.791663 0.107890
vt 0.773313 0.091472
vt 0.782005 0.081814
vt 0.805184 0.103061
vt 0.803252 0.127206
vt 0.816773 0.124308
vt 0.808081 0.146521
vt 0.819671 0.145555
vt 0.814842 0.103061
vt 0.822568 0.124308
vt 0.790697 0.075053
vt 0.825465 0.144590
vt 0.698948 0.152316
vt 0.768484 0.062498
vt 0.761724 0.073122
vt 0.742408 0.071190
vt 0.741442 0.057669
vt 0.757861 0.085677
vt 0.742408 0.084711
vt 0.743374 0.100164
vt 0.753998 0.102095
vt 0.743374 0.114650
vt 0.752066 0.114650
vt 0.723093 0.073122
vt 0.717298 0.064430
vt 0.707640 0.079882
vt 0.699914 0.075053
vt 0.728887 0.086643
vt 0.715366 0.091472
vt 0.723093 0.104993
vt 0.733716 0.101130
vt 0.728887 0.116582
vt 0.735648 0.115616
vt 0.588849 0.158111
vt 0.613959 0.155213
vt 0.612028 0.172597
vt 0.589815 0.182255
vt 0.571465 0.182255
vt 0.570499 0.158111
vt 0.555047 0.182255
vt 0.554081 0.157145
vt 0.530902 0.154248
vt 0.533799 0.177426
vt 0.556012 0.207365
vt 0.571465 0.209297
vt 0.590781 0.206400
vt 0.588849 0.139761
vt 0.612028 0.139761
vt 0.570499 0.139761
vt 0.554081 0.138795
vt 0.532834 0.135898
vt 0.569533 0.120445
vt 0.553115 0.120445
vt 0.569533 0.098232
vt 0.587883 0.100164
vt 0.587883 0.120445
vt 0.612028 0.120445
vt 0.609130 0.103061
vt 0.554081 0.098232
vt 0.538628 0.098232
vt 0.534765 0.118514
vt 0.584986 0.060567
vt 0.568568 0.059601
vt 0.550218 0.070225
vt 0.607199 0.089540
vt 0.597541 0.068293
vt 0.756895 0.174529
vt 0.748203 0.172597
vt 0.739511 0.177426
vt 0.736613 0.186118
vt 0.741442 0.194810
vt 0.745305 0.198673
vt 0.749169 0.192879
vt 0.754963 0.182255
vt 0.604301 0.196742
vt 0.543457 0.199639
vt 0.081814 0.070225
vt 0.095335 0.070225
vt 0.094369 0.083745
vt 0.081814 0.083745
vt 0.068293 0.069259
vt 0.068293 0.083745
vt 0.048012 0.070225
vt 0.048977 0.084711
vt 0.027730 0.072156
vt 0.029662 0.086643
vt 0.068293 0.058635
vt 0.081814 0.059601
vt 0.082780 0.041251
vt 0.095335 0.059601
vt 0.096301 0.042217
vt 0.068293 0.041251
vt 0.047046 0.059601
vt 0.046080 0.042217
vt 0.026764 0.061533
vt 0.024833 0.044148
vt 0.049943 0.110787
vt 0.031593 0.112719
vt 0.069259 0.109822
vt 0.080848 0.110787
vt 0.093403 0.110787
vt 0.045114 0.028696
vt 0.022901 0.030628
vt 0.067327 0.027730
vt 0.104993 0.111753
vt 0.106924 0.084711
vt 0.115616 0.112719
vt 0.118514 0.085677
vt 0.107890 0.071190
vt 0.119479 0.072156
vt 0.133000 0.087609
vt 0.134932 0.074088
vt 0.107890 0.060567
vt 0.120445 0.061533
vt 0.122377 0.044148
vt 0.109822 0.043183
vt 0.136863 0.063464
vt 0.138795 0.046080
vt 0.130103 0.113685
vt 0.124308 0.030628
vt 0.110787 0.029662
vt 0.141692 0.032559
vt 0.097266 0.028696
vt 0.082780 0.027730
vt 0.018072 0.087609
vt 0.020970 0.113685
vt 0.016141 0.074088
vt 0.015175 0.063464
vt 0.012278 0.046080
vt 0.009380 0.032559
vt 0.210263 0.070225
vt 0.210263 0.083745
vt 0.197708 0.084711
vt 0.196742 0.071190
vt 0.223784 0.070225
vt 0.223784 0.084711
vt 0.244065 0.071190
vt 0.243099 0.085677
vt 0.264347 0.073122
vt 0.263381 0.086643
vt 0.223784 0.059601
vt 0.210263 0.059601
vt 0.210263 0.042217
vt 0.196742 0.060567
vt 0.195776 0.043183
vt 0.224750 0.042217
vt 0.245031 0.060567
vt 0.245997 0.043183
vt 0.265312 0.062498
vt 0.268210 0.045114
vt 0.242134 0.111753
vt 0.260483 0.112719
vt 0.223784 0.110787
vt 0.211229 0.110787
vt 0.198673 0.111753
vt 0.209297 0.028696
vt 0.224750 0.027730
vt 0.246962 0.028696
vt 0.270141 0.030628
vt 0.188050 0.112719
vt 0.186118 0.085677
vt 0.176460 0.112719
vt 0.174529 0.086643
vt 0.185153 0.071190
vt 0.172597 0.072156
vt 0.159076 0.088574
vt 0.157145 0.074088
vt 0.184187 0.061533
vt 0.171632 0.062498
vt 0.169700 0.045114
vt 0.182255 0.043183
vt 0.156179 0.064430
vt 0.153282 0.047046
vt 0.161974 0.114650
vt 0.167768 0.031593
vt 0.181289 0.029662
vt 0.150384 0.033525
vt 0.194810 0.028696
vt 0.274004 0.088574
vt 0.271107 0.114650
vt 0.275936 0.074088
vt 0.277867 0.064430
vt 0.279799 0.047046
vt 0.282696 0.033525
vt 0.033525 0.694119
vt 0.022901 0.691222
vt 0.025799 0.680598
vt 0.036422 0.682530
vt 0.031593 0.703777
vt 0.022901 0.698948
vt 0.029662 0.664180
vt 0.041251 0.667077
vt 0.042217 0.664180
vt 0.030628 0.661283
vt 0.019038 0.661283
vt 0.020004 0.658385
vt 0.008415 0.659351
vt 0.008415 0.655488
vt 0.009380 0.651625
vt 0.020004 0.655488
vt 0.016141 0.679632
vt 0.009380 0.675769
vt 0.024833 0.638104
vt 0.037388 0.641001
vt 0.031593 0.659351
vt 0.048977 0.644864
vt 0.042217 0.662248
vt 0.049943 0.641967
vt 0.038354 0.638104
vt 0.039320 0.635206
vt 0.050909 0.639070
vt 0.025799 0.634241
vt 0.013243 0.635206
vt 0.014209 0.631343
vt 0.015175 0.627480
vt 0.026764 0.631343
vt 0.045114 0.619754
vt 0.031593 0.616857
vt 0.020004 0.613959
vt 0.046080 0.614925
vt 0.032559 0.612993
vt 0.047046 0.611062
vt 0.033525 0.609130
vt 0.048977 0.601404
vt 0.036422 0.598507
vt 0.020970 0.610096
vt 0.021935 0.606233
vt 0.023867 0.595609
vt 0.038354 0.582089
vt 0.026764 0.580157
vt 0.060567 0.613959
vt 0.059601 0.617822
vt 0.062498 0.603336
vt 0.076985 0.615891
vt 0.078917 0.604301
vt 0.096301 0.616857
vt 0.097266 0.604301
vt 0.081814 0.589815
vt 0.098232 0.589815
vt 0.113685 0.588849
vt 0.113685 0.603336
vt 0.099198 0.571465
vt 0.115616 0.571465
vt 0.115616 0.615891
vt 0.132035 0.603336
vt 0.132035 0.615891
vt 0.147487 0.604301
vt 0.146521 0.615891
vt 0.133000 0.621686
vt 0.146521 0.620720
vt 0.160042 0.620720
vt 0.159076 0.615891
vt 0.161008 0.624583
vt 0.147487 0.624583
vt 0.171632 0.622651
vt 0.171632 0.619754
vt 0.176460 0.634241
vt 0.164871 0.637138
vt 0.165837 0.641001
vt 0.177426 0.637138
vt 0.166803 0.643898
vt 0.178392 0.641001
vt 0.182255 0.656454
vt 0.171632 0.659351
vt 0.161008 0.662248
vt 0.156179 0.646796
vt 0.161974 0.665146
vt 0.172597 0.662248
vt 0.173563 0.665146
vt 0.162940 0.667077
vt 0.184187 0.664180
vt 0.183221 0.659351
vt 0.169700 0.682530
vt 0.177426 0.682530
vt 0.184187 0.678667
vt 0.158111 0.686393
vt 0.161974 0.697016
vt 0.147487 0.691222
vt 0.150384 0.700880
vt 0.165837 0.705709
vt 0.154248 0.707640
vt 0.140727 0.675769
vt 0.151350 0.670940
vt 0.150384 0.669009
vt 0.139761 0.673838
vt 0.133966 0.679632
vt 0.133000 0.676735
vt 0.127206 0.685427
vt 0.125274 0.681564
vt 0.124308 0.676735
vt 0.132035 0.673838
vt 0.140727 0.696051
vt 0.133000 0.698948
vt 0.121411 0.661283
vt 0.127206 0.659351
vt 0.132035 0.654522
vt 0.137829 0.670940
vt 0.149419 0.666111
vt 0.143624 0.650659
vt 0.131069 0.650659
vt 0.142658 0.646796
vt 0.126240 0.655488
vt 0.120445 0.656454
vt 0.130103 0.648727
vt 0.140727 0.643898
vt 0.125274 0.652591
vt 0.120445 0.652591
vt 0.134932 0.626514
vt 0.122377 0.631343
vt 0.121411 0.641967
vt 0.119479 0.643898
vt 0.153282 0.640035
vt 0.154248 0.642933
vt 0.119479 0.640035
vt 0.119479 0.637138
vt 0.118514 0.625549
vt 0.116582 0.637138
vt 0.115616 0.626514
vt 0.118514 0.643898
vt 0.111753 0.624583
vt 0.114650 0.634241
vt 0.096301 0.621686
vt 0.095335 0.625549
vt 0.082780 0.630378
vt 0.082780 0.645830
vt 0.076985 0.646796
vt 0.082780 0.648727
vt 0.076019 0.650659
vt 0.075053 0.654522
vt 0.073122 0.649693
vt 0.071190 0.654522
vt 0.081814 0.652591
vt 0.094369 0.652591
vt 0.078917 0.669975
vt 0.092438 0.671906
vt 0.094369 0.648727
vt 0.074088 0.645830
vt 0.069259 0.669009
vt 0.073122 0.669975
vt 0.073122 0.673838
vt 0.068293 0.673838
vt 0.067327 0.678667
vt 0.073122 0.677701
vt 0.078917 0.673838
vt 0.078917 0.677701
vt 0.091472 0.673838
vt 0.091472 0.676735
vt 0.089540 0.695085
vt 0.076985 0.695085
vt 0.087609 0.705709
vt 0.076019 0.703777
vt 0.086643 0.715366
vt 0.076019 0.711503
vt 0.071190 0.696051
vt 0.064430 0.695085
vt 0.101130 0.706674
vt 0.099198 0.714401
vt 0.101130 0.696051
vt 0.104027 0.679632
vt 0.111753 0.681564
vt 0.108856 0.697016
vt 0.117548 0.683496
vt 0.116582 0.697982
vt 0.104027 0.676735
vt 0.111753 0.676735
vt 0.110787 0.672872
vt 0.104993 0.672872
vt 0.117548 0.677701
vt 0.117548 0.673838
vt 0.112719 0.656454
vt 0.118514 0.657419
vt 0.111753 0.652591
vt 0.106924 0.650659
vt 0.106924 0.654522
vt 0.111753 0.648727
vt 0.118514 0.648727
vt 0.118514 0.652591
vt 0.106924 0.647762
vt 0.113685 0.640035
vt 0.116582 0.642933
vt 0.094369 0.645830
vt 0.115616 0.639070
vt 0.108856 0.630378
vt 0.246962 0.635206
vt 0.235373 0.624583
vt 0.244065 0.612028
vt 0.259518 0.618788
vt 0.224750 0.635206
vt 0.233442 0.648727
vt 0.227647 0.615891
vt 0.240202 0.605267
vt 0.255655 0.605267
vt 0.246962 0.595609
vt 0.217023 0.628446
vt 0.259518 0.593678
vt 0.253723 0.586917
vt 0.268210 0.577260
vt 0.276902 0.585952
vt 0.284628 0.563739
vt 0.289457 0.570499
vt 0.214126 0.582089
vt 0.204468 0.591746
vt 0.245031 0.560841
vt 0.262415 0.552149
vt 0.232476 0.568568
vt 0.261449 0.546355
vt 0.242134 0.552149
vt 0.194810 0.604301
vt 0.206400 0.635206
vt 0.214126 0.643898
vt 0.189016 0.612028
vt 0.188050 0.598507
vt 0.185153 0.606233
vt 0.184187 0.618788
vt 0.193845 0.641001
vt 0.180324 0.612028
vt 0.174529 0.593678
vt 0.179358 0.576294
vt 0.196742 0.585952
vt 0.207365 0.574362
vt 0.189016 0.561807
vt 0.204468 0.556012
vt 0.216057 0.566636
vt 0.173563 0.604301
vt 0.167768 0.591746
vt 0.170666 0.604301
vt 0.175495 0.612993
vt 0.224750 0.574362
vt 0.173563 0.612028
vt 0.167768 0.604301
vt 0.171632 0.613959
vt 0.225715 0.560841
vt 0.214126 0.548286
vt 0.235373 0.539594
vt 0.210263 0.543457
vt 0.198673 0.551184
vt 0.233442 0.535731
vt 0.258552 0.539594
vt 0.258552 0.537663
vt 0.183221 0.556978
vt 0.172597 0.572431
vt 0.160042 0.591746
vt 0.163905 0.605267
vt 0.150384 0.593678
vt 0.161008 0.609130
vt 0.132035 0.588849
vt 0.132035 0.570499
vt 0.115616 0.555047
vt 0.101130 0.555047
vt 0.131069 0.552149
vt 0.130103 0.542491
vt 0.115616 0.544423
vt 0.148453 0.569533
vt 0.161974 0.568568
vt 0.154248 0.546355
vt 0.086643 0.553115
vt 0.084711 0.570499
vt 0.070225 0.568568
vt 0.065396 0.586917
vt 0.051875 0.584986
vt 0.043183 0.565670
vt 0.031593 0.562773
vt 0.055738 0.568568
vt 0.048977 0.549252
vt 0.039320 0.544423
vt 0.060567 0.552149
vt 0.073122 0.554081
vt 0.085677 0.543457
vt 0.100164 0.544423
vt 0.077951 0.542491
vt 0.114650 0.536697
vt 0.129137 0.535731
vt 0.148453 0.530902
vt 0.150384 0.536697
vt 0.169700 0.532834
vt 0.178392 0.536697
vt 0.171632 0.550218
vt 0.190947 0.544423
vt 0.164871 0.528005
vt 0.164871 0.516415
vt 0.178392 0.517381
vt 0.171632 0.494202
vt 0.165837 0.495168
vt 0.161008 0.469092
vt 0.170666 0.465229
vt 0.156179 0.452674
vt 0.164871 0.447845
vt 0.185153 0.459434
vt 0.179358 0.440119
vt 0.205434 0.450742
vt 0.201571 0.431427
vt 0.225715 0.446879
vt 0.228613 0.471024
vt 0.246962 0.462332
vt 0.245997 0.445913
vt 0.244065 0.426598
vt 0.223784 0.427564
vt 0.258552 0.426598
vt 0.261449 0.443982
vt 0.264347 0.427564
vt 0.266278 0.443982
vt 0.269175 0.427564
vt 0.270141 0.443016
vt 0.286559 0.427564
vt 0.285594 0.443016
vt 0.291388 0.427564
vt 0.291388 0.443016
vt 0.297183 0.427564
vt 0.296217 0.443982
vt 0.314567 0.444948
vt 0.316499 0.429495
vt 0.322293 0.430461
vt 0.320362 0.444948
vt 0.327122 0.430461
vt 0.325191 0.444948
vt 0.346438 0.446879
vt 0.345472 0.434324
vt 0.286559 0.457503
vt 0.272073 0.457503
vt 0.291388 0.457503
vt 0.296217 0.457503
vt 0.314567 0.458468
vt 0.320362 0.459434
vt 0.325191 0.459434
vt 0.343541 0.459434
vt 0.270141 0.457503
vt 0.263381 0.461366
vt 0.252757 0.483579
vt 0.270141 0.480681
vt 0.269175 0.498066
vt 0.274970 0.480681
vt 0.276902 0.496134
vt 0.277867 0.480681
vt 0.279799 0.496134
vt 0.299115 0.495168
vt 0.298149 0.478750
vt 0.298149 0.462332
vt 0.304909 0.478750
vt 0.303944 0.462332
vt 0.310704 0.461366
vt 0.310704 0.478750
vt 0.330985 0.462332
vt 0.330020 0.477784
vt 0.335814 0.462332
vt 0.335814 0.477784
vt 0.341609 0.462332
vt 0.341609 0.477784
vt 0.365754 0.478750
vt 0.362856 0.464263
vt 0.304909 0.494202
vt 0.311670 0.494202
vt 0.330985 0.493237
vt 0.335814 0.493237
vt 0.342575 0.493237
vt 0.362856 0.492271
vt 0.277867 0.517381
vt 0.278833 0.532834
vt 0.273039 0.532834
vt 0.273039 0.517381
vt 0.282696 0.531868
vt 0.280765 0.517381
vt 0.299115 0.531868
vt 0.299115 0.516415
vt 0.298149 0.500963
vt 0.302978 0.516415
vt 0.302978 0.500963
vt 0.308772 0.516415
vt 0.307807 0.499997
vt 0.328088 0.514484
vt 0.328088 0.499997
vt 0.332917 0.500963
vt 0.332917 0.515450
vt 0.337746 0.499997
vt 0.337746 0.515450
vt 0.360925 0.515450
vt 0.358027 0.501929
vt 0.281731 0.500963
vt 0.303944 0.530902
vt 0.329054 0.529936
vt 0.308772 0.530902
vt 0.338712 0.529936
vt 0.332917 0.529936
vt 0.358993 0.528005
vt 0.277867 0.500963
vt 0.258552 0.516415
vt 0.266278 0.533799
vt 0.255655 0.499031
vt 0.236339 0.499997
vt 0.231510 0.486476
vt 0.212194 0.496134
vt 0.209297 0.488408
vt 0.190947 0.500963
vt 0.189981 0.491305
vt 0.180324 0.492271
vt 0.183221 0.500963
vt 0.181289 0.484545
vt 0.190947 0.480681
vt 0.208331 0.477784
vt 0.194810 0.521244
vt 0.204468 0.536697
vt 0.228613 0.528971
vt 0.259518 0.535731
vt 0.219921 0.516415
vt 0.240202 0.516415
vt 0.262415 0.534765
vt 0.066361 0.644864
vt 0.065396 0.647762
vt 0.060567 0.645830
vt 0.061533 0.642933
vt 0.072156 0.649693
vt 0.073122 0.645830
vt 0.070225 0.654522
vt 0.065396 0.651625
vt 0.067327 0.669009
vt 0.059601 0.667077
vt 0.053806 0.666111
vt 0.059601 0.648727
vt 0.052840 0.669009
vt 0.059601 0.670940
vt 0.057669 0.672872
vt 0.051875 0.670940
vt 0.064430 0.676735
vt 0.066361 0.672872
vt 0.045114 0.685427
vt 0.049943 0.689290
vt 0.059601 0.689290
vt 0.046080 0.696051
vt 0.043183 0.702811
vt 0.069259 0.626514
vt 0.071190 0.633275
vt 0.074088 0.638104
vt 0.075053 0.630378
vt 0.057669 0.622651
vt 0.071190 0.624583
vt 0.074088 0.637138
vt 0.076019 0.625549
vt 0.079882 0.625549
vt 0.076985 0.630378
vt 0.075053 0.637138
vt 0.078917 0.632309
vt 0.076985 0.638104
vt 0.074088 0.642933
vt 0.078917 0.640035
vt 0.076019 0.641001
vt 0.276902 0.462332
vt 0.274004 0.463297
vt 0.169700 0.615891
vt 0.166803 0.613959
vt 0.169700 0.613959
vt 0.198673 0.646796
vt 0.264347 0.645830
vt 0.246962 0.658385
vt 0.270141 0.626514
vt 0.172597 0.691222
vt 0.174529 0.698948
vt 0.119479 0.644864
vt 0.118514 0.646796
vt 0.117548 0.644864
vt 0.119479 0.442050
vt 0.110787 0.443982
vt 0.109822 0.426598
vt 0.118514 0.423700
vt 0.106924 0.403419
vt 0.117548 0.403419
vt 0.105958 0.387001
vt 0.116582 0.385069
vt 0.133000 0.441084
vt 0.132035 0.423700
vt 0.131069 0.404385
vt 0.129137 0.386035
vt 0.115616 0.369617
vt 0.129137 0.371548
vt 0.117548 0.350301
vt 0.130103 0.353198
vt 0.121411 0.332917
vt 0.134932 0.334849
vt 0.129137 0.309738
vt 0.143624 0.313601
vt 0.142658 0.353198
vt 0.144590 0.339677
vt 0.141692 0.439153
vt 0.141692 0.423700
vt 0.141692 0.371548
vt 0.143624 0.402453
vt 0.141692 0.385069
vt 0.151350 0.322293
vt 0.107890 0.344506
vt 0.111753 0.329054
vt 0.119479 0.309738
vt 0.143624 0.459434
vt 0.133000 0.459434
vt 0.120445 0.460400
vt 0.133000 0.479716
vt 0.120445 0.480681
vt 0.124308 0.503860
vt 0.134932 0.501929
vt 0.141692 0.520279
vt 0.128171 0.524142
vt 0.145555 0.479716
vt 0.146521 0.497100
vt 0.151350 0.515450
vt 0.112719 0.507723
vt 0.118514 0.522210
vt 0.109822 0.458468
vt 0.108856 0.480681
vt 0.153282 0.348369
vt 0.149419 0.376377
vt 0.148453 0.439153
vt 0.147487 0.422735
vt 0.148453 0.402453
vt 0.155213 0.329054
vt 0.153282 0.487442
vt 0.159076 0.510621
vt 0.149419 0.460400
vt 0.052840 0.528005
vt 0.050909 0.536697
vt 0.047046 0.533799
vt 0.068293 0.534765
vt 0.065396 0.540560
vt 0.080848 0.536697
vt 0.100164 0.537663
vt 0.104027 0.368651
vt 0.031593 0.146521
vt 0.034491 0.158111
vt 0.024833 0.160042
vt 0.020970 0.150384
vt 0.029662 0.136863
vt 0.020970 0.141692
vt 0.028696 0.176460
vt 0.040285 0.173563
vt 0.041251 0.175495
vt 0.029662 0.179358
vt 0.018072 0.179358
vt 0.019038 0.182255
vt 0.007449 0.181289
vt 0.007449 0.185153
vt 0.008415 0.189981
vt 0.020004 0.186118
vt 0.014209 0.161974
vt 0.007449 0.164871
vt 0.023867 0.202537
vt 0.036422 0.199639
vt 0.030628 0.181289
vt 0.048012 0.195776
vt 0.041251 0.177426
vt 0.049943 0.198673
vt 0.037388 0.202537
vt 0.038354 0.205434
vt 0.050909 0.200605
vt 0.025799 0.206400
vt 0.012278 0.205434
vt 0.014209 0.210263
vt 0.015175 0.214126
vt 0.026764 0.209297
vt 0.045114 0.220886
vt 0.031593 0.223784
vt 0.020004 0.226681
vt 0.046080 0.224750
vt 0.033525 0.227647
vt 0.047046 0.228613
vt 0.034491 0.231510
vt 0.049943 0.239236
vt 0.036422 0.242134
vt 0.020970 0.230544
vt 0.021935 0.234407
vt 0.024833 0.245031
vt 0.039320 0.257586
vt 0.027730 0.260483
vt 0.060567 0.225715
vt 0.059601 0.221852
vt 0.062498 0.237305
vt 0.076985 0.223784
vt 0.078917 0.235373
vt 0.096301 0.222818
vt 0.097266 0.235373
vt 0.082780 0.249860
vt 0.098232 0.248894
vt 0.114650 0.249860
vt 0.114650 0.235373
vt 0.100164 0.268210
vt 0.116582 0.267244
vt 0.114650 0.221852
vt 0.132035 0.235373
vt 0.132035 0.221852
vt 0.147487 0.233442
vt 0.146521 0.221852
vt 0.133000 0.216057
vt 0.146521 0.217023
vt 0.160042 0.217023
vt 0.159076 0.221852
vt 0.160042 0.213160
vt 0.147487 0.213160
vt 0.171632 0.214126
vt 0.170666 0.217023
vt 0.175495 0.203502
vt 0.164871 0.199639
vt 0.165837 0.196742
vt 0.176460 0.199639
vt 0.166803 0.192879
vt 0.177426 0.195776
vt 0.181289 0.181289
vt 0.170666 0.178392
vt 0.160042 0.175495
vt 0.155213 0.190947
vt 0.161008 0.172597
vt 0.171632 0.175495
vt 0.172597 0.171632
vt 0.161974 0.169700
vt 0.183221 0.173563
vt 0.182255 0.177426
vt 0.167768 0.154248
vt 0.175495 0.155213
vt 0.182255 0.158111
vt 0.156179 0.151350
vt 0.160042 0.140727
vt 0.145555 0.146521
vt 0.148453 0.136863
vt 0.163905 0.132035
vt 0.152316 0.130103
vt 0.139761 0.161974
vt 0.150384 0.166803
vt 0.149419 0.168734
vt 0.137829 0.164871
vt 0.133000 0.158111
vt 0.132035 0.161008
vt 0.125274 0.152316
vt 0.124308 0.157145
vt 0.123342 0.161974
vt 0.131069 0.163905
vt 0.138795 0.142658
vt 0.131069 0.139761
vt 0.120445 0.177426
vt 0.126240 0.179358
vt 0.131069 0.183221
vt 0.136863 0.167768
vt 0.148453 0.171632
vt 0.142658 0.187084
vt 0.130103 0.187084
vt 0.141692 0.190947
vt 0.125274 0.183221
vt 0.119479 0.181289
vt 0.129137 0.189981
vt 0.140727 0.193845
vt 0.124308 0.186118
vt 0.119479 0.186118
vt 0.133966 0.212194
vt 0.122377 0.207365
vt 0.120445 0.195776
vt 0.119479 0.193845
vt 0.152316 0.197708
vt 0.154248 0.194810
vt 0.118514 0.213160
vt 0.118514 0.201571
vt 0.116582 0.201571
vt 0.115616 0.212194
vt 0.118514 0.198673
vt 0.117548 0.193845
vt 0.111753 0.214126
vt 0.114650 0.204468
vt 0.095335 0.217989
vt 0.095335 0.213160
vt 0.082780 0.209297
vt 0.081814 0.192879
vt 0.076019 0.192879
vt 0.081814 0.189981
vt 0.075053 0.189016
vt 0.074088 0.185153
vt 0.072156 0.189981
vt 0.070225 0.185153
vt 0.080848 0.187084
vt 0.093403 0.186118
vt 0.077951 0.168734
vt 0.090506 0.167768
vt 0.093403 0.189981
vt 0.073122 0.193845
vt 0.068293 0.170666
vt 0.071190 0.169700
vt 0.071190 0.165837
vt 0.067327 0.165837
vt 0.065396 0.161008
vt 0.071190 0.161974
vt 0.077951 0.165837
vt 0.076985 0.161974
vt 0.090506 0.164871
vt 0.090506 0.161974
vt 0.087609 0.144590
vt 0.075053 0.144590
vt 0.085677 0.133000
vt 0.074088 0.135898
vt 0.084711 0.123342
vt 0.073122 0.128171
vt 0.069259 0.143624
vt 0.062498 0.144590
vt 0.099198 0.133000
vt 0.096301 0.125274
vt 0.099198 0.143624
vt 0.102095 0.160042
vt 0.109822 0.157145
vt 0.106924 0.141692
vt 0.115616 0.155213
vt 0.114650 0.140727
vt 0.103061 0.162940
vt 0.109822 0.161974
vt 0.109822 0.165837
vt 0.103061 0.165837
vt 0.116582 0.161008
vt 0.116582 0.164871
vt 0.111753 0.182255
vt 0.117548 0.181289
vt 0.110787 0.186118
vt 0.105958 0.188050
vt 0.105958 0.184187
vt 0.111753 0.189981
vt 0.117548 0.189981
vt 0.118514 0.186118
vt 0.106924 0.190947
vt 0.113685 0.198673
vt 0.115616 0.195776
vt 0.094369 0.192879
vt 0.115616 0.199639
vt 0.108856 0.208331
vt 0.246962 0.200605
vt 0.259518 0.216057
vt 0.244065 0.223784
vt 0.235373 0.211229
vt 0.223784 0.201571
vt 0.232476 0.187084
vt 0.227647 0.219921
vt 0.240202 0.230544
vt 0.255655 0.230544
vt 0.246962 0.240202
vt 0.217023 0.207365
vt 0.259518 0.242134
vt 0.254689 0.248894
vt 0.269175 0.258552
vt 0.277867 0.248894
vt 0.285594 0.271107
vt 0.290423 0.264347
vt 0.215092 0.253723
vt 0.204468 0.245031
vt 0.246962 0.274004
vt 0.264347 0.283662
vt 0.233442 0.267244
vt 0.263381 0.288491
vt 0.244065 0.283662
vt 0.194810 0.232476
vt 0.206400 0.201571
vt 0.189016 0.224750
vt 0.188050 0.238270
vt 0.185153 0.231510
vt 0.183221 0.217989
vt 0.192879 0.195776
vt 0.180324 0.224750
vt 0.174529 0.244065
vt 0.180324 0.260483
vt 0.197708 0.250826
vt 0.208331 0.261449
vt 0.189981 0.274970
vt 0.205434 0.280765
vt 0.217023 0.269175
vt 0.174529 0.232476
vt 0.168734 0.245997
vt 0.171632 0.233442
vt 0.175495 0.224750
vt 0.225715 0.262415
vt 0.173563 0.225715
vt 0.167768 0.233442
vt 0.171632 0.223784
vt 0.226681 0.275936
vt 0.216057 0.288491
vt 0.237305 0.296217
vt 0.212194 0.293320
vt 0.199639 0.285594
vt 0.235373 0.301046
vt 0.260483 0.295252
vt 0.259518 0.298149
vt 0.184187 0.279799
vt 0.173563 0.265312
vt 0.161008 0.245997
vt 0.163905 0.232476
vt 0.150384 0.244065
vt 0.161008 0.228613
vt 0.133000 0.248894
vt 0.133000 0.267244
vt 0.117548 0.283662
vt 0.102095 0.284628
vt 0.132035 0.285594
vt 0.131069 0.296217
vt 0.116582 0.294286
vt 0.149419 0.268210
vt 0.162940 0.269175
vt 0.156179 0.291388
vt 0.088574 0.285594
vt 0.085677 0.269175
vt 0.071190 0.271107
vt 0.066361 0.252757
vt 0.052840 0.255655
vt 0.044148 0.274004
vt 0.032559 0.277867
vt 0.056704 0.271107
vt 0.050909 0.291388
vt 0.040285 0.296217
vt 0.062498 0.287525
vt 0.074088 0.285594
vt 0.087609 0.296217
vt 0.102095 0.295252
vt 0.079882 0.297183
vt 0.116582 0.302012
vt 0.131069 0.302978
vt 0.150384 0.306841
vt 0.152316 0.302012
vt 0.171632 0.304909
vt 0.180324 0.301046
vt 0.172597 0.286559
vt 0.192879 0.292354
vt 0.166803 0.309738
vt 0.167768 0.321328
vt 0.180324 0.320362
vt 0.174529 0.342575
vt 0.168734 0.342575
vt 0.164871 0.367685
vt 0.173563 0.371548
vt 0.160042 0.384103
vt 0.168734 0.388932
vt 0.188050 0.378309
vt 0.183221 0.396659
vt 0.208331 0.386035
vt 0.205434 0.405351
vt 0.229578 0.389898
vt 0.232476 0.364788
vt 0.250826 0.372514
vt 0.249860 0.389898
vt 0.248894 0.409214
vt 0.228613 0.409214
vt 0.262415 0.408248
vt 0.265312 0.390864
vt 0.269175 0.408248
vt 0.270141 0.391830
vt 0.273039 0.408248
vt 0.274004 0.391830
vt 0.291388 0.407282
vt 0.289457 0.391830
vt 0.296217 0.407282
vt 0.295252 0.390864
vt 0.302012 0.406316
vt 0.300080 0.390864
vt 0.318430 0.389898
vt 0.320362 0.404385
vt 0.326156 0.403419
vt 0.324225 0.388932
vt 0.330985 0.403419
vt 0.329054 0.388932
vt 0.350301 0.387001
vt 0.350301 0.399556
vt 0.289457 0.377343
vt 0.275936 0.377343
vt 0.294286 0.376377
vt 0.300080 0.376377
vt 0.318430 0.375411
vt 0.323259 0.374446
vt 0.328088 0.374446
vt 0.347404 0.373480
vt 0.274004 0.377343
vt 0.266278 0.373480
vt 0.255655 0.352233
vt 0.274004 0.354164
vt 0.272073 0.336780
vt 0.277867 0.354164
vt 0.279799 0.338712
vt 0.280765 0.354164
vt 0.282696 0.338712
vt 0.302012 0.339677
vt 0.301046 0.355130
vt 0.301046 0.372514
vt 0.307807 0.355130
vt 0.307807 0.372514
vt 0.313601 0.372514
vt 0.313601 0.355130
vt 0.333883 0.371548
vt 0.333883 0.355130
vt 0.339677 0.371548
vt 0.338712 0.355130
vt 0.345472 0.370582
vt 0.344506 0.355130
vt 0.368651 0.354164
vt 0.366719 0.368651
vt 0.307807 0.339677
vt 0.314567 0.339677
vt 0.333883 0.339677
vt 0.338712 0.339677
vt 0.344506 0.339677
vt 0.365754 0.340643
vt 0.213160 0.192879
vt 0.197708 0.189016
vt 0.279799 0.317464
vt 0.274970 0.317464
vt 0.274970 0.302012
vt 0.280765 0.302012
vt 0.284628 0.302012
vt 0.282696 0.317464
vt 0.301046 0.302978
vt 0.301046 0.318430
vt 0.301046 0.333883
vt 0.305875 0.318430
vt 0.305875 0.333883
vt 0.310704 0.318430
vt 0.310704 0.333883
vt 0.330020 0.319396
vt 0.330020 0.332917
vt 0.334849 0.332917
vt 0.334849 0.318430
vt 0.340643 0.332917
vt 0.340643 0.318430
vt 0.362856 0.318430
vt 0.360925 0.330985
vt 0.283662 0.333883
vt 0.305875 0.302978
vt 0.310704 0.302978
vt 0.330985 0.303944
vt 0.334849 0.303944
vt 0.340643 0.303944
vt 0.360925 0.304909
vt 0.280765 0.333883
vt 0.260483 0.318430
vt 0.268210 0.301046
vt 0.257586 0.336780
vt 0.238270 0.335814
vt 0.234407 0.349335
vt 0.215092 0.339677
vt 0.212194 0.347404
vt 0.193845 0.335814
vt 0.192879 0.345472
vt 0.183221 0.344506
vt 0.185153 0.335814
vt 0.185153 0.352233
vt 0.193845 0.357062
vt 0.212194 0.358993
vt 0.196742 0.315533
vt 0.206400 0.300080
vt 0.230544 0.306841
vt 0.261449 0.299115
vt 0.221852 0.319396
vt 0.242134 0.319396
vt 0.264347 0.301046
vt 0.066361 0.194810
vt 0.061533 0.196742
vt 0.060567 0.193845
vt 0.064430 0.191913
vt 0.071190 0.189981
vt 0.069259 0.185153
vt 0.064430 0.188050
vt 0.065396 0.171632
vt 0.058635 0.172597
vt 0.052840 0.173563
vt 0.059601 0.190947
vt 0.051875 0.171632
vt 0.058635 0.169700
vt 0.056704 0.166803
vt 0.049943 0.168734
vt 0.063464 0.162940
vt 0.065396 0.166803
vt 0.044148 0.154248
vt 0.048012 0.151350
vt 0.057669 0.150384
vt 0.044148 0.144590
vt 0.041251 0.136863
vt 0.068293 0.213160
vt 0.071190 0.206400
vt 0.073122 0.201571
vt 0.074088 0.209297
vt 0.057669 0.217989
vt 0.071190 0.215092
vt 0.073122 0.202537
vt 0.076019 0.214126
vt 0.079882 0.214126
vt 0.076985 0.209297
vt 0.075053 0.202537
vt 0.077951 0.206400
vt 0.076019 0.200605
vt 0.074088 0.196742
vt 0.077951 0.199639
vt 0.075053 0.198673
vt 0.280765 0.372514
vt 0.277867 0.372514
vt 0.169700 0.220886
vt 0.166803 0.223784
vt 0.169700 0.223784
vt 0.245997 0.177426
vt 0.263381 0.189016
vt 0.270141 0.208331
vt 0.172597 0.137829
vt 0.171632 0.145555
vt 0.118514 0.193845
vt 0.117548 0.190947
vt 0.116582 0.192879
vt 0.083745 0.442050
vt 0.084711 0.423700
vt 0.093403 0.426598
vt 0.092438 0.443016
vt 0.096301 0.404385
vt 0.085677 0.403419
vt 0.098232 0.387966
vt 0.087609 0.387001
vt 0.071190 0.441084
vt 0.072156 0.423700
vt 0.073122 0.405351
vt 0.075053 0.387001
vt 0.087609 0.371548
vt 0.076019 0.372514
vt 0.086643 0.352233
vt 0.074088 0.355130
vt 0.082780 0.335814
vt 0.070225 0.337746
vt 0.075053 0.313601
vt 0.061533 0.317464
vt 0.062498 0.355130
vt 0.060567 0.342575
vt 0.062498 0.439153
vt 0.062498 0.423700
vt 0.062498 0.372514
vt 0.060567 0.403419
vt 0.062498 0.386035
vt 0.053806 0.325191
vt 0.095335 0.346438
vt 0.091472 0.331951
vt 0.084711 0.313601
vt 0.060567 0.458468
vt 0.070225 0.458468
vt 0.082780 0.458468
vt 0.071190 0.477784
vt 0.082780 0.478750
vt 0.078917 0.501929
vt 0.068293 0.499031
vt 0.061533 0.517381
vt 0.075053 0.521244
vt 0.058635 0.477784
vt 0.056704 0.494202
vt 0.051875 0.512552
vt 0.090506 0.504826
vt 0.084711 0.519313
vt 0.093403 0.457503
vt 0.094369 0.478750
vt 0.051875 0.350301
vt 0.055738 0.377343
vt 0.055738 0.438187
vt 0.056704 0.422735
vt 0.055738 0.403419
vt 0.049943 0.331951
vt 0.050909 0.485510
vt 0.045114 0.507723
vt 0.054772 0.458468
vt 0.052840 0.302978
vt 0.054772 0.312636
vt 0.048977 0.305875
vt 0.070225 0.304909
vt 0.067327 0.299115
vt 0.082780 0.302978
vt 0.102095 0.302012
vt 0.099198 0.370582
vt 0.687359 0.415974
vt 0.690256 0.382172
vt 0.717298 0.389898
vt 0.713435 0.417906
vt 0.711503 0.441084
vt 0.742408 0.424666
vt 0.739511 0.443016
vt 0.775245 0.431427
vt 0.747237 0.398590
vt 0.780074 0.404385
vt 0.820636 0.414043
vt 0.810979 0.442050
vt 0.863131 0.426598
vt 0.847678 0.454605
vt 0.752066 0.367685
vt 0.785868 0.368651
vt 0.757861 0.338712
vt 0.788766 0.335814
vt 0.771382 0.447845
vt 0.803252 0.458468
vt 0.835123 0.472955
vt 0.728887 0.326156
vt 0.723093 0.358027
vt 0.764621 0.303944
vt 0.737579 0.295252
vt 0.768484 0.281731
vt 0.791663 0.287525
vt 0.791663 0.283662
vt 0.766553 0.277867
vt 0.745305 0.274004
vt 0.745305 0.271107
vt 0.722127 0.264347
vt 0.724058 0.262415
vt 0.815808 0.288491
vt 0.815808 0.292354
vt 0.702811 0.253723
vt 0.703777 0.251791
vt 0.687359 0.243099
vt 0.689290 0.240202
vt 0.673838 0.227647
vt 0.675769 0.224750
vt 0.659351 0.208331
vt 0.661283 0.207365
vt 0.838986 0.287525
vt 0.838986 0.290423
vt 0.857336 0.276902
vt 0.859268 0.279799
vt 0.884378 0.259518
vt 0.886310 0.261449
vt 0.663214 0.240202
vt 0.649693 0.218955
vt 0.863131 0.293320
vt 0.889207 0.275936
vt 0.842849 0.303944
vt 0.818705 0.307807
vt 0.791663 0.306841
vt 0.820636 0.328088
vt 0.829328 0.368651
vt 0.878583 0.379274
vt 0.895002 0.293320
vt 0.870857 0.309738
vt 0.858302 0.337746
vt 0.849610 0.321328
vt 0.875686 0.318430
vt 0.881481 0.342575
vt 0.883412 0.324225
vt 0.900796 0.297183
vt 0.634241 0.273039
vt 0.634241 0.249860
vt 0.646796 0.251791
vt 0.659351 0.273039
vt 0.676735 0.291388
vt 0.634241 0.294286
vt 0.692188 0.272073
vt 0.676735 0.257586
vt 0.713435 0.284628
vt 0.704743 0.310704
vt 0.695085 0.345472
vt 0.658385 0.377343
vt 0.656454 0.415974
vt 0.634241 0.415974
vt 0.655488 0.447845
vt 0.685427 0.442050
vt 0.634241 0.450742
vt 0.634241 0.376377
vt 0.660317 0.330985
vt 0.634241 0.328088
vt 0.612028 0.447845
vt 0.611062 0.415974
vt 0.582089 0.442050
vt 0.580157 0.415974
vt 0.556012 0.441084
vt 0.554081 0.417906
vt 0.550218 0.389898
vt 0.577260 0.382172
vt 0.525107 0.424666
vt 0.528005 0.443016
vt 0.492271 0.431427
vt 0.520279 0.398590
vt 0.487442 0.404385
vt 0.446879 0.414043
vt 0.456537 0.442050
vt 0.404385 0.426598
vt 0.419837 0.454605
vt 0.515450 0.367685
vt 0.481647 0.368651
vt 0.509655 0.338712
vt 0.478750 0.335814
vt 0.496134 0.447845
vt 0.464263 0.458468
vt 0.432392 0.472955
vt 0.538628 0.326156
vt 0.544423 0.358027
vt 0.502894 0.303944
vt 0.529936 0.295252
vt 0.499031 0.281731
vt 0.475853 0.287525
vt 0.475853 0.283662
vt 0.500963 0.277867
vt 0.522210 0.274004
vt 0.522210 0.271107
vt 0.545389 0.264347
vt 0.543457 0.262415
vt 0.451708 0.288491
vt 0.451708 0.292354
vt 0.564704 0.253723
vt 0.563739 0.251791
vt 0.580157 0.243099
vt 0.578225 0.240202
vt 0.593678 0.227647
vt 0.591746 0.224750
vt 0.609130 0.208331
vt 0.606233 0.207365
vt 0.428529 0.287525
vt 0.428529 0.290423
vt 0.410179 0.276902
vt 0.408248 0.279799
vt 0.383138 0.259518
vt 0.381206 0.261449
vt 0.604301 0.240202
vt 0.617822 0.218955
vt 0.404385 0.293320
vt 0.378309 0.275936
vt 0.424666 0.303944
vt 0.448811 0.307807
vt 0.475853 0.306841
vt 0.446879 0.328088
vt 0.438187 0.368651
vt 0.388932 0.379274
vt 0.372514 0.293320
vt 0.396659 0.309738
vt 0.409214 0.337746
vt 0.417906 0.321328
vt 0.391830 0.318430
vt 0.386035 0.342575
vt 0.384103 0.324225
vt 0.366719 0.297183
vt 0.684461 0.443982
vt 0.656454 0.449776
vt 0.710537 0.443016
vt 0.738545 0.445913
vt 0.770416 0.451708
vt 0.802287 0.463297
vt 0.634241 0.453640
vt 0.833192 0.474887
vt 0.819671 0.495168
vt 0.793595 0.483579
vt 0.761724 0.470058
vt 0.655488 0.469092
vt 0.634241 0.471024
vt 0.732750 0.464263
vt 0.682530 0.465229
vt 0.708606 0.463297
vt 0.796492 0.524142
vt 0.776210 0.511586
vt 0.764621 0.556012
vt 0.751100 0.540560
vt 0.737579 0.521244
vt 0.749169 0.495168
vt 0.735648 0.576294
vt 0.725024 0.559876
vt 0.714401 0.584986
vt 0.701845 0.569533
vt 0.693153 0.588849
vt 0.685427 0.580157
vt 0.672872 0.561807
vt 0.703777 0.548286
vt 0.686393 0.546355
vt 0.694119 0.534765
vt 0.704743 0.535731
vt 0.664180 0.570499
vt 0.686393 0.530902
vt 0.670940 0.537663
vt 0.674803 0.512552
vt 0.650659 0.544423
vt 0.650659 0.515450
vt 0.653556 0.492271
vt 0.634241 0.515450
vt 0.634241 0.493237
vt 0.678667 0.490339
vt 0.634241 0.542491
vt 0.648727 0.565670
vt 0.634241 0.565670
vt 0.690256 0.516415
vt 0.699914 0.502894
vt 0.703777 0.485510
vt 0.720195 0.502894
vt 0.703777 0.508689
vt 0.716332 0.507723
vt 0.725990 0.486476
vt 0.727921 0.521244
vt 0.718264 0.531868
vt 0.721161 0.543457
vt 0.613959 0.492271
vt 0.616857 0.515450
vt 0.592712 0.512552
vt 0.588849 0.490339
vt 0.616857 0.544423
vt 0.618788 0.565670
vt 0.596575 0.537663
vt 0.581123 0.530902
vt 0.581123 0.546355
vt 0.573397 0.534765
vt 0.563739 0.548286
vt 0.562773 0.535731
vt 0.594644 0.561807
vt 0.565670 0.569533
vt 0.582089 0.580157
vt 0.574362 0.588849
vt 0.553115 0.584986
vt 0.603336 0.570499
vt 0.542491 0.559876
vt 0.531868 0.576294
vt 0.516415 0.540560
vt 0.502894 0.556012
vt 0.491305 0.511586
vt 0.529936 0.521244
vt 0.518347 0.495168
vt 0.471024 0.524142
vt 0.546355 0.543457
vt 0.547320 0.502894
vt 0.541526 0.486476
vt 0.549252 0.531868
vt 0.539594 0.521244
vt 0.563739 0.485510
vt 0.567602 0.502894
vt 0.563739 0.508689
vt 0.551184 0.507723
vt 0.577260 0.516415
vt 0.534765 0.464263
vt 0.505792 0.470058
vt 0.528971 0.445913
vt 0.497100 0.451708
vt 0.556978 0.443016
vt 0.583054 0.443982
vt 0.611062 0.449776
vt 0.465229 0.463297
vt 0.434324 0.474887
vt 0.447845 0.495168
vt 0.473921 0.483579
vt 0.612028 0.469092
vt 0.584986 0.465229
vt 0.558910 0.463297
vt 0.974196 0.370582
vt 0.970333 0.356096
vt 0.979025 0.352233
vt 0.983853 0.370582
vt 0.970333 0.385069
vt 0.979990 0.387966
vt 0.962606 0.397624
vt 0.970333 0.403419
vt 0.951017 0.406316
vt 0.955846 0.414043
vt 0.940393 0.410179
vt 0.944256 0.418871
vt 0.927838 0.412111
vt 0.929770 0.421769
vt 0.915283 0.413077
vt 0.914317 0.421769
vt 0.966469 0.337746
vt 0.936530 0.398590
vt 0.945222 0.395693
vt 0.925907 0.399556
vt 0.914317 0.400522
vt 0.954880 0.390864
vt 0.943291 0.388932
vt 0.934599 0.390864
vt 0.923009 0.391830
vt 0.950051 0.383138
vt 0.953914 0.375411
vt 0.963572 0.382172
vt 0.968401 0.371548
vt 0.965504 0.358027
vt 0.955846 0.348369
vt 0.959709 0.344506
vt 0.951017 0.328088
vt 0.947154 0.336780
vt 0.935564 0.325191
vt 0.933633 0.334849
vt 0.914317 0.330020
vt 0.916249 0.338712
vt 0.920112 0.350301
vt 0.932667 0.344506
vt 0.944256 0.343541
vt 0.929770 0.357062
vt 0.944256 0.357062
vt 0.953914 0.365754
vt 0.099198 0.864097
vt 0.113685 0.862165
vt 0.115616 0.874720
vt 0.101130 0.876652
vt 0.115616 0.886310
vt 0.101130 0.887275
vt 0.092438 0.877617
vt 0.091472 0.865062
vt 0.093403 0.888241
vt 0.093403 0.901762
vt 0.102095 0.900796
vt 0.095335 0.916249
vt 0.103061 0.916249
vt 0.094369 0.931701
vt 0.103061 0.931701
vt 0.117548 0.932667
vt 0.117548 0.946188
vt 0.103061 0.946188
vt 0.116582 0.963572
vt 0.102095 0.961640
vt 0.118514 0.915283
vt 0.115616 0.981922
vt 0.100164 0.979990
vt 0.094369 0.946188
vt 0.093403 0.961640
vt 0.092438 0.979025
vt 0.087609 0.916249
vt 0.087609 0.931701
vt 0.087609 0.945222
vt 0.086643 0.960675
vt 0.084711 0.978059
vt 0.070225 0.959709
vt 0.069259 0.976127
vt 0.050909 0.974196
vt 0.051875 0.957777
vt 0.036422 0.956812
vt 0.033525 0.943291
vt 0.051875 0.943291
vt 0.029662 0.930735
vt 0.049943 0.930735
vt 0.028696 0.918180
vt 0.050909 0.917215
vt 0.035456 0.972264
vt 0.029662 0.905625
vt 0.049943 0.904659
vt 0.030628 0.893070
vt 0.049943 0.891138
vt 0.033525 0.882446
vt 0.050909 0.881481
vt 0.035456 0.872789
vt 0.049943 0.870857
vt 0.013243 0.918180
vt 0.015175 0.930735
vt 0.020004 0.943291
vt 0.026764 0.955846
vt 0.018072 0.891138
vt 0.013243 0.904659
vt 0.029662 0.972264
vt 0.068293 0.868925
vt 0.069259 0.879549
vt 0.069259 0.890173
vt 0.070225 0.902728
vt 0.071190 0.917215
vt 0.071190 0.930735
vt 0.071190 0.944256
vt 0.086643 0.901762
vt 0.085677 0.888241
vt 0.085677 0.877617
vt 0.083745 0.866028
vt 0.116582 0.899830
vt 0.142658 0.883412
vt 0.143624 0.897899
vt 0.141692 0.872789
vt 0.139761 0.858302
vt 0.144590 0.914317
vt 0.144590 0.932667
vt 0.144590 0.947154
vt 0.142658 0.965504
vt 0.141692 0.984819
vt 0.161974 0.896933
vt 0.161008 0.882446
vt 0.159076 0.870857
vt 0.157145 0.856370
vt 0.159076 0.985785
vt 0.161008 0.966469
vt 0.161008 0.948120
vt 0.162940 0.933633
vt 0.163905 0.914317
vt 0.634241 0.227647
vt 0.639070 0.228613
vt 0.628446 0.228613
vt 0.620720 0.251791
vt 0.608165 0.273039
vt 0.590781 0.291388
vt 0.575328 0.272073
vt 0.590781 0.257586
vt 0.554081 0.284628
vt 0.562773 0.310704
vt 0.572431 0.345472
vt 0.609130 0.377343
vt 0.607199 0.330985
vt 0.029662 0.873754
vt 0.026764 0.883412
vt 0.915283 0.389898
vt 0.867960 0.493237
vt 0.858302 0.495168
vt 0.858302 0.475853
vt 0.867960 0.477784
vt 0.873754 0.505792
vt 0.866028 0.510621
vt 0.884378 0.516415
vt 0.878583 0.523176
vt 0.897899 0.522210
vt 0.894036 0.530902
vt 0.909488 0.524142
vt 0.907557 0.532834
vt 0.921078 0.523176
vt 0.922043 0.532834
vt 0.934599 0.521244
vt 0.936530 0.528971
vt 0.866994 0.458468
vt 0.875686 0.463297
vt 0.880515 0.445913
vt 0.886310 0.453640
vt 0.895002 0.440119
vt 0.898865 0.448811
vt 0.916249 0.439153
vt 0.916249 0.448811
vt 0.910454 0.511586
vt 0.901762 0.510621
vt 0.915283 0.461366
vt 0.901762 0.457503
vt 0.890173 0.459434
vt 0.880515 0.467161
vt 0.872789 0.478750
vt 0.873754 0.492271
vt 0.880515 0.501929
vt 0.890173 0.507723
vt 0.901762 0.503860
vt 0.894036 0.499997
vt 0.888241 0.492271
vt 0.885344 0.483579
vt 0.907557 0.469092
vt 0.893070 0.472955
vt 0.910454 0.503860
vt 0.921078 0.510621
vt 0.932667 0.508689
vt 0.921078 0.501929
vt 0.928804 0.499031
vt 0.100164 0.838986
vt 0.102095 0.826431
vt 0.116582 0.828363
vt 0.114650 0.840918
vt 0.117548 0.817739
vt 0.102095 0.815808
vt 0.094369 0.825465
vt 0.092438 0.838021
vt 0.094369 0.814842
vt 0.095335 0.801321
vt 0.103061 0.802287
vt 0.097266 0.786834
vt 0.104993 0.787800
vt 0.096301 0.771382
vt 0.104027 0.771382
vt 0.119479 0.771382
vt 0.119479 0.756895
vt 0.104993 0.756895
vt 0.118514 0.740477
vt 0.104027 0.741442
vt 0.119479 0.787800
vt 0.117548 0.721161
vt 0.102095 0.723093
vt 0.096301 0.757861
vt 0.096301 0.741442
vt 0.094369 0.724058
vt 0.089540 0.786834
vt 0.088574 0.771382
vt 0.089540 0.757861
vt 0.088574 0.742408
vt 0.087609 0.725024
vt 0.072156 0.743374
vt 0.071190 0.725990
vt 0.052840 0.728887
vt 0.053806 0.745305
vt 0.038354 0.746271
vt 0.035456 0.758826
vt 0.053806 0.758826
vt 0.031593 0.772347
vt 0.051875 0.772347
vt 0.030628 0.784903
vt 0.051875 0.785868
vt 0.038354 0.730819
vt 0.031593 0.797458
vt 0.050909 0.798423
vt 0.032559 0.810013
vt 0.050909 0.810979
vt 0.035456 0.819671
vt 0.051875 0.821602
vt 0.036422 0.830294
vt 0.050909 0.832226
vt 0.015175 0.783937
vt 0.017107 0.771382
vt 0.021935 0.758826
vt 0.028696 0.746271
vt 0.019038 0.810979
vt 0.015175 0.797458
vt 0.031593 0.729853
vt 0.030628 0.828363
vt 0.069259 0.834157
vt 0.070225 0.823534
vt 0.071190 0.812910
vt 0.071190 0.800355
vt 0.073122 0.785868
vt 0.073122 0.771382
vt 0.073122 0.758826
vt 0.087609 0.801321
vt 0.086643 0.814842
vt 0.086643 0.825465
vt 0.084711 0.837055
vt 0.118514 0.803252
vt 0.143624 0.819671
vt 0.144590 0.805184
vt 0.142658 0.831260
vt 0.140727 0.844781
vt 0.146521 0.788766
vt 0.146521 0.770416
vt 0.146521 0.755929
vt 0.144590 0.738545
vt 0.143624 0.719229
vt 0.163905 0.807115
vt 0.161974 0.821602
vt 0.161008 0.832226
vt 0.158111 0.847678
vt 0.161008 0.717298
vt 0.162940 0.737579
vt 0.162940 0.755929
vt 0.164871 0.770416
vt 0.164871 0.789731
vt 0.027730 0.819671
vt 0.438187 0.569533
vt 0.438187 0.589815
vt 0.428529 0.592712
vt 0.426598 0.572431
vt 0.413077 0.576294
vt 0.413077 0.594644
vt 0.402453 0.576294
vt 0.402453 0.592712
vt 0.427564 0.540560
vt 0.402453 0.556978
vt 0.410179 0.556978
vt 0.420803 0.551184
vt 0.414043 0.539594
vt 0.413077 0.545389
vt 0.412111 0.535731
vt 0.422735 0.534765
vt 0.411145 0.527039
vt 0.414043 0.510621
vt 0.429495 0.514484
vt 0.414043 0.497100
vt 0.428529 0.496134
vt 0.435290 0.495168
vt 0.437221 0.514484
vt 0.407282 0.535731
vt 0.407282 0.546355
vt 0.403419 0.546355
vt 0.403419 0.540560
vt 0.406316 0.540560
vt 0.403419 0.535731
vt 0.403419 0.526073
vt 0.403419 0.509655
vt 0.403419 0.497100
vt 0.393761 0.496134
vt 0.392795 0.510621
vt 0.377343 0.513518
vt 0.378309 0.495168
vt 0.372514 0.494202
vt 0.369617 0.513518
vt 0.383138 0.533799
vt 0.378309 0.539594
vt 0.395693 0.527039
vt 0.393761 0.535731
vt 0.392795 0.538628
vt 0.385069 0.551184
vt 0.379274 0.571465
vt 0.394727 0.556012
vt 0.391830 0.575328
vt 0.375411 0.592712
vt 0.366719 0.567602
vt 0.366719 0.588849
vt 0.390864 0.593678
vt 0.392795 0.544423
vt 0.398590 0.546355
vt 0.399556 0.540560
vt 0.399556 0.535731
vt 0.823534 0.637138
vt 0.811944 0.609130
vt 0.836089 0.625549
vt 0.806150 0.637138
vt 0.791663 0.625549
vt 0.783937 0.609130
vt 0.787800 0.591746
vt 0.800355 0.580157
vt 0.817739 0.581123
vt 0.832226 0.591746
vt 0.838986 0.608165
vt 0.840918 0.627480
vt 0.825465 0.641001
vt 0.805184 0.641967
vt 0.788766 0.628446
vt 0.782971 0.589815
vt 0.798423 0.576294
vt 0.818705 0.577260
vt 0.835123 0.588849
vt 0.829328 0.650659
vt 0.849610 0.633275
vt 0.802287 0.651625
vt 0.781039 0.635206
vt 0.779108 0.610096
vt 0.769450 0.611062
vt 0.774279 0.584986
vt 0.794560 0.567602
vt 0.821602 0.566636
vt 0.842849 0.582089
vt 0.853473 0.606233
vt 0.843815 0.607199
vt 0.799389 0.656454
vt 0.776210 0.639070
vt 0.847678 0.578225
vt 0.821602 0.560841
vt 0.790697 0.562773
vt 0.768484 0.583054
vt 0.798423 0.664180
vt 0.824500 0.555047
vt 0.789731 0.556012
vt 0.763655 0.578225
vt 0.829328 0.656454
vt 0.833192 0.662248
vt 0.853473 0.637138
vt 0.860233 0.640035
vt 0.860233 0.607199
vt 0.866994 0.605267
vt 0.852507 0.574362
vt 0.763655 0.612993
vt 0.769450 0.644864
vt 0.755929 0.612028
vt 0.926872 0.602370
vt 0.915283 0.630378
vt 0.902728 0.618788
vt 0.932667 0.630378
vt 0.947154 0.618788
vt 0.954880 0.602370
vt 0.951017 0.584986
vt 0.938462 0.573397
vt 0.921078 0.574362
vt 0.906591 0.584986
vt 0.899830 0.601404
vt 0.897899 0.620720
vt 0.913351 0.634241
vt 0.933633 0.634241
vt 0.950051 0.621686
vt 0.955846 0.583054
vt 0.940393 0.569533
vt 0.920112 0.569533
vt 0.903694 0.582089
vt 0.909488 0.643898
vt 0.889207 0.625549
vt 0.936530 0.644864
vt 0.957777 0.628446
vt 0.959709 0.603336
vt 0.969367 0.604301
vt 0.964538 0.578225
vt 0.944256 0.559876
vt 0.917215 0.559876
vt 0.895967 0.575328
vt 0.895002 0.600438
vt 0.885344 0.599473
vt 0.939427 0.649693
vt 0.962606 0.632309
vt 0.909488 0.649693
vt 0.917215 0.554081
vt 0.891138 0.571465
vt 0.878583 0.600438
vt 0.885344 0.630378
vt 0.940393 0.657419
vt 0.904659 0.655488
vt 0.878583 0.632309
vt 0.886310 0.566636
vt 0.871823 0.598507
vt 0.914317 0.547320
vt 0.948120 0.556012
vt 0.949085 0.548286
vt 0.970333 0.576294
vt 0.975161 0.571465
vt 0.975161 0.606233
vt 0.982888 0.605267
vt 0.969367 0.638104
vt 0.823534 0.706674
vt 0.851541 0.694119
vt 0.836089 0.721161
vt 0.853473 0.725990
vt 0.870857 0.718264
vt 0.879549 0.702811
vt 0.877617 0.684461
vt 0.865062 0.670940
vt 0.846713 0.667077
vt 0.830294 0.673838
vt 0.821602 0.689290
vt 0.925907 0.694119
vt 0.952948 0.706674
vt 0.940393 0.721161
vt 0.923009 0.725990
vt 0.905625 0.718264
vt 0.896933 0.702811
vt 0.898865 0.684461
vt 0.911420 0.670940
vt 0.929770 0.667077
vt 0.946188 0.673838
vt 0.954880 0.689290
vt 0.172597 0.933633
vt 0.171632 0.916249
vt 0.179358 0.917215
vt 0.180324 0.933633
vt 0.178392 0.951017
vt 0.186118 0.948120
vt 0.189016 0.966469
vt 0.182255 0.902728
vt 0.175495 0.899830
vt 0.184187 0.882446
vt 0.202537 0.979025
vt 0.195776 0.961640
vt 0.207365 0.973230
vt 0.196742 0.943291
vt 0.204468 0.953914
vt 0.214126 0.963572
vt 0.225715 0.969367
vt 0.242134 0.923009
vt 0.192879 0.930735
vt 0.193845 0.905625
vt 0.190947 0.918180
vt 0.200605 0.894036
vt 0.209297 0.885344
vt 0.201571 0.876652
vt 0.190947 0.887275
vt 0.195776 0.870857
vt 0.234407 0.875686
vt 0.220886 0.878583
vt 0.232476 0.863131
vt 0.215092 0.867960
vt 0.230544 0.855405
vt 0.211229 0.861199
vt 0.247928 0.874720
vt 0.261449 0.877617
vt 0.250826 0.862165
vt 0.267244 0.866994
vt 0.268210 0.859268
vt 0.249860 0.854439
vt 0.282696 0.894036
vt 0.272073 0.884378
vt 0.279799 0.874720
vt 0.293320 0.886310
vt 0.289457 0.906591
vt 0.292354 0.918180
vt 0.301046 0.901762
vt 0.305875 0.917215
vt 0.289457 0.944256
vt 0.292354 0.930735
vt 0.304909 0.933633
vt 0.301046 0.950051
vt 0.283662 0.867960
vt 0.298149 0.880515
vt 0.284628 0.953914
vt 0.274970 0.963572
vt 0.294286 0.961640
vt 0.282696 0.974196
vt 0.301046 0.965504
vt 0.286559 0.980956
vt 0.251791 0.973230
vt 0.263381 0.970333
vt 0.254689 0.985785
vt 0.269175 0.981922
vt 0.271107 0.988682
vt 0.254689 0.993511
vt 0.237305 0.973230
vt 0.222818 0.981922
vt 0.236339 0.984819
vt 0.233442 0.992545
vt 0.218955 0.987717
vt 0.308772 0.951983
vt 0.312636 0.933633
vt 0.312636 0.915283
vt 0.307807 0.897899
vt 0.174529 0.789731
vt 0.194810 0.786834
vt 0.197708 0.798423
vt 0.179358 0.807115
vt 0.174529 0.776210
vt 0.194810 0.777176
vt 0.178392 0.759792
vt 0.197708 0.765587
vt 0.223784 0.782005
vt 0.226681 0.771382
vt 0.185153 0.746271
vt 0.202537 0.755929
vt 0.196742 0.734682
vt 0.210263 0.748203
vt 0.210263 0.724058
vt 0.220886 0.741442
vt 0.227647 0.719229
vt 0.232476 0.738545
vt 0.237305 0.764621
vt 0.243099 0.737579
vt 0.254689 0.740477
vt 0.259518 0.723093
vt 0.243099 0.718264
vt 0.249860 0.767518
vt 0.274970 0.731785
vt 0.265312 0.746271
vt 0.274004 0.753998
vt 0.288491 0.743374
vt 0.297183 0.757861
vt 0.279799 0.764621
vt 0.283662 0.774279
vt 0.302012 0.772347
vt 0.256620 0.778142
vt 0.283662 0.785868
vt 0.281731 0.796492
vt 0.253723 0.788766
vt 0.274970 0.806150
vt 0.298149 0.804218
vt 0.289457 0.817739
vt 0.267244 0.813876
vt 0.277867 0.828363
vt 0.262415 0.836089
vt 0.256620 0.818705
vt 0.245997 0.822568
vt 0.246962 0.840918
vt 0.302012 0.789731
vt 0.242134 0.795526
vt 0.233442 0.821602
vt 0.230544 0.792629
vt 0.223784 0.820636
vt 0.229578 0.840918
vt 0.216057 0.838021
vt 0.240202 0.780074
vt 0.199639 0.830294
vt 0.212194 0.814842
vt 0.204468 0.808081
vt 0.188050 0.819671
vt 0.500963 0.624583
vt 0.547320 0.608165
vt 0.552149 0.617822
vt 0.510621 0.632309
vt 0.469092 0.651625
vt 0.483579 0.653556
vt 0.461366 0.679632
vt 0.475853 0.682530
vt 0.531868 0.644864
vt 0.560841 0.635206
vt 0.567602 0.649693
vt 0.544423 0.655488
vt 0.500963 0.661283
vt 0.520279 0.667077
vt 0.516415 0.678667
vt 0.495168 0.680598
vt 0.501929 0.703777
vt 0.517381 0.693153
vt 0.489374 0.714401
vt 0.477784 0.719229
vt 0.505792 0.748203
vt 0.510621 0.736613
vt 0.470058 0.721161
vt 0.517381 0.721161
vt 0.526073 0.705709
vt 0.538628 0.712469
vt 0.536697 0.725990
vt 0.529936 0.742408
vt 0.527039 0.754963
vt 0.525107 0.769450
vt 0.506758 0.769450
vt 0.538628 0.771382
vt 0.540560 0.759792
vt 0.556978 0.768484
vt 0.553115 0.777176
vt 0.544423 0.750134
vt 0.549252 0.741442
vt 0.554081 0.711503
vt 0.554081 0.725024
vt 0.569533 0.707640
vt 0.569533 0.720195
vt 0.584986 0.706674
vt 0.584986 0.718264
vt 0.569533 0.736613
vt 0.584986 0.736613
vt 0.584986 0.747237
vt 0.567602 0.746271
vt 0.557944 0.735648
vt 0.584986 0.696051
vt 0.571465 0.696051
vt 0.584986 0.686393
vt 0.571465 0.685427
vt 0.572431 0.682530
vt 0.584986 0.683496
vt 0.558910 0.683496
vt 0.556978 0.687359
vt 0.555047 0.699914
vt 0.550218 0.682530
vt 0.548286 0.685427
vt 0.545389 0.678667
vt 0.542491 0.681564
vt 0.542491 0.675769
vt 0.539594 0.675769
vt 0.543457 0.673838
vt 0.530902 0.673838
vt 0.528971 0.685427
vt 0.546355 0.674803
vt 0.545389 0.673838
vt 0.558910 0.676735
vt 0.557944 0.671906
vt 0.574362 0.676735
vt 0.573397 0.670940
vt 0.571465 0.661283
vt 0.553115 0.663214
vt 0.535731 0.669009
vt 0.532834 0.695085
vt 0.542491 0.701845
vt 0.584986 0.662248
vt 0.584986 0.672872
vt 0.584986 0.678667
vt 0.584986 0.649693
vt 0.584986 0.634241
vt 0.584020 0.613959
vt 0.584020 0.606233
vt 0.551184 0.600438
vt 0.584020 0.599473
vt 0.505792 0.608165
vt 0.456537 0.647762
vt 0.448811 0.678667
vt 0.608165 0.635206
vt 0.601404 0.649693
vt 0.637138 0.644864
vt 0.624583 0.655488
vt 0.668043 0.661283
vt 0.648727 0.667077
vt 0.652591 0.678667
vt 0.673838 0.680598
vt 0.667077 0.702811
vt 0.651625 0.693153
vt 0.616857 0.617822
vt 0.658385 0.632309
vt 0.668043 0.624583
vt 0.621686 0.608165
vt 0.699914 0.651625
vt 0.685427 0.652591
vt 0.707640 0.679632
vt 0.693153 0.682530
vt 0.679632 0.714401
vt 0.691222 0.719229
vt 0.663214 0.748203
vt 0.658385 0.735648
vt 0.699914 0.721161
vt 0.651625 0.721161
vt 0.643898 0.705709
vt 0.630378 0.712469
vt 0.632309 0.725990
vt 0.639070 0.742408
vt 0.642933 0.754963
vt 0.643898 0.769450
vt 0.662248 0.769450
vt 0.630378 0.771382
vt 0.628446 0.759792
vt 0.612028 0.768484
vt 0.615891 0.777176
vt 0.625549 0.750134
vt 0.619754 0.741442
vt 0.614925 0.711503
vt 0.614925 0.725024
vt 0.599473 0.706674
vt 0.599473 0.719229
vt 0.600438 0.736613
vt 0.601404 0.745305
vt 0.611062 0.735648
vt 0.598507 0.696051
vt 0.597541 0.685427
vt 0.596575 0.682530
vt 0.610096 0.683496
vt 0.612028 0.687359
vt 0.613959 0.699914
vt 0.618788 0.681564
vt 0.620720 0.685427
vt 0.623617 0.678667
vt 0.626514 0.681564
vt 0.626514 0.675769
vt 0.629412 0.675769
vt 0.626514 0.673838
vt 0.639070 0.673838
vt 0.641001 0.685427
vt 0.622651 0.674803
vt 0.623617 0.672872
vt 0.610096 0.676735
vt 0.611062 0.671906
vt 0.594644 0.676735
vt 0.595609 0.670940
vt 0.597541 0.660317
vt 0.615891 0.663214
vt 0.634241 0.669009
vt 0.636172 0.695085
vt 0.626514 0.701845
vt 0.492271 0.918180
vt 0.475853 0.902728
vt 0.494202 0.883412
vt 0.508689 0.898865
vt 0.523176 0.945222
vt 0.544423 0.923975
vt 0.548286 0.969367
vt 0.512552 0.986751
vt 0.498066 0.956812
vt 0.584986 0.939427
vt 0.456537 0.923975
vt 0.478750 0.935564
vt 0.469092 0.954880
vt 0.441084 0.948120
vt 0.428529 0.990614
vt 0.467161 0.994477
vt 0.520279 0.882446
vt 0.548286 0.901762
vt 0.584986 0.910454
vt 0.550218 0.887275
vt 0.575328 0.882446
vt 0.584986 0.892104
vt 0.584986 0.866028
vt 0.528971 0.866994
vt 0.508689 0.865062
vt 0.522210 0.850576
vt 0.500963 0.849610
vt 0.515450 0.833192
vt 0.492271 0.830294
vt 0.511586 0.815808
vt 0.466195 0.852507
vt 0.480681 0.868925
vt 0.460400 0.889207
vt 0.438187 0.865062
vt 0.415974 0.894036
vt 0.439153 0.910454
vt 0.393761 0.923009
vt 0.418871 0.938462
vt 0.395693 0.978059
vt 0.364788 0.957777
vt 0.486476 0.811944
vt 0.508689 0.796492
vt 0.479716 0.790697
vt 0.474887 0.776210
vt 0.441084 0.792629
vt 0.445913 0.810013
vt 0.452674 0.833192
vt 0.418871 0.813876
vt 0.416940 0.791663
vt 0.418871 0.847678
vt 0.398590 0.874720
vt 0.373480 0.905625
vt 0.377343 0.863131
vt 0.353198 0.885344
vt 0.341609 0.935564
vt 0.323259 0.907557
vt 0.363822 0.849610
vt 0.338712 0.859268
vt 0.329054 0.816773
vt 0.303944 0.817739
vt 0.332917 0.779108
vt 0.309738 0.773313
vt 0.337746 0.758826
vt 0.313601 0.750134
vt 0.308772 0.870857
vt 0.369617 0.774279
vt 0.369617 0.790697
vt 0.402453 0.805184
vt 0.364788 0.819671
vt 0.390864 0.832226
vt 0.556012 0.830294
vt 0.547320 0.837055
vt 0.544423 0.825465
vt 0.554081 0.817739
vt 0.533799 0.837055
vt 0.538628 0.851541
vt 0.554081 0.866994
vt 0.556978 0.851541
vt 0.559876 0.837055
vt 0.569533 0.838986
vt 0.571465 0.854439
vt 0.572431 0.866028
vt 0.584986 0.859268
vt 0.584986 0.849610
vt 0.584986 0.839952
vt 0.584986 0.833192
vt 0.574362 0.832226
vt 0.577260 0.819671
vt 0.584986 0.820636
vt 0.579191 0.810013
vt 0.584986 0.810979
vt 0.579191 0.801321
vt 0.584986 0.801321
vt 0.579191 0.790697
vt 0.584986 0.790697
vt 0.584986 0.781039
vt 0.578225 0.780074
vt 0.584986 0.775245
vt 0.576294 0.771382
vt 0.584986 0.769450
vt 0.564704 0.765587
vt 0.564704 0.766553
vt 0.564704 0.755929
vt 0.584986 0.758826
vt 0.590781 0.780074
vt 0.593678 0.772347
vt 0.604301 0.755929
vt 0.604301 0.765587
vt 0.604301 0.766553
vt 0.589815 0.790697
vt 0.589815 0.801321
vt 0.590781 0.810013
vt 0.592712 0.819671
vt 0.594644 0.832226
vt 0.600438 0.838986
vt 0.597541 0.854439
vt 0.612028 0.851541
vt 0.609130 0.837055
vt 0.612993 0.830294
vt 0.621686 0.837055
vt 0.625549 0.825465
vt 0.614925 0.817739
vt 0.614925 0.866994
vt 0.630378 0.851541
vt 0.636172 0.837055
vt 0.596575 0.866028
vt 0.593678 0.882446
vt 0.618788 0.887275
vt 0.647762 0.850576
vt 0.640035 0.866994
vt 0.628446 0.812910
vt 0.615891 0.808081
vt 0.629412 0.801321
vt 0.616857 0.799389
vt 0.642933 0.807115
vt 0.641001 0.821602
vt 0.657419 0.815808
vt 0.653556 0.833192
vt 0.631343 0.788766
vt 0.617822 0.787800
vt 0.644864 0.791663
vt 0.661283 0.796492
vt 0.409214 0.679632
vt 0.410179 0.684461
vt 0.399556 0.683496
vt 0.400522 0.680598
vt 0.383138 0.681564
vt 0.388932 0.676735
vt 0.408248 0.677701
vt 0.402453 0.677701
vt 0.403419 0.676735
vt 0.408248 0.676735
vt 0.394727 0.672872
vt 0.398590 0.670940
vt 0.394727 0.662248
vt 0.386035 0.659351
vt 0.405351 0.674803
vt 0.408248 0.675769
vt 0.407282 0.673838
vt 0.405351 0.668043
vt 0.401487 0.666111
vt 0.408248 0.665146
vt 0.404385 0.657419
vt 0.413077 0.663214
vt 0.412111 0.673838
vt 0.410179 0.673838
vt 0.409214 0.654522
vt 0.417906 0.650659
vt 0.422735 0.661283
vt 0.430461 0.645830
vt 0.437221 0.662248
vt 0.426598 0.685427
vt 0.418871 0.677701
vt 0.437221 0.643898
vt 0.417906 0.643898
vt 0.409214 0.649693
vt 0.417906 0.641001
vt 0.428529 0.637138
vt 0.428529 0.634241
vt 0.417906 0.637138
vt 0.408248 0.646796
vt 0.409214 0.643898
vt 0.436256 0.631343
vt 0.436256 0.634241
vt 0.429495 0.640035
vt 0.437221 0.637138
vt 0.405351 0.648727
vt 0.405351 0.645830
vt 0.397624 0.650659
vt 0.387001 0.645830
vt 0.395693 0.643898
vt 0.400522 0.645830
vt 0.400522 0.641967
vt 0.394727 0.641001
vt 0.387966 0.641967
vt 0.387001 0.638104
vt 0.377343 0.641001
vt 0.377343 0.638104
vt 0.368651 0.641001
vt 0.367685 0.638104
vt 0.369617 0.645830
vt 0.370582 0.660317
vt 0.553115 0.808081
vt 0.540560 0.812910
vt 0.539594 0.801321
vt 0.552149 0.799389
vt 0.526073 0.807115
vt 0.528005 0.821602
vt 0.537663 0.788766
vt 0.551184 0.787800
vt 0.524142 0.791663
vt 0.553115 0.799389
vt 0.554081 0.808081
vt 0.552149 0.788766
vt 0.554081 0.777176
vt 0.557944 0.769450
vt 0.555047 0.817739
vt 0.556978 0.830294
vt 0.560841 0.837055
vt 0.573397 0.832226
vt 0.576294 0.819671
vt 0.578225 0.810013
vt 0.578225 0.801321
vt 0.578225 0.790697
vt 0.577260 0.781039
vt 0.575328 0.772347
vt 0.568568 0.838986
vt 0.564704 0.767518
vt 0.676735 0.918180
vt 0.660317 0.898865
vt 0.674803 0.883412
vt 0.693153 0.902728
vt 0.645830 0.945222
vt 0.624583 0.923975
vt 0.621686 0.969367
vt 0.656454 0.986751
vt 0.670940 0.956812
vt 0.712469 0.923975
vt 0.691222 0.935564
vt 0.699914 0.954880
vt 0.727921 0.948120
vt 0.740477 0.989648
vt 0.702811 0.994477
vt 0.649693 0.882446
vt 0.620720 0.901762
vt 0.661283 0.865062
vt 0.669009 0.849610
vt 0.676735 0.830294
vt 0.702811 0.852507
vt 0.688324 0.868925
vt 0.708606 0.889207
vt 0.730819 0.865062
vt 0.753032 0.894036
vt 0.729853 0.910454
vt 0.776210 0.923009
vt 0.750134 0.938462
vt 0.773313 0.978059
vt 0.804218 0.957777
vt 0.682530 0.811944
vt 0.689290 0.790697
vt 0.695085 0.776210
vt 0.728887 0.792629
vt 0.724058 0.810013
vt 0.716332 0.833192
vt 0.750134 0.813876
vt 0.752066 0.791663
vt 0.750134 0.847678
vt 0.770416 0.874720
vt 0.795526 0.905625
vt 0.791663 0.863131
vt 0.815808 0.885344
vt 0.827397 0.935564
vt 0.845747 0.907557
vt 0.806150 0.849610
vt 0.830294 0.859268
vt 0.839952 0.816773
vt 0.865062 0.817739
vt 0.836089 0.779108
vt 0.859268 0.773313
vt 0.832226 0.758826
vt 0.855405 0.750134
vt 0.860233 0.870857
vt 0.799389 0.774279
vt 0.799389 0.790697
vt 0.767518 0.805184
vt 0.804218 0.819671
vt 0.778142 0.832226
vt 0.409214 0.688324
vt 0.400522 0.686393
vt 0.387966 0.688324
vt 0.392795 0.693153
vt 0.401487 0.689290
vt 0.402453 0.691222
vt 0.407282 0.691222
vt 0.396659 0.695085
vt 0.390864 0.703777
vt 0.382172 0.705709
vt 0.404385 0.692188
vt 0.406316 0.692188
vt 0.405351 0.693153
vt 0.403419 0.699914
vt 0.398590 0.700880
vt 0.405351 0.701845
vt 0.400522 0.709572
vt 0.409214 0.704743
vt 0.410179 0.694119
vt 0.408248 0.694119
vt 0.404385 0.713435
vt 0.412111 0.718264
vt 0.418871 0.709572
vt 0.423700 0.725024
vt 0.433358 0.710537
vt 0.417906 0.691222
vt 0.430461 0.727921
vt 0.411145 0.725024
vt 0.403419 0.717298
vt 0.410179 0.727921
vt 0.420803 0.733716
vt 0.419837 0.736613
vt 0.410179 0.730819
vt 0.402453 0.720195
vt 0.426598 0.739511
vt 0.427564 0.737579
vt 0.421769 0.730819
vt 0.429495 0.734682
vt 0.402453 0.723093
vt 0.399556 0.718264
vt 0.399556 0.721161
vt 0.617822 0.599473
vt 0.663214 0.608165
vt 0.713435 0.646796
vt 0.720195 0.677701
vt 0.616857 0.787800
vt 0.614925 0.777176
vt 0.611062 0.769450
vt 0.613959 0.817739
vt 0.612028 0.830294
vt 0.593678 0.819671
vt 0.595609 0.832226
vt 0.590781 0.801321
vt 0.590781 0.790697
vt 0.591746 0.781039
vt 0.594644 0.772347
vt 0.600438 0.838021
vt 0.604301 0.767518
vt 0.388932 0.721161
vt 0.394727 0.720195
vt 0.393761 0.724058
vt 0.387966 0.724058
vt 0.381206 0.722127
vt 0.380240 0.725024
vt 0.371548 0.721161
vt 0.370582 0.724058
vt 0.362856 0.720195
vt 0.361890 0.723093
vt 0.391830 0.715366
vt 0.363822 0.715366
vt 0.381206 0.717298
vt 0.367685 0.701845
vt 0.783937 0.698948
vt 0.780074 0.699914
vt 0.774279 0.690256
vt 0.782005 0.710537
vt 0.775245 0.709572
vt 0.772347 0.725024
vt 0.762690 0.723093
vt 0.755929 0.735648
vt 0.753032 0.717298
vt 0.749169 0.731785
vt 0.746271 0.741442
vt 0.753998 0.744340
vt 0.740477 0.738545
vt 0.743374 0.727921
vt 0.735648 0.736613
vt 0.736613 0.726956
vt 0.739511 0.707640
vt 0.746271 0.712469
vt 0.728887 0.732750
vt 0.728887 0.725024
vt 0.721161 0.729853
vt 0.720195 0.720195
vt 0.733716 0.701845
vt 0.725990 0.696051
vt 0.751100 0.695085
vt 0.754963 0.701845
vt 0.749169 0.688324
vt 0.746271 0.680598
vt 0.762690 0.686393
vt 0.763655 0.681564
vt 0.762690 0.691222
vt 0.763655 0.696051
vt 0.766553 0.698948
vt 0.760758 0.706674
vt 0.767518 0.708606
vt 0.770416 0.698948
vt 0.775245 0.699914
vt 0.794560 0.748203
vt 0.788766 0.743374
vt 0.798423 0.725024
vt 0.808081 0.725990
vt 0.787800 0.753998
vt 0.782005 0.751100
vt 0.776210 0.749169
vt 0.782971 0.739511
vt 0.790697 0.725024
vt 0.795526 0.705709
vt 0.802287 0.701845
vt 0.788766 0.708606
vt 0.785868 0.695085
vt 0.788766 0.691222
vt 0.782005 0.725024
vt 0.775245 0.739511
vt 0.770416 0.748203
vt 0.762690 0.746271
vt 0.765587 0.739511
vt 0.045114 0.010346
vt 0.044148 0.009380
vt 0.057669 0.009380
vt 0.058635 0.010346
vt 0.044148 0.010346
vt 0.057669 0.008415
vt 0.094369 0.008415
vt 0.094369 0.009380
vt 0.094369 0.011312
vt 0.131069 0.012278
vt 0.131069 0.010346
vt 0.175495 0.010346
vt 0.175495 0.008415
vt 0.226681 0.011312
vt 0.226681 0.008415
vt 0.279799 0.011312
vt 0.279799 0.008415
vt 0.338712 0.012278
vt 0.338712 0.008415
vt 0.338712 0.016141
vt 0.279799 0.015175
vt 0.279799 0.018072
vt 0.338712 0.020004
vt 0.338712 0.024833
vt 0.279799 0.021935
vt 0.226681 0.020004
vt 0.226681 0.017107
vt 0.226681 0.014209
vt 0.175495 0.018072
vt 0.175495 0.015175
vt 0.175495 0.013243
vt 0.393761 0.021935
vt 0.393761 0.017107
vt 0.448811 0.019038
vt 0.448811 0.013243
vt 0.502894 0.014209
vt 0.502894 0.008415
vt 0.556012 0.008415
vt 0.556012 0.014209
vt 0.502894 0.020004
vt 0.556012 0.020970
vt 0.609130 0.008415
vt 0.609130 0.015175
vt 0.661283 0.008415
vt 0.661283 0.015175
vt 0.609130 0.021935
vt 0.661283 0.022901
vt 0.715366 0.008415
vt 0.715366 0.016141
vt 0.714401 0.023867
vt 0.660317 0.030628
vt 0.714401 0.031593
vt 0.660317 0.038354
vt 0.609130 0.035456
vt 0.609130 0.028696
vt 0.556012 0.027730
vt 0.556012 0.033525
vt 0.714401 0.040285
vt 0.767518 0.016141
vt 0.767518 0.024833
vt 0.821602 0.016141
vt 0.821602 0.025799
vt 0.877617 0.017107
vt 0.877617 0.007449
vt 0.821602 0.007449
vt 0.876652 0.026764
vt 0.936530 0.006483
vt 0.937496 0.017107
vt 0.936530 0.027730
vt 0.821602 0.034491
vt 0.876652 0.036422
vt 0.821602 0.044148
vt 0.876652 0.046080
vt 0.936530 0.048012
vt 0.936530 0.037388
vt 0.766553 0.042217
vt 0.766553 0.033525
vt 0.979025 0.027730
vt 0.979025 0.017107
vt 0.979025 0.039320
vt 0.978059 0.049943
vt 0.979025 0.006483
vt 0.043183 0.010346
vt 0.057669 0.013243
vt 0.057669 0.011312
vt 0.094369 0.012278
vt 0.131069 0.014209
vt 0.131069 0.016141
vt 0.094369 0.014209
vt 0.767518 0.007449
vt 0.447845 0.028696
vt 0.448811 0.023867
vt 0.502894 0.025799
vt 0.501929 0.031593
vt 0.392795 0.026764
vt 0.448811 0.008415
vt 0.393761 0.013243
vt 0.393761 0.008415
vt 0.131069 0.008415
vt 0.987717 0.932667
vt 0.979990 0.932667
vt 0.980956 0.918180
vt 0.987717 0.916249
vt 0.981922 0.948120
vt 0.975161 0.946188
vt 0.973230 0.962606
vt 0.979025 0.904659
vt 0.984819 0.901762
vt 0.977093 0.886310
vt 0.960675 0.974196
vt 0.966469 0.958743
vt 0.955846 0.969367
vt 0.966469 0.941359
vt 0.958743 0.951017
vt 0.950051 0.959709
vt 0.938462 0.965504
vt 0.924941 0.923009
vt 0.969367 0.930735
vt 0.968401 0.907557
vt 0.970333 0.918180
vt 0.962606 0.896933
vt 0.953914 0.889207
vt 0.961640 0.880515
vt 0.971298 0.890173
vt 0.966469 0.875686
vt 0.931701 0.879549
vt 0.944256 0.882446
vt 0.933633 0.868925
vt 0.949085 0.872789
vt 0.935564 0.862165
vt 0.951983 0.866994
vt 0.919146 0.878583
vt 0.906591 0.882446
vt 0.917215 0.867960
vt 0.901762 0.871823
vt 0.900796 0.865062
vt 0.917215 0.861199
vt 0.887275 0.896933
vt 0.896933 0.888241
vt 0.890173 0.879549
vt 0.877617 0.890173
vt 0.881481 0.907557
vt 0.878583 0.919146
vt 0.870857 0.904659
vt 0.866994 0.918180
vt 0.881481 0.942325
vt 0.878583 0.930735
vt 0.866994 0.932667
vt 0.870857 0.947154
vt 0.886310 0.872789
vt 0.873754 0.885344
vt 0.886310 0.951017
vt 0.895002 0.960675
vt 0.876652 0.957777
vt 0.887275 0.970333
vt 0.870857 0.962606
vt 0.883412 0.976127
vt 0.916249 0.968401
vt 0.904659 0.965504
vt 0.913351 0.979990
vt 0.899830 0.976127
vt 0.897899 0.982888
vt 0.913351 0.986751
vt 0.928804 0.968401
vt 0.942325 0.976127
vt 0.929770 0.979990
vt 0.931701 0.985785
vt 0.945222 0.981922
vt 0.864097 0.949085
vt 0.860233 0.932667
vt 0.860233 0.916249
vt 0.864097 0.900796
vt 0.985785 0.802287
vt 0.981922 0.817739
vt 0.964538 0.810013
vt 0.967435 0.799389
vt 0.985785 0.789731
vt 0.967435 0.790697
vt 0.981922 0.775245
vt 0.964538 0.780074
vt 0.941359 0.795526
vt 0.938462 0.785868
vt 0.976127 0.762690
vt 0.959709 0.771382
vt 0.965504 0.752066
vt 0.952948 0.763655
vt 0.952948 0.742408
vt 0.944256 0.757861
vt 0.937496 0.738545
vt 0.932667 0.754963
vt 0.928804 0.779108
vt 0.923009 0.754963
vt 0.912386 0.756895
vt 0.908522 0.741442
vt 0.923009 0.737579
vt 0.917215 0.782005
vt 0.894036 0.749169
vt 0.903694 0.762690
vt 0.895002 0.770416
vt 0.882446 0.760758
vt 0.874720 0.773313
vt 0.890173 0.779108
vt 0.886310 0.787800
vt 0.869891 0.785868
vt 0.911420 0.791663
vt 0.886310 0.799389
vt 0.889207 0.808081
vt 0.913351 0.801321
vt 0.895002 0.816773
vt 0.873754 0.814842
vt 0.881481 0.827397
vt 0.901762 0.824500
vt 0.892104 0.837055
vt 0.905625 0.844781
vt 0.911420 0.828363
vt 0.921078 0.832226
vt 0.920112 0.848644
vt 0.869891 0.802287
vt 0.923975 0.807115
vt 0.931701 0.831260
vt 0.935564 0.805184
vt 0.940393 0.830294
vt 0.935564 0.848644
vt 0.948120 0.845747
vt 0.925907 0.793595
vt 0.963572 0.838986
vt 0.951017 0.824500
vt 0.958743 0.818705
vt 0.973230 0.829328
s 1
usemtl Mickey_base_texture_2
f 3/1/1 2/2/2 1/3/3
f 4/4/4 3/1/1 1/3/3
f 1/3/3 5/5/5 4/4/4
f 5/5/5 6/6/6 4/4/4
f 5/5/5 7/7/7 6/6/6
f 7/7/7 8/8/8 6/6/6
f 7/7/7 9/9/9 8/8/8
f 9/9/9 10/10/10 8/8/8
f 9/9/9 11/11/11 10/10/10
f 11/11/11 12/12/12 10/10/10
f 11/11/11 13/13/13 12/12/12
f 13/13/13 14/14/14 12/12/12
f 13/13/13 15/15/15 14/14/14
f 15/15/15 16/16/16 14/14/14
f 15/15/15 17/17/17 16/16/16
f 17/17/17 18/18/18 16/16/16
f 16/16/16 18/18/18 19/19/19
f 18/18/18 20/20/20 19/19/19
f 16/16/16 19/19/19 21/21/21
f 14/14/14 16/16/16 21/21/21
f 14/14/14 21/21/21 22/22/22
f 12/12/12 14/14/14 22/22/22
f 12/12/12 22/22/22 23/23/23
f 10/10/10 12/12/12 23/23/23
f 10/10/10 23/23/23 24/24/24
f 8/8/8 10/10/10 24/24/24
f 8/8/8 24/24/24 25/25/25
f 6/6/6 8/8/8 25/25/25
f 6/6/6 25/25/25 26/26/26
f 4/4/4 6/6/6 26/26/26
f 4/4/4 26/26/26 3/1/1
f 26/26/26 27/27/27 3/1/1
f 27/27/27 28/28/28 3/1/1
f 28/28/28 29/29/29 3/1/1
f 3/1/1 29/29/29 2/2/2
f 29/29/29 30/30/30 2/2/2
f 33/1/31 32/4/32 31/3/33
f 34/2/34 33/1/31 31/3/33
f 35/5/35 31/3/33 32/4/32
f 36/6/36 35/5/35 32/4/32
f 37/7/37 35/5/35 36/6/36
f 38/8/38 37/7/37 36/6/36
f 39/9/39 37/7/37 38/8/38
f 40/10/40 39/9/39 38/8/38
f 41/11/41 39/9/39 40/10/40
f 42/12/42 41/11/41 40/10/40
f 43/13/43 41/11/41 42/12/42
f 44/14/44 43/13/43 42/12/42
f 45/15/45 43/13/43 44/14/44
f 46/16/46 45/15/45 44/14/44
f 47/17/47 45/15/45 46/16/46
f 48/18/48 47/17/47 46/16/46
f 48/18/48 46/16/46 49/19/49
f 50/20/50 48/18/48 49/19/49
f 46/16/46 44/14/44 51/21/51
f 49/19/49 46/16/46 51/21/51
f 44/14/44 42/12/42 52/22/52
f 51/21/51 44/14/44 52/22/52
f 42/12/42 40/10/40 53/23/53
f 52/22/52 42/12/42 53/23/53
f 40/10/40 38/8/38 54/24/54
f 53/23/53 40/10/40 54/24/54
f 54/24/54 38/8/38 55/25/55
f 38/8/38 36/6/36 55/25/55
f 55/25/55 36/6/36 56/26/56
f 36/6/36 32/4/32 56/26/56
f 56/26/56 32/4/32 33/1/31
f 57/27/57 56/26/56 33/1/31
f 58/28/58 57/27/57 33/1/31
f 59/29/59 58/28/58 33/1/31
f 59/29/59 33/1/31 34/2/34
f 60/30/60 59/29/59 34/2/34
f 63/31/61 62/32/62 61/33/63
f 64/34/64 63/31/61 61/33/63
f 67/35/65 66/31/61 65/34/66
f 68/36/67 67/35/65 65/34/66
f 71/37/68 70/35/65 69/36/69
f 72/38/70 71/37/68 69/36/69
f 75/38/71 74/36/72 73/39/73
f 76/40/74 75/38/71 73/39/73
f 73/39/73 74/36/72 77/41/75
f 74/36/72 78/34/76 77/41/75
f 77/41/75 78/34/76 79/42/77
f 78/34/76 80/33/78 79/42/77
f 83/31/79 82/34/80 81/33/81
f 84/32/82 83/31/79 81/33/81
f 87/35/83 86/36/84 85/34/85
f 88/31/79 87/35/83 85/34/85
f 91/37/86 90/38/87 89/36/88
f 92/35/89 91/37/86 89/36/88
f 95/38/90 94/40/91 93/39/92
f 96/36/93 95/38/90 93/39/92
f 98/36/93 93/39/92 97/41/94
f 99/34/95 98/36/93 97/41/94
f 102/34/96 101/41/94 100/42/97
f 103/33/98 102/34/96 100/42/97
f 106/43/99 105/44/100 104/45/101
f 107/46/99 106/43/99 104/45/101
f 104/45/101 105/44/100 108/47/102
f 105/44/100 109/48/103 108/47/102
f 104/45/101 108/47/102 110/49/104
f 111/50/105 104/45/101 110/49/104
f 112/46/106 104/45/101 111/50/105
f 113/51/106 112/46/106 111/50/105
f 111/50/105 110/49/104 114/52/107
f 115/53/108 111/50/105 114/52/107
f 116/51/109 111/50/105 115/53/108
f 117/54/110 116/51/109 115/53/108
f 115/53/108 114/52/107 118/55/111
f 119/56/112 115/53/108 118/55/111
f 120/54/113 115/53/108 119/56/112
f 121/57/113 120/54/113 119/56/112
f 108/47/102 109/48/103 122/58/114
f 109/48/103 123/59/115 122/58/114
f 110/49/104 108/47/102 124/60/116
f 108/47/102 125/58/114 124/60/116
f 118/55/111 114/52/107 126/61/117
f 114/52/107 127/62/118 126/61/117
f 114/52/107 110/49/104 127/62/118
f 110/49/104 128/60/116 127/62/118
f 122/58/119 129/63/120 124/60/116
f 129/63/120 130/64/121 124/60/116
f 124/60/116 130/64/121 127/62/118
f 130/64/121 131/65/122 127/62/118
f 127/62/118 131/65/122 126/61/117
f 131/65/122 132/66/123 126/61/117
f 134/67/124 133/68/125 123/59/115
f 134/67/124 135/69/126 133/68/125
f 136/70/127 135/69/126 134/67/124
f 136/70/127 137/71/128 135/69/126
f 138/72/129 137/71/128 136/70/127
f 139/73/129 138/72/129 136/70/127
f 137/71/128 140/74/130 135/69/126
f 137/71/128 141/75/131 140/74/130
f 142/76/132 141/75/131 137/71/128
f 143/72/132 142/76/132 137/71/128
f 141/75/131 144/77/133 140/74/130
f 145/78/134 136/70/127 134/67/124
f 146/73/135 136/70/127 145/78/134
f 147/79/136 146/73/135 145/78/134
f 145/78/134 134/67/124 109/48/103
f 140/74/130 144/77/133 148/80/137
f 144/77/133 149/81/138 148/80/137
f 140/74/130 148/80/137 150/82/139
f 135/69/126 140/74/130 150/82/139
f 135/69/126 150/82/139 133/68/125
f 149/81/138 151/83/123 148/80/137
f 151/83/123 152/84/140 148/80/137
f 148/80/137 152/84/140 150/82/139
f 152/84/140 153/85/141 150/82/139
f 150/82/139 153/85/141 133/68/125
f 153/85/141 154/86/142 133/68/125
f 133/68/125 154/86/142 123/59/115
f 109/48/103 134/67/124 123/59/115
f 154/86/142 155/87/143 123/59/115
f 123/59/115 155/87/143 156/58/144
f 155/87/143 129/63/145 156/58/144
f 105/44/100 157/78/146 109/48/103
f 158/79/147 145/78/148 105/44/100
f 159/43/147 158/79/147 105/44/100
f 162/88/149 161/89/150 160/90/151
f 163/91/152 162/88/149 160/90/151
f 164/92/153 162/88/149 163/91/152
f 165/93/154 164/92/153 163/91/152
f 166/94/155 164/92/153 165/93/154
f 167/95/156 166/94/155 165/93/154
f 166/94/155 167/95/156 168/96/157
f 169/97/158 166/94/155 168/96/157
f 170/98/159 169/97/158 168/96/157
f 171/99/160 170/98/159 168/96/157
f 160/90/151 161/89/150 172/100/161
f 173/101/162 160/90/151 172/100/161
f 173/101/162 172/100/161 174/102/163
f 172/100/161 175/103/164 174/102/163
f 174/102/163 175/103/164 176/104/165
f 175/103/164 177/105/166 176/104/165
f 171/99/160 168/96/157 178/106/167
f 168/96/157 179/107/168 178/106/167
f 174/102/163 176/104/165 180/108/169
f 176/104/165 181/109/170 180/108/169
f 180/108/169 181/109/170 182/110/171
f 179/107/168 182/110/171 178/106/167
f 181/109/170 183/111/172 182/110/171
f 182/110/171 183/111/172 178/106/167
f 184/112/173 177/105/166 175/103/164
f 185/113/174 184/112/173 175/103/164
f 186/114/175 184/112/173 185/113/174
f 187/115/176 186/114/175 185/113/174
f 188/116/177 187/115/176 185/113/174
f 189/117/178 188/116/177 185/113/174
f 189/117/178 185/113/174 175/103/164
f 189/117/178 190/118/179 188/116/177
f 190/118/179 191/119/180 188/116/177
f 188/116/177 192/120/181 187/115/176
f 188/116/177 191/119/180 192/120/181
f 192/120/181 193/121/182 187/115/176
f 194/122/182 186/114/175 187/115/176
f 193/121/182 194/122/182 187/115/176
f 195/123/183 191/119/180 190/118/179
f 196/124/184 195/123/183 190/118/179
f 195/123/183 196/124/184 197/125/185
f 198/126/186 195/123/183 197/125/185
f 197/125/185 199/127/187 198/126/186
f 199/127/187 200/128/188 198/126/186
f 199/127/187 201/129/189 200/128/188
f 201/129/189 202/130/190 200/128/188
f 201/129/189 203/131/191 202/130/190
f 203/131/191 204/132/192 202/130/190
f 204/132/192 203/131/191 205/133/193
f 206/134/194 204/132/192 205/133/193
f 191/119/180 207/135/195 192/120/181
f 208/136/196 207/135/195 191/119/180
f 195/123/183 208/136/196 191/119/180
f 200/128/188 209/137/197 198/126/186
f 200/128/188 202/130/190 209/137/197
f 209/137/197 210/138/198 198/126/186
f 202/130/190 211/139/199 209/137/197
f 202/130/190 204/132/192 211/139/199
f 204/132/192 212/140/200 211/139/199
f 212/140/200 204/132/192 206/134/194
f 213/141/200 212/140/200 206/134/194
f 210/138/198 208/136/196 195/123/183
f 198/126/186 210/138/198 195/123/183
f 203/131/191 201/129/189 170/98/159
f 201/129/189 169/97/158 170/98/159
f 201/129/189 199/127/187 169/97/158
f 199/127/187 166/94/155 169/97/158
f 166/94/155 199/127/187 164/92/153
f 199/127/187 197/125/185 164/92/153
f 164/92/153 197/125/185 162/88/149
f 197/125/185 196/124/184 162/88/149
f 162/88/149 196/124/184 161/89/150
f 196/124/184 190/118/179 161/89/150
f 161/89/150 190/118/179 189/117/178
f 172/100/161 161/89/150 189/117/178
f 172/100/161 189/117/178 175/103/164
f 170/98/159 171/99/160 214/142/201
f 214/142/201 171/99/160 215/143/202
f 171/99/160 216/106/202 215/143/202
f 215/143/202 216/106/202 217/144/203
f 216/106/202 218/111/203 217/144/203
f 217/144/203 218/111/203 219/145/204
f 218/111/203 220/109/205 219/145/204
f 219/145/204 220/109/205 221/146/206
f 219/145/204 221/146/206 222/147/207
f 219/145/204 222/147/207 223/148/208
f 224/144/209 219/145/204 223/148/208
f 221/146/206 225/149/210 222/147/207
f 221/146/206 226/150/211 225/149/210
f 226/150/211 227/151/212 225/149/210
f 225/149/210 227/151/212 228/152/213
f 222/147/207 225/149/210 228/152/213
f 227/151/212 229/153/214 228/152/213
f 228/152/213 229/153/214 230/154/215
f 229/153/214 231/155/216 230/154/215
f 223/148/208 222/147/207 232/156/217
f 232/156/217 222/147/207 228/152/213
f 228/152/213 230/154/215 232/156/217
f 233/157/218 223/148/208 232/156/217
f 229/153/214 234/158/219 231/155/216
f 234/158/219 229/153/214 227/151/212
f 234/158/219 235/159/220 231/155/216
f 235/159/220 234/158/219 236/160/221
f 234/158/219 237/161/222 236/160/221
f 234/158/219 238/162/223 237/161/222
f 238/162/223 234/158/219 227/151/212
f 238/162/223 239/163/224 237/161/222
f 238/162/223 240/164/223 239/163/224
f 240/164/223 238/162/223 227/151/212
f 226/150/211 240/164/223 227/151/212
f 240/164/223 241/165/225 239/163/224
f 237/161/222 239/163/224 242/166/226
f 237/161/222 242/166/226 236/160/221
f 239/163/224 243/167/227 242/166/226
f 242/166/226 244/168/228 236/160/221
f 240/164/223 184/112/173 241/165/225
f 177/105/166 184/112/173 240/164/223
f 226/150/211 177/105/166 240/164/223
f 184/112/173 186/114/175 241/165/225
f 241/165/225 186/114/175 245/169/182
f 245/169/182 243/167/227 239/163/224
f 241/165/225 245/169/182 239/163/224
f 186/114/175 194/122/182 245/169/182
f 176/104/165 177/105/166 226/150/211
f 221/146/206 176/104/165 226/150/211
f 220/109/205 176/104/165 221/146/206
f 244/168/228 247/170/229 246/171/230
f 246/171/230 247/170/229 248/172/231
f 247/170/229 249/173/232 248/172/231
f 250/174/233 246/171/230 248/172/231
f 251/175/234 250/174/233 248/172/231
f 250/174/233 251/175/234 252/176/235
f 253/177/236 250/174/233 252/176/235
f 253/177/236 252/176/235 254/178/237
f 255/179/238 253/177/236 254/178/237
f 248/172/231 249/173/232 256/180/239
f 251/175/234 248/172/231 256/180/239
f 249/173/232 257/181/240 256/180/239
f 256/180/239 257/181/240 258/182/241
f 257/181/240 259/183/242 258/182/241
f 260/184/243 256/180/239 258/182/241
f 260/184/243 251/175/234 256/180/239
f 261/185/244 260/184/243 258/182/241
f 260/184/243 261/185/244 262/186/245
f 263/187/246 260/184/243 262/186/245
f 251/175/234 260/184/243 263/187/246
f 252/176/235 251/175/234 263/187/246
f 263/187/246 262/186/245 264/188/247
f 265/189/248 263/187/246 264/188/247
f 252/176/235 263/187/246 265/189/248
f 254/178/237 252/176/235 265/189/248
f 258/182/241 259/183/242 266/190/249
f 267/191/250 258/182/241 266/190/249
f 261/185/244 258/182/241 267/191/250
f 267/191/250 266/190/249 268/192/251
f 269/193/252 267/191/250 268/192/251
f 270/194/253 267/191/250 269/193/252
f 270/194/253 261/185/244 267/191/250
f 261/185/244 270/194/253 262/186/245
f 271/195/254 270/194/253 269/193/252
f 271/195/254 272/196/255 270/194/253
f 272/196/255 273/197/256 270/194/253
f 270/194/253 273/197/256 262/186/245
f 262/186/245 273/197/256 264/188/247
f 273/197/256 272/196/255 274/198/257
f 275/199/258 273/197/256 274/198/257
f 273/197/256 275/199/258 264/188/247
f 265/189/248 264/188/247 275/199/258
f 275/199/258 274/198/257 276/200/259
f 276/200/259 265/189/248 275/199/258
f 274/198/257 277/201/260 276/200/259
f 278/143/261 277/201/260 274/198/257
f 214/142/201 278/143/261 274/198/257
f 274/198/257 272/196/255 214/142/201
f 276/200/259 277/201/260 233/157/218
f 277/201/260 223/148/208 233/157/218
f 223/148/208 277/201/260 278/143/261
f 224/144/209 223/148/208 278/143/261
f 272/196/255 279/202/262 214/142/201
f 272/196/255 271/195/254 279/202/262
f 271/195/254 205/133/193 279/202/262
f 271/195/254 269/193/252 206/134/194
f 205/133/193 271/195/254 206/134/194
f 279/202/262 170/98/159 214/142/201
f 203/131/191 170/98/159 279/202/262
f 205/133/193 203/131/191 279/202/262
f 269/193/252 268/192/251 206/134/194
f 268/192/251 213/141/200 206/134/194
f 276/200/259 233/157/218 254/178/237
f 254/178/237 233/157/218 232/156/217
f 255/179/238 254/178/237 232/156/217
f 230/154/215 255/179/238 232/156/217
f 253/177/236 255/179/238 230/154/215
f 231/155/216 253/177/236 230/154/215
f 250/174/233 253/177/236 231/155/216
f 235/159/220 250/174/233 231/155/216
f 250/174/233 235/159/220 246/171/230
f 235/159/220 236/160/221 246/171/230
f 236/160/221 244/168/228 246/171/230
f 265/189/248 276/200/259 254/178/237
f 282/203/263 281/204/264 280/205/265
f 283/206/266 282/203/263 280/205/265
f 281/204/264 282/203/263 284/207/264
f 282/203/263 285/208/264 284/207/264
f 284/207/264 285/208/264 286/209/263
f 285/208/264 287/210/264 286/209/263
f 286/209/263 287/210/264 288/211/267
f 289/212/268 286/209/263 288/211/267
f 284/207/264 286/209/263 290/213/269
f 291/214/270 284/207/264 290/213/269
f 281/204/264 284/207/264 291/214/270
f 292/215/229 281/204/264 291/214/270
f 280/205/265 281/204/264 292/215/229
f 293/216/263 282/203/263 283/206/266
f 282/203/263 293/216/263 285/208/264
f 294/217/182 293/216/263 283/206/266
f 293/216/263 295/218/263 285/208/264
f 285/208/264 295/218/263 287/210/264
f 295/218/263 296/219/264 287/210/264
f 287/210/264 296/219/264 297/220/271
f 288/211/267 287/210/264 297/220/271
f 295/218/263 298/221/263 296/219/264
f 298/221/263 299/222/263 296/219/264
f 296/219/264 299/222/263 297/220/271
f 298/221/263 300/223/264 299/222/263
f 301/224/263 300/223/264 298/221/263
f 302/225/263 301/224/263 298/221/263
f 302/225/263 298/221/263 295/218/263
f 293/216/263 302/225/263 295/218/263
f 301/224/263 302/225/263 303/226/182
f 303/226/182 302/225/263 293/216/263
f 294/217/182 303/226/182 293/216/263
f 304/227/182 301/224/263 303/226/182
f 300/223/264 305/228/264 299/222/263
f 299/222/263 305/228/264 306/229/272
f 307/230/271 299/222/263 306/229/272
f 299/222/263 307/230/271 297/220/271
f 301/224/263 308/231/273 300/223/264
f 308/231/273 309/232/274 300/223/264
f 300/223/264 309/232/274 305/228/264
f 309/232/274 310/233/275 305/228/264
f 310/233/275 306/229/272 305/228/264
f 311/234/276 301/224/263 304/227/182
f 308/231/273 301/224/263 312/235/277
f 311/234/276 312/235/277 301/224/263
f 180/108/169 313/236/278 174/102/163
f 314/237/279 313/236/278 180/108/169
f 182/110/171 314/237/279 180/108/169
f 315/238/280 314/237/279 182/110/171
f 179/107/168 315/238/280 182/110/171
f 316/239/281 315/238/280 179/107/168
f 168/96/157 316/239/281 179/107/168
f 316/239/281 168/96/157 317/240/282
f 168/96/157 167/95/156 317/240/282
f 318/241/283 317/240/282 167/95/156
f 165/93/154 318/241/283 167/95/156
f 319/242/284 318/241/283 165/93/154
f 163/91/152 319/242/284 165/93/154
f 160/90/151 319/242/284 163/91/152
f 320/243/285 319/242/284 160/90/151
f 173/101/162 320/243/285 160/90/151
f 313/236/278 320/243/285 173/101/162
f 174/102/163 313/236/278 173/101/162
f 321/244/286 280/205/265 292/215/229
f 286/209/263 289/212/268 322/245/287
f 290/213/269 286/209/263 322/245/287
f 325/246/288 324/247/289 323/248/290
f 326/249/112 325/246/288 323/248/290
f 326/249/112 323/248/290 327/250/107
f 328/251/111 326/249/112 327/250/107
f 327/250/107 323/248/290 329/252/104
f 330/253/291 326/249/112 328/251/111
f 330/253/291 331/254/292 326/249/112
f 331/254/292 332/246/292 326/249/112
f 333/255/130 330/253/291 328/251/111
f 334/256/293 330/253/291 333/255/130
f 334/256/293 335/257/294 330/253/291
f 335/257/294 336/254/295 330/253/291
f 337/258/126 334/256/293 333/255/130
f 338/259/296 334/256/293 337/258/126
f 338/259/296 339/260/297 334/256/293
f 339/260/297 340/257/297 334/256/293
f 341/261/298 338/259/296 337/258/126
f 342/262/112 338/259/296 341/261/298
f 342/262/112 343/263/299 338/259/296
f 343/263/299 344/260/299 338/259/296
f 345/264/300 342/262/112 341/261/298
f 345/264/300 341/261/298 346/265/301
f 347/266/302 345/264/300 346/265/301
f 341/261/298 337/258/126 348/267/303
f 346/265/301 341/261/298 348/267/303
f 337/258/126 333/255/130 349/268/304
f 348/267/303 337/258/126 349/268/304
f 349/268/304 333/255/130 350/269/305
f 333/255/130 328/251/111 350/269/305
f 350/269/305 328/251/111 351/270/306
f 328/251/111 327/250/107 351/270/306
f 351/270/306 327/250/107 352/271/307
f 327/250/107 329/252/104 352/271/307
f 353/272/308 350/269/305 351/270/306
f 354/273/309 353/272/308 351/270/306
f 354/273/309 351/270/306 352/271/307
f 355/274/310 354/273/309 352/271/307
f 355/274/310 352/271/307 356/275/311
f 329/252/104 357/276/312 356/275/313
f 329/252/104 358/277/314 357/276/312
f 359/248/290 358/277/314 329/252/104
f 358/277/314 360/278/315 357/276/312
f 358/277/314 361/279/316 360/278/315
f 361/279/316 362/280/317 360/278/315
f 357/276/312 360/278/315 363/281/318
f 360/278/315 364/282/112 363/281/318
f 360/278/315 365/280/319 364/282/112
f 365/280/319 366/283/320 364/282/112
f 367/271/321 329/252/104 356/275/313
f 357/276/312 363/281/318 368/284/302
f 369/275/313 357/276/312 368/284/302
f 370/285/322 355/274/310 356/275/311
f 370/285/322 356/275/311 368/284/323
f 371/286/324 370/285/322 368/284/323
f 373/247/325 372/279/325 358/277/314
f 323/248/290 373/247/325 358/277/314
f 374/287/324 347/266/302 346/265/301
f 375/288/326 374/287/324 346/265/301
f 375/288/326 346/265/301 348/267/303
f 376/289/327 375/288/326 348/267/303
f 376/289/327 348/267/303 349/268/304
f 377/290/328 376/289/327 349/268/304
f 377/290/328 349/268/304 350/269/305
f 353/272/308 377/290/328 350/269/305
f 380/291/329 379/292/330 378/293/331
f 381/294/332 380/291/329 378/293/331
f 380/291/329 382/295/333 379/292/330
f 382/295/333 383/296/334 379/292/330
f 382/295/333 384/297/335 383/296/334
f 384/297/335 385/298/336 383/296/334
f 385/298/336 384/297/335 386/299/337
f 384/297/335 387/300/338 386/299/337
f 387/300/338 388/301/339 386/299/337
f 388/301/339 389/302/340 386/299/337
f 381/294/332 378/293/331 390/303/341
f 378/293/331 391/304/342 390/303/341
f 390/303/341 391/304/342 392/305/343
f 393/306/344 390/303/341 392/305/343
f 393/306/344 392/305/343 394/307/345
f 395/308/346 393/306/344 394/307/345
f 386/299/337 389/302/340 396/309/347
f 397/310/348 386/299/337 396/309/347
f 394/307/345 392/305/343 398/311/349
f 399/312/350 394/307/345 398/311/349
f 399/312/350 398/311/349 400/313/351
f 400/313/351 397/310/348 396/309/347
f 401/314/352 399/312/350 400/313/351
f 401/314/352 400/313/351 396/309/347
f 395/308/346 402/315/353 393/306/344
f 402/315/353 403/316/354 393/306/344
f 402/315/353 404/317/355 403/316/354
f 404/317/355 405/318/356 403/316/354
f 405/318/356 406/319/357 403/316/354
f 406/319/357 407/320/358 403/316/354
f 403/316/354 407/320/358 393/306/344
f 408/321/359 407/320/358 406/319/357
f 409/322/360 408/321/359 406/319/357
f 410/323/361 406/319/357 405/318/356
f 409/322/360 406/319/357 410/323/361
f 411/324/362 410/323/361 405/318/356
f 412/325/362 411/324/362 405/318/356
f 404/317/355 412/325/362 405/318/356
f 409/322/360 413/326/363 408/321/359
f 413/326/363 414/327/364 408/321/359
f 414/327/364 413/326/363 415/328/365
f 413/326/363 416/329/366 415/328/365
f 417/330/367 415/328/365 416/329/366
f 418/331/368 417/330/367 416/329/366
f 419/332/369 417/330/367 418/331/368
f 420/333/370 419/332/369 418/331/368
f 421/334/371 419/332/369 420/333/370
f 422/335/372 421/334/371 420/333/370
f 421/334/371 422/335/372 423/336/373
f 422/335/372 424/337/374 423/336/373
f 425/338/375 409/322/360 410/323/361
f 426/339/376 418/331/368 416/329/366
f 420/333/370 418/331/368 426/339/376
f 427/340/377 426/339/376 416/329/366
f 427/340/377 416/329/366 413/326/363
f 428/341/378 420/333/370 426/339/376
f 422/335/372 420/333/370 428/341/378
f 429/342/379 422/335/372 428/341/378
f 422/335/372 429/342/379 424/337/374
f 429/342/379 430/343/379 424/337/374
f 415/328/365 417/330/367 382/295/333
f 415/328/365 382/295/333 380/291/329
f 414/327/364 415/328/365 380/291/329
f 414/327/364 380/291/329 381/294/332
f 408/321/359 414/327/364 381/294/332
f 408/321/359 381/294/332 407/320/358
f 381/294/332 390/303/341 407/320/358
f 407/320/358 390/303/341 393/306/344
f 430/343/379 431/344/380 424/337/374
f 425/338/375 432/345/381 409/322/360
f 432/345/381 413/326/363 409/322/360
f 432/345/381 427/340/377 413/326/363
f 434/346/382 433/347/383 431/344/380
f 434/346/382 435/348/384 433/347/383
f 435/348/384 436/349/385 433/347/383
f 437/350/386 434/346/382 431/344/380
f 438/351/387 436/349/385 435/348/384
f 439/352/388 438/351/387 435/348/384
f 438/351/387 439/352/388 440/353/389
f 439/352/388 441/354/390 440/353/389
f 440/353/389 441/354/390 442/355/391
f 443/356/392 440/353/389 442/355/391
f 443/356/392 444/357/393 440/353/389
f 444/357/393 445/358/394 440/353/389
f 438/351/387 440/353/389 445/358/394
f 443/356/392 442/355/391 446/359/395
f 447/360/396 443/356/392 446/359/395
f 443/356/392 447/360/396 444/357/393
f 447/360/396 446/359/395 448/361/397
f 449/362/398 447/360/396 448/361/397
f 449/362/398 450/363/399 447/360/396
f 450/363/399 451/364/400 447/360/396
f 447/360/396 451/364/400 444/357/393
f 452/365/401 450/363/399 449/362/398
f 453/366/402 452/365/401 449/362/398
f 454/367/403 452/365/401 453/366/402
f 455/368/404 454/367/403 453/366/402
f 455/368/404 453/366/402 456/369/405
f 449/362/398 448/361/397 456/369/405
f 453/366/402 449/362/398 456/369/405
f 457/370/406 455/368/404 456/369/405
f 457/370/406 456/369/405 458/371/407
f 458/371/407 456/369/405 448/361/397
f 459/372/408 457/370/406 458/371/407
f 460/373/409 457/370/406 459/372/408
f 457/370/406 460/373/409 455/368/404
f 461/374/410 460/373/409 459/372/408
f 460/373/409 461/374/410 462/375/411
f 463/376/412 460/373/409 462/375/411
f 464/377/413 460/373/409 463/376/412
f 460/373/409 464/377/413 455/368/404
f 465/378/414 464/377/413 463/376/412
f 466/379/413 464/377/413 465/378/414
f 466/379/413 454/367/403 455/368/404
f 464/377/413 466/379/413 455/368/404
f 467/380/192 466/379/413 465/378/414
f 465/378/414 463/376/412 468/381/415
f 468/381/415 463/376/412 462/375/411
f 469/382/416 465/378/414 468/381/415
f 470/383/417 468/381/415 462/375/411
f 402/315/353 466/379/413 467/380/192
f 402/315/353 395/308/346 466/379/413
f 395/308/346 454/367/403 466/379/413
f 404/317/355 402/315/353 467/380/192
f 404/317/355 467/380/192 471/384/418
f 471/384/418 467/380/192 465/378/414
f 469/382/416 471/384/418 465/378/414
f 412/325/362 404/317/355 471/384/418
f 395/308/346 394/307/345 454/367/403
f 394/307/345 452/365/401 454/367/403
f 394/307/345 472/312/419 452/365/401
f 472/312/419 450/363/399 452/365/401
f 472/312/419 473/314/420 450/363/399
f 473/314/420 474/364/421 450/363/399
f 473/314/420 475/309/422 474/364/421
f 475/309/422 476/357/422 474/364/421
f 475/309/422 389/302/340 476/357/422
f 389/302/340 445/358/394 476/357/422
f 389/302/340 388/301/339 445/358/394
f 388/301/339 477/385/423 445/358/394
f 477/385/423 438/351/387 445/358/394
f 436/349/385 438/351/387 477/385/423
f 423/336/373 436/349/385 477/385/423
f 436/349/385 423/336/373 424/337/374
f 433/347/383 436/349/385 424/337/374
f 421/334/371 423/336/373 477/385/423
f 388/301/339 421/334/371 477/385/423
f 419/332/369 421/334/371 388/301/339
f 387/300/338 419/332/369 388/301/339
f 417/330/367 419/332/369 387/300/338
f 384/297/335 417/330/367 387/300/338
f 417/330/367 384/297/335 382/295/333
f 431/344/380 433/347/383 424/337/374
f 480/386/424 479/387/425 478/388/426
f 481/389/427 480/386/424 478/388/426
f 479/387/425 482/390/428 478/388/426
f 482/390/428 483/391/429 478/388/426
f 483/391/429 482/390/428 484/392/430
f 482/390/428 485/393/431 484/392/430
f 484/392/430 485/393/431 486/394/432
f 485/393/431 487/395/433 486/394/432
f 481/389/427 478/388/426 488/396/434
f 478/388/426 483/391/429 488/396/434
f 489/397/435 481/389/427 488/396/434
f 489/397/435 488/396/434 490/398/436
f 491/399/437 489/397/435 490/398/436
f 488/396/434 492/400/438 490/398/436
f 483/391/429 492/400/438 488/396/434
f 492/400/438 493/401/439 490/398/436
f 493/401/439 492/400/438 494/402/440
f 492/400/438 495/403/441 494/402/440
f 483/391/429 484/392/430 495/403/441
f 492/400/438 483/391/429 495/403/441
f 494/402/440 495/403/441 496/404/442
f 495/403/441 497/405/443 496/404/442
f 484/392/430 486/394/432 497/405/443
f 495/403/441 484/392/430 497/405/443
f 491/399/437 490/398/436 437/350/386
f 490/398/436 434/346/382 437/350/386
f 490/398/436 493/401/439 434/346/382
f 493/401/439 435/348/384 434/346/382
f 435/348/384 493/401/439 494/402/440
f 439/352/388 435/348/384 494/402/440
f 439/352/388 494/402/440 496/404/442
f 441/354/390 439/352/388 496/404/442
f 496/404/442 497/405/443 441/354/390
f 497/405/443 442/355/391 441/354/390
f 442/355/391 497/405/443 486/394/432
f 446/359/395 442/355/391 486/394/432
f 446/359/395 486/394/432 448/361/397
f 486/394/432 487/395/433 448/361/397
f 487/395/433 458/371/407 448/361/397
f 487/395/433 485/393/431 458/371/407
f 485/393/431 459/372/408 458/371/407
f 485/393/431 482/390/428 459/372/408
f 482/390/428 461/374/410 459/372/408
f 461/374/410 482/390/428 479/387/425
f 462/375/411 461/374/410 479/387/425
f 470/383/417 462/375/411 479/387/425
f 480/386/424 470/383/417 479/387/425
f 500/406/264 499/407/444 498/408/445
f 501/409/263 500/406/264 498/408/445
f 500/406/264 501/409/263 502/410/263
f 503/411/263 500/406/264 502/410/263
f 503/411/263 502/410/263 504/412/264
f 505/413/263 503/411/263 504/412/264
f 505/413/263 504/412/264 506/414/446
f 504/412/264 507/415/447 506/414/446
f 504/412/264 502/410/263 508/416/448
f 502/410/263 509/417/449 508/416/448
f 502/410/263 501/409/263 509/417/449
f 501/409/263 510/418/450 509/417/449
f 501/409/263 498/408/445 510/418/450
f 500/406/264 511/419/264 499/407/444
f 511/419/264 500/406/264 503/411/263
f 511/419/264 512/420/362 499/407/444
f 513/421/264 511/419/264 503/411/263
f 513/421/264 503/411/263 505/413/263
f 514/422/263 513/421/264 505/413/263
f 505/413/263 506/414/446 515/423/451
f 514/422/263 505/413/263 515/423/451
f 516/424/264 513/421/264 514/422/263
f 517/425/264 516/424/264 514/422/263
f 517/425/264 514/422/263 515/423/451
f 518/426/263 516/424/264 517/425/264
f 518/426/263 519/427/264 516/424/264
f 519/427/264 520/428/264 516/424/264
f 520/428/264 511/419/264 513/421/264
f 516/424/264 520/428/264 513/421/264
f 520/428/264 519/427/264 521/429/362
f 521/429/362 512/420/362 511/419/264
f 520/428/264 521/429/362 511/419/264
f 519/427/264 522/430/362 521/429/362
f 523/431/263 518/426/263 517/425/264
f 523/431/263 517/425/264 524/432/452
f 517/425/264 525/433/451 524/432/452
f 525/433/451 517/425/264 515/423/451
f 526/434/453 519/427/264 518/426/263
f 527/435/454 526/434/453 518/426/263
f 527/435/454 518/426/263 523/431/263
f 528/436/455 527/435/454 523/431/263
f 524/432/452 528/436/455 523/431/263
f 519/427/264 529/437/456 522/430/362
f 519/427/264 526/434/453 530/438/457
f 530/438/457 529/437/456 519/427/264
f 531/439/458 398/311/349 392/305/343
f 531/439/458 532/440/459 398/311/349
f 532/440/459 400/313/351 398/311/349
f 532/440/459 533/441/460 400/313/351
f 533/441/460 397/310/348 400/313/351
f 533/441/460 534/442/461 397/310/348
f 534/442/461 386/299/337 397/310/348
f 386/299/337 534/442/461 535/443/462
f 385/298/336 386/299/337 535/443/462
f 535/443/462 536/444/463 385/298/336
f 536/444/463 383/296/334 385/298/336
f 536/444/463 537/445/464 383/296/334
f 537/445/464 379/292/330 383/296/334
f 537/445/464 378/293/331 379/292/330
f 537/445/464 538/446/465 378/293/331
f 538/446/465 391/304/342 378/293/331
f 538/446/465 531/439/458 391/304/342
f 531/439/458 392/305/343 391/304/342
f 498/408/445 539/447/466 510/418/450
f 504/412/264 508/416/448 540/448/467
f 507/415/447 504/412/264 540/448/467
f 543/449/468 542/450/469 541/451/470
f 544/452/471 543/449/468 541/451/470
f 545/453/472 543/449/468 544/452/471
f 546/454/473 545/453/472 544/452/471
f 547/455/474 545/453/472 546/454/473
f 548/456/475 547/455/474 546/454/473
f 549/457/476 547/455/474 548/456/475
f 550/458/477 549/457/476 548/456/475
f 545/453/472 551/459/478 543/449/468
f 551/459/478 552/460/479 543/449/468
f 543/449/468 552/460/479 542/450/469
f 553/461/480 552/460/479 551/459/478
f 552/460/479 553/461/480 554/462/481
f 552/460/479 554/462/481 542/450/469
f 553/461/480 555/463/482 554/462/481
f 556/464/483 553/461/480 551/459/478
f 556/464/483 551/459/478 557/465/484
f 557/465/484 551/459/478 545/453/472
f 547/455/474 557/465/484 545/453/472
f 558/466/485 556/464/483 557/465/484
f 558/466/485 557/465/484 559/467/486
f 559/467/486 557/465/484 547/455/474
f 549/457/476 559/467/486 547/455/474
f 560/468/487 558/466/485 559/467/486
f 550/458/477 548/456/475 561/469/488
f 562/470/489 550/458/477 561/469/488
f 561/469/488 548/456/475 563/471/490
f 548/456/475 546/454/473 563/471/490
f 563/471/490 546/454/473 564/472/471
f 546/454/473 544/452/471 564/472/471
f 564/472/471 544/452/471 565/473/491
f 544/452/471 541/451/470 565/473/491
f 566/474/492 558/466/485 560/468/487
f 567/475/493 566/474/492 560/468/487
f 568/476/494 556/464/483 558/466/485
f 566/474/492 568/476/494 558/466/485
f 565/473/491 541/451/470 569/477/495
f 541/451/470 570/478/496 569/477/495
f 569/477/495 570/478/496 571/479/497
f 570/478/496 572/480/498 571/479/497
f 570/478/496 573/481/499 572/480/498
f 573/481/499 574/482/500 572/480/498
f 572/480/498 574/482/500 575/483/501
f 574/482/500 576/484/502 575/483/501
f 573/481/499 577/485/503 574/482/500
f 577/485/503 578/486/504 574/482/500
f 574/482/500 578/486/504 576/484/502
f 579/487/505 578/486/504 577/485/503
f 580/488/506 579/487/505 577/485/503
f 578/486/504 579/487/505 581/489/507
f 578/486/504 581/489/507 576/484/502
f 579/487/505 582/490/508 581/489/507
f 572/480/498 575/483/501 583/491/509
f 571/479/497 572/480/498 583/491/509
f 584/492/510 579/487/505 580/488/506
f 579/487/505 584/492/510 582/490/508
f 585/493/511 584/492/510 580/488/506
f 584/492/510 586/494/512 582/490/508
f 554/462/481 577/485/503 573/481/499
f 542/450/469 554/462/481 573/481/499
f 542/450/469 573/481/499 570/478/496
f 541/451/470 542/450/469 570/478/496
f 577/485/503 554/462/481 555/463/482
f 580/488/506 577/485/503 555/463/482
f 580/488/506 555/463/482 587/495/513
f 585/493/511 580/488/506 587/495/513
f 588/496/514 587/495/513 555/463/482
f 553/461/480 588/496/514 555/463/482
f 588/496/514 553/461/480 556/464/483
f 568/476/494 588/496/514 556/464/483
f 589/497/515 550/458/477 562/470/489
f 590/498/516 589/497/515 562/470/489
f 589/497/515 591/499/517 550/458/477
f 591/499/517 549/457/476 550/458/477
f 591/499/517 592/500/518 549/457/476
f 592/500/518 559/467/486 549/457/476
f 559/467/486 592/500/518 593/501/519
f 560/468/487 559/467/486 593/501/519
f 560/468/487 593/501/519 594/502/520
f 567/475/493 560/468/487 594/502/520
f 597/503/521 596/504/522 595/505/523
f 598/506/524 597/503/521 595/505/523
f 597/503/521 599/507/525 596/504/522
f 599/507/525 600/508/526 596/504/522
f 599/507/525 601/509/527 600/508/526
f 601/509/527 602/510/528 600/508/526
f 601/509/527 603/511/529 602/510/528
f 603/511/529 604/512/530 602/510/528
f 605/513/531 599/507/525 597/503/521
f 606/514/532 605/513/531 597/503/521
f 606/514/532 597/503/521 598/506/524
f 606/514/532 607/515/533 605/513/531
f 607/515/533 606/514/532 608/516/534
f 608/516/534 606/514/532 598/506/524
f 609/517/535 607/515/533 608/516/534
f 607/515/533 610/518/536 605/513/531
f 605/513/531 610/518/536 611/519/537
f 611/519/537 601/509/527 599/507/525
f 605/513/531 611/519/537 599/507/525
f 610/518/536 612/520/538 611/519/537
f 611/519/537 612/520/538 613/521/539
f 613/521/539 603/511/529 601/509/527
f 611/519/537 613/521/539 601/509/527
f 612/520/538 614/522/540 613/521/539
f 602/510/528 604/512/530 615/523/541
f 604/512/530 616/524/542 615/523/541
f 602/510/528 615/523/541 617/525/543
f 600/508/526 602/510/528 617/525/543
f 600/508/526 617/525/543 618/526/544
f 596/504/522 600/508/526 618/526/544
f 596/504/522 618/526/544 619/527/545
f 595/505/523 596/504/522 619/527/545
f 607/515/533 620/528/546 610/518/536
f 620/528/546 607/515/533 609/517/535
f 620/528/546 621/529/547 610/518/536
f 610/518/536 621/529/547 612/520/538
f 612/520/538 622/530/548 614/522/540
f 621/529/547 622/530/548 612/520/538
f 622/530/548 623/531/549 614/522/540
f 595/505/523 619/527/545 624/532/550
f 625/533/551 595/505/523 624/532/550
f 625/533/551 624/532/550 626/534/552
f 627/535/553 625/533/551 626/534/552
f 628/536/554 625/533/551 627/535/553
f 629/537/555 628/536/554 627/535/553
f 629/537/555 627/535/553 630/538/556
f 631/539/557 629/537/555 630/538/556
f 632/540/558 628/536/554 629/537/555
f 633/541/559 632/540/558 629/537/555
f 633/541/559 629/537/555 631/539/557
f 633/541/559 634/542/560 632/540/558
f 634/542/560 635/543/561 632/540/558
f 634/542/560 633/541/559 636/544/562
f 636/544/562 633/541/559 631/539/557
f 637/545/563 634/542/560 636/544/562
f 627/535/553 626/534/552 638/546/564
f 630/538/556 627/535/553 638/546/564
f 634/542/560 639/547/565 635/543/561
f 639/547/565 634/542/560 637/545/563
f 639/547/565 640/548/566 635/543/561
f 641/549/567 639/547/565 637/545/563
f 632/540/558 608/516/534 628/536/554
f 608/516/534 598/506/524 628/536/554
f 628/536/554 598/506/524 625/533/551
f 598/506/524 595/505/523 625/533/551
f 632/540/558 635/543/561 609/517/535
f 608/516/534 632/540/558 609/517/535
f 635/543/561 640/548/566 642/550/568
f 609/517/535 635/543/561 642/550/568
f 642/550/568 620/528/546 609/517/535
f 644/551/569 643/552/570 616/524/542
f 604/512/530 644/551/569 616/524/542
f 645/553/571 644/551/569 604/512/530
f 603/511/529 645/553/571 604/512/530
f 646/554/572 645/553/571 603/511/529
f 613/521/539 646/554/572 603/511/529
f 646/554/572 613/521/539 647/555/573
f 613/521/539 614/522/540 647/555/573
f 647/555/573 614/522/540 648/556/574
f 614/522/540 623/531/549 648/556/574
f 651/557/575 650/558/576 649/559/577
f 652/560/578 651/557/575 649/559/577
f 651/557/575 653/561/579 650/558/576
f 653/561/579 654/562/580 650/558/576
f 652/560/578 649/559/577 655/563/581
f 656/564/582 652/560/578 655/563/581
f 656/564/582 655/563/581 657/565/583
f 655/563/581 658/566/584 657/565/583
f 655/563/581 659/567/585 658/566/584
f 659/567/585 660/568/586 658/566/584
f 659/567/585 661/569/587 660/568/586
f 661/569/587 662/570/588 660/568/586
f 660/568/586 662/570/588 663/571/589
f 664/572/590 660/568/586 663/571/589
f 659/567/585 665/573/591 661/569/587
f 665/573/591 659/567/585 655/563/581
f 665/573/591 666/574/592 661/569/587
f 649/559/577 665/573/591 655/563/581
f 664/572/590 663/571/589 667/575/593
f 664/572/590 667/575/593 668/576/594
f 669/577/594 664/572/590 668/576/594
f 660/568/586 664/572/590 669/577/594
f 658/566/584 660/568/586 669/577/594
f 657/565/583 658/566/584 669/577/594
f 669/577/594 668/576/594 670/578/595
f 671/579/596 669/577/594 670/578/595
f 671/579/596 657/565/583 669/577/594
f 670/578/595 668/576/594 672/580/597
f 668/576/594 673/581/598 672/580/597
f 668/576/594 667/575/593 673/581/598
f 672/580/597 673/581/598 674/582/599
f 675/583/600 672/580/597 674/582/599
f 667/575/593 676/584/601 673/581/598
f 673/581/598 676/584/601 674/582/599
f 667/575/593 677/585/602 676/584/601
f 663/571/589 677/585/602 667/575/593
f 677/585/602 678/586/603 676/584/601
f 676/584/601 678/586/603 679/587/604
f 680/588/605 676/584/601 679/587/604
f 676/584/601 680/588/605 674/582/599
f 674/582/599 680/588/605 681/589/599
f 680/588/605 682/590/606 681/589/599
f 680/588/605 679/587/604 683/591/607
f 682/590/606 680/588/605 683/591/607
f 681/589/599 682/590/606 684/592/608
f 682/590/606 685/593/609 684/592/608
f 684/592/608 685/593/609 686/594/610
f 685/593/609 687/595/611 686/594/610
f 686/594/610 687/595/611 688/596/612
f 687/595/611 689/597/613 688/596/612
f 682/590/606 683/591/607 690/598/614
f 685/593/609 682/590/606 690/598/614
f 687/595/611 685/593/609 690/598/614
f 689/597/613 687/595/611 691/599/615
f 691/599/615 687/595/611 690/598/614
f 692/600/616 689/597/613 691/599/615
f 693/601/617 689/597/613 692/600/616
f 694/602/618 693/601/617 692/600/616
f 686/594/610 695/603/619 684/592/608
f 695/603/619 686/594/610 688/596/612
f 695/603/619 696/604/620 684/592/608
f 681/589/599 684/592/608 696/604/620
f 697/605/621 695/603/619 688/596/612
f 698/606/622 695/603/619 697/605/621
f 695/603/619 698/606/622 696/604/620
f 699/607/623 698/606/622 697/605/621
f 700/608/624 698/606/622 699/607/623
f 701/609/625 700/608/624 699/607/623
f 701/609/625 699/607/623 702/610/626
f 703/611/627 701/609/625 702/610/626
f 701/609/625 703/611/627 704/612/628
f 705/613/629 701/609/625 704/612/628
f 700/608/624 701/609/625 705/613/629
f 703/611/627 706/614/630 704/612/628
f 706/614/630 707/615/631 704/612/628
f 708/616/632 700/608/624 705/613/629
f 705/613/629 709/617/633 708/616/632
f 709/617/633 710/618/634 708/616/632
f 710/618/634 709/617/633 711/619/635
f 712/620/636 710/618/634 711/619/635
f 713/621/637 710/618/634 712/620/636
f 710/618/634 713/621/637 708/616/632
f 714/622/638 713/621/637 712/620/636
f 715/623/639 714/622/638 712/620/636
f 716/624/640 715/623/639 712/620/636
f 714/622/638 715/623/639 717/625/641
f 718/626/642 714/622/638 717/625/641
f 717/625/641 715/623/639 719/627/643
f 715/623/639 720/628/644 719/627/643
f 717/625/641 719/627/643 721/629/645
f 722/630/646 717/625/641 721/629/645
f 722/630/646 721/629/645 723/631/429
f 721/629/645 724/632/647 723/631/429
f 723/631/429 724/632/647 725/633/646
f 724/632/647 726/634/648 725/633/646
f 725/633/646 726/634/648 727/635/649
f 728/636/650 725/633/646 727/635/649
f 725/633/646 728/636/650 729/637/651
f 730/638/652 725/633/646 729/637/651
f 723/631/429 725/633/646 730/638/652
f 729/637/651 728/636/650 731/639/653
f 728/636/650 732/640/654 731/639/653
f 731/639/653 732/640/654 733/641/655
f 734/642/656 731/639/653 733/641/655
f 733/641/655 732/640/654 735/643/657
f 732/640/654 736/644/658 735/643/657
f 728/636/650 727/635/649 736/644/658
f 732/640/654 728/636/650 736/644/658
f 734/642/656 733/641/655 737/645/659
f 733/641/655 738/646/660 737/645/659
f 733/641/655 735/643/657 738/646/660
f 735/643/657 739/647/661 738/646/660
f 737/645/659 740/648/662 734/642/656
f 741/649/575 740/648/662 737/645/659
f 740/648/662 741/649/575 742/650/663
f 741/649/575 743/651/664 742/650/663
f 741/649/575 744/652/665 743/651/664
f 744/652/665 745/653/666 743/651/664
f 740/648/662 742/650/663 746/654/667
f 747/655/668 740/648/662 746/654/667
f 740/648/662 747/655/668 734/642/656
f 747/655/668 746/654/667 748/656/669
f 746/654/667 749/657/594 748/656/669
f 746/654/667 750/658/670 749/657/594
f 750/658/670 751/659/671 749/657/594
f 750/658/670 752/660/672 751/659/671
f 752/660/672 753/661/673 751/659/671
f 751/659/671 753/661/673 754/662/674
f 755/663/675 751/659/671 754/662/674
f 750/658/670 756/664/676 752/660/672
f 756/664/676 750/658/670 746/654/667
f 742/650/663 756/664/676 746/654/667
f 756/664/676 757/665/677 752/660/672
f 755/663/675 754/662/674 758/666/678
f 759/667/679 755/663/675 758/666/678
f 755/663/675 759/667/679 760/668/680
f 761/669/681 755/663/675 760/668/680
f 751/659/671 755/663/675 761/669/681
f 749/657/594 751/659/671 761/669/681
f 748/656/669 749/657/594 761/669/681
f 762/670/682 761/669/681 760/668/680
f 762/670/682 748/656/669 761/669/681
f 763/671/683 762/670/682 760/668/680
f 763/671/683 760/668/680 764/672/684
f 760/668/680 759/667/679 764/672/684
f 765/673/583 763/671/683 764/672/684
f 759/667/679 766/674/685 764/672/684
f 759/667/679 758/666/678 767/675/686
f 766/674/685 759/667/679 767/675/686
f 765/673/583 764/672/684 768/676/687
f 769/677/583 765/673/583 768/676/687
f 764/672/684 766/674/685 770/678/688
f 768/676/687 764/672/684 770/678/688
f 766/674/685 767/675/686 771/679/689
f 770/678/688 766/674/685 771/679/689
f 769/677/583 768/676/687 772/680/690
f 768/676/687 773/681/691 772/680/690
f 768/676/687 770/678/688 773/681/691
f 770/678/688 774/682/692 773/681/691
f 770/678/688 771/679/689 774/682/692
f 771/679/689 775/683/693 774/682/692
f 762/670/682 763/671/683 730/638/652
f 730/638/652 763/671/683 765/673/583
f 729/637/651 762/670/682 730/638/652
f 748/656/669 762/670/682 729/637/651
f 731/639/653 748/656/669 729/637/651
f 747/655/668 748/656/669 731/639/653
f 734/642/656 747/655/668 731/639/653
f 769/677/583 772/680/690 718/626/642
f 776/684/694 769/677/583 718/626/642
f 718/626/642 717/625/641 776/684/694
f 717/625/641 722/630/646 776/684/694
f 776/684/694 722/630/646 777/685/695
f 777/685/695 723/631/429 730/638/652
f 722/630/646 723/631/429 777/685/695
f 777/685/695 730/638/652 765/673/583
f 777/685/695 765/673/583 769/677/583
f 776/684/694 777/685/695 769/677/583
f 774/682/692 775/683/693 778/686/696
f 779/687/697 774/682/692 778/686/696
f 774/682/692 779/687/697 773/681/691
f 779/687/697 780/688/698 773/681/691
f 773/681/691 780/688/698 772/680/690
f 718/626/642 772/680/690 714/622/638
f 772/680/690 713/621/637 714/622/638
f 780/688/698 713/621/637 772/680/690
f 779/687/697 781/689/699 780/688/698
f 781/689/699 782/690/700 780/688/698
f 781/689/699 779/687/697 783/691/701
f 713/621/637 780/688/698 708/616/632
f 782/690/700 708/616/632 780/688/698
f 782/690/700 784/692/702 708/616/632
f 784/692/702 782/690/700 785/693/703
f 708/616/632 784/692/702 786/694/704
f 787/695/705 786/694/704 784/692/702
f 787/695/705 788/696/706 786/694/704
f 789/697/707 788/696/706 787/695/705
f 789/697/707 790/698/593 788/696/706
f 789/697/707 791/699/708 790/698/593
f 791/699/708 792/700/709 790/698/593
f 793/701/710 792/700/709 791/699/708
f 792/700/709 793/701/710 794/702/711
f 793/701/710 795/703/712 794/702/711
f 796/704/713 793/701/710 791/699/708
f 797/705/714 796/704/713 791/699/708
f 798/706/715 796/704/713 797/705/714
f 799/707/596 798/706/715 797/705/714
f 800/708/281 797/705/714 791/699/708
f 800/708/281 791/699/708 789/697/707
f 792/700/709 794/702/711 801/709/716
f 790/698/593 792/700/709 801/709/716
f 802/710/717 795/703/712 793/701/710
f 803/711/718 802/710/717 793/701/710
f 803/711/718 793/701/710 796/704/713
f 798/706/715 803/711/718 796/704/713
f 803/711/718 804/712/719 802/710/717
f 804/712/719 803/711/718 798/706/715
f 804/712/719 805/713/720 802/710/717
f 806/714/721 805/713/720 804/712/719
f 807/715/722 806/714/721 804/712/719
f 807/715/722 804/712/719 808/716/681
f 808/716/681 804/712/719 798/706/715
f 809/717/723 807/715/722 808/716/681
f 809/717/723 808/716/681 810/718/596
f 810/718/596 808/716/681 798/706/715
f 799/707/596 810/718/596 798/706/715
f 811/719/724 809/717/723 810/718/596
f 811/719/724 812/720/725 809/717/723
f 812/720/725 813/721/726 809/717/723
f 812/720/725 814/722/727 813/721/726
f 814/722/727 815/723/728 813/721/726
f 814/722/727 816/724/729 815/723/728
f 816/724/729 817/725/730 815/723/728
f 807/715/722 818/726/728 806/714/721
f 818/726/728 807/715/722 809/717/723
f 813/721/726 818/726/728 809/717/723
f 818/726/728 819/727/731 806/714/721
f 816/724/729 814/722/727 820/728/732
f 821/729/733 816/724/729 820/728/732
f 814/722/727 812/720/725 822/730/734
f 820/728/732 814/722/727 822/730/734
f 812/720/725 811/719/724 823/731/735
f 822/730/734 812/720/725 823/731/735
f 823/731/735 824/732/655 822/730/734
f 824/732/655 825/733/736 822/730/734
f 824/732/655 826/734/737 825/733/736
f 826/734/737 827/735/738 825/733/736
f 823/731/735 828/736/739 824/732/655
f 828/736/739 829/737/740 824/732/655
f 824/732/655 829/737/740 826/734/737
f 830/738/741 829/737/740 828/736/739
f 831/739/742 830/738/741 828/736/739
f 829/737/740 830/738/741 832/740/658
f 829/737/740 832/740/658 826/734/737
f 830/738/741 833/741/743 832/740/658
f 830/738/741 834/742/744 833/741/743
f 834/742/744 830/738/741 831/739/742
f 834/742/744 835/743/745 833/741/743
f 834/742/744 836/744/746 835/743/745
f 837/745/747 836/744/746 834/742/744
f 838/746/748 837/745/747 834/742/744
f 838/746/748 834/742/744 831/739/742
f 839/747/749 836/744/746 837/745/747
f 839/747/749 840/748/750 836/744/746
f 840/748/750 841/749/751 836/744/746
f 836/744/746 841/749/751 835/743/745
f 842/750/752 839/747/749 837/745/747
f 839/747/749 843/751/741 840/748/750
f 843/751/741 839/747/749 842/750/752
f 843/751/741 844/752/753 840/748/750
f 831/739/742 799/707/596 838/746/748
f 810/718/596 799/707/596 831/739/742
f 828/736/739 810/718/596 831/739/742
f 811/719/724 810/718/596 828/736/739
f 823/731/735 811/719/724 828/736/739
f 799/707/596 797/705/714 838/746/748
f 838/746/748 797/705/714 837/745/747
f 797/705/714 800/708/281 837/745/747
f 837/745/747 800/708/281 842/750/752
f 800/708/281 845/753/705 842/750/752
f 845/753/705 800/708/281 789/697/707
f 846/754/754 844/752/753 843/751/741
f 847/693/703 846/754/754 843/751/741
f 848/755/755 843/751/741 842/750/752
f 847/693/703 843/751/741 848/755/755
f 842/750/752 845/753/705 848/755/755
f 784/692/702 847/693/703 848/755/755
f 845/753/705 789/697/707 787/695/705
f 845/753/705 787/695/705 848/755/755
f 848/755/755 787/695/705 784/692/702
f 851/756/756 850/757/757 849/758/758
f 852/759/759 851/756/756 849/758/758
f 853/760/760 850/757/757 851/756/756
f 854/761/761 853/760/760 851/756/756
f 849/758/758 850/757/757 855/762/762
f 856/763/763 849/758/758 855/762/762
f 857/764/764 849/758/758 856/763/763
f 858/765/765 857/764/764 856/763/763
f 855/762/762 850/757/757 859/766/766
f 850/757/757 860/760/760 859/766/766
f 857/764/764 858/765/765 861/767/767
f 858/765/765 862/768/768 861/767/767
f 862/768/768 863/769/769 861/767/767
f 863/769/769 864/770/770 861/767/767
f 863/769/769 865/771/771 864/770/770
f 865/771/771 866/772/772 864/770/770
f 867/773/773 856/763/763 855/762/762
f 858/765/765 856/763/763 867/773/773
f 868/774/774 867/773/773 855/762/762
f 868/774/774 855/762/762 859/766/766
f 865/771/771 863/769/769 869/775/775
f 869/775/775 863/769/769 862/768/768
f 870/776/776 865/771/771 869/775/775
f 871/777/777 869/775/775 862/768/768
f 862/768/768 858/765/765 871/777/777
f 870/776/776 869/775/775 872/778/778
f 869/775/775 873/779/779 872/778/778
f 874/780/780 868/774/774 859/766/766
f 859/766/766 875/781/781 874/780/780
f 876/782/761 875/781/781 859/766/766
f 877/760/782 876/782/761 859/766/766
f 875/781/781 878/783/783 874/780/780
f 874/780/780 878/783/783 879/784/784
f 868/774/774 874/780/780 879/784/784
f 878/783/783 880/785/785 879/784/784
f 878/783/783 875/781/781 881/786/776
f 878/783/783 881/786/776 880/785/785
f 875/781/781 882/787/771 881/786/776
f 881/786/776 883/788/786 880/785/785
f 879/784/784 880/785/785 884/789/787
f 884/789/787 885/790/788 879/784/784
f 885/790/788 886/791/789 879/784/784
f 887/792/790 886/791/789 885/790/788
f 888/793/791 887/792/790 885/790/788
f 887/792/790 888/793/791 889/794/792
f 890/795/793 887/792/790 889/794/792
f 880/785/785 891/796/794 884/789/787
f 880/785/785 883/788/786 891/796/794
f 884/789/787 891/796/794 892/797/795
f 884/789/787 892/797/795 885/790/788
f 891/796/794 893/798/796 892/797/795
f 883/788/786 894/799/797 891/796/794
f 890/795/793 895/800/798 887/792/790
f 895/800/798 867/773/773 887/792/790
f 895/800/798 858/765/765 867/773/773
f 868/774/774 886/791/789 887/792/790
f 867/773/773 868/774/774 887/792/790
f 886/791/789 868/774/774 879/784/784
f 896/801/799 893/798/796 891/796/794
f 894/799/797 896/801/799 891/796/794
f 897/802/800 893/798/796 896/801/799
f 893/798/796 897/802/800 892/797/795
f 898/803/801 897/802/800 896/801/799
f 858/765/765 895/800/798 871/777/777
f 895/800/798 890/795/793 899/804/802
f 871/777/777 895/800/798 899/804/802
f 869/775/775 871/777/777 899/804/802
f 873/779/779 869/775/775 899/804/802
f 873/779/779 899/804/802 900/805/803
f 901/806/804 873/779/779 900/805/803
f 900/805/803 902/807/805 901/806/804
f 903/808/806 902/807/805 900/805/803
f 889/794/792 903/808/806 900/805/803
f 902/807/805 904/809/807 901/806/804
f 905/810/808 901/806/804 904/809/807
f 906/811/809 905/810/808 904/809/807
f 872/778/778 873/779/779 901/806/804
f 905/810/808 872/778/778 901/806/804
f 890/795/793 889/794/792 900/805/803
f 899/804/802 890/795/793 900/805/803
f 889/794/792 888/793/791 903/808/806
f 888/793/791 907/812/810 903/808/806
f 908/813/811 907/812/810 888/793/791
f 885/790/788 908/813/811 888/793/791
f 892/797/795 908/813/811 885/790/788
f 892/797/795 909/814/812 908/813/811
f 897/802/800 909/814/812 892/797/795
f 897/802/800 910/815/813 909/814/812
f 910/815/813 911/816/814 909/814/812
f 911/816/814 910/815/813 711/619/635
f 910/815/813 912/817/815 711/619/635
f 712/620/636 711/619/635 912/817/815
f 716/624/640 712/620/636 912/817/815
f 711/619/635 709/617/633 911/816/814
f 709/617/633 913/818/816 911/816/814
f 709/617/633 705/613/629 913/818/816
f 705/613/629 704/612/628 913/818/816
f 913/818/816 704/612/628 707/615/631
f 914/819/817 913/818/816 707/615/631
f 914/819/817 707/615/631 915/820/818
f 915/820/818 707/615/631 706/614/630
f 916/821/819 915/820/818 706/614/630
f 917/822/820 914/819/817 915/820/818
f 918/823/821 917/822/820 915/820/818
f 919/824/822 918/823/821 915/820/818
f 919/824/822 915/820/818 916/821/819
f 914/819/817 920/825/823 913/818/816
f 914/819/817 917/822/820 920/825/823
f 920/825/823 911/816/814 913/818/816
f 909/814/812 911/816/814 920/825/823
f 921/826/824 909/814/812 920/825/823
f 909/814/812 921/826/824 908/813/811
f 917/822/820 922/827/825 920/825/823
f 917/822/820 918/823/821 922/827/825
f 920/825/823 922/827/825 921/826/824
f 916/821/819 706/614/630 923/828/826
f 706/614/630 924/829/827 923/828/826
f 924/829/827 706/614/630 703/611/627
f 702/610/626 924/829/827 703/611/627
f 924/829/827 702/610/626 925/830/828
f 702/610/626 926/831/829 925/830/828
f 702/610/626 699/607/623 926/831/829
f 699/607/623 697/605/621 926/831/829
f 926/831/829 697/605/621 688/596/612
f 927/832/830 926/831/829 688/596/612
f 925/830/828 926/831/829 927/832/830
f 688/596/612 689/597/613 927/832/830
f 689/597/613 693/601/617 927/832/830
f 693/601/617 928/833/831 927/832/830
f 693/601/617 694/602/618 928/833/831
f 694/602/618 929/834/832 928/833/831
f 928/833/831 930/835/833 927/832/830
f 930/835/833 925/830/828 927/832/830
f 928/833/831 929/834/832 931/836/834
f 928/833/831 931/836/834 930/835/833
f 929/834/832 932/837/835 931/836/834
f 931/836/834 933/838/836 930/835/833
f 930/835/833 933/838/836 925/830/828
f 933/838/836 934/839/837 925/830/828
f 924/829/827 925/830/828 934/839/837
f 923/828/826 924/829/827 934/839/837
f 935/840/838 923/828/826 934/839/837
f 935/840/838 936/841/839 923/828/826
f 936/841/839 916/821/819 923/828/826
f 936/841/839 919/824/822 916/821/819
f 937/842/840 935/840/838 934/839/837
f 934/839/837 933/838/836 937/842/840
f 938/843/841 919/824/822 936/841/839
f 938/843/841 939/844/842 919/824/822
f 939/844/842 918/823/821 919/824/822
f 939/844/842 940/845/843 918/823/821
f 940/845/843 941/846/844 918/823/821
f 918/823/821 941/846/844 922/827/825
f 941/846/844 942/847/845 922/827/825
f 942/847/845 943/848/846 922/827/825
f 944/849/847 922/827/825 943/848/846
f 922/827/825 944/849/847 921/826/824
f 944/849/847 907/812/810 921/826/824
f 907/812/810 908/813/811 921/826/824
f 907/812/810 944/849/847 945/850/848
f 945/850/848 944/849/847 943/848/846
f 903/808/806 907/812/810 945/850/848
f 946/851/849 942/847/845 941/846/844
f 940/845/843 946/851/849 941/846/844
f 946/851/849 947/852/850 942/847/845
f 947/852/850 948/853/851 942/847/845
f 942/847/845 948/853/851 943/848/846
f 949/854/852 948/853/851 947/852/850
f 950/855/853 949/854/852 947/852/850
f 949/854/852 950/855/853 951/856/854
f 952/857/855 949/854/852 951/856/854
f 952/857/855 951/856/854 953/858/856
f 954/859/857 952/857/855 953/858/856
f 955/860/858 952/857/855 954/859/857
f 956/861/859 955/860/858 954/859/857
f 955/860/858 956/861/859 957/862/860
f 956/861/859 958/863/861 957/862/860
f 957/862/860 958/863/861 959/864/862
f 957/862/860 959/864/862 960/865/863
f 960/865/863 959/864/862 961/866/864
f 959/864/862 962/867/865 961/866/864
f 963/868/866 962/867/865 959/864/862
f 964/869/867 963/868/866 959/864/862
f 958/863/861 964/869/867 959/864/862
f 962/867/865 963/868/866 965/870/615
f 966/871/868 962/867/865 965/870/615
f 962/867/865 966/871/868 961/866/864
f 966/871/868 965/870/615 967/872/614
f 968/873/869 966/871/868 967/872/614
f 968/873/869 967/872/614 969/874/870
f 970/875/871 968/873/869 969/874/870
f 970/875/871 969/874/870 971/876/872
f 972/877/873 970/875/871 971/876/872
f 972/877/873 971/876/872 973/878/874
f 974/879/875 972/877/873 973/878/874
f 974/879/875 973/878/874 975/880/876
f 976/881/877 974/879/875 975/880/876
f 976/881/877 975/880/876 977/882/878
f 975/880/876 978/883/879 977/882/878
f 977/882/878 978/883/879 979/884/588
f 980/885/880 977/882/878 979/884/588
f 980/885/880 979/884/588 981/886/587
f 982/887/881 980/885/880 981/886/587
f 982/887/881 981/886/587 983/888/579
f 981/886/587 984/889/592 983/888/579
f 970/875/871 972/877/873 985/890/882
f 986/891/883 970/875/871 985/890/882
f 972/877/873 974/879/875 987/892/884
f 985/890/882 972/877/873 987/892/884
f 987/892/884 974/879/875 976/881/877
f 988/893/885 987/892/884 976/881/877
f 976/881/877 977/882/878 989/894/886
f 988/893/885 976/881/877 989/894/886
f 977/882/878 980/885/880 990/895/887
f 989/894/886 977/882/878 990/895/887
f 980/885/880 982/887/881 991/896/888
f 990/895/887 980/885/880 991/896/888
f 982/887/881 983/888/579 992/897/889
f 991/896/888 982/887/881 992/897/889
f 970/875/871 986/891/883 993/898/890
f 968/873/869 970/875/871 993/898/890
f 966/871/868 968/873/869 993/898/890
f 994/899/891 966/871/868 993/898/890
f 966/871/868 994/899/891 961/866/864
f 995/900/864 961/866/864 994/899/891
f 996/901/892 995/900/864 994/899/891
f 996/901/892 997/902/893 995/900/864
f 997/902/893 996/901/892 998/903/894
f 999/904/754 997/902/893 998/903/894
f 998/903/894 1000/905/875 999/904/754
f 1000/905/875 1001/906/750 999/904/754
f 1001/906/750 1000/905/875 1002/907/895
f 1000/905/875 1003/908/875 1002/907/895
f 1003/908/875 1000/905/875 1004/909/896
f 1003/908/875 1004/909/896 1005/910/875
f 1004/909/896 1006/911/711 1005/910/875
f 1005/910/875 1006/911/711 1007/912/712
f 1008/913/897 1005/910/875 1007/912/712
f 1008/913/897 1007/912/712 1009/914/717
f 1010/915/898 1008/913/897 1009/914/717
f 1010/915/898 1009/914/717 1011/916/720
f 1012/917/899 1010/915/898 1011/916/720
f 1012/917/899 1011/916/720 1013/918/721
f 1014/919/900 1012/917/899 1013/918/721
f 1014/919/900 1013/918/721 1015/920/729
f 1013/918/721 1016/921/731 1015/920/729
f 1003/908/875 1005/910/875 1017/922/751
f 1002/907/895 1003/908/875 1017/922/751
f 1005/910/875 1008/913/897 1018/923/745
f 1017/922/751 1005/910/875 1018/923/745
f 1018/923/745 1008/913/897 1010/915/898
f 1019/924/743 1018/923/745 1010/915/898
f 1010/915/898 1012/917/899 1020/925/658
f 1019/924/743 1010/915/898 1020/925/658
f 1012/917/899 1014/919/900 1021/926/737
f 1020/925/658 1012/917/899 1021/926/737
f 1014/919/900 1015/920/729 1022/927/738
f 1021/926/737 1014/919/900 1022/927/738
f 1025/928/901 1024/929/644 1023/930/902
f 1026/931/903 1025/928/901 1023/930/902
f 1024/929/644 1025/928/901 1027/932/904
f 1025/928/901 1028/933/905 1027/932/904
f 1027/932/904 1028/933/905 1029/934/906
f 1028/933/905 1030/935/907 1029/934/906
f 1030/935/907 1028/933/905 1031/936/908
f 1030/935/907 1031/936/908 1032/937/875
f 1031/936/908 1033/938/909 1032/937/875
f 1032/937/875 1033/938/909 1034/939/910
f 1033/938/909 1035/940/911 1034/939/910
f 1034/939/910 1035/940/911 1036/941/877
f 1035/940/911 1037/942/674 1036/941/877
f 1036/941/877 1037/942/674 1038/943/673
f 1039/944/880 1036/941/877 1038/943/673
f 1039/944/880 1038/943/673 1040/945/672
f 1041/946/912 1039/944/880 1040/945/672
f 1041/946/912 1040/945/672 1042/947/913
f 1040/945/672 1043/948/677 1042/947/913
f 1028/933/905 1044/949/693 1031/936/908
f 1030/935/907 1032/937/875 1045/950/914
f 1029/934/906 1030/935/907 1045/950/914
f 1034/939/910 1036/941/877 1046/951/649
f 1047/952/648 1034/939/910 1046/951/649
f 1045/950/914 1032/937/875 1047/952/648
f 1032/937/875 1034/939/910 1047/952/648
f 1039/944/880 1041/946/912 1048/953/657
f 1049/954/658 1039/944/880 1048/953/657
f 1036/941/877 1039/944/880 1049/954/658
f 1046/951/649 1036/941/877 1049/954/658
f 1041/946/912 1042/947/913 1050/955/661
f 1048/953/657 1041/946/912 1050/955/661
f 1051/956/696 1044/949/693 1028/933/905
f 1025/928/901 1051/956/696 1028/933/905
f 1051/956/696 1025/928/901 997/902/893
f 1025/928/901 1026/931/903 997/902/893
f 997/902/893 1026/931/903 1052/957/915
f 1052/957/915 1026/931/903 1053/958/916
f 1026/931/903 1023/930/902 1053/958/916
f 1054/959/917 997/902/893 1052/957/915
f 997/902/893 1054/959/917 995/900/864
f 995/900/864 1054/959/917 1055/960/918
f 1056/961/919 995/900/864 1055/960/918
f 1056/961/919 1055/960/918 1057/962/920
f 1058/963/921 1056/961/919 1057/962/920
f 1058/963/921 1057/962/920 1059/964/922
f 1060/965/923 1058/963/921 1059/964/922
f 1060/965/923 1059/964/922 1061/966/924
f 1059/964/922 1062/967/925 1061/966/924
f 1061/966/924 1063/968/926 1060/965/923
f 1063/968/926 1064/969/927 1060/965/923
f 1060/965/923 1064/969/927 1065/963/928
f 1064/969/927 1066/970/929 1065/963/928
f 1067/961/930 1065/963/928 1066/970/929
f 995/900/864 1067/961/930 961/866/864
f 1067/961/930 960/865/863 961/866/864
f 960/865/863 1067/961/930 1066/970/929
f 1066/970/929 957/862/860 960/865/863
f 1066/970/929 1064/969/927 955/860/858
f 957/862/860 1066/970/929 955/860/858
f 1064/969/927 1063/968/926 952/857/855
f 955/860/858 1064/969/927 952/857/855
f 949/854/852 952/857/855 1063/968/926
f 1061/966/924 949/854/852 1063/968/926
f 1061/966/924 1062/967/925 948/853/851
f 949/854/852 1061/966/924 948/853/851
f 948/853/851 1062/967/925 1059/964/922
f 1068/971/224 948/853/851 1059/964/922
f 948/853/851 1068/971/224 943/848/846
f 945/850/848 943/848/846 1068/971/224
f 1069/972/931 945/850/848 1068/971/224
f 945/850/848 1069/972/931 903/808/806
f 1069/972/931 902/807/805 903/808/806
f 1069/972/931 1070/973/932 902/807/805
f 1070/973/932 904/809/807 902/807/805
f 1070/973/932 1071/974/801 904/809/807
f 1071/974/801 906/811/809 904/809/807
f 1072/975/933 1070/973/932 1069/972/931
f 1068/971/224 1072/975/933 1069/972/931
f 1072/975/933 1073/976/934 1070/973/932
f 1070/973/932 1073/976/934 1071/974/801
f 1055/960/918 1073/976/934 1072/975/933
f 1073/976/934 1055/960/918 1054/959/917
f 1052/957/915 1073/976/934 1054/959/917
f 1073/976/934 1052/957/915 1074/977/935
f 1073/976/934 1074/977/935 1071/974/801
f 1052/957/915 1053/958/916 1074/977/935
f 1057/962/920 1055/960/918 1072/975/933
f 1072/975/933 1068/971/224 1057/962/920
f 1068/971/224 1059/964/922 1057/962/920
f 1077/978/936 1076/979/234 1075/980/937
f 1078/981/938 1077/978/936 1075/980/937
f 1076/979/234 1077/978/936 1079/982/884
f 1077/978/936 1080/983/882 1079/982/884
f 1076/979/234 1079/982/884 1081/984/939
f 1082/985/646 1076/979/234 1081/984/939
f 1082/985/646 1081/984/939 1083/986/886
f 1084/987/940 1082/985/646 1083/986/886
f 1082/985/646 1084/987/940 1085/988/941
f 1086/989/651 1082/985/646 1085/988/941
f 1076/979/234 1082/985/646 1086/989/651
f 1075/980/937 1076/979/234 1086/989/651
f 1085/988/941 1084/987/940 1087/990/942
f 1084/987/940 1088/991/740 1087/990/942
f 1087/990/942 1088/991/740 1089/992/943
f 1090/993/944 1087/990/942 1089/992/943
f 1089/992/943 1088/991/740 1091/994/888
f 1088/991/740 1092/995/887 1091/994/888
f 1084/987/940 1083/986/886 1092/995/887
f 1088/991/740 1084/987/940 1092/995/887
f 1090/993/944 1089/992/943 1093/996/945
f 1089/992/943 1094/997/946 1093/996/945
f 1089/992/943 1091/994/888 1094/997/946
f 1091/994/888 1095/998/889 1094/997/946
f 1093/996/945 652/560/578 1090/993/944
f 651/557/575 652/560/578 1093/996/945
f 1096/999/946 651/557/575 1093/996/945
f 653/561/579 651/557/575 1096/999/946
f 1097/1000/947 653/561/579 1096/999/946
f 652/560/578 656/564/582 1090/993/944
f 1090/993/944 656/564/582 1087/990/942
f 656/564/582 657/565/583 1087/990/942
f 1087/990/942 657/565/583 671/579/596
f 1085/988/941 1087/990/942 671/579/596
f 1085/988/941 671/579/596 1086/989/651
f 671/579/596 670/578/595 1086/989/651
f 1086/989/651 670/578/595 1075/980/937
f 670/578/595 672/580/597 1075/980/937
f 1075/980/937 672/580/597 1078/981/938
f 672/580/597 675/583/600 1078/981/938
f 1078/981/938 675/583/600 1098/1001/948
f 1098/1001/948 1099/1002/949 1078/981/938
f 1099/1002/949 1077/978/936 1078/981/938
f 1077/978/936 1099/1002/949 1080/983/882
f 1099/1002/949 1100/1003/883 1080/983/882
f 1099/1002/949 1101/1004/950 1100/1003/883
f 1101/1004/950 1099/1002/949 1098/1001/948
f 675/583/600 1102/1005/600 1098/1001/948
f 675/583/600 674/582/599 1102/1005/600
f 674/582/599 681/589/599 1102/1005/600
f 1102/1005/600 681/589/599 696/604/620
f 1102/1005/600 696/604/620 1103/1006/951
f 1098/1001/948 1102/1005/600 1103/1006/951
f 1103/1006/951 1104/1004/950 1098/1001/948
f 1104/1004/950 1105/1007/952 1100/1003/883
f 698/606/622 1103/1006/951 696/604/620
f 1106/1008/953 1103/1006/951 698/606/622
f 1106/1008/953 698/606/622 1107/1009/954
f 1106/1008/953 1108/1010/955 1103/1006/951
f 1108/1010/955 1109/1004/956 1103/1006/951
f 1108/1010/955 1110/1011/957 1109/1004/956
f 1106/1008/953 1107/1009/954 1111/1012/958
f 1108/1010/955 1106/1008/953 1111/1012/958
f 1108/1010/955 1111/1012/958 1112/1013/959
f 1113/1011/957 1108/1010/955 1112/1013/959
f 1112/1013/959 1114/1014/891 1113/1011/957
f 1114/1014/891 1115/1007/960 1113/1011/957
f 1113/1011/957 1115/1007/960 1116/1004/950
f 1111/1012/958 1107/1009/954 788/696/706
f 1117/1015/593 1111/1012/958 788/696/706
f 1117/1015/593 1118/1016/961 1111/1012/958
f 801/709/716 1118/1016/961 1117/1015/593
f 790/698/593 801/709/716 1117/1015/593
f 790/698/593 1117/1015/593 788/696/706
f 1118/1016/961 1119/1013/962 1111/1012/958
f 788/696/706 1107/1009/954 786/694/704
f 786/694/704 1107/1009/954 700/608/624
f 700/608/624 708/616/632 786/694/704
f 1107/1009/954 698/606/622 700/608/624
f 1000/905/875 1120/1017/961 1004/909/896
f 1121/1018/959 1120/1017/961 1000/905/875
f 998/903/894 1121/1018/959 1000/905/875
f 1121/1018/959 998/903/894 996/901/892
f 994/899/891 1121/1018/959 996/901/892
f 715/623/639 716/624/640 1122/1019/902
f 720/628/644 715/623/639 1122/1019/902
f 1122/1019/902 716/624/640 1123/1020/963
f 716/624/640 912/817/815 1123/1020/963
f 912/817/815 910/815/813 1123/1020/963
f 910/815/813 1124/1021/964 1123/1020/963
f 910/815/813 897/802/800 1124/1021/964
f 897/802/800 898/803/801 1124/1021/964
f 875/781/781 876/782/761 1125/1022/965
f 882/787/771 875/781/781 1125/1022/965
f 854/761/761 851/756/756 1126/1023/966
f 1127/1024/967 854/761/761 1126/1023/966
f 1126/1023/966 851/756/756 1128/1025/968
f 851/756/756 852/759/759 1128/1025/968
f 744/652/665 741/649/575 1129/1026/660
f 1130/1027/661 744/652/665 1129/1026/660
f 1129/1026/660 741/649/575 737/645/659
f 1133/691/969 1132/1028/696 1131/1029/970
f 1133/691/969 1131/1029/970 1134/1030/971
f 1135/687/972 1132/1028/696 1133/691/969
f 1133/691/973 1137/1030/971 1136/689/974
f 1139/1030/975 1138/693/976 781/689/974
f 1141/690/977 781/689/978 1140/693/703
f 1144/1031/979 1143/1032/980 1142/1033/981
f 1145/1034/982 1144/1031/979 1142/1033/981
f 1145/1034/982 1142/1033/981 1146/1035/983
f 1147/1036/984 1145/1034/982 1146/1035/983
f 1147/1036/984 1146/1035/983 1148/1037/985
f 1149/1038/986 1147/1036/984 1148/1037/985
f 1150/1039/987 1144/1031/979 1145/1034/982
f 1151/1040/988 1150/1039/987 1145/1034/982
f 1151/1040/988 1145/1034/982 1147/1036/984
f 1152/1041/989 1147/1036/984 1149/1038/986
f 1152/1041/989 1151/1040/988 1147/1036/984
f 1153/1042/990 1152/1041/989 1149/1038/986
f 1153/1042/990 1149/1038/986 1154/1043/991
f 1155/1044/992 1153/1042/990 1154/1043/991
f 1155/1044/992 1154/1043/991 1156/1045/993
f 1157/1046/994 1155/1044/992 1156/1045/993
f 1157/1046/994 1156/1045/993 1158/1047/995
f 1159/1048/996 1157/1046/994 1158/1047/995
f 1159/1048/996 1158/1047/995 1160/1049/997
f 1161/1050/998 1159/1048/996 1160/1049/997
f 1162/1051/999 1157/1046/994 1159/1048/996
f 1163/1052/1000 1162/1051/999 1159/1048/996
f 1163/1052/1000 1159/1048/996 1161/1050/998
f 1164/1053/1001 1150/1039/987 1151/1040/988
f 1165/1054/1002 1164/1053/1001 1151/1040/988
f 1165/1054/1002 1151/1040/988 1152/1041/989
f 1166/1055/1003 1155/1044/992 1157/1046/994
f 1162/1051/999 1166/1055/1003 1157/1046/994
f 1167/1056/1004 1152/1041/989 1153/1042/990
f 1167/1056/1004 1165/1054/1002 1152/1041/989
f 1168/1057/1005 1167/1056/1004 1153/1042/990
f 1168/1057/1005 1153/1042/990 1155/1044/992
f 1166/1055/1003 1168/1057/1005 1155/1044/992
f 1169/1058/1006 1163/1052/1000 1161/1050/998
f 1156/1045/993 1170/1059/1007 1158/1047/995
f 1170/1059/1007 1171/1060/1008 1158/1047/995
f 1158/1047/995 1171/1060/1008 1160/1049/997
f 1171/1060/1008 1172/1061/1009 1160/1049/997
f 1164/1053/1001 1173/1062/1010 1150/1039/987
f 1173/1062/1010 1174/1063/1011 1150/1039/987
f 1150/1039/987 1174/1063/1011 1144/1031/979
f 1174/1063/1011 1175/1064/1012 1144/1031/979
f 1174/1063/1011 1176/1065/1013 1175/1064/1012
f 1176/1065/1013 1177/1066/1014 1175/1064/1012
f 1178/1067/1015 1177/1066/1014 1176/1065/1013
f 1179/1068/1016 1178/1067/1015 1176/1065/1013
f 1179/1068/1016 1180/1069/1017 1178/1067/1015
f 1180/1069/1017 1181/1070/997 1178/1067/1015
f 1179/1068/1016 1176/1065/1013 1182/1071/1018
f 1182/1071/1018 1176/1065/1013 1174/1063/1011
f 1173/1062/1010 1182/1071/1018 1174/1063/1011
f 1183/1072/1019 1179/1068/1016 1182/1071/1018
f 1184/1073/1020 1180/1069/1017 1179/1068/1016
f 1183/1072/1019 1184/1073/1020 1179/1068/1016
f 1178/1067/1015 1181/1070/997 1185/1074/1021
f 1178/1067/1015 1185/1074/1021 1177/1066/1014
f 1181/1070/997 1186/1075/1022 1185/1074/1021
f 1175/1064/1012 1187/1076/1023 1144/1031/979
f 1187/1076/1023 1143/1032/980 1144/1031/979
f 1185/1074/1021 1188/1077/1024 1177/1066/1014
f 1188/1077/1024 1187/1076/1023 1175/1064/1012
f 1177/1066/1014 1188/1077/1024 1175/1064/1012
f 1191/1078/1025 1190/1051/1025 1189/1052/1025
f 1191/1078/1025 1192/1079/1026 1190/1051/1025
f 1192/1079/1026 1193/1055/1026 1190/1051/1025
f 1192/1079/1026 1194/1057/1027 1193/1055/1026
f 1197/1080/1028 1196/1053/1028 1195/1054/1028
f 1198/1081/1028 1197/1080/1028 1195/1054/1028
f 1201/1082/1029 1200/1056/1029 1199/1057/1029
f 1202/1079/1030 1201/1082/1029 1199/1057/1029
f 1205/1078/1031 1204/1052/1031 1203/1058/1031
f 1206/1083/1032 1205/1078/1031 1203/1058/1031
f 1209/1072/1033 1208/1071/1033 1207/1084/1033
f 1212/1085/1034 1211/1073/1034 1210/1072/1035
f 1213/1084/1034 1212/1085/1034 1210/1072/1035
f 1216/1081/1036 1215/1054/1036 1214/1056/1036
f 1217/1082/1036 1216/1081/1036 1214/1056/1036
f 1220/1084/1037 1219/1071/1037 1218/1062/1037
f 1221/1086/1038 1220/1084/1037 1218/1062/1037
f 1224/1086/1039 1223/1062/1039 1222/1053/1039
f 1225/1080/1039 1224/1086/1039 1222/1053/1039
f 1228/1087/856 1227/1088/1040 1226/1089/1041
f 1228/1087/856 1229/1090/1042 1227/1088/1040
f 1229/1090/1042 1230/1091/1043 1227/1088/1040
f 1229/1090/1042 1231/1092/1044 1230/1091/1043
f 1231/1092/1044 937/842/840 1230/1091/1043
f 1231/1092/1044 935/840/838 937/842/840
f 1231/1092/1044 1232/1093/1045 935/840/838
f 1232/1093/1045 936/841/839 935/840/838
f 1232/1093/1045 938/843/841 936/841/839
f 932/837/835 1226/1089/1041 1227/1088/1040
f 931/836/834 932/837/835 1227/1088/1040
f 931/836/834 1227/1088/1040 1230/1091/1043
f 933/838/836 931/836/834 1230/1091/1043
f 933/838/836 1230/1091/1043 937/842/840
f 1149/1038/986 1148/1037/985 1233/1094/1046
f 1154/1043/991 1149/1038/986 1233/1094/1046
f 1156/1045/993 1154/1043/991 1233/1094/1046
f 1170/1059/1007 1156/1045/993 1233/1094/1046
f 1236/1095/905 1235/1096/1047 1234/1097/1048
f 1237/1098/1049 1236/1095/905 1234/1097/1048
f 1238/1099/1050 1236/1095/905 1237/1098/1049
f 1239/1100/1051 1238/1099/1050 1237/1098/1049
f 1234/1097/1048 1235/1096/1047 1240/1101/1052
f 1235/1096/1047 1241/1102/1053 1240/1101/1052
f 1240/1101/1052 1241/1102/1053 1242/1103/1054
f 1243/1104/1055 1240/1101/1052 1242/1103/1054
f 1244/1105/1056 1240/1101/1052 1243/1104/1055
f 1245/1106/1057 1244/1105/1056 1243/1104/1055
f 1246/1107/1058 1244/1105/1056 1245/1106/1057
f 1247/1108/1059 1246/1107/1058 1245/1106/1057
f 1247/1108/1059 1245/1106/1057 1248/1109/1060
f 1245/1106/1057 1249/1110/1061 1248/1109/1060
f 1250/1111/1062 1244/1105/1056 1246/1107/1058
f 1244/1105/1056 1250/1111/1062 1240/1101/1052
f 1251/1112/1051 1250/1111/1062 1246/1107/1058
f 1250/1111/1062 1234/1097/1048 1240/1101/1052
f 1248/1109/1060 1249/1110/1061 1252/1113/528
f 1252/1113/528 1249/1110/1061 1253/1114/1063
f 1249/1110/1061 1254/1115/1063 1253/1114/1063
f 1245/1106/1057 1243/1104/1055 1254/1115/1063
f 1249/1110/1061 1245/1106/1057 1254/1115/1063
f 1243/1104/1055 1242/1103/1054 1254/1115/1063
f 1253/1114/1063 1254/1115/1063 1255/1116/1064
f 1254/1115/1063 1256/1117/1065 1255/1116/1064
f 1242/1103/1054 1256/1117/1065 1254/1115/1063
f 1253/1114/1063 1255/1116/1064 1257/1118/1032
f 1258/1119/1066 1253/1114/1063 1257/1118/1032
f 1252/1113/528 1253/1114/1063 1258/1119/1066
f 1258/1119/1066 1257/1118/1032 1259/1120/1067
f 1257/1118/1032 1260/1121/1068 1259/1120/1067
f 1261/1122/1069 1252/1113/528 1258/1119/1066
f 1261/1122/1069 1258/1119/1066 1259/1120/1067
f 1262/1123/1070 1252/1113/528 1261/1122/1069
f 1262/1123/1070 1248/1109/1060 1252/1113/528
f 1263/1124/1071 1262/1123/1070 1261/1122/1069
f 1263/1124/1071 1261/1122/1069 1264/1125/1072
f 1261/1122/1069 1265/1126/1073 1264/1125/1072
f 1265/1126/1073 1261/1122/1069 1259/1120/1067
f 1265/1126/1073 1259/1120/1067 1266/1127/1067
f 1267/1128/1074 1265/1126/1073 1266/1127/1067
f 1265/1126/1073 1267/1128/1074 1268/1129/1075
f 1264/1125/1072 1265/1126/1073 1268/1129/1075
f 1267/1128/1074 1266/1127/1067 1269/1130/1076
f 1270/1131/1077 1267/1128/1074 1269/1130/1076
f 1270/1131/1077 1269/1130/1076 1271/1132/1078
f 1272/1133/1079 1270/1131/1077 1271/1132/1078
f 1272/1133/1079 1271/1132/1078 1273/1134/1080
f 1274/1135/1081 1272/1133/1079 1273/1134/1080
f 1267/1128/1074 1270/1131/1077 1275/1136/1082
f 1268/1129/1075 1267/1128/1074 1275/1136/1082
f 1270/1131/1077 1272/1133/1079 1275/1136/1082
f 1272/1133/1079 1274/1135/1081 1276/1137/1083
f 1272/1133/1079 1276/1137/1083 1275/1136/1082
f 1274/1135/1081 1277/1138/1084 1276/1137/1083
f 1274/1135/1081 1278/1139/1085 1277/1138/1084
f 1278/1139/1085 1279/1140/1086 1277/1138/1084
f 1280/1141/1087 1271/1132/1078 1269/1130/1076
f 1271/1132/1078 1280/1141/1087 1273/1134/1080
f 1281/1142/1088 1280/1141/1087 1269/1130/1076
f 1269/1130/1076 1266/1127/1067 1281/1142/1088
f 1280/1141/1087 1282/1143/1089 1273/1134/1080
f 1280/1141/1087 1283/1144/1090 1282/1143/1089
f 1283/1144/1090 1280/1141/1087 1281/1142/1088
f 1283/1144/1090 1284/1145/1091 1282/1143/1089
f 1283/1144/1090 1285/1146/1092 1284/1145/1091
f 1285/1146/1092 1286/1147/1093 1284/1145/1091
f 1284/1145/1091 1286/1147/1093 1287/1148/1094
f 1286/1147/1093 1288/1149/1095 1287/1148/1094
f 1288/1149/1095 1286/1147/1093 1289/1150/1096
f 1286/1147/1093 1290/1151/1097 1289/1150/1096
f 1286/1147/1093 1285/1146/1092 1290/1151/1097
f 1291/1152/1098 1288/1149/1095 1289/1150/1096
f 1292/1153/1099 1291/1152/1098 1289/1150/1096
f 1285/1146/1092 1293/1154/1100 1290/1151/1097
f 1294/1155/1101 1290/1151/1097 1293/1154/1100
f 1295/1156/1102 1294/1155/1101 1293/1154/1100
f 1294/1155/1101 1295/1156/1102 1296/1157/1103
f 1295/1156/1102 1297/1158/1104 1296/1157/1103
f 1295/1156/1102 1298/1159/1105 1297/1158/1104
f 1298/1159/1105 1295/1156/1102 1293/1154/1100
f 1298/1159/1105 1299/1160/1106 1297/1158/1104
f 1299/1160/1106 1300/1161/1107 1297/1158/1104
f 1300/1161/1107 1301/1162/1108 1297/1158/1104
f 1300/1161/1107 1299/1160/1106 1302/1163/1109
f 1299/1160/1106 1303/1164/1110 1302/1163/1109
f 1300/1161/1107 1302/1163/1109 1304/1165/1111
f 1305/1166/1112 1300/1161/1107 1304/1165/1111
f 1304/1165/1111 1302/1163/1109 1306/1167/1113
f 1302/1163/1109 1307/1168/1114 1306/1167/1113
f 1306/1167/1113 1307/1168/1114 1308/1169/234
f 1309/1170/1115 1306/1167/1113 1308/1169/234
f 1309/1170/1115 1308/1169/234 1310/1171/1114
f 1311/1172/1116 1309/1170/1115 1310/1171/1114
f 1311/1172/1116 1310/1171/1114 1312/1173/1117
f 1310/1171/1114 1313/1174/1118 1312/1173/1117
f 1313/1174/1118 1310/1171/1114 1314/1175/1119
f 1310/1171/1114 1315/1176/1120 1314/1175/1119
f 1310/1171/1114 1308/1169/234 1315/1176/1120
f 1313/1174/1118 1314/1175/1119 1316/1177/1121
f 1317/1178/1122 1313/1174/1118 1316/1177/1121
f 1317/1178/1122 1316/1177/1121 1318/1179/1123
f 1316/1177/1121 1319/1180/1124 1318/1179/1123
f 1317/1178/1122 1318/1179/1123 1320/1181/1125
f 1321/1182/1126 1317/1178/1122 1320/1181/1125
f 1313/1174/1118 1317/1178/1122 1321/1182/1126
f 1312/1173/1117 1313/1174/1118 1321/1182/1126
f 1318/1179/1123 1319/1180/1124 1322/1183/1127
f 1323/1184/1128 1318/1179/1123 1322/1183/1127
f 1320/1181/1125 1318/1179/1123 1323/1184/1128
f 1324/1185/1129 1320/1181/1125 1323/1184/1128
f 1325/1186/1130 1322/1183/1127 1319/1180/1124
f 1325/1186/1130 1326/1187/1131 1322/1183/1127
f 1326/1187/1131 1325/1186/1130 1327/1188/1132
f 1328/1189/1133 1326/1187/1131 1327/1188/1132
f 1329/1190/1134 1326/1187/1131 1328/1189/1133
f 1330/1191/1135 1329/1190/1134 1328/1189/1133
f 1327/1188/1132 1325/1186/1130 1331/1192/1136
f 1325/1186/1130 1332/1193/1137 1331/1192/1136
f 1332/1193/1137 1325/1186/1130 1319/1180/1124
f 1331/1192/1136 1332/1193/1137 1333/1194/1138
f 1334/1195/1063 1331/1192/1136 1333/1194/1138
f 1335/1196/1139 1331/1192/1136 1334/1195/1063
f 1336/1197/1140 1335/1196/1139 1334/1195/1063
f 1337/1198/1141 1335/1196/1139 1336/1197/1140
f 1338/1199/1142 1337/1198/1141 1336/1197/1140
f 1338/1199/1142 1336/1197/1140 1339/1200/1143
f 1336/1197/1140 1340/1201/1144 1339/1200/1143
f 1341/1202/1133 1335/1196/1139 1337/1198/1141
f 1341/1202/1133 1327/1188/1132 1331/1192/1136
f 1335/1196/1139 1341/1202/1133 1331/1192/1136
f 1342/1203/1145 1341/1202/1133 1337/1198/1141
f 1339/1200/1143 1340/1201/1144 1343/1204/1146
f 1340/1201/1144 1344/1205/1147 1343/1204/1146
f 1344/1205/1147 1340/1201/1144 1345/1206/1148
f 1340/1201/1144 1346/1207/1149 1345/1206/1148
f 1336/1197/1140 1334/1195/1063 1346/1207/1149
f 1340/1201/1144 1336/1197/1140 1346/1207/1149
f 1334/1195/1063 1333/1194/1138 1346/1207/1149
f 1346/1207/1149 1347/1208/1025 1345/1206/1148
f 1333/1194/1138 1347/1208/1025 1346/1207/1149
f 1347/1208/1025 1348/1209/1150 1345/1206/1148
f 1345/1206/1148 1348/1209/1150 1349/1210/1151
f 1344/1205/1147 1345/1206/1148 1349/1210/1151
f 1348/1209/1150 1350/1211/1054 1349/1210/1151
f 1351/1212/1152 1344/1205/1147 1349/1210/1151
f 1344/1205/1147 1351/1212/1152 1352/1213/1153
f 1343/1204/1146 1344/1205/1147 1352/1213/1153
f 1349/1210/1151 1350/1211/1054 1353/1214/1154
f 1350/1211/1054 1354/1215/1026 1353/1214/1154
f 1349/1210/1151 1353/1214/1154 1355/1216/1155
f 1351/1212/1152 1349/1210/1151 1355/1216/1155
f 1351/1212/1152 1355/1216/1155 1356/1217/1156
f 1352/1213/1153 1351/1212/1152 1356/1217/1156
f 1353/1214/1154 1354/1215/1026 1357/1218/1028
f 1358/1219/1157 1353/1214/1154 1357/1218/1028
f 1355/1216/1155 1353/1214/1154 1358/1219/1157
f 1359/1220/1158 1355/1216/1155 1358/1219/1157
f 1356/1217/1156 1355/1216/1155 1359/1220/1158
f 1360/1221/1159 1356/1217/1156 1359/1220/1158
f 1348/1209/1150 1347/1208/1025 1315/1176/1120
f 1348/1209/1150 1315/1176/1120 1350/1211/1054
f 1347/1208/1025 1314/1175/1119 1315/1176/1120
f 1347/1208/1025 1333/1194/1138 1314/1175/1119
f 1333/1194/1138 1316/1177/1121 1314/1175/1119
f 1333/1194/1138 1332/1193/1137 1316/1177/1121
f 1332/1193/1137 1319/1180/1124 1316/1177/1121
f 1357/1218/1028 1354/1215/1026 1303/1164/1110
f 1354/1215/1026 1361/1222/1160 1303/1164/1110
f 1302/1163/1109 1303/1164/1110 1361/1222/1160
f 1307/1168/1114 1302/1163/1109 1361/1222/1160
f 1307/1168/1114 1361/1222/1160 1362/1223/1161
f 1308/1169/234 1362/1223/1161 1315/1176/1120
f 1308/1169/234 1307/1168/1114 1362/1223/1161
f 1315/1176/1120 1362/1223/1161 1350/1211/1054
f 1362/1223/1161 1361/1222/1160 1354/1215/1026
f 1350/1211/1054 1362/1223/1161 1354/1215/1026
f 1357/1218/1028 1303/1164/1110 1299/1160/1106
f 1298/1159/1105 1357/1218/1028 1299/1160/1106
f 1298/1159/1105 1363/1224/1162 1357/1218/1028
f 1363/1224/1162 1358/1219/1157 1357/1218/1028
f 1363/1224/1162 1364/1225/1163 1358/1219/1157
f 1365/1226/1164 1364/1225/1163 1363/1224/1162
f 1366/1227/1165 1365/1226/1164 1363/1224/1162
f 1364/1225/1163 1359/1220/1158 1358/1219/1157
f 1359/1220/1158 1364/1225/1163 1367/1228/1166
f 1360/1221/1159 1359/1220/1158 1367/1228/1166
f 1364/1225/1163 1365/1226/1164 1368/1229/1167
f 1363/1224/1162 1298/1159/1105 1293/1154/1100
f 1293/1154/1100 1366/1227/1165 1363/1224/1162
f 1369/1230/1168 1366/1227/1165 1293/1154/1100
f 1366/1227/1165 1369/1230/1168 1370/1231/1169
f 1369/1230/1168 1293/1154/1100 1371/1232/1170
f 1371/1232/1170 1372/1233/1171 1369/1230/1168
f 1373/1234/1172 1372/1233/1171 1371/1232/1170
f 1373/1234/1172 1374/1235/1173 1372/1233/1171
f 1375/1236/528 1374/1235/1173 1373/1234/1172
f 1376/1237/1174 1374/1235/1173 1375/1236/528
f 1377/1238/1175 1376/1237/1174 1375/1236/528
f 1377/1238/1175 1378/1239/1176 1376/1237/1174
f 1378/1239/1176 1377/1238/1175 1379/1240/1177
f 1380/1241/1178 1378/1239/1176 1379/1240/1177
f 1378/1239/1176 1381/1242/1179 1376/1237/1174
f 1381/1242/1179 1382/1243/1180 1376/1237/1174
f 1381/1242/1179 1383/1244/1181 1382/1243/1180
f 1383/1244/1181 1384/1245/1182 1382/1243/1180
f 1382/1243/1180 1385/1246/461 1376/1237/1174
f 1376/1237/1174 1385/1246/461 1374/1235/1173
f 1377/1238/1175 1375/1236/528 1386/1247/1183
f 1379/1240/1177 1377/1238/1175 1386/1247/1183
f 1380/1241/1178 1387/1248/1184 1378/1239/1176
f 1387/1248/1184 1388/1249/1185 1378/1239/1176
f 1388/1249/1185 1383/1244/1181 1381/1242/1179
f 1378/1239/1176 1388/1249/1185 1381/1242/1179
f 1389/1250/1186 1388/1249/1185 1387/1248/1184
f 1388/1249/1185 1389/1250/1186 1383/1244/1181
f 1390/1251/1187 1389/1250/1186 1387/1248/1184
f 1390/1251/1187 1391/1252/1188 1389/1250/1186
f 1391/1252/1188 1392/1253/1189 1389/1250/1186
f 1389/1250/1186 1392/1253/1189 1393/1254/1148
f 1389/1250/1186 1393/1254/1148 1383/1244/1181
f 1392/1253/1189 1394/1255/1190 1393/1254/1148
f 1393/1254/1148 1394/1255/1190 1395/1256/1065
f 1395/1256/1065 1384/1245/1182 1383/1244/1181
f 1393/1254/1148 1395/1256/1065 1383/1244/1181
f 1394/1255/1190 1396/1257/1191 1395/1256/1065
f 1397/1258/1192 1396/1257/1191 1394/1255/1190
f 1398/1259/1193 1397/1258/1192 1394/1255/1190
f 1399/1260/1194 1397/1258/1192 1398/1259/1193
f 1400/1261/1195 1399/1260/1194 1398/1259/1193
f 1401/1262/1196 1399/1260/1194 1400/1261/1195
f 1402/1263/1197 1401/1262/1196 1400/1261/1195
f 1403/1264/1198 1392/1253/1189 1391/1252/1188
f 1403/1264/1198 1398/1259/1193 1394/1255/1190
f 1392/1253/1189 1403/1264/1198 1394/1255/1190
f 1404/1265/1199 1403/1264/1198 1391/1252/1188
f 1399/1260/1194 1401/1262/1196 1405/1266/1200
f 1401/1262/1196 1406/1267/1201 1405/1266/1200
f 1399/1260/1194 1405/1266/1200 1407/1268/1202
f 1397/1258/1192 1399/1260/1194 1407/1268/1202
f 1397/1258/1192 1407/1268/1202 1408/1269/1203
f 1396/1257/1191 1397/1258/1192 1408/1269/1203
f 1409/1270/1123 1408/1269/1203 1407/1268/1202
f 1410/1271/1200 1409/1270/1123 1407/1268/1202
f 1411/1272/1204 1409/1270/1123 1410/1271/1200
f 1412/1273/1205 1411/1272/1204 1410/1271/1200
f 1413/1274/1206 1408/1269/1203 1409/1270/1123
f 1414/1275/1207 1413/1274/1206 1409/1270/1123
f 1414/1275/1207 1409/1270/1123 1411/1272/1204
f 1414/1275/1207 1415/1276/1208 1413/1274/1206
f 1415/1276/1208 1416/1277/1209 1413/1274/1206
f 1415/1276/1208 1414/1275/1207 1417/1278/1126
f 1417/1278/1126 1414/1275/1207 1411/1272/1204
f 1418/1279/1210 1415/1276/1208 1417/1278/1126
f 1419/1280/1211 1415/1276/1208 1418/1279/1210
f 1415/1276/1208 1419/1280/1211 1416/1277/1209
f 1420/1281/1212 1419/1280/1211 1418/1279/1210
f 1421/1282/1213 1419/1280/1211 1420/1281/1212
f 1421/1282/1213 1422/1283/1214 1419/1280/1211
f 1422/1283/1214 1423/1284/1215 1419/1280/1211
f 1419/1280/1211 1423/1284/1215 1416/1277/1209
f 1421/1282/1213 1424/1285/1216 1422/1283/1214
f 1425/1286/1217 1424/1285/1216 1421/1282/1213
f 1426/1287/1218 1425/1286/1217 1421/1282/1213
f 1426/1287/1218 1421/1282/1213 1420/1281/1212
f 1424/1285/1216 1427/1288/1219 1422/1283/1214
f 1428/1289/1220 1424/1285/1216 1425/1286/1217
f 1424/1285/1216 1428/1289/1220 1427/1288/1219
f 1429/1290/1217 1428/1289/1220 1425/1286/1217
f 1384/1245/1182 1416/1277/1209 1423/1284/1215
f 1384/1245/1182 1395/1256/1065 1416/1277/1209
f 1395/1256/1065 1413/1274/1206 1416/1277/1209
f 1395/1256/1065 1396/1257/1191 1413/1274/1206
f 1396/1257/1191 1408/1269/1203 1413/1274/1206
f 1382/1243/1180 1384/1245/1182 1423/1284/1215
f 1382/1243/1180 1423/1284/1215 1422/1283/1214
f 1385/1246/461 1382/1243/1180 1422/1283/1214
f 1385/1246/461 1422/1283/1214 1427/1288/1219
f 1430/1291/1171 1385/1246/461 1427/1288/1219
f 1385/1246/461 1430/1291/1171 1374/1235/1173
f 1429/1290/1217 1431/1292/1221 1428/1289/1220
f 1431/1292/1221 1432/1231/1222 1428/1289/1220
f 1428/1289/1220 1433/1293/1223 1427/1288/1219
f 1428/1289/1220 1432/1231/1222 1433/1293/1223
f 1430/1291/1171 1427/1288/1219 1433/1293/1223
f 1432/1231/1222 1369/1230/1168 1433/1293/1223
f 1374/1235/1173 1430/1291/1171 1372/1233/1171
f 1372/1233/1171 1430/1291/1171 1433/1293/1223
f 1372/1233/1171 1433/1293/1223 1369/1230/1168
f 1436/1294/1224 1435/1295/1225 1434/1296/1226
f 1437/1297/1227 1436/1294/1224 1434/1296/1226
f 1437/1297/1227 1438/1298/1228 1436/1294/1224
f 1438/1298/1228 1439/1299/1229 1436/1294/1224
f 1437/1297/1227 1434/1296/1226 1440/1300/1230
f 1434/1296/1226 1441/1301/1231 1440/1300/1230
f 1434/1296/1226 1442/1302/1232 1441/1301/1231
f 1442/1302/1232 1443/1303/1233 1441/1301/1231
f 1437/1297/1227 1440/1300/1230 1444/1304/1234
f 1445/1298/1235 1437/1297/1227 1444/1304/1234
f 1443/1303/1233 1442/1302/1232 1446/1305/1236
f 1447/1306/1237 1443/1303/1233 1446/1305/1236
f 1448/1307/1238 1447/1306/1237 1446/1305/1236
f 1449/1308/1239 1448/1307/1238 1446/1305/1236
f 1450/1309/1240 1448/1307/1238 1449/1308/1239
f 1451/1310/1241 1450/1309/1240 1449/1308/1239
f 1441/1301/1231 1452/1311/1242 1440/1300/1230
f 1441/1301/1231 1443/1303/1233 1452/1311/1242
f 1452/1311/1242 1453/1312/1243 1440/1300/1230
f 1440/1300/1230 1453/1312/1243 1444/1304/1234
f 1448/1307/1238 1450/1309/1240 1454/1313/1244
f 1448/1307/1238 1454/1313/1244 1447/1306/1237
f 1450/1309/1240 1455/1314/1245 1454/1313/1244
f 1454/1313/1244 1456/1315/1246 1447/1306/1237
f 1443/1303/1233 1447/1306/1237 1456/1315/1246
f 1454/1313/1244 1455/1314/1245 1457/1316/1247
f 1458/1317/1248 1454/1313/1244 1457/1316/1247
f 1453/1312/1243 1459/1318/1249 1444/1304/1234
f 1460/1319/1250 1444/1304/1234 1459/1318/1249
f 1461/1320/1251 1460/1319/1250 1459/1318/1249
f 1461/1320/1251 1459/1318/1249 1462/1321/1252
f 1459/1318/1249 1453/1312/1243 1462/1321/1252
f 1463/1322/1253 1461/1320/1251 1462/1321/1252
f 1460/1319/1250 1461/1320/1251 1464/1323/1254
f 1464/1323/1254 1461/1320/1251 1463/1322/1253
f 1465/1324/1240 1460/1319/1250 1464/1323/1254
f 1466/1325/1255 1464/1323/1254 1463/1322/1253
f 1463/1322/1253 1462/1321/1252 1467/1326/1256
f 1468/1327/1257 1467/1326/1256 1462/1321/1252
f 1469/1328/1258 1468/1327/1257 1462/1321/1252
f 1469/1328/1258 1470/1329/1259 1468/1327/1257
f 1470/1329/1259 1471/1330/1260 1468/1327/1257
f 1471/1330/1260 1470/1329/1259 1472/1331/1261
f 1470/1329/1259 1473/1332/1262 1472/1331/1261
f 1474/1333/1263 1463/1322/1253 1467/1326/1256
f 1466/1325/1255 1463/1322/1253 1474/1333/1263
f 1474/1333/1263 1467/1326/1256 1475/1334/1264
f 1475/1334/1264 1467/1326/1256 1468/1327/1257
f 1476/1335/1265 1474/1333/1263 1475/1334/1264
f 1477/1336/1266 1466/1325/1255 1474/1333/1263
f 1478/1337/1267 1473/1332/1262 1470/1329/1259
f 1452/1311/1242 1478/1337/1267 1470/1329/1259
f 1443/1303/1233 1478/1337/1267 1452/1311/1242
f 1453/1312/1243 1452/1311/1242 1470/1329/1259
f 1469/1328/1258 1453/1312/1243 1470/1329/1259
f 1453/1312/1243 1469/1328/1258 1462/1321/1252
f 1479/1338/1268 1477/1336/1266 1474/1333/1263
f 1476/1335/1265 1479/1338/1268 1474/1333/1263
f 1476/1335/1265 1480/1339/1269 1479/1338/1268
f 1480/1339/1269 1476/1335/1265 1475/1334/1264
f 1480/1339/1269 1481/1340/1270 1479/1338/1268
f 1478/1337/1267 1443/1303/1233 1456/1315/1246
f 1478/1337/1267 1456/1315/1246 1482/1341/1271
f 1473/1332/1262 1478/1337/1267 1482/1341/1271
f 1456/1315/1246 1454/1313/1244 1482/1341/1271
f 1454/1313/1244 1458/1317/1248 1482/1341/1271
f 1482/1341/1271 1458/1317/1248 1483/1342/1272
f 1458/1317/1248 1484/1343/1273 1483/1342/1272
f 1485/1344/1274 1483/1342/1272 1484/1343/1273
f 1485/1344/1274 1486/1345/1275 1483/1342/1272
f 1486/1345/1275 1472/1331/1261 1483/1342/1272
f 1487/1346/1276 1485/1344/1274 1484/1343/1273
f 1484/1343/1273 1488/1347/1277 1487/1346/1276
f 1488/1347/1277 1489/1348/1278 1487/1346/1276
f 1457/1316/1247 1488/1347/1277 1484/1343/1273
f 1458/1317/1248 1457/1316/1247 1484/1343/1273
f 1473/1332/1262 1482/1341/1271 1483/1342/1272
f 1472/1331/1261 1473/1332/1262 1483/1342/1272
f 1471/1330/1260 1472/1331/1261 1486/1345/1275
f 1490/1349/1279 1471/1330/1260 1486/1345/1275
f 1490/1349/1279 1491/1350/1280 1471/1330/1260
f 1491/1350/1280 1468/1327/1257 1471/1330/1260
f 1491/1350/1280 1475/1334/1264 1468/1327/1257
f 1492/1351/1281 1475/1334/1264 1491/1350/1280
f 1492/1351/1281 1480/1339/1269 1475/1334/1264
f 1493/1352/1282 1480/1339/1269 1492/1351/1281
f 1494/1353/1283 1493/1352/1282 1492/1351/1281
f 1493/1352/1282 1494/1353/1283 1296/1157/1103
f 1495/1354/1284 1493/1352/1282 1296/1157/1103
f 1296/1157/1103 1297/1158/1104 1495/1354/1284
f 1297/1158/1104 1301/1162/1108 1495/1354/1284
f 1294/1155/1101 1296/1157/1103 1494/1353/1283
f 1496/1355/1285 1294/1155/1101 1494/1353/1283
f 1290/1151/1097 1294/1155/1101 1496/1355/1285
f 1289/1150/1096 1290/1151/1097 1496/1355/1285
f 1289/1150/1096 1496/1355/1285 1292/1153/1099
f 1496/1355/1285 1497/1356/1286 1292/1153/1099
f 1292/1153/1099 1497/1356/1286 1498/1357/1287
f 1292/1153/1099 1498/1357/1287 1291/1152/1098
f 1498/1357/1287 1499/1358/1288 1291/1152/1098
f 1497/1356/1286 1500/1359/1289 1498/1357/1287
f 1500/1359/1289 1501/1360/1290 1498/1357/1287
f 1501/1360/1290 1502/1361/1291 1498/1357/1287
f 1498/1357/1287 1502/1361/1291 1499/1358/1288
f 1503/1362/1292 1497/1356/1286 1496/1355/1285
f 1500/1359/1289 1497/1356/1286 1503/1362/1292
f 1494/1353/1283 1503/1362/1292 1496/1355/1285
f 1494/1353/1283 1492/1351/1281 1503/1362/1292
f 1492/1351/1281 1504/1363/1293 1503/1362/1292
f 1504/1363/1293 1492/1351/1281 1491/1350/1280
f 1505/1364/1294 1500/1359/1289 1503/1362/1292
f 1501/1360/1290 1500/1359/1289 1505/1364/1294
f 1505/1364/1294 1503/1362/1292 1504/1363/1293
f 1291/1152/1098 1499/1358/1288 1506/1365/1295
f 1507/1366/1296 1291/1152/1098 1506/1365/1295
f 1291/1152/1098 1507/1366/1296 1288/1149/1095
f 1507/1366/1296 1287/1148/1094 1288/1149/1095
f 1287/1148/1094 1507/1366/1296 1508/1367/1297
f 1509/1368/1298 1287/1148/1094 1508/1367/1297
f 1284/1145/1091 1287/1148/1094 1509/1368/1298
f 1282/1143/1089 1284/1145/1091 1509/1368/1298
f 1282/1143/1089 1509/1368/1298 1273/1134/1080
f 1509/1368/1298 1510/1369/1299 1273/1134/1080
f 1509/1368/1298 1508/1367/1297 1510/1369/1299
f 1274/1135/1081 1273/1134/1080 1510/1369/1299
f 1278/1139/1085 1274/1135/1081 1510/1369/1299
f 1511/1370/1300 1278/1139/1085 1510/1369/1299
f 1279/1140/1086 1278/1139/1085 1511/1370/1300
f 1512/1371/1301 1279/1140/1086 1511/1370/1300
f 1513/1372/1302 1511/1370/1300 1510/1369/1299
f 1508/1367/1297 1513/1372/1302 1510/1369/1299
f 1512/1371/1301 1511/1370/1300 1514/1373/1303
f 1514/1373/1303 1511/1370/1300 1513/1372/1302
f 1515/1374/1304 1512/1371/1301 1514/1373/1303
f 1516/1375/1305 1514/1373/1303 1513/1372/1302
f 1516/1375/1305 1513/1372/1302 1508/1367/1297
f 1517/1376/1306 1516/1375/1305 1508/1367/1297
f 1508/1367/1297 1507/1366/1296 1517/1376/1306
f 1507/1366/1296 1506/1365/1295 1517/1376/1306
f 1506/1365/1295 1518/1377/1307 1517/1376/1306
f 1519/1378/1308 1518/1377/1307 1506/1365/1295
f 1499/1358/1288 1519/1378/1308 1506/1365/1295
f 1502/1361/1291 1519/1378/1308 1499/1358/1288
f 1518/1377/1307 1520/1379/1309 1517/1376/1306
f 1516/1375/1305 1517/1376/1306 1520/1379/1309
f 1502/1361/1291 1521/1380/1310 1519/1378/1308
f 1522/1381/1311 1521/1380/1310 1502/1361/1291
f 1501/1360/1290 1522/1381/1311 1502/1361/1291
f 1523/1382/1312 1522/1381/1311 1501/1360/1290
f 1524/1383/1313 1523/1382/1312 1501/1360/1290
f 1524/1383/1313 1501/1360/1290 1505/1364/1294
f 1525/1384/1314 1524/1383/1313 1505/1364/1294
f 1526/1385/1315 1525/1384/1314 1505/1364/1294
f 1505/1364/1294 1527/1386/1316 1526/1385/1315
f 1527/1386/1316 1505/1364/1294 1504/1363/1293
f 1490/1349/1279 1527/1386/1316 1504/1363/1293
f 1491/1350/1280 1490/1349/1279 1504/1363/1293
f 1527/1386/1316 1490/1349/1279 1528/1387/1317
f 1527/1386/1316 1528/1387/1317 1526/1385/1315
f 1490/1349/1279 1486/1345/1275 1528/1387/1317
f 1529/1388/1318 1523/1382/1312 1524/1383/1313
f 1525/1384/1314 1529/1388/1318 1524/1383/1313
f 1530/1389/1319 1529/1388/1318 1525/1384/1314
f 1531/1390/1320 1530/1389/1319 1525/1384/1314
f 1531/1390/1320 1525/1384/1314 1526/1385/1315
f 1531/1390/1320 1532/1391/1321 1530/1389/1319
f 1532/1391/1321 1533/1392/1322 1530/1389/1319
f 1533/1392/1322 1532/1391/1321 1534/1393/1323
f 1532/1391/1321 1535/1394/1324 1534/1393/1323
f 1534/1393/1323 1535/1394/1324 1536/1395/1325
f 1535/1394/1324 1537/1396/1326 1536/1395/1325
f 1535/1394/1324 1538/1397/1327 1537/1396/1326
f 1538/1397/1327 1539/1398/1328 1537/1396/1326
f 1539/1398/1328 1538/1397/1327 1540/1399/1329
f 1541/1400/1330 1539/1398/1328 1540/1399/1329
f 1541/1400/1330 1540/1399/1329 1542/1401/1331
f 1542/1401/1331 1540/1399/1329 1543/1402/1332
f 1542/1401/1331 1543/1402/1332 1544/1403/1333
f 1545/1404/1334 1542/1401/1331 1544/1403/1333
f 1545/1404/1334 1546/1405/1335 1542/1401/1331
f 1546/1405/1335 1547/1406/1336 1542/1401/1331
f 1547/1406/1336 1541/1400/1330 1542/1401/1331
f 1546/1405/1335 1545/1404/1334 1548/1407/1083
f 1545/1404/1334 1549/1408/1337 1548/1407/1083
f 1549/1408/1337 1545/1404/1334 1544/1403/1333
f 1548/1407/1083 1549/1408/1337 1550/1409/1338
f 1549/1408/1337 1551/1410/1339 1550/1409/1338
f 1550/1409/1338 1551/1410/1339 1552/1411/1075
f 1551/1410/1339 1553/1412/1340 1552/1411/1075
f 1552/1411/1075 1553/1412/1340 1554/1413/1072
f 1553/1412/1340 1555/1414/1341 1554/1413/1072
f 1554/1413/1072 1555/1414/1341 1556/1415/1342
f 1555/1414/1341 1557/1416/1343 1556/1415/1342
f 1556/1415/1342 1557/1416/1343 1558/1417/1070
f 1557/1416/1343 1559/1418/1344 1558/1417/1070
f 1558/1417/1070 1559/1418/1344 1560/1419/1345
f 1561/1420/1346 1558/1417/1070 1560/1419/1345
f 1561/1420/1346 1560/1419/1345 1562/1421/1059
f 1560/1419/1345 1563/1422/1347 1562/1421/1059
f 1562/1421/1059 1563/1422/1347 1564/1423/1058
f 1563/1422/1347 1565/1424/1348 1564/1423/1058
f 1564/1423/1058 1565/1424/1348 1566/1425/1050
f 1567/1426/1349 1564/1423/1058 1566/1425/1050
f 1555/1414/1341 1553/1412/1340 1568/1427/1350
f 1553/1412/1340 1569/1428/1351 1568/1427/1350
f 1555/1414/1341 1568/1427/1350 1570/1429/1352
f 1557/1416/1343 1555/1414/1341 1570/1429/1352
f 1557/1416/1343 1570/1429/1352 1559/1418/1344
f 1570/1429/1352 1571/1430/1353 1559/1418/1344
f 1559/1418/1344 1571/1430/1353 1572/1431/1354
f 1560/1419/1345 1559/1418/1344 1572/1431/1354
f 1560/1419/1345 1572/1431/1354 1573/1432/1355
f 1563/1422/1347 1560/1419/1345 1573/1432/1355
f 1563/1422/1347 1573/1432/1355 1574/1433/1356
f 1565/1424/1348 1563/1422/1347 1574/1433/1356
f 1565/1424/1348 1574/1433/1356 1575/1434/1357
f 1566/1425/1050 1565/1424/1348 1575/1434/1357
f 1569/1428/1351 1553/1412/1340 1576/1435/1358
f 1553/1412/1340 1551/1410/1339 1576/1435/1358
f 1551/1410/1339 1549/1408/1337 1576/1435/1358
f 1549/1408/1337 1577/1436/1236 1576/1435/1358
f 1577/1436/1236 1549/1408/1337 1544/1403/1333
f 1544/1403/1333 1578/1437/1359 1577/1436/1236
f 1578/1437/1359 1579/1438/1360 1577/1436/1236
f 1580/1439/1361 1579/1438/1360 1578/1437/1359
f 1579/1438/1360 1580/1439/1361 1581/1440/1362
f 1580/1439/1361 1582/1441/1221 1581/1440/1362
f 1583/1442/1343 1581/1440/1362 1582/1441/1221
f 1584/1443/1217 1583/1442/1343 1582/1441/1221
f 1583/1442/1343 1584/1443/1217 1585/1444/1217
f 1586/1445/1363 1583/1442/1343 1585/1444/1217
f 1583/1442/1343 1586/1445/1363 1587/1446/1183
f 1587/1446/1183 1586/1445/1363 1588/1447/1343
f 1589/1448/1177 1587/1446/1183 1588/1447/1343
f 1589/1448/1177 1588/1447/1343 1590/1449/1178
f 1588/1447/1343 1591/1450/1364 1590/1449/1178
f 1590/1449/1178 1591/1450/1364 1592/1451/1184
f 1591/1450/1364 1593/1452/1365 1592/1451/1184
f 1592/1451/1184 1593/1452/1365 1594/1453/1187
f 1593/1452/1365 1595/1454/1366 1594/1453/1187
f 1594/1453/1187 1595/1454/1366 1596/1455/1188
f 1595/1454/1366 1597/1456/1339 1596/1455/1188
f 1596/1455/1188 1597/1456/1339 1598/1457/1196
f 1599/1458/1197 1596/1455/1188 1598/1457/1196
f 1586/1445/1363 1585/1444/1217 1600/1459/1367
f 1588/1447/1343 1586/1445/1363 1600/1459/1367
f 1588/1447/1343 1600/1459/1367 1601/1460/1212
f 1591/1450/1364 1588/1447/1343 1601/1460/1212
f 1591/1450/1364 1601/1460/1212 1593/1452/1365
f 1601/1460/1212 1602/1461/1210 1593/1452/1365
f 1593/1452/1365 1602/1461/1210 1603/1462/1126
f 1595/1454/1366 1593/1452/1365 1603/1462/1126
f 1595/1454/1366 1603/1462/1126 1604/1463/1368
f 1597/1456/1339 1595/1454/1366 1604/1463/1368
f 1597/1456/1339 1604/1463/1368 1605/1464/1205
f 1598/1457/1196 1597/1456/1339 1605/1464/1205
f 1607/1465/1229 1606/1298/1369 1444/1304/1234
f 1460/1319/1250 1607/1465/1229 1444/1304/1234
f 1607/1465/1229 1460/1319/1250 1608/1466/1241
f 1460/1319/1250 1465/1324/1240 1608/1466/1241
f 1611/1467/1370 1610/1468/1371 1609/1469/1372
f 1612/1470/1112 1611/1467/1370 1609/1469/1372
f 1611/1467/1370 1612/1470/1112 1613/1471/1373
f 1614/1472/575 1611/1467/1370 1613/1471/1373
f 1614/1472/575 1613/1471/1373 1615/1473/1113
f 1616/1474/1374 1614/1472/575 1615/1473/1113
f 1614/1472/575 1616/1474/1374 1617/1475/1156
f 1617/1475/1156 1616/1474/1374 1618/1476/1343
f 1619/1477/1153 1617/1475/1156 1618/1476/1343
f 1619/1477/1153 1618/1476/1343 1620/1478/1375
f 1621/1479/1376 1619/1477/1153 1620/1478/1375
f 1621/1479/1376 1620/1478/1375 1622/1480/1344
f 1623/1481/1143 1621/1479/1376 1622/1480/1344
f 1623/1481/1143 1622/1480/1344 1624/1482/1142
f 1622/1480/1344 1625/1483/1347 1624/1482/1142
f 1624/1482/1142 1625/1483/1347 1626/1484/1141
f 1625/1483/1347 1627/1485/1377 1626/1484/1141
f 1626/1484/1141 1627/1485/1377 1628/1486/1378
f 1629/1487/1145 1626/1484/1141 1628/1486/1378
f 1630/1488/1379 1614/1472/575 1617/1475/1156
f 1616/1474/1374 1615/1473/1113 1631/1489/1115
f 1618/1476/1343 1616/1474/1374 1631/1489/1115
f 1618/1476/1343 1631/1489/1115 1632/1490/1116
f 1620/1478/1375 1618/1476/1343 1632/1490/1116
f 1620/1478/1375 1632/1490/1116 1633/1491/1117
f 1622/1480/1344 1620/1478/1375 1633/1491/1117
f 1622/1480/1344 1633/1491/1117 1634/1492/1126
f 1625/1483/1347 1622/1480/1344 1634/1492/1126
f 1625/1483/1347 1634/1492/1126 1635/1493/1125
f 1627/1485/1377 1625/1483/1347 1635/1493/1125
f 1627/1485/1377 1635/1493/1125 1636/1494/1129
f 1628/1486/1378 1627/1485/1377 1636/1494/1129
f 1630/1488/1379 1637/1495/1380 1614/1472/575
f 1637/1495/1380 1611/1467/1370 1614/1472/575
f 1611/1467/1370 1637/1495/1380 1580/1439/1361
f 1610/1468/1371 1611/1467/1370 1580/1439/1361
f 1610/1468/1371 1580/1439/1361 1638/1496/1381
f 1610/1468/1371 1638/1496/1381 1639/1497/1382
f 1609/1469/1372 1610/1468/1371 1639/1497/1382
f 1580/1439/1361 1640/1498/1383 1638/1496/1381
f 1640/1498/1383 1580/1439/1361 1578/1437/1359
f 1640/1498/1383 1578/1437/1359 1641/1499/1384
f 1578/1437/1359 1642/1500/1385 1641/1499/1384
f 1641/1499/1384 1642/1500/1385 1643/1501/1386
f 1642/1500/1385 1644/1502/1387 1643/1501/1386
f 1643/1501/1386 1644/1502/1387 1645/1503/1388
f 1644/1502/1387 1646/1504/1389 1645/1503/1388
f 1645/1503/1388 1646/1504/1389 1647/1505/1390
f 1648/1506/1391 1645/1503/1388 1647/1505/1390
f 1649/1507/1392 1647/1505/1390 1646/1504/1389
f 1650/1508/1393 1649/1507/1392 1646/1504/1389
f 1650/1508/1393 1646/1504/1389 1651/1502/1394
f 1652/1509/1395 1650/1508/1393 1651/1502/1394
f 1651/1502/1394 1653/1500/1396 1652/1509/1395
f 1653/1500/1396 1578/1437/1359 1544/1403/1333
f 1543/1402/1332 1653/1500/1396 1544/1403/1333
f 1653/1500/1396 1543/1402/1332 1652/1509/1395
f 1540/1399/1329 1652/1509/1395 1543/1402/1332
f 1652/1509/1395 1540/1399/1329 1538/1397/1327
f 1650/1508/1393 1652/1509/1395 1538/1397/1327
f 1650/1508/1393 1538/1397/1327 1535/1394/1324
f 1649/1507/1392 1650/1508/1393 1535/1394/1324
f 1532/1391/1321 1647/1505/1390 1649/1507/1392
f 1535/1394/1324 1532/1391/1321 1649/1507/1392
f 1647/1505/1390 1532/1391/1321 1531/1390/1320
f 1648/1506/1391 1647/1505/1390 1531/1390/1320
f 1648/1506/1391 1531/1390/1320 1645/1503/1388
f 1531/1390/1320 1654/1510/414 1645/1503/1388
f 1654/1510/414 1531/1390/1320 1526/1385/1315
f 1526/1385/1315 1528/1387/1317 1654/1510/414
f 1528/1387/1317 1655/1511/1397 1654/1510/414
f 1655/1511/1397 1528/1387/1317 1486/1345/1275
f 1485/1344/1274 1655/1511/1397 1486/1345/1275
f 1656/1512/1398 1655/1511/1397 1485/1344/1274
f 1487/1346/1276 1656/1512/1398 1485/1344/1274
f 1657/1513/1270 1656/1512/1398 1487/1346/1276
f 1489/1348/1278 1657/1513/1270 1487/1346/1276
f 1658/1514/1399 1654/1510/414 1655/1511/1397
f 1656/1512/1398 1658/1514/1399 1655/1511/1397
f 1659/1515/1400 1658/1514/1399 1656/1512/1398
f 1659/1515/1400 1656/1512/1398 1657/1513/1270
f 1659/1515/1400 1641/1499/1384 1658/1514/1399
f 1641/1499/1384 1659/1515/1400 1640/1498/1383
f 1659/1515/1400 1638/1496/1381 1640/1498/1383
f 1638/1496/1381 1659/1515/1400 1660/1516/1401
f 1660/1516/1401 1659/1515/1400 1657/1513/1270
f 1639/1497/1382 1638/1496/1381 1660/1516/1401
f 1641/1499/1384 1643/1501/1386 1658/1514/1399
f 1654/1510/414 1658/1514/1399 1643/1501/1386
f 1645/1503/1388 1654/1510/414 1643/1501/1386
f 1663/1517/1402 1662/1518/1403 1661/1519/1404
f 1664/1520/429 1663/1517/1402 1661/1519/1404
f 1663/1517/1402 1664/1520/429 1665/1521/1352
f 1666/1247/1350 1663/1517/1402 1665/1521/1352
f 1665/1521/1352 1664/1520/429 1667/1522/1405
f 1664/1520/429 1668/1523/1114 1667/1522/1405
f 1667/1522/1405 1668/1523/1114 1669/1524/1354
f 1668/1523/1114 1670/1525/1109 1669/1524/1354
f 1670/1525/1109 1668/1523/1114 1671/1526/1406
f 1668/1523/1114 1672/1527/1119 1671/1526/1406
f 1664/1520/429 1661/1519/1404 1672/1527/1119
f 1668/1523/1114 1664/1520/429 1672/1527/1119
f 1670/1525/1109 1671/1526/1406 1673/1528/1407
f 1674/1529/1207 1670/1525/1109 1673/1528/1407
f 1674/1529/1207 1673/1528/1407 1675/1530/1408
f 1673/1528/1407 1676/1531/1409 1675/1530/1408
f 1674/1529/1207 1675/1530/1408 1677/1532/1410
f 1678/1533/1355 1674/1529/1207 1677/1532/1410
f 1670/1525/1109 1674/1529/1207 1678/1533/1355
f 1669/1524/1354 1670/1525/1109 1678/1533/1355
f 1675/1530/1408 1676/1531/1409 1679/1534/1411
f 1680/1535/1412 1675/1530/1408 1679/1534/1411
f 1677/1532/1410 1675/1530/1408 1680/1535/1412
f 1681/1536/1357 1677/1532/1410 1680/1535/1412
f 1235/1096/1047 1679/1534/1411 1676/1531/1409
f 1235/1096/1047 1236/1095/905 1679/1534/1411
f 1236/1095/905 1682/1537/1412 1679/1534/1411
f 1236/1095/905 1238/1099/1050 1682/1537/1412
f 1238/1099/1050 1683/1538/1413 1682/1537/1412
f 1241/1102/1053 1235/1096/1047 1676/1531/1409
f 1241/1102/1053 1676/1531/1409 1673/1528/1407
f 1242/1103/1054 1241/1102/1053 1673/1528/1407
f 1242/1103/1054 1673/1528/1407 1256/1117/1065
f 1673/1528/1407 1671/1526/1406 1256/1117/1065
f 1256/1117/1065 1671/1526/1406 1672/1527/1119
f 1255/1116/1064 1256/1117/1065 1672/1527/1119
f 1255/1116/1064 1672/1527/1119 1661/1519/1404
f 1257/1118/1032 1255/1116/1064 1661/1519/1404
f 1257/1118/1032 1661/1519/1404 1662/1518/1403
f 1260/1121/1068 1257/1118/1032 1662/1518/1403
f 1260/1121/1068 1662/1518/1403 1684/1539/1414
f 1685/1540/1415 1684/1539/1414 1662/1518/1403
f 1663/1517/1402 1685/1540/1415 1662/1518/1403
f 1685/1540/1415 1663/1517/1402 1666/1247/1350
f 1686/1541/1351 1685/1540/1415 1666/1247/1350
f 1687/1542/1416 1685/1540/1415 1686/1541/1351
f 1685/1540/1415 1687/1542/1416 1684/1539/1414
f 1688/1543/1068 1260/1121/1068 1684/1539/1414
f 1259/1120/1067 1260/1121/1068 1688/1543/1068
f 1266/1127/1067 1259/1120/1067 1688/1543/1068
f 1266/1127/1067 1688/1543/1068 1281/1142/1088
f 1688/1543/1068 1684/1539/1414 1689/1544/1417
f 1281/1142/1088 1688/1543/1068 1689/1544/1417
f 1690/1542/1416 1689/1544/1417 1684/1539/1414
f 1691/1545/1418 1690/1542/1416 1686/1541/1419
f 1689/1544/1417 1283/1144/1090 1281/1142/1088
f 1689/1544/1417 1692/1546/1420 1283/1144/1090
f 1283/1144/1090 1692/1546/1420 1693/1547/1421
f 1694/1548/1422 1692/1546/1420 1689/1544/1417
f 1695/1542/1423 1694/1548/1422 1689/1544/1417
f 1696/1549/1424 1694/1548/1422 1695/1542/1423
f 1692/1546/1420 1694/1548/1422 1697/1550/1425
f 1693/1547/1421 1692/1546/1420 1697/1550/1425
f 1697/1550/1425 1694/1548/1422 1698/1551/1426
f 1694/1548/1422 1699/1549/1427 1698/1551/1426
f 1700/1552/1236 1698/1551/1426 1699/1549/1427
f 1701/1545/1428 1700/1552/1236 1699/1549/1427
f 1701/1545/1428 1699/1549/1427 1702/1542/1416
f 1693/1547/1421 1697/1550/1425 1373/1234/1172
f 1697/1550/1425 1703/1553/528 1373/1234/1172
f 1704/1554/1429 1703/1553/528 1697/1550/1425
f 1704/1554/1429 1386/1247/1183 1703/1553/528
f 1386/1247/1183 1375/1236/528 1703/1553/528
f 1703/1553/528 1375/1236/528 1373/1234/1172
f 1705/1551/1426 1704/1554/1429 1697/1550/1425
f 1693/1547/1421 1373/1234/1172 1371/1232/1170
f 1693/1547/1421 1371/1232/1170 1285/1146/1092
f 1293/1154/1100 1285/1146/1092 1371/1232/1170
f 1283/1144/1090 1693/1547/1421 1285/1146/1092
f 1706/1555/1183 1583/1442/1343 1587/1446/1183
f 1706/1555/1183 1707/1556/1426 1583/1442/1343
f 1707/1556/1426 1581/1440/1362 1583/1442/1343
f 1581/1440/1362 1707/1556/1426 1579/1438/1360
f 1707/1556/1426 1577/1436/1236 1579/1438/1360
f 1300/1161/1107 1305/1166/1112 1708/1557/1372
f 1301/1162/1108 1300/1161/1107 1708/1557/1372
f 1301/1162/1108 1708/1557/1372 1709/1558/1430
f 1495/1354/1284 1301/1162/1108 1709/1558/1430
f 1493/1352/1282 1495/1354/1284 1709/1558/1430
f 1710/1559/1401 1493/1352/1282 1709/1558/1430
f 1480/1339/1269 1493/1352/1282 1710/1559/1401
f 1481/1340/1270 1480/1339/1269 1710/1559/1401
f 1439/1299/1229 1712/1560/1241 1711/1561/1431
f 1436/1294/1224 1439/1299/1229 1711/1561/1431
f 1436/1294/1224 1711/1561/1431 1713/1562/1432
f 1435/1295/1225 1436/1294/1224 1713/1562/1432
f 1329/1190/1134 1715/1563/1433 1714/1564/1128
f 1326/1187/1131 1329/1190/1134 1714/1564/1128
f 1326/1187/1131 1714/1564/1128 1322/1183/1127
f 1718/1565/1166 1717/1229/1434 1716/1566/1435
f 1718/1565/1166 1719/1225/1436 1717/1229/1434
f 1716/1566/1437 1721/1229/1167 1720/1567/1438
f 1723/1567/1438 1721/1229/1434 1722/1226/1439
f 1725/1231/1169 1724/1567/1440 1365/1226/1441
f 1365/1226/1441 1727/1227/1442 1726/1231/1443
f 1730/1568/1444 1729/1569/1445 1728/1570/1446
f 1731/1571/1447 1730/1568/1444 1728/1570/1446
f 1728/1570/1446 1729/1569/1445 1732/1572/1448
f 1729/1569/1445 1733/1573/1449 1732/1572/1448
f 1732/1572/1448 1733/1573/1449 1734/1574/1450
f 1733/1573/1449 1735/1575/1451 1734/1574/1450
f 1730/1568/1444 1736/1576/1452 1729/1569/1445
f 1736/1576/1452 1737/1577/1453 1729/1569/1445
f 1729/1569/1445 1737/1577/1453 1733/1573/1449
f 1733/1573/1449 1738/1578/1454 1735/1575/1451
f 1737/1577/1453 1738/1578/1454 1733/1573/1449
f 1738/1578/1454 1739/1579/1455 1735/1575/1451
f 1735/1575/1451 1739/1579/1455 1740/1580/1456
f 1739/1579/1455 1741/1581/1457 1740/1580/1456
f 1740/1580/1456 1741/1581/1457 1742/1582/1458
f 1741/1581/1457 1743/1583/1459 1742/1582/1458
f 1742/1582/1458 1743/1583/1459 1744/1584/1460
f 1743/1583/1459 1745/1585/1461 1744/1584/1460
f 1744/1584/1460 1745/1585/1461 1746/1586/1462
f 1745/1585/1461 1747/1587/1463 1746/1586/1462
f 1743/1583/1459 1748/1588/1464 1745/1585/1461
f 1748/1588/1464 1749/1589/1465 1745/1585/1461
f 1745/1585/1461 1749/1589/1465 1747/1587/1463
f 1736/1576/1452 1750/1590/1466 1737/1577/1453
f 1750/1590/1466 1751/1591/1467 1737/1577/1453
f 1737/1577/1453 1751/1591/1467 1738/1578/1454
f 1752/1592/1468 1748/1588/1464 1743/1583/1459
f 1741/1581/1457 1752/1592/1468 1743/1583/1459
f 1738/1578/1454 1753/1593/1469 1739/1579/1455
f 1751/1591/1467 1753/1593/1469 1738/1578/1454
f 1753/1593/1469 1754/1594/1470 1739/1579/1455
f 1754/1594/1470 1752/1592/1468 1741/1581/1457
f 1739/1579/1455 1754/1594/1470 1741/1581/1457
f 1749/1589/1465 1755/1595/1471 1747/1587/1463
f 1756/1596/1472 1742/1582/1458 1744/1584/1460
f 1757/1597/1473 1756/1596/1472 1744/1584/1460
f 1757/1597/1473 1744/1584/1460 1746/1586/1462
f 1758/1598/1474 1757/1597/1473 1746/1586/1462
f 1759/1599/1475 1750/1590/1466 1736/1576/1452
f 1760/1600/1476 1759/1599/1475 1736/1576/1452
f 1760/1600/1476 1736/1576/1452 1730/1568/1444
f 1761/1601/1477 1760/1600/1476 1730/1568/1444
f 1762/1602/1478 1760/1600/1476 1761/1601/1477
f 1763/1603/1479 1762/1602/1478 1761/1601/1477
f 1763/1603/1479 1764/1604/1480 1762/1602/1478
f 1764/1604/1480 1765/1605/1481 1762/1602/1478
f 1766/1606/1482 1765/1605/1481 1764/1604/1480
f 1767/1607/1483 1766/1606/1482 1764/1604/1480
f 1762/1602/1478 1765/1605/1481 1768/1608/1484
f 1768/1608/1484 1759/1599/1475 1760/1600/1476
f 1762/1602/1478 1768/1608/1484 1760/1600/1476
f 1765/1605/1481 1769/1609/1485 1768/1608/1484
f 1770/1610/1486 1769/1609/1485 1765/1605/1481
f 1766/1606/1482 1770/1610/1486 1765/1605/1481
f 1767/1607/1483 1764/1604/1480 1771/1611/1487
f 1771/1611/1487 1764/1604/1480 1763/1603/1479
f 1772/1612/1488 1767/1607/1483 1771/1611/1487
f 1773/1613/1489 1761/1601/1477 1730/1568/1444
f 1731/1571/1447 1773/1613/1489 1730/1568/1444
f 1774/1614/1490 1771/1611/1487 1763/1603/1479
f 1774/1614/1490 1763/1603/1479 1761/1601/1477
f 1773/1613/1489 1774/1614/1490 1761/1601/1477
f 1777/1588/682 1776/1615/682 1775/1589/682
f 1778/1616/583 1776/1615/682 1777/1588/682
f 1779/1592/583 1778/1616/583 1777/1588/682
f 1780/1594/1491 1778/1616/583 1779/1592/583
f 1783/1617/690 1782/1618/1492 1781/1591/690
f 1784/1590/690 1783/1617/690 1781/1591/690
f 1787/1619/1493 1786/1616/1493 1785/1594/1493
f 1788/1593/1493 1787/1619/1493 1785/1594/1493
f 1791/1615/1494 1790/1620/597 1789/1595/1494
f 1792/1589/1494 1791/1615/1494 1789/1595/1494
f 1795/1608/1495 1794/1609/1495 1793/1621/1495
f 1798/1622/1496 1797/1621/1496 1796/1609/1497
f 1799/1610/1496 1798/1622/1496 1796/1609/1497
f 1802/1618/1498 1801/1619/1498 1800/1593/1498
f 1803/1591/1498 1802/1618/1498 1800/1593/1498
f 1806/1621/1499 1805/1623/1500 1804/1599/1499
f 1807/1608/1499 1806/1621/1499 1804/1599/1499
f 1810/1623/1501 1809/1617/1501 1808/1590/1501
f 1811/1599/1501 1810/1623/1501 1808/1590/1501
f 1814/1624/1502 1813/1625/1325 1812/1626/1503
f 1815/1627/1504 1813/1625/1325 1814/1624/1502
f 1816/1628/1505 1815/1627/1504 1814/1624/1502
f 1817/1629/1506 1815/1627/1504 1816/1628/1505
f 1520/1379/1309 1817/1629/1506 1816/1628/1505
f 1518/1377/1307 1817/1629/1506 1520/1379/1309
f 1818/1630/1507 1817/1629/1506 1518/1377/1307
f 1519/1378/1308 1818/1630/1507 1518/1377/1307
f 1521/1380/1310 1818/1630/1507 1519/1378/1308
f 1812/1626/1503 1515/1374/1304 1814/1624/1502
f 1515/1374/1304 1514/1373/1303 1814/1624/1502
f 1814/1624/1502 1514/1373/1303 1816/1628/1505
f 1514/1373/1303 1516/1375/1305 1816/1628/1505
f 1816/1628/1505 1516/1375/1305 1520/1379/1309
f 1735/1575/1451 1740/1580/1456 1819/1631/1508
f 1734/1574/1450 1735/1575/1451 1819/1631/1508
f 1740/1580/1456 1742/1582/1458 1819/1631/1508
f 1742/1582/1458 1756/1596/1472 1819/1631/1508
f 1822/1632/1509 1821/1633/1510 1820/1634/1511
f 1823/1635/1512 1822/1632/1509 1820/1634/1511
f 1823/1635/1512 1824/1636/1513 1822/1632/1509
f 1823/1635/1512 1825/1637/1514 1824/1636/1513
f 1823/1635/1512 1820/1634/1511 1825/1637/1514
f 1825/1637/1514 1826/1638/1515 1824/1636/1513
f 1825/1637/1514 1827/1639/1516 1826/1638/1515
f 1825/1637/1514 1828/1640/1517 1827/1639/1516
f 1820/1634/1511 1828/1640/1517 1825/1637/1514
f 1828/1640/1517 1829/1641/1518 1827/1639/1516
f 1827/1639/1516 1829/1641/1518 1830/1642/1519
f 1831/1643/1520 1827/1639/1516 1830/1642/1519
f 1831/1643/1520 1830/1642/1519 1832/1644/1521
f 1833/1645/104 1831/1643/1520 1832/1644/1521
f 1829/1641/1518 1828/1640/1517 1834/1646/1522
f 1835/1647/1523 1829/1641/1518 1834/1646/1522
f 1830/1642/1519 1829/1641/1518 1835/1647/1523
f 1835/1647/1523 1834/1646/1522 1836/1648/413
f 1837/1649/1524 1835/1647/1523 1836/1648/413
f 1827/1639/1516 1831/1643/1520 1838/1650/1525
f 1827/1639/1516 1838/1650/1525 1826/1638/1515
f 1831/1643/1520 1839/1651/1526 1838/1650/1525
f 1831/1643/1520 1833/1645/104 1839/1651/1526
f 1833/1645/104 1840/1652/1527 1839/1651/1526
f 1836/1648/413 1834/1646/1522 1841/1653/1528
f 1834/1646/1522 1842/1654/1529 1841/1653/1528
f 1834/1646/1522 1828/1640/1517 1842/1654/1529
f 1828/1640/1517 1820/1634/1511 1842/1654/1529
f 1836/1648/413 1841/1653/1528 1843/1655/1530
f 1841/1653/1528 1844/1656/1531 1843/1655/1530
f 1843/1655/1530 1844/1656/1531 1845/1657/1532
f 1843/1655/1530 1845/1657/1532 1846/1658/1533
f 1847/1659/1534 1846/1658/1533 1845/1657/1532
f 1848/1660/1535 1847/1659/1534 1845/1657/1532
f 1848/1660/1535 1845/1657/1532 1849/1661/1536
f 1844/1656/1531 1849/1661/1536 1845/1657/1532
f 1850/1662/1537 1848/1660/1535 1849/1661/1536
f 1850/1662/1537 1849/1661/1536 1851/1663/1538
f 1852/1664/1539 1850/1662/1537 1851/1663/1538
f 1847/1659/1534 1853/1665/1540 1846/1658/1533
f 1853/1665/1540 1854/1666/1541 1846/1658/1533
f 1852/1664/1539 1851/1663/1538 1855/1667/1542
f 1856/1668/1543 1852/1664/1539 1855/1667/1542
f 1856/1668/1543 1855/1667/1542 1857/1669/1544
f 1858/1670/1545 1856/1668/1543 1857/1669/1544
f 1858/1670/1545 1857/1669/1544 1859/1671/1546
f 1860/1672/1547 1858/1670/1545 1859/1671/1546
f 1859/1671/1546 1861/1673/1548 1860/1672/1547
f 1861/1673/1548 1862/1674/1549 1860/1672/1547
f 1853/1665/1540 1863/1675/1550 1854/1666/1541
f 1863/1675/1550 1864/1676/1551 1854/1666/1541
f 1864/1676/1551 1863/1675/1550 1865/1677/1552
f 1866/1678/1553 1864/1676/1551 1865/1677/1552
f 1865/1677/1552 1867/1679/1554 1866/1678/1553
f 1867/1679/1554 1868/1680/1548 1866/1678/1553
f 1861/1673/1548 1859/1671/1546 1869/1681/1555
f 1869/1681/1555 1859/1671/1546 1857/1669/1544
f 1870/1682/1556 1861/1673/1548 1869/1681/1555
f 1871/1683/1557 1866/1678/1553 1868/1680/1548
f 1872/1684/1558 1871/1683/1557 1868/1680/1548
f 1873/1685/1559 1864/1676/1551 1866/1678/1553
f 1871/1683/1557 1873/1685/1559 1866/1678/1553
f 1873/1685/1559 1874/1686/1560 1864/1676/1551
f 1874/1686/1560 1854/1666/1541 1864/1676/1551
f 1874/1686/1560 1875/1687/1561 1854/1666/1541
f 1875/1687/1561 1846/1658/1533 1854/1666/1541
f 1875/1687/1561 1843/1655/1530 1846/1658/1533
f 1836/1648/413 1843/1655/1530 1875/1687/1561
f 1837/1649/1524 1836/1648/413 1875/1687/1561
f 1875/1687/1561 1874/1686/1560 1876/1688/1562
f 1837/1649/1524 1875/1687/1561 1876/1688/1562
f 1876/1688/1562 1874/1686/1560 1873/1685/1559
f 1876/1688/1562 1877/1689/1563 1837/1649/1524
f 1877/1689/1563 1835/1647/1523 1837/1649/1524
f 1877/1689/1563 1830/1642/1519 1835/1647/1523
f 1830/1642/1519 1877/1689/1563 1832/1644/1521
f 1877/1689/1563 1878/1690/1564 1832/1644/1521
f 1871/1683/1557 1872/1684/1558 1879/1691/1565
f 1880/1692/1566 1871/1683/1557 1879/1691/1565
f 1881/1693/1567 1877/1689/1563 1876/1688/1562
f 1877/1689/1563 1881/1693/1567 1878/1690/1564
f 1882/1694/1568 1881/1693/1567 1876/1688/1562
f 1882/1694/1568 1880/1692/1566 1883/1695/1569
f 1881/1693/1567 1882/1694/1568 1883/1695/1569
f 1880/1692/1566 1879/1691/1565 1883/1695/1569
f 1884/1696/1570 1881/1693/1567 1883/1695/1569
f 1881/1693/1567 1884/1696/1570 1878/1690/1564
f 1885/1697/1571 1884/1696/1570 1883/1695/1569
f 1886/1698/1572 1885/1697/1571 1883/1695/1569
f 1882/1694/1568 1876/1688/1562 1873/1685/1559
f 1873/1685/1559 1871/1683/1557 1880/1692/1566
f 1882/1694/1568 1873/1685/1559 1880/1692/1566
f 1879/1691/1565 1887/1698/1573 1883/1695/1569
f 1890/1699/1574 1889/1700/1575 1888/1701/1576
f 1891/1702/1577 1890/1699/1574 1888/1701/1576
f 1890/1699/1574 1891/1702/1577 1892/1703/1578
f 1893/1704/1579 1890/1699/1574 1892/1703/1578
f 1892/1703/1578 1891/1702/1577 1894/1705/1580
f 1891/1702/1577 1895/1706/1581 1894/1705/1580
f 1894/1705/1580 1895/1706/1581 1855/1667/1542
f 1894/1705/1580 1855/1667/1542 1851/1663/1538
f 1896/1707/1582 1894/1705/1580 1851/1663/1538
f 1894/1705/1580 1896/1707/1582 1892/1703/1578
f 1896/1707/1582 1851/1663/1538 1849/1661/1536
f 1844/1656/1531 1896/1707/1582 1849/1661/1536
f 1895/1706/1581 1857/1669/1544 1855/1667/1542
f 1895/1706/1581 1869/1681/1555 1857/1669/1544
f 1869/1681/1555 1895/1706/1581 1891/1702/1577
f 1888/1701/1576 1869/1681/1555 1891/1702/1577
f 1896/1707/1582 1897/1708/1583 1892/1703/1578
f 1897/1708/1583 1896/1707/1582 1844/1656/1531
f 1841/1653/1528 1897/1708/1583 1844/1656/1531
f 1897/1708/1583 1841/1653/1528 1898/1709/1584
f 1841/1653/1528 1842/1654/1529 1898/1709/1584
f 1821/1633/1510 1898/1709/1584 1842/1654/1529
f 1898/1709/1584 1821/1633/1510 1899/1710/1585
f 1900/1711/1586 1899/1710/1585 1821/1633/1510
f 1900/1711/1586 1901/1712/1587 1899/1710/1585
f 1900/1711/1586 1902/1713/1588 1901/1712/1587
f 1903/1714/1589 1902/1713/1588 1900/1711/1586
f 1822/1632/1509 1903/1714/1589 1900/1711/1586
f 1822/1632/1509 1900/1711/1586 1821/1633/1510
f 1824/1636/1513 1903/1714/1589 1822/1632/1509
f 1902/1713/1588 1904/1715/1590 1901/1712/1587
f 1901/1712/1587 1905/1716/654 1899/1710/1585
f 1899/1710/1585 1905/1716/654 1906/1717/1591
f 1906/1717/1591 1898/1709/1584 1899/1710/1585
f 1897/1708/1583 1898/1709/1584 1906/1717/1591
f 1905/1716/654 1907/1718/1592 1906/1717/1591
f 1820/1634/1511 1821/1633/1510 1842/1654/1529
f 1907/1718/1592 1893/1704/1579 1906/1717/1591
f 1893/1704/1579 1892/1703/1578 1906/1717/1591
f 1892/1703/1578 1897/1708/1583 1906/1717/1591
f 1904/1715/1590 1908/1719/1593 1901/1712/1587
f 1908/1719/1593 1909/1720/1594 1901/1712/1587
f 1908/1719/1593 1910/1721/1595 1909/1720/1594
f 1910/1721/1595 1911/1722/1596 1909/1720/1594
f 1910/1721/1595 1912/1723/1597 1911/1722/1596
f 1912/1723/1597 1913/1724/1598 1911/1722/1596
f 1911/1722/1596 1913/1724/1598 1914/1725/1599
f 1915/1726/1600 1911/1722/1596 1914/1725/1599
f 1909/1720/1594 1911/1722/1596 1915/1726/1600
f 1916/1727/1601 1913/1724/1598 1912/1723/1597
f 1914/1725/1599 1913/1724/1598 1916/1727/1601
f 1917/1728/1602 1916/1727/1601 1912/1723/1597
f 1918/1729/1603 1916/1727/1601 1917/1728/1602
f 1919/1730/1604 1916/1727/1601 1918/1729/1603
f 1919/1730/1604 1914/1725/1599 1916/1727/1601
f 1920/1731/1605 1919/1730/1604 1918/1729/1603
f 1920/1731/1605 1918/1729/1603 1921/1732/1606
f 1918/1729/1603 1922/1733/1607 1921/1732/1606
f 1921/1732/1606 1922/1733/1607 1923/1734/1608
f 1922/1733/1607 1924/1735/1609 1923/1734/1608
f 1919/1730/1604 1920/1731/1605 1925/1736/1610
f 1920/1731/1605 1926/1737/1611 1925/1736/1610
f 1920/1731/1605 1921/1732/1606 1926/1737/1611
f 1925/1736/1610 1926/1737/1611 1927/1738/1612
f 1926/1737/1611 1928/1739/1613 1927/1738/1612
f 1922/1733/1607 1918/1729/1603 1929/1740/1614
f 1929/1740/1614 1918/1729/1603 1917/1728/1602
f 1930/1741/1615 1922/1733/1607 1929/1740/1614
f 1924/1735/1609 1922/1733/1607 1930/1741/1615
f 1931/1742/1527 1924/1735/1609 1930/1741/1615
f 1925/1736/1610 1927/1738/1612 1932/1743/1616
f 1933/1744/1617 1925/1736/1610 1932/1743/1616
f 1919/1730/1604 1925/1736/1610 1933/1744/1617
f 1914/1725/1599 1919/1730/1604 1933/1744/1617
f 1932/1743/1616 1927/1738/1612 1934/1745/1618
f 1935/1746/1619 1932/1743/1616 1934/1745/1618
f 1935/1746/1619 1934/1745/1618 1936/1747/1620
f 1936/1747/1620 1934/1745/1618 1937/1748/1621
f 1937/1748/1621 1938/1749/1622 1936/1747/1620
f 1938/1749/1622 1939/1750/1623 1936/1747/1620
f 1936/1747/1620 1939/1750/1623 1940/1751/1624
f 1940/1751/1624 1935/1746/1619 1936/1747/1620
f 1939/1750/1623 1941/1752/1625 1940/1751/1624
f 1940/1751/1624 1941/1752/1625 1942/1753/1626
f 1941/1752/1625 1943/1754/1627 1942/1753/1626
f 1944/1755/1628 1938/1749/1622 1937/1748/1621
f 1945/1756/1629 1944/1755/1628 1937/1748/1621
f 1942/1753/1626 1943/1754/1627 1946/1757/1630
f 1943/1754/1627 1947/1758/1631 1946/1757/1630
f 1946/1757/1630 1947/1758/1631 1948/1759/1632
f 1947/1758/1631 1949/1760/1633 1948/1759/1632
f 1948/1759/1632 1949/1760/1633 1950/1761/1634
f 1949/1760/1633 1951/1762/1635 1950/1761/1634
f 1952/1763/1636 1950/1761/1634 1951/1762/1635
f 1953/1764/1637 1952/1763/1636 1951/1762/1635
f 1954/1765/1638 1944/1755/1628 1945/1756/1629
f 1955/1766/1639 1954/1765/1638 1945/1756/1629
f 1954/1765/1638 1955/1766/1639 1956/1767/1640
f 1955/1766/1639 1957/1768/1641 1956/1767/1640
f 1958/1769/1637 1956/1767/1640 1957/1768/1641
f 1959/1770/1636 1958/1769/1637 1957/1768/1641
f 1950/1761/1634 1952/1763/1636 1960/1771/1642
f 1950/1761/1634 1960/1771/1642 1948/1759/1632
f 1952/1763/1636 1961/1772/1643 1960/1771/1642
f 1957/1768/1641 1962/1773/1644 1959/1770/1636
f 1962/1773/1644 1963/1774/1636 1959/1770/1636
f 1964/1775/1645 1962/1773/1644 1957/1768/1641
f 1955/1766/1639 1964/1775/1645 1957/1768/1641
f 1965/1776/1646 1964/1775/1645 1955/1766/1639
f 1945/1756/1629 1965/1776/1646 1955/1766/1639
f 1966/1777/1647 1965/1776/1646 1945/1756/1629
f 1937/1748/1621 1966/1777/1647 1945/1756/1629
f 1934/1745/1618 1966/1777/1647 1937/1748/1621
f 1934/1745/1618 1927/1738/1612 1966/1777/1647
f 1927/1738/1612 1928/1739/1613 1966/1777/1647
f 1966/1777/1647 1928/1739/1613 1967/1778/1648
f 1965/1776/1646 1966/1777/1647 1967/1778/1648
f 1965/1776/1646 1967/1778/1648 1964/1775/1645
f 1968/1779/1649 1967/1778/1648 1928/1739/1613
f 1926/1737/1611 1968/1779/1649 1928/1739/1613
f 1921/1732/1606 1968/1779/1649 1926/1737/1611
f 1968/1779/1649 1921/1732/1606 1923/1734/1608
f 1969/1780/1650 1968/1779/1649 1923/1734/1608
f 1963/1774/1636 1962/1773/1644 1970/1781/1651
f 1962/1773/1644 1971/1782/1652 1970/1781/1651
f 1968/1779/1649 1972/1783/1653 1967/1778/1648
f 1972/1783/1653 1968/1779/1649 1969/1780/1650
f 1972/1783/1653 1973/1784/1654 1967/1778/1648
f 1973/1784/1654 1972/1783/1653 1974/1785/1655
f 1971/1782/1652 1973/1784/1654 1974/1785/1655
f 1970/1781/1651 1971/1782/1652 1974/1785/1655
f 1972/1783/1653 1975/1786/1570 1974/1785/1655
f 1975/1786/1570 1972/1783/1653 1969/1780/1650
f 1975/1786/1570 1976/1787/1656 1974/1785/1655
f 1976/1787/1656 1977/1788/1657 1974/1785/1655
f 1967/1778/1648 1973/1784/1654 1964/1775/1645
f 1964/1775/1645 1973/1784/1654 1971/1782/1652
f 1962/1773/1644 1964/1775/1645 1971/1782/1652
f 1978/1788/1658 1970/1781/1651 1974/1785/1655
f 1981/1713/1659 1980/1714/1660 1979/1789/1661
f 1982/1790/1662 1981/1713/1659 1979/1789/1661
f 1983/1791/1663 1979/1789/1661 1980/1714/1660
f 1984/1636/1664 1983/1791/1663 1980/1714/1660
f 1985/1792/1665 1983/1791/1663 1984/1636/1664
f 1986/1638/1666 1985/1792/1665 1984/1636/1664
f 1987/1793/1667 1985/1792/1665 1986/1638/1666
f 1988/1650/1668 1987/1793/1667 1986/1638/1666
f 1989/1794/1669 1987/1793/1667 1988/1650/1668
f 1990/1651/1670 1989/1794/1669 1988/1650/1668
f 1981/1713/1659 1982/1790/1662 1991/1715/1671
f 1982/1790/1662 1992/1795/1672 1991/1715/1671
f 1989/1794/1669 1990/1651/1670 1993/1796/1673
f 1989/1794/1669 1993/1796/1673 1994/1797/1674
f 1995/1798/1675 1989/1794/1669 1994/1797/1674
f 1989/1794/1669 1995/1798/1675 1987/1793/1667
f 1990/1651/1670 1996/1652/314 1993/1796/1673
f 1995/1798/1675 1997/1799/1676 1987/1793/1667
f 1985/1792/1665 1987/1793/1667 1997/1799/1676
f 1982/1790/1662 1998/1800/1677 1992/1795/1672
f 1998/1800/1677 1999/1801/430 1992/1795/1672
f 2000/1802/1678 1985/1792/1665 1997/1799/1676
f 1998/1800/1677 1982/1790/1662 2001/1803/1679
f 1982/1790/1662 1979/1789/1661 2001/1803/1679
f 2001/1803/1679 1979/1789/1661 2002/1804/1680
f 1979/1789/1661 1983/1791/1663 2002/1804/1680
f 2002/1804/1680 1983/1791/1663 2000/1802/1678
f 1983/1791/1663 1985/1792/1665 2000/1802/1678
f 1994/1797/1674 2003/1805/1681 1995/1798/1675
f 2003/1805/1681 2004/1806/1682 1995/1798/1675
f 2003/1805/1681 2005/1807/1683 2004/1806/1682
f 2005/1807/1683 2006/1808/1684 2004/1806/1682
f 2006/1808/1684 2007/1809/1685 2004/1806/1682
f 2007/1809/1685 2008/1810/1686 2004/1806/1682
f 2006/1808/1684 2005/1807/1683 2009/1811/1155
f 2010/1812/1687 2006/1808/1684 2009/1811/1155
f 2009/1811/1155 2011/1813/1688 2010/1812/1687
f 2011/1813/1688 2012/1814/1689 2010/1812/1687
f 2012/1814/1689 2011/1813/1688 2013/1815/1690
f 2014/1816/1691 2012/1814/1689 2013/1815/1690
f 2012/1814/1689 2014/1816/1691 2015/1817/1692
f 2016/1818/1693 2012/1814/1689 2015/1817/1692
f 2010/1812/1687 2012/1814/1689 2016/1818/1693
f 2017/1819/1694 2016/1818/1693 2015/1817/1692
f 2016/1818/1693 2017/1819/1694 2018/1820/819
f 2019/1821/1695 2016/1818/1693 2018/1820/819
f 2014/1816/1691 2020/1822/1696 2015/1817/1692
f 2018/1820/819 2017/1819/1694 2021/1823/1697
f 2017/1819/1694 2022/1824/1698 2021/1823/1697
f 2022/1824/1698 2017/1819/1694 2015/1817/1692
f 2021/1823/1697 2022/1824/1698 2023/1825/1699
f 2022/1824/1698 2024/1826/1700 2023/1825/1699
f 2024/1826/1700 2022/1824/1698 2015/1817/1692
f 2015/1817/1692 2020/1822/1696 2024/1826/1700
f 2024/1826/1700 2025/1827/1701 2023/1825/1699
f 2025/1827/1701 2026/1828/1702 2023/1825/1699
f 2025/1827/1701 2027/1829/1703 2026/1828/1702
f 2025/1827/1701 2024/1826/1700 2027/1829/1703
f 2027/1829/1703 2028/1830/1704 2026/1828/1702
f 2026/1828/1702 2029/1831/1705 2023/1825/1699
f 2024/1826/1700 2030/1832/1706 2027/1829/1703
f 2030/1832/1706 2024/1826/1700 2031/1833/1707
f 2020/1822/1696 2031/1833/1707 2024/1826/1700
f 2032/1834/1708 2030/1832/1706 2031/1833/1707
f 2033/1835/1709 2021/1823/1697 2023/1825/1699
f 2034/1836/1710 2023/1825/1699 2029/1831/1705
f 2033/1835/1709 2023/1825/1699 2034/1836/1710
f 2035/1837/1711 2034/1836/1710 2029/1831/1705
f 2034/1836/1710 2035/1837/1711 2036/1838/1712
f 2037/1839/1713 2034/1836/1710 2036/1838/1712
f 2037/1839/1713 2033/1835/1709 2034/1836/1710
f 2038/1840/267 2037/1839/1713 2036/1838/1712
f 2035/1837/1711 2039/1841/158 2036/1838/1712
f 2036/1838/1712 2039/1841/158 2008/1810/1686
f 2007/1809/1685 2036/1838/1712 2008/1810/1686
f 2036/1838/1712 2007/1809/1685 2040/1842/1714
f 2038/1840/267 2036/1838/1712 2040/1842/1714
f 2040/1842/1714 2007/1809/1685 2041/1843/1715
f 2007/1809/1685 2042/1844/1716 2041/1843/1715
f 2041/1843/1715 2042/1844/1716 2019/1821/1695
f 2042/1844/1716 2016/1818/1693 2019/1821/1695
f 2042/1844/1716 2010/1812/1687 2016/1818/1693
f 2006/1808/1684 2010/1812/1687 2042/1844/1716
f 2007/1809/1685 2006/1808/1684 2042/1844/1716
f 1997/1799/1676 2008/1810/1686 2039/1841/158
f 1997/1799/1676 1995/1798/1675 2008/1810/1686
f 1995/1798/1675 2004/1806/1682 2008/1810/1686
f 2000/1802/1678 1997/1799/1676 2039/1841/158
f 2000/1802/1678 2039/1841/158 2035/1837/1711
f 2002/1804/1680 2000/1802/1678 2035/1837/1711
f 2002/1804/1680 2035/1837/1711 2029/1831/1705
f 2001/1803/1679 2002/1804/1680 2029/1831/1705
f 2001/1803/1679 2029/1831/1705 1998/1800/1677
f 2029/1831/1705 2026/1828/1702 1998/1800/1677
f 1998/1800/1677 2026/1828/1702 1999/1801/430
f 2026/1828/1702 2028/1830/1704 1999/1801/430
f 2028/1830/1704 2043/1845/1717 1999/1801/430
f 2028/1830/1704 2027/1829/1703 2043/1845/1717
f 2027/1829/1703 2044/1846/1718 2043/1845/1717
f 2043/1845/1717 2044/1846/1718 2045/1847/1719
f 2046/1848/1720 2043/1845/1717 2045/1847/1719
f 2047/1849/1721 2044/1846/1718 2027/1829/1703
f 2044/1846/1718 2047/1849/1721 2045/1847/1719
f 2030/1832/1706 2047/1849/1721 2027/1829/1703
f 2047/1849/1721 2030/1832/1706 2048/1850/1722
f 2030/1832/1706 2032/1834/1708 2048/1850/1722
f 2047/1849/1721 2049/1851/1723 2045/1847/1719
f 2049/1851/1723 2050/1852/1724 2045/1847/1719
f 2049/1851/1723 2051/1853/1725 2050/1852/1724
f 2051/1853/1725 2052/1854/1288 2050/1852/1724
f 2051/1853/1725 2053/1855/1726 2052/1854/1288
f 2053/1855/1726 2054/1856/1727 2052/1854/1288
f 2053/1855/1726 2051/1853/1725 2055/1857/1728
f 2049/1851/1723 2047/1849/1721 2055/1857/1728
f 2051/1853/1725 2049/1851/1723 2055/1857/1728
f 2056/1858/1729 2053/1855/1726 2055/1857/1728
f 2057/1859/1730 2056/1858/1729 2055/1857/1728
f 2056/1858/1729 2057/1859/1730 2058/1860/1731
f 2059/1861/1732 2056/1858/1729 2058/1860/1731
f 2060/1862/1733 2057/1859/1730 2055/1857/1728
f 2060/1862/1733 2055/1857/1728 2047/1849/1721
f 2048/1850/1722 2060/1862/1733 2047/1849/1721
f 2056/1858/1729 2059/1861/1732 2061/1863/1734
f 2056/1858/1729 2061/1863/1734 2053/1855/1726
f 2059/1861/1732 2062/1864/1735 2061/1863/1734
f 2063/1865/1736 2061/1863/1734 2062/1864/1735
f 2064/1866/1737 2063/1865/1736 2062/1864/1735
f 2063/1865/1736 2064/1866/1737 2065/1867/1738
f 2066/1868/1739 2063/1865/1736 2065/1867/1738
f 2067/1869/1740 2066/1868/1739 2065/1867/1738
f 2064/1866/1737 2068/1870/1741 2065/1867/1738
f 2053/1855/1726 2069/1871/1742 2054/1856/1727
f 2061/1863/1734 2069/1871/1742 2053/1855/1726
f 2063/1865/1736 2066/1868/1739 2069/1871/1742
f 2061/1863/1734 2063/1865/1736 2069/1871/1742
f 2070/1872/1743 2066/1868/1739 2067/1869/1740
f 2071/1873/338 2070/1872/1743 2067/1869/1740
f 2069/1871/1742 2066/1868/1739 2072/1874/1744
f 2069/1871/1742 2072/1874/1744 2054/1856/1727
f 2066/1868/1739 2073/1875/1745 2072/1874/1744
f 2066/1868/1739 2070/1872/1743 2073/1875/1745
f 2071/1873/338 2074/1876/1746 2070/1872/1743
f 2074/1876/1746 2075/1877/1747 2070/1872/1743
f 2075/1877/1747 2076/1878/1748 2070/1872/1743
f 2076/1878/1748 2077/1879/1749 2070/1872/1743
f 2070/1872/1743 2077/1879/1749 2073/1875/1745
f 2075/1877/1747 2074/1876/1746 2046/1848/1720
f 2045/1847/1719 2075/1877/1747 2046/1848/1720
f 2078/1880/1750 2076/1878/1748 2075/1877/1747
f 2045/1847/1719 2078/1880/1750 2075/1877/1747
f 2050/1852/1724 2078/1880/1750 2045/1847/1719
f 2071/1873/338 2079/1881/1751 2074/1876/1746
f 2080/1882/1752 2079/1881/1751 2071/1873/338
f 2081/1883/1753 2079/1881/1751 2080/1882/1752
f 2082/1884/1754 2081/1883/1753 2080/1882/1752
f 2081/1883/1753 2082/1884/1754 2083/1728/1755
f 2081/1883/1753 2083/1728/1755 2084/1723/1756
f 2085/1885/1757 2081/1883/1753 2084/1723/1756
f 2081/1883/1753 2085/1885/1757 2079/1881/1751
f 2085/1885/1757 2084/1723/1756 2086/1721/1758
f 2087/1886/1759 2085/1885/1757 2086/1721/1758
f 2086/1721/1758 2088/1719/1760 2087/1886/1759
f 2088/1719/1760 2089/1887/1761 2087/1886/1759
f 2082/1884/1754 2090/1740/1762 2083/1728/1755
f 2082/1884/1754 2091/1888/1763 2090/1740/1762
f 2091/1888/1763 2092/1741/1764 2090/1740/1762
f 2089/1887/1761 2088/1719/1760 1991/1715/1671
f 1992/1795/1672 2089/1887/1761 1991/1715/1671
f 2092/1741/1764 2091/1888/1763 2093/1889/1765
f 2093/1889/1765 2091/1888/1763 2094/1890/1766
f 2091/1888/1763 2095/1891/1767 2094/1890/1766
f 2095/1891/1767 2091/1888/1763 2082/1884/1754
f 2096/1742/314 2092/1741/1764 2093/1889/1765
f 2097/1892/1768 2089/1887/1761 1992/1795/1672
f 1999/1801/430 2097/1892/1768 1992/1795/1672
f 2089/1887/1761 2097/1892/1768 2098/1893/1769
f 2087/1886/1759 2089/1887/1761 2098/1893/1769
f 2087/1886/1759 2098/1893/1769 2099/1894/1770
f 2085/1885/1757 2087/1886/1759 2099/1894/1770
f 2085/1885/1757 2099/1894/1770 2079/1881/1751
f 2068/1870/1741 2094/1890/1766 2095/1891/1767
f 2065/1867/1738 2068/1870/1741 2095/1891/1767
f 2065/1867/1738 2095/1891/1767 2067/1869/1740
f 2095/1891/1767 2080/1882/1752 2067/1869/1740
f 2080/1882/1752 2095/1891/1767 2082/1884/1754
f 2067/1869/1740 2080/1882/1752 2071/1873/338
f 2079/1881/1751 2099/1894/1770 2074/1876/1746
f 2099/1894/1770 2098/1893/1769 2046/1848/1720
f 2074/1876/1746 2099/1894/1770 2046/1848/1720
f 2046/1848/1720 2098/1893/1769 2097/1892/1768
f 2043/1845/1717 2046/1848/1720 2097/1892/1768
f 2043/1845/1717 2097/1892/1768 1999/1801/430
f 2102/1895/1771 2101/1896/1772 2100/1897/1773
f 2103/1898/181 2102/1895/1771 2100/1897/1773
f 2104/1899/1774 2102/1895/1771 2103/1898/181
f 2105/1900/1537 2104/1899/1774 2103/1898/181
f 2106/1901/1775 2104/1899/1774 2105/1900/1537
f 2107/1902/1539 2106/1901/1775 2105/1900/1537
f 2108/1903/1776 2106/1901/1775 2107/1902/1539
f 2109/1904/1777 2108/1903/1776 2107/1902/1539
f 2110/1905/1778 2108/1903/1776 2109/1904/1777
f 2111/1906/1779 2110/1905/1778 2109/1904/1777
f 2112/1907/1780 2110/1905/1778 2111/1906/1779
f 2113/1908/1547 2112/1907/1780 2111/1906/1779
f 2114/1909/1781 2112/1907/1780 2113/1908/1547
f 2115/1910/1782 2114/1909/1781 2113/1908/1547
f 2100/1897/1773 2101/1896/1772 2116/1911/1540
f 2110/1905/1778 2117/1912/1783 2108/1903/1776
f 2117/1912/1783 2110/1905/1778 2112/1907/1780
f 2117/1912/1783 2118/1913/1784 2108/1903/1776
f 2119/1914/1785 2117/1912/1783 2112/1907/1780
f 2119/1914/1785 2112/1907/1780 2114/1909/1781
f 2120/1915/1786 2119/1914/1785 2114/1909/1781
f 2121/1916/1787 2106/1901/1775 2108/1903/1776
f 2118/1913/1784 2121/1916/1787 2108/1903/1776
f 2122/1917/1788 2118/1913/1784 2117/1912/1783
f 2123/1918/1789 2122/1917/1788 2117/1912/1783
f 2123/1918/1789 2117/1912/1783 2119/1914/1785
f 2124/1919/1790 2123/1918/1789 2119/1914/1785
f 2124/1919/1790 2119/1914/1785 2120/1915/1786
f 2125/1920/1791 2121/1916/1787 2118/1913/1784
f 2122/1917/1788 2125/1920/1791 2118/1913/1784
f 2125/1920/1791 2126/1921/1792 2121/1916/1787
f 2126/1921/1792 2127/1922/1793 2121/1916/1787
f 2121/1916/1787 2127/1922/1793 2106/1901/1775
f 2127/1922/1793 2104/1899/1774 2106/1901/1775
f 2127/1922/1793 2128/1923/1794 2104/1899/1774
f 2128/1923/1794 2102/1895/1771 2104/1899/1774
f 2128/1923/1794 2129/1924/1134 2102/1895/1771
f 2129/1924/1134 2101/1896/1772 2102/1895/1771
f 2129/1924/1134 2130/1925/1795 2101/1896/1772
f 2130/1925/1795 2131/1926/1796 2101/1896/1772
f 2101/1896/1772 2131/1926/1796 2116/1911/1540
f 2116/1911/1540 2131/1926/1796 2132/1927/1797
f 2131/1926/1796 2133/1928/1798 2132/1927/1797
f 2132/1927/1797 2133/1928/1798 2134/1929/1799
f 2133/1928/1798 2135/1930/1800 2134/1929/1799
f 2134/1929/1799 2135/1930/1800 2136/1931/1549
f 2135/1930/1800 2137/1932/1801 2136/1931/1549
f 2138/1933/1786 2137/1932/1801 2135/1930/1800
f 2139/1934/1802 2138/1933/1786 2135/1930/1800
f 2139/1934/1802 2135/1930/1800 2133/1928/1798
f 2140/1935/1803 2139/1934/1802 2133/1928/1798
f 2140/1935/1803 2133/1928/1798 2131/1926/1796
f 2130/1925/1795 2140/1935/1803 2131/1926/1796
f 2139/1934/1802 2140/1935/1803 2141/1936/1804
f 2138/1933/1786 2139/1934/1802 2141/1936/1804
f 2140/1935/1803 2142/1937/1805 2141/1936/1804
f 2130/1925/1795 2129/1924/1134 2142/1937/1805
f 2140/1935/1803 2130/1925/1795 2142/1937/1805
f 2129/1924/1134 2143/1938/1806 2142/1937/1805
f 2129/1924/1134 2128/1923/1794 2143/1938/1806
f 2143/1938/1806 2128/1923/1794 2127/1922/1793
f 2126/1921/1792 2143/1938/1806 2127/1922/1793
f 2146/1939/1807 2145/1940/1807 2144/1941/1808
f 2147/1942/1808 2146/1939/1807 2144/1941/1808
f 2147/1942/1808 2144/1941/1808 2148/1943/1809
f 2149/1944/1810 2147/1942/1808 2148/1943/1809
f 2146/1939/1807 2147/1942/1808 2150/1945/1811
f 2151/1946/1812 2146/1939/1807 2150/1945/1811
f 2147/1942/1808 2149/1944/1810 2152/1947/1813
f 2150/1945/1811 2147/1942/1808 2152/1947/1813
f 2153/1948/1814 2152/1947/1813 2149/1944/1810
f 2154/1949/1815 2153/1948/1814 2149/1944/1810
f 2155/1950/1816 2153/1948/1814 2154/1949/1815
f 2156/1951/1816 2155/1950/1816 2154/1949/1815
f 2157/1952/1817 2155/1950/1816 2156/1951/1816
f 2158/1953/1817 2157/1952/1817 2156/1951/1816
f 2158/1953/1817 2156/1951/1816 2159/1954/1818
f 2158/1953/1817 2159/1954/1818 2160/1955/1819
f 2161/1956/1820 2158/1953/1817 2160/1955/1819
f 2161/1956/1820 2160/1955/1819 2162/1957/1821
f 2163/1958/1822 2161/1956/1820 2162/1957/1821
f 2156/1951/1816 2164/1959/1816 2159/1954/1818
f 2156/1951/1816 2154/1949/1815 2164/1959/1816
f 2162/1957/1821 2165/1960/1807 2163/1958/1822
f 2165/1960/1807 2166/1961/1807 2163/1958/1822
f 2158/1953/1817 2161/1956/1820 2167/1962/1823
f 2157/1952/1817 2158/1953/1817 2167/1962/1823
f 2168/1963/1824 2167/1962/1823 2161/1956/1820
f 2163/1958/1822 2168/1963/1824 2161/1956/1820
f 2163/1958/1822 2166/1961/1807 2168/1963/1824
f 2166/1961/1807 2169/1964/1807 2168/1963/1824
f 2170/1965/1816 2155/1950/1816 2157/1952/1817
f 2171/1966/1825 2170/1965/1816 2157/1952/1817
f 2157/1952/1817 2167/1962/1823 2172/1967/1823
f 2171/1966/1825 2157/1952/1817 2172/1967/1823
f 2172/1967/1823 2167/1962/1823 2168/1963/1824
f 2173/1968/1826 2172/1967/1823 2168/1963/1824
f 2168/1963/1824 2169/1964/1807 2174/1969/1827
f 2173/1968/1826 2168/1963/1824 2174/1969/1827
f 2173/1968/1826 2174/1969/1827 2175/1970/1828
f 2174/1969/1827 2176/1971/1827 2175/1970/1828
f 2176/1971/1827 2177/1972/1829 2175/1970/1828
f 2177/1972/1829 2178/1973/1830 2175/1970/1828
f 2178/1973/1830 2177/1972/1829 2179/1974/1831
f 2179/1974/1831 2180/1975/1832 2178/1973/1830
f 2180/1975/1832 2181/1976/1833 2178/1973/1830
f 2180/1975/1832 2182/1977/1817 2181/1976/1833
f 2182/1977/1817 2183/1978/1834 2181/1976/1833
f 2182/1977/1817 2184/1979/1835 2183/1978/1834
f 2184/1979/1835 2185/1980/1836 2183/1978/1834
f 2177/1972/1829 2186/1981/1807 2179/1974/1831
f 2184/1979/1835 2187/1982/1837 2185/1980/1836
f 2187/1982/1837 2188/1983/1838 2185/1980/1836
f 2187/1982/1837 2189/1984/1839 2188/1983/1838
f 2189/1984/1839 2190/1985/1840 2188/1983/1838
f 2189/1984/1839 2191/1986/1841 2190/1985/1840
f 2191/1986/1841 2192/1987/1842 2190/1985/1840
f 2191/1986/1841 2193/1988/1843 2192/1987/1842
f 2193/1988/1843 2194/1989/1844 2192/1987/1842
f 2195/1990/819 2184/1979/1835 2182/1977/1817
f 2196/1991/1695 2195/1990/819 2182/1977/1817
f 2196/1991/1695 2182/1977/1817 2197/1992/1845
f 2182/1977/1817 2180/1975/1832 2197/1992/1845
f 2197/1992/1845 2180/1975/1832 2198/1993/1714
f 2180/1975/1832 2179/1974/1831 2198/1993/1714
f 2199/1994/1709 2189/1984/1839 2187/1982/1837
f 2200/1995/1697 2199/1994/1709 2187/1982/1837
f 2195/1990/819 2200/1995/1697 2184/1979/1835
f 2200/1995/1697 2187/1982/1837 2184/1979/1835
f 2201/1996/1846 2198/1993/1714 2179/1974/1831
f 2186/1981/1807 2201/1996/1846 2179/1974/1831
f 2192/1987/1842 2194/1989/1844 2202/1997/1847
f 2203/1998/1848 2192/1987/1842 2202/1997/1847
f 2190/1985/1840 2192/1987/1842 2203/1998/1848
f 2204/1999/1813 2190/1985/1840 2203/1998/1848
f 2188/1983/1838 2190/1985/1840 2204/1999/1813
f 2205/2000/1849 2188/1983/1838 2204/1999/1813
f 2185/1980/1836 2188/1983/1838 2205/2000/1849
f 2206/2001/1816 2185/1980/1836 2205/2000/1849
f 2183/1978/1834 2185/1980/1836 2206/2001/1816
f 2207/2002/1825 2183/1978/1834 2206/2001/1816
f 2181/1976/1833 2183/1978/1834 2207/2002/1825
f 2208/2003/1850 2181/1976/1833 2207/2002/1825
f 2178/1973/1830 2181/1976/1833 2208/2003/1850
f 2175/1970/1828 2178/1973/1830 2208/2003/1850
f 2205/2000/1849 2204/1999/1813 2209/2004/1851
f 2204/1999/1813 2210/2005/1852 2209/2004/1851
f 2204/1999/1813 2203/1998/1848 2210/2005/1852
f 2209/2004/1851 2210/2005/1852 2152/1947/1813
f 2150/1945/1811 2152/1947/1813 2210/2005/1852
f 2211/2006/1853 2150/1945/1811 2210/2005/1852
f 2151/1946/1812 2150/1945/1811 2211/2006/1853
f 2212/2007/1847 2151/1946/1812 2211/2006/1853
f 2153/1948/1814 2209/2004/1851 2152/1947/1813
f 2209/2004/1851 2153/1948/1814 2155/1950/1816
f 2170/1965/1816 2209/2004/1851 2155/1950/1816
f 2203/1998/1848 2211/2006/1853 2210/2005/1852
f 2202/1997/1847 2212/2007/1847 2211/2006/1853
f 2203/1998/1848 2202/1997/1847 2211/2006/1853
f 2175/1970/1828 2208/2003/1850 2173/1968/1826
f 2208/2003/1850 2172/1967/1823 2173/1968/1826
f 2208/2003/1850 2207/2002/1825 2172/1967/1823
f 2207/2002/1825 2171/1966/1825 2172/1967/1823
f 2206/2001/1816 2170/1965/1816 2171/1966/1825
f 2207/2002/1825 2206/2001/1816 2171/1966/1825
f 2206/2001/1816 2205/2000/1849 2170/1965/1816
f 2205/2000/1849 2209/2004/1851 2170/1965/1816
f 2149/1944/1810 2148/1943/1809 2213/2008/1815
f 2154/1949/1815 2149/1944/1810 2213/2008/1815
f 2154/1949/1815 2213/2008/1815 2164/1959/1816
f 2213/2008/1815 2148/1943/1809 2214/2009/1854
f 2215/2010/1855 2213/2008/1815 2214/2009/1854
f 2164/1959/1816 2213/2008/1815 2215/2010/1855
f 2214/2009/1854 2148/1943/1809 2216/2011/1856
f 2148/1943/1809 2144/1941/1808 2216/2011/1856
f 2216/2011/1856 2144/1941/1808 2217/2012/1857
f 2144/1941/1808 2145/1940/1807 2217/2012/1857
f 2218/2013/1835 2164/1959/1816 2215/2010/1855
f 2159/1954/1818 2164/1959/1816 2218/2013/1835
f 2219/2014/1858 2159/1954/1818 2218/2013/1835
f 2160/1955/1819 2159/1954/1818 2219/2014/1858
f 2220/2015/1859 2160/1955/1819 2219/2014/1858
f 2162/1957/1821 2160/1955/1819 2220/2015/1859
f 2221/2016/1860 2162/1957/1821 2220/2015/1859
f 2165/1960/1807 2162/1957/1821 2221/2016/1860
f 2222/2017/1857 2165/1960/1807 2221/2016/1860
f 2215/2010/1855 2214/2009/1854 2223/2018/1861
f 2214/2009/1854 2224/2019/1862 2223/2018/1861
f 2214/2009/1854 2216/2011/1856 2224/2019/1862
f 2216/2011/1856 2225/2020/1863 2224/2019/1862
f 2216/2011/1856 2217/2012/1857 2225/2020/1863
f 2217/2012/1857 2226/2021/1864 2225/2020/1863
f 2227/2022/1865 2222/2017/1857 2221/2016/1860
f 2228/2023/1866 2227/2022/1865 2221/2016/1860
f 2221/2016/1860 2220/2015/1859 2228/2023/1866
f 2220/2015/1859 2229/2024/1867 2228/2023/1866
f 2220/2015/1859 2219/2014/1858 2229/2024/1867
f 2219/2014/1858 2230/2025/1868 2229/2024/1867
f 2219/2014/1858 2218/2013/1835 2230/2025/1868
f 2218/2013/1835 2231/2026/1869 2230/2025/1868
f 2215/2010/1855 2223/2018/1861 2231/2026/1869
f 2218/2013/1835 2215/2010/1855 2231/2026/1869
f 1889/1700/1575 2233/2027/1870 2232/2028/1565
f 1888/1701/1576 1889/1700/1575 2232/2028/1565
f 2232/2028/1565 1870/1682/1556 1888/1701/1576
f 1870/1682/1556 1869/1681/1555 1888/1701/1576
f 2233/2027/1870 1889/1700/1575 2234/2029/1871
f 1889/1700/1575 2235/2030/1872 2234/2029/1871
f 1889/1700/1575 1890/1699/1574 2235/2030/1872
f 1890/1699/1574 2236/2031/1873 2235/2030/1872
f 2236/2031/1873 1890/1699/1574 2237/2032/1874
f 1890/1699/1574 1893/1704/1579 2237/2032/1874
f 2236/2031/1873 2237/2032/1874 2238/2033/1875
f 2239/2034/1876 2236/2031/1873 2238/2033/1875
f 2239/2034/1876 2238/2033/1875 1946/1757/1630
f 1946/1757/1630 2238/2033/1875 1942/1753/1626
f 2238/2033/1875 2240/2035/1877 1942/1753/1626
f 2240/2035/1877 2238/2033/1875 2237/2032/1874
f 1942/1753/1626 2240/2035/1877 1940/1751/1624
f 2240/2035/1877 1935/1746/1619 1940/1751/1624
f 1948/1759/1632 2239/2034/1876 1946/1757/1630
f 1960/1771/1642 2239/2034/1876 1948/1759/1632
f 1960/1771/1642 2235/2030/1872 2236/2031/1873
f 2239/2034/1876 1960/1771/1642 2236/2031/1873
f 2241/2036/1878 2240/2035/1877 2237/2032/1874
f 2240/2035/1877 2241/2036/1878 1935/1746/1619
f 2241/2036/1878 1932/1743/1616 1935/1746/1619
f 1932/1743/1616 2241/2036/1878 2242/2037/1879
f 1933/1744/1617 1932/1743/1616 2242/2037/1879
f 2242/2037/1879 1915/1726/1600 1933/1744/1617
f 1915/1726/1600 2242/2037/1879 2243/2038/1880
f 2243/2038/1880 1909/1720/1594 1915/1726/1600
f 1901/1712/1587 1909/1720/1594 2243/2038/1880
f 1905/1716/654 1901/1712/1587 2243/2038/1880
f 1905/1716/654 2243/2038/1880 2244/2039/1881
f 2242/2037/1879 2244/2039/1881 2243/2038/1880
f 2242/2037/1879 2241/2036/1878 2244/2039/1881
f 1907/1718/1592 1905/1716/654 2244/2039/1881
f 1915/1726/1600 1914/1725/1599 1933/1744/1617
f 2241/2036/1878 2237/2032/1874 2244/2039/1881
f 1893/1704/1579 1907/1718/1592 2244/2039/1881
f 2237/2032/1874 1893/1704/1579 2244/2039/1881
f 1960/1771/1642 1961/1772/1643 2235/2030/1872
f 1961/1772/1643 2234/2029/1871 2235/2030/1872
f 2245/2040/1882 2193/1988/1843 2191/1986/1841
f 2246/2041/1883 2245/2040/1882 2191/1986/1841
f 2246/2041/1883 2191/1986/1841 2189/1984/1839
f 2199/1994/1709 2246/2041/1883 2189/1984/1839
f 2247/2042/1804 2124/1919/1790 2120/1915/1786
f 2250/2043/1884 2249/2044/1885 2248/2045/1886
f 2251/2046/1887 2250/2043/1884 2248/2045/1886
f 2250/2043/1884 2252/2047/1888 2249/2044/1885
f 2252/2047/1888 2253/2048/1625 2249/2044/1885
f 2252/2047/1888 2254/2049/1889 2253/2048/1625
f 2254/2049/1889 2255/2050/1890 2253/2048/1625
f 2254/2049/1889 2256/2051/1891 2255/2050/1890
f 2256/2051/1891 2257/2052/1892 2255/2050/1890
f 2256/2051/1891 2258/2053/1893 2257/2052/1892
f 2258/2053/1893 2259/2054/1633 2257/2052/1892
f 2258/2053/1893 2260/2055/1894 2259/2054/1633
f 2260/2055/1894 2261/2056/1895 2259/2054/1633
f 2260/2055/1894 2262/2057/1896 2261/2056/1895
f 2262/2057/1896 2263/2058/1637 2261/2056/1895
f 2251/2046/1887 2248/2045/1886 2264/2059/1897
f 2265/2060/1898 2251/2046/1887 2264/2059/1897
f 2265/2060/1898 2264/2059/1897 2266/2061/1899
f 2267/2062/1900 2265/2060/1898 2266/2061/1899
f 2267/2062/1900 2266/2061/1899 2268/2063/1640
f 2269/2064/1901 2267/2062/1900 2268/2063/1640
f 2269/2064/1901 2268/2063/1640 2270/2065/1902
f 2271/2066/1903 2269/2064/1901 2270/2065/1902
f 2258/2053/1893 2272/2067/1904 2260/2055/1894
f 2272/2067/1904 2258/2053/1893 2256/2051/1891
f 2273/2068/1905 2272/2067/1904 2256/2051/1891
f 2271/2066/1903 2274/2069/1906 2269/2064/1901
f 2274/2069/1906 2275/2070/1907 2269/2064/1901
f 2269/2064/1901 2275/2070/1907 2267/2062/1900
f 2275/2070/1907 2276/2071/1908 2267/2062/1900
f 2267/2062/1900 2276/2071/1908 2265/2060/1898
f 2276/2071/1908 2277/2072/1909 2265/2060/1898
f 2265/2060/1898 2277/2072/1909 2251/2046/1887
f 2277/2072/1909 2278/2073/1910 2251/2046/1887
f 2251/2046/1887 2278/2073/1910 2250/2043/1884
f 2278/2073/1910 2279/2074/1911 2250/2043/1884
f 2250/2043/1884 2279/2074/1911 2252/2047/1888
f 2279/2074/1911 2280/2075/1912 2252/2047/1888
f 2252/2047/1888 2280/2075/1912 2254/2049/1889
f 2280/2075/1912 2281/2076/1913 2254/2049/1889
f 2281/2076/1913 2273/2068/1905 2256/2051/1891
f 2254/2049/1889 2281/2076/1913 2256/2051/1891
f 2273/2068/1905 2282/2077/1914 2272/2067/1904
f 2283/2078/1915 2282/2077/1914 2273/2068/1905
f 2281/2076/1913 2283/2078/1915 2273/2068/1905
f 2284/2079/1916 2283/2078/1915 2281/2076/1913
f 2280/2075/1912 2284/2079/1916 2281/2076/1913
f 2285/2080/1917 2284/2079/1916 2280/2075/1912
f 2279/2074/1911 2285/2080/1917 2280/2075/1912
f 2279/2074/1911 2278/2073/1910 2285/2080/1917
f 2276/2071/1908 2275/2070/1907 2286/2081/1918
f 2287/2082/1919 2276/2071/1908 2286/2081/1918
f 2278/2073/1910 2277/2072/1909 2287/2082/1919
f 2285/2080/1917 2278/2073/1910 2287/2082/1919
f 2277/2072/1909 2276/2071/1908 2287/2082/1919
f 2282/2077/1914 2288/2083/1920 2272/2067/1904
f 2272/2067/1904 2288/2083/1920 2289/2084/1921
f 2272/2067/1904 2289/2084/1921 2260/2055/1894
f 2260/2055/1894 2289/2084/1921 2262/2057/1896
f 2289/2084/1921 2290/2085/1906 2262/2057/1896
f 2288/2083/1920 2291/2086/1922 2289/2084/1921
f 2289/2084/1921 2291/2086/1922 2290/2085/1906
f 2291/2086/1922 2292/2087/1918 2290/2085/1906
f 2275/2070/1907 2274/2069/1906 2286/2081/1918
f 2295/2088/1923 2294/2089/1924 2293/2090/1924
f 2296/2091/1923 2295/2088/1923 2293/2090/1924
f 2293/2090/1924 2294/2089/1924 2297/2092/1925
f 2294/2089/1924 2298/2093/1926 2297/2092/1925
f 2294/2089/1924 2295/2088/1923 2299/2094/1927
f 2295/2088/1923 2300/2095/1928 2299/2094/1927
f 2294/2089/1924 2299/2094/1927 2301/2096/1929
f 2298/2093/1926 2294/2089/1924 2301/2096/1929
f 2301/2096/1929 2302/2097/1930 2298/2093/1926
f 2302/2097/1930 2303/2098/1931 2298/2093/1926
f 2302/2097/1930 2304/2099/1932 2303/2098/1931
f 2304/2099/1932 2305/2100/1932 2303/2098/1931
f 2304/2099/1932 2306/2101/1933 2305/2100/1932
f 2306/2101/1933 2307/2102/1933 2305/2100/1932
f 2305/2100/1932 2307/2102/1933 2308/2103/1934
f 2308/2103/1934 2307/2102/1933 2309/2104/1935
f 2307/2102/1933 2310/2105/1936 2309/2104/1935
f 2309/2104/1935 2310/2105/1936 2311/2106/1937
f 2310/2105/1936 2312/2107/1938 2311/2106/1937
f 2313/2108/1932 2305/2100/1932 2308/2103/1934
f 2303/2098/1931 2305/2100/1932 2313/2108/1932
f 2314/2109/1928 2311/2106/1937 2312/2107/1938
f 2315/2110/1939 2314/2109/1928 2312/2107/1938
f 2307/2102/1933 2306/2101/1933 2316/2111/1940
f 2310/2105/1936 2307/2102/1933 2316/2111/1940
f 2317/2112/1938 2312/2107/1938 2310/2105/1936
f 2316/2111/1940 2317/2112/1938 2310/2105/1936
f 2315/2110/1939 2312/2107/1938 2317/2112/1938
f 2318/2113/1928 2315/2110/1939 2317/2112/1938
f 2304/2099/1932 2319/2114/1932 2306/2101/1933
f 2319/2114/1932 2320/2115/1941 2306/2101/1933
f 2306/2101/1933 2320/2115/1941 2321/2116/1940
f 2316/2111/1940 2306/2101/1933 2321/2116/1940
f 2316/2111/1940 2321/2116/1940 2317/2112/1938
f 2321/2116/1940 2322/2117/1942 2317/2112/1938
f 2317/2112/1938 2322/2117/1942 2323/2118/1943
f 2318/2113/1928 2317/2112/1938 2323/2118/1943
f 2323/2118/1943 2322/2117/1942 2324/2119/1944
f 2325/2120/1943 2323/2118/1943 2324/2119/1944
f 2326/2121/1945 2325/2120/1943 2324/2119/1944
f 2327/2122/1946 2326/2121/1945 2324/2119/1944
f 2326/2121/1945 2327/2122/1946 2328/2123/1947
f 2329/2124/1948 2328/2123/1947 2327/2122/1946
f 2330/2125/1949 2329/2124/1948 2327/2122/1946
f 2331/2126/1941 2329/2124/1948 2330/2125/1949
f 2332/2127/1950 2331/2126/1941 2330/2125/1949
f 2333/2128/1951 2331/2126/1941 2332/2127/1950
f 2334/2129/1952 2333/2128/1951 2332/2127/1950
f 2335/2130/1928 2326/2121/1945 2328/2123/1947
f 2336/2131/1953 2333/2128/1951 2334/2129/1952
f 2337/2132/1954 2336/2131/1953 2334/2129/1952
f 2338/2133/1955 2336/2131/1953 2337/2132/1954
f 2339/2134/1956 2338/2133/1955 2337/2132/1954
f 2340/2135/1957 2338/2133/1955 2339/2134/1956
f 2341/2136/1958 2340/2135/1957 2339/2134/1956
f 2342/2137/1923 2340/2135/1957 2341/2136/1958
f 2343/2138/1959 2342/2137/1923 2341/2136/1958
f 2333/2128/1951 2344/2139/1288 2331/2126/1941
f 2344/2139/1288 2345/2140/1727 2331/2126/1941
f 2331/2126/1941 2345/2140/1727 2346/2141/1960
f 2329/2124/1948 2331/2126/1941 2346/2141/1960
f 2329/2124/1948 2346/2141/1960 2347/2142/1745
f 2328/2123/1947 2329/2124/1948 2347/2142/1745
f 2338/2133/1955 2348/2143/1961 2336/2131/1953
f 2348/2143/1961 2349/2144/1962 2336/2131/1953
f 2349/2144/1962 2344/2139/1288 2333/2128/1951
f 2336/2131/1953 2349/2144/1962 2333/2128/1951
f 2347/2142/1745 2350/2145/380 2328/2123/1947
f 2350/2145/380 2335/2130/1928 2328/2123/1947
f 2342/2137/1923 2351/2146/380 2340/2135/1957
f 2343/2138/1959 2341/2136/1958 2352/2147/1963
f 2341/2136/1958 2353/2148/1964 2352/2147/1963
f 2341/2136/1958 2339/2134/1956 2353/2148/1964
f 2339/2134/1956 2354/2149/1926 2353/2148/1964
f 2339/2134/1956 2337/2132/1954 2354/2149/1926
f 2337/2132/1954 2355/2150/1965 2354/2149/1926
f 2337/2132/1954 2334/2129/1952 2355/2150/1965
f 2334/2129/1952 2356/2151/1932 2355/2150/1965
f 2334/2129/1952 2332/2127/1950 2356/2151/1932
f 2332/2127/1950 2357/2152/1966 2356/2151/1932
f 2332/2127/1950 2330/2125/1949 2357/2152/1966
f 2330/2125/1949 2358/2153/1967 2357/2152/1966
f 2330/2125/1949 2327/2122/1946 2358/2153/1967
f 2327/2122/1946 2324/2119/1944 2358/2153/1967
f 2354/2149/1926 2355/2150/1965 2359/2154/1968
f 2360/2155/1969 2354/2149/1926 2359/2154/1968
f 2353/2148/1964 2354/2149/1926 2360/2155/1969
f 2360/2155/1969 2359/2154/1968 2301/2096/1929
f 2301/2096/1929 2299/2094/1927 2360/2155/1969
f 2299/2094/1927 2361/2156/1970 2360/2155/1969
f 2299/2094/1927 2300/2095/1928 2361/2156/1970
f 2300/2095/1928 2362/2157/1963 2361/2156/1970
f 2359/2154/1968 2302/2097/1930 2301/2096/1929
f 2302/2097/1930 2359/2154/1968 2304/2099/1932
f 2359/2154/1968 2319/2114/1932 2304/2099/1932
f 2361/2156/1970 2353/2148/1964 2360/2155/1969
f 2352/2147/1963 2353/2148/1964 2361/2156/1970
f 2362/2157/1963 2352/2147/1963 2361/2156/1970
f 2358/2153/1967 2324/2119/1944 2322/2117/1942
f 2321/2116/1940 2358/2153/1967 2322/2117/1942
f 2359/2154/1968 2355/2150/1965 2319/2114/1932
f 2355/2150/1965 2356/2151/1932 2319/2114/1932
f 2319/2114/1932 2356/2151/1932 2320/2115/1941
f 2320/2115/1941 2357/2152/1966 2321/2116/1940
f 2356/2151/1932 2357/2152/1966 2320/2115/1941
f 2357/2152/1966 2358/2153/1967 2321/2116/1940
f 2298/2093/1926 2303/2098/1931 2363/2158/1971
f 2297/2092/1925 2298/2093/1926 2363/2158/1971
f 2363/2158/1971 2303/2098/1931 2313/2108/1932
f 2297/2092/1925 2363/2158/1971 2364/2159/1969
f 2363/2158/1971 2365/2160/1972 2364/2159/1969
f 2363/2158/1971 2313/2108/1932 2365/2160/1972
f 2297/2092/1925 2364/2159/1969 2366/2161/1973
f 2293/2090/1924 2297/2092/1925 2366/2161/1973
f 2293/2090/1924 2366/2161/1973 2367/2162/1974
f 2296/2091/1923 2293/2090/1924 2367/2162/1974
f 2313/2108/1932 2368/2163/1951 2365/2160/1972
f 2313/2108/1932 2308/2103/1934 2368/2163/1951
f 2308/2103/1934 2369/2164/1975 2368/2163/1951
f 2308/2103/1934 2309/2104/1935 2369/2164/1975
f 2309/2104/1935 2370/2165/1976 2369/2164/1975
f 2309/2104/1935 2311/2106/1937 2370/2165/1976
f 2311/2106/1937 2371/2166/1977 2370/2165/1976
f 2311/2106/1937 2314/2109/1928 2371/2166/1977
f 2314/2109/1928 2372/2167/1974 2371/2166/1977
f 2364/2159/1969 2365/2160/1972 2373/2168/1978
f 2374/2169/1979 2364/2159/1969 2373/2168/1978
f 2366/2161/1973 2364/2159/1969 2374/2169/1979
f 2375/2170/1980 2366/2161/1973 2374/2169/1979
f 2367/2162/1974 2366/2161/1973 2375/2170/1980
f 2376/2171/1981 2367/2162/1974 2375/2170/1980
f 2372/2167/1974 2377/2172/1982 2371/2166/1977
f 2377/2172/1982 2378/2173/1983 2371/2166/1977
f 2370/2165/1976 2371/2166/1977 2378/2173/1983
f 2379/2174/1984 2370/2165/1976 2378/2173/1983
f 2369/2164/1975 2370/2165/1976 2379/2174/1984
f 2380/2175/1985 2369/2164/1975 2379/2174/1984
f 2368/2163/1951 2369/2164/1975 2380/2175/1985
f 2381/2176/1986 2368/2163/1951 2380/2175/1985
f 2365/2160/1972 2368/2163/1951 2381/2176/1986
f 2373/2168/1978 2365/2160/1972 2381/2176/1986
f 2351/2146/380 2382/2177/1748 2340/2135/1957
f 2340/2135/1957 2382/2177/1748 2338/2133/1955
f 2382/2177/1748 2348/2143/1961 2338/2133/1955
f 2385/2178/1987 2384/2179/1988 2383/2180/1989
f 2386/2181/1990 2385/2178/1987 2383/2180/1989
f 2386/2181/1990 2383/2180/1989 2387/2182/1991
f 2383/2180/1989 2388/2183/290 2387/2182/1991
f 2387/2182/1991 2388/2183/290 2389/2184/1992
f 2388/2183/290 2390/2185/1993 2389/2184/1992
f 2391/2186/1262 2385/2178/1987 2386/2181/1990
f 2387/2182/1991 2389/2184/1992 2392/2187/1994
f 2393/2188/1995 2387/2182/1991 2392/2187/1994
f 2386/2181/1990 2387/2182/1991 2393/2188/1995
f 2394/2189/1996 2386/2181/1990 2393/2188/1995
f 2394/2189/1996 2395/2186/1262 2386/2181/1990
f 2396/2190/1997 2395/2186/1262 2394/2189/1996
f 2397/2191/1998 2396/2190/1997 2394/2189/1996
f 2396/2190/1997 2398/2192/1999 2395/2186/1262
f 2398/2192/1999 2399/2193/2000 2395/2186/1262
f 2400/2194/2001 2399/2193/2000 2398/2192/1999
f 2400/2194/2001 2401/2195/2002 2399/2193/2000
f 2401/2195/2002 2402/2196/2003 2399/2193/2000
f 2401/2195/2002 2403/2197/2004 2402/2196/2003
f 2403/2197/2004 2404/2198/2005 2402/2196/2003
f 2402/2196/2003 2404/2198/2005 2405/2199/1988
f 2406/2200/2006 2402/2196/2003 2405/2199/1988
f 2399/2193/2000 2402/2196/2003 2406/2200/2006
f 2407/2186/1262 2399/2193/2000 2406/2200/2006
f 2408/2201/2007 2400/2194/2001 2398/2192/1999
f 2394/2189/1996 2393/2188/1995 2409/2202/2008
f 2397/2191/1998 2394/2189/1996 2409/2202/2008
f 2396/2190/1997 2397/2191/1998 2409/2202/2008
f 2409/2202/2008 2393/2188/1995 2410/2203/2009
f 2393/2188/1995 2392/2187/1994 2410/2203/2009
f 2409/2202/2008 2410/2203/2009 2411/2204/2010
f 2412/2205/2011 2409/2202/2008 2411/2204/2010
f 2408/2201/2007 2412/2205/2011 2411/2204/2010
f 2412/2205/2011 2396/2190/1997 2409/2202/2008
f 2398/2192/1999 2396/2190/1997 2412/2205/2011
f 2408/2201/2007 2398/2192/1999 2412/2205/2011
f 2413/2206/2012 2408/2201/2007 2411/2204/2010
f 2413/2206/2012 2414/2207/2013 2408/2201/2007
f 2414/2207/2013 2400/2194/2001 2408/2201/2007
f 2414/2207/2013 2415/2208/2014 2400/2194/2001
f 2415/2208/2014 2401/2195/2002 2400/2194/2001
f 2401/2195/2002 2415/2208/2014 2403/2197/2004
f 2415/2208/2014 2416/2209/2015 2403/2197/2004
f 2416/2209/2015 2418/2208/2016 2417/2210/2017
f 2418/2208/2016 2419/2211/2018 2417/2210/2017
f 2417/2210/2017 2419/2211/2018 2420/2212/2019
f 2421/2213/2020 2417/2210/2017 2420/2212/2019
f 2421/2213/2020 2420/2212/2019 2422/2214/2021
f 2420/2212/2019 2423/2215/2022 2422/2214/2021
f 2420/2212/2019 2424/2216/2023 2423/2215/2022
f 2420/2212/2019 2419/2211/2018 2424/2216/2023
f 2424/2216/2023 2425/2217/793 2423/2215/2022
f 2419/2211/2018 2426/2218/2024 2424/2216/2023
f 2419/2211/2018 2418/2208/2016 2426/2218/2024
f 2424/2216/2023 2426/2218/2024 2427/2219/2025
f 2424/2216/2023 2427/2219/2025 2428/2217/793
f 2427/2219/2025 2429/2220/2026 2428/2217/793
f 2428/2217/793 2429/2220/2026 2430/2221/2027
f 2428/2217/793 2430/2221/2027 2431/2222/2028
f 2431/2222/2028 2430/2221/2027 2432/2223/2029
f 2433/2224/31 2431/2222/2028 2432/2223/2029
f 2434/2225/2030 2431/2222/2028 2433/2224/31
f 2435/2226/2031 2431/2222/2028 2434/2225/2030
f 2436/2227/2032 2435/2226/2031 2434/2225/2030
f 2437/2228/101 2434/2225/2030 2433/2224/31
f 2437/2228/101 2433/2224/31 2438/2184/2033
f 2439/2185/2034 2437/2228/101 2438/2184/2033
f 2435/2226/2031 2440/2217/793 2431/2222/2028
f 2433/2224/31 2432/2223/2029 2441/2187/2035
f 2438/2184/2033 2433/2224/31 2441/2187/2035
f 2429/2220/2026 2442/2229/2036 2430/2221/2027
f 2441/2187/2035 2432/2223/2029 2443/2203/2037
f 2432/2223/2029 2444/2230/2038 2443/2203/2037
f 2430/2221/2027 2442/2229/2036 2444/2230/2038
f 2432/2223/2029 2430/2221/2027 2444/2230/2038
f 2442/2229/2036 2429/2220/2026 2444/2230/2038
f 2429/2220/2026 2445/2231/2039 2444/2230/2038
f 2444/2230/2038 2445/2231/2039 2446/2204/2040
f 2443/2203/2037 2444/2230/2038 2446/2204/2040
f 2429/2220/2026 2427/2219/2025 2445/2231/2039
f 2427/2219/2025 2447/2232/2041 2445/2231/2039
f 2445/2231/2039 2447/2232/2041 2446/2204/2040
f 2426/2218/2024 2447/2232/2041 2427/2219/2025
f 2426/2218/2024 2448/2207/2042 2447/2232/2041
f 2418/2208/2016 2448/2207/2042 2426/2218/2024
f 2448/2207/2042 2449/2206/2043 2447/2232/2041
f 2447/2232/2041 2449/2206/2043 2446/2204/2040
f 2452/2233/2044 2451/2234/2045 2450/2235/2046
f 2453/2236/2047 2451/2234/2045 2452/2233/2044
f 2454/2237/2048 2451/2234/2045 2453/2236/2047
f 2455/2238/2049 2451/2234/2045 2454/2237/2048
f 2456/2239/2050 2451/2234/2045 2455/2238/2049
f 2457/2240/2051 2451/2234/2045 2456/2239/2050
f 2458/2241/2052 2451/2234/2045 2457/2240/2051
f 2459/2242/2053 2451/2234/2045 2458/2241/2052
f 2460/2243/2054 2451/2234/2045 2459/2242/2053
f 2450/2235/2046 2451/2234/2045 2460/2243/2054
f 2450/2235/2046 2461/2244/2055 2452/2233/2044
f 2461/2244/2055 2462/2245/2056 2452/2233/2044
f 2452/2233/2044 2462/2245/2056 2453/2236/2047
f 2462/2245/2056 2463/2246/2057 2453/2236/2047
f 2453/2236/2047 2463/2246/2057 2454/2237/2048
f 2463/2246/2057 2464/2247/2058 2454/2237/2048
f 2456/2239/2050 2465/2248/2059 2457/2240/2051
f 2465/2248/2059 2466/2249/2060 2457/2240/2051
f 2457/2240/2051 2466/2249/2060 2458/2241/2052
f 2466/2249/2060 2467/2250/2061 2458/2241/2052
f 2458/2241/2052 2467/2250/2061 2459/2242/2053
f 2467/2250/2061 2468/2251/2062 2459/2242/2053
f 2459/2242/2053 2468/2251/2062 2469/2243/2063
f 2462/2245/2056 2470/2252/2064 2463/2246/2057
f 2471/2253/2065 2470/2252/2064 2462/2245/2056
f 2472/2244/2055 2471/2253/2065 2462/2245/2056
f 2470/2252/2064 2473/2254/2066 2463/2246/2057
f 2473/2254/2066 2474/2255/2067 2464/2247/2068
f 2463/2246/2057 2473/2254/2066 2475/2247/2069
f 2475/2247/2069 2474/2255/2067 2476/2256/2070
f 2474/2255/2067 2477/2257/2071 2476/2256/2070
f 2476/2256/2070 2477/2257/2071 2478/2248/2072
f 2477/2257/2071 2479/2258/2073 2478/2248/2072
f 2478/2248/2072 2479/2258/2073 2466/2249/2060
f 2479/2258/2073 2480/2259/2074 2466/2249/2060
f 2466/2249/2060 2480/2259/2074 2467/2250/2061
f 2480/2259/2074 2481/2260/2075 2467/2250/2061
f 2481/2260/2075 2482/2261/2076 2468/2251/2077
f 2467/2250/2061 2481/2260/2075 2483/2251/2078
f 2484/2262/2079 2471/2253/2065 2472/2244/2055
f 2482/2261/2076 2484/2262/2079 2485/2263/2080
f 2485/2263/2080 2484/2262/2079 2472/2244/2055
f 2468/2251/2077 2482/2261/2076 2485/2263/2080
f 2474/2255/2067 2473/2254/2066 2486/2264/2081
f 2487/2265/2082 2474/2255/2067 2486/2264/2081
f 2477/2257/2071 2474/2255/2067 2487/2265/2082
f 2484/2262/2079 2482/2261/2076 2488/2266/2083
f 2482/2261/2076 2481/2260/2075 2489/2267/2084
f 2488/2266/2083 2482/2261/2076 2489/2267/2084
f 2481/2260/2075 2480/2259/2074 2490/2268/2085
f 2489/2267/2084 2481/2260/2075 2490/2268/2085
f 2480/2259/2074 2479/2258/2073 2491/2269/2086
f 2492/2268/2087 2480/2259/2074 2491/2269/2086
f 2486/2264/2081 2493/2270/2088 2487/2265/2082
f 2489/2267/2084 2494/2271/2089 2488/2266/2083
f 2490/2268/2085 2495/2272/2090 2489/2267/2084
f 2495/2272/2090 2496/2271/2091 2489/2267/2084
f 2497/2273/2092 2495/2272/2090 2492/2268/2093
f 2486/2264/2081 2473/2254/2066 2498/2274/2094
f 2473/2254/2066 2470/2252/2064 2498/2274/2094
f 2498/2274/2094 2499/2275/2095 2486/2264/2081
f 2499/2275/2095 2500/2270/2088 2486/2264/2081
f 2470/2252/2064 2471/2253/2065 2501/2276/2096
f 2502/2274/2094 2470/2252/2064 2501/2276/2096
f 2503/2277/2097 2499/2275/2095 2502/2274/2098
f 2471/2253/2065 2484/2262/2079 2504/2278/2099
f 2506/2276/2100 2471/2253/2101 2505/2278/2099
f 2506/2276/2100 2503/2277/2097 2507/2274/2094
f 2508/2279/2102 2503/2277/2097 2506/2276/2100
f 2504/2278/2099 2508/2279/2103 2509/2276/2100
f 2510/2280/2104 2508/2279/2103 2504/2278/2099
f 2488/2266/2105 2510/2280/2104 2504/2278/2099
f 2504/2278/2099 2511/2262/2106 2488/2266/2105
f 2512/2271/2089 2510/2280/2104 2488/2266/2105
f 2515/2247/2107 2514/2256/2108 2513/2238/2049
f 2513/2238/2049 2514/2256/2108 2516/2239/2050
f 2514/2256/2109 2517/2248/2059 2456/2239/2050
f 2454/2237/2110 2519/2247/2058 2518/2238/2111
f 2522/2251/2062 2521/2263/2112 2520/2243/2113
f 2520/2243/2113 2521/2263/2112 2523/2235/2114
f 2521/2263/2112 2524/2244/2115 2523/2235/2114
f 2479/2258/2073 2477/2257/2071 2525/2281/2116
f 2525/2281/2116 2477/2257/2071 2487/2265/2082
f 2487/2265/2082 2526/2282/2117 2525/2281/2116
f 2527/2270/2088 2526/2282/2117 2487/2265/2082
f 2526/2282/2117 2528/2283/2118 2525/2281/2116
f 2525/2281/2116 2528/2283/2118 2529/2269/2119
f 2531/2269/2120 2479/2258/2073 2530/2281/2121
f 2528/2283/2122 2497/2273/2092 2531/2269/2119
f 2531/2269/2119 2497/2273/2092 2532/2268/2123
f 2535/2284/2124 2534/2285/2125 2533/2286/2126
f 2535/2284/2124 2536/2287/2127 2534/2285/2125
f 2535/2284/2124 2537/2288/2128 2536/2287/2127
f 2535/2284/2124 2538/2289/2129 2537/2288/2128
f 2535/2284/2124 2539/2290/2130 2538/2289/2129
f 2535/2284/2124 2540/2291/2131 2539/2290/2130
f 2535/2284/2124 2541/2292/2132 2540/2291/2131
f 2535/2284/2124 2542/2293/2133 2541/2292/2132
f 2535/2284/2124 2543/2294/2134 2542/2293/2133
f 2535/2284/2124 2533/2286/2126 2543/2294/2134
f 2544/2295/2135 2533/2286/2126 2534/2285/2125
f 2545/2296/2136 2544/2295/2135 2534/2285/2125
f 2545/2296/2136 2534/2285/2125 2536/2287/2127
f 2546/2297/2137 2545/2296/2136 2536/2287/2127
f 2546/2297/2137 2536/2287/2127 2537/2288/2128
f 2547/2298/2138 2546/2297/2137 2537/2288/2128
f 2548/2299/2139 2539/2290/2130 2540/2291/2131
f 2549/2300/2140 2548/2299/2139 2540/2291/2131
f 2549/2300/2140 2540/2291/2131 2541/2292/2132
f 2550/2301/2141 2549/2300/2140 2541/2292/2132
f 2550/2301/2141 2541/2292/2132 2542/2293/2133
f 2551/2302/2142 2550/2301/2141 2542/2293/2133
f 2551/2302/2142 2542/2293/2133 2552/2294/2143
f 2553/2303/2144 2545/2296/2136 2546/2297/2137
f 2553/2303/2144 2554/2304/2145 2545/2296/2136
f 2554/2304/2145 2555/2295/2146 2545/2296/2136
f 2556/2305/2147 2553/2303/2144 2546/2297/2137
f 2556/2305/2147 2546/2297/2137 2557/2298/2148
f 2558/2306/2149 2556/2305/2147 2547/2298/2150
f 2558/2306/2149 2557/2298/2148 2559/2307/2151
f 2560/2308/2152 2558/2306/2149 2559/2307/2151
f 2560/2308/2152 2559/2307/2151 2561/2299/2153
f 2562/2309/2154 2560/2308/2152 2561/2299/2153
f 2562/2309/2154 2561/2299/2153 2549/2300/2140
f 2563/2310/2155 2562/2309/2154 2549/2300/2140
f 2563/2310/2155 2549/2300/2140 2550/2301/2141
f 2564/2311/2156 2563/2310/2155 2550/2301/2141
f 2564/2311/2156 2550/2301/2141 2565/2302/2142
f 2566/2312/2157 2564/2311/2156 2551/2302/2158
f 2566/2312/2157 2551/2302/2158 2567/2313/2159
f 2568/2314/2160 2566/2312/2157 2567/2313/2159
f 2568/2314/2160 2567/2313/2159 2555/2295/2146
f 2554/2304/2145 2568/2314/2160 2555/2295/2146
f 2556/2305/2147 2558/2306/2149 2569/2315/2161
f 2558/2306/2149 2570/2316/2162 2569/2315/2161
f 2558/2306/2149 2560/2308/2152 2570/2316/2162
f 2556/2305/2147 2569/2315/2161 2571/2317/2163
f 2553/2303/2144 2556/2305/2147 2571/2317/2163
f 2564/2311/2156 2566/2312/2157 2572/2318/2164
f 2566/2312/2157 2573/2319/2165 2572/2318/2164
f 2566/2312/2157 2574/2314/2160 2573/2319/2165
f 2574/2314/2160 2575/2320/2166 2573/2319/2165
f 2568/2314/2160 2554/2304/2145 2575/2320/2166
f 2554/2304/2145 2553/2303/2144 2576/2321/2167
f 2553/2303/2144 2577/2317/2168 2576/2321/2167
f 2578/2322/2169 2569/2315/2161 2570/2316/2162
f 2579/2323/2170 2571/2317/2163 2569/2315/2161
f 2580/2322/2169 2579/2323/2170 2569/2315/2161
f 2579/2323/2170 2581/2324/2171 2577/2317/2172
f 2582/2325/2173 2573/2319/2165 2575/2320/2166
f 2583/2326/2174 2582/2325/2173 2575/2320/2166
f 2583/2326/2174 2575/2320/2166 2584/2321/2175
f 2581/2324/2176 2583/2326/2177 2585/2321/2175
f 2554/2304/2178 2585/2321/2175 2586/2320/2166
f 2581/2324/2176 2585/2321/2175 2587/2317/2172
f 2582/2325/2173 2588/2327/2179 2573/2319/2165
f 2590/2298/2180 2537/2288/2181 2589/2289/2182
f 2593/2307/2183 2592/2298/2180 2591/2289/2129
f 2593/2307/2183 2591/2289/2129 2594/2290/2130
f 2595/2299/2184 2593/2307/2185 2539/2290/2130
f 2598/2313/2159 2597/2302/2186 2596/2294/2187
f 2598/2313/2159 2596/2294/2187 2599/2286/2188
f 2600/2295/2189 2598/2313/2159 2599/2286/2188
f 2564/2311/2156 2572/2318/2164 2601/2328/2190
f 2563/2310/2155 2564/2311/2156 2601/2328/2190
f 2602/2329/2191 2601/2328/2190 2572/2318/2164
f 2603/2327/2192 2602/2329/2191 2572/2318/2164
f 2563/2310/2155 2605/2328/2193 2604/2330/2194
f 2562/2309/2154 2563/2310/2155 2604/2330/2194
f 2602/2329/2191 2606/2331/2195 2605/2328/2196
f 2562/2309/2197 2608/2330/2198 2607/2332/2199
f 2606/2331/2195 2608/2330/2200 2609/2328/2201
f 2606/2331/2195 2610/2333/2202 2608/2330/2200
f 2560/2308/2152 2562/2309/2154 2611/2332/2199
f 2560/2308/2152 2611/2332/2199 2570/2316/2162
f 2610/2333/2203 2611/2332/2199 2612/2330/2204
f 2613/2334/2205 2570/2316/2162 2611/2332/2199
f 2610/2333/2203 2613/2334/2205 2611/2332/2199
f 2613/2334/2205 2614/2322/2169 2570/2316/2162
f 2615/2327/2179 2572/2318/2164 2573/2319/2165
f 2618/2335/2206 2617/2336/2207 2616/2337/2208
f 2616/2337/2208 2617/2336/2207 2619/2338/2209
f 2619/2338/2209 2617/2336/2207 2620/2339/2210
f 2620/2339/2210 2617/2336/2207 2621/2340/2211
f 2621/2340/2211 2617/2336/2207 2622/2341/2212
f 2622/2341/2212 2617/2336/2207 2623/2342/2213
f 2623/2342/2213 2617/2336/2207 2624/2343/2214
f 2624/2343/2214 2617/2336/2207 2625/2344/2215
f 2625/2344/2215 2617/2336/2207 2626/2345/2216
f 2626/2345/2216 2617/2336/2207 2618/2335/2206
f 2629/2346/2217 2628/2347/2218 2627/2348/2219
f 2629/2346/2217 2627/2348/2219 2630/2349/2220
f 2629/2346/2217 2630/2349/2220 2631/2350/2221
f 2629/2346/2217 2631/2350/2221 2632/2351/2222
f 2629/2346/2217 2632/2351/2222 2633/2352/2223
f 2629/2346/2217 2633/2352/2223 2634/2353/2224
f 2629/2346/2217 2634/2353/2224 2635/2354/2225
f 2629/2346/2217 2635/2354/2225 2636/2355/2226
f 2629/2346/2217 2636/2355/2226 2637/2356/2227
f 2629/2346/2217 2637/2356/2227 2628/2347/2218
f 2640/2357/2228 2639/2358/2229 2638/2359/2230
f 2641/2360/2231 2640/2357/2228 2638/2359/2230
f 2642/2361/2232 2640/2357/2228 2641/2360/2231
f 2643/2362/2233 2642/2361/2232 2641/2360/2231
f 2644/2363/2234 2642/2361/2232 2643/2362/2233
f 2638/2359/2230 2639/2358/2229 2645/2364/2235
f 2639/2358/2229 2646/2365/2236 2645/2364/2235
f 2645/2364/2235 2646/2365/2236 2647/2366/2237
f 2649/2367/2238 2644/2363/2234 2648/2368/2239
f 2650/2369/2240 2649/2367/2238 2648/2368/2239
f 2648/2368/2239 2644/2363/2234 2651/2362/2233
f 2651/2362/2233 2652/2370/2241 2648/2368/2239
f 2652/2370/2241 2653/2371/2242 2648/2368/2239
f 2654/2372/2243 2650/2369/2240 2648/2368/2239
f 2653/2371/2242 2654/2372/2243 2648/2368/2239
f 2655/2373/2244 2654/2372/2243 2653/2371/2242
f 2654/2372/2243 2655/2373/2244 2650/2369/2240
f 2656/2374/2245 2655/2373/2244 2653/2371/2242
f 2653/2371/2242 2652/2370/2241 2656/2374/2245
f 2652/2370/2241 2657/2375/2246 2656/2374/2245
f 2656/2374/2245 2657/2375/2246 2658/2376/2247
f 2657/2375/2246 2659/2377/2248 2658/2376/2247
f 2659/2377/2248 2657/2375/2246 2660/2360/2249
f 2660/2360/2249 2657/2375/2246 2652/2370/2241
f 2651/2362/2233 2660/2360/2249 2652/2370/2241
f 2638/2359/2230 2659/2377/2248 2660/2360/2249
f 2658/2376/2247 2661/2378/2250 2656/2374/2245
f 2661/2378/2250 2662/2379/2251 2656/2374/2245
f 2662/2379/2251 2661/2378/2250 2663/2380/2252
f 2661/2378/2250 2664/2381/2253 2663/2380/2252
f 2661/2378/2250 2658/2376/2247 2664/2381/2253
f 2663/2380/2252 2664/2381/2253 2665/2382/2254
f 2664/2381/2253 2647/2366/2237 2665/2382/2254
f 2656/2374/2245 2662/2379/2251 2666/2383/2255
f 2662/2379/2251 2667/2384/2256 2666/2383/2255
f 2666/2383/2255 2667/2384/2256 2668/2385/2257
f 2667/2384/2256 2669/2386/2258 2668/2385/2257
f 2662/2379/2251 2663/2380/2252 2669/2386/2258
f 2667/2384/2256 2662/2379/2251 2669/2386/2258
f 2668/2385/2257 2669/2386/2258 2670/2387/2259
f 2669/2386/2258 2671/2388/2260 2670/2387/2259
f 2663/2380/2252 2665/2382/2254 2671/2388/2260
f 2669/2386/2258 2663/2380/2252 2671/2388/2260
f 2672/2364/2235 2658/2376/2247 2659/2377/2248
f 2638/2359/2230 2672/2364/2235 2659/2377/2248
f 2664/2381/2253 2672/2364/2235 2647/2366/2237
f 2658/2376/2247 2672/2364/2235 2664/2381/2253
f 2673/2389/2261 2666/2383/2255 2668/2385/2257
f 2666/2383/2255 2673/2389/2261 2656/2374/2245
f 2673/2389/2261 2674/2390/2262 2656/2374/2245
f 2674/2390/2262 2673/2389/2261 2675/2391/2263
f 2675/2391/2263 2673/2389/2261 2668/2385/2257
f 2676/2392/2264 2674/2390/2262 2675/2391/2263
f 2676/2392/2264 2675/2391/2263 2677/2393/2265
f 2675/2391/2263 2678/2394/2266 2677/2393/2265
f 2668/2385/2257 2670/2387/2259 2678/2394/2266
f 2675/2391/2263 2668/2385/2257 2678/2394/2266
f 2656/2374/2245 2674/2390/2262 2679/2395/2267
f 2674/2390/2262 2680/2396/2268 2679/2395/2267
f 2680/2396/2268 2674/2390/2262 2676/2392/2264
f 2679/2395/2267 2680/2396/2268 2681/2397/2269
f 2681/2397/2269 2680/2396/2268 2676/2392/2264
f 2682/2398/2270 2679/2395/2267 2681/2397/2269
f 2679/2395/2267 2683/2399/2271 2656/2374/2245
f 2683/2399/2271 2679/2395/2267 2682/2398/2270
f 2683/2399/2271 2684/2400/2272 2656/2374/2245
f 2684/2400/2272 2683/2399/2271 2685/2401/2273
f 2685/2401/2273 2683/2399/2271 2682/2398/2270
f 2686/2402/2274 2684/2400/2272 2685/2401/2273
f 2656/2374/2245 2684/2400/2272 2687/2403/1880
f 2684/2400/2272 2688/2404/2275 2687/2403/1880
f 2688/2404/2275 2684/2400/2272 2686/2402/2274
f 2687/2403/1880 2688/2404/2275 2689/2405/2276
f 2689/2405/2276 2688/2404/2275 2686/2402/2274
f 2690/2406/2277 2687/2403/1880 2689/2405/2276
f 2676/2392/2264 2677/2393/2265 2691/2407/2278
f 2681/2397/2269 2676/2392/2264 2691/2407/2278
f 2681/2397/2269 2691/2407/2278 2692/2408/2279
f 2693/2398/2280 2681/2397/2269 2692/2408/2279
f 2694/2409/2281 2687/2403/1880 2690/2406/2277
f 2687/2403/1880 2694/2409/2281 2656/2374/2245
f 2694/2409/2281 2695/2410/2282 2656/2374/2245
f 2695/2410/2282 2694/2409/2281 2696/2411/2283
f 2696/2411/2283 2694/2409/2281 2690/2406/2277
f 2697/2412/2284 2695/2410/2282 2696/2411/2283
f 2697/2412/2284 2696/2411/2283 2698/2413/2285
f 2699/2414/2286 2697/2412/2284 2698/2413/2285
f 2656/2374/2245 2695/2410/2282 2700/2415/2287
f 2695/2410/2282 2701/2416/2288 2700/2415/2287
f 2700/2415/2287 2701/2416/2288 2702/2417/2289
f 2701/2416/2288 2703/2418/2290 2702/2417/2289
f 2695/2410/2282 2697/2412/2284 2703/2418/2290
f 2701/2416/2288 2695/2410/2282 2703/2418/2290
f 2703/2418/2290 2704/2419/2291 2702/2417/2289
f 2697/2412/2284 2699/2414/2286 2704/2419/2291
f 2703/2418/2290 2697/2412/2284 2704/2419/2291
f 2704/2419/2291 2705/2420/2292 2702/2417/2289
f 2700/2415/2287 2706/2421/2293 2656/2374/2245
f 2706/2421/2293 2655/2373/2244 2656/2374/2245
f 2655/2373/2244 2706/2421/2293 2707/2422/2294
f 2706/2421/2293 2708/2423/2295 2707/2422/2294
f 2700/2415/2287 2702/2417/2289 2708/2423/2295
f 2706/2421/2293 2700/2415/2287 2708/2423/2295
f 2708/2423/2295 2709/2424/2296 2707/2422/2294
f 2702/2417/2289 2705/2420/2292 2709/2424/2296
f 2708/2423/2295 2702/2417/2289 2709/2424/2296
f 2709/2424/2296 2710/2425/2297 2707/2422/2294
f 2655/2373/2244 2707/2422/2294 2650/2369/2240
f 2707/2422/2294 2710/2425/2297 2649/2367/2238
f 2650/2369/2240 2707/2422/2294 2649/2367/2238
f 2698/2413/2285 2712/2411/2283 2711/2426/2298
f 2712/2411/2283 2713/2406/2299 2711/2426/2298
f 2713/2406/2299 2714/2405/2300 2711/2426/2298
f 2714/2405/2300 2715/2427/2301 2711/2426/2298
f 2714/2405/2300 2716/2402/2302 2715/2427/2301
f 2716/2402/2302 2717/2428/2303 2715/2427/2301
f 2716/2402/2302 2718/2401/2304 2717/2428/2303
f 2718/2401/2304 2719/2429/2305 2717/2428/2303
f 2718/2401/2304 2720/2398/2306 2719/2429/2305
f 2720/2398/2306 2692/2408/2279 2719/2429/2305
f 2723/2430/2285 2722/2431/2307 2721/2432/2308
f 2724/2433/2286 2723/2430/2285 2721/2432/2308
f 2723/2430/2285 2725/2434/2309 2722/2431/2307
f 2725/2434/2309 2726/2435/2310 2722/2431/2307
f 2725/2434/2309 2727/2436/2301 2726/2435/2310
f 2727/2436/2301 2728/2437/2311 2726/2435/2310
f 2726/2435/2310 2728/2437/2311 2729/2438/2312
f 2722/2431/2307 2726/2435/2310 2729/2438/2312
f 2721/2432/2308 2722/2431/2307 2729/2438/2312
f 2728/2437/2311 2730/2439/2313 2729/2438/2312
f 2727/2436/2301 2731/2440/2314 2728/2437/2311
f 2731/2440/2314 2732/2441/2315 2728/2437/2311
f 2728/2437/2311 2732/2441/2315 2730/2439/2313
f 2731/2440/2314 2733/2442/2305 2732/2441/2315
f 2733/2442/2305 2734/2443/2316 2732/2441/2315
f 2732/2441/2315 2734/2443/2316 2730/2439/2313
f 2733/2442/2305 2735/2444/2317 2734/2443/2316
f 2735/2444/2317 2736/2445/2318 2734/2443/2316
f 2734/2443/2316 2736/2445/2318 2730/2439/2313
f 2735/2444/2317 2737/2446/2319 2736/2445/2318
f 2737/2446/2319 2738/2447/2320 2736/2445/2318
f 2736/2445/2318 2738/2447/2320 2739/2448/2321
f 2736/2445/2318 2739/2448/2321 2730/2439/2313
f 2738/2447/2320 2740/2449/2322 2739/2448/2321
f 2740/2449/2322 2741/2450/2323 2739/2448/2321
f 2742/2451/2324 2741/2450/2323 2740/2449/2322
f 2743/2452/2325 2742/2451/2324 2740/2449/2322
f 2743/2452/2325 2740/2449/2322 2738/2447/2320
f 2737/2446/2319 2743/2452/2325 2738/2447/2320
f 2741/2450/2323 2744/2453/2326 2739/2448/2321
f 2742/2451/2324 2745/2454/2259 2741/2450/2323
f 2745/2454/2259 2746/2455/2327 2741/2450/2323
f 2741/2450/2323 2746/2455/2327 2744/2453/2326
f 2747/2456/2328 2746/2455/2327 2745/2454/2259
f 2746/2455/2327 2747/2456/2328 2744/2453/2326
f 2748/2457/2260 2747/2456/2328 2745/2454/2259
f 2748/2457/2260 2749/2458/2329 2747/2456/2328
f 2749/2458/2329 2750/2459/2330 2747/2456/2328
f 2747/2456/2328 2750/2459/2330 2744/2453/2326
f 2751/2460/2331 2750/2459/2330 2749/2458/2329
f 2752/2461/2237 2751/2460/2331 2749/2458/2329
f 2750/2459/2330 2751/2460/2331 2753/2462/2332
f 2750/2459/2330 2753/2462/2332 2744/2453/2326
f 2751/2460/2331 2754/2463/2333 2753/2462/2332
f 2754/2463/2333 2755/2464/2334 2753/2462/2332
f 2755/2464/2334 2756/2465/2335 2753/2462/2332
f 2755/2464/2334 2757/2466/2336 2756/2465/2335
f 2757/2466/2336 2755/2464/2334 2758/2467/2229
f 2759/2468/2337 2757/2466/2336 2758/2467/2229
f 2757/2466/2336 2760/2469/2338 2756/2465/2335
f 2761/2470/2232 2760/2469/2338 2757/2466/2336
f 2759/2468/2337 2761/2470/2232 2757/2466/2336
f 2761/2470/2232 2762/2471/2339 2760/2469/2338
f 2762/2471/2339 2763/2472/2340 2760/2469/2338
f 2760/2469/2338 2763/2472/2340 2756/2465/2335
f 2764/2473/2341 2763/2472/2340 2762/2471/2339
f 2765/2474/2238 2764/2473/2341 2762/2471/2339
f 2755/2464/2334 2754/2463/2333 2766/2475/2342
f 2758/2467/2229 2755/2464/2334 2766/2475/2342
f 2766/2475/2342 2754/2463/2333 2751/2460/2331
f 2752/2461/2237 2766/2475/2342 2751/2460/2331
f 2763/2472/2340 2764/2473/2341 2767/2476/2343
f 2763/2472/2340 2767/2476/2343 2756/2465/2335
f 2764/2473/2341 2768/2477/2344 2767/2476/2343
f 2764/2473/2341 2765/2474/2238 2768/2477/2344
f 2769/2478/2345 2767/2476/2343 2768/2477/2344
f 2770/2479/2346 2769/2478/2345 2768/2477/2344
f 2770/2479/2346 2768/2477/2344 2771/2480/2347
f 2765/2474/2238 2771/2480/2347 2768/2477/2344
f 2772/2481/2296 2770/2479/2346 2771/2480/2347
f 2773/2482/2348 2767/2476/2343 2769/2478/2345
f 2773/2482/2348 2756/2465/2335 2767/2476/2343
f 2753/2462/2332 2756/2465/2335 2773/2482/2348
f 2744/2453/2326 2753/2462/2332 2773/2482/2348
f 2773/2482/2348 2739/2448/2321 2744/2453/2326
f 2739/2448/2321 2773/2482/2348 2730/2439/2313
f 2729/2438/2312 2730/2439/2313 2773/2482/2348
f 2769/2478/2345 2729/2438/2312 2773/2482/2348
f 2772/2481/2296 2774/2483/2349 2770/2479/2346
f 2774/2483/2349 2775/2484/2350 2770/2479/2346
f 2770/2479/2346 2775/2484/2350 2769/2478/2345
f 2776/2485/2351 2775/2484/2350 2774/2483/2349
f 2775/2484/2350 2776/2485/2351 2769/2478/2345
f 2777/2486/2352 2776/2485/2351 2774/2483/2349
f 2777/2486/2352 2724/2433/2286 2776/2485/2351
f 2724/2433/2286 2721/2432/2308 2776/2485/2351
f 2721/2432/2308 2729/2438/2312 2769/2478/2345
f 2776/2485/2351 2721/2432/2308 2769/2478/2345
f 2780/2487/2353 2779/2488/2354 2778/2489/2355
f 2781/2490/2356 2780/2487/2353 2778/2489/2355
f 2782/2491/2357 2780/2487/2353 2781/2490/2356
f 2783/2492/2358 2782/2491/2357 2781/2490/2356
f 2784/2493/2359 2782/2491/2357 2783/2492/2358
f 2785/2494/2360 2784/2493/2359 2783/2492/2358
f 2786/2495/2361 2781/2490/2356 2778/2489/2355
f 2787/2496/2362 2786/2495/2361 2778/2489/2355
f 2786/2495/2361 2787/2496/2362 2788/2497/2363
f 2789/2498/2364 2786/2495/2361 2788/2497/2363
f 2790/2499/2365 2786/2495/2361 2789/2498/2364
f 2790/2499/2365 2783/2492/2358 2781/2490/2356
f 2786/2495/2361 2790/2499/2365 2781/2490/2356
f 2791/2500/2366 2790/2499/2365 2789/2498/2364
f 2791/2500/2366 2792/2501/2367 2790/2499/2365
f 2792/2501/2367 2793/2502/2368 2790/2499/2365
f 2793/2502/2368 2785/2494/2360 2783/2492/2358
f 2790/2499/2365 2793/2502/2368 2783/2492/2358
f 2793/2502/2368 2792/2501/2367 2794/2503/2369
f 2793/2502/2368 2794/2503/2369 2785/2494/2360
f 2792/2501/2367 2795/2504/2370 2794/2503/2369
f 2794/2503/2369 2796/2505/2371 2785/2494/2360
f 2797/2506/2372 2784/2493/2359 2785/2494/2360
f 2796/2505/2371 2797/2506/2372 2785/2494/2360
f 2798/2507/2373 2797/2506/2372 2796/2505/2371
f 2799/2508/2374 2798/2507/2373 2796/2505/2371
f 2796/2505/2371 2794/2503/2369 2799/2508/2374
f 2798/2507/2373 2800/2509/2375 2797/2506/2372
f 2794/2503/2369 2795/2504/2370 2801/2510/2376
f 2794/2503/2369 2801/2510/2376 2799/2508/2374
f 2795/2504/2370 2802/2511/2377 2801/2510/2376
f 2801/2510/2376 2802/2511/2377 2803/2512/2378
f 2804/2513/2379 2801/2510/2376 2803/2512/2378
f 2805/2514/2380 2799/2508/2374 2801/2510/2376
f 2804/2513/2379 2805/2514/2380 2801/2510/2376
f 2799/2508/2374 2805/2514/2380 2798/2507/2373
f 2805/2514/2380 2806/2515/2381 2798/2507/2373
f 2798/2507/2373 2806/2515/2381 2807/2516/2382
f 2808/2517/2383 2798/2507/2373 2807/2516/2382
f 2807/2516/2382 2806/2515/2381 2809/2518/2384
f 2806/2515/2381 2810/2519/2385 2809/2518/2384
f 2806/2515/2381 2805/2514/2380 2810/2519/2385
f 2809/2518/2384 2810/2519/2385 2811/2520/2386
f 2812/2521/2387 2809/2518/2384 2811/2520/2386
f 2805/2514/2380 2813/2522/2388 2810/2519/2385
f 2813/2522/2388 2805/2514/2380 2804/2513/2379
f 2814/2523/2389 2813/2522/2388 2804/2513/2379
f 2803/2512/2378 2815/2524/2390 2804/2513/2379
f 2815/2524/2390 2816/2525/2391 2804/2513/2379
f 2815/2524/2390 2817/2526/2392 2816/2525/2391
f 2817/2526/2392 2818/2527/2393 2816/2525/2391
f 2817/2526/2392 2819/2528/2394 2818/2527/2393
f 2819/2528/2394 2820/2529/2395 2818/2527/2393
f 2821/2530/2396 2818/2527/2393 2820/2529/2395
f 2818/2527/2393 2821/2530/2396 2816/2525/2391
f 2822/2531/2397 2821/2530/2396 2820/2529/2395
f 2822/2531/2397 2823/2532/2398 2821/2530/2396
f 2823/2532/2398 2824/2533/2399 2821/2530/2396
f 2821/2530/2396 2824/2533/2399 2814/2523/2389
f 2821/2530/2396 2825/2534/2400 2816/2525/2391
f 2825/2534/2400 2821/2530/2396 2814/2523/2389
f 2825/2534/2400 2814/2523/2389 2804/2513/2379
f 2816/2525/2391 2825/2534/2400 2804/2513/2379
f 2826/2535/2401 2819/2528/2394 2817/2526/2392
f 2827/2536/2402 2826/2535/2401 2817/2526/2392
f 2827/2536/2402 2817/2526/2392 2815/2524/2390
f 2826/2535/2401 2827/2536/2402 2828/2537/2403
f 2827/2536/2402 2829/2538/2404 2828/2537/2403
f 2829/2538/2404 2830/2539/2405 2828/2537/2403
f 2830/2539/2405 2831/2540/263 2828/2537/2403
f 2832/2541/2406 2830/2539/2405 2829/2538/2404
f 2833/2542/2407 2832/2541/2406 2829/2538/2404
f 2829/2538/2404 2827/2536/2402 2834/2543/2408
f 2833/2542/2407 2829/2538/2404 2834/2543/2408
f 2835/2544/2409 2832/2541/2406 2833/2542/2407
f 2836/2545/2410 2835/2544/2409 2833/2542/2407
f 2835/2544/2409 2836/2545/2410 2837/2546/2411
f 2836/2545/2410 2838/2547/2412 2837/2546/2411
f 2839/2548/2413 2837/2546/2411 2838/2547/2412
f 2840/2549/2414 2839/2548/2413 2838/2547/2412
f 2840/2549/2414 2841/2550/2415 2839/2548/2413
f 2842/2551/2416 2841/2550/2415 2840/2549/2414
f 2843/2552/2417 2842/2551/2416 2840/2549/2414
f 2840/2549/2414 2838/2547/2412 2843/2552/2417
f 2844/2553/2418 2839/2548/2413 2841/2550/2415
f 2845/2554/2419 2844/2553/2418 2841/2550/2415
f 2845/2554/2419 2841/2550/2415 2842/2551/2416
f 2844/2553/2418 2845/2554/2419 2846/2555/2420
f 2845/2554/2419 2847/2556/2421 2846/2555/2420
f 2846/2555/2420 2847/2556/2421 2848/2557/2422
f 2847/2556/2421 2849/2558/2423 2848/2557/2422
f 2850/2559/2424 2849/2558/2423 2847/2556/2421
f 2851/2560/2425 2850/2559/2424 2847/2556/2421
f 2851/2560/2425 2847/2556/2421 2845/2554/2419
f 2852/2561/2426 2851/2560/2425 2845/2554/2419
f 2852/2561/2426 2845/2554/2419 2842/2551/2416
f 2838/2547/2412 2853/2562/2427 2843/2552/2417
f 2838/2547/2412 2836/2545/2410 2853/2562/2427
f 2836/2545/2410 2854/2563/2428 2853/2562/2427
f 2836/2545/2410 2833/2542/2407 2854/2563/2428
f 2833/2542/2407 2834/2543/2408 2854/2563/2428
f 2854/2563/2428 2834/2543/2408 2803/2512/2378
f 2834/2543/2408 2815/2524/2390 2803/2512/2378
f 2834/2543/2408 2827/2536/2402 2815/2524/2390
f 2802/2511/2377 2853/2562/2427 2854/2563/2428
f 2803/2512/2378 2802/2511/2377 2854/2563/2428
f 2853/2562/2427 2802/2511/2377 2795/2504/2370
f 2843/2552/2417 2853/2562/2427 2795/2504/2370
f 2843/2552/2417 2795/2504/2370 2792/2501/2367
f 2842/2551/2416 2843/2552/2417 2792/2501/2367
f 2842/2551/2416 2792/2501/2367 2791/2500/2366
f 2852/2561/2426 2842/2551/2416 2791/2500/2366
f 2852/2561/2426 2791/2500/2366 2851/2560/2425
f 2791/2500/2366 2789/2498/2364 2851/2560/2425
f 2851/2560/2425 2789/2498/2364 2850/2559/2424
f 2789/2498/2364 2788/2497/2363 2850/2559/2424
f 2850/2559/2424 2788/2497/2363 2855/2564/2429
f 2855/2564/2429 2856/2565/2430 2850/2559/2424
f 2856/2565/2430 2849/2558/2423 2850/2559/2424
f 2849/2558/2423 2856/2565/2430 2857/2566/2431
f 2848/2557/2422 2849/2558/2423 2857/2566/2431
f 2788/2497/2363 2858/2567/141 2855/2564/2429
f 2788/2497/2363 2787/2496/2362 2858/2567/141
f 2787/2496/2362 2859/2568/2432 2858/2567/141
f 2859/2568/2432 2787/2496/2362 2860/2569/2433
f 2787/2496/2362 2778/2489/2355 2860/2569/2433
f 2778/2489/2355 2779/2488/2354 2860/2569/2433
f 2779/2488/2354 2861/2570/2434 2860/2569/2433
f 2861/2570/2434 2779/2488/2354 2862/2571/2435
f 2863/2572/2436 2861/2570/2434 2862/2571/2435
f 2862/2571/2435 2779/2488/2354 2864/2573/2437
f 2779/2488/2354 2780/2487/2353 2864/2573/2437
f 2865/2574/2438 2864/2573/2437 2780/2487/2353
f 2782/2491/2357 2865/2574/2438 2780/2487/2353
f 2865/2574/2438 2782/2491/2357 2784/2493/2359
f 2866/2575/2439 2865/2574/2438 2784/2493/2359
f 2800/2509/2375 2866/2575/2439 2784/2493/2359
f 2797/2506/2372 2800/2509/2375 2784/2493/2359
f 2867/2576/2440 2859/2568/2432 2860/2569/2433
f 2859/2568/2432 2867/2576/2440 2858/2567/141
f 2867/2576/2440 2868/2577/2441 2858/2567/141
f 2867/2576/2440 2869/2578/2442 2868/2577/2441
f 2869/2578/2442 2870/2579/2443 2868/2577/2441
f 2869/2578/2442 2871/2580/2444 2870/2579/2443
f 2871/2580/2444 2872/2581/2445 2870/2579/2443
f 2873/2582/2446 2872/2581/2445 2871/2580/2444
f 2874/2583/2447 2873/2582/2446 2871/2580/2444
f 2873/2582/2446 2874/2583/2447 2875/2584/2448
f 2876/2585/2449 2873/2582/2446 2875/2584/2448
f 2869/2578/2442 2867/2576/2440 2877/2586/2450
f 2878/2587/2451 2869/2578/2442 2877/2586/2450
f 2871/2580/2444 2869/2578/2442 2878/2587/2451
f 2879/2588/2452 2878/2587/2451 2877/2586/2450
f 2880/2589/2453 2879/2588/2452 2877/2586/2450
f 2879/2588/2452 2881/2590/2454 2878/2587/2451
f 2881/2590/2454 2882/2591/2455 2878/2587/2451
f 2882/2591/2455 2871/2580/2444 2878/2587/2451
f 2874/2583/2447 2871/2580/2444 2882/2591/2455
f 2881/2590/2454 2883/2592/2456 2882/2591/2455
f 2883/2592/2456 2884/2593/2457 2882/2591/2455
f 2875/2584/2448 2874/2583/2447 2884/2593/2457
f 2884/2593/2457 2874/2583/2447 2882/2591/2455
f 2885/2594/2458 2875/2584/2448 2884/2593/2457
f 2886/2595/2459 2885/2594/2458 2884/2593/2457
f 2883/2592/2456 2886/2595/2459 2884/2593/2457
f 2886/2595/2459 2887/2596/2460 2885/2594/2458
f 2887/2596/2460 2888/2597/2461 2885/2594/2458
f 2875/2584/2448 2885/2594/2458 2888/2597/2461
f 2889/2598/2462 2887/2596/2460 2886/2595/2459
f 2889/2598/2462 2886/2595/2459 2883/2592/2456
f 2876/2585/2449 2875/2584/2448 2890/2599/2463
f 2890/2599/2463 2875/2584/2448 2888/2597/2461
f 2891/2600/2464 2876/2585/2449 2890/2599/2463
f 2891/2600/2464 2890/2599/2463 2892/2601/2465
f 2890/2599/2463 2893/2602/2466 2892/2601/2465
f 2894/2603/2467 2893/2602/2466 2890/2599/2463
f 2888/2597/2461 2894/2603/2467 2890/2599/2463
f 2894/2603/2467 2888/2597/2461 2887/2596/2460
f 2895/2604/2468 2894/2603/2467 2887/2596/2460
f 2895/2604/2468 2887/2596/2460 2896/2605/2469
f 2887/2596/2460 2897/2606/2470 2896/2605/2469
f 2895/2604/2468 2896/2605/2469 2898/2607/2471
f 2899/2608/2472 2895/2604/2468 2898/2607/2471
f 2894/2603/2467 2895/2604/2468 2899/2608/2472
f 2899/2608/2472 2898/2607/2471 2900/2609/2473
f 2898/2607/2471 2901/2610/2474 2900/2609/2473
f 2902/2611/2475 2894/2603/2467 2899/2608/2472
f 2894/2603/2467 2902/2611/2475 2893/2602/2466
f 2902/2611/2475 2903/2612/2476 2893/2602/2466
f 2904/2613/2477 2892/2601/2465 2893/2602/2466
f 2905/2614/2478 2904/2613/2477 2893/2602/2466
f 2906/2615/2479 2904/2613/2477 2905/2614/2478
f 2907/2616/2480 2906/2615/2479 2905/2614/2478
f 2819/2528/2394 2906/2615/2479 2907/2616/2480
f 2820/2529/2395 2819/2528/2394 2907/2616/2480
f 2907/2616/2480 2908/2617/2481 2820/2529/2395
f 2908/2617/2481 2907/2616/2480 2905/2614/2478
f 2908/2617/2481 2822/2531/2397 2820/2529/2395
f 2823/2532/2398 2822/2531/2397 2908/2617/2481
f 2909/2618/2482 2823/2532/2398 2908/2617/2481
f 2909/2618/2482 2908/2617/2481 2903/2612/2476
f 2910/2619/2483 2908/2617/2481 2905/2614/2478
f 2908/2617/2481 2910/2619/2483 2903/2612/2476
f 2910/2619/2483 2905/2614/2478 2893/2602/2466
f 2903/2612/2476 2910/2619/2483 2893/2602/2466
f 2819/2528/2394 2826/2535/2401 2906/2615/2479
f 2826/2535/2401 2911/2620/2484 2906/2615/2479
f 2906/2615/2479 2911/2620/2484 2904/2613/2477
f 2911/2620/2484 2826/2535/2401 2828/2537/2403
f 2912/2621/2485 2911/2620/2484 2828/2537/2403
f 2913/2622/2486 2912/2621/2485 2828/2537/2403
f 2831/2540/263 2913/2622/2486 2828/2537/2403
f 2913/2622/2486 2914/2623/2487 2912/2621/2485
f 2914/2623/2487 2915/2624/2488 2912/2621/2485
f 2912/2621/2485 2915/2624/2488 2916/2625/2489
f 2911/2620/2484 2912/2621/2485 2916/2625/2489
f 2914/2623/2487 2917/2626/2490 2915/2624/2488
f 2917/2626/2490 2918/2627/2491 2915/2624/2488
f 2918/2627/2491 2917/2626/2490 2919/2628/2492
f 2920/2629/2493 2918/2627/2491 2919/2628/2492
f 2919/2628/2492 2921/2630/2494 2920/2629/2493
f 2921/2630/2494 2922/2631/2495 2920/2629/2493
f 2923/2632/2496 2922/2631/2495 2921/2630/2494
f 2923/2632/2496 2924/2633/2497 2922/2631/2495
f 2924/2633/2497 2925/2634/2498 2922/2631/2495
f 2920/2629/2493 2922/2631/2495 2925/2634/2498
f 2921/2630/2494 2926/2635/2499 2923/2632/2496
f 2926/2635/2499 2927/2636/2500 2923/2632/2496
f 2923/2632/2496 2927/2636/2500 2924/2633/2497
f 2927/2636/2500 2926/2635/2499 2928/2637/2501
f 2929/2638/2502 2927/2636/2500 2928/2637/2501
f 2929/2638/2502 2928/2637/2501 2930/2639/2503
f 2931/2640/2504 2929/2638/2502 2930/2639/2503
f 2931/2640/2504 2932/2641/2505 2929/2638/2502
f 2932/2641/2505 2933/2642/2506 2929/2638/2502
f 2929/2638/2502 2933/2642/2506 2927/2636/2500
f 2933/2642/2506 2934/2643/2507 2927/2636/2500
f 2927/2636/2500 2934/2643/2507 2924/2633/2497
f 2935/2644/2508 2920/2629/2493 2925/2634/2498
f 2918/2627/2491 2920/2629/2493 2935/2644/2508
f 2936/2645/2509 2918/2627/2491 2935/2644/2508
f 2915/2624/2488 2918/2627/2491 2936/2645/2509
f 2916/2625/2489 2915/2624/2488 2936/2645/2509
f 2916/2625/2489 2936/2645/2509 2892/2601/2465
f 2904/2613/2477 2916/2625/2489 2892/2601/2465
f 2911/2620/2484 2916/2625/2489 2904/2613/2477
f 2891/2600/2464 2892/2601/2465 2936/2645/2509
f 2935/2644/2508 2891/2600/2464 2936/2645/2509
f 2891/2600/2464 2935/2644/2508 2876/2585/2449
f 2935/2644/2508 2925/2634/2498 2876/2585/2449
f 2876/2585/2449 2925/2634/2498 2873/2582/2446
f 2925/2634/2498 2924/2633/2497 2873/2582/2446
f 2924/2633/2497 2934/2643/2507 2872/2581/2445
f 2873/2582/2446 2924/2633/2497 2872/2581/2445
f 2872/2581/2445 2934/2643/2507 2933/2642/2506
f 2870/2579/2443 2872/2581/2445 2933/2642/2506
f 2870/2579/2443 2933/2642/2506 2932/2641/2505
f 2868/2577/2441 2870/2579/2443 2932/2641/2505
f 2868/2577/2441 2932/2641/2505 2855/2564/2429
f 2856/2565/2430 2855/2564/2429 2932/2641/2505
f 2931/2640/2504 2856/2565/2430 2932/2641/2505
f 2856/2565/2430 2931/2640/2504 2857/2566/2431
f 2931/2640/2504 2930/2639/2503 2857/2566/2431
f 2858/2567/141 2868/2577/2441 2855/2564/2429
f 2939/2646/2510 2938/2647/2511 2937/2648/2512
f 2940/2649/2513 2939/2646/2510 2937/2648/2512
f 2941/2650/2514 2939/2646/2510 2940/2649/2513
f 2942/2651/2515 2941/2650/2514 2940/2649/2513
f 2943/2652/127 2941/2650/2514 2942/2651/2515
f 2943/2652/127 2944/2653/2516 2941/2650/2514
f 2944/2653/2516 2945/2654/2517 2941/2650/2514
f 2939/2646/2510 2941/2650/2514 2945/2654/2517
f 2946/2655/2518 2943/2652/127 2942/2651/2515
f 2938/2647/2511 2939/2646/2510 2947/2656/2519
f 2939/2646/2510 2948/2657/2520 2947/2656/2519
f 2948/2657/2520 2939/2646/2510 2945/2654/2517
f 2948/2657/2520 2949/2658/2521 2947/2656/2519
f 2948/2657/2520 2945/2654/2517 2949/2658/2521
f 2949/2658/2521 2950/2659/2522 2947/2656/2519
f 2951/2660/2523 2950/2659/2522 2949/2658/2521
f 2952/2661/2524 2951/2660/2523 2949/2658/2521
f 2952/2661/2524 2949/2658/2521 2945/2654/2517
f 2944/2653/2516 2952/2661/2524 2945/2654/2517
f 2953/2662/2525 2940/2649/2513 2937/2648/2512
f 2940/2649/2513 2953/2662/2525 2954/2663/2526
f 2942/2651/2515 2940/2649/2513 2954/2663/2526
f 2942/2651/2515 2954/2663/2526 2946/2655/2518
f 2954/2663/2526 2955/2664/2527 2946/2655/2518
f 2956/2665/2528 2954/2663/2526 2953/2662/2525
f 2956/2665/2528 2957/2666/29 2954/2663/2526
f 2957/2666/29 2958/2667/2529 2954/2663/2526
f 2955/2664/2527 2954/2663/2526 2958/2667/2529
f 2957/2666/29 2959/2668/8 2958/2667/2529
f 2960/2669/2530 2956/2665/2528 2953/2662/2525
f 2960/2669/2530 2953/2662/2525 2961/2670/2531
f 2961/2670/2531 2953/2662/2525 2937/2648/2512
f 2962/2671/2532 2960/2669/2530 2961/2670/2531
f 2962/2671/2532 2961/2670/2531 2963/2672/468
f 2964/2673/2533 2962/2671/2532 2963/2672/468
f 2964/2673/2533 2963/2672/468 2965/2674/2534
f 2966/2675/2535 2964/2673/2533 2965/2674/2534
f 2965/2674/2534 2963/2672/468 2967/2676/2536
f 2963/2672/468 2968/2677/2537 2967/2676/2536
f 2961/2670/2531 2937/2648/2512 2968/2677/2537
f 2963/2672/468 2961/2670/2531 2968/2677/2537
f 2968/2677/2537 2969/2678/2538 2967/2676/2536
f 2969/2678/2538 2970/2679/2539 2967/2676/2536
f 2970/2679/2539 2969/2678/2538 2971/2680/2540
f 2969/2678/2538 2972/2681/2541 2971/2680/2540
f 2971/2680/2540 2972/2681/2541 2973/2682/2542
f 2972/2681/2541 2974/2683/2543 2973/2682/2542
f 2973/2682/2542 2974/2683/2543 2975/2684/2544
f 2976/2685/2545 2973/2682/2542 2975/2684/2544
f 2966/2675/2535 2965/2674/2534 2977/2686/2546
f 2978/2687/2547 2966/2675/2535 2977/2686/2546
f 2978/2687/2547 2977/2686/2546 2979/2517/2548
f 2977/2686/2546 2980/2688/793 2979/2517/2548
f 2979/2517/2548 2980/2688/793 2981/2689/2549
f 2982/2507/2550 2979/2517/2548 2981/2689/2549
f 2938/2647/2511 2969/2678/2538 2968/2677/2537
f 2969/2678/2538 2938/2647/2511 2972/2681/2541
f 2937/2648/2512 2938/2647/2511 2968/2677/2537
f 2938/2647/2511 2947/2656/2519 2972/2681/2541
f 2950/2659/2522 2974/2683/2543 2972/2681/2541
f 2947/2656/2519 2950/2659/2522 2972/2681/2541
f 2974/2683/2543 2950/2659/2522 2951/2660/2523
f 2975/2684/2544 2974/2683/2543 2951/2660/2523
f 2983/2690/2551 2981/2689/2549 2980/2688/793
f 2984/2691/2552 2983/2690/2551 2980/2688/793
f 2984/2691/2552 2980/2688/793 2977/2686/2546
f 2985/2692/2553 2984/2691/2552 2977/2686/2546
f 2977/2686/2546 2965/2674/2534 2985/2692/2553
f 2965/2674/2534 2967/2676/2536 2985/2692/2553
f 2983/2690/2551 2984/2691/2552 2986/2693/1508
f 2984/2691/2552 2985/2692/2553 2986/2693/1508
f 2987/2694/2554 2983/2690/2551 2986/2693/1508
f 2985/2692/2553 2988/2695/2555 2986/2693/1508
f 2970/2679/2539 2988/2695/2555 2985/2692/2553
f 2967/2676/2536 2970/2679/2539 2985/2692/2553
f 2988/2695/2555 2970/2679/2539 2989/2696/2556
f 2970/2679/2539 2971/2680/2540 2989/2696/2556
f 2989/2696/2556 2971/2680/2540 2990/2697/2557
f 2989/2696/2556 2990/2697/2557 2991/2698/2558
f 2990/2697/2557 2992/2699/2559 2991/2698/2558
f 2990/2697/2557 2993/2700/2560 2992/2699/2559
f 2993/2700/2560 2994/2701/2561 2992/2699/2559
f 2971/2680/2540 2973/2682/2542 2990/2697/2557
f 2990/2697/2557 2973/2682/2542 2976/2685/2545
f 2993/2700/2560 2990/2697/2557 2976/2685/2545
f 2995/2702/2562 2991/2698/2558 2992/2699/2559
f 2996/2703/2563 2995/2702/2562 2992/2699/2559
f 2995/2702/2562 2996/2703/2563 2997/2704/2564
f 2998/2705/2565 2997/2704/2564 2996/2703/2563
f 2997/2704/2564 2998/2705/2565 2999/2706/2566
f 2998/2705/2565 3000/2707/2567 2999/2706/2566
f 2999/2706/2566 3000/2707/2567 3001/2708/2568
f 3000/2707/2567 3002/2709/2567 3001/2708/2568
f 3003/2710/2569 2998/2705/2565 2996/2703/2563
f 2992/2699/2559 2994/2701/2561 3003/2710/2569
f 2996/2703/2563 2992/2699/2559 3003/2710/2569
f 2999/2706/2566 3001/2708/2568 3004/2711/932
f 3005/2712/2570 2999/2706/2566 3004/2711/932
f 2997/2704/2564 2999/2706/2566 3005/2712/2570
f 3005/2712/2570 3004/2711/932 3006/2713/2571
f 3004/2711/932 2987/2694/2554 3006/2713/2571
f 3007/2714/2572 2995/2702/2562 2997/2704/2564
f 3007/2714/2572 2997/2704/2564 3005/2712/2570
f 3005/2712/2570 3006/2713/2571 3008/2715/2573
f 3007/2714/2572 3005/2712/2570 3008/2715/2573
f 3007/2714/2572 3008/2715/2573 2991/2698/2558
f 2995/2702/2562 3007/2714/2572 2991/2698/2558
f 2989/2696/2556 2991/2698/2558 3008/2715/2573
f 2988/2695/2555 2989/2696/2556 3008/2715/2573
f 2988/2695/2555 3008/2715/2573 3006/2713/2571
f 2986/2693/1508 2988/2695/2555 3006/2713/2571
f 2986/2693/1508 3006/2713/2571 2987/2694/2554
f 3011/2716/2574 3010/2717/2575 3009/2718/2576
f 3012/2719/2577 3011/2716/2574 3009/2718/2576
f 3009/2718/2576 3010/2717/2575 3013/2720/2578
f 3010/2717/2575 3014/2721/2579 3013/2720/2578
f 3015/2722/2580 3014/2721/2579 3010/2717/2575
f 3016/2723/2581 3015/2722/2580 3010/2717/2575
f 3010/2717/2575 3011/2716/2574 3016/2723/2581
f 3011/2716/2574 3017/2724/2582 3016/2723/2581
f 3017/2724/2582 3018/2725/2583 3016/2723/2581
f 3018/2725/2583 3019/2726/2584 3016/2723/2581
f 3020/2727/2585 3015/2722/2580 3016/2723/2581
f 3019/2726/2584 3020/2727/2585 3016/2723/2581
f 3021/2728/2586 3020/2727/2585 3019/2726/2584
f 3022/2729/2587 3021/2728/2586 3019/2726/2584
f 3019/2726/2584 3018/2725/2583 3023/2730/2588
f 3022/2729/2587 3019/2726/2584 3023/2730/2588
f 3024/2731/2589 3023/2730/2588 3018/2725/2583
f 3025/2732/1257 3024/2731/2589 3018/2725/2583
f 3025/2732/1257 3026/2733/2590 3024/2731/2589
f 3026/2733/2590 3027/2734/2591 3024/2731/2589
f 3020/2727/2585 3028/2666/2592 3015/2722/2580
f 3028/2666/2592 3029/2665/2593 3015/2722/2580
f 3030/2668/2594 3028/2666/2592 3020/2727/2585
f 3021/2728/2586 3030/2668/2594 3020/2727/2585
f 3029/2665/2593 3031/2669/2595 3015/2722/2580
f 3026/2733/2590 3032/2735/2596 3027/2734/2591
f 3032/2735/2596 3033/2736/2597 3027/2734/2591
f 3032/2735/2596 3034/2737/2598 3033/2736/2597
f 3034/2737/2598 3035/2738/2599 3033/2736/2597
f 3034/2737/2598 3036/2739/2600 3035/2738/2599
f 3036/2739/2600 3037/2740/495 3035/2738/2599
f 3038/2741/2601 3037/2740/495 3036/2739/2600
f 3039/2742/2602 3038/2741/2601 3036/2739/2600
f 3040/2743/2603 3038/2741/2601 3039/2742/2602
f 3041/2744/2604 3040/2743/2603 3039/2742/2602
f 3040/2743/2603 3041/2744/2604 3042/2745/2605
f 3043/2746/422 3042/2745/2605 3041/2744/2604
f 3044/2747/2606 3043/2746/422 3041/2744/2604
f 2810/2519/2385 3043/2746/422 3044/2747/2606
f 2811/2520/2386 2810/2519/2385 3044/2747/2606
f 2810/2519/2385 2813/2522/2388 3043/2746/422
f 2813/2522/2388 3045/2748/2607 3043/2746/422
f 3046/2745/293 3043/2746/422 3045/2748/2607
f 3047/2749/2608 3046/2745/293 3045/2748/2607
f 3045/2748/2607 2824/2533/2399 3047/2749/2608
f 2824/2533/2399 2823/2532/2398 3047/2749/2608
f 2814/2523/2389 2824/2533/2399 3045/2748/2607
f 2813/2522/2388 2814/2523/2389 3045/2748/2607
f 3038/2741/2601 3040/2743/2603 3048/2750/2609
f 3040/2743/2603 3049/2751/2610 3048/2750/2609
f 3049/2751/2610 3040/2743/2603 3042/2745/2605
f 2823/2532/2398 2909/2618/2482 3047/2749/2608
f 2909/2618/2482 3050/2752/2611 3047/2749/2608
f 3046/2745/293 3047/2749/2608 3050/2752/2611
f 3051/2753/202 3046/2745/293 3050/2752/2611
f 3051/2753/202 3052/2754/2612 3049/2751/2610
f 3042/2745/2605 3051/2753/202 3049/2751/2610
f 3051/2753/202 2899/2608/2472 3052/2754/2612
f 2899/2608/2472 2900/2609/2473 3052/2754/2612
f 2909/2618/2482 2903/2612/2476 3050/2752/2611
f 2903/2612/2476 2902/2611/2475 3050/2752/2611
f 2902/2611/2475 2899/2608/2472 3051/2753/202
f 3050/2752/2611 2902/2611/2475 3051/2753/202
f 3038/2741/2601 3048/2750/2609 3053/2755/2613
f 3037/2740/495 3038/2741/2601 3053/2755/2613
f 3037/2740/495 3053/2755/2613 3035/2738/2599
f 3053/2755/2613 3054/2756/2614 3035/2738/2599
f 3035/2738/2599 3054/2756/2614 3033/2736/2597
f 3054/2756/2614 3055/2757/2615 3033/2736/2597
f 3033/2736/2597 3055/2757/2615 3027/2734/2591
f 3055/2757/2615 3056/2758/2616 3027/2734/2591
f 3027/2734/2591 3056/2758/2616 3024/2731/2589
f 3056/2758/2616 3057/2759/788 3024/2731/2589
f 3024/2731/2589 3057/2759/788 3058/2760/2617
f 3023/2730/2588 3024/2731/2589 3058/2760/2617
f 3058/2760/2617 3059/2761/2618 3023/2730/2588
f 3059/2761/2618 3058/2760/2617 3060/2762/2619
f 3058/2760/2617 3061/2763/2620 3060/2762/2619
f 3061/2763/2620 3062/2764/2621 3060/2762/2619
f 3062/2764/2621 3063/2765/2622 3060/2762/2619
f 3063/2765/2622 3062/2764/2621 3064/2766/2623
f 3062/2764/2621 3065/2767/2624 3064/2766/2623
f 3066/2768/2625 3060/2762/2619 3063/2765/2622
f 3067/2769/2626 3066/2768/2625 3063/2765/2622
f 3063/2765/2622 3064/2766/2623 3068/2770/2627
f 3067/2769/2626 3063/2765/2622 3068/2770/2627
f 3069/2771/2628 3059/2761/2618 3060/2762/2619
f 3066/2768/2625 3069/2771/2628 3060/2762/2619
f 3069/2771/2628 3021/2728/2586 3059/2761/2618
f 3021/2728/2586 3022/2729/2587 3059/2761/2618
f 3059/2761/2618 3022/2729/2587 3023/2730/2588
f 3070/2772/2629 3069/2771/2628 3066/2768/2625
f 3071/2773/2630 3070/2772/2629 3066/2768/2625
f 3030/2668/2594 3021/2728/2586 3069/2771/2628
f 3070/2772/2629 3030/2668/2594 3069/2771/2628
f 3067/2769/2626 3068/2770/2627 3072/2774/2631
f 3073/2775/2632 3067/2769/2626 3072/2774/2631
f 3073/2775/2632 3071/2773/2630 3066/2768/2625
f 3067/2769/2626 3073/2775/2632 3066/2768/2625
f 3064/2766/2623 3065/2767/2624 3074/2776/2633
f 3065/2767/2624 3075/2777/2634 3074/2776/2633
f 3074/2776/2633 3075/2777/2634 3076/2778/2635
f 3075/2777/2634 3077/2779/2636 3076/2778/2635
f 3076/2778/2635 3078/2780/2637 3074/2776/2633
f 3078/2780/2637 3079/2781/2638 3074/2776/2633
f 3078/2780/2637 3080/2782/2639 3079/2781/2638
f 3080/2782/2639 3081/2783/2640 3079/2781/2638
f 3076/2778/2635 3077/2779/2636 3082/2784/2641
f 3076/2778/2635 3082/2784/2641 3078/2780/2637
f 3077/2779/2636 3083/2785/2642 3082/2784/2641
f 3082/2784/2641 3083/2785/2642 2898/2607/2471
f 2898/2607/2471 2896/2605/2469 3082/2784/2641
f 2896/2605/2469 3084/2786/2643 3082/2784/2641
f 3082/2784/2641 3084/2786/2643 3078/2780/2637
f 3078/2780/2637 3084/2786/2643 3080/2782/2639
f 2896/2605/2469 2897/2606/2470 3084/2786/2643
f 2897/2606/2470 3085/2787/2644 3084/2786/2643
f 3084/2786/2643 3085/2787/2644 3080/2782/2639
f 3083/2785/2642 2901/2610/2474 2898/2607/2471
f 3064/2766/2623 3074/2776/2633 3079/2781/2638
f 3068/2770/2627 3064/2766/2623 3079/2781/2638
f 3068/2770/2627 3079/2781/2638 3081/2783/2640
f 3072/2774/2631 3068/2770/2627 3081/2783/2640
f 3088/2788/2645 3087/2789/2646 3086/2790/2647
f 3090/2791/2648 3089/2788/2645 3086/2790/2649
f 3090/2791/2648 3086/2790/2649 3091/2792/2650
f 3092/2793/2651 3090/2791/2648 3091/2792/2650
f 3093/2794/2652 3089/2788/2645 3090/2791/2648
f 3094/2795/2653 3093/2794/2652 3090/2791/2648
f 3093/2794/2652 3094/2795/2653 3095/2796/2654
f 3096/2797/2655 3093/2794/2652 3095/2796/2654
f 3094/2795/2653 3097/2798/2656 3095/2796/2654
f 3097/2798/2656 3094/2795/2653 3090/2791/2648
f 3092/2793/2651 3097/2798/2656 3090/2791/2648
f 3097/2798/2656 3098/2799/2657 3095/2796/2654
f 3099/2800/2658 3097/2798/2656 3092/2793/2651
f 3100/2801/2658 3099/2800/2658 3092/2793/2651
f 3096/2797/2655 3095/2796/2654 3101/2802/2659
f 3095/2796/2654 3098/2799/2657 3101/2802/2659
f 3102/2803/2660 3096/2797/2655 3101/2802/2659
f 3103/2804/781 3102/2803/2660 3101/2802/2659
f 3103/2804/781 3101/2802/2659 3104/2805/2661
f 3101/2802/2659 3105/2806/2662 3104/2805/2661
f 3098/2799/2657 3105/2806/2662 3101/2802/2659
f 3105/2806/2662 3098/2799/2657 3097/2798/2656
f 3106/2807/2663 3104/2805/2661 3105/2806/2662
f 3103/2804/781 3104/2805/2661 3106/2807/2663
f 3107/2808/2664 3106/2807/2663 3105/2806/2662
f 3108/2809/2665 3106/2807/2663 3107/2808/2664
f 3106/2807/2663 3108/2809/2665 3109/2810/2666
f 3110/2811/2667 3106/2807/2663 3109/2810/2666
f 3110/2811/2667 3103/2804/781 3106/2807/2663
f 3103/2804/781 3110/2811/2667 3096/2797/2655
f 3111/2797/2655 3110/2811/2667 3109/2810/2666
f 3112/2812/2668 3108/2809/2665 3107/2808/2664
f 3108/2809/2665 3112/2812/2668 3113/2813/2669
f 3114/2814/2670 3108/2809/2665 3113/2813/2669
f 3109/2810/2666 3108/2809/2665 3114/2814/2670
f 3114/2814/2670 3113/2813/2669 3115/2815/2671
f 3116/2816/314 3114/2814/2670 3115/2815/2671
f 3114/2814/2670 3116/2816/314 3117/2817/2672
f 3118/2818/2673 3114/2814/2670 3117/2817/2672
f 3118/2818/2673 3109/2810/2666 3114/2814/2670
f 3116/2816/314 3115/2815/2671 3119/2819/2674
f 3109/2810/2666 3118/2818/2673 3120/2788/2675
f 3113/2813/2669 3112/2812/2668 3121/2820/2676
f 3112/2812/2668 3122/2821/2677 3121/2820/2676
f 3121/2820/2676 3122/2821/2677 3123/2822/2678
f 3121/2820/2676 3123/2822/2678 3124/2823/2679
f 3124/2823/2679 3123/2822/2678 3125/2824/2422
f 3123/2822/2678 3126/2825/2680 3125/2824/2422
f 3123/2822/2678 3127/2826/2681 3126/2825/2680
f 3122/2821/2677 3127/2826/2681 3123/2822/2678
f 3127/2826/2681 3128/2827/2682 3126/2825/2680
f 3124/2823/2679 3125/2824/2422 3129/2828/2431
f 3130/2829/2518 3124/2823/2679 3129/2828/2431
f 3131/2830/2683 3121/2820/2676 3124/2823/2679
f 3131/2830/2683 3124/2823/2679 3130/2829/2518
f 3132/2831/2684 3131/2830/2683 3130/2829/2518
f 3113/2813/2669 3121/2820/2676 3131/2830/2683
f 3115/2815/2671 3113/2813/2669 3131/2830/2683
f 3115/2815/2671 3131/2830/2683 3132/2831/2684
f 3119/2819/2674 3115/2815/2671 3132/2831/2684
f 3127/2826/2681 3133/2832/2685 3128/2827/2682
f 3135/2832/2685 3134/2833/2686 3128/2827/2682
f 3112/2812/2668 3136/2832/2685 3127/2826/2687
f 3107/2808/2664 3136/2832/2685 3112/2812/2668
f 3136/2832/2685 3107/2808/2664 3137/2834/2688
f 3137/2834/2688 3107/2808/2664 3138/2800/2689
f 3138/2800/2689 3139/2801/2690 3137/2834/2688
f 3139/2801/2690 3140/2835/2691 3137/2834/2688
f 3137/2834/2688 3140/2835/2691 3141/2836/2692
f 3137/2834/2688 3141/2836/2692 3142/2837/2693
f 3142/2837/2693 3136/2832/2685 3137/2834/2688
f 3142/2837/2693 3141/2836/2692 3143/2838/2694
f 3141/2836/2692 3144/2839/2695 3143/2838/2694
f 3141/2836/2692 3145/2840/2696 3144/2839/2695
f 3140/2835/2691 3145/2840/2696 3141/2836/2692
f 3145/2840/2696 3146/2841/2697 3144/2839/2695
f 3145/2840/2696 3147/2842/2698 3146/2841/2697
f 3147/2842/2698 3148/2843/2699 3146/2841/2697
f 3147/2842/2698 3149/2844/2700 3148/2843/2699
f 3149/2844/2700 3150/2845/2701 3148/2843/2699
f 3151/2846/2702 3149/2844/2700 3147/2842/2698
f 3151/2846/2702 3147/2842/2698 3145/2840/2696
f 3140/2835/2691 3151/2846/2702 3145/2840/2696
f 3152/2847/2703 3151/2846/2702 3140/2835/2691
f 3139/2801/2690 3152/2847/2703 3140/2835/2691
f 3142/2837/2693 3143/2838/2694 3153/2833/2686
f 3154/2832/2704 3142/2837/2693 3153/2833/2686
f 3156/2794/2652 3155/2797/2655 3109/2810/2705
f 3156/2794/2652 3109/2810/2705 3157/2788/2645
f 3157/2788/2706 3118/2818/2673 3087/2789/2707
f 3118/2818/2708 3159/2817/2709 3158/2789/2707
f 3161/2803/2660 3160/2804/2710 3155/2797/2711
f 3164/2848/2712 3163/2849/2713 3162/2850/2714
f 3165/2851/2715 3164/2848/2712 3162/2850/2714
f 3166/2852/2716 3162/2850/2714 3163/2849/2713
f 3167/2853/2717 3166/2852/2716 3163/2849/2713
f 3168/2675/2718 3166/2852/2716 3167/2853/2717
f 3169/2673/2719 3168/2675/2718 3167/2853/2717
f 3165/2851/2715 3162/2850/2714 3170/2854/2720
f 3170/2854/2720 3162/2850/2714 3166/2852/2716
f 3171/2855/2721 3165/2851/2715 3170/2854/2720
f 3171/2855/2721 3170/2854/2720 2809/2518/2384
f 2807/2516/2382 2809/2518/2384 3170/2854/2720
f 3172/2856/2722 2807/2516/2382 3170/2854/2720
f 3172/2856/2722 3170/2854/2720 3166/2852/2716
f 3172/2856/2722 3166/2852/2716 3168/2675/2718
f 2808/2517/2383 2807/2516/2382 3172/2856/2722
f 3173/2687/2723 2808/2517/2383 3172/2856/2722
f 3173/2687/2723 3172/2856/2722 3168/2675/2718
f 2812/2521/2387 3171/2855/2721 2809/2518/2384
f 3164/2848/2712 3012/2719/2577 3163/2849/2713
f 3012/2719/2577 3009/2718/2576 3163/2849/2713
f 3009/2718/2576 3013/2720/2578 3167/2853/2717
f 3167/2853/2717 3013/2720/2578 3169/2673/2719
f 3163/2849/2713 3009/2718/2576 3167/2853/2717
f 3013/2720/2578 3174/2671/2724 3169/2673/2719
f 3013/2720/2578 3014/2721/2579 3174/2671/2724
f 3014/2721/2579 3031/2669/2595 3174/2671/2724
f 3031/2669/2595 3014/2721/2579 3015/2722/2580
f 3177/2857/2725 3176/2858/2726 3175/2848/2726
f 3178/2851/2725 3177/2857/2725 3175/2848/2726
f 3179/2859/2727 3177/2857/2725 3178/2851/2725
f 3180/2855/2728 3179/2859/2727 3178/2851/2725
f 3180/2855/2728 3181/2521/2729 3179/2859/2727
f 3181/2521/2729 3182/2860/2730 3179/2859/2727
f 3181/2521/2729 3183/2520/2731 3182/2860/2730
f 3183/2520/2731 3184/2861/2731 3182/2860/2730
f 3175/2848/2726 3176/2858/2726 3185/2719/2732
f 3176/2858/2726 3186/2862/2733 3185/2719/2732
f 3185/2719/2732 3186/2862/2733 3187/2716/2734
f 3186/2862/2733 3188/2863/2735 3187/2716/2734
f 3187/2716/2734 3188/2863/2735 3189/2724/2736
f 3188/2863/2735 3190/2864/2737 3189/2724/2736
f 3193/2732/2738 3192/2865/2739 3191/2866/2740
f 3194/2733/2741 3193/2732/2738 3191/2866/2740
f 3193/2732/2738 3195/2725/2742 3192/2865/2739
f 3194/2733/2741 3191/2866/2740 3196/2867/2743
f 3197/2735/2743 3194/2733/2741 3196/2867/2743
f 3197/2735/2743 3196/2867/2743 3198/2737/2744
f 3196/2867/2743 3199/2868/2744 3198/2737/2744
f 3198/2737/2744 3199/2868/2744 3200/2739/2745
f 3199/2868/2744 3201/2869/2745 3200/2739/2745
f 3201/2869/2745 3202/2870/2746 3200/2739/2745
f 3202/2870/2746 3203/2742/2747 3200/2739/2745
f 3203/2742/2747 3202/2870/2746 3204/2871/2748
f 3205/2744/2749 3203/2742/2747 3204/2871/2748
f 3207/2725/2742 3206/2872/2750 3192/2865/2751
f 3207/2725/2742 3209/2724/2752 3208/2872/2753
f 3209/2724/2752 3210/2864/2754 3208/2872/2753
f 3204/2871/2748 3212/2873/2755 3211/2747/2756
f 3213/2744/2749 3204/2871/2748 3211/2747/2756
f 3216/2857/2757 3215/2868/2757 3214/2867/2758
f 3217/2858/2758 3216/2857/2757 3214/2867/2758
f 3218/2869/2759 3215/2868/2757 3216/2857/2757
f 3219/2859/2760 3218/2869/2759 3216/2857/2757
f 3219/2859/2760 3220/2860/2761 3218/2869/2759
f 3220/2860/2761 3221/2870/2762 3218/2869/2759
f 3222/2871/2763 3221/2870/2762 3220/2860/2761
f 3223/2861/2764 3222/2871/2763 3220/2860/2761
f 3217/2858/2758 3214/2867/2758 3224/2862/2765
f 3214/2867/2758 3225/2866/2765 3224/2862/2765
f 3224/2862/2765 3225/2866/2765 3226/2865/2766
f 3227/2863/2766 3224/2862/2765 3226/2865/2766
f 3227/2863/2766 3226/2865/2766 3228/2872/2767
f 3229/2864/2767 3227/2863/2766 3228/2872/2767
f 3231/2801/2768 3092/2793/2769 3230/2792/2650
f 3233/2847/2768 3231/2801/2768 3232/2792/2770
f 3235/2821/2677 3112/2812/2771 3234/2826/2772
f 3107/2808/2664 3105/2806/2662 3138/2800/2689
f 3236/2800/2773 3105/2806/2662 3097/2798/2656
f 3239/2747/2774 3238/2873/2755 3237/2861/2775
f 3241/2520/2731 3240/2747/2774 3237/2861/2731
f 3244/2873/2776 3243/2871/2776 3242/2861/2776
f 3247/2874/2777 3246/2875/2778 3245/2876/2779
f 3248/2877/2780 3247/2874/2777 3245/2876/2779
f 3247/2874/2777 3249/2878/2781 3246/2875/2778
f 3249/2878/2781 3250/2879/1762 3246/2875/2778
f 3249/2878/2781 3251/2880/127 3250/2879/1762
f 3252/2881/2782 3251/2880/127 3249/2878/2781
f 3253/2882/2783 3252/2881/2782 3249/2878/2781
f 3249/2878/2781 3247/2874/2777 3253/2882/2783
f 3251/2880/127 2946/2655/2518 3250/2879/1762
f 3247/2874/2777 3248/2877/2780 3254/2883/2784
f 3255/2884/2785 3247/2874/2777 3254/2883/2784
f 3247/2874/2777 3255/2884/2785 3253/2882/2783
f 3256/2885/2786 3255/2884/2785 3254/2883/2784
f 3253/2882/2783 3255/2884/2785 3256/2885/2786
f 3257/2886/2787 3256/2885/2786 3254/2883/2784
f 3257/2886/2787 3258/2887/2523 3256/2885/2786
f 3258/2887/2523 3259/2888/2524 3256/2885/2786
f 3259/2888/2524 3252/2881/2782 3253/2882/2783
f 3256/2885/2786 3259/2888/2524 3253/2882/2783
f 3246/2875/2778 3260/2889/2788 3245/2876/2779
f 3246/2875/2778 3250/2879/1762 3261/2890/2789
f 3260/2889/2788 3246/2875/2778 3261/2890/2789
f 3261/2890/2789 3250/2879/1762 2946/2655/2518
f 2955/2664/2527 3261/2890/2789 2946/2655/2518
f 3261/2890/2789 3262/2773/2790 3260/2889/2788
f 3263/2772/2791 3262/2773/2790 3261/2890/2789
f 2958/2667/2529 3263/2772/2791 3261/2890/2789
f 3261/2890/2789 2955/2664/2527 2958/2667/2529
f 2959/2668/8 3263/2772/2791 2958/2667/2529
f 3262/2773/2790 3264/2775/2792 3260/2889/2788
f 3260/2889/2788 3264/2775/2792 3265/2891/2793
f 3260/2889/2788 3265/2891/2793 3245/2876/2779
f 3264/2775/2792 3266/2774/2794 3265/2891/2793
f 3265/2891/2793 3266/2774/2794 3267/2892/2795
f 3266/2774/2794 3268/2783/2796 3267/2892/2795
f 3267/2892/2795 3268/2783/2796 3269/2893/2797
f 3268/2783/2796 3270/2782/2798 3269/2893/2797
f 3267/2892/2795 3269/2893/2797 3271/2894/2799
f 3272/2895/2800 3267/2892/2795 3271/2894/2799
f 3265/2891/2793 3267/2892/2795 3272/2895/2800
f 3245/2876/2779 3265/2891/2793 3272/2895/2800
f 3273/2896/2801 3272/2895/2800 3271/2894/2799
f 3274/2897/2802 3273/2896/2801 3271/2894/2799
f 3273/2896/2801 3274/2897/2802 3275/2898/2803
f 3276/2899/2804 3273/2896/2801 3275/2898/2803
f 3276/2899/2804 3275/2898/2803 3277/2900/2805
f 3278/2901/2806 3276/2899/2804 3277/2900/2805
f 3278/2901/2806 3277/2900/2805 3279/2902/2544
f 3277/2900/2805 3280/2903/2807 3279/2902/2544
f 3269/2893/2797 3270/2782/2798 3281/2904/2808
f 3270/2782/2798 3282/2787/2809 3281/2904/2808
f 3281/2904/2808 3282/2787/2809 3283/2606/2810
f 3284/2905/1262 3281/2904/2808 3283/2606/2810
f 3284/2905/1262 3283/2606/2810 3285/2906/2811
f 3283/2606/2810 3286/2596/2812 3285/2906/2811
f 3273/2896/2801 3248/2877/2780 3272/2895/2800
f 3248/2877/2780 3273/2896/2801 3276/2899/2804
f 3248/2877/2780 3245/2876/2779 3272/2895/2800
f 3254/2883/2784 3248/2877/2780 3276/2899/2804
f 3257/2886/2787 3254/2883/2784 3276/2899/2804
f 3278/2901/2806 3257/2886/2787 3276/2899/2804
f 3278/2901/2806 3279/2902/2544 3258/2887/2523
f 3257/2886/2787 3278/2901/2806 3258/2887/2523
f 3285/2906/2811 3287/2907/2813 3284/2905/1262
f 3287/2907/2813 3288/2908/2814 3284/2905/1262
f 3284/2905/1262 3288/2908/2814 3281/2904/2808
f 3288/2908/2814 3289/2909/2815 3281/2904/2808
f 3269/2893/2797 3281/2904/2808 3289/2909/2815
f 3271/2894/2799 3269/2893/2797 3289/2909/2815
f 3288/2908/2814 3287/2907/2813 3290/2910/1046
f 3289/2909/2815 3288/2908/2814 3290/2910/1046
f 3287/2907/2813 3291/2911/2816 3290/2910/1046
f 3292/2912/2817 3289/2909/2815 3290/2910/1046
f 3274/2897/2802 3271/2894/2799 3289/2909/2815
f 3292/2912/2817 3274/2897/2802 3289/2909/2815
f 3274/2897/2802 3292/2912/2817 3293/2913/2818
f 3275/2898/2803 3274/2897/2802 3293/2913/2818
f 3275/2898/2803 3293/2913/2818 3294/2914/2819
f 3294/2914/2819 3293/2913/2818 3295/2915/2820
f 3296/2916/2821 3294/2914/2819 3295/2915/2820
f 3297/2917/2822 3294/2914/2819 3296/2916/2821
f 3298/2918/2823 3297/2917/2822 3296/2916/2821
f 3277/2900/2805 3275/2898/2803 3294/2914/2819
f 3294/2914/2819 3297/2917/2822 3280/2903/2807
f 3277/2900/2805 3294/2914/2819 3280/2903/2807
f 3295/2915/2820 3299/2919/2824 3296/2916/2821
f 3299/2919/2824 3300/2920/2825 3296/2916/2821
f 3300/2920/2825 3299/2919/2824 3301/2921/2826
f 3301/2921/2826 3302/2922/2827 3300/2920/2825
f 3302/2922/2827 3301/2921/2826 3303/2923/2828
f 3304/2924/2829 3302/2922/2827 3303/2923/2828
f 3304/2924/2829 3303/2923/2828 3305/2925/2830
f 3306/2926/2829 3304/2924/2829 3305/2925/2830
f 3302/2922/2827 3307/2927/2831 3300/2920/2825
f 3296/2916/2821 3300/2920/2825 3307/2927/2831
f 3298/2918/2823 3296/2916/2821 3307/2927/2831
f 3305/2925/2830 3303/2923/2828 3308/2928/1398
f 3303/2923/2828 3309/2929/2832 3308/2928/1398
f 3303/2923/2828 3301/2921/2826 3309/2929/2832
f 3308/2928/1398 3309/2929/2832 3310/2930/2833
f 3291/2911/2816 3308/2928/1398 3310/2930/2833
f 3299/2919/2824 3311/2931/2834 3301/2921/2826
f 3301/2921/2826 3311/2931/2834 3309/2929/2832
f 3309/2929/2832 3311/2931/2834 3312/2932/2835
f 3310/2930/2833 3309/2929/2832 3312/2932/2835
f 3311/2931/2834 3299/2919/2824 3295/2915/2820
f 3312/2932/2835 3311/2931/2834 3295/2915/2820
f 3295/2915/2820 3293/2913/2818 3312/2932/2835
f 3293/2913/2818 3292/2912/2817 3312/2932/2835
f 3312/2932/2835 3292/2912/2817 3310/2930/2833
f 3292/2912/2817 3290/2910/1046 3310/2930/2833
f 3310/2930/2833 3290/2910/1046 3291/2911/2816
f 3315/2933/2836 3314/2934/2837 3313/2790/2838
f 3316/2789/2839 3315/2933/2836 3313/2790/2838
f 3313/2790/2838 3314/2934/2837 3317/2792/2840
f 3314/2934/2837 3318/2935/2841 3317/2792/2840
f 3319/2936/2842 3318/2935/2841 3314/2934/2837
f 3320/2937/2843 3319/2936/2842 3314/2934/2837
f 3319/2936/2842 3320/2937/2843 3321/2938/2844
f 3320/2937/2843 3322/2939/2845 3321/2938/2844
f 3322/2939/2845 3320/2937/2843 3314/2934/2837
f 3322/2939/2845 3323/2939/2846 3321/2938/2844
f 3324/2940/2847 3319/2936/2842 3321/2938/2844
f 3319/2936/2842 3325/2941/2848 3318/2935/2841
f 3325/2941/2848 3326/2942/2848 3318/2935/2841
f 3321/2938/2844 3323/2939/2846 3327/2943/2849
f 3324/2940/2847 3321/2938/2844 3327/2943/2849
f 3323/2939/2846 3328/2944/2850 3327/2943/2849
f 3328/2944/2850 3329/2945/1250 3327/2943/2849
f 3327/2943/2849 3329/2945/1250 3330/2946/2851
f 3331/2947/2852 3327/2943/2849 3330/2946/2851
f 3331/2947/2852 3324/2940/2847 3327/2943/2849
f 3324/2940/2847 3331/2947/2852 3319/2936/2842
f 3330/2946/2851 3332/2948/2853 3331/2947/2852
f 3330/2946/2851 3329/2945/1250 3332/2948/2853
f 3332/2948/2853 3333/2949/2854 3331/2947/2852
f 3332/2948/2853 3334/2950/2855 3333/2949/2854
f 3334/2950/2855 3332/2948/2853 3335/2951/2856
f 3336/2952/2857 3323/2939/2846 3335/2951/2856
f 3332/2948/2853 3336/2952/2857 3335/2951/2856
f 3329/2945/1250 3336/2952/2857 3332/2948/2853
f 3336/2952/2857 3329/2945/1250 3323/2939/2846
f 3334/2950/2855 3337/2953/2858 3333/2949/2854
f 3337/2953/2858 3334/2950/2855 3338/2954/2859
f 3334/2950/2855 3339/2955/2860 3338/2954/2859
f 3334/2950/2855 3335/2951/2856 3339/2955/2860
f 3338/2954/2859 3339/2955/2860 3340/2956/2861
f 3339/2955/2860 3341/2957/2862 3340/2956/2861
f 3341/2957/2862 3339/2955/2860 3342/2817/2863
f 3339/2955/2860 3343/2958/2864 3342/2817/2863
f 3335/2951/2856 3343/2958/2864 3339/2955/2860
f 3340/2956/2861 3341/2957/2862 3344/2959/2674
f 3343/2958/2864 3335/2951/2856 3345/2933/2865
f 3343/2958/2864 3345/2933/2865 3346/2789/2866
f 3347/2817/2867 3343/2958/2864 3346/2789/2866
f 3337/2953/2858 3338/2954/2859 3348/2960/2868
f 3349/2961/2869 3337/2953/2858 3348/2960/2868
f 3349/2961/2869 3348/2960/2868 3350/2962/2870
f 3350/2962/2870 3348/2960/2868 3351/2963/2871
f 3350/2962/2870 3351/2963/2871 3352/2964/2872
f 3353/2965/2873 3350/2962/2870 3352/2964/2872
f 3354/2966/2874 3350/2962/2870 3353/2965/2873
f 3354/2966/2874 3349/2961/2869 3350/2962/2870
f 3352/2964/2872 3351/2963/2871 3355/2967/2875
f 3351/2963/2871 3356/2968/2518 3355/2967/2875
f 3348/2960/2868 3357/2969/2876 3351/2963/2871
f 3351/2963/2871 3357/2969/2876 3356/2968/2518
f 3357/2969/2876 3358/2970/2684 3356/2968/2518
f 3348/2960/2868 3338/2954/2859 3357/2969/2876
f 3338/2954/2859 3340/2956/2861 3357/2969/2876
f 3357/2969/2876 3340/2956/2861 3358/2970/2684
f 3340/2956/2861 3344/2959/2674 3358/2970/2684
f 3360/2971/2877 3359/2966/2874 3353/2965/2873
f 3361/2972/2878 3354/2966/2879 3360/2971/2880
f 3363/2973/2494 3362/2972/2881 3360/2971/2877
f 3365/2939/2882 3364/2939/2845 3335/2951/2883
f 3335/2951/2883 3367/2939/2884 3366/2933/2836
f 3369/2945/2885 3368/2944/2886 3365/2939/2846
f 2877/2586/2450 2867/2576/2440 2860/2569/2433
f 2880/2589/2453 2877/2586/2450 2860/2569/2433
f 2861/2570/2434 2880/2589/2453 2860/2569/2433
f 2880/2589/2453 2861/2570/2434 3370/2974/2887
f 2861/2570/2434 2863/2572/2436 3370/2974/2887
f 2880/2589/2453 3370/2974/2887 3371/2975/2888
f 2879/2588/2452 2880/2589/2453 3371/2975/2888
f 3371/2975/2888 3372/2976/2889 2879/2588/2452
f 3372/2976/2889 2881/2590/2454 2879/2588/2452
f 2881/2590/2454 3372/2976/2889 2883/2592/2456
f 3372/2976/2889 3373/2977/2890 2883/2592/2456
f 3373/2977/2890 2889/2598/2462 2883/2592/2456
f 3376/2779/2891 3375/2779/2891 3374/2777/2892
f 3377/2777/2892 3376/2779/2891 3374/2777/2892
f 3376/2779/2891 3378/2978/2893 3375/2779/2891
f 3378/2978/2893 3379/2785/2894 3375/2779/2891
f 3380/2610/2895 3379/2785/2894 3378/2978/2893
f 3381/2979/2896 3380/2610/2895 3378/2978/2893
f 3382/2609/2897 3380/2610/2895 3381/2979/2896
f 3383/2980/2897 3382/2609/2897 3381/2979/2896
f 3377/2777/2892 3374/2777/2892 3384/2767/2898
f 3385/2981/2899 3377/2777/2892 3384/2767/2898
f 3385/2981/2899 3384/2767/2898 3386/2764/2900
f 3387/2982/2901 3385/2981/2899 3386/2764/2900
f 3387/2982/2901 3386/2764/2900 3388/2763/2902
f 3389/2763/2903 3387/2982/2901 3388/2763/2902
f 3392/2759/2904 3391/2758/2905 3390/2983/2906
f 3393/2984/2907 3392/2759/2904 3390/2983/2906
f 3394/2760/2908 3392/2759/2904 3393/2984/2907
f 3390/2983/2906 3391/2758/2905 3395/2757/2909
f 3391/2758/2905 3396/2757/2909 3395/2757/2909
f 3395/2757/2909 3396/2757/2909 3397/2756/2910
f 3398/2985/2910 3395/2757/2909 3397/2756/2910
f 3398/2985/2910 3397/2756/2910 3399/2755/2911
f 3400/2986/2911 3398/2985/2910 3399/2755/2911
f 3401/2987/2912 3400/2986/2911 3399/2755/2911
f 3402/2750/2913 3401/2987/2912 3399/2755/2911
f 3401/2987/2912 3402/2750/2913 3403/2988/2914
f 3402/2750/2913 3404/2751/2915 3403/2988/2914
f 3406/2989/2916 3405/2760/2917 3393/2984/2918
f 3408/2763/2919 3405/2760/2908 3407/2989/2916
f 3409/2763/2920 3408/2763/2919 3407/2989/2916
f 3403/2988/2914 3411/2751/2915 3410/2754/2921
f 3412/2990/2922 3403/2988/2914 3410/2754/2921
f 3415/2779/2923 3414/2777/2924 3413/2757/2924
f 3416/2985/2925 3415/2779/2923 3413/2757/2924
f 3416/2985/2925 3417/2986/2926 3415/2779/2923
f 3417/2986/2926 3418/2978/2927 3415/2779/2923
f 3419/2979/2928 3418/2978/2927 3417/2986/2926
f 3420/2987/2929 3419/2979/2928 3417/2986/2926
f 3420/2987/2929 3421/2988/2930 3419/2979/2928
f 3421/2988/2930 3422/2980/2930 3419/2979/2928
f 3413/2757/2924 3414/2777/2924 3423/2981/2931
f 3424/2983/2931 3413/2757/2924 3423/2981/2931
f 3424/2983/2931 3423/2981/2931 3425/2984/2932
f 3423/2981/2931 3426/2982/2933 3425/2984/2932
f 3425/2984/2932 3426/2982/2933 3427/2989/2934
f 3426/2982/2933 3428/2763/2934 3427/2989/2934
f 3345/2933/2836 3429/2939/2845 3314/2934/2935
f 3432/2991/2936 3431/2992/2937 3430/2993/2938
f 3433/2994/2939 3432/2991/2936 3430/2993/2938
f 3434/2995/2940 3432/2991/2936 3433/2994/2939
f 3435/2996/2941 3434/2995/2940 3433/2994/2939
f 3436/2997/2942 3434/2995/2940 3435/2996/2941
f 3437/2998/2943 3436/2997/2942 3435/2996/2941
f 3438/2999/2944 3436/2997/2942 3437/2998/2943
f 3439/3000/263 3438/2999/2944 3437/2998/2943
f 3432/2991/2936 3440/3001/2945 3431/2992/2937
f 3438/2999/2944 3441/3002/2946 3436/2997/2942
f 3436/2997/2942 3441/3002/2946 3434/2995/2940
f 3441/3002/2946 3442/3003/2947 3434/2995/2940
f 3442/3003/2947 3440/3001/2945 3432/2991/2936
f 3434/2995/2940 3442/3003/2947 3432/2991/2936
f 3441/3002/2946 3443/3004/2948 3442/3003/2947
f 3443/3004/2948 3444/2942/2949 3442/3003/2947
f 3442/3003/2947 3444/2942/2949 3440/3001/2945
f 3444/2942/2949 3445/2941/2950 3440/3001/2945
f 3430/2993/2938 3431/2992/2937 3446/2973/2951
f 3333/2949/2854 3440/3001/2945 3445/2941/2950
f 3331/2947/2852 3333/2949/2854 3445/2941/2950
f 3333/2949/2854 3447/2972/2952 3440/3001/2945
f 3431/2992/2937 3447/2972/2952 3446/2973/2951
f 3447/2972/2952 3431/2992/2937 3440/3001/2945
f 3447/2972/2952 3333/2949/2854 3337/2953/2858
f 3447/2972/2952 3337/2953/2858 3448/2966/2953
f 3337/2953/2954 3450/2961/2869 3449/2966/2874
f 3331/2947/2852 3451/2941/2955 3319/2936/2842
f 3454/2942/2956 3453/3004/2956 3452/2792/2840
f 3318/2935/2957 3454/2942/2956 3455/2792/2840
f 3458/2754/2921 3457/2609/2897 3456/2980/2897
f 3460/2990/2922 3459/2754/2958 3456/2980/2897
f 3463/2988/2959 3462/2990/2959 3461/2980/2959
f 3466/3005/2960 3465/3006/2961 3464/3007/2962
f 3467/3008/2963 3465/3006/2961 3466/3005/2960
f 3467/3008/2963 3468/3009/2964 3465/3006/2961
f 3468/3009/2964 3467/3008/2963 3469/3010/2965
f 3468/3009/2964 3469/3010/2965 3470/3011/2966
f 3470/3011/2966 3469/3010/2965 3471/3012/2967
f 3470/3011/2966 3471/3012/2967 3472/3013/2968
f 3471/3012/2967 3473/3014/2969 3472/3013/2968
f 3473/3014/2969 3471/3012/2967 3474/3015/2970
f 3471/3012/2967 3475/3016/2971 3474/3015/2970
f 3473/3014/2969 3474/3015/2970 3476/3017/2972
f 3477/3018/2973 3473/3014/2969 3476/3017/2972
f 3472/3013/2968 3473/3014/2969 3477/3018/2973
f 3476/3017/2972 3478/3019/2974 3477/3018/2973
f 3478/3019/2974 3479/3020/1822 3477/3018/2973
f 3477/3018/2973 3479/3020/1822 3480/3021/2975
f 3481/3022/1906 3477/3018/2973 3480/3021/2975
f 3481/3022/1906 3472/3013/2968 3477/3018/2973
f 3479/3020/1822 3478/3019/2974 3482/3023/2976
f 3483/3024/2977 3479/3020/1822 3482/3023/2976
f 3480/3021/2975 3479/3020/1822 3483/3024/2977
f 3483/3024/2977 3482/3023/2976 3484/3025/2978
f 3485/3026/2979 3483/3024/2977 3484/3025/2978
f 3486/3027/1914 3483/3024/2977 3485/3026/2979
f 3486/3027/1914 3480/3021/2975 3483/3024/2977
f 3487/3028/2980 3486/3027/1914 3485/3026/2979
f 3481/3022/1906 3480/3021/2975 3488/3029/2981
f 3488/3029/2981 3480/3021/2975 3486/3027/1914
f 3489/3030/845 3481/3022/1906 3488/3029/2981
f 3490/3031/2982 3486/3027/1914 3487/3028/2980
f 3490/3031/2982 3488/3029/2981 3486/3027/1914
f 3491/3032/2983 3490/3031/2982 3487/3028/2980
f 3490/3031/2982 3491/3032/2983 3492/3033/2984
f 3491/3032/2983 3493/3034/2985 3492/3033/2984
f 3492/3033/2984 3493/3034/2985 3494/3007/2962
f 3490/3031/2982 3492/3033/2984 3495/3035/2986
f 3488/3029/2981 3490/3031/2982 3495/3035/2986
f 3495/3035/2986 3492/3033/2984 3496/3007/2987
f 3497/3036/2988 3495/3035/2986 3496/3007/2987
f 3488/3029/2981 3495/3035/2986 3497/3036/2988
f 3489/3030/845 3488/3029/2981 3497/3036/2988
f 3498/3037/2989 3497/3036/2988 3496/3007/2987
f 3489/3030/845 3497/3036/2988 3498/3037/2989
f 3499/3038/2990 3489/3030/845 3498/3037/2989
f 3489/3030/845 3499/3038/2990 3481/3022/1906
f 3499/3038/2990 3472/3013/2968 3481/3022/1906
f 3470/3011/2966 3472/3013/2968 3499/3038/2990
f 3500/3039/2991 3470/3011/2966 3499/3038/2990
f 3499/3038/2990 3498/3037/2989 3501/3040/2992
f 3500/3039/2991 3499/3038/2990 3501/3040/2992
f 3501/3040/2992 3498/3037/2989 3502/3007/2993
f 3500/3039/2991 3468/3009/2964 3470/3011/2966
f 3500/3039/2991 3501/3040/2992 3503/3041/2994
f 3468/3009/2964 3500/3039/2991 3503/3041/2994
f 3503/3041/2994 3501/3040/2992 3504/3007/2962
f 3465/3006/2961 3503/3041/2994 3504/3007/2962
f 3468/3009/2964 3503/3041/2994 3465/3006/2961
f 3507/3042/2995 3506/3043/2996 3505/3044/2997
f 3508/3045/2998 3507/3042/2995 3505/3044/2997
f 3507/3042/2995 3509/3046/2999 3506/3043/2996
f 3509/3046/2999 3510/3047/3000 3506/3043/2996
f 3506/3043/2996 3510/3047/3000 3511/3048/3001
f 3512/3049/3002 3506/3043/2996 3511/3048/3001
f 3506/3043/2996 3512/3049/3002 3513/3050/3003
f 3505/3044/2997 3506/3043/2996 3513/3050/3003
f 3508/3045/2998 3505/3044/2997 3514/3051/3004
f 3515/3052/3005 3508/3045/2998 3514/3051/3004
f 3505/3044/2997 3513/3050/3003 3516/3053/3006
f 3514/3051/3004 3505/3044/2997 3516/3053/3006
f 3517/3054/3007 3514/3051/3004 3516/3053/3006
f 3466/3005/2960 3517/3054/3007 3516/3053/3006
f 3518/3007/2962 3517/3054/3007 3466/3005/2960
f 3514/3051/3004 3517/3054/3007 3519/3055/3008
f 3515/3052/3005 3514/3051/3004 3519/3055/3008
f 3519/3055/3008 3517/3054/3007 3520/3007/2962
f 3513/3050/3003 3512/3049/3002 3521/3056/3009
f 3512/3049/3002 3522/3057/3010 3521/3056/3009
f 3523/3058/3011 3522/3057/3010 3512/3049/3002
f 3511/3048/3001 3523/3058/3011 3512/3049/3002
f 3522/3057/3010 3523/3058/3011 3524/3059/3012
f 3525/3060/3013 3522/3057/3010 3524/3059/3012
f 3521/3056/3009 3522/3057/3010 3525/3060/3013
f 3525/3060/3013 3524/3059/3012 3475/3016/2971
f 3471/3012/2967 3525/3060/3013 3475/3016/2971
f 3469/3010/2965 3525/3060/3013 3471/3012/2967
f 3469/3010/2965 3521/3056/3009 3525/3060/3013
f 3467/3008/2963 3521/3056/3009 3469/3010/2965
f 3516/3053/3006 3467/3008/2963 3466/3005/2960
f 3513/3050/3003 3521/3056/3009 3467/3008/2963
f 3516/3053/3006 3513/3050/3003 3467/3008/2963
f 3528/3061/314 3527/3062/3014 3526/3063/3015
f 3529/3064/2518 3528/3061/314 3526/3063/3015
f 3530/3065/3016 3527/3062/3014 3528/3061/314
f 3526/3063/3015 3527/3062/3014 3531/3066/263
f 3526/3063/3015 3531/3066/263 3532/3067/263
f 3533/3068/3017 3526/3063/3015 3532/3067/263
f 3529/3064/2518 3526/3063/3015 3533/3068/3017
f 3534/3069/314 3529/3064/2518 3533/3068/3017
f 3534/3069/314 3533/3068/3017 3535/3070/314
f 3533/3068/3017 3536/3071/3015 3535/3070/314
f 3533/3068/3017 3532/3067/263 3536/3071/3015
f 3535/3070/314 3536/3071/3015 3537/3072/3017
f 3537/3072/3017 3536/3071/3015 3538/3073/263
f 3537/3072/3017 3538/3073/263 3539/3074/3017
f 3538/3073/263 3540/3075/263 3539/3074/3017
f 3539/3074/3017 3540/3075/263 3541/3076/3018
f 3540/3075/263 3542/3077/263 3541/3076/3018
f 3541/3076/3018 3542/3077/263 3543/3078/1637
f 3542/3077/263 3544/3079/263 3543/3078/1637
f 3541/3076/3018 3543/3078/1637 3545/3080/2518
f 3546/3081/314 3541/3076/3018 3545/3080/2518
f 3539/3074/3017 3541/3076/3018 3546/3081/314
f 3546/3081/314 3545/3080/2518 3547/3082/3019
f 3545/3080/2518 3548/3083/3019 3547/3082/3019
f 3548/3083/3019 3549/3084/3020 3547/3082/3019
f 3549/3084/3020 3550/3085/3020 3547/3082/3019
f 3550/3085/3020 3551/3086/3020 3547/3082/3019
f 3551/3086/3020 3552/3087/3021 3547/3082/3019
f 3553/3088/2518 3539/3074/3017 3546/3081/314
f 3547/3082/3019 3552/3087/3021 3553/3088/2518
f 3546/3081/314 3547/3082/3019 3553/3088/2518
f 3551/3086/3020 3554/3089/3020 3552/3087/3021
f 3554/3089/3020 3555/3090/3021 3552/3087/3021
f 3552/3087/3021 3555/3090/3021 3556/3091/314
f 3553/3088/2518 3552/3087/3021 3556/3091/314
f 3556/3091/314 3537/3072/3017 3553/3088/2518
f 3537/3072/3017 3539/3074/3017 3553/3088/2518
f 3556/3091/314 3535/3070/314 3537/3072/3017
f 3557/3092/3021 3548/3083/3019 3545/3080/2518
f 3548/3083/3019 3557/3092/3021 3549/3084/3020
f 3558/3093/2518 3557/3092/3021 3545/3080/2518
f 3558/3093/2518 3559/3094/314 3557/3092/3021
f 3559/3094/314 3558/3093/2518 3560/3095/3015
f 3559/3094/314 3560/3095/3015 3561/3096/3017
f 3561/3096/3017 3560/3095/3015 3562/3097/263
f 3561/3096/3017 3562/3097/263 3563/3098/263
f 3564/3099/3017 3561/3096/3017 3563/3098/263
f 3565/3100/314 3561/3096/3017 3564/3099/3017
f 3565/3100/314 3559/3094/314 3561/3096/3017
f 3566/3101/314 3565/3100/314 3564/3099/3017
f 3564/3099/3017 3563/3098/263 3567/3102/263
f 3568/3103/3015 3564/3099/3017 3567/3102/263
f 3566/3101/314 3564/3099/3017 3568/3103/3015
f 3568/3103/3015 3567/3102/263 3569/3104/263
f 3570/3105/3018 3568/3103/3015 3569/3104/263
f 3571/3106/314 3568/3103/3015 3570/3105/3018
f 3571/3106/314 3566/3101/314 3568/3103/3015
f 3572/3107/314 3571/3106/314 3570/3105/3018
f 3570/3105/3018 3569/3104/263 3573/3108/263
f 3574/3109/3018 3570/3105/3018 3573/3108/263
f 3572/3107/314 3570/3105/3018 3574/3109/3018
f 3575/3110/314 3572/3107/314 3574/3109/3018
f 3572/3107/314 3575/3110/314 3576/3111/3019
f 3572/3107/314 3576/3111/3019 3571/3106/314
f 3575/3110/314 3577/3112/3019 3576/3111/3019
f 3578/3113/263 3576/3111/3019 3577/3112/3019
f 3578/3113/263 3579/3114/3020 3576/3111/3019
f 3579/3114/3020 3580/3115/3021 3576/3111/3019
f 3576/3111/3019 3580/3115/3021 3571/3106/314
f 3571/3106/314 3580/3115/3021 3566/3101/314
f 3581/3116/3021 3580/3115/3021 3579/3114/3020
f 3580/3115/3021 3581/3116/3021 3566/3101/314
f 3582/3117/3020 3581/3116/3021 3579/3114/3020
f 3583/3118/3020 3578/3113/263 3577/3112/3019
f 3575/3110/314 3574/3109/3018 3584/3119/3015
f 3585/3120/2518 3575/3110/314 3584/3119/3015
f 3585/3120/2518 3584/3119/3015 3586/3121/1637
f 3587/3122/3022 3585/3120/2518 3586/3121/1637
f 3587/3122/3022 3586/3121/1637 3588/3123/3015
f 3588/3123/3015 3586/3121/1637 3589/3124/3023
f 3586/3121/1637 3590/3125/3023 3589/3124/3023
f 3586/3121/1637 3584/3119/3015 3590/3125/3023
f 3591/3126/314 3587/3122/3022 3588/3123/3015
f 3588/3123/3015 3589/3124/3023 3592/3127/3023
f 3593/3128/3018 3588/3123/3015 3592/3127/3023
f 3588/3123/3015 3593/3128/3018 3594/3129/314
f 3591/3126/314 3588/3123/3015 3594/3129/314
f 3587/3122/3022 3591/3126/314 3595/3130/3019
f 3587/3122/3022 3595/3130/3019 3585/3120/2518
f 3591/3126/314 3596/3131/3021 3595/3130/3019
f 3595/3130/3019 3596/3131/3021 3597/3132/264
f 3596/3131/3021 3598/3133/264 3597/3132/264
f 3598/3133/264 3596/3131/3021 3599/3134/264
f 3596/3131/3021 3600/3135/3019 3599/3134/264
f 3591/3126/314 3594/3129/314 3600/3135/3019
f 3596/3131/3021 3591/3126/314 3600/3135/3019
f 3597/3132/264 3601/3136/3020 3595/3130/3019
f 3601/3136/3020 3602/3137/3021 3595/3130/3019
f 3595/3130/3019 3602/3137/3021 3585/3120/2518
f 3601/3136/3020 3583/3118/3020 3602/3137/3021
f 3583/3118/3020 3577/3112/3019 3602/3137/3021
f 3602/3137/3021 3577/3112/3019 3575/3110/314
f 3585/3120/2518 3602/3137/3021 3575/3110/314
f 3594/3129/314 3593/3128/3018 3603/3138/314
f 3593/3128/3018 3604/3139/1637 3603/3138/314
f 3594/3129/314 3603/3138/314 3605/3140/3019
f 3600/3135/3019 3594/3129/314 3605/3140/3019
f 3600/3135/3019 3605/3140/3019 3606/3141/264
f 3599/3134/264 3600/3135/3019 3606/3141/264
f 3604/3139/1637 3593/3128/3018 3607/3142/3023
f 3593/3128/3018 3592/3127/3023 3607/3142/3023
f 3610/3062/3015 3609/3143/263 3608/3066/2701
f 3609/3143/3020 3612/3065/3021 3611/3144/3020
f 3530/3065/3016 3614/3143/263 3613/3062/3017
f 3530/3065/3016 3615/3065/3024 3614/3143/263
f 3528/3061/314 3616/3065/3025 3530/3065/3016
f 3616/3065/3025 3528/3061/314 3617/3145/3021
f 3616/3065/3025 3617/3145/3021 3618/3144/3020
f 3528/3061/314 3529/3064/2518 3617/3145/3021
f 3529/3064/2518 3534/3069/314 3617/3145/3021
f 3534/3069/314 3619/3146/3021 3617/3145/3021
f 3618/3144/3020 3617/3145/3021 3619/3146/3021
f 3619/3146/3021 3534/3069/314 3535/3070/314
f 3620/3147/3021 3619/3146/3021 3535/3070/314
f 3620/3147/3021 3621/3148/3020 3619/3146/3021
f 3620/3147/3021 3555/3090/3021 3621/3148/3020
f 3555/3090/3021 3554/3089/3020 3621/3148/3020
f 3621/3148/3020 3622/3149/3020 3619/3146/3021
f 3622/3149/3020 3618/3144/3020 3619/3146/3021
f 3620/3147/3021 3535/3070/314 3556/3091/314
f 3555/3090/3021 3620/3147/3021 3556/3091/314
f 3584/3119/3015 3623/3150/263 3590/3125/3023
f 3584/3119/3015 3574/3109/3018 3623/3150/263
f 3574/3109/3018 3573/3108/263 3623/3150/263
f 3626/3151/3020 3625/3152/3021 3624/3153/3021
f 3627/3154/3020 3626/3151/3020 3624/3153/3021
f 3557/3092/3021 3625/3152/3021 3626/3151/3020
f 3628/3155/3020 3557/3092/3021 3626/3151/3020
f 3559/3094/314 3625/3152/3021 3557/3092/3021
f 3624/3153/3021 3625/3152/3021 3559/3094/314
f 3627/3154/3020 3624/3153/3021 3582/3117/3020
f 3624/3153/3021 3581/3116/3021 3582/3117/3020
f 3581/3116/3021 3624/3153/3021 3565/3100/314
f 3565/3100/314 3624/3153/3021 3559/3094/314
f 3566/3101/314 3581/3116/3021 3565/3100/314
f 3557/3092/3021 3628/3155/3020 3549/3084/3020
f 3560/3095/3015 3629/3156/263 3562/3097/263
f 3560/3095/3015 3630/3157/3017 3629/3156/263
f 3630/3157/3017 3631/3158/263 3629/3156/263
f 3558/3093/2518 3630/3157/3017 3560/3095/3015
f 3558/3093/2518 3545/3080/2518 3630/3157/3017
f 3545/3080/2518 3543/3078/1637 3630/3157/3017
f 3630/3157/3017 3543/3078/1637 3631/3158/263
f 3543/3078/1637 3544/3079/263 3631/3158/263
f 3536/3071/3015 3632/3159/263 3538/3073/263
f 3532/3067/263 3632/3159/263 3536/3071/3015
f 3635/3160/3026 3634/3161/3027 3633/3162/3028
f 3636/3163/3029 3635/3160/3026 3633/3162/3028
f 3635/3160/3026 3637/3164/3030 3634/3161/3027
f 3637/3164/3030 3638/3165/3031 3634/3161/3027
f 3637/3164/3030 3639/3166/3032 3638/3165/3031
f 3636/3163/3029 3633/3162/3028 3640/3167/3033
f 3641/3168/3034 3636/3163/3029 3640/3167/3033
f 3641/3168/3034 3640/3167/3033 3642/3169/3035
f 3639/3166/3032 3644/3170/3036 3643/3171/3037
f 3644/3170/3036 3645/3172/3038 3643/3171/3037
f 3639/3166/3032 3643/3171/3037 3646/3165/3031
f 3647/3173/3039 3646/3165/3031 3643/3171/3037
f 3648/3174/3040 3647/3173/3039 3643/3171/3037
f 3649/3175/3041 3648/3174/3040 3643/3171/3037
f 3645/3172/3038 3649/3175/3041 3643/3171/3037
f 3649/3175/3041 3650/3176/3042 3648/3174/3040
f 3650/3176/3042 3649/3175/3041 3645/3172/3038
f 3650/3176/3042 3651/3177/3043 3648/3174/3040
f 3647/3173/3039 3648/3174/3040 3651/3177/3043
f 3652/3178/3044 3647/3173/3039 3651/3177/3043
f 3652/3178/3044 3651/3177/3043 3653/3179/3045
f 3654/3180/3046 3652/3178/3044 3653/3179/3045
f 3652/3178/3044 3654/3180/3046 3655/3161/3027
f 3655/3161/3027 3646/3165/3031 3647/3173/3039
f 3652/3178/3044 3655/3161/3027 3647/3173/3039
f 3654/3180/3046 3633/3162/3047 3655/3161/3027
f 3656/3181/3048 3653/3179/3045 3651/3177/3043
f 3657/3182/3049 3656/3181/3048 3651/3177/3043
f 3656/3181/3048 3657/3182/3049 3658/3183/3050
f 3659/3184/3051 3656/3181/3048 3658/3183/3050
f 3653/3179/3045 3656/3181/3048 3659/3184/3051
f 3659/3184/3051 3658/3183/3050 3660/3185/3052
f 3642/3169/3053 3659/3184/3051 3660/3185/3052
f 3657/3182/3049 3651/3177/3043 3661/3186/3054
f 3662/3187/3055 3657/3182/3049 3661/3186/3054
f 3662/3187/3055 3661/3186/3054 3663/3188/3056
f 3664/3189/3057 3662/3187/3055 3663/3188/3056
f 3657/3182/3049 3662/3187/3055 3664/3189/3057
f 3658/3183/3050 3657/3182/3049 3664/3189/3057
f 3664/3189/3057 3663/3188/3056 3665/3190/3058
f 3666/3191/3059 3664/3189/3057 3665/3190/3058
f 3658/3183/3050 3664/3189/3057 3666/3191/3059
f 3660/3185/3052 3658/3183/3050 3666/3191/3059
f 3667/3167/3033 3633/3162/3047 3654/3180/3046
f 3653/3179/3045 3667/3167/3033 3654/3180/3046
f 3667/3167/3033 3653/3179/3045 3659/3184/3051
f 3668/3167/3033 3659/3184/3051 3642/3169/3053
f 3661/3186/3054 3669/3192/3060 3663/3188/3056
f 3669/3192/3060 3661/3186/3054 3651/3177/3043
f 3670/3193/3061 3669/3192/3060 3651/3177/3043
f 3669/3192/3060 3670/3193/3061 3671/3194/3062
f 3669/3192/3060 3671/3194/3062 3663/3188/3056
f 3670/3193/3061 3672/3195/3063 3671/3194/3062
f 3671/3194/3062 3672/3195/3063 3673/3196/3064
f 3674/3197/3065 3671/3194/3062 3673/3196/3064
f 3663/3188/3056 3671/3194/3062 3674/3197/3065
f 3665/3190/3058 3663/3188/3056 3674/3197/3065
f 3670/3193/3061 3651/3177/3043 3675/3198/3066
f 3676/3199/3067 3670/3193/3061 3675/3198/3066
f 3670/3193/3061 3676/3199/3067 3672/3195/3063
f 3676/3199/3067 3675/3198/3066 3677/3200/3068
f 3676/3199/3067 3677/3200/3068 3672/3195/3063
f 3675/3198/3066 3678/3201/3069 3677/3200/3068
f 3679/3202/3070 3675/3198/3066 3651/3177/3043
f 3675/3198/3066 3679/3202/3070 3678/3201/3069
f 3680/3203/3071 3679/3202/3070 3651/3177/3043
f 3679/3202/3070 3680/3203/3071 3681/3204/3072
f 3679/3202/3070 3681/3204/3072 3678/3201/3069
f 3680/3203/3071 3682/3205/3073 3681/3204/3072
f 3680/3203/3071 3651/3177/3043 3683/3206/3074
f 3684/3207/3075 3680/3203/3071 3683/3206/3074
f 3680/3203/3071 3684/3207/3075 3682/3205/3073
f 3684/3207/3075 3683/3206/3074 3685/3208/3076
f 3684/3207/3075 3685/3208/3076 3682/3205/3073
f 3683/3206/3074 3686/3209/3077 3685/3208/3076
f 3672/3195/3063 3677/3200/3068 3687/3210/3078
f 3673/3196/3064 3672/3195/3063 3687/3210/3078
f 3687/3210/3078 3677/3200/3068 3688/3211/3079
f 3677/3200/3068 3689/3201/3069 3688/3211/3079
f 3683/3206/3074 3690/3212/3080 3686/3209/3077
f 3690/3212/3080 3683/3206/3074 3651/3177/3043
f 3691/3213/3081 3690/3212/3080 3651/3177/3043
f 3690/3212/3080 3691/3213/3081 3692/3214/3082
f 3690/3212/3080 3692/3214/3082 3686/3209/3077
f 3691/3213/3081 3693/3215/3083 3692/3214/3082
f 3692/3214/3082 3693/3215/3083 3694/3216/3084
f 3693/3215/3083 3695/3217/3085 3694/3216/3084
f 3691/3213/3081 3651/3177/3043 3696/3218/3086
f 3697/3219/3087 3691/3213/3081 3696/3218/3086
f 3697/3219/3087 3696/3218/3086 3698/3220/3088
f 3699/3221/3089 3697/3219/3087 3698/3220/3088
f 3691/3213/3081 3697/3219/3087 3699/3221/3089
f 3693/3215/3083 3691/3213/3081 3699/3221/3089
f 3700/3222/3090 3699/3221/3089 3698/3220/3088
f 3693/3215/3083 3699/3221/3089 3700/3222/3090
f 3695/3217/3085 3693/3215/3083 3700/3222/3090
f 3701/3223/3091 3700/3222/3090 3698/3220/3088
f 3702/3224/3092 3696/3218/3086 3651/3177/3043
f 3650/3176/3042 3702/3224/3092 3651/3177/3043
f 3702/3224/3092 3650/3176/3042 3703/3225/3093
f 3704/3226/3094 3702/3224/3092 3703/3225/3093
f 3696/3218/3086 3702/3224/3092 3704/3226/3094
f 3698/3220/3088 3696/3218/3086 3704/3226/3094
f 3705/3227/3095 3704/3226/3094 3703/3225/3093
f 3698/3220/3088 3704/3226/3094 3705/3227/3095
f 3701/3223/3091 3698/3220/3088 3705/3227/3095
f 3706/3228/3096 3705/3227/3095 3703/3225/3093
f 3703/3225/3093 3650/3176/3042 3645/3172/3038
f 3703/3225/3093 3645/3172/3038 3644/3170/3036
f 3706/3228/3096 3703/3225/3093 3644/3170/3036
f 3708/3214/3082 3694/3216/3084 3707/3229/3097
f 3709/3209/3098 3708/3214/3082 3707/3229/3097
f 3710/3208/3099 3709/3209/3098 3707/3229/3097
f 3711/3230/3100 3710/3208/3099 3707/3229/3097
f 3712/3205/3101 3710/3208/3099 3711/3230/3100
f 3713/3231/3102 3712/3205/3101 3711/3230/3100
f 3714/3204/3072 3712/3205/3101 3713/3231/3102
f 3715/3232/3103 3714/3204/3072 3713/3231/3102
f 3716/3201/3104 3714/3204/3072 3715/3232/3103
f 3688/3211/3105 3716/3201/3104 3715/3232/3103
f 3719/3233/3084 3718/3234/3085 3717/3235/3106
f 3720/3236/3107 3719/3233/3084 3717/3235/3106
f 3721/3237/3097 3719/3233/3084 3720/3236/3107
f 3722/3238/3108 3721/3237/3097 3720/3236/3107
f 3723/3239/3100 3721/3237/3097 3722/3238/3108
f 3724/3240/3109 3723/3239/3100 3722/3238/3108
f 3724/3240/3109 3722/3238/3108 3725/3241/3110
f 3720/3236/3107 3717/3235/3106 3725/3241/3110
f 3722/3238/3108 3720/3236/3107 3725/3241/3110
f 3726/3242/3111 3724/3240/3109 3725/3241/3110
f 3727/3243/3112 3723/3239/3100 3724/3240/3109
f 3728/3244/3113 3727/3243/3112 3724/3240/3109
f 3728/3244/3113 3724/3240/3109 3726/3242/3111
f 3729/3245/3103 3727/3243/3112 3728/3244/3113
f 3730/3246/3114 3729/3245/3103 3728/3244/3113
f 3730/3246/3114 3728/3244/3113 3726/3242/3111
f 3731/3247/3115 3729/3245/3103 3730/3246/3114
f 3732/3248/3116 3731/3247/3115 3730/3246/3114
f 3732/3248/3116 3730/3246/3114 3726/3242/3111
f 3733/3249/3117 3731/3247/3115 3732/3248/3116
f 3734/3250/3118 3733/3249/3117 3732/3248/3116
f 3734/3250/3118 3732/3248/3116 3735/3251/3119
f 3735/3251/3119 3732/3248/3116 3726/3242/3111
f 3736/3252/3120 3734/3250/3118 3735/3251/3119
f 3737/3253/3121 3736/3252/3120 3735/3251/3119
f 3737/3253/3121 3738/3254/3122 3736/3252/3120
f 3738/3254/3122 3739/3255/3123 3736/3252/3120
f 3739/3255/3123 3733/3249/3117 3734/3250/3118
f 3736/3252/3120 3739/3255/3123 3734/3250/3118
f 3740/3256/3124 3737/3253/3121 3735/3251/3119
f 3741/3257/3058 3738/3254/3122 3737/3253/3121
f 3742/3258/3125 3741/3257/3058 3737/3253/3121
f 3742/3258/3125 3737/3253/3121 3740/3256/3124
f 3742/3258/3125 3743/3259/3126 3741/3257/3058
f 3743/3259/3126 3742/3258/3125 3740/3256/3124
f 3743/3259/3126 3744/3260/3059 3741/3257/3058
f 3745/3261/3052 3744/3260/3059 3743/3259/3126
f 3746/3262/3127 3745/3261/3052 3743/3259/3126
f 3746/3262/3127 3743/3259/3126 3740/3256/3124
f 3746/3262/3127 3747/3263/3128 3745/3261/3052
f 3747/3263/3128 3748/3264/3035 3745/3261/3052
f 3747/3263/3128 3746/3262/3127 3749/3265/3129
f 3749/3265/3129 3746/3262/3127 3740/3256/3124
f 3750/3266/3130 3747/3263/3128 3749/3265/3129
f 3751/3267/3131 3750/3266/3130 3749/3265/3129
f 3752/3268/3132 3751/3267/3131 3749/3265/3129
f 3753/3269/3133 3751/3267/3131 3752/3268/3132
f 3751/3267/3131 3753/3269/3133 3754/3270/3029
f 3753/3269/3133 3755/3271/3134 3754/3270/3029
f 3756/3272/3135 3753/3269/3133 3752/3268/3132
f 3757/3273/3030 3755/3271/3134 3753/3269/3133
f 3756/3272/3135 3757/3273/3030 3753/3269/3133
f 3758/3274/3136 3757/3273/3030 3756/3272/3135
f 3759/3275/3137 3758/3274/3136 3756/3272/3135
f 3759/3275/3137 3756/3272/3135 3752/3268/3132
f 3759/3275/3137 3760/3276/3138 3758/3274/3136
f 3760/3276/3138 3761/3277/3139 3758/3274/3136
f 3751/3267/3131 3754/3270/3029 3762/3278/3034
f 3750/3266/3130 3751/3267/3131 3762/3278/3034
f 3762/3278/3034 3748/3264/3035 3747/3263/3128
f 3750/3266/3130 3762/3278/3034 3747/3263/3128
f 3760/3276/3138 3759/3275/3137 3763/3279/3140
f 3763/3279/3140 3759/3275/3137 3752/3268/3132
f 3764/3280/3141 3760/3276/3138 3763/3279/3140
f 3761/3277/3139 3760/3276/3138 3764/3280/3141
f 3763/3279/3140 3765/3281/3142 3764/3280/3141
f 3765/3281/3142 3766/3282/3143 3764/3280/3141
f 3764/3280/3141 3766/3282/3143 3767/3283/3144
f 3767/3283/3144 3761/3277/3139 3764/3280/3141
f 3766/3282/3143 3768/3284/3095 3767/3283/3144
f 3763/3279/3140 3769/3285/3145 3765/3281/3142
f 3752/3268/3132 3769/3285/3145 3763/3279/3140
f 3752/3268/3132 3749/3265/3129 3769/3285/3145
f 3749/3265/3129 3740/3256/3124 3769/3285/3145
f 3735/3251/3119 3769/3285/3145 3740/3256/3124
f 3769/3285/3145 3735/3251/3119 3726/3242/3111
f 3726/3242/3111 3725/3241/3110 3769/3285/3145
f 3725/3241/3110 3765/3281/3142 3769/3285/3145
f 3770/3286/3146 3768/3284/3095 3766/3282/3143
f 3771/3287/3147 3770/3286/3146 3766/3282/3143
f 3771/3287/3147 3766/3282/3143 3765/3281/3142
f 3771/3287/3147 3772/3288/3148 3770/3286/3146
f 3772/3288/3148 3771/3287/3147 3765/3281/3142
f 3772/3288/3148 3773/3289/3090 3770/3286/3146
f 3718/3234/3085 3773/3289/3090 3772/3288/3148
f 3717/3235/3106 3718/3234/3085 3772/3288/3148
f 3717/3235/3106 3772/3288/3148 3765/3281/3142
f 3725/3241/3110 3717/3235/3106 3765/3281/3142
